tau,EcN,residents,support,relative_Elafin,control_EcN,control_residents,control_support,control_Elafin
0.0,0.08,0.8,0.0,0.0,0.08,0.8,0.0,0.0
0.02,0.07973692526238797,0.800700242330846,0.015872679936,0.00047681262649592536,0.07972823117995602,0.800700251651302,0.0,0.0004767951535521371
0.04,0.0794907064365837,0.8013929828560535,0.031493417903649304,0.0009473614255637224,0.07945693159848023,0.8013930556253848,0.0,0.0009472250270264001
0.06,0.07925997867934219,0.8020782453288147,0.046866212897173985,0.001411805193394809,0.07918611139220288,0.802078485121459,0.0,0.0014113557878474043
0.08,0.07904352714691176,0.8027560576661424,0.06199500043604471,0.001870293457762833,0.07891578045867506,0.8027566128935791,0.0,0.001869253004863073
0.1,0.07884026613150893,0.8034264514637924,0.07688365357249119,0.002322967401447426,0.07864594845969282,0.8034275112455052,0.0,0.002320981652883196
0.12,0.07864922167802069,0.804089461575307,0.09153598388302474,0.002769960662695888,0.07837662482460526,0.8040912520258335,0.0,0.0027666061171926263
0.14,0.078469517009701,0.8047451257448335,0.10595574244422264,0.0032114000326333293,0.07810781875360565,0.8047479066233931,0.0,0.003206190198039268
0.16,0.07830036023753867,0.8053934842853139,0.12014662079302424,0.0036474060657829405,0.07783953922100453,0.8053975459628986,0.0,0.003639797115097005
0.18,0.07814103393879882,0.8060345797951822,0.1341122518717846,0.004078093616907292,0.07757179497848439,0.8060402405008564,0.0,0.004067489511903707
0.2,0.07799088627518204,0.8066684569079173,0.14785621095832754,0.00450357231504056,0.07730459455833454,0.8066760602217177,0.0,0.004489329460274447
0.22,0.07784932338669895,0.8072951620697758,0.16138201658123633,0.004923946983710515,0.07703794627666585,0.8073050746342708,0.0,0.004905378464690069
0.24,0.07771580284850937,0.8079147433418098,0.17469313142061613,0.005339318014843261,0.07677185823660454,0.80792735276827,0.0,0.0053156974666612004
0.26,0.07758982801812506,0.8085272502229085,0.1877929631945591,0.005749781702623801,0.07650633833146407,0.8085429631712926,0.0,0.005720346849067863
0.28,0.07747094313211063,0.8091327334911202,0.20068486553153883,0.006155430542591218,0.0762413942478949,0.8091519739058206,0.0,0.0061193864404747635
0.3,0.07735872903667035,0.8097312450609333,0.2133721388289575,0.006556353500432082,0.07597703346901113,0.8097544525465403,0.0,0.006512875519422383
0.32,0.07725279945672738,0.8103228378545446,0.2258580310980657,0.006952636254263711,0.07571326327749367,0.8103504661778547,0.0,0.006900872818693972
0.34,0.07715279772438774,0.8109075656854334,0.238145738795471,0.007344361413642128,0.07545009075866928,0.8109400813916033,0.0,0.0072834365295585315
0.36,0.0770583939008725,0.811485483152798,0.2502384076414482,0.007731608718065877,0.07518752280356501,0.8115233642849854,0.0,0.007660624305989899
0.38,0.07696928223674243,0.8120566455456152,0.26213913342526124,0.008114455217358955,0.07492556611193756,0.8121003804586779,0.0,0.008032493268861999
0.4,0.0768851789240311,0.8126211087552514,0.27385096279770166,0.008492975435990181,0.07466422719527695,0.8126711950151477,0.0,0.00839910001012037
0.42,0.07680582010113166,0.8131789291956967,0.28537689405104827,0.008867241523111193,0.07440351237978443,0.813235872557149,0.0,0.008760500596930038
0.44,0.0767309600772556,0.8137301637306145,0.2967198778866462,0.009237323389862254,0.07414342780932386,0.8137944771864033,0.0,0.00911675057579981
0.46,0.07666036974823809,0.8142748696065021,0.3078828181703025,0.009603288835296766,0.07388397944834633,0.8143470725024556,0.0,0.009467904976683084
0.48,0.07659383517959414,0.814813104391345,0.3188685726756916,0.009965203662106169,0.07362517308478782,0.8148937216017037,0.0,0.009814018317055216
0.5,0.0765311563361856,0.815344925918224,0.32967995381596116,0.010323131783181949,0.07336701433293932,0.8154344870765935,0.0,0.010155144605967554
0.52,0.0764721459407597,0.815870392233397,0.3403197293637251,0.01067713531992682,0.07310950863628941,0.8159694310149779,0.0,0.010491337348078169
0.54,0.07641662844606659,0.816389561548435,0.35079062315962856,0.011027274693119737,0.07285266127033871,0.8164986149996327,0.0,0.01082264954765938
0.56,0.07636443910733139,0.8169024921960399,0.3610953158096658,0.011373608707046394,0.0725964773453863,0.8170221001079271,0.0,0.011149133712582113
0.58,0.07631542314361253,0.8174092425892105,0.37123644537143013,0.011716194627526273,0.07234096180928765,0.8175399469116417,0.0,0.011470841858277169
0.6,0.076269434978073,0.8179098711834644,0.3812166080294711,0.012055088254397108,0.07208611945018395,0.8180522154769323,0.0,0.011787825511673452
0.62,0.07622633754846792,0.8184044364418506,0.39103835875993176,0.012390343988956453,0.07183195489920269,0.8185589653644332,0.0,0.01210013571511323
0.64,0.07618600168024613,0.8188929968025196,0.4007042119846366,0.01272201489680649,0.07157847263312928,0.8190602556294967,0.0,0.012407823030244463
0.66,0.07614830551560295,0.8193756106486376,0.4102166422147974,0.013050152766501273,0.07132567697704963,0.8195561448225644,0.0,0.01271093754189027
0.68,0.0761131339926312,0.8198523362804565,0.4195780846845013,0.013374808164354338,0.07107357210696355,0.8200466909896665,0.0,0.013009528861895586
0.7000000000000001,0.0760803783694169,0.8203232318893692,0.4287909359741443,0.013696030485728232,0.07082216205236892,0.8205319516730442,0.0,0.013303646132951048
0.72,0.07604993578853199,0.8207883555337953,0.43785755462396886,0.014013868003095432,0.07057145069881646,0.8210119839118922,0.0,0.013593338032394191
0.74,0.07602170887790213,0.8212477651167582,0.44678026173786295,0.014328367911131663,0.07032144179043506,0.821486844243218,0.0,0.01387865277598797
0.76,0.07599560538448578,0.8217015183650278,0.45556134157757555,0.014639576369077444,0.07007213893242786,0.8219565887028116,0.0,0.014159638121676678
0.78,0.07597153783759968,0.8221496728097127,0.4642030421474999,0.014947538540581297,0.06982354559353865,0.8224212728263252,0.0,0.01443634137331931
0.8,0.07594942323907516,0.8225922857682003,0.47270757577017514,0.015252298631218065,0.0695756651084889,0.8228809516504565,0.0,0.014708809384400409
0.8200000000000001,0.0759291827777359,0.8230294143273468,0.48107711965265265,0.01555389992385802,0.06932850068038528,0.8233356797142344,0.0,0.014977088561718456
0.84,0.07591074156595566,0.8234611153278324,0.48931381644387334,0.015852384812046528,0.06908205538309778,0.8237855110604012,0.0,0.015241224869051844
0.86,0.07589402839629177,0.8238874453496025,0.4974197747831971,0.016147794831539757,0.06883633216360838,0.8242304992368903,0.0,0.015501263830802477
0.88,0.07587897551639766,0.8243084606983202,0.5053970698402263,0.016440170690129204,0.06859133384433032,0.8246706972983935,0.0,0.015757250535617058
0.9,0.07586551842060243,0.8247242173927662,0.5132477438460601,0.016729552295876235,0.0683470631253981,0.8251061578080173,0.0,0.016009229639986102
0.92,0.07585359565670782,0.8251347711531234,0.5209738066161175,0.0170159787838676,0.06810352258692821,0.8255369328390229,0.0,0.016257245371820713
0.9400000000000001,0.07584314864669764,0.8255401773900888,0.5285772360646603,0.017299488541593494,0.06786071469125075,0.8259630739766471,0.0,0.0165013415340072
0.96,0.07583412152018285,0.8259404911947639,0.5360599787111505,0.017580119233041352,0.06761864178511191,0.8263846323200031,0.0,0.016741561507939526
0.98,0.07582646095951938,0.826335767329272,0.5434239501785695,0.01785790782159096,0.06737730610184754,0.8268016584840543,0.0,0.016977948257029724
1.0,0.07582011605563779,0.8267260602180612,0.5506710356838282,0.018132890591789595,0.06713670976352791,0.8272142026016619,0.0,0.017210544330196212
1.02,0.07581503817371407,0.827111423939849,0.5578030905203932,0.018405103170079595,0.06689685478307363,0.8276223143257015,0.0,0.017439391865330167
1.04,0.07581118082789247,0.8274919122201738,0.5648219405332514,0.01867458054454519,0.0666577430663431,0.8280260428312465,0.0,0.017664532592739934
1.06,0.07580849956434353,0.8278675784245146,0.5717293825863367,0.018941357083740184,0.06641937641419149,0.8284254368178144,0.0,0.01788600783857353
1.08,0.07580695185200559,0.8282384755519485,0.5785271850225369,0.019205466554653442,0.06618175652450137,0.8288205445116757,0.0,0.01810385852821932
1.1,0.07580649698041658,0.8286046562293145,0.585217088116399,0.019466942139864784,0.06594488499418526,0.8292114136682202,0.0,0.018318125189684894
1.12,0.07580709596409548,0.8289661727058545,0.5918008045196496,0.019725816453940087,0.0657087633211602,0.8295980915743797,0.0,0.018528847956954173
1.1400000000000001,0.07580871145297986,0.8293230768483062,0.5982800196996418,0.019982121559110746,0.06547339290629449,0.8299806250511046,0.0,0.018736066573322847
1.16,0.07581130764846895,0.8296754201364219,0.6046563923708457,0.02023588898027937,0.06523877505532685,0.8303590604558906,0.0,0.018939820394712138
1.18,0.07581485022465985,0.8300232536588906,0.6109315549194868,0.020487149719390692,0.06500491098075817,0.8307334436853548,0.0,0.019140148392960986
1.2,0.07581930625439944,0.8303666281096409,0.617107113821447,0.02073593426920383,0.06477180180371592,0.8311038201778583,0.0,0.019337089159096668
1.22,0.0758246441398061,0.8307055937845055,0.6231846500535304,0.02098227262649955,0.06453944855579166,0.831470234916172,0.0,0.019530680906583952
1.24,0.07583083354694371,0.8310402005782266,0.6291657194982025,0.021226194304753906,0.06430785218085162,0.8318327324301851,0.0,0.019720961474552788
1.26,0.07583784534435642,0.8313704979817857,0.6350518533419044,0.021467728346307446,0.06407701353682065,0.832191356799653,0.0,0.019907968331004614
1.28,0.07584565154519603,0.8316965350800398,0.6408445584670447,0.021706903334057247,0.0638469333974398,0.8325461516569831,0.0,0.020091738575997345
1.3,0.07585422525269547,0.8320183605496482,0.64654531783777,0.021943747402697236,0.06361761245399769,0.832897160190056,0.0,0.020272308944809077
1.32,0.07586354060876103,0.8323360226572755,0.6521555908796117,0.022178288249530578,0.06338905131703589,0.83324442514508,0.0,0.02044971581108056
1.34,0.07587357274547375,0.8326495692580559,0.6576768138531067,0.022410553144876347,0.06316125051802851,0.833587988829478,0.0,0.020623995189936527
1.36,0.07588429773930681,0.8329590477943062,0.6631104002214881,0.022640568942091342,0.0629342105110364,0.8339278931148035,0.0,0.0207951827410859
1.3800000000000001,0.07589569256788023,0.8332645052944735,0.6684577410125396,0.022868362087226524,0.06270793167433589,0.8342641794396851,0.0,0.020963313771900954
1.4000000000000001,0.07590773506908767,0.8335659883723076,0.673720205174706,0.02309395862833635,0.0624824143120226,0.8345968888127967,0.0,0.021128423240475494
1.42,0.07592040390244278,0.833863543226245,0.6788991399275516,0.023317384224458188,0.062257658655590374,0.8349260618158526,0.0,0.021290545758662103
1.44,0.07593367851250352,0.8341572156389951,0.6839958711066558,0.023538664154277893,0.06203366486548566,0.8352517386066249,0.0,0.021449715595088518
1.46,0.07594753909424326,0.8344470509773173,0.6890117035030344,0.023757823324496677,0.06181043303263753,0.8355739589219826,0.0,0.021605966678153194
1.48,0.07596196656024734,0.8347330941919802,0.6939479211971726,0.023974886277913516,0.06158796317996367,0.8358927620809492,0.0,0.021759332599000144
1.5,0.07597694250962185,0.8350153898178938,0.6988057878877574,0.024189877201236457,0.06136625526385246,0.8362081869877797,0.0,0.021909846614473077
1.52,0.07599244919851009,0.8352939819744053,0.7035865472151906,0.024402819932635454,0.0611453091756215,0.8365202721350525,0.0,0.022057541650048928
1.54,0.07600846951211902,0.835568914365751,0.7082914230799686,0.024613737969048588,0.060925124742952766,0.8368290556067779,0.0,0.022202450302750837
1.56,0.0760249869381652,0.8358402302816557,0.7129216199560063,0.024822654473252864,0.06070570173130472,0.8371345750815183,0.0,0.02234460484404064
1.58,0.07604198554165559,0.8361079725980731,0.71747832319899,0.02502959228071017,0.06048703984530151,0.8374368678355227,0.0,0.02248403722269095
1.6,0.0760594499409247,0.8363721837780596,0.7219626993498345,0.02523457390619834,0.06026913873009966,0.8377359707458704,0.0,0.022620779067636872
1.62,0.07607736528485474,0.8366329058727735,0.726375896433324,0.025437621550236742,0.06005199797273237,0.8380319202936247,0.0,0.022754861690807444
1.6400000000000001,0.07609571723121027,0.8368901805225963,0.7307190442520127,0.025638757105315328,0.059835617103431736,0.8383247525669958,0.0,0.022886316089936857
1.6600000000000001,0.07611449192602357,0.8371440489583661,0.7349932546754607,0.025838002161935488,0.05961999559692921,0.8386145032645093,0.0,0.02301517295135555
1.68,0.07613367598397107,0.8373945520027203,0.7391996219248782,0.02603537801447075,0.059405132873734404,0.8389012076981816,0.0,0.023141462652761208
1.7,0.076153256469685,0.8376417300715401,0.7433392228532524,0.02623090566685482,0.05919102830139265,0.8391849007966999,0.0,0.023265215265969773
1.72,0.07617322087994814,0.8378856231754926,0.7474131172210278,0.026424605838104125,0.05897768119572144,0.8394656171086061,0.0,0.023386460559646525
1.74,0.07619355712672288,0.8381262709216649,0.7514223479674104,0.02661649896768162,0.05876509082202615,0.839743390805482,0.0,0.023505228002017303
1.76,0.07621425352096879,0.8383637125152847,0.7553679414773661,0.026806605220708296,0.0585532563962951,0.8400182556851379,0.0,0.02362154676355995
1.78,0.07623529875720599,0.8385979867615243,0.7592509078443807,0.026994944493028448,0.058342177086374424,0.8402902451748003,0.0,0.023735445719676063
1.8,0.0762566818987839,0.8388291320673816,0.7630722411290494,0.02718153641613454,0.05813185201312284,0.8405593923343001,0.0,0.023846953453343072
1.82,0.07627839236381813,0.8390571864436359,0.7668329196135617,0.027366400361957127,0.05792228025154665,0.8408257298592583,0.0,0.023956098257746816
1.84,0.07630041991175959,0.8392821875068721,0.7705339060521472,0.027549555447525062,0.057713460831915205,0.8410892900842708,0.0,0.024062908138894612
1.86,0.07632275463056304,0.8395041724815719,0.7741761479175456,0.027731020539500956,0.05750539274085708,0.8413501049860891,0.0,0.024167410818208928
1.8800000000000001,0.07634538692442369,0.8397231782022657,0.777760577643565,0.027910814258596622,0.05729807492243724,0.8416082061867969,0.0,0.024269633735101753
1.9000000000000001,0.07636830750205247,0.8399392411157437,0.7812881128637902,0.028088954983872996,0.0570915062792154,0.8418636249569826,0.0,0.024369604049529692
1.92,0.07639150736546244,0.8401523972833215,0.7847596566465018,0.028265460856928822,0.056885685673285835,0.8421163922189059,0.0,0.02446734864452994
1.94,0.07641497779924035,0.8403626823831575,0.7881760977258666,0.028440349785982158,0.05668061192729896,0.8423665385496572,0.0,0.02456289412873715
1.96,0.07643871036027884,0.8405701317126189,0.7915383107294585,0.02861363944984863,0.056476283825464824,0.8426140941843111,0.0,0.024656266838881308
1.98,0.07646269686794628,0.8407747801906924,0.7948471564021676,0.028785347301820113,0.05627270011453881,0.8428590890190716,0.0,0.024747492842266693
2.0,0.07648692939467244,0.8409766623604386,0.7981034818265563,0.02895549057344738,0.056069859504789814,0.8431015526144086,0.0,0.02483659793923201
2.02,0.07651140025692965,0.8411758123914846,0.8013081206397162,0.029124086278230113,0.05586776067095108,0.8433415141981851,0.0,0.024923607665591752
2.04,0.07653610200659,0.8413722640825555,0.8044618932466844,0.029291151215217477,0.055666402253153995,0.8435790026687756,0.0,0.025008547295058924
2.06,0.07656102742264036,0.8415660508640382,0.8075656070304712,0.02945670197252235,0.05546578285784502,0.8438140465981727,0.0,0.02509144184164916
2.08,0.076586169503238,0.8417572058005797,0.810620056558755,0.029620754930752155,0.05526590105868606,0.844046674235084,0.0,0.025172316062066352
2.1,0.07661152145809058,0.8419457615937126,0.8136260237872956,0.029783326266359107,0.05506675539743847,0.8442769135080163,0.0,0.02525119445806988
2.12,0.07663707670114502,0.8421317505845101,0.8165842782601196,0.029944431954912552,0.05486834438483092,0.8445047920283488,0.0,0.025328101278823487
2.14,0.0766628288435708,0.8423152047562648,0.8194955773065271,0.03010408777429599,0.054670666501411364,0.8447303370933935,0.0,0.025403060523225964
2.16,0.07668877168702387,0.8424961557371914,0.8223606662349731,0.030262309307831248,0.0544737201983834,0.8449535756894414,0.0,0.02547609594222362
2.18,0.07671489921717821,0.8426746348031504,0.8251802785238697,0.030419111947332145,0.054277503898427136,0.8451745344947968,0.0,0.025547231041104745
2.2,0.07674120559751259,0.8428506728803908,0.827955136009361,0.03057451089608994,0.054082015996504855,0.8453932398827966,0.0,0.025616489081776075
2.22,0.07676768516334098,0.8430243005483106,0.8306859490701171,0.03072852117179271,0.05388725486065174,0.8456097179248149,0.0,0.025683893085021364
2.24,0.07679433241607547,0.8431955480422325,0.8333734168091947,0.030881157609380726,0.0536932188327518,0.8458239943932541,0.0,0.025749465832742176
2.2600000000000002,0.0768211420177112,0.8433644452561943,0.8360182272330117,0.03103243486383986,0.05349990622929926,0.8460360947645191,0.0,0.025813229870180955
2.2800000000000002,0.07684810878552341,0.8435310217457502,0.8386210574274799,0.031182367412934894,0.05330731534214566,0.8462460442219774,0.0,0.02587520750812649
2.3000000000000003,0.0768752276869671,0.8436953067307847,0.8411825737313436,0.0313309695598846,0.053115444439232794,0.8464538676589017,0.0,0.02593542082510184
2.32,0.07690249383477042,0.8438573290983343,0.8437034319067653,0.03147825543598029,0.05292429176531181,0.8466595896813978,0.0,0.02599389166953484
2.34,0.07692990248221318,0.8440171174054176,0.8461842773072045,0.031624239003149666,0.052733855542648596,0.8468632346113143,0.0,0.026050641661911237
2.36,0.07695744901858251,0.8441746998818721,0.8486257450426318,0.0317689340564674,0.0525441339717157,0.8470648264891366,0.0,0.026105692196910606
2.38,0.07698512896479796,0.8443301044331954,0.8510284601421205,0.031912354226614176,0.052355125231871025,0.8472643890768631,0.0,0.02615906444552507
2.4,0.07701293796919868,0.8444833586433913,0.8533930377138577,0.03205451298228564,0.052166827482023406,0.8474619458608634,0.0,0.026210779357160978
2.42,0.07704087180348589,0.8446344897778175,0.8557200831026148,0.032195423632552664,0.05197923886128539,0.8476575200547202,0.0,0.02626085766172359
2.44,0.07706892635881381,0.8447835247860359,0.8580101920447197,0.032335099329174354,0.051792357489613326,0.8478511346020513,0.0,0.026309319871684892
2.46,0.07709709764202313,0.844930490304662,0.8602639508205681,0.032473553068865166,0.05160618146843503,0.8480428121793149,0.0,0.026356186284134598
2.48,0.07712538177201066,0.8450754126602152,0.8624819364047144,0.032610797695517335,0.05142070888126517,0.8482325751985954,0.0,0.02640147698281448
2.5,0.07715377497622973,0.845218317871966,0.8646647166135808,0.032746845902379966,0.05123593779430859,0.8484204458103712,0.0,0.026445211840136075
2.52,0.07718227358731586,0.8453592316547811,0.8668128502508213,0.032881710234195886,0.05105186625705182,0.8486064459062633,0.0,0.026487410519181895
2.54,0.07721087403983248,0.8454981794219653,0.8689268872503781,0.03301540308929748,0.05086849230284279,0.8487905971217646,0.0,0.02652809247569021
2.56,0.07723957286713191,0.8456351862880981,0.8710073688172681,0.03314793672166255,0.05068581394945919,0.8489729208389506,0.0,0.02656727696002351
2.58,0.07726836669832676,0.8457702770718658,0.8730548275661342,0.033279323242931376,0.050503829199665416,0.8491534381891702,0.0,0.02660498301912076
2.6,0.0772972522553674,0.8459034762988868,0.8750697876575972,0.033409574624385874,0.05032253604175847,0.8493321700557173,0.0,0.026641229498433484
2.62,0.07732622635022124,0.8460348082045303,0.8770527649324448,0.03353870269889196,0.050141932450102865,0.8495091370764822,0.0,0.026676035043845844
2.64,0.07735528588214957,0.8461642967367269,0.8790042670436883,0.033666719162806044,0.049962016385654784,0.8496843596465845,0.0,0.02670941810357876
2.66,0.07738442783507843,0.8462919655587716,0.8809247935865255,0.03379363557784656,0.04978278579647567,0.8498578579209843,0.0,0.026741396930078182
2.68,0.07741364927505937,0.8464178380521168,0.8828148362262398,0.03391946337293145,0.04960423861823541,0.8500296518170748,0.0,0.02677198958188761
2.7,0.07744294734781695,0.8465419373191562,0.8846748788240685,0.03404421384598248,0.049426372774705234,0.8501997610172543,0.0,0.026801213925504965
2.72,0.07747231927637938,0.846664286185998,0.8865053975610745,0.03416789816569723,0.049249186178240596,0.850368204971478,0.0,0.02682908763722387
2.74,0.07750176235878904,0.8467849072052276,0.8883068610600511,0.03429052737328947,0.049072676730254144,0.8505350028997901,0.0,0.02685562820495949
2.7600000000000002,0.07753127396589006,0.8469038226586582,0.890079730505492,0.034412112384198876,0.04889684232167893,0.8507001737948343,0.0,0.026880852930059
2.7800000000000002,0.07756085153918962,0.8470210545600698,0.8918244597616573,0.03453266398977069,0.048721680833422085,0.8508637364243457,0.0,0.026904778929096738
2.8000000000000003,0.07759049258879053,0.8471366246579357,0.8935414954887644,0.03465219285890612,0.048547190136809054,0.8510257093336208,0.0,0.026927423135654226
2.82,0.07762019469139204,0.8472505544381356,0.8952312772573364,0.03477070953968422,0.04837336809401861,0.8511861108479678,0.0,0.026948802302085073
2.84,0.07764995548835664,0.8473628651266555,0.8968942376607343,0.03488822446095583,0.04820021255850876,0.8513449590751365,0.0,0.026968933001264888
2.86,0.07767977268384003,0.8474735776922738,0.8985308024259028,0.035004747933910375,0.0480277213754337,0.8515022719077272,0.0,0.026987831628326315
2.88,0.07770964404298225,0.8475827128492328,0.9001413905223592,0.035120290153616035,0.04785589238205201,0.8516580670255794,0.0,0.027005514402379242
2.9,0.07773956739015735,0.8476902910598956,0.9017264142694518,0.035234861200533985,0.04768472340812622,0.85181236189814,0.0,0.027021997368216335
2.92,0.07776954060727972,0.8477963325373877,0.9032862794419159,0.03534847104200732,0.04751421227631385,0.8519651737868109,0.0,0.027037296398003927
2.94,0.07779956163216484,0.8479008572482241,0.9048213853737541,0.03546112953372518,0.04734435680255015,0.8521165197472761,0.0,0.02705142719295842
2.96,0.07782962845694245,0.8480038849149188,0.9063321250604685,0.03557284642116269,0.04717515479642265,0.852266416631808,0.0,0.02706440528500825
2.98,0.07785973912652042,0.8481054350185806,0.9078188852596689,0.035683631340997245,0.047006604061537616,0.852414881091554,0.0,0.027076246038441543
3.0,0.07788989173709714,0.8482055268014902,0.9092820465900859,0.035793493822501694,0.046838702395878645,0.8525619295788017,0.0,0.027086964651539525
3.02,0.07792008443472107,0.8483041792696625,0.9107219836290105,0.03590244328891491,0.04667144759215745,0.852707578349224,0.0,0.0270965761581958
3.04,0.07795031541389545,0.8484014111953907,0.9121390650081882,0.036010489058790264,0.046504837438157046,0.8528518434641039,0.0,0.027105095429521598
3.06,0.07798058291622681,0.8484972411197743,0.9135336535081909,0.036117640347322476,0.046338869717067376,0.8529947407925392,0.0,0.027112537175437063
3.08,0.07801088522911542,0.8485916873552289,0.9149061061512906,0.03622390626765332,0.04617354220781365,0.8531362860136262,0.0,0.0271189159462487
3.1,0.07804122068448655,0.8486847679879792,0.9162567742928591,0.036329295832156674,0.04600885268537739,0.8532764946186234,0.0,0.027124246134213055
3.12,0.07807158765756078,0.8487765008805331,0.9175860037113168,0.03643381795370326,0.04584479892111035,0.8534153819130952,0.0,0.02712854197508674
3.14,0.07810198456566234,0.8488669036741394,0.9188941346966538,0.036537481446905655,0.045681378683041514,0.8535529630190349,0.0,0.027131817549662884
3.16,0.07813240986706371,0.8489559937912261,0.9201815021375461,0.03664029502934382,0.04551858973617721,0.8536892528769687,0.0,0.027134086785294106
3.18,0.07816286205986571,0.8490437884378209,0.9214484356070891,0.03674226732277174,0.04535642984279444,0.8538242662480382,0.0,0.027135363457402115
3.2,0.07819333968091145,0.8491303046059534,0.9226952594471699,0.03684340685430539,0.045194896762727706,0.8539580177160636,0.0,0.02713566119097401
3.22,0.07822384130473325,0.8492155590760387,0.9239222928515005,0.03694372205759253,0.04503398825364921,0.8540905216895877,0.0,0.02713499346204538
3.24,0.07825436554253126,0.8492995684192424,0.9251298499473334,0.03704322127396469,0.04487370207134279,0.8542217924038985,0.0,0.02713337359917033
3.2600000000000002,0.07828491104118272,0.8493823489998261,0.9263182398758797,0.03714191275357165,0.04471403596997152,0.8543518439230338,0.0,0.027130814784878454
3.2800000000000002,0.0783154764822809,0.8494639169774757,0.927487766871451,0.0372398046564988,0.04455498770233923,0.8544806901417648,0.0,0.02712733005711893
3.3000000000000003,0.07834606058120265,0.8495442883096088,0.9286387303393451,0.03733690505386781,0.04439655502014593,0.8546083447875609,0.0,0.027122932310691752
3.3200000000000003,0.07837666208620354,0.8496234787536646,0.9297714249324952,0.03743322192892075,0.04423873567423733,0.8547348214225345,0.0,0.02711763429866627
3.34,0.07840727977753989,0.8497015038693739,0.9308861406269031,0.03752876317808818,0.04408152741484854,0.8548601334453672,0.0,0.027111448633787047
3.36,0.07843791246661647,0.8497783790210103,0.931983162795874,0.03762353661204144,0.04392492799184212,0.8549842940932154,0.0,0.027104387789867186
3.38,0.07846855899515934,0.8498541193796221,0.9330627722830741,0.03771754995672939,0.04376893515494042,0.8551073164435985,0.0,0.027096464103169203
3.4,0.07849921823441282,0.849928739925245,0.934125245474428,0.037810810854400106,0.043613546653952506,0.8552292134162662,0.0,0.027087689773773516
3.42,0.0785298890843598,0.8500022554490957,0.9351708543688749,0.03790332686460751,0.04345876023899567,0.8553499977750483,0.0,0.02707807686693466
3.44,0.07856057047296472,0.8500746805557459,0.9361998666480021,0.03799510546520356,0.04330457366071161,0.8554696821296842,0.0,0.027067637314425318
3.46,0.07859126135543834,0.8501460296652773,0.9372125457445726,0.03808615405331598,0.04315098467047744,0.8555882789376354,0.0,0.027056382915868257
3.48,0.0786219607135238,0.8502163170154173,0.9382091509099653,0.03817647994631207,0.04299799102061161,0.8557058005058777,0.0,0.027044325340056245
3.5,0.07865266755480306,0.8502855566636552,0.939189937280545,0.038266090382748585,0.04284559046457479,0.8558222589926756,0.0,0.027031476126260053
3.52,0.07868338091202325,0.8503537624893395,0.940155155942979,0.038354992523308186,0.04269378075716588,0.8559376664093383,0.0,0.027017846685524635
3.54,0.0787140998424421,0.8504209481957552,0.941105053998516,0.038443193451722556,0.042542559654713145,0.8560520346219573,0.0,0.027003448301953555
3.56,0.07874482342719212,0.850487127312183,0.9420398746262455,0.03853070017568251,0.04239192491526069,0.856165375353126,0.0,0.02698829213398176
3.58,0.07877555077066259,0.8505523131959382,0.9429598571453536,0.03861751962773529,0.042241874298750245,0.8562777001836404,0.0,0.026972389215636803
3.6,0.0788062809998991,0.8506165190343907,0.9438652370763891,0.03870365866616928,0.042092405567198427,0.8563890205541831,0.0,0.026955750457788568
3.62,0.07883701326401989,0.8506797578469668,0.9447562462015588,0.03878912407588642,0.04194351648486954,0.8564993477669888,0.0,0.026938386649387632
3.64,0.07886774673364856,0.8507420424871301,0.9456331126240647,0.03887392256926249,0.04179520481844397,0.8566086929874915,0.0,0.026920308458692286
3.66,0.07889848060036267,0.8508033856443451,0.9464960608264995,0.03895806078699545,0.04164746833718231,0.8567170672459556,0.0,0.026901526434484378
3.68,0.07892921407615756,0.8508637998460203,0.9473453117283157,0.03904154529894219,0.04150030481308529,0.8568244814390881,0.0,0.026882051007273998
3.7,0.07895994639292514,0.8509232974594341,0.948181082742382,0.03912438260494369,0.04135371202104952,0.8569309463316341,0.0,0.026861892490493127
3.72,0.07899067680194705,0.8509818906936396,0.9490035878306422,0.03920657913563899,0.04120768773901924,0.8570364725579556,0.0,0.02684106108167834
3.74,0.07902140457340175,0.8510395916013529,0.9498130375588908,0.03928814125326802,0.04106222974813409,0.8571410706235919,0.0,0.02681956686364261
3.7600000000000002,0.0790521289958852,0.851096412080821,0.9506096391506785,0.03936907525246356,0.040917335832872916,0.8572447509068045,0.0,0.02679741980563634
3.7800000000000002,0.07908284937594469,0.8511523638776713,0.9513935965403634,0.03944938736103249,0.04077300378119386,0.8573475236601044,0.0,0.026774629764497685
3.8000000000000003,0.07911356503762525,0.8512074585867437,0.9521651104253183,0.03952908374072655,0.040629231384670644,0.8574493990117623,0.0,0.026751206485792264
3.8200000000000003,0.07914427532202856,0.8512617076539023,0.9529243783173111,0.03960817048800271,0.040486016438625164,0.8575503869673037,0.0,0.026727159604942305
3.84,0.07917497958688373,0.8513151223778301,0.9536715945930687,0.03968665363477343,0.04034335674225656,0.8576504974109859,0.0,0.02670249864834537
3.86,0.07920567720612975,0.851367713911805,0.9544069505440382,0.03976453914914688,0.04020125009876666,0.8577497401072598,0.0,0.02667723303448268
3.88,0.07923636756950912,0.8514194932654573,0.955130634425359,0.03984183293615737,0.040059694315482064,0.8578481247022154,0.0,0.02665137207501718
3.9,0.07926705008217247,0.8514704713065092,0.9558428315040566,0.0399185408384861,0.039918687203972736,0.8579456607250109,0.0,0.026624924975881367
3.92,0.07929772416429376,0.8515206587624964,0.9565437241064727,0.03999466863717244,0.039778226580167365,0.858042357589286,0.0,0.02659790083835501
3.94,0.07932838925069574,0.8515700662224714,0.9572334916649412,0.040070222052315786,0.039638310264465404,0.8581382245945599,0.0,0.026570308660132824
3.96,0.07935904479048542,0.8516187041386896,0.9579123107637239,0.040145206743768355,0.039498936081845945,0.8582332709276131,0.0,0.026542157336382165
3.98,0.0793896902466992,0.8516665828282762,0.9585803551842171,0.04021962831181881,0.03936010186197344,0.8583275056638541,0.0,0.026513455660790868
4.0,0.07942032509595745,0.8517137124748779,0.9592377959494408,0.04029349229786707,0.03922180543930039,0.8584209377686702,0.0,0.026484212326605253
4.0200000000000005,0.07945094882812814,0.8517601031302945,0.9598848013678213,0.040366804185090366,0.03908404465316702,0.8585135760987643,0.0,0.02645443592765843
4.04,0.0794815609459994,0.8518057647160944,0.960521537076279,0.040439569399100636,0.038946817347897955,0.858605429403475,0.0,0.02642413495938894
4.0600000000000005,0.07951216096496067,0.8518507070252129,0.9611481660826324,0.04051179330859352,0.03881012137289611,0.8586965063260829,0.0,0.02639331781984984
4.08,0.07954274841269215,0.851894939723533,0.9617648488073295,0.04058348122598898,0.03867395458273366,0.8587868154051016,0.0,0.026361992810708293
4.1,0.07957332282886251,0.8519384723514487,0.9623717431245153,0.0406546384080637,0.038538314837240295,0.8588763650755544,0.0,0.026330168138235754
4.12,0.07960388376483425,0.851981314325412,0.9629690044024495,0.040725270056575454,0.03840320000158873,0.8589651636702359,0.0,0.02629785191428882
4.14,0.07963443078337698,0.852023474939463,0.9635567855432808,0.04079538131887949,0.03826860794637758,0.8590532194209596,0.0,0.02626505215728081
4.16,0.07966496345838792,0.8520649633667425,0.9641352370221914,0.040864977288537135,0.03813453654771163,0.8591405404597909,0.0,0.02623177679314419
4.18,0.07969548137461974,0.8521057886609894,0.9647045069259187,0.04093406300591663,0.038000983687279534,0.8592271348202667,0.0,0.02619803365628387
4.2,0.07972598412741543,0.8521459597580199,0.9652647409906668,0.04100264345878645,0.037867947252429035,0.8593130104385994,0.0,0.026163830490521477
4.22,0.07975647132244992,0.8521854854771918,0.9658160826394161,0.04107072358290113,0.03773542513623973,0.8593981751548692,0.0,0.02612917495003069
4.24,0.07978694257547843,0.8522243745228517,0.9663586730186393,0.041138308262579706,0.037603415237593446,0.8594826367142004,0.0,0.026094074600263677
4.26,0.0798173975120911,0.8522626354857668,0.9668926510344368,0.04120540233127701,0.037471915461242254,0.8595664027679262,0.0,0.026058536918868728
4.28,0.07984783576747412,0.8523002768445396,0.9674181533880967,0.04127201057214771,0.0373409237178742,0.8596494808747378,0.0,0.02602256929659917
4.3,0.07987825698617672,0.8523373069670082,0.9679353146110913,0.04133813771860344,0.037210437924176804,0.8597318785018223,0.0,0.025986179038213614
4.32,0.07990866082188426,0.8523737341116293,0.9684442670995179,0.04140378845486294,0.03708045600289829,0.8598136030259858,0.0,0.02594937336336761
4.34,0.07993904693719699,0.8524095664288472,0.9689451411479931,0.04146896741649545,0.03695097588290675,0.8598946617347638,0.0,0.025912159407496818
4.36,0.07996941500341435,0.8524448119624461,0.9694380649830087,0.041533679190957316,0.03682199549924713,0.8599750618275195,0.0,0.025874544222691687
4.38,0.0799997647003249,0.8524794786508874,0.9699231647957582,0.041597928318122035,0.03669351279319618,0.8600548104165276,0.0,0.025836534778563826
4.4,0.08003009571600131,0.8525135743286318,0.970400564774443,0.0416617192908038,0.036565525712315354,0.8601339145280472,0.0,0.025798137963104022
4.42,0.0800604077466007,0.852547106727447,0.9708703871360647,0.04172505655527457,0.036438032210501764,0.8602123811033805,0.0,0.025759360583532072
4.44,0.08009070049616988,0.8525800834776991,0.9713327521577135,0.04178794451177491,0.036311030248037175,0.86029021699992,0.0,0.02572020936713843
4.46,0.08012097367645551,0.8526125121096302,0.9717877782073602,0.041850387515018454,0.03618451779163512,0.8603674289921833,0.0,0.02568069096211778
4.48,0.08015122700671892,0.8526444000546209,0.9722355817741581,0.04191238987469041,0.03605849281448612,0.8604440237728351,0.0,0.02564081193839458
4.5,0.08018146021355568,0.8526757546464386,0.9726762774982661,0.04197395585593987,0.035932953296301154,0.8605200079536979,0.0,0.025600578788440673
4.5200000000000005,0.08021167303071952,0.8527065831224706,0.9731099782001962,0.04203508967986621,0.03580789722335327,0.86059538806675,0.0,0.025559997928084995
4.54,0.08024186519895071,0.8527368926249437,0.9735367949096966,0.04209579552399964,0.03568332258851755,0.8606701705651121,0.0,0.025519075697315496
4.5600000000000005,0.08027203646580866,0.8527666902021293,0.9739568368941757,0.042156077522775906,0.03555922739130928,0.8607443618240223,0.0,0.025477818361073285
4.58,0.08030218658550864,0.8527959828095343,0.9743702116866755,0.04221593976800532,0.035435609637920536,0.8608179681417988,0.0,0.025436232110039123
4.6000000000000005,0.08033231531876255,0.8528247773110784,0.9747770251134004,0.042275386309336145,0.03531246734125507,0.860890995740792,0.0,0.025394323061412285
4.62,0.08036242243262359,0.8528530804802573,0.9751773813208091,0.04233442115471243,0.0351897985209617,0.8609634507683246,0.0,0.02535209725968188
4.64,0.08039250770033479,0.8528808990012925,0.9755713828022773,0.042393048270826385,0.035067601203466026,0.8610353392976209,0.0,0.025309560677390708
4.66,0.08042257090118118,0.8529082394702672,0.9759591304243358,0.04245127158356535,0.03494587342200071,0.8611066673287244,0.0,0.025266719215891673
4.68,0.08045261182034563,0.8529351083962494,0.9763407234524935,0.04250909497845344,0.034824613216634236,0.8611774407894053,0.0,0.02522357870609686
4.7,0.08048263024876821,0.8529615122024014,0.9767162595766493,0.042566522301087976,0.03470381863429823,0.8612476655360559,0.0,0.025180144909219344
4.72,0.08051262598300897,0.8529874572270756,0.977085834936102,0.0426235573575707,0.03458348772881332,0.8613173473545765,0.0,0.02513642351750773
4.74,0.08054259882511405,0.8530129497248986,0.977449544144162,0.04268020391493393,0.03446361856091363,0.8613864919612501,0.0,0.025092420154973583
4.76,0.08057254858248507,0.853037995867841,0.9778074803123725,0.042736465701561636,0.03434420919826994,0.8614551050036057,0.0,0.02504814037811174
4.78,0.08060247506775163,0.8530626017462755,0.9781597350743476,0.042792346407605646,0.03422525771551146,0.8615231920612729,0.0,0.025003589676613584
4.8,0.08063237809864698,0.8530867733700216,0.9785063986092299,0.04284784968539684,0.034106762194246326,0.8615907586468251,0.0,0.02495877347407336
4.82,0.08066225749788665,0.8531105166693785,0.9788475596647777,0.042902979149851604,0.03398872072308086,0.8616578102066123,0.0,0.024913697128687573
4.84,0.08069211309304995,0.853133837496145,0.9791833055800839,0.04295773837887352,0.03387113139763753,0.8617243521215844,0.0,0.02486836593394754
4.86,0.08072194471646447,0.8531567416246274,0.9795137223079368,0.04301213091375029,0.03375399232057176,0.8617903897081044,0.0,0.024822785119325157
4.88,0.08075175220509324,0.8531792347526354,0.9798388944368229,0.04306616025954615,0.03363730160158748,0.8618559282187515,0.0,0.024776959850951935
4.9,0.0807815354004246,0.8532013225024657,0.9801589052125832,0.043119829885489555,0.03352105735745159,0.8619209728431146,0.0,0.024730895232291373
4.92,0.08081129414836478,0.8532230104218741,0.9804738365597238,0.04317314322535653,0.03340525771200723,0.8619855287085766,0.0,0.024684596304804726
4.94,0.08084102829913303,0.8532443039850354,0.9807837691023893,0.04322610367784943,0.03328990079618603,0.8620496008810877,0.0,0.024638068048610212
4.96,0.0808707377071592,0.8532652085934919,0.9810887821850034,0.0432787146069714,0.03317498474801916,0.8621131943659311,0.0,0.024591315383135748
4.98,0.08090042223098383,0.8532857295770904,0.9813889538925809,0.04333097934239646,0.033060507712647444,0.8621763141084782,0.0,0.024544343167765232
5.0,0.0809300817331606,0.8533058721949078,0.9816843610707181,0.04338290117983534,0.032946467842330365,0.8622389649949347,0.0,0.024497156202478478
5.0200000000000005,0.0809597160801611,0.8533256416361653,0.981975079345266,0.043434483381397104,0.032832863296454115,0.8623011518530782,0.0,0.024449759228484805
5.04,0.08098932514228187,0.8533450430211313,0.9822611831416903,0.04348572917594658,0.03271969224153861,0.8623628794529861,0.0,0.024402156928850397
5.0600000000000005,0.0810189087935536,0.8533640814020139,0.9825427457041256,0.04353664175945773,0.03260695285124362,0.8624241525077545,0.0,0.024354353929119433
5.08,0.08104846691165259,0.8533827617638416,0.9828198391141254,0.04358722429536293,0.03249464330637388,0.862484975674209,0.0,0.02430635479792909
5.1000000000000005,0.08107799937781418,0.8534010890253341,0.9830925343091159,0.04363747991489829,0.03238276179488338,0.8625453535536063,0.0,0.02425816404761844
5.12,0.08110750607674833,0.8534190680397614,0.9833609011005562,0.04368741171744498,0.03227130651187866,0.862605290692327,0.0,0.02420978613483132
5.14,0.0811369868965571,0.8534367035957935,0.9836250081918105,0.04373702277086671,0.03216027565962133,0.8626647915825605,0.0,0.024161225461113222
5.16,0.08116644172865418,0.8534540004183384,0.9838849231957365,0.04378631611184333,0.03204966744752971,0.8627238606629806,0.0,0.024112486373502245
5.18,0.08119587046768623,0.8534709631693709,0.9841407126519947,0.04383529474620067,0.031939480092179603,0.8627825023194136,0.0,0.02406357316511419
5.2,0.08122527301145607,0.8534875964487499,0.9843924420440826,0.04388396164923657,0.031829711817304325,0.8628407208854977,0.0,0.024014490075721824
5.22,0.08125464926084777,0.8535039047950274,0.9846401758160994,0.04393231976604332,0.0317203608537939,0.8628985206433346,0.0,0.023965241292328375
5.24,0.08128399911975341,0.8535198926862452,0.9848839773892437,0.04398037201182633,0.031611425439693516,0.8629559058241324,0.0,0.023915830949735324
5.26,0.08131332249500156,0.8535355645407237,0.9851239091780496,0.044028121272219264,0.03150290382020122,0.8630128806088413,0.0,0.02386626313110454
5.28,0.08134261929628749,0.8535509247178399,0.9853600326063653,0.04407557040359563,0.03139479424766489,0.863069449128781,0.0,0.02381654186851478
5.3,0.08137188943610495,0.8535659775187959,0.9855924081230779,0.044122722233376814,0.031287094981578494,0.8631256154662605,0.0,0.023766671143512674
5.32,0.0814011328296796,0.8535807271873779,0.9858210952175888,0.044169579560336666,0.031179804288577643,0.8631813836551903,0.0,0.02371665488765814
5.34,0.081430349394904,0.8535951779107054,0.986046152435043,0.044216145154902665,0.031072920442434496,0.8632367576816862,0.0,0.023666496983064427
5.36,0.08145953905227397,0.8536093338199718,0.9862676373913173,0.04426242175945371,0.030966441724051982,0.8632917414846673,0.0,0.02361620126293267
5.38,0.08148870172482671,0.8536231989911751,0.98648560678777,0.044308412088614545,0.030860366421457404,0.8633463389564446,0.0,0.023565771512081137
5.4,0.08151783733808007,0.8536367774458393,0.986700116425757,0.04435411882954692,0.03075469282979539,0.8634005539433042,0.0,0.023515211467469176
5.42,0.08154694581997346,0.8536500731517276,0.986911221220917,0.04439954464223749,0.030649419251320257,0.8634543902460811,0.0,0.02346452481871586
5.44,0.08157602710080997,0.8536630900235458,0.9871189752172305,0.04444469215978249,0.03054454399538779,0.8635078516207279,0.0,0.023413715208613472
5.46,0.08160508111319992,0.8536758319236372,0.987323431600855,0.04448956398866921,0.030440065378446422,0.8635609417788753,0.0,0.023362786233635805
5.48,0.08163410779200575,0.8536883026626689,0.9875246427137414,0.044534162709054435,0.030335981724027863,0.863613664388386,0.0,0.02331174144444135
5.5,0.08166310707428809,0.8537005060003094,0.9877226600670335,0.04457849087503966,0.030232291362737192,0.8636660230739013,0.0,0.023260584346371422
5.5200000000000005,0.08169207889925313,0.8537124456458973,0.9879175343542549,0.044622551014943335,0.030128992632242405,0.8637180214173811,0.0,0.02320931839994329
5.54,0.08172102320820128,0.853724125259102,0.9881093154642875,0.04466634563157007,0.03002608387726345,0.8637696629586374,0.0,0.02315794702133829
5.5600000000000005,0.08174993994447687,0.8537355484505759,0.9882980524941428,0.044709877202476836,0.029923563449560774,0.863820951195861,0.0,0.02310647358288507
5.58,0.08177882905341911,0.8537467187825982,0.9884837937615312,0.044753148180236256,0.02982142970792335,0.8638718895861413,0.0,0.023054901413537898
5.6000000000000005,0.08180769048231425,0.853757639769711,0.9886665868172314,0.04479616099269696,0.029719681018156256,0.8639224815459796,0.0,0.0230032337993502
5.62,0.08183652418034862,0.8537683148793466,0.9888464784572639,0.04483891804324108,0.029618315753067788,0.8639727304517971,0.0,0.02295147398394325
5.64,0.08186533009856302,0.8537787475324476,0.989023514734871,0.04488142171103891,0.029517332292456115,0.8640226396404346,0.0,0.022899625168970174
5.66,0.08189410818980798,0.8537889411040791,0.9891977409723066,0.04492367435130073,0.029416729023095497,0.8640722124096475,0.0,0.02284769051457521
5.68,0.08192285840870013,0.8537988989240318,0.9893692017724389,0.044965678295525904,0.029316504338722096,0.8641214520185942,0.0,0.022795673139848337
5.7,0.08195158071157957,0.8538086242774197,0.9895379410301692,0.04500743585174923,0.029216656640019358,0.864170361688318,0.0,0.0227435761232753
5.72,0.08198027505646817,0.8538181204052678,0.9897040019436689,0.045048949304784563,0.029117184334603006,0.8642189446022229,0.0,0.022691402503183054
5.74,0.08200894140302892,0.8538273905050946,0.9898674270254387,0.0450902209164658,0.029018085837005634,0.8642672039065445,0.0,0.022639155278180688
5.76,0.08203757971252613,0.8538364377314849,0.9900282581131921,0.0451312529258852,0.02891935956866094,0.8643151427108137,0.0,0.022586837407595883
5.78,0.08206618994778662,0.8538452651966572,0.9901865363805658,0.04517204754962911,0.02882100395788759,0.8643627640883148,0.0,0.022534451811906907
5.8,0.08209477207316174,0.8538538759710226,0.9903423023476606,0.04521260698201115,0.02872301743987271,0.8644100710765389,0.0,0.022482001373170236
5.82,0.0821233260544903,0.8538622730837374,0.9904955958914149,0.045252933395302765,0.02862539845665507,0.86445706667763,0.0,0.022429488935443817
5.84,0.08215185185906233,0.8538704595232479,0.9906464562558128,0.04529302893996137,0.028528145457107894,0.8645037538588268,0.0,0.022376917305206
5.86,0.08218034945558375,0.8538784382378286,0.9907949220619316,0.04533289574485593,0.028431256896921386,0.8645501355528983,0.0,0.02232428925177022
5.88,0.08220881881414169,0.8538862121361137,0.9909410313178285,0.04537253591749013,0.028334731238584918,0.8645962146585738,0.0,0.02227160750769544
5.9,0.08223725990617078,0.8538937840876213,0.9910848214282709,0.04541195154422311,0.028238566951368924,0.8646419940409683,0.0,0.022218874769192404
5.92,0.08226567270442015,0.853901156923271,0.9912263292043123,0.045451144690487784,0.028142762511306513,0.8646874765320012,0.0,0.022166093696525724
5.94,0.08229405718292108,0.8539083334358952,0.9913655908727161,0.04549011740100684,0.02804731640117477,0.8647326649308109,0.0,0.02211326691441188
5.96,0.08232241331695567,0.8539153163807436,0.99150264208523,0.04552887170000636,0.02795222711047582,0.8647775620041639,0.0,0.022060397012413132
5.98,0.08235074108302586,0.8539221084759808,0.9916375179277127,0.045567409591427105,0.02785749313541759,0.864822170486858,0.0,0.022007486545327408
6.0,0.0823790404588235,0.8539287124031782,0.9917702529291167,0.04560573305913361,0.02776311297889436,0.8648664930821216,0.0,0.021954538033574174
6.0200000000000005,0.08240731142320089,0.853935130807799,0.991900881070327,0.045643844067120916,0.027669085150467013,0.8649105324620069,0.0,0.021901553963576386
6.04,0.08243555395614212,0.8539413662996774,0.9920294357928613,0.045681744559719135,0.027575408166343095,0.8649542912677787,0.0,0.021848536788138487
6.0600000000000005,0.08246376803873495,0.8539474214534912,0.9921559500074305,0.045719436461795784,0.02748208054935661,0.8649977721102983,0.0,0.021795488926820542
6.08,0.08249195365314349,0.8539532988092283,0.9922804561023646,0.04575692167895595,0.027389100828947622,0.865040977570402,0.0,0.021742412766308526
6.1000000000000005,0.08252011078258137,0.8539590008726478,0.9924029859519037,0.045794202097740315,0.027296467541141615,0.8650839101992757,0.0,0.021689310660780805
6.12,0.08254823941128557,0.853964530115734,0.9925235709243584,0.045831279585821005,0.02720417922852867,0.8651265725188236,0.0,0.02163618493227084
6.140000000000001,0.08257633952449092,0.8539698889771461,0.9926422418901403,0.04586815599219541,0.027112234440242425,0.8651689670220338,0.0,0.02158303787102617
6.16,0.08260441110840508,0.8539750798626601,0.9927590292296646,0.04590483314737784,0.027020631731938864,0.8652110961733375,0.0,0.021529871735863685
6.18,0.08263245415018416,0.8539801051456067,0.992873962841128,0.04594131286358919,0.0269293696657749,0.8652529624089647,0.0,0.02147668875452124
6.2,0.08266046863790891,0.8539849671673029,0.9929870721481628,0.045977596934944576,0.026838446810386794,0.8652945681372957,0.0,0.021423491124005652
6.22,0.08268845456056137,0.8539896682374774,0.9930983861073693,0.04601368713763889,0.026747861740868413,0.8653359157392071,0.0,0.02137028101093708
6.24,0.0827164119080022,0.8539942106346913,0.9932079332157289,0.04604958523013047,0.0266576130387493,0.8653770075684142,0.0,0.02131706055188988
6.26,0.08274434067094841,0.8539985966067534,0.9933157415178996,0.04608529295332271,0.02656769929197261,0.8654178459518086,0.0,0.021263831853729917
6.28,0.08277224084095164,0.8540028283711292,0.9934218386133955,0.046120812030743856,0.026478119094872885,0.8654584331897921,0.0,0.021210596993948387
6.3,0.08280011241037698,0.8540069081153452,0.9935262516636524,0.04615614416872473,0.0263888710481537,0.8654987715566056,0.0,0.0211573580209922
6.32,0.08282795537238222,0.8540108379973882,0.9936290073989814,0.0461912910565747,0.02629995375886515,0.8655388633006543,0.0,0.021104116954590923
6.34,0.08285576972089762,0.8540146201460987,0.9937301321254121,0.046226254366755676,0.026211365840381216,0.865578710644829,0.0,0.02105087578608035
6.36,0.08288355545060613,0.8540182566615597,0.9938296517314265,0.04626103575505434,0.026123105912377025,0.8656183157868227,0.0,0.02099763647872271
6.38,0.08291131255692409,0.8540217496154799,0.9939275916945872,0.04629563686075246,0.026035172600805956,0.8656576808994434,0.0,0.020944400968023552
6.4,0.0829390410359823,0.8540251010515728,0.9940239770880598,0.046330059306795464,0.02594756453787666,0.8656968081309233,0.0,0.02089117116204534
6.42,0.08296674088460765,0.8540283129859297,0.9941188325870313,0.046364304699959204,0.02586028036202996,0.8657356996052237,0.0,0.020837948941717796
6.44,0.08299441210030506,0.854031387407389,0.9942121824750274,0.04639837463101493,0.025773318717915654,0.8657743574223359,0.0,0.020784736161145012
6.46,0.08302205468123992,0.8540343262778997,0.9943040506501293,0.046432270674892535,0.025686678256369215,0.8658127836585787,0.0,0.020731534647909368
6.48,0.0830496686262209,0.8540371315328802,0.9943944606310915,0.04646599439084209,0.025600357634388404,0.8658509803668919,0.0,0.02067834620337228
6.5,0.08307725393468315,0.8540398050815736,0.9944834355633628,0.04649954732259363,0.025514355515109798,0.8658889495771258,0.0,0.020625172602971836
6.5200000000000005,0.08310481060667191,0.8540423488073969,0.9945709982250119,0.04653293099851527,0.02542867056778523,0.8659266932963277,0.0,0.020572015596517303
6.54,0.0831323386428265,0.8540447645682862,0.9946571710325584,0.046566146931769685,0.025343301467758157,0.8659642135090239,0.0,0.020518876908480584
6.5600000000000005,0.08315983804436468,0.8540470541970372,0.9947419760467113,0.04659919662046887,0.025258246896439955,0.8660015121774989,0.0,0.020465758238284622
6.58,0.08318730881306735,0.8540492195016421,0.9948254349780177,0.046632081547827324,0.025173505541286147,0.8660385912420704,0.0,0.020412661260588796
6.6000000000000005,0.08321475095126366,0.8540512622656208,0.9949075691924196,0.04666480318231358,0.02508907609577256,0.8660754526213614,0.0,0.02035958762557134
6.62,0.08324216446181641,0.8540531842483483,0.9949883997167246,0.04669736297780019,0.02500495725937144,0.8661120982125683,0.0,0.0203065389592088
6.640000000000001,0.08326954934810785,0.8540549871853782,0.9950679472439882,0.04672976237371207,0.024921147737527495,0.8661485298917259,0.0,0.02025351686355258
6.66,0.08329690561402572,0.8540566727887613,0.9951462321388118,0.04676200279517334,0.024837646241633905,0.8661847495139687,0.0,0.02020052291700257
6.68,0.08332423326394975,0.8540582427473602,0.9952232744425561,0.04679408565315259,0.02475445148900827,0.8662207589137899,0.0,0.020147558674577938
6.7,0.08335153230273833,0.8540596987271603,0.9952990938784715,0.0468260123446066,0.02467156220286853,0.8662565599052953,0.0,0.020094625668185068
6.72,0.0833788027357156,0.8540610423715757,0.9953737098567477,0.046857784252622624,0.024588977112308823,0.8662921542824554,0.0,0.020041725406882684
6.74,0.08340604456865884,0.854062275301752,0.9954471414794825,0.04688940274655911,0.024506694952275355,0.8663275438193542,0.0,0.0199888593771442
6.76,0.08343325780778604,0.8540633991168648,0.9955194075455726,0.04692086918218497,0.024424714463542184,0.866362730270434,0.0,0.019936029043117313
6.78,0.08346044245974393,0.8540644153944137,0.9955905265555254,0.046952184901817406,0.024343034392687018,0.866397715370738,0.0,0.019883235846880867
6.8,0.08348759853159615,0.8540653256905134,0.9956605167161958,0.04698335123445827,0.024261653492066975,0.866432500836149,0.0,0.01983048120869902
6.82,0.0835147260308118,0.8540661315401804,0.9957293959454473,0.04701436949592902,0.02418057051979432,0.8664670883636256,0.0,0.01977776652727273
6.84,0.08354182496525418,0.8540668344576158,0.9957971818767386,0.04704524098900424,0.024099784239712194,0.8665014796314355,0.0,0.019725093179988606
6.86,0.08356889534316989,0.8540674359364847,0.9958638918636383,0.047075967003543794,0.024019293421370318,0.8665356762993852,0.0,0.01967246252316512
6.88,0.08359593717317804,0.854067937450192,0.9959295429842675,0.04710654881662357,0.023939096840000697,0.8665696800090472,0.0,0.01961987589229625
6.9,0.08362295046425992,0.8540683404521539,0.9959941520456714,0.04713698769266489,0.023859193276493326,0.8666034923839844,0.0,0.01956733460229252
6.92,0.08364993522574876,0.8540686463760664,0.9960577355881227,0.047167284883562546,0.023779581517371865,0.8666371150299712,0.0,0.01951483994771953
6.94,0.08367689146731974,0.8540688566361703,0.9961203098893555,0.047197441628811516,0.023700260354769336,0.8666705495352126,0.0,0.019462393203033945
6.96,0.08370381919898033,0.8540689726275122,0.9961818909687327,0.04722745915563236,0.023621228586403822,0.8667037974705594,0.0,0.019409995622817002
6.98,0.0837307184310608,0.8540689957262027,0.9962424945913467,0.047257338679095304,0.023542485015554154,0.8667368603897213,0.0,0.019357648442005538
7.0,0.08375758917420492,0.8540689272896701,0.9963021362720561,0.04728708140224303,0.023464028451035616,0.8667697398294777,0.0,0.019305352876120584
7.0200000000000005,0.08378443143936101,0.8540687686569125,0.9963608312794567,0.04731668851621222,0.02338585770717568,0.8668024373098847,0.0,0.01925311012149354
7.04,0.08381124523777306,0.8540685211487445,0.996418594639791,0.047346161200353794,0.023307971603789706,0.8668349543344805,0.0,0.019200921355489953
7.0600000000000005,0.08383803058097214,0.8540681860680424,0.9964754411407947,0.047375500622351914,0.02323036896615671,0.8668672923904875,0.0,0.019148787736730902
7.08,0.08386478748076803,0.8540677646999847,0.9965313853354825,0.047404707938341784,0.02315304862499512,0.8668994529490124,0.0,0.01909671040531208
7.1000000000000005,0.083891515949241,0.8540672583122907,0.9965864415458737,0.04743378429302617,0.023076009416438552,0.8669314374652428,0.0,0.019044690483020505
7.12,0.08391821599873384,0.8540666681554552,0.9966406238666589,0.04746273081979079,0.02299925018201162,0.8669632473786429,0.0,0.01899272907354897
7.140000000000001,0.083944887641844,0.8540659954629798,0.996693946168808,0.04749154864081843,0.022922769768605775,0.8669948841131448,0.0,0.018940827262708175
7.16,0.0839715308914161,0.8540652414516022,0.9967464221031217,0.0475202388672019,0.022846567028455153,0.8670263490773389,0.0,0.01888898611863665
7.18,0.08399814576053437,0.8540644073215213,0.9967980651037257,0.04754880259905588,0.02277064081911247,0.8670576436646609,0.0,0.018837206692008397
7.2,0.08402473226251549,0.8540634942566201,0.9968488883915102,0.04757724092562753,0.02269499000342494,0.867088769253577,0.0,0.01878549001623836
7.22,0.0840512904109015,0.8540625034246849,0.9968989049775143,0.047605554925406,0.022619613449510228,0.8671197272077666,0.0,0.018733837107685686
7.24,0.0840778202194529,0.8540614359776229,0.9969481276662574,0.047633745666230805,0.022544510030732445,0.8671505188763023,0.0,0.018682248965854832
7.26,0.08410432170214194,0.854060293051675,0.9969965690590165,0.04766181420539905,0.022469678625678162,0.8671811455938281,0.0,0.01863072657359451
7.28,0.08413079487314605,0.8540590757676276,0.9970442415570526,0.047689761589771604,0.022395118118132495,0.867211608680735,0.0,0.018579270897294536
7.3,0.08415723974684146,0.8540577852310205,0.9970911573647857,0.04771758885587813,0.0223208273970552,0.8672419094433346,0.0,0.018527882887080554
7.32,0.08418365633779692,0.8540564225323521,0.9971373284929187,0.047745297030021054,0.022246805356556824,0.8672720491740303,0.0,0.018476563477006696
7.34,0.0842100446607677,0.8540549887472826,0.9971827667615125,0.04777288712837847,0.022173050895874916,0.8673020291514867,0.0,0.018425313585246163
7.36,0.08423640473068957,0.8540534849368334,0.9972274838030121,0.04780036015710594,0.022099562919350252,0.8673318506407959,0.0,0.018374134114279798
7.38,0.08426273656267305,0.854051912147585,0.9972714910652243,0.047827717112437336,0.02202634033640314,0.8673615148936428,0.0,0.018323025951082608
7.4,0.0842890401719978,0.8540502714118713,0.9973147998142485,0.04785495898078453,0.021953382061509753,0.8673910231484678,0.0,0.018271989967308312
7.42,0.08431531557410708,0.8540485637479717,0.997357421137361,0.04788208673883616,0.021880687014178526,0.8674203766306274,0.0,0.018221027019471907
7.44,0.08434156278460243,0.8540467901603008,0.9973993659458533,0.04790910135365533,0.021808254118926597,0.8674495765525526,0.0,0.018170137949130263
7.46,0.0843677818192384,0.8540449516395955,0.9974406449778255,0.04793600378277628,0.021736082305256314,0.8674786241139056,0.0,0.018119323583060797
7.48,0.08439397269391749,0.854043049163099,0.997481268800935,0.04796279497430015,0.021664170507631784,0.8675075205017345,0.0,0.01806858473343823
7.5,0.08442013542468518,0.8540410836947436,0.9975212478151025,0.04798947586698968,0.02159251766545549,0.8675362668906257,0.0,0.01801792219800942
7.5200000000000005,0.08444627002772512,0.8540390561853297,0.9975605922551741,0.04801604739036297,0.021521122723044968,0.8675648644428546,0.0,0.017967336760266354
7.54,0.08447237651935437,0.8540369675727032,0.9975993121935411,0.04804251046478629,0.021449984629609516,0.8675933143085346,0.0,0.01791682918961725
7.5600000000000005,0.08449845491601882,0.8540348187819304,0.9976374175427193,0.048068866001565895,0.021379102339227008,0.8676216176257636,0.0,0.017866400241555835
7.58,0.08452450523428877,0.8540326107254707,0.9976749180578861,0.04809511490303897,0.021308474810820745,0.8676497755207693,0.0,0.017816050657828778
7.6000000000000005,0.08455052749085448,0.8540303443033461,0.9977118233393782,0.04812125806266357,0.021238101008136362,0.867677789108052,0.0,0.01776578116660135
7.62,0.08457652170252203,0.8540280204033103,0.9977481428351493,0.048147296365107686,0.02116797989971882,0.8677056594905265,0.0,0.01771559248262127
7.640000000000001,0.08460248788620908,0.8540256399010131,0.9977838858431886,0.04817323068633739,0.02109811045888945,0.8677333877596607,0.0,0.017665485307380813
7.66,0.08462842605894093,0.8540232036601649,0.9978190615139013,0.04819906189370406,0.021028491663723062,0.8677609749956143,0.0,0.017615460329277133
7.68,0.08465433623784652,0.8540207125326975,0.9978536788524512,0.04822479084603074,0.02095912249702514,0.8677884222673744,0.0,0.017565518223770876
7.7,0.08468021844015469,0.8540181673589231,0.9978877467210662,0.048250418393697626,0.020890001946309075,0.8678157306328894,0.0,0.017515659653543077
7.72,0.08470607268319041,0.8540155689676917,0.9979212738413065,0.048275945378726606,0.0208211290037735,0.8678429011392023,0.0,0.017465885268650366
7.74,0.08473189898437117,0.8540129181765457,0.997954268796298,0.04830137263486504,0.02075250266627967,0.8678699348225808,0.0,0.01741619570667848
7.76,0.08475769736120344,0.8540102157918728,0.9979867400329294,0.04832670098766861,0.020684121935328932,0.8678968327086471,0.0,0.017366591592894106
7.78,0.08478346783127928,0.8540074626090566,0.9980186958640147,0.04835193125458334,0.020615985817040255,0.8679235958125054,0.0,0.017317073540395116
7.8,0.084809210412273,0.8540046594126259,0.9980501444704211,0.048377064245026836,0.02054809332212783,0.8679502251388674,0.0,0.017267642150259138
7.82,0.08483492512193785,0.8540018069764008,0.9980810939031635,0.048402100760468594,0.020480443465878767,0.8679767216821772,0.0,0.01721829801169052
7.84,0.08486061197810293,0.8539989060636379,0.9981115520854658,0.04842704159450958,0.020413035268130836,0.8680030864267336,0.0,0.01716904170216572
7.86,0.08488627099867006,0.8539959574271729,0.998141526814789,0.04845188753296095,0.020345867753250303,0.8680293203468118,0.0,0.01711987378757709
7.88,0.08491190220161084,0.8539929618095617,0.9981710257648274,0.04847663935392201,0.020278939950109837,0.8680554244067825,0.0,0.017070794822375116
7.9,0.0849375056049637,0.8539899199432195,0.9982000564874735,0.04850129782785734,0.020212250892066498,0.8680813995612305,0.0,0.017021805349709096
7.92,0.08496308122683109,0.8539868325505576,0.9982286264147506,0.04852586371767313,0.02014579961693979,0.8681072467550712,0.0,0.016972905901566308
7.94,0.08498862908537672,0.8539837003441193,0.9982567428607164,0.04855033777879282,0.0200795851669898,0.8681329669236658,0.0,0.016924096998909642
7.96,0.08501414919882289,0.853980524026713,0.9982844130233344,0.048574720759231846,0.020013606588895425,0.8681585609929349,0.0,0.016875379151813738
7.98,0.08503964158544787,0.8539773042915441,0.9983116439863173,0.048599013399671744,0.019947862933732657,0.8681840298794707,0.0,0.016826752859599645
8.0,0.08506510626358343,0.8539740418223447,0.9983384427209405,0.04862321643353342,0.01988235325695297,0.8682093744906484,0.0,0.016778218610968006
8.02,0.08508948074336294,0.853970738498696,0.9824921361518264,0.0486473284681725,0.01981707661836177,0.8682345957247348,0.0,0.016729776884130798
8.040000000000001,0.08511169636665868,0.8539674009897273,0.9668973529350515,0.04867133965165064,0.019752032082096936,0.868259694470997,0.0,0.016681428146941613
8.06,0.08513174416005867,0.8539640370992967,0.9515501007209478,0.04869523807186002,0.01968721871660743,0.8682846716098089,0.0,0.016633172857024533
8.08,0.08514961550386847,0.8539606545550849,0.9364464505291357,0.0487190118827025,0.01962263559463201,0.8683095280127563,0.0,0.016585011461901587
8.1,0.08516530213855568,0.8539572610084174,0.9215825357426835,0.04874264930556386,0.019558281793178006,0.8683342645427412,0.0,0.016536944399118823
8.120000000000001,0.08517879617105116,0.8539538640340688,0.9069545511182325,0.048766138630811445,0.019494156393500186,0.8683588820540844,0.0,0.01648897209637098
8.14,0.08519009008089966,0.853950471130048,0.8925587518118343,0.04878946821931411,0.019430258481079703,0.8683833813926267,0.0,0.01644109497162482
8.16,0.08519917672625252,0.8539470897173673,0.8783914524202494,0.048812626503983214,0.019366587145603124,0.8684077633958294,0.0,0.01639331343324106
8.18,0.08520604934969542,0.8539437271397956,0.8644490260374647,0.048835601991333646,0.019303141480941553,0.8684320288928725,0.0,0.016345627880095043
8.2,0.085210701583904,0.8539403906635947,0.8507279033261851,0.04885838326306354,0.01923992058512982,0.8684561787047531,0.0,0.016298038701696008
8.22,0.08521312745712055,0.8539370874772425,0.8372245716040642,0.04888095897765155,0.019176923560345772,0.868480213644381,0.0,0.016250546278305085
8.24,0.08521332139844477,0.8539338246911409,0.8239355739444382,0.048903317871970366,0.019114149512889634,0.8685041345166742,0.0,0.016203150981051993
8.26,0.08521127824293209,0.8539306093373114,0.8108575082913336,0.048925448762915144,0.01905159755316347,0.8685279421186528,0.0,0.016155853172050448
8.28,0.08520699323649285,0.8539274483690785,0.7979870265885228,0.048947340549045655,0.018989266795650713,0.8685516372395317,0.0,0.0161086532045123
8.3,0.08520046204058604,0.8539243486607411,0.7853208339224029,0.04896898221224067,0.018927156358895796,0.8685752206608119,0.0,0.016061551422860414
8.32,0.08519168073670144,0.8539213170072333,0.77285568767848,0.048990362819363295,0.018865265365483847,0.8685986931563717,0.0,0.016014548162840297
8.34,0.08518064583062399,0.8539183601237761,0.7605883967112423,0.04901147152393586,0.0188035929420205,0.8686220554925551,0.0,0.015967643751630515
8.36,0.08516735425647469,0.8539154846455194,0.7485158205272094,0.04903229756782293,0.01874213821911177,0.8686453084282603,0.0,0.015920838507951875
8.38,0.08515180338052238,0.8539126971271764,0.7366348684809486,0.04905283028292098,0.018680900331344008,0.8686684527150268,0.0,0.015874132742175397
8.4,0.08513399100476088,0.853910004042651,0.7249424989838531,0.04907305909285336,0.018619878417263973,0.8686914890971212,0.0,0.015827526756429105
8.42,0.08511391537024655,0.8539074117846581,0.7134357187254784,0.049092973514669035,0.018559071619358956,0.8687144183116223,0.0,0.01578102084470363
8.44,0.08509157516019111,0.8539049266643394,0.7021115819072388,0.04911256316054357,0.01849847908403702,0.8687372410885045,0.0,0.015734615292956642
8.46,0.08506696950280519,0.8539025549108742,0.6909671894882665,0.049131817739480964,0.018438099961607297,0.8687599581507206,0.0,0.01568831037921613
8.48,0.08504009797388815,0.8539003026710866,0.6799996884432418,0.04915072705901474,0.018377933406260406,0.868782570214284,0.0,0.01564210637368254
8.5,0.08501096059915995,0.8538981760090504,0.6692062710320025,0.049169281026906826,0.018317978576048922,0.8688050779883487,0.0,0.015596003538829757
8.52,0.08497955785633143,0.8538961809056912,0.6585841740807474,0.049187469652842625,0.01825823463286796,0.8688274821752893,0.0,0.015550002129505011
8.540000000000001,0.08494589067690914,0.8538943232583888,0.6481306782746488,0.04920528305012087,0.01819870074243584,0.8688497834707795,0.0,0.015504102393027621
8.56,0.08490996044773162,0.8538926088805785,0.6378431074616927,0.04922271143733653,0.018139376074274814,0.8688719825638698,0.0,0.01545830456928668
8.58,0.08487176901223425,0.853891043501354,0.6277188279675696,0.04923974514005545,0.018080259801691926,0.8688940801370642,0.0,0.015412608890837634
8.6,0.08483131867143977,0.8538896327650717,0.6177552479214393,0.04925637459247894,0.01802135110175992,0.8689160768663957,0.0,0.015367015582997794
8.620000000000001,0.08478861218467225,0.8538883822309574,0.607949816592398,0.049272590339097005,0.017962649155298258,0.8689379734215017,0.0,0.015321524863940781
8.64,0.08474365276999271,0.8538872973727172,0.598300023736477,0.04928838303632846,0.017904153146854198,0.8689597704656968,0.0,0.015276136944789919
8.66,0.08469644410435433,0.853886383578152,0.5888033989540067,0.04930374345414654,0.017845862264684004,0.8689814686560468,0.0,0.015230852029710584
8.68,0.08464699032347618,0.8538856461487783,0.5794575110571808,0.049318662477688416,0.017787775700734195,0.8690030686434396,0.0,0.015185670316001524
8.700000000000001,0.08459529602143448,0.8538850902994536,0.5702599674476589,0.04933313110884709,0.017729892650622917,0.8690245710726572,0.0,0.01514059199418516
8.72,0.08454136624997052,0.8538847211580108,0.5612084135040485,0.04934714046784417,0.017672212313621382,0.8690459765824453,0.0,0.015095617248096875
8.74,0.08448520651751516,0.8538845437648986,0.5523005319791083,0.049360681794781994,0.0176147338926354,0.8690672858055829,0.0,0.015050746254973307
8.76,0.08442682278792983,0.8538845630728317,0.5435340424065214,0.049373746451173664,0.017557456594187,0.8690884993689506,0.0,0.015005979185539647
8.78,0.08436622147896447,0.8538847839464496,0.5349067005170824,0.04938632592144949,0.017500379628396137,0.8691096178935983,0.0,0.01496131620409597
8.8,0.0843034094604331,0.8538852111619872,0.526416297664153,0.04939841181443838,0.01744350220896248,0.8691306419948116,0.0,0.014916757468602585
8.82,0.08423839405210816,0.8538858494069549,0.5180606602582358,0.04940999586482278,0.01738682355314729,0.8691515722821782,0.0,0.014872303130764436
8.84,0.08417118302133501,0.8538867032798311,0.509837649210524,0.04942106993456569,0.017330342881755407,0.8691724093596527,0.0,0.014827953336114554
8.86,0.08410178458036847,0.853887777289768,0.5017451593852827,0.04943162601430844,0.017274059419117273,0.8691931538256208,0.0,0.014783708224096572
8.88,0.0840302073834334,0.8538890758563101,0.49378111906092287,0.04944165622473784,0.01721797239307109,0.8692138062729629,0.0,0.014739567928146308
8.9,0.0839564605235119,0.8538906033091272,0.48594348939962895,0.049451152817921305,0.017162081034945046,0.8692343672891165,0.0,0.014695532575772429
8.92,0.08388055352885988,0.8538923638877618,0.47823026392540563,0.04946010817860876,0.017106384579539616,0.8692548374561386,0.0,0.014651602288636215
8.94,0.08380249635925627,0.8538943617413925,0.47063946801040885,0.049468514825499986,0.01705088226510997,0.8692752173507664,0.0,0.01460777718263042
8.96,0.08372229940198811,0.8538966009286137,0.4631691583694303,0.04947636541247612,0.01699557333334845,0.8692955075444776,0.0,0.014564057367957234
8.98,0.08363997346757558,0.8538990854172316,0.4558174225624058,0.049483652729794214,0.01694045702936715,0.8693157086035502,0.0,0.014520442949205382
9.0,0.08355552978524092,0.8539018190840783,0.4485823785048203,0.049490369705243606,0.016885532601680558,0.8693358210891216,0.0,0.014476934025426338
9.02,0.08346897999812576,0.8539048057148436,0.44146217398588367,0.04949650940526294,0.016830799302188303,0.8693558455572458,0.0,0.014433530690209685
9.040000000000001,0.08338033615826151,0.8539080490039259,0.43445498619435496,0.049502065036016826,0.016776256386157984,0.8693757825589519,0.0,0.014390233031757616
9.06,0.08328961072129794,0.8539115525543017,0.42755902125189266,0.049507029944431,0.01672190311220808,0.8693956326403002,0.0,0.014347041132958604
9.08,0.08319681654099506,0.853915319877416,0.4207725137538119,0.04951139761918503,0.01666773874229094,0.869415396342438,0.0,0.014303955071460218
9.1,0.08310196686348423,0.8539193543930913,0.4140937263171315,0.04951516169166154,0.016613762541675868,0.8694350742016556,0.0,0.014260974919741131
9.120000000000001,0.08300507532130394,0.8539236594294595,0.40752094913579406,0.049518315936851076,0.016559973778932296,0.8694546667494398,0.0,0.014218100745182302
9.14,0.08290615592721667,0.8539282382229131,0.4010524995429467,0.04952085427421168,0.01650637172591302,0.8694741745125292,0.0,0.014175332610137351
9.16,0.08280522306781306,0.8539330939180796,0.3946867215801687,0.049522770768482376,0.01645295565773754,0.869493598012966,0.0,0.01413267057200213
9.18,0.08270229149690995,0.8539382295678167,0.3884219855735375,0.049524059630449764,0.01639972485277548,0.8695129377681496,0.0,0.014090114683283514
9.200000000000001,0.0825973763287492,0.8539436481332311,0.3822566877164231,0.049524715217666944,0.016346678592630087,0.8695321942908882,0.0,0.014047664991667394
9.22,0.08249049303100409,0.8539493524837192,0.3761892496589048,0.04952473203512412,0.01629381616212182,0.8695513680894501,0.0,0.01400532154008591
9.24,0.08238165741760081,0.8539553453970316,0.37021811810370503,0.049524104735870246,0.016241136849272007,0.8695704596676141,0.0,0.0139630843667839
9.26,0.08227088564136219,0.8539616295593605,0.36434176440853666,0.04952282812158504,0.016188639945286614,0.8695894695247202,0.0,0.013920953505384612
9.28,0.08215819418648121,0.8539682075654514,0.35855868419476244,0.049520897143100935,0.016136324744540062,0.869608398155718,0.0,0.013878928984954644
9.3,0.08204359986083229,0.853975081918738,0.35286739696226566,0.04951830690087437,0.016084190544559153,0.8696272460512166,0.0,0.013837010830068155
9.32,0.08192711978812789,0.8539822550315018,0.34726644571043414,0.049515052645406066,0.016032236646007066,0.8696460136975319,0.0,0.01379519906087034
9.34,0.0818087713999286,0.8539897292250556,0.3417543965651601,0.04951112977760978,0.01598046235266744,0.8696647015767348,0.0,0.01375349369314017
9.36,0.08168857242751477,0.8539975067299516,0.3363298384117605,0.04950653384912937,0.01592886697142854,0.8696833101666978,0.0,0.013711894738352428
9.38,0.08156654089362787,0.8540055896862144,0.330991382533724,0.04950126056260368,0.01587744981226749,0.8697018399411415,0.0,0.013670402203739013
9.4,0.08144269510408995,0.8540139801435984,0.3257376622571921,0.04949530577187921,0.01582621018823461,0.8697202913696807,0.0,0.013629016092349561
9.42,0.08131705363930944,0.8540226800618693,0.32056733260108283,0.04948866548217023,0.015775147415437812,0.8697386649178693,0.0,0.013587736403111351
9.44,0.08118963534568183,0.8540316913111117,0.3154790699327686,0.04948133585016629,0.015724260813027108,0.8697569610472455,0.0,0.013546563130888539
9.46,0.08106045932689368,0.8540410156720599,0.3104715716292188,0.04947331318408705,0.015673549703179152,0.8697751802153757,0.0,0.013505496266540695
9.48,0.08092954493513839,0.854050654836455,0.3055435557435213,0.04946459394368432,0.015623013411081906,0.869793322875898,0.0,0.013464535796980679
9.5,0.08079691176225232,0.8540606104074254,0.300693760676697,0.04945517474019148,0.015572651264919362,0.8698113894785653,0.0,0.013423681705231843
9.52,0.08066257963077979,0.8540708838998926,0.2959209448547236,0.0494450523362202,0.015522462595856351,0.8698293804692885,0.0,0.013382933970484567
9.540000000000001,0.08052656858497545,0.854081476741001,0.29122388641068586,0.04943422364560467,0.01547244673802343,0.8698472962901777,0.0,0.013342292568152154
9.56,0.08038889888175246,0.8540923902705727,0.286601382871971,0.04942268573319352,0.015422603028501847,0.8698651373795842,0.0,0.013301757469926071
9.58,0.08024959098158509,0.854103625741586,0.28205225085242924,0.04941043581458961,0.01537293080730859,0.8698829041721414,0.0,0.013261328643830556
9.6,0.08010866553937392,0.8541151843206781,0.27757532574942023,0.04939747125583796,0.015323429417381509,0.8699005970988054,0.0,0.013221006054276587
9.620000000000001,0.07996614339528225,0.8541270670886713,0.2731694614456687,0.04938378957306223,0.015274098204564516,0.8699182165868947,0.0,0.013180789662115227
9.64,0.07982204556555177,0.854139275041123,0.26883353001585214,0.04936938843204994,0.015224936517592868,0.8699357630601303,0.0,0.013140679424690355
9.66,0.07967639323330576,0.8541518090888994,0.2645664214378455,0.04935426564778705,0.01517594370807852,0.8699532369386742,0.0,0.013100675295890776
9.68,0.079529207739348,0.8541646700587715,0.26036704330854965,0.04933841918394216,0.01512711913049557,0.8699706386391681,0.0,0.013060777226201735
9.700000000000001,0.0793805105729652,0.854177858694034,0.2562343205642304,0.049321847152301,0.01507846214216576,0.8699879685747719,0.0,0.013020985162755825
9.72,0.07923032336274094,0.8541913756551467,0.25216719520529596,0.04930454781215157,0.015029972103244065,0.8700052271552006,0.0,0.012981299049383303
9.74,0.07907866786738885,0.8542052215203985,0.24816462602544345,0.04928651956962072,0.014981648376704373,0.870022414786762,0.0,0.01294171882666182
9.76,0.07892556596661256,0.8542193967865915,0.24422558834510444,0.04926776097696257,0.014933490328325208,0.8700395318723935,0.0,0.012902244431965576
9.78,0.07877103965199994,0.8542339018697483,0.24034907374912132,0.04924827073179964,0.014885497326675557,0.8700565788116978,0.0,0.01286287579951389
9.8,0.0786151110179589,0.8542487371058384,0.23653408982858745,0.04922804767631722,0.014837668743100763,0.8700735560009794,0.0,0.012823612860419213
9.82,0.07845780225270185,0.8542639027515261,0.2327796599267852,0.04920709079641183,0.01479000395170849,0.8700904638332793,0.0,0.012784455542734576
9.84,0.07829913562928585,0.8542793989849382,0.2290848228891564,0.049185399220794436,0.014742502329354763,0.8701073026984105,0.0,0.012745403771500477
9.86,0.07813913349671513,0.854295225906451,0.2254486328172416,0.04916297222004937,0.014695163255630096,0.8701240729829924,0.0,0.012706457468791224
9.88,0.07797781827111265,0.8543113835394964,0.22187015882652472,0.04913980920564959,0.014647986112845674,0.8701407750704848,0.0,0.012667616553760737
9.9,0.07781521242696708,0.8543278718313866,0.2183484848081218,0.049115909728929354,0.01460097028601962,0.8701574093412215,0.0,0.012628880942687801
9.92,0.07765133848846137,0.8543446906541566,0.21488270919425193,0.04909127348001504,0.014554115162863344,0.8701739761724441,0.0,0.012590250549020802
9.94,0.07748621902088887,0.8543618398054248,0.211471944727431,0.0490659002867151,0.014507420133767938,0.870190475938334,0.0,0.01255172528342192
9.96,0.07731987662216293,0.8543793190092697,0.20811531823332902,0.0490397901133701,0.014460884591790677,0.8702069090100458,0.0,0.012513305053810814
9.98,0.07715233391442536,0.8543971279171237,0.2048119703972326,0.049012943059663826,0.014414507932641573,0.8702232757557389,0.0,0.012474989765407792
10.0,0.07698361353575925,0.8544152661086829,0.20156105554405582,0.0489853593593964,0.014368289554670004,0.8702395765406091,0.0,0.012436779320776458
10.02,0.07681373813201114,0.8544337330928311,0.1983617414218427,0.04895703937922045,0.014322228858851416,0.8702558117269205,0.0,0.012398673619865871
10.040000000000001,0.07664273034872762,0.8544525283085799,0.1952132089887062,0.0489279836173414,0.014276325248774103,0.8702719816740356,0.0,0.012360672560052195
10.06,0.07647061282321088,0.8544716511260221,0.192114652203149,0.04889819270218291,0.014230578130626045,0.8702880867384467,0.0,0.012322776036179862
10.08,0.07629740817669774,0.8544911008472987,0.18906527781771246,0.048867667391018464,0.014184986913181834,0.8703041272738055,0.0,0.01228498394060224
10.1,0.07612313900666637,0.8545108767075795,0.18606430517590097,0.04883640856857037,0.014139551007789655,0.870320103630953,0.0,0.012247296163221828
10.120000000000001,0.07594782787927473,0.8545309778760549,0.18311096601232968,0.04880441724557707,0.014094269828358345,0.8703360161579496,0.0,0.012209712591529967
10.14,0.07577149732193439,0.8545514034569406,0.1802045042560442,0.04877169455733002,0.014049142791344525,0.8703518652001033,0.0,0.012172233110646077
10.16,0.07559416981602333,0.8545721524904925,0.17734417583696246,0.048738241762181174,0.014004169315739794,0.870367651099999,0.0,0.012134857603356435
10.18,0.07541586778974108,0.8545932239540327,0.17452924849538864,0.04870406024002226,0.013959348823058,0.870383374197527,0.0,0.012097585950152482
10.200000000000001,0.07523661361110906,0.8546146167629854,0.17175900159455074,0.04866915149073695,0.013914680737322573,0.8703990348299105,0.0,0.012060418029268681
10.22,0.07505642958111933,0.8546363297719216,0.16903272593611351,0.048633517132627105,0.013870164485053935,0.8704146333317342,0.0,0.012023353716719915
10.24,0.07487533792703388,0.8546583617756126,0.16634972357862,0.04859715890081419,0.01382579949525697,0.8704301700349709,0.0,0.011986392886338446
10.26,0.07469336079583733,0.8546807115100917,0.16370930765881447,0.048560078645617094,0.013781585199408568,0.8704456452690091,0.0,0.011949535409810422
10.28,0.07451052024784481,0.8547033776537236,0.16111080221580196,0.04852227833090742,0.013737521031445233,0.8704610593606796,0.0,0.011912781156711964
10.3,0.07432683825046732,0.8547263588282795,0.15855354201799834,0.048483760032443486,0.013693606427750762,0.8704764126342819,0.0,0.01187612999454479
10.32,0.07414233667213595,0.8547496536000198,0.15603687239282754,0.04844452593618413,0.013649840827143992,0.87049170541161,0.0,0.011839581788771446
10.34,0.0739570372763868,0.854773260480781,0.15356014905912171,0.04840457833658353,0.013606223670866608,0.8705069380119791,0.0,0.01180313640285009
10.36,0.0737709617161077,0.8547971779290687,0.1511227379621818,0.0483639196348681,0.013562754402571018,0.8705221107522501,0.0,0.011766793698268867
10.38,0.07358413152794786,0.8548214043511543,0.1487240151114561,0.048322552337296765,0.013519432468308307,0.8705372239468553,0.0,0.011730553534579862
10.4,0.07339656812689148,0.854845938102175,0.14636336642079514,0.04828047905340556,0.013476257316516235,0.8705522779078233,0.0,0.011694415769432654
10.42,0.07320829280099585,0.8548707774872384,0.14404018755124237,0.04823770249423786,0.013433228398007323,0.8705672729448036,0.0,0.011658380258607456
10.44,0.07301932670629456,0.8548959207625281,0.1417538837563201,0.04819422547056128,0.013390345165956987,0.8705822093650907,0.0,0.011622446856047861
10.46,0.07282969086186611,0.8549213661364119,0.13950386972977108,0.04815005089107236,0.013347607075891745,0.8705970874736481,0.0,0.011586615413893183
10.48,0.07263940614506803,0.8549471117705518,0.137289569455717,0.04810518176059023,0.01330501358567749,0.8706119075731323,0.0,0.011550885782510416
10.5,0.07244849328693656,0.8549731557810142,0.13511041606119514,0.04805962117824018,0.013262564155507821,0.8706266699639162,0.0,0.011515257810525798
10.52,0.07225697286775153,0.8549994962393804,0.132965851671036,0.04801337233562848,0.013220258247892443,0.870641374944112,0.0,0.011479731344855994
10.540000000000001,0.07206486531276622,0.8550261311738574,0.130855327265044,0.047966438515009244,0.013178095327645628,0.8706560228095942,0.0,0.0114443062307389
10.56,0.07187219088810157,0.855053058570387,0.12877830253744543,0.0479188230874446,0.013136074861874741,0.8706706138540224,0.0,0.01140898231176407
10.58,0.07167896969680394,0.8550802763737544,0.12673424575856718,0.04787052951095914,0.013094196319968828,0.8706851483688637,0.0,0.01137375942990277
10.6,0.0714852216750659,0.855107782488694,0.12472263363871107,0.04782156132868967,0.013052459173587268,0.8706996266434142,0.0,0.01133863742553768
10.620000000000001,0.07129096658860856,0.8551355747809937,0.12274295119418882,0.04777192216703131,0.013010862896648483,0.8707140489648215,0.0,0.011303616137492206
10.64,0.0710962240292249,0.8551636510785956,0.1207946916154834,0.047721615733780885,0.012969406965318713,0.8707284156181061,0.0,0.011268695403059458
10.66,0.0709010134114822,0.8551920091726939,0.118877356137503,0.04767064581627869,0.012928090858000858,0.8707427268861825,0.0,0.011233875058030859
10.68,0.07070535396958269,0.855220646818828,0.11699045391189453,0.047619016279549474,0.012886914055323368,0.8707569830498804,0.0,0.011199154936724407
10.700000000000001,0.07050926475438066,0.8552495617379723,0.11513350188138366,0.047566731064443694,0.01284587604012921,0.8707711843879654,0.0,0.011164534872012594
10.72,0.07031276463055434,0.8552787516176202,0.1133060246561096,0.047513794185779876,0.012804976297464882,0.8707853311771601,0.0,0.01113001469534997
10.74,0.07011587227393111,0.855308214112864,0.11150755439192266,0.04746020973048908,0.012764214314569495,0.8707994236921633,0.0,0.011095594236800376
10.76,0.06991860616896373,0.8553379468474674,0.10973763067061355,0.04740598185576228,0.012723589580863915,0.8708134622056717,0.0,0.011061273325063849
10.78,0.06972098460635609,0.8553679474149339,0.10799580038204393,0.047351114787201554,0.012683101587939958,0.870827446988398,0.0,0.01102705178750317
10.8,0.0695230256808362,0.8553982133795669,0.1062816176081476,0.04729561281697597,0.012642749829549655,0.8708413783090919,0.0,0.010992929450170108
10.82,0.06932474728907428,0.8554287422775237,0.10459464350877312,0.047239480301982925,0.012602533801594566,0.8708552564345589,0.0,0.010958906137831329
10.84,0.06912616712774397,0.8554595316178625,0.10293444620933835,0.04718272166201582,0.01256245300211516,0.8708690816296792,0.0,0.010924981673993979
10.86,0.06892730269172398,0.8554905788835803,0.10130060069026811,0.047125341377938765,0.01252250693128025,0.8708828541574274,0.0,0.010891155880930963
10.88,0.0687281712724383,0.8555218815326446,0.09969268867818694,0.04706734398986915,0.012482695091376486,0.8708965742788906,0.0,0.010857428579705891
10.9,0.06852878995633216,0.8555534369990155,0.09811029853883879,0.0470087340953688,0.012443016986797907,0.870910242253287,0.0,0.010823799590197731
10.92,0.06832917562348152,0.8555852426936589,0.0965530251717064,0.04694951634764444,0.01240347212403555,0.8709238583379844,0.0,0.01079026873112514
10.94,0.06812934494633337,0.8556172960055514,0.09502046990630335,0.046889695453758116,0.012364060011667117,0.8709374227885182,0.0,0.010756835820070504
10.96,0.06792931438857439,0.8556495943026753,0.09351224040011227,0.04682927617284834,0.0123247801603467,0.870950935858609,0.0,0.010723500673503668
10.98,0.06772910020412533,0.8556821349330042,0.092027950538143,0.04676826331436252,0.012285632082794559,0.8709643978001809,0.0,0.01069026310680537
11.0,0.06752871843625835,0.8557149152254782,0.09056722033408501,0.04670666173630134,0.012246615293786959,0.8709778088633778,0.0,0.010657122934290384
11.02,0.06732818491683475,0.8557479324909693,0.08912967583302889,0.04664447634347576,0.012207729310146064,0.870991169296582,0.0,0.010624079969230375
11.040000000000001,0.06712751526566021,0.8557811840232361,0.08771494901573179,0.04658171208577705,0.01216897365072988,0.8710044793464304,0.0,0.010591134023876451
11.06,0.06692672488995502,0.855814667099868,0.08632267770440252,0.04651837395646067,0.012130347836422263,0.8710177392578314,0.0,0.010558284909481457
11.08,0.06672582898393614,0.8558483789832176,0.08495250546998206,0.046454466990444275,0.01209185139012298,0.8710309492739818,0.0,0.01052553243632196
11.1,0.06652484252850879,0.8558823169213231,0.08360408154089576,0.04638999626262057,0.012053483836737815,0.8710441096363833,0.0,0.010492876413719977
11.120000000000001,0.0663237802910643,0.8559164781488182,0.08227706071325387,0.04632496688618539,0.012015244703168742,0.8710572205848586,0.0,0.010460316650064411
11.14,0.06612265682538167,0.8559508598878312,0.08097110326247756,0.04625938401098155,0.011977133518304147,0.8710702823575672,0.0,0.010427852952832236
11.16,0.06592148647162997,0.8559854593488714,0.07968587485632744,0.04619325282185884,0.011939149813009104,0.8710832951910221,0.0,0.01039548512860939
11.18,0.0657202833564687,0.8560202737317049,0.0784210464693128,0.046126578537050725,0.0119012931201157,0.8710962593201047,0.0,0.010363212983111417
11.200000000000001,0.06551906139324332,0.8560553002262166,0.07717629429845922,0.04605936640656799,0.011863562974413424,0.8711091749780808,0.0,0.010331036321203843
11.22,0.06531783428227309,0.8560905360132609,0.07595129968041324,0.0459916217106099,0.0118259589126396,0.871122042396616,0.0,0.01029895494692229
11.24,0.06511661551122856,0.8561259782655003,0.07474574900986282,0.04592334975799307,0.011788480473469877,0.8711348618057903,0.0,0.010266968663492334
11.26,0.06491541835559571,0.8561616241482302,0.07355933365925267,0.04585455588459859,0.011751127197508765,0.8711476334341137,0.0,0.010235077273349108
11.28,0.064714255879224,0.8561974708201919,0.07239174989977393,0.0457852454518375,0.011713898627280237,0.8711603575085411,0.0,0.010203280578156657
11.3,0.06451314093495569,0.8562335154343732,0.07124269882360786,0.04571542384513516,0.011676794307218366,0.8711730342544864,0.0,0.010171578378827038
11.32,0.06431208616533357,0.8562697551387949,0.07011188626740389,0.04564509647243463,0.011639813783658026,0.8711856638958375,0.0,0.010139970475539183
11.34,0.06411110400338435,0.8563061870772851,0.06899902273697216,0.04557426876271941,0.011602956604825637,0.8711982466549703,0.0,0.010108456667757509
11.36,0.06391020667347508,0.8563428083902407,0.06790382333317141,0.045502946164555774,0.011566222320829966,0.871210782752763,0.0,0.010077036754250295
11.38,0.06370940619223985,0.856379616215375,0.06682600767897329,0.04543113414465495,0.011529610483652976,0.8712232724086102,0.0,0.01004571053310782
11.4,0.06350871436957421,0.8564166076884527,0.06576529984768427,0.04535883818645532,0.011493120647140725,0.8712357158404367,0.0,0.010014477801760261
11.42,0.06330814280969466,0.8564537799440121,0.06472142829230691,0.045286063788724865,0.011456752366994316,0.8712481132647111,0.0,0.009983338356995372
11.44,0.06310770291226042,0.8564911301160721,0.06369412577602235,0.045212816464184034,0.011420505200760895,0.8712604648964593,0.0,0.009952291994975913
11.46,0.0629074058735554,0.856528655338829,0.06268312930377622,0.045139101738149195,0.011384378707824707,0.8712727709492781,0.0,0.009921338511256868
11.48,0.06270726268772725,0.856566352747337,0.06168818005495048,0.045064925147196816,0.011348372449398186,0.8712850316353483,0.0,0.009890477700802439
11.5,0.06250728414808158,0.8566042194781771,0.060709023317103906,0.04499029223784848,0.011312485988513109,0.8712972471654478,0.0,0.0098597093580028
11.52,0.06230748084842848,0.8566422526701126,0.059745408420764354,0.044915208565276886,0.011276718890011786,0.8713094177489642,0.0,0.009829033276690657
11.540000000000001,0.06210786318447913,0.8566804494647305,0.05879708867525596,0.04483967969203293,0.011241070720538314,0.8713215435939083,0.0,0.009798449250157567
11.56,0.061908441355290174,0.8567188070070704,0.05786382130554501,0.04476371118679389,0.011205541048529857,0.8713336249069263,0.0,0.009767957071170062
11.58,0.06170922536475339,0.8567573224462393,0.056945367390088195,0.04468730862313287,0.011170129444208001,0.8713456618933122,0.0,0.009737556531985544
11.6,0.0615102250231285,0.8567959929360142,0.056041491799667394,0.04461047757830948,0.011134835479570133,0.8713576547570202,0.0,0.009707247424367986
11.620000000000001,0.06131144994861686,0.8568348156354306,0.0551519631371953,0.04453322363208187,0.011099658728380877,0.8713696037006772,0.0,0.009677029539603412
11.64,0.06111290956897375,0.8568737877093583,0.05427655367847653,0.04445555236554002,0.01106459876616358,0.8713815089255946,0.0,0.009646902668515183
11.66,0.06091461312315726,0.8569129063290636,0.05341503931390895,0.04437746935996043,0.011029655170191843,0.8713933706317805,0.0,0.009616866601479066
11.68,0.06071656966301159,0.8569521686727591,0.05256719949111042,0.04429898019568219,0.010994827519481089,0.8714051890179512,0.0,0.009586921128438123
11.700000000000001,0.06051878805498265,0.8569915719261402,0.05173281715845616,0.04422009045100425,0.010960115394780196,0.871416964281543,0.0,0.009557066038917383
11.72,0.06032127698186411,0.8570311132829079,0.050911678709512374,0.04414080570110415,0.010925518378563157,0.8714286966187241,0.0,0.009527301122038324
11.74,0.06012404494457181,0.8570707899452804,0.05010357392835182,0.04406113151697792,0.010891036055020798,0.8714403862244054,0.0,0.009497626166533173
11.76,0.059927100263944606,0.8571105991244904,0.04930829593573738,0.04398107346440123,0.010856668010052539,0.8714520332922524,0.0,0.00946804096075899
11.78,0.05973045108256987,0.8571505380412702,0.04852564113615985,0.043900637102911685,0.01082241383125819,0.8714636380146957,0.0,0.009438545292711587
11.8,0.0595341053666318,0.8571906039263244,0.04775540916571639,0.043819827984812286,0.010788273107929815,0.8714752005829428,0.0,0.009409138950039248
11.82,0.05933807090778066,0.8572307940207898,0.04699740284081625,0.043738651654195784,0.010754245431043613,0.8714867211869884,0.0,0.009379821720056261
11.84,0.059142355325021385,0.8572711055766833,0.04625142810770072,0.04365711364599008,0.010720330393251865,0.8714982000156257,0.0,0.009350593389756277
11.86,0.058946966066619706,0.8573115358573364,0.045517293992764274,0.04357521948502435,0.010686527588874914,0.8715096372564567,0.0,0.00932145374582548
11.88,0.058751910412024315,0.8573520821378192,0.04479481255366431,0.04349297468511599,0.010652836613893189,0.8715210330959028,0.0,0.009292402574655582
11.9,0.05855719547380334,0.8573927417053505,0.04408379883120688,0.043410384748178064,0.010619257065939282,0.8715323877192155,0.0,0.009263439662356638
11.92,0.058362828199593694,0.8574335118596972,0.043384070801996126,0.04332745516334733,0.01058578854429006,0.8715437013104865,0.0,0.009234564794769693
11.94,0.0581688153740617,0.8574743899135613,0.04269544933183528,0.04324419140613252,0.010552430649858816,0.8715549740526581,0.0,0.009205777757479248
11.96,0.05797516362087364,0.857515373192955,0.04201775812986735,0.04316059893758291,0.010519182985187477,0.8715662061275332,0.0,0.009177078335825557
11.98,0.05778187940467479,0.8575564590375647,0.0413508237034437,0.04307668320347692,0.010486045154438843,0.8715773977157851,0.0,0.009148466314916764
12.0,0.05758896903307548,0.857597644801103,0.040694475313708976,0.04299244963353061,0.010453016763388874,0.8715885489969678,0.0,0.009119941479640861
12.02,0.057396438658643044,0.8576389278516496,0.04004854493189102,0.04290790364062596,0.010420097419419011,0.8715996601495254,0.0,0.009091503614677489
12.040000000000001,0.05720429428089822,0.8576803055719808,0.0394128671962846,0.0428230506200587,0.010387286731508556,0.871610731350802,0.0,0.009063152504509567
12.06,0.05701254174831482,0.8577217753598879,0.038787279369917896,0.04273789594880558,0.010354584310227073,0.8716217627770514,0.0,0.009034887933434778
12.08,0.05682118676032156,0.8577633346284851,0.03817162129889097,0.04265244498481086,0.010321989767726846,0.871632754603446,0.0,0.009006709685576871
12.1,0.056630234869304755,0.8578049808065057,0.037565735371375475,0.04256670306629188,0.010289502717735367,0.8716437070040868,0.0,0.008978617544896827
12.120000000000001,0.0564396914826109,0.8578467113385886,0.03696946647726516,0.04248067551106344,0.010257122775547878,0.8716546201520121,0.0,0.008950611295203853
12.14,0.05624956186454802,0.8578885236855532,0.036382661968466845,0.042394367615880925,0.01022484955801994,0.8716654942192072,0.0,0.008922690720166238
12.16,0.056059851138384714,0.8579304153246652,0.03580517161982169,0.042307784655801865,0.010192682683560052,0.8716763293766131,0.0,0.008894855603322042
12.18,0.055870564288346025,0.8579723837498907,0.03523684759064671,0.04222093188356577,0.010160621772122303,0.8716871257941353,0.0,0.008867105728089643
12.200000000000001,0.05568170616160507,0.8580144264721414,0.034677544386886756,0.04213381452899208,0.010128666445199073,0.8716978836406533,0.0,0.008839440877778134
12.22,0.05549328147026957,0.8580565410195093,0.03412711882386727,0.042046437798395904,0.010096816325813765,0.8717086030840285,0.0,0.00881186083559757
12.24,0.055305294793362464,0.8580987249374916,0.033585429989638184,0.04195880687402151,0.010065071038513578,0.8717192842911137,0.0,0.008784365384669075
12.26,0.0551177505787956,0.858140975789206,0.033052339208899724,0.041870926913493194,0.010033430209362327,0.871729927427761,0.0,0.008756954308034802
12.280000000000001,0.054930653145335934,0.8581832911555966,0.03252771000750076,0.04178280304928338,0.010001893465933295,0.8717405326588309,0.0,0.008729627388667751
12.3,0.05474400668456326,0.8582256686356302,0.03201140807750068,0.04169444038819776,0.009970460437302122,0.8717511001482001,0.0,0.008702384409481448
12.32,0.05455781526281887,0.8582681058464842,0.031503301242785824,0.04160584401087715,0.009939130754039738,0.8717616300587704,0.0,0.008675225153339482
12.34,0.054372082823144416,0.8583106004237239,0.031003259425231692,0.04151701897131599,0.009907904048205332,0.8717721225524762,0.0,0.008648149403064914
12.36,0.054186813187210234,0.8583531500214726,0.030511154611402212,0.04142797029639713,0.009876779953339361,0.8717825777902931,0.0,0.008621156941449538
12.38,0.054002010057232645,0.858395752312572,0.030026860819777613,0.04133870298544273,0.009845758104456594,0.8717929959322461,0.0,0.008594247551263019
12.4,0.05381767701787947,0.858438404988734,0.029550254068502466,0.04124922200978105,0.009814838138039194,0.8718033771374172,0.0,0.008567421015261893
12.42,0.053633817538163285,0.8584811057606848,0.029081212343645645,0.04115953231232888,0.009784019692029841,0.8718137215639532,0.0,0.008540677116198436
12.44,0.05345043497332187,0.8585238523582996,0.028619615567964104,0.04106963880718937,0.00975330240582489,0.8718240293690739,0.0,0.008514015636829407
12.46,0.05326753256668529,0.8585666425307306,0.028165345570162446,0.04097954637926514,0.00972268592026756,0.8718343007090793,0.0,0.00848743635992466
12.48,0.05308511345152914,0.8586094740465253,0.027718286054640422,0.040889259883886205,0.009692169877641175,0.8718445357393578,0.0,0.008460939068275636
12.5,0.05290318065291352,0.858652344693739,0.027278322571720623,0.04079878414645274,0.009661753921662426,0.8718547346143931,0.0,0.008434523544703719
12.52,0.05272173708950733,0.8586952522800375,0.026845342488348738,0.0407081239620923,0.009631437697474677,0.8718648974877722,0.0,0.00840818957206848
12.540000000000001,0.05254078557539733,0.8587381946327942,0.026419234959258877,0.04061728409533123,0.009601220851641307,0.8718750245121923,0.0,0.008381936933275791
12.56,0.05236032882188182,0.8587811695991785,0.02599989089859658,0.040526269279780223,0.009571103032139087,0.8718851158394688,0.0,0.008355765411285828
12.58,0.05218036943924837,0.8588241750462376,0.02558720295199224,0.04043508421783356,0.009541083888351594,0.8718951716205415,0.0,0.008329674789120941
12.6,0.052000909938535414,0.8588672088609711,0.02518106546907779,0.04034373358038198,0.009511163071062652,0.8719051920054829,0.0,0.00830366484987342
12.620000000000001,0.051821952733277284,0.8589102689503988,0.024781374476439657,0.040252222006538815,0.009481340232449825,0.8719151771435042,0.0,0.008277735376713141
12.64,0.05164350014123249,0.8589533532416214,0.02438802765100097,0.04016055410337927,0.00945161502607793,0.8719251271829631,0.0,0.008251886152895089
12.66,0.05146555438609495,0.8589964596818748,0.024000924293826314,0.04006873444569253,0.009421987106892592,0.8719350422713704,0.0,0.008226116961766778
12.68,0.05128811759918786,0.8590395862385783,0.023619965304342242,0.03997676757574651,0.009392456131213834,0.8719449225553968,0.0,0.008200427586775551
12.700000000000001,0.0511111918211401,0.8590827308993758,0.023245053154966992,0.03988465800306501,0.009363021756729697,0.8719547681808798,0.0,0.008174817811475783
12.72,0.050934779003544865,0.8591258916721708,0.022876091866142895,0.03979241020421703,0.009333683642489899,0.8719645792928304,0.0,0.008149287419535951
12.74,0.050758881010600394,0.8591690665851561,0.022512986981765074,0.03970002862261807,0.009304441448899525,0.8719743560354397,0.0,0.008123836194745616
12.76,0.05058349962073261,0.8592122536868372,0.022155645545000182,0.03960751766834305,0.009275294837712757,0.8719840985520855,0.0,0.008098463921022292
12.780000000000001,0.050408636528199484,0.8592554510460493,0.02180397607448893,0.039514881717950874,0.009246243472026622,0.8719938069853387,0.0,0.008073170382418204
12.8,0.050234293344677085,0.8592986567519696,0.021457888540926368,0.039422125114320125,0.009217287016274797,0.8720034814769699,0.0,0.008047955363126953
12.82,0.050060471600827106,0.8593418689141239,0.02111729434401388,0.03932925216649587,0.009188425136221427,0.8720131221679559,0.0,0.00802281864749006
12.84,0.049887172747845786,0.8593850856623871,0.020782106289777048,0.0392362671495473,0.009159657498954983,0.8720227291984854,0.0,0.007997760020003433
12.86,0.049714398158994165,0.8594283051469798,0.020452238568243485,0.03914317430443597,0.009130983772882162,0.8720323027079661,0.0,0.007972779265323703
12.88,0.0495421491311096,0.8594715255384582,0.02012760673147504,0.0390499778378944,0.0091024036277218,0.8720418428350298,0.0,0.007947876168274491
12.9,0.049370426886098474,0.8595147450277005,0.019808127671948658,0.038956681922314884,0.00907391673449884,0.8720513497175398,0.0,0.007923050513852552
12.92,0.049199232572410004,0.8595579618258876,0.019493719601280393,0.03886329069564826,0.009045522765538312,0.872060823492596,0.0,0.007898302087233834
12.94,0.049028567266491234,0.8596011741644793,0.01918430202928714,0.03876980826131242,0.009017221394459362,0.872070264296541,0.0,0.007873630673779445
12.96,0.04885843197422308,0.8596443802951861,0.01887979574338071,0.03867623868811035,0.008989012296169297,0.8720796722649664,0.0,0.007849036059041511
12.98,0.048688827632337464,0.859687578489936,0.018580122788288973,0.03858258601015752,0.00896089514685768,0.8720890475327184,0.0,0.007824518028768952
13.0,0.04851975510981558,0.859730767040838,0.018285206446098882,0.038488854226818414,0.00893286962399044,0.8720983902339038,0.0,0.007800076368913159
13.02,0.04835121520926724,0.8597739442601399,0.01799497121661627,0.038395047302651926,0.008904935406304021,0.8721077005018953,0.0,0.0077757108656335856
13.040000000000001,0.04818320866829135,0.8598171084801834,0.017709342798037386,0.03830116916736554,0.008877092173799561,0.8721169784693379,0.0,0.0077514213053032415
13.06,0.04801573616081759,0.8598602580533549,0.01742824806792723,0.038207223715778005,0.008849339607737108,0.8721262242681537,0.0,0.007727207474514104
13.08,0.047848798298429286,0.8599033913520311,0.01715161506449981,0.03811321480779033,0.008821677390629853,0.8721354380295482,0.0,0.007703069160082435
13.1,0.04768239563166756,0.859946506768523,0.016879372968195527,0.03801914626836491,0.008794105206238405,0.8721446198840154,0.0,0.007679006149054014
13.120000000000001,0.047516528651316836,0.8599896027150149,0.016611452083550988,0.037925021887512615,0.008766622739565095,0.8721537699613433,0.0,0.007655018228709288
13.14,0.04735119778967172,0.8600326776234998,0.01634778382135658,0.0378308454202876,0.008739229676848308,0.8721628883906196,0.0,0.007631105186568427
13.16,0.0471864034217854,0.860075729945712,0.01608830068109727,0.03773662058678967,0.008711925705556844,0.8721719753002367,0.0,0.007607266810396306
13.18,0.047022145866699595,0.8601187581530564,0.01583293623367208,0.03764235107217405,0.008684710514384315,0.8721810308178971,0.0,0.007583502888207397
13.200000000000001,0.046858425388656214,0.8601617607365338,0.015581625104387906,0.037548040526668304,0.008657583793243558,0.8721900550706189,0.0,0.0075598132082705825
13.22,0.04669524219829073,0.8602047362066643,0.015334302956223215,0.03745369256559631,0.008630545233261096,0.8721990481847404,0.0,0.0075361975591138825
13.24,0.04653259645380747,0.860247683093406,0.015090906473357426,0.037359310769409036,0.008603594526771617,0.8722080102859258,0.0,0.007512655729529111
13.26,0.04637048826213691,0.8602905999460733,0.014851373344961713,0.037264898683721986,0.008576731367312483,0.8722169414991702,0.0,0.007489187508576442
13.280000000000001,0.04620891768007502,0.8603334853332494,0.014615642249247093,0.03717045981935911,0.008549955449618271,0.8722258419488044,0.0,0.0074657926855889074
13.3,0.046047884715404906,0.8603763378426987,0.014383652837765715,0.03707599765240306,0.008523266469615341,0.8722347117585001,0.0,0.007442471050176812
13.32,0.045887389328000794,0.8604191560812752,0.014155345719961321,0.03698151562425156,0.008496664124416435,0.8722435510512747,0.0,0.007419222392232073
13.34,0.04572743143091451,0.8604619386748285,0.013930662447964948,0.03688701714167975,0.008470148112315298,0.8722523599494963,0.0,0.007396046501932482
13.36,0.045568010891444605,0.8605046842681079,0.013709545501631946,0.036792505576908385,0.008443718132781337,0.8722611385748885,0.0,0.007372943169745902
13.38,0.04540912753218824,0.8605473915246638,0.013491938273816513,0.03669798426767763,0.008417373886454305,0.872269887048535,0.0,0.007349912186434377
13.4,0.04525078113207605,0.8605900591267467,0.013277785055879955,0.03660345651732642,0.008391115075139002,0.8722786054908849,0.0,0.007326953343058179
13.42,0.04509297142739003,0.8606326857752047,0.013067031023428969,0.036508925594877055,0.008364941401800025,0.8722872940217566,0.0,0.007304066430979783
13.44,0.044935698112764676,0.8606752701893781,0.012859622222280298,0.0364143947351251,0.008338852570556525,0.8722959527603433,0.0,0.0072812512418677635
13.46,0.04477896084217154,0.8607178111069923,0.01265550555464817,0.03631986713873424,0.008312848286677006,0.872304581825217,0.0,0.0072585075677006295
13.48,0.044622759229887295,0.8607603072840496,0.01245462876555097,0.036225345972336,0.008286928256574146,0.8723131813343331,0.0,0.0072358352007705845
13.5,0.044467092851445525,0.8608027574947178,0.01225694042943368,0.03613083436863431,0.00826109218779964,0.8723217514050353,0.0,0.007213233933687223
13.52,0.04431196124457242,0.8608451605312181,0.012062389937002661,0.03603633542651455,0.00823533978903908,0.8723302921540599,0.0,0.007190703559381156
13.540000000000001,0.04415736391010649,0.8608875152037107,0.011870927482269391,0.035941852211157095,0.008209670770106859,0.8723388036975398,0.0,0.007168243871107568
13.56,0.04400330031290247,0.8609298203401793,0.011682504049799862,0.035847387754155205,0.008184084841941091,0.8723472861510096,0.0,0.007145854662449719
13.58,0.04384976988271967,0.8609720747863141,0.011497071402166366,0.03575294505363702,0.008158581716598577,0.8723557396294097,0.0,0.007123535727322366
13.6,0.043696772015094844,0.8610142774053926,0.01131458206759844,0.03565852707439166,0.00813316110724978,0.8723641642470902,0.0,0.007101286859975131
13.620000000000001,0.04354430607219979,0.8610564270781598,0.011134989327829846,0.035564136747999214,0.008107822728173836,0.8723725601178156,0.0,0.007079107854995804
13.64,0.04339237138368388,0.861098522702707,0.010958247206138427,0.0354697769729645,0.008082566294753587,0.8723809273547689,0.0,0.00705699850731358
13.66,0.04324096724750165,0.8611405631943491,0.010784310455575825,0.03537545061485451,0.008057391523470644,0.8723892660705558,0.0,0.00703495861220224
13.68,0.043090092930725674,0.8611825474855006,0.010613134547384011,0.03528116050643933,0.008032298131900472,0.8723975763772087,0.0,0.007012987965283262
13.700000000000001,0.04293974767034486,0.8612244745255513,0.01044467565959568,0.03518690944783651,0.008007285838707497,0.872405858386191,0.0,0.0069910863625288824
13.72,0.0427899306740484,0.8612663432807398,0.010278890665815589,0.03509270020665875,0.00798235436364025,0.8724141122084011,0.0,0.006969253600265088
13.74,0.04264064112099545,0.8613081527340272,0.010115737124179961,0.03499853551816466,0.00795750342752653,0.8724223379541763,0.0,0.006947489475174559
13.76,0.04249187816257088,0.8613499018849686,0.00995517326649114,0.03490441808541267,0.007932732752268582,0.872430535733297,0.0,0.006925793784299542
13.780000000000001,0.042343640923127104,0.8613915897495854,0.009797157987524702,0.034810350579417795,0.007908042060838323,0.8724387056549903,0.0,0.00690416632504468
13.8,0.04219592850071231,0.8614332153602351,0.009641650834506296,0.03471633563931131,0.00788343107727257,0.8724468478279344,0.0,0.0068826068951797735
13.82,0.04204873996778515,0.8614747777654812,0.009488611996755509,0.034622375872503094,0.00785889952666831,0.8724549623602619,0.0,0.006861115292842491
13.84,0.0419020743719162,0.8615162760299628,0.009338002295494119,0.034528473854846566,0.007834447135177981,0.8724630493595642,0.0,0.006839691316541024
13.86,0.0417559307364762,0.8615577092342627,0.009189783173816107,0.0344346321308062,0.007810073630004787,0.8724711089328948,0.0,0.006818334765156689
13.88,0.04161030806131151,0.8615990764747751,0.009043916686816885,0.03434085321362736,0.007785778739398032,0.8724791411867735,0.0,0.006797045437946474
13.9,0.04146520532340662,0.8616403768635736,0.008900365491879192,0.03424713958550853,0.007761562192648484,0.8724871462271897,0.0,0.006775823134545529
13.92,0.0413206214775342,0.8616816095282779,0.008759092839113174,0.03415349369777564,0.007737423720083756,0.8724951241596065,0.0,0.006754667654969608
13.94,0.04117655545689273,0.8617227736119197,0.008620062561948222,0.0340599179710586,0.007713363053063716,0.8725030750889641,0.0,0.006733578799617462
13.96,0.04103300617373183,0.8617638682728097,0.008483239067874121,0.033966414795469774,0.007689379923975916,0.8725109991196833,0.0,0.006712556369273173
13.98,0.040889972519965664,0.8618048926844027,0.008348587329329185,0.03387298653078445,0.007665474066231054,0.8725188963556696,0.0,0.006691600165108443
14.0,0.04074745336777432,0.8618458460351635,0.008216072874732997,0.03377963550662307,0.007641645214258444,0.872526766900316,0.0,0.006670709988684832
14.02,0.04060544757019362,0.8618867275284315,0.00808566177966151,0.03368636402263523,0.007617893103501527,0.8725346108565075,0.0,0.006649885641955946
14.040000000000001,0.04046395396169331,0.8619275363822867,0.007957320658162195,0.03359317434868534,0.0075942174704133935,0.8725424283266235,0.0,0.006629126927269578
14.06,0.040322971358743964,0.8619682718294136,0.007831016654207067,0.033500068725039855,0.007570618052452328,0.8725502194125422,0.0,0.006608433647369799
14.08,0.04018249856037264,0.8620089331169664,0.007706717433281352,0.03340704936255599,0.00754709458807739,0.8725579842156432,0.0,0.006587805605399004
14.1,0.040042534348707574,0.8620495195064335,0.007584391174105686,0.03331411844287184,0.007523646816743998,0.8725657228368118,0.0,0.006567242604899911
14.120000000000001,0.03990307748951201,0.8620900302735025,0.007464006560489683,0.03322127811859782,0.007500274478899557,0.8725734353764414,0.0,0.00654674444981751
14.14,0.03976412673270736,0.8621304647079241,0.007345532773314826,0.03312853051350938,0.007476977315979088,0.8725811219344377,0.0,0.006526310944500972
14.16,0.039625680812885825,0.8621708221133773,0.0072289394826446016,0.03303587772274086,0.007453755070400899,0.8725887826102213,0.0,0.006505941893705509
14.18,0.03948773844981275,0.8622111018073338,0.0071141968399598705,0.032943321812980486,0.0074306074855622645,0.8725964175027315,0.0,0.006485637102594194
14.200000000000001,0.0393502983489187,0.8622513031209231,0.007001275470517485,0.03285086482266636,0.007407534305835134,0.8726040267104292,0.0,0.0064653963767397305
14.22,0.039213359201781574,0.8622914253987971,0.006890146465830193,0.032758508762183405,0.007384535276561859,0.8726116103313003,0.0,0.006445219522126185
14.24,0.03907691968659888,0.8623314679989952,0.006780781376265909,0.032666255614061245,0.007361610144050945,0.8726191684628586,0.0,0.0064251063451506735
14.26,0.038940978468650245,0.8623714302928099,0.0066731522037644505,0.032574107333172855,0.007338758655572823,0.8726267012021494,0.0,0.006405056652625009
14.280000000000001,0.038805534200750474,0.8624113116646521,0.006567231394669884,0.032482065846933986,0.007315980559355646,0.8726342086457521,0.0,0.0063850702517773035
14.3,0.038670585523693145,0.8624511115119168,0.006462991832676638,0.0323901330555033,0.007293275604581098,0.872641690889784,0.0,0.006365146950253532
14.32,0.03853613106668501,0.8624908292448491,0.0063604068318875795,0.03229831083198309,0.007270643541380238,0.8726491480299026,0.0,0.006345286556119052
14.34,0.038402169447771355,0.862530464286411,0.00625945012998228,0.03220660102262064,0.0072480841208293545,0.872656580161309,0.0,0.0063254888778600925
14.36,0.038268699274252346,0.8625700160721477,0.006160095881493717,0.032115005447010014,0.007225597094945846,0.8726639873787511,0.0,0.006305753724385189
14.38,0.03813571914309071,0.8626094840500546,0.006062318651191696,0.03202352589829433,0.007203182216684119,0.8726713697765262,0.0,0.006286080905026594
14.4,0.038003227641310706,0.862648867680445,0.005966093407571287,0.031932164143368476,0.007180839239931513,0.8726787274484841,0.0,0.006266470229541639
14.42,0.03787122334638866,0.862688166435818,0.005871395516444628,0.03184092192308208,0.007158567919504238,0.8726860604880302,0.0,0.0062469215081140655
14.44,0.03773970482663516,0.8627273798007266,0.005778200734634437,0.03174980095244282,0.00713636801114334,0.8726933689881283,0.0,0.006227434551355313
14.46,0.03760867064156904,0.8627665072716463,0.005686485203767625,0.03165880292081998,0.007114239271510684,0.8727006530413035,0.0,0.006208009170305774
14.48,0.037478119342283324,0.8628055483568449,0.005596225444167421,0.031567929492148136,0.0070921814581849565,0.8727079127396448,0.0,0.00618864517643601
14.5,0.0373480494718033,0.8628445025762517,0.0055073983488424525,0.03147718230513102,0.007070194329657688,0.8727151481748081,0.0,0.006169342381647935
14.52,0.03721845956543675,0.862883369461328,0.0054199811775712215,0.031386562973445456,0.0070482776453293025,0.8727223594380193,0.0,0.006150100598275959
14.540000000000001,0.03708934815111659,0.8629221485549381,0.005333951551080489,0.03129607308594535,0.0070264311655051735,0.8727295466200768,0.0,0.0061309196390881004
14.56,0.03696071374973602,0.86296083941122,0.005249287445316058,0.031205714206865628,0.007004654651391716,0.8727367098113541,0.0,0.006111799317287063
14.58,0.03683255487547627,0.8629994415954582,0.005165967185804494,0.03111548787602619,0.006982947865092483,0.8727438491018028,0.0,0.006092739446511277
14.6,0.03670487003612712,0.8630379546839554,0.005083969442104341,0.031025395609035708,0.006961310569604294,0.8727509645809551,0.0,0.006073739840835909
14.620000000000001,0.03657765773340034,0.8630763782639064,0.005003273222345414,0.030935438897495324,0.006939742528813379,0.8727580563379269,0.0,0.006054800314773835
14.64,0.036450916463236095,0.8631147119332713,0.004923857867854766,0.030845619209202167,0.006918243507491536,0.8727651244614199,0.0,0.00603592068327659
14.66,0.03632464471610257,0.8631529553006502,0.004845703047867952,0.03075593798835264,0.006896813271292316,0.8727721690397244,0.0,0.00601710076173527
14.68,0.03619884097728878,0.8631911079851583,0.004768788754324244,0.03066639665574547,0.006875451586747225,0.8727791901607224,0.0,0.005998340365981419
14.700000000000001,0.03607350372719085,0.8632291696163015,0.004693095296744459,0.030576996608984452,0.006854158221261944,0.8727861879118893,0.0,0.005979639312287871
14.72,0.03594863144159176,0.8632671398338528,0.004618603297190087,0.030487739222680874,0.006832932943112565,0.8727931623802975,0.0,0.00596099741736957
14.74,0.03582422259193474,0.8633050182877298,0.004545293685302435,0.030398625848655575,0.006811775521441857,0.8728001136526178,0.0,0.0059424144983843555
14.76,0.035700275645590404,0.8633428046378719,0.004473147693420508,0.030309657816140607,0.0067906857262555334,0.872807041815123,0.0,0.005923890372933718
14.780000000000001,0.03557678906611776,0.8633804985541196,0.004402146851776387,0.030220836431980466,0.006769663328418557,0.8728139469536899,0.0,0.005905424859063525
14.8,0.035453761313519204,0.8634180997160931,0.004332272983766871,0.030132162980832863,0.006748708099651447,0.8728208291538014,0.0,0.005887017775264718
14.82,0.03533119084448958,0.8634556078130728,0.00426350820130016,0.030043638725369,0.006727819812526618,0.8728276885005499,0.0,0.005868668940473986
14.84,0.03520907611265948,0.8634930225438802,0.004195834900216412,0.02995526490647332,0.006706998240464729,0.872834525078639,0.0,0.0058503781740743945
14.86,0.03508741556883281,0.8635303436167588,0.004129235755780978,0.029867042743442714,0.006686243157731052,0.872841338972386,0.0,0.005832145295896009
14.88,0.034966207661218815,0.8635675707492574,0.004063693718249179,0.029778973434185143,0.006665554339431859,0.8728481302657246,0.0,0.005813970126216469
14.9,0.034845450835658605,0.8636047036681123,0.003999192008501476,0.02969105815541764,0.006644931561510832,0.8728548990422069,0.0,0.005795852485761551
14.92,0.03472514353584631,0.8636417421091318,0.003935714113747923,0.029603298062863697,0.006624374600745485,0.8728616453850062,0.0,0.0057777921957056985
14.94,0.03460528420354498,0.8636786858170807,0.0038732437833008046,0.029515694291449988,0.006603883234743604,0.872868369376919,0.0,0.005759789077672519
14.96,0.0344858712787973,0.8637155345455659,0.0038117650244143693,0.029428247955502394,0.006583457241939709,0.8728750711003673,0.0,0.005741842953735266
14.98,0.03436690320013124,0.8637522880569227,0.0037512620981906006,0.029340960148941345,0.0065630964015915266,0.8728817506374011,0.0,0.005723953646417289
15.0,0.03424837840476075,0.8637889461221018,0.0036917195155499734,0.029253831945476403,0.006542800493776493,0.8728884080697007,0.0,0.00570612097869246
15.02,0.034130295328781535,0.8638255085205575,0.0036331220332661636,0.029166864398800115,0.006522569299388259,0.8728950434785786,0.0,0.0056883447739855715
15.040000000000001,0.03401265240736212,0.8638619750401365,0.0035754546500637004,0.029080058542781083,0.006502402600133222,0.8729016569449821,0.0,0.005670624856172714
15.06,0.03389544807493015,0.8638983454769674,0.0035187026027775565,0.028993415391656237,0.006482300178527072,0.8729082485494954,0.0,0.0056529610495816285
15.08,0.03377868076535413,0.8639346196353513,0.0034628513625736984,0.028906935940222294,0.006462261817891359,0.8729148183723419,0.0,0.0056353531789920305
15.1,0.0336623489121207,0.8639707973276531,0.0034078866312296247,0.02882062116402639,0.006442287302350069,0.872921366493386,0.0,0.005617801069635916
15.120000000000001,0.03354645094850739,0.8640068783741938,0.0033537943374739435,0.028734472019555857,0.006422376416826226,0.8729278929921359,0.0,0.005600304547197843
15.14,0.03343098530775116,0.8640428626031431,0.0033005606333840506,0.028648489444427123,0.006402528947038503,0.8729343979477451,0.0,0.005582863437815184
15.16,0.03331595042321261,0.864078749850414,0.003248171890840984,0.028562674357573727,0.00638274467949786,0.8729408814390149,0.0,0.005565477568078365
15.18,0.03320134472853605,0.8641145399595569,0.0031966146980405533,0.028477027659433454,0.006363023401504185,0.8729473435443967,0.0,0.005548146765031076
15.200000000000001,0.03308716665780554,0.8641502327816558,0.003145875856059842,0.028391550232134518,0.006343364901142963,0.8729537843419936,0.0,0.00553087085617046
15.22,0.032973414645696864,0.8641858281752243,0.0030959423754782145,0.02830624293968083,0.006323768967281957,0.8729602039095625,0.0,0.005513649669447282
15.24,0.03286008712762563,0.8642213260061031,0.003046801473051949,0.02822110662813631,0.006304235389567907,0.8729666023245168,0.0,0.0054964830332660764
15.26,0.03274718253989153,0.8642567261473586,0.0029984405684416625,0.02813614212580826,0.00628476395842324,0.872972979663928,0.0,0.005479370776485271
15.280000000000001,0.032634699319818807,0.8642920284791813,0.00295084728099167,0.028051350243429727,0.006265354465042804,0.8729793360045273,0.0,0.005462312728417294
15.3,0.0325226359058931,0.8643272328887863,0.0029040094265604735,0.02796673177434091,0.006246006701390613,0.8729856714227083,0.0,0.005445308718828657
15.32,0.03241099073789461,0.8643623392703141,0.0028579150144015524,0.027882287494669544,0.006226720460196612,0.872991985994529,0.0,0.005428358577940017
15.34,0.03229976225702778,0.8643973475247322,0.002812552244093668,0.027798018163510296,0.006207495534953451,0.8729982797957132,0.0,0.005411462136426228
15.36,0.032188948906047496,0.8644322575597375,0.0027679095025198905,0.027713924523103124,0.006188331719913281,0.8730045529016529,0.0,0.005394619225416354
15.38,0.032078549129381885,0.8644670692896603,0.0027239753608945794,0.027630007299010603,0.006169228810084567,0.87301080538741,0.0,0.0053778296764936855
15.4,0.031968561373251804,0.8645017826353681,0.0026807385718375498,0.02754626720029423,0.006150186601228908,0.8730170373277187,0.0,0.0053610933216957195
15.42,0.031858984085787065,0.8645363975241712,0.0026381880664946827,0.02746270491968965,0.006131204889857883,0.8730232487969867,0.0,0.005344409993514127
15.44,0.031749815717139473,0.8645709138897285,0.002596312951704238,0.027379321133780842,0.006112283473229906,0.8730294398692976,0.0,0.005327779524894705
15.46,0.03164105471959276,0.8646053316719547,0.002555102507208145,0.02729611650317325,0.006093422149347098,0.8730356106184128,0.0,0.005311201749237304
15.48,0.031532699547669435,0.8646396508169281,0.0025145461829075588,0.027213091672665782,0.006074620716952174,0.8730417611177732,0.0,0.005294676500395742
15.5,0.03142474865823464,0.8646738712767991,0.0024746335961619765,0.02713024727142181,0.006055878975525347,0.8730478914405009,0.0,0.0052782036126777015
15.52,0.031317200510597124,0.8647079930097001,0.0024353545291312248,0.027047583913138995,0.006037196725281244,0.8730540016594013,0.0,0.005261782920844604
15.540000000000001,0.031210053566607276,0.8647420159796559,0.002396698926159637,0.02696510219621809,0.00601857376716584,0.873060091846965,0.0,0.005245414260111472
15.56,0.031103306290752412,0.8647759401564947,0.00235865689120175,0.026882802703930588,0.0060000099028534055,0.8730661620753692,0.0,0.0052290974661467725
15.58,0.030996957150249273,0.8648097655157607,0.002321218685288864,0.026800686004585277,0.0059815049347434705,0.87307221241648,0.0,0.0052128323750722455
15.6,0.030891004615133843,0.8648434920386269,0.0022843747240358114,0.026718752651693708,0.005963058665957799,0.8730782429418539,0.0,0.005196618823462712
15.620000000000001,0.030785447158348533,0.8648771197118089,0.0022481155751873025,0.0266370031841345,0.005944670900337384,0.8730842537227393,0.0,0.005180456648345871
15.64,0.030680283255826786,0.8649106485274801,0.0022124319562032177,0.02655543812631656,0.005926341442439453,0.873090244830079,0.0,0.005164345687202076
15.66,0.030575511386575167,0.864944078483187,0.0021773147318822255,0.026474057988341158,0.0059080700975344905,0.8730962163345113,0.0,0.005148285777964101
15.68,0.030471130032752963,0.8649774095817656,0.0021427549120231213,0.026392863266162876,0.005889856671603271,0.8731021683063718,0.0,0.005132276759016885
15.700000000000001,0.030367137679749374,0.865010641831259,0.0021087436491232865,0.026311854441749424,0.005871700971333913,0.8731081008156955,0.0,0.005116318469197266
15.72,0.030263532816258352,0.8650437752448353,0.00207527223611368,0.026231031983240324,0.005853602804118942,0.873114013932218,0.0,0.005100410747793701
15.74,0.030160313934351115,0.865076809840707,0.0020423321041297803,0.02615039634510444,0.005835561978052368,0.8731199077253775,0.0,0.005084553434545963
15.76,0.030057479529546384,0.8651097456420503,0.002009914820317911,0.02606994796829639,0.005817578301926781,0.8731257822643165,0.0,0.005068746369644836
15.780000000000001,0.029955028100878432,0.8651425826769265,0.0019780120856763817,0.025989687280411795,0.005799651585230455,0.8731316376178833,0.0,0.005052989393731786
15.8,0.029852958150962946,0.8651753209782026,0.0019466157329309007,0.025909614695841382,0.00578178163814447,0.8731374738546336,0.0,0.00503728234789862
15.82,0.029751268186060772,0.8652079605834746,0.0019157177244437066,0.025829730615923967,0.005763968271539851,0.8731432910428324,0.0,0.005021625073687137
15.84,0.029649956716139594,0.8652405015349902,0.0018853101501558893,0.025750035429098247,0.00574621129697471,0.8731490892504553,0.0,0.005006017413088757
15.860000000000001,0.02954902225493358,0.8652729438795729,0.0018553852255623728,0.025670529511053496,0.005728510526691412,0.8731548685451904,0.0,0.004990459208544143
15.88,0.02944846332000104,0.8653052876685468,0.0018259352897190381,0.02559121322487905,0.005710865773613751,0.8731606289944398,0.0,0.004974950302942805
15.9,0.029348278432780157,0.8653375329576621,0.0017969528032814805,0.02551208692121271,0.005693276851344141,0.8731663706653211,0.0,0.004959490539622698
15.92,0.0292484661186428,0.865369679807022,0.0017684303465748956,0.02543315093838794,0.005675743574160817,0.873172093624669,0.0,0.004944079762369797
15.94,0.029149024906946513,0.8654017282810094,0.0017403606176946028,0.02535440560257994,0.005658265757015051,0.8731777979390369,0.0,0.004928717815417672
15.96,0.029049953331084653,0.8654336784482153,0.0017127364306367171,0.025275851227950587,0.005640843215528387,0.8731834836746986,0.0,0.004913404543447039
15.98,0.028951249928534782,0.8654655303813676,0.0016855507134584935,0.02519748811679218,0.005623475765989879,0.8731891508976493,0.0,0.004898139791585307
16.0,0.028852913240905324,0.8654972841572608,0.0016587965064678704,0.025119316559670094,0.0056061632253533505,0.8731947996736079,0.0,0.004882923405406109
16.02,0.028754941813980514,0.8655289398566862,0.0016324669604417508,0.025041336835564244,0.005588905411234663,0.8732004300680181,0.0,0.004867755230928823
16.04,0.02865733419776369,0.8655604975643634,0.001606555334872564,0.024963549212009432,0.0055717021419090015,0.8732060421460496,0.0,0.004852635114618081
16.06,0.02856008894651899,0.865591957368872,0.0015810549962426586,0.02488595394523454,0.005554553236308165,0.8732116359726002,0.0,0.004837562903383268
16.080000000000002,0.02846320461881143,0.8656233193625845,0.0015559594163260851,0.02480855128030058,0.005537458514017882,0.8732172116122969,0.0,0.004822538444578005
16.1,0.028366679777545475,0.8656545836416003,0.0015312621705173357,0.024731341451237614,0.005520417795275129,0.8732227691294976,0.0,0.00480756158599963
16.12,0.028270512990002054,0.8656857503056792,0.0015069569361866094,0.02465432468118053,0.005503430900965463,0.8732283085882921,0.0,0.0047926321758886585
16.14,0.028174702827874144,0.8657168194581768,0.001483037491061184,0.024577501182503687,0.005486497652620371,0.8732338300525043,0.0,0.00477775006292824
16.16,0.028079247867300875,0.8657477912059806,0.0014594977116324814,0.024500871156954426,0.00546961787241463,0.873239333585693,0.0,0.004762915096243601
16.18,0.02798414668890025,0.8657786656594461,0.0014363315715884145,0.024424434795785446,0.00545279138316368,0.8732448192511534,0.0,0.004748127125401481
16.2,0.027889397877800468,0.8658094429323343,0.0014135331402706198,0.024348192279886077,0.005436018008321007,0.873250287111919,0.0,0.004733386000409555
16.22,0.027795000023669914,0.8658401231417501,0.0013910965811561754,0.0242721437799124,0.005419297571975541,0.8732557372307623,0.0,0.004718691571715846
16.240000000000002,0.027700951720745826,0.8658707064080803,0.0013690161503634194,0.024196289456416272,0.005402629898849067,0.873261169670197,0.0,0.004704043690208133
16.26,0.02760725156786169,0.8659011928549338,0.001347286195181486,0.02412062945997321,0.005386014814293646,0.8732665844924784,0.0,0.004689442207213341
16.28,0.02751389816847338,0.8659315826090815,0.001325901152623179,0.024045163931309187,0.00536945214428905,0.8732719817596057,0.0,0.004674886974496933
16.3,0.027420890130684047,0.8659618758003974,0.0013048555480008178,0.023969893001426306,0.005352941715440206,0.873277361533323,0.0,0.004660377844262281
16.32,0.02732822606726785,0.8659920725617999,0.001284143993524687,0.02389481679172737,0.005336483354974659,0.8732827238751205,0.0,0.004645914669150033
16.34,0.027235904595692507,0.8660221730291947,0.0012637611869237327,0.02381993541413935,0.005320076890740041,0.8732880688462359,0.0,0.004631497302237476
16.36,0.027143924338140682,0.8660521773414175,0.001243701910088153,0.023745248971235755,0.005303722151201549,0.873293396507656,0.0,0.004617125597037884
16.38,0.027052283921530303,0.8660820856401779,0.0012239610277335318,0.02367075755635791,0.005287418965439447,0.8732987069201179,0.0,0.004602799407499856
16.4,0.026960981977533757,0.8661118980700035,0.0012045334860861798,0.023596461253735157,0.005271167163146567,0.87330400014411,0.0,0.004588518588006654
16.42,0.026870017142596046,0.866141614778186,0.0011854143115893395,0.02352236013860394,0.005254966574625829,0.8733092762398739,0.0,0.004574282993375525
16.44,0.026779388057951888,0.8661712359147256,0.0011665986096299282,0.02344845427732585,0.005238817030787773,0.873314535267405,0.0,0.004560092478857016
16.46,0.026689093369641835,0.8662007616322785,0.0011480815632854897,0.023374743727504563,0.005222718363148094,0.8733197772864545,0.0,0.004545946900134287
16.48,0.026599131728527393,0.8662301920861041,0.0011298584320910366,0.023301228538101723,0.005206670403825203,0.8733250023565301,0.0,0.00453184611332241
16.5,0.026509501790305163,0.866259527434012,0.001111924550825465,0.02322790874955176,0.005190672985537786,0.8733302105368977,0.0,0.00451778997496766
16.52,0.026420202215520074,0.8662887678363113,0.0010942753283172317,0.023154784393875635,0.005174725941602382,0.8733354018865824,0.0,0.004503778342046806
16.54,0.02633123166957769,0.8663179134557591,0.001076906246268991,0.023081855494793545,0.00515882910593097,0.8733405764643698,0.0,0.004489811071966384
16.56,0.026242588822755607,0.8663469644575109,0.001059812858100884,0.023009122067836566,0.005142982313028568,0.8733457343288071,0.0,0.004475888022561973
16.580000000000002,0.026154272350214013,0.8663759210090703,0.0010429907878121913,0.022936584120457255,0.005127185397990845,0.8733508755382049,0.0,0.004462009052097456
16.6,0.026066280932005366,0.8664047832802408,0.0010264357288610518,0.022864241652139215,0.005111438196501739,0.8733560001506376,0.0,0.0044481740192642795
16.62,0.02597861325308327,0.8664335514430768,0.0010101434430619654,0.02279209465450562,0.00509574054483109,0.8733611082239454,0.0,0.004434382783180702
16.64,0.02589126800331052,0.8664622256718361,0.0009941097595007938,0.022720143111426706,0.005080092279832284,0.8733661998157348,0.0,0.004420635203391042
16.66,0.025804243877466385,0.8664908061429331,0.0009783305734669839,0.022648386999126253,0.005064493238939909,0.8733712749833805,0.0,0.004406931139864909
16.68,0.025717539575253103,0.8665192930348921,0.0009628018454027391,0.02257682628628704,0.005048943260167419,0.873376333784026,0.0,0.004393270452996442
16.7,0.02563115380130164,0.8665476865283013,0.0009475195998688713,0.022505460934155282,0.0050334421821048095,0.8733813762745851,0.0,0.00437965300360353
16.72,0.025545085265176716,0.8665759868057678,0.000932479924527066,0.022434290896644067,0.005017989843916306,0.873386402511743,0.0,0.004366078652927029
16.740000000000002,0.025459332681381126,0.8666041940518727,0.0009176789691383024,0.02236331612043579,0.005002586085338063,0.8733914125519575,0.0,0.00435254726262998
16.76,0.02537389476935936,0.8666323084531273,0.0009031129445771717,0.022292536545083598,0.004987230746675868,0.8733964064514601,0.0,0.004339058694796812
16.78,0.025288770253500552,0.8666603301979292,0.0008887781218618397,0.022221952103111828,0.004971923668802869,0.8734013842662571,0.0,0.004325612811932542
16.8,0.025203957863140784,0.8666882594765198,0.0008746708311994075,0.022151562720115477,0.004956664693157295,0.873406346052131,0.0,0.004312209476961977
16.82,0.025119456332564728,0.8667160964809417,0.0008607874610464242,0.022081368314858695,0.004941453661740205,0.8734112918646412,0.0,0.004298848553228895
16.84,0.025035264401006684,0.8667438414049969,0.0008471244571843123,0.022011368799372294,0.004926290417113235,0.8734162217591257,0.0,0.004285529904495236
16.86,0.02495138081265101,0.8667714944442059,0.000833678321809468,0.02194156407905029,0.0049111748023963585,0.8734211357907017,0.0,0.004272253394940279
16.88,0.024867804316631947,0.8667990557957665,0.0008204456126378047,0.021871954052745512,0.004896106661265659,0.8734260340142669,0.0,0.004259018889159817
16.9,0.02478453366703288,0.8668265256585144,0.0008074229420235094,0.021802538612864214,0.004881085837951117,0.8734309164845007,0.0,0.004245826252165323
16.92,0.024701567622885046,0.8668539042328828,0.0007946069760917867,0.02173331764545978,0.0048661121772343935,0.8734357832558651,0.0,0.004232675349383118
16.94,0.024618904948165682,0.8668811917208642,0.000781994433885369,0.021664291030325467,0.004851185524446642,0.8734406343826062,0.0,0.004219566046653528
16.96,0.024536544411795647,0.8669083883259715,0.000769582086524573,0.021595458641086203,0.0048363057254663154,0.8734454699187547,0.0,0.004206498210230041
16.98,0.02445448478763655,0.8669354942532,0.0007573667563806894,0.021526820345289487,0.00482147262671699,0.8734502899181272,0.0,0.0041934717067784524
17.0,0.02437272485448733,0.8669625097089901,0.0007453453162624922,0.021458376004495336,0.0048066860751652014,0.8734550944343277,0.0,0.004180486403376014
17.02,0.02429126339608041,0.8669894349011904,0.000733514688615661,0.021390125474365328,0.004791945918318283,0.8734598835207479,0.0,0.004167542167510574
17.04,0.024210099201077313,0.8670162700390213,0.00072187184473491,0.021322068604750735,0.0047772520042222225,0.8734646572305689,0.0,0.004154638867079714
17.06,0.02412923106306387,0.867043015333039,0.0007104138039886229,0.02125420523977975,0.004762604181459524,0.8734694156167617,0.0,0.004141776370389883
17.080000000000002,0.024048657780544946,0.8670696709951002,0.0006991376330557952,0.02118653521794381,0.004748002299147079,0.873474158732089,0.0,0.00412895454615552
17.1,0.02396837815693874,0.8670962372383275,0.000688040445175088,0.021119058372183044,0.004733446206934052,0.8734788866291053,0.0,0.004116173263498186
17.12,0.02388839100057067,0.8671227142770743,0.0006771193994058009,0.02105177452997081,0.00471893575499977,0.8734835993601586,0.0,0.00410343239194568
17.14,0.02380869512466684,0.8671491023268917,0.000666371699900576,0.020984683513397377,0.004704470794051625,0.8734882969773912,0.0,0.004090731801431155
17.16,0.0237292893473471,0.8671754016044944,0.000655794595189646,0.020917785139252725,0.0046900511753229885,0.8734929795327406,0.0,0.004078071362292236
17.18,0.02365017249161773,0.8672016123277283,0.000645385377476442,0.020851079219108476,0.004675676750571127,0.8734976470779409,0.0,0.004065450945270123
17.2,0.023571343385363746,0.8672277347155378,0.0006351413819443839,0.02078456555939897,0.004661347372075137,0.8735022996645231,0.0,0.004052870421508703
17.22,0.023492800861340833,0.8672537689879338,0.000625059986074672,0.020718243961501473,0.004647062892633884,0.8735069373438168,0.0,0.004040329662553646
17.240000000000002,0.023414543757166926,0.867279715365962,0.000615138608974908,0.020652114221815565,0.004632823165563951,0.8735115601669509,0.0,0.00402782854035151
17.26,0.02333657091531345,0.8673055740716722,0.000605374710718373,0.020586176131841664,0.0046186280446976,0.8735161681848543,0.0,0.004015366927248833
17.28,0.02325888118309623,0.8673313453280873,0.0005957657916937917,0.020520429478258717,0.004604477384380738,0.8735207614482576,0.0,0.004002944695991227
17.3,0.02318147341266606,0.8673570293591734,0.0005863093919654185,0.020454874043001076,0.004590371039470895,0.8735253400076932,0.0,0.003990561719722468
17.32,0.023104346460998966,0.8673826263898098,0.0005770030906432806,0.02038950960333454,0.00457630886533521,0.8735299039134969,0.0,0.0039782178719835835
17.34,0.02302749918988619,0.86740813664576,0.000567844505263417,0.020324335931931583,0.00456229071784843,0.8735344532158086,0.0,0.003965913026711933
17.36,0.02295093046592383,0.8674335603536426,0.0005588312911779546,0.020259352796945785,0.004548316453390912,0.8735389879645731,0.0,0.003953647058240291
17.38,0.02287463916050223,0.8674588977409029,0.0005499611409548653,0.020194559962085436,0.004534385928846637,0.8735435082095414,0.0,0.003941419841295927
17.400000000000002,0.022798624149795096,0.8674841490357851,0.0005412317837872513,0.020129957186686368,0.004520499001601236,0.8735480140002715,0.0,0.003929231250999676
17.42,0.02272288431474831,0.8675093144673043,0.0005326409849120059,0.020065544225783976,0.00450665552954002,0.873552505386129,0.0,0.003917081162865018
17.44,0.02264741854106852,0.8675343942652196,0.0005241865450377019,0.020001320830184473,0.004492855371046021,0.8735569824162887,0.0,0.0039049694527971412
17.46,0.022572225719211456,0.8675593886600075,0.0005158662997815608,0.019937286746535353,0.004479098384998042,0.8735614451397347,0.0,0.0038928959970920165
17.48,0.022497304744370027,0.867584297882835,0.0005076781191153595,0.01987344171739509,0.0044653844307687195,0.8735658936052619,0.0,0.003880860672435459
17.5,0.02242265451646215,0.8676091221655341,0.0004996199068201309,0.01980978548130207,0.004451713368222585,0.8735703278614769,0.0,0.0038688633559021937
17.52,0.022348273940118384,0.8676338617405761,0.0004916895999495209,0.01974631777284277,0.004438085057714145,0.8735747479567985,0.0,0.003856903924954915
17.54,0.022274161924669324,0.8676585168410464,0.00048388516830166225,0.01968303832271915,0.004424499360085966,0.8735791539394588,0.0,0.0038449822574433464
17.56,0.022200317384132796,0.8676830877006196,0.00047620461389943247,0.01961994685781537,0.00441095613666677,0.8735835458575045,0.0,0.0038330982316032987
17.580000000000002,0.02212673923720083,0.8677075745535353,0.00046864597047896033,0.019557043101263685,0.004397455249269529,0.873587923758797,0.0,0.0038212517260557237
17.6,0.022053426407226465,0.8677319776345738,0.0004612073029862517,0.01949432677250966,0.0043839965601895885,0.8735922876910138,0.0,0.0038094426198057676
17.62,0.02198037782221033,0.8677562971790327,0.00045388670708180513,0.019431797587376638,0.004370579932202775,0.8735966377016494,0.0,0.0037976707922418224
17.64,0.02190759241478707,0.8677805334227034,0.00044668230865309067,0.019369455258129484,0.004357205228563532,0.8736009738380157,0.0,0.0037859361231345765
17.66,0.02183506912221157,0.8678046866018486,0.0004395922633347666,0.019307299493537624,0.004343872313003051,0.8736052961472435,0.0,0.003774238492636061
17.68,0.021762806886345035,0.867828756953179,0.000432614756036512,0.019245329998937355,0.00433058104972742,0.8736096046762827,0.0,0.003762577781278697
17.7,0.021690804653640886,0.8678527447138316,0.00042574800047835373,0.019183546476293476,0.004317331303415775,0.8736138994719038,0.0,0.00375095386997434
17.72,0.0216190613751305,0.8678766501213477,0.00041899023873336885,0.019121948624260202,0.004304122939218462,0.8736181805806983,0.0,0.003739366640013323
17.740000000000002,0.021547576006408813,0.8679004734136517,0.00041233974077764583,0.01906053613824139,0.004290955822755206,0.8736224480490795,0.0,0.0037278159730634985
17.76,0.02147634750761976,0.8679242148290294,0.00040579480404738906,0.01899930871045009,0.0042778298201132875,0.8736267019232838,0.0,0.0037163017511692787
17.78,0.021405374843441582,0.8679478746061072,0.000399353753003053,0.018938266029967406,0.004264744797845733,0.8736309422493711,0.0,0.0037048238567506746
17.8,0.021334656983072003,0.8679714529838324,0.00039301493870039515,0.018877407782800677,0.004251700622969505,0.8736351690732256,0.0,0.0036933821726023346
17.82,0.021264192900213273,0.8679949502014519,0.00038677673836833715,0.01881673365194101,0.004238697162963705,0.8736393824405568,0.0,0.00368197658189258
17.84,0.021193981573057085,0.8680183664984933,0.0003806375549935265,0.01875624331742013,0.0042257342857677845,0.8736435823969005,0.0,0.003670606968162441
17.86,0.02112402198426938,0.8680417021147447,0.0003745958169114927,0.018695936456366594,0.004212811859779764,0.8736477689876194,0.0,0.0036592732153246915
17.88,0.021054313120975044,0.8680649572902361,0.00036864997740429213,0.01863581274306133,0.004199929753854459,0.8736519422579035,0.0,0.003647975207662882
17.900000000000002,0.02098485397474247,0.8680881322652202,0.00036279851430454015,0.018575871848992558,0.0041870878373017105,0.8736561022527718,0.0,0.0036367128298303735
17.92,0.020915643541568052,0.8681112272801536,0.00035703992960572787,0.018516113442910053,0.004174285979884634,0.8736602490170722,0.0,0.003625485966849367
17.94,0.020846680821860565,0.8681342425756788,0.0003513727490787242,0.018456537190878787,0.004161524051817864,0.8736643825954827,0.0,0.0036142945041099358
17.96,0.020777964820425442,0.8681571783926066,0.00034579552189436516,0.018397142756331933,0.004148801923765812,0.8736685030325125,0.0,0.0036031383273690556
17.98,0.020709494546448978,0.8681800349718979,0.0003403068202520338,0.01833792980012326,0.004136119466840935,0.8736726103725021,0.0,0.0035920173227496324
18.0,0.020641269013482434,0.8682028125546464,0.0003349052390141354,0.01827889798057889,0.004123476552602005,0.8736767046596245,0.0,0.0035809313767395335
18.02,0.02057328723942608,0.8682255113820617,0.00032958939534637443,0.018220046953548487,0.004110873053052394,0.873680785937886,0.0,0.0035698803761906126
18.04,0.020505548246513138,0.8682481316954526,0.0003243579283637417,0.01816137637245579,0.0040983088406383586,0.8736848542511267,0.0,0.0035588642083177395
18.06,0.020438051061293677,0.8682706737362103,0.00031920949878212,0.018102885888348574,0.004085783788247338,0.8736889096430215,0.0,0.003547882760697826
18.080000000000002,0.020370794714618418,0.8682931377457924,0.0003141427885754204,0.01804457514994803,0.004073297769206256,0.8736929521570806,0.0,0.0035369359212688526
18.1,0.020303778241622487,0.8683155239657071,0.00030915650063816026,0.01798644380369753,0.004060850657279835,0.8736969818366508,0.0,0.003526023578328895
18.12,0.020237000681709114,0.868337832637497,0.000304249358453397,0.01792849149381082,0.004048442326668913,0.8737009987249155,0.0,0.003515145620535148
18.14,0.02017046107853326,0.8683600640027244,0.0002994201057659329,0.017870717862319644,0.004036072652008767,0.8737050028648958,0.0,0.0035043019369029533
18.16,0.020104158479985194,0.8683822183029556,0.000294667506260707,0.017813122549120788,0.004023741508367453,0.8737089942994516,0.0,0.003493492416804823
18.18,0.020038091938174032,0.8684042957797464,0.00028999034324629153,0.01775570519202255,0.00401144877124414,0.8737129730712816,0.0,0.0034827169499694645
18.2,0.019972260509411217,0.8684262966746273,0.0002853874193434124,0.017698465426790676,0.003999194316567461,0.8737169392229246,0.0,0.0034719754264808055
18.22,0.019906663254193966,0.8684482212290894,0.00028085755617841335,0.0176414028871937,0.00398697802069387,0.87372089279676,0.0,0.003461267736777019
18.240000000000002,0.019841299237188668,0.8684700696845699,0.00027639959408158626,0.017584517205047782,0.003974799760406001,0.8737248338350085,0.0,0.0034505937716495464
18.26,0.01977616752721426,0.8684918422824386,0.00027201239179028893,0.017527808010260954,0.003962659412911044,0.873728762379733,0.0,0.0034399534222421236
18.28,0.01971126719722555,0.8685135392639842,0.0002676948261567758,0.017471274930876857,0.003950556855839113,0.873732678472839,0.0,0.0034293465800498035
18.3,0.01964659732429653,0.8685351608704012,0.00026344579186066613,0.017414917593117932,0.003938491967241639,0.8737365821560756,0.0,0.003418773136917982
18.32,0.019582156989603642,0.868556707342776,0.0002592642011259757,0.017358735621428083,0.003926464625589755,0.8737404734710362,0.0,0.003408232985041422
18.34,0.019517945278409048,0.8685781789220751,0.0002551489834426404,0.017302728638514817,0.003914474709772698,0.8737443524591588,0.0,0.003397726016963277
18.36,0.01945396128004384,0.8685995758491318,0.0002510990852924596,0.017246896265390867,0.0039025220990962155,0.8737482191617273,0.0,0.0033872521255741174
18.38,0.019390204087891272,0.8686208983646339,0.00024711346987939,0.01719123812141528,0.0038906066732809722,0.8737520736198717,0.0,0.0033768112041109555
18.400000000000002,0.01932667279936994,0.8686421467091113,0.00024319111686412005,0.01713575382433404,0.0038787283124609748,0.8737559158745691,0.0,0.0033664031461562694
18.42,0.01926336651591698,0.8686633211229249,0.0002393310221028575,0.017080442990320133,0.003866886897181996,0.8737597459666441,0.0,0.0033560278456370297
18.44,0.019200284342971226,0.8686844218462538,0.00023553219739026312,0.017025305234013157,0.0038550823084000088,0.8737635639367697,0.0,0.003345685196823724
18.46,0.019137425389956386,0.8687054491190845,0.0002317936702064647,0.016970340168558414,0.003843314427479624,0.8737673698254679,0.0,0.0033353750943293857
18.48,0.01907478877026419,0.8687264031811994,0.00022811448346808674,0.01691554740564552,0.003831583136192541,0.8737711636731104,0.0,0.003325097433108617
18.5,0.019012373601237552,0.8687472842721656,0.00022449369528323182,0.01686092655554652,0.003819888316715998,0.8737749455199193,0.0,0.003314852108456619
18.52,0.01895017900415371,0.8687680926313242,0.00022093037871035118,0.016806477227153546,0.0038082298516312336,0.8737787154059676,0.0,0.0033046390160082185
18.54,0.01888820410420739,0.8687888284977794,0.0002174236215209425,0.01675219902801597,0.003796607623921954,0.8737824733711801,0.0,0.003294458051736894
18.56,0.018826448030493964,0.8688094921103884,0.00021397252596601457,0.016698091564377116,0.003785021516972807,0.8737862194553337,0.0,0.003284309111953807
18.580000000000002,0.018764909915992598,0.868830083707751,0.00021057620854625857,0.01664415444121048,0.003773471414567862,0.8737899536980586,0.0,0.0032741920933068297
18.6,0.018703588897549427,0.8688506035281995,0.00020723379978586742,0.01659038726225551,0.003761957200889096,0.8737936761388383,0.0,0.003264106892779575
18.62,0.01864248411586074,0.8688710518097887,0.00020394444400994525,0.016536789630052923,0.00375047876051489,0.8737973868170109,0.0,0.003254053407690426
18.64,0.018581594715456146,0.8688914287902865,0.00020070729912544992,0.016483361145979557,0.0037390359784185262,0.8738010857717692,0.0,0.0032440315356915693
18.66,0.0185209198446818,0.8689117347071642,0.00019752153640561264,0.016430101410282793,0.0037276287399666966,0.8738047730421615,0.0,0.0032340411747680247
18.68,0.018460458655683593,0.8689319697975875,0.00019438634027777937,0.016377010022114533,0.0037162569309180144,0.8738084486670926,0.0,0.003224082223236678
18.7,0.018400210304390402,0.868952134298407,0.00019130090811461979,0.016324086579564724,0.003704920437421535,0.8738121126853239,0.0,0.0032141545797453146
18.72,0.018340173950497324,0.8689722284461497,0.00018826445002865028,0.01627133067969447,0.0036936191460152827,0.8738157651354741,0.0,0.0032042581432716543
18.740000000000002,0.01828034875744896,0.8689922524770102,0.00018527618867001844,0.016218741918568702,0.00368235294362478,0.8738194060560203,0.0,0.0031943928131223844
18.76,0.018220733892422687,0.8690122066268415,0.0001823353590274973,0.016166319891288413,0.00367112171756159,0.8738230354852979,0.0,0.0031845584889321973
18.78,0.018161328526311984,0.8690320911311478,0.00017944120823263818,0.0161140641920225,0.003659925355521858,0.8738266534615021,0.0,0.0031747550706628263
18.8,0.018102131833709765,0.869051906225075,0.0001765929953670324,0.016061974414039167,0.0036487637455848666,0.8738302600226877,0.0,0.0031649824586020823
18.82,0.018043142992891732,0.8690716521434037,0.00017378999127263194,0.01601005014973693,0.0036376367762115894,0.87383385520677,0.0,0.0031552405533628943
18.84,0.017984361185799786,0.8690913291205408,0.00017103147836508123,0.015958290990675188,0.0036265443362432574,0.8738374390515256,0.0,0.0031455292558823468
18.86,0.01792578559802542,0.8691109373905119,0.00016831675045001138,0.015906696527604437,0.003615486314899928,0.8738410115945926,0.0,0.003135848467420722
18.88,0.01786741541879319,0.8691304771869539,0.00016564511254225076,0.01585526635049604,0.003604462601779061,0.8738445728734717,0.0,0.00312619808956054
18.900000000000002,0.01780924984094417,0.8691499487431074,0.00016301588068790492,0.015804000048571624,0.0035934730868541023,0.8738481229255265,0.0,0.003116578024205603
18.92,0.017751288060919492,0.8691693522918094,0.00016042838178926064,0.015752897210332083,0.0035825176604730702,0.873851661787984,0.0,0.003106988173580036
18.94,0.017693529278743868,0.8691886880654868,0.0001578819534324693,0.01570195742358619,0.003571596213357151,0.8738551894979354,0.0,0.0030974284402273348
18.96,0.01763597269800918,0.8692079562961488,0.00015537594371796526,0.015651180275478835,0.0035607086365993003,0.8738587060923365,0.0,0.00308789872700941
18.98,0.0175786175258581,0.8692271572153806,0.00015290971109357604,0.015600565352518872,0.003549854821662847,0.8738622116080086,0.0,0.0030783989371056353
19.0,0.01752146297296774,0.8692462910543367,0.00015048262419028148,0.015550112240606598,0.003539034660380108,0.8738657060816386,0.0,0.0030689289740118936
19.02,0.017464508253533337,0.8692653580437343,0.00014809406166057978,0.015499820525060866,0.0035282480449510068,0.8738691895497801,0.0,0.003059488741539629
19.04,0.017407752585252,0.8692843584138471,0.00014574341201941914,0.015449689790645817,0.0035174948679416954,0.8738726620488535,0.0,0.0030500781438148957
19.06,0.01735119518930647,0.8693032923944992,0.00014343007348765433,0.015399719621597264,0.0035067750222831868,0.8738761236151469,0.0,0.0030406970852774103
19.080000000000002,0.01729483529034893,0.8693221602150589,0.00014115345383798784,0.015349909601648707,0.0034960884012699904,0.8738795742848166,0.0,0.0030313454706796055
19.1,0.01723867211648487,0.8693409621044329,0.0001389129702433565,0.015300259314056998,0.0034854348985587542,0.8738830140938874,0.0,0.0030220232050856837
19.12,0.01718270489925698,0.8693596982910606,0.00013670804912772463,0.015250768341627648,0.0034748144081669114,0.8738864430782536,0.0,0.0030127301938706738
19.14,0.017126932873629097,0.8693783690029084,0.0001345381260192453,0.015201436266739796,0.0034642268244713353,0.8738898612736793,0.0,0.003003466342719487
19.16,0.017071355277970178,0.8693969744674643,0.00013240264540575257,0.015152262671370823,0.0034536720422069975,0.873893268715799,0.0,0.0029942315576259775
19.18,0.017015971354038352,0.8694155149117326,0.00013030106059254738,0.015103247137120634,0.003443149956465633,0.873896665440118,0.0,0.0029850257448919997
19.2,0.016960780346964983,0.8694339905622284,0.00012823283356244052,0.0150543892452356,0.003432660462694412,0.8739000514820132,0.0,0.0029758488111264712
19.22,0.01690578150523881,0.8694524016449727,0.00012619743483801755,0.015005688576632164,0.003422203456694614,0.8739034268767336,0.0,0.002966700663244435
19.240000000000002,0.01685097408069011,0.8694707483854878,0.00012419434334608949,0.014957144711920119,0.003411778834620312,0.8739067916594008,0.0,0.0029575812084661236
19.26,0.016796357328474922,0.8694890310087915,0.00012222304628429532,0.01490875723142557,0.003401386492977058,0.8739101458650093,0.0,0.0029484903543160247
19.28,0.016741930507059334,0.8695072497393935,0.00012028303898982179,0.014860525715213556,0.003391026328620578,0.8739134895284274,0.0,0.002939428008621948
19.3,0.016687692878203784,0.86952540480129,0.00011837382481020694,0.014812449743110368,0.0033806982387554686,0.8739168226843976,0.0,0.0029303940795140948
19.32,0.016633643706947452,0.8695434964179596,0.00011649491497619439,0.014764528894725541,0.0033704021209339033,0.8739201453675373,0.0,0.0029213884754241263
19.34,0.01657978226159267,0.8695615248123587,0.00011464582847660573,0.014716762749473537,0.0033601378730543406,0.8739234576123387,0.0,0.0029124111050842366
19.36,0.016526107813689402,0.8695794902069174,0.00011282609193519902,0.01466915088659513,0.0033499053933602396,0.8739267594531702,0.0,0.0029034618775262253
19.38,0.016472619638019787,0.8695973928235354,0.0001110352394894819,0.014621692885178466,0.00333970458043878,0.8739300509242763,0.0,0.002894540702080572
19.400000000000002,0.016419317012582698,0.869615232883578,0.00010927281267144825,0.01457438832417984,0.0033295353332195897,0.8739333320597785,0.0,0.002885647488375515
19.42,0.01636619921857839,0.8696330106078718,0.00010753836029020786,0.01452723678244416,0.0033193975509734743,0.8739366028936755,0.0,0.0028767821463361242
19.44,0.01631326554039319,0.8696507262167014,0.00010583143831647914,0.01448023783872513,0.003309291133311155,0.8739398634598438,0.0,0.002867944586183386
19.46,0.01626051526558423,0.8696683799298053,0.00010415160976891514,0.014433391071705121,0.0032992159801820096,0.8739431137920383,0.0,0.002859134718433281
19.48,0.016207947684864266,0.8696859719663727,0.00010249844460223398,0.01438669606001478,0.0032891719918728213,0.8739463539238929,0.0,0.0028503524538958684
19.5,0.016155562092086507,0.8697035025450396,0.00010087151959712489,0.014340152382252325,0.00327915906900653,0.8739495838889207,0.0,0.0028415977036743696
19.52,0.016103357784229538,0.8697209718838858,9.927041825190177e-05,0.01429375961700258,0.00326917711254099,0.873952803720515,0.0,0.0028328703791642555
19.54,0.016051334061382285,0.869738380200431,9.769473067587648e-05,0.01424751734285572,0.003259226023767735,0.8739560134519491,0.0,0.002824170392052333
19.56,0.01599949022672904,0.8697557277116325,9.614405348442458e-05,0.014201425138425742,0.003249305704310744,0.8739592131163775,0.0,0.002815497654315835
19.580000000000002,0.01594782558653453,0.869773014633881,9.461798969571663e-05,0.014155482582368657,0.0032394160561252166,0.8739624027468358,0.0,0.002806852078221513
19.6,0.015896339450129065,0.8697902411829986,9.311614862908878e-05,0.014109689253400432,0.003229556981496351,0.8739655823762418,0.0,0.0027982335763247278
19.62,0.01584503112989372,0.8698074075742355,9.163814580502625e-05,0.014064044730314638,0.0032197283830381275,0.8739687520373953,0.0,0.002789642061468546
19.64,0.015793899941245595,0.8698245140222669,9.018360284673457e-05,0.01401854859199985,0.003209930163692098,0.8739719117629794,0.0,0.002781077446782836
19.66,0.015742945202623124,0.8698415607411907,8.8752147383273e-05,0.013973200417456788,0.0032001622267261785,0.87397506158556,0.0,0.002772539645683366
19.68,0.01569216623547144,0.8698585479445246,8.734341295422562e-05,0.013927999785815189,0.0031904244757334503,0.8739782015375874,0.0,0.0027640285718709043
19.7,0.01564156236422781,0.8698754758452036,8.595703891588532e-05,0.013882946276350434,0.0031807168146309626,0.8739813316513958,0.0,0.002755544139330322
19.72,0.015591132916307104,0.8698923446555779,8.459267034892717e-05,0.013838039468499918,0.0031710391476585413,0.8739844519592043,0.0,0.002747086262329695
19.740000000000002,0.015540877222087359,0.8699091545874097,8.324995796754709e-05,0.013793278941879168,0.0031613913793776035,0.8739875624931173,0.0,0.0027386548554194107
19.76,0.015490794614895371,0.8699259058518717,8.192855803004275e-05,0.013748664276297722,0.0031517734146699772,0.8739906632851248,0.0,0.0027302498334312755
19.78,0.015440884430992364,0.8699425986595445,8.062813225081388e-05,0.01370419505177476,0.003142185158736724,0.8739937543671032,0.0,0.0027218711114776234
19.8,0.015391146009559712,0.8699592332204145,7.934834771375923e-05,0.013659870848554493,0.0031326265170969676,0.8739968357708155,0.0,0.0027135186049504273
19.82,0.015341578692684725,0.8699758097438719,7.80888767870483e-05,0.01361569124712131,0.003123097395586729,0.8739999075279119,0.0,0.0027051922295204117
19.84,0.015292181825346491,0.8699923284387088,7.684939703924574e-05,0.013571655828214705,0.0031135977003577645,0.87400296966993,0.0,0.0026968919011361677
19.86,0.015242954755401779,0.870008789513117,7.56295911567672e-05,0.01352776417284395,0.0031041273378764078,0.8740060222282955,0.0,0.00268861753602327
19.88,0.015193896833571002,0.8700251931746867,7.44291468626453e-05,0.013484015862302558,0.00309468621492242,0.8740090652343228,0.0,0.0026803690506833947
19.900000000000002,0.01514500741342425,0.8700415396304043,7.324775683658499e-05,0.0134404104781825,0.003085274238587841,0.8740120987192151,0.0,0.002672146361893441
19.92,0.015096285851367365,0.8700578290866509,7.208511863628793e-05,0.013396947602388217,0.0030758913162758496,0.8740151227140653,0.0,0.002663949386704652
19.94,0.015047731506628092,0.8700740617492004,7.094093462002553e-05,0.013353626817150388,0.003066537355699622,0.874018137249856,0.0,0.0026557780424417404
19.96,0.014999343741242286,0.8700902378232187,6.981491187044117e-05,0.013310447705039497,0.003057212264881203,0.87402114235746,0.0,0.0026476322467020147
19.98,0.014951121920040182,0.8701063575132614,6.870676211956161e-05,0.013267409848979176,0.003047915952150376,0.874024138067641,0.0,0.0026395119173545064
20.0,0.014903065410632719,0.8701224210232729,6.761620167499892e-05,0.013224512832259326,0.0030386483261435394,0.874027124411054,0.0,0.0026314169725391006
20.02,0.014855173583397932,0.870138428556585,6.654295134732363e-05,0.013181756238549043,0.003029409295802589,0.8740301014182457,0.0,0.002623347330665669
20.04,0.014807445811467403,0.8701543803159154,6.548673637859074e-05,0.013139139651909312,0.0030201987703738016,0.8740330691196547,0.0,0.002615302910413203
20.06,0.014759881470712775,0.8701702765033671,6.444728637200017e-05,0.01309666265680552,0.003011016659406729,0.8740360275456125,0.0,0.00260728363072895
20.080000000000002,0.01471247993973232,0.8701861173204264,6.342433522267368e-05,0.013054324838119738,0.0030018628727530895,0.8740389767263431,0.0,0.002599289410827552
20.1,0.014665240599837578,0.8702019029679626,6.241762104953062e-05,0.013012125781162821,0.0029927373205656696,0.8740419166919644,0.0,0.0025913201701901847
20.12,0.01461816283504005,0.8702176336462266,6.142688612824488e-05,0.012970065071686297,0.0029836399132972275,0.8740448474724878,0.0,0.002583375828563701
20.14,0.014571246032037953,0.8702333095548501,6.0451876825266136e-05,0.012928142295894061,0.0029745705616994016,0.8740477690978191,0.0,0.002575456305959773
20.16,0.014524489580203043,0.8702489308928445,5.949234353288819e-05,0.012886357040453877,0.002965529176821624,0.8740506815977589,0.0,0.0025675615226540406
20.18,0.014477892871567487,0.8702644978586004,5.85480406053481e-05,0.012844708892508685,0.002956515670010038,0.8740535850020028,0.0,0.002559691399185257
20.2,0.01443145530081081,0.8702800106498865,5.761872629593948e-05,0.012803197439687712,0.002947529952906421,0.8740564793401421,0.0,0.0025518458563544414
20.22,0.014385176265246886,0.8702954694638492,5.670416269512404e-05,0.012761822270117403,0.0029385719374471087,0.8740593646416639,0.0,0.0025440248152240287
20.240000000000002,0.014339055164811012,0.8703108744970117,5.5804115669625465e-05,0.012720582972432162,0.0029296415358619292,0.8740622409359519,0.0,0.0025362281971170256
20.26,0.01429309140204702,0.8703262259452735,5.491835480248998e-05,0.012679479135784908,0.002920738660673136,0.8740651082522864,0.0,0.002528455923616166
20.28,0.01424728438209447,0.8703415240039101,5.404665333409837e-05,0.012638510349857454,0.0029118632246943484,0.8740679666198452,0.0,0.0025207079165630694
20.3,0.014201633512675888,0.8703567688675717,5.3188788104114276e-05,0.012597676204870699,0.002903015141029496,0.8740708160677034,0.0,0.002512984098057402
20.32,0.014156138204084076,0.8703719607302838,5.234453949435395e-05,0.012556976291594647,0.002894194323071766,0.8740736566248344,0.0,0.0025052843904560373
20.34,0.014110797869169476,0.870387099785446,5.1513691372562756e-05,0.012516410201358252,0.0028854006845025577,0.87407648832011,0.0,0.002497608716372223
20.36,0.014065611923327595,0.8704021862258322,5.069603103708418e-05,0.012475977526059088,0.002876634139290437,0.8740793111823008,0.0,0.002489956998674745
20.38,0.0140205797844865,0.8704172202435899,4.989134916240702e-05,0.012435677858172848,0.0028678946016901003,0.8740821252400767,0.0,0.002482329160487099
20.400000000000002,0.013975700873094356,0.8704322020302403,4.909943974557691e-05,0.012395510790762673,0.0028591819862413374,0.8740849305220074,0.0,0.0024747251251866585
20.42,0.013930974612107041,0.8704471317766777,4.832010005345845e-05,0.012355475917488314,0.0028504962077680043,0.8740877270565626,0.0,0.002467144816403849
20.44,0.013886400426975814,0.8704620096731697,4.755313057083441e-05,0.012315572832615133,0.0028418371813769936,0.8740905148721124,0.0,0.002459588158021323
20.46,0.013841977745635045,0.870476835909357,4.679833494932874e-05,0.012275801131022937,0.0028332048224572154,0.8740932939969279,0.0,0.0024520550741731362
20.48,0.013797705998489998,0.8704916106742532,4.6055519957140324e-05,0.012236160408214647,0.0028245990466785787,0.8740960644591813,0.0,0.0024445454892439273
20.5,0.013753584618404686,0.8705063341562449,4.532449542957458e-05,0.012196650260324826,0.002816019769990977,0.8740988262869467,0.0,0.002437059327868099
20.52,0.013709613040689777,0.870521006543092,4.460507422036024e-05,0.01215727028412802,0.00280746690862328,0.8741015795081999,0.0,0.0024295965149290022
20.54,0.013665790703090564,0.870535628021927,4.389707215373894e-05,0.012118020077046971,0.0027989403790823282,0.8741043241508195,0.0,0.002422156975558119
20.56,0.013622117045774991,0.870550198779256,4.3200307977315145e-05,0.012078899237160672,0.0027904400981519305,0.8741070602425868,0.0,0.002414740635134253
20.580000000000002,0.013578591511321741,0.8705647190009582,4.2514603315654596e-05,0.012039907363212247,0.0027819659828918685,0.8741097878111862,0.0,0.0024073474192827177
20.6,0.013535213544708385,0.8705791888722865,4.183978262461921e-05,0.012001044054616718,0.0027735179506369026,0.8741125068842058,0.0,0.002399977253874528
20.62,0.013491982593299583,0.8705936085778674,4.1175673146426815e-05,0.011962308911468595,0.0027650959189957827,0.8741152174891378,0.0,0.0023926300650255945
20.64,0.013448898106835352,0.8706079783017014,4.0522104865424235e-05,0.011923701534549334,0.0027566998058502637,0.8741179196533784,0.0,0.00238530577909592
20.66,0.01340595953741939,0.8706222982271637,3.987891046456233e-05,0.01188522152533465,0.0027483295293541246,0.8741206134042289,0.0,0.002378004322688797
20.68,0.01336316633950746,0.8706365685370039,3.924592528256193e-05,0.011846868486001683,0.0027399850079321904,0.8741232987688955,0.0,0.002370725622650008
20.7,0.01332051796989582,0.8706507894133465,3.8622987271759656e-05,0.011808642019436025,0.00273166616027936,0.87412597577449,0.0,0.002363469606067029
20.72,0.013278013887709739,0.8706649610376918,3.800993695662281e-05,0.011770541729238615,0.0027233729053596357,0.8741286444480301,0.0,0.0023562362002682324
20.740000000000002,0.013235653554392041,0.8706790835909157,3.74066173929228e-05,0.011732567219732483,0.00271510516240516,0.8741313048164395,0.0,0.002349025332822095
20.76,0.013193436433691726,0.8706931572532709,3.6812874127556525e-05,0.011694718095969378,0.0027068628509152514,0.8741339569065488,0.0,0.002341836931536407
20.78,0.01315136199165264,0.8707071822043867,3.6228555159005565e-05,0.01165699396373624,0.0026986458906554504,0.8741366007450954,0.0,0.002334670924457481
20.8,0.013109429696602212,0.8707211586232699,3.5653510898422945e-05,0.011619394429561556,0.0026904542016565622,0.8741392363587238,0.0,0.0023275272398693685
20.82,0.013067639019140233,0.8707350866883057,3.508759413133759e-05,0.011581919100721589,0.0026822877042137097,0.8741418637739867,0.0,0.002320405806293072
20.84,0.013025989432127709,0.8707489665772574,3.4530659979966595e-05,0.011544567585246452,0.0026741463188853856,0.8741444830173445,0.0,0.002313306552485764
20.86,0.012984480410675759,0.8707627984672681,3.398256586612574e-05,0.011507339491926095,0.0026660299664925118,0.8741470941151661,0.0,0.0023062294074400066
20.88,0.012943111432134578,0.8707765825348607,3.344317147472869e-05,0.011470234430316128,0.0026579385681175,0.8741496970937292,0.0,0.0022991743003829735
20.900000000000002,0.012901881976082455,0.8707903189559387,3.2912338717865556e-05,0.011433252010743545,0.002649872045103318,0.8741522919792207,0.0,0.0022921411607756724
20.92,0.012860791524314836,0.8708040079057873,3.238993169945166e-05,0.011396391844312317,0.0026418303190525573,0.8741548787977369,0.0,0.002285129918312173
20.94,0.012819839560833464,0.8708176495590735,3.187581668043736e-05,0.011359653542908865,0.002633813311826508,0.8741574575752838,0.0,0.0022781405029188343
20.96,0.01277902557183556,0.8708312440898476,3.136986204457017e-05,0.011323036719207412,0.0026258209455442337,0.874160028337778,0.0,0.0022711728447535346
20.98,0.01273834904570306,0.8708447916715437,3.087193826470023e-05,0.011286540986675224,0.002617853142581654,0.8741625911110462,0.0,0.002264226874204904
21.0,0.01269780947299192,0.8708582924769804,3.0381917869620695e-05,0.01125016595957772,0.002609909825570625,0.8741651459208263,0.0,0.002257302521891561
21.02,0.012657406346421464,0.8708717466783619,2.9899675411434368e-05,0.011213911252983494,0.0026019909173980314,0.8741676927927672,0.0,0.002250399718661346
21.04,0.012617139160863789,0.8708851544472787,2.9425087433438382e-05,0.011177776482769188,0.0025940963412048744,0.8741702317524296,0.0,0.0022435183955905632
21.06,0.012577007413333232,0.8708985159547087,2.89580324385186e-05,0.011141761265624286,0.002586226020385368,0.874172762825286,0.0,0.002236658483983221
21.080000000000002,0.012537010602975887,0.8709118313710182,2.8498390858045688e-05,0.011105865219055783,0.0025783798785860377,0.8741752860367213,0.0,0.0022298199153702744
21.1,0.012497148231059178,0.8709251008659626,2.80460450212649e-05,0.011070087961392739,0.0025705578397048224,0.8741778014120329,0.0,0.0022230026215088712
21.12,0.012457419800961482,0.8709383246086877,2.7600879125171715e-05,0.011034429111790737,0.002562759827890181,0.8741803089764312,0.0,0.0022162065343815994
21.14,0.012417824818161812,0.8709515027677303,2.716277920486564e-05,0.010998888290236231,0.0025549857675402003,0.8741828087550396,0.0,0.0022094315861957378
21.16,0.012378362790229554,0.8709646355110197,2.673163310437457e-05,0.01096346511755079,0.0025472355833017096,0.8741853007728957,0.0,0.0022026777093825064
21.18,0.012339033226814256,0.8709777230058784,2.630733044794225e-05,0.010928159215395238,0.0025395092000693956,0.8741877850549505,0.0,0.002195944836596322
21.2,0.012299835639635466,0.8709907654190236,2.5889762611771477e-05,0.010892970206273686,0.002531806542984924,0.8741902616260697,0.0,0.002189232900714054
21.22,0.012260769542472634,0.8710037629165679,2.5478822696215808e-05,0.010857897713537476,0.0025241275374360615,0.8741927305110334,0.0,0.002182541834834281
21.240000000000002,0.012221834451155053,0.8710167156640205,2.507440549841268e-05,0.010822941361389013,0.0025164721090558035,0.8741951917345366,0.0,0.002175871572276556
21.26,0.012183029883551874,0.8710296238262885,2.4676407485350897e-05,0.010788100774885512,0.0025088401837215046,0.8741976453211898,0.0,0.0021692220465806635
21.28,0.012144355359562145,0.8710424875676779,2.4284726767365608e-05,0.01075337557994263,0.0025012316875540124,0.8742000912955189,0.0,0.0021625931915058884
21.3,0.012105810401104927,0.8710553070518949,2.3899263072054e-05,0.010718765403338023,0.0024936465469168052,0.8742025296819658,0.0,0.0021559849410302816
21.32,0.012067394532109456,0.8710680824420473,2.3519917718605024e-05,0.010684269872714796,0.0024860846884151317,0.8742049605048886,0.0,0.002149397229349929
21.34,0.012029107278505346,0.871080813900645,2.3146593592536552e-05,0.010649888616584863,0.002478546038895157,0.8742073837885622,0.0,0.0021428299908782234
21.36,0.01199094816821286,0.8710935015896021,2.277919512083355e-05,0.010615621264332215,0.0024710305254431082,0.8742097995571781,0.0,0.0021362831602451376
21.38,0.011952916731133217,0.8711061456702376,2.2417628247480866e-05,0.010581467446216098,0.0024635380753844274,0.8742122078348453,0.0,0.0021297566722965006
21.400000000000002,0.011915012499138967,0.8711187463032769,2.206180040938437e-05,0.010547426793374105,0.0024560686162829236,0.87421460864559,0.0,0.0021232504620932744
21.42,0.0118772350060644,0.871131303648853,2.1711620512674296e-05,0.010513498937825171,0.0024486220759399333,0.8742170020133564,0.0,0.0021167644649108352
21.44,0.011839583787696022,0.871143817866508,2.1366998909384725e-05,0.010479683512472492,0.0024411983823934783,0.874219387962007,0.0,0.0021102986162382545
21.46,0.011802058381763065,0.8711562891151938,2.10278473745032e-05,0.01044598015110635,0.0024337974639174332,0.8742217665153227,0.0,0.0021038528517775836
21.48,0.011764658327928062,0.8711687175532745,2.0694079083384652e-05,0.010412388488406858,0.0024264192490206903,0.874224137697003,0.0,0.00209742710744314
21.5,0.011727383167777468,0.8711811033385267,2.0365608589523817e-05,0.01037890815994662,0.0024190636664463325,0.8742265015306667,0.0,0.002091021319360797
21.52,0.01169023244481232,0.8711934466281415,2.0042351802680455e-05,0.010345538802193303,0.002411730645170807,0.874228858039852,0.0,0.002084635423867272
21.54,0.01165320570443897,0.8712057475787255,1.9724225967351794e-05,0.010312280052512144,0.002404420114403101,0.8742312072480166,0.0,0.0020782693575094216
21.56,0.011616302493959839,0.8712180063463026,1.941114964158668e-05,0.010279131549168359,0.002397132003583926,0.8742335491785386,0.0,0.0020719230570435346
21.580000000000002,0.011579522362564244,0.8712302230863151,1.9103042676135974e-05,0.010246092931329482,0.0023898662423848978,0.8742358838547161,0.0,0.0020655964594346312
21.6,0.011542864861319264,0.8712423979536252,1.879982619393392e-05,0.010213163839067623,0.0023826227607077264,0.8742382112997679,0.0,0.0020592895018557607
21.62,0.011506329543160651,0.8712545311025164,1.850142256990518e-05,0.010180343913361653,0.002375401488683405,0.8742405315368338,0.0,0.002053002121687303
21.64,0.0114699159628838,0.871266622686695,1.8207755411092386e-05,0.01014763279609931,0.0023682023566714045,0.8742428445889747,0.0,0.002046734256516272
21.66,0.011433623677134753,0.8712786728592915,1.7918749537099146e-05,0.01011503013007923,0.0023610252952588682,0.8742451504791733,0.0,0.0020404858441356215
21.68,0.01139745224440127,0.8712906817728622,1.763433096084342e-05,0.010082535559012904,0.0023538702352598148,0.8742474492303338,0.0,0.0020342568225435536
21.7,0.011361401225003932,0.8713026495793904,1.7354426869616457e-05,0.01005014872752657,0.002346737107714338,0.8742497408652827,0.0,0.002028047129942827
21.72,0.011325470181087295,0.8713145764302883,1.7078965606442317e-05,0.010017869281163019,0.0023396258438878157,0.8742520254067689,0.0,0.00202185670474007
21.740000000000002,0.011289658676611096,0.8713264624763981,1.6807876651733306e-05,0.00998569686638334,0.0023325363752701167,0.8742543028774641,0.0,0.002015685485545094
21.76,0.011253966277341506,0.8713383078679937,1.6541090605236577e-05,0.009953631130568599,0.0023254686335748144,0.8742565732999628,0.0,0.00200953341117021
21.78,0.01121839255084242,0.8713501127547824,1.627853916826728e-05,0.009921671722021434,0.0023184225507384016,0.8742588366967828,0.0,0.002003400420629547
21.8,0.011182937066466806,0.8713618772859059,1.6020155126223735e-05,0.0098898182899676,0.0023113980589195096,0.8742610930903658,0.0,0.0019972864531383723
21.82,0.011147599395348103,0.8713736016099424,1.5765872331380117e-05,0.009858070484557438,0.002304395090498129,0.8742633425030771,0.0,0.0019911914481124137
21.84,0.011112379110391639,0.8713852858749079,1.551562568595228e-05,0.009826427956867273,0.0022974135780748353,0.8742655849572062,0.0,0.0019851153451671843
21.86,0.011077275786266131,0.8713969302282579,1.526935112543238e-05,0.009794890358900764,0.0022904534544700155,0.8742678204749671,0.0,0.001979058084117309
21.88,0.011042288999395208,0.8714085348168885,1.5026985602187988e-05,0.009763457343590165,0.0022835146527230986,0.8742700490784985,0.0,0.0019730196049758545
21.900000000000002,0.011007418327948982,0.8714200997871386,1.4788467069321578e-05,0.00973212856479755,0.0022765971060917907,0.874272270789864,0.0,0.001966999847953658
21.92,0.010972663351835669,0.8714316252847913,1.455373446478616e-05,0.009700903677315957,0.00226970074805131,0.8742744856310528,0.0,0.001960998753458662
21.94,0.010938023652693257,0.8714431114550751,1.4322727695753078e-05,0.009669782336870474,0.0022628255122936272,0.8742766936239795,0.0,0.001955016262095249
21.96,0.01090349881388121,0.8714545584426661,1.4095387623227906e-05,0.009638764200119275,0.0022559713327267076,0.8742788947904845,0.0,0.0019490523146635781
21.98,0.010869088420472225,0.8714659663916889,1.3871656046910554e-05,0.009607848924654577,0.0022491381434737575,0.8742810891523344,0.0,0.0019431068521589244
22.0,0.010834792059244031,0.8714773354457191,1.3651475690295665e-05,0.009577036169003562,0.0022423258788724716,0.8742832767312222,0.0,0.0019371798157710206
22.02,0.010800609318671224,0.8714886657477843,1.3434790186009518e-05,0.00954632559262922,0.0022355344734742845,0.8742854575487676,0.0,0.0019312711468834004
22.04,0.010766539788917165,0.8714999574403655,1.3221544061379674e-05,0.009515716855931148,0.002228763862043626,0.8742876316265175,0.0,0.001925380787072744
22.06,0.0107325830618259,0.8715112106653995,1.3011682724233673e-05,0.009485209620246285,0.002222013979557177,0.8742897989859455,0.0,0.001919508678108225
22.080000000000002,0.01069873873091414,0.8715224255642802,1.2805152448923131e-05,0.009454803547849598,0.0022152847612031297,0.8742919596484532,0.0,0.0019136547619508612
22.1,0.010665006391363268,0.8715336022778598,1.2601900362569687e-05,0.009424498301954713,0.002208576142380452,0.8742941136353697,0.0,0.001907818980752865
22.12,0.010631385640011412,0.8715447409464512,1.2401874431529256e-05,0.00939429354671448,0.0022018880586981513,0.8742962609679523,0.0,0.0019020012768569976
22.14,0.010597876075345538,0.8715558417098289,1.2205023448071129e-05,0.00936418894722151,0.002195220445974544,0.8742984016673866,0.0,0.0018962015927959253
22.16,0.010564477297493595,0.8715669047072314,1.2011297017268521e-05,0.009334184169508628,0.0021885732402365274,0.8743005357547868,0.0,0.0018904198712915768
22.18,0.010531188908216705,0.8715779300773624,1.1820645544097187e-05,0.009304278880549303,0.002181946377718853,0.8743026632511959,0.0,0.001884656055254503
22.2,0.010498010510901393,0.8715889179583926,1.1633020220738827e-05,0.00927447274825801,0.0021753397948634044,0.8743047841775861,0.0,0.001878910087783239
22.22,0.010464941710551854,0.8715998684879611,1.1448373014086024e-05,0.009244765441490551,0.002168753428318477,0.8743068985548588,0.0,0.0018731819121636684
22.240000000000002,0.010431982113782268,0.8716107818031779,1.1266656653445496e-05,0.009215156630044317,0.0021621872149380603,0.8743090064038452,0.0,0.0018674714718683893
22.26,0.010399131328809156,0.8716216580406243,1.108782461843655e-05,0.009185645984658517,0.0021556410917811237,0.8743111077453066,0.0,0.0018617787105560818
22.28,0.010366388965443772,0.8716324973363558,1.0911831127081606e-05,0.009156233177014342,0.0021491149961109044,0.8743132025999341,0.0,0.001856103572070878
22.3,0.010333754635084543,0.8716432998259033,1.0738631124085757e-05,0.009126917879735094,0.0021426088653941984,0.8743152909883494,0.0,0.0018504460004417356
22.32,0.010301227950709538,0.8716540656442745,1.0568180269302376e-05,0.009097699766386264,0.002136122637300655,0.8743173729311048,0.0,0.0018448059398818097
22.34,0.010268808526868997,0.8716647949259559,1.0400434926381788e-05,0.00906857851147557,0.0021296562497020713,0.8743194484486838,0.0,0.0018391833347878308
22.36,0.01023649597967788,0.8716754878049149,1.0235352151600135e-05,0.009039553790452933,0.0021232096406716932,0.8743215175615008,0.0,0.0018335781297394824
22.38,0.010204289926808467,0.8716861444146005,1.0072889682865537e-05,0.009010625279710435,0.0021167827484835167,0.8743235802899019,0.0,0.0018279902694987805
22.400000000000002,0.010172189987482998,0.8716967648879459,9.913005928898777e-06,0.008981792656582213,0.0021103755116115915,0.8743256366541646,0.0,0.001822419699009457
22.42,0.010140195782466346,0.8717073493573699,9.755659958585696e-06,0.008953055599344317,0.002103987868729329,0.8743276866744988,0.0,0.0018168663633963424
22.44,0.010108306934058741,0.8717178979547787,9.600811490498614e-06,0.008924413787214529,0.0020976197587088117,0.8743297303710462,0.0,0.0018113302079647536
22.46,0.010076523066088519,0.8717284108115672,9.448420882584059e-06,0.00889586690035213,0.0020912711206201064,0.8743317677638812,0.0,0.001805811178199881
22.48,0.010044843803904918,0.8717388880586212,9.298449122014184e-06,0.008867414619857643,0.002084941893730578,0.8743337988730109,0.0,0.0018003092197661783
22.5,0.010013268774370917,0.871749329826319,9.150857815199274e-06,0.00883905662777252,0.002078632017504209,0.8743358237183753,0.0,0.001794824278506756
22.52,0.009981797605856102,0.871759736244533,9.005609177958771e-06,0.008810792607078793,0.002072341431600918,0.8743378423198476,0.0,0.0017893563004427746
22.54,0.009950429928229578,0.8717701074426314,8.862666025848328e-06,0.008782622241698698,0.002066070075875884,0.8743398546972345,0.0,0.0017839052317728408
22.56,0.009919165372852925,0.87178044354948,8.721991764640376e-06,0.00875454521649424,0.0020598178903788707,0.8743418608702764,0.0,0.0017784710188724056
22.580000000000002,0.009888003572573172,0.8717907446934442,8.583550380955811e-06,0.008726561217266738,0.0020535848153535566,0.8743438608586477,0.0,0.0017730536082931647
22.6,0.009856944161715835,0.8718010110023902,8.447306433044369e-06,0.008698669930756324,0.0020473707912368635,0.8743458546819568,0.0,0.0017676529467624599
22.62,0.009825986776077966,0.8718112426036868,8.313225041711342e-06,0.008670871044641409,0.0020411757586582912,0.8743478423597467,0.0,0.0017622689811826837
22.64,0.009795131052921263,0.8718214396242077,8.181271881388317e-06,0.008643164247538108,0.0020349996584392523,0.8743498239114951,0.0,0.0017569016586306849
22.66,0.0097643766309652,0.8718316021903324,8.051413171345644e-06,0.00861554922899964,0.002028842431592412,0.8743517993566144,0.0,0.0017515509263571765
22.68,0.009733723150380204,0.8718417304279487,7.92361566704438e-06,0.008588025679515679,0.0020227040193210267,0.8743537687144526,0.0,0.0017462167317861454
22.7,0.009703170252780861,0.8718518244624537,7.797846651625508e-06,0.008560593290511682,0.0020165843630182896,0.8743557320042925,0.0,0.001740899022514265
22.72,0.009672717581219166,0.8718618844187562,7.674073927534248e-06,0.008533251754348178,0.0020104834042666757,0.874357689245353,0.0,0.0017355977463103076
22.740000000000002,0.009642364780177803,0.871871910421278,7.552265808277294e-06,0.008506000764320027,0.00200440108483729,0.8743596404567885,0.0,0.0017303128511145613
22.76,0.009612111495563468,0.8718819025939557,7.432391110310912e-06,0.008478840014655643,0.001998337346689218,0.8743615856576898,0.0,0.0017250442850382471
22.78,0.009581957374700216,0.8718918610602424,7.314419145057775e-06,0.008451769200516185,0.0019922921319688804,0.874363524867084,0.0,0.001719791996362938
22.8,0.009551902066322858,0.8719017859431096,7.198319711050522e-06,0.008424788017994723,0.0019862653830093873,0.8743654581039345,0.0,0.0017145559335399808
22.82,0.009521945220570384,0.8719116773650487,7.084063086200017e-06,0.008397896164115364,0.001980257042329898,0.8743673853871418,0.0,0.0017093360451899198
22.84,0.009492086488979423,0.8719215354480729,6.971620020186332e-06,0.008371093336832353,0.0019742670526349793,0.8743693067355433,0.0,0.0017041322801019218
22.86,0.009462325524477743,0.871931360313719,6.860961726970504e-06,0.008344379235029141,0.0019682953568139717,0.8743712221679135,0.0,0.001698944587233203
22.88,0.009432661981377776,0.8719411520830486,6.752059877425156e-06,0.008317753558517427,0.001962341897940352,0.8743731317029648,0.0,0.0016937729157084586
22.900000000000002,0.009403095515370188,0.8719509108766506,6.6448865920820785e-06,0.00829121600803617,0.001956406619271104,0.874375035359347,0.0,0.0016886172148192931
22.92,0.009373625783517475,0.8719606368146421,6.539414433994942e-06,0.008264766285250564,0.001950489464246086,0.8743769331556479,0.0,0.001683477434023654
22.94,0.009344252444247601,0.8719703300166709,6.4356164017152816e-06,0.008238404092751006,0.0019445903764874054,0.8743788251103934,0.0,0.0016783535229452664
22.96,0.009314975157347666,0.8719799906019168,6.333465922379983e-06,0.008212129134052013,0.0019387092997987935,0.874380711242048,0.0,0.0016732454313730686
22.98,0.009285793583957605,0.8719896186890931,6.232936844908482e-06,0.008185941113591125,0.0019328461781649823,0.8743825915690145,0.0,0.0016681531092606523
23.0,0.009256707386563924,0.8719992143964488,6.134003433307948e-06,0.008159839736727778,0.001927000955751085,0.8743844661096349,0.0,0.0016630765067257016
23.02,0.009227716228993476,0.87200877784177,6.036640360084726e-06,0.008133824709742152,0.0019211735769019773,0.8743863348821901,0.0,0.0016580155740494363
23.04,0.009198819776407251,0.8720183091423819,5.940822699760361e-06,0.008107895739833995,0.001915363986141683,0.8743881979049002,0.0,0.0016529702616760557
23.06,0.009170017695294227,0.87202780841515,5.846525922490542e-06,0.008082052535121415,0.0019095721281727602,0.8743900551959249,0.0,0.0016479405202121842
23.080000000000002,0.009141309653465225,0.8720372757764824,5.753725887785322e-06,0.008056294804639657,0.0019037979478756899,0.8743919067733638,0.0,0.0016429263004263197
23.1,0.009112695320046816,0.872046711342331,5.662398838329029e-06,0.008030622258339847,0.0018980413903082682,0.874393752655256,0.0,0.0016379275532482835
23.12,0.009084174365475258,0.8720561152281936,5.5725213938982535e-06,0.008005034607087718,0.001892302400705,0.8743955928595811,0.0,0.001632944229768671
23.14,0.009055746461490457,0.8720654875491154,5.484070545376394e-06,0.007979531562662309,0.0018865809244764948,0.8743974274042591,0.0,0.0016279762812383062
23.16,0.009027411281129967,0.8720748284196906,5.39702364886319e-06,0.007954112837754643,0.0018808769072088647,0.8743992563071504,0.0,0.0016230236590676962
23.18,0.008999168498723021,0.8720841379540644,5.311358419877761e-06,0.00792877814596638,0.0018751902946631252,0.8744010795860564,0.0,0.0016180863148264886
23.2,0.008971017789884593,0.8720934162659344,5.227052927653663e-06,0.007903527201808458,0.0018695210327745982,0.8744028972587193,0.0,0.0016131642002429301
23.22,0.008942958831509492,0.8721026634685525,5.144085589524485e-06,0.007878359720699687,0.0018638690676523167,0.8744047093428228,0.0,0.0016082572672033283
23.240000000000002,0.008914991301766486,0.8721118796747264,5.0624351653985735e-06,0.007853275418965357,0.0018582343455784322,0.8744065158559918,0.0,0.0016033654677515127
23.26,0.008887114880092457,0.8721210649968214,4.9820807523214505e-06,0.007828274013835797,0.0018526168130076246,0.8744083168157931,0.0,0.0015984887540883004
23.28,0.008859329247186595,0.8721302195467623,4.903001779124546e-06,0.007803355223444922,0.0018470164165665132,0.8744101122397352,0.0,0.0015936270785709616
23.3,0.008831634085004609,0.8721393434360346,4.825178001158864e-06,0.007778518766828767,0.001841433103053071,0.8744119021452686,0.0,0.001588780393712688
23.32,0.008804029076752979,0.8721484367756864,4.748589495112241e-06,0.00775376436392399,0.001835866819436041,0.8744136865497865,0.0,0.0015839486521820622
23.34,0.008776513906883235,0.8721574996763304,4.673216653908872e-06,0.007729091735566362,0.001830317512854354,0.874415465470624,0.0,0.0015791318068025298
23.36,0.008749088261086271,0.872166532248145,4.599040181689792e-06,0.007704500603489237,0.00182478513061655,0.8744172389250594,0.0,0.0015743298105518723
23.38,0.008721751826286678,0.8721755346008764,4.526041088873026e-06,0.0076799906903220055,0.0018192696202001999,0.8744190069303137,0.0,0.0015695426165616825
23.400000000000002,0.00869450429063712,0.87218450684384,4.4542006872921596e-06,0.007655561719588523,0.001813770929251331,0.8744207695035511,0.0,0.0015647701781168416
23.42,0.008667345343512732,0.8721934490859222,4.38350058541206e-06,0.007631213415705528,0.0018082890055838535,0.874422526661879,0.0,0.0015600124486549979
23.44,0.008640274675505549,0.8722023614355823,4.313922683620545e-06,0.007606945503981037,0.00180282379717899,0.8744242784223485,0.0,0.0015552693817660467
23.46,0.008613291978418964,0.8722112440008536,4.2454491695947865e-06,0.0075827577106127265,0.0017973752521847064,0.8744260248019543,0.0,0.001550540931191614
23.48,0.00858639694526222,0.8722200968893454,4.178062513741252e-06,0.007558649762686296,0.001791943318915146,0.874427765817635,0.0,0.001545827050824539
23.5,0.008559589270244928,0.8722289202082447,4.111745464708037e-06,0.0075346213881738126,0.001786527945850064,0.8744295014862735,0.0,0.0015411276947083607
23.52,0.008532868648771607,0.8722377140643176,4.046481044968427e-06,0.007510672315932044,0.001781129081634266,0.8744312318246968,0.0,0.0015364428170368055
23.54,0.008506234777436266,0.8722464785639112,3.982252546474552e-06,0.007486802275700771,0.0017757466750770467,0.8744329568496766,0.0,0.001531772372153276
23.56,0.008479687354017006,0.8722552138129552,3.919043526380041e-06,0.00746301099810109,0.001770380675151633,0.8744346765779293,0.0,0.0015271163145503424
23.580000000000002,0.008453226077470653,0.8722639199169634,3.856837802830557e-06,0.0074392982146336915,0.0017650310309946268,0.8744363910261161,0.0,0.0015224745988692355
23.6,0.008426850647927414,0.8722725969810352,3.795619450821162e-06,0.0074156636576771335,0.0017596976919054513,0.8744381002108437,0.0,0.0015178471798993408
23.62,0.008400560766685576,0.8722812451098578,3.735372798119422e-06,0.007392107060486095,0.001754380607345799,0.8744398041486635,0.0,0.001513234012577695
23.64,0.008374356136206212,0.8722898644077072,3.6760824212532314e-06,0.007368628157189614,0.0017490797269390818,0.874441502856073,0.0,0.0015086350519884835
23.66,0.008348236460107933,0.87229845497845,3.617733141562323e-06,0.007345226682789318,0.0017437950004698833,0.8744431963495152,0.0,0.0015040502533625408
23.68,0.008322201443161658,0.8723070169255454,3.5603100213124445e-06,0.0073219023731576315,0.0017385263778834123,0.8744448846453788,0.0,0.0014994795720768516
23.7,0.008296250791285415,0.8723155503520461,3.5037983598712186e-06,0.007298654965035978,0.0017332738092849596,0.8744465677599991,0.0,0.0014949229636540536
23.72,0.008270384211539167,0.8723240553606008,3.448183689944701e-06,0.007275484196032967,0.0017280372449393559,0.8744482457096571,0.0,0.0014903803837619425
23.740000000000002,0.008244601412119664,0.8723325320534548,3.393451773873673e-06,0.007252389804622566,0.001722816635270432,0.8744499185105806,0.0,0.0014858517882129789
23.76,0.00821890210235533,0.8723409805324526,3.3395885999887246e-06,0.007229371530142262,0.0017176119308604811,0.8744515861789441,0.0,0.0014813371329637957
23.78,0.008193285992701168,0.8723494008990386,3.2865803790231893e-06,0.007206429112791208,0.0017124230824497229,0.874453248730869,0.0,0.0014768363741147089
23.8,0.008167752794733694,0.8723577932542593,3.2344135405830165e-06,0.007183562293628365,0.0017072500409357697,0.8744549061824235,0.0,0.0014723494679092285
23.82,0.008142302221145904,0.8723661576987648,3.1830747296726778e-06,0.007160770814570621,0.0017020927573730951,0.8744565585496232,0.0,0.001467876370733572
23.84,0.008116933985742255,0.8723744943328101,3.1325508032762135e-06,0.007138054418390912,0.0016969511829725032,0.8744582058484313,0.0,0.0014634170391161793
23.86,0.008091647803433683,0.872382803256257,3.0828288269925504e-06,0.007115412848716317,0.001691825269100601,0.8744598480947582,0.0,0.0014589714297272296
23.88,0.008066443390232641,0.8723910845685752,3.0338960717242235e-06,0.007092845850026157,0.0016867149672792734,0.8744614853044624,0.0,0.0014545394993781588
23.900000000000002,0.008041320463248168,0.8723993383688446,2.985740010418657e-06,0.0070703531676500715,0.0016816202291851574,0.8744631174933504,0.0,0.0014501212050211803
23.92,0.00801627874068098,0.8724075647557564,2.9383483148611725e-06,0.007047934547766094,0.0016765410066491215,0.8744647446771766,0.0,0.0014457165037488064
23.94,0.007991317941818586,0.8724157638276147,2.8917088525188963e-06,0.007025589737398709,0.0016714772516557448,0.8744663668716441,0.0,0.001441325352793371
23.96,0.007966437787030435,0.8724239356823379,2.845809683434766e-06,0.0070033184844169065,0.0016664289163427991,0.8744679840924046,0.0,0.001436947709526555
23.98,0.00794163799776308,0.8724320804174608,2.8006390571708364e-06,0.006981120537532221,0.0016613959530007326,0.8744695963550579,0.0,0.0014325835314589128
24.0,0.007916918296535373,0.8724401981301355,2.756185409800103e-06,0.006958995646296768,0.0016563783140721548,0.8744712036751534,0.0,0.0014282327762394002
