tau,source_flux_qx,outflow_flux,stored_spatial_mass,control_source_flux,control_outflow_flux,control_stored_spatial_mass
0.0,0.024,0.0,0.0,0.024,0.0,0.0
0.02,0.02392107757871639,3.760227943733689e-07,0.0004744623916427963,0.023918469353986806,3.760023283905337e-07,0.00047443656783820626
0.04,0.023847211930975106,4.0750793401369154e-06,0.0009379763879227191,0.023837079479544068,4.074777972073031e-06,0.0009378249333585482
0.06,0.023777993603802654,2.0554066791625023e-05,0.0013906954335940252,0.023755833417660865,2.0551932008124127e-05,0.001390227273165566
0.08,0.02371305814407353,6.51852154426174e-05,0.0018325164395193328,0.02367473413760252,6.51754299933871e-05,0.0018314588142242997
0.1,0.02365207983945268,0.0001496406463599924,0.0022630637587538484,0.023593784537907846,0.0001496076135302844,0.0022610708736652894
0.12,0.023594766503406205,0.0002737839148659596,0.002681848850477879,0.02351298744738158,0.0002736951306781422,0.0026785097597420457
0.14,0.0235408551029103,0.00042971755314972587,0.0030884668944120195,0.023432345626081694,0.0004295168702242934,0.003083312745416104
0.16,0.0234901080712616,0.0006093262668046828,0.0034826746722872383,0.02335186176630136,0.0006089289719517984,0.003475185379667359
0.18,0.023442310181639645,0.0008058375869915391,0.003864376702530147,0.023271538493545317,0.0008051274936216659,0.003853987092884605
0.2,0.02339726588255461,0.0010134582015321324,0.0042335997408530605,0.02319137836750036,0.0010122864013796743,0.004219705199620025
0.22,0.023354797016009683,0.001227734465986894,0.0045904677680742665,0.023111383882999756,0.0012259193559236016,0.00457242941837211
0.24,0.02331474085455281,0.0014452391761186156,0.00493517696304766,0.023031557470981363,0.0014425674084839175,0.004912326406023926
0.26,0.023276948405437516,0.001663334233461809,0.005267976586060715,0.02295190149943922,0.001659562296797259,0.005239620232292206
0.28,0.02324128293963319,0.0018800765748498637,0.005589153490661135,0.02287241827436847,0.0018749327841310537,0.005554576511780331
0.3,0.023207618711001105,0.0020940053050187077,0.005899019953923007,0.02279311004070334,0.002087192033075769,0.0058574898828131
0.32,0.023175839837018212,0.0023040649594822313,0.006197904591305958,0.0227139789832481,0.0022952609868419007,0.006148674598044904
0.34,0.02314583931731632,0.002509501416472501,0.006486145220967082,0.022635027227600784,0.0024983643115099236,0.00642845709028661
0.36,0.02311751817026175,0.0027097890334698187,0.006764083603102809,0.022556256841069502,0.0026959575004460493,0.006697170437575205
0.38,0.02309078467102273,0.0029045850104216175,0.0070320614406393644,0.022477669833581265,0.002887681163104257,0.006955150112188637
0.4,0.02306555367720933,0.003093676698926024,0.007290417418437494,0.022399268158583084,0.0030733082317658178,0.007202730789148267
0.42,0.023041746030339497,0.003276957312074215,0.007539485050711554,0.022321053713935328,0.003252719551820292,0.007440243982322924
0.44,0.02301928802317668,0.003454395041138918,0.007779591106146091,0.022243028342797157,0.0034258728695293152,0.007668016276092653
0.46,0.022998110924471425,0.0036260165035555676,0.008011054523875485,0.0221651938345039,0.003592786147333624,0.007886368064293228
0.48,0.02297815055387824,0.0037918909121974808,0.008234185662636393,0.022087551925436346,0.0037535216007009236,0.00809561263739546
0.5,0.022959346900855677,0.0039521180843672095,0.008449285832269079,0.022010104299881796,0.003908173577635919,0.008296055565833052
0.52,0.02294164378222791,0.004106820766750856,0.008656647022045645,0.021932852590886825,0.0040568607589596285,0.00848799429278867
0.54,0.022924988533819975,0.004256136511393748,0.00885655178436069,0.02185579838110161,0.004199717915548283,0.008671717893896692
0.56,0.022909331732199414,0.004400213784749324,0.00904927323387716,0.021778943203615887,0.004336891905271052,0.008847506962967122
0.58,0.022894626943083758,0.00453920701991517,0.009235075128955102,0.021702288542786292,0.00446853662004891,0.009015633589651835
0.6,0.0228808304934219,0.004673274365233773,0.009414212017999236,0.021625835835055184,0.0045948106362873895,0.009176361410861837
0.62,0.022867901264540375,0.004802575008694482,0.009586929427385808,0.021549586469760806,0.004715874448015753,0.009329945711840034
0.64,0.022855800504073837,0.00492726770290931,0.009753464082853575,0.021473541789938783,0.004831888907284968,0.00947663356808484
0.66,0.022844491654680884,0.005047509503532148,0.009914044150047778,0.021397703093114888,0.0049430138844009045,0.009616664013185915
0.68,0.02283394019778936,0.005163454770719131,0.010068889489435202,0.021322071632089063,0.005049407197249538,0.009750268227217498
0.7000000000000001,0.02282411351082507,0.005275254678386277,0.010218211917956488,0.021246648615710677,0.005151224054109265,0.009877669737534456
0.72,0.022814980736559597,0.0053830565786772006,0.010362215473940855,0.021171435209644936,0.005248616356990498,0.009999084628021558
0.74,0.02280651266337064,0.005487003877577408,0.010501096681820055,0.02109643253713052,0.0053417325210734804,0.010114721752899571
0.76,0.022798681615345734,0.0055872356872733,0.010635044814000587,0.021021641679728358,0.0054307170754839176,0.010224782952053157
0.78,0.022791461351279903,0.005683886850041612,0.010764242148667108,0.020947063678061595,0.005515710639850027,0.01032946326629434
0.8,0.022784826971722547,0.005777087804571152,0.010888864221647965,0.020872699532546668,0.00559684974721919,0.010428951150363245
0.8200000000000001,0.02277875483332077,0.005866964658401936,0.011009080072130998,0.02079855020411558,0.005674266876714142,0.010523428683155452
0.84,0.0227732224697867,0.005953639197348921,0.011125052481072647,0.020724616614929334,0.005748090426510503,0.010613071773744756
0.86,0.02276820851888753,0.0060372289700605635,0.01123693820245017,0.020650899649082514,0.005818444765022311,0.010698050363101152
0.88,0.022763692654919298,0.00611784738109697,0.011344888186784403,0.020577400153299095,0.005885450293433827,0.010778528620702447
0.9,0.02275965552618073,0.006195603779097114,0.011449047797154206,0.02050411893761943,0.005949223505921585,0.01085466513605064
0.92,0.022756078697012346,0.006270603589906809,0.011549557017549124,0.020431056776078465,0.006009877097228869,0.010926613104748184
0.9400000000000001,0.02275294459400929,0.006342948408820635,0.011646550653759089,0.020358214407375227,0.006067520031553514,0.010994520509155944
0.96,0.022750236456054854,0.0064127361456896535,0.011740158526908028,0.020285592535533574,0.006122257666324488,0.011058530293578988
0.98,0.022747938287855814,0.006480061122454141,0.011830505659798726,0.020213191830554263,0.006174191830264181,0.011118780533998321
1.0,0.022746034816691338,0.006545014214624719,0.011917712456312424,0.02014101292905837,0.0062234209471093566,0.011175404602456277
1.02,0.02274451145211422,0.0066076829536452445,0.012001894874014622,0.020069056434922086,0.006270040121790005,0.011228531326121432
1.04,0.02274335424836774,0.006668151657746958,0.0120831645902629,0.01999732291990293,0.006314141256546528,0.011278285141213077
1.06,0.022742549869303057,0.0067265015371196606,0.01216162916196874,0.019925812924257446,0.0063558131426981485,0.011324786241831886
1.08,0.022742085555601674,0.006782810812298546,0.012237392179310943,0.019854526957350408,0.006395141566854299,0.011368150723895262
1.1,0.022741949094124973,0.006837154819416166,0.012310553413562452,0.019783465498255576,0.006432209405121324,0.011408490724250193
1.12,0.02274212878922864,0.006889606116888285,0.012381208959304398,0.01971262899634806,0.006467096719783824,0.011445914555153229
1.1400000000000001,0.022742613435893958,0.006940234588106748,0.01244945137120074,0.019642017871888347,0.006499880852951684,0.011480526834214617
1.16,0.022743392294540685,0.0069891075381594845,0.01251536979557476,0.019571632516598055,0.0065306365151171315,0.011512428609976958
1.18,0.022744455067397955,0.007036289791887569,0.012579050096968351,0.01950147329422745,0.006559435875862849,0.011541717483243312
1.2,0.02274579187631983,0.007081843782442939,0.012640574979893722,0.019431540541114775,0.0065863486458196474,0.011568487724304528
1.22,0.02274739324194183,0.00712582964336505,0.012700024105959822,0.0193618345667375,0.0066114421628346385,0.011592830386191659
1.24,0.022749250064083112,0.007168305290452061,0.012757474206556839,0.019292355654255487,0.006634781468569414,0.011614833414084914
1.26,0.022751353603306924,0.007209326507203901,0.01281299919127596,0.019223104061046194,0.00665642938925726,0.011634581751008833
1.28,0.022753695463558807,0.007248947021057949,0.012866670252227092,0.01915408001923194,0.006676446607792391,0.011652157439931822
1.3,0.02275626757580864,0.007287218582090494,0.0129185559644229,0.019085283736199308,0.006694891738783456,0.011667639722397198
1.32,0.02275906218262831,0.007324191034294251,0.012968722382375534,0.019016715395110764,0.00671182139664058,0.011681105133794256
1.34,0.022762071823642125,0.007359912387801168,0.013017233133062992,0.018948375155408554,0.006727290265030234,0.011692627595390954
1.36,0.022765289321792042,0.007394428885610722,0.013064149505398755,0.018880263153310917,0.006741351161223525,0.01170227850322952
1.3800000000000001,0.022768707770364067,0.007427785069807273,0.013109530536348809,0.018812379502300764,0.006754055100291794,0.0117101268139983
1.4000000000000001,0.0227723205207263,0.007460023843986835,0.013153433093820192,0.01874472429360678,0.0067654513558392795,0.011716239127976385
1.42,0.022776121170732834,0.007491186534030525,0.013195911956452009,0.018677297596677113,0.006775587519385622,0.011720679769155768
1.44,0.022780103553751055,0.007521312946398587,0.013237019890423933,0.018610099459645698,0.0067845095575461405,0.011723510862631941
1.46,0.022784261728272977,0.007550441424026806,0.013276807723401778,0.018543129909791258,0.006792261867069525,0.011724792409360326
1.48,0.022788589968074202,0.007578608900635175,0.013315324415727489,0.0184763889539891,0.00679888732852194,0.011724582358365097
1.5,0.022793082752886554,0.007605850952270177,0.013352617128961264,0.01840987657915574,0.006804427357418753,0.011722936676488724
1.52,0.022797734759553025,0.007632201847784882,0.013388731291876843,0.01834359275268645,0.006808921954491064,0.011719909415765634
1.54,0.022802540853635707,0.007657694596484588,0.013423710664007315,0.01827753742288583,0.006812409753297296,0.011715552778500926
1.56,0.02280749608144956,0.007682360994956843,0.013457597396835436,0.018211710519391414,0.006814928067182827,0.011709917180132645
1.58,0.022812595662496677,0.007706231671208378,0.013490432092717795,0.018146111953590453,0.006816512933697344,0.011703051309952913
1.6,0.02281783498227741,0.007729336128045293,0.013522253861629635,0.018080741619029898,0.006817199158391265,0.011695002189761172
1.62,0.022823209585456423,0.0077517027840246595,0.013553100375812017,0.01801559939181971,0.006817020356308626,0.01168581523051994
1.6400000000000001,0.02282871516936308,0.00777335901360191,0.01358300792240192,0.01795068513102952,0.006816008992787284,0.011675534287081539
1.6600000000000001,0.02283434757780707,0.0077943311851670855,0.013612011454120894,0.017885998679078762,0.006814196422251866,0.011664201711050981
1.68,0.02284010279519132,0.007814644698183732,0.013640144638095346,0.01782153986212032,0.006811612926200521,0.011651858401849556
1.7,0.0228459769409055,0.00783432401853702,0.013667439902879478,0.017757308490417793,0.006808287749484872,0.011638543856039288
1.72,0.022851966263984443,0.007853392712889347,0.013693928483747996,0.01769330435871643,0.00680424913567215,0.011624296214969044
1.74,0.02285806713801686,0.007871873481535712,0.01371964046632318,0.017629527246607844,0.006799524360974338,0.011609152310798267
1.76,0.022864276056290638,0.007889788190193377,0.013744604828599849,0.01756597691888853,0.006794139767171529,0.011593147710954321
1.78,0.022870589627161795,0.007907157900537603,0.01376884948142687,0.017502653125912326,0.006788120793334238,0.011576316761077055
1.8,0.02287700456963517,0.007924002899631001,0.013792401307503976,0.01743955560393685,0.006781492006486925,0.011558692626501655
1.82,0.02288351770914544,0.007940342728295443,0.013815286198948177,0.017376684075463996,0.006774277131254685,0.011540307332330028
1.84,0.022890125973527877,0.007956196208372903,0.013837529093484017,0.01731403824957456,0.006766499078435217,0.011521191802138918
1.86,0.02289682638916891,0.007971581469077222,0.013859154009308698,0.017251617822257124,0.00675817997269292,0.01150137589537096
1.8800000000000001,0.022903616077327108,0.007986515972261523,0.013880184078680495,0.01718942247673117,0.0067493411791947405,0.011480888443453815
1.9000000000000001,0.022910492250615738,0.008001016536885276,0.013900641580278981,0.01712745188376462,0.006740003329468425,0.011459757284690777
1.92,0.02291745220963873,0.008015099362447549,0.013920547970381699,0.01706570570198575,0.006730186346245092,0.011438009297964704
1.94,0.022924493339772103,0.008028780051696613,0.01393992391290163,0.017004183578189686,0.006719909467593181,0.011415670435295556
1.96,0.022931613108083653,0.008042073632372663,0.013958789308327313,0.016942885147639447,0.0067091912700975925,0.011392765753291168
1.98,0.022938809060383883,0.008054994578281648,0.013977163321606234,0.016881810034361643,0.0066980496913773635,0.011369319443528317
2.0,0.022946078818401733,0.00806755682947724,0.013995064409010471,0.016820957851436943,0.0066865020517189585,0.011345354861901162
2.02,0.022953420077078894,0.008079773811813261,0.014012510344022176,0.016760328201285323,0.00667456507508141,0.011320894556971753
2.04,0.022960830601977,0.008091658455683106,0.014029518242274948,0.0166999206759462,0.006662254909290863,0.011295960297357169
2.06,0.022968308226792106,0.008103223214158092,0.014046104585585731,0.016639734857353507,0.006649587145632033,0.01127057309818562
2.08,0.0229758508509714,0.008114480080391636,0.014062285245111047,0.016579770317605817,0.006636576837702321,0.01124475324665358
2.1,0.022983456437427174,0.008125440604445828,0.01407807550365905,0.01652002661923154,0.006623238519683291,0.011218520326714531
2.12,0.022991123010343503,0.00813611590945693,0.014093490077189392,0.016460503315449276,0.006609586223944407,0.01119189324292872
2.14,0.02299884865307124,0.008146516707245808,0.014108543135529457,0.01640119995042341,0.0065956334980835,0.01116489024350293
2.16,0.02300663150610716,0.008156653313334036,0.014123248322336928,0.01634211605951502,0.006581393421363193,0.011137528942547437
2.18,0.02301446976515346,0.008166535661427363,0.014137618774335316,0.01628325116952814,0.006566878620604207,0.011109826341577029
2.2,0.023022361679253776,0.008176173317363849,0.014151667139849744,0.016224604798951457,0.00655210128553044,0.011081798850281996
2.22,0.023030305549002292,0.008185575492553861,0.014165405596668063,0.01616617645819552,0.006537073183594384,0.011053462306593579
2.24,0.02303829972482264,0.008194751056935361,0.01417884586925232,0.01610796564982554,0.006521805674302588,0.01102483199606832
2.2600000000000002,0.02304634260531336,0.00820370855144758,0.014191999245324233,0.016049971868789776,0.0065063097230455185,0.01099592267061427
2.2800000000000002,0.023054432635657023,0.008212456200063672,0.014204876591847238,0.015992194602643697,0.006490595914470452,0.01096674856658157
2.3000000000000003,0.023062568306090128,0.008221001921368345,0.014217488370427767,0.015934633331769837,0.006474674465384433,0.010937323422239036
2.32,0.023070748150431124,0.008229353339733559,0.014229844652156222,0.015877287529593543,0.006458555237236773,0.0109076604946576
2.34,0.023078970744663953,0.008237517796066645,0.014241955131908643,0.015820156662794578,0.006442247748158189,0.01087777257602084
2.36,0.023087234705574753,0.008245502358187941,0.014253829142128239,0.015763240191514708,0.0064257611846114445,0.010847672009382284
2.38,0.02309553868943939,0.008253313830810436,0.014265475666106165,0.015706537569561307,0.006409104412626216,0.010817370703888078
2.4,0.023103881390759605,0.008260958765176615,0.01427690335077956,0.015650048244607022,0.00639228598867196,0.010786880149483147
2.42,0.023112261541045766,0.008268443468325238,0.014288120519064255,0.015593771658385616,0.0063753141701431825,0.010756211431118996
2.44,0.023120677907644143,0.008275774012039001,0.014299135181739588,0.015537707246883997,0.006358196925506503,0.01072537524247932
2.46,0.02312912929260694,0.008282956241450808,0.014309955048900914,0.015481854440530508,0.006340941944086777,0.01069438189924047
2.48,0.023137614531603196,0.00828999578335175,0.01432058754099614,0.01542621266437955,0.006323556645536376,0.0106632413518822
2.5,0.02314613249286892,0.008296898054182959,0.014331039799461088,0.015370781338292578,0.006306048188969423,0.010631963198064491
2.52,0.023154682076194758,0.008303668267750516,0.01434131869696823,0.015315559877115545,0.006288423481798245,0.010600556694584528
2.54,0.023163262211949743,0.0083103114426477,0.014351430847303165,0.015260547690852836,0.006270689188259978,0.0105690307689286
2.56,0.023171871860139574,0.008316832409417262,0.014361382614881676,0.015205744184837756,0.006252851737662219,0.010537394030432789
2.58,0.02318051000949803,0.008323235817446128,0.014371180123921525,0.015151148759899624,0.006234917332342446,0.010505654781065247
2.6,0.023189175676610222,0.008329526141614634,0.014380829267279993,0.01509676081252754,0.006216891955362624,0.010473821025843483
2.62,0.02319786790506637,0.00833570768870022,0.014390335714971222,0.01504257973503086,0.006198781377939536,0.010441900482898718
2.64,0.02320658576464487,0.008341784603551596,0.014399704922372499,0.014988604915696434,0.006180591166625106,0.010409900593199439
2.66,0.023215328350523527,0.008347760875035687,0.014408942138133377,0.014934835738942701,0.006162326690242778,0.01037782852994579
2.68,0.023224094782517808,0.008353640341770517,0.014418052411796526,0.014881271585470621,0.006143993126588475,0.01034569120764577
2.7,0.023232884204345085,0.008359426697648673,0.014427040601141718,0.01482791183241157,0.006125595468905384,0.01031349529088444
2.72,0.023241695782913813,0.00836512349715961,0.014435911379262338,0.014774755853472179,0.0061071385321383636,0.01028124720279613
2.74,0.023250528707636713,0.008370734160520144,0.014444669241384718,0.014721803019076243,0.00608862695897767,0.010248953133250057
2.7600000000000002,0.023259382189767017,0.008376261978616168,0.014453318511439295,0.014669052696503678,0.006070065225696488,0.010216619046759128
2.7800000000000002,0.023268255461756888,0.008381710117766752,0.014461863348392483,0.014616504250026625,0.006051457647792544,0.01018425069012083
2.8000000000000003,0.02327714777663716,0.00838708162431306,0.014470307752348336,0.014564157041042716,0.006032808385436729,0.010151853599800103
2.82,0.023286058407417612,0.008392379429042519,0.014478655570427676,0.014512010428205583,0.006014121448739559,0.010119433109062274
2.84,0.02329498664650699,0.00839760635144975,0.014486910502433557,0.014460063767552628,0.005995400702836716,0.010086994354864941
2.86,0.02330393180515201,0.008402765103844807,0.014495076106309922,0.01440831641263011,0.005976649872805231,0.010054542284516625
2.88,0.023312893212894675,0.00840785829530952,0.014503155803401833,0.014356767714615602,0.00595787254841078,0.010022081662110731
2.9,0.023321870217047205,0.008412888435512618,0.014511152883523852,0.014305417022437865,0.005939072188696489,0.009989617074741742
2.92,0.023330862182183918,0.008417857938382999,0.014519070509843635,0.014254263682894154,0.0059202521264147085,0.009957152938511496
2.94,0.02333986848964945,0.008422769125652268,0.014526911723587421,0.014203307040765044,0.005901415572310603,0.009924693504332492
2.96,0.023348888537082734,0.008427624230265524,0.014534679448574117,0.014152546438926793,0.005882565619258937,0.009892242863535112
2.98,0.023357921737956124,0.008432425399670346,0.014542376495583693,0.014101981218461283,0.00586370524626317,0.00985980495328564
3.0,0.02336696752112914,0.008437174698984105,0.014550005566566644,0.014051610718763593,0.005844837322317279,0.0098273835618211
3.02,0.023376025330416317,0.00844187411404716,0.014557569258699287,0.014001434277647235,0.0058259646101386335,0.009794982333507452
3.04,0.023385094624168636,0.00844652555436384,0.014565070068291249,0.013951451231447113,0.0058070897697734825,0.009762604773727025
3.06,0.023394174874868043,0.00845113085593741,0.014572510394550299,0.013901660915120212,0.005788215362081912,0.00973025425360096
3.08,0.023403265568734625,0.008455691784000019,0.014579892543209539,0.013852062662344096,0.005769343852103459,0.009697934014552314
3.1,0.023412366205345963,0.00846021003564479,0.01458721873002169,0.013802655805613217,0.005750477612310722,0.009665647172715126
3.12,0.023421476297268234,0.00846468724236047,0.014594491084126365,0.013753439676333103,0.005731618925751545,0.009633396723194953
3.14,0.0234305953696987,0.008469124972475097,0.014601711651293666,0.013704413604912454,0.005712769989086395,0.009601185544185303
3.16,0.023439722960119112,0.008473524733508542,0.014608882397048748,0.013655576920853162,0.005693932915521994,0.009569016400945618
3.18,0.02344885861795971,0.008477887974441038,0.01461600520968283,0.013606928952838332,0.005675109737647042,0.009536891949645016
3.2,0.023458001904273437,0.008482216087897817,0.014623081903153595,0.01355846902881831,0.005656302410171337,0.00950481474107625
3.22,0.023467152391419974,0.008486510412253807,0.01463011421987881,0.013510196476094763,0.005637512812573024,0.009472787224244831
3.24,0.02347630966275938,0.008490772233662078,0.014637103833428514,0.013462110621402837,0.005618742751655955,0.009440811749836816
3.2600000000000002,0.023485473312354815,0.00849500278800766,0.014644052351117686,0.013414210790991456,0.005599993964021511,0.009408890573569995
3.2800000000000002,0.02349464294468427,0.008499203262790099,0.014650961316504008,0.01336649631070177,0.0055812681184564976,0.009377025859432198
3.3000000000000003,0.023503818174360796,0.008503374798936746,0.014657832211794342,0.01331896650604378,0.005562566818240583,0.009345219682810369
3.3200000000000003,0.02351299862586106,0.008507518492550305,0.014664666460162219,0.013271620702271197,0.0055438916033759235,0.009313474033514181
3.34,0.023522183933261966,0.008511635396591772,0.014671465427980732,0.013224458224454562,0.005525243952741963,0.009281790818698222
3.36,0.02353137373998494,0.008515726522502067,0.01467823042697288,0.013177478397552634,0.005506625286177168,0.009250171865685311
3.38,0.0235405676985478,0.008519792841764089,0.014684962716283141,0.013130680546482124,0.005488036966490815,0.009218618924695244
3.4,0.023549765470323846,0.008523835287407492,0.0146916635044727,0.013084063996185752,0.005469480301406924,0.009187133671481265
3.42,0.02355896672530794,0.008527854755458527,0.014698333951441338,0.0130376280716987,0.005450956545442628,0.009155717709878115
3.44,0.023568171141889416,0.008531852106336262,0.014704975170278304,0.012991372098213482,0.0054324669017235695,0.009124372574264229
3.46,0.023577378406631502,0.00853582816619753,0.014711588229045107,0.012945295401143232,0.00541401252373757,0.00909309973194123
3.48,0.02358658821405714,0.008539783728233096,0.014718174152492406,0.012899397306183483,0.005395594517030072,0.009061900585433167
3.5,0.023595800266440918,0.008543719553915117,0.014724733923713991,0.012853677139372436,0.005377213940841687,0.009030776474708683
3.52,0.023605014273606974,0.008547636374200088,0.014731268485738903,0.012808134227149763,0.005358871809691167,0.008999728679328288
3.54,0.02361422995273263,0.008551534890685934,0.014737778743065567,0.012762767896413943,0.005340569094904733,0.008968758420519578
3.56,0.023623447028157635,0.00855541577672789,0.01474426556313841,0.012717577474578207,0.0053223067260943,0.008937866863182582
3.58,0.023632665231198776,0.008559279678512366,0.014750729777770555,0.012672562289625074,0.005304085592585593,0.008907055117827793
3.6,0.023641884299969728,0.00856312721609219,0.014757172184513466,0.012627721670159528,0.005285906544798581,0.00887632424244911
3.62,0.023651103979205966,0.00856695898438224,0.014763593547975691,0.012583054945460862,0.005267770395581094,0.008845675244333783
3.64,0.02366032402009457,0.008570775554119473,0.014769994601093083,0.01253856144553319,0.005249677921498064,0.008815109081811549
3.66,0.0236695441801088,0.008574577472787562,0.014776376046351751,0.012494240501154693,0.005231629864076893,0.008784626665945185
3.68,0.02367876422284727,0.00857836526550619,0.014782738556965354,0.012450091443925585,0.005213626931011339,0.008754228862164082
3.7,0.02368798391787754,0.008582139435889128,0.014789082778009019,0.012406113606314854,0.005195669797324817,0.008723916491843127
3.72,0.023697203040584112,0.008585900466868843,0.014795409327510979,0.012362306321705771,0.005177759106494651,0.0086936903338285
3.74,0.023706421372020524,0.008589648821492138,0.014801718797503386,0.012318668924440225,0.005159895471538338,0.00866355112591229
3.7600000000000002,0.02371563869876556,0.008593384943685002,0.014808011755034217,0.012275200749861874,0.005142079476063615,0.008633499566257663
3.7800000000000002,0.023724854812783407,0.008597109258990137,0.014814288743141288,0.012231901134358158,0.005124311675283081,0.00860353631477614
3.8000000000000003,0.023734069511287575,0.008600822175276543,0.014820550281790131,0.012188769415401193,0.005106592596994794,0.008573661994458687
3.8200000000000003,0.023743282596608566,0.008604524083422714,0.014826796868776543,0.012145804931587548,0.00508892274252991,0.00854387719266218
3.84,0.02375249387606512,0.008608215357974855,0.014833028980595712,0.012103007022676967,0.005071302587668506,0.008514182462352788
3.86,0.023761703161838926,0.008611896357780119,0.014839247073278593,0.012060375029629998,0.005053732583524665,0.008484578323307398
3.88,0.023770910270852735,0.008615567426597054,0.014845451583197115,0.012017908294644618,0.005036213157401882,0.00845506526327514
3.9,0.02378011502465174,0.008619228893681972,0.014851642927839118,0.01197560616119182,0.005018744713619751,0.008425643739099627
3.92,0.023789317249288126,0.008622881074355224,0.01485782150655436,0.01193346797405021,0.0050013276343129735,0.008396314177803758
3.94,0.023798516775208722,0.008626524270544824,0.014863987701272207,0.011891493079339621,0.004983962280203305,0.00836707697763816
3.96,0.023807713437145623,0.00863015877131032,0.014870141877192754,0.011849680824553782,0.00496664899134589,0.008337932509094377
3.98,0.02381690707400976,0.008633784853347449,0.014876284383451382,0.011808030558592031,0.004949388087850495,0.008308881115884152
4.0,0.023826097528787234,0.008637402781473446,0.014882415553759139,0.011766541631790117,0.004932179870578477,0.008279923115886063
4.0200000000000005,0.023835284648438444,0.008641012809094352,0.014888535707018076,0.011725213395950106,0.004915024621816438,0.00825105880206014
4.04,0.023844468283799818,0.008644615178654684,0.014894645147913778,0.011684045204369387,0.004897922605927305,0.008222288443332056
4.0600000000000005,0.0238536482894882,0.008648210122070241,0.014900744167485548,0.011643036411868833,0.004880874069979444,0.008193612285447644
4.08,0.023862824523807644,0.008651797861145354,0.014906833043674853,0.011602186374820099,0.00486387924435498,0.008165030551798801
4.1,0.02387199684865875,0.008655378607972924,0.014912912041853204,0.011561494451172088,0.004846938343337412,0.008136543444221656
4.12,0.023881165129450276,0.008658952565321091,0.014918981415329595,0.011520960000476617,0.004830051565679783,0.00810815114376817
4.14,0.023890329235013094,0.00866251992700403,0.01492504140583942,0.011480582383913272,0.0048132190951534716,0.008079853811451638
4.16,0.023899489037516375,0.008666080878239946,0.014931092244013915,0.011440360964313489,0.004796441101079009,0.008051651588967444
4.18,0.02390864441238592,0.008669635595994195,0.01493713414983227,0.01140029510618386,0.004779717738839001,0.008023544599389745
4.2,0.023917795238224626,0.008673184249310632,0.014943167333056572,0.01136038417572871,0.004763049150373516,0.007995532947844459
4.22,0.023926941396734975,0.008676726999629975,0.014949191993649821,0.011320627540871918,0.0047464354646594275,0.007967616722160165
4.24,0.023936082772643526,0.00868026400109585,0.014955208322178159,0.011281024571278034,0.0047298767981732845,0.007939795993496845
4.26,0.02394521925362733,0.008683795400849513,0.01496121650019777,0.011241574638372677,0.004713373255338751,0.0079120708169538
4.28,0.023954350730242234,0.00868732133931357,0.01496721670062671,0.01120227711536226,0.0046969249289592644,0.007884441232157126
4.3,0.023963477095853013,0.008690841950464387,0.014973209088102686,0.011163131377253041,0.004680531900636004,0.007856907263827562
4.32,0.023972598246565276,0.008694357362094713,0.014979193819327061,0.011124136800869487,0.004664194241171955,0.007829468922329217
4.34,0.023981714081159095,0.008697867696065701,0.014985171043395567,0.011085292764872025,0.0046479120109623896,0.007802126204200065
4.36,0.023990824501024306,0.008701373068550068,0.014991140902116236,0.01104659864977414,0.004631685260372198,0.007774879092664607
4.38,0.02399992941009747,0.008704873590264983,0.014997103530315093,0.011008053837958854,0.004615514030100874,0.007747727558129341
4.4,0.02400902871480039,0.008708369366696852,0.015003059056130124,0.010969657713694606,0.004599398351534927,0.0077206715586616995
4.42,0.02401812232398021,0.008711860498317436,0.01500900760129372,0.010931409663150529,0.0045833382470888044,0.007693711040452831
4.44,0.024027210148850963,0.008715347080790954,0.015014949281404047,0.010893309074411153,0.004567333730534003,0.007666845938265085
4.46,0.024036292102936653,0.008718829205174137,0.015020884206186517,0.010855355337490534,0.004551384807317624,0.007640076175864363
4.48,0.024045368102015675,0.008722306958107946,0.015026812479744047,0.010817547844345837,0.004535491474869981,0.007613401666437897
4.5,0.024054438064066704,0.008725780422002524,0.015032734200798488,0.010779885988890346,0.00451965372290188,0.0075868223129982515
4.5200000000000005,0.024063501909215856,0.00872924967521394,0.015038649462922053,0.010742369167005982,0.00450387153369215,0.0075603380087736006
4.54,0.02407255955968521,0.00873271479221533,0.015044558354760103,0.010704996776555264,0.004488144882365299,0.007533948637585127
4.5600000000000005,0.024081610939742596,0.00873617584376087,0.015050460960244696,0.010667768217392784,0.004472473737160084,0.007507654074211455
4.58,0.024090655975652592,0.008739632897042831,0.015056357358800324,0.010630682891376161,0.0044568580596889545,0.00748145418474119
4.6000000000000005,0.024099694595628763,0.0087430860158436,0.015062247625540986,0.01059374020237652,0.00444129780518875,0.007455348826913447
4.62,0.02410872672978708,0.008746535260681268,0.015068131831460004,0.01055693955628851,0.004425792922763441,0.0074293378504470394
4.64,0.024117752310100438,0.008749980688949213,0.015074010043612014,0.010520280361039807,0.004410343355617738,0.007403421097358507
4.66,0.024126771270354355,0.00875342235505071,0.0150798823252877,0.010483762026600212,0.004394949041284226,0.00737759840226966
4.68,0.024135783546103688,0.0087568603105282,0.015085748736181938,0.010447383964990271,0.004379609911841793,0.007351869592704623
4.7,0.024144789074630465,0.008760294604187103,0.01509160933255493,0.010411145590289468,0.004364325894127039,0.007326234489376958
4.72,0.024153787794902692,0.008763725282215725,0.01509746416738695,0.010375046318643995,0.004349096909938915,0.007300692906467246
4.74,0.024162779647534216,0.008767152388298914,0.015103313290527191,0.010339085568274089,0.004333922876236218,0.007275244651891169
4.76,0.02417176457474552,0.008770575963728865,0.015109156748836134,0.010303262759480982,0.004318803705328258,0.00724988952755865
4.78,0.02418074252032549,0.008773996047510333,0.015114994586322966,0.010267577314653437,0.004303739305059763,0.0072246273296243425
4.8,0.024189713429594095,0.008777412676462506,0.015120826844276573,0.010232028658273898,0.004288729578988764,0.0071994578487296354
4.82,0.024198677249365995,0.008780825885316215,0.015126653561391874,0.010196616216924257,0.004273774426559391,0.007174380870236543
4.84,0.024207633927914984,0.008784235706807341,0.01513247477389078,0.01016133941929126,0.004258873743268001,0.007149396174453587
4.86,0.024216583414939343,0.00878764217176726,0.015138290515638414,0.010126197696171528,0.004244027420824258,0.007124503536854257
4.88,0.024225525661527973,0.008791045309208689,0.015144100818254498,0.010091190480476244,0.004229235347306847,0.007099702728288077
4.9,0.02423446062012738,0.0087944451464085,0.015149905711220261,0.010056317207235476,0.00421449740731342,0.00707499351518432
4.92,0.024243388244509435,0.008797841708987697,0.015155705221980757,0.010021577313602169,0.004199813482106155,0.0070503756597492025
4.94,0.02425230848973991,0.00880123502098689,0.015161499376043391,0.00998697023885581,0.004185183449752012,0.007025848920156206
4.96,0.024261221312147762,0.008804625104940381,0.015167288197071974,0.009952495424405747,0.0041706071852583865,0.007001413050729897
4.98,0.024270126669295147,0.008808011981945956,0.015173071706977206,0.009918152313794233,0.004156084560704207,0.006977067802123796
5.0,0.02427902451994818,0.008811395671732133,0.015178849926003154,0.009883940352699109,0.0041416154453663935,0.006952812921491905
5.0200000000000005,0.02428791482404833,0.008814776192723459,0.015184622872810558,0.009849858988936235,0.004127199705842532,0.006928648152654772
5.04,0.02429679754268456,0.008818153562101763,0.015190390564556065,0.009815907672461583,0.004112837206168885,0.0069045732362595525
5.0600000000000005,0.02430567263806608,0.008821527795866585,0.01519615301696874,0.009782085855373086,0.004098527807934842,0.006880587909934969
5.08,0.024314540073495775,0.00882489890889122,0.015201910244422993,0.009748392991912163,0.004084271370393196,0.0068566919084408345
5.1000000000000005,0.024323399813344252,0.008828266914978075,0.015207662260008477,0.009714828538465012,0.004070067750566898,0.006832884963812525
5.12,0.0243322518230245,0.008831631826911091,0.015213409075597342,0.009681391953563597,0.00405591680335204,0.0068091668055005345
5.14,0.02434109606896713,0.008834993656506017,0.015219150701908138,0.009648082697886399,0.00404181838161745,0.006785537160505343
5.16,0.024349932518596254,0.008838352414658145,0.015224887148567479,0.009614900234258913,0.004027772336300961,0.006761995753507541
5.18,0.024358761140305867,0.008841708111389207,0.01523061842416876,0.00958184402765388,0.004013778516502224,0.006738542306993676
5.2,0.02436758190343682,0.008845060755890989,0.015236344536328517,0.009548913545191298,0.0039998367695726934,0.006715176541377738
5.22,0.02437639477825433,0.008848410356568463,0.015242065491740201,0.00951610825613817,0.003985946941202156,0.00669189817511838
5.24,0.02438519973592602,0.008851756921079808,0.015247781296226027,0.009483427631908055,0.003972108875502647,0.006668706924832364
5.26,0.024393996748500468,0.008855100456375508,0.015253491954785767,0.009450871146060365,0.003958322415089353,0.006645602505403812
5.28,0.024402785788886244,0.008858440968735613,0.015259197471644337,0.009418438274299468,0.003944587401158746,0.006622584630090047
5.3,0.024411566830831483,0.0088617784638055,0.015264897850296829,0.009386128494473548,0.003930903673564234,0.006599653010623469
5.32,0.02442033984890388,0.008865112946630017,0.0152705930935515,0.009353941286573292,0.003917271070888936,0.006576807357310117
5.34,0.024429104818471197,0.008868444421685873,0.015276283203570983,0.009321876132730349,0.00390368943051626,0.006554047379124806
5.36,0.024437861715682192,0.008871772892913491,0.01528196818191183,0.009289932517215594,0.0038901585886978725,0.006531372783802905
5.38,0.024446610517448012,0.008875098363746397,0.015287648029561902,0.00925810992643722,0.003876678380619351,0.006508783277928991
5.4,0.02445535120142402,0.008878420837140228,0.015293322746976494,0.009226407848938616,0.003863248640463802,0.006486278567022449
5.42,0.024464083745992037,0.00888174031559953,0.015298992334112508,0.009194825775396077,0.003849869201472957,0.006463858355620061
5.44,0.02447280813024299,0.008885056801205188,0.015304656790461195,0.009163363198616336,0.0038365398960064174,0.006441522347355683
5.46,0.024481524333959975,0.008888370295638003,0.015310316115079499,0.009132019613533927,0.003823260555598805,0.00641927024503725
5.48,0.024490232337601725,0.008891680800203455,0.01531597030661986,0.009100794517208358,0.0038100310110148194,0.006397101750721013
5.5,0.024498932122286425,0.008894988315854255,0.015321619363358487,0.009069687408821157,0.0037968510923025753,0.006375016565783165
5.5200000000000005,0.02450762366977594,0.008898292843212606,0.015327263283222746,0.009038697789672721,0.0037837206288450103,0.006353014390988968
5.54,0.024516306962460384,0.008901594382590413,0.015332902063816767,0.009007825163179035,0.0037706394494093575,0.006331094926559509
5.5600000000000005,0.024524981983343058,0.008904892934009881,0.015338535702446284,0.008977069034868232,0.0037576073821953184,0.006309257872236029
5.58,0.024533648716025733,0.00890818849722203,0.01534416419614196,0.008946428912377005,0.003744624254880937,0.006287502927341991
5.6000000000000005,0.024542307144694273,0.008911481071725087,0.015349787541681587,0.008915904305446877,0.0037316898946675196,0.006265829790842935
5.62,0.024550957254104586,0.008914770656781618,0.015355405735611682,0.008885494725920337,0.0037188041283225436,0.006244238161404294
5.64,0.024559599029568904,0.008918057251435468,0.015361018774267588,0.008855199687736834,0.0037059667822212476,0.006222727737446956
5.66,0.024568232456942393,0.008921340854527006,0.015366626653792636,0.008825018706928648,0.003693177682386697,0.006201298217201121
5.68,0.02457685752261004,0.008924621464708191,0.015372229370156469,0.008794951301616628,0.0036804366545284315,0.006179949298757895
5.7,0.02458547421347387,0.008927899080457392,0.015377826919172492,0.008764996992005806,0.003667743524079893,0.006158680680119319
5.72,0.02459408251694045,0.008931173700092306,0.015383419296514388,0.008735155300380902,0.0036550981162342434,0.006137492059246438
5.74,0.024602682420908673,0.008934445321783656,0.015389006497731757,0.00870542575110169,0.003642500255979234,0.006116383134105658
5.76,0.02461127391375784,0.008937713943566874,0.015394588518265055,0.008675807870598282,0.0036299497681306046,0.006095353602713433
5.78,0.024619856984335987,0.008940979563354162,0.015400165353459654,0.008646301187366277,0.0036174464773644052,0.006074403163179255
5.8,0.02462843162194852,0.008944242178946052,0.015405736998579224,0.008616905231961814,0.0036049902082480947,0.00605353151374721
5.82,0.024636997816347088,0.008947501788041243,0.015411303448818471,0.008587619536996521,0.003592580785270584,0.0060327383528358345
5.84,0.0246455555577187,0.008950758388247203,0.015416864699315051,0.008558443637132368,0.0035802180328711707,0.006012023379076636
5.86,0.024654104836675125,0.008954011977089714,0.015422420745160996,0.008529377069076416,0.0035679017754673657,0.005991386291351114
5.88,0.024662645644242507,0.008957262552022118,0.015427971581413399,0.008500419371575476,0.0035556318374818886,0.005970826788826418
5.9,0.024671177971851234,0.008960510110433388,0.01543351720310472,0.008471570085410676,0.0035434080433684387,0.005950344570989657
5.92,0.024679701811326043,0.008963754649657131,0.015439057605252212,0.008442828753391954,0.0035312302176367357,0.005929939337680982
5.94,0.024688217154876325,0.008966996166978991,0.015444592782866834,0.008414194920352431,0.0035190981848765004,0.005909610789125267
5.96,0.0246967239950867,0.00897023465964358,0.01545012273096208,0.008385668133142746,0.0035070117697807357,0.005889358625962821
5.98,0.024705222324907756,0.008973470124862446,0.015455647444561876,0.008357247940625277,0.003494970797167824,0.00586918254927865
6.0,0.02471371213764705,0.008976702559819413,0.015461166918708046,0.008328933893668308,0.003482975092003144,0.0058490822606308375
6.0200000000000005,0.024722193426960266,0.008979931961678156,0.015466681148467576,0.008300725545140103,0.0034710244794196685,0.0058290574620776655
6.04,0.024730666186842633,0.00898315832758718,0.015472190128939028,0.008272622449902928,0.003459118784737949,0.005809107856203745
6.0600000000000005,0.024739130411620486,0.008986381654685635,0.015477693855259097,0.008244624164806983,0.003447257833485157,0.0057892331461451806
6.08,0.024747586095943047,0.00898960194010854,0.015483192322608313,0.008216730248684287,0.0034354414514135667,0.005769433035613586
6.1000000000000005,0.02475603323477441,0.008992819180992182,0.01548868552621639,0.008188940262342485,0.0034236694645182787,0.005749707228919254
6.12,0.024764471823385672,0.008996033374477738,0.015494173461367548,0.0081612537685586,0.0034119416990542285,0.005730055430993471
6.140000000000001,0.024772901857347276,0.008999244517717088,0.015499656123405307,0.008133670332072728,0.0034002579815526008,0.005710477347409737
6.16,0.02478132333252152,0.009002452607875607,0.01550513350773675,0.008106189519581659,0.003388618138836524,0.0056909726844042935
6.18,0.02478973624505525,0.009005657642136915,0.01551060560983676,0.00807881089973247,0.0033770219980363853,0.005671541148895757
6.2,0.024798140591372673,0.00900885961770613,0.015516072425251905,0.008051534043116038,0.0033654693866040867,0.0056521824485038785
6.22,0.02480653636816841,0.009012058531813373,0.01552153394960366,0.008024358522260524,0.003353960132327387,0.005632896291567654
6.24,0.02481492357240066,0.009015254381716895,0.015526990178592251,0.007997283911624789,0.003342494063342896,0.0056136823871625425
6.26,0.024823302201284522,0.009018447164706291,0.015532441107999059,0.007970309787591782,0.003331071008149356,0.0055945404451170485
6.28,0.02483167225228549,0.009021636878104788,0.015537886733689927,0.007943435728461866,0.0033196907956196974,0.005575470176028491
6.3,0.02484003372311309,0.009024823519272364,0.015543327051617211,0.00791666131444611,0.003308353255013101,0.005556471291278218
6.32,0.024848386611714665,0.009028007085607859,0.015548762057822466,0.007889986127659544,0.003297058215986243,0.005537543503046086
6.34,0.024856730916269283,0.009031187574551392,0.015554191748438173,0.007863409752114364,0.0032858055086042895,0.005518686524324268
6.36,0.02486506663518184,0.009034364983585952,0.015559616119690168,0.007836931773713108,0.003274594963351269,0.005499900068930471
6.38,0.024873393767077225,0.009037539310240084,0.015565035167898785,0.007810551780241787,0.003263426411140145,0.0054811838515206384
6.4,0.024881712310794692,0.009040710552088927,0.01557044888948056,0.007784269361362998,0.0032522996833223615,0.00546253758760089
6.42,0.024890022265382294,0.009043878706756305,0.015575857280949696,0.007758084108608988,0.0032412146116969766,0.005443960993539069
6.44,0.024898323630091517,0.0090470437719157,0.01558126033891919,0.007731995615374696,0.0032301710285195604,0.00542545378657564
6.46,0.024906616404371976,0.009050205745292425,0.015586658060101647,0.007706003476910764,0.0032191687665104694,0.005407015684834143
6.48,0.02491490058786627,0.009053364624663747,0.015592050441310465,0.007680107290316521,0.0032082076588629323,0.005388646407331061
6.5,0.024923176180404946,0.009056520407861134,0.015597437479460383,0.007654306654532939,0.0031972875392506472,0.005370345673985289
6.5200000000000005,0.02493144318200157,0.009059673092770046,0.015602819171567998,0.007628601170335568,0.003186408241835187,0.005352113205627035
6.54,0.02493970159284795,0.009062822677332175,0.015608195514752388,0.007602990440327447,0.0031755696012728527,0.005333948724006292
6.5600000000000005,0.024947951413309404,0.009065969159544881,0.015613566506235377,0.007577474068931986,0.003164771452721426,0.005315851951800926
6.58,0.024956192643920204,0.009069112537463007,0.01561893214334199,0.007552051662385844,0.0031540136318464586,0.005297822612624221
6.6000000000000005,0.024964425285379097,0.009072252809198596,0.015624292423500037,0.007526722828731767,0.003143295974827259,0.005279860431032139
6.62,0.024972649338544924,0.009075389972921904,0.015629647344240796,0.007501487177811432,0.003132618318362788,0.005261965132530096
6.640000000000001,0.024980864804432353,0.00907852402686197,0.01563499690319844,0.0074763443212582485,0.003121980499676823,0.005244136443579338
6.66,0.024989071684207716,0.009081654969306343,0.01564034109811022,0.007451293872490172,0.003111382356523507,0.0052263740916030366
6.68,0.024997269979184923,0.009084782798601847,0.01564567992681593,0.0074263354467024815,0.0031008237271919325,0.005208677804991915
6.7,0.025005459690821498,0.009087907513154875,0.015651013387257887,0.007401468660860559,0.003090304450510947,0.005191047313109547
6.72,0.02501364082071468,0.009091029111430978,0.01565634147748018,0.0073766931336926465,0.0030798243658535537,0.0051734823462974
6.74,0.02502181337059765,0.009094147591955261,0.015661664195628498,0.007352008485682606,0.0030693833131410736,0.005155982635879482
6.76,0.02502997734233581,0.009097262953312804,0.015666981539949467,0.007327414339062655,0.003058981132847033,0.0051385479141666385
6.78,0.02503813273792318,0.00910037519414812,0.01567229350879014,0.007302910317806105,0.0030486176660008985,0.0051211779144606125
6.8,0.025046279559478846,0.009103484313164902,0.015677600100597284,0.0072784960476200925,0.003038292754191574,0.00510387237105782
6.82,0.02505441780924354,0.009106590309126573,0.015682901313916576,0.0072541711559382955,0.0030280062395706808,0.005086631019252732
6.84,0.025062547489576256,0.009109693180855482,0.015688197147392016,0.007229935271913658,0.0030177579648556193,0.005069453595341107
6.86,0.025070668602950964,0.009112792927232896,0.015693487599764966,0.007205788026411095,0.003007547773332471,0.00505233983662288
6.88,0.02507878115195341,0.009115889547198879,0.01569877266987341,0.007181729052000209,0.0029973755088586553,0.005035289481404857
6.9,0.025086885139277978,0.009118983039751791,0.015704052356651035,0.007157757982947997,0.002987241015865498,0.005018302269003064
6.92,0.025094980567724627,0.009122073403947903,0.01570932665912645,0.0071338744552115595,0.0029771441393604634,0.005001377939744964
6.94,0.02510306744019592,0.009125160638901201,0.01571459557642187,0.0071100781064308005,0.002967084724929446,0.004984516234971374
6.96,0.025111145759694097,0.009128244743783013,0.01571985910775236,0.007086368575921147,0.002957062618738684,0.00496771689703816
6.98,0.02511921552931824,0.009131325717821355,0.015725117252424793,0.007062745504666246,0.0029470776675365345,0.0049509796693177595
7.0,0.025127276752261476,0.009134403560300692,0.01573037000983686,0.007039208535310685,0.002937129718655324,0.0049343042962004665
7.0200000000000005,0.025135329431808302,0.009137478270560986,0.015735617379475996,0.007015757312152703,0.00292721862001276,0.004917690523095502
7.04,0.025143373571331916,0.009140549847998,0.015740859360918073,0.006992391481136911,0.002917344220113247,0.004901138096431908
7.0600000000000005,0.02515140917429164,0.00914361829206175,0.015746095953826388,0.006969110689847013,0.0029075063680494197,0.004884646763659268
7.08,0.02515943624423041,0.009146683602257203,0.015751327157950763,0.006945914587498536,0.002897704913502827,0.00486821627324818
7.1000000000000005,0.0251674547847723,0.009149745778142426,0.01575655297312621,0.006922802824931565,0.0028879397067453623,0.004851846374690655
7.12,0.02517546479962015,0.00915280481932879,0.015761773399271563,0.006899775054603486,0.002878210598639772,0.004835536818500287
7.140000000000001,0.025183466292553202,0.00915586072548017,0.015766988436388706,0.006876830930581733,0.002868517440640673,0.004819287356212252
7.16,0.025191459267424828,0.009158913496312034,0.01577219808456121,0.006853970108536546,0.002858860084794889,0.004803097740383154
7.18,0.02519944372816031,0.009161963131591642,0.015777402343953008,0.006831192245733741,0.002849238383742219,0.004786967724590777
7.2,0.025207419678754645,0.00916500963113635,0.01578260121480739,0.006808497001027481,0.0028396521907156974,0.004770897063433612
7.22,0.025215387123270448,0.0091680529948135,0.015787794697445734,0.006785884034853068,0.0028301013595419477,0.004754885512530263
7.24,0.02522334606583587,0.009171093222539894,0.01579298279226628,0.006763353009219733,0.0028205857446412246,0.00473893282851871
7.26,0.02523129651064258,0.009174130314280814,0.015798165499742924,0.006740903587703449,0.0028111052010277903,0.0047230387690555525
7.28,0.025239238461943814,0.009177164270049581,0.01580334282042396,0.006718535435439749,0.00280165958430965,0.00470720309281494
7.3,0.025247171924052438,0.00918019508990673,0.015808514754930916,0.006696248219116559,0.0027922487506886018,0.004691425559487533
7.32,0.025255096901339077,0.009183222773959126,0.015813681303957456,0.006674041606967047,0.0027828725569599903,0.0046757059297792645
7.34,0.02526301339823031,0.009186247322359654,0.01581884246826786,0.0066519152687624745,0.0027735308605125308,0.004660043965409974
7.36,0.02527092141920687,0.009189268735306606,0.015823998248696052,0.006629868875805076,0.0027642235193278235,0.00464443942911206
7.38,0.025278820968801914,0.009192287013042304,0.015829148646144375,0.0066079021009209414,0.0027549503919801297,0.004628892084628873
7.4,0.02528671205159934,0.009195302155853183,0.015834293661582323,0.0065860146184529254,0.002745711337635684,0.004613401696713078
7.42,0.025294594672232124,0.009198314164068563,0.015839433296045282,0.0065642061042535576,0.002736506216052137,0.004597968031124921
7.44,0.025302468835380728,0.009201323038060006,0.015844567550633463,0.006542476235677979,0.0027273348875781053,0.004582590854630412
7.46,0.02531033454577152,0.009204328778241042,0.015849696426510632,0.0065208246915768936,0.0027181972131522015,0.004567269934999404
7.48,0.025318191808175246,0.009207331385065827,0.01585481992490304,0.006499251152289535,0.002709093054302469,0.004552005041003543
7.5,0.025326040627405556,0.009210330859028986,0.015859938047098038,0.006477755299636647,0.002700022273145356,0.004536795942414187
7.5200000000000005,0.025333881008317533,0.009213327200664605,0.015865050794443013,0.00645633681691349,0.0026909847323849795,0.004521642410000272
7.54,0.025341712955806308,0.0092163204105458,0.015870158168344417,0.0064349953888828545,0.0026819802953120375,0.0045065442155260375
7.5600000000000005,0.025349536474805645,0.009219310489283634,0.015875260170266213,0.006413730701768102,0.002673008825802932,0.004491501131748701
7.58,0.02535735157028663,0.00922229743752663,0.01588035680172922,0.006392542443246223,0.002664070188318515,0.004476512932416022
7.6000000000000005,0.025365158247256343,0.009225281255960208,0.015885448064309544,0.006371430302440908,0.002655164247903138,0.004461579392263928
7.62,0.02537295651075661,0.00922826194530587,0.015890533959637684,0.006350393969915646,0.002646290870183396,0.00444670028701388
7.640000000000001,0.025380746365862725,0.009231239506320457,0.0158956144893974,0.006329433137666835,0.002637449921366855,0.004431875393370389
7.66,0.025388527817682277,0.009234213939795588,0.015900689655324558,0.006308547499116918,0.002628641268240955,0.0044171044890183
7.68,0.025396300871353954,0.00923718524655702,0.01590575945920623,0.006287736749107542,0.0026198647781714795,0.00440238735262007
7.7,0.025404065532046407,0.009240153427463838,0.015910823902879363,0.006267000583892722,0.0026111203191013744,0.004387723763813053
7.72,0.025411821804957123,0.0092431184834078,0.015915882988229754,0.00624633870113205,0.0026024077595492973,0.004373113503206635
7.74,0.02541956969531135,0.009246080415312934,0.015920936717191143,0.006225750799883901,0.002593726968608131,0.0043585563523793995
7.76,0.02542730920836103,0.009249039224134665,0.01592598509174418,0.00620523658059868,0.002585077815943555,0.004344052093876182
7.78,0.025435040349383785,0.00925199491085908,0.01593102811391519,0.006184795745112076,0.002576460171792609,0.004329600511205146
7.8,0.0254427631236819,0.009254947476502578,0.015936065785775454,0.006164427996638349,0.0025678739069619093,0.004315201388834743
7.82,0.025450477536581355,0.009257896922111226,0.015941098109439954,0.00614413303976363,0.0025593188928264136,0.004300854512190649
7.84,0.02545818359343088,0.009260843248759608,0.01594612508706643,0.006123910580439251,0.0025507950013275247,0.004286559667652752
7.86,0.025465881299601017,0.009263786457550884,0.015951146720854584,0.00610376032597509,0.0025423021049716175,0.004272316642551904
7.88,0.02547357066048325,0.009266726549615953,0.01595616301304491,0.006083681985032951,0.002533840076828236,0.004258125225166837
7.9,0.025481251681489108,0.009269663526112675,0.015961173965917872,0.006063675267619949,0.0025254087905285058,0.004243985204720957
7.92,0.025488924368049327,0.009272597388225497,0.01596617958179293,0.006043739885081937,0.0025170081202633976,0.004229896371379104
7.94,0.025496588725613015,0.009275528137164693,0.01597117986302755,0.00602387555009694,0.0025086379407818883,0.004215858516244231
7.96,0.025504244759646865,0.009278455774165986,0.015976174812016564,0.006004081976668628,0.0025002981273892894,0.004201871431354218
7.98,0.02551189247563436,0.009281380300489741,0.01598116443119086,0.005984358880119797,0.002491988555945395,0.0041879349096784705
8.0,0.02551953187907503,0.009284301717420784,0.015986148723016933,0.005964705977085891,0.0024837091028626513,0.004174048745114562
8.02,0.02552684422300888,0.009287220023765991,0.015991124534055268,0.005945122985508531,0.002475459645104375,0.004160212732484899
8.040000000000001,0.0255335089099976,0.00929013519122734,0.01599608244346034,0.00592560962462908,0.0024672400601827922,0.004146426667533252
8.06,0.0255395232480176,0.009293047059556043,0.016001010017919027,0.005906165614982229,0.0024590502261572725,0.004132690346921451
8.08,0.025544884651160542,0.009295955087790738,0.01600589502500818,0.0058867906783896026,0.002450890021632306,0.0041190035682258305
8.1,0.025549590641566703,0.009298858006177305,0.016010725442322574,0.0058674845379534015,0.0024427593257557523,0.004105366129933817
8.120000000000001,0.025553638851315348,0.00930175355402805,0.016015489472501213,0.005848246918050056,0.002434658018216707,0.004091777831440417
8.14,0.025557027024269898,0.009304638449379635,0.01602017556088922,0.005829077544323911,0.00242658597924371,0.004078238473044729
8.16,0.025559753017875754,0.00930750854223621,0.016024772411669084,0.0058099761436809375,0.002418543089602667,0.004064747855946431
8.18,0.025561814804908625,0.009310359015005966,0.01602926900020589,0.005790942444282466,0.0024105292305949834,0.0040513057822422266
8.2,0.025563210475171197,0.009313184561802086,0.01603365458142244,0.005771976175538946,0.002402544284055487,0.004037912054922322
8.22,0.025563938237136163,0.009315979538408788,0.016037918694781477,0.0057530770681037315,0.0023945881323504184,0.004024566477866825
8.24,0.02556399641953343,0.009318738082322335,0.016042051166527873,0.00573424485386689,0.0023866606583755317,0.004011268855842217
8.26,0.025563383472879626,0.009321454205926926,0.0160460421098063,0.0057154792659490404,0.0023787617455539416,0.003998018994497724
8.28,0.025562097970947852,0.009324121868431023,0.016049881923171395,0.005696780038695214,0.0023708912778340916,0.003984816700361726
8.3,0.02556013861217581,0.009326735030617777,0.01605356128790155,0.005678146907668738,0.0023630491396878224,0.0039716617808381715
8.32,0.02555750422101043,0.009329287696226929,0.016057071164441713,0.005659579609645154,0.0023552352161081377,0.003958554044202975
8.34,0.025554193749187194,0.009331773942983004,0.01606040278822501,0.00564107788260615,0.0023474493926073717,0.003945493299600335
8.36,0.025550206276942405,0.009334187945560969,0.016063547665068054,0.00562264146573353,0.002339691555214888,0.003932479357039142
8.38,0.025545541014156712,0.009336523992388535,0.016066497566286076,0.005604270099403202,0.0023319615904751484,0.003919512027389375
8.4,0.02554019730142826,0.009338776497678522,0.016069244523642116,0.005585963525179192,0.0023242593854455383,0.003906591122378345
8.42,0.025534174611073965,0.009340940009818074,0.016071780824213743,0.005567721485807687,0.0023165848276943696,0.0038937164545871992
8.44,0.025527472548057335,0.009343009216969556,0.016074099005242738,0.005549543725211105,0.002308937805298673,0.0038808878374471537
8.46,0.025520090850841556,0.009344978950543599,0.01607619184901419,0.0055314299884821885,0.0023013182068422097,0.003868105085235886
8.48,0.025512029392166444,0.009346844187061455,0.016078052377800224,0.005513380021878122,0.002293725921413232,0.003855368013073877
8.5,0.025503288179747986,0.009348600048798662,0.016079673848893902,0.005495393572814676,0.0022861608386025374,0.003842676436920752
8.52,0.02549386735689943,0.009350241803516679,0.0160810497497509,0.005477470389860388,0.002278622848501194,0.003830030173571581
8.540000000000001,0.02548376720307274,0.009351764863517128,0.016082173793250398,0.0054596102227307515,0.0022711118416985504,0.0038174290406532796
8.56,0.025472988134319485,0.009353164784198391,0.016083039913083963,0.005441812822282444,0.002263627709280018,0.0038048728566209156
8.58,0.025461530703670274,0.00935443726225439,0.0160836422592759,0.0054240779405075774,0.0022561703428250163,0.0037923614407540476
8.6,0.025449395601431928,0.009355578133620706,0.016083975193837148,0.005406405330527976,0.002248739634404742,0.003779894613153058
8.620000000000001,0.025436583655401673,0.009356583371249536,0.016084033286553036,0.0053887947465894774,0.0022413354765802264,0.0037674721947355224
8.64,0.025423095830997812,0.00935744908277553,0.016083811310902325,0.00537124594405626,0.002233957762400057,0.0037550940072325167
8.66,0.0254089332313063,0.009358171508118945,0.01608330424010645,0.0053537586794052015,0.0022266063853983047,0.003742759873185005
8.68,0.025394097097042854,0.0093587470170607,0.016082507243304192,0.0053363327102202585,0.0022192812395923477,0.00373046961594014
8.700000000000001,0.025378588806430343,0.009359172106817294,0.016081415681848725,0.005318967795186875,0.002211982219480844,0.003718223059647635
8.72,0.025362409874991155,0.009359443399633276,0.016080025105722855,0.005301663694086414,0.002204709220041507,0.0037060200292561335
8.74,0.025345561955254548,0.009359557640406876,0.016078331250067118,0.00528442016779062,0.002197462136729014,0.003693860350509589
8.76,0.02532804683637895,0.009359511694357206,0.016076330031817142,0.0052672369782561,0.0021902408654728795,0.0036817438499435425
8.78,0.02530986644368934,0.0093593025447418,0.016074017546444306,0.005250113888518841,0.002183045302675283,0.003669670354881599
8.8,0.02529102283812993,0.009358927290627955,0.016071390064796617,0.005233050662688744,0.0021758753452090864,0.003657639693431737
8.82,0.025271518215632446,0.009358383144720685,0.016068444030032606,0.005216047065944187,0.002168730890415547,0.0036456516944827024
8.84,0.025251354906400503,0.00935766743124986,0.016065176054646548,0.005199102864526622,0.0021616118361022832,0.0036337061877004194
8.86,0.025230535374110543,0.009356777583914507,0.01606158291757787,0.005182217825735182,0.002154518080541132,0.003621803003524401
8.88,0.025209062215030022,0.009355711143886981,0.01605766156140158,0.0051653917179213275,0.002147449522466027,0.00360994197316404
8.9,0.025186938157053567,0.009354465757872403,0.016053409089594985,0.005148624310483514,0.002140406061070958,0.0035981229285951535
8.92,0.025164166058657966,0.00935303917622577,0.016048822763876525,0.005131915373861885,0.0021333875960077146,0.003586345702556342
8.94,0.02514074890777688,0.009351429251121594,0.016043900001612633,0.00511526467953299,0.002126394027383923,0.0035746101285453846
8.96,0.025116689820596432,0.009349633934776511,0.016038638373288495,0.005098672000004535,0.002119425255760908,0.003562916040815726
8.98,0.025091992040272675,0.009347651277720784,0.016033035600039037,0.0050821371088101445,0.002112481182151502,0.003551263274372887
9.0,0.025066658935572275,0.009345479427119172,0.016027089551236457,0.0050656597805041675,0.002105561708018112,0.0035396516649709255
9.02,0.025040693999437726,0.009343116625135397,0.016020798242130558,0.0050492397906564904,0.0020986667352704187,0.003528081049108883
9.040000000000001,0.025014100847478453,0.009340561207341334,0.016014159831538373,0.005032876915847395,0.002091796166263548,0.003516551264027246
9.06,0.02498688321638938,0.009337811601166748,0.016007172619580987,0.005016570933662424,0.002084949903795714,0.0035050621477044695
9.08,0.02495904496229852,0.00933486632438775,0.01599983504546205,0.005000321622687281,0.002078127851106365,0.0034936135388533946
9.1,0.024930590059045268,0.009331723983652137,0.015992145685287704,0.004984128762502761,0.002071329911873989,0.0034822052769178176
9.120000000000001,0.024901522596391182,0.009328383273039089,0.015984103249923144,0.004967992133679689,0.002064555990214095,0.003470837202068931
9.14,0.024871846778165,0.009324842972651452,0.015975706582883862,0.004951911517773906,0.002057805990677107,0.003459509155201885
9.16,0.024841566920343918,0.009321101947238944,0.01596695465825875,0.004935886697321262,0.0020510798182463478,0.003448220977932304
9.18,0.024810687449072985,0.009317159144848926,0.015957846578662935,0.0049199174558326435,0.0020443773783359372,0.0034369725125927898
9.200000000000001,0.024779212898624756,0.009313013595505269,0.01594838157321773,0.004904003577789026,0.0020376985767888273,0.0034257636022295645
9.22,0.024747147909301225,0.009308664409911157,0.01593855899555525,0.004888144848636545,0.0020310433198746625,0.0034145940905989237
9.24,0.024714497225280244,0.009304110778175298,0.015928378321846327,0.004872341054781602,0.0020244115142878404,0.003403463822163886
9.26,0.024681265692408656,0.009299351968560332,0.01591783914884903,0.004856591983585984,0.0020178030671453855,0.0033923726420907055
9.28,0.024647458255944363,0.009294387326251078,0.01590694119197631,0.0048408974233620184,0.0020112178859849968,0.003381320396245551
9.3,0.024613079958249687,0.009289216272140927,0.01589568428338092,0.004825257163367746,0.0020046558787630057,0.003370306931191028
9.32,0.024578135936438365,0.009283838301635856,0.015884068370055803,0.00480967099380212,0.0019981169538523668,0.0033593320941828616
9.34,0.024542631419978582,0.009278252983474388,0.015872093511949004,0.004794138705800232,0.0019916010200406306,0.003348395733166502
9.36,0.02450657172825443,0.009272459958562084,0.015859759880090706,0.004778660091428562,0.00198510798652799,0.003337497696773726
9.38,0.024469962268088362,0.009266458938818695,0.015847067754732207,0.0047632349436802475,0.0019786377629252513,0.0033266378343193765
9.4,0.024432808531226986,0.009260249706038844,0.01583401752349462,0.004747863056470383,0.0019721902592518626,0.0033158159957979642
9.42,0.02439511609179283,0.009253832110762639,0.015820609679526705,0.004732544224631344,0.0019657653859339016,0.003305032031880363
9.44,0.024356890603704547,0.009247206071157744,0.015806844819670703,0.0047172782439081325,0.00195936305380225,0.003294285793910524
9.46,0.024318137798068105,0.009240371571908948,0.01579272364263479,0.004702064910953745,0.0019529831740903625,0.003283577133902119
9.48,0.024278863480541518,0.009233328663117843,0.01577824694717269,0.004686904023324572,0.0019466256584325223,0.003272905904535328
9.5,0.024239073528675693,0.009226077459209224,0.015763415630267303,0.004671795379475809,0.0019402904188618516,0.0032622719591535124
9.52,0.024198773889233936,0.009218618137843955,0.015748230685320098,0.004656738778756905,0.001933977367808304,0.0032516751517600428
9.540000000000001,0.024157970575492634,0.009210950938838247,0.015732693200343994,0.004641734021407029,0.0019276864180968064,0.003241115337014909
9.56,0.024116669664525737,0.00920307616308887,0.01571680435616002,0.004626780908550554,0.0019214174829452566,0.0032305923702316396
9.58,0.024074877294475525,0.009194994171502005,0.015700565424596684,0.004611879242192577,0.0019151704759626104,0.003220106107373965
9.6,0.024032599661812173,0.009186705383927568,0.015683977766692496,0.004597028825214453,0.001908945311147032,0.0032096564050527023
9.620000000000001,0.023989843018584676,0.009178210278096274,0.01566704283090039,0.004582229461369354,0.0019027419028839533,0.0031992431205225083
9.64,0.02394661366966553,0.009169509388560752,0.01564976215129455,0.00456748095527786,0.0018965601659441179,0.003188866111678723
9.66,0.02390291796999173,0.009160603305639647,0.015632137345778518,0.004552783112423556,0.0018904000154817485,0.0031785252370541786
9.68,0.0238587623218044,0.009151492674363167,0.015614170114295816,0.004538135739148671,0.0018842613670326548,0.0031682203558160826
9.700000000000001,0.02381415317188956,0.009142178193422484,0.015595862237041647,0.004523538642649727,0.001878144136512345,0.003157951327762856
9.72,0.023769097008822283,0.009132660614119981,0.015577215572676335,0.004508991630973219,0.0018720482402141535,0.003147718013320995
9.74,0.023723600360216653,0.009122940739321645,0.015558232056540248,0.004494494513011311,0.0018659735948073828,0.0031375202735420215
9.76,0.023677669789983768,0.009113019422411186,0.015538913698870942,0.0044800470984975626,0.0018599201173354475,0.003127357970099299
9.78,0.02363131189559998,0.009102897566245313,0.015519262583021411,0.004465649198002667,0.0018538877252140325,0.0031172309652849834
9.8,0.023584533305387668,0.009092576122110386,0.015499280863680819,0.004451300622930229,0.0018478763362292337,0.0031071391220069927
9.82,0.023537340675810554,0.009082056088680356,0.015478970765097229,0.004437001185512547,0.0018418858685357595,0.00309708230378587
9.84,0.023489740688785756,0.0090713385109761,0.015458334579302712,0.004422750698806429,0.0018359162406550846,0.0030870603747517994
9.86,0.023441740049014538,0.009060424479325223,0.015437374664341448,0.004408548976689028,0.0018299673714736273,0.003077073199641565
9.88,0.023393345481333795,0.009049315128323862,0.015416093442500188,0.004394395833853702,0.0018240391802409497,0.0030671206437955048
9.9,0.023344563728090125,0.009038011635799361,0.015394493398542928,0.004380291085805886,0.0018181315865679686,0.003057202573154544
9.92,0.02329540154653841,0.009026515221773801,0.015372577077948734,0.004366234548859003,0.001812244510425164,0.00304731885425717
9.94,0.02324586570626666,0.009014827147429886,0.015350347085153893,0.0043522260401303815,0.0018063778721407367,0.0030374693542364974
9.96,0.023195962986648878,0.009002948714077,0.0153278060817986,0.004338265377537203,0.0018005315923989187,0.0030276539408172535
9.98,0.023145700174327606,0.008990881262120633,0.01530495678497873,0.004324352379792472,0.0017947055922381563,0.003017872482312908
10.0,0.023095084060727775,0.008978626170031785,0.01528180196550311,0.004310486866401001,0.0017888997930493608,0.0030081248476226384
10.02,0.023044121439603344,0.008966184853319238,0.015258344446156496,0.004296668657655425,0.0017831141165741303,0.0029984109062284737
10.040000000000001,0.022992819104618287,0.008953558763504508,0.015234587099969376,0.004282897574632231,0.0017773484849030673,0.002988730528192394
10.06,0.022941183846963264,0.00894074938709779,0.01521053284849467,0.004269173439187813,0.0017716028204739233,0.002979083584153394
10.08,0.022889222453009322,0.008927758244578273,0.015186184660091894,0.00425549607395455,0.0017658770460700476,0.0029694699453246226
10.1,0.02283694170199991,0.008914586889375145,0.015161545548219453,0.004241865302336896,0.001760171084818474,0.0029598894834905335
10.120000000000001,0.02278434836378242,0.008901236906854293,0.015136618569735534,0.0042282809485075035,0.0017544848601883606,0.002950342071003989
10.14,0.022731449196580315,0.008887709913305852,0.015111406823208303,0.004214742837403357,0.0017488182959891627,0.00294082758078347
10.16,0.022678250944807,0.00887400755493702,0.015085913447235432,0.004201250794721938,0.001743171316369054,0.002931345886310233
10.18,0.02262476033692232,0.008860131506868775,0.015060141618774758,0.0041878046469174,0.0017375438458131296,0.002921896861625474
10.200000000000001,0.022570984083332718,0.00884608347213573,0.015034094551484866,0.0041744042211967715,0.0017319358091418184,0.0029124803813275627
10.22,0.022516928874335797,0.008831865180691746,0.015007775494077787,0.004161049345516181,0.0017263471315091224,0.0029030963205692443
10.24,0.022462601378110163,0.008817478388419954,0.014981187728683657,0.004147739848577091,0.0017207777384010187,0.0028937445550548556
10.26,0.022408008238751196,0.008802924876147472,0.014954334569227646,0.0041344755598225705,0.0017152275556337553,0.002884424961037605
10.28,0.022353156074353443,0.008788206448666557,0.014927219359820209,0.004121256309433569,0.001709696509352233,0.002875137415316784
10.3,0.022298051475140194,0.008773324933760786,0.014899845473161187,0.004108081928325229,0.0017041845260283748,0.002865881795235072
10.32,0.022242701001640785,0.008758282181237862,0.014872216308957964,0.004094952248143198,0.0016986915324594303,0.0028566579786757987
10.34,0.022187111182916042,0.008743080061968457,0.014844335292358433,0.0040818671012599825,0.0016932174557664121,0.0028474658440602336
10.36,0.022131288514832308,0.008727720466932489,0.014816205872399431,0.0040688263207713056,0.0016877622233924534,0.0028383052703449293
10.38,0.022075239458384358,0.008712205306271564,0.01478783152047098,0.0040558297404924915,0.0016823257631011946,0.002829176137019023
10.4,0.022018970438067442,0.008696536508349945,0.014759215728796737,0.00404287719495487,0.0016769080029751988,0.0028200783241015565
10.42,0.021962487840298753,0.008680716018822258,0.014730362008931538,0.004029968519402197,0.0016715088714143267,0.0028110117121388526
10.44,0.021905798011888366,0.008664745799710211,0.014701273890276152,0.004017103549787096,0.0016661282971341806,0.002801976182201879
10.46,0.02184890725855983,0.008648627828486891,0.01467195491860997,0.004004282122767523,0.001660766209164539,0.0027929716158836128
10.48,0.02179182184352041,0.008632364097170183,0.014642408654641868,0.0039915040757032465,0.0016554225368477166,0.002783997895296417
10.5,0.021734547986080967,0.0086159566114252,0.014612638672579831,0.003978769246652346,0.0016500972098370621,0.0027750549030694837
10.52,0.021677091860325456,0.00859940738967573,0.014582648558720018,0.003966077474367733,0.0016447901580954008,0.0027661425223462262
10.540000000000001,0.021619459593829864,0.00858271846222573,0.014552441910054918,0.003953428598293688,0.001639501311893472,0.002757260636781698
10.56,0.02156165726643047,0.0085658918703903,0.014522022332901952,0.0039408224585624225,0.0016342306018083408,0.002748409130540047
10.58,0.02150369090904118,0.008548929665636704,0.014491393441551996,0.0039282588959906484,0.001628977958722004,0.0027395878882919716
10.6,0.021445566502519768,0.008531833908736606,0.01446055885693912,0.003915737752076181,0.001623743313819701,0.0027307967952122053
10.620000000000001,0.02138728997658257,0.008514606668927824,0.014429522205330907,0.0039032588689945445,0.0016185265985885317,0.0027220357369769645
10.64,0.02132886720876747,0.008497250023087892,0.014398287117040604,0.003890822089595614,0.0016133277448158283,0.0027133045997614624
10.66,0.021270304023444656,0.008479766054918713,0.014366857225160783,0.003878427257400257,0.0016081466845877797,0.00270460327023741
10.68,0.021211606190874806,0.008462156854142066,0.014335236164318673,0.0038660742165970105,0.0016029833502878444,0.0026959316355705805
10.700000000000001,0.021152779426314196,0.008444424515707696,0.014303427569454456,0.0038537628120387628,0.0015978376745952845,0.002687289583418244
10.72,0.0210938293891663,0.008426571139011957,0.014271435074621423,0.0038414928892394644,0.0015927095904837286,0.002678677001926804
10.74,0.021034761682179333,0.008408598827130093,0.014239262311809265,0.003829264294370848,0.0015875990312196478,0.002670093779729336
10.76,0.020975581850689116,0.008390509686059276,0.01420691290979021,0.003817076874259174,0.0015825059303609143,0.0026615398059431214
10.78,0.020916295381906827,0.008372305823975199,0.014174390492988105,0.003804930476381987,0.0015774302217553575,0.002653014970167294
10.8,0.020856907704250856,0.008353989350500853,0.01414169868037145,0.003792824948864896,0.0015723718395392995,0.0026445191624803674
10.82,0.020797424186722285,0.008335562375987862,0.014108841084369031,0.0037807601404783696,0.001567330718136146,0.002636052273437889
10.84,0.020737850138323192,0.008317027010810853,0.014075821309809788,0.003768735900634548,0.0015623067922548835,0.0026276141940700585
10.86,0.020678190807517195,0.008298385364675786,0.014042642952886457,0.0037567520793840748,0.0015572999968887055,0.0026192048158793315
10.88,0.02061845138173149,0.008279639545939943,0.01400930960014261,0.003744808527412946,0.0015523102673136282,0.0026108240308381245
10.9,0.020558636986899647,0.008260791660946228,0.013975824827483921,0.0037329050960393717,0.0015473375390869953,0.0026024717313864213
10.92,0.020498752687044455,0.008241843813371133,0.013942192199213348,0.003721041637210665,0.0015423817480461387,0.0025941478104294625
10.94,0.02043880348390001,0.00822279810358529,0.013908415267090274,0.003709218003500135,0.0015374428303069386,0.002585852161335412
10.96,0.020378794316572316,0.008203656628028357,0.013874497569413908,0.00369743404810401,0.0015325207222624856,0.0025775846779331015
10.98,0.0203187300612376,0.008184421478597678,0.013840442630130427,0.0036856896248383675,0.0015276153605816424,0.0025693452545096796
11.0,0.020258615530877506,0.008165094742050037,0.013806253957964261,0.0036739845881360875,0.0015227266822077322,0.0025611337858083695
11.02,0.020198455475050423,0.008145678499417903,0.013771935045573629,0.003662318793043819,0.0015178546243570772,0.0025529501670261893
11.040000000000001,0.020138254579698065,0.008126174825438943,0.01373748936872964,0.0036506920952189634,0.0015129991245177636,0.0025447942938117184
11.06,0.020078017466986505,0.00810658578800014,0.013702920385519703,0.0036391043509266786,0.001508160120448161,0.002536666062262795
11.08,0.020017748695180842,0.008086913447595151,0.01366823153557462,0.003627555417036894,0.0015033375501757027,0.002528565368924343
11.1,0.019957452758552638,0.008067159856795984,0.01363342623931922,0.0036160451510213443,0.0014985313519954317,0.002520492110786136
11.120000000000001,0.019897134087319288,0.008047327059738294,0.013598507897247057,0.0036045734109506223,0.001493741464468741,0.002512446185280569
11.14,0.0198367970476145,0.008027417091620987,0.013563479889218214,0.003593140055491244,0.0014889678264220136,0.002504427490280492
11.16,0.01977644594148899,0.008007431978219466,0.013528345573780966,0.003581744943902731,0.0014842103769453412,0.002496435924097003
11.18,0.019716085006940613,0.007987373735412652,0.013493108287516091,0.00357038793603471,0.0014794690553911875,0.002488471385477287
11.200000000000001,0.019655718417972996,0.007967244368724188,0.013457771344404774,0.003559068892324027,0.0014747438013730657,0.002480533773602452
11.22,0.019595350284681925,0.007947045872877222,0.013422338035219196,0.00354778767379188,0.001470034554764265,0.0024726229880853825
11.24,0.01953498465336857,0.007926780231362701,0.013386811626935875,0.0035365441420409627,0.0014653412556966216,0.002464738928968584
11.26,0.019474625506678712,0.007906449416021963,0.01335119536217155,0.003525338159252629,0.001460663844559097,0.0024568814967220747
11.28,0.0194142767637672,0.007886055386642188,0.01331549245864138,0.003514169588184071,0.001456002261996633,0.0024490505922412707
11.3,0.019353942280486706,0.007865600090566098,0.013279706108639119,0.0035030382921655097,0.0014513564489087938,0.002441246116844867
11.32,0.01929362584960007,0.007845085462314402,0.013243839478539517,0.003491944135097408,0.0014467263464485749,0.0024334679722727622
11.34,0.019233331201015304,0.007824513423222226,0.013207895708321794,0.003480886981447691,0.0014421118960210749,0.002425716060683978
11.36,0.019173062002042524,0.007803885881088233,0.013171877911115019,0.0034698666962489897,0.0014375130392823344,0.002417990284654541
11.38,0.019112821857671953,0.007783204729837286,0.013135789172764246,0.0034588831450958926,0.0014329297181379704,0.002410290547175506
11.4,0.019052614310872264,0.007762471849195936,0.013099632551417639,0.0034479361941422175,0.0014283618747420975,0.0024026167516508364
11.42,0.018992442842908398,0.0077416891043809175,0.013063411077134242,0.0034370257100982946,0.001423809451495936,0.0023949688018954198
11.44,0.018932310873678127,0.007720858345799992,0.013027127751511951,0.0034261515602282684,0.0014192723910467372,0.0023873466021330004
11.46,0.018872221762066616,0.007699981408766376,0.012990785547335324,0.003415313612347412,0.0014147506362864348,0.00237975005699417
11.48,0.018812178806318174,0.007679060113224442,0.012954387408243537,0.0034045117348194555,0.0014102441303505554,0.0023721790715144036
11.5,0.018752185244424475,0.007658096263488748,0.012917936248417333,0.0033937457965539327,0.0014057528166169066,0.0023646335511320177
11.52,0.018692244254528544,0.007637091647994801,0.012881434952285086,0.003383015667003536,0.001401276638704491,0.00235711340168621
11.540000000000001,0.01863235895534374,0.007616048039061955,0.012844886374248021,0.003372321216161494,0.0013968155404722091,0.0023496185294150933
11.56,0.01857253240658705,0.007594967192668128,0.012808293338423433,0.003361662314558957,0.0013923694660177791,0.002342148840953742
11.58,0.018512767609426016,0.007573850848236515,0.012771658638406376,0.0033510388332624002,0.0013879383596764527,0.002334704243332176
11.6,0.01845306750693855,0.0075527007284332355,0.01273498503704885,0.00334045064387104,0.001383522166019929,0.0023272846439735067
11.620000000000001,0.01839343498458506,0.007531518538977393,0.012698275266257024,0.003329897618514263,0.0013791208298551412,0.0023198899506919808
11.64,0.018333872870692124,0.007510305968460954,0.012661532026804903,0.0033193796298490743,0.0013747342962231537,0.0023125200716910257
11.66,0.018274383936947178,0.007489064688181154,0.012624757988165277,0.003308896551057553,0.001370362510397936,0.002305174915561368
11.68,0.018214970898903476,0.007467796351982325,0.01258795578835705,0.0032984482558443265,0.0013660054178852659,0.0022978543912791703
11.700000000000001,0.018155636416494793,0.00744650259610959,0.01255112803380856,0.0032880346184340587,0.0013616629644215793,0.0022905584082040732
11.72,0.018096383094559233,0.007425185039072113,0.012514277299236931,0.003277655513568947,0.0013573350959728578,0.0022832868760773698
11.74,0.018037213483371544,0.007403845281517366,0.012477406127542655,0.0032673108165062396,0.00135302175873343,0.0022760397050200962
11.76,0.01797813007918338,0.007382484906114701,0.012440517029719376,0.0032570004030157613,0.0013487228991249807,0.002268816805531236
11.78,0.01791913532477096,0.0073611054774496655,0.012403612484778422,0.003246724149377457,0.0013444384637952814,0.002261618088485814
11.8,0.01786023160998954,0.007339708541927289,0.012366694939687672,0.0032364819323789447,0.0013401683996171882,0.002254443465133088
11.82,0.017801421272334198,0.007318295627685378,0.012329766809324783,0.003226273629313084,0.0013359126536875037,0.0022472928470947035
11.84,0.017742706597506416,0.007296868244516858,0.012292830476443589,0.0032160991179755595,0.001331671173325904,0.0022401661463629036
11.86,0.017684089819985913,0.007275427883801389,0.012255888291654483,0.003205958276662474,0.0013274439060737759,0.0022330632752986935
11.88,0.017625573123607293,0.007253976018445567,0.012218942573417336,0.0031958509841679564,0.0013232307996932668,0.0022259841466300686
11.9,0.017567158642141003,0.0072325141028324125,0.012181995608047542,0.0031857771197817846,0.001319031802166033,0.0022189286734501925
11.92,0.01750884845987811,0.007211043572778833,0.01214504964973394,0.003175736563287018,0.001314846861692311,0.002211896769215656
11.94,0.01745064461221851,0.007189565845501597,0.012108106920569165,0.0031657291949576446,0.0013106759266897797,0.002204888347744697
11.96,0.01739254908626209,0.007168082319591516,0.012071169610591534,0.003155754895556243,0.0013065189457925296,0.002197903323215435
11.98,0.017334563821402436,0.007146594374995547,0.012034239877838065,0.003145813546331653,0.001302375867849971,0.002190941610164109
12.0,0.017276690709922642,0.007125103373006125,0.011997319848408886,0.003135905029016662,0.0012982466419257995,0.0021840031234833792
12.02,0.017218931597592912,0.007103610656258992,0.011960411616541995,0.0031260292258257034,0.0012941312172969897,0.0021770877784205553
12.040000000000001,0.017161288284269466,0.007082117548737293,0.01192351724469839,0.0031161860194525667,0.0012900295434527084,0.0021701954905758965
12.06,0.017103762524494446,0.007060625355783412,0.011886638763657347,0.003106375293068122,0.0012859415700932982,0.002163326175900882
12.08,0.017046356028096468,0.007039135364117636,0.011849778172621589,0.0030965969303180536,0.001281867247129236,0.0021564797506965594
12.1,0.016989070460791424,0.0070176488418634475,0.011812937439331235,0.00308685081532061,0.001277806524680139,0.0021496561316117885
12.120000000000001,0.01693190744478327,0.006996167038579472,0.011776118500187442,0.0030771368326643635,0.001273759353073759,0.0021428552356415856
12.14,0.016874868559364407,0.0069746911852976105,0.011739323260384496,0.003067454867405982,0.001269725682844878,0.0021360769801254524
12.16,0.016817955341515412,0.006953222494567384,0.011702553594050353,0.0030578048050680156,0.0012657054647344462,0.0021293212827456984
12.18,0.016761169286503806,0.006931762160506523,0.011665811344395427,0.003048186531636691,0.0012616986496884533,0.0021225880615258256
12.200000000000001,0.01670451184848152,0.006910311358856758,0.011629098323869063,0.003038599933559722,0.0012577051888570333,0.002115877234828804
12.22,0.01664798444108087,0.006888871247045857,0.011592416314323846,0.0030290448977441293,0.0012537250335933928,0.002109188721355508
12.24,0.016591588438008738,0.0068674429642544485,0.011555767067186756,0.003019521311554073,0.001249758135452902,0.0021025224401430604
12.26,0.01653532517363868,0.006846027631488555,0.01151915230363766,0.003010029062808698,0.0012458044461920368,0.0020958783105631956
12.280000000000001,0.01647919594360078,0.006824626351656922,0.011482573714794388,0.0030005680397799882,0.0012418639177675008,0.0020892562523206646
12.3,0.016423202005368977,0.006803240209653389,0.011446032961904122,0.0029911381311906364,0.001237936502335178,0.002082656185451636
12.32,0.01636734457884566,0.0067818702724435935,0.011409531676540973,0.0029817392262119213,0.0012340221522491974,0.002076078030322089
12.34,0.016311624846943325,0.00676051758915678,0.011373071460809448,0.0029723712144615996,0.0012301208200610084,0.0020695217076262535
12.36,0.01625604395616307,0.006739183191181231,0.011336653887553583,0.0029630339860018083,0.001226232458518353,0.0020629871383849997
12.38,0.016200603017169794,0.006717868092264729,0.011300280500571332,0.002953727431336978,0.001222357020564425,0.0020564742439442845
12.4,0.01614530310536384,0.006696573288618199,0.011263952814833897,0.002944451441411758,0.001218494459336802,0.0020499829459736016
12.42,0.016090145261448984,0.006675299759023711,0.011227672316710255,0.002935205907608952,0.001214644728166621,0.0020435131664644068
12.44,0.01603513049199656,0.006654048464946061,0.011191440464196022,0.0029259907217474668,0.0012108077805776038,0.0020370648277286173
12.46,0.015980259770005587,0.006632820350648003,0.01115525868714673,0.002916805776080268,0.0012069835702851165,0.0020306378523970324
12.48,0.01592553403545874,0.006611616343308441,0.011119128387515288,0.0029076509632923525,0.0012031720511952466,0.002024232163417826
12.5,0.015870954195874056,0.006590437353144308,0.011083050939593105,0.0028985261764987278,0.0011993731774039378,0.002017847684055028
12.52,0.0158165211268522,0.006569284273535422,0.011047027690255158,0.002889431309242403,0.0011955869031960188,0.002011484337887038
12.540000000000001,0.015762235672619196,0.0065481579811519025,0.01101105995920848,0.002880366255492392,0.0011918131830443385,0.0020051420488050743
12.56,0.015708098646564545,0.0065270593360851475,0.010975149039243515,0.002871330909641726,0.001188051971608828,0.0019988207410117343
12.58,0.01565411083177451,0.006505989181980315,0.010939296196489003,0.002862325166505478,0.0011843032237356477,0.001992520339019471
12.6,0.015600272981560623,0.0064849483461727085,0.010903502670669345,0.0028533489213187955,0.0011805668944562713,0.0019862407676491307
12.620000000000001,0.015546585819983184,0.00646393763982507,0.010867769675364543,0.002844402069734947,0.0011768429389865441,0.0019799819520284795
12.64,0.015493050042369748,0.006442957858068497,0.010832098398272894,0.002835484507823379,0.0011731313127259703,0.0019737438175907607
12.66,0.015439666315828484,0.00642200978014418,0.010796490001475322,0.0028265961320677775,0.0011694319712566193,0.0019675262900732187
12.68,0.015386435279756357,0.006401094169548263,0.010760945621702555,0.00281773683936415,0.0011657448703424169,0.0019613292955156783
12.700000000000001,0.01533335754634203,0.006380211774177631,0.010725466370603298,0.002808906527018909,0.001162069965928181,0.0019551527602590705
12.72,0.015280433701063459,0.006359363326478083,0.010690053335014715,0.0028001050927469696,0.0011584072141388516,0.0019489966109440462
12.74,0.015227664303180118,0.006338549543593619,0.01065470757723408,0.0027913324346698575,0.0011547565712785287,0.001942860774509519
12.76,0.015175049886219781,0.006317771127517858,0.010619430135291789,0.002782588451313827,0.0011511179938296905,0.0019367451781912859
12.780000000000001,0.015122590958459844,0.006297028765245922,0.01058422202322589,0.0027738730416079866,0.0011474914384523149,0.0019306497495205845
12.8,0.015070288003403124,0.006276323128928729,0.01054908423135705,0.002765186104882439,0.0011438768619830703,0.0019245744163227157
12.82,0.015018141480248132,0.006255654876027053,0.01051401772656484,0.002756527540866428,0.0011402742214344092,0.0019185191067156654
12.84,0.014966151824353735,0.006235024649468395,0.010479023452564733,0.002747897249686495,0.0011366834739937866,0.0019124837491086813
12.86,0.014914319447698249,0.006214433077803059,0.010444102330185135,0.002739295131864648,0.00113310457702285,0.001906468272200952
12.88,0.014862644739332881,0.006193880775362247,0.010409255257645559,0.00273072108831654,0.0011295374880565326,0.001900472604980172
12.9,0.014811128065829541,0.00617336834241657,0.010374483110834687,0.002722175020349652,0.0011259821648023157,0.001894496676721249
12.92,0.014759769771723,0.0061528963653349955,0.010339786743588564,0.0027136568296614936,0.001122438565139367,0.0018885404169848997
12.94,0.01470857017994737,0.006132465416744756,0.010305166987968946,0.0027051664183378086,0.0011189066471177435,0.0018826037556163345
12.96,0.014657529592266922,0.006112076055691651,0.010270624654541712,0.002696703688850789,0.0011153863689575421,0.0018766866227438895
12.98,0.014606648289701239,0.006091728827800402,0.010236160532654604,0.002688268544057304,0.0011118776890481656,0.0018707889487777122
13.0,0.014555926532944673,0.006071424265435874,0.010201775390715111,0.0026798608871971322,0.0011083805659474742,0.0018649106644084497
13.02,0.014505364562780171,0.006051162887864098,0.01016746997646762,0.002671480621891206,0.0011048949583810288,0.0018590517006059225
13.040000000000001,0.014454962600487405,0.0060309452014137,0.010133245017270238,0.002663127652139868,0.0011014208252412509,0.001853211988617791
13.06,0.014404720848245277,0.006010771699637295,0.010099101220370723,0.0026548018823211324,0.0010979581255866656,0.0018473914599682743
13.08,0.014354639489528784,0.005990642863472909,0.010065039273181958,0.0026465032171889558,0.0010945068186411016,0.0018415900464568585
13.1,0.014304718689500267,0.005970559161405469,0.010031059843556168,0.0026382315618715215,0.0010910668637929707,0.0018358076801569991
13.120000000000001,0.01425495859539505,0.005950521049627839,0.009997163580058735,0.0026299868218695286,0.0010876382205944168,0.0018300442934148329
13.14,0.014205359336901516,0.005930528972202132,0.0099633511122405,0.0026217689030544923,0.001084220848760591,0.0018242998188479113
13.16,0.01415592102653562,0.005910583361220236,0.009929623050909246,0.002613577711667053,0.001080814708168868,0.001818574189343932
13.18,0.014106643760009878,0.0058906846369645586,0.009895979988399825,0.0026054131543152945,0.0010774197588580968,0.0018128673380594683
13.200000000000001,0.014057527616596864,0.005870833208067853,0.00986242249884321,0.002597275137973067,0.0010740359610278353,0.0018071791984187273
13.22,0.014008572659487219,0.005851029471673002,0.009828951138433949,0.0025891635699783287,0.0010706632750376078,0.001801509704112289
13.24,0.013959778936142241,0.0058312738135921785,0.009795566445696405,0.0025810783580314848,0.0010673016614061396,0.0017958587890958846
13.26,0.013911146478641072,0.005811566608465327,0.009762268941749282,0.002573019410193745,0.0010639510808106497,0.0017902263875891364
13.280000000000001,0.013862675304022505,0.005791908219918369,0.009729059130568976,0.0025649866348854814,0.0010606114940860257,0.0017846124340743356
13.3,0.013814365414621471,0.005772299000720262,0.009695937499250922,0.0025569799408846025,0.0010572828622242055,0.001779016863295256
13.32,0.013766216798400238,0.00575273929293994,0.009662904518269415,0.0025489992373249303,0.0010539651463733347,0.001773439610255881
13.34,0.013718229429274352,0.005733229428102083,0.00962996064173578,0.0025410444336945895,0.0010506583078371103,0.0017678806102192364
13.36,0.01367040326743338,0.005713769727342236,0.0095971063076546,0.002533115439834401,0.0010473623080740197,0.0017623397987061773
13.38,0.01362273825965647,0.0056943605015611085,0.00956434193817825,0.0025252121659362914,0.0010440771086966338,0.0017568171114941877
13.4,0.013575234339622815,0.005675002051578082,0.009531667939859352,0.0025173345225417004,0.0010408026714708851,0.001751312484616202
13.42,0.013527891428217009,0.005655694668283569,0.009499084703901626,0.0025094824205400073,0.001037538958315345,0.0017458258543594193
13.44,0.013480709433829402,0.005636438632790861,0.009466592606408331,0.0025016557711669573,0.0010342859313005384,0.0017403571572641113
13.46,0.013433688252651461,0.005617234216586553,0.009434192008629095,0.0024938544860031017,0.0010310435526482053,0.0017349063301224747
13.48,0.013386827768966188,0.005598081681680044,0.009401883257204341,0.002486078476972244,0.0010278117847306533,0.0017294733099774576
13.5,0.013340127855433656,0.005578981280752418,0.009369666684407951,0.002478327656339892,0.0010245905900699668,0.0017240580341215987
13.52,0.013293588373371726,0.0055599332573036475,0.009337542608387562,0.002470601936711724,0.0010213799313374074,0.0017186604400958798
13.540000000000001,0.013247209173031946,0.005540937845799059,0.009305511333402744,0.0024629012310320576,0.0010181797713526718,0.0017132804656885801
13.56,0.01320099009387074,0.005521995271814815,0.009273573150061061,0.002455225452582327,0.0010149900730832306,0.0017079180489341479
13.58,0.013154930964815901,0.005503105752181699,0.00924172833555194,0.002447574514979573,0.0010118107996436045,0.0017025731281120496
13.6,0.013109031604528453,0.005484269495128332,0.009209977153878076,0.0024399483321749338,0.0010086419142947374,0.0016972456417456542
13.620000000000001,0.013063291821659937,0.005465486700422813,0.009178319856084917,0.002432346818452151,0.0010054833804432858,0.0016919355286010927
13.64,0.013017711415105165,0.005446757559513209,0.00914675668048754,0.002424769888426076,0.0010023351616409448,0.001686642727686175
13.66,0.012972290174250495,0.00542808225566699,0.00911528785289554,0.0024172174570411932,0.0009991972215837913,0.0016813671782492628
13.68,0.012927027879217701,0.00540946096410908,0.009083913586835248,0.0024096894395701416,0.0009960695241116259,0.0016761088197781585
13.700000000000001,0.01288192430110346,0.00539089385215851,0.009052634083769818,0.002402185751612249,0.000992952033207293,0.0016708675919990367
13.72,0.01283697920221452,0.005372381079363968,0.009021449533316968,0.002394706309092075,0.0009898447129960326,0.0016656434348753153
13.74,0.012792192336298634,0.005353922797638128,0.008990360113464345,0.002387251028257959,0.000986747527744829,0.0016604362886066025
13.76,0.012747563448771263,0.005335519151390289,0.008959365990782373,0.0023798198256805747,0.0009836604418617537,0.0016552460936275985
13.780000000000001,0.012703092276938131,0.005317170277658106,0.008928467320634903,0.002372412618251497,0.0009805834198952932,0.0016500727906070107
13.8,0.012658778550213693,0.005298876306237875,0.008897664247387312,0.002365029323181771,0.0009775164265337652,0.001644916320446528
13.82,0.012614621990335546,0.005280637359813187,0.008866956904612389,0.002357669858000493,0.0009744594266046301,0.0016397766242797253
13.84,0.012570622311574858,0.005262453554082427,0.008836345415293552,0.0023503341405533944,0.0009714123850738572,0.001634653643470987
13.86,0.012526779220942861,0.005244324997885394,0.008805829892025923,0.002343022089001436,0.000968375267045303,0.001629547319614508
13.88,0.012483092418393453,0.0052262517933273425,0.008775410437214786,0.0023357336218194093,0.0009653480377600803,0.001624457594533199
13.9,0.012439561597021986,0.005208234035902989,0.008745087143271858,0.002328468657794545,0.0009623306625959185,0.0016193844102776807
13.92,0.01239618644326026,0.005190271814618276,0.008714860092808772,0.0023212271160251265,0.000959323107066554,0.0016143277091252308
13.94,0.012352966637067819,0.005172365212110795,0.008684729358828485,0.0023140089159191146,0.0009563253368210998,0.0016092874335787723
13.96,0.012309901852119548,0.005154514304769597,0.008654695004914233,0.0023068139771927746,0.0009533373176434482,0.0016042635263658182
13.98,0.0122669917559897,0.00513671916285232,0.008624757085415878,0.002299642219869316,0.0009503590154516115,0.0015992559304374712
14.0,0.012224236010332295,0.0051189798506021955,0.008594915645634133,0.002292493564277533,0.0009473903962971583,0.0015942645889674132
14.02,0.012181634271058084,0.005101296426362745,0.00856517072200208,0.002285367931050458,0.0009444314263645763,0.0015892894453509035
14.040000000000001,0.012139186188507994,0.005083668942691591,0.008535522342264646,0.002278265241124018,0.0009414820719706857,0.0015843304432037642
14.06,0.012096891407623189,0.0050660974464725155,0.008505970525655207,0.0022711854157356983,0.0009385422995640334,0.0015793875263613762
14.08,0.012054749568111792,0.005048581979026468,0.008476515283070366,0.0022641283764232166,0.0009356120757242823,0.00157446063887771
14.1,0.012012760304612272,0.005031122576221036,0.008447156617242086,0.0022570940450231994,0.0009326913671616277,0.001569549725024306
14.120000000000001,0.011970923246853603,0.005013719268578267,0.008417894522907343,0.002250082343669867,0.0009297801407162068,0.0015646547292893346
14.14,0.011929238019812207,0.004996372081381583,0.00838872898697565,0.002243093194793726,0.000926878363357522,0.0015597755963765861
14.16,0.011887704243865748,0.004979081034780683,0.008359659988694175,0.0022361265211202695,0.0009239860021838006,0.0015549122712045164
14.18,0.011846321534943825,0.004961846143895908,0.00833068749981052,0.002229182245668679,0.0009211030244214902,0.00155006469890527
14.200000000000001,0.01180508950467561,0.004944667418920189,0.008301811484733178,0.00222226029175054,0.0009182293974246266,0.0015452328248237266
14.22,0.011764007760534472,0.004927544865220676,0.0082730319006897,0.0022153605829685575,0.0009153650886742712,0.001540416594516538
14.24,0.011723075905979662,0.004910478483438047,0.008244348697882597,0.0022084830432152836,0.0009125100657779353,0.0015356159537511895
14.26,0.011682293540595074,0.004893468269585072,0.00821576181964293,0.0022016275966718468,0.0009096642964690256,0.0015308308485050433
14.280000000000001,0.011641660260225142,0.004876514215143736,0.008187271202581666,0.002194794167806694,0.0009068277486062544,0.001526061224964396
14.3,0.011601175657107943,0.004859616307160565,0.008158876776738854,0.002187982681374329,0.000904000390173074,0.0015213070295235452
14.32,0.011560839320005503,0.004842774528341328,0.008130578465730363,0.0021811930624140714,0.0009011821892771437,0.0015165682087838624
14.34,0.011520650834331406,0.004825988857143589,0.008102376186892702,0.0021744252362488063,0.0008983731141497437,0.0015118447095528677
14.36,0.011480609782275704,0.004809259267868739,0.00807426985142556,0.0021676791284837536,0.0008955731331452408,0.0015071364788432915
14.38,0.011440715742927213,0.004792585730752048,0.008046259364531877,0.002160954665005236,0.0008927822147405106,0.0015024434638721816
14.4,0.011400968292393211,0.004775968212051701,0.00801834462555622,0.0021542517719794537,0.0008900003275344117,0.001497765612059969
14.42,0.011361367003916599,0.004759406674136509,0.00799052552812071,0.0021475703758512712,0.0008872274402472179,0.0014931028710295758
14.44,0.011321911447990548,0.004742901075572467,0.007962801960258949,0.002140910403343002,0.0008844635217200986,0.0014884551886055095
14.46,0.011282601192470711,0.004726451371207363,0.007935173804547767,0.002134271781453205,0.0008817085409145493,0.0014838225128129508
14.48,0.011243435802684996,0.00471005751225505,0.007907640938236928,0.002127654437455487,0.0008789624669118899,0.0014792047918768903
14.5,0.011204414841540989,0.004693719446377931,0.007880203233376768,0.0021210582988973065,0.00087622526891267,0.001474601974221202
14.52,0.011165537869631025,0.004677437117768082,0.007852860556943893,0.0021144832935987906,0.0008734969162362158,0.0014700140084677991
14.540000000000001,0.011126804445334978,0.004661210467227303,0.007825612770964599,0.0021079293496515518,0.0008707773783200176,0.0014654408434357175
14.56,0.011088214124920807,0.004645039432245968,0.007798459732636468,0.0021013963954175144,0.0008680666247192857,0.0014608824281402686
14.58,0.011049766462642881,0.004628923947080705,0.007771401294448061,0.002094884359527745,0.0008653646251063498,0.001456338711792153
14.6,0.011011461010838136,0.004612863942830434,0.0077444373042963865,0.0020883931708812883,0.0008626713492701833,0.0014518096437966014
14.620000000000001,0.010973297320020102,0.004596859347511841,0.007717567605602647,0.0020819227586440134,0.0008599867671158556,0.0014472951737525123
14.64,0.010935274938970828,0.004580910086133006,0.007690792037425876,0.0020754730522474607,0.0008573108486640689,0.0014427952514515987
14.66,0.01089739341483077,0.004565016080766513,0.007664110434574963,0.0020690439813876946,0.0008546435640505635,0.0014383098268775263
14.68,0.010859652293186634,0.004549177250620637,0.0076375226277184,0.0020626354760241673,0.0008519848835256753,0.0014338388502050708
14.700000000000001,0.010822051118157254,0.004533393512110073,0.0076110284434924794,0.002056247466378583,0.0008493347774537921,0.0014293822717992765
14.72,0.010784589432477527,0.004517664778924995,0.007584627704607538,0.0020498798829337696,0.0008466932163128792,0.0014249400422146085
14.74,0.010747266777580422,0.0045019909620993125,0.007558320229952324,0.002043532656432557,0.0008440601706939184,0.0014205121121941284
14.76,0.01071008269367712,0.0044863719700776045,0.007532105834696702,0.00203720571787666,0.0008414356113004894,0.0014160984326686628
14.780000000000001,0.010673036719835329,0.004470807708781099,0.00750598433039239,0.002030898998525567,0.0008388195089481785,0.001411698954755967
14.8,0.01063612839405576,0.004455298081672327,0.007479955525072182,0.0020246124298954338,0.0008362118345641681,0.0014073136297599103
14.82,0.010599357253346873,0.004439842989818857,0.007454019223347181,0.0020183459437579853,0.0008336125591867027,0.0014029424091696514
14.84,0.010562722833797843,0.0044244423319559,0.007428175226502438,0.0020120994721394185,0.0008310216539645815,0.00139858524465884
14.86,0.010526224670649844,0.0044090960045479214,0.007402423332591015,0.0020058729473193156,0.0008284390901567264,0.0013942420880847922
14.88,0.010489862298365644,0.004393803901848995,0.007376763336526091,0.0019996663018295576,0.0008258648391316369,0.0013899128914876848
14.9,0.010453635250697582,0.004378565915962303,0.00735119503017168,0.0019934794684532495,0.000823298872366942,0.0013855976070897597
14.92,0.010417543060753893,0.004363381936898751,0.007325718202431625,0.0019873123802236453,0.0008207411614489074,0.0013812961872945344
14.94,0.010381585261063494,0.004348251852633914,0.007300332639336857,0.0019811649704230814,0.0008181916780719684,0.0013770085846859978
14.96,0.01034576138363919,0.004333175549164921,0.007275038124131281,0.0019750371725819125,0.0008156503940382553,0.0013727347520278192
14.98,0.010310070960039372,0.0043181529105654265,0.007249834437355951,0.0019689289204774577,0.000813117281257102,0.0013684746422625651
15.0,0.010274513521428224,0.004303183819040325,0.007224721356931761,0.0019628401481329477,0.0008105923117445871,0.0013642282085109278
15.02,0.01023908859863446,0.004288268154978992,0.007199698658240534,0.0019567707898164774,0.0008080754576230706,0.001359995404070939
15.040000000000001,0.010203795722208637,0.004273405797007996,0.0071747661142047055,0.0019507207800399664,0.0008055666911207202,0.0013557761824171948
15.06,0.010168634422479044,0.004258596622042327,0.007149923495365429,0.0019446900535581217,0.000803065984571047,0.0013515704972000948
15.08,0.01013360422960624,0.004243840505336333,0.007125170569959314,0.0019386785453674076,0.0008005733104124652,0.001347378302245075
15.1,0.01009870467363621,0.004229137320533085,0.00710050710399356,0.0019326861907050207,0.0007980886411878003,0.0013431995515518385
15.120000000000001,0.010063935284552216,0.004214486939713394,0.0070759328613199035,0.0019267129250478676,0.0007956119495438703,0.001339034199293608
15.14,0.010029295592325347,0.004199889233443614,0.007051447603706893,0.0019207586841115509,0.0007931432082309833,0.0013348821998163635
15.16,0.009994785126963782,0.004185344070822558,0.007027051090910995,0.001914823403849358,0.0007906823901025454,0.0013307435076381027
15.18,0.009960403418560816,0.0041708513195278215,0.007002743080746267,0.0019089070204512553,0.0007882294681145573,0.0013266180774480925
15.200000000000001,0.009926149997341661,0.0041564108458607835,0.006978523329152482,0.0019030094703428888,0.0007857844153251982,0.0013225058641061032
15.22,0.00989202439370906,0.004142022514791182,0.0069543915902623805,0.0018971306901845871,0.0007833472048943784,0.0013184068226417124
15.24,0.009858026138287687,0.004127686190000678,0.006930347616467188,0.0018912706168703719,0.0007809178100832801,0.0013143209082535435
15.26,0.009824154761967458,0.004113401733925621,0.006906391158481057,0.001885429187526972,0.000778496204253944,0.0013102480763085304
15.280000000000001,0.009790409795945641,0.004099169007798837,0.006882521965404162,0.001879606339512841,0.0007760823608688078,0.0013061882823412131
15.3,0.009756790771767929,0.00408498787169099,0.0068587397847845715,0.001873802010417184,0.0007736762534902788,0.0013021414820529923
15.32,0.009723297221368382,0.004070858184550674,0.006835044362678939,0.0018680161380589836,0.0007712778557803101,0.0012981076313114189
15.34,0.009689928677108333,0.00405677980424417,0.00681143544371189,0.0018622486604860352,0.0007688871414999492,0.0012940866861494667
15.36,0.009656684671814249,0.004042752587594186,0.0067879127711343405,0.0018564995159739842,0.0007665040845089314,0.0012900786027648479
15.38,0.009623564738814564,0.004028776390417816,0.006764476086880406,0.00185076864302537,0.0007641286587652178,0.0012860833375192737
15.4,0.009590568411975541,0.004014851067564015,0.006741125131623507,0.0018450559803686723,0.0007617608383246279,0.0012821008469377582
15.42,0.009557695225736119,0.004000976472949919,0.006717859644830974,0.0018393614669573648,0.0007594005973403547,0.0012781310877079232
15.44,0.009524944715141842,0.003987152459596826,0.006694679364817859,0.0018336850419689717,0.0007570479100625903,0.0012741740166792974
15.46,0.009492316415877828,0.003973378879665352,0.006671584028799334,0.0018280266448041293,0.0007547027508380847,0.001270229590862614
15.48,0.00945980986430083,0.003959655584489701,0.006648573372942221,0.001822386215085652,0.0007523650941097384,0.00126629776742913
15.5,0.009427424597470393,0.00394598242461156,0.006625647132415402,0.001816763692657604,0.0007500349144161669,0.0012623785037099244
15.52,0.009395160153179137,0.0039323592498129644,0.00660280504143917,0.001811159017584373,0.0007477121863913404,0.0012584717571952281
15.540000000000001,0.009363016069982183,0.0039187859091488735,0.006580046833333482,0.0018055721301497517,0.0007453968847641047,0.0012545774855337389
15.56,0.009330991887225724,0.0039052622509787734,0.0065573722405653624,0.0018000029708560216,0.0007430889843578299,0.0012506956465319326
15.58,0.009299087145074781,0.003891788122997748,0.006534780994795045,0.001794451480423041,0.0007407884600899773,0.0012468261981533983
15.6,0.009267301384540152,0.003878363372266941,0.00651227282692145,0.0017889175997873395,0.000738495286971716,0.001242969098518179
15.620000000000001,0.00923563414750456,0.0038649878452433352,0.00648984746712636,0.001783401270101215,0.0007362094401074669,0.0012391243059020856
15.64,0.009204084976748036,0.0038516613878090285,0.006467504644917996,0.0017779024327318359,0.0007339308946945936,0.0012352917787360237
15.66,0.00917265341597255,0.0038383838452995555,0.006445244089173269,0.0017724210292603471,0.0007316596260229101,0.001231471475605369
15.68,0.009141339009825888,0.0038251550625322396,0.006423065528179455,0.0017669570014809811,0.0007293956094743557,0.0012276633552492716
15.700000000000001,0.009110141303924811,0.0038119748838332077,0.006400968689674814,0.001761510291400174,0.0007271388205225593,0.0012238673765600277
15.72,0.009079059844877505,0.00379884315306448,0.0063789533008882715,0.0017560808412356826,0.0007248892347324747,0.0012200834985824237
15.74,0.009048094180305334,0.0037857597136500346,0.006357019088578358,0.0017506685934157104,0.0007226468277599677,0.0012163116805130707
15.76,0.009017243858863915,0.0037727244086015917,0.006335165779071099,0.0017452734905780342,0.0007204115753514516,0.0012125518816997769
15.780000000000001,0.008986508430263529,0.003759737080543568,0.006313393098297295,0.0017398954755691364,0.000718183453343469,0.001208804061640902
15.8,0.008955887445288883,0.003746797571737988,0.00629170077182879,0.001734534491443341,0.00071596243766235,0.0012050681799847247
15.82,0.00892538045581823,0.003733905724108124,0.00627008852491403,0.0017291904814619552,0.0007137485043237908,0.001201344196528793
15.84,0.008894987014841878,0.003721061379262369,0.006248556082512698,0.001723863389092413,0.0007115416294324875,0.0011976320712193027
15.860000000000001,0.008864706676480073,0.003708264378516968,0.006227103169329744,0.0017185531580074236,0.0007093417891817785,0.0011939317641504732
15.88,0.008834538996000311,0.003695514562918771,0.006205729509848467,0.0017132597320841253,0.0007071489598532293,0.0011902432355639068
15.9,0.008804483529834047,0.0036828117732670435,0.006184434828362898,0.0017079830554032423,0.0007049631178162905,0.0011865664458479766
15.92,0.00877453983559284,0.0036701558501351,0.006163218849009483,0.0017027230722482449,0.0007027842395279052,0.00118290135553721
15.94,0.008744707472083954,0.003657546633891277,0.006142081295797968,0.0016974797271045153,0.0007006123015321585,0.0011792479253116557
15.96,0.008714985999325395,0.003644983964719563,0.006121021892641618,0.001692252964658516,0.0006984472804598895,0.0011756061159962994
15.98,0.008685374978560435,0.0036324676826395698,0.0061000403633866395,0.0016870427297969637,0.0006962891530283189,0.001171975888560418
16.0,0.008655873972271596,0.003619997627526319,0.006079136431841077,0.0016818489676060052,0.0006941378960407049,0.0011683572041169931
16.02,0.008626482544194155,0.003607573639129356,0.006058309821802791,0.001676671623370399,0.0006919934863859773,0.001164750023922112
16.04,0.008597200259329106,0.0035951955570915177,0.006037560257086998,0.0016715106425727003,0.0006898559010383477,0.0011611543093743427
16.06,0.008568026683955697,0.003582863220967204,0.006016887461552918,0.0016663659708924495,0.0006877251170569814,0.0011575700220141654
16.080000000000002,0.00853896138564343,0.003570576470240382,0.005996291159130065,0.0016612375542053646,0.0006856011115856306,0.001153997123523351
16.1,0.008510003933263642,0.0035583351443419712,0.0059757710738436364,0.0016561253385825388,0.0006834838618522772,0.0011504355757243811
16.12,0.008481153897000616,0.003546139082666945,0.005955326929839399,0.0016510292702896388,0.0006813733451687624,0.00114688534057986
16.14,0.008452410848362242,0.0035339881245909704,0.0059349584514079975,0.0016459492957861112,0.000679269538930449,0.0011433463801919146
16.16,0.008423774360190261,0.0035218821094867955,0.00591466536300864,0.0016408853617243889,0.0006771724206158785,0.0011398186568016327
16.18,0.008395244006670076,0.003509820876739866,0.005894447389292027,0.001635837414949104,0.0006750819677864083,0.001136302132788454
16.2,0.00836681936334014,0.003497804265764122,0.005874304255122985,0.001630805402496302,0.0006729981580858629,0.0011327967706696118
16.22,0.008338500007100973,0.003485832116016926,0.005854235685602379,0.001625789271592662,0.000670920969240193,0.0011293025330995571
16.240000000000002,0.008310285516223747,0.003473904267013986,0.00583424140608846,0.0016207889696547202,0.0006688503790571302,0.0011258193828693802
16.26,0.008282175470358507,0.003462020558343477,0.00581432114221769,0.0016158044442880937,0.0006667863654258384,0.0011223472829062328
16.28,0.008254169450542014,0.003450180829680486,0.005794474619925088,0.0016108356432867148,0.0006647289063165863,0.001118886196272776
16.3,0.008226267039205214,0.0034383849208003397,0.005774701565463915,0.0016058825146320619,0.0006626779797803934,0.0011154360861666093
16.32,0.008198467820180355,0.0034266326715921168,0.005755001705425017,0.0016009450064923979,0.0006606335639487145,0.001111996915919708
16.34,0.008170771378707751,0.0034149239220717296,0.0057353747667554964,0.0015960230672220123,0.0006585956370330612,0.001108568648997868
16.36,0.008143177301442204,0.0034032585123944564,0.005715820476777046,0.0015911166453604646,0.0006565641773247176,0.0011051512490001451
16.38,0.008115685176459091,0.0033916362828674876,0.005696338563203672,0.001586225689631834,0.0006545391631943622,0.0011017446796583008
16.4,0.008088294593260126,0.0033800570739618914,0.005676928754158994,0.00158135014894397,0.0006525205730917946,0.00109834890483626
16.42,0.008061005142778813,0.003368520726324309,0.005657590778193048,0.0015764899723877488,0.0006505083855455251,0.0010949638885295562
16.44,0.008033816417385566,0.003357027080788494,0.005638324364298674,0.001571645109236332,0.0006485025791625272,0.0010915895948647818
16.46,0.00800672801089255,0.0033455759783864313,0.0056191292419275,0.0015668155089444283,0.0006465031326278541,0.0010882259880990559
16.48,0.007979739518558217,0.0033341672603591204,0.005600005141005274,0.0015620011211475609,0.0006445100247043528,0.0010848730326194788
16.5,0.00795285053709155,0.003322800768167239,0.005580951791947035,0.001557201895661336,0.0006425232342323044,0.0010815306929425898
16.52,0.007926060664656022,0.0033114763435013487,0.005561968925671698,0.0015524177824807145,0.0006405427401291461,0.0010781989337138418
16.54,0.007899369500873306,0.0033001938282919046,0.00554305627361622,0.001547648731779291,0.0006385685213890995,0.0010748777197070616
16.56,0.007872776646826682,0.0032889530647190537,0.005524213567749498,0.0015428946939085705,0.000636600557082904,0.0010715670158239182
16.580000000000002,0.007846281705064203,0.0032777538952220315,0.0055054405405856955,0.0015381556193972536,0.0006346388263574503,0.0010682667870934087
16.6,0.00781988427960161,0.0032665961625084504,0.005486736925197272,0.0015334314589505215,0.0006326833084355141,0.0010649769986713195
16.62,0.007793583975924981,0.0032554797095631456,0.005468102455227628,0.001528722163449327,0.000630733982615406,0.001061697615839708
16.64,0.007767380400993156,0.003244404379656981,0.005449536864903339,0.0015240276839496851,0.0006287908282706799,0.0010584286040063835
16.66,0.007741273163239915,0.00323337001635529,0.005431039889046115,0.0015193479716819728,0.0006268538248498043,0.0010551699287043978
16.68,0.007715261872575931,0.003222376463526068,0.005412611263084179,0.0015146829780502257,0.0006249229518758561,0.0010519215555915126
16.7,0.0076893461403904914,0.003211423565347914,0.005394250723063674,0.0015100326546314427,0.0006229981889462311,0.0010486834504497044
16.72,0.007663525579553014,0.0032005111663179404,0.005375958005659256,0.0015053969531748919,0.0006210795157323216,0.0010454555791846484
16.740000000000002,0.007637799804414338,0.0031896391112590343,0.005357732848184764,0.0015007758256014188,0.0006191669119792119,0.0010422379078252081
16.76,0.007612168430807807,0.0031788072453275223,0.005339574988603274,0.0014961692240027605,0.0006172603575053867,0.0010390304025229282
16.78,0.007586631076050165,0.0031680154140199023,0.005321484165537016,0.0014915771006408605,0.0006153598322024041,0.0010358330295515506
16.8,0.007561187358942235,0.0031572634631800334,0.005303460118276853,0.0014869994079471885,0.0006134653160346354,0.0010326457553064864
16.82,0.007535836899769418,0.0031465512390054426,0.005285502586791485,0.0014824360985220616,0.0006115767890389162,0.001029468546304342
16.84,0.007510579320302005,0.0031358785880542333,0.005267611311736355,0.0014778871251339705,0.0006096942313242894,0.0010263013691824143
16.86,0.007485414243795303,0.003125245357250916,0.0052497860344623455,0.0014733524407189076,0.0006078176230716786,0.001023144190698183
16.88,0.007460341294989584,0.0031146513938928103,0.0052320264970239375,0.0014688319983796978,0.0006059469445336427,0.001019996977728857
16.9,0.007435360100109864,0.003104096545655703,0.005214332442187375,0.001464325751385335,0.0006040821760340077,0.001016859697270842
16.92,0.007410470286865514,0.0030935806605996946,0.005196703613438347,0.001459833653170318,0.0006022232979676378,0.0010137323164392893
16.94,0.007385671484449704,0.0030831035871745245,0.005179139754989529,0.0014553556573339928,0.0006003702908001203,0.0010106148024675917
16.96,0.007360963323538694,0.00307266517422513,0.005161640611787689,0.0014508917176398945,0.0005985231350674784,0.001007507122706921
16.98,0.0073363454362909645,0.0030622652709965514,0.005144205929520741,0.001446441788015097,0.0005966818113758737,0.001004409244625721
17.0,0.007311817456346199,0.0030519037271390876,0.005126835454624353,0.0014420058225495605,0.0005948463004013412,0.0010013211358092546
17.02,0.007287379018824122,0.003041580392712994,0.005109528934288445,0.001437583775495485,0.0005930165828894843,0.0009982427639591254
17.04,0.007263029760323194,0.0030312951181931873,0.005092286116463381,0.0014331756012666667,0.0005911926396552066,0.0009951740968927865
17.06,0.007238769318919161,0.003021047754473728,0.005075106749865891,0.0014287812544378571,0.0005893744515824072,0.0009921151025431034
17.080000000000002,0.007214597334163483,0.0030108381528720757,0.005057990583984802,0.0014244006897441237,0.0005875619996237332,0.0009890657489578587
17.1,0.007190513447081621,0.0030006661651333427,0.005040937369086535,0.0014200338620802156,0.0005857552648002683,0.0009860260042992971
17.12,0.007166517300171201,0.0029905316434341855,0.005023946856220369,0.0014156807264999309,0.000583954228201278,0.000982995836843662
17.14,0.0071426085374000515,0.0029804344403868404,0.005007018797223485,0.0014113412382154875,0.0005821588709838958,0.000979975214980729
17.16,0.00711878680420413,0.0029703744090426687,0.004990152944725785,0.0014070153525968965,0.0005803691743729175,0.0009769641072133546
17.18,0.007095051747485318,0.002960351402895865,0.004973349052154535,0.001402703025171338,0.000578585119660432,0.0009739624821570113
17.2,0.007071403015609124,0.0029503652758868506,0.004956606873738762,0.0013984042116225411,0.0005768066882056416,0.0009709703085393335
17.22,0.00704784025840225,0.002940415882405499,0.004939926164513471,0.0013941188677901652,0.0005750338614345207,0.0009679875551996752
17.240000000000002,0.007024363127150077,0.0029305030772944474,0.0049233066803236695,0.0013898469496691852,0.0005732666208395833,0.0009650141910886526
17.26,0.007000971274594035,0.002920626715852071,0.004906748177828172,0.00138558841340928,0.0005715049479795894,0.0009620501852676916
17.28,0.006977664354928869,0.00291078665383536,0.004890250414503273,0.0013813432153142215,0.0005697488244793125,0.0009590955069085863
17.3,0.006954442023799817,0.0029009827474627274,0.004873813148646126,0.0013771113118412684,0.0005679982320292162,0.0009561501252930458
17.32,0.0069313039382996895,0.0028912148534166724,0.004857436139378121,0.0013728926596005629,0.0005662531523852594,0.0009532140098122738
17.34,0.006908249756965857,0.0028814828288464644,0.004841119146647906,0.001368687215354529,0.0005645135673685621,0.0009502871299665052
17.36,0.006885279139777148,0.0028717865313702636,0.0048248619312343975,0.0013644949360172734,0.0005627794588652092,0.0009473694553645822
17.38,0.00686239174815067,0.0028621258190777775,0.004808664254749404,0.001360315778653991,0.0005610508088259108,0.0009444609557235047
17.400000000000002,0.006839587244938529,0.0028525005505322305,0.004792525879640341,0.0013561497004803708,0.0005593275992658308,0.000941561600868025
17.42,0.006816865294424493,0.0028429105847725105,0.004776446569192642,0.001351996658862006,0.0005576098122642449,0.0009386713607301737
17.44,0.006794225562320556,0.0028333557813152955,0.004760426087532015,0.0013478566113138061,0.0005558974299643444,0.0009357902053488638
17.46,0.006771667715763437,0.002823836000156773,0.004744464199626591,0.0013437295154994126,0.0005541904345729418,0.0009329181048694472
17.48,0.006749191423311008,0.0028143511017744436,0.004728560671288924,0.0013396153292306158,0.0005524888083602391,0.0009300550295432953
17.5,0.0067267963549386455,0.002804900947128927,0.004712715269177768,0.0013355140104667753,0.0005507925336595403,0.0009272009497273751
17.52,0.0067044821820355155,0.002795485397665445,0.004696927760799837,0.0013314255173142433,0.0005491015928670433,0.000924355835883813
17.54,0.006682248577400797,0.0027861043153153122,0.004681197914511295,0.00132734980802579,0.0005474159684415471,0.0009215196585795028
17.56,0.0066600952152398385,0.0027767575624974275,0.004665525499519299,0.0013232868410000308,0.0005457356429042287,0.0009186923884856574
17.580000000000002,0.006638021771160249,0.002767445002119512,0.004649910285883146,0.0013192365747808586,0.0005440605988383857,0.0009158739963774189
17.6,0.006616027922167939,0.002758166497579307,0.004634352044515485,0.0013151989680568765,0.000542390818889165,0.0009130644531334224
17.62,0.006594113346663099,0.002748921912765822,0.004618850547183393,0.0013111739796608326,0.0005407262857633561,0.0009102637297353955
17.64,0.006572277724436121,0.0027397111120602614,0.004603405566509241,0.0013071615685690595,0.0005390669822291047,0.0009074717972677447
17.66,0.0065505207366634705,0.0027305339603371104,0.004588016875971487,0.0013031616939009152,0.0005374128911156923,0.0009046886269171557
17.68,0.00652884206590351,0.002721390322964943,0.004572684249905422,0.001299174314918226,0.0005357639953132939,0.0009019141899721703
17.7,0.006507241396092265,0.002712280065807272,0.004557407463503602,0.0012951993910247325,0.0005341202777727326,0.0008991484578228014
17.72,0.00648571841253915,0.0027032030552232517,0.004542186292816451,0.0012912368817655387,0.0005324817215052069,0.0008963914019601035
17.740000000000002,0.006464272801922644,0.002694159158068416,0.004527020514752516,0.0012872867468265616,0.0005308483095820851,0.0008936429939758034
17.76,0.0064429042522859276,0.0026851482416951895,0.004511909907078696,0.0012833489460339863,0.0005292200251346681,0.0008909032055618715
17.78,0.0064216124530324745,0.002676170173953442,0.004496854248420436,0.0012794234393537199,0.0005275968513539232,0.000888172008510147
17.8,0.0064003970949216005,0.002667224823190978,0.004481853318261758,0.0012755101868908514,0.000525978771490276,0.0008854493747119369
17.82,0.006379257870063982,0.0026583120582537824,0.004466906896945135,0.0012716091488891113,0.0005243657688533516,0.000882735276157613
17.84,0.006358194471917125,0.0026494317484865135,0.004452014765671416,0.0012677202857303354,0.0005227578268117449,0.0008800296849362248
17.86,0.006337206595280814,0.0026405837637326424,0.004437176706499531,0.0012638435579339293,0.0005211549287928055,0.0008773325732351194
17.88,0.006316293936292513,0.0026317679743346864,0.004422392502346165,0.0012599789261563375,0.0005195570582823671,0.0008746439133395313
17.900000000000002,0.0062954561924227406,0.0026229842511343183,0.00440766193698536,0.001256126351190513,0.0005179641988245505,0.0008719636776322196
17.92,0.006274693062470416,0.0026142324654724503,0.00439298479504793,0.0012522857939653903,0.0005163763340215198,0.0008692918385930698
17.94,0.006254004246558169,0.002605512489189228,0.004378360862020952,0.0012484572155453592,0.0005147934475332474,0.0008666283687987189
17.96,0.006233389446127633,0.0025968241946240354,0.00436378992424703,0.0012446405771297435,0.0005132155230772979,0.0008639732409221633
17.98,0.006212848363934693,0.002588167454615316,0.004349271768923599,0.0012408358400522804,0.0005116425444285812,0.0008613264277323877
18.0,0.0061923807040447304,0.002579542142500501,0.004334806184102028,0.0012370429657806014,0.0005100744954191473,0.0008586879020939837
18.02,0.006171986171827824,0.0025709481321157398,0.004320392958686738,0.0012332619159157183,0.0005085113599379446,0.0008560576369667745
18.04,0.0061516644739539415,0.0025623852977956644,0.004306031882434268,0.0012294926521915076,0.0005069531219306006,0.0008534356054054444
18.06,0.006131415318388103,0.0025538535143731153,0.004291722745952182,0.0012257351364742014,0.0005053997653992075,0.0008508217805591639
18.080000000000002,0.006111238414385525,0.0025453526571787882,0.004277465340697935,0.0012219893307618768,0.0005038512744020818,0.0008482161356712154
18.1,0.006091133472486746,0.0025368826020407682,0.004263259458977746,0.0012182551971839505,0.0005023076330535582,0.0008456186440786269
18.12,0.006071100204512734,0.002528443225284124,0.004249104893945297,0.0012145326980006737,0.0005007688255237598,0.0008430292792118032
18.14,0.006051138323559978,0.0025200344037304753,0.00423500143960046,0.0012108217956026302,0.0004992348360383849,0.0008404480145941626
18.16,0.006031247543995558,0.0025116560146973147,0.004220948890787886,0.0012071224525102358,0.000497705648878477,0.0008378748238417693
18.18,0.00601142758145221,0.002503307935997593,0.004206947043195618,0.0012034346313732419,0.0004961812483802258,0.0008353096806629774
18.2,0.0059916781528233645,0.0024949900459390224,0.004192995693353543,0.0011997582949702381,0.0004946616189347393,0.0008327525588580594
18.22,0.00597199897625819,0.0024867022233233944,0.004179094638631927,0.001196093406208161,0.0004931467449878266,0.0008302034323188566
18.240000000000002,0.0059523897711566,0.002478444347445919,0.004165243677239703,0.0011924399281218003,0.0004916366110397846,0.0008276622750284163
18.26,0.005932850258164277,0.0024702162980945654,0.004151442608222924,0.0011887978238733132,0.0004901312016451904,0.0008251290610606344
18.28,0.0059133801591676645,0.0024620179555491675,0.004137691231462981,0.001185167056751734,0.0004886305014126765,0.0008226037645799067
18.3,0.005893979197288958,0.0024538492005806447,0.00412398934767491,0.0011815475901724916,0.0004871344950047354,0.0008200863598407743
18.32,0.005874647096881093,0.002445709914450278,0.004110336758405534,0.0011779393876769264,0.0004856431671374986,0.0008175768211875669
18.34,0.005855383583522714,0.0024375999789086823,0.004096733266031656,0.0011743424129318095,0.0004841565025805279,0.0008150751230540652
18.36,0.005836188384013152,0.002429519276194986,0.004083178673758115,0.0011707566297288646,0.000482674486156608,0.0008125812399631343
18.38,0.0058170612263673815,0.0024214676890358905,0.004069672785615902,0.0011671820019842915,0.00048119710274153674,0.0008100951465263937
18.400000000000002,0.005798001839810983,0.0024134451006447015,0.004056215406460167,0.0011636184937382924,0.0004797243372639215,0.0008076168174438689
18.42,0.005779009954775094,0.002405451394720312,0.004042806341968126,0.001160066069154599,0.0004782561747049648,0.0008051462275036389
18.44,0.005760085302891367,0.002397486455446189,0.004029445398637097,0.0011565246925200026,0.0004767926000982778,0.0008026833515815078
18.46,0.005741227616986915,0.0023895501674893586,0.004016132383782374,0.0011529943282438872,0.000475333598529654,0.0008002281646406494
18.48,0.0057224366310792574,0.002381642415999212,0.004002867105535013,0.0011494749408577623,0.00047387915513687987,0.0007977806417312888
18.5,0.005703712080371266,0.002373763086606552,0.003989649372839747,0.0011459664950147993,0.0004724292551095313,0.0007953407579903396
18.52,0.005685053701246113,0.0023659120654223923,0.0039764789954527474,0.0011424689554893701,0.000470983883688759,0.0007929084886410906
18.54,0.005666461231262217,0.002358089239036683,0.0039633557839393535,0.001138982287176586,0.0004695430261671185,0.0007904838089928585
18.56,0.005647934409148189,0.0023502944945174363,0.003950279549671842,0.0011355064550918421,0.0004681066678883275,0.000788066694440661
18.580000000000002,0.005629472974797779,0.0023425277194091083,0.003937250104827075,0.0011320414243703586,0.0004666747942471129,0.0007856571204648793
18.6,0.005611076669264828,0.0023347888017317756,0.003924267262384224,0.0011285871602667288,0.0004652473906889683,0.0007832550626309379
18.62,0.005592745234758221,0.0023270776299795966,0.003911330836122301,0.001125143628154467,0.0004638244427099981,0.0007808604965889681
18.64,0.005574478414636844,0.002319394093119744,0.0038984406406178955,0.001121710793525558,0.00046240593585669334,0.0007784733980734868
18.66,0.00555627595340454,0.0023117380805909487,0.003885596491242634,0.001118288621990009,0.00046099185572574824,0.0007760937429030601
18.68,0.005538137596705078,0.0023041094823022944,0.003872798204160804,0.0011148770792754042,0.0004595821879638658,0.0007737215069799956
18.7,0.00552006309131712,0.002296508188631889,0.0038600455963268363,0.0011114761312264606,0.0004581769182675591,0.0007713566662900051
18.72,0.0055020521851491975,0.0022889340904255007,0.003847338485482869,0.0011080857438045847,0.0004567760323829601,0.000768999196901896
18.740000000000002,0.005484104627234688,0.0022813870789951895,0.0038346766901561496,0.001104705883087434,0.00045537951610564,0.0007666490749672443
18.76,0.005466220167726806,0.002273867046117863,0.0038220600296565523,0.0011013365152684768,0.0004539873552803935,0.0007643062767200763
18.78,0.005448398557893595,0.0022663738840340932,0.0038094883240739666,0.0010979776066565574,0.00045259953580108127,0.0007619707784765517
18.8,0.005430639550112929,0.002258907485446438,0.0037969613942757715,0.00109462912367546,0.00045121604361040077,0.0007596425566346525
18.82,0.0054129428978675195,0.0022514677435182214,0.0037844790619041683,0.0010912910328634768,0.00044983686469974253,0.0007573215876738632
18.84,0.0053953083557399355,0.002244054551871982,0.003772041149373594,0.001087963300872977,0.00044846198510897095,0.0007550078481548604
18.86,0.005377735679407626,0.002236667804588047,0.0037596474798680854,0.0010846458944699783,0.000447091390926242,0.0007527013147192031
18.88,0.005360224625637957,0.0022293073962030784,0.00374729787733859,0.0010813387805337182,0.0004457250682878279,0.0007504019640890231
18.900000000000002,0.005342774952283251,0.0022219732217085694,0.0037349921665003356,0.0010780419260562307,0.0004443630033779242,0.0007481097730667132
18.92,0.005325386418275848,0.0022146651765493843,0.0037227301728300754,0.001074755298141921,0.0004430051824284814,0.0007458247185346251
18.94,0.00530805878362316,0.002207383156622264,0.003710511722563444,0.0010714788640071454,0.0004416515917189863,0.0007435467774547515
18.96,0.0052907918094027544,0.002200127058274159,0.0036983366426922154,0.00106821259097979,0.0004403022175763201,0.0007412759268684415
18.98,0.00527358525775743,0.002192896778300988,0.00368620476096155,0.001064956446498854,0.0004389570463745514,0.0007390121438960799
19.0,0.005256438891890322,0.0021856922139458037,0.0036741159058672986,0.0010617103981140324,0.0004376160645347612,0.0007367554057367925
19.02,0.0052393524760600005,0.002178513262897437,0.0036620699066532035,0.001058474413485302,0.0004362792585248656,0.0007345056896681467
19.04,0.0052223257755756,0.0021713598232888766,0.003650066593308125,0.0010552484603825085,0.0004349466148594344,0.0007322629730458495
19.06,0.005205358556791941,0.002164231793695705,0.0036381057965632706,0.001052032506684956,0.0004336181200995075,0.0007300272333034486
19.080000000000002,0.005188450587104679,0.002157129073134518,0.0036261873478894324,0.001048826520380997,0.000432293760852434,0.0007277984479520395
19.1,0.005171601634945461,0.002150051561061384,0.0036143110794941676,0.0010456304695676262,0.0004309735237716782,0.000725576594579972
19.12,0.005154811469777094,0.0021429991573701595,0.0036024768243189806,0.0010424443224500734,0.00042965739555664127,0.0007233616508525465
19.14,0.005138079862088729,0.0021359717623910027,0.0035906844160365128,0.0010392680473414006,0.00042834536295250616,0.0007211535945117354
19.16,0.005121406583391054,0.002128969276888744,0.0035789336890477063,0.0010361016126620992,0.00042703741275004254,0.0007189524033758779
19.18,0.005104791406211505,0.002121991602061141,0.0035672244784789907,0.00103294498693969,0.000425733531785443,0.0007167580553393923
19.2,0.0050882341040894945,0.002115038639537483,0.003555556620179461,0.0010297981388083235,0.0004244337069401452,0.0007145705283725051
19.22,0.005071734451571643,0.0021081102913768405,0.003543929950717991,0.001026661037008384,0.00042313792514066836,0.0007123898005209392
19.240000000000002,0.005055292224207033,0.0021012064600663704,0.0035323443073804004,0.0010235336503860936,0.0004218461733584268,0.0007102158499056354
19.26,0.005038907198542476,0.0020943270485198353,0.00352079952816659,0.0010204159478931175,0.00042055843860957587,0.0007080486547224736
19.28,0.0050225791521178,0.0020874719600758825,0.003509295451787721,0.0010173078985861734,0.0004192747079548264,0.0007058881932419864
19.3,0.005006307863461135,0.002080641098496409,0.0034978319176633133,0.0010142094716266406,0.0004179949684992886,0.0007037344438090679
19.32,0.004990093112084235,0.002073834367964909,0.003486408765918367,0.001011120636280171,0.00041671920739229357,0.0007015873848427086
19.34,0.0049739346784778,0.002067051673084801,0.0034750258373805317,0.0010080413619163022,0.0004154474118272283,0.0006994469948357018
19.36,0.004957832344106821,0.002060292918877865,0.0034636829735772098,0.001004971618008072,0.0004141795690413725,0.0006973132523543657
19.38,0.004941785891405936,0.0020535580107824787,0.0034523800167326744,0.001001911374131634,0.0004129156663157281,0.0006951861360382699
19.400000000000002,0.004925795103774809,0.0020468468546520065,0.0034411168097651865,0.000998860599965877,0.00041165569097485424,0.000693065624599964
19.42,0.004909859765573517,0.0020401593567531133,0.0034298931962841563,0.0009958192652920422,0.00041039963038670766,0.0006909516968246883
19.44,0.0048939796621179565,0.0020334954237641797,0.003418709020587205,0.0009927873399933464,0.0004091474719624593,0.0006888443315701071
19.46,0.00487815457967527,0.0020268549627734836,0.003407564127657345,0.0009897647940546029,0.00040789920315636313,0.0006867435077660414
19.48,0.004862384305459279,0.0020202378812776943,0.0033964583631600253,0.0009867515975618463,0.00040665481146555827,0.000684649204414189
19.5,0.004846668627625952,0.002013644087180059,0.0033853915734403306,0.000983747720701959,0.0004054142844299374,0.0006825614005878564
19.52,0.004831007335268861,0.002007073488788828,0.003374363605520012,0.0009807531337622968,0.0004041776096319628,0.0006804800754316923
19.54,0.004815400218414686,0.0020005259948155532,0.0033633743070946914,0.0009777678071303203,0.00040294477469652164,0.0006784052081614088
19.56,0.004799847068018712,0.0019940015143733777,0.003352423526530907,0.0009747917112932231,0.00040171576729075174,0.0006763367780635264
19.580000000000002,0.004784347675960359,0.001987499956975432,0.003341511112863303,0.000971824816837565,0.0004004905751238946,0.0006742747644951074
19.6,0.0047689018350387195,0.0019810212325330682,0.0033306369157916865,0.0009688670944489053,0.00039926918594712435,0.0006722191468834805
19.62,0.004753509338968116,0.001974565251354287,0.0033198007856782116,0.0009659185149114382,0.0003980515875534063,0.0006701699047259889
19.64,0.0047381699823736785,0.0019681319241419745,0.0033090025735444655,0.0009629790491076293,0.0003968377677773262,0.0006681270175897203
19.66,0.0047228835607869375,0.0019617211619922473,0.003298242131068623,0.0009600486680178535,0.00039562771449493415,0.0006660904651112515
19.68,0.004707649870641433,0.001955332876392825,0.003287519310582573,0.0009571273427200351,0.00039442141562359635,0.000664060226996374
19.7,0.004692468709268343,0.0019489669792213027,0.003276833965069047,0.0009542150443892887,0.00039321885912183333,0.0006620362830198575
19.72,0.004677339874892131,0.0019426233827435006,0.0032661859481587525,0.0009513117442975623,0.00039202003298916915,0.0006600186130251725
19.740000000000002,0.0046622631666262074,0.0019363019996117938,0.0032555751141275487,0.000948417413813281,0.00039082492526597583,0.0006580071969242404
19.76,0.004647238384468611,0.0019300027428634091,0.0032450013178935743,0.0009455320244009932,0.0003896335240333212,0.0006560020146971807
19.78,0.004632265329297709,0.0019237255259188044,0.0032344644150143647,0.0009426555476210171,0.00038844581741281377,0.0006540030463920518
19.8,0.004617343802867913,0.0019174702625799655,0.003223964261684074,0.0009397879551290903,0.0003872617935664514,0.000652010272124598
19.82,0.004602473607805417,0.0019112368670287764,0.0032135007147306004,0.0009369292186760187,0.00038608144069647484,0.0006500236720779975
19.84,0.0045876545476039475,0.0019050252538252955,0.003203073631612758,0.0009340793101073293,0.00038490474704520894,0.0006480432265026141
19.86,0.004572886426620533,0.0018988353379061238,0.0031926828704174144,0.0009312382013629222,0.0003837317008949218,0.000646068915715737
19.88,0.0045581690500713,0.001892667034582751,0.003182328289856722,0.0009284058644767259,0.00038256229056766533,0.0006441007201013413
19.900000000000002,0.004543502224027275,0.0018865202595399358,0.003172009749265288,0.0009255822715763523,0.00038139650442514054,0.0006421386201098375
19.92,0.004528885755410209,0.0018803949288339376,0.0031617271085973278,0.0009227673948827549,0.0003802343308685246,0.000640182596257821
19.94,0.004514319451988428,0.0018742909588909881,0.003151480228423881,0.0009199612067098866,0.0003790757583383594,0.000638232629127827
19.96,0.004499803122372686,0.0018682082665055265,0.003141268969930023,0.0009171636794643609,0.00037792077531436735,0.0006362886993680881
19.98,0.004485336576012054,0.0018621467688386786,0.0031310931949120337,0.0009143747856451127,0.00037676937031534116,0.000634350787692287
20.0,0.004470919623189815,0.001856106383416504,0.0031209527657746574,0.0009115944978430618,0.0003756215318989562,0.0006324188748793141
20.02,0.0044565520750193795,0.001850087028128415,0.003110847545528303,0.0009088227887407766,0.00037447724866167563,0.0006304929417730299
20.04,0.00444223374344022,0.001844088621225473,0.0031007773977862326,0.0009060596311121405,0.00037333650923855523,0.000628572969282013
20.06,0.004427964441213832,0.001838111081318867,0.0030907421867618777,0.0009033049978220187,0.00037219930230313644,0.0006266589383793291
20.080000000000002,0.004413743981919696,0.001832154327378148,0.003080741777265992,0.0009005588618259268,0.0003710656165672921,0.0006247508301022934
20.1,0.0043995721799512735,0.001826218278729728,0.003070776034703952,0.0008978211961697009,0.0003699354407810812,0.0006228486255522262
20.12,0.004385448850512015,0.0018203028550551647,0.0030608448250729874,0.0008950919739891682,0.0003688087637325993,0.0006209523058942192
20.14,0.004371373809611386,0.001814407976389579,0.0030509480149594837,0.0008923711685098204,0.0003676855742478626,0.0006190618523568989
20.16,0.004357346874060913,0.0018085335631200055,0.0030410854715361775,0.0008896587530464871,0.0003665658611906401,0.0006171772462321921
20.18,0.004343367861470246,0.0018026795359838627,0.003031257062559525,0.0008869547010030114,0.00036544961346232733,0.0006152984688750895
20.2,0.004329436590243243,0.0017968458160672477,0.0030214626563669143,0.0008842589858719262,0.00036433682000180326,0.0006134255017034177
20.22,0.004315552879574066,0.0017910323248033972,0.0030117021218740003,0.0008815715812341326,0.0003632274697852926,0.0006115583261976037
20.240000000000002,0.004301716549443303,0.0017852389839710528,0.0030019753285719913,0.0008788924607585788,0.00036212155182622574,0.0006096969239004411
20.26,0.004287927420614106,0.0017794657156928713,0.0029922821465249733,0.0008762215982019407,0.0003610190551751039,0.0006078412764168674
20.28,0.0042741853146283405,0.0017737124424338454,0.0029826224463672273,0.0008735589674083045,0.00035991996891935886,0.0006059913654137266
20.3,0.0042604900538027665,0.0017679790869997295,0.002972996099300553,0.0008709045423088488,0.0003588242821832195,0.0006041471726195455
20.32,0.004246841461225222,0.0017622655725354453,0.002963402977091584,0.0008682582969215298,0.0003577319841275773,0.0006023086798243066
20.34,0.004233239360750842,0.0017565718225234486,0.0029538429520691648,0.0008656202053507673,0.0003566430639498353,0.0006004758688792288
20.36,0.004219683576998278,0.0017508977607822577,0.002944315897121718,0.0008629902417871311,0.0003555575108837988,0.0005986487216965178
20.38,0.00420617393534595,0.001745243311464827,0.002934821685694558,0.0008603683805070301,0.0003544753141995206,0.0005968272202491747
20.400000000000002,0.004192710261928307,0.001739608399056979,0.0029253601917872897,0.0008577545958724012,0.00035339646320318004,0.000595011346570748
20.42,0.0041792923836321124,0.0017339929483758802,0.0029159312899512033,0.0008551488623304012,0.00035232094723693916,0.0005932010827551208
20.44,0.004165920128092744,0.001728396884568461,0.002906534855286654,0.0008525511544130981,0.00035124875567881745,0.0005913964109562887
20.46,0.004152593323690513,0.0017228201331098726,0.0028971707634404533,0.0008499614467371646,0.00035017987794255757,0.0005895973133881387
20.48,0.0041393117995469995,0.0017172626198019697,0.0028878388906033105,0.0008473797140035736,0.0003491143034774912,0.000587803772324227
20.5,0.0041260753855214055,0.0017117242707717132,0.0028785391135071783,0.0008448059309972932,0.00034805202176842225,0.0005860157700975646
20.52,0.004112883912206933,0.0017062050124697196,0.002869271309422766,0.000842240072586984,0.0003469930223354654,0.0005842332891003939
20.54,0.004099737210927169,0.001700704771668692,0.002860035356156951,0.0008396821137246984,0.00034593729473395403,0.0005824563117839785
20.56,0.004086635113732497,0.0016952234754618557,0.002850831132050206,0.0008371320294455791,0.00034488482855427673,0.0005806848206583811
20.580000000000002,0.004073577453396522,0.0016897610512615218,0.002841658515974044,0.0008345897948675605,0.00034383561342177975,0.0005789187982922499
20.6,0.004060564063412516,0.0016843174267975134,0.002832517387328541,0.0008320553851910707,0.0003427896389966158,0.0005771582273126091
20.62,0.004047594777989875,0.0016788925301157065,0.0028234076260397756,0.0008295287756987348,0.00034174689497362324,0.0005754030904046375
20.64,0.004034669432050606,0.0016734862895765076,0.0028143291125573154,0.000827009941755079,0.00034070737108219887,0.0005736533703114611
20.66,0.004021787861225817,0.0016680986338533696,0.0028052817278517144,0.0008244988588062374,0.000339671057086177,0.0005719090498339417
20.68,0.004008949901852237,0.0016627294919312448,0.0027962653534120297,0.0008219955023796571,0.00033863794278369283,0.0005701701118304624
20.7,0.003996155390968746,0.0016573787931052116,0.002787279871243345,0.0008194998480838079,0.000337608018007068,0.0005684365392167206
20.72,0.003983404166312921,0.0016520464669789305,0.0027783251638642693,0.0008170118716078907,0.000336581272622678,0.0005667083149655216
20.740000000000002,0.003970696066317612,0.0016467324434631385,0.00276940111430449,0.000814531548721548,0.00033555769653082813,0.0005649854221065667
20.76,0.0039580309301075174,0.001641436652774255,0.0027605076061023256,0.0008120588552745754,0.00033453727966562826,0.0005632678437262396
20.78,0.003945408597495792,0.0016361590254328933,0.00275164452330226,0.000809593767196635,0.0003335200119948797,0.0005615555629674147
20.8,0.0039328289089806635,0.0016308994922623772,0.0027428117504525455,0.0008071362604969687,0.00033250588351993704,0.0005598485630292418
20.82,0.00392029170574207,0.001625657984387338,0.0027340091726027415,0.0008046863112641129,0.00033149488427560055,0.0005581468271669414
20.84,0.003907796829638313,0.0016204344332322335,0.0027252366753013385,0.0008022438956656157,0.00033048700432997824,0.0005564503386916022
20.86,0.0038953441232027273,0.0016152287705199473,0.0027164941445932955,0.0007998089899477535,0.0003294822337843782,0.0005547590809699796
20.88,0.0038829334296403735,0.0016100409282703274,0.0027077814670177364,0.0007973815704352499,0.000328480562773181,0.0005530730374242942
20.900000000000002,0.0038705645928247363,0.0016048708387987613,0.0026990985296054953,0.0007949616135309954,0.00032748198146371853,0.0005513921915320301
20.92,0.0038582374572944506,0.0015997184347147956,0.0026904452198767484,0.0007925490957157672,0.0003264864800561651,0.0005497165268257262
20.94,0.003845951868250039,0.00159458364892065,0.0026818214258387076,0.0007901439935479523,0.0003254940487833896,0.000548046026892788
20.96,0.0038337076715506675,0.001589466414609892,0.0026732270359832136,0.00078774628366327,0.0003245046779108785,0.0005463806753752836
20.98,0.003821504713710918,0.001584366665265953,0.0026646619392844107,0.0007853559427744961,0.00032351835773657855,0.0005447204559697403
21.0,0.0038093428418975762,0.0015792843346607874,0.0026561260251964434,0.0007829729476711875,0.00032253507859080253,0.0005430653524269609
21.02,0.003797221903926439,0.0015742193568535037,0.002647619183651091,0.0007805972752194094,0.0003215548308361017,0.0005414153485518153
21.04,0.0037851417482591366,0.0015691716661888956,0.0026391413050554802,0.0007782289023614623,0.00032057760486714726,0.0005397704282030481
21.06,0.003773102223999969,0.0015641411972961332,0.002630692280289786,0.0007758678061156103,0.00031960339111062285,0.000538130575293085
21.080000000000002,0.003761103180892766,0.0015591278850873873,0.0026222720007049497,0.0007735139635758112,0.0003186321800251031,0.0005364957737878385
21.1,0.0037491444693177533,0.0015541316647564216,0.002613880358120387,0.0007711673519114467,0.00031766396210093325,0.0005348660077065107
21.12,0.0037372259402884446,0.0015491524717772599,0.0026055172448217145,0.0007688279483670542,0.0003166987278601255,0.000533241261121409
21.14,0.0037253474454485434,0.001544190241902824,0.0025971825535584998,0.0007664957302620601,0.000315736467856233,0.0005316215181577502
21.16,0.003713508837068866,0.0015392449111636237,0.002588876177542024,0.0007641706749905128,0.0003147771726742315,0.0005300067629934619
21.18,0.0037017099680442768,0.0015343164158663498,0.0025805980104430287,0.0007618527600208187,0.0003138208329304447,0.0005283969798590079
21.2,0.00368995069189064,0.0015294046925925571,0.002572347946389484,0.0007595419628954772,0.00031286743927236424,0.0005267921530371873
21.22,0.00367823086274179,0.0015245096781973944,0.0025641258799643943,0.0007572382612308185,0.00031191698237859316,0.0005251922668629438
21.240000000000002,0.003666550335346516,0.0015196313098081971,0.002555931706203569,0.0007549416327167411,0.0003109694529587117,0.0005235973057231891
21.26,0.003654908965065562,0.0015147695248232014,0.002547765320593435,0.0007526520551164514,0.0003100248417531653,0.0005220072540566091
21.28,0.0036433066078686432,0.0015099242609102593,0.002539626619068841,0.0007503695062662037,0.000309083139533153,0.0005204220963534746
21.3,0.003631743120331478,0.0015050954560054655,0.0025315154980109127,0.0007480939640750415,0.00030814433710052734,0.0005188418171554631
21.32,0.0036202183596328367,0.0015002830483119489,0.0025234318542448546,0.0007458254065245395,0.0003072084252876645,0.0005172664010554705
21.34,0.0036087321835516035,0.001495486976298512,0.002515375585037788,0.0007435638116685471,0.0003062753949573748,0.0005156958326974266
21.36,0.0035972844504638577,0.0014907071786983202,0.002507346588096647,0.0007413091576329324,0.0003053452370027737,0.0005141300967761084
21.38,0.003585875019339965,0.0014859435945077215,0.002499344761566021,0.0007390614226153282,0.0003044179423471945,0.0005125691780369642
21.400000000000002,0.00357450374974169,0.001481196162984861,0.0024913700040260184,0.0007368205848848771,0.0003034935019440528,0.0005110130612759291
21.42,0.00356317050181932,0.0014764648236484969,0.00248342221449016,0.0007345866227819799,0.000302571906776767,0.0005094617313392422
21.44,0.0035518751363088066,0.0014717495162766563,0.002475501292403276,0.0007323595147180435,0.0003016531478586261,0.0005079151731232675
21.46,0.0035406175145289193,0.001467050180905436,0.002467607137639428,0.00073013923917523,0.0003007372162326951,0.0005063733715743161
21.48,0.0035293974983784185,0.0014623667578277297,0.0024597396504997993,0.0007279257747062071,0.00029982410297170806,0.0005048363116884627
21.5,0.0035182149503332405,0.001457699187591983,0.002451898731710633,0.0007257190999338997,0.0002989137991779583,0.0005033039785113722
21.52,0.003507069733443696,0.0014530474110009686,0.0024440842824211776,0.000723519193551242,0.00029800629598319023,0.0005017763571381215
21.54,0.003495961711331691,0.0014484113691105066,0.0024362962042016154,0.0007213260343209303,0.0002971015845484948,0.0005002534327130189
21.56,0.0034848907481879513,0.0014437910032282992,0.0024285343990410185,0.0007191396010751777,0.00029619965606421345,0.0004987351904294321
21.580000000000002,0.0034738567087692733,0.001439186254912629,0.0024207987693453366,0.0007169598727154693,0.00029530050174981706,0.0004972216155296128
21.6,0.0034628594583957792,0.0014345970659712483,0.002413089217935367,0.0007147868282123179,0.00029440411285381327,0.0004957126933045167
21.62,0.0034518988629481952,0.0014300233784600577,0.002405405648044707,0.0007126204466050215,0.0002935104806536427,0.0004942084090936385
21.64,0.0034409747888651397,0.0014254651346819892,0.002397747963317824,0.0007104607070014213,0.00029261959645556727,0.0004927087482848303
21.66,0.003430087103140426,0.0014209222771857358,0.0023901160678079644,0.0007083075885776605,0.00029173145159456994,0.0004912136963141331
21.68,0.0034192356733203813,0.00141639474876461,0.002382509865975257,0.0007061610705779444,0.0002908460374342668,0.0004897232386656084
21.7,0.0034084203675011798,0.0014118824924553297,0.002374929262684695,0.0007040211323143014,0.0002899633453667713,0.0004882373608711571
21.72,0.0033976410543261884,0.0014073854515368781,0.002367374163204176,0.0007018877531663447,0.00028908336681263033,0.00048675604851036
21.740000000000002,0.003386897602983329,0.0014029035695292491,0.002359844473202565,0.0006997609125810349,0.0002882060932206954,0.0004852792872102987
21.76,0.0033761898832024516,0.0013984367901923548,0.0023523400987477284,0.0006976405900724443,0.0002873315160680375,0.00048380706264539527
21.78,0.0033655177652527255,0.0013939850575248253,0.002344860946304613,0.0006955267652215205,0.0002864596268598305,0.0004823393605372341
21.8,0.003354881119940042,0.0013895483157628525,0.0023374069227333092,0.0006934194176758528,0.00028559041712927086,0.00048087616665440613
21.82,0.0033442798186044307,0.0013851265093790172,0.002329977935287144,0.0006913185271494386,0.00028472387843746715,0.00047941746681232804
21.84,0.0033337137331174915,0.0013807195830812101,0.002322573891610805,0.0006892240734224505,0.00028386000237333523,0.00047796324687308814
21.86,0.0033231827358798393,0.001376327481811436,0.0023151946997383805,0.0006871360363410046,0.00028299878055350737,0.0004765134927452746
21.88,0.0033126866998185625,0.001371950150744664,0.002307840268091525,0.0006850543958169295,0.0002821402046222247,0.0004750681903838106
21.900000000000002,0.0033022254983846944,0.0013675875352877286,0.0023005105054775634,0.0006829791318275372,0.0002812842662512636,0.00047362732578978893
21.92,0.0032917990055507007,0.001363239581078224,0.002293205321087623,0.000680910224415393,0.00028043095713979626,0.0004721908850103104
21.94,0.003281407095807977,0.0013589062339833312,0.002285924624494788,0.0006788476536880881,0.00027958026901433335,0.00047075885413832045
21.96,0.0032710496441643627,0.001354587440098769,0.0022786683256522332,0.0006767913998180123,0.00027873219362859906,0.00046933121931244925
21.98,0.0032607265261416674,0.0013502831457476308,0.0022714363348914127,0.0006747414430421273,0.00027788672276345355,0.00046790796671684014
22.0,0.003250437617773209,0.0013459932974793163,0.0022642285629201923,0.0006726977636617415,0.0002770438482267855,0.00046648908258100226
22.02,0.003240182795601367,0.0013417178420684177,0.0022570449208210636,0.0006706603420422853,0.00027620356185341913,0.00046507455317963806
22.04,0.0032299619366751493,0.0013374567265136371,0.002249885320049316,0.0006686291586130878,0.0002753658555050166,0.0004636643648324913
22.06,0.0032197749185477703,0.0013332098980367055,0.0022427496724312514,0.000666604193867153,0.00027453072106998236,0.0004622585039041812
22.080000000000002,0.003209621619274242,0.0013289773040813077,0.0022356378901623674,0.0006645854283609389,0.0002736981504633814,0.000460856956804051
22.1,0.0031995019174089804,0.0013247588923120009,0.0022285498858056036,0.0006625728427141355,0.00027286813562682157,0.0004594597099860038
22.12,0.0031894156920034234,0.0013205546106131215,0.002221485572289538,0.0006605664176094454,0.00027204066852837955,0.0004580667499483465
22.14,0.003179362822603661,0.0013163644070877836,0.002214444862906658,0.0006585661337923632,0.00027121574116249677,0.00045667806323364084
22.16,0.0031693431892480784,0.0013121882300567646,0.002207427671311564,0.0006565719720709582,0.0002703933455498879,0.00045529363642853136
22.18,0.0031593566724650115,0.0013080260280574618,0.0022004339115192654,0.0006545839133156559,0.0002695734737374509,0.0004539134561636056
22.2,0.003149403153270418,0.0013038777498429104,0.002193463497903413,0.0006526019384590213,0.00026875611779817685,0.00045253750911323153
22.22,0.003139482513165556,0.0012997433443806242,0.0021865163451945764,0.000650626028495543,0.0002679412698310435,0.00045116578199540306
22.240000000000002,0.0031295946341346804,0.0012956227608516729,0.002179592368478547,0.000648656164481418,0.00026712892196094324,0.00044979826157158476
22.26,0.0031197393986427467,0.0012915159486495812,0.0021726914831945985,0.0006466923275343371,0.0002663190663385722,0.0004484349346465697
22.28,0.0031099166896331317,0.0012874228573793638,0.0021658136051338046,0.0006447344988332713,0.0002655116951403559,0.00044707578806831065
22.3,0.003100126390525363,0.0012833434368563915,0.0021589586504373406,0.0006427826596182595,0.0002647068005683474,0.0004457208087277818
22.32,0.0030903683852128616,0.001279277637105568,0.0021521265355948097,0.0006408367911901965,0.0002639043748501456,0.00044436998355881877
22.34,0.003080642558060699,0.0012752254083600928,0.0021453171774425328,0.0006388968749106214,0.0002631044102387913,0.00044302329953797154
22.36,0.003070948793903364,0.0012711867010606534,0.0021385304931619397,0.0006369628922015079,0.000262306899012695,0.0004416807436843585
22.38,0.00306128697804254,0.0012671614658543164,0.0021317664002778705,0.000635034824545055,0.00026151183347553763,0.00044034230305950683
22.400000000000002,0.0030516569962448993,0.001263149653593578,0.002125024816656944,0.0006331126534834774,0.0002607192059561795,0.0004390079647672106
22.42,0.0030420587347399037,0.001259151215335322,0.002118305660505887,0.0006311963606187986,0.00025992900880857697,0.0004376777159533829
22.44,0.0030324920802176224,0.0012551661023399217,0.0021116088503699715,0.0006292859276126435,0.000259141234411692,0.00043635154380590593
22.46,0.0030229569198265555,0.0012511942660701943,0.0021049343051313184,0.0006273813361860319,0.00025835587516940525,0.0004350294355544822
22.48,0.0030134531411714753,0.0012472356581904487,0.002098281944007313,0.0006254825681191735,0.0002575729235104284,0.00043371137847049066
22.5,0.003003980632311275,0.0012432902305655265,0.002091651686549031,0.0006235896052512627,0.00025679237188821493,0.0004323973598668404
22.52,0.0029945392817568306,0.0012393579352598266,0.0020850434526395963,0.0006217024294802754,0.00025601421278087234,0.0004310873670978221
22.54,0.0029851289784688733,0.0012354387245363467,0.0020784571624925885,0.0006198210227627651,0.00025523843869108327,0.00042978138755896936
22.56,0.0029757496118558774,0.0012315325508557582,0.002071892736650509,0.0006179453671136611,0.00025446504214600874,0.00042847940868690756
22.580000000000002,0.0029664010717719517,0.0012276393668754022,0.0020653500959831525,0.0006160754446060669,0.00025369401569721154,0.00042718141795921596
22.6,0.00295708324851475,0.001223759125448413,0.0020588291616861084,0.000614211237371059,0.00025292535192056174,0.0004258874028942779
22.62,0.0029477960328233898,0.0012198917796227215,0.0020523298552791464,0.0006123527275974874,0.0002521590434161637,0.0004245973510511477
22.64,0.002938539315876379,0.0012160372826401872,0.002045852098604698,0.0006104998975317757,0.0002513950828082561,0.0004233112500293951
22.66,0.00292931298928956,0.0012121955879355708,0.0020393958138263083,0.0006086527294777236,0.00025063346274513816,0.00042202908746897546
22.68,0.002920116945114061,0.0012083666491357519,0.00203296092342711,0.000606811205796308,0.00024987417589908027,0.0004207508510500873
22.7,0.0029109510758342583,0.0012045504200586584,0.0020265473502083103,0.0006049753089054868,0.00024911721496624785,0.0004194765284930248
22.72,0.0029018152743657496,0.001200746854712488,0.002020155017287656,0.0006031450212800026,0.0002483625726666019,0.0004182061075580443
22.740000000000002,0.002892709434053341,0.001196955907294685,0.0020137838480979342,0.000601320325451187,0.00024761024174383567,0.00041693957604522347
22.76,0.0028836334486690403,0.0011931775321911396,0.0020074337663854827,0.0005995012040067654,0.00024686021496527773,0.00041567692179432026
22.78,0.0028745872124100644,0.0011894116839751957,0.0020011046962086884,0.0005976876395906641,0.00024611248512181185,0.0004144181326846379
22.8,0.0028655706198968574,0.0011856583174068127,0.001994796561936499,0.0005958796149028162,0.00024536704502779917,0.0004131631966348849
22.82,0.002856583566171115,0.0011819173874317015,0.0019885092882469843,0.0005940771126989693,0.0002446238875209939,0.0004119121016030404
22.84,0.002847625946693827,0.0011781888491803447,0.0019822428001258067,0.0005922801157904938,0.00024388300546245682,0.0004106648355862117
22.86,0.002838697657343323,0.001174472657967194,0.0019759970228648096,0.0005904886070441915,0.0002431443917364853,0.00040942138662050583
22.88,0.002829798594413333,0.001170768769289793,0.0019697718820605643,0.0005887025693821056,0.0002424080392505189,0.00040818174278088815
22.900000000000002,0.0028209286546110562,0.001167077138827884,0.0019635673036129133,0.0005869219857813311,0.00024167394093507115,0.0004069458921810506
22.92,0.0028120877350552424,0.00116339772244253,0.001957383213723525,0.0005851468392738257,0.00024094208974363796,0.00040571382297327496
22.94,0.0028032757332742803,0.0011597304761752686,0.0019512195388944789,0.0005833771129462217,0.00024021247865262818,0.00040448552334830084
22.96,0.0027944925472042997,0.001156075356247273,0.0019450762059268429,0.000581612789939638,0.0002394851006612721,0.0004032609815351887
22.98,0.0027857380751872816,0.0011524323190584742,0.001938953141919254,0.0005798538534494946,0.0002387599487915535,0.00040204018580119024
23.0,0.002777012215969177,0.0011488013211867275,0.0019328502742665269,0.0005781002867253255,0.00023803701608812142,0.0004008231244516175
23.02,0.0027683148686980428,0.001145182319386941,0.0019267675306582379,0.0005763520730705932,0.0002373162956182216,0.0003996097858297044
23.04,0.0027596459329221755,0.0011415752705902862,0.0019207048390773266,0.0005746091958425049,0.00023659778047160478,0.0003984001583164784
23.06,0.002751005308588268,0.0011379801319032923,0.0019146621277987533,0.000572871638451828,0.00023588146376045822,0.00039719423033063355
23.080000000000002,0.0027423928960395674,0.001134396860607139,0.0019086393253880765,0.0005711393843627069,0.00023516733861932843,0.0003959919903283939
23.1,0.002733808596014045,0.0011308254141566415,0.0019026363607001018,0.0005694124170924804,0.00023445539820503067,0.00039479342680338777
23.12,0.0027252523096425773,0.0011272657501796518,0.0018966531628775442,0.0005676907202115,0.0002337456356965942,0.0003935985282865152
23.14,0.002716723938447137,0.001123717826476034,0.0018906896613496249,0.0005659742773429484,0.00023303804429515955,0.0003924072833458223
23.16,0.00270822338433899,0.0011201816010170335,0.001884745785830771,0.0005642630721626594,0.0002323326172239231,0.0003912196805863681
23.18,0.002699750549616906,0.0011166570319442878,0.0018788214663192392,0.0005625570883989376,0.0002316293477280471,0.0003900357086501016
23.2,0.0026913053369653776,0.001113144077569209,0.001872916633095791,0.0005608563098323795,0.00023092822907459069,0.00038885535621573347
23.22,0.0026828876494528475,0.0011096426963720168,0.0018670312167223975,0.000559160720295695,0.00023022925455243028,0.00038767861199860357
23.240000000000002,0.0026744973905299457,0.0011061528470010706,0.0018611651480408733,0.0005574703036735297,0.00022953241747218633,0.00038650546475056045
23.26,0.002666134464027737,0.001102674488271998,0.0018553183581716105,0.0005557850439022873,0.00022883771116614804,0.0003853359032598341
23.28,0.0026577987741559783,0.0010992075791669497,0.0018494907785122348,0.000554104924969954,0.00022814512898819392,0.00038416991635090874
23.3,0.0026494902255013828,0.0010957520788337895,0.0018436823407363336,0.0005524299309159213,0.0002274546643137236,0.0003830074928843991
23.32,0.0026412087230258934,0.0010923079465853405,0.0018378929767921372,0.0005507600458308123,0.0002267663105395791,0.00038184862175692373
23.34,0.00263295417206497,0.0010888751418985764,0.0018321226189012838,0.0005490952538563062,0.00022608006108397664,0.0003806932919009823
23.36,0.002624726478325881,0.0010854536244139402,0.0018263711995574945,0.000547435539184965,0.00022539590938642115,0.00037954149228483616
23.38,0.0026165255478860032,0.0010820433539344139,0.0018206386515253212,0.0005457808860600599,0.0002247138489076467,0.0003783932119123762
23.400000000000002,0.002608351287191136,0.001078644290424934,0.001814924907838878,0.0005441312787753992,0.00022403387312952883,0.00037724843982300837
23.42,0.0026002036030538197,0.00107525639401151,0.001809229901800586,0.000542486701675156,0.00022335597555502723,0.0003761071650915261
23.44,0.0025920824026516645,0.00107187962498054,0.0018035535669799346,0.0005408471391536969,0.00022268014970809981,0.0003749693768279915
23.46,0.0025839875935256894,0.001068513943777998,0.0017978958372122183,0.0005392125756554119,0.00022200638913363787,0.0003738350641776121
23.48,0.002575919083578666,0.001065159311008776,0.001792256646597319,0.0005375829956745438,0.00022133468739739005,0.0003727042163206226
23.5,0.0025678767810734782,0.0010618156874358372,0.0017866359294984534,0.0005359583837550192,0.00022066503808589294,0.0003715768224721609
23.52,0.002559860594631482,0.0010584830339795768,0.001781033620540981,0.0005343387244902798,0.00021999743480639538,0.0003704528718821518
23.54,0.00255187043323088,0.0010551613117169884,0.0017754496546111317,0.000532724002523114,0.00021933187118679742,0.00036933235383518434
23.56,0.002543906206205102,0.0010518504818810522,0.0017698839668548688,0.0005311142025454899,0.00021866834087556124,0.00036821525765039415
23.580000000000002,0.0025359678232411958,0.0010485505058598968,0.0017643364926766267,0.0005295093092983881,0.00021800683754166355,0.00036710157268134635
23.6,0.0025280551943782244,0.0010452613451961271,0.0017588071677381327,0.0005279093075716354,0.00021734735487450113,0.0003659912883159155
23.62,0.0025201682300056726,0.0010419829615861233,0.0017532959279572089,0.0005263141822037397,0.00021668988658384158,0.0003648843939761684
23.64,0.002512306840861864,0.0010387153168792784,0.0017478027095066014,0.0005247239180817245,0.0002160344263997347,0.00036378087911824626
23.66,0.0025044709380323796,0.001035458373077338,0.0017423274488127993,0.0005231385001409649,0.00021538096807246457,0.00036268073323224905
23.68,0.0024966604329484973,0.00103221209233365,0.0017368700825548386,0.0005215579133650237,0.00021472950537245158,0.0003615839458421197
23.7,0.0024888752373856244,0.0010289764369524738,0.0017314305476631559,0.0005199821427854879,0.0002140800320902138,0.0003604905065055249
23.72,0.00248111526346175,0.001025751369388308,0.00172600878131842,0.0005184111734818067,0.00021343254203627532,0.00035940040481374373
23.740000000000002,0.002473380423635899,0.0010225368522451487,0.0017206047209503876,0.0005168449905811296,0.00021278702904110533,0.00035831363039154996
23.76,0.0024656706307065986,0.001019332848275844,0.0017152183042367431,0.0005152835792581443,0.00021214348695505633,0.00035723017289709865
23.78,0.00245798579781035,0.0010161393203813615,0.0017098494691019678,0.0005137269247349168,0.00021150190964828062,0.00035615002202180935
23.8,0.0024503258384201082,0.001012956231610125,0.0017044981537161922,0.0005121750122807309,0.00021086229101068083,0.0003550731674902596
23.82,0.0024426906663437714,0.0010097835451573325,0.001699164296494066,0.0005106278272119286,0.00021022462495182693,0.0003539995990600616
23.84,0.0024350801957226764,0.0010066212243642818,0.0016938478360936523,0.0005090853548917509,0.0002095889054008957,0.00035292930652175636
23.86,0.002427494341030105,0.0010034692327176976,0.001688548711415288,0.0005075475807301803,0.0002089551263066066,0.00035186227969869903
23.88,0.002419933017069792,0.0010003275338490282,0.001683266861600479,0.000506014490183782,0.00020832328163714373,0.0003507985084469486
23.900000000000002,0.0024123961389744502,0.000997196091533838,0.0016780022260307966,0.0005044860687555472,0.0002076933653801064,0.0003497379826551525
23.92,0.0024048836222042938,0.0009940748696910813,0.001672754744326777,0.0005029623019947364,0.00020706537154242282,0.0003486806922444364
23.94,0.0023973953825455756,0.000990963832382487,0.0016675243563468154,0.0005014431754967235,0.00020643929415030185,0.0003476266271682983
23.96,0.0023899313361091306,0.0009878629438118828,0.0016623110021861055,0.0004999286749028397,0.00020581512724915458,0.00034657577741249295
23.98,0.002382491399328924,0.0009847721683245462,0.001657114622175517,0.0004984187859002197,0.00020519286490353663,0.0003455281329949259
24.0,0.002375075488960612,0.0009816914704065664,0.0016519351568805545,0.0004969134942216464,0.00020457250119708007,0.00034448368396553636
