alpha,beta,stress,gamma,washE,q,loss,supportRate,EcN_AUC_0_24,relative_Elafin_AUC_0_24,EcN_at_24,control_EcN_AUC_0_24,control_relative_Elafin_AUC_0_24,control_EcN_at_24
0.5835682171600791,0.13323181901323297,0.2375050398736939,1.8094014625605628,0.10309706590440872,0.5331071663589344,0.7885692618147335,0.643328688923805,4.677752706073317,3.011686438192662,0.17286628111609734,3.1915055757246433,2.023662652537833,0.15713465899190573
0.43448539564637123,0.14415160318835335,0.47834951166750445,1.714665180279399,0.11902913677933587,0.1534333587763957,0.27591290828361426,1.2244249543540588,3.582937104716417,1.808861342781988,0.07134336416573368,1.3322390175723877,0.652008729478333,0.0411338002840407
0.69014125402725,0.45345599490179933,0.26523490445881437,1.22190636667622,0.1535774521572782,0.19583401767019093,0.5750440027402592,0.5003364484293236,2.0436128554683077,0.6639698085683724,0.04858104016821397,1.059600891638843,0.34561697276202946,0.02393734221304318
1.0257967657537335,0.32748279092434884,0.4020201959394306,3.517386551010337,0.19209206253628847,0.28033790157618166,0.6386860160826002,0.6034952651491146,0.3245158578581742,0.14240017739375554,1.4464613520077107e-05,0.16289333825856117,0.07149555495325399,6.041624922409187e-07
1.2489399003675998,0.4904755258191208,0.3659532454110836,1.6176580706543087,0.14879386233592995,0.5809743815776827,0.3924699200929538,1.2706553717502016,0.19575437260819895,0.289639024806995,2.8726411820494894e-07,0.13551677629965073,0.20055513608620973,4.057964790850548e-08
0.7618882424259038,0.4393037381252586,0.3200017925226755,0.5345879079235377,0.1072501749647981,0.5009049724367041,0.39761808719322866,1.2000958283044487,1.0435650791761912,1.2653280624840282,0.011524602730620675,0.6462062609813463,0.7890377359434151,0.005932473052557876
0.9986393701778775,0.3506887449759527,0.4914133571708591,1.6632926201340468,0.11620459442080514,0.17774697525682714,0.6744465771282433,0.6863938176902151,0.316351328241553,0.08335563836044939,1.2601485606222224e-05,0.1660852463503379,0.04376906661844,7.706402851751853e-07
1.1894967893303603,0.3675015767636457,0.24022764349008294,0.1246901913255432,0.15337235608305239,0.2488556017611164,0.9135846970966465,0.4531924176223362,0.19267725916158696,0.05248156403324558,3.029774336530819e-06,0.18660186887348365,0.05082699465632335,2.4403886832737328e-06
0.9914089281435218,0.34646761723024655,0.2906002571053024,0.20659753818362905,0.18594123105505428,0.42761878657790886,0.6007210336355311,1.569383574588345,0.25656812311286514,0.18255318922217695,2.936487052488976e-05,0.2289893289118328,0.16294727984235366,1.9963375743127525e-05
1.20910134486805,0.24668905319460618,0.3833107775092354,0.23979358729627398,0.06538390090893284,0.3011386547340903,0.2939721890199043,1.5511720755318255,0.17973950363607502,0.1836790990927095,7.731096049193532e-07,0.1597475731278208,0.163303834394691,4.288363284905264e-07
0.8613653686918025,0.3833748981282459,0.21630967965781012,2.78462244998881,0.11396859670968698,0.42416176713286535,0.8325248249093609,1.2081657506454972,1.453619012705397,0.7276532981328526,0.018686705107123835,0.6939256781820066,0.34850979710726,0.007347827589303642
0.6681315347539069,0.11977787271630785,0.45484650595552584,1.5535201361849518,0.17185507683932344,0.2556300755175448,0.9109939514010507,0.7435687703866874,0.9587194008356411,0.26785195051892213,0.0029003982749707807,0.33842913020067844,0.09480531146699328,0.0003960786022633695
1.1987768818793825,0.5055131529223573,0.2153803909027307,3.1749747717215246,0.14097152382211195,0.3539644704546804,0.4867452261672757,1.443480355687142,0.30568697080376517,0.2221479273072486,2.1100874386152572e-05,0.20180273531257553,0.14671210253193806,5.0418946531533315e-06
0.3737360017599939,0.5853101033512689,0.33518538405789944,0.9462770623180478,0.1949301562059726,0.1568018975417869,0.44348679634278293,1.4328229737754903,4.995372752531018,1.608341455176093,0.19320137952206085,3.37091402544497,1.0553035530248949,0.17449589191321582
0.477546688206456,0.5243832300154542,0.28452943183026946,0.3303386534040678,0.18266547143064943,0.4997241883659338,0.5043452293113942,1.3203266540742713,3.5526471262143904,3.2110302658440837,0.15646276887548843,2.893555603437277,2.5878734104722025,0.1443233379690632
0.9361558103951564,0.21998600670100515,0.30144950470924053,3.2613499589040673,0.11717555173416304,0.4559756337129005,0.9848674490868704,1.4521831642682366,0.753211480499784,0.34791819589079326,0.0012942256958048193,0.31622152999192144,0.14626082263042092,0.00022979136257144284
1.0230349591810746,0.14583911907012354,0.25203672084824635,1.7189632543663091,0.16726769881708403,0.48602149507599024,0.7511808510822676,1.5867632049273097,0.39048196599410534,0.25244482409590774,0.00013432115998497708,0.2459255138685175,0.15905751086519834,3.8401219654389994e-05
0.9765271468433109,0.32029534465366727,0.43661731211859967,1.6290819906103935,0.13869237334513315,0.2726716972266138,0.3195360040269757,0.8264318913040056,0.3490389876091718,0.29647569908576,2.7807233094739375e-05,0.18468819873045028,0.1573341372441252,2.605803527539308e-06
1.10510691701035,0.594012281199359,0.401383299667853,3.0281510971368024,0.18966938818319673,0.22311677320767892,0.5599019674015707,0.5029892250346686,0.250554239622869,0.09982412877402037,3.2408474555873465e-06,0.1465092157892835,0.05838043108842858,1.3143105859999087e-07
0.5936375003659624,0.24582715338993663,0.20330287619205412,3.914159851698689,0.1400267584915365,0.5315728408075149,0.3789009632108986,1.4999295316922052,4.713091734348567,5.950728770068444,0.1718913297688874,3.121847405463726,3.816226698336356,0.15496694929288485
0.7018151857635637,0.3430521292199279,0.35130154492721066,3.4988691488310377,0.19104340761801392,0.24274475505966683,0.5926986124991411,0.7124103063816988,1.5099508563714874,0.6086688871411697,0.010141746504008623,0.44299904183437605,0.18007023068312725,0.0014466599238880501
1.1022274833111767,0.2686915718339117,0.3366987584220822,0.34059787456895724,0.13728671951669075,0.4516641807483479,0.7841528123598895,0.749936141286724,0.20918356689327225,0.12047859824394276,4.311519125837698e-06,0.18249922321926332,0.10511228415107278,2.1433446292930098e-06
0.4924734974121119,0.2038358543662452,0.20159045258128808,0.7480209249965006,0.05525864038996442,0.33528605990943094,0.7456899393248713,1.0406725576015092,7.518704823644665,3.170788863751393,0.3476732185330109,6.705487182604573,2.806627848966912,0.34614651638869015
0.9611940218513692,0.11092945289876294,0.36850172667426156,3.3287622951159026,0.10966410283453176,0.47109816227726964,0.8297695248329757,1.554840462324719,0.6090478918023615,0.3454411088528969,0.0003068125813713985,0.24072358643682848,0.13663042970199052,3.382941479695501e-05
0.5793590255850505,0.5609669487431761,0.2648172081489287,1.4030225089807593,0.0657093333205788,0.5974604755408988,0.7325819302141685,0.6913165965208509,6.092344294272003,4.682411254939194,0.25387175093131,4.155517039829651,3.1381015032718915,0.22818277421497646
0.7158523996138488,0.20542138685502986,0.4122128654042319,2.260583904446792,0.07949232844843666,0.2649887618340795,0.40169435606436754,0.7322220447416541,1.83743070846791,1.1709187723801175,0.016505187121603145,0.5348927064161015,0.3452382704319642,0.0032262861384511087
0.9282802133168022,0.46418545697141134,0.42630587186038105,1.6551106302517073,0.17845798977534783,0.23985398515092715,0.855716496956962,1.3058059183221915,0.3787201840831076,0.1061317948719439,3.293875453064105e-05,0.1907708718590134,0.053469078744952755,3.5857677997090684e-06
0.41242368439810034,0.5560878788405196,0.25523678818649576,1.1048977640453481,0.15617570608655595,0.40398506919094546,0.5547294231548321,0.4076182483225632,6.963991592252667,4.663980975251987,0.305541704487319,5.344929795485852,3.5152290834852087,0.29012373939018554
0.8589295105162555,0.4782741262993532,0.4702128341126531,1.3479904475022788,0.17471544585470644,0.3211184989291634,0.2805697392610821,1.152638550875154,0.40703234494747015,0.46169952461050967,5.4044262062718036e-05,0.1991042349034869,0.22701080151920383,5.771188287321386e-06
0.5701353923968108,0.14810356120492627,0.4224377819522137,3.48218477207259,0.06763493347363404,0.5866995667574912,0.7669873469206119,0.5668713422603886,4.167017759703852,3.100647173877358,0.07938280274577504,1.2448534626487,0.9158608065039003,0.03541498935690434
0.8763416902760649,0.509719438702568,0.3497278721573715,0.5410529620135277,0.06675909291424027,0.5130493479813889,0.5706599819380767,0.494293295718,0.6206875678534796,0.5527276268064013,0.002279202626071661,0.4070544793765454,0.3639472605142241,0.0008653255547593628
0.5276522006535815,0.3074425350568749,0.39540385400211164,2.227612062309153,0.13670744016371697,0.5490205946002663,0.8899641442078241,0.42045151826971144,3.6651737820299015,2.198659236009286,0.08334025159350877,1.2343979133603313,0.7367835500453498,0.03471697873683184
0.48838292960372287,0.3516452844837691,0.3557437957737617,3.373973626902916,0.1939084720211836,0.15585020820091158,0.32850748442769534,1.3933129857565623,3.7029431052895148,1.6173978185485847,0.08034699838024004,1.4065341555811672,0.598534597664894,0.0452677101126625
1.1927712413657163,0.47213774434635214,0.2129347038472994,2.9436880461593864,0.19056475738915096,0.3609831987919988,0.808922114353822,1.2134861979070126,0.2603191624986286,0.11615712894022578,7.604274826162699e-06,0.18266833814104944,0.08151237436783772,1.843019853044606e-06
0.670875918607631,0.21266971936884493,0.29641026415349725,3.5100282264215803,0.10789142687238183,0.2144780574225592,0.9578995876710295,1.1214797935213583,3.0539206889515764,0.6675313988673044,0.06589137412096503,1.2597680260237423,0.27349719755934054,0.035799335519936935
0.74314577921959,0.3179951524057334,0.22830267407479737,3.9471706787014043,0.15574832577884462,0.4191798321399095,0.9326197230455134,0.4791461569242703,2.3232956110378384,1.0182370227613509,0.04971301626467649,0.948508601131499,0.4169761760342727,0.01837379912698909
0.5569623405817283,0.5753522973865554,0.35354775209952927,2.957119811711458,0.18325753109158222,0.27864443685399454,0.9809136466810617,0.7011513887961953,3.3295701010825933,0.9250601929171356,0.06655764700473803,1.0404148282516745,0.2885243694727975,0.023253617040958276
0.6731385520922397,0.5478925579262176,0.28676988968251227,1.0491796640495372,0.07633913698634251,0.4451108451615381,0.7189098825322747,0.8044006747938541,3.3531766705986676,1.9749827057927658,0.11343794839125483,1.9133803873963342,1.117340509766816,0.07801933605781862
0.9000783810867417,0.38305282520931283,0.39977167841153893,1.4411685507030474,0.1469750616102032,0.5735358546547965,0.876209478265527,1.1105073401047456,0.4696074782905584,0.3071807746577569,0.0001701888580639348,0.2337888691384688,0.15299777499462475,2.487417317486114e-05
0.8523020853492329,0.46026634607886363,0.4396997564582801,3.0879808806635434,0.13985840214596135,0.5414368395368324,0.9717058304981465,1.5087171897640634,0.7636357076156263,0.425120819336177,0.000437067046321171,0.23992961781583544,0.13366075036374087,3.09283323469109e-05
1.2204597021627335,0.20087678609422416,0.2674637299178252,1.4469157781221853,0.05569268647419042,0.17278651791177302,0.4857652052999942,1.1585511651131508,0.29680562002482136,0.10549534160185031,2.464148607892348e-05,0.2046044376869429,0.07275464013183355,6.597142061113121e-06
0.9642792138947436,0.2549692504387525,0.3384188947520688,2.7190113819890778,0.1305056805983179,0.5252835714034031,0.5539643492174592,0.6972712465125158,0.54378793316297,0.5141865535615946,0.00037535032515893503,0.2481050851982297,0.23509789279117604,4.0715617605772424e-05
0.7499868063874444,0.14683258634373436,0.2437344111777912,2.9299466410436175,0.05607701808014408,0.3161892208564624,0.5872979426002929,1.1844023760230802,3.0883551924510133,1.5815744429094944,0.08329506265918782,1.6269687147189935,0.8217970104583542,0.058190591977202034
1.1322201559361014,0.17167312061941375,0.45540025685581187,0.8517143585377243,0.08723570335021644,0.4746174544764009,0.4181383483870498,1.227398996620009,0.21623053979121393,0.24532921910385483,1.2503043380726377e-06,0.15060899006009068,0.17091675632313122,2.2210333784451585e-07
1.2319851966219146,0.11580009796557773,0.34795458460683293,2.1104085227114693,0.16017664548758903,0.21809834373521791,0.9821604615548781,0.4932111889787487,0.19109810063321617,0.04243390089716689,6.85307161601441e-07,0.13795267324141264,0.030632784404501553,6.346122233562072e-08
0.4747391326129305,0.2580004398432951,0.3289753559332168,1.2443987794220512,0.14634739162560736,0.5545998173971383,0.47533614288682563,0.784914918749753,4.23802135047573,4.578807532241372,0.14253372714481685,2.562926233121392,2.6986946033092685,0.1200236329753181
1.0168670574527356,0.3126951868907504,0.47111065296296323,3.4234843012141236,0.19842722518471206,0.34230388348237073,0.5778845674881748,1.3517726952142333,0.31716946524193507,0.18784463798829878,2.9510821069964433e-06,0.1435185280463877,0.0850085202634763,1.2035445850992362e-07
0.6035674249232151,0.35631646302586906,0.25282072469566275,3.791053474836848,0.17031160178820737,0.5801237901243455,0.50966271526651,0.5218400585418208,3.8925701042165834,4.155500582390166,0.11241015331510776,1.7625895773832037,1.8536868484197955,0.06767970856814741
0.499741168981232,0.13232392361243403,0.43686451955594124,0.4236816648168247,0.13450680365199832,0.3583954841334924,0.3404738183097762,1.4865796860816256,1.7570695663186549,1.7087891051717807,0.038732387579709406,1.063256540860372,1.031624044301633,0.025407807612358307
0.8984067106710804,0.49918421631355303,0.3656593823355624,0.39582544870798997,0.18217577665885382,0.5985782174754188,0.8331746488341578,1.0162378320976773,0.30202892522366376,0.2169000890748811,5.871797948601454e-05,0.23583222054284975,0.1693898822573901,2.5680526513227773e-05
1.2425001025919091,0.5961554251127409,0.31237571778859086,2.8874959080783453,0.1612958045339788,0.43308634464747564,0.5308683748182598,0.5230967945619972,0.2153301566080939,0.17564116552237102,1.441211109261006e-06,0.14747251542896955,0.12030325998792127,1.261991125456156e-07
0.8113291043537707,0.4966857500183386,0.35337470859438713,1.6417031179170112,0.05843169835703564,0.37173012818142337,0.8041216696037328,1.1508515191808921,1.4900191681543826,0.6796216621398703,0.013392970562110236,0.5552706837670588,0.2543933421931965,0.0033796243793598538
1.0972624604777426,0.41562028680701757,0.296968299378715,3.8875426186117945,0.19319369633600347,0.200697717729211,0.757075444691557,0.7450187633177916,0.31110747227258284,0.08245803089961924,1.6930162337781024e-05,0.17929961527852165,0.047529333605406295,1.663225895778917e-06
0.8918246124114334,0.18818728528698414,0.3505647833711599,0.2510896149863318,0.07474473334137174,0.18957300362610574,0.3609321147538906,0.7353462271488784,0.43904096146105953,0.227996873067216,0.0007904055449595254,0.35581553292188445,0.18530768262449196,0.0004723288519513445
1.2436483781554704,0.47312610120877663,0.3940389984973737,1.7379476877488047,0.11296494849713674,0.4813957521771052,0.6514122000462937,1.0780005839369657,0.2099317237613517,0.15513371847109436,4.929290371332537e-07,0.13816856210069198,0.10210406356292125,5.434021513546023e-08
0.5910566149383716,0.5683947706670613,0.24419413943672644,3.605804261847935,0.11434743178491656,0.317256245726357,0.9569446273772221,0.5071375985910929,6.033050604692328,1.9212906078051237,0.22222226859826136,3.2963867519205716,1.0333724319038446,0.1733459348129262
0.8726587279469775,0.3196731888298691,0.2755263980336363,0.04274572629377234,0.08111343466084035,0.40944695024018485,0.28418585787799944,1.3034616446178053,0.5728911902525382,0.7938316656770446,0.0035626692711499745,0.5488581534484562,0.7614179142969623,0.0033109675054196343
0.3544375922757116,0.3783121904446931,0.24593593760514612,3.1534767972509425,0.10393052360440427,0.4307502428172961,0.3912122293970704,1.5800722369042637,9.450961524015726,9.286673859853904,0.39423526532359765,7.540245844608341,7.205990089323953,0.3917209343601325
0.9311836297009709,0.5990355901995578,0.29827970073253113,2.916466762961553,0.15729022556643368,0.2689348100571603,0.4278257409943669,0.8384638327744915,0.6583050529155342,0.4106317384421323,0.0008555250570276443,0.2915176436356723,0.18278593492587353,0.00011868759583836072
0.5414781143279414,0.20674609230831087,0.27408311512662076,3.8567435816265947,0.1151129443096706,0.4946849510843361,0.9510045783688186,1.5615527799842743,5.114416295219884,2.567272918489809,0.16775871909782603,3.0412331488404014,1.5007128980103934,0.149312841121267
0.4455751696539329,0.21462067102223087,0.4585513310633891,2.9528998941692017,0.07312039937196407,0.2745568288473676,0.2552529562792087,0.9950748090958211,5.221475841631543,4.991822432262012,0.12011134254389824,2.041032522889396,1.8337402668323337,0.08622767883804976
0.6687331803158398,0.356886086903074,0.26112854765654125,3.3131332775747717,0.10465033250678754,0.2368557459616465,0.8739835026071178,1.1319192821902644,3.6937853344261034,0.9674452697326781,0.10437563234935125,1.7960161943544857,0.4650395163215697,0.06963268700815808
1.1526608746880722,0.19727589560591474,0.2592810034799155,0.0015674902313158792,0.1671035455592025,0.39472523634059997,0.5012828044738848,1.5470237921881376,0.18394499445833692,0.144819944938612,2.31849471308493e-06,0.1838199109782816,0.14472151274059528,2.3112028547932044e-06
0.5771107828280999,0.4807299241733456,0.31404853428981594,2.2570372051517933,0.09539575504818504,0.30481964799652916,0.27245771244701605,0.8725521094504056,4.778701249138709,4.6468095968522025,0.1510790384278903,2.407191348279335,2.2451579698473836,0.11172087405494717
0.7317220125637642,0.4741811982126062,0.2577953416012926,2.991488698199865,0.11759739579738697,0.5900699596935759,0.45606984710206666,0.9342206803227435,2.710889951843822,3.307368558694285,0.06131956567243912,1.1375098097510106,1.385811947766284,0.02796257264387043
0.3502278929161646,0.26186919567190176,0.3451707754049972,1.6110030513605813,0.14351723973594507,0.3470020092145497,0.4187201412367898,0.6174500009470663,6.472849093181957,4.882050604405199,0.23497025510131903,4.298167801221729,3.1272379178105414,0.2223030282747092
0.6161409579081298,0.5490090205969946,0.49644001166698243,2.0878584374191447,0.14498970128387562,0.31864892109301235,0.687938777686109,1.5935126596541966,1.6350393293836083,0.7508215203330115,0.007056712013121886,0.39770197816835967,0.18342189141051143,0.0008641874396793528
1.070765452286076,0.3047623698408377,0.29082522209735256,0.23401853050027227,0.19155100623022603,0.5170153743870188,0.8991013668465468,0.9625054386718511,0.2093218855913009,0.12035923813111542,5.253317760415514e-06,0.19042690897445894,0.10949619492067875,3.3815415203497166e-06
0.43847393941001106,0.5437286931551388,0.3875891663823299,3.648489379046729,0.13126608423749814,0.3002848268641246,0.8483310059201512,0.5173872209728752,6.375933670279076,2.1795469697122667,0.1767989033462679,2.5395765929722343,0.8488719260805209,0.12080607752525531
0.9696965365023456,0.3018144016861637,0.30464939475327407,0.6287865418473312,0.06259808478177714,0.3566982837689363,0.695430765838899,1.2727004977297947,0.521291307239982,0.2663793858547186,0.0009321503468322135,0.3487518809916041,0.17845890773877868,0.0003930415270434154
0.9577102238650645,0.5577234854374439,0.386329989091772,2.561683302820826,0.1781652852012705,0.448321502978104,0.9528226540626619,0.7395996323877633,0.4202662142546277,0.19768232834786043,6.945788615171948e-05,0.19901768707446163,0.09363553583978403,5.178601623834634e-06
0.7283955404784861,0.5272780492227217,0.2486141380063932,0.32745201277107233,0.12200715171641466,0.2190737219258988,0.8402987419496011,0.6682202744465258,1.600361001556414,0.40307641665292865,0.04370807090839251,1.2276078170152678,0.3094438126512465,0.03302182341852533
1.1674867011432069,0.4648329234033307,0.24872873403901205,2.9295801347362183,0.16334161280617654,0.3598889809789639,0.30143514948869843,0.998072146101971,0.28888134147711075,0.3434087651263012,1.3724509146335689e-05,0.1877549453399384,0.22364679319081035,2.528892783624383e-06
0.8331621215978513,0.30003047181305087,0.4557049718419083,1.8019035814384678,0.12758279514807036,0.25161242103910114,0.6320070724845863,0.818435172464813,0.6339183095761123,0.2518049713448527,0.0004572149801615933,0.24616854788833656,0.09795220685683559,4.057448636196986e-05
0.9685809221917571,0.18367554163078276,0.4217318278026206,1.9608571754484232,0.12257369097940739,0.350220055154274,0.6198856299728015,1.490175574556412,0.4310349416068032,0.2433787766582855,5.903761675412133e-05,0.2000133294824714,0.11298566012375265,6.235838912684453e-06
0.6470247372721043,0.5636860953395795,0.21707318972003453,3.0148737754271333,0.10434184250565126,0.401200356051003,0.6129611048862222,0.9234931895433645,5.184644963819256,3.175410732931245,0.19923437276955702,3.1145205459643726,1.868507760341533,0.16187813098675127
0.9805591482566,0.296682920936974,0.4591556614176199,0.6440967844482683,0.06031066317071782,0.4792249107252936,0.6341663160727085,1.3273240097224472,0.32335768703142614,0.2442431837774158,3.725499278444613e-05,0.20882755514274054,0.15777781027189733,8.958490344134301e-06
1.200902710385255,0.5003748372942776,0.34749308115044664,1.3135229588865869,0.06324965499395496,0.38670031019091633,0.7988273226989636,1.123226372275358,0.26949090789397767,0.13044467266825943,7.139208041792031e-06,0.17750620812606824,0.08592458361852331,1.3187355797791002e-06
0.3594778044175363,0.3627810396101314,0.23400708681623272,3.6717276178443825,0.11067157010436252,0.5383240658630043,0.2600607028673144,1.3843508985500177,9.454390349698588,16.379988134974308,0.39356838071075206,7.535734715390307,12.540034189265425,0.3909972064735604
0.7003333839029933,0.5391680393735446,0.3102572155124013,2.452178864268046,0.1459978819684179,0.5685605113756673,0.3338578303444078,0.7566349833168482,2.1818446573488846,3.470551226413541,0.03470577946443811,0.7683097002020576,1.2411204954467099,0.010165271494141363
0.5965501055785145,0.5601012247840063,0.23125537310928324,1.384484223928311,0.1778436318697782,0.5887778499351144,0.2880625465946987,1.1762813830247445,3.542708119466035,6.268640165567711,0.12795979042001995,2.202788831949824,3.8153748988290777,0.09829393488968725
1.2337785219596884,0.5923270202332508,0.41430746103863414,1.5594016642412882,0.12894254791902243,0.2585908863925285,0.5340385517941562,1.2414780964360674,0.1996991364543041,0.0966904896393445,2.559941886284099e-07,0.13261656166449604,0.06421267097829217,2.85795045545036e-08
0.6150297370994182,0.10789492903467539,0.24782937725875537,1.1586284679244392,0.12136357544156773,0.26080761934151564,0.25716956359841736,1.0998896454683678,3.305870980691179,2.8672364512187376,0.1137792074597864,2.233347438509908,1.8845219817785521,0.09753781319920679
1.0152632900483582,0.3368150124614533,0.21404447512970481,0.16554789008219867,0.12360768827854814,0.5633478852663585,0.4668206830226679,1.2823413210575951,0.37003086377617794,0.44455942268114373,0.0003963859989559487,0.3378507715739501,0.4061234152211378,0.0003163271949638519
0.4726922654881664,0.43370412446894246,0.303389849257721,3.8984404563037907,0.08434492985746675,0.4112867337034922,0.35878161466796515,0.48853220885108045,7.814364227396028,8.01825520684626,0.27288418808543474,4.565781752078061,4.470135831617402,0.24410378344745715
0.862087366649455,0.18062492598536717,0.4986417145549074,3.9123742517831044,0.14686181237341023,0.27161440002522447,0.5257102241577705,0.5861369845774607,0.6521776704810459,0.3361303991060621,0.00024225420392470404,0.19460467459748645,0.1005236148514708,5.084139730409139e-06
0.5746652015287381,0.5538935779889927,0.4046473391978226,1.9714088017314446,0.12031362730277714,0.2922199054189402,0.7099593293064008,0.6139556419743959,3.2331809960430853,1.2891784759775475,0.0642860539338923,1.012140721413631,0.4031833575756419,0.021731703820262155
0.4822929264090506,0.23208109383843226,0.4089141785715471,3.5022853686626605,0.06865371783619376,0.18474312128704917,0.7478474725625637,1.0061766325056931,5.514328004183779,1.3139436304451948,0.140539355990593,2.4015665757000555,0.5572705977450918,0.10949092718780787
0.48975796490339507,0.2075473103392434,0.329935608373114,0.7616880932185953,0.12011332087258351,0.30314162280873136,0.6274239479675467,1.081631932969425,3.9641573954391243,1.8006812340787341,0.14598576195963275,2.7378748802946093,1.223021655476618,0.13059401994968042
0.6626433060616985,0.22911373821488532,0.4111687707001526,0.6872308393797022,0.15984841948403156,0.4512826357979536,0.9980331773638199,1.1055976821773648,0.8610656240913382,0.3868857378483938,0.004589325531983193,0.4478192574949975,0.20164621791046183,0.0015778486683938775
1.018057822388158,0.10562006304670175,0.29212069762933324,1.024563723931966,0.062362707722725313,0.43007118818017154,0.9264710612259925,0.8934591495492662,0.4882083219169891,0.2262239550777926,0.0005901957299712707,0.3063161407331363,0.14206251575434148,0.00018934691372839526
1.1219882190054467,0.4052083398274776,0.39076814297439977,0.9176347257612983,0.07763935141790669,0.22409471898369987,0.6934812571370366,1.4227216373005214,0.26828159476335756,0.08668260087158572,7.74552997575268e-06,0.1796199334344494,0.05804001492707256,1.6719140032224138e-06
1.1397104575174009,0.10892835352620941,0.3259808091315709,1.8677825266156889,0.1589815990610749,0.19472864527715156,0.9046862578600288,1.2597404046505127,0.25546016640262753,0.05498330147265969,4.467026413011784e-06,0.16553487448467294,0.03562928357550591,7.404078006950452e-07
0.8638747876694908,0.4843193953047431,0.3798795074232917,3.4438356353315998,0.16433554907537565,0.46710836496163344,0.43433262588565813,0.5044962988660506,0.7443182121012959,0.7932672307187129,0.0010607114651978446,0.25960609805136065,0.2787594798059031,5.6428220243646463e-05
1.036601609059026,0.43872702580880807,0.25593542026740196,2.513484640982778,0.11148187324623066,0.34256283707541607,0.34143346039323147,0.5399073698843282,0.5247517819253944,0.5202623651312682,0.0006139471926367436,0.28680260340450964,0.2864751021083771,0.00010592871067510615
0.4960530337100029,0.5695289580608,0.45744049776222667,0.8998008743486409,0.18419344665610216,0.20241026604184353,0.36895201945425027,1.0122585655198066,1.7917266963472236,0.9336500287626998,0.02440441657067189,0.704240455643459,0.37048060481417316,0.00826630804772905
0.38657754945308326,0.4168759823986722,0.3266468558075182,0.44134287122326393,0.08556880723628649,0.4315308408939995,0.3234846954393525,0.931817317574706,6.530965857000872,7.471146653882606,0.29899749447179064,5.55062020218915,6.211129136519946,0.29450792401927156
0.6307239432215959,0.46736590290431235,0.37624430314162916,1.3064328231839646,0.10267303766648715,0.46219455143156396,0.6675662795942094,0.7213763320954938,2.4650585680662846,1.6494784566947547,0.04954060529528457,0.9850973179276246,0.6594587578779666,0.02027825558173278
1.0421700086836092,0.223129078785685,0.42540313013190606,0.39983305595890534,0.18006046394257624,0.19313996545239692,0.29152862854931905,0.959101730433878,0.184630185910294,0.12198979434167541,8.717811771475274e-07,0.15450914131810028,0.10214852840305765,3.2343574049375583e-07
1.052181473641387,0.27835826268222597,0.406645411815174,0.3444067797119519,0.14200392924029173,0.2637635441439923,0.8952183609764888,1.2092088181510638,0.20350642991359813,0.05995761162190626,2.3613287147284453e-06,0.17034015455022927,0.050186557914883446,1.0240817266294804e-06
0.6231020531415137,0.2984767013740708,0.47341426805230247,0.8840308742016582,0.10106270158368308,0.35124999740766255,0.9462336685053703,1.34787925878146,1.3312258373088344,0.48928180202409977,0.010735501395701265,0.5302533751595927,0.1954150303919555,0.0031474173792359465
1.0065783466485823,0.16089827365651904,0.3324857432906094,2.441169556272088,0.1876829377835918,0.5725887264308905,0.4122421732718273,0.6522585127694336,0.3460349185234332,0.4796433582786246,4.572788994404882e-05,0.19602834173555145,0.2721248875180546,5.033211767156478e-06
0.4806279041549817,0.5188628125545911,0.4977449729490057,2.3002513755983247,0.16134517855091585,0.5457011760332982,0.8685935035695378,0.7277784932412503,2.9994575673603974,1.8541184449000212,0.03662766357195902,0.679419704470401,0.42085184973677625,0.0074743973107888875
0.3850770594241212,0.12125791359231725,0.422662751632965,0.5785935665574881,0.09221677629895639,0.2856330202600922,0.5216209150401585,0.8029207257551124,4.402496264595318,2.2345123564647076,0.16411295767696288,3.0946776701034313,1.5369762470044772,0.15157909126731894
0.9919438792809895,0.5347981939380079,0.48757880351318716,2.6585099657157913,0.0961133730971675,0.476371022254943,0.47868854880744205,0.5830652222881851,0.4380967112669661,0.43532535527686517,5.3192168500563656e-05,0.1782390897982243,0.1773454502922418,1.612479506013811e-06
0.4242068119700707,0.45237147114199616,0.46403243553322987,2.1535684957324213,0.12524119936840405,0.5771343287898858,0.9732416026384204,0.483256224882877,4.819359158038642,2.7850194295937847,0.11294576678402633,1.6062050884194536,0.9167221017920358,0.0582216621051129
0.7654991821003408,0.26362568795510943,0.41681837158076007,3.7581710811133364,0.0713073139561258,0.20473118486641878,0.6022964952103662,1.4474469733619428,1.775854658924265,0.5962430661141773,0.009437882924713077,0.43914324033073415,0.14820796929825597,0.0013857422291127127
0.4953118307084595,0.3229633412625184,0.3150562003585846,0.9277995434072968,0.06651549236241379,0.5518518323327675,0.8813271508754772,0.7613812263365661,5.642058876652603,3.3698747944325644,0.2275201662029487,4.114244025718267,2.424166085845949,0.21515382391470517
0.4625614565856584,0.3537131967475877,0.2176915497732324,2.8966479966138934,0.13949124179980588,0.2248681579323181,0.4153215133532479,0.7297926646114155,7.169901451071576,3.49424806615344,0.29098744893689477,5.306973360192167,2.5107876491339414,0.28135448228495563
0.62208669141782,0.2396061651113911,0.461217831056915,3.4569652479510347,0.08273956124398127,0.3779093453198563,0.9759472299907186,0.5355778365314576,3.042386852423974,1.1617020536874396,0.03612313811762779,0.6343923287533922,0.24301681811846226,0.0059990537759878025
1.108454360756113,0.4685053034034413,0.48268305137932455,1.4534417971030575,0.1261293200778621,0.5711428990567727,0.909550900628336,0.9004557810242473,0.22885523402112576,0.14370287999474943,9.874091143509858e-07,0.14059933803319744,0.08828523586109938,7.865562170064173e-08
0.5043228006559172,0.30377523603941137,0.477852372049344,0.4572957625313436,0.15283094592177032,0.2102451734647137,0.8449721886145982,1.3948716825448093,1.3016264978430465,0.318215315435013,0.017199283331984234,0.699010392530022,0.17122505936124818,0.00830918656309467
0.7199077463329132,0.14971359143434226,0.3344133459553318,3.138325730091909,0.1005558163197631,0.3633796429454251,0.5503601265109066,0.6785810515701483,2.243952269327497,1.4351855467072638,0.03168716894652316,0.735699715202596,0.47261421665329323,0.00946221932081647
0.5449900969577459,0.4105421799738156,0.38411110774651247,0.6050214755307243,0.12439093573433088,0.5750633266481233,0.6988160491773217,0.5589188742473452,2.3831661232388597,1.8778473710699355,0.06675143446493552,1.3534939459350472,1.0634132592246235,0.04166857312308981
1.1094631695330932,0.491667295430564,0.27722983258338046,3.1706667622328255,0.07343834296008182,0.46143962555326323,0.2662579543506971,1.503230864548665,0.4963822174144883,0.8476283573913727,0.00021265400546863686,0.25018881207564125,0.4304666701771998,3.6072476311027894e-05
0.9810626582674118,0.12545430185895518,0.21009714596101559,2.45935990435258,0.08483781355771486,0.5923549181118797,0.8271877431077851,0.8269851529379159,0.8338951236343952,0.5923691019748019,0.004471770323251488,0.4509121792917763,0.321285441959713,0.0015149905297856447
1.1184011225788604,0.21826684263103768,0.47476514174483686,2.6666497969095317,0.13802433113167598,0.23401496180793702,0.38776945940315666,1.4890889214014922,0.2690023678779174,0.16220683379069167,1.0853326604106338e-06,0.1363502846575672,0.08226277256638799,5.605758261265883e-08
1.2106714094393074,0.17645043852656028,0.23027390938923684,0.4789585336075176,0.10026400111141655,0.4869436066584729,0.9019906804264392,1.4303805021026328,0.23917377501370307,0.1291043548205966,1.214953963479648e-05,0.20466041369151178,0.11047787265073775,6.735836954745286e-06
0.6978906993592375,0.4499720589817997,0.4137209641516165,0.24242482339209526,0.11263501442357898,0.20415255149852685,0.7509479864299086,1.505683997429884,0.6817608076679105,0.18360954269431934,0.0038944201634724886,0.49616539969063217,0.13386792708008596,0.002294038478448657
1.226960587896318,0.19338598996060213,0.4213655341803145,1.788031040030134,0.07719820369920921,0.16894577846920383,0.8674295776662746,1.1034303206037337,0.2282816952021926,0.044460155169309554,9.364488619594302e-07,0.14168468538334822,0.027594557183222325,8.958681692684921e-08
0.7373520009919479,0.503895497960547,0.23886814628323289,1.2130024539959856,0.06589475098335004,0.4801701562020655,0.6863792081053007,0.8758752694040901,3.2466721585332508,2.152345837109457,0.1130016438277092,1.9578377875378747,1.2872372868161552,0.08076678321206192
0.8012779886393667,0.12521264337073176,0.3933026999886806,2.243139909486695,0.10201553399881473,0.17330805721498319,0.8387830417135882,0.9399053977271042,1.0693088437705922,0.2197361809990522,0.0037105807280048983,0.36418326388426187,0.07506437711875516,0.0005652707581848066
1.1766748119383503,0.5235211316174255,0.4645740426648438,2.522580576439611,0.14488118299819314,0.4259030980734545,0.3371630584808345,1.0598652285389574,0.22760748350632987,0.2870856995066982,3.8822052050479664e-07,0.1283263663085505,0.1619913647314902,1.8972132121102728e-08
0.9107898482734168,0.10257875811951227,0.3075155694845128,3.111143587634579,0.08599563122752521,0.3936075831590926,0.45777224181227943,1.17019481197932,0.9552176232603158,0.8105946651920244,0.0032853078295129816,0.3763122603250604,0.3214587464953137,0.0006517591312641598
0.7395509988075692,0.2746551201131191,0.43156782217678746,1.1762713364382522,0.19130884372473556,0.22902380987040857,0.6264554516179531,1.4730907232089527,0.6100987179353994,0.22242758186691716,0.0005993114556544333,0.27820282198884627,0.10159674708618864,0.00010683314060619446
0.7770978814333648,0.11772087894436967,0.44888277923594555,0.7557727982978608,0.18791919373011295,0.4640544267846026,0.7693506702085635,0.5479312057308496,0.3841035311866617,0.23144680242074175,0.00017552847569771732,0.2390711595688345,0.14415363382759122,3.506899798762487e-05
0.38323596724590214,0.3409392633954057,0.48816622737030263,0.8261407113609078,0.19373831152349907,0.22279750147235788,0.8114350372986048,0.8740262363132267,2.383375150424884,0.6372423218276666,0.04691880316139963,1.0124573653755462,0.2699003950486519,0.02279628054862889
0.6654740823369336,0.5466502158391935,0.24717414275457134,3.731456811806598,0.1291082094563553,0.23899598542126027,0.6971112255312315,1.556440529970268,3.798820804119654,1.2443843952431557,0.11263305025774602,1.8098611410457435,0.5854229633144782,0.0709132132395453
0.9131983988904548,0.16416989285269112,0.43253707398689956,0.6514283524583094,0.10596282697252946,0.30982672295015845,0.2612386047639308,0.569401358747148,0.33575265922612135,0.3933493931513344,9.178360651123296e-05,0.22862842694670626,0.2692983748314819,2.2121480893652892e-05
0.9021622668182836,0.14273952067771345,0.4738768544191002,2.2832081044988906,0.16869000899502035,0.5533561867514462,0.5910442910626204,1.4579290383985448,0.433501005593236,0.40566362539794726,3.485490066173334e-05,0.18112409008581604,0.16955837768657855,2.377442622997134e-06
0.9016918216485907,0.4914522686052527,0.48398861906467017,3.897521347862131,0.09209466468735503,0.46825578783336863,0.9393723453902862,0.6497138545202559,0.8079574935747492,0.4023198099071579,0.0004923298725976158,0.2165746742693964,0.10794514205888157,1.228820964056491e-05
0.916422787226386,0.5432850657077627,0.49402010570517646,2.031423513069109,0.1660192141275718,0.4723507905282788,0.5425661441076592,1.5734352089790096,0.40738916328943936,0.3545038321562881,1.9762497190636407e-05,0.1732356007055497,0.1508027398104941,1.2456104773478792e-06
0.39459859964616795,0.1349026476695364,0.38457517006178243,3.5905641822769034,0.11489469761003007,0.5423104670997176,0.7743628842465352,0.8507912384363685,6.223539820572101,4.192062235999062,0.17960704086349372,3.2365789587933547,2.1227047003707393,0.1601077575790082
0.4493172488248827,0.2828211118696383,0.2832795304618162,2.04869692990296,0.13514047850793215,0.39852502993255684,0.9900854618991933,0.6808188460879249,6.098856624797647,2.361983579719273,0.22612008536862124,4.079095952939883,1.55627466496705,0.21153721512367885
0.769815754659288,0.5258193890578314,0.25731548385900666,0.5298826532609549,0.05944796284194097,0.3218326114970971,0.3994567465604618,0.660599936630244,2.104888810750066,1.5535449480153896,0.06515642203605959,1.4349194029120067,1.05986821819396,0.0455268110539159
0.6882479620945112,0.25961761185788157,0.3249453762698569,2.858683864385958,0.11572019434787569,0.5204484606026395,0.936301639165918,0.7950377599674119,2.473661977701974,1.3482227853254223,0.04128935557621681,0.8715163355163484,0.47494806642572673,0.015028742299613708
1.191800325756443,0.18511369893277554,0.2294606924558773,2.059090137081031,0.13278680339496035,0.21296240726994334,0.7781526210810299,1.5191772568917954,0.2843213285250705,0.07779891900181694,1.6932151834468484e-05,0.19718659187233345,0.05396111257920539,4.701345077694342e-06
0.9738583193053137,0.17274049721870893,0.20762816697561193,1.1675302059497812,0.16953243991277728,0.34035331395901125,0.7298830492818097,1.314270194975668,0.4725843493455564,0.21977242364705812,0.0006411141749969535,0.32601690446096787,0.15176602679177248,0.00027719414537203627
0.9479543048218761,0.42608060925073654,0.4904212427440225,1.8822852800451586,0.053829423853181825,0.4692809205429712,0.921742511577281,1.538075141287084,0.5638835618994625,0.28696323323725764,0.000130740865218192,0.21189722159775112,0.10787084634726411,9.980050688895643e-06
0.9509614255858351,0.2088089444874545,0.32849906374576104,2.8674112826988543,0.13175771999122754,0.23192119067407513,0.8503215762984012,0.89818598758958,0.5934929834636642,0.16162580498759654,0.0005022800049075629,0.2626602470317553,0.07160688297353167,6.467769662192042e-05
0.7117673733239883,0.3210627969659392,0.3359093474848352,2.8630344626454107,0.10216601876358866,0.22697187147758033,0.6049449559028088,1.3108654125782402,2.282260067588882,0.8327464940270439,0.03233694290050896,0.7805913355946085,0.2851786258310914,0.010964186063177835
0.75173248118356,0.5302109250811191,0.333500478182003,2.464148197802154,0.1265966071289608,0.5920674241164645,0.3677902127463104,1.149098199101469,1.6804138322427356,2.5978099086270476,0.015958074827543387,0.5648697229251362,0.8855378419234379,0.00365201288412855
0.937702758681794,0.3854128365933849,0.3097983832921904,1.1978833328228264,0.07731752161996953,0.5640842345442376,0.6842489641178858,0.7418885669114204,0.6740074031745505,0.5524717346603523,0.0018265236783872082,0.3628869568728761,0.2983201578069386,0.0004830817809104039
1.2034774092837792,0.4215028034415508,0.28532304676534076,3.108428809818227,0.08966943876823219,0.38772151951428424,0.38971150804368704,1.374697110375561,0.3270595806141728,0.3248685092050258,1.890545284250472e-05,0.19022936115135217,0.18914377873880453,2.8806262522108497e-06
0.7792759184263807,0.2216096838846973,0.4631429790081088,1.8271534548491273,0.16543796779338832,0.36405670485218244,0.4729562127007051,0.8574152837693333,0.6449738030482893,0.4943737788498446,0.00046857538359827315,0.24508669938150843,0.18846034782088042,4.141141569795242e-05
0.5089355346031803,0.18001667689784845,0.4724891148425627,1.18765715927715,0.13610768625619138,0.482536776518684,0.5356916814982954,0.6117559310467738,2.201992228060498,1.9151860687957964,0.033726593449992945,0.776705294779277,0.677682904762122,0.011448565767321324
0.5766910662017788,0.24880361032075493,0.27662155586220794,3.880448633338718,0.057071115986825474,0.34505730950820235,0.4634791648841323,0.9462999141813162,5.955882380800244,4.096389372412472,0.20241251162919285,3.5928787099532076,2.3842027412103275,0.18343176060714664
0.41139680854809274,0.3914100873748775,0.4800366479936234,1.668886662316673,0.08876014296466954,0.3918762741736799,0.37372983151106587,0.540952543028527,4.992220084295452,4.81974028155691,0.1287480384097545,2.004824525458027,1.8656329713519042,0.08442565389444529
0.5421522929734832,0.4542458093560152,0.39219409761184754,0.27374718122311503,0.10343541033544051,0.1765589346158222,0.594038924748794,1.541193789261217,2.1319130245072793,0.598327095049532,0.06789316784291072,1.542116011657893,0.431047398084311,0.05355397011249027
1.1365993820382072,0.5715716457217139,0.34644418494048457,1.1864522137383902,0.07392090954063503,0.18002546045288306,0.4249375793086675,0.7880231249469739,0.29848953338772954,0.12630518182237693,2.1019721349074843e-05,0.19689103504823588,0.08337622417585416,4.017898831017969e-06
0.6779272000010594,0.3453622798075107,0.28668940350271177,2.203619776702545,0.17732799615112282,0.4879220260041762,0.4721264604273133,0.4376908905198542,2.0179930205590697,1.9854092666043348,0.03721182074669809,0.800010073706554,0.7966253592818013,0.01179876510105464
0.44271570114031583,0.36801717533287204,0.4410458632281551,2.1615379324322714,0.13023361081926838,0.5606432290873349,0.52923068063277,0.843930189778223,4.339685613874623,4.380327487080591,0.09843449734592838,1.6075553915439749,1.584620357923862,0.05822740743683157
0.430027294128854,0.17868760270494122,0.3202558258752933,1.4910017329698027,0.1387777976092397,0.2580460087706534,0.8473338698884898,0.9815577000687502,5.241992725304923,1.528156929376241,0.18753983449165457,3.4691194183292864,0.9941574069049046,0.17432461614291309
0.7098875342531066,0.3434454287989584,0.36746376872077813,0.030021600473940178,0.0886644462512717,0.1821614228897969,0.681508071410291,1.476842847507152,0.7327538402013896,0.19207170735590187,0.008459290265584181,0.7013071206162966,0.18389616229154024,0.00795143465155804
1.0665566934640907,0.41786215177791264,0.41070183174776914,3.341471377119151,0.05207655615932423,0.1879785393020434,0.5897205289612736,1.417614587449437,0.5227836088284961,0.16650233231633244,8.74581812047736e-05,0.2025647059420552,0.06455863462021427,6.004957821863078e-06
1.1564009355134282,0.15793857602843525,0.3006440556205607,3.361586937191244,0.19904758520669202,0.551142322609139,0.8654091356172079,1.039101121635052,0.24983450985235522,0.15910116142532513,3.065455219628371e-06,0.15696259812208213,0.09995981379410833,3.7306717023465443e-07
0.7816756726560116,0.51663099019557,0.4444912789883057,1.776734910975118,0.08406962619206054,0.44541049047937087,0.38263531910300724,0.594198422380091,1.1193752056021822,1.2749890899139518,0.004303434707642653,0.3531462515895391,0.4081675605200066,0.0004308677602099097
0.4172300203171182,0.24110379025459175,0.35621925277822,2.7428164337210195,0.1991428500940906,0.540026862410429,0.720648631648708,0.4257836013220745,4.793665788204922,3.4454950696411135,0.1324253689722188,2.059772409103507,1.452515168180442,0.08761430435429636
0.486269644014983,0.10350986385600394,0.29286333355564254,0.4669626423340532,0.17867811916745796,0.4151198042634425,0.7902388377799088,1.3869486950978034,3.066038886681197,1.5321866708303,0.11664238185475416,2.3567906862590844,1.1679239653170514,0.10585243835824536
0.8963340572526974,0.4132852158604797,0.4776700433604931,3.084296110048749,0.12997730801225132,0.35389421102067586,0.2930145527679394,1.360999634878827,0.6162142562508235,0.7366155181964811,0.00012828060263899772,0.20133043940704157,0.2423925920544567,6.403706902352565e-06
1.1206145564335102,0.39403027317738737,0.3375823817156901,2.2680560304718274,0.13846428196008503,0.1518246365710953,0.3562126443403203,0.7085546233442883,0.29285641827683356,0.12454297556926693,1.2919581503184066e-05,0.17701436525681064,0.07538490196792322,1.4310774777563315e-06
0.8062614279907148,0.5619496841892275,0.4130251411553415,3.4099012073335904,0.08379878555032469,0.3024715482135011,0.6950188367989941,1.5149404013981473,1.4798605038762243,0.6393089804236729,0.005315119465531209,0.3718896969878019,0.16135347268843464,0.0005560899875102366
1.2050337547100685,0.2813678864632166,0.4847007998085045,0.8789782631874855,0.14919490347216,0.380223697846378,0.4914446204324862,0.8782563325382254,0.15437192456079105,0.11942600781341128,3.9962454652408225e-08,0.1183760980325336,0.09158104697843232,5.669352727722832e-09
0.5022787918222371,0.20940221121669478,0.43006865435960157,0.5886459013445462,0.08318007224755612,0.5347318244267281,0.35520216561668877,0.4107421626781318,2.8337779568180115,3.853344531228381,0.08743869035866315,1.6402556624266995,2.2091745620840353,0.06007199485868236
0.645082298849531,0.5130174610084256,0.4465682274608084,3.5812672147966045,0.14155212326416972,0.3056195466187539,0.55021357338167,0.46944923294322066,2.381622643557109,1.2909697462805731,0.022070742756479668,0.4564157183173199,0.2512375668771658,0.00162630816205309
0.7675093583092284,0.2526249940090013,0.30861591013750483,1.0195163324991718,0.08299225362841554,0.4659253941948761,0.43560674023559215,0.926986256211388,1.4901057433215155,1.5255143620992806,0.022374535190992206,0.7641779003504541,0.7869506143755153,0.010303747681189602
0.9841311251050104,0.5045310184169134,0.3698446400459794,2.735786006120898,0.06932691377061763,0.17195482162410972,0.28551533890628034,0.8234113572437094,0.6816260989273705,0.40292312046079587,0.0006321431608246371,0.2634969629048592,0.15768278464119284,5.7998245886334307e-05
0.36292145829795824,0.4141509817963154,0.39014722780040256,2.9033025409813407,0.06399125835060442,0.5437937309797104,0.7706043271336765,0.7537075292361619,8.295049698337426,5.593755377956905,0.2795044288055708,5.014691918331806,3.296985287860951,0.2652326667532669
0.4798426763945451,0.44317391052235355,0.28402126365472535,0.9449944563778985,0.08364261744571916,0.5707692139268689,0.37050400788973864,0.992604489249516,6.384124247146801,8.676254975987941,0.27439158653641155,4.9177890914026525,6.496852098500952,0.26446157739800363
1.028245087441423,0.442043514745161,0.3482633521489772,3.2479448459442155,0.10069859128712225,0.3886538877129613,0.6465054485997347,1.2687903644339444,0.531075894838867,0.3189039029795246,0.00017778985744662328,0.22848753492503507,0.13731910158024038,1.8394853280550597e-05
0.8877284517717068,0.2846382952274157,0.39671003990817044,1.56450253259275,0.05263270479097916,0.5852151272672843,0.38547953084888775,1.4555991802756703,0.8236492007896341,1.2347368962663552,0.0017010128598485591,0.3310667085552335,0.49975820334388626,0.0003034217919931672
0.6829064255179456,0.24343234106773562,0.21218411872713935,3.072657385243892,0.09824245001970956,0.17025498462795652,0.7537279065579585,0.5740451304131715,4.058459605302801,0.8743261214869642,0.1368718184065716,2.3645806967770593,0.5022803410087426,0.10671514078527083
1.187007323553041,0.5595645827006032,0.2811212897581991,1.2543161009141504,0.179725382430363,0.18591586378741937,0.4704322566271507,0.7769477089574808,0.21487208057716684,0.0848948824541347,2.1768365963150686e-06,0.1644866523029224,0.06499719076837386,5.379638518110166e-07
0.5578121635894145,0.2315635891372415,0.3893680247954028,1.5987373118686767,0.07915131093450817,0.5275241901892946,0.8413626672293714,1.275404539992555,3.544560884778466,2.1538613498292833,0.08801879284974537,1.617200487448327,0.9700625635478511,0.05836409874511903
0.8048544594375473,0.5915239213465885,0.2806682453415457,2.501772754037901,0.17074534435110203,0.3077957899360769,0.9664132129677709,1.2372996353925645,1.1455061579035897,0.3620973645721473,0.006939776348014224,0.46613474630243834,0.14781737687497412,0.001633406754607702
0.8859866283206601,0.25352834869238206,0.256304307191438,3.9859950538483284,0.15579396992141797,0.5313924844816753,0.661052054390534,1.365720878438578,0.9022284568326209,0.7197846694635983,0.003204152068999861,0.38751975277445255,0.31026946935399435,0.0007293503976996573
0.6844611656930251,0.23295185287914913,0.4336357858867279,3.0593263209164823,0.13637355258474004,0.3732025642302299,0.6822252249440257,0.8678824170980857,1.6490731749020502,0.8926965083958303,0.00865192231745651,0.4113438817927255,0.22388620653971733,0.0010604705655317462
1.0011855595346846,0.5990061378645793,0.45981350620708356,1.3816459805474792,0.19554092321779537,0.4571192499355139,0.3130843385997204,1.2510580260617252,0.258112894883275,0.3758256530216798,2.3731279699428602e-06,0.15247518339440858,0.22232035457281443,2.435320413674038e-07
0.4432926121001582,0.5345310203078503,0.37673621873292285,0.8619106939126043,0.053017744871467515,0.43604320467039515,0.8023302420924652,1.2158208751565287,6.148655944877704,3.1729243136438368,0.24695312235226646,4.299955942469238,2.181434701473141,0.2313616745653958
0.787571845892231,0.46946106356536066,0.35257015620972376,0.052411273636600225,0.1268417300895483,0.37926006577774474,0.5484407702792753,1.043097867136223,0.4547197893866724,0.31203490312062143,0.0013220231007904514,0.4287138090125518,0.2943348395335358,0.0011668823558881668
0.721334890243363,0.2340076853072851,0.2057055258210011,0.7737819468132808,0.05109704567040349,0.32784130690478414,0.6647523132574198,0.46515661708206163,3.5589398950830393,1.6451972422860888,0.14592091988091926,2.716338095066747,1.2444436296778392,0.12931059918418253
0.39003090165525445,0.5211390563868535,0.4350933430673458,1.700675237034829,0.051892327335926726,0.20326379501938688,0.8646875224056426,0.5097584202949778,7.17241082577612,1.619637956339976,0.23856889991680397,3.94511437649633,0.8710873215962487,0.20856745941731505
0.6427455026457478,0.5328784022543109,0.42481296238334765,3.2341011793595467,0.07517550661690903,0.47052972654668834,0.8824970757931725,1.5288839209126621,3.1558436741061966,1.653707576004673,0.04290996819985361,0.7936535694689201,0.4157144304547586,0.011343245508165341
0.744384834928446,0.4039794639348313,0.4081270283688197,2.0656536547704683,0.053529951690306714,0.19872363416590597,0.34611829792281973,1.1266355254449292,1.9098737286433045,1.049480272631393,0.01784944878472168,0.5693508274972905,0.31720898235430267,0.003870663040627749
1.0081809667090886,0.4667874699851955,0.34936009212878627,3.0024804116249313,0.09342810736687188,0.4042750121131127,0.3645221670662945,1.2016061683917512,0.5834717422046634,0.6428612009503205,0.00029702348410598516,0.24435128038836929,0.2704410784722883,3.228485771575724e-05
0.9059819543582307,0.11260639866598177,0.23207226356843846,3.344583587624612,0.1748882083262108,0.32448277792714053,0.3041235985142587,1.0521613927658944,0.7246592086840804,0.7544302187392621,0.002051000994777523,0.362124708894792,0.381277564709886,0.0005302266310460846
0.6534912625361602,0.3117940204144216,0.23974928378193316,1.3967323819027766,0.13210035360132893,0.5028069770282787,0.436157702575728,1.1084856856043968,3.0439750692595364,3.2350242209416797,0.09767738086632126,1.8615237452500417,1.9492422008583814,0.0739499165266463
0.7732645001265468,0.30592393968113674,0.2001342260827151,0.7021900311941579,0.07966008985853856,0.41045423896643374,0.7908114762383103,1.0005533602904255,2.3646886758532584,1.1733685207465054,0.0802992731471417,1.7305067740129652,0.8553113135508409,0.06481439921266091
0.9548389615140938,0.39039270629863554,0.2467966059981732,1.0704958375177855,0.18378137829452834,0.2471948074277241,0.6547710006563281,0.8643920733596702,0.4286559834949799,0.1614849023655019,0.00035433104107063744,0.29106299596467883,0.10976221146188134,0.00012503276846266158
0.5596002531729025,0.43536472563027984,0.4093764675262913,3.9369916676335412,0.19471808564059306,0.46810448659381354,0.6150320472325319,1.1132786444520741,2.598379595638727,1.9361651162531281,0.027055364745896992,0.6234318718175033,0.4662558677423514,0.005590235768353119
0.3876361620682224,0.5155045798438841,0.4056800484216463,1.577897136933623,0.0574013944181867,0.2949239625177428,0.4899154925682227,1.3567674902263307,7.126471267034262,3.9675903482713117,0.2566287412230594,4.5133764484826395,2.4242872571494427,0.24131875913435416
0.790291803688002,0.44724255370212684,0.22471005328538646,1.8628837234638782,0.06155166542180837,0.43257860061883524,0.27160700099152446,1.0866073742002078,2.8449608112584106,3.9650365321808625,0.08396135188759962,1.5529071588079726,2.1462163470917046,0.05311254668660581
1.23503469201967,0.5512613987636772,0.46600110792909266,3.2771677697331025,0.054593364196876736,0.18683325808545898,0.4593097390031283,0.6071011085388973,0.2624225527683035,0.10669965088849381,1.8623002048269962e-06,0.13716236366932913,0.055788486521932086,4.75654023014021e-08
0.7185877141826131,0.5358839294545731,0.3443540578240276,3.9790084008087256,0.07455939255416932,0.45393843882239393,0.7020014024546023,0.4307219966848806,3.5476016560156505,2.2162796769325497,0.07341270403847752,0.9003873366858042,0.5664412013613245,0.0157226456997369
0.4684778193270036,0.42363179555155683,0.3218084096092073,2.57728893403396,0.11693270619995749,0.4494384220389599,0.8610264726878233,1.3283212008855922,5.947791702997669,2.9795317677374644,0.2032482209240979,3.5085102109084265,1.722167166263862,0.18149388565044128
0.8540122283114541,0.3359531102376707,0.2534287050709293,2.6155361998194744,0.19431770762879325,0.34801889322247226,0.7797400783062564,1.089145491659229,0.78504019156831,0.34846204008663395,0.0025074763974136435,0.37690354023946426,0.16774421117944,0.0006240010159847606
0.8170076553340124,0.15559388351335868,0.3912803165765395,2.223658823074765,0.12829735066003015,0.2063086783555207,0.8858945397193162,1.4207277412070223,0.8624597335871312,0.20027387840059932,0.0016077628623043661,0.31465682900185016,0.07319138374920146,0.00023973934175206118
0.5378370443102001,0.2708295377853121,0.29603981970239357,3.739991958049412,0.1625663270276575,0.4839383991104763,0.8914573365728997,1.2208675105201277,4.152266183142605,2.1824553136667406,0.11384105985873927,1.9947766683559185,1.0323043684733797,0.08304824916925456
0.6280557470874892,0.3722975988882613,0.3191854979512635,2.3565051448374956,0.06946741147150264,0.2913295843317527,0.3663116214676819,0.9505212500467866,4.168856444412962,3.0289912989508148,0.11871584202423494,1.9692443814895715,1.3891973298654887,0.08137445824617841
0.8497681786208207,0.16198524863749802,0.42003205115825737,2.9962318240371517,0.15721465812542923,0.5102351262056075,0.5946356827185871,0.627225005126648,0.6707178120538172,0.5738023770820482,0.0005554129750461829,0.23835122467083192,0.20441664807337767,3.247150290175462e-05
1.0910283426942926,0.29096253998624255,0.3790894214754168,2.326007345008384,0.06454680496928325,0.549280690604183,0.659930441656045,0.4512414064999178,0.3789710616257075,0.3151751927372508,8.216458882037883e-05,0.20021355164046487,0.16662396740675048,5.564837686526175e-06
0.5227913385667249,0.39530940165705664,0.2875006139510955,2.142797647068398,0.1564421688121826,0.24565652282554373,0.907352434372459,0.6044759541666314,4.625024634732221,1.2054312857359206,0.15250208595433415,2.518678095634904,0.6467899165113092,0.11834065895321427
0.4018121665936445,0.5309646201029627,0.23820189804300812,0.06987474788733,0.1087927460298338,0.5737316492982047,0.4045721942819355,1.3183852067319162,7.260892743890547,8.97067757650716,0.3811131314349073,7.104086727791713,8.752842058167234,0.3805398412842621
0.46765428277497656,0.2302825846411444,0.36096343164257166,3.26760292915236,0.1593242126443257,0.5069062732022784,0.5379837180112261,1.2895810557739753,4.3991979055501025,3.9381576840337362,0.11052220419806802,1.9434994973375155,1.6911632410839745,0.07984908408989691
1.0576653862459022,0.2769394606347273,0.2914884146320537,0.05659662215159909,0.060239886729143606,0.48936877789827005,0.49447114454753377,1.0078612909537665,0.29096943335315395,0.28747865990675503,0.00010731300064806066,0.2802762900716454,0.2769494281122511,9.535033451015909e-05
0.3578933728229496,0.33362389435374085,0.42821928711744806,1.6823792675027516,0.14838688770818453,0.5449316323054527,0.9863394730708566,1.0615756609026614,5.0549511885869265,2.708828167487912,0.14663548636139523,2.5610783092765175,1.347751221025247,0.12049845352831148
0.5526966138897629,0.4574944918041476,0.3009484474024869,3.6871381993287784,0.10364390978962804,0.1701682289658607,0.896010943892598,0.44333500095797174,6.0044868403471146,1.0976825014095242,0.1938074819476136,2.8470475342662747,0.511078627039757,0.1408496829808278
0.6747028862615296,0.5585146388166161,0.27783320971699776,1.2592983004949867,0.052909605294882166,0.27947481949891034,0.9416172512318237,0.8360620040322247,4.188079373320258,1.193410299523972,0.15454519965970792,2.4569229841844806,0.6928336339309166,0.11623482050339272
1.2253041865048437,0.5418753464008145,0.36325765884800315,3.4474124477710335,0.14784690125301292,0.3273230762516419,0.3837433845087733,1.0335294933820571,0.24025577182317348,0.2047681526430083,1.0075807221727283e-06,0.14123518645382213,0.12043187943833716,7.292505510637777e-08
1.0433963979603287,0.1017812806135452,0.2698021474481582,0.5999767020721297,0.09485267497925692,0.281903186809071,0.28085451842189074,0.5520186756504576,0.35186307193586225,0.3490527889562784,0.00020514616637593106,0.27483268102234215,0.27371932669175236,8.983280269092252e-05
0.8934260468991372,0.5087508955463821,0.26409680849411715,3.466784548764965,0.06523220803440659,0.199703030192806,0.5283202429319325,0.7155537700617143,1.6636734060965488,0.6108805326968346,0.019320965409236147,0.6025941450835386,0.22375487972018596,0.004411159723573072
0.8673911005530648,0.1872926104591049,0.43584919804594857,1.3373536524083358,0.18402148076440655,0.2843324521268359,0.7174677058983333,1.3605955004373698,0.39842807862911067,0.15782457389236282,6.105271077069652e-05,0.20486558950555037,0.08117727835917297,8.35822586278513e-06
0.5879556687733744,0.4717237922005024,0.4028425429659003,1.2364991934289031,0.08769439664735573,0.408864678407183,0.7394904247973131,1.4113637534551784,2.8639972741456163,1.532991838544075,0.06277445235701258,1.1906144936411436,0.6336907994765766,0.03163744313926029
1.08305961315099,0.2677770148250578,0.25262585268974724,0.7404801066955001,0.15061243078587028,0.31204922888968634,0.7729137349713474,0.8916465154319703,0.28763706180335863,0.11608766048358524,4.0913756186581484e-05,0.2253048354795786,0.09094513722106069,1.693114269142206e-05
1.160275950363053,0.25698780075271244,0.27265895370747917,0.522219065692082,0.11535793365016606,0.28349764023337376,0.27647780584589077,1.2665150717159244,0.24034398603782006,0.245180314394122,1.0508756402545291e-05,0.19853301879089352,0.2027655678376684,4.963995022112523e-06
1.2154752427942428,0.24801180134892373,0.47615189394510427,2.3303818716924805,0.17903378791983676,0.5907710757544191,0.35069833051460925,1.401682640392759,0.18647612197474692,0.31386328829504495,4.9669950264203914e-08,0.1133585148029761,0.19087073786913514,2.7320913576652394e-09
1.2173213361019635,0.2793635070756808,0.4893061018219841,1.0894023161251052,0.10288690912263261,0.24836212284394765,0.44864587029943354,1.5581315678372105,0.1817879441141367,0.10061763630141426,9.940212042465407e-08,0.12397562896664546,0.06862441718521829,1.1890049075958361e-08
1.0695527898338393,0.4192518530280266,0.4518673865555336,2.734274957440631,0.11818786216088839,0.5968275082175551,0.2585090828988021,1.0273570797590772,0.340726898370581,0.7794734922424286,8.592132866519165e-06,0.15966282383067504,0.3670843384101323,4.4024898249327954e-07
0.7297629924243508,0.5149885317064425,0.27881704807375873,3.5736894675361164,0.0938980138060258,0.5016625845215632,0.3511502386738332,0.9752856757279048,3.1426907376708257,4.13742654626153,0.07161193757299185,1.1915726272232452,1.563826900193823,0.030946595166410705
0.5550870416101539,0.359630436245194,0.49937091975341574,0.27148228132572316,0.07084121646143629,0.2969530677280323,0.5822383803154245,0.683106532887271,1.2238154651445852,0.603872320073912,0.020219122247596765,0.7920784679340727,0.39234773236516973,0.01175891099285101
0.9853208346312498,0.16796502887375592,0.4026501918593811,1.4239070679705044,0.19745465438943705,0.21208285505329216,0.5470283040350645,0.6842571023922616,0.27117568766300004,0.10509979436690575,9.747980993017748e-06,0.17104247455383514,0.06630742353053551,1.1772299334730668e-06
1.0961055943185405,0.2859545909594913,0.32763564618226704,1.9962647549470085,0.10824773416207403,0.36061481138261464,0.9556251474844855,0.45586685001796867,0.32849803154587204,0.12392513733985759,5.298354559263087e-05,0.2018375307417103,0.07616002614580591,6.016850964086272e-06
1.106400834750475,0.5255015208243691,0.4153386748244109,1.8518754691006594,0.12466573408001376,0.39279644402828595,0.5518513785244383,1.4080152125924639,0.28734689589317747,0.2044875959663641,4.294134650540102e-06,0.16029593284502902,0.1140888285128853,4.283109326750472e-07
0.8349463764878076,0.3278042699534527,0.29963547078242303,0.388606149575063,0.15117701880369486,0.47801244257106734,0.5204534120926607,0.9034398123916225,0.5325878294517837,0.4849496205399396,0.0015462408348281137,0.39922153385262166,0.3643685745810919,0.0008451662604069024
0.7046614441054175,0.545257596701506,0.4383871522685353,0.3152204403839153,0.09676036674266866,0.3519848883471148,0.5645003338485217,1.4959871582657156,0.703344904491483,0.43328483043028804,0.003468670250509355,0.4646925882769029,0.28716973109759375,0.0017026471758263752
0.5615670261058883,0.28708258035755774,0.3182145413327335,2.4998883569433725,0.13690200157686333,0.4580510559101135,0.6584614079060429,1.531370636674993,3.717569299883422,2.4764600577884037,0.09859215422681311,1.7729134631852108,1.1605277147021007,0.06844916990679903
1.0469269712547802,0.1385729489358844,0.24056389781788778,3.6377581879956704,0.1193486009229414,0.5465118229078952,0.6416372237550856,0.7789131625518821,0.5203281109885197,0.44201541165537217,0.0005024580018659592,0.2773643388444315,0.23602204976993618,9.430461494674169e-05
1.1257068639400922,0.2658263008940477,0.3718650218018784,3.7458629377925727,0.058841341224555144,0.45492712809641167,0.9324853438406088,0.8122055541183488,0.4250498313452436,0.20731102340580393,5.748728071760266e-05,0.19240591609580435,0.09386291948051585,3.6849182192345847e-06
0.8183409301141606,0.17113920366359062,0.2598959240372927,3.8383392231338425,0.06355952105408841,0.3265878111485824,0.5033187210358979,0.7832661104108055,2.230351976032723,1.3876061806452284,0.038972058931532993,0.8904776250452957,0.5550309203922353,0.015743330467662308
0.5212517024747446,0.4293716987001277,0.4404866248300736,1.1229706200518164,0.060802773339087034,0.51947996887011,0.28843761134355445,1.0916140531392053,3.698272659243348,5.945101604282163,0.09783828778769493,1.6807481523438201,2.6262797051434417,0.06268069114529402
0.5274993486023649,0.2762783902008999,0.24216481187002753,3.1482682322989057,0.10938560422485388,0.28854446994552785,0.517480997668528,1.0764182939867282,6.04539389243171,3.1211780188164595,0.22711066078670414,4.113798768474761,2.0656009288447743,0.2140841877086957
0.9754343981289738,0.5074623632202624,0.2185176380419376,0.1405711551945226,0.10171625252814315,0.3702155928269869,0.62190417045628,0.5381003762308305,0.4700563778629925,0.27801601646649876,0.0013564037130042801,0.4325823268098772,0.2560392352726639,0.0011074446623610186
1.005507255223161,0.3619574621664059,0.4178799967867417,0.9111913566965238,0.0954427171899317,0.20576036421439417,0.6329302070034621,0.8217882719659263,0.3179659708844649,0.10332234175516042,3.363118719777812e-05,0.20213669931140277,0.06570357475346393,6.286728687425904e-06
0.42829198916855615,0.5219724943417422,0.21947404062412745,0.9578697782145106,0.12811216165053818,0.5139110461299164,0.2956607859391565,0.9168472022138375,7.750312565950183,11.346217282288151,0.35929932328872344,6.565557372128181,9.373797686031761,0.3541970800214805
0.9081643726661224,0.3740087677719257,0.44425720665720647,3.0218415792972078,0.13312663749662762,0.5001910130050984,0.6903548954297237,0.6220234612765994,0.5837357669329134,0.4223934196475248,0.00024261121629262115,0.21134736795499906,0.1531047093080398,1.0209057564977877e-05
0.6395661646787345,0.4955770253277022,0.21154347497853984,3.128555181515219,0.16403497226499902,0.2541705821884657,0.637053231300287,0.48596200575841697,4.03016317286053,1.5166517195232774,0.1386111626785579,2.1164536426794878,0.7870575293699285,0.09189706346893257
1.1484795832245518,0.1953418393621741,0.4008877256250688,1.9079805111301704,0.14267190136503252,0.42188484736601517,0.7275642660183553,1.57775198468156,0.24458948169025996,0.14182111087572857,1.4153918675466946e-06,0.14688797222490374,0.0851718835630867,1.5582736047613397e-07
0.8816999985554929,0.12702907956666057,0.2322662178471096,2.6831963634278084,0.11852589888778364,0.37553794778516636,0.5244134164071936,0.6714941258219447,1.1041721597211034,0.7734238305163499,0.009440496758150408,0.5255586758871457,0.37107077460017507,0.002941180442372682
1.195157840868918,0.40080773215810905,0.27474534159925945,0.3094063568394476,0.16395623583918162,0.16756761469783396,0.45311807555382505,1.020190383960558,0.1857308220231907,0.06866951685725318,1.2665046989978223e-06,0.168144706659255,0.062170863056759555,7.474451468511503e-07
0.44720074146024735,0.5541848046394942,0.22419254234918815,2.2345401641368663,0.09847427260196474,0.2153113602292644,0.9895567382239193,1.1256808762521657,8.762136552791778,1.8218975242853686,0.38375654705578416,6.933260279285018,1.4260215204340154,0.3764781654998277
1.0776601157536025,0.23560069595952945,0.4148312180068481,0.4700240161369283,0.15048414652095524,0.4553499362049531,0.4878469948251264,1.2263728860967809,0.19572708975845415,0.18265862558995943,1.183885156129773e-06,0.15766868187516483,0.1471516997349081,4.043107626936525e-07
0.6597607241127015,0.35285744518283846,0.24315916258965042,0.0937764731010434,0.16833325528906257,0.32351639966517876,0.6641774808321943,0.9106358458888515,1.4499001347759408,0.673402803597414,0.04323284483954002,1.3331307008666526,0.6191152947945168,0.03998669253369829
0.4546948966878062,0.23694261305486797,0.2894858836776807,2.569523273353047,0.19729722284162288,0.44709761916703794,0.4462657846694326,0.4069342274999408,4.929091833235375,4.547791517718299,0.1605541849687918,2.6401395868069617,2.368157247145447,0.12477014085777285
0.36175892819749267,0.48619485286334563,0.48051799653858174,0.6591057836840061,0.12266464939296155,0.5503616320042585,0.6768286019858385,1.3966963204942948,3.78981149643527,2.932451782701836,0.12029361721186041,2.153518666869335,1.637835996748454,0.09464627712713085
0.6370854593862973,0.2403713313828447,0.4039609413992768,2.824660979213222,0.1814127161785734,0.4379389501884865,0.59658723853147,0.5145406407311979,1.7540912032846214,1.26289967295006,0.014774376944492766,0.4656430484835641,0.338759934522485,0.0018790632139332752
0.6752778242286328,0.30854705264584603,0.4478308326218675,2.5481907254425407,0.18332581782784374,0.28790549460387715,0.5999342640408298,0.5726332523230222,1.2048965586940665,0.5727447126845897,0.004276820734606286,0.32942142228045895,0.15767665352837645,0.0003224359020402563
0.988013027731499,0.5557630039240431,0.24264499972169817,0.794855323379407,0.14565222831398053,0.5106153264430556,0.7960320667827141,0.7986013635435951,0.43345182261927245,0.2775224800875259,0.00043498892817648216,0.31152770571284905,0.19961542127341117,0.00017989244654308004
0.6053017800880043,0.38940408564308227,0.20476610807261963,0.8748919340867383,0.10836835885836557,0.18293763791130407,0.6887782762837233,0.4223047858568431,4.81535997411336,1.1953260751482384,0.21455311711350858,3.7538777663920464,0.9216745121830906,0.19744138719526574
0.7710711555061711,0.11670018280932334,0.21466784996447436,0.5668952425545077,0.18883300074659415,0.21383130709541426,0.5794898406746919,1.5485429853228356,0.9286965694858856,0.33446641404271893,0.010902547244743547,0.6742804687454941,0.24340720767844376,0.007222629892718334
0.8214930366101443,0.20346758595156486,0.3774912336155042,0.48762072025570213,0.06218404707268822,0.16069141646413104,0.9384246796276781,1.2631473947890757,0.6975427059633112,0.1187696820698937,0.0030568375414967127,0.43746203692801156,0.0746098535722679,0.0013576080438372107
0.42040735427511733,0.4087485017474428,0.20068996711228101,1.848045900583632,0.17746120924510939,0.3835362055551869,0.8602619928979656,1.2796949138389118,7.072200237683386,2.9923545708780197,0.3091795838657514,5.710207960306856,2.388955801006702,0.3037060413247309
0.4035971151809311,0.31324655599512974,0.46198435184717873,2.817109714722632,0.12963896421519677,0.23794385623485856,0.3447739457299364,1.3795326845937974,4.755956892723647,3.0416176650585895,0.10318470601934017,1.7488491936536983,1.0700425692680042,0.06752955737946797
1.1246168349136103,0.46129383699218796,0.33890315744003235,1.1162860900756162,0.05992002766559398,0.3743598577398566,0.707964500887984,0.4738824569256068,0.3068539958660927,0.16218669818319456,4.413667768179154e-05,0.21110267464364155,0.11161243402734293,8.376631111041068e-06
1.1756525160747129,0.3446161530909464,0.4373781519246317,1.2941833316884914,0.05060641178201641,0.5257467329050084,0.6137918508969424,0.5440337418457701,0.2349678205403431,0.20123672798693804,3.415534154388853e-06,0.157131279376842,0.13458636325857157,3.42210521233167e-07
0.8086429824548078,0.5132025310306554,0.22762092824392313,2.481550987150698,0.08231252348868354,0.1512154415606993,0.34274571370340856,0.7918623919827454,2.4926069390190837,1.0062852795392874,0.06081278800180724,1.15859588944601,0.4699492487055762,0.028698493357267034
0.8881323770627761,0.2114451105280709,0.4511537739958078,1.9417919297751394,0.1422982264153203,0.2931190698341084,0.8202148342883413,0.9181627709843901,0.489080735142542,0.17468144224198257,0.0001252745103772991,0.20977376873014797,0.07495729105906099,1.0229269961907104e-05
0.7610228949597355,0.3471407172311967,0.3827347510557125,2.487170144782631,0.17596629727969737,0.32243563207220943,0.9631078972755626,0.9539115678279291,0.9680978914694739,0.32298190736585586,0.002470520858554954,0.33031372052418073,0.11044225367905318,0.00031153089289331925
0.5062038440327297,0.4930312511077872,0.3821735508408649,3.203283243945622,0.14742905816230756,0.25368958001793973,0.9245183121738707,1.3117463562142304,4.211586596486367,1.1261679427244018,0.09452933920324988,1.51083425176756,0.3990400263108689,0.05168567430916995
0.7631830791255394,0.2519202627023084,0.35114093158275844,3.199880987366498,0.07170322591152893,0.34569688771576157,0.8156259886846182,0.4908404964701121,2.223159650019176,0.9240903247784272,0.0299652335208895,0.6381449694621812,0.26699685880635965,0.00590072376936003
0.7984849325076742,0.29302963629470186,0.4195959242405304,2.806035478243897,0.16211317472614895,0.44428425998708854,0.7482733131625393,0.46201663110705077,0.8221397325330536,0.48612243373977704,0.0015959261946548245,0.27074345370524927,0.16064328819703688,8.499399703787779e-05
0.8373326452718169,0.1688172471831497,0.4051485034729923,3.2155085303032385,0.06800194101854207,0.1645805868302621,0.7237448499003033,0.9651967877422084,1.2399763116692997,0.2801673019555141,0.004068301240984612,0.3529862710406698,0.08006485106020572,0.0004644053056851182
0.8700037865069786,0.3377410308323352,0.30410616539585944,3.2530485277877474,0.15458736909214135,0.22966503503218766,0.38073870052146186,1.4038330750488046,0.8542353013404762,0.5079985836579972,0.002007668366892236,0.34036804502289136,0.2040047221757491,0.00035351975659646105
0.45115056619817845,0.16528841390506277,0.35460845768505833,3.7190605094844806,0.18822861285031406,0.26312614688015284,0.49723992691027896,0.8168472478886711,4.359870635427287,2.1851296773262803,0.1045600258469601,1.8005321194101422,0.8772016691152239,0.07055849555514125
0.8133929527472389,0.15710394438844308,0.49557638168572904,3.0983019052568093,0.09875007980160239,0.23066650981278647,0.5971828740399445,0.6364866731946509,0.942340830647796,0.36248590086041477,0.001139356657815683,0.24801557477205216,0.09573652027211173,4.558008168403704e-05
1.1435054352130098,0.4869055995311806,0.2188268086973429,0.008505721774935852,0.12630105532967856,0.48500937801142807,0.26173424465172795,0.5762926948253602,0.2347283297220143,0.43202263330671525,2.0736834304977642e-05,0.2340077151869984,0.43071193197801283,2.0438905509308428e-05
0.6030876491906276,0.5284118101255182,0.3408173977054384,0.21401958598321488,0.1325474577232439,0.20164274982419955,0.5080190878518409,1.535155947530931,1.6130427615030634,0.6032293894520283,0.04433387655174953,1.2506557256530426,0.4676074058879485,0.03499329361928482
0.966181609663147,0.1828311488943748,0.36288862971528796,2.8037133293629037,0.15296936147855195,0.39988091933683434,0.5154411332479236,1.4387475013348312,0.47592482859814056,0.3686902553863296,0.00011261193723010701,0.2158038590860542,0.1673565393004387,1.2806014634717867e-05
1.0932110735267762,0.4944572226083239,0.3689337920158975,2.648602870967959,0.12211266338151913,0.5847503398082474,0.7552099291695412,1.3432513805601274,0.35542334591073776,0.2751519159239243,1.8300963808345536e-05,0.18109572613914146,0.14021333126946822,1.7976535986875584e-06
0.4157553103868169,0.39921943300082063,0.4342716839421167,0.8419208395034998,0.11871482969156162,0.3197123999892167,0.7807179800624607,1.08371693433886,3.931331996404405,1.54329365239134,0.12345436768642298,2.1931145207890745,0.847452524404554,0.0968876512419328
1.2190529643670858,0.1513759859563795,0.4720874214716896,3.976468867513871,0.0725882460828763,0.4463979389796101,0.7228367300586652,1.1434664359560147,0.2769763048569767,0.1710434158239062,1.0781966150528007e-06,0.1324890727575952,0.08181812255491885,3.4943150136020196e-08
0.44038248665321544,0.22516184357255933,0.24546232799038312,3.6953103396682736,0.15246573266182745,0.2257528274015545,0.48238455702424676,1.4926104326586205,6.481095229621742,2.790919004797872,0.2456548733231096,4.581991700004661,1.9157805756530724,0.2376628617458674
0.7887522100028452,0.44812432724563944,0.20217361290657118,3.86997924188136,0.12000725318202544,0.26789682047055524,0.6352679539219882,1.2535546972228435,2.437346955758076,0.9862127624463464,0.05765948219303912,1.1755626233267484,0.47482614983713795,0.02991084543059397
0.9203034658625354,0.3308718825983067,0.20639242892789955,3.8453292056385178,0.09455866497345994,0.35296447933214703,0.7130649743111186,1.0225863805219824,1.2957947079546532,0.6303402592879941,0.01334038178908587,0.6016933173146511,0.2941017719132751,0.004549824895252934
1.0106279378582586,0.1309219584815971,0.39217595699538477,3.700003181047132,0.15836325753610947,0.5937269625851902,0.4102089582111622,0.6340239925334791,0.39377011460732636,0.5686164933306591,4.681118102978832e-05,0.1812777786135377,0.26226668797839964,2.246935635370077e-06
0.5127824675917159,0.5658902938106478,0.2540144792777448,2.082066655962268,0.15412438846822824,0.17826999175826627,0.30940097299923436,1.1871158375197626,5.551382760568228,2.7792640557974697,0.21541360330305312,3.5835966532027026,1.7228051456920381,0.19038650676795074
1.1719044091553799,0.47019185826052234,0.42950119748642185,2.1902497181445564,0.08170619501195393,0.5665905460743397,0.26981671614169767,1.0707411474550965,0.27787406325265007,0.5799750580262698,2.9913755519495936e-06,0.1522794738868724,0.31876728826913886,2.173410421359911e-07
0.7261220972311768,0.1672549267072936,0.29727600497393736,3.9394284469042855,0.11452234442867762,0.5349822220573152,0.9346308794319738,0.9348162212954672,2.322444272418464,1.3051537047083892,0.03608323615663825,0.8335851762733331,0.46836314640847077,0.01341991498408521
0.48517099436406746,0.11346826464107307,0.28849057962548397,3.3991287778039143,0.16458996989142471,0.3253576604552205,0.357739604121453,0.7067790687751703,4.873225507444202,4.018382994016724,0.14934487244788447,2.6760386574627457,2.118256879936764,0.12586495817231433
0.5517506065843727,0.5190027020007187,0.4942572808316638,0.7066707722774532,0.07660987618175742,0.16334714042217097,0.563278480586086,0.4571501470782666,1.9694277183872173,0.548959743781508,0.03677129194829644,0.8251494758126554,0.2317653485277446,0.012955726416848433
1.2395329216736237,0.2108199963192386,0.26592971859612463,0.6234293258926115,0.1130975313727002,0.31033909990204933,0.7867335308053898,0.4467122528022558,0.19940458698043703,0.07865332376603046,2.9431290724430633e-06,0.1741435017519114,0.06869082078522751,1.1890397428974116e-06
1.0946205886591467,0.2629841519688647,0.43910588982824783,2.3634560308252808,0.06731180933130701,0.1813618950707129,0.9203622156633716,1.1180202724333255,0.3636296081612328,0.07164706326994136,1.6702048585310878e-05,0.17256558796003427,0.03400366907115938,1.1600334885470012e-06
0.7958282692587226,0.38746137176101547,0.23578659937201388,3.554946313478047,0.17533073480290878,0.578230631279171,0.6443977585511302,0.860370822699067,1.410436549947939,1.2400575257043949,0.014950579169405969,0.5918711055929191,0.5237036036620326,0.00439422871620832
0.43418223757330304,0.13001069568237134,0.22564220748072755,3.567436290755515,0.13544266039046143,0.2695859702637881,0.4766373778623112,0.9459481729117699,7.089106310054928,3.675094961174729,0.27800062746376675,5.314671654645201,2.6837210882366027,0.27306792817252035
0.37638329997248954,0.3691716699183063,0.25080994214359814,3.8211133876483943,0.14648478289821815,0.41454884754244825,0.6499279297211726,0.5254931487371356,8.482830471569901,5.08421836670523,0.327023190033773,5.9974149863720365,3.5169337664879095,0.31547846703510907
0.857567102160137,0.184289520948972,0.35504152033944747,3.716354880222193,0.19007726265444003,0.5820454295326678,0.7587048555198181,1.3014009801625992,0.6795459936253329,0.5204187334483612,0.0005409056826327392,0.25750617998726266,0.19744766589090623,5.898306830947356e-05
0.9247427382167861,0.13553567639020123,0.2901619843839714,1.4976893097457102,0.1111310334836616,0.23269055723342041,0.8578482692017193,1.474937625748479,0.6567040992906096,0.17752738068224405,0.0014334964601937603,0.34798463233610666,0.09421397300693911,0.000419163272040108
0.4364931244725169,0.10050038519220764,0.4076977042615879,1.40936185256572,0.1099601632556308,0.4168466507285764,0.2749014066087082,1.2296879621701686,4.278340686432556,5.719865103400576,0.12401881578065307,2.3037511838869698,2.9343345774238028,0.10268192461685212
1.2366865863939178,0.579824788250888,0.3601820753030689,3.183675956916917,0.10913292281870919,0.2159944392275532,0.9933562074665769,1.3764921407551394,0.26409384744388087,0.05742253598654176,1.817203615255878e-06,0.14981171603456542,0.03257395272338301,1.5754305442803863e-07
0.6820300729210725,0.5894328863939319,0.28268792929616104,1.1267773381689399,0.16987425076277768,0.5149846290434055,0.8011676981272234,1.4254258748627895,1.7615779706003964,1.103904064459824,0.032374706740048415,0.891685307009817,0.5598746791979827,0.015354208767336024
0.8272028910576974,0.40056027027915087,0.22105475866147048,3.9925480330501375,0.14379834165884542,0.4189022026751835,0.41616880241760146,1.2039611839824353,1.5468194341636214,1.4951908437085641,0.019149357547863066,0.6713428643220766,0.6549606117300188,0.0066486434619157635
0.8719390929042655,0.4593717398810435,0.20253581111247587,1.0400557792343694,0.10708822215233635,0.5048854805566286,0.7108527288767066,1.0649144762024676,1.225373934267033,0.8500072933620046,0.01793708040450044,0.7647037002956444,0.532221412998445,0.009711487181178794
0.8238582091016265,0.13912729512427685,0.44526913259564616,0.9666554166230109,0.10649566370150484,0.21705227943076377,0.4293061144341515,1.3689377493346013,0.5580750082691166,0.2806280134260646,0.000494454672406281,0.2752011453069828,0.13882379256522104,9.898871957907187e-05
1.072899103258713,0.153278919264068,0.20920141040935797,2.17134569725568,0.17383444588345895,0.237650400832163,0.8587959027778472,1.0182792718324083,0.3592963974412687,0.0993691259700201,0.00010930780762825636,0.24186011809370817,0.06691110102331513,3.259380344955131e-05
0.39299555680038684,0.5730214093074568,0.4258832996367161,0.770523025780567,0.1853727029027481,0.24376436126215695,0.43786249372575053,0.6981890826183219,3.2645435750670018,1.6834671090632796,0.09688993642924675,1.698480087750894,0.862589975576098,0.06443477939519793
0.7352716854238484,0.3931706641293563,0.22136748512270102,0.8040569944213115,0.13336262857659675,0.3910993237248139,0.6080217571032336,0.9386509077148735,1.9362671017304856,1.1862741538860782,0.05254685359860427,1.2761126583415243,0.7810003381369819,0.03613823431823376
0.7409075160972209,0.4082985492747615,0.25862217640801877,3.357368441974672,0.12071292578254737,0.4845232288079766,0.5676479088995239,0.887636459306612,2.5229791443432257,2.065751717817966,0.05150229175207027,1.0200833067441046,0.8352457089461977,0.02176562935626311
0.7134449343241651,0.29196795785121843,0.2218702175571796,1.6753391494601406,0.08527540639322609,0.5756415761808266,0.7408135042085718,0.44867360800537615,3.4217205621293183,2.530253097544295,0.11814998930594349,2.051697318081759,1.5037727340200802,0.08629211000353043
1.0637995166432643,0.10737782885882086,0.21257336618365308,3.1235937835046057,0.1255615928887634,0.18912512893601713,0.5796488284929392,0.9622429256614574,0.4797051455030602,0.15606858234946827,0.00042585326149883747,0.2833896503073499,0.09234645206336319,0.0001102629173656782
0.7526663894091417,0.3819219770554836,0.4497526130690248,2.698318310410873,0.08645897753523551,0.5084408961350847,0.3080946393032053,1.191419573077816,1.4782382377217913,2.3640044593748133,0.005584973670350116,0.37437560613305865,0.6092329937026814,0.0006213585316605191
0.5067589515559169,0.29025705551966174,0.3161852694746614,0.2201104430082787,0.054798249703172666,0.30821074862100695,0.9616676554667383,1.2355879573956694,4.606764778012212,1.4039730830764907,0.21749526312290846,4.088077903225614,1.2396242144751952,0.21282852716678857
1.0334581830004756,0.2954368428807569,0.49291464121747036,2.4243600759136843,0.16766320183540073,0.2708260349023682,0.49266245079041054,1.2766433303574636,0.29084364082998837,0.1598385009396016,2.1711157496347806e-06,0.14221215390423667,0.07817148372050554,1.0542705047738894e-07
1.0878536077642127,0.4457769277376742,0.3706481658630188,2.0400781260270775,0.08803091231382258,0.2551500800810044,0.9828187297522166,1.3637401451217335,0.378206830568529,0.0981696185633646,3.502870942318098e-05,0.1963550361857068,0.05097292111739754,4.294233867362678e-06
0.5652229227175745,0.4752247126114242,0.3972362559065522,0.14948734771535738,0.18988699891390398,0.5603974424575837,0.6167899818981967,0.5992891452677646,0.8295311388732175,0.7365069674149156,0.009961919408297439,0.6778918577110775,0.6034016280580412,0.007284083542899843
1.1800742215183797,0.20556780446848882,0.47538509751887775,3.064619165994732,0.12473836184114998,0.27732845942579365,0.4515367086827158,0.41326277765608427,0.21617559970162384,0.13272018435506988,1.1371471527145032e-06,0.12807258764972126,0.07865350146283763,2.1077347705620683e-08
0.8801583072341558,0.20056765086970513,0.2670135717708778,3.2935836286761613,0.15383882404899785,0.3111055685937254,0.7003977875974869,1.2921750016646985,0.8641608000313156,0.38132747492622243,0.0028684954778411638,0.37871171105333223,0.16764009865965612,0.0006601749615352439
0.5815494095652576,0.4556784781754545,0.31675906174719115,2.414652463968522,0.05776644303474125,0.36628611335588407,0.8527332487833446,1.2881001198298971,5.415492964428481,2.2332706125648594,0.18072736700864478,2.970247950772348,1.2013759741269399,0.14913295520996575
0.9468026237338217,0.33183353594759235,0.4190133381146852,3.397901380550301,0.0783632632447033,0.5119683229986656,0.3624373093872644,1.3815336919723524,0.7293947610177322,1.022694754960781,0.00040843902759476694,0.2397366495741697,0.3379537992281134,3.0310792460416067e-05
0.515626076878016,0.5758674182580638,0.2942431075235883,1.8155898857547748,0.15188487405009898,0.3817014907157699,0.785828369336961,0.48055399222239137,5.046230069401052,2.3363334051024545,0.17988548040627333,2.750419140005735,1.2528204363267372,0.1358088877978135
0.635097893001162,0.21638600640866745,0.4900021999715466,3.4871138410437825,0.16162977875309886,0.5539417900365837,0.8635403186385144,0.5808575009841768,1.7224501274255435,1.0974908875332983,0.007496704514797287,0.3453858148653038,0.22112496457734748,0.00043994785684964874
1.172928171404275,0.35453373917693964,0.3643594021424936,0.4206227129611424,0.1177544523442676,0.522495863894377,0.3214812135042881,0.9226147169187117,0.18748543904432532,0.3042282453276245,1.0135904250600242e-06,0.15967932085395792,0.2592052477164194,4.17139579628877e-07
0.5494804030875524,0.14178550017139685,0.3253948368299795,1.936028338835654,0.19345252220034403,0.2201331175552273,0.9477757382198289,1.1389683438854554,2.5820398378109304,0.5857789531897641,0.0537415073865997,1.1450086895315008,0.2584308320415505,0.029751785564265967
1.2219582073448154,0.2668180172257373,0.3680487670234974,3.833024448719222,0.07317791420412145,0.24455326653894682,0.43191399610880676,1.575866450690489,0.3089151398613857,0.17479527141834622,4.927752153783832e-06,0.15891382101534096,0.0899611216190965,3.941577123847001e-07
1.0210762209754192,0.5783642849818926,0.30308021832453025,3.9551628677451327,0.12706857187580017,0.5698475129306142,0.9134126325662129,0.40421680969696405,0.5425045457154378,0.33788563869260657,0.000536275297727048,0.24791814979081359,0.1546294309501163,3.4343876681017745e-05
0.539673570698106,0.27273569778305085,0.37424914272337195,3.7758188082893587,0.16653619644868378,0.4350754020572737,0.7964004850225002,0.8339518238472398,3.4301351834711142,1.827991445940303,0.06108255694038415,1.0623373523038693,0.5624139840062499,0.02500184350883948
0.3973573627875349,0.273410412374011,0.20693878320484968,1.2797859797346076,0.13736519265881952,0.49027654178053426,0.4665859885622978,0.5460285134740525,7.866192855853764,7.474349983219843,0.3481572994786227,6.641872872660553,6.2066927099356315,0.3444774246384004
0.8298381823350238,0.2821115712602147,0.4275826267675874,3.5458579445277163,0.07590153843106581,0.5776933934322971,0.8253911025184332,0.6234066282624106,1.2914577212289637,0.8988579176187116,0.0042580846960683805,0.32455682005886427,0.22683067503046123,0.00027694012923586326
0.6541557100311564,0.22464774472516164,0.3669262560519938,0.8509760477247428,0.19855303340052155,0.17452956407610773,0.33036242973651053,1.3360075614627829,0.9424721357807121,0.4814097093771811,0.005860802463560718,0.4779507809752981,0.24669201310179076,0.0020923049516970464
0.6645337348019436,0.37094905482297447,0.4533354167943106,0.3637013061646575,0.123203660404726,0.2848501742700088,0.916363327797536,0.6087248320625472,0.6740178883416643,0.2081731400896596,0.0032654176871416726,0.4386857820988363,0.13579105225562302,0.0013953367551794665
1.0404812189256316,0.4618536643459239,0.2629692435125006,3.6239052597783745,0.08823568414077153,0.47366079517291737,0.4223389785003855,0.6579847940596072,0.6450635186373708,0.716904056726812,0.0010105134313256874,0.30074789155051346,0.33630563865557184,0.00014416039809384655
0.7851764121265126,0.39211761511641563,0.34270491124732366,0.6700977706005411,0.14867988393575804,0.49367442207983403,0.900595677041321,0.8313572762531523,0.6731893924835266,0.3671347188633607,0.002472976597529138,0.405174860901325,0.2214084337977488,0.0009112580973570006
1.061357023088036,0.42004623685728293,0.4000145957898139,0.14827686316211292,0.10535452537807008,0.35562208838945264,0.5189031386302492,1.2566040917818477,0.20284206904302188,0.13898792542570731,3.6612727657884473e-06,0.18527823554139908,0.12695871325337205,2.431801961593214e-06
0.9187791273366672,0.47914558592263556,0.44357424241353205,1.546115489926119,0.08155853913387204,0.3686553600958221,0.8068927571842499,0.4411419338190345,0.5144970500531167,0.23470924472582555,0.0003723929045975161,0.23934685252493515,0.10932448496871999,2.882195912112012e-05
0.6519415979666261,0.31642878338131114,0.43476730556493504,1.5238596170039853,0.19265110846020522,0.2075115951671225,0.9595054827316676,1.2394438607503906,1.0188755060179162,0.21941138999216606,0.0032946105885224243,0.3628049722995269,0.07830411091674433,0.0005588066334216652
1.1273198655421939,0.5953902304279309,0.26944545114156265,1.4814580044444121,0.09058343918262894,0.4501428670266866,0.2655754860491655,0.9118059376810754,0.3633495730909067,0.6090206447328177,8.386280104747827e-05,0.2352618137624347,0.3962228013994524,2.057865462133767e-05
0.6414352175563985,0.3554551578333225,0.48330202484986234,1.509209039793756,0.19517488089346247,0.4886710889140927,0.30017126041941483,0.627649878273647,0.8931863253470012,1.416055698794541,0.0021369897735404957,0.30789043669787314,0.4967218361546146,0.00021491661906290052
0.3706593934011017,0.31441883778667046,0.4888165546774473,0.6765334171689799,0.1520621094720597,0.5190508460444279,0.40732111082897915,1.4372611290895616,2.908800818510315,3.4456814237147833,0.07551200610602583,1.4904643826153372,1.734883482112096,0.0510664243295008
1.2123553265817573,0.4225413996266292,0.46039059666811183,2.3985683710925496,0.08018813869295228,0.4366654888372783,0.6917333678042255,0.906215309438988,0.24326421791058686,0.15355653915447967,9.152422855751543e-07,0.13613245721945988,0.08593290175919856,4.6228320749276655e-08
0.9456285880086581,0.21568154441479298,0.4968254932487356,2.7689158532600535,0.1194375798839767,0.5879934201475292,0.40539407746669637,1.029654825166423,0.472218333919439,0.6834059966819322,4.3014927420920807e-05,0.17776178461962117,0.25772143823741445,1.8325082187612533e-06
1.0510856343414867,0.3658234546190483,0.3646889353863274,2.640627004599709,0.09996436203461107,0.2568006291911589,0.5141812016378065,0.7965898172432611,0.43026334362105634,0.21459351520271994,8.673967926858007e-05,0.20746564573401505,0.10358590165797149,7.80949636041085e-06
1.199158680301978,0.26945358348782766,0.36172352780901396,1.3626099933462728,0.1806425254014875,0.5954716750239945,0.49802637001144573,1.3320374749431956,0.1921035009478959,0.2296657669872572,3.323956454126714e-07,0.13731989773841904,0.16417878866569904,5.6814699909373536e-08
0.4096717910582453,0.43161658851479345,0.3704197137571197,2.673786300837662,0.09712621592105772,0.23518354829243196,0.5456866286748452,1.3893286970886738,6.731314731827982,2.71978526670255,0.22376329827203048,3.9178533051985935,1.5282846464281685,0.20530355920695537
0.7776708749638086,0.5013162245342563,0.2042444210826629,1.372475013986069,0.08950635269804902,0.2111403232474264,0.5128660120466905,0.5616211741538629,2.725388276371195,1.0454577661966726,0.08974220964142922,1.627472202445502,0.622468071972266,0.05807050638729678
0.6247547259891693,0.32438941749949735,0.3130760063197417,2.0956263381443523,0.07250853972993003,0.19549639622785783,0.94360129069612,1.2110737556200644,3.9864649138979487,0.7996250411954456,0.11637963127314878,2.0228963881495434,0.40048999857423756,0.08479722936771744
0.5466886215258491,0.3224492239913508,0.3207697754181035,2.971343803494275,0.0911280033982787,0.5579847553071858,0.9661542021615142,0.5156107670002155,5.428234867875612,3.0321840962037667,0.16667385311034966,2.66789338284141,1.46506280083022,0.127367742021408
0.708221606946619,0.5887778459254798,0.47181795226066664,1.4757422695817548,0.050530400818743645,0.3953129949811367,0.42293260163947577,0.5316320430403203,1.7292447016639665,1.5625322255881577,0.01574934244143307,0.4922522724084276,0.45292074023797924,0.0021462956986269227
0.589342225188251,0.43986821123508235,0.21060113167555541,3.6304759611960917,0.1055409678038802,0.3775266066390759,0.6224422351924991,0.970043921254133,6.0670193997789275,3.4430890673191317,0.23888816174787023,4.069721141018819,2.258378106440055,0.21816342367107508
0.9437039054857638,0.5854607514302569,0.2336813507913451,0.3676157372258211,0.05172015530992728,0.33193939343718354,0.2988824162195658,1.1596724073285816,0.8107746861598922,0.8578826098046344,0.007171895509116389,0.6185609956445149,0.659274086316737,0.004660455753840669
0.5253507963925499,0.18595336147847788,0.2784265999831181,2.3158076707186,0.17149123900090002,0.3070754081235232,0.42689550087062944,1.15679925603526,3.937715660080238,2.615471227895687,0.12113124634081757,2.2293026622209204,1.43935254582735,0.09802074655566677
1.0558942424006406,0.5208278724803567,0.46137642716348676,3.5538553562979796,0.09915736873918456,0.5295198005979647,0.8237043009786953,1.1787435149675,0.4258369266966069,0.273712364655021,1.878970450607433e-05,0.16724029313138328,0.10750706915712414,7.454242959795125e-07
1.013939768706066,0.44469570266811675,0.2071304293734679,3.7084069789767664,0.18170955659396748,0.5674479673971417,0.5663743271987718,0.9736872627495801,0.49726542487779946,0.4967216644779554,0.0004325068558826527,0.2846713674579906,0.28485796517074996,0.000101701434653296
1.062726423449302,0.5028168360847061,0.46820095464657907,3.1615206762180312,0.09599471177704808,0.42139205783331735,0.6072686893478987,1.0447303777019599,0.3960706546293751,0.27476027443498535,1.4840497950684137e-05,0.16398144724856875,0.1137835529880321,5.912683918058413e-07
0.8553387827445866,0.43286280239463126,0.3981721141978496,1.28382549434299,0.09794315458046138,0.4637086185745166,0.8436204162986698,0.7490959798799242,0.6870409567422808,0.37650480148269355,0.0012364462917902055,0.3119807925130137,0.17129572005242957,0.00020439910241366568
0.6584351012452208,0.3004730318443355,0.2948583982878231,2.013117710566302,0.11171856737219552,0.32976611133263367,0.25309656880569914,0.9777779927747526,2.9424489028491085,3.3709422690691992,0.07270301353186073,1.376202482031984,1.5556569948226215,0.04270786786114288
0.9955980872695326,0.4816448803472222,0.2494101368605266,2.845167223214399,0.1908176887906447,0.5128683151684967,0.459632656923191,0.496328015982106,0.4411730686725351,0.4903131658373436,0.00028995658577773883,0.2544269325429129,0.2835671950612537,4.451378667619942e-05
1.1640986682859247,0.30678355659513434,0.4388633692037913,3.524284530338311,0.14455751413804202,0.19666707741613942,0.7828896933913304,1.0100563406367455,0.2576152081971477,0.06471234245789326,1.053469929419786e-06,0.13487967549439941,0.03388168434816329,4.439163178150755e-08
0.7270282008468385,0.4206135935263815,0.25132161180409235,3.6601548267788386,0.17251212583990283,0.1911572400017624,0.8707101918406288,0.4301591771271699,2.1952842761376163,0.4700153458705498,0.042513174364375475,0.8039218638923905,0.17329057215664997,0.011705827164820251
1.2292444852810396,0.4368130516237193,0.24498317237992148,3.783415033641568,0.0908771059580806,0.459386946747008,0.9943575919850635,0.4162677800081248,0.308331890190777,0.14241466395259064,3.9348137508396607e-05,0.19841236257175543,0.0916601297476762,4.309460593109114e-06
0.8773749041278787,0.40754938034327237,0.3418538612318198,2.716676350783652,0.1691198545992224,0.3305522035794576,0.6667421571510206,0.6453001977781354,0.666442545797421,0.32928391438679766,0.0008771039728060955,0.27691472671180045,0.13716777899648855,9.200511028247332e-05
0.5679047568773974,0.3963228638407429,0.2549821047945778,2.121270001874443,0.196946870480678,0.3150223434333962,0.604152847495857,1.5450804768993338,3.3055073509873196,1.6342638629380126,0.09868185899835637,1.80112450059091,0.8780091695686143,0.07041945943952682
0.6267674558963232,0.11039131895113902,0.26244882590162427,0.8977357303764835,0.10492343964837883,0.5592856242137201,0.4129212579254329,0.4758442823227051,3.13654877416895,3.8668102689402843,0.10991992804319414,2.1128384487666416,2.567744460592962,0.08980253856184131
0.9985518483627338,0.2944181299657148,0.3023007567484829,2.606540225547621,0.1307746898179066,0.17950059162565446,0.9409104933072472,0.5275694446689717,0.4961255607164355,0.09453008849264094,0.00038838830548136274,0.2541073776200941,0.048461999300375834,4.7408360188037976e-05
1.074924606314224,0.48963739967471065,0.3889547225400874,3.0420850907654975,0.15146108294292737,0.259338823813242,0.3957534656406534,1.5331290813993932,0.34359632779846844,0.22486744408432977,1.0099995583855724e-05,0.16843874833483835,0.11033567454267339,8.08161712791734e-07
0.7979497339767592,0.5509061904781504,0.34347088053982994,1.302488674517973,0.1653889842231474,0.4733729349061,0.6287163755313945,0.9135931181613072,0.7694495105882802,0.5753456365774443,0.0022261953920187294,0.3634591351481669,0.27276840465584223,0.0004954453537167963
0.9299557958397501,0.4624493580633623,0.35880995648869196,0.10693624303932248,0.07076498775053358,0.31312347903142995,0.8781032601538918,1.2491306163791238,0.3503949715059825,0.12478913085554082,0.0002801249334092366,0.3172447950095564,0.11300426770804974,0.00021573839220611737
1.0680909107334746,0.2717409501980164,0.2819652716577831,2.6357302853249838,0.14333855292512437,0.2671718848860588,0.2897468005795443,0.7206362229705865,0.3801396410202792,0.347399327586872,9.029836407117618e-05,0.21977101151688583,0.20184901103674013,1.3684018593190301e-05
0.8908714637739755,0.5722305751867119,0.26672589804653757,0.16020992941452944,0.1628213559406274,0.42439506364323054,0.6247477413551463,1.2949174880671777,0.4126979067870983,0.27929330391911034,0.0006442166784527022,0.366298890549303,0.24802825925329905,0.0004888544253549113
0.42575894874024883,0.1749518649888699,0.4310384561230377,2.9640241921517583,0.18291203492688551,0.35648798887687727,0.7259696978221153,1.400214998215691,3.699764617156749,1.767158452001694,0.0678505378781546,1.2514742705302526,0.5892530963499445,0.03629627024418141
0.422141995516921,0.27492591336446176,0.4423648891947689,3.672728895249811,0.15864170263451072,0.3840763789616946,0.9449741411553364,1.3505649647082012,4.380453693233124,1.7423149390733343,0.0840411175132228,1.4373914852457403,0.5634855651717242,0.04753687096768533
0.747046030874325,0.11395209540192364,0.23308758869285578,0.9831079697207714,0.13915820763433107,0.5163319515980512,0.38769002750211884,0.7030149806993051,1.5508631885399489,1.9365717582729869,0.03173525258584818,0.9596320450977692,1.2025389365985162,0.019363323344531627
0.49212049001519076,0.3027386775234968,0.34702319347866767,1.6383145093815046,0.09979850060946338,0.5212188965565112,0.32244619597133656,1.147297962737183,4.8985644329876115,7.052655859762014,0.1607886463675418,2.8433378163294494,3.9178959449912885,0.13827945959607346
1.0821810111497316,0.11497408927911304,0.32342629859129335,2.475625939555168,0.12169255820192894,0.3372358124101361,0.8829941270757162,0.4586983618724412,0.34219812411575357,0.13064240075014028,6.413728559857564e-05,0.2007699514514396,0.0766725424588717,6.212464255453327e-06
0.4050246332049052,0.3092652045911687,0.4755917834629077,0.6948028602232118,0.17112299018338012,0.28694272005650245,0.9277452375675623,1.527155689306206,2.3713703994245603,0.7152945123844185,0.05159818287336936,1.1418728282801394,0.34290872184828497,0.029852901986604122
0.5629351667080156,0.3653865958036432,0.30625845932016965,3.1908597597194417,0.05028707065304155,0.3859798652824262,0.7264184263872299,1.2461696561383984,6.056196155856774,3.064722728862943,0.20535514193961618,3.5303312273458873,1.7435296033251484,0.18254375978215137
0.5719998145550238,0.5643835103715836,0.2793635552107261,1.0089275575826642,0.13474152987362542,0.22772149457184734,0.7554637728995002,0.4003011536537135,4.0245003469633085,1.149121857909677,0.1560614109865958,2.4752759202067507,0.6997564182809599,0.11718649538541184
0.46433728422937204,0.1991331502168086,0.4569445493125939,2.584040007982873,0.11205278990157547,0.26048476001286575,0.7755755172318348,0.6413166064481446,4.256261917686914,1.3897851806655266,0.08485935428448871,1.3745444595812069,0.44241401078970577,0.04353908390856609
0.9409911093419522,0.24969191247797687,0.21993068805775834,0.2614025136287434,0.0534144821816938,0.4593579236088394,0.4463968238951946,0.7111581244916628,0.7508509938400973,0.7511520466058714,0.007160137444825647,0.6289511853971926,0.6311233804560056,0.005381921153204667
0.840675092844503,0.44553895261189214,0.276023572090623,0.6384431747138881,0.06119707088062033,0.15503515183428965,0.26333297985021215,0.8062467247460479,1.2154902226718995,0.6573389652277327,0.017881674601536262,0.7560229445841113,0.41477539327912955,0.009488936406233283
1.0994783944788389,0.339327146282718,0.4673709122856814,2.6241555509186694,0.06294472778738253,0.5791156348910113,0.6708888042781308,1.1986313117560494,0.3682471910088761,0.31781829361765224,1.1430078196982407e-05,0.1637028396186077,0.14130382404598577,6.027156096968496e-07
0.8146147236009897,0.3353072489040275,0.31478886067014317,3.419992409229095,0.0902663741869173,0.4063328984442586,0.831429789181449,0.9063037782100799,1.6879940082386364,0.8139482970165133,0.015773046215206754,0.5532798461181799,0.2680164296132373,0.003459949951626758
0.6949779408798175,0.5830537565374783,0.3812222812676701,1.2100484399210383,0.1568944179048154,0.3652069445689973,0.5050073509624252,0.7171839832209453,1.1779525586678385,0.8343976407772977,0.008530530366080901,0.4797599754998453,0.3430163293644279,0.0019420699488058373
1.1470610880859757,0.5068824931026136,0.41002705004211537,2.1365889383346928,0.1356738547209287,0.3761395424865148,0.8102103467890123,0.7347286293531546,0.2473196611736462,0.11481241041676508,2.2208362203404544e-06,0.14873403064555343,0.06904770063268074,1.6055949872658577e-07
0.8423559576287489,0.40606528852063295,0.46278076580915595,3.0345019351767046,0.13426850689929895,0.31420921462331186,0.36279360793050064,1.4694182577821833,0.7698540565467601,0.6619693244011455,0.00039292040410707614,0.23293405209452678,0.20136295225007092,2.4833653120010332e-05
0.5197438979266472,0.41499147394712654,0.4765950647871765,3.7545001097729953,0.09133515656171434,0.2096034079071551,0.8742750867201157,0.8462653114212417,4.305050494123334,1.0120538447059948,0.06660822015987526,1.0105425861001838,0.23591770264596362,0.022097013798497152
0.7153816985798928,0.19401453892131754,0.37543587108936205,2.0735258993446317,0.133567083914572,0.4049647902510355,0.8884756238486666,1.3382491581662257,1.4063505792455662,0.635205337209244,0.009471853647092238,0.4869094038807222,0.2205761248687801,0.00223266034558915
0.8738637185986684,0.16968989539110332,0.3455020127784695,1.4678160685047146,0.18902764061729638,0.4419537251179021,0.9228799960749983,1.341482819595094,0.47981709432768566,0.22957187955273764,0.0002654488703649452,0.2547136586184585,0.12193552111644065,5.410115939140164e-05
1.012316998883454,0.23790000136151643,0.38078035608725314,2.18612640640719,0.17298739642868827,0.5407780390464217,0.6777857497936757,1.5072458465042042,0.3431529488435616,0.27372654261278256,1.78960900330169e-05,0.18047574678170578,0.14398512810272604,2.0484451334891144e-06
0.9721847626381743,0.4110937333048408,0.20404845833401097,3.860376622410056,0.13101755581714858,0.4776350844035697,0.5688004623667087,0.47211676115711076,0.8108654582907174,0.672233483852715,0.0039579074890390906,0.4027306887302864,0.3363988597990376,0.0008114395970990179
1.1329476899409836,0.4305299078089979,0.2616233411098081,0.5114907294285422,0.0555421321550166,0.3576892774322743,0.949671274217648,1.1618635232523333,0.3272231569447177,0.12318826291709217,9.798612545413954e-05,0.25942462182851384,0.09768137823050223,4.841796273217495e-05
0.7942553215579011,0.13743502791111892,0.2881609160260292,1.7963154831364272,0.1811032640787153,0.4432482763096274,0.3045112647590888,0.7587095870425367,0.8820600861940939,1.239885097968919,0.004366772419159357,0.4208872238971782,0.6006710108751983,0.0011666209093695583
1.178974789510795,0.13125349673458603,0.3616808451468536,2.2736770445265115,0.05853141684123053,0.5301807569505939,0.5759471021350631,1.5654914820822956,0.32050102637113836,0.29494921838207194,1.2271194483198585e-05,0.17687795517024546,0.16280942453399352,1.5353726584115444e-06
1.103401926754675,0.32466903560634397,0.4326511108745597,1.1439630542805612,0.11356295816360325,0.5387386136591354,0.5584316182713205,1.4637830875073221,0.24828403881124736,0.23949490992791445,2.5613825343704356e-06,0.1576053992888609,0.15203944710254225,3.797116840475397e-07
0.9321141749967579,0.5288922846679,0.48518324276721253,1.4167356411286547,0.08703999275537783,0.3734967108340452,0.9789359833457099,0.7675879023712824,0.43796558916232337,0.16704091816983255,8.701985231345667e-05,0.20542904410662494,0.07837194202950727,7.2592144641647986e-06
0.37197936932943804,0.17348125599551087,0.44172883390351514,1.9040493342314362,0.13761875594252249,0.3658840327920234,0.7352934725966025,0.9512624374314004,4.80658528919389,2.3027952827466156,0.12653247859449815,2.2440120627562705,1.0495668265476672,0.09942055623513744
0.6478768886659004,0.5840320994373425,0.3960176112185936,0.6149502002536151,0.06710946181423809,0.41349368548310994,0.5569487377449587,0.8146434616069198,1.976904289137742,1.4028009607071503,0.04355722585332929,1.0222907982318714,0.7272785615992291,0.021887592014710487
0.5294208660283107,0.28393882715853147,0.31751657934731814,0.4523122176096909,0.05438495082493189,0.45275848884460845,0.6762175413763762,0.511991142631223,4.6094063882186775,2.8862948739112966,0.20005351472526123,3.6687400945100554,2.271282759940503,0.1885205997447054
0.8661192276242898,0.4548906500903709,0.38561504539046976,2.006604727867865,0.1965947808760365,0.22050549094622895,0.714974875961556,1.0582544628871107,0.5051996595037919,0.15565200642455956,0.0001897001385542917,0.23034258508498726,0.07102110590828387,2.1881628850947087e-05
0.757461228326327,0.5316790855443401,0.2232364675650022,0.3592668710033881,0.11046824868889671,0.49144649297155296,0.8789716191827532,0.6898700758804079,1.7576800245403843,0.9480190955096793,0.05284495554270678,1.36186908742055,0.7347311219678396,0.040985191027713315
1.2477872673844383,0.4290925196863622,0.34031479460206404,3.378547322588999,0.17635997512178458,0.231062972618573,0.3178345718288676,1.1893549111741244,0.21431763660737016,0.15551467505955593,4.287046717127128e-07,0.13493922373366155,0.09799646507187383,3.9286902388866515e-08
0.6185607759165985,0.5908402977849121,0.40377938782241085,3.3273170246488712,0.08612816194680517,0.46542853150800456,0.573485700320055,1.1021544427344216,3.7356174399093316,2.923980223629037,0.0660136754534018,1.006431841621985,0.7842512673696185,0.02118348512079381
1.1861788786856882,0.4020549569226902,0.3780181574709295,0.035317732148340275,0.09328660086124516,0.39020432567522645,0.9960197735454848,1.048311837622287,0.16274325416677535,0.06375495647087696,4.5842467206598043e-07,0.16000136677196847,0.06268082052111833,4.139068758774027e-07
1.1842928660054977,0.22700148328678418,0.2857100959005449,0.42982008365716534,0.17437210595640523,0.49551439081737636,0.8975701562089606,1.3344299071709567,0.18680867865060063,0.10312644119181143,1.0874585348060769e-06,0.16251054619367677,0.08971311208029194,5.441643804301152e-07
1.1696247497429144,0.5377532706686666,0.35747975814407085,0.4984425815383433,0.09415592428588998,0.5577825570510458,0.7339031714437612,0.5969665852329487,0.20537872862773213,0.15608222308237693,2.6498141831553165e-06,0.17240024068668597,0.1310227394252478,9.564312124956223e-07
0.36468765397488134,0.3581581612192657,0.3054434669170947,1.7467186922064208,0.17697035183623266,0.2216420366608186,0.3350665475643567,1.0945703429855262,6.22536537390034,3.637038803505862,0.23525804765190997,4.290971028806278,2.404597490292317,0.22418296501237683
0.5340221957404595,0.38686013300637534,0.33390232562176775,3.241172225235049,0.18506375639642642,0.26641038019913976,0.6097502046481786,1.448086027603563,3.4346955493022358,1.4420436948699338,0.0750911385200025,1.3334650206206875,0.5526341782658688,0.040520018049223144
0.8481907343626325,0.5774067342350814,0.23727778637834873,0.29021170890344905,0.05683573605796355,0.27389780591804114,0.7648445120700977,1.245646995113887,1.3157623363833628,0.4568777735027745,0.02853251061997095,1.030088060619218,0.3581936148310405,0.021423521144447528
0.5946637829488203,0.19793339531437942,0.3859417883271826,2.830891780793427,0.12789780457506827,0.38983994167974734,0.35337175454800335,1.562746412785438,2.740160242034894,2.8535660382217887,0.04166652604083247,0.9041800380775625,0.9356530259481,0.016906938627412216
0.5180692988479352,0.22615628357964748,0.20828929617976463,2.838626021219845,0.051343108620546564,0.4261307601979225,0.9533041309155013,0.9278015269329299,7.854906880054753,3.356952715089165,0.3278646514606173,6.22212176676496,2.6297667047128046,0.3237282223044434
0.9226354092248343,0.1752991719981344,0.2681495186542612,0.19155337470195638,0.1592658304248824,0.4810839878995886,0.49478178489314595,0.5655710194620458,0.3538945959630114,0.3428362110814867,0.00033734987412398703,0.31797957065176596,0.30826504530014937,0.00024302994795108077
0.3988754074833673,0.4652456748304161,0.23484518604016885,3.963721224930541,0.15080768761262636,0.5372240148386269,0.818608951225378,0.8530948937108196,8.281218998189795,5.16682629372972,0.33176413621035106,6.046204309520393,3.7099868585039126,0.3228418531874463
0.9788907806458989,0.38453518092856775,0.3058980530625282,0.7178191113566372,0.07666485013278701,0.5181375936114606,0.6719119733195369,0.43653033246250317,0.4635559217472978,0.35622231037994334,0.0006981337745588674,0.32158536513537134,0.2475658908197041,0.0002352126032927111
0.499400522127746,0.39879532067596457,0.29866984602121127,2.371164657923434,0.19628195627377631,0.3709401150477044,0.4087696244920846,0.5302668576939351,4.191464064274113,3.4946529750843474,0.12567442870479123,2.0100431335185056,1.6365001472014293,0.08456046383359253
1.1509618933565515,0.5744423647671161,0.44604228793267975,0.40680986412714903,0.07152000315536312,0.1665384246696512,0.3798125474050418,0.6655800915217984,0.18564965220129967,0.08135235746586546,8.709535408907634e-07,0.15625458672287001,0.06848559001641658,2.93483652147524e-07
1.2144405167774452,0.12747844335101133,0.35656836368269185,0.8069452686902845,0.11643741801422716,0.32910148150628993,0.8364593419961925,1.2983228777512164,0.19529304442250703,0.07683479930774574,7.802202242395229e-07,0.15047784025048772,0.059203182656615914,2.1081958939296047e-07
1.154809786909,0.4269379971203663,0.21698832329392048,3.645806156995111,0.1659614184560483,0.40161158951577935,0.5111177550110754,0.9888949683154747,0.31763413378551125,0.24939605935084397,3.1279097661829514e-05,0.20568874739053558,0.16157754177144504,6.508124460836871e-06
0.3526212509959425,0.2439134693975733,0.31888452814134927,1.8431096027571172,0.10758223318811369,0.420237446409677,0.9743485220084389,1.4136987483506087,7.517027908389193,3.112030648185977,0.2928263318481516,5.558461265325715,2.2699805057379026,0.2883266649436427
0.9529882678564457,0.42446088711913266,0.44681935175445664,0.3016562350327259,0.1868877957974971,0.2958773565636336,0.4686163325982107,0.6575377802880531,0.19823967580932927,0.12513184859825474,2.525579220872631e-06,0.17080679271317978,0.10782719452493779,1.075827813490061e-06
0.9250913738682551,0.26052033551976117,0.45270675762683293,3.4736483177457576,0.056434881673993395,0.19784242346680875,0.37565519558034133,0.9433801940101627,0.8381935559755501,0.4376700492614109,0.0006524176804221649,0.24305664658145015,0.12776250150936141,3.5254304688847264e-05
1.059441370363257,0.32894810789338247,0.486395716764253,2.590574437487021,0.16350667690653936,0.3046504415723206,0.6305058559614762,1.3081710842581056,0.2844140125791003,0.13741362336478008,1.6948516663298737e-06,0.13974221646632062,0.06751914931494915,7.977765121984244e-08
1.112223223950973,0.5669806117193636,0.22744812226204725,2.9062509801177128,0.1732881949620969,0.3316631217227942,0.310127433267695,0.6952601019085133,0.3366256609896362,0.35792114887162435,5.4612356917776806e-05,0.21744293888007976,0.23190452044213994,1.058742448984495e-05
0.5470718403144068,0.2977494455812544,0.41566365688252743,0.5603455159337728,0.18027357775370645,0.5993269358470877,0.6481135350698131,0.4340272940974999,1.2640349583006316,1.1376785574264374,0.018764116566442328,0.6907644012039847,0.6257904448266625,0.007940386558505598
0.6919885377649453,0.5014083088291031,0.27071286172000963,0.20167609357683908,0.1407878139867919,0.38084944957935074,0.5228604670782269,1.1414809625398719,1.3664222147095195,0.9447151003989397,0.03352889983622678,1.1223073534675836,0.7767690518634603,0.027235347175385526
0.47064514496356424,0.5792807864853804,0.46874010142558364,0.5759843443672423,0.12349146120775109,0.4343255935385337,0.8269640701864177,0.6750181458110484,2.3699112990082063,1.2050346690325235,0.058799160459273705,1.1874908808583136,0.6027516540716263,0.031843373894478846
1.2284875352743254,0.37662822430545384,0.23066979678485988,1.002528736701968,0.11359441138815096,0.2526264582079575,0.5860867902564926,1.4596005657307702,0.24881255375368228,0.10722414943875345,9.132967406730927e-06,0.19397337963256556,0.08360005560135637,3.534534230596159e-06
0.9144383110543431,0.1819006187949453,0.21433797698653753,2.877330908159341,0.06828739883678273,0.18734159205738735,0.817746038182766,0.6375522638722235,1.4086114065780966,0.31673800369743454,0.01869240821690296,0.6742404900438139,0.15228909435945737,0.006918978548403784
0.6932831509242159,0.24185371687153837,0.37300483935337714,0.2843950606403061,0.15471516210241282,0.527978988617919,0.5317204700479625,1.1730279047782015,0.6707888625026307,0.6562756292716636,0.003874213063613177,0.4901769251747357,0.4809741357367543,0.002285970503068255
0.45672669387511833,0.5106343762544396,0.280089895471525,1.228707286011894,0.06993556627058538,0.33367952841935944,0.7380838175560291,0.5886487293634484,7.762070044576566,3.3034553032111598,0.33317162863823585,5.932629100548208,2.485913604286136,0.32198002322431174
1.0248719563860207,0.4818610283954834,0.330344743987782,1.9266933144245524,0.06965019278516091,0.2088737699742128,0.8519596792640765,1.5977236860003008,0.5552226637982156,0.1359633032314886,0.00036027454598415855,0.26719484384428394,0.06547910460697269,6.324870974889156e-05
0.680188703698939,0.2511865387481371,0.3114621824275201,1.6912101051085167,0.1858895572115979,0.33647456941993364,0.9077258919507609,1.037007340624172,1.4544662208108938,0.5316744591231909,0.016116364684551018,0.6236799742667907,0.22863084881306345,0.005579543732873623
1.1384100606812073,0.15893907030534205,0.33094869449848513,2.289147690114838,0.15804458087204742,0.3463176670938053,0.9994581432555898,0.7742648239899811,0.2599931567987736,0.09008376499864212,5.802586734519286e-06,0.16500776660886105,0.0571742493268768,6.974671234069439e-07
0.8832701783565128,0.2556515297288836,0.2823485860620807,0.17651350768833407,0.12860497594098252,0.26248050421173663,0.6182146715389427,1.067093397547689,0.45204850511815875,0.19088383162050843,0.0010664210747265382,0.3936521483470298,0.16636139169828978,0.0007900171652230909
1.0024442697955414,0.4028858848367337,0.3282160602614961,3.2819565762478407,0.14133905601084376,0.31876298427336136,0.8003386771971546,1.5163189190649646,0.5020501581419905,0.19982286756589318,0.000153818109675086,0.22848458553288303,0.09098409245993604,1.9014291874512093e-05
0.8251793124471897,0.4369855138433556,0.4923383766005713,0.07158560396263111,0.06629783731182282,0.16308839739392972,0.7635074560351023,1.5214239314301512,0.29872451986330645,0.06375859076721457,0.00011213356131211668,0.27413051378594694,0.058516139260694544,8.742871107478264e-05
0.7924685766079487,0.3887031889405679,0.3381319433517511,1.0943901264897458,0.07999888452222909,0.3490209191372857,0.8137268279323651,1.1380377401525688,1.241884488003213,0.5254484028430902,0.011663805665922027,0.5773457727734356,0.24516363589342915,0.004023657823927896
0.38070864618248046,0.3731534025992772,0.35783454630607503,2.5410285510968786,0.05801032129024629,0.5830771783993778,0.835725591816377,1.4061339730899771,8.127679798612741,5.420387038759854,0.2977493625884052,5.4982467939283834,3.5947661840506755,0.2900000512792861
0.45329072725465264,0.12843573684470805,0.32253857557751175,2.7639695964216684,0.0806951155177091,0.5962712256413791,0.571204814691467,1.4149363900170298,6.312555031949698,6.18274155354807,0.21897131304325215,4.1124033738646,3.912314883582425,0.2096601446128762
0.4135174947628294,0.1772137071392903,0.49988227561482124,1.916011455052548,0.1500708149502653,0.1751408800136981,0.450040911604834,1.584450888046268,3.271253708087143,1.2194010606068502,0.05232544922825625,1.0356344740819423,0.38035000887770953,0.024123731169228058
0.8453999962622505,0.47733191669807085,0.32415339219889105,1.5379493002334332,0.08495264869891547,0.4983866899435002,0.3478014036865076,0.9881138370905559,1.122390591325432,1.5554766081768239,0.00728965110875649,0.4786812797191374,0.6725349928540035,0.0018550300913963839
0.6196444692638428,0.3598235151050906,0.39508545467975775,1.8864766314518928,0.1996622533425521,0.5680342639085061,0.3118078412675582,1.1735384698338942,1.461027180152813,2.55079195944928,0.010221132949068595,0.48540785590881114,0.861242273684804,0.0021965848140565974
0.535830863324447,0.1500732692607657,0.29347503115781753,0.974718462411002,0.14978917928861235,0.30169793958086033,0.3389993899591336,1.0701534879592125,3.33781576668379,2.656701570661052,0.11210758717593075,2.1709895470083502,1.6865455781877703,0.09406420489506631
0.7753498852731299,0.4513256681081209,0.23524005140549945,1.7277155124661014,0.17241300096396603,0.5874937441391579,0.7029485899169776,1.2966848860956532,1.3466742512443948,1.1022008344825533,0.01685859489300254,0.6831438345068637,0.5612948985116658,0.007061797475684393
0.5993687479575378,0.45659758292090424,0.41162117110342394,3.0542070698323043,0.1478949709681232,0.17572375314440528,0.9639584460399254,1.441150676544598,2.542383437901522,0.4573684796164174,0.028671977331095236,0.6704831180153487,0.12076847114567114,0.006985953263369432
0.9593309144894588,0.2221756363623088,0.33132069228577227,2.129061394567139,0.18092970695906901,0.33844190883667136,0.3156937863736297,1.5714729780228258,0.4249740689641895,0.45263897735861325,9.849021618199861e-05,0.22175774810360882,0.23706488964697248,1.616391546214532e-05
1.0384992901907457,0.5971666496275109,0.2632873532484623,1.354206860080491,0.1957413073246254,0.3620058533050033,0.4538453443452154,1.5122424563061503,0.32723479721796844,0.26069331206906965,4.268770449813494e-05,0.21974677878832224,0.17517932401351693,1.215140888735891e-05
1.1628435459776112,0.12338501924460712,0.45229392990853634,2.4070885793157433,0.17211311513429478,0.19186829279283057,0.6404510628470368,0.7808255282406438,0.2052859139891753,0.06149751050663962,3.3159845489924563e-07,0.12575437456456479,0.03767274049639804,1.668649579263699e-08
1.049245235014515,0.29413720131358057,0.27382716710625066,1.9504662777644413,0.16055628400513208,0.16227648827375674,0.33063987586657706,0.5902349651190008,0.35334383750642284,0.17245650793120756,8.838375840669641e-05,0.22413498737380086,0.10974859569464888,1.6329686726382413e-05
0.45987663977848303,0.36437902751258966,0.2725426729658456,1.0816433102141507,0.1680189762079805,0.3990513222267448,0.26847585276702157,1.1297495100866062,4.923233284897781,6.188737331423102,0.19628509345826156,3.5455796201917322,4.294360830973383,0.18240714275614758
1.1149761917701049,0.20208202090187877,0.4934858823758804,3.799888311276801,0.09631729484434097,0.440386726463065,0.7621237393586793,0.8845587025760653,0.32728630067496484,0.1891061471296605,4.0928045546306705e-06,0.14233064349042013,0.08224221062314077,1.0379263343732901e-07
1.1290330103167139,0.25910257878356835,0.44289635011240114,1.6063151735370214,0.0720931769379183,0.36946210922352307,0.7768247074791795,1.1169101126814744,0.2810552417919309,0.13366157590508349,4.786377756220041e-06,0.1600776883915806,0.07613140744216834,4.64664263268229e-07
0.6103705456744581,0.5501472200463341,0.4542350573883678,0.184782802217976,0.12584762747374287,0.15971745743098864,0.34876948817422354,1.4824507176846144,0.752835506606446,0.33294008306097445,0.005941761350722649,0.5636175140477512,0.2505905808498299,0.00379650930082738
0.830137314745313,0.3326055728131514,0.44944077188988196,2.4327132121952904,0.15752747609427808,0.18389288037375584,0.5355102659274875,1.0499380181468712,0.6573253375693778,0.22516289353921012,0.00033993735115969866,0.2321085349123545,0.07966267812942626,2.489355240450898e-05
0.3916918578368734,0.42753881704408914,0.3750128322503676,2.9796360978030547,0.1554005009502914,0.2749833332530333,0.47771979078807336,1.497259694407877,5.747592449295999,3.0914397393537327,0.1717879487970724,2.9455069288927698,1.522253599900514,0.14582124474815344
0.5688495432064622,0.48824108124826515,0.35869416414660216,3.597418523894866,0.1067926597967245,0.594645358854974,0.8549584752189494,1.2179749753394569,4.441418813260994,2.997799429008573,0.10673499377227828,1.6551464084785703,1.1012868879497932,0.06082128033976456
1.0313572969898002,0.279840391970969,0.22394529585044282,2.38493294054362,0.18680743479256462,0.4225059776698148,0.7602800840568176,1.3722598772547046,0.3998176068885539,0.22200096513270154,0.00014940987002226748,0.249753604653391,0.13874166712881358,4.08963184277697e-05
1.1972202304461868,0.44917733684564,0.2718692161673262,2.7074409459640747,0.18486909677862712,0.4277763128062506,0.7449005702282007,0.8424204166014859,0.23771425287628,0.1365038985695167,3.027014109326566e-06,0.1620887164034634,0.09308016259728301,4.7030236543425963e-07
1.1137339252487457,0.36086557386417484,0.42360243779970697,0.5535427215515774,0.09175072279283043,0.4755742418485609,0.8426412836866484,0.7912213770451468,0.20962554465928634,0.11830391062402253,2.278814011043196e-06,0.1648795042108208,0.09305251720271689,6.434153727411411e-07
0.6996263652563184,0.31557008044294577,0.4952614155908159,2.6298473728730247,0.11226650467588548,0.5558341441801996,0.7069947863318141,1.4339703532701678,1.4010661278229048,1.095608642536969,0.003622992167976398,0.3335200064704882,0.2616564815796184,0.0003421622069574442
0.5103473991368421,0.5809940258033814,0.2583570647757465,3.2245757193727123,0.09257852013568425,0.2466326265423841,0.9915016116678408,1.4801463936737318,7.436698095469984,1.774766316920495,0.2973282101919844,5.032472959321736,1.1823197990876497,0.27877501676870126
0.933939079258257,0.14060036969240536,0.47935174117640894,3.310272493166574,0.05929317854116331,0.523206910018284,0.32679769321521507,0.6645682922858556,0.7125261484164614,1.1276686748188967,0.0003983715231557377,0.21773015914651803,0.3477732388300111,1.43687307415849e-05
0.9400794816675131,0.28906122232205445,0.2686075262982013,1.981064855708489,0.1418376881309667,0.4934714888699001,0.8922960448462951,1.0244644053259364,0.6165094355720488,0.34005469078008016,0.0010657579359270326,0.32434131166833274,0.17915119677760716,0.0002614843371360269
0.8204879173785925,0.39690255077168435,0.3989343591608536,2.0208268410462336,0.08664366554683046,0.31538750536369325,0.8857290445990917,0.8292563275485338,1.0797890987355685,0.3824655636511705,0.0038558599073534624,0.36427744346605945,0.12943871456829167,0.000518832279756231
0.6571830478574099,0.5405052924692665,0.3319735858098286,2.3780251890987336,0.18452065464143314,0.24168274867520892,0.5400800288918411,0.8853775612921353,1.9334313597752542,0.8399926027036725,0.02424641664401699,0.6540021248411817,0.2863542804231402,0.006256069347900665
0.4759662876716493,0.19646967573929952,0.42433820329529304,0.7880330660506646,0.06183448279542404,0.3969318386702036,0.42045920590390784,0.5536989664606993,3.95129662747359,3.4202201080310397,0.12934452210590516,2.3264472822463236,1.9635440713474408,0.1044753025634856
0.7548588755545067,0.48533250410351925,0.3784543900001658,0.08644313699537864,0.056646634407346394,0.29809186511164654,0.3260433976934115,1.0744390447750736,0.7273001501961289,0.6364341554668174,0.007029964601879642,0.6436956816732939,0.5649709980918621,0.0058164499641795925
0.4191615978846682,0.34869470535608516,0.45611293912154943,1.5058796692795209,0.1961527674923655,0.19243916673674427,0.2515459126663054,0.8707429930287625,2.906528391292407,1.9983354716365223,0.05245406142837959,1.0068630596436576,0.689104215718921,0.022365848187710508
1.15761785456468,0.3751796629621523,0.4858073040175689,0.8312121600047119,0.09430458280277264,0.5034016515831863,0.4833176452531543,0.6193114454793507,0.18201991505146994,0.189556413660308,3.9148023165652454e-07,0.1372144620583787,0.14290664707653003,5.553026685562671e-08
1.0448646589259631,0.22108055091771717,0.3224532215833098,2.392167430724171,0.1683805092668184,0.4028889211115628,0.9688389352649278,1.002609066565864,0.3446032327784467,0.14327593629541008,3.364184850590339e-05,0.19539638694603967,0.08125008577449623,4.638506723365041e-06
0.5999576540578616,0.5817402103138711,0.34145010209158694,0.12615020875178434,0.1978893539200976,0.3673418285678448,0.6697347505691577,0.6550683117270116,0.914512438363188,0.48900886595318127,0.013679005354106174,0.7818508740382102,0.4188137576408916,0.010923357259631592
0.809385792064248,0.19175676387685525,0.40684594121194856,2.337444132680748,0.12386857266010254,0.3974709493312144,0.717254085923223,1.4669187590333843,0.9055287007380611,0.4999094796166659,0.001626692261206192,0.31025999505506185,0.17167851184202634,0.00021789571851253206
0.6129764040708625,0.4947884973766272,0.45782065293170315,2.3468234169709925,0.19797930197557834,0.4071410814976729,0.4610616909744159,0.5952819461250176,1.4805934875179085,1.2824031565302547,0.007532160640434328,0.37549899834632006,0.3294270035439282,0.0006550667624528025
0.9950196292165044,0.47681416569007773,0.37376733205734647,0.11427095879812792,0.13404020717487336,0.3413131910689098,0.5846420189426923,1.0307727352782354,0.22693074278642117,0.13244590875137366,1.2302845258975241e-05,0.21099070878131768,0.12314900994572692,9.093362998879271e-06
0.5141371328085117,0.3762343498694717,0.4650980469868275,0.9342700097259842,0.14409920023416775,0.40754925621268023,0.794567623500626,1.4658627594895068,1.9510427183067391,0.9804053773134229,0.028154559835948317,0.7712503284397839,0.387826693210825,0.010985368011113635
0.5323825703112268,0.19244435795339873,0.35210274771353933,1.8977164529576027,0.17929899316785258,0.2765286744050548,0.3941516679241748,1.054558388211332,2.796687346992514,1.8401609055417856,0.05831467543529678,1.175288837307181,0.7643729389380121,0.03144712802841276
0.952017040579918,0.15226481427832966,0.3593805358696918,2.6918562505247996,0.16928429098270908,0.41769131294650386,0.2512273829270202,1.1658248216545881,0.45889136188650803,0.7511062678990204,0.0001114459022368611,0.21491401915366184,0.35475388279694503,1.258296203283168e-05
0.8462732875422407,0.14319602938592993,0.46657061958414553,1.0334804019412145,0.14957553934085507,0.29348637781252473,0.9872992196490548,0.6301752932069697,0.38652489993266687,0.11484880488698083,0.00010441972884690989,0.2158479877840274,0.06415571387062234,1.3952177508821899e-05
0.783460915077323,0.23627361759066978,0.3078728955593756,0.9957118507147626,0.06899336810233003,0.5475499188578339,0.8055706573388725,0.6480162876910612,1.4833174601940493,0.9862933888231673,0.023301293367185342,0.7673339687439541,0.5119074789049635,0.010422302388377281
0.9890295514045916,0.5656182654694049,0.23650991611800193,1.987657330806935,0.16239110786023736,0.15957780442084596,0.28232932281219747,1.2602616687714363,0.5149700849998291,0.2863287029377122,0.0005053305087746183,0.29915029752638195,0.16756290812637722,0.0001377368287283813
0.840190595373965,0.2883143039896985,0.3157801324770949,3.6135366572314136,0.07552233002502477,0.38491993005691205,0.5443812434464913,0.7547946707450652,1.6346142187206079,1.1303897065998503,0.014512366609357764,0.524643275324436,0.3661321480723655,0.0028352247096547116
0.458837369461215,0.14703534703320553,0.22237747807453048,2.304796634529076,0.1734097944912814,0.33386567729402833,0.8223491015553058,1.168713004302635,5.654506373710678,2.185251148718922,0.22212085749788965,4.192529967087356,1.5966647380184609,0.21450310415524274
1.1822680595932038,0.5881149203274503,0.38849356524489065,2.1796429242701345,0.1599080187518339,0.5089990607173238,0.4311888822748893,1.385466676659615,0.23172919996781738,0.27344751349793733,7.52152712441341e-07,0.14112661405142143,0.16656982692351757,7.353062803496164e-08
1.0864195556622862,0.31726880658891116,0.3394850228407161,1.5228900041291065,0.13147816027317652,0.3828169815434643,0.6623508181120736,1.233149279627948,0.3068264913894415,0.1772915339075062,1.7914734321888057e-05,0.1898255102132172,0.10970352692133492,3.219261485701767e-06
0.9037560071452566,0.5946892370349558,0.41807809404479224,1.1403519871253465,0.1666029366253225,0.29046662545104884,0.5615812635877524,0.5553874670920473,0.35920949962926857,0.18559919051713,7.355680360443411e-05,0.2121537357444835,0.10970405253158054,9.792813763793811e-06
0.7244038544788861,0.5459193400481238,0.22686122090157526,1.3226015981796349,0.07415116721771713,0.15430333785824601,0.5398464257169112,0.7252294793710399,3.6518472101157786,0.9687726741605379,0.13682757514144722,2.240053680201186,0.5872959305774232,0.10086103493390405
0.7344908700291815,0.4837260310210455,0.49728364493730454,2.0258053692750027,0.19189124326810708,0.15037200491334848,0.4418075310889069,1.3224529740355804,0.7078743988456087,0.2399644660900485,0.00036251021888794035,0.2328870643354908,0.07918899611115691,2.5981426745902868e-05
0.4613878511771109,0.4117178144145198,0.39384662226093886,2.7767300929039087,0.17042655662847128,0.5270089430258401,0.37716020661648664,0.9576650986962035,4.1476491364178365,5.393308270321432,0.0929990926948699,1.5175964647748372,1.9204562551263673,0.05235635279629537
0.836562800707618,0.3498194982821523,0.2949561038024444,2.1072209867759093,0.18933823201885736,0.15727067444886655,0.4424148407706194,0.7634892214697431,0.7374579934121421,0.2591435435496695,0.0019326748859126459,0.3444904736540613,0.12185743871436748,0.00038325416047665977
0.36731277287015907,0.2642895350649549,0.20954620702814322,0.8142460239206379,0.0820770674652071,0.3355416125272251,0.9192887312515415,1.5816973372132148,9.27388709370305,3.214653035292122,0.42883797986192124,8.403245536626324,2.897255034323207,0.4282196163135163
1.116845231990454,0.19077523550507833,0.34410385618829786,3.770227517680801,0.11013070650756607,0.42926835874937685,0.6797743097594986,0.7694547439076621,0.36418839426391586,0.2298958313238346,3.3124406680323033e-05,0.1846709883410357,0.11660905760631207,2.494731949536583e-06
0.3561008818595765,0.1626642565293675,0.31326115805233506,0.07984568964678408,0.10132739061924978,0.2889211302780611,0.917651529386003,0.7709553444487248,5.823733386855004,1.7341336061893553,0.2901038209385165,5.62706831439615,1.672525078922984,0.2894543038253227
0.4074726942744807,0.2173700872531446,0.30683136541341816,1.750076107947644,0.09296831916728931,0.2815275390932078,0.743148681215874,1.4272719290876434,6.954897188003384,2.495863571605174,0.270804450947267,5.113135135081309,1.80225850977146,0.2652641661018397
0.802208742822189,0.18928866778628828,0.48221189231412837,1.0577375491850851,0.09751227712938951,0.5626305935792791,0.9704717632280504,0.41866635693434895,0.5464541787849497,0.3162141719577898,0.0007021273016436287,0.26774780756998295,0.15515664173677016,8.086317807159417e-05
0.6874551658390364,0.4348589373000482,0.466743144345995,2.2113965299141563,0.1999191033933641,0.25025464703372824,0.48016538100037576,1.3463592120596117,0.9317441486262368,0.4825925418991536,0.0012439021283775994,0.28133797863278764,0.14634959011173113,0.00011363864583192739
1.0782771211906268,0.15396532991988615,0.49098365307163616,2.600357174502484,0.08912620515258328,0.5656997998060775,0.3070794712171402,1.0969597850692527,0.3341220462380837,0.6129753449825893,6.149909896473364e-06,0.15263790351908743,0.28075924510323086,2.7715252988220983e-07
1.1353334165918407,0.21367368919242602,0.4479691310740575,0.7330725543764881,0.1058894932283638,0.2775853777268197,0.7122331118310762,1.1357008158377313,0.19934457518223705,0.0776894203539544,7.702763357237255e-07,0.14719285092299944,0.05736519256053741,1.6055213078054246e-07
0.758793282552021,0.32632478697253015,0.22903856425200625,0.3760457796374529,0.17683437012650982,0.5365618269954009,0.9776949917920478,1.2849435431944773,0.9660005830449541,0.5221078135892264,0.013139425586556895,0.7407085022150808,0.40083161739851303,0.009303628154399331
0.6497359680452561,0.12434261297397674,0.3638914480825801,1.8325791617122817,0.09938444232909197,0.5242575222755629,0.40259439957184506,0.46762709748726333,2.447322810025605,2.999117995536563,0.04629735887364478,0.9126299664874267,1.1245047016450207,0.01729957336365586
1.2389174501611877,0.1362002903927955,0.416507763676903,2.538296114860636,0.12096323321624053,0.29899960194200537,0.6528684106109274,0.9679379177039562,0.21332339161463287,0.09769346438385075,4.1271030323323924e-07,0.13044448168102069,0.05973899727298523,2.742109292789025e-08
1.0548117977491722,0.5118435253092364,0.3870288247982162,0.019161428183897277,0.06426151148294348,0.2659479494759767,0.8717369114299452,1.1810582521206352,0.21808388980984802,0.06652497986988512,1.0847043027257384e-05,0.21508339167773624,0.0656099613894756,1.0246583645411496e-05
0.7058029882227949,0.12161057225115326,0.32433472269885966,3.815694732272195,0.14049151458353398,0.4411081711496151,0.2971556621852832,1.5236373994339956,1.9259005340848308,2.694071017224461,0.020921480970301668,0.6527499789554378,0.9215716808786537,0.006591266504410023
0.9629445358942498,0.37948301468982426,0.24103549891849763,1.5791137048816242,0.18855546267809098,0.497970086636111,0.5077393359708493,0.8946668036727901,0.4529888369158677,0.4427471399154241,0.00037043977687098537,0.2850092868752834,0.2790737013823355,0.00010827508516842738
0.7475530468556657,0.22836935844866832,0.4810934298808188,1.9654345270850702,0.09013467001778648,0.4393069916155993,0.7053589575667016,0.9962702310876893,1.1175165153429285,0.6923455992200802,0.0027972437484973397,0.3255826605200432,0.20238935352836812,0.00029747331003037884
1.0890976327999402,0.44132956984585026,0.29927285700167183,2.527700291410514,0.07545044088357936,0.41588025156109754,0.6430908982416956,0.8621495421288854,0.4707674871122497,0.3040173006733918,0.00020674452266518148,0.24399695197060425,0.1577259540322995,3.058804792522385e-05
0.6082285961496579,0.10429944726973236,0.2604242865573302,1.5895605666267885,0.16102042594225405,0.43889004535305143,0.9284238393300982,1.1941036127483216,2.780477023014606,1.2733813664180833,0.07805354203908998,1.6070432514037887,0.7301447542544106,0.05752929867991243
1.207448124018557,0.32953062184822013,0.25008953635762193,0.9873610305393097,0.1739710045584743,0.4123594166242507,0.610367019413454,0.9857241186209055,0.20984453658539787,0.14175633449135192,2.3288212007018963e-06,0.16895217044559074,0.11413685567855547,8.101325154939832e-07
0.6089889160631905,0.5526559350822012,0.22580817308967008,2.7900075704009035,0.06484533570664397,0.5836097412171246,0.31714041083782607,1.4530427496579104,6.633413495150737,10.562290132283378,0.27574459737392065,4.5523757288133595,6.9603646809583495,0.2534113821724781
0.5856218220782372,0.3785789973147784,0.38041609401925647,0.5009110790399603,0.16486316829549935,0.24060815592976847,0.893654841960407,1.5891811535243878,1.3532529555010977,0.3574028062769215,0.021119534164724146,0.7889728856467928,0.2086675057538769,0.011527739009656708
1.029401453558633,0.5171387695244188,0.4269279366333975,1.0685717952069693,0.17564735120559843,0.29675784297459906,0.9305150715014698,0.6726526215832249,0.23425508989196644,0.07470438242103575,3.380869682118536e-06,0.16067622278348478,0.051240936871185,4.7270259605446373e-07
1.1669881414057506,0.155902408971705,0.45071816622816757,2.7533665847163413,0.07807057490069369,0.33900637044725557,0.7311381508909458,0.8494603225724318,0.2814472625023293,0.13048927187450546,3.1649794858566165e-06,0.14643573155349926,0.0678958107831146,1.5002232002358247e-07
0.39997107228246387,0.3108121224480231,0.4813946712722727,2.2027944747861437,0.18626102631764557,0.16523249413146526,0.7363401234081601,1.5907220493093033,3.33531518311965,0.7307551242798953,0.05264181539909029,1.0084727726673846,0.21904366579338624,0.02256356313303662
0.3750100866030836,0.3807695861813074,0.46996709918844143,1.7098557733497808,0.18201651625852544,0.5614295431284987,0.5000039260792599,0.9805352206985111,3.736568888906842,3.9993382647765627,0.07781929882843754,1.3463853886740573,1.4140332469203931,0.04202274712147769
1.1457345955272056,0.3697877225462317,0.30907723360316447,3.301972118063595,0.07866668436997482,0.34388457279837203,0.6493133860280875,0.5623312514311505,0.3827166537439821,0.20253734159861791,7.676332721011473e-05,0.20626583491172787,0.10922543357023963,6.909911174894092e-06
0.5843901235011142,0.5863606510492213,0.4869198612303848,3.80866416568973,0.17614525908060735,0.24934481673084608,0.39897144659082506,0.5784100812345905,2.40809499588094,1.4581906343184923,0.016356251084146182,0.4085686576340903,0.2525733313310634,0.0009925442131622946
0.6346904685421619,0.5403577583333975,0.3109898742395814,3.4331735186476315,0.1928063107008522,0.46081724260952617,0.5836131024974813,1.1949376418773707,2.4325728814013905,1.8601700467509477,0.03810587814633343,0.8118112095725836,0.6224720224446356,0.012103847317096737
1.1412538814006443,0.10664908118831741,0.4288439117383068,1.3332307777527426,0.18739241859982658,0.23578827240248387,0.46444077689458263,0.423689844706498,0.17272914558959482,0.08767562888584848,3.4908444523400707e-07,0.1308991090428541,0.0664498535017066,3.1639489923392044e-08
0.9094322294236442,0.16609886067688318,0.37151431724236994,0.7243081187310354,0.09719080044003625,0.4962913135622615,0.7927616504223418,1.542969063629927,0.4656280905822265,0.2910381562158746,0.00038482526236093917,0.2855172753993971,0.17859578273256646,0.00012178078519120169
0.6328256258487837,0.2451611285283392,0.38363886340856496,1.7626772874367695,0.07885729512371685,0.4926823893210076,0.6564268015969099,0.8551711390649143,2.761250366950603,2.0054084015845706,0.05280653340148988,1.0467264343003089,0.7566439541965194,0.023896131144295635
0.36859157420597677,0.34175837911001705,0.3726326425198764,1.435012170377833,0.14290154333796667,0.15832533353251738,0.4391755525919308,1.3540472385720932,5.604324849971318,1.8547409185914965,0.19550215579651345,3.527659106769267,1.1260558858472238,0.18009432918245455
1.160762093680047,0.33847519786106967,0.4692300336377323,1.1503223131448868,0.11656793535842894,0.533258144276295,0.3329368999598369,1.324420620697504,0.20372668235379573,0.325856752704219,3.7314013769339354e-07,0.13514191104453974,0.21628435752135117,4.5166679861411104e-08
0.4309065708027153,0.49803461786162473,0.4307253006247943,1.7669531904446618,0.15513478417787513,0.5564192448474821,0.767767208399738,1.4833576078253268,3.981892880590218,2.7914820131110756,0.09468468971768683,1.5942606274378293,1.10060310547345,0.05741847397737017
1.2452113695426927,0.1597113040238307,0.2712415373941506,3.387616315787614,0.14537758641641843,0.5432724944143305,0.9056728463151567,1.087636557898868,0.24240804416961584,0.14540319805908222,2.84866794926037e-06,0.1595471602241427,0.09570230018392799,4.2876343980071895e-07
1.0351436348098308,0.5706300201713004,0.3980316473245028,3.9251082322271706,0.08092372958621921,0.5060016190965874,0.8146855153652482,1.5959816369208584,0.5738830255790677,0.35626309161248565,0.00012057502096189437,0.20980928571195862,0.1302990299439548,8.059853570613832e-06
0.3797460915709366,0.5367191080568786,0.33643760753047935,1.2676399315863909,0.07041702387980082,0.1679548017625322,0.2792208586562832,0.8095232054608248,8.115834597647956,4.142098727845539,0.33310496053150607,6.0284537122757715,2.9452458089901894,0.3241447153188124
1.0799966644179946,0.11924443900922783,0.42056853053083804,3.5342171487428224,0.061027551360961066,0.5057420868821383,0.3720479520563623,0.8819070308031591,0.44650137219239994,0.6049302327126189,5.286059136513716e-05,0.18538909566640774,0.25181804544835135,2.7483691639555394e-06
