tau,outflow_control,outflow_eta0_epsilon0p05,outflow_eta2_epsilon0p05,outflow_eta8_epsilon0p05,outflow_eta32_epsilon0p05
0.0,0.0,0.0,0.0,0.0,0.0
0.02,3.760023283905337e-07,3.7602279437336887e-07,3.705362401916377e-07,3.55931152682235e-07,3.159590753067125e-07
0.04,4.074777972073031e-06,4.0750793401369154e-06,4.005068852012922e-06,3.821501317148919e-06,3.334730243247347e-06
0.06,2.0551932008124127e-05,2.055406679162502e-05,2.013006440510881e-05,1.903901239517135e-05,1.6255069406100492e-05
0.08,6.51754299933871e-05,6.51852154426174e-05,6.354261556178886e-05,5.94121997394771e-05,4.9349637148405275e-05
0.1,0.0001496076135302844,0.0001496406463599924,0.00014498860665752736,0.00013360969012022464,0.00010734897524254166
0.12,0.0002736951306781422,0.0002737839148659596,0.0002633061275039137,0.00023848164587195948,0.00018455720430431293
0.14,0.0004295168702242934,0.00042971755314972587,0.00040976401348509256,0.0003641189738974194,0.0002711222401103059
0.16,0.0006089289719517984,0.0006093262668046828,0.0005757045474838521,0.0005015802301157054,0.00035996808421464357
0.18,0.0008051274936216659,0.0008058375869915391,0.000754063908072537,0.0006441326422333522,0.00044678734419306183
0.2,0.0010122864013796743,0.0010134582015321324,0.0009389548564861669,0.0007865924757694548,0.0005287867912459277
0.22,0.0012259193559236016,0.001227734465986894,0.0011259784722897825,0.0009254617257448552,0.0006045799105233275
0.24,0.0014425674084839175,0.0014452391761186156,0.0013118656741916306,0.0010584383925913137,0.0006735862532648394
0.26,0.001659562296797259,0.001663334233461809,0.0014942064236630461,0.0011840683095903938,0.0007356964600168485
0.28,0.0018749327841310537,0.0018800765748498635,0.0016713297273660338,0.001301578235302977,0.00079114642765522
0.3,0.002087192033075769,0.0020940053050187077,0.0018420713427205757,0.0014106182867082361,0.0008403127492750336
0.32,0.0022952609868419007,0.0023040649594822313,0.002005683295425856,0.0015111618377037835,0.000883669518472255
0.34,0.0024983643115099236,0.002509501416472501,0.002161719663126273,0.0016033894506874255,0.000921718994254462
0.36,0.0026959575004460493,0.0027097890334698187,0.002309956845046477,0.001687613339722166,0.000954958175161274
0.38,0.002887681163104257,0.0029045850104216175,0.002450343206260499,0.001764233776016257,0.0009838683747437514
0.4,0.0030733082317658178,0.003093676698926024,0.0025829433555095782,0.0018336915616614497,0.0010088945256353737
0.42,0.003252719551820292,0.0032769573120742146,0.0027079120740460885,0.0018964506287841225,0.0010304490792447326
0.44,0.0034258728695293152,0.0034543950411389177,0.002825462494517543,0.0019529745761753714,0.0010489046983358586
0.46,0.003592786147333624,0.003626016503555567,0.0029358492854782733,0.0020037178158644154,0.00106459819786779
0.48,0.0037535216007009236,0.0037918909121974808,0.00303935296946152,0.0020491170681208176,0.0010778314483631786
0.5,0.003908173577635919,0.0039521180843672095,0.003136268404344978,0.0020895863266760903,0.001088873610983239
0.52,0.0040568607589596285,0.004106820766750856,0.0032268977694611596,0.0021255155378866264,0.00109796509766206
0.54,0.004199717915548283,0.004256136511393748,0.003311543229102447,0.0021572682452324753,0.001105319112523868
0.56,0.004336891905271052,0.004400213784749324,0.0033905038983016774,0.0021851828721384816,0.00111112573444334
0.58,0.00446853662004891,0.00453920701991517,0.0034640717763199376,0.0022095723592570208,0.001115553480200201
0.6,0.0045948106362873895,0.004673274365233772,0.003532530381416959,0.0022307259812077928,0.0011187524586761164
0.62,0.004715874448015753,0.004802575008694482,0.0035961529382519818,0.002248910233015367,0.0011208560718825068
0.64,0.004831888907284968,0.00492726770290931,0.003655201737902936,0.002264370491234129,0.0011219831770428379
0.66,0.0049430138844009045,0.005047509503532148,0.0037099276689968315,0.0022773324848092,0.0011222397680803807
0.68,0.005049407197249538,0.005163454770719131,0.0037605699694004784,0.002288003688504366,0.0011217204128425645
0.7000000000000001,0.005151224054109265,0.005275254678386277,0.003807356438270436,0.0022965749140534788,0.0011205097425509092
0.72,0.005248616356990498,0.0053830565786772006,0.003850503456809674,0.002303221490018893,0.0011186834434299693
0.74,0.0053417325210734804,0.005487003877577407,0.003890216474081184,0.0023081047187359285,0.001116309463887258
0.76,0.0054307170754839176,0.0055872356872733,0.003926690224663327,0.0023113729047221816,0.0011134487523243987
0.78,0.005515710639850027,0.005683886850041611,0.003960109275767638,0.002313162578889837,0.0011101561740996645
0.8,0.00559684974721919,0.005777087804571152,0.003990648376124152,0.0023135994089307646,0.0011064811005861847
0.8200000000000001,0.005674266876714142,0.005866964658401936,0.0040184729738084075,0.0023127991837354504,0.0011024680773007891
0.84,0.005748090426510503,0.005953639197348921,0.004043739635530445,0.002310868616763829,0.0010981573124861995
0.86,0.005818444765022311,0.0060372289700605635,0.004066596508814407,0.0023079061248564726,0.0010935851551438346
0.88,0.005885450293433827,0.00611784738109697,0.004087183762297288,0.002304002526733931,0.0010887845028135627
0.9,0.005949223505921585,0.006195603779097114,0.004105633993474236,0.0022992416609561423,0.0010837851454071285
0.92,0.006009877097228869,0.006270603589906809,0.004122072655674742,0.0022937009819851842,0.0010786141012541547
0.9400000000000001,0.006067520031553514,0.006342948408820635,0.0041366184206344,0.0022874520577130645,0.0010732958709086904
0.96,0.006122257666324488,0.006412736145689653,0.0041493835722679695,0.00228056106937605,0.001067852708674207
0.98,0.006174191830264181,0.006480061122454141,0.004160474332956406,0.0022730892197670486,0.0010623048173272476
1.0,0.0062234209471093566,0.006545014214624719,0.0041699912155686815,0.0022650931470729278,0.0010566705633587368
1.02,0.006270040121790005,0.0066076829536452445,0.004178029319557832,0.0022566252656955887,0.0010509666324270567
1.04,0.006314141256546528,0.006668151657746957,0.004184678640227375,0.002247734106267746,0.0010452081975945338
1.06,0.0063558131426981485,0.00672650153711966,0.004190024338145426,0.002238464603859647,0.0010394090473596102
1.08,0.006395141566854299,0.006782810812298546,0.004194147008866356,0.0022288583768404107,0.0010335817162811143
1.1,0.006432209405121324,0.006837154819416166,0.004197122927573209,0.002218953972403615,0.0010277375923989475
1.12,0.006467096719783824,0.006889606116888285,0.0041990242842557856,0.0022087870960283604,0.001021887018839396
1.1400000000000001,0.006499880852951684,0.006940234588106748,0.00419991940481785,0.00219839082127655,0.001016039384580007
1.16,0.0065306365151171315,0.006989107538159484,0.004199872956989439,0.0021877957799599206,0.001010203204272564
1.18,0.006559435875862849,0.007036289791887569,0.0041989461490602705,0.002177030341445979,0.001004386194869352
1.2,0.0065863486458196474,0.007081843782442939,0.004197196911293495,0.0021661207717503903,0.0009985953393615073
1.22,0.0066114421628346385,0.007125829643365049,0.004194680073647111,0.0021550913866200936,0.0009928369511464428
1.24,0.006634781468569414,0.007168305290452061,0.0041914475266452995,0.0021439646859741203,0.0009871167259281994
1.26,0.00665642938925726,0.0072093265072039,0.004187548379700983,0.0021327614844483234,0.0009814397954537723
1.28,0.006676446607792391,0.007248947021057949,0.004183029104575498,0.0021215010260730058,0.000975810770604297
1.3,0.006694891738783456,0.007287218582090493,0.00417793367609664,0.002110201095546175,0.0009702337860172782
1.32,0.00671182139664058,0.0073241910342942505,0.0041723037006311465,0.0020988781168197247,0.0009647125364599385
1.34,0.006727290265030234,0.007359912387801168,0.004166178541061853,0.0020875472480057482,0.0009592503137631673
1.36,0.006741351161223525,0.007394428885610721,0.004159595432153551,0.0020762224666300306,0.0009538500378960747
1.3800000000000001,0.006754055100291794,0.007427785069807273,0.004152589591613634,0.0020649166507257346,0.0009485142875198452
1.4000000000000001,0.0067654513558392795,0.007460023843986835,0.004145194323841219,0.0020536416528547916,0.0009432453267296155
1.42,0.006775587519385622,0.007491186534030524,0.004137441118775617,0.002042408369597955,0.0009380451303876901
1.44,0.0067845095575461405,0.007521312946398587,0.004129359745250672,0.0020312268059824302,0.0009329154072100789
1.46,0.006792261867069525,0.007550441424026805,0.004120978339166874,0.0020201061352453677,0.000927857620870979
1.48,0.00679888732852194,0.007578608900635174,0.004112323487492004,0.0020090547549850217,0.0009228730099363133
1.5,0.006804427357418753,0.007605850952270177,0.00410342030710456,0.001998080338767261,0.0009179626055607857
1.52,0.006808921954491064,0.007632201847784881,0.00409429252035824,0.001987189885092113,0.0009131272486682255
1.54,0.006812409753297296,0.007657694596484588,0.004084962525757505,0.001976389762139507,0.0009083676049028589
1.56,0.006814928067182827,0.007682360994956843,0.00407545146591344,0.0019656857504796637,0.0009036841793959135
1.58,0.006816512933697344,0.007706231671208378,0.004065779291039985,0.0019550830820196426,0.0008990773294926606
1.6,0.006817199158391265,0.007729336128045293,0.004055964820057153,0.0019445864772610834,0.0008945472774066287
1.62,0.006817020356308626,0.0077517027840246595,0.004046025797746227,0.0019342001793136018,0.0008900941211271364
1.6400000000000001,0.006816008992787284,0.00777335901360191,0.004035978949693124,0.0019239279864026442,0.0008857178452343568
1.6600000000000001,0.006814196422251866,0.007794331185167085,0.004025840033813668,0.001913773281656592,0.0008814183302990886
1.68,0.006811612926200521,0.007814644698183732,0.004015623889771257,0.00190373906148148,0.000877195362107118
1.7,0.006808287749484872,0.00783432401853702,0.004005344485478761,0.001893827961701851,0.0008730486397913574
1.72,0.00680424913567215,0.007853392712889347,0.003995014961567039,0.0018840422823432161,0.0008689777836897581
1.74,0.006799524360974338,0.007871873481535712,0.003984647673386254,0.001874384010606584,0.0008649823423967078
1.76,0.006794139767171529,0.007889788190193377,0.003974254231046054,0.0018648548425313717,0.0008610617994540194
1.78,0.006788120793334238,0.007907157900537603,0.00396384553737056,0.0018554562032052553,0.0008572155794696601
1.8,0.006781492006486925,0.007924002899631001,0.003953431823978009,0.0018461892657186852,0.0008534430538168477
1.82,0.006774277131254685,0.007940342728295443,0.003943022685588811,0.0018370549689502422,0.0008497435459403017
1.84,0.006766499078435217,0.007956196208372903,0.0039326271125622045,0.0018280540341688582,0.0008461163362146277
1.86,0.00675817997269292,0.007971581469077222,0.003922253521911601,0.0018191869806860105,0.0008425606665383627
1.8800000000000001,0.0067493411791947405,0.007986515972261523,0.003911909786669238,0.00181045414041281,0.0008390757444805008
1.9000000000000001,0.006740003329468425,0.008001016536885276,0.0039016032639258374,0.0018018556716316238,0.0008356607472481593
1.92,0.006730186346245092,0.008015099362447549,0.003891340821351895,0.0017933915717719513,0.0008323148252298798
1.94,0.006719909467593181,0.008028780051696613,0.0038811288625468436,0.001785061689522061,0.0008290371054118816
1.96,0.0067091912700975925,0.008042073632372663,0.003870973351007595,0.0017768657360503134,0.0008258266944089329
1.98,0.0066980496913773635,0.008054994578281648,0.003860879833044877,0.0017688032956508044,0.0008226826813957015
2.0,0.0066865020517189585,0.00806755682947724,0.0038508534594560917,0.0017608738356046552,0.0008196041407007224
2.02,0.00667456507508141,0.008079773811813261,0.0038408990062419896,0.001753076715530794,0.0008165901343122363
2.04,0.006662254909290863,0.008091658455683106,0.0038310208942118644,0.00174541119605466,0.0008136397140980042
2.06,0.006649587145632033,0.008103223214158092,0.003821223207711194,0.0017378764470153119,0.000810751923938777
2.08,0.006636576837702321,0.008114480080391636,0.0038115097123617376,0.0017304715550857663,0.0008079258016261665
2.1,0.006623238519683291,0.008125440604445828,0.003801883871991245,0.0017231955309706397,0.000805160380671394
2.12,0.006609586223944407,0.00813611590945693,0.0037923488646884416,0.0017160473161025064,0.0008024546919246955
2.14,0.0065956334980835,0.008146516707245808,0.003782907598107829,0.001709025788948933,0.0007998077651018338
2.16,0.006581393421363193,0.008156653313334036,0.0037735627240002173,0.0017021297708930032,0.0007972186301616797
2.18,0.006566878620604207,0.008166535661427363,0.0037643166520488396,0.0016953580317547016,0.0007946863185881242
2.2,0.00655210128553044,0.008176173317363849,0.0037551715630199075,0.0016887092949499508,0.000792209864556869
2.22,0.006537073183594384,0.008185575492553861,0.00374612942127069,0.0016821822423191165,0.0007897883060059821
2.24,0.006521805674302588,0.008194751056935361,0.0037371919866496556,0.001675775518647128,0.0007874206856184308
2.2600000000000002,0.0065063097230455185,0.00820370855144758,0.0037283608258041395,0.001669487735880978,0.0007851060517104223
2.2800000000000002,0.006490595914470452,0.008212456200063672,0.0037196373229464175,0.0016633174770836322,0.0007828434590526762
2.3000000000000003,0.006474674465384433,0.008221001921368345,0.00371102269007562,0.0016572633001125316,0.0007806319696018352
2.32,0.006458555237236773,0.008229353339733559,0.003702517976715357,0.0016513237410715961,0.0007784706531805727
2.34,0.006442247748158189,0.008237517796066645,0.0036941240791532604,0.0016454973175142075,0.0007763585880741525
2.36,0.0064257611846114445,0.008245502358187941,0.0036858417492452874,0.0016397825314499544,0.0007742948615868665
2.38,0.006409104412626216,0.008253313830810436,0.0036776716027662765,0.0016341778721282504,0.0007722785705227635
2.4,0.00639228598867196,0.008260958765176615,0.0036696141273672616,0.0016286818186501554,0.0007703088216340638
2.42,0.0063753141701431825,0.008268443468325238,0.0036616696901209723,0.0016232928423817966,0.0007683847320024208
2.44,0.006358196925506503,0.008275774012039001,0.003653838544710584,0.001618009409216197,0.0007665054293930773
2.46,0.006340941944086777,0.008282956241450808,0.0036461208382457615,0.0016128299816597755,0.0007646700525507717
2.48,0.006323556645536376,0.00828999578335175,0.0036385166177541435,0.0016077530207842103,0.0007628777514719469
2.5,0.006306048188969423,0.008296898054182959,0.00363102583633604,0.001602776988024096,0.0007611276876273601
2.52,0.006288423481798245,0.008303668267750515,0.0036236483590234335,0.0015979003468544288,0.0007594190341633092
2.54,0.006270689188259978,0.0083103114426477,0.0036163839683351013,0.001593121564333308,0.0007577509760614035
2.56,0.006252851737662219,0.00831683240941726,0.003609232369561346,0.0015884391125364449,0.0007561227102784101
2.58,0.006234917332342446,0.008323235817446128,0.00360219319577575,0.0015838514698748023,0.0007545334458522463
2.6,0.006216891955362624,0.008329526141614634,0.00359526601259894,0.0015793571223145018,0.0007529824039890646
2.62,0.006198781377939536,0.00833570768870022,0.003588450322716982,0.0015749545644955078,0.0007514688181231332
2.64,0.006180591166625106,0.008341784603551594,0.003581745570172945,0.0015706423007621755,0.0007499919339588638
2.66,0.006162326690242778,0.008347760875035687,0.003575151144437608,0.001566418846106261,0.0007485510094912778
2.68,0.006143993126588475,0.008353640341770517,0.0035686663842725863,0.0015622827270305314,0.0007471453150096486
2.7,0.006125595468905384,0.008359426697648673,0.003562290581394831,0.0015582324823367997,0.000745774133084421
2.72,0.0061071385321383636,0.00836512349715961,0.0035560229839513985,0.001554266663842464,0.0007444367585383705
2.74,0.00608862695897767,0.008370734160520142,0.003549862799815081,0.001550383837031857,0.0007431324984050346
2.7600000000000002,0.006070065225696488,0.008376261978616168,0.0035438091997070657,0.0015465825816435577,0.0007418606718726177
2.7800000000000002,0.006051457647792544,0.008381710117766752,0.0035378613201579577,0.0015428614922013326,0.000740620610218285
2.8000000000000003,0.006032808385436729,0.008387081624313059,0.0035320182663111117,0.0015392191784878943,0.0007394116567293708
2.82,0.006014121448739559,0.008392379429042517,0.0035262791145801373,0.0015356542659699054,0.0007382331666174395
2.84,0.005995400702836716,0.00839760635144975,0.0035206429151625877,0.001532165396172314,0.0007370845069207023
2.86,0.005976649872805231,0.008402765103844807,0.0035151086944221538,0.0015287512270103197,0.0007359650564012514
2.88,0.00595787254841078,0.008407858295309519,0.003509675457139967,0.0015254104330765352,0.0007348742054321073
2.9,0.005939072188696489,0.008412888435512618,0.0035043421886469792,0.0015221417058914855,0.0007338113558805781
2.92,0.0059202521264147085,0.008417857938382997,0.0034991078568375176,0.0015189437541147086,0.0007327759209829421
2.94,0.005901415572310603,0.008422769125652268,0.003493971414075096,0.0015158153037239353,0.000731767325216514
2.96,0.005882565619258937,0.008427624230265524,0.0034889317989906165,0.001512755098159897,0.0007307850041645277
2.98,0.00586370524626317,0.008432425399670346,0.003483987938182749,0.0015097618984433417,0.0007298284043791998
3.0,0.005844837322317279,0.008437174698984104,0.0034791387478211823,0.0015068344832621621,0.0007288969832390268
3.02,0.0058259646101386335,0.00844187411404716,0.0034743831351608406,0.001503971649034444,0.000727990208804823
3.04,0.0058070897697734825,0.00844652555436384,0.003469719999968463,0.00150117220994552,0.0007271075596713399
3.06,0.005788215362081912,0.00845113085593741,0.003465148235868312,0.0014984349979642502,0.0007262485248180663
3.08,0.005769343852103459,0.008455691784000017,0.003460666731608793,0.001495758862836979,0.0007254126034567393
3.1,0.005750477612310722,0.008460210035644788,0.003456274372255759,0.0014931426720632987,0.0007245993048784335
3.12,0.005731618925751545,0.008464687242360469,0.003451970040314212,0.0014905853108529504,0.000723808148298394
3.14,0.005712769989086395,0.008469124972475097,0.0034477526167836924,0.0014880856820668894,0.0007230386627007489
3.16,0.005693932915521994,0.008473524733508542,0.0034436209821490887,0.0014856427061423637,0.0007222903866818053
3.18,0.005675109737647042,0.008477887974441036,0.0034395740173111863,0.0014832553210043814,0.0007215628682935087
3.2,0.005656302410171337,0.008482216087897817,0.003435610604459163,0.0014809224819637798,0.0007208556648863106
3.22,0.005637512812573024,0.008486510412253805,0.0034317296278883595,0.0014786431616034225,0.0007201683429522824
3.24,0.005618742751655955,0.008490772233662078,0.003427929974765747,0.0014764163496535192,0.0007195004779684056
3.2600000000000002,0.005599993964021511,0.00849500278800766,0.0034242105358460164,0.001474241052856652,0.0007188516542402479
3.2800000000000002,0.0055812681184564976,0.008499203262790099,0.003420570206140395,0.001472116294823817,0.0007182214647463597
3.3000000000000003,0.005562566818240583,0.008503374798936744,0.0034170078855409168,0.0014700411158819213,0.0007176095109832227
3.3200000000000003,0.0055438916033759235,0.008507518492550305,0.003413522479401976,0.0014680145729138935,0.0007170154028113521
3.34,0.005525243952741963,0.008511635396591772,0.0034101128990817993,0.0014660357391915882,0.0007164387583021703
3.36,0.005506625286177168,0.008515726522502067,0.0034067780624455414,0.0014641037042029054,0.0007158792035863097
3.38,0.005488036966490815,0.008519792841764087,0.0034035168943320118,0.0014622175734728946,0.0007153363727028666
3.4,0.005469480301406924,0.008523835287407492,0.003400328326986026,0.0014603764683804193,0.0007148099074503688
3.42,0.005450956545442628,0.008527854755458527,0.0033972113004579994,0.0014585795259698321,0.0007142994572388549
3.44,0.0054324669017235695,0.008531852106336262,0.0033941647629725917,0.001456825898759343,0.0007138046789438168
3.46,0.00541401252373757,0.00853582816619753,0.003391187671267849,0.001455114754545518,0.0007133252367614164
3.48,0.005395594517030072,0.008539783728233096,0.003388278990906753,0.0014534452762053015,0.0007128608020657449
3.5,0.005377213940841687,0.008543719553915117,0.00338543769656195,0.0014518166614950496,0.0007124110532674226
3.52,0.005358871809691167,0.008547636374200088,0.0033826627722760355,0.0014502281228480503,0.0007119756756743937
3.54,0.005340569094904733,0.008551534890685933,0.003379953211697541,0.001448678887169744,0.0007115543613541505
3.56,0.0053223067260943,0.00855541577672789,0.0033773080182952554,0.0014471681956321261,0.0007111468089981881
3.58,0.005304085592585593,0.008559279678512366,0.0033747262055505447,0.0014456953034666323,0.000710752723788059
3.6,0.005285906544798581,0.00856312721609219,0.0033722067971303804,0.0014442594797567296,0.0007103718172636368
3.62,0.005267770395581094,0.00856695898438224,0.003369748827040947,0.0014428600072297023,0.0007100038071930726
3.64,0.005249677921498064,0.008570775554119473,0.0033673513397634003,0.0014414961820485262,0.0007096484174449458
3.66,0.005231629864076893,0.00857457747278756,0.0033650133903728855,0.0014401673136036235,0.0007093053778622692
3.68,0.005213626931011339,0.00857836526550619,0.0033627340446415166,0.001438872724305084,0.0007089744241385754
3.7,0.005195669797324817,0.008582139435889128,0.0033605123791261653,0.001437611749375234,0.0007086552976959612
3.72,0.005177759106494651,0.008585900466868841,0.003358347481242259,0.0014363837366420105,0.000708347745565196
3.74,0.005159895471538338,0.008589648821492138,0.003356238449323927,0.0014351880463332202,0.0007080515202678099
3.7600000000000002,0.005142079476063615,0.008593384943685,0.003354184392671837,0.001434024050871794,0.0007077663797002308
3.7800000000000002,0.005124311675283081,0.008597109258990137,0.0033521844315888604,0.001432891134672286,0.0007074920870199076
3.8000000000000003,0.005106592596994794,0.008600822175276543,0.003350237697404743,0.0014317886939387593,0.0007072284105334864
3.8200000000000003,0.00508892274252991,0.008604524083422714,0.003348343332490211,0.001430716136464041,0.0007069751235869263
3.84,0.005071302587668506,0.008608215357974854,0.0033465004902612505,0.00142967288143072,0.000706732004457658
3.86,0.005053732583524665,0.008611896357780119,0.0033447083351740557,0.001428658359213746,0.0007064988362486873
3.88,0.005036213157401882,0.008615567426597052,0.003342966042711329,0.001427672011184868,0.0007062754067847102
3.9,0.005018744713619751,0.008619228893681972,0.0033412727993605003,0.0014267132895189835,0.0007060615085100935
3.92,0.0050013276343129735,0.008622881074355224,0.0033396278025841913,0.0014257816570024651,0.0007058569383889064
3.94,0.004983962280203305,0.008626524270544824,0.0033380302607837163,0.0014248765868435133,0.0007056614978067548
3.96,0.00496664899134589,0.00863015877131032,0.0033364793932557815,0.0014239975624846797,0.000705474992474568
3.98,0.004949388087850495,0.008633784853347449,0.0033349744301431274,0.0014231440774174968,0.0007052972323342936
4.0,0.004932179870578477,0.008637402781473446,0.003333514612379146,0.001422315634999429,0.0007051280314663677
4.0200000000000005,0.004915024621816438,0.00864101280909435,0.003332099191627527,0.0014215117482729955,0.0007049672079990944
4.04,0.004897922605927305,0.008644615178654684,0.0033307274302163763,0.001420731939787304,0.000704814584019784
4.0600000000000005,0.004880874069979444,0.008648210122070241,0.003329398601068289,0.001419975741421888,0.0007046699854877181
4.08,0.00486387924435498,0.008651797861145354,0.003328111987625473,0.001419242694212937,0.0007045332421488672
4.1,0.004846938343337412,0.008655378607972924,0.0033268668837716036,0.0014185323481819192,0.0007044041874523295
4.12,0.004830051565679783,0.008658952565321091,0.0033256625937494407,0.0014178442621666486,0.0007042826584685133
4.14,0.0048132190951534716,0.00866251992700403,0.0033244984320754296,0.0014171780036547766,0.0007041684958090053
4.16,0.004796441101079009,0.008666080878239946,0.003323373723451128,0.0014165331486197539,0.0007040615435480933
4.18,0.004779717738839001,0.008669635595994195,0.003322287802671723,0.001415909281359295,0.0007039616491459372
4.2,0.004763049150373516,0.008673184249310632,0.003321240014532143,0.0014153059943361735,0.0007038686633733495
4.22,0.0047464354646594275,0.008676726999629975,0.0033202297137307412,0.0014147228880216681,0.000703782440238181
4.24,0.0047298767981732845,0.00868026400109585,0.003319256264770869,0.0014141595707413328,0.000703702836913238
4.26,0.004713373255338751,0.008683795400849513,0.003318319041860593,0.0014136156585233522,0.0007036297136657685
4.28,0.0046969249289592644,0.00868732133931357,0.0033174174288106623,0.001413090774949214,0.000703562933788434
4.3,0.004680531900636004,0.008690841950464387,0.003316550818931036,0.0014125845510070002,0.0007035023635317832
4.32,0.004664194241171955,0.008694357362094712,0.003315718614926049,0.0014120966249469664,0.0007034478720381826
4.34,0.0046479120109623896,0.008697867696065701,0.0033149202287884403,0.0014116266421396527,0.0007033993312771466
4.36,0.004631685260372198,0.008701373068550068,0.0033141550816923383,0.0014111742549363614,0.000703356615982145
4.38,0.004615514030100874,0.008704873590264983,0.0033134226038853817,0.001410739122532029,0.000703319603588699
4.4,0.004599398351534927,0.008708369366696852,0.0033127222345803583,0.0014103209108305191,0.0007032881741739023
4.42,0.0045833382470888044,0.008711860498317434,0.0033120534218458357,0.001409919292312201,0.0007032622103972626
4.44,0.004567333730534003,0.008715347080790954,0.003311415622496815,0.0014095339459039566,0.0007032415974428023
4.46,0.004551384807317624,0.008718829205174137,0.003310808301984785,0.0014091645568514337,0.000703226222962495
4.48,0.004535491474869981,0.008722306958107946,0.0033102309342875223,0.0014088108165936294,0.000703215977020913
4.5,0.00451965372290188,0.008725780422002524,0.0033096830017990855,0.0014084724226397526,0.000703210752041153
4.5200000000000005,0.00450387153369215,0.00872924967521394,0.0033091639952193617,0.0014081490784482742,0.000703210442751893
4.54,0.004488144882365299,0.00873271479221533,0.0033086734134441112,0.0014078404933082808,0.000703214946135708
4.5600000000000005,0.004472473737160084,0.008736175843760869,0.0033082107634548096,0.0014075463822229655,0.0007032241613785138
4.58,0.0044568580596889545,0.008739632897042831,0.0033077755602091146,0.0014072664657953143,0.0007032379898201046
4.6000000000000005,0.00444129780518875,0.0087430860158436,0.0033073673265312667,0.001407000470115905,0.0007032563349058797
4.62,0.004425792922763441,0.008746535260681268,0.0033069855930032057,0.0014067481266528598,0.0007032791021396078
4.64,0.004410343355617738,0.008749980688949213,0.0033066298978559694,0.0014065091721438432,0.000703306199037258
4.66,0.004394949041284226,0.00875342235505071,0.003306299786861623,0.001406283348490137,0.0007033375350818833
4.68,0.004379609911841793,0.0087568603105282,0.0033059948132258595,0.0014060704026527537,0.0007033730216795369
4.7,0.004364325894127039,0.008760294604187103,0.0033057145374811563,0.0014058700865504732,0.0007034125721161748
4.72,0.004349096909938915,0.008763725282215723,0.0033054585273806177,0.0014056821569600074,0.0007034561015155471
4.74,0.004333922876236218,0.008767152388298912,0.0033052263577925977,0.0014055063754178922,0.0007035035267980297
4.76,0.004318803705328258,0.008770575963728865,0.0033050176105959474,0.0014053425081244854,0.0007035547666404151
4.78,0.004303739305059763,0.008773996047510333,0.003304831874576379,0.0014051903258497003,0.000703609741436605
4.8,0.004288729578988764,0.008777412676462506,0.0033046687453232356,0.0014050496038406808,0.0007036683732592256
4.82,0.004273774426559391,0.008780825885316215,0.0033045278251276175,0.0014049201217312783,0.0007037305858220786
4.84,0.004258873743268001,0.008784235706807341,0.0033044087228809196,0.0014048016634532362,0.0007037963044434733
4.86,0.004244027420824258,0.00878764217176726,0.0033043110539748327,0.0014046940171492858,0.000703865456010431
4.88,0.004229235347306847,0.008791045309208689,0.0033042344402018633,0.0014045969750878357,0.0007039379689436534
4.9,0.00421449740731342,0.0087944451464085,0.0033041785096569404,0.0014045103335794426,0.0007040137731633247
4.92,0.004199813482106155,0.008797841708987697,0.0033041428966403947,0.001404433892894946,0.0007040928000557143
4.94,0.004185183449752012,0.00880123502098689,0.003304127241561299,0.0014043674571852047,0.0007041749824404993
4.96,0.0041706071852583865,0.008804625104940381,0.0033041311908425346,0.0014043108344024943,0.0007042602545389008
4.98,0.004156084560704207,0.008808011981945956,0.003304154396826344,0.001404263836223518,0.0007043485519425041
5.0,0.0041416154453663935,0.008811395671732133,0.0033041965176812955,0.0014042262779738405,0.0007044398115828045
5.0200000000000005,0.004127199705842532,0.008814776192723459,0.0033042572173102415,0.0014041979785540456,0.0007045339717014858
5.04,0.004112837206168885,0.008818153562101763,0.003304336165259309,0.0014041787603672265,0.0007046309718213432
5.0600000000000005,0.004098527807934842,0.008821527795866585,0.003304433036628014,0.001404168449248086,0.0007047307527179231
5.08,0.004084271370393196,0.00882489890889122,0.00330454751198052,0.001404166874393364,0.000704833256391745
5.1000000000000005,0.004070067750566898,0.008828266914978075,0.0033046792772579233,0.001404173868293769,0.0007049384260412424
5.12,0.00405591680335204,0.00883163182691109,0.0033048280236917848,0.0014041892666673008,0.0007050462060362978
5.14,0.00404181838161745,0.008834993656506017,0.003304993447718534,0.0014042129083939022,0.000705156541892369
5.16,0.004027772336300961,0.008838352414658145,0.0033051752508952287,0.001404244635451459,0.0007052693802452232
5.18,0.004013778516502224,0.008841708111389207,0.0033053731398163195,0.0014042842928531502,0.0007053846688262819
5.2,0.0039998367695726934,0.008845060755890987,0.003305586826031555,0.0014043317285860617,0.000705502356438483
5.22,0.003985946941202156,0.008848410356568463,0.003305816025964999,0.0014043867935510667,0.0007056223929327707
5.24,0.003972108875502647,0.008851756921079808,0.003306060460835111,0.0014044493415040033,0.0007057447291850501
5.26,0.003958322415089353,0.008855100456375508,0.003306319856575984,0.0014045192289979284,0.000705869317073729
5.28,0.003944587401158746,0.008858440968735613,0.0033065939437597314,0.0014045963153267397,0.0007059961094577425
5.3,0.003930903673564234,0.0088617784638055,0.0033068824575198156,0.0014046804624698586,0.000706125060155131
5.32,0.003917271070888936,0.008865112946630017,0.0033071851374756756,0.0014047715350381032,0.0007062561239220575
5.34,0.00390368943051626,0.008868444421685873,0.0033075017276582666,0.0014048694002206155,0.0007063892564323322
5.36,0.0038901585886978725,0.008871772892913491,0.003307831976436869,0.0014049739277330205,0.0007065244142574381
5.38,0.003876678380619351,0.008875098363746397,0.00330817563644667,0.0014050849897665522,0.0007066615548469632
5.4,0.003863248640463802,0.008878420837140227,0.003308532464517823,0.0014052024609382758,0.0007068006365095195
5.42,0.003849869201472957,0.00888174031559953,0.0033089022216052097,0.001405326218242328,0.0007069416183940801
5.44,0.0038365398960064174,0.008885056801205188,0.003309284672719374,0.0014054561410022505,0.0007070844604717989
5.46,0.003823260555598805,0.008888370295638002,0.0033096795868587155,0.0014055921108241751,0.0007072291235181518
5.48,0.0038100310110148194,0.008891680800203455,0.0033100867369422653,0.0014057340115511312,0.000707375569095571
5.5,0.0037968510923025753,0.008894988315854254,0.003310505899743976,0.001405881729218209,0.0007075237595364492
5.5200000000000005,0.0037837206288450103,0.008898292843212604,0.003310936855827574,0.0014060351520087037,0.0007076736579265454
5.54,0.0037706394494093575,0.008901594382590413,0.00331137938948285,0.0014061941702111517,0.0007078252280887313
5.5600000000000005,0.0037576073821953184,0.008904892934009881,0.0033118332886626725,0.0014063586761772933,0.0007079784345671823
5.58,0.003744624254880937,0.00890818849722203,0.0033122983449209403,0.0014065285642808666,0.0007081332426118524
5.6000000000000005,0.0037316898946675196,0.008911481071725087,0.0033127743533518123,0.0014067037308773001,0.0007082896181633678
5.62,0.0037188041283225436,0.008914770656781618,0.003313261112529546,0.0014068840742642442,0.0007084475278382146
5.64,0.0037059667822212476,0.008918057251435468,0.0033137584244495814,0.0014070694946429216,0.0007086069389143264
5.66,0.003693177682386697,0.008921340854527006,0.003314266094470399,0.001407259894080249,0.0007087678193169351
5.68,0.0036804366545284315,0.008924621464708191,0.003314783931256299,0.0014074551764717952,0.0007089301376047697
5.7,0.003667743524079893,0.008927899080457392,0.003315311746721284,0.0014076552475055346,0.0007090938629566185
5.72,0.0036550981162342434,0.008931173700092306,0.0033158493559736317,0.0014078600146262563,0.0007092589651580981
5.74,0.003642500255979234,0.008934445321783654,0.0033163965772614566,0.0014080693870008613,0.0007094254145888352
5.76,0.0036299497681306046,0.008937713943566874,0.003316953231919284,0.0014082832754842235,0.0007095931822098261
5.78,0.0036174464773644052,0.008940979563354162,0.0033175191443151697,0.001408501592585867,0.0007097622395511937
5.8,0.0036049902082480947,0.008944242178946052,0.003318094141799163,0.0014087242524373756,0.0007099325587001468
5.82,0.003592580785270584,0.008947501788041243,0.00331867805465212,0.0014089511707603098,0.0007101041122892364
5.84,0.0035802180328711707,0.008950758388247203,0.0033192707160357277,0.0014091822648349772,0.0007102768734848642
5.86,0.0035679017754673657,0.008954011977089714,0.003319871961943148,0.0014094174534697585,0.0007104508159760938
5.88,0.0035556318374818886,0.008957262552022118,0.0033204816311506566,0.0014096566569710984,0.0007106259139636739
5.9,0.0035434080433684387,0.008960510110433388,0.003321099565169858,0.0014098997971140862,0.0007108021421493036
5.92,0.0035312302176367357,0.008963754649657131,0.0033217256082009312,0.001410146797113705,0.0007109794757251837
5.94,0.0035190981848765004,0.008966996166978991,0.003322359607086557,0.0014103975815966487,0.0007111578903637723
5.96,0.0035070117697807357,0.00897023465964358,0.0033230014112664947,0.0014106520765736804,0.0007113373622077458
5.98,0.003494970797167824,0.008973470124862446,0.0033236508727333045,0.0014109102094126648,0.00071151786786026
6.0,0.003482975092003144,0.008976702559819411,0.003324307845988207,0.0014111719088120667,0.0007116993843753346
6.0200000000000005,0.0034710244794196685,0.008979931961678154,0.0033249721879983363,0.0014114371047750512,0.0007118818892485525
6.04,0.003459118784737949,0.008983158327587178,0.0033256437581543037,0.0014117057285841018,0.000712065360407898
6.0600000000000005,0.003447257833485157,0.008986381654685635,0.0033263224182285955,0.0014119777127761467,0.0007122497762048045
6.08,0.0034354414514135667,0.00898960194010854,0.003327008032334702,0.0014122529911182393,0.0007124351154054326
6.1000000000000005,0.0034236694645182787,0.008992819180992182,0.0033277004668869343,0.001412531498583746,0.0007126213571821477
6.12,0.0034119416990542285,0.008996033374477738,0.003328399590560832,0.0014128131713289135,0.0007128084811051068
6.140000000000001,0.0034002579815526008,0.008999244517717088,0.003329105274254472,0.0014130979466701232,0.0007129964671341721
6.16,0.003388618138836524,0.009002452607875605,0.003329817391050202,0.001413385763061406,0.0007131852956108616
6.18,0.0033770219980363853,0.009005657642136915,0.0033305358161770807,0.0014136765600725383,0.0007133749472505755
6.2,0.0033654693866040867,0.009008859617706129,0.0033312604269741595,0.0014139702783675964,0.000713565403134946
6.22,0.003353960132327387,0.009012058531813373,0.003331991102854082,0.0014142668596838501,0.0007137566447043785
6.24,0.003342494063342896,0.009015254381716895,0.003332727725267567,0.0014145662468112207,0.0007139486537507412
6.26,0.003331071008149356,0.009018447164706291,0.0033334701776683755,0.001414868383572067,0.0007141414124102463
6.28,0.0033196907956196974,0.009021636878104788,0.0033342183454788867,0.0014151732148014083,0.0007143349031564286
6.3,0.003308353255013101,0.009024823519272364,0.0033349721160563237,0.0014154806863275631,0.0007145291087933591
6.32,0.003297058215986243,0.009028007085607859,0.003335731378659542,0.0014157907449532069,0.0007147240124489283
6.34,0.0032858055086042895,0.00903118757455139,0.0033364960244163843,0.0014161033384367584,0.0007149195975683505
6.36,0.003274594963351269,0.009034364983585952,0.0033372659462914812,0.0014164184154741564,0.0007151158479077208
6.38,0.003263426411140145,0.009037539310240084,0.0033380410390549484,0.0014167359256811037,0.0007153127475278229
6.4,0.0032522996833223615,0.009040710552088927,0.0033388211992511976,0.0014170558195755116,0.0007155102807879722
6.42,0.0032412146116969766,0.009043878706756305,0.0033396063251686266,0.001417378048560445,0.0007157084323400559
6.44,0.0032301710285195604,0.009047043771915697,0.0033403963168095927,0.0014177025649073304,0.0007159071871226648
6.46,0.0032191687665104694,0.009050205745292425,0.0033411910758611753,0.001418029321739552,0.0007161065303553965
6.48,0.0032082076588629323,0.009053364624663747,0.003341990505666091,0.0014183582730163003,0.0007163064475332185
6.5,0.0031972875392506472,0.009056520407861134,0.0033427945111945074,0.0014186893735168935,0.0007165069244210245
6.5200000000000005,0.003186408241835187,0.009059673092770046,0.00334360299901602,0.0014190225788252694,0.0007167079470482385
6.54,0.0031755696012728527,0.009062822677332175,0.0033444158772723232,0.001419357845314835,0.000716909501703615
6.5600000000000005,0.003164771452721426,0.009065969159544881,0.0033452330556502344,0.0014196951301336806,0.0007171115749300468
6.58,0.0031540136318464586,0.009069112537463007,0.0033460544453552993,0.0014200343911900358,0.0007173141535196149
6.6000000000000005,0.003143295974827259,0.009072252809198596,0.003346879959085757,0.0014203755871380003,0.000717517224508608
6.62,0.003132618318362788,0.009075389972921902,0.0033477095110069476,0.0014207186773636123,0.0007177207751727409
6.640000000000001,0.003121980499676823,0.00907852402686197,0.0033485430167263693,0.001421063621971187,0.0007179247930224827
6.66,0.003111382356523507,0.009081654969306343,0.0033493803932688566,0.0014214103817698873,0.0007181292657983747
6.68,0.0031008237271919325,0.009084782798601847,0.0033502215590524567,0.0014217589182606025,0.0007183341814666047
6.7,0.003090304450510947,0.009087907513154875,0.003351066433864544,0.0014221091936230962,0.0007185395282145379
6.72,0.0030798243658535537,0.009091029111430978,0.0033519149388384966,0.0014224611707033363,0.0007187452944464133
6.74,0.0030693833131410736,0.009094147591955261,0.0033527669964307097,0.0014228148130012125,0.0007189514687791282
6.76,0.003058981132847033,0.009097262953312804,0.0033536225303979787,0.001423170084658359,0.0007191580400381101
6.78,0.0030486176660008985,0.00910037519414812,0.003354481465775348,0.0014235269504463198,0.0007193649972532458
6.8,0.003038292754191574,0.009103484313164902,0.0033553437288542662,0.0014238853757548677,0.0007195723296549077
6.82,0.0030280062395706808,0.009106590309126573,0.0033562092471612318,0.0014242453265806369,0.0007197800266701207
6.84,0.0030177579648556193,0.009109693180855482,0.0033570779494367185,0.0014246067695159103,0.0007199880779187092
6.86,0.003007547773332471,0.009112792927232896,0.0033579497656144666,0.0014249696717376706,0.0007201964732096154
6.88,0.0029973755088586553,0.009115889547198879,0.003358824626801227,0.0014253340009968535,0.0007204052025372378
6.9,0.002987241015865498,0.009118983039751791,0.003359702465256689,0.001425699725607813,0.0007206142560778809
6.92,0.0029771441393604634,0.009122073403947903,0.0033605832143741086,0.0014260668144379894,0.0007208236241862389
6.94,0.002967084724929446,0.009125160638901201,0.003361466808660703,0.001426435236897806,0.0007210332973920131
6.96,0.002957062618738684,0.009128244743783012,0.0033623531837190575,0.001426804962930705,0.0007212432663965419
6.98,0.0029470776675365345,0.009131325717821355,0.00336324227622818,0.0014271759630034662,0.0007214535220695221
7.0,0.002937129718655324,0.00913440356030069,0.0033641340239255165,0.0014275482080966248,0.0007216640554458193
7.0200000000000005,0.00292721862001276,0.009137478270560986,0.0033650283655888642,0.0014279216696951326,0.0007218748577222833
7.04,0.002917344220113247,0.009140549847998,0.0033659252410186973,0.0014282963197791952,0.0007220859202547274
7.0600000000000005,0.0029075063680494197,0.00914361829206175,0.0033668245910208677,0.0014286721308152625,0.0007222972345548493
7.08,0.002897704913502827,0.009146683602257203,0.0033677263573895872,0.0014290490757472405,0.0007225087922873498
7.1000000000000005,0.0028879397067453623,0.009149745778142426,0.0033686304828906186,0.0014294271279877986,0.0007227205852669736
7.12,0.002878210598639772,0.00915280481932879,0.003369536911244917,0.0014298062614099397,0.0007229326054557126
7.140000000000001,0.002868517440640673,0.009155860725480169,0.0033704455871123875,0.0014301864503386418,0.0007231448449600285
7.16,0.002858860084794889,0.009158913496312034,0.0033713564560760266,0.0014305676695427246,0.0007233572960281135
7.18,0.002849238383742219,0.00916196313159164,0.0033722694646263368,0.0014309498942268917,0.0007235699510472666
7.2,0.0028396521907156974,0.00916500963113635,0.0033731845601460246,0.0014313331000238064,0.0007237828025412362
7.22,0.0028301013595419477,0.0091680529948135,0.0033741016908948483,0.0014317172629864476,0.0007239958431676963
7.24,0.0028205857446412246,0.009171093222539894,0.0033750208059948896,0.0014321023595805864,0.0007242090657157351
7.26,0.0028111052010277903,0.009174130314280814,0.003375941855415882,0.001432488366677335,0.0007244224631034017
7.28,0.00280165958430965,0.009177164270049581,0.0033768647899611523,0.0014328752615459382,0.0007246360283752983
7.3,0.0027922487506886018,0.009180195089906728,0.00337778956125332,0.0014332630218466408,0.000724849754700239
7.32,0.0027828725569599903,0.009183222773959124,0.00337871612172066,0.0014336516256236627,0.0007250636353689057
7.34,0.0027735308605125308,0.009186247322359654,0.00337964442458346,0.0014340410512984222,0.0007252776637916294
7.36,0.0027642235193278235,0.009189268735306606,0.0033805744238406647,0.001434431277662776,0.0007254918334961533
7.38,0.0027549503919801297,0.009192287013042304,0.003381506074256945,0.0014348222838724244,0.0007257061381254538
7.4,0.002745711337635684,0.009195302155853183,0.0033824393313496444,0.0014352140494404643,0.0007259205714356348
7.42,0.002736506216052137,0.009198314164068563,0.0033833741513761874,0.0014356065542310338,0.0007261351272938132
7.44,0.0027273348875781053,0.009201323038060006,0.0033843104913216493,0.001435999778453091,0.0007263497996760913
7.46,0.0027181972131522015,0.009204328778241042,0.003385248308886633,0.0014363937026543113,0.0007265645826655552
7.48,0.002709093054302469,0.009207331385065826,0.0033861875624750684,0.0014367883077151102,0.0007267794704502983
7.5,0.002700022273145356,0.009210330859028984,0.0033871282111826943,0.0014371835748427431,0.000726994457321503
7.5200000000000005,0.0026909847323849795,0.009213327200664605,0.0033880702147851527,0.0014375794855655429,0.00072720953767156
7.54,0.0026819802953120375,0.009216320410545799,0.0033890135337269027,0.0014379760217272798,0.0007274247059922053
7.5600000000000005,0.002673008825802932,0.009219310489283632,0.003389958129109745,0.0014383731654816173,0.0007276399568727117
7.58,0.002664070188318515,0.00922229743752663,0.00339090396268206,0.0014387708992865986,0.0007278552849981102
7.6000000000000005,0.002655164247903138,0.009225281255960208,0.003391850996827808,0.0014391692058993873,0.0007280706851474491
7.62,0.002646290870183396,0.00922826194530587,0.003392799194556047,0.0014395680683709665,0.0007282861521920806
7.640000000000001,0.002637449921366855,0.009231239506320457,0.0033937485194903893,0.0014399674700410028,0.0007285016810939925
7.66,0.002628641268240955,0.009234213939795588,0.0033946989358588143,0.0014403673945328176,0.000728717266904151
7.68,0.0026198647781714795,0.00923718524655702,0.0033956504084835517,0.0014407678257483908,0.0007289329047609103
7.7,0.0026111203191013744,0.009240153427463838,0.0033966029027711216,0.001441168747863529,0.0007291485898884179
7.72,0.0026024077595492973,0.0092431184834078,0.0033975563847026377,0.0014415701453230302,0.0007293643175950566
7.74,0.002593726968608131,0.009246080415312934,0.0033985108208242536,0.0014419720028361132,0.0007295800832719639
7.76,0.002585077815943555,0.009249039224134665,0.0033994661782377417,0.0014423743053716752,0.0007297958823914959
7.78,0.002576460171792609,0.00925199491085908,0.00340042242459121,0.001442777038153886,0.0007300117105057929
7.8,0.0025678739069619093,0.009254947476502576,0.0034013795280700082,0.0014431801866576985,0.000730227563245342
7.82,0.0025593188928264136,0.009257896922111224,0.0034023374573878503,0.0014435837366045317,0.0007304434363175785
7.84,0.0025507950013275247,0.009260843248759608,0.0034032961817779643,0.0014439876739579516,0.0007306593255054835
7.86,0.0025423021049716175,0.009263786457550882,0.0034042556709845085,0.0014443919849195272,0.0007308752266662611
7.88,0.002533840076828236,0.009266726549615953,0.0034052158952540593,0.0014447966559247088,0.0007310911357300026
7.9,0.0025254087905285058,0.009269663526112675,0.0034061768253273277,0.001445201673638751,0.0007313070486983768
7.92,0.0025170081202633976,0.009272597388225497,0.0034071384324308464,0.0014456070249527818,0.0007315229616433643
7.94,0.0025086379407818883,0.009275528137164693,0.003408100688269059,0.0014460126969799182,0.0007317388707060013
7.96,0.0025002981273892894,0.009278455774165984,0.003409063565016284,0.0014464186770513884,0.0007319547720951627
7.98,0.002491988555945395,0.009281380300489741,0.003410027035308914,0.001446824952712845,0.000732170662086337
8.0,0.0024837091028626513,0.009284301717420784,0.0034109910722380024,0.001447231511720646,0.0007323865370204702
8.02,0.002475459645104375,0.009287220023765991,0.0034119563282820585,0.0014476386451127321,0.0007326024835343152
8.040000000000001,0.0024672400601827922,0.00929013519122734,0.0034129294605807106,0.0014480493266103068,0.0007328193870357846
8.06,0.0024590502261572725,0.009293047059556043,0.0034139395641295586,0.0014484765681115543,0.0007330411222893722
8.08,0.002450890021632306,0.009295955087790736,0.0034150607429025526,0.0014489535697044414,0.0007332775779690096
8.1,0.0024427593257557523,0.009298858006177305,0.003416416377043459,0.0014495357750191789,0.0007335452741804064
8.120000000000001,0.002434658018216707,0.00930175355402805,0.0034181513972208794,0.0014502886627764883,0.0007338637344712394
8.14,0.00242658597924371,0.009304638449379635,0.003420397036614874,0.0014512720929749875,0.0007342508295808611
8.16,0.002418543089602667,0.009307508542236208,0.003423256285860408,0.0014525337804002585,0.0007347208348503882
8.18,0.0024105292305949834,0.009310359015005966,0.003426805702898995,0.0014541100199582538,0.0007352846448429906
8.2,0.002402544284055487,0.009313184561802086,0.003431099407838821,0.001456027391201543,0.0007359502793710455
8.22,0.0023945881323504184,0.009315979538408788,0.0034361731081037528,0.0014583044875114202,0.000736723397011765
8.24,0.0023866606583755317,0.009318738082322335,0.00344204824307415,0.0014609537101472124,0.0007376078281309003
8.26,0.0023787617455539416,0.009321454205926925,0.0034487351675460375,0.0014639826454478986,0.0007386059840580914
8.28,0.0023708912778340916,0.009324121868431023,0.0034562357618643054,0.001467395195466547,0.0007397191930481272
8.3,0.0023630491396878224,0.009326735030617777,0.0034645455079301687,0.0014711924778855131,0.0007409479677177875
8.32,0.0023552352161081377,0.009329287696226927,0.0034736550579374283,0.0014753735056365859,0.0007422922070312384
8.34,0.0023474493926073717,0.009331773942983002,0.0034835514882334525,0.0014799357305950132,0.0007437513579184316
8.36,0.002339691555214888,0.009334187945560969,0.003494219242711207,0.0014848754523950106,0.0007453245368208635
8.38,0.0023319615904751484,0.009336523992388535,0.0035056408688595303,0.0014901881374737788,0.0007470106245729311
8.4,0.0023242593854455383,0.009338776497678522,0.003517797581261673,0.0014958686632619866,0.0007488083390477273
8.42,0.0023165848276943696,0.009340940009818074,0.003530669689759299,0.0015019115036215111,0.0007507162903494368
8.44,0.002308937805298673,0.009343009216969556,0.0035442369306364326,0.0015083108722484173,0.0007527330235209022
8.46,0.0023013182068422097,0.009344978950543599,0.003558478714068239,0.0015150608296667658,0.0007548570504348868
8.48,0.002293725921413232,0.009346844187061453,0.0035733743144081677,0.001522155365424951,0.0007570868743203826
8.5,0.0022861608386025374,0.009348600048798662,0.0035889030111399484,0.001529588458819122,0.0007594210079100396
8.52,0.002278622848501194,0.009350241803516679,0.003605044194881827,0.0015373541244183197,0.000761857987073247
8.540000000000001,0.0022711118416985504,0.009351764863517126,0.003621777445192485,0.0015454464453005246,0.0007643963807986153
8.56,0.002263627709280018,0.009353164784198391,0.003639082586831926,0.0015538595968852154,0.0007670347983827455
8.58,0.0022561703428250163,0.00935443726225439,0.003656939730082894,0.0015625878638001794,0.0007697718945495896
8.6,0.002248739634404742,0.009355578133620706,0.003675329298003794,0.001571625651016927,0.0007726063728663377
8.620000000000001,0.0022413354765802264,0.009356583371249536,0.003694232044647863,0.0015809674910163508,0.0007755369879793928
8.64,0.002233957762400057,0.00935744908277553,0.0037136290656104177,0.0015906080475658658,0.0007785625468424483
8.66,0.0022266063853983047,0.009358171508118945,0.0037335018034262268,0.0016005421172107545,0.0007816819092642305
8.68,0.0022192812395923477,0.0093587470170607,0.0037538320486630705,0.0016107646288421968,0.0007848939878832069
8.700000000000001,0.002211982219480844,0.009359172106817294,0.0037746019380938637,0.0016212706419464768,0.0007881977477485749
8.72,0.002204709220041507,0.009359443399633276,0.003795793950601662,0.0016320553438188127,0.0007915922055914497
8.74,0.002197462136729014,0.009359557640406876,0.0038173909014811913,0.001643114046031783,0.0007950764288721245
8.76,0.0021902408654728795,0.009359511694357206,0.0038393759356621705,0.0016544421803882704,0.0007986495346713851
8.78,0.002183045302675283,0.0093593025447418,0.003861732520130359,0.0016660352944793226,0.0008023106884613938
8.8,0.0021758753452090864,0.009358927290627955,0.0038844444359404573,0.0016778890470214335,0.0008060591028076162
8.82,0.002168730890415547,0.009358383144720685,0.003907495769919225,0.0016899992030160258,0.0008098940360142745
8.84,0.0021616118361022832,0.00935766743124986,0.003930870906326217,0.0017023616288508305,0.0008138147907485718
8.86,0.002154518080541132,0.009356777583914505,0.0039545545185047425,0.001714972287357959,0.0008178207126477067
8.88,0.002147449522466027,0.009355711143886981,0.003978531560683184,0.0017278272329015272,0.0008219111889300888
8.9,0.002140406061070958,0.009354465757872403,0.004002787259943076,0.0017409226065031218,0.0008260856470129002
8.92,0.0021333875960077146,0.00935303917622577,0.0040273071084348955,0.001754254631043199,0.0008303435531469633
8.94,0.002126394027383923,0.009351429251121594,0.00405207685585774,0.0017678196065472804,0.0008346844110712818
8.96,0.002119425255760908,0.009349633934776511,0.004077082502232113,0.0017816139055721668,0.0008391077606914276
8.98,0.002112481182151502,0.009347651277720784,0.004102310290982773,0.0017956339687018883,0.0008436131767843528
9.0,0.002105561708018112,0.009345479427119172,0.004127746702332209,0.0018098763001558353,0.0008482002677300746
9.02,0.0020986667352704187,0.009343116625135397,0.004153378447019143,0.0018243374635181263,0.0008528686742724978
9.040000000000001,0.002091796166263548,0.009340561207341334,0.004179192460329012,0.0018390140775846073,0.0008576180683081225
9.06,0.002084949903795714,0.009337811601166748,0.004205175896446193,0.0018539028123346554,0.0008624481517043309
9.08,0.002078127851106365,0.00933486632438775,0.004231316123110527,0.0018690003850222853,0.0008673586551453645
9.1,0.002071329911873989,0.009331723983652137,0.004257600716582116,0.001884303556391206,0.0008723493370070197
9.120000000000001,0.002064555990214095,0.009328383273039089,0.004284017456896914,0.0018998091270085583,0.0008774199822581829
9.14,0.002057805990677107,0.00932484297265145,0.004310554323411807,0.001915513933719634,0.0008825704013895699
9.16,0.0020510798182463478,0.009321101947238942,0.004337199490624228,0.001931414846219222,0.000887800429368079
9.18,0.0020443773783359372,0.009317159144848926,0.0043639413242596275,0.0019475087637399072,0.0008931099246164502
9.200000000000001,0.0020376985767888273,0.009313013595505269,0.0043907683776151975,0.0019637926118542945,0.0008984987680171587
9.22,0.0020310433198746625,0.009308664409911155,0.0044176693881499045,0.0019802633393898486,0.0009039668619396892
9.24,0.0020244115142878404,0.009304110778175298,0.004444633274310389,0.0019969179154544314,0.0009095141292903718
9.26,0.0020178030671453855,0.009299351968560332,0.004471649132582379,0.002013753326570303,0.0009151405125838739
9.28,0.0020112178859849968,0.009294387326251078,0.004498706234757471,0.002030766573915376,0.0009208459730355276
9.3,0.0020046558787630057,0.009289216272140927,0.004525794025404525,0.002047954670668984,0.0009266304896735482
9.32,0.0019981169538523668,0.009283838301635856,0.00455290211953641,0.0020653146394613675,0.0009324940584704206
9.34,0.0019916010200406306,0.009278252983474386,0.004580020300461152,0.0020828435099243332,0.0009384366914925756
9.36,0.00198510798652799,0.009272459958562084,0.004607138517809135,0.0021005383163418727,0.0009444584160676267
9.38,0.0019786377629252513,0.009266458938818693,0.004634246885724763,0.00211839609539884,0.000950559273968275
9.4,0.0019721902592518626,0.009260249706038842,0.004661335681215601,0.0021364138840264365,0.00095673932061229
9.42,0.0019657653859339016,0.009253832110762637,0.004688395342647426,0.0021545887173424435,0.0009629986242777164
9.44,0.00195936305380225,0.009247206071157744,0.0047154164683783,0.0021729176266855046,0.000969337265332686
9.46,0.0019529831740903625,0.009240371571908948,0.004742389815521393,0.002191397637741132,0.0009757553354790831
9.48,0.0019466256584325223,0.009233328663117843,0.00476930629882847,0.0022100257687589697,0.0009822529370094712
9.5,0.0019402904188618516,0.009226077459209222,0.004796156989686432,0.0022287990288593646,0.0009888301820766376
9.52,0.001933977367808304,0.009218618137843955,0.004822933115217408,0.0022477144164282604,0.0009954871919751022
9.540000000000001,0.0019276864180968064,0.009210950938838247,0.004849626057475976,0.0022667689175991114,0.0010022240964339933
9.56,0.0019214174829452566,0.00920307616308887,0.0048762273527344305,0.0022859595048207635,0.0010090410329208729
9.58,0.0019151704759626104,0.009194994171502005,0.004902728690850009,0.002305283135509881,0.001015938145955702
9.6,0.001908945311147032,0.009186705383927568,0.0049291219147058925,0.0023247367507871096,0.0010229155864347182
9.620000000000001,0.0019027419028839533,0.009178210278096274,0.004955399019719224,0.002344317274295755,0.0010299735109634096
9.64,0.0018965601659441179,0.009169509388560752,0.004981552153409604,0.0023640216111017434,0.0010371120811984442
9.66,0.0018904000154817485,0.009160603305639647,0.005007573615021333,0.002383846646674388,0.0010443314631977682
9.68,0.0018842613670326548,0.009151492674363167,0.005033455855193182,0.0024037892459461046,0.001051631826778594
9.700000000000001,0.001878144136512345,0.009142178193422484,0.005059191475669123,0.002423846252451026,0.0010590133448829273
9.72,0.0018720482402141535,0.009132660614119981,0.005084773229045069,0.0024440144875407036,0.001066476192949977
9.74,0.0018659735948073828,0.009122940739321643,0.005110194018544886,0.002464290749676617,0.0010740205482953433
9.76,0.0018599201173354475,0.009113019422411186,0.005135446897821284,0.002484671813797866,0.0010816465894964225
9.78,0.0018538877252140325,0.009102897566245313,0.005160525070775339,0.0025051544307638745,0.0010893544957837134
9.8,0.0018478763362292337,0.009092576122110386,0.005185421891390393,0.002525735326870353,0.001097144446437802
9.82,0.0018418858685357595,0.009082056088680355,0.005210130863575483,0.0025464112034382738,0.0011050166201914992
9.84,0.0018359162406550846,0.0090713385109761,0.005234645641013087,0.002567178736474436,0.001112971194637085
9.86,0.0018299673714736273,0.009060424479325223,0.00525896002700785,0.0025880345764028104,0.001121008345638145
9.88,0.0018240391802409497,0.009049315128323862,0.005283067974331148,0.0026089753478659963,0.0011291282467459048
9.9,0.0018181315865679686,0.009038011635799361,0.005306963585058175,0.00262999764959521,0.0011373310686197242
9.92,0.001812244510425164,0.0090265152217738,0.005330641110393634,0.0026510980543486004,0.0011456169784515402
9.94,0.0018063778721407367,0.009014827147429886,0.0053540949504827335,0.0026722731089160873,0.0011539861393940537
9.96,0.0018005315923989187,0.009002948714076999,0.005377319654203676,0.0026935193341906362,0.001162438709992419
9.98,0.0017947055922381563,0.008990881262120633,0.005400309918938744,0.002714833225303928,0.001170974843619424
10.0,0.0017888997930493608,0.008978626170031784,0.00542306059032189,0.0027362112518264014,0.0011795946879136561
10.02,0.0017831141165741303,0.008966184853319237,0.005445566661958137,0.0027576498580297324,0.0011882983842208719
10.040000000000001,0.0017773484849030673,0.008953558763504508,0.005467823275114717,0.0027791454632115358,0.0011970860670382315
10.06,0.0017716028204739233,0.00894074938709779,0.00548982571837951,0.002800694462080105,0.0012059578634612744
10.08,0.0017658770460700476,0.008927758244578273,0.005511569427286084,0.002822293225199479,0.0012149138926336744
10.1,0.001760171084818474,0.008914586889375145,0.0055330499839021845,0.0028439380994921453,0.0012239542651994717
10.120000000000001,0.0017544848601883606,0.008901236906854293,0.005554263116380806,0.002865625408799577,0.001233079082757964
10.14,0.0017488182959891627,0.00888770991330585,0.005575204698472231,0.0028873514544983715,0.0012422884373209692
10.16,0.001743171316369054,0.00887400755493702,0.005595870748994187,0.00290911251617148,0.001251582410772536
10.18,0.0017375438458131296,0.008860131506868775,0.005616257431261081,0.0029309048523327337,0.0012609610743311457
10.200000000000001,0.0017319358091418184,0.00884608347213573,0.005636361052468911,0.002952724701203879,0.0012704244880142037
10.22,0.0017263471315091224,0.008831865180691746,0.005656178063036843,0.002974568281542258,0.0012799727001049743
10.24,0.0017207777384010187,0.008817478388419954,0.005675705055903098,0.0029964317935182653,0.0012896057466219508
10.26,0.0017152275556337553,0.008802924876147472,0.005694938765775251,0.003018311419641139,0.00129932365079065
10.28,0.001709696509352233,0.008788206448666557,0.005713876068334821,0.003040203325731079,0.0013091264225179554
10.3,0.0017041845260283748,0.008773324933760785,0.005732513979394286,0.0030621036619372043,0.0013190140578690232
10.32,0.0016986915324594303,0.00875828218123786,0.005750849654008126,0.0030840085637992027,0.001328986538546799
10.34,0.0016932174557664121,0.008743080061968457,0.005768880385536183,0.0031059141533513247,0.001339043831374348
10.36,0.0016877622233924534,0.008727720466932487,0.005786603604660627,0.0031278165402672978,0.0013491858877800185
10.38,0.0016823257631011946,0.008712205306271564,0.005804016878355479,0.003149711823044521,0.0013594126432855621
10.4,0.0016769080029751988,0.008696536508349945,0.0058211179088099784,0.0031715960902259574,0.0013697240169974426
10.42,0.0016715088714143267,0.008680716018822258,0.005837904532305221,0.003193465421658054,0.001380119911101356
10.44,0.0016661282971341806,0.008664745799710211,0.005854374718045265,0.003215315889783245,0.001390600210360241
10.46,0.001660766209164539,0.008648627828486891,0.0058705265669430195,0.0032371435609651143,0.0014011647816159342
10.48,0.0016554225368477166,0.008632364097170182,0.005886358310360949,0.0032589444968446537,0.0014118134732945774
10.5,0.0016500972098370621,0.008615956611425198,0.0059018683088086854,0.003280714755725873,0.0014225461149161597
10.52,0.0016447901580954008,0.00859940738967573,0.005917055050596777,0.003302450393988971,0.0014333625166082372
10.540000000000001,0.001639501311893472,0.008582718462225728,0.005931917150448854,0.003324147467529584,0.0014442624686242063
10.56,0.0016342306018083408,0.0085658918703903,0.005946453348072023,0.0033458020332217753,0.0014552457408663418
10.58,0.001628977958722004,0.008548929665636702,0.005960662506687837,0.003367410150403501,0.0014663120824137622
10.6,0.001623743313819701,0.008531833908736606,0.005974543611523348,0.0033889678823824515,0.001477461221055821
10.620000000000001,0.0016185265985885317,0.008514606668927824,0.005988095768265136,0.0034104712979606097,0.001488692862830999
10.64,0.0016133277448158283,0.00849725002308789,0.006001318201475905,0.003431916472975253,0.0015000066915716631
10.66,0.0016081466845877797,0.008479766054918713,0.006014210252976307,0.00345329949185543,0.0015114023684551562
10.68,0.0016029833502878444,0.008462156854142065,0.0060267713801926415,0.0034746164491908475,0.0015228795315612867
10.700000000000001,0.0015978376745952845,0.008444424515707696,0.006039001154471535,0.0034958634513124684,0.0015344377954367786
10.72,0.0015927095904837286,0.008426571139011955,0.006050899259363759,0.003517036617881976,0.0015460767506668659
10.74,0.0015875990312196478,0.008408598827130093,0.006062465488878042,0.003538132083489114,0.0015577959634545987
10.76,0.0015825059303609143,0.008390509686059276,0.006073699745706732,0.0035591459992539813,0.001569594975207957
10.78,0.0015774302217553575,0.008372305823975199,0.006084602039424363,0.0035800745344335954,0.0015814733021354485
10.8,0.0015723718395392995,0.008353989350500853,0.006095172484661048,0.0036009138780298817,0.0015934304348503548
10.82,0.001567330718136146,0.008335562375987862,0.0061054112992522495,0.0036216602403975878,0.001605465837984092
10.84,0.0015623067922548835,0.008317027010810853,0.00611531880236621,0.0036423098548504203,0.0016175789498091891
10.86,0.0015572999968887055,0.008298385364675786,0.006124895412610604,0.0036628589792633975,0.0016297691818722407
10.88,0.0015523102673136282,0.008279639545939943,0.006134141646120439,0.0036833038976692924,0.0016420359186371354
10.9,0.0015473375390869953,0.008260791660946228,0.006143058114628095,0.0037036409218480478,0.0016543785171392101
10.92,0.0015423817480461387,0.008241843813371133,0.006151645523518079,0.0037238663929067784,0.0016667963066506598
10.94,0.0015374428303069386,0.00822279810358529,0.006159904669866511,0.003743976682848672,0.0016792885883576013
10.96,0.0015325207222624856,0.008203656628028357,0.006167836440468867,0.0037639681961292673,0.0016918546350493681
10.98,0.0015276153605816424,0.008184421478597678,0.00617544180985579,0.0037838373711982553,0.0017044936908204146
11.0,0.0015227266822077322,0.008165094742050037,0.006182721838299798,0.0038035806820250363,0.0017172049707851955
11.02,0.0015178546243570772,0.008145678499417903,0.006189677669813636,0.003823194639606299,0.0017299876608067458
11.040000000000001,0.0015129991245177636,0.008126174825438943,0.0061963105301418185,0.0038426757934543927,0.001742840917239118
11.06,0.001508160120448161,0.00810658578800014,0.006202621724748136,0.0038620207330643712,0.0017557638666844508
11.08,0.0015033375501757027,0.008086913447595151,0.0062086126367982865,0.003881226089358396,0.0017687556057648251
11.1,0.0014985313519954317,0.008067159856795984,0.006214284725141449,0.0039002885361060706,0.001781815200909646
11.120000000000001,0.001493741464468741,0.008047327059738294,0.006219639522290799,0.003919204791318898,0.0017949416881588237
11.14,0.0014889678264220136,0.008027417091620987,0.006224678632405081,0.003937971618617815,0.0018081340729824103
11.16,0.0014842103769453412,0.008007431978219466,0.006229403729271739,0.0039565858285720125,0.0018213913301169389
11.18,0.0014794690553911875,0.007987373735412652,0.006233816554294622,0.003975044280008013,0.001834712403419033
11.200000000000001,0.0014747438013730657,0.007967244368724188,0.006237918914485624,0.003993343881287458,0.0018480962057368896
11.22,0.001470034554764265,0.007947045872877222,0.006241712680463277,0.00401148159155248,0.0018615416187998063
11.24,0.0014653412556966216,0.007926780231362701,0.0062451997844582335,0.004029454421937467,0.0018750474931263478
11.26,0.001460663844559097,0.007906449416021963,0.006248382218327748,0.004047259436745938,0.001888612647951629
11.28,0.001456002261996633,0.007886055386642188,0.006251262031580232,0.0040648937545914865,0.001902235871174046
11.3,0.0014513564489087938,0.007865600090566098,0.006253841329410438,0.0040823545495019785,0.0019159159193220157
11.32,0.0014467263464485749,0.007845085462314402,0.006256122270747245,0.004099639051985477,0.001929651517540894
11.34,0.0014421118960210749,0.007824513423222226,0.006258107066314919,0.004116744550057496,0.0019434413596007582
11.36,0.0014375130392823344,0.007803885881088233,0.006259797976707916,0.00413366839022855,0.001957284107925207
11.38,0.0014329297181379704,0.007783204729837286,0.006261197310482104,0.004150407978450908,0.001971178393641741
11.4,0.0014283618747420975,0.007762471849195936,0.006262307422261712,0.00416696078102409,0.00198512281665393
11.42,0.001423809451495936,0.0077416891043809175,0.0062631307108637945,0.004183324325458597,0.001999115945735775
11.44,0.0014192723910467372,0.007720858345799992,0.0062636696174408766,0.00419949620129653,0.0020131563186486664
11.46,0.0014147506362864348,0.007699981408766376,0.0062639266236428634,0.004215474060889309,0.002027242442281131
11.48,0.0014102441303505554,0.007679060113224441,0.006263904249798464,0.0042312556201314485,0.0020413727928116645
11.5,0.0014057528166169066,0.007658096263488748,0.006263605053117729,0.0042468386591501,0.0020555458158950605
11.52,0.001401276638704491,0.007637091647994801,0.006263031625915887,0.00426222102295026,0.002069759926872419
11.540000000000001,0.0013968155404722091,0.007616048039061955,0.006262186593859223,0.004277400622014472,0.002084013511004892
11.56,0.0013923694660177791,0.007594967192668128,0.0062610726142339895,0.00429237543285797,0.0020983049237317383
11.58,0.0013879383596764527,0.007573850848236514,0.0062596923742384005,0.004307143498537777,0.0021126324909525565
11.6,0.001383522166019929,0.0075527007284332355,0.0062580485892994985,0.004321702929116592,0.0021269945093340143
11.620000000000001,0.0013791208298551412,0.007531518538977393,0.006256144001413355,0.004336051902080813,0.0021413892466411425
11.64,0.0013747342962231537,0.007510305968460953,0.006253981377511785,0.004350188662712898,0.0021558149420934083
11.66,0.001370362510397936,0.007489064688181153,0.006251563507853501,0.004364111524417926,0.002170269806745586
11.68,0.0013660054178852659,0.007467796351982324,0.006248893204442107,0.004377818869004709,0.0021847520238934153
11.700000000000001,0.0013616629644215793,0.00744650259610959,0.006245973299470194,0.004391309146921018,0.0021992597495042216
11.72,0.0013573350959728578,0.007425185039072113,0.006242806643790268,0.004404580877443956,0.0022137911126724604
11.74,0.00135302175873343,0.007403845281517365,0.006239396105413109,0.004417632648824934,0.002228344216100079
11.76,0.0013487228991249807,0.007382484906114701,0.00623574456803329,0.004430463118389753,0.0022429171366017417
11.78,0.0013444384637952814,0.0073611054774496655,0.006231854929582709,0.004443071012594929,0.0022575079256347305
11.8,0.0013401683996171882,0.007339708541927289,0.006227730100811845,0.004455455127038921,0.0022721146098535613
11.82,0.0013359126536875037,0.007318295627685378,0.006223373003899675,0.004467614326430525,0.002286735191688992
11.84,0.001331671173325904,0.007296868244516858,0.00621878657109145,0.004479547544513913,0.002301367649951311
11.86,0.0013274439060737759,0.007275427883801388,0.006213973743365422,0.004491253783951197,0.0023160099404578058
11.88,0.0013232307996932668,0.007253976018445566,0.006208937469127864,0.004502732116162572,0.002330659996683901
11.9,0.001319031802166033,0.007232514102832412,0.006203680702937234,0.004513981681125546,0.0023453157304380735
11.92,0.001314846861692311,0.0072110435727788325,0.006198206404256682,0.00452500168713336,0.0023599750325596883
11.94,0.0013106759266897797,0.007189565845501597,0.006192517536236032,0.004535791410512976,0.002374635773640072
11.96,0.0013065189457925296,0.007168082319591515,0.006186617064521802,0.0045463501953043155,0.0023892958047659245
11.98,0.001302375867849971,0.007146594374995547,0.006180507956096853,0.004556677452900553,0.0024039529582848664
12.0,0.0012982466419257995,0.007125103373006125,0.006174193178148155,0.004566772661651149,0.0024186050485925743
12.02,0.0012941312172969897,0.007103610656258991,0.006167675696963824,0.004576635366427136,0.00243324987294136
12.040000000000001,0.0012900295434527084,0.007082117548737293,0.006160958476858675,0.004586265178151653,0.0024478852122691583
12.06,0.0012859415700932982,0.0070606253557834115,0.006154044479127882,0.004595661773294113,0.0024625088320487606
12.08,0.001281867247129236,0.007039135364117636,0.006146936661029796,0.0046048248933310805,0.0024771184831566414
12.1,0.001277806524680139,0.007017648841863447,0.006139637974796312,0.004613754344173211,0.002491711902760758
12.120000000000001,0.001273759353073759,0.006996167038579472,0.006132151366671872,0.004622449995560639,0.002506286815226553
12.14,0.001269725682844878,0.0069746911852976105,0.006124479775980072,0.0046309117804261895,0.002520840933040896
12.16,0.0012657054647344462,0.006953222494567384,0.006116626134218192,0.0046391396942290775,0.0025353719577525676
12.18,0.0012616986496884533,0.006931762160506522,0.006108593364178913,0.004647133794258844,0.0025498775809294576
12.200000000000001,0.0012577051888570333,0.006910311358856758,0.006100384379099725,0.004654894198911187,0.002564355485130847
12.22,0.0012537250335933928,0.006888871247045857,0.006092002081838827,0.004662421086936777,0.0025788033448946933
12.24,0.001249758135452902,0.006867442964254448,0.006083449364078338,0.004669714696663589,0.0025932188277386758
12.26,0.0012458044461920368,0.006846027631488555,0.006074729105553324,0.004676775325194481,0.0026075995951743373
12.280000000000001,0.0012418639177675008,0.006824626351656922,0.006065844173307882,0.00468360332758072,0.002621943303733408
12.3,0.001237936502335178,0.006803240209653388,0.006056797420975808,0.004690199115972517,0.002636247606005617
12.32,0.0012340221522491974,0.0067818702724435935,0.006047591688088508,0.004696563158747755,0.0026505101516866997
12.34,0.0012301208200610084,0.0067605175891567795,0.006038229799406382,0.004702695979620305,0.002664728588636226
12.36,0.001226232458518353,0.006739183191181231,0.006028714564276504,0.004708598156728138,0.002678900563943622
12.38,0.001222357020564425,0.006717868092264729,0.006019048776014121,0.004714270321703524,0.0026930237250022146
12.4,0.001218494459336802,0.006696573288618199,0.006009235211308466,0.0047197131587254065,0.002707095720589631
12.42,0.001214644728166621,0.006675299759023711,0.005999276629652668,0.004724927403555405,0.002721114201953985
12.44,0.0012108077805776038,0.006654048464946061,0.005989175772796992,0.004729913842558817,0.002735076823904573
12.46,0.0012069835702851165,0.006632820350648003,0.005978935364224981,0.004734673311711237,0.002748981245906434
12.48,0.0012031720511952466,0.0066116163433084406,0.00596855810865276,0.004739206695592041,0.002762825133177356
12.5,0.0011993731774039378,0.006590437353144308,0.0059580466915503645,0.0047435149263656065,0.0027766061577863604
12.52,0.0011955869031960188,0.006569284273535422,0.00594740377868521,0.004747598982752142,0.0027903219997529043
12.540000000000001,0.0011918131830443385,0.006548157981151902,0.005936632015686906,0.0047514598889876695,0.002803970348145536
12.56,0.001188051971608828,0.0065270593360851475,0.005925734027633772,0.004755098713775766,0.0028175489021788065
12.58,0.0011843032237356477,0.006505989181980315,0.005914712418659282,0.004758516569230853,0.0028310553723077305
12.6,0.0011805668944562713,0.0064849483461727085,0.005903569771579759,0.004761714609814897,0.002844487481318545
12.620000000000001,0.0011768429389865441,0.00646393763982507,0.005892308647541617,0.0047646940312676385,0.0028578429654145744
12.64,0.0011731313127259703,0.006442957858068497,0.005880931585687975,0.004767456069532471,0.0028711195752964772
12.66,0.0011694319712566193,0.00642200978014418,0.005869441102844838,0.004770001999677653,0.002884315077235501
12.68,0.0011657448703424169,0.006401094169548263,0.0058578396932261155,0.004772333134814701,0.0028974272541391326
12.700000000000001,0.001162069965928181,0.006380211774177631,0.005846129828156276,0.004774450825014441,0.0029104539066074023
12.72,0.0011584072141388516,0.006359363326478083,0.00583431395581184,0.004776356456221778,0.002923392853979765
12.74,0.0011547565712785287,0.006338549543593619,0.005822394500979866,0.004778051449169925,0.002936241935370507
12.76,0.0011511179938296905,0.006317771127517857,0.005810373864833666,0.004779537258294998,0.002948999010692681
12.780000000000001,0.0011474914384523149,0.006297028765245921,0.0057982544247253895,0.0047808153706519144,0.0029616619616688175
12.8,0.0011438768619830703,0.006276323128928728,0.0057860385339947645,0.004781887304832166,0.0029742286928277793
12.82,0.0011402742214344092,0.006255654876027052,0.005773728521793876,0.004782754609884709,0.0029866971324869936
12.84,0.0011366834739937866,0.006235024649468395,0.005761326692927517,0.0047834188642396375,0.002999065233718456
12.86,0.00113310457702285,0.006214433077803059,0.005748835327708509,0.004783881674637374,0.0030113309752986374
12.88,0.0011295374880565326,0.006193880775362246,0.005736256681827865,0.004784144675061674,0.0030234923626401996
12.9,0.0011259821648023157,0.006173368342416569,0.005723592986239444,0.004784209525679027,0.0030355474287058317
12.92,0.001122438565139367,0.0061528963653349955,0.0057108464470581825,0.004784077911784229,0.0030474942349023614
12.94,0.0011189066471177435,0.006132465416744756,0.005698019245472359,0.004783751542752969,0.0030593308719550696
12.96,0.0011153863689575421,0.006112076055691651,0.005685113537668684,0.00478323215100218,0.003071055460760911
12.98,0.0011118776890481656,0.006091728827800401,0.005672131454770662,0.004782521490958229,0.003082666153220331
13.0,0.0011083805659474742,0.0060714242654358735,0.0056590751027886365,0.004781621338034645,0.0030941611330465063
13.02,0.0011048949583810288,0.006051162887864097,0.005645946562582943,0.004780533487618473,0.00310553861655164
13.040000000000001,0.0011014208252412509,0.006030945201413699,0.0056327478898377855,0.004779259754066817,0.003116796853409499
13.06,0.0010979581255866656,0.006010771699637294,0.005619481115047262,0.0047778019697138395,0.00312793412739346
13.08,0.0010945068186411016,0.005990642863472909,0.005606148243511855,0.004776161983888564,0.003138948757090013
13.1,0.0010910668637929707,0.005970559161405468,0.005592751255346033,0.004774341661944081,0.003149839096586167
13.120000000000001,0.0010876382205944168,0.005950521049627839,0.005579292105495521,0.004772342884298054,0.0031606035361312194
13.14,0.001084220848760591,0.005930528972202132,0.00556577272376541,0.00477016754548618,0.003171240502771783
13.16,0.001080814708168868,0.005910583361220235,0.005552195014857108,0.004767817553227452,0.0031817484609599324
13.18,0.0010774197588580968,0.0058906846369645586,0.005538560858415118,0.004765294827502748,0.003192125913133724
13.200000000000001,0.0010740359610278353,0.005870833208067853,0.005524872109082575,0.004762601299646527,0.003202371400270039
13.22,0.0010706632750376078,0.005851029471673002,0.005511130596565393,0.004759738911452129,0.0032124835024092318
13.24,0.0010673016614061396,0.0058312738135921785,0.005497338125705124,0.00475670961429087,0.003222460839151316
13.26,0.0010639510808106497,0.005811566608465327,0.005483496476559283,0.004753515368245481,0.003232302070123168
13.280000000000001,0.0010606114940860257,0.005791908219918369,0.005469607404489986,0.004750158141257516,0.003242005895417185
13.3,0.0010572828622242055,0.005772299000720262,0.005455672640259794,0.004746639908289983,0.003251571056000239
13.32,0.0010539651463733347,0.0057527392929399394,0.00544169389013456,0.004742962650504125,0.0032609963340935796
13.34,0.0010506583078371103,0.005733229428102082,0.00542767283599337,0.004739128354452104,0.003270280553523158
13.36,0.0010473623080740197,0.0057137697273422355,0.005413611135445106,0.004735139011283644,0.0032794225800404104
13.38,0.0010440771086966338,0.0056943605015611085,0.005399510421951066,0.004730996615969644,0.0032884213216133103
13.4,0.0010408026714708851,0.005675002051578081,0.005385372304953918,0.004726703166539666,0.00329727572868791
13.42,0.001037538958315345,0.005655694668283569,0.005371198370012232,0.0047222606633363605,0.00330598479442017
13.44,0.0010342859313005384,0.005636438632790861,0.005356990178940902,0.004717671108284548,0.003314547554878217
13.46,0.0010310435526482053,0.005617234216586553,0.005342749269955954,0.004712936504177178,0.00332296308921513
13.48,0.0010278117847306533,0.0055980816816800436,0.005328477157825857,0.0047080588539760255,0.0033312305198124415
13.5,0.0010245905900699668,0.005578981280752418,0.0053141753340259085,0.004703040160129358,0.00333934901239428
13.52,0.0010213799313374074,0.005559933257303647,0.00529984526689875,0.004697882423904607,0.003347317776112783
13.540000000000001,0.0010181797713526718,0.005540937845799059,0.005285488401817999,0.004692587644738111,0.0033551360636043712
13.56,0.0010149900730832306,0.005521995271814815,0.005271106161356852,0.004687157819599511,0.003362803171017762
13.58,0.0010118107996436045,0.005503105752181699,0.0052566999454598425,0.004681594942373433,0.003370318438013609
13.6,0.0010086419142947374,0.005484269495128332,0.005242271131619066,0.004675901003256164,0.0033776812477363718
13.620000000000001,0.0010054833804432858,0.005465486700422813,0.005227821075053037,0.004670077988169026,0.0033848910267583023
13.64,0.0010023351616409448,0.005446757559513208,0.005213351108889517,0.0046641278781866516,0.0033919472449966295
13.66,0.0009991972215837913,0.00542808225566699,0.005198862544350779,0.004658052648982231,0.0033988494156035123
13.68,0.0009960695241116259,0.0054094609641090795,0.005184356670942477,0.00465185427028753,0.003405597094829961
13.700000000000001,0.000992952033207293,0.00539089385215851,0.0051698347566444215,0.0046455347053693035,0.003412189881863493
13.72,0.0009898447129960326,0.005372381079363968,0.005155298048104405,0.004639095910520538,0.003418627418640571
13.74,0.000986747527744829,0.005353922797638128,0.005140747770834106,0.004632539834568053,0.003424909389633984
13.76,0.0009836604418617537,0.005335519151390289,0.005126185129407437,0.00462586841839452,0.0034310355216157404
13.780000000000001,0.0009805834198952932,0.005317170277658106,0.005111611307660288,0.004619083594476615,0.0034370055833959664
13.8,0.0009775164265337652,0.005298876306237875,0.005097027468892865,0.004612187286437361,0.0034428193855386667
13.82,0.0009744594266046301,0.0052806373598131865,0.005082434756073047,0.004605181408614292,0.0034484767800543915
13.84,0.0009714123850738572,0.005262453554082427,0.005067834292041614,0.004598067865641781,0.003453977660070958
13.86,0.000968375267045303,0.005244324997885393,0.005053227179718837,0.004590848552048726,0.0034593219594823703
13.88,0.0009653480377600803,0.0052262517933273425,0.005038614502312112,0.004583525351869723,0.0034645096525768525
13.9,0.0009623306625959185,0.005208234035902988,0.005023997323524844,0.004576100138271498,0.0034695407536445228
13.92,0.000959323107066554,0.005190271814618276,0.0050093766877661395,0.004568574773193187,0.0034744153165652864
13.94,0.0009563253368210998,0.005172365212110795,0.00499475362036153,0.004560951107000463,0.0034791334343777613
13.96,0.0009533373176434482,0.005154514304769597,0.004980129127764152,0.004553230978153543,0.003483695238829779
13.98,0.0009503590154516115,0.00513671916285232,0.004965504197766791,0.004545416212888824,0.0034881008999110203
14.0,0.0009473903962971583,0.0051189798506021955,0.004950879799714017,0.004537508624914024,0.003492350625368984
14.02,0.0009444314263645763,0.0051012964263627445,0.004936256884714957,0.00452951001511627,0.0034964446602080684
14.040000000000001,0.0009414820719706857,0.00508366894269159,0.004921636385856274,0.004521422171283419,0.003500383286173442
14.06,0.0009385422995640334,0.0050660974464725155,0.004907019218415005,0.004513246867837911,0.0035041668212197428
14.08,0.0009356120757242823,0.0050485819790264674,0.004892406280071928,0.004504985865583853,0.003507795618965396
14.1,0.0009326913671616277,0.005031122576221036,0.0048777984511242,0.00449664091146526,0.003511270068133681
14.120000000000001,0.0009297801407162068,0.005013719268578267,0.004863196594698508,0.004488213738338138,0.0035145905919804973
14.14,0.000926878363357522,0.004996372081381583,0.00484860155696338,0.004479706064752662,0.0035177576477103574
14.16,0.0009239860021838006,0.004979081034780683,0.004834014167341603,0.004471119594748566,0.0035207717258805317
14.18,0.0009211030244214902,0.004961846143895908,0.004819435238721865,0.004462456017661282,0.003523633349794717
14.200000000000001,0.0009182293974246266,0.004944667418920189,0.00480486556767015,0.004453717007939322,0.0035263430748863366
14.22,0.0009153650886742712,0.004927544865220675,0.004790305934640296,0.004444904224973155,0.003528901488092772
14.24,0.0009125100657779353,0.004910478483438047,0.004775757104184168,0.004436019312934698,0.0035313092072205296
14.26,0.0009096642964690256,0.004893468269585071,0.004761219825160783,0.004427063900626887,0.0035335668803024994
14.280000000000001,0.0009068277486062544,0.004876514215143736,0.00474669483094501,0.0044180396013446055,0.0035356751849479114
14.3,0.000904000390173074,0.004859616307160564,0.004732182839634806,0.004408948012744919,0.0035376348276856076
14.32,0.0009011821892771437,0.004842774528341328,0.004717684554258511,0.0043997907167278435,0.003539446543301031
14.34,0.0008983731141497437,0.004825988857143589,0.004703200662979759,0.0043905692793260115,0.0035411110941681876
14.36,0.0008955731331452408,0.004809259267868739,0.004688731839302811,0.004381285250604751,0.0035426292695763394
14.38,0.0008927822147405106,0.004792585730752048,0.004674278742275649,0.004371940164570643,0.00354400188505321
14.4,0.0008900003275344117,0.004775968212051701,0.004659842016692536,0.004362535539089629,0.0035452297816841475
14.42,0.0008872274402472179,0.004759406674136509,0.004645422293294989,0.004353072875813431,0.003546313825428563
14.44,0.0008844635217200986,0.004742901075572467,0.004631020188972172,0.004343553660114951,0.003547254906434242
14.46,0.0008817085409145493,0.004726451371207362,0.004616636306958748,0.004333979361031793,0.0035480539383495923
14.48,0.0008789624669118899,0.00471005751225505,0.00460227123703299,0.004324351431217922,0.0035487118576350537
14.5,0.00087622526891267,0.004693719446377931,0.0045879255557119145,0.00431467130690339,0.003549229622873798
14.52,0.0008734969162362158,0.004677437117768082,0.00457359982644628,0.004304940407861452,0.003549608214082275
14.540000000000001,0.0008707773783200176,0.004661210467227302,0.00455929459981343,0.004295160137383569,0.0035498486320215605
14.56,0.0008680666247192857,0.004645039432245968,0.004545010413708819,0.004285331882261224,0.003549951897509323
14.58,0.0008653646251063498,0.004628923947080705,0.00453074779353588,0.004275457012775266,0.0035499190507337045
14.6,0.0008626713492701833,0.004612863942830434,0.004516507252394909,0.004265536882691708,0.0035497511505688927
14.620000000000001,0.0008599867671158556,0.004596859347511841,0.004502289291269404,0.0042555728292642675,0.0035494492738933803
14.64,0.0008573108486640689,0.004580910086133005,0.004488094399211821,0.0042455661732437085,0.0035490145149110973
14.66,0.0008546435640505635,0.004565016080766513,0.004473923053526942,0.004235518218892758,0.003548447984475938
14.68,0.0008519848835256753,0.004549177250620637,0.004459775719953929,0.004225430254007634,0.003547750809420102
14.700000000000001,0.0008493347774537921,0.004533393512110073,0.004445652852846855,0.00421530354994513,0.0035469241318868278
14.72,0.0008466932163128792,0.004517664778924995,0.004431554895353105,0.004205139361655526,0.003545969108667475
14.74,0.0008440601706939184,0.004501990962099312,0.004417482279590322,0.004194938927720728,0.003544886910543949
14.76,0.0008414356113004894,0.0044863719700776045,0.004403435426821954,0.004184703470397845,0.003543678721636498
14.780000000000001,0.0008388195089481785,0.004470807708781099,0.004389414747630173,0.004174434195668101,0.0035423457387569546
14.8,0.0008362118345641681,0.004455298081672327,0.004375420642088061,0.004164132293289921,0.0035408891707685215
14.82,0.0008336125591867027,0.004439842989818857,0.0043614534999295235,0.0041537989368576516,0.003539310237951685
14.84,0.0008310216539645815,0.0044244423319559,0.0043475137007172055,0.0041434352838641934,0.0035376101713769583
14.86,0.0008284390901567264,0.004409096004547921,0.0043336016140092855,0.004133042475768251,0.0035357902122847
14.88,0.0008258648391316369,0.004393803901848995,0.0043197175995236155,0.00412262163806575,0.0035338516114722615
14.9,0.000823298872366942,0.004378565915962303,0.004305862007300948,0.004112173880365444,0.0035317956286886314
14.92,0.0008207411614489074,0.00436338193689875,0.004292035177865926,0.004101700296468254,0.0035296235320369696
14.94,0.0008181916780719684,0.004348251852633914,0.004278237442385921,0.004091201964450186,0.00352733659738523
14.96,0.0008156503940382553,0.004333175549164921,0.004264469122828957,0.004080679946749336,0.0035249361077851118
14.98,0.000813117281257102,0.004318152910565426,0.004250730532118756,0.00407013529025571,0.003522423352899381
15.0,0.0008105923117445871,0.004303183819040324,0.004237021974289012,0.004059569026404678,0.003519799628438005
15.02,0.0008080754576230706,0.004288268154978991,0.004223343744634966,0.004048982171273448,0.0035170662356032705
15.040000000000001,0.0008055666911207202,0.004273405797007996,0.004209696129863685,0.004038375725680485,0.0035142244805436863
15.06,0.000803065984571047,0.004258596622042327,0.004196079408242399,0.004027750675287805,0.003511275673817268
15.08,0.0008005733104124652,0.004243840505336332,0.004182493849745021,0.0040171079907058765,0.0035082211298642085
15.1,0.0007980886411878003,0.004229137320533085,0.004168939716196784,0.004006448627601331,0.0035050621664888875
15.120000000000001,0.0007956119495438703,0.004214486939713394,0.0041554172614171265,0.003995773526806673,0.0035018001043515866
15.14,0.0007931432082309833,0.0041998892334436135,0.004141926731360956,0.003985083614432704,0.003498436266469899
15.16,0.0007906823901025454,0.004185344070822557,0.004128468364257718,0.0039743798019828734,0.0034949719777297725
15.18,0.0007882294681145573,0.004170851319527821,0.004115042390748998,0.003963662986469823,0.003491408564406656
15.200000000000001,0.0007857844153251982,0.0041564108458607835,0.0041016490340243005,0.003952934050533661,0.0034877473536964656
15.22,0.0007833472048943784,0.0041420225147911814,0.004088288509954944,0.0039421938625623975,0.0034839896732565758
15.24,0.0007809178100832801,0.004127686190000678,0.004074961027226225,0.003931443276813597,0.0034801368507567897
15.26,0.000778496204253944,0.004113401733925621,0.004061666787467864,0.003920683133538111,0.0034761902134405613
15.280000000000001,0.0007760823608688078,0.004099169007798837,0.004048405985382569,0.003909914259104915,0.003472151087696122
15.3,0.0007736762534902788,0.00408498787169099,0.004035178808873179,0.0038991374661276777,0.0034680207986379622
15.32,0.0007712778557803101,0.004070858184550674,0.004021985439167625,0.0038883535535921302,0.003463800669698322
15.34,0.0007688871414999492,0.00405677980424417,0.004008826050942452,0.003877563306985087,0.0034594920222288114
15.36,0.0007665040845089314,0.004042752587594186,0.003995700812444664,0.003866767498424298,0.003455096175112304
15.38,0.0007641286587652178,0.004028776390417816,0.00398260988561166,0.0038559668867892607,0.0034506144443848035
15.4,0.0007617608383246279,0.004014851067564015,0.003969553426189597,0.0038451622178531475,0.003446048142867433
15.42,0.0007594005973403547,0.004000976472949919,0.003956531583850187,0.003834354224415174,0.0034413985798085974
15.44,0.0007570479100625903,0.003987152459596826,0.003943544502305545,0.0038235436264340964,0.0034366670605358966
15.46,0.0007547027508380847,0.003973378879665352,0.003930592319421614,0.0038127311311620957,0.0034318548861184666
15.48,0.0007523650941097384,0.003959655584489701,0.003917675167329954,0.003801917433279213,0.00342696335303871
15.5,0.0007500349144161669,0.00394598242461156,0.003904793172537643,0.00379110321502839,0.003421993752874304
15.52,0.0007477121863913404,0.0039323592498129644,0.0038919464560359983,0.003780289146350822,0.0034169473719896475
15.540000000000001,0.0007453968847641047,0.0039187859091488735,0.0038791351334072567,0.003769475885021635,0.0034118254912374256
15.56,0.0007430889843578299,0.0039052622509787734,0.0038663593149298385,0.0037586640767859132,0.0034066293856693324
15.58,0.0007407884600899773,0.003891788122997748,0.0038536191056822294,0.0037478543554948286,0.0034013603242567876
15.6,0.000738495286971716,0.003878363372266941,0.0038409146056449573,0.003737047343241921,0.003396019569620807
15.620000000000001,0.0007362094401074669,0.003864987845243335,0.0038282459098012873,0.003726243650499403,0.0033906083777712885
15.64,0.0007339308946945936,0.003851661387809028,0.0038156131082362306,0.0037154438762545274,0.0033851279978557793
15.66,0.0007316596260229101,0.0038383838452995555,0.0038030162862341694,0.0037046486081459403,0.003379579671917096
15.68,0.0007293956094743557,0.0038251550625322396,0.0037904555243748472,0.0036938584225997204,0.003373964634660203
15.700000000000001,0.0007271388205225593,0.0038119748838332072,0.003777930898627944,0.003683073884965363,0.003368284113227917
15.72,0.0007248892347324747,0.00379884315306448,0.003765442480446201,0.0036722955496516557,0.0033625393269854963
15.74,0.0007226468277599677,0.003785759713650034,0.0037529903368570252,0.0036615239602620924,0.0033567314873139725
15.76,0.0007204115753514516,0.0037727244086015912,0.0037405745305527593,0.0036507596497300167,0.0033508617974119435
15.780000000000001,0.000718183453343469,0.0037597370805435675,0.0037281951199793226,0.003640003140453333,0.0033449314521059167
15.8,0.00071596243766235,0.0037467975717379877,0.003715852159423607,0.0036292549444290442,0.003338941637668972
15.82,0.0007137485043237908,0.003733905724108124,0.0037035456990996405,0.0036185155633869748,0.003332893531647574
15.84,0.0007115416294324875,0.003721061379262369,0.0036912757852328704,0.0036077854889232214,0.003326788302696637
15.860000000000001,0.0007093417891817785,0.003708264378516968,0.0036790424601436376,0.003597065202633018,0.00332062711042211
15.88,0.0007071489598532293,0.0036955145629187706,0.003666845762328866,0.003586355176243006,0.00331441110523194
15.9,0.0007049631178162905,0.0036828117732670435,0.0036546857265427122,0.0035756558717426777,0.003308141428194244
15.92,0.0007027842395279052,0.0036701558501351,0.003642562383875809,0.003564967741515708,0.003301819210903141
15.94,0.0007006123015321585,0.003657546633891277,0.0036304757618331545,0.0035542912284699637,0.0032954455753520257
15.96,0.0006984472804598895,0.003644983964719563,0.0036184258844106985,0.0035436267661671113,0.0032890216338140894
15.98,0.0006962891530283189,0.0036324676826395698,0.003606412772170801,0.0035329747789514965,0.003282548488729791
16.0,0.0006941378960407049,0.003619997627526319,0.003594436442316281,0.0035223356820781693,0.003276027232601503
16.02,0.0006919934863859773,0.003607573639129356,0.003582496908763383,0.003511709881840076,0.003269458947894807
16.04,0.0006898559010383477,0.0035951955570915173,0.003570594182213335,0.003501097775694483,0.0032628447069465976
16.06,0.0006877251170569814,0.0035828632209672037,0.0035587282702228677,0.0034904997523884963,0.003256185571879547
16.080000000000002,0.0006856011115856306,0.003570576470240382,0.003546899177273381,0.003479916192083678,0.0032494825945231735
16.1,0.0006834838618522772,0.0035583351443419712,0.003535106904839132,0.003469347466479778,0.0032427368163409046
16.12,0.0006813733451687624,0.003546139082666945,0.003523351451454101,0.0034587939389376073,0.0032359492683635663
16.14,0.000679269538930449,0.0035339881245909704,0.003511632812777713,0.003448255964600858,0.00322912097112843
16.16,0.0006771724206158785,0.003521882109486795,0.00349995098165957,0.0034377338905170456,0.003222252934624471
16.18,0.0006750819677864083,0.003509820876739866,0.0034883059482028935,0.0034272280557573593,0.0032153461582430276
16.2,0.0006729981580858629,0.003497804265764122,0.0034766976998270457,0.003416738791535706,0.0032084016307341004
16.22,0.000670920969240193,0.0034858321160169256,0.003465126221328661,0.00340626642132641,0.0032014203301680413
16.240000000000002,0.0006688503790571302,0.003473904267013986,0.003453591494942201,0.0033958112609813076,0.0031944032239024753
16.26,0.0006667863654258384,0.003462020558343477,0.0034420935003988775,0.003385373618845431,0.0031873512685543413
16.28,0.0006647289063165863,0.003450180829680486,0.003430632214985112,0.0033749537958719525,0.003180265409977037
16.3,0.0006626779797803934,0.0034383849208003392,0.0034192076135993277,0.0033645520857356792,0.003173146583242087
16.32,0.0006606335639487145,0.0034266326715921163,0.0034078196688084286,0.0033541687749458703,0.0031659957126259075
16.34,0.0006585956370330612,0.003414923922071729,0.0033964683509026526,0.0033438041429578185,0.0031588137116008194
16.36,0.0006565641773247176,0.0034032585123944564,0.003385153627949899,0.0033334584622830834,0.003151601482830694
16.38,0.0006545391631943622,0.0033916362828674876,0.0033738754658487803,0.003323131998599189,0.0031443599181709488
16.4,0.0006525205730917946,0.0033800570739618914,0.003362633828380914,0.003312825010857566,0.003137089898672435
16.42,0.0006505083855455251,0.003368520726324309,0.0033514286772621453,0.0033025377513908986,0.003129792294589766
16.44,0.0006485025791625272,0.003357027080788494,0.0033402599721930023,0.0032922704660190826,0.0031224679653931928
16.46,0.0006465031326278541,0.0033455759783864313,0.003329127670907977,0.0032820233941541392,0.0031151177597846624
16.48,0.0006445100247043528,0.0033341672603591204,0.0033180317292241953,0.0032717967689039323,0.0031077425157171558
16.5,0.0006425232342323044,0.003322800768167239,0.0033069721010889077,0.0032615908171749197,0.003100343060417977
16.52,0.0006405427401291461,0.0033114763435013487,0.003295948738626461,0.0032514057597735095,0.003092920210415063
16.54,0.0006385685213890995,0.003300193828291904,0.003284961592184081,0.0032412418115066095,0.0030854747715670923
16.56,0.000636600557082904,0.0032889530647190533,0.0032740106103768857,0.0032310991812806965,0.00307800753909628
16.580000000000002,0.0006346388263574503,0.0032777538952220315,0.0032630957401322707,0.003220978072200016,0.0030705192976247615
16.6,0.0006326833084355141,0.0032665961625084504,0.003252216926733181,0.0032108786816635237,0.0030630108212134598
16.62,0.000630733982615406,0.003255479709563145,0.0032413741138607407,0.003200801201460691,0.0030554828734043332
16.64,0.0006287908282706799,0.003244404379656981,0.0032305672436360993,0.0031907458178661906,0.003047936207264916
16.66,0.0006268538248498043,0.00323337001635529,0.0032197962566614135,0.003180712711733467,0.0030403715654357504
16.68,0.0006249229518758561,0.003222376463526068,0.003209061092060028,0.003170702058587125,0.0030327896801804147
16.7,0.0006229981889462311,0.0032114235653479136,0.0031983616875160548,0.0031607140287141905,0.0030251912734378574
16.72,0.0006210795157323216,0.00320051116631794,0.0031876979793130887,0.0031507487872543946,0.003017577056877021
16.740000000000002,0.0006191669119792119,0.003189639111259034,0.003177069902372088,0.003140806494289026,0.003009947731953991
16.76,0.0006172603575053867,0.003178807245327522,0.003166477390288821,0.0031308873049289538,0.003002303989971011
16.78,0.0006153598322024041,0.0031680154140199023,0.0031559203753703377,0.0031209913694014105,0.002994646512137637
16.8,0.0006134653160346354,0.0031572634631800334,0.003145398788670783,0.0031111188331356945,0.002986975969633923
16.82,0.0006115767890389162,0.003146551239005442,0.0031349125600266103,0.00310126983684759,0.0029792930236753846
16.84,0.0006096942313242894,0.0031358785880542333,0.003124461618091085,0.0030914445166230773,0.002971598325579804
16.86,0.0006078176230716786,0.003125245357250916,0.0031140458903680755,0.003081643004000407,0.002963892516835641
16.88,0.0006059469445336427,0.00311465139389281,0.0031036653032452295,0.0030718654260516605,0.0029561762291722446
16.9,0.0006040821760340077,0.003104096545655703,0.0030933197820265006,0.003062111905462753,0.0029484500846313016
16.92,0.0006022232979676378,0.003093580660599694,0.0030830092509639938,0.003052382560612574,0.002940714695640057
16.94,0.0006003702908001203,0.0030831035871745245,0.0030727336332892026,0.0030426775056510767,0.002932970665085486
16.96,0.0005985231350674784,0.00307266517422513,0.003062492851243746,0.003032996850576215,0.002925218586390348
16.98,0.0005966818113758737,0.0030622652709965514,0.0030522868261093116,0.003023340701309821,0.002917459043589752
17.0,0.0005948463004013412,0.0030519037271390876,0.0030421154782370795,0.0030137091597724455,0.002909692611409431
17.02,0.0005930165828894843,0.003041580392712994,0.003031978727076688,0.0030041023239572562,0.0029019198553448247
17.04,0.0005911926396552066,0.0030312951181931873,0.003021876491204419,0.0029945202880026387,0.002894141331741143
17.06,0.0005893744515824072,0.003021047754473728,0.003011808688350933,0.0029849631422641395,0.0028863575878745377
17.080000000000002,0.0005875619996237332,0.0030108381528720753,0.0030017752354284007,0.0029754309733850534,0.00287856916203384
17.1,0.0005857552648002683,0.0030006661651333427,0.002991776048557219,0.002965923864366078,0.0028707765836034566
17.12,0.000583954228201278,0.0029905316434341855,0.002981811043091984,0.0029564418946341577,0.0028629803731467234
17.14,0.0005821588709838958,0.00298043444038684,0.0029718801336470974,0.0029469851401100425,0.0028551810424900055
17.16,0.0005803691743729175,0.0029703744090426687,0.002961983234121714,0.002937553673275057,0.0028473790948075725
17.18,0.000578585119660432,0.002960351402895865,0.0029521202577243704,0.002928147563236817,0.002839575024706862
17.2,0.0005768066882056416,0.00295036527588685,0.002942291116996971,0.0029187668757939956,0.0028317693183141546
17.22,0.0005750338614345207,0.002940415882405499,0.0029324957238382804,0.0029094116735000394,0.002823962453360997
17.240000000000002,0.0005732666208395833,0.0029305030772944474,0.002922733989526951,0.0029000820157262033,0.002816154899270824
17.26,0.0005715049479795894,0.0029206267158520707,0.002913005824744272,0.0028907779587231362,0.002808347117245915
17.28,0.0005697488244793125,0.0029107866538353594,0.002903311139595898,0.002881499555682136,0.002800539560354736
17.3,0.0005679982320292162,0.002900982747462727,0.0028936498436339365,0.0028722468567949945,0.0027927326736194996
17.32,0.0005662531523852594,0.002891214853416672,0.0028840218458778175,0.0028630199093132155,0.0027849268941039285
17.34,0.0005645135673685621,0.0028814828288464644,0.0028744270548352177,0.002853818757606115,0.002777122651001065
17.36,0.0005627794588652092,0.002871786531370263,0.0028648653785222035,0.0028446434432182447,0.002769320365721471
17.38,0.0005610508088259108,0.0028621258190777775,0.0028553367244833943,0.002835494004925731,0.00276152045198127
17.400000000000002,0.0005593275992658308,0.0028525005505322305,0.002845840999811096,0.002826370478791872,0.0027537233158901665
17.42,0.0005576098122642449,0.00284291058477251,0.0028363781111646774,0.0028172728982216984,0.002745929356039803
17.44,0.0005558974299643444,0.0028333557813152955,0.002826947964788908,0.002808201294015981,0.0027381389635916494
17.46,0.0005541904345729418,0.002823836000156773,0.0028175504665325602,0.002799155694423996,0.0027303525223651105
17.48,0.0005524888083602391,0.0028143511017744436,0.0028081855218659696,0.002790136125195748,0.002722570408925468
17.5,0.0005507925336595403,0.0028049009471289264,0.0027988530358987185,0.0027811426096332145,0.0027147929926714543
17.52,0.0005491015928670433,0.002795485397665445,0.00278955291339655,0.002772175168640858,0.0027070206359231354
17.54,0.0005474159684415471,0.0027861043153153122,0.002780285058798341,0.002763233820775219,0.002699253694008827
17.56,0.0005457356429042287,0.0027767575624974275,0.002771049376232252,0.002754318582293821,0.0026914925153526488
17.580000000000002,0.0005440605988383857,0.002767445002119512,0.002761845769531917,0.002745429467203197,0.0026837374415611607
17.6,0.000542390818889165,0.002758166497579307,0.0027526741422519846,0.0027365664873062307,0.00267598880750986
17.62,0.0005407262857633561,0.0027489219127658218,0.002743534397683529,0.0027277296522485216,0.002668246941429555
17.64,0.0005390669822291047,0.002739711112060261,0.0027344264388690243,0.0027189189695642087,0.0026605121649921092
17.66,0.0005374128911156923,0.00273053396033711,0.002725350168616875,0.0027101344447210767,0.002652784793396069
17.68,0.0005357639953132939,0.002721390322964943,0.0027163054895160002,0.0027013760811644924,0.0026450651354516684
17.7,0.0005341202777727326,0.002712280065807272,0.0027072923039495964,0.002692643880361229,0.0026373534936654642
17.72,0.0005324817215052069,0.0027032030552232517,0.002698310514109021,0.002683937841841978,0.0026296501643248106
17.740000000000002,0.0005308483095820851,0.0026941591580684154,0.0026893600220070347,0.0026752579632435903,0.002621955437581403
17.76,0.0005292200251346681,0.0026851482416951895,0.002680440729491012,0.002666604240350404,0.0026142695975347055
17.78,0.0005275968513539232,0.002676170173953442,0.0026715525382557045,0.0026579766671347292,0.002606592922314696
17.8,0.000525978771490276,0.0026672248231909778,0.0026626953498557326,0.0026493752357970328,0.0025989256841641886
17.82,0.0005243657688533516,0.0026583120582537824,0.0026538690657178406,0.002640799936805093,0.0025912681495205503
17.84,0.0005227578268117449,0.0026494317484865135,0.0026450735871527764,0.0026322507589326685,0.002583620579096991
17.86,0.0005211549287928055,0.0026405837637326424,0.00263630881536706,0.0026237276892974097,0.0025759832279630803
17.88,0.0005195570582823671,0.0026317679743346864,0.0026275746514743026,0.0026152307133981713,0.0025683563456249292
17.900000000000002,0.0005179641988245505,0.0026229842511343183,0.0026188709965063815,0.00260675981515167,0.0025607401761045816
17.92,0.0005163763340215198,0.00261423246547245,0.002610197751424283,0.0025983149769284904,0.0025531349580189115
17.94,0.0005147934475332474,0.002605512489189228,0.002601554817128861,0.0025898961795885493,0.0025455409246578804
17.96,0.0005132155230772979,0.0025968241946240354,0.0025929420944709822,0.002581503402515718,0.002537958304062157
17.98,0.0005116425444285812,0.0025881674546153156,0.002584359484261869,0.002573136623652232,0.002530387319100112
18.0,0.0005100744954191473,0.002579542142500501,0.0025758068872829285,0.0025647958195319813,0.00252282818754418
18.02,0.0005085113599379446,0.0025709481321157398,0.0025672842042953675,0.0025564809653136804,0.002515281122146458
18.04,0.0005069531219306006,0.0025623852977956644,0.00255879133604964,0.0025481920348132047,0.002507746330713837
18.06,0.0005053997653992075,0.0025538535143731153,0.002550328183294682,0.0025399290005353983,0.002500224016182353
18.080000000000002,0.0005038512744020818,0.002545352657178788,0.0025418946467868856,0.0025316918337053226,0.0024927143766906553
18.1,0.0005023076330535582,0.0025368826020407682,0.0025334906272988615,0.00252348050429907,0.0024852176056533244
18.12,0.0005007688255237598,0.002528443225284124,0.00252511602562797,0.00251529498107365,0.0024777338918328543
18.14,0.0004992348360383849,0.0025200344037304753,0.0025167707426046377,0.0025071352315968885,0.0024702634194114586
18.16,0.000497705648878477,0.0025116560146973147,0.002508454679100625,0.0024990012222762615,0.0024628063680617778
18.18,0.0004961812483802258,0.002503307935997593,0.0025001677360368215,0.0024908929183876665,0.0024553629130172625
18.2,0.0004946616189347393,0.002494990045939022,0.0024919098143910226,0.0024828102841032026,0.002447933225141489
18.22,0.0004931467449878266,0.0024867022233233944,0.002483680815205532,0.0024747532825188765,0.002440517470997045
18.240000000000002,0.0004916366110397846,0.0024784443474459186,0.0024754806395944676,0.002466721875681572,0.0024331158129133803
18.26,0.0004901312016451904,0.0024702162980945654,0.002467309188750997,0.002458716024615517,0.0024257284090543683
18.28,0.0004886305014126765,0.0024620179555491675,0.002459166363954203,0.002450735689348364,0.002418355413484732
18.3,0.0004871344950047354,0.0024538492005806447,0.0024510520665760476,0.0024427808289367915,0.002410996976235974
18.32,0.0004856431671374986,0.002445709914450278,0.002442966198087874,0.002434851401491468,0.002403653243371527
18.34,0.0004841565025805279,0.0024375999789086823,0.00243490866006705,0.0024269473642018076,0.0023963243570511677
18.36,0.000482674486156608,0.002429519276194986,0.0024268793542030933,0.0024190686733600066,0.0023890104555946787
18.38,0.00048119710274153674,0.00242146768903589,0.002418878182303879,0.002411215284384863,0.0023817116735449415
18.400000000000002,0.0004797243372639215,0.0024134451006447015,0.0024109050463015876,0.0024033871518449623,0.0023744281417299984
18.42,0.0004782561747049648,0.002405451394720312,0.0024029598482586427,0.0023955842294815593,0.0023671599873247027
18.44,0.0004767926000982778,0.002397486455446189,0.002395042490373176,0.0023878064702309494,0.002359907333911434
18.46,0.000475333598529654,0.002389550167489358,0.0023871528749847453,0.0023800538262465135,0.0023526703015402483
18.48,0.00047387915513687987,0.002381642415999212,0.0023792909045794422,0.0023723262489201333,0.002345449006788086
18.5,0.0004724292551095313,0.002373763086606552,0.0023714564817954773,0.002364623688903574,0.002338243562817473
18.52,0.000470983883688759,0.0023659120654223923,0.002363649509427828,0.002356946096129029,0.0023310540794344256
18.54,0.0004695430261671185,0.002358089239036683,0.0023558698904335125,0.002349293419829586,0.0023238806631456195
18.56,0.0004681066678883275,0.0023502944945174363,0.0023481175279362067,0.0023416656085591485,0.0023167234172148166
18.580000000000002,0.0004666747942471129,0.0023425277194091083,0.0023403923252309925,0.0023340626102120827,0.0023095824417186557
18.6,0.0004652473906889683,0.0023347888017317756,0.0023326941857888324,0.0023264843720423633,0.002302457833601672
18.62,0.0004638244427099981,0.0023270776299795966,0.002325023013261055,0.002318930840682413,0.002295349686730711
18.64,0.00046240593585669334,0.002319394093119744,0.0023173787114835376,0.002311401962161636,0.0022882580919484138
18.66,0.00046099185572574824,0.0023117380805909487,0.0023097611844809544,0.0023038976819244232,0.0022811831371263034
18.68,0.0004595821879638658,0.002304109482302294,0.0023021703364706782,0.0022964179448480655,0.0022741249072168374
18.7,0.0004581769182675591,0.002296508188631889,0.002294606071866899,0.002288962695259981,0.0022670834843051724
18.72,0.0004567760323829601,0.0022889340904255003,0.0022870682952842152,0.002281531876954996,0.0022600589476598565
18.740000000000002,0.00045537951610564,0.002281387078995189,0.0022795569115414923,0.0022741254332118883,0.0022530513737830586
18.76,0.0004539873552803935,0.0022738670461178627,0.002272071825665279,0.0022667433068099194,0.002246060836460064
18.78,0.00045259953580108127,0.0022663738840340932,0.002264612942893481,0.0022593854400449124,0.0022390874068081005
18.8,0.00045121604361040077,0.002258907485446438,0.002257180168678443,0.00225205177474491,0.0022321311533243455
18.82,0.00044983686469974253,0.0022514677435182214,0.0022497734086905055,0.002244742252285791,0.0022251921419336796
18.84,0.00044846198510897095,0.002244054551871982,0.0022423925688209636,0.002237456813606239,0.0022182704360352275
18.86,0.000447091390926242,0.0022366678045880467,0.0022350375551852078,0.0022301953992227225,0.0022113660965487098
18.88,0.0004457250682878279,0.0022293073962030784,0.002227708274125575,0.0022229579492439866,0.002204479181959806
18.900000000000002,0.0004443630033779242,0.0022219732217085694,0.0022204046322144145,0.002215744403385282,0.0021976097483651638
18.92,0.0004430051824284814,0.002214665176549384,0.0022131265362565953,0.0022085547009823895,0.002190757849516519
18.94,0.0004416515917189863,0.002207383156622264,0.0022058738932924666,0.0022013887810052274,0.0021839235368643277
18.96,0.0004403022175763201,0.002200127058274159,0.0021986466106001454,0.0021942465820713017,0.0021771068596007346
18.98,0.0004389570463745514,0.002192896778300988,0.002191444595698298,0.0021871280424588177,0.0021703078647018603
19.0,0.0004376160645347612,0.0021856922139458037,0.0021842677563483643,0.0021800331001195364,0.0021635265969695227
19.02,0.0004362792585248656,0.0021785132628974364,0.0021771160005569414,0.0021729616926914434,0.002156763099072474
19.04,0.0004349466148594344,0.0021713598232888766,0.002169989236578061,0.0021659137575109648,0.0021500174115866694
19.06,0.0004336181200995075,0.002164231793695705,0.00216288737291533,0.0021588892316252114,0.0021432895730353423
19.080000000000002,0.000432293760852434,0.002157129073134518,0.002155810318324031,0.0021518880518035933,0.0021365796199282294
19.1,0.0004309735237716782,0.002150051561061384,0.0021487579818131185,0.0021449101545497006,0.002129887586800299
19.12,0.00042965739555664127,0.0021429991573701595,0.0021417302726471645,0.0021379554761123717,0.0021232135062498455
19.14,0.00042834536295250616,0.0021359717623910023,0.00213472710034822,0.002131023952497027,0.0021165574089761284
19.16,0.00042703741275004254,0.002128969276888744,0.0021277483746976115,0.002124115519476345,0.002109919323816196
19.18,0.000425733531785443,0.0021219916020611407,0.0021207940057376465,0.002117230112601129,0.002103299277781446
19.2,0.0004244337069401452,0.0021150386395374825,0.0021138639037732556,0.0021103676672106116,0.002096697296093361
19.22,0.00042313792514066836,0.0021081102913768405,0.002106957979373664,0.0021035281184426323,0.0020901134022189224
19.240000000000002,0.0004218461733584268,0.0021012064600663704,0.0021000761433737658,0.0020967114012437195,0.0020835476179052377
19.26,0.00042055843860957587,0.0020943270485198353,0.002093218306875685,0.0020899174503788043,0.0020769999632137778
19.28,0.0004192747079548264,0.0020874719600758825,0.002086384381250131,0.002083146200440851,0.002070470456554145
19.3,0.0004179949684992886,0.0020806410984964088,0.0020795742781377483,0.002076397585860129,0.0020639591147170663
19.32,0.00041671920739229357,0.002073834367964909,0.002072787909450338,0.0020696715409134867,0.002057465952907155
19.34,0.0004154474118272283,0.002067051673084801,0.0020660251873721026,0.002062967999733228,0.0020509909847748584
19.36,0.0004141795690413725,0.002060292918877865,0.002059286024360828,0.002056286896315933,0.002044534222448187
19.38,0.0004129156663157281,0.0020535580107824787,0.00205257033314889,0.002049628164531052,0.002038095676563722
19.400000000000002,0.00041165569097485424,0.0020468468546520065,0.0020458780267444067,0.002042991738129225,0.0020316753562971937
19.42,0.00041039963038670766,0.0020401593567531133,0.002039209018432153,0.00203637755075059,0.0020252732693936365
19.44,0.0004091474719624593,0.0020334954237641797,0.002032563221774472,0.0020297855359327436,0.0020188894221969318
19.46,0.00040789920315636313,0.0020268549627734836,0.002025940550612287,0.0020232156271186297,0.002012523819678915
19.48,0.00040665481146555827,0.0020202378812776943,0.002019340919065779,0.002016667757664201,0.0020061764654681156
19.5,0.0004054142844299374,0.002013644087180059,0.002012764241535301,0.002010141860845953,0.001999847361877853
19.52,0.0004041776096319628,0.002007073488788828,0.002006210432701977,0.0020036378698682264,0.0019935365099339624
19.54,0.00040294477469652164,0.0020005259948155532,0.0019996794075285546,0.0019971557178704497,0.001987243909402083
19.56,0.00040171576729075174,0.0019940015143733777,0.0019931710812599065,0.0019906953379340837,0.0019809695588144023
19.580000000000002,0.0004004905751238946,0.001987499956975432,0.0019866853694237687,0.0019842566630895436,0.0019747134554961463
19.6,0.00039926918594712435,0.0019810212325330682,0.00198022218783113,0.0019778396263228533,0.0019684755955913435
19.62,0.0003980515875534063,0.001974565251354287,0.0019737814525769316,0.0019714441605822447,0.001962255974088427
19.64,0.0003968377677773262,0.0019681319241419745,0.00196736308004036,0.0019650701987845402,0.001956054584845192
19.66,0.00039562771449493415,0.0019617211619922473,0.00196096698688544,0.0019587176738213793,0.001949871420613544
19.68,0.00039442141562359635,0.001955332876392825,0.001954593090061283,0.0019523865185653614,0.0019437064730636353
19.7,0.00039321885912183333,0.0019489669792213025,0.0019482413068026172,0.0019460766658760428,0.0019375597328077211
19.72,0.00039202003298916915,0.0019426233827435006,0.0019419115546299057,0.0019397880486057206,0.001931431189423501
19.740000000000002,0.00039082492526597583,0.0019363019996117936,0.0019356037513497556,0.001933520599605154,0.0019253208314772494
19.76,0.0003896335240333212,0.0019300027428634091,0.0019293178150551606,0.0019272742517290992,0.0019192286465462276
19.78,0.00038844581741281377,0.0019237255259188042,0.0019230536641256417,0.0019210489378418097,0.0019131546212410916
19.8,0.0003872617935664514,0.0019174702625799655,0.0019168112172274455,0.0019148445908222704,0.001907098741227623
19.82,0.00038608144069647484,0.0019112368670287764,0.001910590393313755,0.0019086611435694268,0.0019010609912482092
19.84,0.00038490474704520894,0.0019050252538252955,0.0019043911116246928,0.0019024985290071854,0.0018950413551429587
19.86,0.0003837317008949218,0.0018988353379061238,0.0018982132916874979,0.001896356680089411,0.0018890398158703655
19.88,0.00038256229056766533,0.001892667034582751,0.0018920568533165115,0.0018902355298046998,0.0018830563555277268
19.900000000000002,0.00038139650442514054,0.0018865202595399356,0.0018859217166131972,0.001884135011181105,0.0018770909553710849
19.92,0.0003802343308685246,0.0018803949288339376,0.001879807801966134,0.001878055057290678,0.001871143595834927
19.94,0.0003790757583383594,0.0018742909588909881,0.0018737150300510022,0.0018719956012540361,0.0018652142565514184
19.96,0.00037792077531436735,0.0018682082665055263,0.0018676433218305034,0.001865956576244578,0.0018593029163694636
19.98,0.00037676937031534116,0.0018621467688386786,0.001861592598554228,0.0018599379154929053,0.001853409553373226
20.0,0.0003756215318989562,0.001856106383416504,0.0018555627817585674,0.0018539395522908667,0.001847534144900496
20.02,0.00037447724866167563,0.0018500870281284148,0.0018495537932665773,0.0018479614199956233,0.0018416766675605953
20.04,0.00037333650923855523,0.001844088621225473,0.0018435655551877692,0.0018420034520336033,0.0018358370972520837
20.06,0.00037219930230313644,0.0018381110813188667,0.0018375979899179146,0.001836065581904354,0.0018300154091800383
20.080000000000002,0.0003710656165672921,0.001832154327378148,0.0018316510201388835,0.0018301477431842534,0.0018242115778730938
20.1,0.0003699354407810812,0.001826218278729728,0.0018257245688183034,0.0018242498695302688,0.0018184255772001195
20.12,0.0003688087637325993,0.0018203028550551647,0.0018198185592093867,0.0018183718946833708,0.0018126573803867066
20.14,0.0003676855742478626,0.001814407976389579,0.0018139329148505773,0.0018125137524721041,0.0018069069600311182
20.16,0.0003665658611906401,0.0018085335631200055,0.0018080675595652188,0.0018066753768159142,0.0018011742881203182
20.18,0.00036544961346232733,0.0018026795359838627,0.001802222417461332,0.0018008567017284392,0.0017954593360452879
20.2,0.00036433682000180326,0.0017968458160672477,0.0017963974129311324,0.0017950576613207745,0.0017897620746164169
20.22,0.0003632274697852926,0.001791032324803397,0.0017905924706507841,0.0017892781898044927,0.001784082474078405
20.240000000000002,0.00036212155182622574,0.0017852389839710528,0.0017848075155798744,0.0017835182214947743,0.0017784205041249215
20.26,0.0003610190551751039,0.0017794657156928713,0.0017790424729611117,0.0017777776908132542,0.0017727761339130688
20.28,0.00035991996891935886,0.0017737124424338454,0.001773297268319848,0.0017720565322910003,0.0017671493320774979
20.3,0.0003588242821832195,0.0017679790869997295,0.0017675718274636617,0.001766354680571255,0.0017615400667443536
20.32,0.0003577319841275773,0.001762265572535445,0.0017618660764818512,0.0017606720704121358,0.0017559483055447976
20.34,0.0003566430639498353,0.0017565718225234484,0.001756179941745008,0.0017550086366893247,0.0017503740156284604
20.36,0.0003555575108837988,0.0017508977607822577,0.0017505133499044624,0.0017493643143986063,0.0017448171636765225
20.38,0.0003544753141995206,0.001745243311464827,0.0017448662278918435,0.0017437390386583862,0.0017392777159146576
20.400000000000002,0.00035339646320318004,0.001739608399056979,0.0017392385029184796,0.001738132744712047,0.0017337556381255537
20.42,0.00035232094723693916,0.0017339929483758802,0.0017336301024749282,0.0017325453679304724,0.001728250895661418
20.44,0.00035124875567881745,0.0017283968845684607,0.0017280409543303345,0.0017269768438141085,0.0017227634534560418
20.46,0.00035017987794255757,0.0017228201331098726,0.0017224709865319608,0.001721427107995398,0.001717293276036811
20.48,0.0003491143034774912,0.0017172626198019697,0.0017169201274044965,0.001715896096240785,0.001711840327536347
20.5,0.00034805202176842225,0.001711724270771713,0.001711388305549572,0.0017103837444529069,0.00170640457170403
20.52,0.0003469930223354654,0.0017062050124697196,0.0017058754498450685,0.001704889988672574,0.0017009859719172306
20.54,0.00034593729473395403,0.001700704771668692,0.0017003814894445374,0.001699414765080748,0.0016955844911923446
20.56,0.00034488482855427673,0.0016952234754618555,0.0016949063537765202,0.0016939580100004813,0.001690200092195666
20.580000000000002,0.00034383561342177975,0.0016897610512615216,0.0016894499725439833,0.0016885196598987239,0.0016848327372539643
20.6,0.0003427896389966158,0.0016843174267975132,0.0016840122757235702,0.0016830996513881298,0.0016794823883649233
20.62,0.00034174689497362324,0.0016788925301157063,0.0016785931935650266,0.001677697921228864,0.001674149007207351
20.64,0.00034070737108219887,0.0016734862895765074,0.0016731926565904166,0.0016723144063301469,0.0016688325551511931
20.66,0.000339671057086177,0.0016680986338533696,0.0016678105955935379,0.0016669490437520396,0.0016635329932673665
20.68,0.00033863794278369283,0.0016627294919312448,0.0016624469416391646,0.0016616017707068837,0.0016582502823373375
20.7,0.000337608018007068,0.0016573787931052116,0.0016571016260623383,0.0016562725245609393,0.001652984382862635
20.72,0.000336581272622678,0.0016520464669789305,0.0016517745804677016,0.0016509612428357507,0.0016477352550740565
20.740000000000002,0.00033555769653082813,0.0016467324434631383,0.001646465736728699,0.0016456678632096801,0.0016425028589407513
20.76,0.00033453727966562826,0.001641436652774255,0.0016411750269869183,0.0016403923235191879,0.0016372871541790875
20.78,0.0003335200119948797,0.0016361590254328933,0.0016359023836513137,0.0016351345617602372,0.001632088100261461
20.8,0.00033250588351993704,0.0016308994922623772,0.001630647739397394,0.0016298945160895173,0.0016269056564246808
20.82,0.00033149488427560055,0.001625657984387338,0.0016254110271666118,0.0016246721248257233,0.001621739781678479
20.84,0.00033048700432997824,0.0016204344332322335,0.0016201921801654673,0.0016194673264506943,0.0016165904348136371
20.86,0.0003294822337843782,0.0016152287705199473,0.0016149911318647557,0.0016142800596106318,0.0016114575744100867
20.88,0.000328480562773181,0.0016100409282703274,0.0016098078159988694,0.0016091102631171407,0.0016063411588447313
20.900000000000002,0.00032748198146371853,0.0016048708387987613,0.0016046421665649243,0.0016039578759483586,0.0016012411462991904
20.92,0.0003264864800561651,0.0015997184347147954,0.0015994941178219956,0.0015988228372498924,0.0015961574947673859
20.94,0.0003254940487833896,0.0015945836489206497,0.0015943636042903522,0.0015937050863358906,0.0015910901620628814
20.96,0.0003245046779108785,0.0015894664146098919,0.0015892505607505688,0.0015886045626899207,0.0015860391058262185
20.98,0.00032351835773657855,0.001584366665265953,0.00158415492224284,0.0015835212059659347,0.0015810042835319978
21.0,0.00032253507859080253,0.0015792843346607874,0.0015790766240660141,0.0015784549559890557,0.0015759856524958466
21.02,0.0003215548308361017,0.0015742193568535037,0.0015740156017769373,0.0015734057527564992,0.0015709831698812267
21.04,0.00032057760486714726,0.0015691716661888956,0.001568971791189482,0.0015683735364382932,0.001565996792706118
21.06,0.00031960339111062285,0.0015641411972961332,0.0015639451283738172,0.0015633582473781023,0.0015610264778496063
21.080000000000002,0.0003186321800251031,0.001559127885087387,0.0015589355496555177,0.0015583598260938908,0.0015560721820582417
21.1,0.00031766396210093325,0.0015541316647564216,0.001553942991614766,0.0015533782132786935,0.0015511338619523208
21.12,0.0003166987278601255,0.0015491524717772599,0.001548967391085457,0.0015484133498011967,0.0015462114740320792
21.14,0.000315736467856233,0.001544190241902824,0.0015440086851543954,0.0015434651767064214,0.0015413049746836377
21.16,0.0003147771726742315,0.0015392449111636237,0.0015390668111604348,0.0015385336352162831,0.0015364143201849548
21.18,0.0003138208329304447,0.0015343164158663496,0.0015341417066936235,0.0015336186667301787,0.0015315394667115535
21.2,0.00031286743927236424,0.0015294046925925571,0.0015292333095943422,0.001528720212825525,0.0015266803703421663
21.22,0.00031191698237859316,0.0015245096781973944,0.001524341557952439,0.001523838215258254,0.001521836987064289
21.240000000000002,0.0003109694529587117,0.0015196313098081971,0.0015194663901063675,0.001518972615963306,0.0015170092727795818
21.26,0.0003100248417531653,0.0015147695248232014,0.0015146077446423316,0.001514123357055046,0.0015121971833091377
21.28,0.000309083139533153,0.0015099242609102593,0.0015097655603934375,0.0015092903808277417,0.0015074006743987216
21.3,0.00030814433710052734,0.0015050954560054655,0.0015049397764387226,0.0015044736297559226,0.0015026197017237286
21.32,0.0003072084252876645,0.0015002830483119489,0.0015001303321024355,0.0014996730464947388,0.001497854220894274
21.34,0.0003062753949573748,0.001495486976298512,0.0014953371669530326,0.0014948885738803525,0.001493104187459964
21.36,0.0003053452370027737,0.0014907071786983202,0.0014905602208023336,0.0014901201549301813,0.0014883695569146535
21.38,0.0003044179423471945,0.0014859435945077215,0.0014857994337047103,0.0014853677328432893,0.0014836502847011207
21.400000000000002,0.0003034935019440528,0.001481196162984861,0.0014810547459561,0.0014806312510005763,0.0014789463262155941
21.42,0.000302571906776767,0.0014764648236484969,0.0014763260980931738,0.001475910652965096,0.0014742576368121814
21.44,0.0003016531478586261,0.001471749516276656,0.0014716134308924767,0.0014712058824822149,0.0014695841718072196
21.46,0.0003007372162326951,0.0014670501809054357,0.0014669166853695107,0.001466516883479864,0.0014649258864835781
21.48,0.00029982410297170806,0.0014623667578277297,0.0014622358027778083,0.0014618436000686942,0.0014602827360947418
21.5,0.0002989137991779583,0.001457699187591983,0.0014575707246081522,0.00145718597654226,0.0014556546758688854
21.52,0.00029800629598319023,0.0014530474110009686,0.0014529213925875643,0.0014525439573771204,0.0014510416610129238
21.54,0.0002971015845484948,0.0014484113691105066,0.0014482877486785334,0.001447917487233016,0.0014464436467162868
21.56,0.00029619965606421345,0.0014437910032282992,0.0014436697350780124,0.0014433065109529,0.0014418605881548069
21.580000000000002,0.00029530050174981706,0.0014391862549126288,0.0014390672942166116,0.0014387109735630962,0.0014372924404943564
21.6,0.00029440411285381327,0.0014345970659712483,0.0014344803687576443,0.0014341308202732775,0.0014327391588945823
21.62,0.0002935104806536427,0.0014300233784600574,0.0014299089015963199,0.0014295659964765786,0.0014282006985122983
21.64,0.00029261959645556727,0.0014254651346819892,0.0014253528358587353,0.0014250164477496215,0.001423677014505099
21.66,0.00029173145159456994,0.0014209222771857358,0.0014208121149011184,0.0014204821198524544,0.0014191680620346551
21.68,0.0002908460374342668,0.0014163947487646098,0.001416286682308798,0.0014159629587286052,0.001414673796270033
21.7,0.0002899633453667713,0.0014118824924553297,0.001411776481895432,0.0014114589105050485,0.0014101941723909494
21.72,0.00028908336681263033,0.0014073854515368781,0.0014072814577020083,0.0014069699214921457,0.0014057291455909144
21.740000000000002,0.0002882060932206954,0.0014029035695292491,0.0014028015539960575,0.0014024959381835963,0.0014012786710803325
21.76,0.0002873315160680375,0.0013984367901923548,0.0013983367152706776,0.0013980369072563894,0.001396842704089447
21.78,0.0002864596268598305,0.0013939850575248253,0.0013938868862437138,0.0013935927755706684,0.0013924211998713838
21.8,0.00028559041712927086,0.0013895483157628525,0.0013894520118567738,0.0013891634901696632,0.0013880141137049117
21.82,0.00028472387843746715,0.001385126509379017,0.0013850320372744557,0.0013847489982795511,0.0013836214008973282
21.84,0.00028386000237333523,0.00138071958308121,0.0013806269078833473,0.0013803492473093758,0.0013792430167871444
21.86,0.00028299878055350737,0.001376327481811436,0.0013762365692912438,0.0013759641848508442,0.0013748789167467772
21.88,0.0002821402046222247,0.001371950150744664,0.001371860967326166,0.0013715937586781801,0.0013705290561851634
21.900000000000002,0.0002812842662512636,0.0013675875352877286,0.001367500048035551,0.001367237916748012,0.0013661933905502297
21.92,0.00028043095713979626,0.001363239581078224,0.001363153757685279,0.001362896607199098,0.0013618718753314804
21.94,0.00027958026901433335,0.001358906233983331,0.0013588220427588871,0.0013585697783522514,0.0013575644660623707
21.96,0.00027873219362859906,0.001354587440098769,0.0013545048499566277,0.0013542573787099653,0.00135327111832261
21.98,0.00027788672276345355,0.0013502831457476308,0.0013502021261946077,0.0013499593569563895,0.0013489917877405407
22.0,0.0002770438482267855,0.0013459932974793163,0.0013459138186038785,0.0013456756619569512,0.0013447264299953558
22.02,0.00027620356185341913,0.0013417178420684175,0.0013416398745296034,0.0013414062427581786,0.001340475000819274
22.04,0.0002753658555050166,0.0013374567265136371,0.0013373802415301427,0.0013371510485874357,0.0013362374559996945
22.06,0.00027453072106998236,0.0013332098980367055,0.0013331348673761834,0.0013329100288526807,0.0013320137513812558
22.080000000000002,0.0002736981504633814,0.0013289773040813077,0.0013289037000498868,0.0013286831331421642,0.0013278038428678456
22.1,0.00027286813562682157,0.0013247588923120006,0.0013246866877439937,0.0013244703112241768,0.0013236076864246574
22.12,0.00027204066852837955,0.0013205546106131215,0.00132048377886095,0.001320271513046738,0.0013194252380799888
22.14,0.00027121574116249677,0.0013163644070877836,0.001316294922012056,0.0013160866887373165,0.00131525645392723
22.16,0.0002703933455498879,0.0013121882300567646,0.0013121200660166114,0.0013119157886024781,0.0013111012901266077
22.18,0.0002695734737374509,0.0013080260280574616,0.001307959159900966,0.0013077587631276344,0.0013069597029070196
22.2,0.00026875611779817685,0.0013038777498429104,0.0013038121528977833,0.0013036155629766574,0.0013028316485677036
22.22,0.0002679412698310435,0.0012997433443806242,0.0012996789944450672,0.0012994861389915551,0.0012987170834799727
22.240000000000002,0.00026712892196094324,0.0012956227608516729,0.0012955596341853682,0.0012953704421921728,0.0012946159640888331
22.26,0.0002663190663385722,0.0012915159486495812,0.001291454021964875,0.0012912684237757978,0.0012905282469146042
22.28,0.0002655116951403559,0.0012874228573793636,0.001287362107832626,0.001287180035116809,0.0012864538885543897
22.3,0.0002647068005683474,0.0012833434368563915,0.0012832838420395636,0.001283105227766324,0.0012823928456836941
22.32,0.0002639043748501456,0.001279277637105568,0.0012792191750377849,0.0012790439534518287,0.0012783450750577866
22.34,0.0002631044102387913,0.0012752254083600928,0.0012751680574795868,0.0012749961640767537,0.001274310533513249
22.36,0.000262306899012695,0.0012711867010606534,0.0012711304402167355,0.001270961811720156,0.00127028917796919
22.38,0.00026151183347553763,0.0012671614658543162,0.001267106274299484,0.0012669408486363,0.0012662809654287737
22.400000000000002,0.0002607192059561795,0.001263149653593578,0.001263095510975851,0.0012629332272542052,0.0012622858529803959
22.42,0.00025992900880857697,0.001259151215335322,0.0012590981016907174,0.0012589389001773333,0.0012583037977990199
22.44,0.000259141234411692,0.0012551661023399217,0.0012551139980849903,0.0012549578201831355,0.0012543347571474127
22.46,0.00025835587516940525,0.0012511942660701943,0.0012511431519947873,0.0012509899402225807,0.0012503786883772874
22.48,0.0002575729235104284,0.0012472356581904487,0.0012471855154505807,0.0012470352134198181,0.0012464355489305086
22.5,0.00025679237188821493,0.0012432902305655265,0.001243241040676387,0.001243093593071722,0.0012425052963402218
22.52,0.00025601421278087234,0.0012393579352598266,0.0012393096800888959,0.0012391650326474117,0.0012385878882319125
22.54,0.00025523843869108327,0.0012354387245363467,0.0012353913862967485,0.0012352494857879256,0.0012346832823245547
22.56,0.00025446504214600874,0.0012315325508557582,0.001231486112099563,0.0012313469063056116,0.0012307914364314786
22.580000000000002,0.00025369401569721154,0.0012276393668754022,0.0012275938104872504,0.0012274572481838747,0.0012269123084615373
22.6,0.00025292535192056174,0.001223759125448413,0.0012237144346390785,0.0012235804655765287,0.0012230458564199474
22.62,0.0002521590434161637,0.0012198917796227213,0.0012198479379229544,0.0012197165128075157,0.0012191920384092972
22.64,0.0002513950828082561,0.0012160372826401872,0.0012159942738945355,0.0012158653443703061,0.0012153508126304296
22.66,0.00025063346274513816,0.0012121955879355708,0.0012121533962965014,0.0012120269149275041,0.0012115221373832793
22.68,0.00024987417589908027,0.0012083666491357519,0.0012083252590576565,0.001208201179310398,0.0012077059710677665
22.7,0.00024911721496624785,0.0012045504200586584,0.0012045098162921544,0.001204388092518413,0.0012039022721845763
22.72,0.0002483625726666019,0.001200746854712488,0.0012007070222987538,0.0012005876097187242,0.001200110999336015
22.740000000000002,0.00024761024174383567,0.0011969559072946847,0.0011969168315599168,0.0011967996862456809,0.0011963321112266668
22.76,0.00024686021496527773,0.0011931775321911396,0.0011931391987410839,0.001193024277600426,0.0011925655666642251
22.78,0.00024611248512181185,0.0011894116839751957,0.0011893740786898762,0.0011892613394503158,0.0011888113245601666
22.8,0.00024536704502779917,0.0011856583174068127,0.0011856214264352415,0.001185510827628484,0.001185069343930421
22.82,0.0002446238875209939,0.0011819173874317015,0.001181881197186726,0.001181772698133364,0.0011813395838960418
22.84,0.00024388300546245682,0.0011781888491803447,0.0011781533463336926,0.0011780469071281203,0.0011776220036838693
22.86,0.0002431443917364853,0.001174472657967194,0.0011744378294445074,0.0011743334109402233,0.0011739165626271082
22.88,0.0002424080392505189,0.001170768769289793,0.0011707346022657242,0.001170632166060916,0.0011702232201659171
22.900000000000002,0.00024167394093507115,0.001167077138827884,0.0011670436207214109,0.001166943129144743,0.0011665419358479956
22.92,0.00024094208974363796,0.00116339772244253,0.00116336484091224,0.001163266257008986,0.0011628726693291014
22.94,0.00024021247865262818,0.0011597304761752686,0.001159698219114857,0.0011596015066332166,0.0011592153803736112
22.96,0.0002394851006612721,0.001156075356247273,0.0011560437117810025,0.0011559488351587121,0.0011555700288549747
22.98,0.0002387599487915535,0.0011524323190584742,0.0011524012755368064,0.0011523081998880455,0.0011519365747562434
23.0,0.00023803701608812142,0.0011488013211867275,0.0011487708671819555,0.0011486795582844906,0.0011483149781704586
23.02,0.0002373162956182216,0.001145182319386941,0.0011451524436890278,0.0011450628679715547,0.0011447051993011884
23.04,0.00023659778047160478,0.0011415752705902862,0.0011415459622026599,0.0011414580867323946,0.001141107198462856
23.06,0.00023588146376045822,0.0011379801319032921,0.0011379513800388325,0.0011378651725093946,0.0011375209360811403
23.080000000000002,0.00023516733861932843,0.001134396860607139,0.0011343686546840788,0.0011342840834035368,0.0011339463726934983
23.1,0.00023445539820503067,0.0011308254141566415,0.001130797743794801,0.0011307147776739772,0.0011303834689493164
23.12,0.0002337456356965942,0.0011272657501796518,0.001127238605196428,0.0011271572137374565,0.001126832185610429
23.14,0.00023303804429515955,0.001123717826476034,0.0011236911968827824,0.0011236113501678323,0.0011232924835513469
23.16,0.0002323326172239231,0.0011201816010170335,0.0011201554770152193,0.0011200771456954786,0.0011197643237596156
23.18,0.0002316293477280471,0.0011166570319442878,0.0011166314039220229,0.0011165545592068053,0.0011162476673360787
23.2,0.00023092822907459069,0.001113144077569209,0.0011131189360975473,0.001113043549743736,0.0011127424754951867
23.22,0.00023022925455243028,0.0011096426963720168,0.0011096180322015617,0.0011095440765031528,0.0011092487095652184
23.240000000000002,0.00022953241747218633,0.0011061528470010704,0.0011061286510585103,0.0011060560988364002,0.001105766330988563
23.26,0.00022883771116614804,0.0011026744882719978,0.0011026507516567505,0.0011025795762486942,0.0011022953013219284
23.28,0.00022814512898819392,0.0010992075791669497,0.0010991842931478534,0.001099114468398678,0.0010988355822365856
23.3,0.0002274546643137236,0.0010957520788337895,0.0010957292348459389,0.0010956607350977874,0.0010953871355185133
23.32,0.0002267663105395791,0.0010923079465853405,0.0010922855362268278,0.001092218336309814,0.0010919499230686346
23.34,0.00022608006108397664,0.0010888751418985764,0.0010888531569274672,0.0010887872321502915,0.0010885239069029745
23.36,0.00022539590938642115,0.0010854536244139402,0.0010854320567451382,0.0010853673828860324,0.001085109049152818
23.38,0.0002247138489076467,0.0010820433539344139,0.0010820221956367375,0.001081958748934547,0.0010817053120648246
23.400000000000002,0.00022403387312952883,0.001078644290424934,0.0010786235337181434,0.0010785612908635,0.0010783126580012326
23.42,0.00022335597555502723,0.00107525639401151,0.0010752360312634682,0.0010751749693902204,0.0010749310494398848
23.44,0.00022268014970809981,0.0010718796249805397,0.001071859648704347,0.001071799745381117,0.0010715604489744228
23.46,0.00022200638913363787,0.001068513943777998,0.0010684943466292653,0.0010684355798512098,0.001068200819314307
23.48,0.00022133468739739005,0.001065159311008776,0.0010651400857828632,0.0010650824339634957,0.0010648521232849695
23.5,0.00022066503808589294,0.0010618156874358372,0.0010617968270652284,0.0010617402690285026,0.001061514323827845
23.52,0.00021999743480639538,0.0010584830339795768,0.0010584645315312323,0.0010584090465037414,0.0010581873840003954
23.54,0.00021933187118679742,0.0010551613117169884,0.0010551431603898298,0.001055088727993092,0.001054871266976238
23.56,0.00021866834087556124,0.0010518504818810522,0.0010518326750033826,0.0010517792752463772,0.0010515659360451238
23.580000000000002,0.00021800683754166355,0.0010485505058598968,0.001048533036886993,0.0010484806501587472,0.0010482713546129806
23.6,0.00021734735487450113,0.0010452613451961271,0.0010452442077077872,0.0010451928147701677,0.0010449874862019498
23.62,0.00021668988658384158,0.0010419829615861231,0.0010419661492843066,0.0010419157312649076,0.0010417142944503515
23.64,0.0002160344263997347,0.0010387153168792784,0.001038698823585774,0.0010386493619709825,0.001038451743112702
23.66,0.00021538096807246457,0.001035458373077338,0.0010354421927314737,0.0010353936693596015,0.001035199796059733
23.68,0.00021472950537245158,0.00103221209233365,0.0010321962189900583,0.0010321486160447123,0.0010319584172782897
23.7,0.0002140800320902138,0.0010289764369524738,0.001028960864778917,0.001028914164782338,0.0010287275708713954
23.72,0.00021343254203627532,0.001025751369388308,0.0010257360926634819,0.0010256902784701728,0.001025507221058131
23.740000000000002,0.00021278702904110533,0.0010225368522451487,0.0010225218653566025,0.0010224769201469847,0.001022297332173625
23.76,0.00021214348695505633,0.001019332848275844,0.0010193181457178653,0.00101927405299209,0.0010190978686689938
23.78,0.00021150190964828062,0.0010161393203813615,0.0010161248967529872,0.0010160816403248117,0.0010159087951112698
23.8,0.00021086229101068083,0.001012956231610125,0.0010129420816131396,0.0010128996456039907,0.0010127300761833215
23.82,0.00021022462495182693,0.0010097835451573325,0.0010097696635942865,0.0010097280324274042,0.0010095616766837682
23.84,0.0002095889054008957,0.0010066212243642818,0.001006607606136582,0.0010065667645312788,0.001006403561526907
23.86,0.0002089551263066066,0.0010034692327176976,0.0010034558728237244,0.0010034158057897384,0.0010032556957426148
23.88,0.00020832328163714373,0.0010003275338490282,0.001000314427382308,0.00100027512021429,0.0010001180444762182
23.900000000000002,0.0002076933653801064,0.000997196091533838,0.0009971832336811955,0.0009971446719532757,0.0009969905729884005
23.92,0.00020706537154242282,0.0009940748696910813,0.00099406225573089,0.000994024425291392,0.0009938732466550984
23.94,0.00020643929415030185,0.000990963832382487,0.0009909514576829112,0.0009909143446490863,0.0009907660309673406
23.96,0.00020581512724915458,0.0009878629438118828,0.0009878508038291766,0.000987814394582123,0.0009876688915311416
23.98,0.00020519286490353663,0.0009847721683245462,0.0009847602586013698,0.000984724539781001,0.000984581794067344
24.0,0.00020457250119708007,0.0009816914704065664,0.0009816797865703254,0.0009816447450704477,0.0009815047044114886
