tau,xi,relative_concentration,control_relative_concentration
0.0,0.004166666666666667,0.0,0.0
0.0,0.0125,0.0,0.0
0.0,0.020833333333333332,0.0,0.0
0.0,0.029166666666666667,0.0,0.0
0.0,0.0375,0.0,0.0
0.0,0.04583333333333333,0.0,0.0
0.0,0.05416666666666667,0.0,0.0
0.0,0.0625,0.0,0.0
0.0,0.07083333333333333,0.0,0.0
0.0,0.07916666666666666,0.0,0.0
0.0,0.0875,0.0,0.0
0.0,0.09583333333333334,0.0,0.0
0.0,0.10416666666666667,0.0,0.0
0.0,0.1125,0.0,0.0
0.0,0.12083333333333333,0.0,0.0
0.0,0.12916666666666668,0.0,0.0
0.0,0.1375,0.0,0.0
0.0,0.14583333333333334,0.0,0.0
0.0,0.15416666666666667,0.0,0.0
0.0,0.1625,0.0,0.0
0.0,0.17083333333333334,0.0,0.0
0.0,0.17916666666666667,0.0,0.0
0.0,0.1875,0.0,0.0
0.0,0.19583333333333333,0.0,0.0
0.0,0.20416666666666666,0.0,0.0
0.0,0.2125,0.0,0.0
0.0,0.22083333333333333,0.0,0.0
0.0,0.22916666666666666,0.0,0.0
0.0,0.2375,0.0,0.0
0.0,0.24583333333333332,0.0,0.0
0.0,0.25416666666666665,0.0,0.0
0.0,0.2625,0.0,0.0
0.0,0.2708333333333333,0.0,0.0
0.0,0.2791666666666667,0.0,0.0
0.0,0.2875,0.0,0.0
0.0,0.29583333333333334,0.0,0.0
0.0,0.30416666666666664,0.0,0.0
0.0,0.3125,0.0,0.0
0.0,0.32083333333333336,0.0,0.0
0.0,0.32916666666666666,0.0,0.0
0.0,0.3375,0.0,0.0
0.0,0.3458333333333333,0.0,0.0
0.0,0.3541666666666667,0.0,0.0
0.0,0.3625,0.0,0.0
0.0,0.37083333333333335,0.0,0.0
0.0,0.37916666666666665,0.0,0.0
0.0,0.3875,0.0,0.0
0.0,0.3958333333333333,0.0,0.0
0.0,0.4041666666666667,0.0,0.0
0.0,0.4125,0.0,0.0
0.0,0.42083333333333334,0.0,0.0
0.0,0.42916666666666664,0.0,0.0
0.0,0.4375,0.0,0.0
0.0,0.44583333333333336,0.0,0.0
0.0,0.45416666666666666,0.0,0.0
0.0,0.4625,0.0,0.0
0.0,0.4708333333333333,0.0,0.0
0.0,0.4791666666666667,0.0,0.0
0.0,0.4875,0.0,0.0
0.0,0.49583333333333335,0.0,0.0
0.0,0.5041666666666667,0.0,0.0
0.0,0.5125,0.0,0.0
0.0,0.5208333333333334,0.0,0.0
0.0,0.5291666666666667,0.0,0.0
0.0,0.5375,0.0,0.0
0.0,0.5458333333333333,0.0,0.0
0.0,0.5541666666666667,0.0,0.0
0.0,0.5625,0.0,0.0
0.0,0.5708333333333333,0.0,0.0
0.0,0.5791666666666667,0.0,0.0
0.0,0.5875,0.0,0.0
0.0,0.5958333333333333,0.0,0.0
0.0,0.6041666666666666,0.0,0.0
0.0,0.6125,0.0,0.0
0.0,0.6208333333333333,0.0,0.0
0.0,0.6291666666666667,0.0,0.0
0.0,0.6375,0.0,0.0
0.0,0.6458333333333334,0.0,0.0
0.0,0.6541666666666667,0.0,0.0
0.0,0.6625,0.0,0.0
0.0,0.6708333333333333,0.0,0.0
0.0,0.6791666666666667,0.0,0.0
0.0,0.6875,0.0,0.0
0.0,0.6958333333333333,0.0,0.0
0.0,0.7041666666666667,0.0,0.0
0.0,0.7125,0.0,0.0
0.0,0.7208333333333333,0.0,0.0
0.0,0.7291666666666666,0.0,0.0
0.0,0.7375,0.0,0.0
0.0,0.7458333333333333,0.0,0.0
0.0,0.7541666666666667,0.0,0.0
0.0,0.7625,0.0,0.0
0.0,0.7708333333333334,0.0,0.0
0.0,0.7791666666666667,0.0,0.0
0.0,0.7875,0.0,0.0
0.0,0.7958333333333333,0.0,0.0
0.0,0.8041666666666667,0.0,0.0
0.0,0.8125,0.0,0.0
0.0,0.8208333333333333,0.0,0.0
0.0,0.8291666666666667,0.0,0.0
0.0,0.8375,0.0,0.0
0.0,0.8458333333333333,0.0,0.0
0.0,0.8541666666666666,0.0,0.0
0.0,0.8625,0.0,0.0
0.0,0.8708333333333333,0.0,0.0
0.0,0.8791666666666667,0.0,0.0
0.0,0.8875,0.0,0.0
0.0,0.8958333333333334,0.0,0.0
0.0,0.9041666666666667,0.0,0.0
0.0,0.9125,0.0,0.0
0.0,0.9208333333333333,0.0,0.0
0.0,0.9291666666666667,0.0,0.0
0.0,0.9375,0.0,0.0
0.0,0.9458333333333333,0.0,0.0
0.0,0.9541666666666667,0.0,0.0
0.0,0.9625,0.0,0.0
0.0,0.9708333333333333,0.0,0.0
0.0,0.9791666666666666,0.0,0.0
0.0,0.9875,0.0,0.0
0.0,0.9958333333333333,0.0,0.0
0.2,0.004166666666666667,0.010845789484719625,0.010790822506115703
0.2,0.0125,0.010782012329718654,0.010728713923906782
0.2,0.020833333333333332,0.010670331456457025,0.010618655613929278
0.2,0.029166666666666667,0.010526303134171274,0.010476204969169785
0.2,0.0375,0.01036136705529258,0.010312802782651107
0.2,0.04583333333333333,0.0101838131738309,0.010136740086013884
0.2,0.05416666666666667,0.009999541948454914,0.009953918392871398
0.2,0.0625,0.009812658809582112,0.009768444166224906
0.2,0.07083333333333333,0.009625936124005445,0.009583090783446598
0.2,0.07916666666666666,0.009441169701652813,0.009399655043412475
0.2,0.0875,0.009259451758502419,0.00921923012979861
0.2,0.09583333333333334,0.009081378033629805,0.00904241272851015
0.2,0.10416666666666667,0.008907203302394714,0.00886945854124694
0.2,0.1125,0.00873695670231633,0.008700397611751799
0.2,0.12083333333333333,0.00857052598469714,0.00853511857780022
0.2,0.12916666666666668,0.008407717932765001,0.008373429089700618
0.2,0.1375,0.008248300670220114,0.008215098119191558
0.2,0.14583333333333334,0.008092032359427844,0.008059884657977285
0.2,0.15416666666666667,0.007938679803535593,0.007907556320180115
0.2,0.1625,0.007788029677874258,0.007757900574070768
0.2,0.17083333333333334,0.007639894486971607,0.007610730699404495
0.2,0.17916666666666667,0.007494114844457295,0.007465888067643233
0.2,0.1875,0.0073505592794120694,0.007323241948616817
0.2,0.19583333333333333,0.00720912246400908,0.007182687738471571
0.2,0.20416666666666666,0.0070697225169532255,0.0070441442634125336
0.2,0.2125,0.006932297851608777,0.006907550628129835
0.2,0.22083333333333333,0.006796803895688692,0.006772862935782891
0.2,0.22916666666666666,0.006663209901909895,0.006640051098946779
0.2,0.2375,0.006531495988760824,0.006509095880667279
0.2,0.24583333333333332,0.006401650491557309,0.0063799862458007
0.2,0.25416666666666665,0.0062736676615168805,0.006252717060368606
0.2,0.2625,0.006147545720847762,0.0061272871469237504
0.2,0.2708333333333333,0.006023285261791209,0.006003697683865887
0.2,0.2791666666666667,0.005900887964770957,0.005881950923861183
0.2,0.2875,0.005780355603400394,0.005762049199115839
0.2,0.29583333333333334,0.005661689300600056,0.0056439941777565155
0.2,0.30416666666666664,0.005544888999341853,0.005527786334833927
0.2,0.3125,0.0054299531126852435,0.0054134246026147905
0.2,0.32083333333333336,0.005316878320140306,0.0053009061671971
0.2,0.32916666666666666,0.005205659480487324,0.005190226381578252
0.2,0.3375,0.005096289634637989,0.0050813787687612
0.2,0.3458333333333333,0.004988760075679166,0.0049743550920395
0.2,0.3541666666666667,0.004883060466715201,0.004869145473077253
0.2,0.3625,0.004779178990398768,0.004765738541673959
0.2,0.37083333333333335,0.004677102517039484,0.004664121604103492
0.2,0.37916666666666665,0.004576816780863757,0.004564280819600663
0.2,0.3875,0.0044783065563537465,0.004466201376923277
0.2,0.3958333333333333,0.004381555828620468,0.004369867664944756
0.2,0.4041666666666667,0.004286547953480567,0.004275263432946816
0.2,0.4125,0.0041932658043305395,0.0041823719377060515
0.2,0.42083333333333334,0.004101691904073031,0.004091176075629027
0.2,0.42916666666666664,0.004011808541276376,0.004001658499117131
0.2,0.4375,0.003923597870470182,0.003913801717063958
0.2,0.44583333333333336,0.0038370419970251493,0.003827588179933477
0.2,0.45416666666666666,0.003752123047461489,0.003743000350263353
0.2,0.4625,0.0036688232263021943,0.0036600207597097326
0.2,0.4708333333333333,0.0035871248607575014,0.0035786320539198248
0.2,0.4791666666666667,0.0035070104346151924,0.003498817026606983
0.2,0.4875,0.003428462612735337,0.003420558644226904
0.2,0.49583333333333335,0.00335146425752286,0.0033438400626283633
0.2,0.5041666666666667,0.0032759984386895413,0.003268644636990119
0.2,0.5125,0.0032020484375296547,0.0031949559262682125
0.2,0.5208333333333334,0.0031295977468290557,0.0031227576932735257
0.2,0.5291666666666667,0.0030586300674134525,0.003052033901385324
0.2,0.5375,0.0029891293022234603,0.002982768708788444
0.2,0.5458333333333333,0.0029210795486862657,0.002914946461003963
0.2,0.5541666666666667,0.0028544650900397543,0.0028485516823692244
0.2,0.5625,0.0027892703861570555,0.0027835690670152155
0.2,0.5708333333333333,0.0027254800643195234,0.0027199834697893372
0.2,0.5791666666666667,0.0026630789102950387,0.002657779897480473
0.2,0.5875,0.0026020518599969267,0.0025969435006216743
0.2,0.5958333333333333,0.0025423839919267452,0.0025374595660737527
0.2,0.6041666666666666,0.002484060520541719,0.0024793135105305782
0.2,0.6125,0.002427066790634158,0.0024224908750334322
0.2,0.6208333333333333,0.0023713882727653605,0.0023669773205369678
0.2,0.6291666666666667,0.002317010559759615,0.0023127586245323857
0.2,0.6375,0.0022639193642341807,0.0022598206787037617
0.2,0.6458333333333334,0.0022121005171179433,0.002208149487570222
0.2,0.6541666666666667,0.0021615399670938816,0.0021577311680491392
0.2,0.6625,0.0021122237808879657,0.002108551949862996
0.2,0.6708333333333333,0.002064138144318835,0.00206059817670428
0.2,0.6791666666666667,0.0020172693640179424,0.0020138563080681327
0.2,0.6875,0.0019716038697281907,0.001968312921660792
0.2,0.6958333333333333,0.0019271282170898586,0.00192395471629266
0.2,0.7041666666666667,0.0018838290908253375,0.0018807685151675368
0.2,0.7125,0.0018416933082383976,0.0018387412694837585
0.2,0.7208333333333333,0.001800707822949011,0.001797860062268306
0.2,0.7291666666666666,0.001760859728790846,0.0017581121123710084
0.2,0.7375,0.0017221362638051103,0.0017194847785525448
0.2,0.7458333333333333,0.0016845248142712068,0.001681965563606747
0.2,0.7541666666666667,0.0016480129187215469,0.001645542118464549
0.2,0.7625,0.0016125882718945757,0.001610202246233679
0.2,0.7708333333333334,0.0015782387285865852,0.001575933906134691
0.2,0.7791666666666667,0.0015449523073690547,0.0015427252173000861
0.2,0.7875,0.0015127171941440132,0.001510564462409059
0.2,0.7958333333333333,0.0014815217455152502,0.0014794400911357084
0.2,0.8041666666666667,0.001451354491958032,0.0014493407233933933
0.2,0.8125,0.001422204140774332,0.0014202551523622672
0.2,0.8208333333333333,0.0013940595788244378,0.001392172347290877
0.2,0.8291666666666667,0.0013669098750291962,0.0013650814560661054
0.2,0.8375,0.001340744282640045,0.0013389718075486328
0.2,0.8458333333333333,0.0013155522412765016,0.0013138329136736068
0.2,0.8541666666666666,0.0012913233787328177,0.001289654471318252
0.2,0.8625,0.001268047512557241,0.0012664263639398797
0.2,0.8708333333333333,0.0012457146514086553,0.0012441386629890951
0.2,0.8791666666666667,0.001224314996196437,0.001222781629104055
0.2,0.8875,0.0012038389410101282,0.0012023457130923988
0.2,0.8958333333333334,0.0011842770738460548,0.0011828215567080032
0.2,0.9041666666666667,0.0011656201771383416,0.001164199993230028
0.2,0.9125,0.0011478592281018943,0.001146472047851848
0.2,0.9208333333333333,0.0011309853988949105,0.0011296289378874478
0.2,0.9291666666666667,0.001114990056608309,0.0011136620728026886
0.2,0.9375,0.0010998647630892076,0.001098563054078601
0.2,0.9458333333333333,0.0010856012746052234,0.0010843236749134857
0.2,0.9541666666666667,0.0010721915413559276,0.0010709359197701844
0.2,0.9625,0.001059627706837311,0.001058391963774384
0.2,0.9708333333333333,0.0010479021070645676,0.001046684171969288
0.2,0.9791666666666666,0.001037007269657949,0.0010358050984314174
0.2,0.9875,0.0010269359127958275,0.0010257474852517021
0.2,0.9958333333333333,0.0010176809440385164,0.001016504261385423
0.4,0.004166666666666667,0.014566264713389723,0.014314616670018708
0.4,0.0125,0.014482156416475149,0.01423595112994772
0.4,0.020833333333333332,0.014343228378622381,0.01410235813905093
0.4,0.029166666666666667,0.014173682710157532,0.013938041691345857
0.4,0.0375,0.013988880629422959,0.013758364860050184
0.4,0.04583333333333333,0.013798214790171657,0.013572722125196066
0.4,0.05416666666666667,0.01360713185751327,0.013386561949874429
0.4,0.0625,0.013418537822952329,0.01320279209561244
0.4,0.07083333333333333,0.013233759062497585,0.01302274068084015
0.4,0.07916666666666666,0.013053187009883614,0.012846800854473723
0.4,0.0875,0.012876700251190922,0.0126748528908941
0.4,0.09583333333333334,0.012703932278126754,0.012506531943579865
0.4,0.10416666666666667,0.012534434063781488,0.012341390621207763
0.4,0.1125,0.012367766493641814,0.012178991419002158
0.4,0.12083333333333333,0.012203547295019265,0.012018953648492548
0.4,0.12916666666666668,0.012041469534839581,0.011860971935625757
0.4,0.1375,0.01188130328956026,0.011704817891000713
0.4,0.14583333333333334,0.011722888190352193,0.011550332655362833
0.4,0.15416666666666667,0.011566121800352725,0.011397415277165843
0.4,0.1625,0.01141094687817583,0.01124600997638721
0.4,0.17083333333333334,0.011257339289802151,0.011096094056720329
0.4,0.17916666666666667,0.011105297475647627,0.01094766737294246
0.4,0.1875,0.010954833832422285,0.010800743713069917
0.4,0.19583333333333333,0.010805968036016944,0.010655344121538542
0.4,0.20416666666666666,0.010658722143601123,0.01051149200159254
0.4,0.2125,0.010513117221216492,0.010369209743166082
0.4,0.22083333333333333,0.010369171212604743,0.010228516591996577
0.4,0.22916666666666666,0.010226897771590387,0.010089427482289824
0.4,0.2375,0.010086305807534475,0.009951952582453244
0.4,0.24583333333333332,0.009947399530233422,0.00981609734027124
0.4,0.25416666666666665,0.00981017882016086,0.009681862853420459
0.4,0.2625,0.009674639787908682,0.009549246429181256
0.4,0.2708333333333333,0.00954077542074136,0.009418242231259356
0.4,0.2791666666666667,0.009408576243262393,0.009288841940716547
0.4,0.2875,0.009278030943042625,0.009161035381860192
0.4,0.29583333333333334,0.009149126930910653,0.009034811082791779
0.4,0.30416666666666664,0.009021850819962329,0.008910156754671468
0.4,0.3125,0.008896188817843601,0.008787059684253007
0.4,0.32083333333333336,0.008772127034163801,0.008665507041546075
0.4,0.32916666666666666,0.008649651709642629,0.00854548610920932
0.4,0.3375,0.008528749376359649,0.008426984443042974
0.4,0.3458333333333333,0.008409406959760179,0.008309989974234927
0.4,0.3541666666666667,0.008291611833294035,0.00819449106423673
0.4,0.3625,0.008175351836063067,0.008080476522645525
0.4,0.37083333333333335,0.008060615262897693,0.007967935597512145
0.4,0.37916666666666665,0.007947390835075672,0.007856857946288535
0.4,0.3875,0.007835667658589306,0.007747233594320858
0.4,0.3958333333333333,0.007725435175566911,0.007639052886494004
0.4,0.4041666666666667,0.007616683113232201,0.007532306436411308
0.4,0.4125,0.007509401433685085,0.007426985076392852
0.4,0.42083333333333334,0.007403580286832342,0.007323079810620956
0.4,0.42916666666666664,0.007299209967994435,0.007220581772959029
0.4,0.4375,0.007196280881062253,0.007119482190317645
0.4,0.44583333333333336,0.007094783507564927,0.007019772351929042
0.4,0.45416666666666666,0.006994708381622398,0.006921443584503607
0.4,0.4625,0.006896046070477637,0.00682448723296343
0.4,0.4708333333333333,0.006798787160116311,0.006728894646260594
0.4,0.4791666666666667,0.00670292224536913,0.006634657167675524
0.4,0.4875,0.006608441923838938,0.006541766128937475
0.4,0.49583333333333335,0.006515336792986709,0.006450212847501296
0.4,0.5041666666666667,0.0064235974497356164,0.006359988626339673
0.4,0.5125,0.006333214492000588,0.0062710847556583
0.4,0.5208333333333334,0.006244178521613029,0.006183492516003621
0.4,0.5291666666666667,0.00615648014818062,0.00609720318230313
0.4,0.5375,0.006070109993494655,0.0060122080284506696
0.4,0.5458333333333333,0.00598505869616844,0.0059284983321202704
0.4,0.5541666666666667,0.005901316916257234,0.005846065379559008
0.4,0.5625,0.005818875339670908,0.005764900470170127
0.4,0.5708333333333333,0.00573772468224435,0.005684994920751412
0.4,0.5791666666666667,0.0056578556933766675,0.005606340069299904
0.4,0.5875,0.005579259159188709,0.005528927278332503
0.4,0.5958333333333333,0.005501925905179701,0.005452747937703248
0.4,0.6041666666666666,0.0054258467983881505,0.005377793466922459
0.4,0.6125,0.005351012749080587,0.005304055317001304
0.4,0.6208333333333333,0.005277414712004644,0.00523152497185835
0.4,0.6291666666666667,0.0052050436872515945,0.005160193949333184
0.4,0.6375,0.005133890720778111,0.005090053801856895
0.4,0.6458333333333334,0.005063946904638684,0.005021096116830911
0.4,0.6541666666666667,0.0049952033769795285,0.004953312516764977
0.4,0.6625,0.0049276513218422585,0.0048866946592226
0.4,0.6708333333333333,0.0048612819688219275,0.00482123423661856
0.4,0.6791666666666667,0.004796086592619471,0.0047569229759085565
0.4,0.6875,0.004732056512523547,0.0046937526382060035
0.4,0.6958333333333333,0.004669183091851689,0.004631715018355847
0.4,0.7041666666666667,0.004607457737375442,0.004570801944490172
0.4,0.7125,0.0045468718987494074,0.004511005277585479
0.4,0.7208333333333333,0.004487417067959545,0.004452316911037016
0.4,0.7291666666666666,0.004429084778802021,0.0043947287702614845
0.4,0.7375,0.00437186660640034,0.004338232812335824
0.4,0.7458333333333333,0.004315754166765358,0.004282821025676748
0.4,0.7541666666666667,0.004260739116400268,0.0042284854297630825
0.4,0.7625,0.00420681315195049,0.004175218074900885
0.4,0.7708333333333334,0.004153968009896758,0.0041230110420296595
0.4,0.7791666666666667,0.004102195466288494,0.004071856442566724
0.4,0.7875,0.004051487336513563,0.004021746418285905
0.4,0.7958333333333333,0.004001835475100046,0.003972673141226144
0.4,0.8041666666666667,0.003953231775545232,0.003924628813625303
0.4,0.8125,0.003905668170167068,0.003877605667874332
0.4,0.8208333333333333,0.003859136629973191,0.0038315959664870403
0.4,0.8291666666666667,0.0038136291645431033,0.003786592002080953
0.4,0.8375,0.0037691378219191717,0.0037425860973650167
0.4,0.8458333333333333,0.0037256546885026205,0.003699570605130296
0.4,0.8541666666666666,0.0036831718889510706,0.0036575379082402454
0.4,0.8625,0.003641681586074618,0.0036164804196175816
0.4,0.8708333333333333,0.0036011759807279362,0.003576390582225193
0.4,0.8791666666666667,0.003561647311696235,0.003537260869039018
0.4,0.8875,0.003523087855573416,0.00349908378301118
0.4,0.8958333333333334,0.0034854899266310575,0.0034618518570220537
0.4,0.9041666666666667,0.0034488458766772706,0.003425557653820317
0.4,0.9125,0.0034131480949047264,0.0033901937659502946
0.4,0.9208333333333333,0.0033783890077274206,0.0033557528156661957
0.4,0.9291666666666667,0.0033445610786059844,0.003322227454833026
0.4,0.9375,0.0033116568078614844,0.0032896103648141846
0.4,0.9458333333333333,0.003279668732477839,0.003257894256345847
0.4,0.9541666666666667,0.0032485894258930397,0.0032270718693983447
0.4,0.9625,0.0032184114977794457,0.0031971359730248463
0.4,0.9708333333333333,0.0031891275938134883,0.0031680793651976515
0.4,0.9791666666666666,0.0031607303954350728,0.0031398948726324484
0.4,0.9875,0.003133212619597032,0.0031125753506008463
0.4,0.9958333333333333,0.0031065670185048823,0.0030861136827315086
0.6,0.004166666666666667,0.016972864893143643,0.016395173431210792
0.6,0.0125,0.016875038169841032,0.016307632068984224
0.6,0.020833333333333332,0.01672076169162216,0.016163470539136256
0.6,0.029166666666666667,0.016539837981539178,0.015992493846660044
0.6,0.0375,0.016348980024065735,0.01581141742497048
0.6,0.04583333333333333,0.01615693246181095,0.01562898833286679
0.6,0.05416666666666667,0.01596776633861421,0.015449279997951494
0.6,0.0625,0.015782950283488608,0.015273763400930044
0.6,0.07083333333333333,0.015602614816499627,0.015102571381855098
0.6,0.07916666666666666,0.01542629450565337,0.014935240797377602
0.6,0.0875,0.01525334000002783,0.014771124554233706
0.6,0.09583333333333334,0.015083127460142832,0.014609601039961985
0.6,0.10416666666666667,0.014915148514475176,0.014450164079757946
0.6,0.1125,0.014749033705562386,0.014292446382910313
0.6,0.12083333333333333,0.014584542194466081,0.01413620924759128
0.6,0.12916666666666668,0.014421537212668587,0.0139813180130757
0.6,0.1375,0.014259958208694022,0.01382771420668084
0.6,0.14583333333333334,0.014099795295424572,0.0136753899913982
0.6,0.15416666666666667,0.013941068388224573,0.013524367304330305
0.6,0.1625,0.013783811590494277,0.013374682242554349
0.6,0.17083333333333334,0.013628062425300985,0.013226374295060501
0.6,0.17916666666666667,0.013473855089024253,0.013079479596701709
0.6,0.1875,0.013321216791479145,0.012934027268618507
0.6,0.19583333333333333,0.01317016630281006,0.01279003796543171
0.6,0.20416666666666666,0.013020713961025648,0.012647523883073112
0.6,0.2125,0.012872862552091144,0.012506489639170669
0.6,0.22083333333333333,0.012726608627399084,0.012366933590809
0.6,0.22916666666666666,0.012581943956593929,0.012228849287640696
0.6,0.2375,0.012438856921674431,0.012092226866272314
0.6,0.24583333333333332,0.012297333740848126,0.011957054274399461
0.6,0.25416666666666665,0.012157359470333385,0.011823318272886319
0.6,0.2625,0.012018918772953264,0.011691005204633998
0.6,0.2708333333333333,0.011881996467955163,0.011560101544671686
0.6,0.2791666666666667,0.01174657789077218,0.011430594260186503
0.6,0.2875,0.011612649097653466,0.011302471015419526
0.6,0.29583333333333334,0.011480196950873588,0.01117572025713774
0.6,0.30416666666666664,0.011349209117636,0.01105033121379741
0.6,0.3125,0.011219674011340044,0.01092629383706805
0.6,0.32083333333333336,0.01109158069866398,0.010803598709169656
0.6,0.32916666666666666,0.010964918790653163,0.010682236934212224
0.6,0.3375,0.010839678331139921,0.010562200026864315
0.6,0.3458333333333333,0.01071584969160544,0.010443479807460786
0.6,0.3541666666666667,0.010593423478124002,0.010326068309190223
0.6,0.3625,0.010472390453310354,0.010209957700282768
0.6,0.37083333333333335,0.010352741474166469,0.010095140222094706
0.6,0.37916666666666665,0.010234467445304611,0.009981608142566649
0.6,0.3875,0.010117559286107608,0.009869353723616326
0.6,0.3958333333333333,0.010002007909869883,0.009758369200509424
0.6,0.4041666666666667,0.009887804212748139,0.009648646771037625
0.6,0.4125,0.009774939070353119,0.009540178592334985
0.6,0.42083333333333334,0.009663403339962282,0.009432956783312798
0.6,0.42916666666666664,0.009553187866570327,0.009326973430929607
0.6,0.4375,0.009444283491275464,0.009222220598794578
0.6,0.44583333333333336,0.009336681060792142,0.009118690336894745
0.6,0.45416666666666666,0.009230371437162165,0.009016374691518114
0.6,0.4625,0.009125345506991728,0.008915265714700303
0.6,0.4708333333333333,0.009021594189763362,0.008815355472743569
0.6,0.4791666666666667,0.008919108444955616,0.008716636053541135
0.6,0.4875,0.008817879277849544,0.008619099572585939
0.6,0.49583333333333335,0.00871789774401251,0.008522738177654268
0.6,0.5041666666666667,0.008619154952529172,0.008427544052234207
0.6,0.5125,0.00852164206810292,0.008333509417822125
0.6,0.5208333333333334,0.00842535031218131,0.00824062653524086
0.6,0.5291666666666667,0.008330270963272901,0.008148887705146967
0.6,0.5375,0.008236395356622798,0.008058285267894361
0.6,0.5458333333333333,0.008143714883405092,0.007968811602912537
0.6,0.5541666666666667,0.008052220989574985,0.007880459127742186
0.6,0.5625,0.00796190517450426,0.0077932202968519545
0.6,0.5708333333333333,0.007872758989503363,0.007707087600339486
0.6,0.5791666666666667,0.007784774036312641,0.007622053562599466
0.6,0.5875,0.007697941965625951,0.007538110741021773
0.6,0.5958333333333333,0.00761225447569222,0.007455251724765413
0.6,0.6041666666666666,0.0075277033110251615,0.0073734691336384195
0.6,0.6125,0.007444280261238644,0.007292755617101237
0.6,0.6208333333333333,0.007361977160014556,0.007213103853400455
0.6,0.6291666666666667,0.007280785884202158,0.0071345065488319145
0.6,0.6375,0.007200698353041885,0.007056956437126121
0.6,0.6458333333333334,0.007121706527502438,0.006980446278944883
0.6,0.6541666666666667,0.0070438024097175984,0.006904968861475539
0.6,0.6625,0.006966978042507843,0.006830516998107988
0.6,0.6708333333333333,0.006891225508971834,0.00675708352817944
0.6,0.6791666666666667,0.006816536932133228,0.00668466131677255
0.6,0.6875,0.006742904474629454,0.006613243254553449
0.6,0.6958333333333333,0.006670320338430605,0.006542822257637879
0.6,0.7041666666666667,0.006598776764578108,0.0064733912674751195
0.6,0.7125,0.006528266032934673,0.006404943250741239
0.6,0.7208333333333333,0.006458780461938675,0.00633747119923475
0.6,0.7291666666666666,0.006390312408357636,0.006270968129769529
0.6,0.7375,0.006322854267037088,0.006205427084061062
0.6,0.7458333333333333,0.006256398470642143,0.006140841128603584
0.6,0.7541666666666667,0.006190937489390384,0.006077203354536546
0.6,0.7625,0.006126463830775386,0.006014506877499896
0.6,0.7708333333333334,0.006062970039281053,0.005952744837478257
0.6,0.7791666666666667,0.006000448696087336,0.005891910398634644
0.6,0.7875,0.005938892418768377,0.005831996749134754
0.6,0.7958333333333333,0.005878293860984318,0.005772997100963091
0.6,0.8041666666666667,0.005818645712168143,0.005714904689732318
0.6,0.8125,0.0057599406972090594,0.0056577127744873185
0.6,0.8208333333333333,0.005702171576133698,0.00560141463750532
0.6,0.8291666666666667,0.00564533114378656,0.005546003584093466
0.6,0.8375,0.005589412229510884,0.005491472942385035
0.6,0.8458333333333333,0.005534407696830939,0.005437816063135377
0.6,0.8541666666666666,0.005480310443136719,0.005385026319518472
0.6,0.8625,0.00542711339937173,0.005333097106924903
0.6,0.8708333333333333,0.005374809529724486,0.005282021842761785
0.6,0.8791666666666667,0.0053233918313241365,0.005231793966255166
0.6,0.8875,0.005272853333940545,0.005182406938255182
0.6,0.8958333333333334,0.00522318709968898,0.005133854241044179
0.6,0.9041666666666667,0.005174386222739557,0.005086129378147886
0.6,0.9125,0.005126443829031393,0.005039225874149696
0.6,0.9208333333333333,0.005079353075991393,0.00499313727450796
0.6,0.9291666666666667,0.005033107152257622,0.004947857145376194
0.6,0.9375,0.004987699277407014,0.004903379073426099
0.6,0.9458333333333333,0.004943122701687332,0.004859696665673176
0.6,0.9541666666666667,0.004899370705753108,0.004816803549304772
0.6,0.9625,0.004856436600405408,0.00477469337151041
0.6,0.9708333333333333,0.00481431372633524,0.004733359799314147
0.6,0.9791666666666666,0.004772995453870382,0.004692796519408896
0.6,0.9875,0.004732475182725531,0.004652997237992461
0.6,0.9958333333333333,0.00469274634175558,0.004613955680605254
0.8,0.004166666666666667,0.018636245903811036,0.017628009641429614
0.8,0.0125,0.018527808773373428,0.0175352720903483
0.8,0.020833333333333332,0.018363328047058303,0.017386259161234614
0.8,0.029166666666666667,0.01817634512339822,0.01721451524970565
0.8,0.0375,0.01798365221832877,0.01703683553216963
0.8,0.04583333333333333,0.017792752487592718,0.01686072608850999
0.8,0.05416666666666667,0.017606288298852742,0.01668883217454987
0.8,0.0625,0.017424578933162085,0.01652147592389904
0.8,0.07083333333333333,0.017247006769284624,0.01635804253265364
0.8,0.07916666666666666,0.01707272257944104,0.01619768555551534
0.8,0.0875,0.01690096366399508,0.016039645040841904
0.8,0.09583333333333334,0.01673116365121947,0.015883357330769
0.8,0.10416666666666667,0.01656295942751606,0.015728461991779262
0.8,0.1125,0.016396154787268954,0.01557476546489881
0.8,0.12083333333333333,0.016230672435470366,0.015422193068662014
0.8,0.12916666666666668,0.016066509502904013,0.015270744514630626
0.8,0.1375,0.015903702464102294,0.015120458825683209
0.8,0.14583333333333334,0.01574230247965622,0.01497138967865479
0.8,0.15416666666666667,0.015582359912439697,0.01482358992088803
0.8,0.1625,0.015423915954822245,0.01467710319776988
0.8,0.17083333333333334,0.015266999253340952,0.014531960577724554
0.8,0.17916666666666667,0.015111625715434314,0.014388180359265547
0.8,0.1875,0.014957800096900013,0.014245769658768266
0.8,0.19583333333333333,0.01480551837723705,0.014104726786124016
0.8,0.20416666666666666,0.014654770277821803,0.013965043763224608
0.8,0.2125,0.014505541547413289,0.013826708609773027
0.8,0.22083333333333333,0.014357815833009328,0.01368970721444187
0.8,0.22916666666666666,0.014211576082815508,0.013554024738141279
0.8,0.2375,0.014066805506141545,0.013419646574211342
0.8,0.24583333333333332,0.013923488156091977,0.013286558931405552
0.8,0.25416666666666665,0.013781609216727435,0.013154749121341907
0.8,0.2625,0.013641155076261803,0.01302420563198684
0.8,0.2708333333333333,0.013502113258761946,0.012894918059638723
0.8,0.2791666666666667,0.01336447227358401,0.012766876958645038
0.8,0.2875,0.0132282214275896,0.012640073653896529
0.8,0.29583333333333334,0.013093350631941489,0.012514500047897864
0.8,0.30416666666666664,0.012959850223972924,0.012390148442909237
0.8,0.3125,0.012827710815630257,0.012267011389658312
0.8,0.32083333333333336,0.012696923173286382,0.01214508156742026
0.8,0.32916666666666666,0.012567478129072988,0.01202435169561369
0.8,0.3375,0.0124393665209364,0.011904814474117578
0.8,0.3458333333333333,0.012312579157012499,0.01178646254790439
0.8,0.3541666666666667,0.012187106799287497,0.011669288490956397
0.8,0.3625,0.0120629401615554,0.011553284804475953
0.8,0.37083333333333335,0.011940069917148955,0.01143844392486662
0.8,0.37916666666666665,0.011818486712613688,0.011324758237654683
0.8,0.3875,0.011698181184273333,0.011212220094299449
0.8,0.3958333333333333,0.011579143975401744,0.01110082182960731
0.8,0.4041666666666667,0.01146136575241179,0.010990555778160372
0.8,0.4125,0.011344837219062846,0.010881414288760943
0.8,0.42083333333333334,0.01122954912816272,0.010773389736368032
0.8,0.42916666666666664,0.011115492290599795,0.010666474531361408
0.8,0.4375,0.011002657581796015,0.010560661126224094
0.8,0.44583333333333336,0.01089103594583747,0.010455942019899916
0.8,0.45416666666666666,0.010780618397632339,0.010352309760175961
0.8,0.4625,0.010671396023483777,0.010249756944477524
0.8,0.4708333333333333,0.010563359980462381,0.010148276219460198
0.8,0.4791666666666667,0.010456501494933145,0.010047860279754049
0.8,0.4875,0.010350811860545503,0.009948501866168519
0.8,0.49583333333333335,0.01024628243594157,0.009850193763613128
0.8,0.5041666666666667,0.01014290464238197,0.009752928798933417
0.8,0.5125,0.010040669961436745,0.009656699838809641
0.8,0.5208333333333334,0.00993956993284161,0.00956149978781848
0.8,0.5291666666666667,0.009839596152580635,0.00946732158671894
0.8,0.5375,0.009740740271224214,0.009374158210991248
0.8,0.5458333333333333,0.009642993992526811,0.009282002669633253
0.8,0.5541666666666667,0.009546349072271343,0.009190848004201191
0.8,0.5625,0.009450797317335275,0.009100687288070026
0.8,0.5708333333333333,0.009356330584946887,0.00901151362588171
0.8,0.5791666666666667,0.009262940782097405,0.008923320153147155
0.8,0.5875,0.00917061986507468,0.008836100035967543
0.8,0.5958333333333333,0.009079359839086509,0.0087498464708432
0.8,0.6041666666666666,0.008989152757945124,0.00866455268454146
0.8,0.6125,0.008899990723788796,0.008580211933999552
0.8,0.6208333333333333,0.008811865886820983,0.008496817506242899
0.8,0.6291666666666667,0.008724770445051893,0.008414362718303842
0.8,0.6375,0.00863869664403167,0.008332840917129837
0.8,0.6458333333333334,0.008553636776567747,0.00825224547947384
0.8,0.6541666666666667,0.008469583182422375,0.008172569811762778
0.8,0.6625,0.008386528247988358,0.008093807349942318
0.8,0.6708333333333333,0.008304464405943481,0.00801595155929819
0.8,0.6791666666666667,0.008223384134885055,0.007938995934255812
0.8,0.6875,0.008143279958947192,0.007862933998160569
0.8,0.6958333333333333,0.008064144447403951,0.007787759303042046
0.8,0.7041666666666667,0.007985970214261541,0.007713465429365427
0.8,0.7125,0.007908749917843017,0.0076400459857734375
0.8,0.7208333333333333,0.00783247626036852,0.007567494608821905
0.8,0.7291666666666666,0.00775714198753383,0.007495804962711875
0.8,0.7375,0.007682739888089746,0.007424970739020507
0.8,0.7458333333333333,0.00760926279342419,0.007354985656433011
0.8,0.7541666666666667,0.007536703577148681,0.0072858434604770135
0.8,0.7625,0.007465055154690367,0.007217537923260677
0.8,0.7708333333333334,0.007394310482890388,0.007150062843215414
0.8,0.7791666666666667,0.007324462559609178,0.0070834120448436495
0.8,0.7875,0.0072555044233388695,0.007017579378471974
0.8,0.7958333333333333,0.007187429152822903,0.006952558720009703
0.8,0.8041666666666667,0.007120229866682656,0.0068883439707127705
0.8,0.8125,0.007053899723050919,0.006824929056952656
0.8,0.8208333333333333,0.006988431919211843,0.006762307929990123
0.8,0.8291666666666667,0.006923819691246989,0.006700474565753329
0.8,0.8375,0.006860056313687164,0.0066394229646200235
0.8,0.8458333333333333,0.006797135099169545,0.006579147151203375
0.8,0.8541666666666666,0.006735049398099826,0.006519641174141166
0.8,0.8625,0.006673792598319002,0.006460899105887956
0.8,0.8708333333333333,0.006613358124774548,0.006402915042509993
0.8,0.8791666666666667,0.0065537394391956515,0.006345683103482599
0.8,0.8875,0.0064949300397724105,0.006289197431489861
0.8,0.8958333333333334,0.006436923460838702,0.006233452192226451
0.8,0.9041666666666667,0.006379713272558683,0.006178441574201446
0.8,0.9125,0.0063232930806168,0.006124159788544094
0.8,0.9208333333333333,0.0062676565259112095,0.006070601068811486
0.8,0.9291666666666667,0.006212797284250594,0.0060177596707980015
0.8,0.9375,0.0061587090660543626,0.005965629872346666
0.8,0.9458333333333333,0.006105385616056187,0.005914205973162308
0.8,0.9541666666666667,0.00605282071301092,0.005863482294626573
0.8,0.9625,0.006001008169404843,0.005813453179614819
0.8,0.9708333333333333,0.00594994183116932,0.005764112992314867
0.8,0.9791666666666666,0.0058996155773978,0.005715456118047717
0.8,0.9875,0.005850023320066232,0.005667476963090138
0.8,0.9958333333333333,0.005801159003756865,0.00562016995449927
1.0,0.004166666666666667,0.01980309119625541,0.018283731693844188
1.0,0.0125,0.01968593575284836,0.01818799031160365
1.0,0.020833333333333332,0.019514113218792015,0.018037290886524296
1.0,0.029166666666666667,0.019323647105176832,0.01786766039205087
1.0,0.0375,0.019130720599160652,0.017695285437818474
1.0,0.04583333333333333,0.018941434114521316,0.017526269820516645
1.0,0.05416666666666667,0.018757180396236712,0.017362009628848617
1.0,0.0625,0.01857746155130489,0.017202010274748714
1.0,0.07083333333333333,0.018401260924659532,0.01704525836969417
1.0,0.07916666666666666,0.018227633278468325,0.016890811904390964
1.0,0.0875,0.018055897589774297,0.016737993046793565
1.0,0.09583333333333334,0.01788564691464287,0.016586398006622517
1.0,0.10416666666666667,0.01771668895419984,0.01643583760176697
1.0,0.1125,0.017548973005089452,0.016286264209102695
1.0,0.12083333333333333,0.017382527054629116,0.016137708860002962
1.0,0.12916666666666668,0.017217412245911716,0.01599023570579423
1.0,0.1375,0.01705369418436276,0.015843913324663318
1.0,0.14583333333333334,0.01689142757777863,0.015698799362043048
1.0,0.15416666666666667,0.01673065013563786,0.01555493443026788
1.0,0.1625,0.016571382161828536,0.015412341701642277
1.0,0.17083333333333334,0.01641362913911407,0.01527102949324448
1.0,0.17916666666666667,0.01625738546939119,0.01513099500751921
1.0,0.1875,0.016102638252370054,0.014992228111288973
1.0,0.19583333333333333,0.01594937051717653,0.014854714567684274
1.0,0.20416666666666666,0.01579756367949953,0.014718438493615564
1.0,0.2125,0.015647199214908022,0.014583384033411525
1.0,0.22083333333333333,0.01549825965438344,0.014449536354669546
1.0,0.22916666666666666,0.015350729054511066,0.01431688211876189
1.0,0.2375,0.015204593098816385,0.014185409582483665
1.0,0.24583333333333332,0.015059838967884504,0.014055108468480721
1.0,0.25416666666666665,0.014916455087331701,0.013925969713526616
1.0,0.2625,0.014774430832600643,0.013797985173620131
1.0,0.2708333333333333,0.014633756242474686,0.013671147337798813
1.0,0.2791666666666667,0.014494421771215907,0.01354544908057333
1.0,0.2875,0.01435641809281244,0.013420883466468105
1.0,0.29583333333333334,0.014219735959558433,0.013297443608891521
1.0,0.30416666666666664,0.014084366110231238,0.013175122578600632
1.0,0.3125,0.013950299219485212,0.013053913353379371
1.0,0.32083333333333336,0.01381752587879956,0.012933808799268084
1.0,0.32916666666666666,0.013686036599583284,0.012814801673947133
1.0,0.3375,0.013555821830204217,0.012696884644041935
1.0,0.3458333333333333,0.013426871980291919,0.012580050309698892
1.0,0.3541666666666667,0.013299177447335652,0.012464291231453716
1.0,0.3625,0.013172728642151998,0.012349599955966552
1.0,0.37083333333333335,0.013047516011119333,0.0122359690385213
1.0,0.37916666666666665,0.012923530054123484,0.012123391061233321
1.0,0.3875,0.012800761337930459,0.012011858646681587
1.0,0.3958333333333333,0.012679200505225353,0.011901364467204214
1.0,0.4041666666666667,0.012558838279872715,0.011791901250412993
1.0,0.4125,0.012439665469108088,0.011683461781636297
1.0,0.42083333333333334,0.012321672963406782,0.011576038904036726
1.0,0.42916666666666664,0.012204851734733195,0.01146962551710668
1.0,0.4375,0.012089192833783471,0.011364214574154685
1.0,0.44583333333333336,0.011974687386721227,0.011259799079282295
1.0,0.45416666666666666,0.011861326591787577,0.011156372084232804
1.0,0.4625,0.011749101716055553,0.011053926685381736
1.0,0.4708333333333333,0.011638004092501346,0.010952456021041824
1.0,0.4791666666666667,0.011528025117485338,0.010851953269175235
1.0,0.4875,0.011419156248673939,0.010752411645544257
1.0,0.49583333333333335,0.011311389003389447,0.010653824402287529
1.0,0.5041666666666667,0.011204714957345482,0.010556184826879485
1.0,0.5125,0.011099125743709594,0.01045948624141457
1.0,0.5208333333333334,0.010994613052427223,0.010363722002150522
1.0,0.5291666666666667,0.010891168629742183,0.010268885499245798
1.0,0.5375,0.010788784277853588,0.010174970156631203
1.0,0.5458333333333333,0.010687451854657568,0.010081969431963943
1.0,0.5541666666666667,0.01058716327353152,0.009989876816621973
1.0,0.5625,0.010487910503128323,0.009898685835706043
1.0,0.5708333333333333,0.010389685567157147,0.009808390048026201
1.0,0.5791666666666667,0.01029248054413571,0.009718983046057407
1.0,0.5875,0.010196287567105387,0.009630458455855855
1.0,0.5958333333333333,0.010101098823306088,0.009542809936932956
1.0,0.6041666666666666,0.010006906553811838,0.00945603118208777
1.0,0.6125,0.009913703053130624,0.009370115917201634
1.0,0.6208333333333333,0.009821480668774007,0.009285057901000352
1.0,0.6291666666666667,0.009730231800802458,0.009200850924790196
1.0,0.6375,0.009639948901353144,0.009117488812174016
1.0,0.6458333333333334,0.009550624474155852,0.009034965418753656
1.0,0.6541666666666667,0.00946225107404292,0.00895327463182418
1.0,0.6625,0.009374821306457464,0.008872410370064455
1.0,0.6708333333333333,0.00928832782696388,0.00879236658322791
1.0,0.6791666666666667,0.009202763340763438,0.008713137251836495
1.0,0.6875,0.009118120602217008,0.008634716386879735
1.0,0.6958333333333333,0.00903439241437635,0.008557098029520363
1.0,0.7041666666666667,0.008951571628524495,0.008480276250807136
1.0,0.7125,0.008869651143725607,0.00840424515139521
1.0,0.7208333333333333,0.008788623906384104,0.008328998861273815
1.0,0.7291666666666666,0.008708482909812581,0.008254531539500948
1.0,0.7375,0.008629221193808085,0.008180837373944361
1.0,0.7458333333333333,0.008550831844235877,0.008107910581028341
1.0,0.7541666666666667,0.008473307992620124,0.008035745405485484
1.0,0.7625,0.008396642815740771,0.007964336120112808
1.0,0.7708333333333334,0.008320829535235958,0.007893677025531669
1.0,0.7791666666666667,0.008245861417209456,0.00782376244995081
1.0,0.7875,0.00817173177184261,0.007754586748932172
1.0,0.7958333333333333,0.008098433953010442,0.007686144305159086
1.0,0.8041666666666667,0.008025961357901552,0.007618429528206539
1.0,0.8125,0.007954307426641735,0.007551436854313324
1.0,0.8208333333333333,0.007883465641920962,0.0074851607461559454
1.0,0.8291666666666667,0.007813429528623808,0.007419595692624173
1.0,0.8375,0.0077441926534632085,0.007354736208598249
1.0,0.8458333333333333,0.007675748624617515,0.007290576834727721
1.0,0.8541666666666666,0.007608091091370918,0.007227112137211967
1.0,0.8625,0.007541213743757206,0.007164336707582404
1.0,0.8708333333333333,0.007475110312206981,0.007102245162486492
1.0,0.8791666666666667,0.007409774567198249,0.007040832143473524
1.0,0.8875,0.007345200318910628,0.0069800923167823445
1.0,0.8958333333333334,0.007281381416882927,0.006920020373130973
1.0,0.9041666666666667,0.007218311749674436,0.006860611027508182
1.0,0.9125,0.007155985244529684,0.006801859018967083
1.0,0.9208333333333333,0.0070943958670468335,0.006743759110420797
1.0,0.9291666666666667,0.007033537620849659,0.006686306088440054
1.0,0.9375,0.0069734045472631,0.006629494763052954
1.0,0.9458333333333333,0.006913990724992397,0.006573319967546703
1.0,0.9541666666666667,0.0068552902698057845,0.006517776558271439
1.0,0.9625,0.006797297334220667,0.006462859414446045
1.0,0.9708333333333333,0.006740006107193371,0.006408563437966001
1.0,0.9791666666666666,0.0066834108138122735,0.006354883553213236
1.0,0.9875,0.006627505714994445,0.00630181470686792
1.0,0.9958333333333333,0.006572285107185655,0.006249351867722312
1.2,0.004166666666666667,0.020630596198742013,0.01854050323525025
1.2,0.0125,0.020506025387863013,0.01844319964636932
1.2,0.020833333333333332,0.020328658396442916,0.018292752274575958
1.2,0.029166666666666667,0.020136107150042198,0.018126776939109898
1.2,0.0375,0.019943567528473014,0.01796047337055257
1.2,0.04583333333333333,0.019755760851632116,0.017798566697002475
1.2,0.05416666666666667,0.019573061293886602,0.01764143485886661
1.2,0.0625,0.019394434634109125,0.01748804735931377
1.2,0.07083333333333333,0.01921870259619258,0.017337229605203477
1.2,0.07916666666666666,0.01904498015311613,0.0171881002115559
1.2,0.0875,0.01887274170680327,0.017040137181804905
1.2,0.09583333333333334,0.01870174846977291,0.016893105289837066
1.2,0.10416666666666667,0.018531946071466604,0.01674695368670153
1.2,0.1125,0.01836337656237029,0.016601727905110386
1.2,0.12083333333333333,0.018196117171799173,0.01645750861759873
1.2,0.12916666666666668,0.018030244276082956,0.016314375605082327
1.2,0.1375,0.01786581630717214,0.01617239066583288
1.2,0.14583333333333334,0.017702868891421374,0.016031592754627386
1.2,0.15416666666666667,0.017541416752873358,0.015891999886394847
1.2,0.1625,0.01738145855514446,0.015753613978460878
1.2,0.17083333333333334,0.017222982325511088,0.015616426274989926
1.2,0.17916666666666667,0.01706597021626146,0.015480422108689421
1.2,0.1875,0.016910402104281203,0.015345584500744015
1.2,0.19583333333333333,0.01675625797524035,0.015211896545347828
1.2,0.20416666666666666,0.01660351926637518,0.015079342752828118
1.2,0.2125,0.016452169427065465,0.014947909610560984
1.2,0.22083333333333333,0.01630219395820136,0.014817585622673352
1.2,0.22916666666666666,0.01615358015139374,0.014688361049585007
1.2,0.2375,0.016006316694259736,0.014560227513622735
1.2,0.24583333333333332,0.01586039325388308,0.01443317758280587
1.2,0.25416666666666665,0.015715800104823544,0.01430720439917789
1.2,0.2625,0.015572527833430178,0.014182301383438595
1.2,0.2708333333333333,0.015430567126484595,0.014058462023903092
1.2,0.2791666666666667,0.01528990863771039,0.013935679743323982
1.2,0.2875,0.015150542918265814,0.013813947829693628
1.2,0.29583333333333334,0.015012460394857754,0.01369325941466455
1.2,0.30416666666666664,0.014875651379751376,0.013573607483862769
1.2,0.3125,0.014740106099285397,0.01345498490570341
1.2,0.32083333333333336,0.014605814730525113,0.013337384468341342
1.2,0.32916666666666666,0.01447276743873865,0.013220798917441906
1.2,0.3375,0.014340954411083707,0.0131052209901593
1.2,0.3458333333333333,0.014210365884067492,0.012990643442885235
1.2,0.3541666666666667,0.014080992163950375,0.01287705907193842
1.2,0.3625,0.013952823640346402,0.012764460727448022
1.2,0.37083333333333335,0.01382585079391669,0.01265284132132724
1.2,0.37916666666666665,0.013700064199355383,0.0125421938305366
1.2,0.3875,0.013575454524930442,0.01243251129689929
1.2,0.3958333333333333,0.013452012529747474,0.012323786824636725
1.2,0.4041666666666667,0.013329729059724642,0.01221601357661263
1.2,0.4125,0.013208595043050728,0.012109184770057412
1.2,0.42083333333333334,0.01308860148568195,0.012003293672328635
1.2,0.42916666666666664,0.012969739467238787,0.011898333597068928
1.2,0.4375,0.012852000137502727,0.011794297900961022
1.2,0.44583333333333336,0.012735374713588756,0.011691179981156053
1.2,0.45416666666666666,0.01261985447778094,0.01158897327336234
1.2,0.4625,0.01250543077596195,0.01148767125052545
1.2,0.4708333333333333,0.012392095016536184,0.011387267421999425
1.2,0.4791666666666667,0.012279838669735185,0.011287755333097706
1.2,0.4875,0.012168653267196449,0.01118912856491499
1.2,0.49583333333333335,0.012058530401718559,0.011091380734322908
1.2,0.5041666666666667,0.011949461727111508,0.010994505494058433
1.2,0.5125,0.011841438958079608,0.010898496532842434
1.2,0.5208333333333334,0.011734453870091456,0.010803347575482876
1.2,0.5291666666666667,0.011628498299207648,0.010709052382933374
1.2,0.5375,0.01152356414184978,0.010615604752290736
1.2,0.5458333333333333,0.011419643354504863,0.010522998516725368
1.2,0.5541666666666667,0.011316727953366591,0.010431227545346401
1.2,0.5625,0.011214810013920027,0.010340285743007792
1.2,0.5708333333333333,0.011113881670479235,0.010250167050065173
1.2,0.5791666666666667,0.011013935115688538,0.010160865442093985
1.2,0.5875,0.010914962599998069,0.010072374929579664
1.2,0.5958333333333333,0.010816956431123573,0.009984689557589882
1.2,0.6041666666666666,0.010719908973498843,0.009897803405437156
1.2,0.6125,0.010623812647727687,0.009811710586338836
1.2,0.6208333333333333,0.010528659930040816,0.009726405247079762
1.2,0.6291666666666667,0.010434443351761033,0.009641881567681214
1.2,0.6375,0.010341155498779361,0.009558133761078478
1.2,0.6458333333333334,0.010248789011043024,0.009475156072808246
1.2,0.6541666666666667,0.01015733658205576,0.009392942780706293
1.2,0.6625,0.01006679095838998,0.009311488194614815
1.2,0.6708333333333333,0.00997714493921002,0.009230786656098791
1.2,0.6791666666666667,0.009888391375805416,0.00915083253817042
1.2,0.6875,0.009800523171133025,0.00907162024502035
1.2,0.6958333333333333,0.009713533279366988,0.008993144211754601
1.2,0.7041666666666667,0.009627414705455188,0.008915398904136155
1.2,0.7125,0.009542160504681494,0.008838378818330248
1.2,0.7208333333333333,0.009457763782232875,0.008762078480652618
1.2,0.7291666666666666,0.009374217692770788,0.00868649244732012
1.2,0.7375,0.009291515440006455,0.00861161530420316
1.2,0.7458333333333333,0.009209650276279551,0.008537441666579788
1.2,0.7541666666666667,0.009128615502140246,0.008463966178891159
1.2,0.7625,0.009048404465934414,0.008391183514498277
1.2,0.7708333333333334,0.008969010563392008,0.008319088375440108
1.2,0.7791666666666667,0.008890427237218626,0.00824767549219301
1.2,0.7875,0.00881264797669037,0.00817693962343155
1.2,0.7958333333333333,0.008735666317252056,0.008106875555790944
1.2,0.8041666666666667,0.008659475840118808,0.008037478103631077
1.2,0.8125,0.008584070171881258,0.007968742108802288
1.2,0.8208333333333333,0.008509442984114346,0.007900662440413016
1.2,0.8291666666666667,0.00843558799298974,0.00783323399459934
1.2,0.8375,0.008362498958892059,0.007766451694296534
1.2,0.8458333333333333,0.008290169686038825,0.007700310489012624
1.2,0.8541666666666666,0.008218594022104205,0.007634805354604075
1.2,0.8625,0.008147765857846512,0.0075699312930535105
1.2,0.8708333333333333,0.008077679126739533,0.007505683332249558
1.2,0.8791666666666667,0.008008327804607515,0.007442056525768711
1.2,0.8875,0.007939705909263992,0.007379045952659345
1.2,0.8958333333333334,0.007871807500154152,0.007316646717227739
1.2,0.9041666666666667,0.0078046266780010054,0.007254853948826085
1.2,0.9125,0.007738157584455028,0.007193662801642537
1.2,0.9208333333333333,0.007672394401747413,0.007133068454493221
1.2,0.9291666666666667,0.00760733135234687,0.007073066110616099
1.2,0.9375,0.007542962698619836,0.007013650997466852
1.2,0.9458333333333333,0.0074792827424941715,0.006954818366516528
1.2,0.9541666666666667,0.007416285825126223,0.006896563493051142
1.2,0.9625,0.007353966326571232,0.0068388816759730004
1.2,0.9708333333333333,0.007292318665457137,0.00678176823760389
1.2,0.9791666666666666,0.0072313372986615426,0.0067252185234900445
1.2,0.9875,0.007171016720992054,0.006669227902208818
1.2,0.9958333333333333,0.007111351464869785,0.006613791765177229
1.4000000000000001,0.004166666666666667,0.02122556148148303,0.01852268596251796
1.4000000000000001,0.0125,0.021094539790635133,0.018424821540033998
1.4000000000000001,0.020833333333333332,0.020912841085416363,0.018275878415139727
1.4000000000000001,0.029166666666666667,0.020719009931806115,0.01811440545333411
1.4000000000000001,0.0375,0.020527055487763266,0.01795441606631961
1.4000000000000001,0.04583333333333333,0.020340424385590666,0.017799361094739008
1.4000000000000001,0.05416666666666667,0.02015869560933674,0.01764882368600787
1.4000000000000001,0.0625,0.019980515279919318,0.01750145407987693
1.4000000000000001,0.07083333333333333,0.01980469475153164,0.01735606770527043
1.4000000000000001,0.07916666666666666,0.019630483946110278,0.017211918515175204
1.4000000000000001,0.0875,0.019457525191523804,0.017068652825242208
1.4000000000000001,0.09583333333333334,0.01928572105586537,0.01692617714848532
1.4000000000000001,0.10416666666666667,0.019115110707588562,0.016784534555818957
1.4000000000000001,0.1125,0.018945783051254543,0.016643817812203164
1.4000000000000001,0.12083333333333333,0.018777826703136182,0.016504119352642208
1.4000000000000001,0.12916666666666668,0.018611307463211057,0.01636550875456932
1.4000000000000001,0.1375,0.01844626293021472,0.016228027353288033
1.4000000000000001,0.14583333333333334,0.01828270600674472,0.016091691747460824
1.4000000000000001,0.15416666666666667,0.018120631768646464,0.015956500668876356
1.4000000000000001,0.1625,0.017960024518732447,0.01582244203654588
1.4000000000000001,0.17083333333333334,0.01780086352605891,0.01568949869635383
1.4000000000000001,0.17916666666666667,0.017643127003969084,0.01555765239947126
1.4000000000000001,0.1875,0.017486794448637197,0.015426886141266333
1.4000000000000001,0.19583333333333333,0.017331847702987218,0.015297185225585893
1.4000000000000001,0.20416666666666666,0.017178271159898454,0.015168537468320495
1.4000000000000001,0.2125,0.01702605146819224,0.01504093290374696
1.4000000000000001,0.22083333333333333,0.01687517701613422,0.014914363268383109
1.4000000000000001,0.22916666666666666,0.016725637375261317,0.014788821445163703
1.4000000000000001,0.2375,0.01657742280946188,0.014664300972866322
1.4000000000000001,0.24583333333333332,0.016430523896339384,0.014540795667817307
1.4000000000000001,0.25416666666666665,0.016284931269592504,0.014418299366610949
1.4000000000000001,0.2625,0.016140635469099017,0.014296805776528995
1.4000000000000001,0.2708333333333333,0.015997626875326507,0.014176308410283937
1.4000000000000001,0.2791666666666667,0.01585589570256392,0.014056800579579722
1.4000000000000001,0.2875,0.015715432027952468,0.013938275424468828
1.4000000000000001,0.29583333333333334,0.015576225837953806,0.013820725960143101
1.4000000000000001,0.30416666666666664,0.015438267079097635,0.013704145128001366
1.4000000000000001,0.3125,0.015301545704641527,0.013588525842625633
1.4000000000000001,0.32083333333333336,0.015166051712677141,0.013473861030200936
1.4000000000000001,0.32916666666666666,0.015031775174092356,0.013360143656787863
1.4000000000000001,0.3375,0.01489870625070342,0.013247366746762137
1.4000000000000001,0.3458333333333333,0.014766835204966964,0.013135523392831064
1.4000000000000001,0.3541666666666667,0.014636152403164591,0.013024606759519509
1.4000000000000001,0.3625,0.014506648314013281,0.012914610082078731
1.4000000000000001,0.37083333333333335,0.014378313504456584,0.012805526662573142
1.4000000000000001,0.37916666666666665,0.014251138634062847,0.01269734986457117
1.4000000000000001,0.3875,0.014125114449087754,0.01259007310749757
1.4000000000000001,0.3958333333333333,0.01400023177690794,0.01248368986135381
1.4000000000000001,0.4041666666666667,0.013876481521234484,0.01237819364221576
1.4000000000000001,0.4125,0.013753854658282648,0.012273578008684645
1.4000000000000001,0.42083333333333334,0.013632342233908096,0.012169836559301688
1.4000000000000001,0.42916666666666664,0.013511935361613872,0.012066962930830939
1.4000000000000001,0.4375,0.013392625221275075,0.011964950797256818
1.4000000000000001,0.44583333333333336,0.013274403058407767,0.011863793869323399
1.4000000000000001,0.45416666666666666,0.01315726018381347,0.011763485894446436
1.4000000000000001,0.4625,0.013041187973451268,0.01166402065685051
1.4000000000000001,0.4708333333333333,0.012926177868417944,0.011565391977811404
1.4000000000000001,0.4791666666666667,0.012812221374946847,0.011467593715914685
1.4000000000000001,0.4875,0.012699310064364994,0.011370619767269935
1.4000000000000001,0.49583333333333335,0.012587435572972837,0.011274464065645045
1.4000000000000001,0.5041666666666667,0.012476589601830491,0.011179120582504443
1.4000000000000001,0.5125,0.012366763916449265,0.011084583326950101
1.4000000000000001,0.5208333333333334,0.012257950346396587,0.010990846345573404
1.4000000000000001,0.5291666666666667,0.012150140784828638,0.010897903722232306
1.4000000000000001,0.5375,0.012043327187967093,0.010805749577770165
1.4000000000000001,0.5458333333333333,0.011937501574536819,0.010714378069692967
1.4000000000000001,0.5541666666666667,0.011832656025179833,0.010623783391820487
1.4000000000000001,0.5625,0.011728782681858311,0.01053395977392411
1.4000000000000001,0.5708333333333333,0.01162587374725713,0.0104449014813618
1.4000000000000001,0.5791666666666667,0.01152392148419326,0.010356602814717572
1.4000000000000001,0.5875,0.011422918215036985,0.01026905810945042
1.4000000000000001,0.5958333333333333,0.011322856321147793,0.010182261735555673
1.4000000000000001,0.6041666666666666,0.011223728242325951,0.010096208097239715
1.4000000000000001,0.6125,0.011125526476279646,0.010010891632607962
1.4000000000000001,0.6208333333333333,0.011028243578106646,0.009926306813365163
1.4000000000000001,0.6291666666666667,0.01093187215978882,0.009842448144526329
1.4000000000000001,0.6375,0.01083640488969794,0.00975931016413667
1.4000000000000001,0.6458333333333334,0.010741834492110781,0.009676887442998707
1.4000000000000001,0.6541666666666667,0.010648153746732043,0.00959517458440501
1.4000000000000001,0.6625,0.010555355488223497,0.009514166223875
1.4000000000000001,0.6708333333333333,0.010463432605738331,0.009433857028894753
1.4000000000000001,0.6791666666666667,0.010372378042459678,0.009354241698659003
1.4000000000000001,0.6875,0.010282184795142764,0.009275314963814592
1.4000000000000001,0.6958333333333333,0.010192845913660329,0.009197071586205063
1.4000000000000001,0.7041666666666667,0.010104354500550954,0.00911950635861617
1.4000000000000001,0.7125,0.010016703710570363,0.009042614104522294
1.4000000000000001,0.7208333333333333,0.009929886750245651,0.008966389677833737
1.4000000000000001,0.7291666666666666,0.00984389687743256,0.008890827962645117
1.4000000000000001,0.7375,0.00975872740087604,0.008815923872984936
1.4000000000000001,0.7458333333333333,0.009674371679774077,0.008741672352566593
1.4000000000000001,0.7541666666666667,0.009590823123345143,0.00866806837454093
1.4000000000000001,0.7625,0.009508075190399264,0.0085951069412505
1.4000000000000001,0.7708333333333334,0.009426121388912872,0.008522783083985713
1.4000000000000001,0.7791666666666667,0.009344955275607511,0.008451091862742961
1.4000000000000001,0.7875,0.009264570455532521,0.00838002836598467
1.4000000000000001,0.7958333333333333,0.009184960581651668,0.008309587710401606
1.4000000000000001,0.8041666666666667,0.009106119354433697,0.008239765040677149
1.4000000000000001,0.8125,0.009028040521446894,0.008170555529253772
1.4000000000000001,0.8208333333333333,0.008950717876957595,0.008101954376101563
1.4000000000000001,0.8291666666666667,0.008874145261532502,0.008033956808488866
1.4000000000000001,0.8375,0.008798316561644964,0.007966558080754959
1.4000000000000001,0.8458333333333333,0.00872322570928496,0.007899753474084734
1.4000000000000001,0.8541666666666666,0.008648866681572902,0.007833538296285407
1.4000000000000001,0.8625,0.008575233500377056,0.0077679078815651136
1.4000000000000001,0.8708333333333333,0.008502320231934696,0.00770285759031345
1.4000000000000001,0.8791666666666667,0.008430120986476762,0.007638382808883812
1.4000000000000001,0.8875,0.008358629917856152,0.007574478949377706
1.4000000000000001,0.8958333333333334,0.008287841223179422,0.007511141449430768
1.4000000000000001,0.9041666666666667,0.008217749142442115,0.0074483657720006155
1.4000000000000001,0.9125,0.008148347958167344,0.007386147405156477
1.4000000000000001,0.9208333333333333,0.008079631995047907,0.007324481861870581
1.4000000000000001,0.9291666666666667,0.008011595619591754,0.007263364679811222
1.4000000000000001,0.9375,0.007944233239770766,0.0072027914211376595
1.4000000000000001,0.9458333333333333,0.007877539304672892,0.007142757672296644
1.4000000000000001,0.9541666666666667,0.00781150830415756,0.007083259043820655
1.4000000000000001,0.9625,0.00774613476851437,0.007024291170127877
1.4000000000000001,0.9708333333333333,0.007681413268125062,0.006965849709323782
1.4000000000000001,0.9791666666666666,0.00761733841312863,0.006907930343004451
1.4000000000000001,0.9875,0.007553904853089707,0.006850528776061469
1.4000000000000001,0.9958333333333333,0.007491107276670113,0.00679364073648861
1.6,0.004166666666666667,0.021661240975252617,0.018317808707988537
1.6,0.0125,0.021524517131932368,0.01822010261088679
1.6,0.020833333333333332,0.02133934553974307,0.01807349546661439
1.6,0.029166666666666667,0.02114471248396357,0.017916978245225073
1.6,0.0375,0.02095334923573187,0.01776328685411918
1.6,0.04583333333333333,0.020767564219186633,0.01761473430558614
1.6,0.05416666666666667,0.020586337612676985,0.017470305318469135
1.6,0.0625,0.020408155738635508,0.017328490708496423
1.6,0.07083333333333333,0.020231910227885477,0.017188186553038776
1.6,0.07916666666666666,0.02005701282307821,0.017048808994985776
1.6,0.0875,0.019883257901122723,0.016910156765606463
1.6,0.09583333333333334,0.019710653189747348,0.01677224190153595
1.6,0.10416666666666667,0.019539292029202137,0.01663516200689866
1.6,0.1125,0.019369277804537108,0.01649902468600388
1.6,0.12083333333333333,0.019200689247591288,0.0163639128457484
1.6,0.12916666666666668,0.019033571360118406,0.016229875619152897
1.6,0.1375,0.018867939426945413,0.01609693237892734
1.6,0.14583333333333334,0.01870378780490563,0.015965081526807146
1.6,0.15416666666666667,0.01854109885157465,0.015834309422688746
1.6,0.1625,0.018379849940691112,0.01570459740044554
1.6,0.17083333333333334,0.0182200180627656,0.015575926368928687
1.6,0.17916666666666667,0.01806158229306481,0.015448279280339079
1.6,0.1875,0.01790452469983612,0.015321642038836231
1.6,0.19583333333333333,0.01774883028162059,0.0151960034382315
1.6,0.20416666666666666,0.017594486412915514,0.015071354608027603
1.6,0.2125,0.017441482132234214,0.014947688301851569
1.6,0.22083333333333333,0.017289807472698936,0.014824998228417296
1.6,0.22916666666666666,0.01713945293185951,0.014703278521710326
1.6,0.2375,0.016990409107674853,0.014582523377332042
1.6,0.24583333333333332,0.016842666486926918,0.014462726841272717
1.6,0.25416666666666665,0.01669621535337206,0.014343882718418717
1.6,0.2625,0.016551045778285974,0.0142259845634497
1.6,0.2708333333333333,0.016407147659605128,0.014109025720329144
1.6,0.2791666666666667,0.016264510783154152,0.013992999383877195
1.6,0.2875,0.016123124887568577,0.013877898665035882
1.6,0.29583333333333334,0.015982979721834798,0.013763716648747914
1.6,0.30416666666666664,0.01584406509012513,0.01365044643912766
1.6,0.3125,0.01570637088264887,0.013538081190644634
1.6,0.32083333333333336,0.015569887093735421,0.013426614126535985
1.6,0.32916666666666666,0.015434603829634384,0.013316038546932656
1.6,0.3375,0.015300511308911214,0.013206347829578108
1.6,0.3458333333333333,0.015167599858155904,0.013097535425856918
1.6,0.3541666666666667,0.015035859905263542,0.012989594854391997
1.6,0.3625,0.014905281971974873,0.012882519693898968
1.6,0.37083333333333335,0.014775856666804855,0.012776303576425391
1.6,0.37916666666666665,0.01464757467900563,0.012670940181621418
1.6,0.3875,0.014520426773837102,0.012566423232315107
1.6,0.3958333333333333,0.014394403789156579,0.012462746491403665
1.6,0.4041666666666667,0.014269496633177147,0.012359903759910803
1.6,0.4125,0.014145696283162887,0.012257888875977743
1.6,0.42083333333333334,0.0140229937848055,0.012156695714532874
1.6,0.42916666666666664,0.013901380252042558,0.012056318187400277
1.6,0.4375,0.013780846867114959,0.011956750243644378
1.6,0.44583333333333336,0.013661384880707601,0.011857985869995284
1.6,0.45416666666666666,0.013542985612064403,0.011760019091245473
1.6,0.4625,0.013425640449010772,0.011662843970551324
1.6,0.4708333333333333,0.013309340847850636,0.011566454609606395
1.6,0.4791666666666667,0.013194078333130653,0.011470845148679168
1.6,0.4875,0.013079844497281133,0.011376009766524949
1.6,0.49583333333333335,0.012966631000153741,0.011281942680191706
1.6,0.5041666666666667,0.012854429568479753,0.011188638144743968
1.6,0.5125,0.012743231995273725,0.011096090452929414
1.6,0.5208333333333334,0.012633030139204564,0.011004293934810377
1.6,0.5291666666666667,0.012523815923952806,0.010913242957378905
1.6,0.5375,0.012415581337568055,0.010822931924169523
1.6,0.5458333333333333,0.012308318431836676,0.010733355274879636
1.6,0.5541666666666667,0.012202019321665881,0.010644507485003863
1.6,0.5625,0.012096676184487041,0.010556383065485118
1.6,0.5708333333333333,0.011992281259679114,0.010468976562383374
1.6,0.5791666666666667,0.011888826848011017,0.010382282556560905
1.6,0.5875,0.011786305311100984,0.010296295663382082
1.6,0.5958333333333333,0.011684709070890354,0.010211010532425253
1.6,0.6041666666666666,0.011584030609129214,0.010126421847204118
1.6,0.6125,0.011484262466871427,0.010042524324896013
1.6,0.6208333333333333,0.011385397243976952,0.009959312716075312
1.6,0.6291666666666667,0.011287427598619615,0.009876781804449886
1.6,0.6375,0.011190346246799255,0.009794926406599657
1.6,0.6458333333333334,0.011094145961857177,0.009713741371716182
1.6,0.6541666666666667,0.010998819573994567,0.009633221581342978
1.6,0.6625,0.010904359969793461,0.009553361949116134
1.6,0.6708333333333333,0.010810760091740288,0.009474157420505282
1.6,0.6791666666666667,0.010718012937752196,0.009395602972555189
1.6,0.6875,0.010626111560706187,0.009317693613628004
1.6,0.6958333333333333,0.010535049067971506,0.009240424383146493
1.6,0.7041666666666667,0.01044481862094532,0.009163790351338574
1.6,0.7125,0.01035541343459211,0.00908778661898333
1.6,0.7208333333333333,0.010266826776986832,0.009012408317158709
1.6,0.7291666666666666,0.01017905196886201,0.008937650606991211
1.6,0.7375,0.010092082383159014,0.00886350867940744
1.6,0.7458333333333333,0.010005911444583376,0.008789977754887908
1.6,0.7541666666666667,0.009920532629164308,0.008717053083222827
1.6,0.7625,0.009835939463818394,0.008644729943270143
1.6,0.7708333333333334,0.009752125525917364,0.008573003642715684
1.6,0.7791666666666667,0.009669084442860012,0.008501869517835426
1.6,0.7875,0.009586809891648087,0.00843132293325976
1.6,0.7958333333333333,0.009505295598466235,0.00836135928173989
1.6,0.8041666666666667,0.00942453533826573,0.008291973983916123
1.6,0.8125,0.00934452293435212,0.008223162488088147
1.6,0.8208333333333333,0.00926525225797667,0.00815492026998713
1.6,0.8291666666666667,0.009186717227931422,0.008087242832549723
1.6,0.8375,0.009108911810148073,0.00802012570569387
1.6,0.8458333333333333,0.009031830017300395,0.007953564446096358
1.6,0.8541666666666666,0.008955465908410268,0.0078875546369722
1.6,0.8625,0.008879813588457264,0.007822091887855718
1.6,0.8708333333333333,0.008804867207991791,0.007757171834383359
1.6,0.8791666666666667,0.00873062096275166,0.0076927901380781745
1.6,0.8875,0.008657069093282206,0.007628942486136109
1.6,0.8958333333333334,0.008584205884559751,0.007565624591213884
1.6,0.9041666666666667,0.00851202566561863,0.007502832191218587
1.6,0.9125,0.008440522809181441,0.007440561049098941
1.6,0.9208333333333333,0.00836969173129276,0.007378806952638223
1.6,0.9291666666666667,0.008299526890956224,0.007317565714248814
1.6,0.9375,0.008230022789774851,0.007256833170768422
1.6,0.9458333333333333,0.008161173971594706,0.0071966051832579245
1.6,0.9541666666666667,0.008092975022151826,0.0071368776368007794
1.6,0.9625,0.008025420568722363,0.007077646440304118
1.6,0.9708333333333333,0.007958505279776025,0.0070189075263013476
1.6,0.9791666666666666,0.007892223864632586,0.006960656850756409
1.6,0.9875,0.007826571073121642,0.006902890392869509
1.6,0.9958333333333333,0.007761541695245481,0.006845604154884562
1.8,0.004166666666666667,0.02198795380202625,0.01798754706899814
1.8,0.0125,0.021846128871671516,0.017890526530663746
1.8,0.020833333333333332,0.02165811416924951,0.017746813641463844
1.8,0.029166666666666667,0.0214629654951449,0.017595469254292055
1.8,0.0375,0.02127211229848692,0.01744792781964516
1.8,0.04583333333333333,0.02108686938795552,0.01730550909685767
1.8,0.05416666666666667,0.020905783225155374,0.017166764447953353
1.8,0.0625,0.020727294593608753,0.01703013950711548
1.8,0.07083333333333333,0.02055042504678963,0.016894660629188957
1.8,0.07916666666666666,0.02037474816863021,0.016759906150643322
1.8,0.0875,0.020200183485621612,0.01662580030212272
1.8,0.09583333333333334,0.020026809384306253,0.016492426126381937
1.8,0.10416666666666667,0.01985474343714634,0.01635990580459459
1.8,0.1125,0.019684083469110672,0.01622834172337617
1.8,0.12083333333333333,0.019514888686644836,0.01609779760418658
1.8,0.12916666666666668,0.01934718191061026,0.015968300736698433
1.8,0.1375,0.01918095993889555,0.015839852341833487
1.8,0.14583333333333334,0.019016204758641936,0.015712438784409154
1.8,0.15416666666666667,0.018852892390739902,0.01558604041805264
1.8,0.1625,0.018690998567429784,0.015460637263214411
1.8,0.17083333333333334,0.01853050163295108,0.01533621190822698
1.8,0.17916666666666667,0.0183713834728245,0.015212750438992182
1.8,0.1875,0.01821362927828023,0.015090242203811131
1.8,0.19583333333333333,0.018057226776843835,0.014968679044367567
1.8,0.20416666666666666,0.01790216534555754,0.014848054409343161
1.8,0.2125,0.01774843523647803,0.014728362580305554
1.8,0.22083333333333333,0.017596027008220688,0.014609598103639094
1.8,0.22916666666666666,0.01744493117241519,0.014491755437383343
1.8,0.2375,0.01729513801988022,0.01437482877778712
1.8,0.24583333333333332,0.017146637575493662,0.01425881201455428
1.8,0.25416666666666665,0.016999419631801734,0.014143698764825111
1.8,0.2625,0.016853473820786884,0.014029482445312748
1.8,0.2708333333333333,0.016708789695173802,0.013916156353974418
1.8,0.2791666666666667,0.01656535680188948,0.013803713743833016
1.8,0.2875,0.01642316473924897,0.013692147880521218
1.8,0.29583333333333334,0.016282203195705995,0.013581452081386731
1.8,0.30416666666666664,0.016142461971813234,0.013471619737804242
1.8,0.3125,0.016003930988905474,0.013362644324206497
1.8,0.32083333333333336,0.01586660028853116,0.013254519397860695
1.8,0.32916666666666666,0.015730460026344335,0.01314723859310188
1.8,0.3375,0.015595500463440307,0.013040795613006887
1.8,0.3458333333333333,0.015461711957263853,0.012935184220637594
1.8,0.3541666666666667,0.01532908495341822,0.012830398231181622
1.8,0.3625,0.015197609979046517,0.012726431505662442
1.8,0.37083333333333335,0.015067277637977513,0.012623277946410655
1.8,0.37916666666666665,0.014938078607516624,0.012520931494177386
1.8,0.3875,0.01481000363659313,0.012419386126600835
1.8,0.3958333333333333,0.014683043544910502,0.012318635857672677
1.8,0.4041666666666667,0.014557189222754263,0.012218674737859305
1.8,0.4125,0.01443243163116092,0.012119496854580842
1.8,0.42083333333333334,0.014308761802218765,0.012021096332819189
1.8,0.42916666666666664,0.014186170839341634,0.011923467335696124
1.8,0.4375,0.01406464991741974,0.011826604064925311
1.8,0.44583333333333336,0.013944190282802254,0.011730500761093457
1.8,0.45416666666666666,0.013824783253103566,0.011635151703762009
1.8,0.4625,0.013706420216849298,0.011540551211405957
1.8,0.4708333333333333,0.013589092632991476,0.011446693641218834
1.8,0.4791666666666667,0.013472792030327311,0.011353573388818526
1.8,0.4875,0.013357510006854983,0.011261184887887458
1.8,0.49583333333333335,0.013243238229096194,0.011169522609776578
1.8,0.5041666666666667,0.013129968431408262,0.01107858106309635
1.8,0.5125,0.01301769241530305,0.010988354793311693
1.8,0.5208333333333334,0.012906402048783074,0.010898838382351608
1.8,0.5291666666666667,0.012796089265700967,0.010810026448239318
1.8,0.5375,0.012686746065143816,0.010721913644744828
1.8,0.5458333333333333,0.01257836451084162,0.010634494661058841
1.8,0.5541666666666667,0.012470936730597282,0.010547764221485694
1.8,0.5625,0.012364454915734555,0.010461717085151643
1.8,0.5708333333333333,0.012258911320560437,0.010376348045725115
1.8,0.5791666666666667,0.012154298261838514,0.010291651931145347
1.8,0.5875,0.01205060811827034,0.010207623603356522
1.8,0.5958333333333333,0.011947833329982553,0.010124257958045224
1.8,0.6041666666666666,0.011845966398017996,0.010041549924379486
1.8,0.6125,0.011744999883829889,0.009959494464748257
1.8,0.6208333333333333,0.011644926408778341,0.009878086574501031
1.8,0.6291666666666667,0.011545738653628967,0.009797321281687048
1.8,0.6375,0.011447429358053797,0.00971719364679445
1.8,0.6458333333333334,0.011349991320134568,0.009637698762489483
1.8,0.6541666666666667,0.011253417395868931,0.009558831753356258
1.8,0.6625,0.011157700498679729,0.009480587775637265
1.8,0.6708333333333333,0.011062833598927718,0.009402962016975068
1.8,0.6791666666666667,0.010968809723428232,0.009325949696155687
1.8,0.6875,0.01087562195497175,0.009249546062853584
1.8,0.6958333333333333,0.010783263431848763,0.0091737463973787
1.8,0.7041666666666667,0.010691727347378875,0.009098546010425618
1.8,0.7125,0.010601006949444297,0.009023940242824833
1.8,0.7208333333333333,0.010511095540027748,0.008949924465296195
1.8,0.7291666666666666,0.010421986474754568,0.008876494078204665
1.8,0.7375,0.010333673162439251,0.008803644511317994
1.8,0.7458333333333333,0.010246149064636093,0.008731371223566733
1.8,0.7541666666666667,0.010159407695194,0.008659669702806051
1.8,0.7625,0.010073442619815359,0.008588535465579677
1.8,0.7708333333333334,0.009988247455618856,0.008517964056885678
1.8,0.7791666666666667,0.009903815870706247,0.008447951049944157
1.8,0.7875,0.00982014158373292,0.008378492045966681
1.8,0.7958333333333333,0.00973721836348233,0.008309582673927594
1.8,0.8041666666666667,0.00965504002844409,0.00824121859033699
1.8,0.8125,0.009573600446395828,0.008173395479015482
1.8,0.8208333333333333,0.009492893533988696,0.008106109050870633
1.8,0.8291666666666667,0.009412913256336494,0.008039355043675082
1.8,0.8375,0.009333653626608426,0.007973129221846408
1.8,0.8458333333333333,0.009255108705625487,0.007907427376228586
1.8,0.8541666666666666,0.009177272601460331,0.007842245323875166
1.8,0.8625,0.009100139469040697,0.0077775789078341016
1.8,0.8708333333333333,0.00902370350975638,0.007713423996934233
1.8,0.8791666666666667,0.00894795897106963,0.007649776485573312
1.8,0.8875,0.00887290014612912,0.007586632293507829
1.8,0.8958333333333334,0.008798521373387177,0.007523987365644332
1.8,0.9041666666666667,0.00872481703622062,0.007461837671832393
1.8,0.9125,0.008651781562554833,0.007400179206659165
1.8,0.9208333333333333,0.008579409424491242,0.007339007989245563
1.8,0.9291666666666667,0.008507695137938184,0.007278320063043936
1.8,0.9375,0.008436633262244971,0.007218111495637393
1.8,0.9458333333333333,0.008366218399839264,0.007158378378540639
1.8,0.9541666666666667,0.00829644519586776,0.007099116827002293
1.8,0.9625,0.008227308337839977,0.007040322979808831
1.8,0.9708333333333333,0.008158802555275367,0.006981992999089924
1.8,0.9791666666666666,0.00809092261935345,0.0069241230701253655
1.8,0.9875,0.0080236633425672,0.006866709401153395
1.8,0.9958333333333333,0.007957019578379463,0.00680974822318062
2.0,0.004166666666666667,0.022240253002023865,0.017575337172926007
2.0,0.0125,0.022093821638727848,0.017479393334082795
2.0,0.020833333333333332,0.021903437960828206,0.017338947489086976
2.0,0.029166666666666667,0.021707943014286475,0.0171928460886767
2.0,0.0375,0.02151748263291353,0.017051240317763942
2.0,0.04583333333333333,0.021332518781358563,0.016914597438878003
2.0,0.05416666666666667,0.021151299418426275,0.01678117065598181
2.0,0.0625,0.02097229893904302,0.016649439556933744
2.0,0.07083333333333333,0.02079469143987758,0.016518583379593773
2.0,0.07916666666666666,0.020618198308738636,0.01638832860169498
2.0,0.0875,0.02044283514524367,0.01625869586197966
2.0,0.09583333333333334,0.020268722241354942,0.01612981044119735
2.0,0.10416666666666667,0.02009598071890668,0.01600179840009023
2.0,0.1125,0.019924692067726874,0.01587474611796956
2.0,0.12083333333333333,0.019754893499446917,0.015748695646975886
2.0,0.12916666666666668,0.019586588552630332,0.015623655317654958
2.0,0.1375,0.019419760902177598,0.015499613548805422
2.0,0.14583333333333334,0.019254385802559625,0.015376550291150922
2.0,0.15416666666666667,0.019090437541759125,0.015254444481716398
2.0,0.1625,0.01892789324920635,0.015133277852193863
2.0,0.17083333333333334,0.018766734108991132,0.015013036142581168
2.0,0.17916666666666667,0.018606945067276854,0.014893708809018186
2.0,0.1875,0.018448513880049748,0.014775288071954709
2.0,0.19583333333333333,0.018291430044830994,0.014657767848276831
2.0,0.20416666666666666,0.018135683901145956,0.014541142852186916
2.0,0.2125,0.017981266002572157,0.014425407967658422
2.0,0.22083333333333333,0.017828166755275352,0.014310557887374864
2.0,0.22916666666666666,0.017676376266911906,0.014196586962031448
2.0,0.2375,0.01752588433597424,0.014083489190076116
2.0,0.24583333333333332,0.017376680518454573,0.01397125828476492
2.0,0.25416666666666665,0.017228754224210746,0.013859887770916075
2.0,0.2625,0.01708209481228224,0.01374937108061035
2.0,0.2708333333333333,0.016936691668799603,0.01363970163148148
2.0,0.2791666666666667,0.016792534261643035,0.01353087288175187
2.0,0.2875,0.016649612172631573,0.013422878362795609
2.0,0.29583333333333334,0.01650791511146164,0.01331571169344712
2.0,0.30416666666666664,0.01636743291677324,0.013209366581434191
2.0,0.3125,0.016228155549471317,0.013103836817062564
2.0,0.32083333333333336,0.016090073082457634,0.012999116263307553
2.0,0.32916666666666666,0.01595317568972173,0.012895198845261555
2.0,0.3375,0.01581745363659705,0.012792078540743221
2.0,0.3458333333333333,0.015682897272058613,0.012689749372944866
2.0,0.3541666666666667,0.015549497023273847,0.0125882054053297
2.0,0.3625,0.015417243392201952,0.012487440738574402
2.0,0.37083333333333335,0.015286126953825441,0.012387449509140515
2.0,0.37916666666666665,0.0151561383555335,0.012288225888994574
2.0,0.3875,0.015027268317207979,0.012189764086027566
2.0,0.3958333333333333,0.014899507631643574,0.012092058344805375
2.0,0.4041666666666667,0.014772847165033695,0.011995102947381936
2.0,0.4125,0.014647277857349617,0.01189889221400244
2.0,0.42083333333333334,0.01452279072252191,0.011803420503605761
2.0,0.42916666666666664,0.014399376848394372,0.011708682214096438
2.0,0.4375,0.014277027396462258,0.011614671782397688
2.0,0.44583333333333336,0.014155733601430093,0.011521383684321245
2.0,0.45416666666666666,0.014035486770634582,0.011428812434299203
2.0,0.4625,0.013916278283378741,0.011336952585024153
2.0,0.4708333333333333,0.01379809959021781,0.011245798727038172
2.0,0.4791666666666667,0.013680942212229177,0.011155345488302866
2.0,0.4875,0.013564797740289071,0.011065587533773551
2.0,0.49583333333333335,0.013449657834371026,0.01097651956499202
2.0,0.5041666666666667,0.013335514222872859,0.010888136319705253
2.0,0.5125,0.01322235870197457,0.01080043257151211
2.0,0.5208333333333334,0.013110183135025082,0.010713403129536236
2.0,0.5291666666666667,0.012998979451954381,0.01062704283812139
2.0,0.5375,0.012888739648705846,0.010541346576544543
2.0,0.5458333333333333,0.012779455786684234,0.010456309258741626
2.0,0.5541666666666667,0.012671119992214746,0.010371925833041905
2.0,0.5625,0.012563724456009687,0.010288191281907187
2.0,0.5708333333333333,0.012457261432640124,0.010205100621673407
2.0,0.5791666666666667,0.012351723240010581,0.01012264890229269
2.0,0.5875,0.012247102258835872,0.010040831207074906
2.0,0.5958333333333333,0.012143390932119648,0.009959642652428389
2.0,0.6041666666666666,0.012040581764634524,0.009879078387599799
2.0,0.6125,0.011938667322404298,0.009799133594413307
2.0,0.6208333333333333,0.011837640232188492,0.009719803487009907
2.0,0.6291666666666667,0.011737493180969843,0.009641083311587008
2.0,0.6375,0.011638218915445173,0.009562968346139004
2.0,0.6458333333333334,0.011539810241520038,0.009485453900199241
2.0,0.6541666666666667,0.011442260023807601,0.009408535314583674
2.0,0.6625,0.011345561185131808,0.00933220796113653
2.0,0.6708333333333333,0.01124970670603496,0.009256467242478016
2.0,0.6791666666666667,0.01115468962429003,0.009181308591754396
2.0,0.6875,0.011060503034417454,0.009106727472390165
2.0,0.6958333333333333,0.010967140087206461,0.009032719377842464
2.0,0.7041666666666667,0.010874593989240866,0.008959279831357752
2.0,0.7125,0.010782858002429162,0.008886404385730488
2.0,0.7208333333333333,0.010691925443539033,0.00881408862306377
2.0,0.7291666666666666,0.010601789683735824,0.008742328154532153
2.0,0.7375,0.010512444148125317,0.008671118620146034
2.0,0.7458333333333333,0.010423882315300373,0.008600455688518137
2.0,0.7541666666666667,0.010336097716891588,0.008530335056631559
2.0,0.7625,0.010249083937121777,0.008460752449609692
2.0,0.7708333333333334,0.01016283461236438,0.008391703620487747
2.0,0.7791666666666667,0.010077343430705609,0.00832318434998607
2.0,0.7875,0.009992604131510367,0.008255190446285008
2.0,0.7958333333333333,0.00990861050499197,0.008187717744801547
2.0,0.8041666666666667,0.009825356391785505,0.008120762107967507
2.0,0.8125,0.00974283568252494,0.00805431942500947
2.0,0.8208333333333333,0.009661042317423856,0.007988385611730275
2.0,0.8291666666666667,0.009579970285859832,0.007922956610292162
2.0,0.8375,0.009499613625962465,0.00785802838900159
2.0,0.8458333333333333,0.009419966424205018,0.007793596942095592
2.0,0.8541666666666666,0.009341022814999577,0.007729658289529823
2.0,0.8625,0.00926277698029576,0.0076662084767681465
2.0,0.8708333333333333,0.009185223149182976,0.007603243574573843
2.0,0.8791666666666667,0.00910835559749611,0.007540759678802316
2.0,0.8875,0.009032168647424777,0.007478752910195497
2.0,0.8958333333333334,0.008956656667125813,0.007417219414177691
2.0,0.9041666666666667,0.008881814070339394,0.007356155360652979
2.0,0.9125,0.008807635316008337,0.007295556943804153
2.0,0.9208333333333333,0.008734114907900829,0.007235420381893208
2.0,0.9291666666666667,0.008661247394236496,0.007175741917063198
2.0,0.9375,0.00858902736731569,0.007116517815141737
2.0,0.9458333333333333,0.00851744946315204,0.007057744365445874
2.0,0.9541666666666667,0.008446508361108275,0.006999417880588433
2.0,0.9625,0.008376198783535222,0.006941534696285842
2.0,0.9708333333333333,0.008306515495413995,0.006884091171167319
2.0,0.9791666666666666,0.00823745330400129,0.006827083686585586
2.0,0.9875,0.008169007058477869,0.00677050864642887
2.0,0.9958333333333333,0.008101171649600062,0.006714362476934454
2.2,0.004166666666666667,0.02244183609834506,0.01711172348029369
2.2,0.0125,0.022291213211092117,0.017017147972227153
2.2,0.020833333333333332,0.02209882492118245,0.016880212266154417
2.2,0.029166666666666667,0.021903079785604445,0.016739330662111435
2.2,0.0375,0.02171288446172259,0.016603415504387115
2.2,0.04583333333333333,0.021527979267779235,0.016472212742504662
2.2,0.05416666666666667,0.021346422422611002,0.016343786171457365
2.2,0.0625,0.02116677465135469,0.016216702037927987
2.2,0.07083333333333333,0.020988367869592506,0.016090297724936226
2.2,0.07916666666666666,0.020811050818260984,0.01596442738723902
2.2,0.0875,0.020634908150037667,0.01583918103820199
2.2,0.09583333333333334,0.02046007990836129,0.015714704029299687
2.2,0.10416666666666667,0.020286677689846183,0.015591113213006224
2.2,0.1125,0.02011476216913511,0.015468474468120556
2.2,0.12083333333333333,0.01994435004725585,0.015346809648591319
2.2,0.12916666666666668,0.01977543005305589,0.015226112585416132
2.2,0.1375,0.01960797783144822,0.015106363975347462
2.2,0.14583333333333334,0.019441966164593483,0.014987541602530434
2.2,0.15416666666666667,0.019277370420074796,0.014869625787129533
2.2,0.1625,0.019114170469127462,0.014752601304005124
2.2,0.17083333333333334,0.018952350522009387,0.014636457218527315
2.2,0.17916666666666667,0.018791898037810225,0.014521185796823812
2.2,0.1875,0.01863280245396056,0.014406781235724215
2.2,0.19583333333333333,0.01847505412072665,0.014293238597685443
2.2,0.20416666666666666,0.01831864357467422,0.014180553084682383
2.2,0.2125,0.018163561139705707,0.014068719639668182
2.2,0.22083333333333333,0.01800979677902062,0.013957732798953465
2.2,0.22916666666666666,0.01785734010692643,0.013847586704432355
2.2,0.2375,0.017706180481669734,0.013738275196824976
2.2,0.24583333333333332,0.017556307122709704,0.013629791933358205
2.2,0.25416666666666665,0.017407709218340815,0.01352213049579209
2.2,0.2625,0.017260376007659648,0.013415284472786457
2.2,0.2708333333333333,0.017114296833225406,0.013309247512957707
2.2,0.2791666666666667,0.01696946116787007,0.01320401335208123
2.2,0.2875,0.016825858622208034,0.013099575820989952
2.2,0.29583333333333334,0.016683478939855546,0.012995928841178832
2.2,0.30416666666666664,0.016542311986372193,0.012893066414128039
2.2,0.3125,0.01640234773634902,0.012790982608768986
2.2,0.32083333333333336,0.016263576261441495,0.012689671549891705
2.2,0.32916666666666666,0.01612598772077731,0.0125891274089237
2.2,0.3375,0.015989572354171477,0.012489344397512486
2.2,0.3458333333333333,0.01585432047794956,0.012390316763712897
2.2,0.3541666666666667,0.015720222482855543,0.012292038790255526
2.2,0.3625,0.015587268833417574,0.012194504794269766
2.2,0.37083333333333335,0.015455450068182634,0.012097709127872364
2.2,0.37916666666666665,0.015324756800343134,0.012001646179144634
2.2,0.3875,0.015195179718415134,0.011906310373157963
2.2,0.3958333333333333,0.015066709586757907,0.01181169617283731
2.2,0.4041666666666667,0.014939337245832436,0.011717798079560597
2.2,0.4125,0.014813053612174675,0.01162461063346947
2.2,0.42083333333333334,0.014687849678109535,0.011532128413517714
2.2,0.42916666666666664,0.014563716511257981,0.011440346037309672
2.2,0.4375,0.014440645253898345,0.011349258160789511
2.2,0.44583333333333336,0.01431862712223955,0.011258859477839611
2.2,0.45416666666666666,0.014197653405654534,0.011169144719835931
2.2,0.4625,0.014077715465909742,0.0110801086551964
2.2,0.4708333333333333,0.013958804736414247,0.010991746088945896
2.2,0.4791666666666667,0.013840912721501215,0.010904051862310598
2.2,0.4875,0.013724030995746329,0.010817020852346508
2.2,0.49583333333333335,0.013608151203322455,0.010730647971600964
2.2,0.5041666666666667,0.013493265057385484,0.010644928167802653
2.2,0.5125,0.013379364339485661,0.010559856423574102
2.2,0.5208333333333334,0.0132664408989976,0.010475427756160132
2.2,0.5291666666666667,0.013154486652563727,0.010391637217166641
2.2,0.5375,0.013043493583545914,0.010308479892305112
2.2,0.5458333333333333,0.012933453741482217,0.01022595090113912
2.2,0.5541666666666667,0.012824359241546282,0.010144045396830977
2.2,0.5625,0.012716202264008224,0.010062758565886953
2.2,0.5708333333333333,0.012608975053696578,0.00998208562790094
2.2,0.5791666666666667,0.012502669919461326,0.009902021835296497
2.2,0.5875,0.012397279233638552,0.009822562473067795
2.2,0.5958333333333333,0.012292795431517378,0.00974370285852022
2.2,0.6041666666666666,0.01218921101080968,0.009665438341011221
2.2,0.6125,0.012086518531123391,0.009587764301691977
2.2,0.6208333333333333,0.01198471061343978,0.009510676153250623
2.2,0.6291666666666667,0.011883779939595072,0.009434169339657157
2.2,0.6375,0.011783719251766675,0.009358239335910505
2.2,0.6458333333333334,0.01168452135196419,0.009282881647787785
2.2,0.6541666666666667,0.011586179101525209,0.009208091811595893
2.2,0.6625,0.011488685420615912,0.009133865393925363
2.2,0.6708333333333333,0.011392033287736142,0.009060197991406428
2.2,0.6791666666666667,0.011296215739229285,0.00898708523046731
2.2,0.6875,0.011201225868796499,0.008914522767094495
2.2,0.6958333333333333,0.011107056827015307,0.008842506286594916
2.2,0.7041666666666667,0.01101370182086244,0.008771031503360192
2.2,0.7125,0.01092115411324074,0.00870009416063249
2.2,0.7208333333333333,0.01082940702251035,0.00862969003027217
2.2,0.7291666666666666,0.010738453922023607,0.00855981491252731
2.2,0.7375,0.010648288239664168,0.00849046463580458
2.2,0.7458333333333333,0.010558903457389891,0.008421635056442124
2.2,0.7541666666666667,0.010470293110779672,0.008353322058483761
2.2,0.7625,0.010382450788584074,0.008285521553455067
2.2,0.7708333333333334,0.010295370132279874,0.008218229480140903
2.2,0.7791666666666667,0.010209044835628326,0.008151441804364726
2.2,0.7875,0.01012346864423725,0.008085154518769327
2.2,0.7958333333333333,0.010038635355126937,0.008019363642599373
2.2,0.8041666666666667,0.009954538816299673,0.007954065221485406
2.2,0.8125,0.009871172926313121,0.007889255327229559
2.2,0.8208333333333333,0.009788531633857268,0.007824930057592775
2.2,0.8291666666666667,0.009706608937335054,0.007761085536083618
2.2,0.8375,0.009625398884446681,0.007697717911748725
2.2,0.8458333333333333,0.0095448955717775,0.0076348233589647214
2.2,0.8541666666666666,0.009465093144389456,0.007572398077231746
2.2,0.8625,0.009385985795416055,0.007510438290968479
2.2,0.8708333333333333,0.009307567765660885,0.00744894024930871
2.2,0.8791666666666667,0.009229833343199526,0.007387900225899337
2.2,0.8875,0.009152776862985098,0.007327314518699961
2.2,0.8958333333333334,0.009076392706456946,0.007267179449783909
2.2,0.9041666666666667,0.009000675301152984,0.007207491365140695
2.2,0.9125,0.008925619120325221,0.00714824663447996
2.2,0.9208333333333333,0.008851218682558698,0.0070894416510369086
2.2,0.9291666666666667,0.008777468551393747,0.007031072831379013
2.2,0.9375,0.008704363334951453,0.006973136615214328
2.2,0.9458333333333333,0.008631897685562424,0.006915629465201095
2.2,0.9541666666666667,0.008560066299398756,0.006858547866758758
2.2,0.9625,0.008488863916109228,0.006801888327880386
2.2,0.9708333333333333,0.008418285318457617,0.00674564737894641
2.2,0.9791666666666666,0.008348325331964189,0.0066898215725398145
2.2,0.9875,0.008278978824550335,0.006634407483262559
2.2,0.9958333333333333,0.008210240706186199,0.006579401707553483
2.4,0.004166666666666667,0.022608923937687073,0.016618129581430878
2.4,0.0125,0.022454462818053043,0.01652513957357391
2.4,0.020833333333333332,0.02226035455257775,0.01639186438268048
2.4,0.029166666666666667,0.022064408652589684,0.016256119588514372
2.4,0.0375,0.02187435292039776,0.016125639003329976
2.4,0.04583333333333333,0.021689325183818414,0.01599956640690288
2.4,0.05416666666666667,0.02150728011924862,0.01587586237014157
2.4,0.0625,0.02132689790471263,0.015753212908664813
2.4,0.07083333333333333,0.021147662814529504,0.015631108077987857
2.4,0.07916666666666666,0.02096952854086527,0.015509507295582842
2.4,0.0875,0.020792625588926528,0.015388546736574556
2.4,0.09583333333333334,0.020617097691522774,0.015268375748800281
2.4,0.10416666666666667,0.020443039565850685,0.015149094610087753
2.4,0.1125,0.020270490542852713,0.01503074815810341
2.4,0.12083333333333333,0.020099450155161624,0.014913341378782419
2.4,0.12916666666666668,0.019929896912888923,0.014796858182598478
2.4,0.1375,0.019761802543640003,0.014681275645055726
2.4,0.14583333333333334,0.0195951401819153,0.01456657219656213
2.4,0.15416666666666667,0.019429887686567365,0.014452730940354857
2.4,0.1625,0.019266027937399507,0.014339739949561989
2.4,0.17083333333333334,0.019103547707737364,0.014227591140233808
2.4,0.17916666666666667,0.018942436175716337,0.014116278783084985
2.4,0.1875,0.018782683636384485,0.014005798216048618
2.4,0.19583333333333333,0.018624280619546216,0.013896144962566456
2.4,0.20416666666666666,0.01846721741077082,0.01378731425304002
2.4,0.2125,0.018311483880232494,0.013679300854109325
2.4,0.22083333333333333,0.01815706950360265,0.013572099089979603
2.4,0.22916666666666666,0.018003963475872284,0.01346570295667412
2.4,0.2375,0.017852154848825765,0.01336010625993463
2.4,0.24583333333333332,0.017701632652294408,0.013255302736897392
2.4,0.25416666666666665,0.01755238598219059,0.013151286144546059
2.4,0.2625,0.01740440405324548,0.013048050312864143
2.4,0.2708333333333333,0.017257676222339938,0.012945589168577023
2.4,0.2791666666666667,0.01711219199123909,0.012843896738293495
2.4,0.2875,0.016967940997348645,0.012742967139665627
2.4,0.29583333333333334,0.01682491299937731,0.01264279456745072
2.4,0.30416666666666664,0.016683097862588668,0.012543373279159293
2.4,0.3125,0.01654248554629335,0.012444697582939422
2.4,0.32083333333333336,0.016403066094657977,0.012346761828774333
2.4,0.32916666666666666,0.016264829630859436,0.012249560403021782
2.4,0.3375,0.016127766354032395,0.012153087725743014
2.4,0.3458333333333333,0.015991866538229087,0.012057338250040439
2.4,0.3541666666666667,0.0158571205326142,0.011962306462626934
2.4,0.3625,0.015723518762248062,0.011867986884979958
2.4,0.37083333333333335,0.015591051728989636,0.011774374074612019
2.4,0.37916666666666665,0.015459710012228583,0.011681462626166822
2.4,0.3875,0.015329484269303117,0.011589247172197748
2.4,0.3958333333333333,0.015200365235567798,0.011497722383592913
2.4,0.4041666666666667,0.015072343724143882,0.011406882969679536
2.4,0.4125,0.014945410625419743,0.011316723678074965
2.4,0.42083333333333334,0.014819556906379207,0.011227239294362415
2.4,0.42916666666666664,0.014694773609830647,0.01113842464166425
2.4,0.4375,0.014571051853595848,0.01105027458017166
2.4,0.44583333333333336,0.014448382829700939,0.010962784006673384
2.4,0.45416666666666666,0.014326757803595684,0.010875947854109572
2.4,0.4625,0.014206168113414212,0.01078976109116395
2.4,0.4708333333333333,0.014086605169280324,0.010704218721897373
2.4,0.4791666666666667,0.013968060452653629,0.010619315785419232
2.4,0.4875,0.013850525515709826,0.010535047355590013
2.4,0.49583333333333335,0.01373399198074715,0.010451408540746757
2.4,0.5041666666666667,0.013618451539610693,0.010368394483443651
2.4,0.5125,0.013503895953128493,0.010286000360201213
2.4,0.5208333333333334,0.01339031705055382,0.010204221381258904
2.4,0.5291666666666667,0.013277706729010854,0.010123052790327982
2.4,0.5375,0.013166056952941258,0.010042489864342662
2.4,0.5458333333333333,0.013055359753551302,0.009962527913208613
2.4,0.5541666666666667,0.012945607228259302,0.009883162279549199
2.4,0.5625,0.01283679154014398,0.009804388338449627
2.4,0.5708333333333333,0.012728904917394644,0.009726201497200219
2.4,0.5791666666666667,0.012621939652763857,0.00964859719503941
2.4,0.5875,0.012515888103023507,0.009571570902897316
2.4,0.5958333333333333,0.012410742688424969,0.009495118123140718
2.4,0.6041666666666666,0.01230649589216364,0.009419234389319766
2.4,0.6125,0.012203140259848406,0.009343915265916753
2.4,0.6208333333333333,0.012100668398976009,0.009269156348097343
2.4,0.6291666666666667,0.011999072978410378,0.009194953261464044
2.4,0.6375,0.01189834672786697,0.009121301661812062
2.4,0.6458333333333334,0.011798482437401949,0.009048197234887428
2.4,0.6541666666666667,0.011699472956906069,0.008975635696147266
2.4,0.6625,0.011601311195603266,0.008903612790522103
2.4,0.6708333333333333,0.011503990121553403,0.008832124292180103
2.4,0.6791666666666667,0.01140750276115968,0.008761166004293164
2.4,0.6875,0.011311842198680073,0.008690733758804746
2.4,0.6958333333333333,0.011217001575743017,0.008620823416199323
2.4,0.7041666666666667,0.011122974090867129,0.008551430865273666
2.4,0.7125,0.011029752998984935,0.00848255202290955
2.4,0.7208333333333333,0.010937331610970793,0.008414182833848165
2.4,0.7291666666666666,0.010845703293172472,0.008346319270466227
2.4,0.7375,0.010754861466947025,0.00827895733255343
2.4,0.7458333333333333,0.010664799608200335,0.008212093047091796
2.4,0.7541666666666667,0.0105755112469307,0.008145722468036354
2.4,0.7625,0.010486989966776269,0.00807984167609761
2.4,0.7708333333333334,0.010399229404566359,0.00801444677852546
2.4,0.7791666666666667,0.010312223249876566,0.007949533908894853
2.4,0.7875,0.010225965244587729,0.007885099226892811
2.4,0.7958333333333333,0.0101404491824487,0.007821138918107252
2.4,0.8041666666666667,0.010055668908642776,0.007757649193817144
2.4,0.8125,0.009971618319357991,0.007694626290784417
2.4,0.8208333333333333,0.00988829136136098,0.007632066471047257
2.4,0.8291666666666667,0.009805682031574526,0.007569966021714905
2.4,0.8375,0.009723784376658781,0.007508321254764118
2.4,0.8458333333333333,0.009642592492596063,0.007447128506836942
2.4,0.8541666666666666,0.009562100524279195,0.007386384139040073
2.4,0.8625,0.009482302665103403,0.007326084536745637
2.4,0.8708333333333333,0.009403193156561712,0.007266226109393445
2.4,0.8791666666666667,0.009324766287843766,0.007206805290294639
2.4,0.8875,0.009247016395438245,0.007147818536436819
2.4,0.8958333333333334,0.009169937862738481,0.007089262328290575
2.4,0.9041666666666667,0.009093525119651653,0.00703113316961739
2.4,0.9125,0.009017772642211201,0.006973427587278949
2.4,0.9208333333333333,0.008942674952192685,0.006916142131047898
2.4,0.9291666666666667,0.008868226616732902,0.006859273373419791
2.4,0.9375,0.008794422247952226,0.006802817909426631
2.4,0.9458333333333333,0.008721256502580294,0.006746772356451597
2.4,0.9541666666666667,0.00864872408158484,0.006691133354045151
2.4,0.9625,0.008576819729803772,0.006635897563742476
2.4,0.9708333333333333,0.008505538235580408,0.0065810616688822205
2.4,0.9791666666666666,0.008434874430401803,0.006526622374426574
2.4,0.9875,0.008364823188540337,0.006472576406782556
2.4,0.9958333333333333,0.008295379426698184,0.00641892051362476
2.6,0.004166666666666667,0.02275259027393936,0.01610952207907294
2.6,0.0125,0.02259459542346758,0.01601827802676092
2.6,0.020833333333333332,0.02239899252119679,0.015888746373226497
2.6,0.029166666666666667,0.022202865351490016,0.015758017284659212
2.6,0.0375,0.02201283221588671,0.015632715383645485
2.6,0.04583333333333333,0.02182753486736387,0.015511488683955932
2.6,0.05416666666666667,0.02164489178870269,0.015392261869469234
2.6,0.0625,0.021463721397438754,0.01527385949966935
2.6,0.07083333333333333,0.021283648594335826,0.015155912558654156
2.6,0.07916666666666666,0.021104710176743837,0.015038463869018075
2.6,0.0875,0.020927063592201277,0.014921676845973635
2.6,0.09583333333333334,0.020750845300731763,0.014805693860162426
2.6,0.10416666666666667,0.020576129831443104,0.014690595294764821
2.6,0.1125,0.02040293691124725,0.01457640667472634
2.6,0.12083333333333333,0.020231252837532587,0.014463120039931833
2.6,0.12916666666666668,0.02006104992242229,0.014350713389961661
2.6,0.1375,0.01989229896031467,0.014239163152124899
2.6,0.14583333333333334,0.019724975068312632,0.014128450022377077
2.6,0.15416666666666667,0.019559059053840165,0.014018560333420938
2.6,0.1625,0.019394536482610664,0.013909485123153596
2.6,0.17083333333333334,0.01923139599489892,0.013801218451414042
2.6,0.17916666666666667,0.019069627733362227,0.013693755828274569
2.6,0.1875,0.018909222229012538,0.013587093100479529
2.6,0.19583333333333333,0.018750169781986743,0.013481225832677624
2.6,0.20416666666666666,0.01859246022996561,0.0133761490762986
2.6,0.2125,0.01843608295999112,0.013271857381824553
2.6,0.22083333333333333,0.018281027037607762,0.013168344928380567
2.6,0.22916666666666666,0.01812728136544343,0.013065605682761057
2.6,0.2375,0.017974834821565262,0.012963633538227015
2.6,0.24583333333333332,0.0178236763573987,0.012862422412862342
2.6,0.25416666666666665,0.017673795053745247,0.012761966306024827
2.6,0.2625,0.01752518014298678,0.012662259320979771
2.6,0.2708333333333333,0.017377821008631673,0.012563295664871544
2.6,0.2791666666666667,0.017231707172611323,0.012465069636441391
2.6,0.2875,0.017086828278249307,0.012367575609414306
2.6,0.29583333333333334,0.01694317407397026,0.012270808016621474
2.6,0.30416666666666664,0.016800734400335623,0.012174761337446108
2.6,0.3125,0.01665949918118973,0.012079430089375533
2.6,0.32083333333333336,0.01651945841858932,0.011984808823333162
2.6,0.32916666666666666,0.01638060219065225,0.011890892121925893
2.6,0.3375,0.01624292065132577,0.011797674599607403
2.6,0.3458333333333333,0.016106404031177978,0.011705150903860949
2.6,0.3541666666666667,0.015971042638530566,0.011613315716719875
2.6,0.3625,0.015836826860488273,0.011522163756181245
2.6,0.37083333333333335,0.015703747163627938,0.01143168977727547
2.6,0.37916666666666665,0.015571794094267864,0.011341888572712894
2.6,0.3875,0.015440958278340716,0.011252754973130217
2.6,0.3958333333333333,0.015311230420947307,0.011164283847014433
2.6,0.4041666666666667,0.015182601305688373,0.011076470100401385
2.6,0.4125,0.015055061793866906,0.010989308676441382
2.6,0.42083333333333334,0.014928602823636625,0.010902794554907618
2.6,0.42916666666666664,0.014803215409150654,0.010816922751701598
2.6,0.4375,0.014678890639743708,0.010731688318388477
2.6,0.44583333333333336,0.014555619679163476,0.01064708634177854
2.6,0.45416666666666666,0.014433393764854204,0.010563111943557593
2.6,0.4625,0.014312204207287836,0.010479760279961661
2.6,0.4708333333333333,0.014192042389333671,0.010397026541486888
2.6,0.4791666666666667,0.014072899765656014,0.010314905952624461
2.6,0.4875,0.01395476786213053,0.010233393771611086
2.6,0.49583333333333335,0.013837638275271713,0.010152485290187236
2.6,0.5041666666666667,0.01372150267166542,0.010072175833357623
2.6,0.5125,0.013606352787403356,0.009992460759150432
2.6,0.5208333333333334,0.013492180427517372,0.0099133354583734
2.6,0.5291666666666667,0.01337897746541341,0.009834795354366413
2.6,0.5375,0.013266735842305194,0.009756835902751112
2.6,0.5458333333333333,0.01315544756664879,0.009679452591178103
2.6,0.5541666666666667,0.01304510471357898,0.009602640939073316
2.6,0.5625,0.012935699424348496,0.00952639649738411
2.6,0.5708333333333333,0.012827223905771073,0.009450714848326493
2.6,0.5791666666666667,0.012719670429668916,0.009375591605133791
2.6,0.5875,0.01261303133232501,0.00930102241180737
2.6,0.5958333333333333,0.012507299013940746,0.009227002942869813
2.6,0.6041666666666666,0.012402465938098508,0.009153528903120427
2.6,0.6125,0.012298524631229676,0.009080596027393188
2.6,0.6208333333333333,0.012195467682087607,0.009008200080317092
2.6,0.6291666666666667,0.012093287741225504,0.008936336856078652
2.6,0.6375,0.01199197752047907,0.008865002178186483
2.6,0.6458333333333334,0.011891529792453785,0.00879419189923782
2.6,0.6541666666666667,0.011791937390016589,0.008723901900686842
2.6,0.6625,0.01169319320579204,0.008654128092614725
2.6,0.6708333333333333,0.011595290191662432,0.008584866413501367
2.6,0.6791666666666667,0.011498221358272406,0.008516112829998684
2.6,0.6875,0.011401979774537564,0.008447863336705573
2.6,0.6958333333333333,0.011306558567157189,0.008380113955944296
2.6,0.7041666666666667,0.01121195092013105,0.008312860737538624
2.6,0.7125,0.011118150074280157,0.008246099758593379
2.6,0.7208333333333333,0.011025149326771847,0.008179827123275604
2.6,0.7291666666666666,0.010932942030648454,0.008114038962597415
2.6,0.7375,0.010841521594360382,0.008048731434200174
2.6,0.7458333333333333,0.010750881481302875,0.007983900722140528
2.6,0.7541666666666667,0.010661015209356865,0.007919543036677726
2.6,0.7625,0.010571916350433672,0.007855654614062716
2.6,0.7708333333333334,0.010483578530023642,0.00779223171632863
2.6,0.7791666666666667,0.010395995426748593,0.007729270631082961
2.6,0.7875,0.01030916077191811,0.007666767671301066
2.6,0.7958333333333333,0.010223068349089657,0.007604719175121364
2.6,0.8041666666666667,0.010137711993632339,0.0075431215056418815
2.6,0.8125,0.010053085592294543,0.007481971050718398
2.6,0.8208333333333333,0.009969183082775158,0.007421264222763992
2.6,0.8291666666666667,0.00988599845329847,0.007360997458549973
2.6,0.8375,0.009803525742192686,0.0073011672190084476
2.6,0.8458333333333333,0.009721759037472119,0.007241769989036108
2.6,0.8541666666666666,0.009640692476422845,0.007182802277299569
2.6,0.8625,0.009560320245191956,0.0071242606160420606
2.6,0.8708333333333333,0.009480636578380301,0.0070661415608915205
2.6,0.8791666666666667,0.009401635758638659,0.0070084416906700435
2.6,0.8875,0.009323312116267508,0.006951157607204745
2.6,0.8958333333333334,0.009245660028819993,0.006894285935139974
2.6,0.9041666666666667,0.009168673920708498,0.006837823321750844
2.6,0.9125,0.009092348262814414,0.006781766436758125
2.6,0.9208333333333333,0.009016677572101364,0.006726111972144508
2.6,0.9291666666666667,0.00894165641123172,0.006670856641972044
2.6,0.9375,0.008867279388186312,0.006615997182201081
2.6,0.9458333333333333,0.008793541155887482,0.006561530350510365
2.6,0.9541666666666667,0.008720436411825332,0.006507452926118448
2.6,0.9625,0.00864795989768717,0.0064537617096064055
2.6,0.9708333333333333,0.008576106398990148,0.006400453522741783
2.6,0.9791666666666666,0.008504870744717017,0.006347525208303837
2.6,0.9875,0.008434247806955057,0.006294973629909924
2.6,0.9958333333333333,0.008364232500538027,0.006242795671843301
2.8000000000000003,0.004166666666666667,0.022880369351714235,0.015596294826029642
2.8000000000000003,0.0125,0.022719105860332347,0.01550691339378565
2.8000000000000003,0.020833333333333332,0.022522188684926586,0.015381158827847392
2.8000000000000003,0.029166666666666667,0.022325880586480985,0.015255300573156301
2.8000000000000003,0.0375,0.02213576417338489,0.01513492785906344
2.8000000000000003,0.04583333333333333,0.02195007904567943,0.015018286844123811
2.8000000000000003,0.05416666666666667,0.02176675930565588,0.014903318127269667
2.8000000000000003,0.0625,0.02158477005787403,0.014788993248391653
2.8000000000000003,0.07083333333333333,0.021403861805525313,0.014675069085252488
2.8000000000000003,0.07916666666666666,0.021224134474849412,0.014561651878444435
2.8000000000000003,0.0875,0.021045757662293253,0.014448917479083745
2.8000000000000003,0.09583333333333334,0.02086885362059056,0.014336994335421167
2.8000000000000003,0.10416666666666667,0.02069347608997359,0.014225942324580685
2.8000000000000003,0.1125,0.02051962806309522,0.014115770518004233
2.8000000000000003,0.12083333333333333,0.020347286418125044,0.014006461815065593
2.8000000000000003,0.12916666666666668,0.02017642046940428,0.013897991494239008
2.8000000000000003,0.1375,0.020007002040845358,0.013790337287007215
2.8000000000000003,0.14583333333333334,0.019839008981648306,0.013683482894081736
2.8000000000000003,0.15416666666666667,0.019672424926583346,0.013577417746185145
2.8000000000000003,0.1625,0.01950723754789713,0.013472135256451552
2.8000000000000003,0.17083333333333334,0.019343436656152135,0.013367630921756645
2.8000000000000003,0.17916666666666667,0.019181012761105596,0.013263900884082178
2.8000000000000003,0.1875,0.01901995622830301,0.013160941087591008
2.8000000000000003,0.19583333333333333,0.01886025693158033,0.013058746931606309
2.8000000000000003,0.20416666666666666,0.01870190422751947,0.012957313245539516
2.8000000000000003,0.2125,0.018544887090487246,0.01285663442439803
2.8000000000000003,0.22083333333333333,0.018389194293198626,0.012756704609812292
2.8000000000000003,0.22916666666666666,0.018234814567128055,0.012657517850907074
2.8000000000000003,0.2375,0.018081736715762364,0.012559068218010113
2.8000000000000003,0.24583333333333332,0.01792994967826578,0.012461349866768688
2.8000000000000003,0.25416666666666665,0.01777944255346885,0.012364357062585846
2.8000000000000003,0.2625,0.017630204597880807,0.012268084179076122
2.8000000000000003,0.2708333333333333,0.017482225210293103,0.012172525683108469
2.8000000000000003,0.2791666666666667,0.017335493912281442,0.012077676115743455
2.8000000000000003,0.2875,0.01719000033030693,0.011983530074765738
2.8000000000000003,0.29583333333333334,0.01704573418209718,0.011890082201492428
2.8000000000000003,0.30416666666666664,0.016902685267884042,0.011797327172434398
2.8000000000000003,0.3125,0.01676084346586091,0.011705259695173073
2.8000000000000003,0.32083333333333336,0.016620198730706186,0.011613874507299633
2.8000000000000003,0.32916666666666666,0.0164807410939659,0.011523166377209534
2.8000000000000003,0.3375,0.016342460665287543,0.011433130105744512
2.8000000000000003,0.3458333333333333,0.01620534763379139,0.01134376052796826
2.8000000000000003,0.3541666666666667,0.016069392269156824,0.011255052514653486
2.8000000000000003,0.3625,0.015934584922237746,0.011167000973294287
2.8000000000000003,0.37083333333333335,0.015800916025184086,0.01107960084862103
2.8000000000000003,0.37916666666666665,0.015668376091142557,0.010992847122690927
2.8000000000000003,0.3875,0.015536955713650791,0.01090673481466828
2.8000000000000003,0.3958333333333333,0.015406645565842467,0.010821258980412234
2.8000000000000003,0.4041666666666667,0.015277436399564073,0.010736414711972656
2.8000000000000003,0.4125,0.015149319044477066,0.01065219713706789
2.8000000000000003,0.42083333333333334,0.015022284407192112,0.010568601418591122
2.8000000000000003,0.42916666666666664,0.014896323470458543,0.01048562275416863
2.8000000000000003,0.4375,0.014771427292415089,0.01040325637577579
2.8000000000000003,0.44583333333333336,0.014647587005896946,0.01032149754940606
2.8000000000000003,0.45416666666666666,0.014524793817787998,0.010240341574781911
2.8000000000000003,0.4625,0.01440303900840608,0.010159783785095343
2.8000000000000003,0.4708333333333333,0.01428231393090951,0.010079819546766377
2.8000000000000003,0.4791666666666667,0.014162610010715166,0.010000444259209883
2.8000000000000003,0.4875,0.014043918744921537,0.009921653354604352
2.8000000000000003,0.49583333333333335,0.013926231701732922,0.009843442297658217
2.8000000000000003,0.5041666666666667,0.013809540519882332,0.009765806585372017
2.8000000000000003,0.5125,0.01369383690805318,0.009688741746796096
2.8000000000000003,0.5208333333333334,0.013579112644300123,0.00961224334278437
2.8000000000000003,0.5291666666666667,0.013465359575470527,0.009536306965745506
2.8000000000000003,0.5375,0.013352569616627539,0.009460928239392926
2.8000000000000003,0.5458333333333333,0.013240734750476366,0.009386102818494613
2.8000000000000003,0.5541666666666667,0.013129847026794492,0.00931182638862417
2.8000000000000003,0.5625,0.013019898561866654,0.009238094665913441
2.8000000000000003,0.5708333333333333,0.01291088153792512,0.009164903396807601
2.8000000000000003,0.5791666666666667,0.012802788202595334,0.009092248357822571
2.8000000000000003,0.5875,0.012695610868346885,0.009020125355305005
2.8000000000000003,0.5958333333333333,0.012589341911950115,0.008948530225194784
2.8000000000000003,0.6041666666666666,0.012483973773937534,0.008877458832789833
2.8000000000000003,0.6125,0.012379498958070544,0.00880690707251297
2.8000000000000003,0.6208333333333333,0.012275910030810805,0.00873687086768094
2.8000000000000003,0.6291666666666667,0.012173199620796209,0.008667346170275111
2.8000000000000003,0.6375,0.012071360418321402,0.008598328960714021
2.8000000000000003,0.6458333333333334,0.011970385174822653,0.008529815247627477
2.8000000000000003,0.6541666666666667,0.011870266702367035,0.008461801067632262
2.8000000000000003,0.6625,0.011770997873145865,0.008394282485109403
2.8000000000000003,0.6708333333333333,0.011672571618972196,0.008327255591982982
2.8000000000000003,0.6791666666666667,0.011574980930782687,0.008260716507500418
2.8000000000000003,0.6875,0.011478218858143513,0.008194661378014372
2.8000000000000003,0.6958333333333333,0.01138227850876045,0.008129086376766051
2.8000000000000003,0.7041666666666667,0.01128715304799306,0.008063987703670271
2.8000000000000003,0.7125,0.01119283569837291,0.007999361585101828
2.8000000000000003,0.7208333333333333,0.011099319739126135,0.007935204273683551
2.8000000000000003,0.7291666666666666,0.01100659850569962,0.007871512048075973
2.8000000000000003,0.7375,0.010914665389291677,0.007808281212768292
2.8000000000000003,0.7458333333333333,0.010823513836386339,0.0077455080978711555
2.8000000000000003,0.7541666666666667,0.01073313734829186,0.007683189058910684
2.8000000000000003,0.7625,0.01064352948068304,0.007621320476624211
2.8000000000000003,0.7708333333333334,0.010554683843147434,0.0075598987567573476
2.8000000000000003,0.7791666666666667,0.01046659409873545,0.007498920329862715
2.8000000000000003,0.7875,0.010379253963514296,0.007438381651099882
2.8000000000000003,0.7958333333333333,0.010292657206125653,0.0073782792000369815
2.8000000000000003,0.8041666666666667,0.01020679764734716,0.007318609480453602
2.8000000000000003,0.8125,0.010121669159657624,0.007259369020145212
2.8000000000000003,0.8208333333333333,0.010037265666805887,0.00720055437072894
2.8000000000000003,0.8291666666666667,0.009953581143383383,0.007142162107450662
2.8000000000000003,0.8375,0.009870609614400278,0.0070841888289936905
2.8000000000000003,0.8458333333333333,0.00978834515486534,0.007026631157288618
2.8000000000000003,0.8541666666666666,0.009706781889369222,0.006969485737324666
2.8000000000000003,0.8625,0.009625913991671411,0.006912749236962305
2.8000000000000003,0.8708333333333333,0.009545735684290613,0.0068564183467472815
2.8000000000000003,0.8791666666666667,0.009466241238098628,0.006800489779725891
2.8000000000000003,0.8875,0.009387424971917776,0.00674496027126166
2.8000000000000003,0.8958333333333334,0.009309281252121604,0.0066898265788533
2.8000000000000003,0.9041666666666667,0.009231804492239105,0.00663508548195393
2.8000000000000003,0.9125,0.00915498915256224,0.0065807337817916384
2.8000000000000003,0.9208333333333333,0.009078829739756863,0.006526768301191323
2.8000000000000003,0.9291666666666667,0.009003320806476938,0.006473185884397708
2.8000000000000003,0.9375,0.008928456950982011,0.006419983396899769
2.8000000000000003,0.9458333333333333,0.008854232816757972,0.006367157725256276
2.8000000000000003,0.9541666666666667,0.008780643092141048,0.006314705776922632
2.8000000000000003,0.9625,0.00870768250994499,0.006262624480078936
2.8000000000000003,0.9708333333333333,0.008635345847091495,0.006210910783459248
2.8000000000000003,0.9791666666666666,0.008563627924243651,0.006159561656182083
2.8000000000000003,0.9875,0.008492523605442693,0.006108574087582031
2.8000000000000003,0.9958333333333333,0.008422027797747698,0.006057945087042715
3.0,0.004166666666666667,0.022997365438591412,0.015085602982677266
3.0,0.0125,0.02283306603001689,0.01499816666437573
3.0,0.020833333333333332,0.022634980270036888,0.014876186152581293
3.0,0.029166666666666667,0.02243847949799739,0.014755039762099721
3.0,0.0375,0.02224818581770768,0.014639356507058892
3.0,0.04583333333333333,0.022062018837397782,0.01452706284143487
3.0,0.05416666666666667,0.02187796740644122,0.014416154396366393
3.0,0.0625,0.021695144437917774,0.01430575080329574
3.0,0.07083333333333333,0.02151340968107883,0.014195718466999938
3.0,0.07916666666666666,0.021332908678809166,0.014086209523609073
3.0,0.0875,0.021153812036306743,0.013977401109837608
3.0,0.09583333333333334,0.020976223912385766,0.013869403854834253
3.0,0.10416666666666667,0.020800178359172628,0.013762258220420836
3.0,0.1125,0.020625664904643206,0.01365596008416784
3.0,0.12083333333333333,0.020452654354646414,0.013550486541951207
3.0,0.12916666666666668,0.020281115387785483,0.01344581250336269
3.0,0.1375,0.02011102199855753,0.013341918135372988
3.0,0.14583333333333334,0.01994235492560039,0.01323879029109757
3.0,0.15416666666666667,0.019775100207053746,0.013136421065672433
3.0,0.1625,0.019609246988473487,0.013034805604677634
3.0,0.17083333333333334,0.019444785663169074,0.01293394024498004
3.0,0.17916666666666667,0.019281706692742297,0.012833821335772327
3.0,0.1875,0.019120000060792723,0.012734444692774448
3.0,0.19583333333333333,0.018959655163619474,0.012635805489426942
3.0,0.20416666666666666,0.018800660932910936,0.012537898380067424
3.0,0.2125,0.018643006036611735,0.012440717701280484
3.0,0.22083333333333333,0.018486679066956554,0.0123442576604095
3.0,0.22916666666666666,0.018331668676120027,0.01224851247168048
3.0,0.2375,0.01817796365336067,0.012153476433815652
3.0,0.24583333333333332,0.018025552954614107,0.012059143960092047
3.0,0.25416666666666665,0.017874425700982754,0.011965509577292194
3.0,0.2625,0.017724571161392956,0.011872567908818167
3.0,0.2708333333333333,0.017575978730647215,0.01178031365319678
3.0,0.2791666666666667,0.017428637909604527,0.011688741564708432
3.0,0.2875,0.017282538290504246,0.011597846439155606
3.0,0.29583333333333334,0.017137669547924346,0.01150762310526164
3.0,0.30416666666666664,0.01699402143447084,0.011418066420796744
3.0,0.3125,0.016851583779760912,0.011329171271993699
3.0,0.32083333333333336,0.01671034649127501,0.011240932574828525
3.0,0.32916666666666666,0.016570299555943035,0.01115334527703143
3.0,0.3375,0.016431433041706748,0.011066404360070125
3.0,0.3458333333333333,0.016293737098647884,0.010980104840694848
3.0,0.3541666666666667,0.016157201959536835,0.010894441771900352
3.0,0.3625,0.016021817939829302,0.010809410243331978
3.0,0.37083333333333335,0.015887575437226544,0.010725005381251571
3.0,0.37916666666666665,0.015754464930943655,0.010641222348207866
3.0,0.3875,0.015622476980820362,0.010558056342545561
3.0,0.3958333333333333,0.015491602226379226,0.01047550259785815
3.0,0.4041666666666667,0.01536183138590141,0.010393556382454885
3.0,0.4125,0.015233155255558786,0.010312212998880337
3.0,0.42083333333333334,0.01510556470861627,0.010231467783500637
3.0,0.42916666666666664,0.014979050694701799,0.010151316106153992
3.0,0.4375,0.014853604239132397,0.010071753369853644
3.0,0.44583333333333336,0.014729216442281498,0.009992775010528665
3.0,0.45416666666666666,0.014605878478972587,0.009914376496787787
3.0,0.4625,0.014483581597887544,0.00983655332969435
3.0,0.4708333333333333,0.014362317120981037,0.009759301042543972
3.0,0.4791666666666667,0.01424207644289532,0.009682615200639285
3.0,0.4875,0.014122851030373142,0.009606491401059717
3.0,0.49583333333333335,0.014004632421668514,0.00953092527242539
3.0,0.5041666666666667,0.01388741222595561,0.009455912474656296
3.0,0.5125,0.013771182122737714,0.009381448698728142
3.0,0.5208333333333334,0.01365593386125759,0.00930752966642639
3.0,0.5291666666666667,0.013541659259910873,0.009234151130100137
3.0,0.5375,0.013428350205663533,0.009161308872417152
3.0,0.5458333333333333,0.013315998653474428,0.009088998706120493
3.0,0.5541666666666667,0.01320459662572322,0.009017216473787833
3.0,0.5625,0.013094136211644026,0.008945958047593093
3.0,0.5708333333333333,0.012984609566764716,0.00887521932907093
3.0,0.5791666666666667,0.012876008912351732,0.008804996248883581
3.0,0.5875,0.012768326534860099,0.008735284766590058
3.0,0.5958333333333333,0.012661554785388775,0.008666080870417545
3.0,0.6041666666666666,0.012555686079140529,0.00859738057703467
3.0,0.6125,0.01245071289488675,0.008529179931326462
3.0,0.6208333333333333,0.01234662777443672,0.008461475006171136
3.0,0.6291666666666667,0.012243423322111226,0.008394261902218276
3.0,0.6375,0.01214109220422061,0.008327536747668639
3.0,0.6458333333333334,0.012039627148547108,0.008261295698055412
3.0,0.6541666666666667,0.01193902094383141,0.008195534936026948
3.0,0.6625,0.011839266439263623,0.008130250671131033
3.0,0.6708333333333333,0.011740356543978203,0.008065439139600655
3.0,0.6791666666666667,0.011642284226553386,0.008001096604141224
3.0,0.6875,0.011545042514514714,0.007937219353719424
3.0,0.6958333333333333,0.011448624493842723,0.007873803703353423
3.0,0.7041666666666667,0.01135302330848488,0.007810845993904844
3.0,0.7125,0.011258232159871505,0.007748342591871998
3.0,0.7208333333333333,0.011164244306436106,0.0076862898891847655
3.0,0.7291666666666666,0.011071053063139349,0.007624684303001062
3.0,0.7375,0.010978651800997517,0.007563522275504509
3.0,0.7458333333333333,0.010887033946614624,0.007502800273703911
3.0,0.7541666666666667,0.010796192981718718,0.007442514789233905
3.0,0.7625,0.010706122442702005,0.007382662338157241
3.0,0.7708333333333334,0.010616815920164915,0.007323239460768365
3.0,0.7791666666666667,0.010528267058463957,0.007264242721398558
3.0,0.7875,0.010440469555263548,0.007205668708222289
3.0,0.7958333333333333,0.010353417161091496,0.0071475140330651355
3.0,0.8041666666666667,0.010267103678898312,0.007089775331212979
3.0,0.8125,0.01018152296362026,0.007032449261222597
3.0,0.8208333333333333,0.010096668921746101,0.006975532504733645
3.0,0.8291666666666667,0.010012535510887481,0.006919021766281866
3.0,0.8375,0.009929116739352964,0.006862913773113816
3.0,0.8458333333333333,0.009846406665725775,0.00680720527500276
3.0,0.8541666666666666,0.009764399398444954,0.006751893044065952
3.0,0.8625,0.009683089095390207,0.0066969738745832055
3.0,0.8708333333333333,0.009602469963470216,0.006642444582816782
3.0,0.8791666666666667,0.009522536258214415,0.006588302006832483
3.0,0.8875,0.009443282283368347,0.006534543006322125
3.0,0.8958333333333334,0.009364702390492299,0.006481164462427211
3.0,0.9041666666666667,0.009286790978563466,0.006428163277563851
3.0,0.9125,0.009209542493581418,0.0063755363752489415
3.0,0.9208333333333333,0.00913295142817699,0.006323280699927611
3.0,0.9291666666666667,0.009057012321224456,0.006271393216801773
3.0,0.9375,0.008981719757456966,0.006219870911660063
3.0,0.9458333333333333,0.008907068367085307,0.00616871079070882
3.0,0.9541666666666667,0.00883305282541986,0.006117909880404341
3.0,0.9625,0.008759667852495812,0.006067465227286312
3.0,0.9708333333333333,0.008686908212701563,0.006017373897812388
3.0,0.9791666666666666,0.008614768714410177,0.005967632978193959
3.0,0.9875,0.008543244209614165,0.00591823957423301
3.0,0.9958333333333333,0.008472329593563206,0.005869190811160267
3.2,0.004166666666666667,0.02310701830901029,0.01458230833297543
3.2,0.0125,0.022939888755881353,0.014496872743616622
3.2,0.020833333333333332,0.02274075299324239,0.014378636125745359
3.2,0.029166666666666667,0.022544040412447723,0.014262035127605932
3.2,0.0375,0.02235348712898364,0.014150813054355981
3.2,0.04583333333333333,0.022166764118850702,0.014042648005037241
3.2,0.05416666666666667,0.02198194382393419,0.013935619478553813
3.2,0.0625,0.021798283018986963,0.0138289912412479
3.2,0.07083333333333333,0.021615734269515623,0.013722722785366794
3.2,0.07916666666666666,0.021434473856060454,0.013616997253914631
3.2,0.0875,0.02125466534281147,0.013511985009835525
3.2,0.09583333333333334,0.02107639312967025,0.013407777188637527
3.2,0.10416666666666667,0.020899673657376012,0.01330439690407714
3.2,0.1125,0.020724486216652623,0.013201830057859583
3.2,0.12083333333333333,0.0205507982825545,0.013100050674532958
3.2,0.12916666666666668,0.020378579514813103,0.012999034902378623
3.2,0.1375,0.02020780660939948,0.012898765865512076
3.2,0.14583333333333334,0.02003846299023618,0.01279923335612839
3.2,0.15416666666666667,0.01987053655645272,0.01270043158228686
3.2,0.1625,0.019704017349569693,0.012602356835618706
3.2,0.17083333333333334,0.019538895903323614,0.012505005841671616
3.2,0.17916666666666667,0.01937516237880631,0.012408374895563562
3.2,0.1875,0.019212806295761716,0.012312459593789696
3.2,0.19583333333333333,0.019051816607815224,0.012217254909957303
3.2,0.20416666666666666,0.018892181915056278,0.012122755407868994
3.2,0.2125,0.01873389068419906,0.012028955462180132
3.2,0.22083333333333333,0.0185769314151191,0.011935849425427107
3.2,0.22916666666666666,0.018421292739196873,0.011843431726858417
3.2,0.2375,0.01826696345977991,0.01175169691337998
3.2,0.24583333333333332,0.018113932553956037,0.011660639651807032
3.2,0.25416666666666665,0.017962189154277906,0.011570254711063004
3.2,0.2625,0.017811722524340767,0.01148053693822739
3.2,0.2708333333333333,0.017662522036561285,0.011391481236780536
3.2,0.2791666666666667,0.017514577155870986,0.011303082550758653
3.2,0.2875,0.017367877429906187,0.01121533585540122
3.2,0.29583333333333334,0.017222412484581253,0.011128236153177554
3.2,0.30416666666666664,0.017078172023316882,0.011041778473464362
3.2,0.3125,0.016935145828249124,0.010955957874199968
3.2,0.32083333333333336,0.016793323762124522,0.010870769444220515
3.2,0.32916666666666666,0.016652695770050942,0.010786208305447954
3.2,0.3375,0.016513251880686884,0.01070226961451264
3.2,0.3458333333333333,0.01637498220675404,0.010618948563694927
3.2,0.3541666666666667,0.016237876944941484,0.01053624038125492
3.2,0.3625,0.01610192637535723,0.0104541403313054
3.2,0.37083333333333335,0.01596712086069837,0.010372643713399654
3.2,0.37916666666666665,0.015833450845289344,0.010291745861983706
3.2,0.3875,0.015700906854097356,0.01021144214582176
3.2,0.3958333333333333,0.015569479491791468,0.0101317279674617
3.2,0.4041666666666667,0.015439159441876722,0.010052598762771913
3.2,0.4125,0.015309937465908889,0.00997405000055509
3.2,0.42083333333333334,0.015181804402780344,0.009896077182229427
3.2,0.42916666666666664,0.01505475116806005,0.009818675841560508
3.2,0.4375,0.014928768753369806,0.009741841544425681
3.2,0.44583333333333336,0.014803848225781126,0.009665569888595653
3.2,0.45416666666666666,0.014679980727220845,0.009589856503521338
3.2,0.4625,0.014557157473878224,0.009514697050118589
3.2,0.4708333333333333,0.014435369755609736,0.009440087220547235
3.2,0.4791666666666667,0.014314608935340157,0.00936602273798297
3.2,0.4875,0.014194866448460923,0.009292499356383304
3.2,0.49583333333333335,0.014076133802227433,0.009219512860248807
3.2,0.5041666666666667,0.01395840257515706,0.009147059064381917
3.2,0.5125,0.013841664416429823,0.009075133813645095
3.2,0.5208333333333334,0.013725911045293126,0.009003732982719673
3.2,0.5291666666666667,0.013611134250471557,0.008932852475866592
3.2,0.5375,0.013497325889582334,0.008862488226689676
3.2,0.5458333333333333,0.01338447788855668,0.008792636197901355
3.2,0.5541666666666667,0.013272582241067074,0.008723292381091426
3.2,0.5625,0.013161631007960198,0.008654452796498149
3.2,0.5708333333333333,0.01305161631669543,0.008586113492781882
3.2,0.5791666666666667,0.01294253036078843,0.008518270546800679
3.2,0.5875,0.012834365399259693,0.008450920063387855
3.2,0.5958333333333333,0.012727113756088013,0.008384058175131314
3.2,0.6041666666666666,0.01262076781966825,0.008317681042154449
3.2,0.6125,0.01251532004227385,0.00825178485189843
3.2,0.6208333333333333,0.012410762939523642,0.008186365818906147
3.2,0.6291666666666667,0.012307089089853071,0.008121420184607462
3.2,0.6375,0.012204291133989683,0.00805694421710596
3.2,0.6458333333333334,0.012102361774433102,0.007992934210967143
3.2,0.6541666666666667,0.012001293774939144,0.007929386487008114
3.2,0.6625,0.011901079960008496,0.007866297392088746
3.2,0.6708333333333333,0.011801713214379374,0.00780366329890436
3.2,0.6791666666666667,0.011703186482524774,0.007741480605779865
3.2,0.6875,0.011605492768153782,0.007679745736465451
3.2,0.6958333333333333,0.01150862513371718,0.007618455139933681
3.2,0.7041666666666667,0.011412576699917257,0.0075576052901782445
3.2,0.7125,0.011317340645221635,0.0074971926860139485
3.2,0.7208333333333333,0.011222910205381548,0.007437213850878302
3.2,0.7291666666666666,0.01112927867295371,0.007377665332634632
3.2,0.7375,0.011036439396826735,0.007318543703376347
3.2,0.7458333333333333,0.01094438578175117,0.007259845559232918
3.2,0.7541666666666667,0.010853111287873756,0.007201567520177043
3.2,0.7625,0.010762609430275471,0.007143706229833305
3.2,0.7708333333333334,0.010672873778513585,0.007086258355288142
3.2,0.7791666666666667,0.010583897956167458,0.007029220586901272
3.2,0.7875,0.01049567564038834,0.006972589638118318
3.2,0.7958333333333333,0.010408200561452828,0.0069163622452849335
3.2,0.8041666666666667,0.01032146650232019,0.0068605351674621605
3.2,0.8125,0.010235467298193367,0.006805105186243132
3.2,0.8208333333333333,0.010150196836083791,0.006750069105571103
3.2,0.8291666666666667,0.010065649054379755,0.0066954237515587005
3.2,0.8375,0.009981817942418503,0.006641165972308614
3.2,0.8458333333333333,0.009898697540061998,0.006587292637735406
3.2,0.8541666666666666,0.009816281937276128,0.006533800639388683
3.2,0.8625,0.009734565273713651,0.00648068689027749
3.2,0.8708333333333333,0.009653541738300546,0.006427948324696
3.2,0.8791666666666667,0.009573205568825904,0.006375581898050347
3.2,0.8875,0.009493551051535359,0.006323584586686789
3.2,0.8958333333333334,0.009414572520727821,0.006271953387721039
3.2,0.9041666666666667,0.00933626435835577,0.006220685318868804
3.2,0.9125,0.00925862099362884,0.006169777418277517
3.2,0.9208333333333333,0.009181636902620825,0.0061192267443593
3.2,0.9291666666666667,0.009105306607880018,0.006069030375625016
3.2,0.9375,0.009029624678042757,0.006019185410519624
3.2,0.9458333333333333,0.0089545857274504,0.005969688967258558
3.2,0.9541666666666667,0.008880184415769378,0.005920538183665335
3.2,0.9625,0.008806415447614641,0.00587173021701029
3.2,0.9708333333333333,0.008733273572176205,0.005823262243850428
3.2,0.9791666666666666,0.008660753582848827,0.005775131459870409
3.2,0.9875,0.008588850316864969,0.005727335079724608
3.2,0.9958333333333333,0.008517558654930724,0.005679870336880385
3.4,0.004166666666666667,0.023211630900201535,0.014089649659858762
3.4,0.0125,0.023041854268054027,0.014006249145623702
3.4,0.020833333333333332,0.022841765643022868,0.013891706175880794
3.4,0.029166666666666667,0.02264481787286951,0.013779481127139176
3.4,0.0375,0.022453933574243967,0.013672504075565984
3.4,0.04583333333333333,0.02226659668707134,0.013568266351980282
3.4,0.05416666666666667,0.022080983811352945,0.013464951879277412
3.4,0.0625,0.021896488250255322,0.013361961216125253
3.4,0.07083333333333333,0.021713139662553303,0.013259331210002567
3.4,0.07916666666666666,0.021531132747817254,0.013157263682973055
3.4,0.0875,0.02135061850650843,0.0130559166923628
3.4,0.09583333333333334,0.02117166147214534,0.012955361763503724
3.4,0.10416666666666667,0.020994263022470327,0.012855607201473485
3.4,0.1125,0.020818395150066425,0.01275663186228019
3.4,0.12083333333333333,0.02064402412253213,0.012658408813600005
3.4,0.12916666666666668,0.020471121586943905,0.012560916439797787
3.4,0.1375,0.020299667048960534,0.012464140921584134
3.4,0.14583333333333334,0.02012964622128157,0.012368074585021474
3.4,0.15416666666666667,0.019961048316227276,0.012272713194647273
3.4,0.1625,0.019793863798737835,0.012178053707010819
3.4,0.17083333333333334,0.01962808304242268,0.012084092927256079
3.4,0.17916666666666667,0.01946369578280241,0.011990826962891851
3.4,0.1875,0.019300691080880283,0.011898251187887005
3.4,0.19583333333333333,0.01913905752436708,0.011806360444414478
3.4,0.20416666666666666,0.018978783479960553,0.011715149295644819
3.4,0.2125,0.018819857299813888,0.011624612232724717
3.4,0.22083333333333333,0.018662267451029783,0.011534743804776008
3.4,0.22916666666666666,0.01850600257438942,0.011445538678125247
3.4,0.2375,0.018351051493625533,0.011356991646073115
3.4,0.24583333333333332,0.018197403197909398,0.011269097611872976
3.4,0.25416666666666665,0.018045046815105298,0.011181851562472514
3.4,0.2625,0.017893971586588245,0.011095248543814386
3.4,0.2708333333333333,0.017744166848575653,0.01100928364264654
3.4,0.2791666666666667,0.01759562202092256,0.010923951975791501
3.4,0.2875,0.017448326602149088,0.010839248685643846
3.4,0.29583333333333334,0.017302270168672088,0.010755168939867592
3.4,0.30416666666666664,0.01715744237626942,0.01067170793332195
3.4,0.3125,0.017013832962268157,0.010588860890707022
3.4,0.32083333333333336,0.016871431747512645,0.010506623068985015
3.4,0.32916666666666666,0.016730228637659557,0.010424989759124446
3.4,0.3375,0.016590213623698936,0.01034395628706645
3.4,0.3458333333333333,0.0164513767818052,0.010263518014016646
3.4,0.3541666666666667,0.016313708272708945,0.010183670336254296
3.4,0.3625,0.016177198340790434,0.010104408684658806
3.4,0.37083333333333335,0.016041837313059,0.010025728524118397
3.4,0.37916666666666665,0.015907615598132967,0.009947625352935526
3.4,0.3875,0.015774523685284845,0.009870094702293497
3.4,0.3958333333333333,0.015642552143576585,0.009793132135809447
3.4,0.4041666666666667,0.015511691621083717,0.00971673324917248
3.4,0.4125,0.015381932844192509,0.009640893669850993
3.4,0.42083333333333334,0.01525326661694913,0.00956560905684824
3.4,0.42916666666666664,0.01512568382044035,0.009490875100485964
3.4,0.4375,0.014999175412189635,0.009416687522199546
3.4,0.44583333333333336,0.014873732425557628,0.009343042074333993
3.4,0.45416666666666666,0.014749345969140307,0.009269934539934147
3.4,0.4625,0.014626007226162835,0.009197360732526796
3.4,0.4708333333333333,0.014503707453869096,0.009125316495895102
3.4,0.4791666666666667,0.014382437982908456,0.009053797703846643
3.4,0.4875,0.014262190216722129,0.008982800259977854
3.4,0.49583333333333335,0.014142955630931466,0.008912320097436586
3.4,0.5041666666666667,0.014024725772729799,0.00884235317868505
3.4,0.5125,0.01390749226027927,0.008772895495264383
3.4,0.5208333333333334,0.013791246782113535,0.008703943067561552
3.4,0.5291666666666667,0.013675981096546459,0.008635491944579078
3.4,0.5375,0.01356168703108702,0.00856753820370775
3.4,0.5458333333333333,0.013448356481860189,0.008500077950501764
3.4,0.5541666666666667,0.013335981413033412,0.008433107318456593
3.4,0.5625,0.013224553856248532,0.008366622468788783
3.4,0.5708333333333333,0.013114065910058797,0.008300619590217837
3.4,0.5791666666666667,0.013004509739370645,0.00823509489874965
3.4,0.5875,0.012895877574890193,0.008170044637461559
3.4,0.5958333333333333,0.012788161712574424,0.00810546507628886
3.4,0.6041666666666666,0.012681354513086563,0.008041352511812767
3.4,0.6125,0.01257544840125617,0.007977703267049621
3.4,0.6208333333333333,0.012470435865543538,0.007914513691241723
3.4,0.6291666666666667,0.012366309457508558,0.00785178015964941
3.4,0.6375,0.012263061791283914,0.007789499073344678
3.4,0.6458333333333334,0.0121606855430528,0.007727666859006228
3.4,0.6541666666666667,0.012059173450530898,0.00766627996871597
3.4,0.6625,0.01195851831245292,0.007605334879757053
3.4,0.6708333333333333,0.011858712988063203,0.007544828094413337
3.4,0.6791666666666667,0.011759750396610895,0.00748475613977032
3.4,0.6875,0.01166162351684926,0.007425115567517568
3.4,0.6958333333333333,0.011564325386539299,0.007365902953752487
3.4,0.7041666666666667,0.011467849101957535,0.007307114898785725
3.4,0.7125,0.01137218781740785,0.007248748026947713
3.4,0.7208333333333333,0.0112773347447378,0.007190798986396812
3.4,0.7291666666666666,0.011183283152858475,0.007133264448928839
3.4,0.7375,0.011090026367268963,0.007076141109787782
3.4,0.7458333333333333,0.010997557769584405,0.007019425687478109
3.4,0.7541666666666667,0.010905870797068283,0.006963114923578236
3.4,0.7625,0.01081495894216853,0.006907205582555454
3.4,0.7708333333333334,0.010724815752057661,0.006851694451582088
3.4,0.7791666666666667,0.010635434828176612,0.0067965783403530836
3.4,0.7875,0.010546809825782611,0.0067418540809047346
3.4,0.7958333333333333,0.010458934453500768,0.006687518527434886
3.4,0.8041666666666667,0.010371802472879483,0.006633568556124298
3.4,0.8125,0.010285407697949578,0.00658000106495933
3.4,0.8208333333333333,0.010199743994787243,0.006526812973555905
3.4,0.8291666666666667,0.010114805281080545,0.006474001222984634
3.4,0.8375,0.010030585525699678,0.006421562775597365
3.4,0.8458333333333333,0.009947078748270888,0.00636949461485478
3.4,0.8541666666666666,0.009864279018753856,0.006317793745155315
3.4,0.8625,0.009782180457022834,0.006266457191665279
3.4,0.8708333333333333,0.009700777232451191,0.006215482000150198
3.4,0.8791666666666667,0.0096200635634995,0.006164865236807281
3.4,0.8875,0.009540033717307194,0.006114603988099159
3.4,0.8958333333333334,0.009460682009287522,0.006064695360588747
3.4,0.9041666666666667,0.009382002802726105,0.0060151364807753014
3.4,0.9125,0.009303990508382714,0.005965924494931584
3.4,0.9208333333333333,0.009226639584096584,0.005917056568942248
3.4,0.9291666666666667,0.00914994453439497,0.005868529888143282
3.4,0.9375,0.009073899910104998,0.0058203416571626565
3.4,0.9458333333333333,0.008998500307968931,0.0057724890997620315
3.4,0.9541666666666667,0.008923740370262495,0.0057249694586795985
3.4,0.9625,0.008849614784416648,0.005677779995474037
3.4,0.9708333333333333,0.008776118282642423,0.005630917990369533
3.4,0.9791666666666666,0.008703245641558922,0.005584380742101907
3.4,0.9875,0.008630991681824638,0.005538165567765752
3.4,0.9958333333333333,0.00855935126777169,0.005492269802662786
3.6,0.004166666666666667,0.023312732541003977,0.013609718502096357
3.6,0.0125,0.02314047257063084,0.013528370510575868
3.6,0.020833333333333332,0.022939511090562803,0.01341745616275665
3.6,0.029166666666666667,0.02274230261848228,0.013309437767809322
3.6,0.0375,0.022551025864547335,0.013206501756200716
3.6,0.04583333333333333,0.022363030599642526,0.013106005548570339
3.6,0.05416666666666667,0.022176611522886913,0.013006251423876266
3.6,0.0625,0.021991288991082006,0.012906767249464357
3.6,0.07083333333333333,0.021807155195211,0.012807652658176889
3.6,0.07916666666666666,0.02162441329378206,0.012709118182297056
3.6,0.0875,0.021443198211660096,0.01261130605297754
3.6,0.09583333333333334,0.02126355554989581,0.012514269110661143
3.6,0.10416666666666667,0.021085474306075307,0.01241800352601805
3.6,0.1125,0.020908921707563574,0.012322483633771366
3.6,0.12083333333333333,0.020733864371724833,0.012227683093494318
3.6,0.12916666666666668,0.02056027646782011,0.012133583052079932
3.6,0.1375,0.020388140148149637,0.012040172575449941
3.6,0.14583333333333334,0.02021744294113337,0.011947446042196627
3.6,0.15416666666666667,0.020048174881133887,0.011855400273962681
3.6,0.1625,0.019880326501130977,0.011764032528666856
3.6,0.17083333333333334,0.01971388783419498,0.011673339502524272
3.6,0.17916666666666667,0.019548848155192405,0.011583317072293674
3.6,0.1875,0.01938519612056296,0.01149396043559138
3.6,0.19583333333333333,0.019222920041459042,0.01140526438456309
3.6,0.20416666666666666,0.019062008137283648,0.011317223559948904
3.6,0.2125,0.018902448708370174,0.011229832624286123
3.6,0.22083333333333333,0.018744230223244663,0.011143086349689298
3.6,0.22916666666666666,0.018587341341853615,0.011056979641591325
3.6,0.2375,0.018431770901794584,0.010971507525483126
3.6,0.24583333333333332,0.018277507889916587,0.010886665119018117
3.6,0.25416666666666665,0.018124541413673822,0.01080244760386558
3.6,0.2625,0.017972860679226477,0.010718850204306785
3.6,0.2708333333333333,0.017822454978043363,0.010635868174328522
3.6,0.2791666666666667,0.017673313680826044,0.010553496792033521
3.6,0.2875,0.017525426236435156,0.010471731359048837
3.6,0.29583333333333334,0.017378782173489177,0.010390567202602397
3.6,0.30416666666666664,0.017233371102840636,0.010309999678472636
3.6,0.3125,0.017089182719810216,0.010230024173691874
3.6,0.32083333333333336,0.016946206805652047,0.010150636108476527
3.6,0.32916666666666666,0.016804433228141406,0.010071830937275567
3.6,0.3375,0.01666385194141563,0.009993604149068363
3.6,0.3458333333333333,0.016524452985295993,0.009915951267138783
3.6,0.3541666666666667,0.016386226484320015,0.009838867848556384
3.6,0.3625,0.01624916264667001,0.009762349483549145
3.6,0.37083333333333335,0.01611325176311911,0.009686391794890085
3.6,0.37916666666666665,0.015978484206060368,0.009610990437362998
3.6,0.3875,0.01584485042863956,0.00953614109732771
3.6,0.3958333333333333,0.015712340963984165,0.009461839492377756
3.6,0.4041666666666667,0.015580946424507375,0.009388081371069341
3.6,0.4125,0.015450657501262335,0.00931486251269649
3.6,0.42083333333333334,0.015321464963324209,0.009242178727090315
3.6,0.42916666666666664,0.01519335965718326,0.009170025854425693
3.6,0.4375,0.015066332506138503,0.009098399765024473
3.6,0.44583333333333336,0.01494037450968669,0.009027296359150555
3.6,0.45416666666666666,0.014815476742905204,0.008956711566795204
3.6,0.4625,0.014691630355830333,0.008886641347453969
3.6,0.4708333333333333,0.014568826572833326,0.008817081689897859
3.6,0.4791666666666667,0.014447056691996725,0.0087480286119412
3.6,0.4875,0.014326312084493465,0.008679478160208899
3.6,0.49583333333333335,0.014206584193970676,0.008611426409904562
3.6,0.5041666666666667,0.014087864535939064,0.008543869464580961
3.6,0.5125,0.01397014469716862,0.008476803455913349
3.6,0.5208333333333334,0.01385341633509075,0.008410224543475675
3.6,0.5291666666666667,0.01373767117720668,0.008344128914519688
3.6,0.5375,0.013622901020501742,0.00827851278375678
3.6,0.5458333333333333,0.013509097730865338,0.00821337239314179
3.6,0.5541666666666667,0.013396253242516105,0.008148704011659092
3.6,0.5625,0.013284359557432098,0.008084503935110145
3.6,0.5708333333333333,0.013173408744785769,0.008020768485902717
3.6,0.5791666666666667,0.013063392940383533,0.007957494012841446
3.6,0.5875,0.012954304346109894,0.007894676890919803
3.6,0.5958333333333333,0.012846135229376224,0.007832313521113384
3.6,0.6041666666666666,0.01273887792257379,0.007770400330174653
3.6,0.6125,0.012632524822531523,0.007708933770428862
3.6,0.6208333333333333,0.012527068389978146,0.007647910319571648
3.6,0.6291666666666667,0.012422501149008867,0.00758732648046784
3.6,0.6375,0.012318815686556477,0.007527178780951848
3.6,0.6458333333333334,0.012216004651866948,0.007467463773629425
3.6,0.6541666666666667,0.012114060755979487,0.007408178035680909
3.6,0.6625,0.01201297677121101,0.007349318168665933
3.6,0.6708333333333333,0.011912745530644808,0.007290880798329539
3.6,0.6791666666666667,0.011813359927623772,0.007232862574409684
3.6,0.6875,0.011714812915247766,0.007175260170446243
3.6,0.6958333333333333,0.011617097505875282,0.007118070283591237
3.6,0.7041666666666667,0.011520206770629328,0.00706128963442066
3.6,0.7125,0.011424133838907306,0.007004914966747414
3.6,0.7208333333333333,0.011328871897895422,0.00694894304743575
3.6,0.7291666666666666,0.011234414192086614,0.006893370666217081
3.6,0.7375,0.01114075402280313,0.006838194635506888
3.6,0.7458333333333333,0.011047884747722697,0.006783411790223223
3.6,0.7541666666666667,0.010955799780408875,0.006729018987606287
3.6,0.7625,0.010864492589845367,0.0066750131070394386
3.6,0.7708333333333334,0.010773956699974246,0.006621391049871383
3.6,0.7791666666666667,0.010684185689237973,0.006568149739239754
3.6,0.7875,0.010595173190125437,0.0065152861198957916
3.6,0.7958333333333333,0.010506912888721714,0.00646279715803042
3.6,0.8041666666666667,0.0104193985242617,0.006410679841101512
3.6,0.8125,0.010332623888687414,0.006358931177662359
3.6,0.8208333333333333,0.010246582826209178,0.006307548197191419
3.6,0.8291666666666667,0.010161269232870366,0.006256527949923177
3.6,0.8375,0.01007667705611588,0.006205867506680382
3.6,0.8458333333333333,0.00999280029436434,0.006155563958707286
3.6,0.8541666666666666,0.009909632996583713,0.006105614417504166
3.6,0.8625,0.009827169261870751,0.006056016014663021
3.6,0.8708333333333333,0.009745403239033798,0.0060067659017044245
3.6,0.8791666666666667,0.009664329126179191,0.005957861249915469
3.6,0.8875,0.009583941170301207,0.005909299250188956
3.6,0.8958333333333334,0.009504233666875351,0.005861077112863659
3.6,0.9041666666666667,0.009425200959455215,0.005813192067565723
3.6,0.9125,0.009346837439272622,0.005765641363051179
3.6,0.9208333333333333,0.009269137544841278,0.005718422267049584
3.6,0.9291666666666667,0.009192095761563665,0.005671532066108722
3.6,0.9375,0.009115706621341296,0.0056249680654404605
3.6,0.9458333333333333,0.009039964702188341,0.005578727588767604
3.6,0.9541666666666667,0.008964864627848334,0.005532807978171879
3.6,0.9625,0.008890401067414374,0.00548720659394298
3.6,0.9708333333333333,0.008816568734952318,0.0054419208144286385
3.6,0.9791666666666666,0.008743362389127266,0.0053969480358857696
3.6,0.9875,0.00867077683283324,0.005352285672332586
3.6,0.9958333333333333,0.008598806912825907,0.0053079311554019085
3.8000000000000003,0.004166666666666667,0.02341132853293313,0.01314379703816104
3.8000000000000003,0.0125,0.02323673237556437,0.013064505558461163
3.8000000000000003,0.020833333333333332,0.023034964238342524,0.012957144061521635
3.8000000000000003,0.029166666666666667,0.02283746883762802,0.012853165309233857
3.8000000000000003,0.0375,0.022645747139504506,0.01275407824014489
3.8000000000000003,0.04583333333333333,0.022457059869413223,0.01265715147973486
3.8000000000000003,0.05416666666666667,0.022269828503003818,0.01256081433191978
3.8000000000000003,0.0625,0.022083689748374793,0.012464711261926838
3.8000000000000003,0.07083333333333333,0.021898785165876764,0.01236899151672074
3.8000000000000003,0.07916666666666666,0.021715318509855187,0.012273866467361795
3.8000000000000003,0.0875,0.02153340667898553,0.012179460559952077
3.8000000000000003,0.09583333333333334,0.021353077926759736,0.012085809526727486
3.8000000000000003,0.10416666666666667,0.021174311472887737,0.011992899998060854
3.8000000000000003,0.1125,0.02099707186916799,0.011900703868928266
3.8000000000000003,0.12083333333333333,0.020821327154972997,0.011809196454985023
3.8000000000000003,0.12916666666666668,0.02064705421139204,0.011718361847293975
3.8000000000000003,0.1375,0.020474237517791143,0.011628191669465408
3.8000000000000003,0.14583333333333334,0.020302865942682994,0.011538681869101609
3.8000000000000003,0.15416666666666667,0.020132929936118534,0.011449829910758621
3.8000000000000003,0.1625,0.01996441985333817,0.011361633100161661
3.8000000000000003,0.17083333333333334,0.01979732529922893,0.01127408792922228
3.8000000000000003,0.17916666666666667,0.019631635110509773,0.011187190058778168
3.8000000000000003,0.1875,0.019467337615054706,0.011100934578466138
3.8000000000000003,0.19583333333333333,0.0193044209321114,0.011015316307485713
3.8000000000000003,0.20416666666666666,0.0191428732008367,0.010930330023674373
3.8000000000000003,0.2125,0.018982682709717036,0.010845970593463554
3.8000000000000003,0.22083333333333333,0.018823837943461385,0.010762233019301862
3.8000000000000003,0.22916666666666666,0.01866632757812505,0.010679112435304443
3.8000000000000003,0.2375,0.01851014045279059,0.010596604079455318
3.8000000000000003,0.24583333333333332,0.018355265537266106,0.010514703261821856
3.8000000000000003,0.25416666666666665,0.01820169190600851,0.010433405338989834
3.8000000000000003,0.2625,0.018049408721534654,0.010352705697981785
3.8000000000000003,0.2708333333333333,0.017898405226496755,0.010272599748835308
3.8000000000000003,0.2791666666666667,0.017748670741872415,0.010193082923291144
3.8000000000000003,0.2875,0.01760019466852114,0.010114150676843512
3.8000000000000003,0.29583333333333334,0.01745296648993119,0.010035798491976368
3.8000000000000003,0.30416666666666664,0.017306975774780266,0.009958021881209056
3.8000000000000003,0.3125,0.01716221217865202,0.009880816389293553
3.8000000000000003,0.32083333333333336,0.01701866544476265,0.009804177594417417
3.8000000000000003,0.32916666666666666,0.016876325403843716,0.009728101108558571
3.8000000000000003,0.3375,0.016735181973443827,0.009652582577255214
3.8000000000000003,0.3458333333333333,0.016595225156915302,0.009577617679055772
3.8000000000000003,0.3541666666666667,0.016456445042294127,0.009503202124858832
3.8000000000000003,0.3625,0.016318831801210416,0.009429331657278705
3.8000000000000003,0.37083333333333335,0.01618237568789616,0.009356002050104673
3.8000000000000003,0.37916666666666665,0.016047067038309604,0.00928320910787282
3.8000000000000003,0.3875,0.015912896269364058,0.009210948665538
3.8000000000000003,0.3958333333333333,0.015779853878234627,0.009139216588219853
3.8000000000000003,0.4041666666666667,0.015647930441714263,0.009068008770994462
3.8000000000000003,0.4125,0.015517116615595117,0.008997321138707062
3.8000000000000003,0.42083333333333334,0.015387403134057457,0.008927149645788562
3.8000000000000003,0.42916666666666664,0.015258780809056073,0.008857490276065862
3.8000000000000003,0.4375,0.015131240529699858,0.008788339042561275
3.8000000000000003,0.44583333333333336,0.015004773261624492,0.008719691987281434
3.8000000000000003,0.45416666666666666,0.014879370046359973,0.008651545180997406
3.8000000000000003,0.4625,0.014755022000696479,0.008583894723019177
3.8000000000000003,0.4708333333333333,0.014631720316051386,0.008516736740967767
3.8000000000000003,0.4791666666666667,0.014509456257839821,0.008450067390547197
3.8000000000000003,0.4875,0.014388221164850546,0.0083838828553183
3.8000000000000003,0.49583333333333335,0.01426800644862821,0.00831817934647509
3.8000000000000003,0.5041666666666667,0.01414880359286217,0.008252953102624276
3.8000000000000003,0.5125,0.014030604152781933,0.008188200389567938
3.8000000000000003,0.5208333333333334,0.013913399754558936,0.008123917500088862
3.8000000000000003,0.5291666666666667,0.013797182094714198,0.008060100753738413
3.8000000000000003,0.5375,0.013681942939531478,0.00799674649662656
3.8000000000000003,0.5458333333333333,0.013567674124475588,0.007933851101213425
3.8000000000000003,0.5541666666666667,0.013454367553615695,0.007871410966102664
3.8000000000000003,0.5625,0.013342015199053269,0.007809422515836018
3.8000000000000003,0.5708333333333333,0.01323060910035478,0.007747882200689327
3.8000000000000003,0.5791666666666667,0.01312014136398884,0.007686786496469758
3.8000000000000003,0.5875,0.013010604162768011,0.007626131904314375
3.8000000000000003,0.5958333333333333,0.012901989735295272,0.007565914950490041
3.8000000000000003,0.6041666666666666,0.012794290385414794,0.007506132186194769
3.8000000000000003,0.6125,0.012687498481667558,0.007446780187360266
3.8000000000000003,0.6208333333333333,0.01258160645675141,0.007387855554456166
3.8000000000000003,0.6291666666666667,0.01247660680698571,0.007329354912295449
3.8000000000000003,0.6375,0.012372492091780454,0.007271274909841446
3.8000000000000003,0.6458333333333334,0.012269254933109918,0.007213612220016171
3.8000000000000003,0.6541666666666667,0.012166888014990785,0.007156363539510106
3.8000000000000003,0.6625,0.012065384082964696,0.007099525588593371
3.8000000000000003,0.6708333333333333,0.011964735943585016,0.007043095110928297
3.8000000000000003,0.6791666666666667,0.01186493646390813,0.006987068873383286
3.8000000000000003,0.6875,0.011765978570988935,0.006931443665848145
3.8000000000000003,0.6958333333333333,0.01166785525138059,0.006876216301050575
3.8000000000000003,0.7041666666666667,0.011570559550638508,0.006821383614374209
3.8000000000000003,0.7125,0.011474084572828386,0.0067669424636777
3.8000000000000003,0.7208333333333333,0.011378423480038716,0.0067128897291153095
3.8000000000000003,0.7291666666666666,0.011283569491896867,0.006659222312958756
3.8000000000000003,0.7375,0.011189515885089816,0.006605937139420172
3.8000000000000003,0.7458333333333333,0.011096255992888479,0.006553031154476561
3.8000000000000003,0.7541666666666667,0.01100378320467629,0.006500501325695341
3.8000000000000003,0.7625,0.010912090965481637,0.006448344642061236
3.8000000000000003,0.7708333333333334,0.010821172775514356,0.006396558113804308
3.8000000000000003,0.7791666666666667,0.01073102218970596,0.006345138772229391
3.8000000000000003,0.7875,0.010641632817253905,0.006294083669546492
3.8000000000000003,0.7958333333333333,0.01055299832116959,0.006243389878702624
3.8000000000000003,0.8041666666666667,0.010465112417830264,0.006193054493214771
3.8000000000000003,0.8125,0.010377968876534626,0.006143074627003963
3.8000000000000003,0.8208333333333333,0.010291561519062237,0.00609344741423066
3.8000000000000003,0.8291666666666667,0.010205884219236608,0.00604417000913117
3.8000000000000003,0.8375,0.010120930902491977,0.005995239585855406
3.8000000000000003,0.8458333333333333,0.01003669554544379,0.005946653338305605
3.8000000000000003,0.8541666666666666,0.009953172175462703,0.005898408479976298
3.8000000000000003,0.8625,0.009870354870252318,0.0058505022437954045
3.8000000000000003,0.8708333333333333,0.009788237757430372,0.005802931881966451
3.8000000000000003,0.8791666666666667,0.009706815014113477,0.00575569466581185
3.8000000000000003,0.8875,0.009626080866505482,0.005708787885617354
3.8000000000000003,0.8958333333333334,0.009546029589489103,0.005662208850477588
3.8000000000000003,0.9041666666666667,0.009466655506221205,0.005615954888142645
3.8000000000000003,0.9125,0.00938795298773134,0.005570023344865774
3.8000000000000003,0.9208333333333333,0.009309916452523818,0.0055244115852521635
3.8000000000000003,0.9291666666666667,0.009232540366183031,0.005479116992108732
3.8000000000000003,0.9375,0.00915581924098213,0.005434136966295046
3.8000000000000003,0.9458333333333333,0.009079747635495142,0.005389468926575198
3.8000000000000003,0.9541666666666667,0.00900432015421209,0.005345110309470789
3.8000000000000003,0.9625,0.008929531447157697,0.005301058569114912
3.8000000000000003,0.9708333333333333,0.008855376209513035,0.005257311177107144
3.8000000000000003,0.9791666666666666,0.008781849181240498,0.005213865622369581
3.8000000000000003,0.9875,0.008708945146711998,0.0051707194110037925
3.8000000000000003,0.9958333333333333,0.008636658934340194,0.005127870066148939
4.0,0.004166666666666667,0.023508071234209196,0.01269259821761485
4.0,0.0125,0.023331271691642314,0.012615356512185018
4.0,0.020833333333333332,0.023128751880983723,0.012511464443320169
4.0,0.029166666666666667,0.02293094355425008,0.012411362054302358
4.0,0.0375,0.02273873236932062,0.012315943219379073
4.0,0.04583333333333333,0.022549328300892457,0.012222426055378143
4.0,0.05416666666666667,0.02236128412965909,0.012129371411551893
4.0,0.0625,0.022174341648963394,0.012036529076878102
4.0,0.07083333333333333,0.021988680115034322,0.011944086230933173
4.0,0.07916666666666666,0.021804497832233444,0.011852249029767718
4.0,0.0875,0.021621892905018238,0.01176112335849467
4.0,0.09583333333333334,0.021440878187233232,0.011670729781199575
4.0,0.10416666666666667,0.021261425514510695,0.01158104777395632
4.0,0.1125,0.02108349842070159,0.011492048441867294
4.0,0.12083333333333333,0.02090706704365327,0.011403709425444579
4.0,0.12916666666666668,0.020732110926728966,0.011316017702728227
4.0,0.1375,0.020558616482718298,0.011228967053789663
4.0,0.14583333333333334,0.020386573485281865,0.011142554552763771
4.0,0.15416666666666667,0.020215972485585473,0.011056777985066189
4.0,0.1625,0.02004680350811353,0.010971634543783587
4.0,0.17083333333333334,0.019879055708140237,0.010887120487717521
4.0,0.17916666666666667,0.0197127175390672,0.010803231309289065
4.0,0.1875,0.01954777708019612,0.01071996206287379
4.0,0.19583333333333333,0.019384222330125683,0.010637307658756014
4.0,0.20416666666666666,0.019222041394857742,0.010555263051786917
4.0,0.2125,0.019061222572347818,0.010473823326482825
4.0,0.22083333333333333,0.018901754365040633,0.010392983710103037
4.0,0.22916666666666666,0.018743625455302285,0.010312739548619615
4.0,0.2375,0.018586824670044872,0.010233086271875275
4.0,0.24583333333333332,0.018431340949613496,0.010154019362998387
4.0,0.25416666666666665,0.018277163326802157,0.010075534337942352
4.0,0.2625,0.018124280916083434,0.009997626735234124
4.0,0.2708333333333333,0.017972682910437753,0.009920292113317969
4.0,0.2791666666666667,0.017822358582581098,0.009843526052292592
4.0,0.2875,0.017673297287923547,0.00976732415737493
4.0,0.29583333333333334,0.01752548846751451,0.009691682062346075
4.0,0.30416666666666664,0.017378921650106915,0.009616595432111555
4.0,0.3125,0.01723358645311155,0.009542059964147608
4.0,0.32083333333333336,0.017089472582585353,0.009468071388976805
4.0,0.32916666666666666,0.01694656983255011,0.00939462546996969
4.0,0.3375,0.016804868083947648,0.009321718002779035
4.0,0.3458333333333333,0.01666435730347426,0.009249344814648421
4.0,0.3541666666666667,0.016525027542448993,0.009177501763751098
4.0,0.3625,0.016386868935793355,0.009106184738635512
4.0,0.37083333333333335,0.01624987170113996,0.009035389657795965
4.0,0.37916666666666665,0.016114026138055054,0.00896511246935305
4.0,0.3875,0.015979322627344014,0.008895349150812746
4.0,0.3958333333333333,0.015845751630407114,0.008826095708871705
4.0,0.4041666666666667,0.015713303688618473,0.00875734817924214
4.0,0.4125,0.015581969422710593,0.008689102626477794
4.0,0.42083333333333334,0.015451739532153572,0.00862135514379093
4.0,0.42916666666666664,0.015322604794525874,0.008554101852856945
4.0,0.4375,0.015194556064877001,0.008487338903606898
4.0,0.44583333333333336,0.01506758427508532,0.008421062474011367
4.0,0.45416666666666666,0.014941680433214083,0.008355268769858863
4.0,0.4625,0.014816835622869484,0.008289954024532236
4.0,0.4708333333333333,0.014693041002563034,0.00822511449878579
4.0,0.4791666666666667,0.01457028780507977,0.008160746480524514
4.0,0.4875,0.01444856733685331,0.008096846284586491
4.0,0.49583333333333335,0.014327870977347772,0.008033410252528468
4.0,0.5041666666666667,0.014208190178446484,0.007970434752414537
4.0,0.5125,0.014089516463846945,0.007907916178607678
4.0,0.5208333333333334,0.013971841428461664,0.007845850951563363
4.0,0.5291666666666667,0.013855156737824439,0.007784235517625237
4.0,0.5375,0.013739454127501705,0.007723066348822431
4.0,0.5458333333333333,0.013624725402508808,0.0076623399426680346
4.0,0.5541666666666667,0.013510962436730944,0.007602052821959158
4.0,0.5625,0.013398157172348813,0.007542201534578022
4.0,0.5708333333333333,0.013286301619268909,0.007482782653294444
4.0,0.5791666666666667,0.013175387854558386,0.0074237927755695
4.0,0.5875,0.013065408021884608,0.007365228523360579
4.0,0.5958333333333333,0.012956354330959442,0.007307086542927745
4.0,0.6041666666666666,0.012848219056988021,0.007249363504641606
4.0,0.6125,0.012740994540122287,0.007192056102792319
4.0,0.6208333333333333,0.012634673184919088,0.007135161055400345
4.0,0.6291666666666667,0.012529247459802904,0.0070786751040282855
4.0,0.6375,0.012424709896533069,0.007022595013594331
4.0,0.6458333333333334,0.012321053089675493,0.006966917572186928
4.0,0.6541666666666667,0.012218269696078915,0.006911639590880907
4.0,0.6625,0.012116352434355568,0.006856757903554896
4.0,0.6708333333333333,0.01201529408436607,0.006802269366710092
4.0,0.6791666666666667,0.011915087486708812,0.006748170859290275
4.0,0.6875,0.011815725542213627,0.00669445928250325
4.0,0.6958333333333333,0.01171720121143965,0.006641131559643381
4.0,0.7041666666666667,0.011619507514177481,0.006588184635915625
4.0,0.7125,0.011522637528955378,0.006535615478260596
4.0,0.7208333333333333,0.011426584392549928,0.006483421075181057
4.0,0.7291666666666666,0.011331341299500343,0.006431598436569648
4.0,0.7375,0.011236901501627388,0.006380144593537678
4.0,0.7458333333333333,0.011143258307555946,0.006329056598245368
4.0,0.7541666666666667,0.01105040508224181,0.006278331523733162
4.0,0.7625,0.010958335246502396,0.006227966463754298
4.0,0.7708333333333334,0.010867042276551468,0.006177958532608543
4.0,0.7791666666666667,0.010776519703537669,0.006128304864977237
4.0,0.7875,0.010686761113087055,0.006079002615759288
4.0,0.7958333333333333,0.010597760144849415,0.006030048959908554
4.0,0.8041666666666667,0.01050951049204847,0.005981441092272317
4.0,0.8125,0.010422005901035803,0.005933176227430823
4.0,0.8208333333333333,0.01033524017084861,0.005885251599538098
4.0,0.8291666666666667,0.010249207152771118,0.005837664462163751
4.0,0.8375,0.01016390074989975,0.005790412088136082
4.0,0.8458333333333333,0.010079314916711955,0.00574349176938612
4.0,0.8541666666666666,0.009995443658638591,0.005696900816792863
4.0,0.8625,0.009912281031640076,0.005650636560029591
4.0,0.8708333333333333,0.009829821141785927,0.005604696347411318
4.0,0.8791666666666667,0.009748058144837984,0.005559077545743198
4.0,0.8875,0.009666986245837169,0.0055137775401701205
4.0,0.8958333333333334,0.009586599698693542,0.005468793734027334
4.0,0.9041666666666667,0.009506892805780034,0.005424123548692081
4.0,0.9125,0.009427859917529464,0.005379764423436303
4.0,0.9208333333333333,0.009349495432035077,0.005335713815280411
4.0,0.9291666666666667,0.009271793794654315,0.005291969198848015
4.0,0.9375,0.009194749497616042,0.005248528066221748
4.0,0.9458333333333333,0.009118357079631106,0.005205387926800024
4.0,0.9541666666666667,0.00904261112550602,0.0051625463071548515
4.0,0.9625,0.008967506265760152,0.005120000750890635
4.0,0.9708333333333333,0.008893037176245937,0.00507774881850392
4.0,0.9791666666666666,0.008819198577772375,0.005035788087244181
4.0,0.9875,0.00874598523573178,0.0049941161509754715
4.0,0.9958333333333333,0.008673391959729585,0.00495273062003922
4.2,0.004166666666666667,0.023603376983241477,0.012256436526436801
4.2,0.0125,0.023424494363137018,0.012181229316575556
4.2,0.020833333333333332,0.02322126869758488,0.012080717985566586
4.2,0.029166666666666667,0.02302312229410542,0.011984333369985585
4.2,0.0375,0.02283038408016859,0.011892412849687279
4.2,0.04583333333333333,0.022640245579542116,0.011802156324829241
4.2,0.05416666666666667,0.022451392167596642,0.011712257471855772
4.2,0.0625,0.02226365936833269,0.011622560041185536
4.2,0.07083333333333333,0.02207725394666938,0.011533278950149837
4.2,0.07916666666666666,0.02189236425465425,0.011444610629844844
4.2,0.0875,0.021709069705745446,0.01135664250005186
4.2,0.09583333333333334,0.021527369858076146,0.011269382053134179
4.2,0.10416666666666667,0.021347231281093393,0.011182803721303914
4.2,0.1125,0.02116861775420582,0.011096879075891918
4.2,0.12083333333333333,0.02099150188010684,0.0110115884412872
4.2,0.12916666666666668,0.02081586566019378,0.010926921470967561
4.2,0.1375,0.02064169702920812,0.010842873682745306
4.2,0.14583333333333334,0.020468986293543785,0.010759442897675631
4.2,0.15416666666666667,0.02029772387751353,0.010676626986918448
4.2,0.1625,0.020127899394879165,0.010594422943857835
4.2,0.17083333333333334,0.019959501573356502,0.010512826809191904
4.2,0.17916666666666667,0.019792518551995868,0.010431833968892508
4.2,0.1875,0.01962693823501613,0.010351439508613574
4.2,0.19583333333333333,0.019462748555164083,0.01027163847761986
4.2,0.20416666666666666,0.019299937614670765,0.010192426030307076
4.2,0.2125,0.019138493728538302,0.0101137974700483
4.2,0.22083333333333333,0.01897840541062428,0.010035748235832299
4.2,0.22916666666666666,0.01881966133735523,0.009958273866526337
4.2,0.2375,0.018662250311165137,0.009881369964859483
4.2,0.24583333333333332,0.01850616123378737,0.009805032171253855
4.2,0.25416666666666665,0.01835138309133431,0.009729256149439203
4.2,0.2625,0.01819790494886228,0.009654037581547923
4.2,0.2708333333333333,0.0180457159508003,0.00957937216906949
4.2,0.2791666666666667,0.017894805323973126,0.00950525563639399
4.2,0.2875,0.017745162380966132,0.009431683734693372
4.2,0.29583333333333334,0.01759677652264272,0.009358652244950362
4.2,0.30416666666666664,0.017449637239435625,0.00928615697975682
4.2,0.3125,0.01730373411152207,0.009214193783991529
4.2,0.32083333333333336,0.017159056808207104,0.009142758534701626
4.2,0.32916666666666666,0.017015595086868097,0.009071847140540611
4.2,0.3375,0.016873338791744824,0.009001455541048047
4.2,0.3458333333333333,0.016732277852759953,0.0089315797059547
4.2,0.3541666666666667,0.016592402284460003,0.008862215634604395
4.2,0.3625,0.01645370218510015,0.008793359355514977
4.2,0.37083333333333335,0.01631616773585392,0.008725006926060262
4.2,0.37916666666666665,0.01617978920011306,0.00865715443223792
4.2,0.3875,0.016044556922840778,0.008589797988486409
4.2,0.3958333333333333,0.015910461329948177,0.008522933737520982
4.2,0.4041666666666667,0.01577749292767389,0.008456557850169131
4.2,0.4125,0.015645642301957082,0.008390666525194865
4.2,0.42083333333333334,0.0155149001177998,0.008325255989108679
4.2,0.42916666666666664,0.015385257118620672,0.008260322495964737
4.2,0.4375,0.01525670412560301,0.008195862327148522
4.2,0.44583333333333336,0.01512923203704196,0.008131871791159559
4.2,0.45416666666666666,0.015002831827693614,0.0080683472233924
4.2,0.4625,0.01487749454812929,0.008005284985918707
4.2,0.4708333333333333,0.01475321132409623,0.007942681467272032
4.2,0.4791666666666667,0.01462997335588535,0.007880533082235849
4.2,0.4875,0.0145077719177062,0.00781883627163514
4.2,0.49583333333333335,0.014386598357068722,0.007757587502130897
4.2,0.5041666666666667,0.014266444094171367,0.007696783266017302
4.2,0.5125,0.014147300621294918,0.00763642008102119
4.2,0.5208333333333334,0.014029159502201788,0.007576494490103009
4.2,0.5291666666666667,0.013912012371540328,0.007517003061259432
4.2,0.5375,0.013795850934253975,0.00745794238732728
4.2,0.5458333333333333,0.01368066696499519,0.007399309085788412
4.2,0.5541666666666667,0.013566452307544026,0.007341099798576095
4.2,0.5625,0.01345319887423145,0.0072833111918824125
4.2,0.5708333333333333,0.013340898645367404,0.007225939955967024
4.2,0.5791666666666667,0.013229543668673429,0.00716898280496716
4.2,0.5875,0.013119126058720199,0.007112436476709032
4.2,0.5958333333333333,0.013009637996369748,0.007056297732520522
4.2,0.6041666666666666,0.012901071728222285,0.0070005633570454145
4.2,0.6125,0.012793419566067827,0.0069452301580587295
4.2,0.6208333333333333,0.012686673886342367,0.006890294966283761
4.2,0.6291666666666667,0.012580827129588735,0.006835754635210162
4.2,0.6375,0.012475871799921934,0.006781606040913568
4.2,0.6458333333333334,0.012371800464499,0.00672784608187644
4.2,0.6541666666666667,0.012268605752993364,0.006674471678810231
4.2,0.6625,0.012166280357073686,0.006621479774478868
4.2,0.6708333333333333,0.012064817029886857,0.006568867333523478
4.2,0.6791666666666667,0.011964208585545553,0.006516631342288343
4.2,0.6875,0.011864447898620102,0.006464768808648239
4.2,0.6958333333333333,0.011765527903634443,0.006413276761836808
4.2,0.7041666666666667,0.011667441594566556,0.006362152252276388
4.2,0.7125,0.011570182024352846,0.006311392351408854
4.2,0.7208333333333333,0.01147374230439699,0.006260994151527815
4.2,0.7291666666666666,0.011378115604082523,0.0062109547656120255
4.2,0.7375,0.01128329515028999,0.006161271327159829
4.2,0.7458333333333333,0.011189274226917772,0.006111940990025005
4.2,0.7541666666666667,0.011096046174407173,0.0060629609282536285
4.2,0.7625,0.011003604389271388,0.006014328335922165
4.2,0.7708333333333334,0.010911942323628566,0.005966040426976696
4.2,0.7791666666666667,0.010821053484738639,0.0059180944350734135
4.2,0.7875,0.010730931434544176,0.005870487613420003
4.2,0.7958333333333333,0.010641569789215079,0.005823217234618401
4.2,0.8041666666666667,0.01055296221869709,0.005776280590508586
4.2,0.8125,0.010465102446264104,0.005729674992013426
4.2,0.8208333333333333,0.01037798424807431,0.0056833977689847255
4.2,0.8291666666666667,0.010291601452729957,0.005637446270050258
4.2,0.8375,0.010205947940840955,0.005591817862462031
4.2,0.8458333333333333,0.010121017644592091,0.005546509931945477
4.2,0.8541666666666666,0.010036804547313849,0.0055015198825498
4.2,0.8625,0.009953302683056985,0.005456845136499342
4.2,0.8708333333333333,0.00987050613617054,0.005412483134046069
4.2,0.8791666666666667,0.00978840904088348,0.005368431333322979
4.2,0.8875,0.009707005580889943,0.005324687210198653
4.2,0.8958333333333334,0.009626289988937773,0.005281248258132789
4.2,0.9041666666666667,0.009546256546420743,0.005238111988032748
4.2,0.9125,0.009466899582974073,0.005195275928111095
4.2,0.9208333333333333,0.009388213476073461,0.005152737623744211
4.2,0.9291666666666667,0.00931019265063743,0.005110494637331779
4.2,0.9375,0.009232831578633017,0.005068544548157389
4.2,0.9458333333333333,0.009156124778684932,0.005026884952250006
4.2,0.9541666666666667,0.009080066815687775,0.004985513462246464
4.2,0.9625,0.009004652300421802,0.004944427707254917
4.2,0.9708333333333333,0.008929875889171672,0.004903625332719216
4.2,0.9791666666666666,0.008855732283348596,0.004863104000284279
4.2,0.9875,0.008782216229115626,0.004822861387662305
4.2,0.9958333333333333,0.008709322517016092,0.004782895188500072
4.4,0.004166666666666667,0.02369750570787525,0.01183534948471844
4.4,0.0125,0.023516649375569992,0.011762154709961118
4.4,0.020833333333333332,0.023312756141987294,0.011664932004634207
4.4,0.029166666666666667,0.023114247749594783,0.011572111870447262
4.4,0.0375,0.022920951098452463,0.011483529888312463
4.4,0.04583333333333333,0.022730066318072614,0.01139639479089534
4.4,0.05416666666666667,0.022540410170034733,0.011309531865921195
4.4,0.0625,0.02235190079909917,0.011222867707961718
4.4,0.07083333333333333,0.022164763715927488,0.011136636201817663
4.4,0.07916666666666666,0.021979174106707168,0.011051020832798897
4.4,0.0875,0.021795193417412557,0.010966091271636374
4.4,0.09583333333333334,0.02161281002615058,0.010881844047473065
4.4,0.10416666666666667,0.021431987051584542,0.010798250356928399
4.4,0.1125,0.021252689438633714,0.010715283150432558
4.4,0.12083333333333333,0.02107489238751347,0.010632925561895268
4.4,0.12916666666666668,0.0208985800633347,0.010551169618928973
4.4,0.1375,0.02072374152951947,0.010470012176882296
4.4,0.14583333333333334,0.020550367322993146,0.010389451494644274
4.4,0.15416666666666667,0.020378447588533747,0.010309485369601341
4.4,0.1625,0.02020797150322819,0.010230110562694692
4.4,0.17083333333333334,0.0200389274148209,0.010151322937365712
4.4,0.17916666666666667,0.019871303218980174,0.010073117837413359
4.4,0.1875,0.019705086706569817,0.009995490434851727
4.4,0.19583333333333333,0.019540265783120202,0.00991843594996218
4.4,0.20416666666666666,0.01937682856232507,0.009841949745365385
4.4,0.2125,0.019214763374665718,0.009766027335216625
4.4,0.22083333333333333,0.019054058735260605,0.009690664353620605
4.4,0.22916666666666666,0.01889470330259313,0.009615856513919887
4.4,0.2375,0.018736685844871204,0.009541599575610375
4.4,0.24583333333333332,0.018579995219346133,0.009467889324210678
4.4,0.25416666666666665,0.018424620363334532,0.009394721562829977
4.4,0.2625,0.018270550293097272,0.009322092111587953
4.4,0.2708333333333333,0.018117774106620996,0.009249996810932918
4.4,0.2791666666666667,0.01796628098737781,0.009178431525932663
4.4,0.2875,0.017816060207398888,0.009107392149875245
4.4,0.29583333333333334,0.01766710112903263,0.00903687460654913
4.4,0.30416666666666664,0.017519393205412452,0.008966874851228667
4.4,0.3125,0.01737292597997054,0.008897388870700879
4.4,0.32083333333333336,0.017227689085401537,0.008828412682737643
4.4,0.32916666666666666,0.017083672242414697,0.008759942335351635
4.4,0.3375,0.01694086525849866,0.008691973906060945
4.4,0.3458333333333333,0.01679925802681331,0.008624503501275768
4.4,0.3541666666666667,0.01665884052523923,0.008557527255838767
4.4,0.3625,0.01651960281556738,0.008491041332700946
4.4,0.37083333333333335,0.01638153504278873,0.008425041922693442
4.4,0.37916666666666665,0.016244627434442604,0.008359525244353738
4.4,0.3875,0.016108870299990048,0.008294487543772492
4.4,0.3958333333333333,0.015974254030189698,0.008229925094438664
4.4,0.4041666666666667,0.015840769096464667,0.00816583419707187
4.4,0.4125,0.015708406050257955,0.008102211179438578
4.4,0.42083333333333334,0.015577155522377402,0.008039052396154234
4.4,0.42916666666666664,0.015447008222335109,0.007976354228475504
4.4,0.4375,0.015317954937685386,0.007914113084087189
4.4,0.44583333333333336,0.015189986533365665,0.007852325396887927
4.4,0.45416666666666666,0.015063093951042416,0.007790987626777242
4.4,0.4625,0.01493726820846424,0.007730096259445539
4.4,0.4708333333333333,0.014812500398822395,0.0076696478061677705
4.4,0.4791666666666667,0.014688781690118507,0.007609638803600482
4.4,0.4875,0.014566103324539337,0.007550065813582126
4.4,0.49583333333333335,0.014444456617837805,0.007490925422935683
4.4,0.5041666666666667,0.01432383295871989,0.007432214243273449
4.4,0.5125,0.014204223808236667,0.007373928910803429
4.4,0.5208333333333334,0.014085620699181558,0.007316066086136971
4.4,0.5291666666666667,0.013968015235492341,0.007258622454097676
4.4,0.5375,0.013851399091658001,0.00720159472353152
4.4,0.5458333333333333,0.013735764012130221,0.007144979627117866
4.4,0.5541666666666667,0.013621101810739732,0.0070887739211819645
4.4,0.5625,0.013507404370117389,0.007032974385508512
4.4,0.5708333333333333,0.013394663641120113,0.006977577823156616
4.4,0.5791666666666667,0.013282871642261475,0.0069225810602759445
4.4,0.5875,0.013172020459147274,0.006867980945924392
4.4,0.5958333333333333,0.013062102243915817,0.006813774351886914
4.4,0.6041666666666666,0.012953109214682854,0.006759958172495945
4.4,0.6125,0.012845033654991332,0.00670652932445286
4.4,0.6208333333333333,0.012737867913265682,0.006653484746651058
4.4,0.6291666666666667,0.012631604402270801,0.0066008214000000875
4.4,0.6375,0.012526235598575568,0.006548536267251224
4.4,0.6458333333333334,0.012421754042020812,0.006496626352824211
4.4,0.6541666666666667,0.012318152335191825,0.00644508868263531
4.4,0.6625,0.01221542314289537,0.0063939203039265905
4.4,0.6708333333333333,0.012113559191640855,0.00634311828509642
4.4,0.6791666666666667,0.01201255326912606,0.006292679715531133
4.4,0.6875,0.011912398223727213,0.006242601705438079
4.4,0.6958333333333333,0.011813086963993153,0.00619288138567962
4.4,0.7041666666666667,0.011714612458143977,0.006143515907608585
4.4,0.7125,0.011616967733573664,0.006094502442904664
4.4,0.7208333333333333,0.01152014587635721,0.006045838183412137
4.4,0.7291666666666666,0.011424140030761455,0.005997520340978779
4.4,0.7375,0.01132894339876054,0.005949546147295753
4.4,0.7458333333333333,0.011234549239555,0.005901912853738863
4.4,0.7541666666666667,0.011140950869095188,0.005854617731210803
4.4,0.7625,0.011048141659608572,0.005807658069984573
4.4,0.7708333333333334,0.010956115039131098,0.0057610311795480065
4.4,0.7791666666666667,0.010864864491042408,0.005714734388449524
4.4,0.7875,0.010774383553605018,0.005668765044144732
4.4,0.7958333333333333,0.010684665819507418,0.005623120512844382
4.4,0.8041666666666667,0.010595704935410934,0.005577798179363287
4.4,0.8125,0.010507494601500458,0.005532795446970295
4.4,0.8208333333333333,0.010420028571038978,0.005488109737239399
4.4,0.8291666666666667,0.010333300649925796,0.005443738489901821
4.4,0.8375,0.010247304696258537,0.005399679162699259
4.4,0.8458333333333333,0.010162034619898818,0.005355929231238066
4.4,0.8541666666666666,0.010077484382041516,0.005312486188844517
4.4,0.8625,0.009993647994787832,0.005269347546421082
4.4,0.8708333333333333,0.00991051952072175,0.005226510832303752
4.4,0.8791666666666667,0.009828093072490187,0.005183973592120301
4.4,0.8875,0.009746362812386748,0.005141733388649614
4.4,0.8958333333333334,0.009665322951938738,0.005099787801681996
4.4,0.9041666666666667,0.009584967751497956,0.0050581344278804305
4.4,0.9125,0.009505291519834721,0.005016770880642822
4.4,0.9208333333333333,0.009426288613735446,0.004975694789965265
4.4,0.9291666666666667,0.009347953437603553,0.004934903802306166
4.4,0.9375,0.00927028044306372,0.004894395580451427
4.4,0.9458333333333333,0.009193264128569634,0.004854167803380496
4.4,0.9541666666666667,0.009116899039014772,0.004814218166133381
4.4,0.9625,0.009041179765346782,0.004774544379678611
4.4,0.9708333333333333,0.00896610094418485,0.0047351441707820675
4.4,0.9791666666666666,0.008891657257440417,0.004696015281876811
4.4,0.9875,0.008817843431941181,0.004657155470933684
4.4,0.9958333333333333,0.008744654239058089,0.0046185625113329895
4.6000000000000005,0.004166666666666667,0.023790614875889557,0.01142918411746769
4.6000000000000005,0.0125,0.02360788456378881,0.01135797435937756
4.6000000000000005,0.020833333333333332,0.023403355830960933,0.011263946177386427
4.6000000000000005,0.029166666666666667,0.02320446301169611,0.01117454288793083
4.6000000000000005,0.0375,0.02301058186908222,0.011089149156188135
4.6000000000000005,0.04583333333333333,0.022818943623964166,0.011005005025741305
4.6000000000000005,0.05416666666666667,0.022628493318830097,0.010921064283168792
4.6000000000000005,0.0625,0.02243922108076241,0.010837325721680625
4.6000000000000005,0.07083333333333333,0.02225136373053004,0.010754034750885351
4.6000000000000005,0.07916666666666666,0.02206508113443848,0.010671359749307979
4.6000000000000005,0.0875,0.021880417915950114,0.010589353776673912
4.6000000000000005,0.09583333333333334,0.021697353303940656,0.010508004422823061
4.6000000000000005,0.10416666666666667,0.021515848479207015,0.010427281154870495
4.6000000000000005,0.1125,0.021335870182981935,0.010347158926368021
4.6000000000000005,0.12083333333333333,0.021157396176839392,0.010267623637850208
4.6000000000000005,0.12916666666666668,0.02098041245270071,0.010188669347476262
4.6000000000000005,0.1375,0.020804908848706796,0.010110293887531914
4.6000000000000005,0.14583333333333334,0.020630875899184314,0.01003249571501948
4.6000000000000005,0.15416666666666667,0.020458303378339253,0.009955272455970804
4.6000000000000005,0.1625,0.020287180038021543,0.009878620643824552
4.6000000000000005,0.17083333333333334,0.02011749390583002,0.009802536018139577
4.6000000000000005,0.17916666666666667,0.019949232699631142,0.009727013939716062
4.6000000000000005,0.1875,0.01978238414512549,0.009652049708759278
4.6000000000000005,0.19583333333333333,0.019616936145155393,0.009577638734779587
4.6000000000000005,0.20416666666666666,0.019452876829727014,0.009503776587200958
4.6000000000000005,0.2125,0.019290194537864524,0.009430458977797311
4.6000000000000005,0.22083333333333333,0.0191288777747529,0.009357681718411536
4.6000000000000005,0.22916666666666666,0.018968915170646347,0.009285440680435556
4.6000000000000005,0.2375,0.01881029545263925,0.009213731767147989
4.6000000000000005,0.24583333333333332,0.018653007430422596,0.009142550900031823
4.6000000000000005,0.25416666666666665,0.018497039992456443,0.009071894015503562
4.6000000000000005,0.2625,0.01834238210794516,0.009001757067440032
4.6000000000000005,0.2708333333333333,0.01818902283084369,0.008932136031731784
4.6000000000000005,0.2791666666666667,0.018036951303561862,0.008863026910529006
4.6000000000000005,0.2875,0.01788615675933544,0.008794425735150161
4.6000000000000005,0.29583333333333334,0.017736628523122376,0.008726328567510466
4.6000000000000005,0.30416666666666664,0.01758835601133902,0.008658731500386081
4.6000000000000005,0.3125,0.017441328730889903,0.008591630656966992
4.6000000000000005,0.32083333333333336,0.017295536277895356,0.008525022190103208
4.6000000000000005,0.32916666666666666,0.017150968336395903,0.00845890228152299
4.6000000000000005,0.3375,0.01700761467718179,0.008393267141172054
4.6000000000000005,0.3458333333333333,0.01686546515679521,0.00832811300672053
4.6000000000000005,0.3541666666666667,0.016724509716689564,0.008263436143222868
4.6000000000000005,0.3625,0.016584738382503673,0.008199232842887955
4.6000000000000005,0.37083333333333335,0.016446141263402794,0.008135499424911895
4.6000000000000005,0.37916666666666665,0.016308708551448184,0.008072232235335021
4.6000000000000005,0.3875,0.016172430520969838,0.008009427646897556
4.6000000000000005,0.3958333333333333,0.01603729752792901,0.007947082058880816
4.6000000000000005,0.4041666666666667,0.01590330000926691,0.007885191896930691
4.6000000000000005,0.4125,0.015770428482242395,0.007823753612865423
4.6000000000000005,0.42083333333333334,0.015638673543762686,0.0077627636844726676
4.6000000000000005,0.42916666666666664,0.015508025869712885,0.007702218615300997
4.6000000000000005,0.4375,0.015378476214288131,0.007642114934450042
4.6000000000000005,0.44583333333333336,0.015250015409331697,0.0075824491963624235
4.6000000000000005,0.45416666666666666,0.015122634363680049,0.007523217980618847
4.6000000000000005,0.4625,0.014996324062515894,0.00746441789173694
4.6000000000000005,0.4708333333333333,0.014871075566728821,0.007406045558973809
4.6000000000000005,0.4791666666666667,0.01474688001228272,0.007348097636131548
4.6000000000000005,0.4875,0.014623728609589704,0.007290570801365362
4.6000000000000005,0.49583333333333335,0.014501612642889775,0.007233461756993448
4.6000000000000005,0.5041666666666667,0.014380523469635885,0.0071767672293084565
4.6000000000000005,0.5125,0.014260452519883787,0.007120483968390228
4.6000000000000005,0.5208333333333334,0.014141391295686997,0.007064608747919502
4.6000000000000005,0.5291666666666667,0.014023331370496417,0.007009138364992821
4.6000000000000005,0.5375,0.01390626438856485,0.0069540696399386015
4.6000000000000005,0.5458333333333333,0.013790182064356222,0.006899399416134112
4.6000000000000005,0.5541666666666667,0.013675076181959766,0.00684512455982399
4.6000000000000005,0.5625,0.013560938594509034,0.006791241959939825
4.6000000000000005,0.5708333333333333,0.01344776122360584,0.006737748527921172
4.6000000000000005,0.5791666666666667,0.013335536058748898,0.006684641197537775
4.6000000000000005,0.5875,0.013224255156767515,0.0066319169247132425
4.6000000000000005,0.5958333333333333,0.013113910641259975,0.006579572687349891
4.6000000000000005,0.6041666666666666,0.013004494702036611,0.006527605485155106
4.6000000000000005,0.6125,0.012895999594567711,0.0064760123394686986
4.6000000000000005,0.6208333333333333,0.012788417639435931,0.006424790293091844
4.6000000000000005,0.6291666666666667,0.012681741221793424,0.006373936410116986
4.6000000000000005,0.6375,0.012575962790823528,0.006323447775759162
4.6000000000000005,0.6458333333333334,0.012471074859206876,0.0062733214961884385
4.6000000000000005,0.6541666666666667,0.012367070002592092,0.00622355469836361
4.6000000000000005,0.6625,0.012263940859070973,0.006174144529867096
4.6000000000000005,0.6708333333333333,0.012161680128657867,0.006125088158740998
4.6000000000000005,0.6791666666666667,0.01206028057277361,0.006076382773324303
4.6000000000000005,0.6875,0.01195973501373383,0.0060280255820914135
4.6000000000000005,0.6958333333333333,0.011860036334241349,0.005980013813491598
4.6000000000000005,0.7041666666666667,0.011761177476883098,0.005932344715789857
4.6000000000000005,0.7125,0.011663151443631012,0.005885015556908706
4.6000000000000005,0.7208333333333333,0.011565951295347444,0.005838023624271236
4.6000000000000005,0.7291666666666666,0.011469570151294309,0.005791366224645313
4.6000000000000005,0.7375,0.011374001188646817,0.0057450406839887475
4.6000000000000005,0.7458333333333333,0.011279237642010926,0.005699044347295765
4.6000000000000005,0.7541666666666667,0.011185272802945099,0.005653374578444444
4.6000000000000005,0.7625,0.011092100019485933,0.005608028760045288
4.6000000000000005,0.7708333333333334,0.010999712695677915,0.005563004293290864
4.6000000000000005,0.7791666666666667,0.010908104291106988,0.005518298597806631
4.6000000000000005,0.7875,0.010817268320438132,0.005473909111502591
4.6000000000000005,0.7958333333333333,0.010727198352956878,0.00542983329042624
4.6000000000000005,0.8041666666666667,0.010637888012114556,0.005386068608616464
4.6000000000000005,0.8125,0.010549330975077462,0.00534261255795844
4.6000000000000005,0.8208333333333333,0.010461520972279818,0.005299462648039662
4.6000000000000005,0.8291666666666667,0.01037445178698044,0.005256616406006876
4.6000000000000005,0.8375,0.01028811725482322,0.005214071376424155
4.6000000000000005,0.8458333333333333,0.010202511263401258,0.005171825121131893
4.6000000000000005,0.8541666666666666,0.010117627751824612,0.00512987521910682
4.6000000000000005,0.8625,0.010033460710291861,0.005088219266323012
4.6000000000000005,0.8708333333333333,0.009950004179665078,0.005046854875613913
4.6000000000000005,0.8791666666666667,0.009867252251048472,0.0050057796765352585
4.6000000000000005,0.8875,0.009785199065370695,0.004964991315229037
4.6000000000000005,0.8958333333333334,0.009703838812970397,0.004924487454288392
4.6000000000000005,0.9041666666666667,0.009623165733185564,0.004884265772623456
4.6000000000000005,0.9125,0.009543174113946108,0.0048443239653281215
4.6000000000000005,0.9208333333333333,0.009463858291370017,0.004804659743547818
4.6000000000000005,0.9291666666666667,0.009385212649362847,0.004765270834348089
4.6000000000000005,0.9375,0.009307231619220578,0.0047261549805842394
4.6000000000000005,0.9458333333333333,0.009229909679235938,0.0046873099407717805
4.6000000000000005,0.9541666666666667,0.009153241354307845,0.004648733488957819
4.6000000000000005,0.9625,0.009077221215554395,0.00461042341459338
4.6000000000000005,0.9708333333333333,0.009001843879928856,0.004572377522406549
4.6000000000000005,0.9791666666666666,0.008927104009839057,0.004534593632276579
4.6000000000000005,0.9875,0.00885299631277001,0.0044970695791087725
4.6000000000000005,0.9958333333333333,0.008779515540909614,0.00445980321271037
4.8,0.004166666666666667,0.023882795844202782,0.011037658496813546
4.8,0.0125,0.023698282765279473,0.010968402136221495
4.8,0.020833333333333332,0.023493145448496004,0.010877473496659152
4.8,0.029166666666666667,0.023293847365999865,0.010791345248345664
4.8,0.0375,0.02309936033727069,0.010708998327158381
4.8,0.04583333333333333,0.022906965186251748,0.010627722592483888
4.8,0.05416666666666667,0.022715730720717763,0.010546595807301277
4.8,0.0625,0.022525709030413517,0.010465678937017579
4.8,0.07083333333333333,0.02233714202252264,0.010385222685623228
4.8,0.07916666666666666,0.02215017294738148,0.010305379022086072
4.8,0.0875,0.021964831017384688,0.010226185799932801
4.8,0.09583333333333334,0.021781088197009534,0.010147623547942925
4.8,0.10416666666666667,0.021598904956076,0.010069661224073562
4.8,0.1125,0.021418250226758674,0.00999227617313002
4.8,0.12083333333333333,0.021239104180043027,0.009915456903874388
4.8,0.12916666666666668,0.021061454288681305,0.009839199152628817
4.8,0.1375,0.020885290861395917,0.009763501418120069
4.8,0.14583333333333334,0.020710604259671264,0.009688362178906671
4.8,0.15416666666666667,0.020537383844067406,0.009613778840323288
4.8,0.1625,0.020365617976450808,0.00953974773733551
4.8,0.17083333333333334,0.020195294427084908,0.009466264542249867
4.8,0.17916666666666667,0.020026400792305155,0.009393324683002552
4.8,0.1875,0.01985892476766455,0.009320923616913099
4.8,0.19583333333333333,0.019692854266504557,0.009249056949858683
4.8,0.20416666666666666,0.019528177433010586,0.009177720449926846
4.8,0.2125,0.019364882605279715,0.009106910011076157
4.8,0.22083333333333333,0.019202958268057475,0.009036621606459953
4.8,0.22916666666666666,0.019042393015412,0.008966851251682713
4.8,0.2375,0.01888317552907768,0.008897594983720915
4.8,0.24583333333333332,0.018725294570232875,0.008828848853272512
4.8,0.25416666666666665,0.018568738979702074,0.008760608925526098
4.8,0.2625,0.01841349768184182,0.008692871284608687
4.8,0.2708333333333333,0.018259559688868,0.008625632038470415
4.8,0.2791666666666667,0.01810691410398791,0.008558887322568322
4.8,0.2875,0.017955550122892378,0.00849263330190608
4.8,0.29583333333333334,0.017805457033842245,0.008426866171662762
4.8,0.30416666666666664,0.017656624216836832,0.008361582156899154
4.8,0.3125,0.017509041142344722,0.008296777511821484
4.8,0.32083333333333336,0.01736269736994749,0.008232448518953517
4.8,0.32916666666666666,0.017217582547094646,0.008168591488415039
4.8,0.3375,0.017073686408043035,0.008105202757380513
4.8,0.3458333333333333,0.01693099877297451,0.008042278689711033
4.8,0.3541666666666667,0.016789509547246333,0.007979815675714905
4.8,0.3625,0.016649208720721932,0.007917810131983644
4.8,0.37083333333333335,0.016510086367136082,0.007856258501258323
4.8,0.37916666666666665,0.01637213264346495,0.007795157252296293
4.8,0.3875,0.016235337789285455,0.007734502879722697
4.8,0.3958333333333333,0.016099692126119187,0.007674291903862152
4.8,0.4041666666666667,0.015965186056762903,0.007614520870553133
4.8,0.4125,0.015831810064611755,0.007555186350950271
4.8,0.42083333333333334,0.015699554712980117,0.007496284941320469
4.8,0.42916666666666664,0.01556841064442548,0.0074378132628375926
4.8,0.4375,0.015438368580078018,0.007379767961378885
4.8,0.44583333333333336,0.015309419318978043,0.0073221457073249585
4.8,0.45416666666666666,0.01518155373742117,0.007264943195363633
4.8,0.4625,0.015054762788311483,0.007208157144297537
4.8,0.4708333333333333,0.014929037500521871,0.007151784296854863
4.8,0.4791666666666667,0.014804368978260528,0.007095821419502471
4.8,0.4875,0.014680748400443448,0.0070402653022609415
4.8,0.49583333333333335,0.014558167020072113,0.006985112758520879
4.8,0.5041666666666667,0.014436616163616382,0.00693036062486046
4.8,0.5125,0.014316087230401973,0.006876005760864027
4.8,0.5208333333333334,0.014196571692003057,0.006822045048941606
4.8,0.5291666666666667,0.014078061091639537,0.006768475394149583
4.8,0.5375,0.013960547043579408,0.006715293724012607
4.8,0.5458333333333333,0.013844021232545729,0.0066624969883464
4.8,0.5541666666666667,0.013728475413128905,0.006610082159082194
4.8,0.5625,0.013613901409203632,0.006558046230092197
4.8,0.5708333333333333,0.013500291113350974,0.006506386217016505
4.8,0.5791666666666667,0.013387636486285116,0.0064550991570912035
4.8,0.5875,0.013275929556285168,0.006404182108977855
4.8,0.5958333333333333,0.013165162418631703,0.006353632152594136
4.8,0.6041666666666666,0.013055327235047995,0.006303446388945925
4.8,0.6125,0.012946416233146027,0.006253621939960336
4.8,0.6208333333333333,0.01283842170587712,0.006204155948320275
4.8,0.6291666666666667,0.012731336010987165,0.006155045577299926
4.8,0.6375,0.012625151570476495,0.006106288010601613
4.8,0.6458333333333334,0.012519860870064212,0.006057880452193708
4.8,0.6541666666666667,0.012415456458657034,0.006009820126149801
4.8,0.6625,0.012311930947822708,0.005962104276488989
4.8,0.6708333333333333,0.012209277011267618,0.005914730167017323
4.8,0.6791666666666667,0.012107487384318941,0.005867695081170344
4.8,0.6875,0.012006554863411225,0.005820996321856908
4.8,0.6958333333333333,0.011906472305577068,0.005774631211303904
4.8,0.7041666666666667,0.011807232627942294,0.005728597090902348
4.8,0.7125,0.011708828807225171,0.005682891321054367
4.8,0.7208333333333333,0.011611253879240115,0.005637511281021386
4.8,0.7291666666666666,0.011514500938405163,0.005592454368773466
4.8,0.7375,0.011418563137254088,0.005547718000839548
4.8,0.7458333333333333,0.011323433685952128,0.0055032996121589725
4.8,0.7541666666666667,0.011229105851816166,0.005459196655933904
4.8,0.7625,0.011135572958838711,0.0054154066034829045
4.8,0.7708333333333334,0.011042828387216026,0.005371926944095485
4.8,0.7791666666666667,0.010950865572880138,0.005328755184887841
4.8,0.7875,0.010859678007034801,0.005285888850659384
4.8,0.7958333333333333,0.01076925923569543,0.005243325483750504
4.8,0.8041666666666667,0.010679602859232782,0.005201062643901277
4.8,0.8125,0.010590702531920614,0.005159097908111125
4.8,0.8208333333333333,0.010502551961487073,0.005117428870499571
4.8,0.8291666666666667,0.01041514490866983,0.0050760531421678795
4.8,0.8375,0.010328475186775078,0.005034968351061784
4.8,0.8458333333333333,0.010242536661240132,0.004994172141835118
4.8,0.8541666666666666,0.010157323249199681,0.004953662175714434
4.8,0.8625,0.010072828919055907,0.004913436130364568
4.8,0.8708333333333333,0.00998904769005196,0.004873491699755206
4.8,0.8791666666666667,0.009905973631849153,0.004833826594028305
4.8,0.8875,0.009823600864107817,0.004794438539366528
4.8,0.8958333333333334,0.009741923556071425,0.004755325277862593
4.8,0.9041666666666667,0.009660935926154496,0.004716484567389497
4.8,0.9125,0.009580632241533797,0.004677914181471691
4.8,0.9208333333333333,0.009501006817743065,0.004639611909157172
4.8,0.9291666666666667,0.009422054018271127,0.004601575554890409
4.8,0.9375,0.00934376825416336,0.004563802938386258
4.8,0.9458333333333333,0.009266143983626633,0.004526291894504684
4.8,0.9541666666666667,0.009189175711637418,0.0044890402731263485
4.8,0.9625,0.009112857989553412,0.00445204593902916
4.8,0.9708333333333333,0.009037185414728192,0.004415306771765582
4.8,0.9791666666666666,0.008962152630129283,0.0043788206655408545
4.8,0.9875,0.008887754323959449,0.004342585529092019
4.8,0.9958333333333333,0.0088139852292811,0.004306599285567884
5.0,0.004166666666666667,0.02397409817046721,0.010660405522663332
5.0,0.0125,0.023787885971808226,0.010593067683618547
5.0,0.020833333333333332,0.023582162701636978,0.010505143589087107
5.0,0.029166666666666667,0.02338244017384453,0.010422154460264257
5.0,0.0375,0.02318732991084611,0.010342721143626644
5.0,0.04583333333333333,0.022994177406093542,0.010264198374177746
5.0,0.05416666666666667,0.02280216969895346,0.010185782351053016
5.0,0.0625,0.02261141152934977,0.010107586892870465
5.0,0.07083333333333333,0.022422144756342,0.01002986285700757
5.0,0.07916666666666666,0.02223449540199785,0.009952745184165722
5.0,0.0875,0.022048478826800957,0.00987625807446572
5.0,0.09583333333333334,0.021864061434709085,0.009800376693187288
5.0,0.10416666666666667,0.021681203951247296,0.009725070449538459
5.0,0.1125,0.021499877706612085,0.009650319280429876
5.0,0.12083333333333333,0.021320065055541022,0.00957611407100801
5.0,0.12916666666666668,0.021141754619041258,0.009502451897042423
5.0,0.1375,0.020964936925405287,0.00942933166659377
5.0,0.14583333333333334,0.020789602047257834,0.009356751757707216
5.0,0.15416666666666667,0.020615738923930038,0.009284709341428264
5.0,0.1625,0.02044333557586638,0.009213200596844724
5.0,0.17083333333333334,0.02027237957578982,0.009142221182882125
5.0,0.17916666666666667,0.020102858443940053,0.009071766634166499
5.0,0.1875,0.019934759869087628,0.009001832582657236
5.0,0.19583333333333333,0.019768071779763963,0.008932414829491147
5.0,0.20416666666666666,0.019602782328005327,0.00886350932933421
5.0,0.2125,0.01943887984094027,0.008795112142572392
5.0,0.22083333333333333,0.019276352773987322,0.00872721938910671
5.0,0.22916666666666666,0.019115189679466148,0.008659827217556853
5.0,0.2375,0.018955379191678574,0.0085929317909297
5.0,0.24583333333333332,0.018796910023800024,0.008526529284092602
5.0,0.25416666666666665,0.01863977097090893,0.008460615887379891
5.0,0.2625,0.01848395091476237,0.008395187811940394
5.0,0.2708333333333333,0.018329438827797473,0.008330241294306115
5.0,0.2791666666666667,0.01817622377541508,0.008265772599237487
5.0,0.2875,0.018024294916586983,0.008201778020887987
5.0,0.29583333333333334,0.017873641503273228,0.008138253882773372
5.0,0.30416666666666664,0.017724252879206596,0.008075196537103722
5.0,0.3125,0.01757611847848596,0.008012602363919243
5.0,0.32083333333333336,0.01742922782424585,0.007950467770297646
5.0,0.32916666666666666,0.01728357052751642,0.007888789189747121
5.0,0.3375,0.017139136286283767,0.007827563081795228
5.0,0.3458333333333333,0.016995914884707322,0.007766785931729827
5.0,0.3541666666666667,0.016853896192434305,0.007706454250432924
5.0,0.3625,0.01671307016395967,0.007646564574254987
5.0,0.37083333333333335,0.016573426837994187,0.007587113464893254
5.0,0.37916666666666665,0.016434956336821793,0.00752809750925479
5.0,0.3875,0.016297648865640058,0.0074695133192979445
5.0,0.3958333333333333,0.016161494711885244,0.007411357531854175
5.0,0.4041666666666667,0.01602648424454797,0.007353626808436227
5.0,0.4125,0.015892607913486165,0.00729631783503904
5.0,0.42083333333333334,0.01575985624874024,0.007239427321938782
5.0,0.42916666666666664,0.01562821985985449,0.007182952003493677
5.0,0.4375,0.01549768943520613,0.0071268886379484185
5.0,0.44583333333333336,0.015368255741342917,0.0070712340072428175
5.0,0.45416666666666666,0.015239909622328518,0.00701598491682424
5.0,0.4625,0.015112641999095363,0.006961138195463228
5.0,0.4708333333333333,0.014986443868804024,0.006906690695071617
5.0,0.4791666666666667,0.014861306304208191,0.006852639290522324
5.0,0.4875,0.014737220453025179,0.006798980879470582
5.0,0.49583333333333335,0.014614177537311392,0.006745712382176095
5.0,0.5041666666666667,0.014492168852842812,0.0066928307413262715
5.0,0.5125,0.014371185768500144,0.006640332921860421
5.0,0.5208333333333334,0.014251219725659077,0.006588215910794896
5.0,0.5291666666666667,0.014132262237585387,0.0065364767170494505
5.0,0.5375,0.014014304888835183,0.006485112371274812
5.0,0.5458333333333333,0.01389733933465989,0.006434119925681263
5.0,0.5541666666666667,0.013781357300416568,0.006383496453868843
5.0,0.5625,0.013666350580982976,0.006333239050658513
5.0,0.5708333333333333,0.013552311040177765,0.0062833448319248066
5.0,0.5791666666666667,0.01343923061018539,0.0062338109344295825
5.0,0.5875,0.013327101290986059,0.006184634515657133
5.0,0.5958333333333333,0.01321591514979041,0.006135812753650389
5.0,0.6041666666666666,0.013105664320478902,0.0060873428468485105
5.0,0.6125,0.012996341003046013,0.006039222013925389
5.0,0.6208333333333333,0.01288793746304899,0.0059914474936296185
5.0,0.6291666666666667,0.012780446031061288,0.005944016544625348
5.0,0.6375,0.01267385910213062,0.005896926445334492
5.0,0.6458333333333334,0.012568169135241525,0.005850174493779917
5.0,0.6541666666666667,0.012463368652782357,0.005803758007429897
5.0,0.6625,0.01235945024001701,0.005757674323043606
5.0,0.6708333333333333,0.012256406544560743,0.005711920796517754
5.0,0.6791666666666667,0.012154230275860614,0.005666494802734288
5.0,0.6875,0.012052914204680338,0.005621393735409313
5.0,0.6958333333333333,0.011952451162589264,0.005576615006942921
5.0,0.7041666666666667,0.011852834041455828,0.005532156048270295
5.0,0.7125,0.01175405579294513,0.005488014308713721
5.0,0.7208333333333333,0.01165610942802097,0.005444187255835754
5.0,0.7291666666666666,0.011558988016451652,0.005400672375293464
5.0,0.7375,0.011462684686320454,0.005357467170693619
5.0,0.7458333333333333,0.011367192623539763,0.005314569163449045
5.0,0.7541666666666667,0.011272505071369615,0.005271975892635897
5.0,0.7625,0.011178615329940083,0.005229684914852016
5.0,0.7708333333333334,0.011085516755777788,0.005187693804076259
5.0,0.7791666666666667,0.010993202761336395,0.00514600015152895
5.0,0.7875,0.010901666814530938,0.005104601565533117
5.0,0.7958333333333333,0.010810902438276248,0.0050634956713769275
5.0,0.8041666666666667,0.010720903210029083,0.0050226801111770015
5.0,0.8125,0.010631662761334253,0.004982152543742691
5.0,0.8208333333333333,0.010543174777374485,0.004941910644441386
5.0,0.8291666666666667,0.010455432996524069,0.004901952105064695
5.0,0.8375,0.010368431209906354,0.004862274633695677
5.0,0.8458333333333333,0.010282163260954868,0.004822875954576942
5.0,0.8541666666666666,0.010196623044978124,0.004783753807979689
5.0,0.8625,0.010111804508728211,0.0047449059500737235
5.0,0.8708333333333333,0.01002770164997291,0.0047063301527983424
5.0,0.8791666666666667,0.009944308517071392,0.0046680242037341465
5.0,0.8875,0.009861619208553652,0.004629985905975771
5.0,0.8958333333333334,0.00977962787270326,0.004592213078005517
5.0,0.9041666666666667,0.009698328707143815,0.004554703553567843
5.0,0.9125,0.00961771595842879,0.004517455181544764
5.0,0.9208333333333333,0.009537783921634842,0.0044804658258321296
5.0,0.9291666666666667,0.009458526939958583,0.004443733365216725
5.0,0.9375,0.009379939404316662,0.00440725569325433
5.0,0.9458333333333333,0.00930201575294941,0.004371030718148536
5.0,0.9541666666666667,0.009224750471027532,0.0043350563626304356
5.0,0.9625,0.00914813809026244,0.004299330563839212
5.0,0.9708333333333333,0.009072173188519606,0.004263851273203468
5.0,0.9791666666666666,0.008996850389435289,0.0042286164563234575
5.0,0.9875,0.008922164362036546,0.00419362409285407
5.0,0.9958333333333333,0.008848109820364351,0.0041588721763887535
5.2,0.004166666666666667,0.024064545722928394,0.010297004033404463
5.2,0.0125,0.023876711307437494,0.01023154735533736
5.2,0.020833333333333332,0.02367042114311702,0.01014653345836796
5.2,0.029166666666666667,0.02347025664385833,0.010066553366502716
5.2,0.0375,0.023274509306442776,0.009989908101872847
5.2,0.04583333333333333,0.02308060138091893,0.009914029355857563
5.2,0.05416666666666667,0.022887831901393204,0.009838225520612618
5.2,0.0625,0.02269634969775186,0.009762654701511553
5.2,0.07083333333333333,0.022506392412586958,0.009687563734781622
5.2,0.07916666666666666,0.022318068762874517,0.009613070449885438
5.2,0.0875,0.02213138187477076,0.009539187005016415
5.2,0.09583333333333334,0.02194629409838658,0.009465884702565883
5.2,0.10416666666666667,0.021762767151766605,0.009393134133789546
5.2,0.1125,0.021580774825533233,0.009320917884132775
5.2,0.12083333333333333,0.021400301391211435,0.009249228942230032
5.2,0.12916666666666668,0.021221336312950593,0.00917806541229639
5.2,0.1375,0.021043870139363218,0.00910742640662934
5.2,0.14583333333333334,0.020867892582960033,0.00903731012570127
5.2,0.15416666666666667,0.020693392179066024,0.00896771351772773
5.2,0.1625,0.02052035666083055,0.008898632654323333
5.2,0.17083333333333334,0.020348773456697465,0.008830063228612609
5.2,0.17916666666666667,0.02017863004542867,0.00876200091088858
5.2,0.1875,0.020009914122765,0.008694441515902773
5.2,0.19583333333333333,0.019842613631200774,0.00862738103326413
5.2,0.20416666666666666,0.019676716722222196,0.008560815590295357
5.2,0.2125,0.019512211702615502,0.008494741398954665
5.2,0.22083333333333333,0.019349086991572905,0.008429154713549072
5.2,0.22916666666666666,0.019187331096253715,0.00836405180689814
5.2,0.2375,0.019026932603088933,0.008299428962235834
5.2,0.24583333333333332,0.01886788017865172,0.008235282474672742
5.2,0.25416666666666665,0.01871016257439191,0.008171608656517464
5.2,0.2625,0.018553768631505214,0.00810840384272739
5.2,0.2708333333333333,0.01839868728420426,0.008045664394756657
5.2,0.2791666666666667,0.018244907561065647,0.007983386702474315
5.2,0.2875,0.018092418584854778,0.007921567184556076
5.2,0.29583333333333334,0.017941209571450827,0.00786020228797056
5.2,0.30416666666666664,0.01779126982841805,0.0077992884871076
5.2,0.3125,0.01764258875358559,0.007738822282909662
5.2,0.32083333333333336,0.017495155833809988,0.007678800202181511
5.2,0.32916666666666666,0.01734896064396005,0.00761921879711704
5.2,0.3375,0.01720399284608669,0.007560074645006911
5.2,0.3458333333333333,0.017060242188714526,0.007501364348062582
5.2,0.3541666666666667,0.016917698506192777,0.007443084533295604
5.2,0.3625,0.016776351718062226,0.007385231852407775
5.2,0.37083333333333335,0.01663619182841215,0.007327802981667108
5.2,0.37916666666666665,0.016497208925218665,0.007270794621760606
5.2,0.3875,0.01635939317966578,0.007214203497624978
5.2,0.3958333333333333,0.016222734845454632,0.007158026358261273
5.2,0.4041666666666667,0.01608722425810852,0.007102259976540894
5.2,0.4125,0.015952851834279774,0.007046901149008957
5.2,0.42083333333333334,0.01581960807106238,0.0069919466956891805
5.2,0.42916666666666664,0.01568748354531286,0.006937393459892546
5.2,0.4375,0.01555646891297962,0.006883238308030291
5.2,0.44583333333333336,0.015426554908440778,0.0068294781294309746
5.2,0.45416666666666666,0.015297732343849247,0.006776109836160835
5.2,0.4625,0.015169992108484662,0.00672313036284656
5.2,0.4708333333333333,0.015043325168111172,0.006670536666499875
5.2,0.4791666666666667,0.014917722564340456,0.0066183257263433305
5.2,0.4875,0.014793175413999896,0.006566494543637161
5.2,0.49583333333333335,0.014669674908505717,0.006515040141506952
5.2,0.5041666666666667,0.014547212313241074,0.0064639595647722915
5.2,0.5125,0.014425778966938922,0.00641324987977645
5.2,0.5208333333333334,0.01430536628107012,0.006362908174217022
5.2,0.5291666666666667,0.01418596573923641,0.00631293155697785
5.2,0.5375,0.014067568896568725,0.006263317157962186
5.2,0.5458333333333333,0.013950167379130242,0.006214062127926883
5.2,0.5541666666666667,0.013833752883324795,0.006165163638318161
5.2,0.5625,0.013718317175310102,0.006116618881108341
5.2,0.5708333333333333,0.013603852090416086,0.006068425068633999
5.2,0.5791666666666667,0.013490349532567975,0.006020579433435165
5.2,0.5875,0.01337780147371436,0.005973079228095845
5.2,0.5958333333333333,0.013266199953260074,0.005925921725085578
5.2,0.6041666666666666,0.013155537077503733,0.005879104216602323
5.2,0.6125,0.013045805019080073,0.0058326240144162215
5.2,0.6208333333333333,0.012936996016406941,0.005786478449714804
5.2,0.6291666666666667,0.012829102373136886,0.005740664872949018
5.2,0.6375,0.01272211645761345,0.005695180653680583
5.2,0.6458333333333334,0.01261603070233196,0.0056500231804302945
5.2,0.6541666666666667,0.012510837603404755,0.005605189860527559
5.2,0.6625,0.012406529720031171,0.005560678119960913
5.2,0.6708333333333333,0.012303099673971642,0.005516485403229694
5.2,0.6791666666666667,0.012200540149026443,0.005472609173196695
5.2,0.6875,0.01209884389051882,0.005429046910942013
5.2,0.6958333333333333,0.011998003704782316,0.005385796115617804
5.2,0.7041666666666667,0.011898012458652522,0.005342854304304244
5.2,0.7125,0.011798863078963022,0.00530021901186637
5.2,0.7208333333333333,0.011700548552045777,0.005257887790812057
5.2,0.7291666666666666,0.011603061923235288,0.005215858211150999
5.2,0.7375,0.011506396296377473,0.00517412786025466
5.2,0.7458333333333333,0.011410544833342156,0.005132694342717294
5.2,0.7541666666666667,0.011315500753540033,0.005091555280217904
5.2,0.7625,0.011221257333443507,0.005050708311383201
5.2,0.7708333333333334,0.011127807906111583,0.005010151091651573
5.2,0.7791666666666667,0.011035145860718827,0.004969881293138058
5.2,0.7875,0.010943264642088155,0.004929896604500133
5.2,0.7958333333333333,0.010852157750227718,0.004890194730804643
5.2,0.8041666666666667,0.010761818739871523,0.004850773393395588
5.2,0.8125,0.010672241220024034,0.004811630329762834
5.2,0.8208333333333333,0.01058341885350855,0.0047727632934118375
5.2,0.8291666666666667,0.010495345356519368,0.004734170053734175
5.2,0.8375,0.010408014498177794,0.0046958483958791436
5.2,0.8458333333333333,0.010321420100091816,0.004657796120626151
5.2,0.8541666666666666,0.010235556035919448,0.004620011044258072
5.2,0.8625,0.010150416230935887,0.004582490998435485
5.2,0.8708333333333333,0.010065994661604198,0.004545233830071796
5.2,0.8791666666666667,0.009982285355149605,0.004508237401209236
5.2,0.8875,0.009899282389137514,0.00447149958889577
5.2,0.8958333333333334,0.009816979891054858,0.004435018285062856
5.2,0.9041666666666667,0.009735372037895193,0.004398791396404033
5.2,0.9125,0.009654453055747133,0.004362816844254418
5.2,0.9208333333333333,0.00957421721938634,0.004327092564471029
5.2,0.9291666666666667,0.009494658851870907,0.004291616507313896
5.2,0.9375,0.00941577232414012,0.0042563866373281295
5.2,0.9458333333333333,0.00933755205461677,0.004221400933226688
5.2,0.9541666666666667,0.009259992508812515,0.004186657387774022
5.2,0.9625,0.009183088198936902,0.0041521540076705585
5.2,0.9708333333333333,0.009106833683509436,0.004117888813437937
5.2,0.9791666666666666,0.009031223566975001,0.004083859839305074
5.2,0.9875,0.008956252499322607,0.0040500651330950006
5.2,0.9958333333333333,0.008881915175707201,0.00401650275611258
5.4,0.004166666666666667,0.024154147228104602,0.009947000867673817
5.4,0.0125,0.02396476146659732,0.009883386138398148
5.4,0.020833333333333332,0.023757920485091878,0.009801189253714671
5.4,0.029166666666666667,0.023557298111277533,0.009724093848074027
5.4,0.0375,0.02336090289620383,0.009650118193044045
5.4,0.04583333333333333,0.023166243364187048,0.00957678044797473
5.4,0.05416666666666667,0.022972723855596577,0.00950349450353325
5.4,0.0625,0.022780529495973263,0.009430454951552324
5.4,0.07083333333333333,0.02258989039078005,0.009357901280501967
5.4,0.07916666666666666,0.022400898285771655,0.009285934536573887
5.4,0.0875,0.022213545683178428,0.009214556440575656
5.4,0.09583333333333334,0.02202779218560951,0.009143735732537581
5.4,0.10416666666666667,0.02184360104221322,0.00907344471857129
5.4,0.1125,0.021660948458434134,0.009003668581318836
5.4,0.12083333333333333,0.021479820338541646,0.008934402123166645
5.4,0.12916666666666668,0.021300206719996866,0.008865644201292636
5.4,0.1375,0.02112209802007339,0.008797393974960719
5.4,0.14583333333333334,0.020945483555441156,0.008729649425772501
5.4,0.15416666666666667,0.02077035149071539,0.008662407306878799
5.4,0.1625,0.020596689326030763,0.008595663631209947
5.4,0.17083333333333334,0.020424484390561198,0.008529414165646579
5.4,0.17916666666666667,0.020253724146322767,0.008463654735467693
5.4,0.1875,0.020084396302303364,0.008398381339119496
5.4,0.19583333333333333,0.01991648880997127,0.008333590144358418
5.4,0.20416666666666666,0.019749989811298177,0.008269277436901977
5.4,0.2125,0.019584887584708006,0.008205439567001002
5.4,0.22083333333333333,0.019421170508264623,0.008142072913244567
5.4,0.22916666666666666,0.019258827042318207,0.008079173865818658
5.4,0.2375,0.019097845726113494,0.008016738823721288
5.4,0.24583333333333332,0.01893821518146853,0.007954764199042634
5.4,0.25416666666666665,0.018779924118263985,0.007893246423050634
5.4,0.2625,0.01862296133884453,0.007832181951183443
5.4,0.2708333333333333,0.0184673157403591,0.007771567265975942
5.4,0.2791666666666667,0.018312976315214682,0.007711398878093862
5.4,0.2875,0.0181599321502778,0.007651673326111459
5.4,0.29583333333333334,0.018008172425484397,0.007592387175691804
5.4,0.30416666666666664,0.017857686412337894,0.007533537018650873
5.4,0.3125,0.017708463472558666,0.007475119472167688
5.4,0.32083333333333336,0.017560493056971008,0.007417131178227365
5.4,0.32916666666666666,0.017413764704608137,0.0073595688032769505
5.4,0.3375,0.017268268041968602,0.007302429038028424
5.4,0.3458333333333333,0.017123992782354366,0.007245708597337924
5.4,0.3541666666666667,0.016980928725234774,0.00718940422010686
5.4,0.3625,0.016839065755605138,0.007133512669172202
5.4,0.37083333333333335,0.016698393843324964,0.007078030731172421
5.4,0.37916666666666665,0.016558903042436277,0.007022955216388565
5.4,0.3875,0.01642058349046775,0.006968282958566594
5.4,0.3958333333333333,0.016283425407732394,0.006914010814728764
5.4,0.4041666666666667,0.01614741909662598,0.00686013566498133
5.4,0.4125,0.01601255494093111,0.006806654412323347
5.4,0.42083333333333334,0.015878823405129274,0.006753563982459123
5.4,0.42916666666666664,0.015746215033722036,0.006700861323615358
5.4,0.4375,0.01561472045056073,0.006648543406362468
5.4,0.44583333333333336,0.015484330358184053,0.00659660722343943
5.4,0.45416666666666666,0.01535503553716222,0.006545049789581144
5.4,0.4625,0.015226826845447376,0.0064938681413475524
5.4,0.4708333333333333,0.015099695217729336,0.0064430593369539735
5.4,0.4791666666666667,0.014973631664796332,0.006392620456102391
5.4,0.4875,0.014848627272900799,0.006342548599813602
5.4,0.49583333333333335,0.014724673203130164,0.006292840890260174
5.4,0.5041666666666667,0.014601760690782645,0.0062434944706003925
5.4,0.5125,0.014479881044747936,0.006194506504813302
5.4,0.5208333333333334,0.014359025646893302,0.006145874177534757
5.4,0.5291666666666667,0.014239185951454557,0.006097594693894801
5.4,0.5375,0.014120353484432491,0.00604966527935627
5.4,0.5458333333333333,0.014002519842994025,0.006002083179554421
5.4,0.5541666666666667,0.013885676694878786,0.005954845660138093
5.4,0.5625,0.013769815777810494,0.005907950006611796
5.4,0.5708333333333333,0.013654928898913427,0.005861393524179151
5.4,0.5791666666666667,0.013541007934133691,0.005815173537587354
5.4,0.5875,0.013428044827665445,0.005769287390972887
5.4,0.5958333333333333,0.013316031591381922,0.005723732447708231
5.4,0.6041666666666666,0.013204960304271176,0.005678506090249865
5.4,0.6125,0.0130948231118766,0.005633605719987112
5.4,0.6208333333333333,0.012985612225742134,0.005589028757092363
5.4,0.6291666666666667,0.012877319922862049,0.005544772640372127
5.4,0.6375,0.01276993854513551,0.005500834827119335
5.4,0.6458333333333334,0.0126634604988256,0.005457212792966605
5.4,0.6541666666666667,0.012557878254022811,0.0054139040317406585
5.4,0.6625,0.012453184344113327,0.005370906055317702
5.4,0.6708333333333333,0.01234937136525143,0.005328216393479948
5.4,0.6791666666666667,0.012246431975836528,0.005285832593773053
5.4,0.6875,0.012144358895994615,0.005243752221364746
5.4,0.6958333333333333,0.012043144907063949,0.005201972858904294
5.4,0.7041666666666667,0.011942782851085137,0.005160492106383181
5.4,0.7125,0.011843265630295466,0.005119307580996585
5.4,0.7208333333333333,0.011744586206627635,0.0050784169170060125
5.4,0.7291666666666666,0.011646737601212313,0.005037817765602852
5.4,0.7375,0.011549712893885424,0.0049975077947729
5.4,0.7458333333333333,0.011453505222699063,0.004957484689161904
5.4,0.7541666666666667,0.011358107783436839,0.004917746149942032
5.4,0.7625,0.011263513829133192,0.004878289894679292
5.4,0.7708333333333334,0.011169716669596735,0.00483911365720193
5.4,0.7791666666666667,0.011076709670937672,0.004800215187469814
5.4,0.7875,0.010984486255099037,0.004761592251444601
5.4,0.7958333333333333,0.010893039899392103,0.004723242630960994
5.4,0.8041666666666667,0.010802364136035476,0.004685164123598853
5.4,0.8125,0.010712452551698214,0.004647354542556176
5.4,0.8208333333333333,0.010623298787046738,0.004609811716523083
5.4,0.8291666666666667,0.010534896536295513,0.0045725334895565664
5.4,0.8375,0.010447239546761602,0.004535517720956284
5.4,0.8458333333333333,0.01036032161842292,0.004498762285141095
5.4,0.8541666666666666,0.010274136603480102,0.004462265071526578
5.4,0.8625,0.010188678405922299,0.00442602398440334
5.4,0.8708333333333333,0.01010394098109641,0.004390036942816244
5.4,0.8791666666666667,0.01001991833527998,0.004354301880444438
5.4,0.8875,0.00993660452525785,0.004318816745482285
5.4,0.8958333333333334,0.00985399365790211,0.004283579500521113
5.4,0.9041666666666667,0.009772079889755845,0.004248588122431762
5.4,0.9125,0.009690857426620196,0.004213840602248031
5.4,0.9208333333333333,0.009610320523145024,0.004179334945050883
5.4,0.9291666666666667,0.009530463482422926,0.004145069169853464
5.4,0.9375,0.009451280655586715,0.004111041309487014
5.4,0.9458333333333333,0.009372766441410397,0.004077249410487454
5.4,0.9541666666666667,0.00929491528591323,0.0040436915329828465
5.4,0.9625,0.009217721681967439,0.004010365750581643
5.4,0.9708333333333333,0.009141180168909035,0.003977270150261678
5.4,0.9791666666666666,0.009065285332151955,0.003944402832259946
5.4,0.9875,0.008990031802805505,0.003911761909963148
5.4,0.9958333333333333,0.008915414257294979,0.0038793455097990677
5.6000000000000005,0.004166666666666667,0.02424290306824023,0.009609926455477796
5.6000000000000005,0.0125,0.02405203141970354,0.009548113130887085
5.6000000000000005,0.020833333333333332,0.02384465320449708,0.009468641625717934
5.6000000000000005,0.029166666666666667,0.0236435586207002,0.009394312135536459
5.6000000000000005,0.0375,0.02344650735061167,0.009322894252450307
5.6000000000000005,0.04583333333333333,0.02325110150084856,0.009251999905977951
5.6000000000000005,0.05416666666666667,0.02305684377758178,0.009181141539043302
5.6000000000000005,0.0625,0.022863948564798366,0.00911054318697849
5.6000000000000005,0.07083333333333333,0.022672635846572198,0.009040434400526607
5.6000000000000005,0.07916666666666666,0.022482981038155266,0.008970900077658573
5.6000000000000005,0.0875,0.022294967574259344,0.00890193305257592
5.6000000000000005,0.09583333333333334,0.02210855342178928,0.00883350060915849
5.6000000000000005,0.10416666666666667,0.021923703732219958,0.008765577134050169
5.6000000000000005,0.1125,0.02174039700279741,0.008698150278562449
5.6000000000000005,0.12083333333333333,0.02155862048692013,0.008631216369751603
5.6000000000000005,0.12916666666666668,0.02137836456414859,0.00856477478111863
5.6000000000000005,0.1375,0.02119961941069155,0.008498824603779627
5.6000000000000005,0.14583333333333334,0.02102237393875478,0.008433363586492547
5.6000000000000005,0.15416666666666667,0.02084661598476206,0.008368388324550837
5.6000000000000005,0.1625,0.020672332866723927,0.008303894817818389
5.6000000000000005,0.17083333333333334,0.020499511850823462,0.008239878937976211
5.6000000000000005,0.17916666666666667,0.02032814039857397,0.008176336676335154
5.6000000000000005,0.1875,0.020158206233004565,0.008113264210670483
5.6000000000000005,0.19583333333333333,0.019989697307499773,0.008050657874705606
5.6000000000000005,0.20416666666666666,0.019822601745982563,0.007988514098932684
5.6000000000000005,0.2125,0.019656907792139126,0.007926829360470306
5.6000000000000005,0.22083333333333333,0.01949260377980077,0.00786560015407214
5.6000000000000005,0.22916666666666666,0.019329678122198338,0.007804822982003077
5.6000000000000005,0.2375,0.019168119312764072,0.007744494355457332
5.6000000000000005,0.24583333333333332,0.019007915930536974,0.007684610800574494
5.6000000000000005,0.25416666666666665,0.01884905664566703,0.007625168864549213
5.6000000000000005,0.2625,0.018691530223002056,0.007566165119818327
5.6000000000000005,0.2708333333333333,0.018535325523452644,0.007507596166021096
5.6000000000000005,0.2791666666666667,0.01838043150367668,0.007449458630273102
5.6000000000000005,0.2875,0.01822683721483444,0.007391749166506481
5.6000000000000005,0.29583333333333334,0.018074531801039226,0.007334464454499807
5.6000000000000005,0.30416666666666664,0.017923504497884483,0.007277601198980131
5.6000000000000005,0.3125,0.017773744631209825,0.007221156128958292
5.6000000000000005,0.32083333333333336,0.017625241616117053,0.007165125997309862
5.6000000000000005,0.32916666666666666,0.017477984956176296,0.007109507580540594
5.6000000000000005,0.3375,0.017331964242741745,0.007054297678657398
5.6000000000000005,0.3458333333333333,0.01718716915431153,0.006999493115077804
5.6000000000000005,0.3541666666666667,0.01704358945588758,0.00694509073653539
5.6000000000000005,0.3625,0.01690121499831674,0.006891087412960978
5.6000000000000005,0.37083333333333335,0.01676003571760822,0.006837480037336097
5.6000000000000005,0.37916666666666665,0.016620041634233883,0.006784265525524213
5.6000000000000005,0.3875,0.016481222852419476,0.006731440816088448
5.6000000000000005,0.3958333333333333,0.016343569559434955,0.006679002870103596
5.6000000000000005,0.4041666666666667,0.016207072024889625,0.006626948670968655
5.6000000000000005,0.4125,0.01607172060003542,0.006575275224222845
5.6000000000000005,0.42083333333333334,0.01593750571707939,0.006523979557366381
5.6000000000000005,0.42916666666666664,0.015804417888505267,0.006473058719685879
5.6000000000000005,0.4375,0.015672447706403046,0.0064225097820833806
5.6000000000000005,0.44583333333333336,0.015541585841805717,0.0063723298369081265
5.6000000000000005,0.45416666666666666,0.015411823044031946,0.0063225159977900736
5.6000000000000005,0.4625,0.015283150140034415,0.0062730653994746855
5.6000000000000005,0.4708333333333333,0.015155558033753352,0.006223975197658554
5.6000000000000005,0.4791666666666667,0.015029037705474849,0.00617524256882582
5.6000000000000005,0.4875,0.01490358021119432,0.006126864710085443
5.6000000000000005,0.49583333333333335,0.014779176681984961,0.006078838839009285
5.6000000000000005,0.5041666666666667,0.014655818323371457,0.006031162193471303
5.6000000000000005,0.5125,0.014533496414708587,0.005983832031487828
5.6000000000000005,0.5208333333333334,0.014412202308565384,0.005936845631058914
5.6000000000000005,0.5291666666666667,0.014291927430114213,0.005890200290011039
5.6000000000000005,0.5375,0.014172663276525341,0.005843893325840981
5.6000000000000005,0.5458333333333333,0.014054401416366233,0.005797922075560691
5.6000000000000005,0.5541666666666667,0.013937133489006283,0.005752283895543658
5.6000000000000005,0.5625,0.013820851204026399,0.00570697616137215
5.6000000000000005,0.5708333333333333,0.013705546340633595,0.00566199626768574
5.6000000000000005,0.5791666666666667,0.013591210747080432,0.005617341628030842
5.6000000000000005,0.5875,0.01347783634008945,0.005573009674711412
5.6000000000000005,0.5958333333333333,0.013365415104282333,0.0055289978586406455
5.6000000000000005,0.6041666666666666,0.013253939091613862,0.005485303649193883
5.6000000000000005,0.6125,0.013143400420810672,0.005441924534062382
5.6000000000000005,0.6208333333333333,0.013033791276814661,0.005398858019108374
5.6000000000000005,0.6291666666666667,0.012925103910231026,0.005356101628220955
5.6000000000000005,0.6375,0.012817330636781091,0.005313652903173205
5.6000000000000005,0.6458333333333334,0.012710463836759587,0.005271509403480186
5.6000000000000005,0.6541666666666667,0.012604495954496467,0.00522966870625811
5.6000000000000005,0.6625,0.012499419497823462,0.005188128406084408
5.6000000000000005,0.6708333333333333,0.01239522703754482,0.0051468861148589095
5.6000000000000005,0.6791666666666667,0.012291911206912656,0.0051059394616659376
5.6000000000000005,0.6875,0.012189464701106767,0.005065286092637487
5.6000000000000005,0.6958333333333333,0.012087880276718652,0.005024923670817304
5.6000000000000005,0.7041666666666667,0.011987150751239968,0.004984849876026058
5.6000000000000005,0.7125,0.01188726900255526,0.004945062404727334
5.6000000000000005,0.7208333333333333,0.011788227968439063,0.004905558969894734
5.6000000000000005,0.7291666666666666,0.011690020646056875,0.004866337300879865
5.6000000000000005,0.7375,0.011592640091470876,0.004827395143281266
5.6000000000000005,0.7458333333333333,0.011496079419149258,0.004788730258814315
5.6000000000000005,0.7541666666666667,0.011400331801480031,0.004750340425182051
5.6000000000000005,0.7625,0.011305390468288774,0.004712223435946888
5.6000000000000005,0.7708333333333334,0.01121124870636046,0.0046743771004033275
5.6000000000000005,0.7791666666666667,0.011117899858965344,0.004636799243451544
5.6000000000000005,0.7875,0.01102533732538871,0.004599487705471813
5.6000000000000005,0.7958333333333333,0.010933554560464782,0.0045624403421999325
5.6000000000000005,0.8041666666666667,0.010842545074114323,0.004525655024603508
5.6000000000000005,0.8125,0.010752302430886288,0.004489129638759053
5.6000000000000005,0.8208333333333333,0.010662820249503298,0.004452862085730084
5.6000000000000005,0.8291666666666667,0.01057409220241082,0.004416850281445943
5.6000000000000005,0.8375,0.010486112015330337,0.004381092156581628
5.6000000000000005,0.8458333333333333,0.010398873466816144,0.004345585656438359
5.6000000000000005,0.8541666666666666,0.01031237038781582,0.004310328740825062
5.6000000000000005,0.8625,0.010226596661234596,0.004275319383940659
5.6000000000000005,0.8708333333333333,0.010141546221503227,0.004240555574257219
5.6000000000000005,0.8791666666666667,0.010057213054149486,0.00420603531440389
5.6000000000000005,0.8875,0.009973591195373435,0.004171756621051714
5.6000000000000005,0.8958333333333334,0.009890674731626057,0.004137717524799222
5.6000000000000005,0.9041666666666667,0.009808457799191615,0.004103916070058805
5.6000000000000005,0.9125,0.00972693458377339,0.004070350314943961
5.6000000000000005,0.9208333333333333,0.009646099320082997,0.00403701833115727
5.6000000000000005,0.9291666666666667,0.009565946291433113,0.0040039182038791605
5.6000000000000005,0.9375,0.009486469829333637,0.003971048031657532
5.6000000000000005,0.9458333333333333,0.009407664313091386,0.00393840592629804
5.6000000000000005,0.9541666666666667,0.009329524169412814,0.003905990012755229
5.6000000000000005,0.9625,0.009252043872010503,0.0038737984290244114
5.6000000000000005,0.9708333333333333,0.009175217941212689,0.0038418293260342935
5.6000000000000005,0.9791666666666666,0.009099040943576176,0.0038100808675403312
5.6000000000000005,0.9875,0.009023507491502493,0.0037785512300188514
5.6000000000000005,0.9958333333333333,0.008948612242857274,0.0037472386025619677
5.8,0.004166666666666667,0.0243308095686813,0.009285305776907251
5.8,0.0125,0.02413851262303999,0.009225252408001062
5.8,0.020833333333333332,0.023930608671513108,0.009148416495611999
5.8,0.029166666666666667,0.02372902904031791,0.009076739548480156
5.8,0.0375,0.023531315805824068,0.009007773736426639
5.8,0.04583333333333333,0.023335170070577088,0.00893923016715896
5.8,0.05416666666666667,0.023140185871306996,0.008870712795048858
5.8,0.0625,0.02294660054588201,0.00880246878883681
5.8,0.07083333333333333,0.022754622006613948,0.00873471580567988
5.8,0.07916666666666666,0.022564310200291985,0.008667523451921805
5.8,0.0875,0.02237564096446187,0.008600877140103772
5.8,0.09583333333333334,0.022188571559103983,0.008534743621367252
5.8,0.10416666666666667,0.02200306927073305,0.008469099590272746
5.8,0.1125,0.02181911471292166,0.008403934986035935
5.8,0.12083333333333333,0.021636696217128847,0.00833924738406226
5.8,0.12916666666666668,0.02145580431265284,0.008275036476600014
5.8,0.1375,0.0212764288606001,0.00821130120740358
5.8,0.14583333333333334,0.021098558379864293,0.008148039098400192
5.8,0.15416666666666667,0.020922180425248665,0.008085246628494865
5.8,0.1625,0.0207472821780342,0.008022919824814373
5.8,0.17083333333333334,0.020573850869288115,0.007961054686686404
5.8,0.17916666666666667,0.02040187396933705,0.00789964737577733
5.8,0.1875,0.02023133921229046,0.00783869424127413
5.8,0.19583333333333333,0.020062234545578178,0.007778191770075505
5.8,0.20416666666666666,0.01989454806755955,0.007718136525047994
5.8,0.2125,0.019728267982479956,0.0076585251006246495
5.8,0.22083333333333333,0.01956338257833129,0.007599354101301558
5.8,0.22916666666666666,0.019399880221854796,0.007540620137271568
5.8,0.2375,0.019237749362394616,0.0074823198289031495
5.8,0.24583333333333332,0.019076978538108594,0.007424449813570865
5.8,0.25416666666666665,0.01891755638096066,0.00736700675126229
5.8,0.2625,0.018759471619324973,0.007309987327791241
5.8,0.2708333333333333,0.01860271307843901,0.007253388255855015
5.8,0.2791666666666667,0.018447269679482545,0.0071972062747115055
5.8,0.2875,0.01829313043805495,0.007141438149250302
5.8,0.29583333333333334,0.018140284462590094,0.007086080668995527
5.8,0.30416666666666664,0.01798872095297856,0.0070311306473114675
5.8,0.3125,0.01783842919946759,0.006976584920880363
5.8,0.32083333333333336,0.017689398581793483,0.006922440349408122
5.8,0.32916666666666666,0.017541618568463067,0.006868693815473516
5.8,0.3375,0.017395078716102963,0.00681534222444095
5.8,0.3458333333333333,0.017249768668821833,0.006762382504380558
5.8,0.3541666666666667,0.017105678157555114,0.00670981160596673
5.8,0.3625,0.016962796999385146,0.006657626502346355
5.8,0.37083333333333335,0.016821115096839076,0.006605824188980892
5.8,0.37916666666666665,0.01668062243717487,0.006554401683471254
5.8,0.3875,0.016541309091663823,0.006503356025374829
5.8,0.3958333333333333,0.016403165214877006,0.006452684276021402
5.8,0.4041666666666667,0.016266181043979297,0.006402383518332465
5.8,0.4125,0.016130346898033016,0.006352450856645353
5.8,0.42083333333333334,0.015995653177310946,0.006302883416542245
5.8,0.42916666666666664,0.015862090362617882,0.006253678344683213
5.8,0.4375,0.015729649014619533,0.0062048328086421285
5.8,0.44583333333333336,0.015598319773177752,0.006156343996744516
5.8,0.45416666666666666,0.015468093356691307,0.006108209117906597
5.8,0.4625,0.015338960561441902,0.006060425401475219
5.8,0.4708333333333333,0.015210912260945337,0.006012990097068465
5.8,0.4791666666666667,0.01508393940530747,0.005965900474417001
5.8,0.4875,0.01495803302058538,0.0059191538232063684
5.8,0.49583333333333335,0.014833184208153728,0.005872747452920094
5.8,0.5041666666666667,0.01470938414407635,0.005826678692684027
5.8,0.5125,0.014586624078483022,0.005780944891111755
5.8,0.5208333333333334,0.014464895334951629,0.005735543416151118
5.8,0.5291666666666667,0.014344189309895472,0.005690471654932051
5.8,0.5375,0.01422449747195594,0.005645727013615554
5.8,0.5458333333333333,0.01410581136140002,0.005601306917243629
5.8,0.5541666666666667,0.013988122589523146,0.005557208809590645
5.8,0.5625,0.013871422838057021,0.005513430153015534
5.8,0.5708333333333333,0.013755703858582302,0.005469968428315234
5.8,0.5791666666666667,0.013640957471946252,0.00542682113457908
5.8,0.5875,0.013527175567685405,0.005383985789044338
5.8,0.5958333333333333,0.013414350103452865,0.005341459926952691
5.8,0.6041666666666666,0.013302473104450513,0.005299241101407908
5.8,0.6125,0.013191536662865993,0.0052573268832343395
5.8,0.6208333333333333,0.013081532937314374,0.005215714860836675
5.8,0.6291666666666667,0.012972454152284452,0.00517440264006049
5.8,0.6375,0.012864292597589868,0.005133387844053986
5.8,0.6458333333333334,0.012757040627824654,0.005092668113130621
5.8,0.6541666666666667,0.012650690661823397,0.005052241104632797
5.8,0.6625,0.012545235182126094,0.005012104492796495
5.8,0.6708333333333333,0.012440666734447214,0.004972255968616939
5.8,0.6791666666666667,0.012336977927149445,0.0049326932397151645
5.8,0.6875,0.012234161430721823,0.004893414030205638
5.8,0.6958333333333333,0.012132209977262146,0.00485441608056472
5.8,0.7041666666666667,0.01203111635996382,0.004815697147500232
5.8,0.7125,0.011930873432606999,0.004777255003821783
5.8,0.7208333333333333,0.011831474109054056,0.004739087438312176
5.8,0.7291666666666666,0.011732911362749041,0.004701192255599667
5.8,0.7375,0.01163517822622179,0.004663567276031159
5.8,0.7458333333333333,0.011538267790595733,0.004626210335546323
5.8,0.7541666666666667,0.011442173205100136,0.0045891192855526
5.8,0.7625,0.011346887676586358,0.004552291992801076
5.8,0.7708333333333334,0.011252404469048155,0.004515726339263342
5.8,0.7791666666666667,0.011158716903146048,0.004479420222009161
5.8,0.7875,0.011065818355735583,0.004443371553084972
5.8,0.7958333333333333,0.01097370225939979,0.0044075782593933546
5.8,0.8041666666666667,0.010882362101985286,0.004372038282573333
5.8,0.8125,0.010791791426142505,0.004336749578881464
5.8,0.8208333333333333,0.010701983828869707,0.004301710119073878
5.8,0.8291666666666667,0.010612932961060709,0.004266917888289047
5.8,0.8375,0.010524632527056672,0.004232370885931509
5.8,0.8458333333333333,0.010437076284201463,0.0041980671255563125
5.8,0.8541666666666666,0.010350258042400758,0.0041640046347543504
5.8,0.8625,0.010264171663684978,0.0041301814550384645
5.8,0.8708333333333333,0.010178811061775827,0.004096595641730394
5.8,0.8791666666666667,0.010094170201656372,0.004063245263848487
5.8,0.8875,0.010010243099145034,0.004030128403996239
5.8,0.8958333333333334,0.009927023820472801,0.003997243158251615
5.8,0.9041666666666667,0.00984450648186429,0.003964587636057108
5.8,0.9125,0.009762685249122166,0.003932159960110653
5.8,0.9208333333333333,0.00968155433721512,0.003899958266257234
5.8,0.9291666666666667,0.009601108009869332,0.0038679807033812786
5.8,0.9375,0.009521340579163295,0.0038362254332998443
5.8,0.9458333333333333,0.009442246405126262,0.0038046906306564926
5.8,0.9541666666666667,0.009363819895339687,0.0037733744828159503
5.8,0.9625,0.009286055504542447,0.003742275189759498
5.8,0.9708333333333333,0.00920894773423911,0.0037113909639810974
5.8,0.9791666666666666,0.009132491132311633,0.003680720030384209
5.8,0.9875,0.009056680292634248,0.0036502606261793586
5.8,0.9958333333333333,0.00898150985469166,0.0036200110007824616
6.0,0.004166666666666667,0.0244178616208149,0.008972666000994717
6.0,0.0125,0.02422419557588074,0.008914330584810148
6.0,0.020833333333333332,0.024015775640144864,0.00884004254105976
6.0,0.029166666666666667,0.023813699544183234,0.008770909962409007
6.0,0.0375,0.02361532039260292,0.008704296225129346
6.0,0.04583333333333333,0.023418442078884587,0.008638015404733895
6.0,0.05416666666666667,0.02322274296284321,0.008571755954217022
6.0,0.0625,0.02302847772933437,0.008505782563521549
6.0,0.07083333333333333,0.022835840809349632,0.00844029958138674
6.0,0.07916666666666666,0.022644877694866138,0.008375362330944686
6.0,0.0875,0.022455557989938982,0.008310950161554266
6.0,0.09583333333333334,0.02226783900835274,0.00824703004718769
6.0,0.10416666666666667,0.022081690292014376,0.008183581105552284
6.0,0.1125,0.021897094362839497,0.008120595350699375
6.0,0.12083333333333333,0.021714040379723906,0.008058071350711517
6.0,0.12916666666666668,0.021532518866377824,0.007996008956246987
6.0,0.1375,0.021352519324217913,0.007934406914135534
6.0,0.14583333333333334,0.021174029903611957,0.007873262539320601
6.0,0.15416666666666667,0.020997037924629203,0.007812572236301624
6.0,0.1625,0.02082153047067557,0.007752332093454635
6.0,0.17083333333333334,0.020647494757976784,0.007692538253195396
6.0,0.17916666666666667,0.020474918269598474,0.007633187046673375
6.0,0.1875,0.0203037887454302,0.00757427498442365
6.0,0.19583333333333333,0.02013409411913924,0.0075157986939833185
6.0,0.20416666666666666,0.01996582245731482,0.0074577548596919075
6.0,0.2125,0.019798961921597996,0.007400140185472376
6.0,0.22083333333333333,0.01963350075370204,0.007342951380496583
6.0,0.22916666666666666,0.01946942727510737,0.007286185159519964
6.0,0.2375,0.019306729892899353,0.007229838249353559
6.0,0.24583333333333332,0.019145397106054906,0.00717390739577896
6.0,0.25416666666666665,0.01898541750959036,0.007118389368319495
6.0,0.2625,0.018826779796151036,0.007063280962447519
6.0,0.2708333333333333,0.01866947275568212,0.007008578999867988
6.0,0.2791666666666667,0.018513485274075103,0.006954280327771545
6.0,0.2875,0.018358806331512018,0.006900381817781035
6.0,0.29583333333333334,0.018205425000933285,0.006846880365015688
6.0,0.30416666666666664,0.01805333044678956,0.00679377288743462
6.0,0.3125,0.017902511924072075,0.006741056325453387
6.0,0.32083333333333336,0.017752958777539022,0.00668872764175177
6.0,0.32916666666666666,0.017604660441045732,0.0066367838211798995
6.0,0.3375,0.017457606436905807,0.006585221870690943
6.0,0.3458333333333333,0.017311786375242336,0.006534038819258191
6.0,0.3541666666666667,0.01716718995331209,0.006483231717760938
6.0,0.3625,0.01702380695480474,0.00643279763883983
6.0,0.37083333333333335,0.016881627249124672,0.006382733676730547
6.0,0.37916666666666665,0.016740640790666728,0.006333036947086268
6.0,0.3875,0.016600837618093753,0.006283704586797433
6.0,0.3958333333333333,0.016462207853621545,0.006234733753813807
6.0,0.4041666666666667,0.01632474170231305,0.006186121626971631
6.0,0.4125,0.0161884294513827,0.006137865405825904
6.0,0.42083333333333334,0.016053261469509545,0.006089962310487066
6.0,0.42916666666666664,0.01591922820615829,0.006042409581460904
6.0,0.4375,0.01578632019090685,0.0059952044794905094
6.0,0.44583333333333336,0.01565452803277963,0.005948344285399546
6.0,0.45416666666666666,0.015523842419586101,0.005901826299936308
6.0,0.4625,0.015394254117264389,0.005855647843618481
6.0,0.4708333333333333,0.015265753969230097,0.005809806256578536
6.0,0.4791666666666667,0.015138332895729979,0.005764298898409906
6.0,0.4875,0.015011981893200946,0.005719123148014191
6.0,0.49583333333333335,0.014886692033634448,0.00567427640344924
6.0,0.5041666666666667,0.014762454463946056,0.0056297560817784986
6.0,0.5125,0.014639260405350395,0.005585559618921424
6.0,0.5208333333333334,0.014517101152741452,0.00554168446950503
6.0,0.5291666666666667,0.014395968074078062,0.005498128106716667
6.0,0.5375,0.014275852609774724,0.0054548880221579185
6.0,0.5458333333333333,0.014156746272097327,0.005411961725699402
6.0,0.5541666666666667,0.014038640644564152,0.005369346745336961
6.0,0.5625,0.013921527381351835,0.005327040627048609
6.0,0.5708333333333333,0.01380539820670628,0.005285040934652723
6.0,0.5791666666666667,0.013690244914358515,0.00524334524966711
6.0,0.5875,0.013576059366945515,0.0052019511711692175
6.0,0.5958333333333333,0.013462833495435783,0.005160856315657227
6.0,0.6041666666666666,0.013350559298559739,0.005120058316912337
6.0,0.6125,0.013239228842245014,0.005079554825861809
6.0,0.6208333333333333,0.013128834259056355,0.005039343510443264
6.0,0.6291666666666667,0.01301936774764023,0.004999422055469712
6.0,0.6375,0.012910821572174234,0.004959788162495803
6.0,0.6458333333333334,0.012803188061820956,0.0049204395496848545
6.0,0.6541666666666667,0.012696459610186485,0.004881373951676958
6.0,0.6625,0.01259062867478357,0.004842589119458008
6.0,0.6708333333333333,0.012485687776499086,0.004804082820229674
6.0,0.6791666666666667,0.01238162949906612,0.004765852837280311
6.0,0.6875,0.01227844648854048,0.004727896969856841
6.0,0.6958333333333333,0.012176131452781512,0.004690213033037476
6.0,0.7041666666666667,0.012074677160937334,0.004652798857605498
6.0,0.7125,0.011974076442934398,0.0046156522899237695
6.0,0.7208333333333333,0.0118743221889714,0.004578771191810321
6.0,0.7291666666666666,0.011775407349017199,0.004542153440414717
6.0,0.7375,0.01167732493231335,0.004505796928095359
6.0,0.7458333333333333,0.011580068006880388,0.004469699562297683
6.0,0.7541666666666667,0.01148362969902856,0.004433859265433191
6.0,0.7625,0.01138800319287256,0.004398273974759358
6.0,0.7708333333333334,0.011293181729850357,0.0043629416422604666
6.0,0.7791666666666667,0.011199158608246045,0.004327860234529235
6.0,0.7875,0.011105927182716668,0.0042930277326492456
6.0,0.7958333333333333,0.011013480863823193,0.004258442132078323
6.0,0.8041666666666667,0.010921813117565177,0.00422410144253269
6.0,0.8125,0.010830917464919553,0.004190003687871928
6.0,0.8208333333333333,0.01074078748138322,0.004156146905984826
6.0,0.8291666666666667,0.010651416796519333,0.004122529148675939
6.0,0.8375,0.010562799093507725,0.00408914848155309
6.0,0.8458333333333333,0.010474928108698843,0.004056002983915541
6.0,0.8541666666666666,0.01038779763117149,0.004023090748643047
6.0,0.8625,0.010301401502294366,0.003990409882085644
6.0,0.8708333333333333,0.010215733615291281,0.003957958503954274
6.0,0.8791666666666667,0.010130787914809853,0.003925734747212121
6.0,0.8875,0.010046558396494177,0.0038937367579667567
6.0,0.8958333333333334,0.009963039106560706,0.0038619626953630554
6.0,0.9041666666666667,0.009880224141377998,0.003830410731476816
6.0,0.9125,0.009798107647049793,0.003799079051209206
6.0,0.9208333333333333,0.009716683819001763,0.0037679658521818818
6.0,0.9291666666666667,0.00963594690157162,0.0037370693446328773
6.0,0.9375,0.009555891187602724,0.0037063877513132406
6.0,0.9458333333333333,0.009476511018041173,0.0036759193073843577
6.0,0.9541666666666667,0.009397800781536096,0.0036456622603160244
6.0,0.9625,0.009319754914043566,0.0036156148697852326
6.0,0.9708333333333333,0.009242367898433627,0.0035857754075756566
6.0,0.9791666666666666,0.009165634264100784,0.0035561421574778224
6.0,0.9875,0.009089548586577657,0.003526713415190003
6.0,0.9958333333333333,0.009014105487151994,0.0034974874882198236
6.2,0.004166666666666667,0.024504054214590388,0.00867154174339969
6.2,0.0125,0.02430907129677732,0.008614882011239085
6.2,0.020833333333333332,0.02410014366979989,0.008543056329820118
6.2,0.029166666666666667,0.02389756102964543,0.008476364931525895
6.2,0.0375,0.023698513694576314,0.008412008579274254
6.2,0.04583333333333333,0.02350091076633906,0.008347906728530674
6.2,0.05416666666666667,0.023304508042426664,0.00828382544035903
6.2,0.0625,0.023109572603816603,0.008220041969930213
6.2,0.07083333333333333,0.022916284447915332,0.008156746400229278
6.2,0.07916666666666666,0.022724675720948984,0.00809398087520299
6.2,0.0875,0.022534711038609042,0.008031719921156947
6.2,0.09583333333333334,0.022346348377892795,0.007969931339340857
6.2,0.10416666666666667,0.022159559567234786,0.00790859669681855
6.2,0.1125,0.021974328811997342,0.00784770985269074
6.2,0.12083333333333333,0.021790645872997352,0.00778727013734707
6.2,0.12916666666666668,0.021608501146994995,0.007727277433674544
6.2,0.1375,0.021427883754713103,0.00766773026579008
6.2,0.14583333333333334,0.021248781511431176,0.0076086257703414
6.2,0.15416666666666667,0.021071181547122234,0.0075499603173450345
6.2,0.1625,0.02089507087934008,0.007491730083768318
6.2,0.17083333333333334,0.020720436723189156,0.00743393136418827
6.2,0.17916666666666667,0.020547266574409404,0.007376560654559415
6.2,0.1875,0.0203755481721363,0.007319614615650748
6.2,0.19583333333333333,0.020205269429096177,0.0072630900039125194
6.2,0.20416666666666666,0.020036418375289567,0.007206983615824675
6.2,0.2125,0.019868983127911532,0.00715129225847707
6.2,0.22083333333333333,0.019702951882810113,0.007096012741681777
6.2,0.22916666666666666,0.0195383129177608,0.007041141881895855
6.2,0.2375,0.019375054599359884,0.0069866765097576075
6.2,0.24583333333333332,0.01921316538885149,0.006932613476550499
6.2,0.25416666666666665,0.019052633845260764,0.006878949657968067
6.2,0.2625,0.01889344862603306,0.0068256819553792585
6.2,0.2708333333333333,0.01873559848608425,0.0067728072954997606
6.2,0.2791666666666667,0.018579072276176573,0.006720322629382822
6.2,0.2875,0.01842385894124378,0.006668224931354802
6.2,0.29583333333333334,0.01826994751896788,0.006616511198196466
6.2,0.30416666666666664,0.01811732713867056,0.006565178448634145
6.2,0.3125,0.017965987020457336,0.006514223723078099
6.2,0.32083333333333336,0.01781591647451174,0.006463644083506064
6.2,0.32916666666666666,0.017667104900450415,0.006413436613402281
6.2,0.3375,0.01751954178667995,0.006363598417693629
6.2,0.3458333333333333,0.017373216709729154,0.006314126622655638
6.2,0.3541666666666667,0.01722811933355144,0.006265018375784259
6.2,0.3625,0.017084239408805785,0.006216270845640609
6.2,0.37083333333333335,0.016941566772126396,0.0061678812216801535
6.2,0.37916666666666665,0.016800091345392062,0.006119846714076327
6.2,0.3875,0.016659803135001514,0.006072164553545579
6.2,0.3958333333333333,0.016520692231158277,0.006024831991176869
6.2,0.4041666666666667,0.016382748807165674,0.0059778462982669
6.2,0.4125,0.01624596311873142,0.005931204766160102
6.2,0.42083333333333334,0.01611032550328047,0.005884904706092229
6.2,0.42916666666666664,0.015975826379274836,0.005838943449036299
6.2,0.4375,0.015842456245539337,0.005793318345549925
6.2,0.44583333333333336,0.015710205680592653,0.005748026765623473
6.2,0.45416666666666666,0.015579065341983542,0.0057030660985288115
6.2,0.4625,0.015449025965632074,0.005658433752668708
6.2,0.4708333333333333,0.015320078365176093,0.005614127155426893
6.2,0.4791666666666667,0.015192213431322802,0.005570143753019001
6.2,0.4875,0.015065422131205744,0.005526481010344581
6.2,0.49583333333333335,0.014939695507747184,0.005483136410840063
6.2,0.5041666666666667,0.014815024679025901,0.00544010745633297
6.2,0.5125,0.014691400837650198,0.005397391666897217
6.2,0.5208333333333334,0.01456881525013647,0.005354986580709466
6.2,0.5291666666666667,0.014447259256292809,0.005312889753906693
6.2,0.5375,0.014326724268608008,0.005271098760444818
6.2,0.5458333333333333,0.014207201771645498,0.005229611191958191
6.2,0.5541666666666667,0.014088683321442468,0.00518842465762041
6.2,0.5625,0.01397116054491407,0.005147536784005885
6.2,0.5708333333333333,0.01385462513926251,0.005106945214952572
6.2,0.5791666666666667,0.013739068871391142,0.005066647611425582
6.2,0.5875,0.01362448357732347,0.005026641651381872
6.2,0.5958333333333333,0.013510861161627042,0.004986925029635828
6.2,0.6041666666666666,0.013398193596842054,0.004947495457725973
6.2,0.6125,0.01328647292291494,0.0049083506637824246
6.2,0.6208333333333333,0.013175691246636555,0.004869488392395568
6.2,0.6291666666666667,0.013065840741085114,0.004830906404485418
6.2,0.6375,0.012956913645073925,0.004792602477172201
6.2,0.6458333333333334,0.01284890226260353,0.004754574403647667
6.2,0.6541666666666667,0.012741798962318618,0.004716819993047431
6.2,0.6625,0.012635596176969511,0.004679337070324251
6.2,0.6708333333333333,0.01253028640287803,0.004642123476122167
6.2,0.6791666666666667,0.012425862199407943,0.004605177066651572
6.2,0.6875,0.012322316188439876,0.004568495713565252
6.2,0.6958333333333333,0.01221964105385055,0.004532077303835175
6.2,0.7041666666666667,0.012117829540996432,0.00449591973963038
6.2,0.7125,0.012016874456201736,0.004460020938195499
6.2,0.7208333333333333,0.011916768666250768,0.004424378831730382
6.2,0.7291666666666666,0.011817505097884332,0.004388991367270433
6.2,0.7375,0.011719076737300714,0.004353856506567882
6.2,0.7458333333333333,0.01162147662966045,0.004318972225973911
6.2,0.7541666666666667,0.011524697878595567,0.0042843365163215815
6.2,0.7625,0.01142873364572284,0.004249947382809624
6.2,0.7708333333333334,0.01133357715016108,0.004215802844887108
6.2,0.7791666666666667,0.011239221668052593,0.004181900936138904
6.2,0.7875,0.011145660532088507,0.004148239704171897
6.2,0.7958333333333333,0.01105288713103829,0.004114817210502132
6.2,0.8041666666666667,0.010960894909283028,0.004081631530442706
6.2,0.8125,0.010869677366352757,0.004048680752992444
6.2,0.8208333333333333,0.010779228056467626,0.004015962980725437
6.2,0.8291666666666667,0.01068954058808284,0.003983476329681263
6.2,0.8375,0.010600608623437636,0.003951218929256108
6.2,0.8458333333333333,0.010512425878107896,0.003919188922094575
6.2,0.8541666666666666,0.010424986120562465,0.0038873844639822964
6.2,0.8625,0.01033828317172339,0.0038558037237393017
6.2,0.8708333333333333,0.01025231090452976,0.0038244448831141553
6.2,0.8791666666666667,0.010167063243505074,0.0037933061366788195
6.2,0.8875,0.010082534164328583,0.0037623856917242834
6.2,0.8958333333333334,0.009998717693409877,0.0037316817681569306
6.2,0.9041666666666667,0.00991560790746727,0.0037011925983956072
6.2,0.9125,0.009833198933109681,0.003670916427269466
6.2,0.9208333333333333,0.00975148494642201,0.0036408515119164906
6.2,0.9291666666666667,0.009670460172554017,0.0036109961216827407
6.2,0.9375,0.009590118885312669,0.003581348538022333
6.2,0.9458333333333333,0.009510455406757965,0.003551907054398092
6.2,0.9541666666666667,0.009431464106801986,0.0035226699761829053
6.2,0.9625,0.009353139402811586,0.0034936356205617866
6.2,0.9708333333333333,0.00927547575921418,0.0034648023164346223
6.2,0.9791666666666666,0.009198467687107033,0.0034361684043195586
6.2,0.9875,0.009122109743869717,0.0034077322362571064
6.2,0.9958333333333333,0.009046396532779905,0.003379492175714937
6.4,0.004166666666666667,0.024589383268042365,0.008381478615403021
6.4,0.0125,0.024393132104772827,0.008326452269232865
6.4,0.020833333333333332,0.024183703861277096,0.008257005768050371
6.4,0.029166666666666667,0.02398060585210851,0.008192657132049625
6.4,0.0375,0.023780889518610657,0.008130468415196388
6.4,0.04583333333333333,0.023582570420687714,0.008068465697812548
6.4,0.05416666666666667,0.023385475101490045,0.008006485952059425
6.4,0.0625,0.023189878697829507,0.007944814653133214
6.4,0.07083333333333333,0.022995946204322975,0.007883627044180865
6.4,0.07916666666666666,0.022803697581150723,0.007822953244825072
6.4,0.0875,0.022613093576940555,0.007762764074809523
6.4,0.09583333333333334,0.022424093307303005,0.007703028633288406
6.4,0.10416666666666667,0.022236670849208048,0.007643730893951101
6.4,0.1125,0.02205081186156295,0.0075848663263416325
6.4,0.12083333333333333,0.02186650650894166,0.00752643482032258
6.4,0.12916666666666668,0.02168374497000277,0.007468436195222006
6.4,0.1375,0.02150251598206739,0.0074108687451336554
6.4,0.14583333333333334,0.021322807063495042,0.007353729462008816
6.4,0.15416666666666667,0.02114460519491606,0.0072970147175989
6.4,0.1625,0.020967897353438607,0.007240720798366117
6.4,0.17083333333333334,0.020792670761339473,0.007184844154872165
6.4,0.17916666666666667,0.020618912924186654,0.007129381440592635
6.4,0.1875,0.020446611573416058,0.007074329455179328
6.4,0.19583333333333333,0.02027575459459018,0.007019685073399131
6.4,0.20416666666666666,0.02010632997763267,0.006965445196042228
6.4,0.2125,0.01993832579452223,0.0069116067282845185
6.4,0.22083333333333333,0.019771730196231206,0.006858166577288455
6.4,0.22916666666666666,0.019606531418509782,0.0068051216586440255
6.4,0.2375,0.01944271778907605,0.0067524689042100525
6.4,0.24583333333333332,0.01928027773262739,0.0067002052677707525
6.4,0.25416666666666665,0.01911919977291547,0.00664832772775071
6.4,0.2625,0.0189594725325595,0.006596833287662417
6.4,0.2708333333333333,0.01880108473164463,0.006545718975333844
6.4,0.2791666666666667,0.018644025185966168,0.006494981841775595
6.4,0.2875,0.01848828280541726,0.00644461896018708
6.4,0.29583333333333334,0.018333846592703047,0.006394627425283095
6.4,0.30416666666666664,0.01818070564236438,0.006345004352925109
6.4,0.3125,0.018028849140012106,0.006295746879957613
6.4,0.32083333333333336,0.017878266361663692,0.006246852164141835
6.4,0.32916666666666666,0.017728946673104047,0.00619831738410819
6.4,0.3375,0.01758087952922724,0.0061501397392849265
6.4,0.3458333333333333,0.01743405447334664,0.006102316449789576
6.4,0.3541666666666667,0.01728846113647699,0.006054844756287926
6.4,0.3625,0.017144089236600893,0.006007721919831726
6.4,0.37083333333333335,0.01700092857793024,0.00596094522168711
6.4,0.37916666666666665,0.016858969050172312,0.005914511963162243
6.4,0.3875,0.016718200627804717,0.005868419465439259
6.4,0.3958333333333333,0.0165786133693609,0.005822665069411656
6.4,0.4041666666666667,0.01644019741672572,0.005777246135527305
6.4,0.4125,0.01630294299443997,0.005732160043635435
6.4,0.42083333333333334,0.0161668404090122,0.0056874041928363095
6.4,0.42916666666666664,0.016031880048236823,0.005642976001332528
6.4,0.4375,0.015898052380517766,0.005598872906281157
6.4,0.44583333333333336,0.01576534795419714,0.0055550923636464595
6.4,0.45416666666666666,0.01563375739688907,0.0055116318480531185
6.4,0.4625,0.015503271414818654,0.005468488852640155
6.4,0.4708333333333333,0.015373880792166233,0.005425660888915588
6.4,0.4791666666666667,0.015245576390416933,0.005383145486612059
6.4,0.4875,0.015118349147715758,0.005340940193543563
6.4,0.49583333333333335,0.014992190078228036,0.005299042575463154
6.4,0.5041666666666667,0.014867090271505413,0.0052574502159219
6.4,0.5125,0.01474304089185707,0.005216160716128874
6.4,0.5208333333333334,0.014620033177726427,0.005175171694812163
6.4,0.5291666666666667,0.014498058441072964,0.005134480788081048
6.4,0.5375,0.014377108066759388,0.005094085649289165
6.4,0.5458333333333333,0.014257173511943784,0.005053983948898519
6.4,0.5541666666666667,0.014138246305476896,0.005014173374344769
6.4,0.5625,0.014020318047304556,0.004974651629903225
6.4,0.5708333333333333,0.013903380407875018,0.004935416436555988
6.4,0.5791666666666667,0.01378742512755122,0.004896465531859936
6.4,0.5875,0.01367244401602812,0.00485779666981574
6.4,0.5958333333333333,0.013558428951754799,0.004819407620737798
6.4,0.6041666666666666,0.013445371881361379,0.004781296171125186
6.4,0.6125,0.013333264819090893,0.004743460123533407
6.4,0.6208333333333333,0.013222099846235798,0.004705897296447273
6.4,0.6291666666666667,0.013111869110579223,0.004668605524154459
6.4,0.6375,0.013002564825841051,0.004631582656620261
6.4,0.6458333333333334,0.01289417927112841,0.004594826559363039
6.4,0.6541666666666667,0.012786704790390962,0.004558335113330658
6.4,0.6625,0.012680133791880746,0.004522106214777839
6.4,0.6708333333333333,0.012574458747616443,0.004486137775144365
6.4,0.6791666666666667,0.012469672192852216,0.00445042772093414
6.4,0.6875,0.012365766725551074,0.00441497399359524
6.4,0.6958333333333333,0.012262735005862495,0.004379774549400649
6.4,0.7041666666666667,0.012160569755604523,0.004344827359330085
6.4,0.7125,0.012059263757750259,0.004310130408952426
6.4,0.7208333333333333,0.011958809855918625,0.004275681698309203
6.4,0.7291666666666666,0.011859200953869276,0.004241479241798791
6.4,0.7375,0.011760430015002052,0.004207521068061505
6.4,0.7458333333333333,0.011662490061860287,0.004173805219865504
6.4,0.7541666666666667,0.011565374175638528,0.004140329753993502
6.4,0.7625,0.011469075495694309,0.004107092741130297
6.4,0.7708333333333334,0.011373587219064027,0.0040740922657511525
6.4,0.7791666666666667,0.011278902599982881,0.004041326426010928
6.4,0.7875,0.011185014949408812,0.004008793333633977
6.4,0.7958333333333333,0.011091917634550575,0.003976491113804918
6.4,0.8041666666666667,0.010999604078399592,0.003944417905060136
6.4,0.8125,0.010908067759265908,0.003912571859180052
6.4,0.8208333333333333,0.01081730221031791,0.0038809511410822016
6.4,0.8291666666666667,0.010727301019125937,0.0038495539287150098
6.4,0.8375,0.010638057827209849,0.003818378412952407
6.4,0.8458333333333333,0.010549566329590277,0.003787422797489126
6.4,0.8541666666666666,0.010461820274343616,0.003756685298736779
6.4,0.8625,0.010374813462160903,0.003726164145720655
6.4,0.8708333333333333,0.010288539745910343,0.0036958575799772722
6.4,0.8791666666666667,0.010202993030203323,0.0036657638554526257
6.4,0.8875,0.010118167270964484,0.0036358812384011873
6.4,0.8958333333333334,0.010034056475005,0.003606208007285609
6.4,0.9041666666666667,0.009950654699599645,0.0035767424526771
6.4,0.9125,0.009867956052067441,0.0035474828771565855
6.4,0.9208333333333333,0.009785954689355747,0.003518427595216485
6.4,0.9291666666666667,0.009704644817627851,0.0034895749331632095
6.4,0.9375,0.009624020691854114,0.0034609232290203785
6.4,0.9458333333333333,0.009544076615406532,0.0034324708324326584
6.4,0.9541666666666667,0.009464806939656555,0.0034042161045703162
6.4,0.9625,0.00938620606357657,0.003376157418034429
6.4,0.9708333333333333,0.009308268433344464,0.0033482931567627725
6.4,0.9791666666666666,0.00923098854195173,0.0033206217159363256
6.4,0.9875,0.009154360928814729,0.003293141501886474
6.4,0.9958333333333333,0.009078380179389297,0.0032658509320028714
6.6000000000000005,0.004166666666666667,0.024673846013426752,0.008102035546883947
6.6000000000000005,0.0125,0.0244763719638288,0.00804860045277812
6.6000000000000005,0.020833333333333332,0.02426644916362043,0.007981452341404295
6.6000000000000005,0.029166666666666667,0.024062828132661467,0.007919352602636032
6.6000000000000005,0.0375,0.02386244323344297,0.007859246374716954
6.6000000000000005,0.04583333333333333,0.023663416749692603,0.007799266623690199
6.6000000000000005,0.05416666666666667,0.023465639524259636,0.007739314782090147
6.6000000000000005,0.0625,0.02326939097293331,0.00767968076355012
6.6000000000000005,0.07083333333333333,0.023074820835961067,0.007620524715102556
6.6000000000000005,0.07916666666666666,0.02288193806266003,0.0075618659025665684
6.6000000000000005,0.0875,0.02269070053165968,0.007503672431561018
6.6000000000000005,0.09583333333333334,0.022501068855654744,0.007445915053021076
6.6000000000000005,0.10416666666666667,0.022313019270177214,0.00738858005272727
6.6000000000000005,0.1125,0.022126538661610348,0.007331664280070243
6.6000000000000005,0.12083333333333333,0.02194161742795463,0.007275168009560326
6.6000000000000005,0.12916666666666668,0.021758245464801696,0.007219090927539286
6.6000000000000005,0.1375,0.021576411137046527,0.007163431104623809
6.6000000000000005,0.14583333333333334,0.021396101706040057,0.0071081854235829425
6.6000000000000005,0.15416666666666667,0.021217304039016723,0.0070533502894845005
6.6000000000000005,0.1625,0.021040005091961442,0.006998922113274496
6.6000000000000005,0.17083333333333334,0.020864192098293797,0.006944897501167813
6.6000000000000005,0.17916666666666667,0.020689852568780878,0.006891273255261416
6.6000000000000005,0.1875,0.020516974220382414,0.006838046303073662
6.6000000000000005,0.19583333333333333,0.02034554490637781,0.006785213628359908
6.6000000000000005,0.20416666666666666,0.02017555257431714,0.006732772229745605
6.6000000000000005,0.2125,0.02000698525101452,0.006680719106396418
6.6000000000000005,0.22083333333333333,0.019839831043904237,0.006629051260044904
6.6000000000000005,0.22916666666666666,0.019674078148372257,0.006577765702986996
6.6000000000000005,0.2375,0.019509714854661037,0.006526859465646146
6.6000000000000005,0.24583333333333332,0.019346729551862837,0.006476329601219893
6.6000000000000005,0.25416666666666665,0.019185110728985134,0.006426173187393279
6.6000000000000005,0.2625,0.019024846974093342,0.0063763873261237685
6.6000000000000005,0.2708333333333333,0.018865926972615854,0.006326969142583326
6.6000000000000005,0.2791666666666667,0.0187083395055668,0.006277915784012002
6.6000000000000005,0.2875,0.01855207344804856,0.006229224418846654
6.6000000000000005,0.29583333333333334,0.018397117768110285,0.006180892236199589
6.6000000000000005,0.30416666666666664,0.01824346152588576,0.00613291644561169
6.6000000000000005,0.3125,0.018091093872892247,0.006085294276960865
6.6000000000000005,0.32083333333333336,0.01794000405138736,0.006038022980423567
6.6000000000000005,0.32916666666666666,0.017790181393721533,0.005991099826426402
6.6000000000000005,0.3375,0.017641615321658817,0.005944522105561221
6.6000000000000005,0.3458333333333333,0.01749429534566493,0.005898287128461849
6.6000000000000005,0.3541666666666667,0.017348211064172187,0.005852392225653244
6.6000000000000005,0.3625,0.017203352162835504,0.005806834747385991
6.6000000000000005,0.37083333333333335,0.017059708413789062,0.00576161206346712
6.6000000000000005,0.37916666666666665,0.016917269674911296,0.005716721563093806
6.6000000000000005,0.3875,0.016776025889100373,0.005672160654692931
6.6000000000000005,0.3958333333333333,0.016635967083560462,0.005627926765766294
6.6000000000000005,0.4041666666666667,0.016497083369097467,0.005584017342740743
6.6000000000000005,0.4125,0.01635936493942283,0.005540429850821365
6.6000000000000005,0.42083333333333334,0.016222802070463792,0.005497161773846539
6.6000000000000005,0.42916666666666664,0.01608738511967951,0.005454210614143999
6.6000000000000005,0.4375,0.015953104525382324,0.0054115738923874186
6.6000000000000005,0.44583333333333336,0.01581995080606406,0.005369249147453482
6.6000000000000005,0.45416666666666666,0.015687914559727536,0.005327233936279465
6.6000000000000005,0.4625,0.015556986463223373,0.005285525833721586
6.6000000000000005,0.4708333333333333,0.015427157271592136,0.005244122432414208
6.6000000000000005,0.4791666666666667,0.01529841781741202,0.005203021342630044
6.6000000000000005,0.4875,0.01517075901015201,0.00516222019214149
6.6000000000000005,0.49583333333333335,0.015044171835530553,0.00512171662608295
6.6000000000000005,0.5041666666666667,0.014918647354879695,0.005081508306814359
6.6000000000000005,0.5125,0.014794176704514517,0.0050415929137857
6.6000000000000005,0.5208333333333334,0.014670751095108028,0.005001968143402487
6.6000000000000005,0.5291666666666667,0.01454836181107118,0.004962631708892393
6.6000000000000005,0.5375,0.014427000209938206,0.0049235813401727726
6.6000000000000005,0.5458333333333333,0.014306657721756997,0.004884814783719043
6.6000000000000005,0.5541666666666667,0.014187325848484566,0.004846329802434279
6.6000000000000005,0.5625,0.014068996163387736,0.004808124175519482
6.6000000000000005,0.5708333333333333,0.013951660310448677,0.004770195698344986
6.6000000000000005,0.5791666666666667,0.013835310003775466,0.004732542182322662
6.6000000000000005,0.5875,0.01371993702701766,0.004695161454779131
6.6000000000000005,0.5958333333333333,0.013605533232786718,0.0046580513588298685
6.6000000000000005,0.6041666666666666,0.013492090542081198,0.004621209753254291
6.6000000000000005,0.6125,0.013379600943716954,0.004584634512371617
6.6000000000000005,0.6208333333333333,0.013268056493761983,0.004548323525917826
6.6000000000000005,0.6291666666666667,0.013157449314976019,0.004512274698923268
6.6000000000000005,0.6375,0.013047771596254979,0.004476485951591438
6.6000000000000005,0.6458333333333334,0.012939015592079803,0.004440955219178417
6.6000000000000005,0.6541666666666667,0.012831173621970131,0.004405680451873261
6.6000000000000005,0.6625,0.012724238069942545,0.0043706596146793055
6.6000000000000005,0.6708333333333333,0.01261820138397325,0.004335890687296265
6.6000000000000005,0.6791666666666667,0.012513056075465316,0.004301371664003181
6.6000000000000005,0.6875,0.012408794718720499,0.004267100553542304
6.6000000000000005,0.6958333333333333,0.012305409950415297,0.004233075379003678
6.6000000000000005,0.7041666666666667,0.012202894469081493,0.004199294177710739
6.6000000000000005,0.7125,0.01210124103459114,0.0041657550011065265
6.6000000000000005,0.7208333333333333,0.012000442467645788,0.004132455914640904
6.6000000000000005,0.7291666666666666,0.011900491649269901,0.004099394997658485
6.6000000000000005,0.7375,0.0118013815203088,0.004066570343287389
6.6000000000000005,0.7458333333333333,0.01170310508093051,0.004033980058328841
6.6000000000000005,0.7541666666666667,0.011605655390132004,0.004001622263147494
6.6000000000000005,0.7625,0.0115090255652495,0.003969495091562578
6.6000000000000005,0.7708333333333334,0.01141320878147293,0.00393759669073987
6.6000000000000005,0.7791666666666667,0.011318198271364419,0.0039059252210843732
6.6000000000000005,0.7875,0.011223987324380777,0.003874478856133762
6.6000000000000005,0.7958333333333333,0.011130569286400204,0.0038432557824526524
6.6000000000000005,0.8041666666666667,0.011037937559252711,0.0038122541995276034
6.6000000000000005,0.8125,0.010946085600254698,0.0037814723196628224
6.6000000000000005,0.8208333333333333,0.010855006921747283,0.003750908367876702
6.6000000000000005,0.8291666666666667,0.010764695090638559,0.0037205605817989956
6.6000000000000005,0.8375,0.010675143727949785,0.0036904272115688224
6.6000000000000005,0.8458333333333333,0.010586346508365317,0.003660506519733327
6.6000000000000005,0.8541666666666666,0.010498297159786235,0.0036307967811471014
6.6000000000000005,0.8625,0.010410989462887913,0.003601296282872296
6.6000000000000005,0.8708333333333333,0.010324417250681226,0.003572003324079462
6.6000000000000005,0.8791666666666667,0.010238574408077262,0.003542916215949079
6.6000000000000005,0.8875,0.010153454871456087,0.003514033281573791
6.6000000000000005,0.8958333333333334,0.010069052628238763,0.0034853528558613407
6.6000000000000005,0.9041666666666667,0.009985361716463113,0.003456873285438152
6.6000000000000005,0.9125,0.009902376224363114,0.0034285929285536626
6.6000000000000005,0.9208333333333333,0.009820090289951752,0.003400510154985264
6.6000000000000005,0.9291666666666667,0.009738498100607344,0.0033726233459439366
6.6000000000000005,0.9375,0.009657593892663453,0.003344930893980574
6.6000000000000005,0.9458333333333333,0.009577371951002221,0.0033174312028929212
6.6000000000000005,0.9541666666666667,0.009497826608651007,0.0032901226876331973
6.6000000000000005,0.9625,0.009418952246382608,0.003263003774216351
6.6000000000000005,0.9708333333333333,0.009340743292318668,0.003236072899628985
6.6000000000000005,0.9791666666666666,0.009263194221536597,0.0032093285117388657
6.6000000000000005,0.9875,0.009186299555679626,0.0031827690692051167
6.6000000000000005,0.9958333333333333,0.009110053862570256,0.003156393041389039
6.8,0.004166666666666667,0.024757441112350082,0.007832786230390817
6.8,0.0125,0.024558786561777433,0.007780900576289275
6.8,0.020833333333333332,0.024348374421712546,0.007715972492459658
6.8,0.029166666666666667,0.024144223807803945,0.007656032124245557
6.8,0.0375,0.02394317184635471,0.007597927532175767
6.8,0.04583333333333333,0.023743446985814785,0.007539898004290326
6.8,0.05416666666666667,0.023544998206438145,0.007481903266613101
6.8,0.0625,0.023348105942254425,0.00742423440592182
6.8,0.07083333333333333,0.023152904687924712,0.007367036477395078
6.8,0.07916666666666666,0.022959393545395317,0.0073103190520513815
6.8,0.0875,0.022767528399232094,0.007254048392862985
6.8,0.09583333333333334,0.022577271617059618,0.007198197155967713
6.8,0.10416666666666667,0.022388601465426452,0.007142753807300221
6.8,0.1125,0.022201505842282903,0.007087716355829267
6.8,0.12083333333333333,0.022015975235802676,0.00703308531313186
6.8,0.12916666666666668,0.021831999215716765,0.006978860185473688
6.8,0.1375,0.02164956579523777,0.006925038836473319
6.8,0.14583333333333334,0.021468662018167307,0.00687161807494311
6.8,0.15416666666666667,0.021289274669090634,0.0068185943658112145
6.8,0.1625,0.021111390696817056,0.006765964254282846
6.8,0.17083333333333334,0.02093499734657159,0.006713724498746919
6.8,0.17916666666666667,0.020760082128702045,0.0066618720401917355
6.8,0.1875,0.02058663273946615,0.006610403923694649
6.8,0.19583333333333333,0.020414636995867444,0.006559317233954693
6.8,0.20416666666666666,0.02024408280179796,0.006508609062125522
6.8,0.2125,0.020074958139553144,0.006458276498015176
6.8,0.22083333333333333,0.01990725107453729,0.006408316635470102
6.8,0.22916666666666666,0.01974094976332311,0.006358726581107608
6.8,0.2375,0.019576042459857248,0.006309503461188691
6.8,0.24583333333333332,0.01941251751835724,0.006260644425175992
6.8,0.25416666666666665,0.0192503633934766,0.006212146646554791
6.8,0.2625,0.019089568638941373,0.006164007322119379
6.8,0.2708333333333333,0.01893012190569958,0.0061162236707673024
6.8,0.2791666666666667,0.018772011940203455,0.0060687929324199676
6.8,0.2875,0.018615227583053843,0.006021712367300825
6.8,0.29583333333333334,0.018459757767994883,0.005974979255557686
6.8,0.30416666666666664,0.018305591521142486,0.005928590897113859
6.8,0.3125,0.018152717960323268,0.005882544611624149
6.8,0.32083333333333336,0.018001126294434133,0.005836837738446324
6.8,0.32916666666666666,0.017850805822777333,0.0057914676365826
6.8,0.3375,0.017701745934358217,0.005746431684578958
6.8,0.3458333333333333,0.01755393610715347,0.005701727280389211
6.8,0.3541666666666667,0.017407365907362804,0.0056573518412180055
6.8,0.3625,0.017262024988658174,0.0056133028033555805
6.8,0.37083333333333335,0.017117903091438246,0.0055695776220134234
6.8,0.37916666666666665,0.016974990042093602,0.005526173771165123
6.8,0.3875,0.01683327575228313,0.005483088743393709
6.8,0.3958333333333333,0.016692750218220715,0.005440320049744168
6.8,0.4041666666666667,0.016553403519970533,0.0053978652195799184
6.8,0.4125,0.01641522582074958,0.005355721800441486
6.8,0.42083333333333334,0.01627820736623603,0.005313887357906297
6.8,0.42916666666666664,0.016142338483883033,0.00527235947544912
6.8,0.4375,0.01600760958223762,0.0052311357543028585
6.8,0.44583333333333336,0.01587401115026465,0.00519021381331981
6.8,0.45416666666666666,0.015741533756676144,0.005149591288833542
6.8,0.4625,0.015610168049265969,0.005109265834521618
6.8,0.4708333333333333,0.015479904754250092,0.005069235121269257
6.8,0.4791666666666667,0.015350734675612362,0.005029496837033998
6.8,0.4875,0.015222648694455835,0.004990048686711522
6.8,0.49583333333333335,0.015095637768359677,0.004950888392002448
6.8,0.5041666666666667,0.014969692930741494,0.004912013691280223
6.8,0.5125,0.014844805290224928,0.004873422339460037
6.8,0.5208333333333334,0.0147209660300128,0.004835112107868603
6.8,0.5291666666666667,0.01459816640726531,0.004797080784115046
6.8,0.5375,0.014476397752483544,0.0047593261719626615
6.8,0.5458333333333333,0.014355651468898094,0.004721846091201497
6.8,0.5541666666666667,0.014235919031862786,0.004684638377522109
6.8,0.5625,0.014117191988253562,0.004647700882389962
6.8,0.5708333333333333,0.013999461955872308,0.004611031472920945
6.8,0.5791666666666667,0.013882720622855652,0.004574628031757671
6.8,0.5875,0.013766959747088907,0.004538488456946724
6.8,0.5958333333333333,0.01365217115562473,0.004502610661816803
6.8,0.6041666666666666,0.013538346744106675,0.004466992574857807
6.8,0.6125,0.013425478476197735,0.004431632139600649
6.8,0.6208333333333333,0.013313558383013503,0.004396527314498181
6.8,0.6291666666666667,0.013202578562560163,0.004361676072806685
6.8,0.6375,0.013092531179177285,0.004327076402468555
6.8,0.6458333333333334,0.01298340846298507,0.004292726305995569
6.8,0.6541666666666667,0.012875202709336429,0.004258623800353137
6.8,0.6625,0.012767906278273627,0.004224766916845354
6.8,0.6708333333333333,0.012661511593989377,0.004191153701000925
6.8,0.6791666666666667,0.012556011144292542,0.004157782212459827
6.8,0.6875,0.012451397480078405,0.004124650524860915
6.8,0.6958333333333333,0.012347663214803179,0.0040917567257301975
6.8,0.7041666666666667,0.012244801023963029,0.004059098916370108
6.8,0.7125,0.012142803644577543,0.004026675211749345
6.8,0.7208333333333333,0.012041663874677457,0.003994483740393714
6.8,0.7291666666666666,0.011941374572796573,0.003962522644277629
6.8,0.7375,0.011841928657468253,0.003930790078716448
6.8,0.7458333333333333,0.011743319106725771,0.003899284212259591
6.8,0.7541666666666667,0.011645538957607114,0.0038680032265843867
6.8,0.7625,0.011548581305663847,0.0038369453163907023
6.8,0.7708333333333334,0.01145243930447414,0.0038061086892963746
6.8,0.7791666666666667,0.011357106165159819,0.003775491565733325
6.8,0.7875,0.011262575155907482,0.003745092178844421
6.8,0.7958333333333333,0.011168839601493766,0.003714908774381142
6.8,0.8041666666666667,0.011075892882814412,0.0036849396106019266
6.8,0.8125,0.010983728436417435,0.003655182958171237
6.8,0.8208333333333333,0.010892339754040126,0.0036256371000594006
6.8,0.8291666666666667,0.010801720382149943,0.003596300331443085
6.8,0.8375,0.01071186392148936,0.0035671709596065805
6.8,0.8458333333333333,0.010622764026624435,0.003538247303843698
6.8,0.8541666666666666,0.010534414405497183,0.0035095276953604087
6.8,0.8625,0.01044680881898175,0.00348101047717818
6.8,0.8708333333333333,0.010359941080444404,0.003452694004037977
6.8,0.8791666666666667,0.010273805055306886,0.0034245766423049574
6.8,0.8875,0.01018839466061395,0.003396656769873845
6.8,0.8958333333333334,0.010103703864604055,0.003368932776074968
6.8,0.9041666666666667,0.010019726686283925,0.0033414030615809423
6.8,0.9125,0.009936457195006652,0.0033140660383140725
6.8,0.9208333333333333,0.00985388951005333,0.0032869201293543367
6.8,0.9291666666666667,0.009772017800218146,0.0032599637688480567
6.8,0.9375,0.00969083628339707,0.0032331954019172225
6.8,0.9458333333333333,0.009610339226179963,0.0032066134845694185
6.8,0.9541666666666667,0.009530520943446039,0.003180216483608411
6.8,0.9625,0.009451375797962878,0.0031540028765453566
6.8,0.9708333333333333,0.009372898199988638,0.003127971151510632
6.8,0.9791666666666666,0.009295082606877841,0.0031021198071662696
6.8,0.9875,0.009217923522690234,0.0030764473526190194
6.8,0.9958333333333333,0.009141415497803089,0.003050952307334039
7.0,0.004166666666666667,0.024840168613000004,0.007573319936442095
7.0,0.0125,0.02464037323603978,0.00752294236020622
7.0,0.020833333333333332,0.02442947627571105,0.007460158381759644
7.0,0.029166666666666667,0.02422479053190058,0.007402291985845752
7.0,0.0375,0.02402307392902795,0.007346112185096446
7.0,0.04583333333333333,0.02382265983499612,0.007289963339825658
7.0,0.05416666666666667,0.02362354951429789,0.007233857611959798
7.0,0.0625,0.023426021628208577,0.0071780844660376064
7.0,0.07083333333333333,0.02323019564517363,0.007122774080398026
7.0,0.07916666666666666,0.02303606195101789,0.007067927458183759
7.0,0.0875,0.022843575196597764,0.007013509775781727
7.0,0.09583333333333334,0.02265269967688037,0.00695949576268363
7.0,0.10416666666666667,0.022463415536243526,0.0069058759075605845
7.0,0.1125,0.022275711482761425,0.006852649173317002
7.0,0.12083333333333333,0.022089577977018333,0.006799816186665269
7.0,0.12916666666666668,0.021905004238442334,0.006747376245214522
7.0,0.1375,0.021721977955832732,0.0066953270287464246
7.0,0.14583333333333334,0.02154048599290828,0.006643665305505183
7.0,0.15416666666666667,0.02136051507713714,0.006592387621763189
7.0,0.1625,0.021182052159510852,0.006541490662324176
7.0,0.17083333333333334,0.021005084495307812,0.006490971332009738
7.0,0.17916666666666667,0.020829599588454588,0.006440826700737421
7.0,0.1875,0.02065558510905774,0.006391053921763112
7.0,0.19583333333333333,0.020483028834918898,0.00634165017390083
7.0,0.20416666666666666,0.020311918625807928,0.006292612636494122
7.0,0.2125,0.020142242420545724,0.006243938487191494
7.0,0.22083333333333333,0.01997398824405396,0.00619562490968264
7.0,0.22916666666666666,0.019807144215481076,0.006147669102505031
7.0,0.2375,0.019641698553443956,0.006100068284960578
7.0,0.24583333333333332,0.019477639577844014,0.006052819699600356
7.0,0.25416666666666665,0.019314955709276098,0.0060059206122970036
7.0,0.2625,0.019153635467316285,0.005959368311189847
7.0,0.2708333333333333,0.018993667468627875,0.005913160105443148
7.0,0.2791666666666667,0.018835040425356577,0.005867293324287039
7.0,0.2875,0.01867774314392418,0.005821765316452422
7.0,0.29583333333333334,0.01852176452414169,0.005776573449918901
7.0,0.30416666666666664,0.018367093558503286,0.005731715111838741
7.0,0.3125,0.018213719331544323,0.005687187708519046
7.0,0.32083333333333336,0.01806163101919071,0.005642988665390199
7.0,0.32916666666666666,0.01791081788807181,0.005599115426932245
7.0,0.3375,0.017761269294795948,0.005555565456558988
7.0,0.3458333333333333,0.017612974685202263,0.005512336236472616
7.0,0.3541666666666667,0.017465923593603005,0.00546942526750425
7.0,0.3625,0.01732010564202895,0.005426830068951791
7.0,0.37083333333333335,0.017175510539483532,0.0053845481784219945
7.0,0.37916666666666665,0.017032128081208853,0.005342577151678931
7.0,0.3875,0.016889948147962828,0.00530091456249877
7.0,0.3958333333333333,0.016748960705305776,0.005259558002528886
7.0,0.4041666666666667,0.016609155802894765,0.0052185050811499375
7.0,0.4125,0.016470523573784344,0.005177753425339357
7.0,0.42083333333333334,0.016333054233732727,0.005137300679535473
7.0,0.42916666666666664,0.016196738080513213,0.005097144505502012
7.0,0.4375,0.016061565493230737,0.0050572825821929655
7.0,0.44583333333333336,0.015927526931643603,0.005017712605617969
7.0,0.45416666666666666,0.015794612935490653,0.004978432288708402
7.0,0.4625,0.01566281412382406,0.004939439361184424
7.0,0.4708333333333333,0.015532121194347652,0.004900731569422973
7.0,0.4791666666666667,0.015402524922760947,0.004862306676326795
7.0,0.4875,0.0152740161621086,0.004824162461194591
7.0,0.49583333333333335,0.015146585842135568,0.004786296719592118
7.0,0.5041666666666667,0.015020224968647623,0.004748707263224321
7.0,0.5125,0.014894924622877174,0.004711391919808439
7.0,0.5208333333333334,0.014770675960854605,0.0046743485329479445
7.0,0.5291666666666667,0.014647470212784662,0.004637574962007543
7.0,0.5375,0.014525298682428219,0.004601069081989021
7.0,0.5458333333333333,0.014404152746489126,0.004564828783407874
7.0,0.5541666666666667,0.01428402385400618,0.004528851972171083
7.0,0.5625,0.014164903525750266,0.004493136569455517
7.0,0.5708333333333333,0.014046783353626476,0.004457680511587419
7.0,0.5791666666666667,0.013929655000081233,0.004422481749922649
7.0,0.5875,0.013813510197514497,0.00438753825072784
7.0,0.5958333333333333,0.013698340747696786,0.004352847995062453
7.0,0.6041666666666666,0.013584138521191063,0.004318408978661692
7.0,0.6125,0.013470895456779637,0.004284219211820168
7.0,0.6208333333333333,0.013358603560895677,0.004250276719276627
7.0,0.6291666666666667,0.01324725490705961,0.00421657954009922
7.0,0.6375,0.013136841635320274,0.004183125727571932
7.0,0.6458333333333334,0.01302735595170059,0.0041499133490815665
7.0,0.6541666666666667,0.01291879012764806,0.0041169404860057005
7.0,0.6625,0.012811136499489813,0.004084205233601411
7.0,0.6708333333333333,0.012704387467892183,0.004051705700894832
7.0,0.6791666666666667,0.012598535497324839,0.004019440010571427
7.0,0.6875,0.012493573115529531,0.003987406298867204
7.0,0.6958333333333333,0.012389492912993072,0.003955602715460546
7.0,0.7041666666666667,0.012286287542424864,0.003924027423365017
7.0,0.7125,0.01218394971823885,0.0038926785988227255
7.0,0.7208333333333333,0.012082472216039789,0.0038615544311986516
7.0,0.7291666666666666,0.01198184787211368,0.0038306531228756123
7.0,0.7375,0.011882069582922795,0.0037999728891500435
7.0,0.7458333333333333,0.011783130304604577,0.0037695119581285194
7.0,0.7541666666666667,0.011685023052475017,0.003739268570625005
7.0,0.7625,0.01158774090053608,0.003709240980058848
7.0,0.7708333333333334,0.011491276980987338,0.0036794274523535403
7.0,0.7791666666666667,0.011395624483741588,0.0036498262658361696
7.0,0.7875,0.011300776655944594,0.003620435711137568
7.0,0.7958333333333333,0.011206726801498947,0.0035912540910932518
7.0,0.8041666666666667,0.01111346828059183,0.003562279720645016
7.0,0.8125,0.011020994509226724,0.0035335109267432266
7.0,0.8208333333333333,0.010929298958759145,0.0035049460482498673
7.0,0.8291666666666667,0.010838375155436146,0.003476583435842195
7.0,0.8375,0.010748216679939884,0.003448421451917173
7.0,0.8458333333333333,0.010658817166934816,0.00342045847049652
7.0,0.8541666666666666,0.01057017030461881,0.0033926928771324484
7.0,0.8625,0.010482269834278002,0.0033651230688141027
7.0,0.8708333333333333,0.010395109549845499,0.0033377474538746304
7.0,0.8791666666666667,0.01030868329746346,0.003310564451898916
7.0,0.8875,0.01022298497504936,0.0032835724936319997
7.0,0.8958333333333334,0.010138008531865453,0.0032567700208881068
7.0,0.9041666666666667,0.010053747968092044,0.0032301554864603253
7.0,0.9125,0.009970197334404398,0.003203727354030968
7.0,0.9208333333333333,0.00988735073155313,0.0031774840980825
7.0,0.9291666666666667,0.009805202309948064,0.0031514242038091396
7.0,0.9375,0.009723746269245732,0.0031255461670290766
7.0,0.9458333333333333,0.009642976857940265,0.0030998484940972927
7.0,0.9541666666666667,0.009562888372957695,0.003074329701819001
7.0,0.9625,0.009483475159253778,0.003048988317363701
7.0,0.9708333333333333,0.009404731609415014,0.0030238228781798385
7.0,0.9791666666666666,0.009326652163263305,0.0029988319319100383
7.0,0.9875,0.009249231307463641,0.002974014036306953
7.0,0.9958333333333333,0.009172463575135278,0.0029493677591497214
7.2,0.004166666666666667,0.024922029822540322,0.0073232418806731415
7.2,0.0125,0.024721130818464592,0.0072743315733755365
7.2,0.020833333333333332,0.024509752983775685,0.00721361821079772
7.2,0.029166666666666667,0.02430452750347503,0.007157744313603323
7.2,0.0375,0.02410214946414932,0.0071034162062540845
7.2,0.04583333333333333,0.023901055342011725,0.0070490815059028366
7.2,0.05416666666666667,0.023701293157497187,0.006994799277821166
7.2,0.0625,0.023503137433189884,0.006940854994142634
7.2,0.07083333333333333,0.023306692998281996,0.006887364339130601
7.2,0.07916666666666666,0.023111942606362408,0.0068343208277699165
7.2,0.0875,0.02291884032652085,0.006781689197667976
7.2,0.09583333333333334,0.0227273524819376,0.006729446348434362
7.2,0.10416666666666667,0.02253746092571891,0.006677584618299337
7.2,0.1125,0.022349154991791083,0.006626103735784518
7.2,0.12083333333333333,0.02216242501877317,0.006575004344344898
7.2,0.12916666666666668,0.021977259866185605,0.006524285519340744
7.2,0.1375,0.021793646929586387,0.006473944783930378
7.2,0.14583333333333334,0.021611572927071433,0.006423978896320401
7.2,0.15416666666666667,0.021431024549552417,0.0063743845007874335
7.2,0.1625,0.02125198875576247,0.00632515842342086
7.2,0.17083333333333334,0.021074452807623816,0.0062762977082215215
7.2,0.17916666666666667,0.020898404196699052,0.006227799544277703
7.2,0.1875,0.020723830562379128,0.0061796611846714295
7.2,0.19583333333333333,0.020550719641294866,0.006131879896602567
7.2,0.20416666666666666,0.0203790592492645,0.006084452944042217
7.2,0.2125,0.020208837282916156,0.006037377590055575
7.2,0.22083333333333333,0.020040041728184566,0.00599065110599268
7.2,0.22916666666666666,0.019872660667998806,0.005944270779864275
7.2,0.2375,0.019706682286420942,0.005898233921162982
7.2,0.24583333333333332,0.019542094869463185,0.005852537862356443
7.2,0.25416666666666665,0.0193788868038987,0.005807179958369064
7.2,0.2625,0.019217046575341325,0.005762157585326363
7.2,0.2708333333333333,0.019056562766393212,0.005717468139362097
7.2,0.2791666666666667,0.018897424055182844,0.005673109035809271
7.2,0.2875,0.01873961921430133,0.005629077708784756
7.2,0.29583333333333334,0.01858313711001093,0.005585371611039787
7.2,0.30416666666666664,0.018427966701580936,0.0055419882139328015
7.2,0.3125,0.01827409704064776,0.005498925007420755
7.2,0.32083333333333336,0.018121517270545926,0.005456179500016082
7.2,0.32916666666666666,0.017970216625597318,0.00541374921869634
7.2,0.3375,0.017820184430367057,0.00537163170877548
7.2,0.3458333333333333,0.017671410098902753,0.005329824533752633
7.2,0.3541666666666667,0.01752388313397082,0.005288325275153486
7.2,0.3625,0.017377593126300474,0.005247131532373292
7.2,0.37083333333333335,0.0172325297538384,0.005206240922526184
7.2,0.37916666666666665,0.017088682781015784,0.005165651080301188
7.2,0.3875,0.016946042058025728,0.005125359657823825
7.2,0.3958333333333333,0.016804597520109196,0.005085364324521061
7.2,0.4041666666666667,0.01666433918684787,0.005045662766988311
7.2,0.4125,0.016525257161462803,0.005006252688857239
7.2,0.42083333333333334,0.01638734163011827,0.0049671318106638855
7.2,0.42916666666666664,0.0162505828612308,0.004928297869717074
7.2,0.4375,0.01611497120478348,0.004889748619967246
7.2,0.44583333333333336,0.015980497091645514,0.004851481831875901
7.2,0.45416666666666666,0.015847151032897477,0.0048134952922858605
7.2,0.4625,0.015714923619162165,0.004775786804292527
7.2,0.4708333333333333,0.015583805519941128,0.004738354187116109
7.2,0.4791666666666667,0.015453787482956876,0.004701195275974881
7.2,0.4875,0.015324860333500636,0.004664307921959503
7.2,0.49583333333333335,0.015197014973785642,0.004627689991908275
7.2,0.5041666666666667,0.015070242382305896,0.004591339368283325
7.2,0.5125,0.014944533613200221,0.004555253949047793
7.2,0.5208333333333334,0.014819879795621771,0.0045194316475437556
7.2,0.5291666666666667,0.0146962721331127,0.004483870392371199
7.2,0.5375,0.014573701902984109,0.00444856812726781
7.2,0.5458333333333333,0.01445216045570121,0.0044135228109895225
7.2,0.5541666666666667,0.014331639214273524,0.004378732417192174
7.2,0.5625,0.01421212967365033,0.00434419493431378
7.2,0.5708333333333333,0.014093623400121096,0.004309908365457851
7.2,0.5791666666666667,0.013976112030720885,0.004275870728277455
7.2,0.5875,0.013859587272640965,0.0042420800548601464
7.2,0.5958333333333333,0.0137440409026441,0.004208534391613783
7.2,0.6041666666666666,0.013629464766484843,0.004175231799153164
7.2,0.6125,0.01351585077833479,0.0041421703521874065
7.2,0.6208333333333333,0.01340319092021248,0.004109348139408328
7.2,0.6291666666666667,0.013291477241418211,0.004076763263379392
7.2,0.6375,0.013180701857973577,0.0040444138404257335
7.2,0.6458333333333334,0.013070856952065566,0.004012298000524756
7.2,0.6541666666666667,0.012961934771495504,0.003980413887197635
7.2,0.6625,0.01285392762913254,0.003948759657401617
7.2,0.6708333333333333,0.012746827902371699,0.003917333481423067
7.2,0.6791666666666667,0.012640628032596454,0.0038861335427712554
7.2,0.6875,0.01253532052464599,0.0038551580380730226
7.2,0.6958333333333333,0.012430897946286651,0.003824405176968072
7.2,0.7041666666666667,0.012327352927687985,0.0037938731820051806
7.2,0.7125,0.012224678160903236,0.003763560288538963
7.2,0.7208333333333333,0.01212286639935414,0.003733464744627566
7.2,0.7291666666666666,0.01202191045731987,0.0037035848109309797
7.2,0.7375,0.011921803209430652,0.003673918760610148
7.2,0.7458333333333333,0.011822537590165206,0.003644464879226772
7.2,0.7541666666666667,0.011724106593352742,0.0036152214646438564
7.2,0.7625,0.011626503271678936,0.003586186826926935
7.2,0.7708333333333334,0.011529720736196165,0.00355735928824608
7.2,0.7791666666666667,0.01143375215583775,0.0035287371827785385
7.2,0.7875,0.011338590756936332,0.003500318856612081
7.2,0.7958333333333333,0.011244229822746336,0.00347210266764909
7.2,0.8041666666666667,0.011150662692970398,0.003444086985511303
7.2,0.8125,0.01105788276328972,0.003416270191445211
7.2,0.8208333333333333,0.010965883484898468,0.003388650678228204
7.2,0.8291666666666667,0.010874658364041976,0.0033612268500752968
7.2,0.8375,0.010784200961558976,0.00333399712254661
7.2,0.8458333333333333,0.010694504892427497,0.003306959922455458
7.2,0.8541666666666666,0.010605563825314687,0.003280113687777083
7.2,0.8625,0.010517371482130368,0.003253456867558091
7.2,0.8708333333333333,0.010429921637584492,0.0032269879218264777
7.2,0.8791666666666667,0.010343208118747947,0.0032007053215023108
7.2,0.8875,0.010257224804617571,0.0031746075483090734
7.2,0.8958333333333334,0.010171965625684369,0.0031486930946856007
7.2,0.9041666666666667,0.01008742456350556,0.0031229604636986374
7.2,0.9125,0.010003595650280264,0.003097408168956058
7.2,0.9208333333333333,0.00992047296842865,0.0030720347345206487
7.2,0.9291666666666667,0.009838050650174658,0.003046838694824523
7.2,0.9375,0.009756322877132219,0.003021818594584143
7.2,0.9458333333333333,0.00967528387989502,0.002996972988715931
7.2,0.9541666666666667,0.009594927937629618,0.0029723004422524723
7.2,0.9625,0.009515249377672093,0.0029477995302593096
7.2,0.9708333333333333,0.00943624257512789,0.002923468837752339
7.2,0.9791666666666666,0.009357901952475373,0.0028993069596157444
7.2,0.9875,0.009280221979172346,0.0028753125005205357
7.2,0.9958333333333333,0.009203197171266084,0.0028514840748436795
7.4,0.004166666666666667,0.025003027140841537,0.007082173273508769
7.4,0.0125,0.02480105944487506,0.007034690062046891
7.4,0.020833333333333332,0.024589204212947607,0.006975976235785169
7.4,0.029166666666666667,0.02438343525996415,0.0069220170918967185
7.4,0.0375,0.02418039965778503,0.006869471085610901
7.4,0.04583333333333333,0.02397863471816029,0.006816886814008046
7.4,0.05416666666666667,0.023778230022041325,0.00676436504617154
7.4,0.0625,0.023579453969959082,0.006712185274390195
7.4,0.07083333333333333,0.023382397269494225,0.0066604492024460475
7.4,0.07916666666666666,0.02318703606782519,0.00660914387897388
7.4,0.0875,0.022993324403959868,0.006558234150498164
7.4,0.09583333333333334,0.022801230671125182,0.006507699124620924
7.4,0.10416666666666667,0.02261073825394761,0.0064575328079934935
7.4,0.1125,0.02242183694656553,0.006407735525213623
7.4,0.12083333333333333,0.02223451689225831,0.006358307859232034
7.4,0.12916666666666668,0.022048766592724943,0.006309248661402319
7.4,0.1375,0.021864573183287342,0.00626055532744884
7.4,0.14583333333333334,0.02168192326727251,0.006212224632606705
7.4,0.15416666666666667,0.02150080351503248,0.00616425333139343
7.4,0.1625,0.021321200895554244,0.006116638389963758
7.4,0.17083333333333334,0.02114310267295824,0.006069376983346952
7.4,0.17916666666666667,0.020966496320866015,0.006022466410546796
7.4,0.1875,0.020791369444295923,0.0059759040171632515
7.4,0.19583333333333333,0.020617709737561246,0.00592968715401076
7.4,0.20416666666666666,0.020445504973165125,0.0058838131667265
7.4,0.2125,0.020274743006937008,0.0058382794016146695
7.4,0.22083333333333333,0.020105411787210748,0.005793083215526072
7.4,0.22916666666666666,0.019937499361715405,0.005748221983444303
7.4,0.2375,0.019770993880571873,0.005703693102172211
7.4,0.24583333333333332,0.019605883596235118,0.005659493990957381
7.4,0.25416666666666665,0.019442156861864037,0.005615622090540097
7.4,0.2625,0.019279802129311425,0.005572074861815019
7.4,0.2708333333333333,0.01911880794737258,0.005528849784746391
7.4,0.2791666666666667,0.018959162960477303,0.005485944357720016
7.4,0.2875,0.01880085590775256,0.0054433560972611894
7.4,0.29583333333333334,0.018643875622302058,0.005401082537963199
7.4,0.30416666666666664,0.01848821103056332,0.005359121232488137
7.4,0.3125,0.018333851151657456,0.005317469751554798
7.4,0.32083333333333336,0.01818078509669741,0.005276125683879565
7.4,0.32916666666666666,0.018029002068054575,0.005235086636070165
7.4,0.3375,0.01787849135859845,0.0051943502324873474
7.4,0.3458333333333333,0.017729242350927016,0.005153914115091433
7.4,0.3541666666666667,0.01758124451659995,0.00511377594328707
7.4,0.3625,0.017434487415382574,0.005073933393772754
7.4,0.37083333333333335,0.017288960694501598,0.005034384160397623
7.4,0.37916666666666665,0.017144654087912783,0.004995125954024568
7.4,0.3875,0.017001557415578194,0.004956156502397952
7.4,0.3958333333333333,0.016859660582750895,0.004917473550013678
7.4,0.4041666666666667,0.016718953579265956,0.004879074857990563
7.4,0.4125,0.016579426478836836,0.004840958203942084
7.4,0.42083333333333334,0.016441069438356826,0.0048031213818482766
7.4,0.42916666666666664,0.01630387269720582,0.004765562201927971
7.4,0.4375,0.016167826576562377,0.00472827849051152
7.4,0.44583333333333336,0.016032921478721346,0.004691268089914262
7.4,0.45416666666666666,0.015899147886417168,0.004654528858310859
7.4,0.4625,0.015766496362152962,0.004618058669610669
7.4,0.4708333333333333,0.01563495754753519,0.004581855413334103
7.4,0.4791666666666667,0.015504522162614172,0.004545916994489923
7.4,0.4875,0.015375181005230021,0.004510241333453632
7.4,0.49583333333333335,0.015246924950364157,0.00447482636584667
7.4,0.5041666666666667,0.015119744949496342,0.004439670042416581
7.4,0.5125,0.014993632029966895,0.004404770328918065
7.4,0.5208333333333334,0.014868577294344475,0.004370125205994771
7.4,0.5291666666666667,0.014744571919798945,0.004335732669062126
7.4,0.5375,0.014621607157479647,0.0043015907281909104
7.4,0.5458333333333333,0.014499674331898799,0.004267697407991602
7.4,0.5541666666666667,0.014378764840319998,0.004234050747499795
7.4,0.5625,0.014258870152151989,0.004200648800062194
7.4,0.5708333333333333,0.014139981808347404,0.004167489633223641
7.4,0.5791666666666667,0.014022091420806508,0.004134571328614876
7.4,0.5875,0.013905190671786175,0.004101891981841101
7.4,0.5958333333333333,0.013789271313313523,0.004069449702371438
7.4,0.6041666666666666,0.01367432516660459,0.004037242613429163
7.4,0.6125,0.01356034412148801,0.004005268851882663
7.4,0.6208333333333333,0.013447320135833274,0.003973526568137358
7.4,0.6291666666666667,0.013335245234983972,0.003942013926028181
7.4,0.6375,0.013224111511195758,0.0039107291027130975
7.4,0.6458333333333334,0.013113911123078888,0.0038796702885671745
7.4,0.6541666666666667,0.013004636295045625,0.0038488356870775304
7.4,0.6625,0.01289627931676217,0.0038182235147390655
7.4,0.6708333333333333,0.012788832542605216,0.0037878320009509
7.4,0.6791666666666667,0.012682288391122988,0.003757659387913539
7.4,0.6875,0.012576639344501008,0.003727703930526886
7.4,0.6958333333333333,0.012471877948032072,0.003697963896288859
7.4,0.7041666666666667,0.012367996809590824,0.0036684375651949083
7.4,0.7125,0.012264988599112738,0.003639123229638062
7.4,0.7208333333333333,0.01216284604807752,0.003610019194309868
7.4,0.7291666666666666,0.012061561948996585,0.003581123776101949
7.4,0.7375,0.011961129154905239,0.003552435304008306
7.4,0.7458333333333333,0.011861540578858722,0.0035239521190283197
7.4,0.7541666666666667,0.011762789193432781,0.003495672574070457
7.4,0.7625,0.011664868030228247,0.0034675950338566397
7.4,0.7708333333333334,0.011567770179379905,0.003439717874827368
7.4,0.7791666666666667,0.011471488789069338,0.003412039485047457
7.4,0.7875,0.01137601706504197,0.003384558264112464
7.4,0.7958333333333333,0.01128134827012816,0.0033572726230558145
7.4,0.8041666666666667,0.011187475723768294,0.0033301809842565962
7.4,0.8125,0.011094392801541803,0.003303281781347952
7.4,0.8208333333333333,0.01100209293470025,0.0032765734591262215
7.4,0.8291666666666667,0.010910569609704223,0.003250054473460631
7.4,0.8375,0.010819816367764256,0.0032237232912037273
7.4,0.8458333333333333,0.010729826804385452,0.0031975783901023788
7.4,0.8541666666666666,0.010640594568916025,0.003171618258709426
7.4,0.8625,0.010552113364099584,0.003145841396295995
7.4,0.8708333333333333,0.010464376945631331,0.0031202463127643965
7.4,0.8791666666666667,0.010377379121717606,0.003094831528561642
7.4,0.8875,0.010291113752639684,0.0030695955745936154
7.4,0.8958333333333334,0.010205574750320754,0.003044536992139816
7.4,0.9041666666666667,0.010120756077896746,0.003019654332768702
7.4,0.9125,0.010036651749290807,0.0029949461582536694
7.4,0.9208333333333333,0.009953255828791262,0.0029704110404895913
7.4,0.9291666666666667,0.009870562430633124,0.0029460475614099457
7.4,0.9375,0.009788565718583143,0.0029218543129045614
7.4,0.9458333333333333,0.009707259905528415,0.0028978298967379025
7.4,0.9541666666666667,0.009626639253068288,0.0028739729244679573
7.4,0.9625,0.009546698071109918,0.0028502820173656723
7.4,0.9708333333333333,0.009467430717466932,0.0028267558063349895
7.4,0.9791666666666666,0.009388831597461858,0.0028033929318333935
7.4,0.9875,0.009310895163531504,0.002780192043793046
7.4,0.9958333333333333,0.009233615914835906,0.0027571518015424993
7.6000000000000005,0.004166666666666667,0.025083163883848472,0.006849751147080494
7.6000000000000005,0.0125,0.024880160357141783,0.0068036555595109415
7.6000000000000005,0.020833333333333332,0.024667830825412615,0.006746872565431444
7.6000000000000005,0.029166666666666667,0.024461515467992734,0.006694753968997314
7.6000000000000005,0.0375,0.024257826744941348,0.006643923755110063
7.6000000000000005,0.04583333333333333,0.024055400159316793,0.0065930288525578844
7.6000000000000005,0.05416666666666667,0.023854361991924266,0.006542206869611596
7.6000000000000005,0.0625,0.02365497288048884,0.006491729674030137
7.6000000000000005,0.07083333333333333,0.023457310027806037,0.0064416856020370426
7.6000000000000005,0.07916666666666666,0.02326134393528789,0.006392056192686246
7.6000000000000005,0.0875,0.023067029071944,0.006342806857656575
7.6000000000000005,0.09583333333333334,0.0228743358949534,0.006293918902629922
7.6000000000000005,0.10416666666666667,0.022683249141297605,0.006245387819723548
7.6000000000000005,0.1125,0.022493758918830178,0.006197214379352366
7.6000000000000005,0.12083333333333333,0.02230585512062315,0.0061493990453607315
7.6000000000000005,0.12916666666666668,0.022119525901575322,0.0061019404524097695
7.6000000000000005,0.1375,0.021934758170021853,0.006054835898359416
7.6000000000000005,0.14583333333333334,0.021751538441485932,0.006008082198785624
7.6000000000000005,0.15416666666666667,0.021569853377693283,0.005961676226754154
7.6000000000000005,0.1625,0.021389689958034398,0.00591561508503535
7.6000000000000005,0.17083333333333334,0.02121103544384039,0.005869896071126352
7.6000000000000005,0.17916666666666667,0.0210338772857764,0.005824516585384243
7.6000000000000005,0.1875,0.020858203051702884,0.005779474059620826
7.6000000000000005,0.19583333333333333,0.020684000393147817,0.005734765924302314
7.6000000000000005,0.20416666666666666,0.020511257040256133,0.00569038960421938
7.6000000000000005,0.2125,0.0203399608094714,0.005646342526883972
7.6000000000000005,0.22083333333333333,0.020170099612771015,0.005602622132473175
7.6000000000000005,0.22916666666666666,0.02000166146352995,0.005559225880395528
7.6000000000000005,0.2375,0.019834634478412,0.005516151251879098
7.6000000000000005,0.24583333333333332,0.019669006876583652,0.005473395749875745
7.6000000000000005,0.25416666666666665,0.01950476697778861,0.005430956897820647
7.6000000000000005,0.2625,0.019341903200341713,0.005388832238304959
7.6000000000000005,0.2708333333333333,0.019180404059515453,0.005347019332135687
7.6000000000000005,0.2791666666666667,0.01902025816638267,0.0053055157578452685
7.6000000000000005,0.2875,0.018861454226984115,0.005264319111521166
7.6000000000000005,0.29583333333333334,0.018703981041655684,0.0052234270067887546
7.6000000000000005,0.30416666666666664,0.01854782750438987,0.005182837074823117
7.6000000000000005,0.3125,0.018392982602166985,0.005142546964325144
7.6000000000000005,0.32083333333333336,0.018239435414239363,0.005102554341444837
7.6000000000000005,0.32916666666666666,0.0180871751113779,0.005062856889661569
7.6000000000000005,0.3375,0.017936190955099324,0.00502345230963977
7.6000000000000005,0.3458333333333333,0.017786472296890857,0.004984338319076301
7.6000000000000005,0.3541666666666667,0.017638008577442393,0.004945512652550486
7.6000000000000005,0.3625,0.017490789325891286,0.004906973061380792
7.6000000000000005,0.37083333333333335,0.0173448041590791,0.004868717313488923
7.6000000000000005,0.37916666666666665,0.017200042780819477,0.004830743193269385
7.6000000000000005,0.3875,0.01705649498117462,0.0047930485014625775
7.6000000000000005,0.3958333333333333,0.016914150635738333,0.004755631055029388
7.6000000000000005,0.4041666666666667,0.01677299970492488,0.004718488687026484
7.6000000000000005,0.4125,0.016633032233263012,0.004681619246481767
7.6000000000000005,0.42083333333333334,0.016494238348695067,0.0046450205982699186
7.6000000000000005,0.42916666666666664,0.016356608261881553,0.004608690622988369
7.6000000000000005,0.4375,0.016220132265511104,0.0045726272168339225
7.6000000000000005,0.44583333333333336,0.016084800733616227,0.004536828291480124
7.6000000000000005,0.45416666666666666,0.015950604120894784,0.004501291773955614
7.6000000000000005,0.4625,0.01581753296203725,0.0044660156065234975
7.6000000000000005,0.4708333333333333,0.015685577871059665,0.004430997746561661
7.6000000000000005,0.4791666666666667,0.015554729540642357,0.00439623616644402
7.6000000000000005,0.4875,0.01542497874147413,0.004361728853422773
7.6000000000000005,0.49583333333333335,0.015296316321602,0.00432747380951144
7.6000000000000005,0.5041666666666667,0.015168733205786438,0.004293469051368831
7.6000000000000005,0.5125,0.015042220394861878,0.004259712610183844
7.6000000000000005,0.5208333333333334,0.014916768965102698,0.004226202531561009
7.6000000000000005,0.5291666666666667,0.014792370067594363,0.0041929368754070155
7.6000000000000005,0.5375,0.014669014927610009,0.004159913715817961
7.6000000000000005,0.5458333333333333,0.01454669484399211,0.004127131140967374
7.6000000000000005,0.5541666666666667,0.014425401188539296,0.004094587252995245
7.6000000000000005,0.5625,0.014305125405398491,0.004062280167897642
7.6000000000000005,0.5708333333333333,0.014185859010461925,0.004030208015417316
7.6000000000000005,0.5791666666666667,0.014067593590769313,0.00399836893893502
7.6000000000000005,0.5875,0.013950320803915138,0.003966761095361609
7.6000000000000005,0.5958333333333333,0.013834032377460706,0.0039353826550309855
7.6000000000000005,0.6041666666666666,0.013718720108351212,0.0039042318015938353
7.6000000000000005,0.6125,0.013604375862337799,0.003873306731912031
7.6000000000000005,0.6208333333333333,0.013490991573404262,0.003842605655953977
7.6000000000000005,0.6291666666666667,0.013378559243198723,0.003812126796690497
7.6000000000000005,0.6375,0.01326707094047003,0.0037818683899917376
7.6000000000000005,0.6458333333333334,0.013156518800508749,0.003751828684524591
7.6000000000000005,0.6541666666666667,0.013046895024593051,0.003722005941650971
7.6000000000000005,0.6625,0.012938191879439126,0.0036923984353268587
7.6000000000000005,0.6708333333333333,0.012830401696656205,0.0036630044520020175
7.6000000000000005,0.6791666666666667,0.01272351687220615,0.0036338222905204264
7.6000000000000005,0.6875,0.012617529865867682,0.0036048502620215175
7.6000000000000005,0.6958333333333333,0.012512433200704928,0.0035760866898420186
7.6000000000000005,0.7041666666666667,0.012408219462540527,0.003547529909418658
7.6000000000000005,0.7125,0.012304881299433152,0.0035191782681913706
7.6000000000000005,0.7208333333333333,0.012202411421159501,0.003491030125507396
7.6000000000000005,0.7291666666666666,0.01210080259870032,0.0034630838525259444
7.6000000000000005,0.7375,0.012000047663731195,0.003435337832123617
7.6000000000000005,0.7458333333333333,0.01190013950811719,0.00340779045880047
7.6000000000000005,0.7541666666666667,0.011801071083412003,0.0033804401385867803
7.6000000000000005,0.7625,0.011702835400361194,0.003353285288950453
7.6000000000000005,0.7708333333333334,0.011605425528409668,0.0033263243387051562
7.6000000000000005,0.7791666666666667,0.011508834595213187,0.003299555727919046
7.6000000000000005,0.7875,0.011413055786154022,0.0032729779078241694
7.6000000000000005,0.7958333333333333,0.011318082343860753,0.0032465893407265397
7.6000000000000005,0.8041666666666667,0.011223907567732014,0.003220388499916852
7.6000000000000005,0.8125,0.011130524813464193,0.0031943738695817867
7.6000000000000005,0.8208333333333333,0.01103792749258323,0.003168543944716045
7.6000000000000005,0.8291666666666667,0.010946109071980207,0.003142897231034894
7.6000000000000005,0.8375,0.010855063073450954,0.003117432244887457
7.6000000000000005,0.8458333333333333,0.010764783073239454,0.0030921475131705286
7.6000000000000005,0.8541666666666666,0.010675262701585086,0.003067041573243047
7.6000000000000005,0.8625,0.01058649564227366,0.003042112972841183
7.6000000000000005,0.8708333333333333,0.010498475632192365,0.003017360269994008
7.6000000000000005,0.8791666666666667,0.010411196460888106,0.0029927820329397627
7.6000000000000005,0.8875,0.01032465197013002,0.002968376840042753
7.6000000000000005,0.8958333333333334,0.010238836053475309,0.0029441432797107977
7.6000000000000005,0.9041666666666667,0.01015374265583882,0.002920079950313275
7.6000000000000005,0.9125,0.010069365773066335,0.0028961854600997646
7.6000000000000005,0.9208333333333333,0.00998569945151134,0.0028724584271192324
7.6000000000000005,0.9291666666666667,0.009902737787615341,0.0028488974791398077
7.6000000000000005,0.9375,0.009820474927491806,0.002825501253569136
7.6000000000000005,0.9458333333333333,0.009738905066513535,0.0028022683973752604
7.6000000000000005,0.9541666666666667,0.009658022448903488,0.0027791975670080986
7.6000000000000005,0.9625,0.009577821367329148,0.002756287428321429
7.6000000000000005,0.9708333333333333,0.00949829616250009,0.0027335366564954764
7.6000000000000005,0.9791666666666666,0.00941944122276924,0.0027109439359599865
7.6000000000000005,0.9875,0.009341250983737203,0.002688507960317869
7.6000000000000005,0.9958333333333333,0.009263719927860042,0.002666227432269401
7.8,0.004166666666666667,0.02516244411312345,0.0066256280281474286
7.8,0.0125,0.0249584357139173,0.0065808813445699926
7.8,0.020833333333333332,0.02474563467580849,0.0065259628102875
7.8,0.029166666666666667,0.02453877072470907,0.006475613914682822
7.8,0.0375,0.024334433804160907,0.006426436263734135
7.8,0.04583333333333333,0.024131354670699223,0.006377172176255332
7.8,0.05416666666666667,0.023929691776201464,0.00632799156710085
7.8,0.0625,0.023729696660170725,0.00627915734028951
7.8,0.07083333333333333,0.023531433709926976,0.006230745150029787
7.8,0.07916666666666666,0.023334868672317165,0.0061827319132577215
7.8,0.0875,0.023139956823636093,0.006135083980379129
7.8,0.09583333333333334,0.022946670640745723,0.006087784807203097
7.8,0.10416666666666667,0.022754996036603223,0.006040831191277039
7.8,0.1125,0.022564923305228888,0.0059942242176551355
7.8,0.12083333333333333,0.022376442050647042,0.005947964188632237
7.8,0.12916666666666668,0.022189540098545922,0.005902049536190404
7.8,0.1375,0.022004204162586315,0.005856477489087588
7.8,0.14583333333333334,0.02182042069351642,0.005811244922745519
7.8,0.15416666666666667,0.021638176352846417,0.005766348833691024
7.8,0.1625,0.021457458128760015,0.005721786456227505
7.8,0.17083333333333334,0.02127825327464938,0.005677555201723557
7.8,0.17916666666666667,0.021100549213879348,0.005633652564124229
7.8,0.1875,0.02092433347516561,0.005590076056069921
7.8,0.19583333333333333,0.02074959366732253,0.005546823184378832
7.8,0.20416666666666666,0.020576317479293105,0.00550389145080469
7.8,0.2125,0.02040449268950062,0.005461278362110597
7.8,0.22083333333333333,0.020234107174655947,0.005418981439592017
7.8,0.22916666666666666,0.020065148914472686,0.00537699822450138
7.8,0.2375,0.01989760599254267,0.005335326279627397
7.8,0.24583333333333332,0.019731466594975326,0.005293963188631665
7.8,0.25416666666666665,0.019566719008304395,0.0052529065546471285
7.8,0.2625,0.019403351617555617,0.005212153999031291
7.8,0.2708333333333333,0.019241352904788924,0.005171703160588476
7.8,0.2791666666666667,0.01908071144807893,0.0051315516952238115
7.8,0.2875,0.018921415920763754,0.005091697275860719
7.8,0.29583333333333334,0.01876345509079912,0.0050521375924571805
7.8,0.30416666666666664,0.018606817820111414,0.005012870352015658
7.8,0.3125,0.018451493063905894,0.004973893278542623
7.8,0.32083333333333336,0.018297469869927675,0.004935204112955043
7.8,0.32916666666666666,0.018144737377691653,0.0048968006129503595
7.8,0.3375,0.017993284817700905,0.004858680552859609
7.8,0.3458333333333333,0.017843101510668383,0.004820841723498121
7.8,0.3541666666666667,0.017694176866749373,0.004783281932021957
7.8,0.3625,0.017546500384787354,0.004745999001791945
7.8,0.37083333333333335,0.017400061651571538,0.004708990772244542
7.8,0.37916666666666665,0.017254850341104345,0.00467225509876717
7.8,0.3875,0.017110856213876598,0.0046357898525760145
7.8,0.3958333333333333,0.016968069116148614,0.004599592920594624
7.8,0.4041666666666667,0.016826478979236743,0.004563662205332837
7.8,0.4125,0.016686075818805022,0.004527995624765758
7.8,0.42083333333333334,0.016546849734162056,0.004492591112212898
7.8,0.42916666666666664,0.01640879090756349,0.0044574466162178175
7.8,0.4375,0.01627188960351998,0.004422560100428586
7.8,0.44583333333333336,0.01613613616811114,0.004387929543478995
7.8,0.45416666666666666,0.016001521028305182,0.004353552938870802
7.8,0.4625,0.01586803469128452,0.004319428294856985
7.8,0.4708333333333333,0.01573566774377688,0.004285553634325874
7.8,0.4791666666666667,0.015604410851392306,0.004251926994686204
7.8,0.4875,0.015474254757965607,0.004218546427753086
7.8,0.49583333333333335,0.015345190284904275,0.004185409999634761
7.8,0.5041666666666667,0.015217208330542024,0.004152515790620227
7.8,0.5125,0.015090299869497534,0.004119861895067652
7.8,0.5208333333333334,0.014964455952038718,0.0040874464212935545
7.8,0.5291666666666667,0.014839667703452134,0.0040552674914628925
7.8,0.5375,0.014715926323417871,0.004023323241479883
7.8,0.5458333333333333,0.014593223085389533,0.003991611820879558
7.8,0.5541666666666667,0.014471549335979444,0.003960131392720304
7.8,0.5625,0.014350896494349044,0.003928880133476976
7.8,0.5708333333333333,0.014231256051604375,0.00389785623293495
7.8,0.5791666666666667,0.014112619570196506,0.00386705789408489
7.8,0.5875,0.01399497868332731,0.0038364833330182643
7.8,0.5958333333333333,0.013878325094359859,0.0038061307788236644
7.8,0.6041666666666666,0.013762650576233926,0.003775998473483914
7.8,0.6125,0.013647946970886473,0.0037460846717738043
7.8,0.6208333333333333,0.01353420618867677,0.0037163876411587565
7.8,0.6291666666666667,0.013421420207816536,0.0036869056616939933
7.8,0.6375,0.013309581073804798,0.0036576370259247108
7.8,0.6458333333333334,0.013198680898867351,0.0036285800387867466
7.8,0.6541666666666667,0.013088711861401139,0.003599733017508073
7.8,0.6625,0.012979666205423162,0.0035710942915110383
7.8,0.6708333333333333,0.012871536240024023,0.0035426622023152533
7.8,0.6791666666666667,0.012764314338826008,0.003514435103441179
7.8,0.6875,0.012657992939445872,0.0034864113603144883
7.8,0.6958333333333333,0.01255256454296194,0.0034585893501710135
7.8,0.7041666666666667,0.012448021713385746,0.003430967461962532
7.8,0.7125,0.012344357077138147,0.0034035440962630415
7.8,0.7208333333333333,0.012241563322529868,0.0033763176651758872
7.8,0.7291666666666666,0.012139633199246136,0.0033492865922414524
7.8,0.7375,0.012038559517836082,0.0033224493123455703
7.8,0.7458333333333333,0.011938335149205963,0.0032958042716285637
7.8,0.7541666666666667,0.011838953024116965,0.0032693499273949624
7.8,0.7625,0.011740406132687054,0.0032430847480238497
7.8,0.7708333333333334,0.011642687523897128,0.0032170072128798934
7.8,0.7791666666666667,0.01154579030510116,0.0031911158122249774
7.8,0.7875,0.011449707641540526,0.003165409047130462
7.8,0.7958333333333333,0.011354432755862488,0.003139885429390116
7.8,0.8041666666666667,0.011259958927642623,0.0031145434814336603
7.8,0.8125,0.011166279492911216,0.003089381736240878
7.8,0.8208333333333333,0.011073387843683781,0.0030643987372564433
7.8,0.8291666666666667,0.01098127742749537,0.003039593038305235
7.8,0.8375,0.010889941746938902,0.0030149632035083715
7.8,0.8458333333333333,0.0107993743592073,0.002990507807199767
7.8,0.8541666666666666,0.010709568875639489,0.002966225433843304
7.8,0.8625,0.010620518961270206,0.002942114677950619
7.8,0.8708333333333333,0.010532218334383704,0.0029181741439994503
7.8,0.8791666666666667,0.01044466076607087,0.0028944024463525555
7.8,0.8875,0.01035784007979052,0.0028707982091772384
7.8,0.8958333333333334,0.010271750150934043,0.0028473600663654233
7.8,0.9041666666666667,0.010186384906393783,0.0028240866614542945
7.8,0.9125,0.01010173832413515,0.0028009766475475214
7.8,0.9208333333333333,0.0100178044327722,0.002778028687237009
7.8,0.9291666666666667,0.00993457731114683,0.0027552414525252185
7.8,0.9375,0.00985205108791151,0.0027326136247480407
7.8,0.9458333333333333,0.009770219941115535,0.0027101438944981972
7.8,0.9541666666666667,0.009689078097794734,0.0026878309615492053
7.8,0.9625,0.00960861983356465,0.0026656735347798353
7.8,0.9708333333333333,0.00952883947221704,0.002643670332099163
7.8,0.9791666666666666,0.009449731385320017,0.0026218200803720783
7.8,0.9875,0.00937128999182125,0.002600121515345353
7.8,0.9958333333333333,0.009293509757654672,0.0025785733815742503
8.0,0.004166666666666667,0.025240872480482155,0.006409471506990923
8.0,0.0125,0.02503588841861195,0.006366035798344403
8.0,0.020833333333333332,0.024822618427768086,0.006312917632637232
8.0,0.029166666666666667,0.024615204378289807,0.006264270778554626
8.0,0.0375,0.024410224589533146,0.006216685351738595
8.0,0.04583333333333333,0.024206501907139456,0.006168995892941386
8.0,0.05416666666666667,0.024004222750596067,0.006121400416449488
8.0,0.0625,0.023803628496592368,0.006074151794287955
8.0,0.07083333333333333,0.02360477145628105,0.006027313734323544
8.0,0.07916666666666666,0.02340761344170497,0.00598085934752735
8.0,0.0875,0.023212110839610774,0.005934756222617412
8.0,0.09583333333333334,0.023018238072570446,0.005888989888002057
8.0,0.10416666666666667,0.022825982059483083,0.005843558273096354
8.0,0.1125,0.022635333171231956,0.005798462664787189
8.0,0.12083333333333333,0.02244628069760127,0.005753703175150476
8.0,0.12916666666666668,0.02225881215723144,0.005709278052200598
8.0,0.1375,0.022072914099643005,0.005665184482701701
8.0,0.14583333333333334,0.02188857293002267,0.005621419417734027
8.0,0.15416666666666667,0.021705775315097178,0.005577979979341893
8.0,0.1625,0.021524508248989285,0.005534863527156701
8.0,0.17083333333333334,0.02134475897212139,0.005492067578061482
8.0,0.17916666666666667,0.02116651487693012,0.005449589712659586
8.0,0.1875,0.02098976345170339,0.005407427519859465
8.0,0.19583333333333333,0.020814492263024387,0.005365578580060301
8.0,0.20416666666666666,0.020640688959893436,0.005324040470008599
8.0,0.2125,0.020468341283988854,0.005282810773788093
8.0,0.22083333333333333,0.02029743707769144,0.005241887091566739
8.0,0.22916666666666666,0.020127964287616654,0.005201267043845133
8.0,0.2375,0.019959910964598225,0.005160948272150703
8.0,0.24583333333333332,0.019793265261902695,0.005120928437956049
8.0,0.25416666666666665,0.019628015433074394,0.005081205221222444
8.0,0.2625,0.019464149830124657,0.005041776319281029
8.0,0.2708333333333333,0.01930165690223279,0.005002639446220403
8.0,0.2791666666666667,0.01914052519484509,0.004963792332665653
8.0,0.2875,0.01898074334898184,0.004925232725760345
8.0,0.29583333333333334,0.018822300100600722,0.004886958389198576
8.0,0.30416666666666664,0.018665184279932773,0.0048489671032240856
8.0,0.3125,0.018509384810765944,0.004811256664571405
8.0,0.32083333333333336,0.018354890709685247,0.004773824886357714
8.0,0.32916666666666666,0.018201691085289736,0.004736669597946073
8.0,0.3375,0.01804977513740515,0.004699788644798972
8.0,0.3458333333333333,0.01789913215630466,0.0046631798883341406
8.0,0.3541666666666667,0.017749751521942306,0.004626841205787993
8.0,0.3625,0.017601622703199968,0.0045907704900867465
8.0,0.37083333333333335,0.017454735257145037,0.004554965649723458
8.0,0.37916666666666665,0.01730907882829709,0.004519424608638379
8.0,0.3875,0.017164643147901344,0.0044841453061009355
8.0,0.3958333333333333,0.017021418033207572,0.004449125696591941
8.0,0.4041666666666667,0.016879393386754277,0.004414363749685955
8.0,0.4125,0.016738559195658018,0.004379857449933672
8.0,0.42083333333333334,0.016598905530908214,0.004345604796744611
8.0,0.42916666666666664,0.016460422546667536,0.004311603804270395
8.0,0.4375,0.016323100479578075,0.004277852501288971
8.0,0.44583333333333336,0.016186929648073455,0.004244348931089582
8.0,0.45416666666666666,0.016051900451696792,0.004211091151358791
8.0,0.4625,0.015918003370424465,0.004178077234067465
8.0,0.4708333333333333,0.015785228963995594,0.004145305265358606
8.0,0.4791666666666667,0.015653567871247172,0.00411277334543605
8.0,0.4875,0.015523010809454873,0.004080479588454046
8.0,0.49583333333333335,0.01539354857367916,0.004048422122407566
8.0,0.5041666666666667,0.01526517203611711,0.004016599089023472
8.0,0.5125,0.015137872145459409,0.003985008643652447
8.0,0.5208333333333334,0.01501163992625294,0.003953648955161656
8.0,0.5291666666666667,0.014886466478268485,0.003922518205828301
8.0,0.5375,0.014762342975873937,0.0038916145912338868
8.0,0.5458333333333333,0.01463926066741266,0.003860936320159195
8.0,0.5541666666666667,0.014517210874586982,0.0038304816144802086
8.0,0.5625,0.014396184991846988,0.0038002487090646143
8.0,0.5708333333333333,0.014276174485784417,0.003770235851669188
8.0,0.5791666666666667,0.014157170894531453,0.003740441302837895
8.0,0.5875,0.014039165827164878,0.0037108633358006885
8.0,0.5958333333333333,0.013922150963114945,0.0036815002363731163
8.0,0.6041666666666666,0.013806118051579254,0.003652350302856668
8.0,0.6125,0.013691058910941717,0.00362341184593974
8.0,0.6208333333333333,0.013576965428196117,0.0035946831885994997
8.0,0.6291666666666667,0.013463829558374728,0.00356616266600424
8.0,0.6375,0.013351643323981624,0.003537848625416698
8.0,0.6458333333333334,0.013240398814430673,0.0035097394260978675
8.0,0.6541666666666667,0.013130088185488383,0.003481833439211592
8.0,0.6625,0.013020703658721355,0.003454129047729902
8.0,0.6708333333333333,0.012912237520948312,0.0034266246463389677
8.0,0.6791666666666667,0.012804682123696785,0.0033993186413457314
8.0,0.6875,0.012698029882664387,0.0033722094505852884
8.0,0.6958333333333333,0.012592273277184502,0.003345295503328838
8.0,0.7041666666666667,0.0124874048496965,0.003318575240192445
8.0,0.7125,0.012383417205220426,0.0032920471130462752
8.0,0.7208333333333333,0.01228030301083617,0.003265709584924659
8.0,0.7291666666666666,0.012178054995166658,0.003239561129936698
8.0,0.7375,0.0120766659478659,0.003213600233177571
8.0,0.7458333333333333,0.011976128719110846,0.0031878253906404467
8.0,0.7541666666666667,0.011876436219097826,0.0031622351091290593
8.0,0.7625,0.01177758141754304,0.0031368279061708836
8.0,0.7708333333333334,0.011679557343187373,0.003111602309930982
8.0,0.7791666666666667,0.011582357083305225,0.0030865568591264265
8.0,0.7875,0.011485973783217519,0.003061690102941335
8.0,0.7958333333333333,0.01139040064580886,0.003037000600942556
8.0,0.8041666666666667,0.011295630931048675,0.003012486922995941
8.0,0.8125,0.01120165795551633,0.0029881476491831786
8.0,0.8208333333333333,0.011108475091930355,0.0029639813697193117
8.0,0.8291666666666667,0.011016075768681508,0.00293998668487073
8.0,0.8375,0.010924453469369827,0.0029161622048738648
8.0,0.8458333333333333,0.01083360173234554,0.0028925065498543786
8.0,0.8541666666666666,0.010743514150253817,0.002869018349746962
8.0,0.8625,0.010654184369583371,0.0028456962442157206
8.0,0.8708333333333333,0.010565606090218898,0.002822538882575099
8.0,0.8791666666666667,0.01047777306499703,0.0027995449237113736
8.0,0.8875,0.010390679099266413,0.002776713036004721
8.0,0.8958333333333334,0.010304318050451186,0.0027540418972518206
8.0,0.9041666666666667,0.010218683827618176,0.0027315301945890075
8.0,0.9125,0.01013377039104779,0.0027091766244159944
8.0,0.9208333333333333,0.010049571751808503,0.0026869798923200936
8.0,0.9291666666666667,0.009966081971334874,0.002664938713000997
8.0,0.9375,0.009883295161009135,0.0026430518101960964
8.0,0.9458333333333333,0.009801205481746306,0.002621317916606306
8.0,0.9541666666666667,0.009719807143582785,0.0025997357738224355
8.0,0.9625,0.0096390944052684,0.002578304132252038
8.0,0.9708333333333333,0.009559061573861832,0.0025570217510468385
8.0,0.9791666666666666,0.009479703004329617,0.0025358873980306004
8.0,0.9875,0.0094010130991483,0.002514899849627538
8.0,0.9958333333333333,0.009322986307910038,0.0024940578907912455
8.2,0.004166666666666667,0.025310148203842947,0.00620096373860466
8.2,0.0125,0.025104477160947873,0.006158801895350845
8.2,0.020833333333333332,0.024890994119625344,0.006107422232453242
8.2,0.029166666666666667,0.024683275281997256,0.006060412784417206
8.2,0.0375,0.024477897322499293,0.00601436195955064
8.2,0.04583333333333333,0.024273772030768775,0.005968193183668602
8.2,0.05416666666666667,0.024071110090197825,0.0059221286794355265
8.2,0.0625,0.02387014206861753,0.0058764104578203
8.2,0.07083333333333333,0.023670909146789793,0.005831091047351393
8.2,0.07916666666666666,0.023473370121176125,0.005786140497642394
8.2,0.0875,0.02327748289348957,0.005741527869694731
8.2,0.09583333333333334,0.023083223898740644,0.005697240664688204
8.2,0.10416666666666667,0.022890581059905348,0.0056532777793880645
8.2,0.1125,0.02269954488806385,0.00560964060701786
8.2,0.12083333333333333,0.022510104496722656,0.005566329052309869
8.2,0.12916666666666668,0.02232224727064817,0.005523341201062475
8.2,0.1375,0.022135959767938324,0.005480674222930513
8.2,0.14583333333333334,0.021951228504887663,0.00543832515700359
8.2,0.15416666666666667,0.02176804029403201,0.005396291250559458
8.2,0.1625,0.021586382266036337,0.005354569981654857
8.2,0.17083333333333334,0.021406241774633048,0.005313158964762103
8.2,0.17916666666666667,0.02122760630620055,0.005272055861040457
8.2,0.1875,0.021050463432558956,0.005231258331819421
8.2,0.19583333333333333,0.02087480080040669,0.005190764028718065
8.2,0.20416666666666666,0.020700606138644835,0.0051505706016463475
8.2,0.2125,0.020527867268973744,0.005110675710074034
8.2,0.22083333333333333,0.02035657211295814,0.005071077030762578
8.2,0.22916666666666666,0.02018670869447023,0.005031772260869925
8.2,0.2375,0.020018265138983863,0.004992759117901477
8.2,0.24583333333333332,0.019851229671560847,0.004954035338347537
8.2,0.25416666666666665,0.0196855906147766,0.004915598676255774
8.2,0.2625,0.019521336387116416,0.004877446902268685
8.2,0.2708333333333333,0.01935845550188363,0.004839577803168507
8.2,0.2791666666666667,0.01919693656645021,0.0048019891817589165
8.2,0.2875,0.019036768281654754,0.004764678856890001
8.2,0.29583333333333334,0.01887793944121495,0.004727644663492306
8.2,0.30416666666666664,0.01872043893109342,0.004690884452559674
8.2,0.3125,0.01856425572880857,0.004654396091072364
8.2,0.32083333333333336,0.01840937890270751,0.004618177461877365
8.2,0.32916666666666666,0.01825579761122319,0.004582226463548243
8.2,0.3375,0.018103501102132477,0.004546541010241549
8.2,0.3458333333333333,0.01795247871182492,0.004511119031558896
8.2,0.3541666666666667,0.01780271986458423,0.004475958472417527
8.2,0.3625,0.01765421407188179,0.004441057292928023
8.2,0.37083333333333335,0.017506950931679,0.004406413468276788
8.2,0.37916666666666665,0.017360920127736747,0.004372024988610849
8.2,0.3875,0.017216111428930075,0.004337889858923527
8.2,0.3958333333333333,0.01707251468856719,0.004304006098940002
8.2,0.4041666666666667,0.016930119843712815,0.004270371743002974
8.2,0.4125,0.016788916914516065,0.0042369848399584084
8.2,0.42083333333333334,0.01664889600354299,0.004203843453041728
8.2,0.42916666666666664,0.0165100472951143,0.0041709456597647
8.2,0.4375,0.016372361054647917,0.004138289551803298
8.2,0.44583333333333336,0.016235827628006846,0.004105873234886359
8.2,0.45416666666666666,0.016100437440852183,0.00407369482868525
8.2,0.4625,0.01596618099800107,0.004041752466704454
8.2,0.4708333333333333,0.015833048882789635,0.00401004429617296
8.2,0.4791666666666667,0.015701031756440893,0.003978568477936477
8.2,0.4875,0.015570120357437496,0.003947323186350484
8.2,0.49583333333333335,0.015440305500899157,0.003916306609173988
8.2,0.5041666666666667,0.01531157807796506,0.0038855169474641084
8.2,0.5125,0.015183929055180746,0.0038549524154714034
8.2,0.5208333333333334,0.015057349473889911,0.0038246112405359023
8.2,0.5291666666666667,0.014931830449630722,0.003794491662984009
8.2,0.5375,0.014807363171536903,0.003764591936026105
8.2,0.5458333333333333,0.014683938901743363,0.0037349103256548184
8.2,0.5541666666666667,0.014561548974796322,0.0037054451105442456
8.2,0.5625,0.014440184797068118,0.0036761945819496866
8.2,0.5708333333333333,0.014319837846176483,0.0036471570436082948
8.2,0.5791666666666667,0.01420049967040808,0.003618330811640363
8.2,0.5875,0.014082161888146854,0.0035897142144513203
8.2,0.5958333333333333,0.013964816187306474,0.0035613055926345047
8.2,0.6041666666666666,0.01384845432476722,0.0035331032988746426
8.2,0.6125,0.01373306812581733,0.003505105697851935
8.2,0.6208333333333333,0.013618649483598467,0.0034773111661470144
8.2,0.6291666666666667,0.013505190358555534,0.0034497180921463757
8.2,0.6375,0.013392682777890833,0.0034223248759487402
8.2,0.6458333333333334,0.013281118835022199,0.003395129929271904
8.2,0.6541666666666667,0.013170490689045513,0.003368131675360335
8.2,0.6625,0.01306079056420129,0.00334132854889349
8.2,0.6708333333333333,0.01295201074934534,0.003314718995894736
8.2,0.6791666666666667,0.012844143597423538,0.0032883014736409264
8.2,0.6875,0.012737181524950717,0.0032620744505727
8.2,0.6958333333333333,0.012631117011493427,0.003236036406205333
8.2,0.7041666666666667,0.01252594259915677,0.003210185831040379
8.2,0.7125,0.012421650892075194,0.0031845212264777663
8.2,0.7208333333333333,0.012318234555907352,0.003159041104728701
8.2,0.7291666666666666,0.012215686317334433,0.0031337439887290782
8.2,0.7375,0.01211399896356292,0.003108628412053605
8.2,0.7458333333333333,0.012013165341830697,0.0030836929188304786
8.2,0.7541666666666667,0.01191317835891732,0.003058936063656722
8.2,0.7625,0.011814030980657829,0.0030343564115141016
8.2,0.7708333333333334,0.011715716231460496,0.0030099525376856887
8.2,0.7791666666666667,0.011618227193828138,0.002985723027672977
8.2,0.7875,0.011521557007883168,0.002961666477113611
8.2,0.7958333333333333,0.01142569887089643,0.0029377814916997243
8.2,0.8041666666666667,0.011330646036819516,0.0029140666870968498
8.2,0.8125,0.011236391815820724,0.0028905206888633897
8.2,0.8208333333333333,0.011142929573824675,0.0028671421323707247
8.2,0.8291666666666667,0.011050252732055385,0.002843929662723799
8.2,0.8375,0.01095835476658295,0.002820881934682386
8.2,0.8458333333333333,0.010867229207873665,0.002797997612582823
8.2,0.8541666666666666,0.010776869640343615,0.002775275370260339
8.2,0.8625,0.010687269701915726,0.0027527138909719646
8.2,0.8708333333333333,0.010598423083580338,0.002730311867319941
8.2,0.8791666666666667,0.010510323528958842,0.0027080680011757007
8.2,0.8875,0.010422964833871116,0.0026859810036043924
8.2,0.8958333333333334,0.010336340845906,0.002664049594789931
8.2,0.9041666666666667,0.01025044546399512,0.0026422725039605723
8.2,0.9125,0.010165272637990086,0.002620648469315054
8.2,0.9208333333333333,0.010080816368242897,0.002599176237949199
8.2,0.9291666666666667,0.009997070705189544,0.0025778545657830832
8.2,0.9375,0.009914029748936872,0.002556682217488706
8.2,0.9458333333333333,0.009831687648852578,0.002535657966418164
8.2,0.9541666666666667,0.009750038603158416,0.0025147805945323477
8.2,0.9625,0.00966907685852646,0.002494048892330099
8.2,0.9708333333333333,0.009588796709678491,0.0024734616587779377
8.2,0.9791666666666666,0.00950919249898856,0.002453017701240204
8.2,0.9875,0.00943025861608846,0.0024327158354097386
8.2,0.9958333333333333,0.009351989497476261,0.0024125548852390517
8.4,0.004166666666666667,0.02534881668683559,0.005999800902573867
8.4,0.0125,0.025143026040083335,0.0059588766549268585
8.4,0.020833333333333332,0.024929865849475707,0.005909175795150514
8.4,0.029166666666666667,0.024722368060960977,0.0058637419863381175
8.4,0.0375,0.024517116522210357,0.0058191706970755494
8.4,0.04583333333333333,0.02431310856233023,0.005774470781937871
8.4,0.05416666666666667,0.024110575595211604,0.005729885085597341
8.4,0.0625,0.023909736814983224,0.005685644139019945
8.4,0.07083333333333333,0.023710623109952447,0.005641790074144427
8.4,0.07916666666666666,0.023513190991401065,0.005598290553411791
8.4,0.0875,0.023317400109496993,0.005555116286406045
8.4,0.09583333333333334,0.023123228853856457,0.005512256631140298
8.4,0.10416666666666667,0.02293066605679117,0.0054697112980229765
8.4,0.1125,0.022739702349877555,0.005427481707141445
8.4,0.12083333333333333,0.02255032672325115,0.005385567548264998
8.4,0.12916666666666668,0.02236252651247764,0.005343966768420106
8.4,0.1375,0.022176288368429796,0.005302676542466153
8.4,0.14583333333333334,0.021991598990192988,0.005261694006694225
8.4,0.15416666666666667,0.021808445397017956,0.005221016531468332
8.4,0.1625,0.021626814912427742,0.0051806417060150135
8.4,0.17083333333333334,0.02144669506014393,0.005140567235027343
8.4,0.17916666666666667,0.021268073479653708,0.0051007908549043
8.4,0.1875,0.021090937887945384,0.005061310296153319
8.4,0.19583333333333333,0.02091527607501628,0.0050221232795603764
8.4,0.20416666666666666,0.02074107591347759,0.004983227526451402
8.4,0.2125,0.02056832536893771,0.004944620769727509
8.4,0.22083333333333333,0.02039701250593274,0.004906300760442169
8.4,0.22916666666666666,0.020227125489327175,0.004868265269843542
8.4,0.2375,0.020058652583032334,0.004830512088729863
8.4,0.24583333333333332,0.01989158214785196,0.004793039025926602
8.4,0.25416666666666665,0.01972590263951878,0.004755843906950367
8.4,0.2625,0.01956160260727874,0.004718924573215119
8.4,0.2708333333333333,0.019398670692960005,0.0046822788817189485
8.4,0.2791666666666667,0.01923709563032203,0.004645904705005401
8.4,0.2875,0.019076866244496463,0.004609799931212795
8.4,0.29583333333333334,0.018917971451409953,0.00457396246410019
8.4,0.30416666666666664,0.0187604002571493,0.004538390223011338
8.4,0.3125,0.018604141757274213,0.0045030811427816545
8.4,0.32083333333333336,0.01844918513609992,0.004468033173610376
8.4,0.32916666666666666,0.018295519665971573,0.004433244280920028
8.4,0.3375,0.01814313470654459,0.004398712445217505
8.4,0.3458333333333333,0.017992019704077555,0.004364435661962976
8.4,0.3541666666666667,0.01784216419073783,0.004330411941447371
8.4,0.3625,0.017693557783918075,0.00429663930867603
8.4,0.37083333333333335,0.017546190185560286,0.004263115803255997
8.4,0.37916666666666665,0.01740005118148593,0.004229839479284701
8.4,0.3875,0.017255130640730556,0.004196808405238984
8.4,0.3958333333333333,0.017111418514882442,0.004164020663863848
8.4,0.4041666666666667,0.01696890483742546,0.004131474352061328
8.4,0.4125,0.016827579723086537,0.004099167580779563
8.4,0.42083333333333334,0.016687433367187563,0.00406709847490245
8.4,0.42916666666666664,0.016548456045002654,0.00403526517314006
8.4,0.4375,0.016410638111119896,0.004003665827920067
8.4,0.44583333333333336,0.016273969998808487,0.003972298605279969
8.4,0.45416666666666666,0.016138442219390595,0.003941161684760263
8.4,0.4625,0.016004045361618136,0.003910253259298506
8.4,0.4708333333333333,0.01587077009105434,0.003879571535124146
8.4,0.4791666666666667,0.015738607149459943,0.003849114731654102
8.4,0.4875,0.015607547354184207,0.003818881081389188
8.4,0.49583333333333335,0.015477581597560349,0.0037888688298111867
8.4,0.5041666666666667,0.015348700846305836,0.0037590762352807455
8.4,0.5125,0.015220896140926895,0.0037295015689359787
8.4,0.5208333333333334,0.015094158595127877,0.0037001431145917757
8.4,0.5291666666666667,0.014968479395224894,0.003670999168639929
8.4,0.5375,0.014843849799564027,0.0036420680399499683
8.4,0.5458333333333333,0.014720261137943988,0.0036133480497706183
8.4,0.5541666666666667,0.014597704811043,0.0035848375316322035
8.4,0.5625,0.01447617228985027,0.0035565348312495203
8.4,0.5708333333333333,0.014355655115101689,0.0035284383064256193
8.4,0.5791666666666667,0.014236144896719647,0.0035005463269561932
8.4,0.5875,0.014117633313257492,0.003472857274534651
8.4,0.5958333333333333,0.014000112111347858,0.003445369542657956
8.4,0.6041666666666666,0.013883573105155313,0.0034180815365331334
8.4,0.6125,0.013768008175833254,0.0033909916729843743
8.4,0.6208333333333333,0.013653409270984775,0.003364098380360977
8.4,0.6291666666666667,0.013539768404127652,0.003337400098445761
8.4,0.6375,0.013427077654163573,0.0033108952783643688
8.4,0.6458333333333334,0.013315329164851107,0.0032845823824950438
8.4,0.6541666666666667,0.013204515144282883,0.00325845988437914
8.4,0.6625,0.01309462786436668,0.0032325262686323177
8.4,0.6708333333333333,0.012985659660310421,0.003206780030856336
8.4,0.6791666666666667,0.01287760293011108,0.0031812196775514653
8.4,0.6875,0.012770450134047534,0.003155843726029613
8.4,0.6958333333333333,0.012664193794177155,0.003130650704327988
8.4,0.7041666666666667,0.01255882649383621,0.0031056391511235042
8.4,0.7125,0.012454340877144131,0.0030808076156476614
8.4,0.7208333333333333,0.012350729648511624,0.003056154657602181
8.4,0.7291666666666666,0.012247985572152094,0.003031678847075147
8.4,0.7375,0.012146101471597327,0.003007378764457822
8.4,0.7458333333333333,0.012045070229216307,0.002983253000362023
8.4,0.7541666666666667,0.011944884785738102,0.002959300155538116
8.4,0.7625,0.011845538139778029,0.0029355188407935817
8.4,0.7708333333333334,0.011747023347367627,0.0029119076769122086
8.4,0.7791666666666667,0.011649333521488019,0.002888465294573812
8.4,0.7875,0.011552461831606834,0.0028651903342745613
8.4,0.7958333333333333,0.011456401503218744,0.002842081446247882
8.4,0.8041666666666667,0.01136114581738929,0.002819137290385931
8.4,0.8125,0.011266688110302207,0.002796356536161588
8.4,0.8208333333333333,0.011173021772810196,0.002773737862551098
8.4,0.8291666666666667,0.011080140249989037,0.0027512799579571417
8.4,0.8375,0.010988037040695118,0.0027289815201325955
8.4,0.8458333333333333,0.010896705697126167,0.002706841256104721
8.4,0.8541666666666666,0.010806139824385403,0.0026848578820999466
8.4,0.8625,0.010716333080048882,0.002663030123469207
8.4,0.8708333333333333,0.01062727917373622,0.0026413567146137628
8.4,0.8791666666666667,0.010538971866684272,0.002619836398911577
8.4,0.8875,0.010451404971324352,0.0025984679286442177
8.4,0.8958333333333334,0.01036457235086237,0.0025772500649242787
8.4,0.9041666666666667,0.010278467918862173,0.0025561815776232854
8.4,0.9125,0.010193085638832037,0.0025352612453001812
8.4,0.9208333333333333,0.010108419523814274,0.0025144878551302276
8.4,0.9291666666666667,0.0100244636359778,0.0024938602028344863
8.4,0.9375,0.00994121208621386,0.0024733770926097533
8.4,0.9458333333333333,0.009858659033734703,0.002453037337059012
8.4,0.9541666666666667,0.00977679868567527,0.00243283975712237
8.4,0.9625,0.009695625296697867,0.00241278318200845
8.4,0.9708333333333333,0.009615133168599715,0.002392866449126345
8.4,0.9791666666666666,0.009535316649923548,0.002373088404017947
8.4,0.9875,0.009456170135571002,0.002353447900290823
8.4,0.9958333333333333,0.009377688066418848,0.0023339437995515615
8.6,0.004166666666666667,0.025345091802576547,0.0058056926407760515
8.6,0.0125,0.02513975832161781,0.005765970571868824
8.6,0.020833333333333332,0.024927469111107513,0.005717890919727292
8.6,0.029166666666666667,0.024720732632844696,0.0056739737048948375
8.6,0.0375,0.024516147786504853,0.005630829292031856
8.6,0.04583333333333333,0.024312793949857355,0.005587548430888181
8.6,0.05416666666666667,0.024110920015307888,0.005544391293576677
8.6,0.0625,0.023910733410348897,0.005501576495741828
8.6,0.07083333333333333,0.023712255558714472,0.005459136558429095
8.6,0.07916666666666666,0.023515441334398677,0.005417037362813949
8.6,0.0875,0.023320252303866407,0.005375251393119268
8.6,0.09583333333333334,0.0231266687260898,0.005333769737353446
8.6,0.10416666666666667,0.022934680242324354,0.005292592777783256
8.6,0.1125,0.022744277580976108,0.00525172189649319
8.6,0.12083333333333333,0.022555449649872415,0.005211156568342502
8.6,0.12916666666666668,0.022368183800263133,0.005170894625648269
8.6,0.1375,0.022182466836004104,0.0051309332680452855
8.6,0.14583333333333334,0.021998285685802966,0.0050912697354029215
8.6,0.15416666666666667,0.02181562761231822,0.005051901517590413
8.6,0.1625,0.021634480164689347,0.0050128263076677036
8.6,0.17083333333333334,0.02145483106980296,0.004974041893807562
8.6,0.17916666666666667,0.02127666815540311,0.004935546083056584
8.6,0.1875,0.021099979320466856,0.004897336672356483
8.6,0.19583333333333333,0.02092475253584982,0.004859411449830777
8.6,0.20416666666666666,0.020750975855379286,0.004821768206513594
8.6,0.2125,0.020578637425630153,0.004784404746757031
8.6,0.22083333333333333,0.02040772549066376,0.004747318893596232
8.6,0.22916666666666666,0.020238228392499717,0.004710508489842857
8.6,0.2375,0.02007013456940266,0.004673971396988955
8.6,0.24583333333333332,0.019903432553688528,0.004637705493625124
8.6,0.25416666666666665,0.019738110969914954,0.004601708674238917
8.6,0.2625,0.019574158533653574,0.004565978848589854
8.6,0.2708333333333333,0.019411564050699943,0.004530513941518181
8.6,0.2791666666666667,0.019250316416498957,0.004495311892963744
8.6,0.2875,0.01909040461561356,0.0044603706580244205
8.6,0.29583333333333334,0.01893181772115107,0.004425688206967283
8.6,0.30416666666666664,0.018774544894127367,0.00439126252517329
8.6,0.3125,0.018618575382784337,0.004357091613030913
8.6,0.32083333333333336,0.018463898521885583,0.004323173485803485
8.6,0.32916666666666666,0.01831050373201061,0.004289506173490756
8.6,0.3375,0.018158380518858517,0.004256087720695864
8.6,0.3458333333333333,0.018007518472565286,0.004222916186501208
8.6,0.3541666666666667,0.01785790726703295,0.004189989644352388
8.6,0.3625,0.017709536659268398,0.004157306181947134
8.6,0.37083333333333335,0.017562396488728385,0.0041248639011267855
8.6,0.37916666666666665,0.0174164766766698,0.004092660917768445
8.6,0.3875,0.0172717672255038,0.004060695361677102
8.6,0.3958333333333333,0.01712825821815385,0.0040289653764774705
8.6,0.4041666666666667,0.016985939817417806,0.003997469119506011
8.6,0.4125,0.01684480226533464,0.003966204761703306
8.6,0.42083333333333334,0.016704835882555516,0.003935170487507108
8.6,0.42916666666666664,0.016566031067720092,0.0039043644947462253
8.6,0.4375,0.016428378296837177,0.003873784994535403
8.6,0.44583333333333336,0.016291868122670517,0.0038434302111709897
8.6,0.45416666666666666,0.016156491174129185,0.003813298382027496
8.6,0.4625,0.01602223815566264,0.0037833877574550167
8.6,0.4708333333333333,0.01588909984666032,0.003753696600677344
8.6,0.4791666666666667,0.01575706710085573,0.0037242231876908386
8.6,0.4875,0.015626130845735196,0.0036949658071640753
8.6,0.49583333333333335,0.015496282081950708,0.0036659227603381478
8.6,0.5041666666666667,0.015367511882737632,0.0036370923609277605
8.6,0.5125,0.015239811393336305,0.0036084729350229976
8.6,0.5208333333333334,0.015113171830418427,0.0035800628209917964
8.6,0.5291666666666667,0.014987584481517487,0.0035518603693832102
8.6,0.5375,0.014863040704463577,0.0035238639428313494
8.6,0.5458333333333333,0.014739531926822551,0.0034960719159599298
8.6,0.5541666666666667,0.014617049645339148,0.0034684826752877456
8.6,0.5625,0.014495585425384643,0.003441094619134589
8.6,0.5708333333333333,0.014375130900408421,0.0034139061575280544
8.6,0.5791666666666667,0.01425567777139363,0.003386915712110918
8.6,0.5875,0.014137217806317225,0.003360121716049199
8.6,0.5958333333333333,0.014019742839613747,0.0033335226139409512
8.6,0.6041666666666666,0.013903244771643246,0.0033071168617256966
8.6,0.6125,0.013787715568163347,0.0032809029265944544
8.6,0.6208333333333333,0.013673147259804995,0.0032548792869005715
8.6,0.6291666666666667,0.013559531941552313,0.003229044432071012
8.6,0.6375,0.013446861772226466,0.0032033968625184935
8.6,0.6458333333333334,0.013335128973973086,0.0031779350895541148
8.6,0.6541666666666667,0.013224325831753833,0.0031526576353006677
8.6,0.6625,0.013114444692841601,0.003127563032606621
8.6,0.6708333333333333,0.013005477966319587,0.0031026498249606786
8.6,0.6791666666666667,0.012897418122584032,0.003077916566406953
8.6,0.6875,0.012790257692850823,0.0030533618214608114
8.6,0.6958333333333333,0.012683989268665619,0.003028984165025255
8.6,0.7041666666666667,0.012578605501417716,0.003004782182308007
8.6,0.7125,0.01247409910185759,0.0029807544687390736
8.6,0.7208333333333333,0.012370462839618079,0.002956899629889026
8.6,0.7291666666666666,0.012267689542738857,0.0029332162813877753
8.6,0.7375,0.012165772097194901,0.002909703048844003
8.6,0.7458333333333333,0.012064703446428047,0.002886358567765133
8.6,0.7541666666666667,0.011964476590882409,0.002863181483477906
8.6,0.7625,0.011865084587542953,0.002840170451049495
8.6,0.7708333333333334,0.011766520549477768,0.0028173241352092496
8.6,0.7791666666666667,0.01166877764538355,0.0027946412102709296
8.6,0.7875,0.01157184909913451,0.00277212036005554
8.6,0.7958333333333333,0.011475728189334808,0.002749760277814716
8.6,0.8041666666666667,0.01138040824887405,0.002727559666154675
8.6,0.8125,0.011285882664486288,0.0027055172369606527
8.6,0.8208333333333333,0.011192144876312166,0.0026836317113219763
8.6,0.8291666666666667,0.011099188377464438,0.002661901819457562
8.6,0.8375,0.011007006713596638,0.002640326300642065
8.6,0.8458333333333333,0.01091559348247491,0.0026189039031324526
8.6,0.8541666666666666,0.010824942333553106,0.0025976333840951596
8.6,0.8625,0.010735046967550923,0.0025765135095337658
8.6,0.8708333333333333,0.010645901136035316,0.002555543054217155
8.6,0.8791666666666667,0.010557498641004748,0.002534720801608206
8.6,0.8875,0.010469833334476826,0.0025140455437929936
8.6,0.8958333333333334,0.010382899118078773,0.002493516081410497
8.6,0.9041666666666667,0.01029668994264094,0.0024731312235827647
8.6,0.9125,0.010211199807793366,0.0024528897878456587
8.6,0.9208333333333333,0.010126422761565345,0.002432790600079992
8.6,0.9291666666666667,0.010042352899987814,0.0024128324944432274
8.6,0.9375,0.00995898436669878,0.002393014313301614
8.6,0.9458333333333333,0.009876311352551594,0.002373334907162837
8.6,0.9541666666666667,0.009794328095226113,0.0023537931346091184
8.6,0.9625,0.00971302887884273,0.0023343878622307753
8.6,0.9708333333333333,0.009632408033579162,0.0023151179645603138
8.6,0.9791666666666666,0.009552459935290178,0.0022959823240068927
8.6,0.9875,0.009473179005130002,0.002276979830791305
8.6,0.9958333333333333,0.009394559709177458,0.0022581093828814283
8.8,0.004166666666666667,0.025291522149642913,0.00561836148672419
8.8,0.0125,0.02508722016303968,0.0055798070398834785
8.8,0.020833333333333332,0.024876349399312547,0.005533293040666775
8.8,0.029166666666666667,0.024670914964932626,0.005490835956924295
8.8,0.0375,0.02446753783167801,0.005449068030736949
8.8,0.04583333333333333,0.024265375889494702,0.005407158332003854
8.8,0.05416666666666667,0.024064692530993446,0.005365381343643232
8.8,0.0625,0.023865683179425792,0.005323943490261257
8.8,0.07083333333333333,0.023668360610105726,0.005282868460263626
8.8,0.07916666666666666,0.023472678637948323,0.005242120894080752
8.8,0.0875,0.02327860086587641,0.0052016751332568814
8.8,0.09583333333333334,0.02308610932608848,0.005161523862395667
8.8,0.10416666666666667,0.022895194376574335,0.005121668006348518
8.8,0.1125,0.02270584682769627,0.005082108857463919
8.8,0.12083333333333333,0.022518055547733444,0.005042845681794082
8.8,0.12916666666666668,0.02233180796392065,0.005003876220791782
8.8,0.1375,0.022147091086141636,0.004965197715656353
8.8,0.14583333333333334,0.02196389211270398,0.00492680751375616
8.8,0.15416666666666667,0.021782198580895095,0.004888703219827599
8.8,0.1625,0.021601998293924205,0.004850882623554804
8.8,0.17083333333333334,0.021423279211225273,0.004813343590505743
8.8,0.17916666666666667,0.021246029380129008,0.00477608399443251
8.8,0.1875,0.021070236914339346,0.004739101696371337
8.8,0.19583333333333333,0.020895889998781118,0.0047023945501093725
8.8,0.20416666666666666,0.020722976901494033,0.00466596041469268
8.8,0.2125,0.020551485982516503,0.0046297971639199745
8.8,0.22083333333333333,0.020381405697441582,0.004593902690503507
8.8,0.22916666666666666,0.020212724597093463,0.004558274906346196
8.8,0.2375,0.02004543132551751,0.004522911741127855
8.8,0.24583333333333332,0.019879514617829528,0.004487811140745781
8.8,0.25416666666666665,0.01971496329858726,0.004452971066273726
8.8,0.2625,0.019551766280742604,0.004418389493496604
8.8,0.2708333333333333,0.019389912564971575,0.004384064412819281
8.8,0.2791666666666667,0.019229391239157328,0.004349993829323116
8.8,0.2875,0.019070191477875736,0.004316175762821684
8.8,0.29583333333333334,0.01891230254182263,0.0042826082478532946
8.8,0.30416666666666664,0.018755713777179245,0.00424928933360771
8.8,0.3125,0.01860041461493859,0.004216217083809644
8.8,0.32083333333333336,0.018446394570218374,0.004183389576584356
8.8,0.32916666666666666,0.018293643241577867,0.004150804904323202
8.8,0.3375,0.018142150310346626,0.004118461173557169
8.8,0.3458333333333333,0.01799190553996696,0.004086356504839532
8.8,0.3541666666666667,0.01784289877534706,0.004054489032635643
8.8,0.3625,0.017695119942222382,0.004022856905216494
8.8,0.37083333333333335,0.017548559046522114,0.003991458284553871
8.8,0.37916666666666665,0.017403206173740176,0.003960291346215646
8.8,0.3875,0.01725905148830972,0.003929354279260861
8.8,0.3958333333333333,0.017116085232981398,0.0038986452861345623
8.8,0.4041666666666667,0.016974297728205637,0.003868162582562943
8.8,0.4125,0.016833679371519472,0.0038379043974489943
8.8,0.42083333333333334,0.01669422063693773,0.0038078689727688826
8.8,0.42916666666666664,0.016555912074349147,0.003778054563469217
8.8,0.4375,0.016418744308916797,0.003748459437365269
8.8,0.44583333333333336,0.016282708040483398,0.003719081875039961
8.8,0.45416666666666666,0.01614779404298094,0.003689920169743696
8.8,0.4625,0.01601399316384487,0.0036609726272950004
8.8,0.4708333333333333,0.015881296323432544,0.0036322375659818265
8.8,0.4791666666666667,0.01574969451444601,0.0036037133164635742
8.8,0.4875,0.01561917880135927,0.0035753982216738837
8.8,0.49583333333333335,0.01548974031984943,0.003547290636724037
8.8,0.5041666666666667,0.015361370276232546,0.003519388928807155
8.8,0.5125,0.015234059946903186,0.003491691477103032
8.8,0.5208333333333334,0.015107800677778642,0.0034641966726836663
8.8,0.5291666666666667,0.01498258388374691,0.003436902918419554
8.8,0.5375,0.014858401048118948,0.0034098086288866345
8.8,0.5458333333333333,0.014735243722085109,0.0033829122302738413
8.8,0.5541666666666667,0.014613103524175379,0.0033562121602915187
8.8,0.5625,0.01449197213972385,0.003329706868080304
8.8,0.5708333333333333,0.01437184132033712,0.00330339481412084
8.8,0.5791666666666667,0.01425270288336647,0.00327727447014406
8.8,0.5875,0.014134548711384328,0.0032513443190421315
8.8,0.5958333333333333,0.014017370751664288,0.003225602854780102
8.8,0.6041666666666666,0.01390116101566508,0.003200048582308168
8.8,0.6125,0.013785911578518571,0.003174680017474524
8.8,0.6208333333333333,0.013671614578521256,0.0031494956869389927
8.8,0.6291666666666667,0.013558262216629665,0.003124494128087084
8.8,0.6375,0.013445846755959709,0.0030996738889448898
8.8,0.6458333333333334,0.013334360521289331,0.0030750335280944545
8.8,0.6541666666666667,0.013223795898565191,0.003050571614589799
8.8,0.6625,0.013114145334412863,0.003026286727873598
8.8,0.6708333333333333,0.013005401335650629,0.0030021774576944257
8.8,0.6791666666666667,0.012897556468806947,0.0029782424040245736
8.8,0.6875,0.012790603359641493,0.002954480176978549
8.8,0.6958333333333333,0.012684534692669672,0.002930889396732066
8.8,0.7041666666666667,0.012579343210690657,0.00290746869344174
8.8,0.7125,0.012475021714318996,0.00288421670716523
8.8,0.7208333333333333,0.012371563061519672,0.0028611320877820795
8.8,0.7291666666666666,0.012268960167146388,0.0028382134949150465
8.8,0.7375,0.012167206002483597,0.002815459597852058
8.8,0.7458333333333333,0.012066293594791545,0.0027928690754686885
8.8,0.7541666666666667,0.011966216026855046,0.0027704406161512284
8.8,0.7625,0.011866966436535195,0.002748172917720272
8.8,0.7708333333333334,0.011768538016324737,0.002726064687354922
8.8,0.7791666666666667,0.011670924012906416,0.002704114641517454
8.8,0.7875,0.011574117726714713,0.002682321505878579
8.8,0.7958333333333333,0.011478112511500866,0.0026606840152432294
8.8,0.8041666666666667,0.01138290177390089,0.002639200913476896
8.8,0.8125,0.011288478973006956,0.00261787095343244
8.8,0.8208333333333333,0.01119483761994176,0.002596692896877513
8.8,0.8291666666666667,0.011101971277436173,0.002575665514422395
8.8,0.8375,0.011009873559409846,0.002554787585448466
8.8,0.8458333333333333,0.010918538130554914,0.002534057898037072
8.8,0.8541666666666666,0.0108279587059228,0.002513475248898981
8.8,0.8625,0.010738129050513962,0.0024930384433043194
8.8,0.8708333333333333,0.010649042978870744,0.0024727462950129954
8.8,0.8791666666666667,0.010560694354672981,0.0024525976262056216
8.8,0.8875,0.010473077090336869,0.002432591267414945
8.8,0.8958333333333334,0.010386185146616489,0.002412726057457756
8.8,0.9041666666666667,0.01030001253220832,0.002393000843367255
8.8,0.9125,0.01021455330335865,0.002373414480325966
8.8,0.9208333333333333,0.010129801563473843,0.002353965831599037
8.8,0.9291666666666667,0.010045751462733373,0.0023346537684680864
8.8,0.9375,0.009962397197705725,0.0023154771701654657
8.8,0.9458333333333333,0.009879733010967055,0.0022964349238090353
8.8,0.9541666666666667,0.009797753190722618,0.002277525924337356
8.8,0.9625,0.009716452070430925,0.002258749074445348
8.8,0.9708333333333333,0.009635824028430579,0.0022401032845204352
8.8,0.9791666666666666,0.00955586348756993,0.0022215874725790914
8.8,0.9875,0.009476564914839242,0.002203200564203851
8.8,0.9958333333333333,0.009397922821005572,0.002184941492480791
9.0,0.004166666666666667,0.02518345323208935,0.005437542296464978
9.0,0.0125,0.02498074333084211,0.005400121777581225
9.0,0.020833333333333332,0.024771826415861068,0.005355119853142644
9.0,0.029166666666666667,0.024568223722357712,0.0053140688882792
9.0,0.0375,0.024366584526591215,0.005273629200944299
9.0,0.04583333333333333,0.024166141678317175,0.005233044595061946
9.0,0.05416666666666667,0.023967170350759966,0.005192601111176219
9.0,0.0625,0.023769853858526237,0.005152492845031804
9.0,0.07083333333333333,0.023574197124248936,0.005112735414882855
9.0,0.07916666666666666,0.023380153415396232,0.0050732926989633005
9.0,0.0875,0.02318768844986306,0.00503414094173583
9.0,0.09583333333333334,0.022996785929431506,0.00499527428800488
9.0,0.10416666666666667,0.022807436844827653,0.004956694088621252
9.0,0.1125,0.0226196320807214,0.004918401506125101
9.0,0.12083333333333333,0.02243336050884221,0.004880395608499331
9.0,0.12916666666666668,0.022248609687503897,0.004842674069327854
9.0,0.1375,0.02206536687862336,0.004805234185442789
9.0,0.14583333333333334,0.0218836195837059,0.004768073413533249
9.0,0.15416666666666667,0.021703355640911977,0.004731189467831349
9.0,0.1625,0.021524563132047186,0.004694580227716346
9.0,0.17083333333333334,0.02134723027495898,0.004658243630721302
9.0,0.17916666666666667,0.021171345364330813,0.004622177613932431
9.0,0.1875,0.020996896757552144,0.00458638010045983
9.0,0.19583333333333333,0.02082387288286691,0.004550849008182504
9.0,0.20416666666666666,0.02065226225149012,0.004515582262456572
9.0,0.2125,0.02048205346541026,0.0044805778045054504
9.0,0.22083333333333333,0.02031323521982041,0.004445833594433972
9.0,0.22916666666666666,0.020145796302140768,0.0044113476108297
9.0,0.2375,0.019979725589831875,0.004377117849150918
9.0,0.24583333333333332,0.019815012048349862,0.004343142320251819
9.0,0.25416666666666665,0.019651644729711756,0.004309419049514047
9.0,0.2625,0.01948961277161281,0.004275946076525682
9.0,0.2708333333333333,0.01932890539685519,0.004242721455067918
9.0,0.2791666666666667,0.019169511912872094,0.004209743253192172
9.0,0.2875,0.019011421711222515,0.004177009553264576
9.0,0.29583333333333334,0.018854624267018463,0.004144518451938386
9.0,0.30416666666666664,0.01869910913829477,0.004112268060065035
9.0,0.3125,0.01854486596534845,0.004080256502570835
9.0,0.32083333333333336,0.018391884470072048,0.004048481918323404
9.0,0.32916666666666666,0.018240154455295213,0.004016942460002567
9.0,0.3375,0.018089665804139506,0.003985636293980676
9.0,0.3458333333333333,0.01794040847938623,0.003954561600211666
9.0,0.3541666666666667,0.017792372522853574,0.003923716572126009
9.0,0.3625,0.01764554805478075,0.003893099416528344
9.0,0.37083333333333335,0.017499925273216196,0.0038627083534958965
9.0,0.37916666666666665,0.017355494453409757,0.0038325416162766583
9.0,0.3875,0.017212245947208205,0.0038025974511873414
9.0,0.3958333333333333,0.01707017018245438,0.0037728741175111673
9.0,0.4041666666666667,0.01692925766239035,0.003743369887396112
9.0,0.4125,0.016789498965065045,0.0037140830457537684
9.0,0.42083333333333334,0.016650884742746157,0.00368501189015899
9.0,0.42916666666666664,0.016513405721336742,0.003656154730750435
9.0,0.4375,0.016377052699796012,0.0036275098901320125
9.0,0.44583333333333336,0.016241816549564744,0.0035990757032750786
9.0,0.45416666666666666,0.01610768821399479,0.003570850517421404
9.0,0.4625,0.015974658707782963,0.003542832691986933
9.0,0.4708333333333333,0.015842719116409,0.0035150205984661605
9.0,0.4791666666666667,0.01571186059557764,0.00348741262033721
9.0,0.4875,0.015582074370665014,0.003460007152967654
9.0,0.49583333333333335,0.015453351736168767,0.0034328026035209277
9.0,0.5041666666666667,0.015325684055162625,0.003405797390863518
9.0,0.5125,0.015199062758754628,0.0033789899454727715
9.0,0.5208333333333334,0.015073479345549668,0.0033523787093453767
9.0,0.5291666666666667,0.014948925381115759,0.003325962135906597
9.0,0.5375,0.014825392497454366,0.003299738689920114
9.0,0.5458333333333333,0.014702872392474704,0.0032737068473984794
9.0,0.5541666666666667,0.014581356829471714,0.0032478650955143893
9.0,0.5625,0.014460837636608078,0.00322221193251242
9.0,0.5708333333333333,0.014341306706399997,0.0031967458676215583
9.0,0.5791666666666667,0.014222755995206561,0.003171465420968295
9.0,0.5875,0.014105177522723273,0.0031463691234903533
9.0,0.5958333333333333,0.013988563371478947,0.003121455516851101
9.0,0.6041666666666666,0.013872905686336381,0.0030967231533545556
9.0,0.6125,0.013758196673996902,0.003072170595860963
9.0,0.6208333333333333,0.013644428602508266,0.0030477964177031288
9.0,0.6291666666666667,0.0135315938007763,0.0030235992026031683
9.0,0.6375,0.013419684658080298,0.002999577544590059
9.0,0.6458333333333334,0.013308693623591583,0.00297573004791766
9.0,0.6541666666666667,0.013198613205895967,0.0029520553269833678
9.0,0.6625,0.01308943597251953,0.0029285520062473963
9.0,0.6708333333333333,0.012981154549457885,0.0029052187201526096
9.0,0.6791666666666667,0.012873761620708926,0.002882054113044916
9.0,0.6875,0.012767249927809029,0.0028590568390943157
9.0,0.6958333333333333,0.01266161226937254,0.0028362255622164257
9.0,0.7041666666666667,0.01255684150063469,0.002813558955994691
9.0,0.7125,0.012452930532997869,0.0027910557036030206
9.0,0.7208333333333333,0.012349872333581261,0.002768714497729116
9.0,0.7291666666666666,0.012247659924773538,0.002746534040498252
9.0,0.7375,0.012146286383789135,0.0027245130433976804
9.0,0.7458333333333333,0.01204574484222745,0.0027026502272015375
9.0,0.7541666666666667,0.011946028485635557,0.002680944321896316
9.0,0.7625,0.011847130553073803,0.00265939406660685
9.0,0.7708333333333334,0.011749044336684835,0.0026379982095228955
9.0,0.7791666666666667,0.011651763181265552,0.0026167555078261424
9.0,0.7875,0.011555280483842252,0.0025956647276178307
9.0,0.7958333333333333,0.011459589693248931,0.0025747246438468483
9.0,0.8041666666666667,0.011364684309708491,0.0025539340402383898
9.0,0.8125,0.011270557884417108,0.002533291709223051
9.0,0.8208333333333333,0.01117720401913151,0.002512796451866525
9.0,0.8291666666666667,0.011084616365759381,0.0024924470777996986
9.0,0.8375,0.010992788625952607,0.0024722424051493697
9.0,0.8458333333333333,0.010901714550703462,0.0024521812604693365
9.0,0.8541666666666666,0.010811387939943809,0.0024322624786720687
9.0,0.8625,0.010721802642147059,0.002412484902960836
9.0,0.8708333333333333,0.010632952553933166,0.0023928473847623162
9.0,0.8791666666666667,0.010544831619676221,0.002373348783659678
9.0,0.8875,0.01045743383111518,0.0023539879673261607
9.0,0.8958333333333334,0.010370753226967138,0.0023347638114591222
9.0,0.9041666666666667,0.010284783892543493,0.002315675199714523
9.0,0.9125,0.010199519959368825,0.002296721023641937
9.0,0.9208333333333333,0.010114955604802578,0.0022779001826199554
9.0,0.9291666666666667,0.010031085051663361,0.002259211583792096
9.0,0.9375,0.009947902567855951,0.0022406541420031314
9.0,0.9458333333333333,0.009865402466001037,0.0022222267797359107
9.0,0.9541666666666667,0.009783579103067543,0.002203928427048585
9.0,0.9625,0.009702426880007583,0.002185758021512278
9.0,0.9708333333333333,0.00962194024139399,0.0021677145081492404
9.0,0.9791666666666666,0.00954211367506053,0.002149796839371382
9.0,0.9875,0.009462941711744537,0.0021320039749192603
9.0,0.9958333333333333,0.009384418924732168,0.002114334881801521
9.200000000000001,0.004166666666666667,0.02501854818279008,0.0052629816880704885
9.200000000000001,0.0125,0.024817966262424666,0.0052266622638952355
9.200000000000001,0.020833333333333332,0.02461151554312775,0.005183120748260934
9.200000000000001,0.029166666666666667,0.02441025223026886,0.005143424216299172
9.200000000000001,0.0375,0.024210859414860036,0.0051042665435286644
9.200000000000001,0.04583333333333333,0.02401264136324945,0.005064962696219645
9.200000000000001,0.05416666666666667,0.02381588255312111,0.005025807768044016
9.200000000000001,0.0625,0.023620754199192625,0.004986983506414187
9.200000000000001,0.07083333333333333,0.023427254139695538,0.004948498199603019
9.200000000000001,0.07916666666666666,0.02323533554297856,0.004910315383982887
9.200000000000001,0.0875,0.023044966284002846,0.004872413221153037
9.200000000000001,0.09583333333333334,0.022856131625398433,0.004834787179623245
9.200000000000001,0.10416666666666667,0.022668823114234283,0.0047974389322063965
9.200000000000001,0.1125,0.02248303170717215,0.004760369481790434
9.200000000000001,0.12083333333333333,0.022298746320958653,0.004723577712443165
9.200000000000001,0.12916666666666668,0.022115954693969,0.004687061251564908
9.200000000000001,0.1375,0.02193464437881467,0.004650817463100129
9.200000000000001,0.14583333333333334,0.021754803207330555,0.004614843913123946
9.200000000000001,0.15416666666666667,0.021576419339669098,0.004579138419531604
9.200000000000001,0.1625,0.02139948115652665,0.004543698944855342
9.200000000000001,0.17083333333333334,0.02122397715608559,0.004508523493792929
9.200000000000001,0.17916666666666667,0.02104989590410913,0.004473610063884542
9.200000000000001,0.1875,0.020877226026390316,0.0044389566385394
9.200000000000001,0.19583333333333333,0.020705956219360912,0.004404561198218423
9.200000000000001,0.20416666666666666,0.020536075261959854,0.004370421732871673
9.200000000000001,0.2125,0.020367572022246535,0.004336536249117021
9.200000000000001,0.22083333333333333,0.020200435458800344,0.004302902772200385
9.200000000000001,0.22916666666666666,0.020034654619229313,0.004269519345061272
9.200000000000001,0.2375,0.019870218637909613,0.004236384026625134
9.200000000000001,0.24583333333333332,0.019707116734091406,0.0042034948904575795
9.200000000000001,0.25416666666666665,0.01954533821065902,0.004170850024069282
9.200000000000001,0.2625,0.019384872453394507,0.004138447528720028
9.200000000000001,0.2708333333333333,0.01922570893048431,0.004106285519462237
9.200000000000001,0.2791666666666667,0.019067837192070735,0.004074362125224671
9.200000000000001,0.2875,0.018911246869750625,0.004042675488840094
9.200000000000001,0.29583333333333334,0.018755927676003207,0.004011223766997893
9.200000000000001,0.30416666666666664,0.018601869403567547,0.003980005130142428
9.200000000000001,0.3125,0.018449061924798248,0.003949017762346038
9.200000000000001,0.32083333333333336,0.01829749519102173,0.003918259861178412
9.200000000000001,0.32916666666666666,0.018147159231903656,0.0038877296375836473
9.200000000000001,0.3375,0.017998044154829956,0.0038574253157672724
9.200000000000001,0.3458333333333333,0.017850140144299965,0.003827345133091137
9.200000000000001,0.3541666666666667,0.01770343746132721,0.0037974873399729183
9.200000000000001,0.3625,0.017557926442846157,0.003767850199787293
9.200000000000001,0.37083333333333335,0.01741359750112219,0.0037384319887672954
9.200000000000001,0.37916666666666665,0.01727044112316521,0.0037092309959052615
9.200000000000001,0.3875,0.017128447870146432,0.003680245522853566
9.200000000000001,0.3958333333333333,0.016987608376818817,0.0036514738838253507
9.200000000000001,0.4041666666666667,0.0168479133509414,0.0036229144054958427
9.200000000000001,0.4125,0.016709353572708117,0.0035945654269043583
9.200000000000001,0.42083333333333334,0.016571919894180647,0.0035664252993571387
9.200000000000001,0.42916666666666664,0.016435603238725876,0.0035384923863310516
9.200000000000001,0.4375,0.016300394600457242,0.0035107650633781694
9.200000000000001,0.44583333333333336,0.01616628504368061,0.0034832417180310307
9.200000000000001,0.45416666666666666,0.01603326570234392,0.0034559207497086583
9.200000000000001,0.4625,0.0159013277794911,0.0034288005696233087
9.200000000000001,0.4708333333333333,0.015770462546719842,0.0034018796006878302
9.200000000000001,0.4791666666666667,0.01564066134364329,0.0033751562774236854
9.200000000000001,0.4875,0.015511915577355886,0.0033486290458697113
9.200000000000001,0.49583333333333335,0.015384216721902776,0.0033222963634914372
9.200000000000001,0.5041666666666667,0.01525755631775351,0.003296156699091186
9.200000000000001,0.5125,0.01513192597127914,0.003270208532718743
9.200000000000001,0.5208333333333334,0.015007317354233593,0.0032444503555827025
9.200000000000001,0.5291666666666667,0.014883722203238497,0.0032188806699625363
9.200000000000001,0.5375,0.014761132319271916,0.003193497989121245
9.200000000000001,0.5458333333333333,0.014639539567160895,0.00316830083721861
9.200000000000001,0.5541666666666667,0.014518935875077552,0.00314328774922524
9.200000000000001,0.5625,0.01439931323403895,0.003118457270837057
9.200000000000001,0.5708333333333333,0.014280663697410654,0.003093807958390556
9.200000000000001,0.5791666666666667,0.01416297938041368,0.003069338378778617
9.200000000000001,0.5875,0.014046252459635441,0.003045047109366923
9.200000000000001,0.5958333333333333,0.013930475172543895,0.0030209327379110418
9.200000000000001,0.6041666666666666,0.013815639817005312,0.0029969938624740925
9.200000000000001,0.6125,0.013701738750805758,0.002973229091344947
9.200000000000001,0.6208333333333333,0.013588764391175795,0.002949637042957188
9.200000000000001,0.6291666666666667,0.01347670921431873,0.00292621634580845
9.200000000000001,0.6375,0.013365565754942474,0.0029029656383805546
9.200000000000001,0.6458333333333334,0.013255326605794445,0.002879883569060077
9.200000000000001,0.6541666666666667,0.013145984417200158,0.0028569687960595547
9.200000000000001,0.6625,0.013037531896605052,0.0028342199873392857
9.200000000000001,0.6708333333333333,0.012929961808119594,0.0028116358205296627
9.200000000000001,0.6791666666666667,0.012823266972067742,0.0027892149828540563
9.200000000000001,0.6875,0.012717440264538705,0.002766956171052329
9.200000000000001,0.6958333333333333,0.012612474616941873,0.0027448580913048107
9.200000000000001,0.7041666666666667,0.012508363015564967,0.0027229194591569385
9.200000000000001,0.7125,0.012405098501135478,0.002701138999444319
9.200000000000001,0.7208333333333333,0.012302674168385258,0.0026795154462184363
9.200000000000001,0.7291666666666666,0.012201083165618085,0.002658047542672834
9.200000000000001,0.7375,0.012100318694280604,0.0026367340410698653
9.200000000000001,0.7458333333333333,0.01200037400853613,0.0026155737026679563
9.200000000000001,0.7541666666666667,0.011901242414841766,0.002594565297649406
9.200000000000001,0.7625,0.01180291727152826,0.002573707605048684
9.200000000000001,0.7708333333333334,0.011705391988383223,0.002552999412681305
9.200000000000001,0.7791666666666667,0.011608660026237089,0.0025324395170731226
9.200000000000001,0.7875,0.011512714896552118,0.0025120267233902102
9.200000000000001,0.7958333333333333,0.011417550161014466,0.0024917598453692083
9.200000000000001,0.8041666666666667,0.011323159431128991,0.00247163770524821
9.200000000000001,0.8125,0.011229536367817131,0.0024516591336980736
9.200000000000001,0.8208333333333333,0.011136674681017507,0.002431822969754315
9.200000000000001,0.8291666666666667,0.011044568129289587,0.0024121280607493963
9.200000000000001,0.8375,0.010953210519419993,0.002392573262245607
9.200000000000001,0.8458333333333333,0.010862595706031673,0.002373157437968309
9.200000000000001,0.8541666666666666,0.010772717591195953,0.002353879459739744
9.200000000000001,0.8625,0.010683570124047213,0.002334738207413286
9.200000000000001,0.8708333333333333,0.010595147300400492,0.0023157325688081577
9.200000000000001,0.8791666666666667,0.010507443162371516,0.0022968614396446057
9.200000000000001,0.8875,0.010420451797999847,0.0022781237234795588
9.200000000000001,0.8958333333333334,0.010334167340874308,0.0022595183316427413
9.200000000000001,0.9041666666666667,0.010248583969761344,0.0022410441831732047
9.200000000000001,0.9125,0.010163695908235825,0.002222700204756373
9.200000000000001,0.9208333333333333,0.010079497424314642,0.002204485330661469
9.200000000000001,0.9291666666666667,0.009995982830092762,0.0021863985026794293
9.200000000000001,0.9375,0.00991314648138186,0.0021684386700612265
9.200000000000001,0.9458333333333333,0.0098309827773516,0.0021506047894566675
9.200000000000001,0.9541666666666667,0.009749486160173392,0.00213289582485358
9.200000000000001,0.9625,0.009668651114666624,0.002115310747517443
9.200000000000001,0.9708333333333333,0.009588472167947379,0.002097848535931471
9.200000000000001,0.9791666666666666,0.009508943889079762,0.0020805081757370738
9.200000000000001,0.9875,0.009430060888729455,0.0020632886596747557
9.200000000000001,0.9958333333333333,0.009351817818819873,0.0020461889875254473
9.4,0.004166666666666667,0.024796455739344404,0.005094437494635336
9.4,0.0125,0.024598502987543076,0.005059187187709034
9.4,0.020833333333333332,0.024394997716001333,0.005017056262996791
9.4,0.029166666666666667,0.024196549304294095,0.004978664686641724
9.4,0.0375,0.023999879507175633,0.004940744717744839
9.4,0.04583333333333333,0.023804360494626482,0.0049026789490557166
9.4,0.05416666666666667,0.02361028380098571,0.004864769256728946
9.4,0.0625,0.02341780864520846,0.0048271851211972965
9.4,0.07083333333333333,0.023226926516639053,0.004789928213559101
9.4,0.07916666666666666,0.023037590873226918,0.004752962094404794
9.4,0.0875,0.022849771757549577,0.004716266830446667
9.4,0.09583333333333334,0.022663455881303727,0.0046798390796120816
9.4,0.10416666666666667,0.02247863527847059,0.00464368074480625
9.4,0.1125,0.022295300979096253,0.004607792648285871
9.4,0.12083333333333333,0.022113441983784028,0.004572173506739703
9.4,0.12916666666666668,0.021933046253263092,0.004536820921441643
9.4,0.1375,0.02175410166207798,0.004501732332520139
9.4,0.14583333333333334,0.02157659639311946,0.004466905414064477
9.4,0.15416666666666667,0.02140051894449159,0.004432338081563549
9.4,0.1625,0.02122585801165495,0.004398028374616102
9.4,0.17083333333333334,0.021052602390806578,0.004363974360873859
9.4,0.17916666666666667,0.02088074093814526,0.004330174095865784
9.4,0.1875,0.02071026256802844,0.004296625621709793
9.4,0.19583333333333333,0.020541156265279727,0.004263326979971354
9.4,0.20416666666666666,0.020373411096440624,0.004230276223461753
9.4,0.2125,0.02020701621515463,0.004197471422165274
9.4,0.22083333333333333,0.02004196086265115,0.004164910664261691
9.4,0.22916666666666666,0.019878234365873545,0.004132592054789322
9.4,0.2375,0.019715826135229663,0.004100513713926662
9.4,0.24583333333333332,0.019554725662876984,0.004068673775804405
9.4,0.25416666666666665,0.019394922521669886,0.0040370703879760335
9.4,0.2625,0.0192364063645483,0.0040057017113258675
9.4,0.2708333333333333,0.019079166924103226,0.0039745659201504465
9.4,0.2791666666666667,0.01892319401214478,0.003943661202237952
9.4,0.2875,0.01876847751920152,0.003912985758875966
9.4,0.29583333333333334,0.01861500741395052,0.0038825378047858965
9.4,0.30416666666666664,0.018462773742605618,0.0038523155680118314
9.4,0.3125,0.018311766628292255,0.003822317289792618
9.4,0.32083333333333336,0.018161976270428124,0.0037925412244357234
9.4,0.32916666666666666,0.01801339294411692,0.0037629856392008523
9.4,0.3375,0.01786600699955527,0.0037336488141933464
9.4,0.3458333333333333,0.017719808861450453,0.003704529042264274
9.4,0.3541666666666667,0.01757478902844438,0.003675624628913918
9.4,0.3625,0.017430938072542496,0.0036469338921960685
9.4,0.37083333333333335,0.017288246638545408,0.0036184551626221016
9.4,0.37916666666666665,0.017146705443483772,0.0035901867830645737
9.4,0.3875,0.01700630527605643,0.003562127108660717
9.4,0.3958333333333333,0.01686703699607214,0.0035342745067160836
9.4,0.4041666666666667,0.016728891533895108,0.0035066273566088813
9.4,0.4125,0.016591859889895005,0.0034791840496950733
9.4,0.42083333333333334,0.016455933133900744,0.003451942989214284
9.4,0.42916666666666664,0.01632110240465877,0.003424902590196578
9.4,0.4375,0.01618735890929497,0.003398061279370027
9.4,0.44583333333333336,0.016054693922780944,0.0033714174950689566
9.4,0.45416666666666666,0.015923098787403858,0.0033449696871428814
9.4,0.4625,0.015792564912240344,0.003318716316866159
9.4,0.4708333333333333,0.015663083772634125,0.0032926558568482167
9.4,0.4791666666666667,0.015534646909677359,0.0032667867909444387
9.4,0.4875,0.015407245929696,0.0032411076141677588
9.4,0.49583333333333335,0.015280872503738507,0.0032156168326008044
9.4,0.5041666666666667,0.01515551836706869,0.003190312963308792
9.4,0.5125,0.015031175318661832,0.003165194534252983
9.4,0.5208333333333334,0.014907835220704865,0.0031402600842047974
9.4,0.5291666666666667,0.01478548999809988,0.0031155081626606154
9.4,0.5375,0.014664131637971341,0.0030909373297571597
9.4,0.5458333333333333,0.014543752189176952,0.003066546156187446
9.4,0.5541666666666667,0.01442434376182197,0.0030423332231175088
9.4,0.5625,0.014305898526776998,0.003018297122103551
9.4,0.5708333333333333,0.0141884087151995,0.0029944364550098467
9.4,0.5791666666666667,0.014071866618058359,0.0029707498339271747
9.4,0.5875,0.013956264585662424,0.002947235881091842
9.4,0.5958333333333333,0.013841595027192004,0.002923893228805349
9.4,0.6041666666666666,0.013727850410233855,0.0029007205193546264
9.4,0.6125,0.01361502326031978,0.002877716404932781
9.4,0.6208333333333333,0.013503106160468212,0.0028548795475605826
9.4,0.6291666666666667,0.01339209175072926,0.002832208619008326
9.4,0.6375,0.013281972727733182,0.002809702300718446
9.4,0.6458333333333334,0.013172741844241767,0.0027873592837285633
9.4,0.6541666666666667,0.013064391908703265,0.002765178268595157
9.4,0.6625,0.01295691578481039,0.0027431579653177923
9.4,0.6708333333333333,0.012850306391061462,0.0027212970932638824
9.4,0.6791666666666667,0.01274455670032474,0.0026995943810939737
9.4,0.6875,0.012639659739405992,0.0026780485666876488
9.4,0.6958333333333333,0.01253560858861898,0.0026566583970698745
9.4,0.7041666666666667,0.012432396381359118,0.0026354226283379846
9.4,0.7125,0.012330016303680228,0.0026143400255890844
9.4,0.7208333333333333,0.012228461593874312,0.002593409362848079
9.4,0.7291666666666666,0.012127725542054199,0.0025726294229961514
9.4,0.7375,0.012027801489739396,0.002551998997699806
9.4,0.7458333333333333,0.01192868282944468,0.002531516887340396
9.4,0.7541666666666667,0.01183036300427187,0.002511181900944179
9.4,0.7625,0.01173283550750419,0.002490992856112847
9.4,0.7708333333333334,0.011636093882203904,0.002470948578954625
9.4,0.7791666666666667,0.01154013172081251,0.002451047904015777
9.4,0.7875,0.011444942664753889,0.0024312896742126632
9.4,0.7958333333333333,0.011350520404040361,0.0024116727407642725
9.4,0.8041666666666667,0.011256858676881362,0.0023921959631252585
9.4,0.8125,0.011163951269295092,0.0023728582089193964
9.4,0.8208333333333333,0.011071792014722706,0.0023536583538736108
9.4,0.8291666666666667,0.010980374793645498,0.00233459528175236
9.4,0.8375,0.01088969353320459,0.0023156678842926313
9.4,0.8458333333333333,0.010799742206823311,0.0022968750611392632
9.4,0.8541666666666666,0.010710514833832448,0.0022782157197808175
9.4,0.8625,0.01062200547909786,0.0022596887754858896
9.4,0.8708333333333333,0.010534208252651035,0.0022412931512398567
9.4,0.8791666666666667,0.010447117309321829,0.002223027777682085
9.4,0.8875,0.010360726848374323,0.0022048915930435965
9.4,0.8958333333333334,0.010275031113144753,0.002186883543085177
9.4,0.9041666666666667,0.010190024390682305,0.0021690025810358845
9.4,0.9125,0.010105701011392212,0.0021512476675320715
9.4,0.9208333333333333,0.01002205534868156,0.002133617770556759
9.4,0.9291666666666667,0.009939081818607415,0.0021161118653794954
9.4,0.9375,0.009856774879527437,0.0020987289344966036
9.4,0.9458333333333333,0.009775129031752986,0.0020814679675718946
9.4,0.9541666666666667,0.009694138817204654,0.0020643279613777486
9.4,0.9625,0.009613798819070145,0.0020473079197366414
9.4,0.9708333333333333,0.009534103661464479,0.0020304068534630917
9.4,0.9791666666666666,0.009455048009092786,0.002013623780305988
9.4,0.9875,0.009376626566915156,0.0019969577248913324
9.4,0.9958333333333333,0.009298834079814005,0.001980407718665412
9.6,0.004166666666666667,0.024518519633523018,0.004931678234125458
9.6,0.0125,0.024323654038066588,0.00489746591492994
9.6,0.020833333333333332,0.024123531843181768,0.0048566975479617846
9.6,0.029166666666666667,0.02392833317727634,0.004819563547603495
9.6,0.0375,0.02373482270295421,0.004782838783263382
9.6,0.04583333333333333,0.023542437028867616,0.004745969991845303
9.6,0.05416666666666667,0.023351472711872382,0.004709263780502621
9.6,0.0625,0.023162077158993054,0.004672877529194119
9.6,0.07083333333333333,0.022974236209667855,0.0046368069735184345
9.6,0.07916666666666666,0.02278790394460209,0.004601016014153352
9.6,0.0875,0.022603052557580425,0.004565486589250131
9.6,0.09583333333333334,0.02241967009633469,0.004530216415878852
9.6,0.10416666666666667,0.022237749018721734,0.004495207546779249
9.6,0.1125,0.022057280431980273,0.004460460610186769
9.6,0.12083333333333333,0.021878253455796432,0.004425974173462217
9.6,0.12916666666666668,0.02170065630863228,0.0043917458299810265
9.6,0.1375,0.021524477210966564,0.004357773102930339
9.6,0.14583333333333334,0.021349704711329544,0.004324053771895965
9.6,0.15416666666666667,0.021176327656726696,0.004290585843834592
9.6,0.1625,0.02100433506883968,0.004257367429818836
9.6,0.17083333333333334,0.020833716055232158,0.004224396656783544
9.6,0.17916666666666667,0.020664459777413203,0.004191671636125555
9.6,0.1875,0.02049655545381591,0.00415919046721471
9.6,0.19583333333333333,0.02032999237313076,0.00412695125125614
9.6,0.20416666666666666,0.020164759904666027,0.0040949521021751475
9.6,0.2125,0.020000847502516662,0.004063191151307306
9.6,0.22083333333333333,0.01983824470526138,0.004031666547612487
9.6,0.22916666666666666,0.019676941133831886,0.0040003764560576065
9.6,0.2375,0.019516926489341495,0.0039693190559549375
9.6,0.24583333333333332,0.019358190551564573,0.003938492539947462
9.6,0.25416666666666665,0.019200723178056885,0.0039078951136314296
9.6,0.2625,0.019044514303647637,0.0038775249955470856
9.6,0.2708333333333333,0.018889553940047092,0.0038473804172814833
9.6,0.2791666666666667,0.018735832175422833,0.003817459623535709
9.6,0.2875,0.01858333917389832,0.003787760872111639
9.6,0.29583333333333334,0.01843206517498737,0.003758282433830647
9.6,0.30416666666666664,0.018282000492996057,0.003729022592416131
9.6,0.3125,0.018133135516418646,0.0036999796443669655
9.6,0.32083333333333336,0.017985460707343404,0.003671151898836928
9.6,0.32916666666666666,0.017838966600872423,0.003642537677524925
9.6,0.3375,0.017693643804553648,0.0036141353145742604
9.6,0.3458333333333333,0.017549482997822396,0.00358594315647733
9.6,0.3541666666666667,0.017406474931447636,0.0035579595619825537
9.6,0.3625,0.017264610426982546,0.0035301829020014846
9.6,0.37083333333333335,0.017123880376217347,0.0035026115595154445
9.6,0.37916666666666665,0.01698427574063521,0.0034752439294817093
9.6,0.3875,0.01684578755087152,0.003448078418739746
9.6,0.3958333333333333,0.016708406906176608,0.003421113445917739
9.6,0.4041666666666667,0.016572124973882267,0.0033943474413398915
9.6,0.4125,0.01643693298887264,0.0033677788469345426
9.6,0.42083333333333334,0.01630282225305871,0.0033414061161430495
9.6,0.42916666666666664,0.016169784134857045,0.003315227713829512
9.6,0.4375,0.01603781006867212,0.0032892421161912536
9.6,0.44583333333333336,0.015906891554382584,0.003263447810669915
9.6,0.45416666666666666,0.015777020156831145,0.003237843295863229
9.6,0.4625,0.015648187505318205,0.0032124270814374656
9.6,0.4708333333333333,0.015520385293099091,0.003187197688040445
9.6,0.4791666666666667,0.015393605276884876,0.0031621536472151938
9.6,0.4875,0.015267839276346947,0.0031372935013142763
9.6,0.49583333333333335,0.01514307917362491,0.0031126158034146777
9.6,0.5041666666666667,0.015019316912838379,0.0030881191172334012
9.6,0.5125,0.014896544499601917,0.003063802017043623
9.6,0.5208333333333334,0.014774754000543854,0.00303966308759148
9.6,0.5291666666666667,0.014653937542828259,0.003015700924013517
9.6,0.5375,0.014534087313680558,0.002991914131754704
9.6,0.5458333333333333,0.014415195559916529,0.002968301326487006
9.6,0.5541666666666667,0.014297254587474651,0.002944861134028693
9.6,0.5625,0.014180256760951795,0.002921592190264074
9.6,0.5708333333333333,0.014064194503142443,0.002898493141063943
9.6,0.5791666666666667,0.013949060294580824,0.002875562642206561
9.6,0.5875,0.013834846673086907,0.0028527993592992002
9.6,0.5958333333333333,0.01372154623331514,0.0028302019677002997
9.6,0.6041666666666666,0.01360915162630661,0.0028077691524421907
9.6,0.6125,0.013497655559044598,0.0027854996081543124
9.6,0.6208333333333333,0.01338705079401302,0.0027633920389871346
9.6,0.6291666666666667,0.013277330148758162,0.002741445158536459
9.6,0.6375,0.013168486495453737,0.0027196576897684384
9.6,0.6458333333333334,0.013060512760468657,0.0026980283649450194
9.6,0.6541666666666667,0.012953401923938263,0.002676555925549995
9.6,0.6625,0.012847147019338439,0.0026552391222155847
9.6,0.6708333333333333,0.012741741133062782,0.002634076714649544
9.6,0.6791666666666667,0.012637177404002789,0.0026130674715627708
9.6,0.6875,0.012533449023131154,0.002592210170597525
9.6,0.6958333333333333,0.01243054923308787,0.0025715035982560594
9.6,0.7041666666666667,0.012328471327769305,0.002550946549829885
9.6,0.7125,0.012227208651920346,0.0025305378293294283
9.6,0.7208333333333333,0.012126754600729305,0.0025102762494143087
9.6,0.7291666666666666,0.012027102619425672,0.002490160631324042
9.6,0.7375,0.011928246202880908,0.002470189804809295
9.6,0.7458333333333333,0.011830178895211832,0.0024503626080636036
9.6,0.7541666666666667,0.01173289428938707,0.0024306778876556096
9.6,0.7625,0.011636386026836002,0.0024111344984617607
9.6,0.7708333333333334,0.01154064779706079,0.002391731303599551
9.6,0.7791666666666667,0.011445673337250916,0.0023724671743611554
9.6,0.7875,0.01135145643190048,0.0023533409901476156
9.6,0.7958333333333333,0.01125799091242835,0.002334351638403466
9.6,0.8041666666666667,0.011165270656800756,0.002315498014551864
9.6,0.8125,0.011073289589156775,0.002296779021930112
9.6,0.8208333333333333,0.01098204167943621,0.0022781935717257474
9.6,0.8291666666666667,0.010891520943010335,0.002259740582912976
9.6,0.8375,0.010801721440315104,0.002241418982189681
9.6,0.8458333333333333,0.010712637276486813,0.002223227703914772
9.6,0.8541666666666666,0.010624262601000637,0.0022051656900460535
9.6,0.8625,0.010536591607311328,0.0021872318900785248
9.6,0.8708333333333333,0.010449618532496768,0.0021694252609830884
9.6,0.8791666666666667,0.010363337656903634,0.0021517447671457295
9.6,0.8875,0.010277743303796015,0.0021341893803071155
9.6,0.8958333333333334,0.010192829839005978,0.002116758079502642
9.6,0.9041666666666667,0.010108591670586978,0.0020994498510028547
9.6,0.9125,0.010025023248469338,0.0020822636882543736
9.6,0.9208333333333333,0.00994211906411846,0.0020651985918211588
9.6,0.9291666666666667,0.00985987365019513,0.0020482535693262497
9.6,0.9375,0.009778281580218283,0.0020314276353938666
9.6,0.9458333333333333,0.009697337468230099,0.0020147198115919827
9.6,0.9541666666666667,0.009617035968463505,0.0019981291263752405
9.6,0.9625,0.009537371775011792,0.001981654615028297
9.6,0.9708333333333333,0.009458339621500585,0.001965295319609593
9.6,0.9791666666666666,0.009379934280762198,0.0019490502888954708
9.6,0.9875,0.009302150564512026,0.0019329185783247124
9.6,0.9958333333333333,0.009224983323027267,0.001916899249943478
9.8,0.004166666666666667,0.02418749950455297,0.0047744825982582745
9.8,0.0125,0.02399612931067558,0.004741277975096514
9.8,0.020833333333333332,0.02379977960481808,0.004701825855006556
9.8,0.029166666666666667,0.023608218219580757,0.004665904043937396
9.8,0.0375,0.02341825641692457,0.004630333701055169
9.8,0.04583333333333333,0.02322939184204057,0.0045946222932049825
9.8,0.05416666666666667,0.02304192423967466,0.0045590793118097704
9.8,0.0625,0.022855989454741456,0.004523850274051007
9.8,0.07083333333333333,0.022671568336768498,0.0044889256278783625
9.8,0.07916666666666666,0.022488615871083632,0.004454269883759065
9.8,0.0875,0.022307106363612002,0.004419866800032977
9.8,0.09583333333333334,0.02212702908543572,0.00438571502802623
9.8,0.10416666666666667,0.02194837686118258,0.004351816700989136
9.8,0.1125,0.021771140880542324,0.004318172246158481
9.8,0.12083333333333333,0.021595310413385947,0.004284780100417728
9.8,0.12916666666666668,0.021420873964466205,0.004251637865535341
9.8,0.1375,0.021247820117381355,0.004218743152662066
9.8,0.14583333333333334,0.021076137795191803,0.004186093843477217
9.8,0.15416666666666667,0.020905816200070128,0.004153688030364794
9.8,0.1625,0.02073684468715235,0.004121523890786627
9.8,0.17083333333333334,0.020569212684511905,0.004089599607774872
9.8,0.17916666666666667,0.02040290966946701,0.004057913346753746
9.8,0.1875,0.020237925175511606,0.004026463262981303
9.8,0.19583333333333333,0.020074248806095804,0.003995247515837216
9.8,0.20416666666666666,0.019911870243904086,0.003964264278604081
9.8,0.2125,0.01975077925386457,0.003933511741976811
9.8,0.22083333333333333,0.019590965682192762,0.003902988113602243
9.8,0.22916666666666666,0.01943241945410969,0.003872691616289965
9.8,0.2375,0.019275130571798825,0.003842620486458238
9.8,0.24583333333333332,0.01911908911308399,0.0038127729732973323
9.8,0.25416666666666665,0.01896428523070443,0.0037831473385264267
9.8,0.2625,0.018810709151889256,0.0037537418564466043
9.8,0.2708333333333333,0.018658351177992992,0.0037245548140514783
9.8,0.2791666666666667,0.018507201684074038,0.003695584511076915
9.8,0.2875,0.018357251118392617,0.0036668292599672764
9.8,0.29583333333333334,0.018208490001851867,0.003638287385781344
9.8,0.30416666666666664,0.018060908927415777,0.003609957226071438
9.8,0.3125,0.01791449855952761,0.0035818371307601046
9.8,0.32083333333333336,0.017769249633540915,0.003553925462025713
9.8,0.32916666666666666,0.017625152955164716,0.003526220594199074
9.8,0.3375,0.017482199399919574,0.0034987209136680144
9.8,0.3458333333333333,0.017340379912601792,0.003471424818786078
9.8,0.3541666666666667,0.01719968550675116,0.0034443307197824895
9.8,0.3625,0.017060107264122413,0.003417437038671837
9.8,0.37083333333333335,0.01692163633415869,0.0033907422091631542
9.8,0.37916666666666665,0.01678426393346806,0.003364244676568674
9.8,0.3875,0.016647981345303358,0.0033379428977127813
9.8,0.3958333333333333,0.016512779919045494,0.0033118353408413937
9.8,0.4041666666666667,0.016378651069690504,0.0032859204855321613
9.8,0.4125,0.016245586277340816,0.003260196822605506
9.8,0.42083333333333334,0.016113577086699873,0.0032346628540363817
9.8,0.42916666666666664,0.015982615106570952,0.0032093170928668485
9.8,0.4375,0.015852692009359282,0.0031841580631193434
9.8,0.44583333333333336,0.015723799530577974,0.00315918429971054
9.8,0.45416666666666666,0.015595929468357382,0.0031343943483658557
9.8,0.4625,0.015469073682958077,0.003109786765534596
9.8,0.4708333333333333,0.015343224096287255,0.003085360118305673
9.8,0.4791666666666667,0.01521837269141856,0.0030611129843239326
9.8,0.4875,0.015094511512115556,0.0030370439517071407
9.8,0.49583333333333335,0.014971632662358333,0.0030131516189635175
9.8,0.5041666666666667,0.014849728305873854,0.00298943459490995
9.8,0.5125,0.014728790665669381,0.002965891498590757
9.8,0.5208333333333334,0.014608812023569518,0.002942520959197061
9.8,0.5291666666666667,0.014489784719756305,0.002919321615986796
9.8,0.5375,0.014371701152312871,0.0028962921182052793
9.8,0.5458333333333333,0.01425455377677019,0.0028734311250063036
9.8,0.5541666666666667,0.014138335105657176,0.002850737305373959
9.8,0.5625,0.014023037708053894,0.0028282093380448585
9.8,0.5708333333333333,0.013908654209148205,0.002805845911431053
9.8,0.5791666666666667,0.01379517728979515,0.0027836457235434677
9.8,0.5875,0.013682599686080063,0.0027616074819158914
9.8,0.5958333333333333,0.013570914188884285,0.002739729903529542
9.8,0.6041666666666666,0.013460113643454232,0.0027180117147381977
9.8,0.6125,0.013350190948973576,0.002696451651193799
9.8,0.6208333333333333,0.01324113905813833,0.0026750484577727357
9.8,0.6291666666666667,0.013132950976734975,0.0026538008885024986
9.8,0.6375,0.013025619763221858,0.002632707706489032
9.8,0.6458333333333334,0.012919138528313124,0.002611767683844487
9.8,0.6541666666666667,0.012813500434565988,0.002590979601615583
9.8,0.6625,0.012708698695970756,0.0025703422497124653
9.8,0.6708333333333333,0.012604726577543789,0.002549854426838079
9.8,0.6791666666666667,0.012501577394923321,0.002529514940418028
9.8,0.6875,0.012399244513968307,0.0025093226065310247
9.8,0.6958333333333333,0.012297721350359905,0.0024892762498397447
9.8,0.7041666666666667,0.012197001369205844,0.0024693747035222837
9.8,0.7125,0.012097078084647684,0.0024496168092040093
9.8,0.7208333333333333,0.01199794505947077,0.0024300014168899993
9.8,0.7291666666666666,0.01189959590471689,0.002410527384897908
9.8,0.7375,0.01180202427929982,0.002391193579791354
9.8,0.7458333333333333,0.011705223889623414,0.002371998876313765
9.8,0.7541666666666667,0.011609188489202532,0.00235294215732272
9.8,0.7625,0.01151391187828647,0.0023340223137247413
9.8,0.7708333333333334,0.011419387903485246,0.0023152382444106157
9.8,0.7791666666666667,0.011325610457398326,0.0022965888561910924
9.8,0.7875,0.011232573478246011,0.0022780730637331163
9.8,0.7958333333333333,0.011140270949503508,0.0022596897894964847
9.8,0.8041666666666667,0.011048696899537382,0.0022414379636710004
9.8,0.8125,0.010957845401244778,0.002223316524114
9.8,0.8208333333333333,0.010867710571694883,0.0022053244162884306
9.8,0.8291666666666667,0.010778286571773184,0.002187460593201261
9.8,0.8375,0.010689567605828053,0.002169724015342453
9.8,0.8458333333333333,0.010601547921319695,0.002152113650624261
9.8,0.8541666666666666,0.01051422180847186,0.0021346284743210286
9.8,0.8625,0.010427583599925596,0.0021172674690094185
9.8,0.8708333333333333,0.010341627670395764,0.0021000296245090202
9.8,0.8791666666666667,0.010256348436329521,0.0020829139378234283
9.8,0.8875,0.01017174035556773,0.0020659194130817197
9.8,0.8958333333333334,0.010087797927008101,0.0020490450614803696
9.8,0.9041666666666667,0.010004515690271165,0.002032289901225524
9.8,0.9125,0.00992188822536818,0.002015652957475768
9.8,0.9208333333333333,0.009839910152371668,0.001999133262285217
9.8,0.9291666666666667,0.009758576131087934,0.0019827298545470715
9.8,0.9375,0.009677880860731977,0.0019664417799375245
9.8,0.9458333333333333,0.009597819079604573,0.0019502680908601167
9.8,0.9541666666666667,0.009518385564771735,0.0019342078463904365
9.8,0.9625,0.009439575131746156,0.0019182601122212273
9.8,0.9708333333333333,0.009361382634170877,0.0019024239606079086
9.8,0.9791666666666666,0.009283802963505318,0.0018866984703144378
9.8,0.9875,0.009206831048713155,0.001871082726559571
9.8,0.9958333333333333,0.009130461855952511,0.0018555758209635221
10.0,0.004166666666666667,0.02380729260105611,0.004622638961739541
10.0,0.0125,0.02361977195704067,0.00459041256876808
10.0,0.020833333333333332,0.02342753151470423,0.004552232045838474
10.0,0.029166666666666667,0.023239943158858682,0.004517478931350663
10.0,0.0375,0.02305386793815581,0.004483023854369576
10.0,0.04583333333333333,0.02286886120730263,0.004448431677408993
10.0,0.05416666666666667,0.022685224250257575,0.004414013120178373
10.0,0.0625,0.022503081653675393,0.004379902133571492
10.0,0.07083333333333333,0.022322409896823173,0.004346084490125
10.0,0.07916666666666666,0.022143165104626807,0.004312525537603863
10.0,0.0875,0.021965323637435388,0.004279210789301
10.0,0.09583333333333334,0.02178887587876407,0.00424613971231133
10.0,0.10416666666666667,0.021613814968483643,0.004213314461247991
10.0,0.1125,0.0214401321847675,0.004180735260713019
10.0,0.12083333333333333,0.02126781697445712,0.004148400436181548
10.0,0.12916666666666668,0.021096858150681574,0.004116307612137183
10.0,0.1375,0.02092724467113538,0.004084454490861545
10.0,0.14583333333333334,0.020758965837204064,0.004052839052067885
10.0,0.15416666666666667,0.020592011208278728,0.0040214594677202824
10.0,0.1625,0.020426370476310716,0.0039903139770888435
10.0,0.17083333333333334,0.0202620333951101,0.003959400816545609
10.0,0.17916666666666667,0.02009898976421349,0.003928718203925762
10.0,0.1875,0.019937229438939694,0.003898264349073219
10.0,0.19583333333333333,0.019776742344132237,0.0038680374680698823
10.0,0.20416666666666666,0.019617518482237327,0.0038380357917961972
10.0,0.2125,0.01945954793523977,0.0038082575683468134
10.0,0.22083333333333333,0.01930282086318499,0.0037787010620282595
10.0,0.22916666666666666,0.01914732750183833,0.0037493645514909513
10.0,0.2375,0.018993058160805532,0.0037202463283187333
10.0,0.24583333333333332,0.018840003222404436,0.0036913446963662924
10.0,0.25416666666666665,0.01868815314107425,0.0036626579716306797
10.0,0.2625,0.01853749844301298,0.00363418448234786
10.0,0.2708333333333333,0.018388029725829255,0.0036059225691003442
10.0,0.2791666666666667,0.018239737658119388,0.0035778705848463726
10.0,0.2875,0.018092612978965392,0.0035500268948672575
10.0,0.29583333333333334,0.017946646497385237,0.003522389876663612
10.0,0.30416666666666664,0.017801829091768633,0.00349495791983367
10.0,0.3125,0.017658151709318635,0.0034677294259545448
10.0,0.32083333333333336,0.017515605365507437,0.003440702808474262
10.0,0.32916666666666666,0.017374181143545813,0.0034138764926143644
10.0,0.3375,0.017233870193862053,0.0033872489152792073
10.0,0.3458333333333333,0.017094663733587586,0.0033608185249681313
10.0,0.3541666666666667,0.01695655304604525,0.0033345837816881256
10.0,0.3625,0.016819529480240906,0.003308543156865904
10.0,0.37083333333333335,0.01668358445035675,0.003282695133259384
10.0,0.37916666666666665,0.016548709435247912,0.0032570382048689893
10.0,0.3875,0.01641489597794224,0.0032315708768492894
10.0,0.3958333333333333,0.016282135685143535,0.0032062916654211873
10.0,0.4041666666666667,0.01615042022673852,0.0031811990977849577
10.0,0.4125,0.016019741335307747,0.003156291712034096
10.0,0.42083333333333334,0.015890090805639825,0.0031315680570698696
10.0,0.42916666666666664,0.015761460494249542,0.0031070266925166366
10.0,0.4375,0.015633842318899218,0.003082666188637802
10.0,0.44583333333333336,0.015507228258123658,0.003058485126252347
10.0,0.45416666666666666,0.015381610350758407,0.0030344820966519805
10.0,0.4625,0.015256980695471408,0.003010655701518903
10.0,0.4708333333333333,0.015133331450298071,0.0029870045528441274
10.0,0.4791666666666667,0.015010654832179504,0.002963527272846409
10.0,0.4875,0.014888943116504317,0.002940222493891794
10.0,0.49583333333333335,0.014768188636653386,0.002917088858413718
10.0,0.5041666666666667,0.014648383783548219,0.0028941250188337536
10.0,0.5125,0.014529521005202328,0.002871329637482897
10.0,0.5208333333333334,0.014411592806275948,0.0028487013865234416
10.0,0.5291666666666667,0.014294591747633782,0.002826238947871464
10.0,0.5375,0.014178510445906121,0.00280394101311986
10.0,0.5458333333333333,0.01406334157305296,0.002781806283461893
10.0,0.5541666666666667,0.013949077855931248,0.0027598334696154257
10.0,0.5625,0.013835712075865205,0.0027380212917475677
10.0,0.5708333333333333,0.013723237068219905,0.0027163684793999818
10.0,0.5791666666666667,0.01361164572197743,0.002694873771414692
10.0,0.5875,0.01350093097931671,0.002673535915860432
10.0,0.5958333333333333,0.013391085835195719,0.002652353669959552
10.0,0.6041666666666666,0.01328210333693699,0.0026313258000154717
10.0,0.6125,0.013173976583816084,0.0026104510813405924
10.0,0.6208333333333333,0.01306669872665284,0.002589728298184872
10.0,0.6291666666666667,0.012960262967405507,0.0025691562436647507
10.0,0.6375,0.012854662558768076,0.0025487337196927586
10.0,0.6458333333333334,0.01274989080376998,0.002528459536907512
10.0,0.6541666666666667,0.012645941055379018,0.002508332514604296
10.0,0.6625,0.012542806716106936,0.002488351480666137
10.0,0.6708333333333333,0.012440481237617795,0.0024685152714953576
10.0,0.6791666666666667,0.012338958120339095,0.002448822731945624
10.0,0.6875,0.012238230913075774,0.00242927271525455
10.0,0.6958333333333333,0.012138293212626763,0.0024098640829766926
10.0,0.7041666666666667,0.012039138663404298,0.002390595704917151
10.0,0.7125,0.011940760957055993,0.00237146645906552
10.0,0.7208333333333333,0.011843153832089507,0.002352475231530439
10.0,0.7291666666666666,0.011746311073499792,0.00233362091647453
10.0,0.7375,0.011650226512399102,0.0023149024160498645
10.0,0.7458333333333333,0.011554894025649467,0.0022963186403338566
10.0,0.7541666666666667,0.011460307535497857,0.0022778685072656437
10.0,0.7625,0.011366461009213766,0.0022595509425829136
10.0,0.7708333333333334,0.011273348458729498,0.0022413648797592204
10.0,0.7791666666666667,0.011180963940282843,0.00222330925994169
10.0,0.7875,0.011089301554062255,0.0022053830318892287
10.0,0.7958333333333333,0.010998355443854631,0.002187585151911155
10.0,0.8041666666666667,0.010908119796695362,0.0021699145838062935
10.0,0.8125,0.010818588842521024,0.002152370298802456
10.0,0.8208333333333333,0.010729756853824247,0.0021349512754964346
10.0,0.8291666666666667,0.010641618145311244,0.0021176564997943278
10.0,0.8375,0.010554167073561539,0.002100484964852414
10.0,0.8458333333333333,0.010467398036690032,0.002083435671018329
10.0,0.8541666666666666,0.010381305474011634,0.0020665076257727405
10.0,0.8625,0.01029588386570792,0.002049699843671431
10.0,0.8708333333333333,0.01021112773249639,0.0020330113462877527
10.0,0.8791666666666667,0.01012703163530162,0.002016441162155541
10.0,0.8875,0.010043590174929243,0.0019999883267124052
10.0,0.8958333333333334,0.009960797991741549,0.001983651882243453
10.0,0.9041666666666667,0.009878649765335843,0.0019674308778253563
10.0,0.9125,0.009797140214224601,0.0019513243692709029
10.0,0.9208333333333333,0.009716264095518224,0.001935331419073852
10.0,0.9291666666666667,0.00963601620460957,0.0019194510963542477
10.0,0.9375,0.00955639137486094,0.0019036824768040696
10.0,0.9458333333333333,0.009477384477292988,0.0018880246426333173
10.0,0.9541666666666667,0.009398990420276,0.0018724766825164326
10.0,0.9625,0.009321204149223042,0.0018570376915391122
10.0,0.9708333333333333,0.009244020646285265,0.0018417067711455253
10.0,0.9791666666666666,0.009167434930049432,0.0018264830290858531
10.0,0.9875,0.00909144205523725,0.001811365579364233
10.0,0.9958333333333333,0.009016037112406918,0.0017963535421870664
10.200000000000001,0.004166666666666667,0.023382656371545747,0.004475944912545729
10.200000000000001,0.0125,0.02319928320142403,0.00444466809631989
10.200000000000001,0.020833333333333332,0.02301143394995469,0.0044077161222219685
10.200000000000001,0.029166666666666667,0.022828100308159193,0.004374090012260145
10.200000000000001,0.0375,0.02264619583934313,0.004340712590436799
10.200000000000001,0.04583333333333333,0.02246533036585753,0.0043072028700555974
10.200000000000001,0.05416666666666667,0.022285805235198002,0.004273871320348908
10.200000000000001,0.0625,0.022107734123238663,0.004240840670233553
10.200000000000001,0.07083333333333333,0.021931089717814316,0.004208092592413615
10.200000000000001,0.07916666666666666,0.02175582947594189,0.004175593461118904
10.200000000000001,0.0875,0.021581931739720596,0.004143330468518634
10.200000000000001,0.09583333333333334,0.021409387897195015,0.00411130378609402
10.200000000000001,0.10416666666666667,0.021238191357258032,0.0040795155400464205
10.200000000000001,0.1125,0.021068333492934976,0.004047965755083883
10.200000000000001,0.12083333333333333,0.020899803950562363,0.004016652664097535
10.200000000000001,0.12916666666666668,0.020732591867794737,0.003985573926663345
10.200000000000001,0.1375,0.020566686581924138,0.003954727337852509
10.200000000000001,0.14583333333333334,0.02040207777205497,0.003924110970893825
10.200000000000001,0.15416666666666667,0.020238755353202582,0.0038937230717563153
10.200000000000001,0.1625,0.020076709354087154,0.0038635619374233795
10.200000000000001,0.17083333333333334,0.01991592985598558,0.003833625855221988
10.200000000000001,0.17916666666666667,0.0197564069833928,0.003803913093957291
10.200000000000001,0.1875,0.019598130916433157,0.0037744219167941398
10.200000000000001,0.19583333333333333,0.019441091904171055,0.0037451505950346154
10.200000000000001,0.20416666666666666,0.019285280271432215,0.0037160974154024132
10.200000000000001,0.2125,0.01913068641977318,0.0036872606814726053
10.200000000000001,0.22083333333333333,0.018977300825606717,0.003658638712253445
10.200000000000001,0.22916666666666666,0.01882511403787887,0.0036302298403169523
10.200000000000001,0.2375,0.01867411667637501,0.003602032410555024
10.200000000000001,0.24583333333333332,0.01852429943077415,0.0035740447796806375
10.200000000000001,0.25416666666666665,0.018375653060171172,0.0035462653161935746
10.200000000000001,0.2625,0.018228168392759852,0.0035186924005040196
10.200000000000001,0.2708333333333333,0.018081836325492043,0.003491324425029077
10.200000000000001,0.2791666666666667,0.017936647823651248,0.003464159794200221
10.200000000000001,0.2875,0.017792593920352335,0.0034371969243941094
10.200000000000001,0.29583333333333334,0.01764966571600312,0.0034104342438221694
10.200000000000001,0.30416666666666664,0.017507854377759445,0.0033838701924102693
10.200000000000001,0.3125,0.017367151138990004,0.0033575032216854738
10.200000000000001,0.32083333333333336,0.017227547298756193,0.003331331794674473
10.200000000000001,0.32916666666666666,0.01708903422130447,0.0033053543858116625
10.200000000000001,0.3375,0.016951603335566827,0.003279569480852577
10.200000000000001,0.3458333333333333,0.016815246134666655,0.0032539755767890892
10.200000000000001,0.3541666666666667,0.01667995417542658,0.0032285711817645144
10.200000000000001,0.3625,0.0165457190778793,0.0032033548149879624
10.200000000000001,0.37083333333333335,0.01641253252478014,0.0031783250066481803
10.200000000000001,0.37916666666666665,0.016280386261122885,0.0031534802978273988
10.200000000000001,0.3875,0.016149272093658792,0.003128819240415619
10.200000000000001,0.3958333333333333,0.016019181890419117,0.0031043403970255575
10.200000000000001,0.4041666666666667,0.0158901075802411,0.00308004234090843
10.200000000000001,0.4125,0.015762041152297866,0.0030559236558705275
10.200000000000001,0.42083333333333334,0.01563497465563144,0.0030319829361904567
10.200000000000001,0.42916666666666664,0.015508900198689453,0.0030082187865370933
10.200000000000001,0.4375,0.015383809948864978,0.0029846298218881434
10.200000000000001,0.44583333333333336,0.015259696132039821,0.002961214667449249
10.200000000000001,0.45416666666666666,0.015136551032130904,0.002937971958573689
10.200000000000001,0.4625,0.015014366990640004,0.0029149003406826884
10.200000000000001,0.4708333333333333,0.014893136406206714,0.0028919984691862573
10.200000000000001,0.4791666666666667,0.014772851734164441,0.0028692650094046374
10.200000000000001,0.4875,0.014653505486099892,0.0028466986364903326
10.200000000000001,0.49583333333333335,0.014535090229415308,0.002824298035350691
10.200000000000001,0.5041666666666667,0.014417598586894221,0.0028020619005711045
10.200000000000001,0.5125,0.014301023236270144,0.0027799889363387337
10.200000000000001,0.5208333333333334,0.01418535690979832,0.0027580778563668007
10.200000000000001,0.5291666666666667,0.0140705923938305,0.0027363273838194777
10.200000000000001,0.5375,0.013956722528392904,0.002714736251237306
10.200000000000001,0.5458333333333333,0.013843740206767126,0.002693303200463109
10.200000000000001,0.5541666666666667,0.013731638375073954,0.0026720269825685782
10.200000000000001,0.5625,0.013620410031860162,0.0026509063577812462
10.200000000000001,0.5708333333333333,0.013510048227688488,0.0026299400954121095
10.200000000000001,0.5791666666666667,0.013400546064729988,0.00260912697378374
10.200000000000001,0.5875,0.013291896696360021,0.002588465780158908
10.200000000000001,0.5958333333333333,0.013184093326756453,0.002567955310669756
10.200000000000001,0.6041666666666666,0.013077129210501004,0.0025475943702474996
10.200000000000001,0.6125,0.012970997652183522,0.0025273817725525753
10.200000000000001,0.6208333333333333,0.012865692006008806,0.0025073163399054257
10.200000000000001,0.6291666666666667,0.012761205675406312,0.002487396903217629
10.200000000000001,0.6375,0.012657532112642852,0.0024676223019236884
10.200000000000001,0.6458333333333334,0.012554664818437599,0.0024479913839132003
10.200000000000001,0.6541666666666667,0.012452597341580173,0.0024285030054635786
10.200000000000001,0.6625,0.012351323278551284,0.0024091560311732744
10.200000000000001,0.6708333333333333,0.01225083627314603,0.0023899493338954483
10.200000000000001,0.6791666666666667,0.012151130016099874,0.002370881794672123
10.200000000000001,0.6875,0.012052198244717333,0.0023519523026688774
10.200000000000001,0.6958333333333333,0.011954034742503152,0.002333159755109923
10.200000000000001,0.7041666666666667,0.011856633338796108,0.002314503057213752
10.200000000000001,0.7125,0.01175998790840548,0.002295981122129148
10.200000000000001,0.7208333333333333,0.01166409237125,0.00227759287087176
10.200000000000001,0.7291666666666666,0.011568940691999261,0.0022593372322610543
10.200000000000001,0.7375,0.011474526879717792,0.0022412131428577904
10.200000000000001,0.7458333333333333,0.011380844987511504,0.002223219546901899
10.200000000000001,0.7541666666666667,0.011287889112176699,0.002205355396250832
10.200000000000001,0.7625,0.011195653393851415,0.0021876196503183495
10.200000000000001,0.7708333333333334,0.011104132015669326,0.0021700112760137864
10.200000000000001,0.7791666666666667,0.011013319203416,0.0021525292476816814
10.200000000000001,0.7875,0.010923209225187512,0.0021351725470419086
10.200000000000001,0.7958333333333333,0.010833796391051545,0.0021179401631302094
10.200000000000001,0.8041666666666667,0.010745075052710704,0.002100831092239179
10.200000000000001,0.8125,0.010657039603168333,0.0020838443378596197
10.200000000000001,0.8208333333333333,0.010569684476396434,0.0020669789106223997
10.200000000000001,0.8291666666666667,0.010483004147006135,0.002050233828240633
10.200000000000001,0.8375,0.010396993129920281,0.0020336081154523804
10.200000000000001,0.8458333333333333,0.010311645980048233,0.0020171008039636573
10.200000000000001,0.8541666666666666,0.010226957291963167,0.0020007109323919186
10.200000000000001,0.8625,0.01014292169958129,0.001984437546209936
10.200000000000001,0.8708333333333333,0.01005953387584356,0.0019682796976900384
10.200000000000001,0.8791666666666667,0.009976788532399222,0.0019522364458488019
10.200000000000001,0.8875,0.009894680419292057,0.0019363068563920981
10.200000000000001,0.8958333333333334,0.00981320432464817,0.0019204900016605618
10.200000000000001,0.9041666666666667,0.00973235507436646,0.0019047849605754016
10.200000000000001,0.9125,0.009652127531810776,0.001889190818584663
10.200000000000001,0.9208333333333333,0.009572516597504572,0.0018737066676098033
10.200000000000001,0.9291666666666667,0.009493517208827292,0.0018583316059926983
10.200000000000001,0.9375,0.00941512433971309,0.0018430647384429838
10.200000000000001,0.9458333333333333,0.009337333000351384,0.0018279051759858141
10.200000000000001,0.9541666666666667,0.009260138236889705,0.0018128520359099443
10.200000000000001,0.9625,0.009183535131138334,0.0017979044417162006
10.200000000000001,0.9708333333333333,0.009107518800276968,0.00178306152306633
10.200000000000001,0.9791666666666666,0.009032084396563589,0.0017683224157321767
10.200000000000001,0.9875,0.008957227107045029,0.0017536862615452357
10.200000000000001,0.9958333333333333,0.008882942153269627,0.001739152208346576
10.4,0.004166666666666667,0.02291893846410106,0.0043342068034759465
10.4,0.0125,0.022739954426568086,0.004303851708312693
10.4,0.020833333333333332,0.02255672331128665,0.0042680867778843974
10.4,0.029166666666666667,0.022377871789838754,0.0042355476929386
10.4,0.0375,0.022200368250167177,0.004203211783077061
10.4,0.04583333333333333,0.022023873833603824,0.004170749064308285
10.4,0.05416666666666667,0.021848688636173764,0.004138468440858745
10.4,0.0625,0.021674915805046335,0.004106481802124892
10.4,0.07083333333333333,0.021502524774843684,0.004074767259481499
10.4,0.07916666666666666,0.02133147448900635,0.004043292368143551
10.4,0.0875,0.021161745187106354,0.004012045914972174
10.4,0.09583333333333334,0.02099332915789174,0.003981028672008139
10.4,0.10416666666666667,0.02082622003814799,0.003950242695818167
10.4,0.1125,0.020660409302195506,0.003919687817474626
10.4,0.12083333333333333,0.020495886814360143,0.003889362195503674
10.4,0.12916666666666668,0.020332642047686547,0.003859263535073696
10.4,0.1375,0.02017066471988727,0.003829389724415584
10.4,0.14583333333333334,0.020009944883516647,0.0037997389254645843
10.4,0.15416666666666667,0.019850472804591988,0.003770309452946048
10.4,0.1625,0.019692238845677414,0.0037410996579202594
10.4,0.17083333333333334,0.019535233414246577,0.0037121078766032627
10.4,0.17916666666666667,0.019379446959324875,0.003683332427463373
10.4,0.1875,0.019224869985558467,0.003654771625741457
10.4,0.19583333333333333,0.01907149306578385,0.0036264237964686373
10.4,0.20416666666666666,0.018919306846586936,0.003598287280469866
10.4,0.2125,0.018768302048425507,0.0035703604349281446
10.4,0.22083333333333333,0.018618469463473248,0.0035426416316666656
10.4,0.22916666666666666,0.018469799953375717,0.0035151292553400743
10.4,0.2375,0.018322284447752895,0.003487821702369004
10.4,0.24583333333333332,0.018175913943420448,0.0034607173805903018
10.4,0.25416666666666665,0.01803067950400394,0.003433814709296913
10.4,0.2625,0.017886572259652594,0.0034071121193745336
10.4,0.2708333333333333,0.01774358340669922,0.0033806080533812953
10.4,0.2791666666666667,0.017601704207229722,0.0033543009655337646
10.4,0.2875,0.017460925988586434,0.0033281893216240256
10.4,0.29583333333333334,0.017321240142843024,0.003302271598905448
10.4,0.30416666666666664,0.01718263812627968,0.0032765462859754273
10.4,0.3125,0.017045111458870915,0.0032510118826681814
10.4,0.32083333333333336,0.016908651723788328,0.003225666899959293
10.4,0.32916666666666666,0.016773250566914623,0.003200509859878735
10.4,0.3375,0.016638899696364146,0.0031755392954278807
10.4,0.3458333333333333,0.016505590882007922,0.0031507537504973653
10.4,0.3541666666666667,0.016373315955,0.003126151779784441
10.4,0.3625,0.016242066807306724,0.0031017319487095466
10.4,0.37083333333333335,0.016111835391237707,0.0030774928333324896
10.4,0.37916666666666665,0.01598261371898016,0.0030534330202688104
10.4,0.3875,0.015854393862136308,0.0030295511066066975
10.4,0.3958333333333333,0.015727167951264446,0.0030058456998246046
10.4,0.4041666666666667,0.01560092817542306,0.0029823154177097085
10.4,0.4125,0.015475666781718973,0.002958958888277113
10.4,0.42083333333333334,0.015351376074858274,0.0029357747496896723
10.4,0.42916666666666664,0.015228048416700836,0.002912761650178494
10.4,0.4375,0.015105676225817865,0.002889918247964011
10.4,0.44583333333333336,0.014984251977052712,0.002867243211177577
10.4,0.45416666666666666,0.014863768201084671,0.002844735217783653
10.4,0.4625,0.014744217483995991,0.002822392955502555
10.4,0.4708333333333333,0.01462559246684204,0.0028002151217337524
10.4,0.4791666666666667,0.014507885845224323,0.0027782004234797406
10.4,0.4875,0.014391090368866896,0.0027563475772704707
10.4,0.49583333333333335,0.014275198841195385,0.002734655309088343
10.4,0.5041666666666667,0.014160204118919429,0.0027131223542937763
10.4,0.5125,0.014046099111617933,0.0026917474575512894
10.4,0.5208333333333334,0.013932876781327217,0.0026705293727561424
10.4,0.5291666666666667,0.013820530142132113,0.0026494668629615443
10.4,0.5375,0.01370905225976012,0.0026285587003063737
10.4,0.5458333333333333,0.013598436251178377,0.002607803665943392
10.4,0.5541666666666667,0.013488675284193442,0.0025872005499680928
10.4,0.5625,0.013379762577053915,0.002566748151347938
10.4,0.5708333333333333,0.013271691398056137,0.002546445277852219
10.4,0.5791666666666667,0.013164455065152172,0.002526290745982393
10.4,0.5875,0.013058046945561237,0.0025062833809029066
10.4,0.5958333333333333,0.012952460455383315,0.0024864220163725676
10.4,0.6041666666666666,0.012847689059215768,0.0024667054946764227
10.4,0.6125,0.012743726269772774,0.002447132666558067
10.4,0.6208333333333333,0.012640565647507153,0.0024277023911525586
10.4,0.6291666666666667,0.012538200800235075,0.002408413535919694
10.4,0.6375,0.012436625382763512,0.0023892649765778996
10.4,0.6458333333333334,0.012335833096520005,0.002370255597038508
10.4,0.6541666666666667,0.01223581768918534,0.002351384289340551
10.4,0.6625,0.012136572954328708,0.002332649953586058
10.4,0.6708333333333333,0.01203809273104538,0.0023140514978757763
10.4,0.6791666666666667,0.011940370903597005,0.0022955878382453607
10.4,0.6875,0.011843401401054452,0.0022772578986020933
10.4,0.6958333333333333,0.011747178196943105,0.002259060610661963
10.4,0.7041666666666667,0.0116516953088906,0.0022409949138873083
10.4,0.7125,0.011556946798277234,0.002223059755424821
10.4,0.7208333333333333,0.011462926769888634,0.002205254090044065
10.4,0.7291666666666666,0.011369629371570886,0.0021875768800763903
10.4,0.7375,0.011277048793888182,0.002170027095354342
10.4,0.7458333333333333,0.011185179269782713,0.0021526037131514696
10.4,0.7541666666666667,0.011094015074237115,0.0021353057181225745
10.4,0.7625,0.011003550523939046,0.002118132102244399
10.4,0.7708333333333334,0.010913779976948316,0.0021010818647567734
10.4,0.7791666666666667,0.010824697832366198,0.0020841540121041145
10.4,0.7875,0.010736298530007064,0.0020673475578774103
10.4,0.7958333333333333,0.010648576550072389,0.0020506615227565937
10.4,0.8041666666666667,0.010561526412826861,0.0020340949344533612
10.4,0.8125,0.010475142678276919,0.0020176468276543406
10.4,0.8208333333333333,0.010389419945851307,0.002001316243964745
10.4,0.8291666666666667,0.010304352854084056,0.001985102231852354
10.4,0.8375,0.010219936080299537,0.0019690038465919836
10.4,0.8458333333333333,0.010136164340299594,0.0019530201502102624
10.4,0.8541666666666666,0.010053032388053117,0.0019371502114308682
10.4,0.8625,0.009970535015387437,0.0019213931056201435
10.4,0.8708333333333333,0.009888667051682124,0.001905747914733059
10.4,0.8791666666666667,0.00980742336356452,0.0018902137272596297
10.4,0.8875,0.009726798854607916,0.0018747896381716544
10.4,0.8958333333333334,0.009646788465031144,0.0018594747488698783
10.4,0.9041666666666667,0.009567387171400814,0.0018442681671314869
10.4,0.9125,0.009488589986335104,0.0018291690070580272
10.4,0.9208333333333333,0.009410391958210008,0.0018141763890236467
10.4,0.9291666666666667,0.009332788170867204,0.001799289439623737
10.4,0.9375,0.00925577374332418,0.0017845072916239108
10.4,0.9458333333333333,0.009179343829486123,0.001769829083909379
10.4,0.9541666666666667,0.009103493617860016,0.0017552539614346429
10.4,0.9625,0.009028218331270424,0.0017407810751735664
10.4,0.9708333333333333,0.008953513226577258,0.0017264095820698042
10.4,0.9791666666666666,0.00887937359439565,0.0017121386449875623
10.4,0.9875,0.008805794758817457,0.00169796743266271
10.4,0.9958333333333333,0.008732772077134736,0.0016838951196542621
10.6,0.004166666666666667,0.022421823421002008,0.004197239324858628
10.6,0.0125,0.022247415675730933,0.00416777887727513
10.6,0.020833333333333332,0.022068976324917836,0.0041331609719285406
10.6,0.029166666666666667,0.02189478163054896,0.004101670561865492
10.6,0.0375,0.021721856735388116,0.004070341416074313
10.6,0.04583333333333333,0.021549911050593597,0.0040388915076057606
10.6,0.05416666666666667,0.021379242254643094,0.004007627012985029
10.6,0.0625,0.02120994337483098,0.00397664939419012
10.6,0.07083333333333333,0.0210419810909133,0.003945933702777028
10.6,0.07916666666666666,0.020875315953081047,0.003915448798329612
10.6,0.0875,0.020709930005496056,0.003885184972468699
10.6,0.09583333333333334,0.020545816338734355,0.003855143501765045
10.6,0.10416666666666667,0.020382968781242145,0.003825326339660957
10.6,0.1125,0.02022137891501342,0.0037957331326109295
10.6,0.12083333333333333,0.020061036837166837,0.0037663619821173117
10.6,0.12916666666666668,0.01990193236242208,0.003737210647662845
10.6,0.1375,0.0197440555858632,0.0037082771099265226
10.6,0.14583333333333334,0.01958739692629633,0.0036795596145907197
10.6,0.15416666666666667,0.01943194699371158,0.0036510565402492396
10.6,0.1625,0.01927769647926083,0.0036227662888277472
10.6,0.17083333333333334,0.019124636112868874,0.0035946872436349556
10.6,0.17916666666666667,0.01897275666503013,0.003566817771595493
10.6,0.1875,0.018822048961914674,0.0035391562387893662
10.6,0.19583333333333333,0.018672503896965335,0.0035117010224793794
10.6,0.20416666666666666,0.01852411243522952,0.0034844505158697935
10.6,0.2125,0.018376865612759617,0.003457403127930978
10.6,0.22083333333333333,0.018230754534278946,0.003430557281486052
10.6,0.22916666666666666,0.018085770371063348,0.0034039114115105317
10.6,0.2375,0.01794190435964209,0.0033774639642480133
10.6,0.24583333333333332,0.017799147801167536,0.0033512133969918413
10.6,0.25416666666666665,0.017657492061101652,0.003325158178180333
10.6,0.2625,0.017516928568948084,0.0032992967875349844
10.6,0.2708333333333333,0.01737744881790838,0.0032736277161197827
10.6,0.2791666666666667,0.017239044364447984,0.0032481494663070876
10.6,0.2875,0.017101706827805173,0.0032228605516839864
10.6,0.29583333333333334,0.016965427889481032,0.003197759496936713
10.6,0.30416666666666664,0.01683019929273513,0.0031728448377377717
10.6,0.3125,0.016696012842095688,0.003148115120644964
10.6,0.32083333333333336,0.01656286040288402,0.0031235689030116474
10.6,0.32916666666666666,0.01643073390074875,0.003099204752904133
10.6,0.3375,0.01629962532120521,0.003075021249021796
10.6,0.3458333333333333,0.016169526709178476,0.0030510169806173097
10.6,0.3541666666666667,0.016040430168547327,0.0030271905474161228
10.6,0.3625,0.015912327861691104,0.003003540559535196
10.6,0.37083333333333335,0.015785212009038336,0.0029800656374015257
10.6,0.37916666666666665,0.015659074888618698,0.0029567644116709983
10.6,0.3875,0.01553390883561812,0.002933635523147891
10.6,0.3958333333333333,0.015409706241937408,0.0029106776227050763
10.6,0.4041666666666667,0.015286459555753779,0.0028878893712050786
10.6,0.4125,0.015164161281086323,0.0028652694394217934
10.6,0.42083333333333334,0.015042803977364103,0.0028428165079628217
10.6,0.42916666666666664,0.014922380258997621,0.002820529267192424
10.6,0.4375,0.014802882794953261,0.002798406417155014
10.6,0.44583333333333336,0.014684304308330853,0.002776446667499175
10.6,0.45416666666666666,0.014566637575944091,0.0027546487374022336
10.6,0.4625,0.014449875427904067,0.002733011355495394
10.6,0.4708333333333333,0.014334010747205818,0.0027115332597893974
10.6,0.4791666666666667,0.014219036469317686,0.0026902131976007516
10.6,0.4875,0.014104945581773838,0.0026690499254784917
10.6,0.49583333333333335,0.013991731123769356,0.002648042209131486
10.6,0.5041666666666667,0.013879386185758623,0.002627188823356318
10.6,0.5125,0.013767903909056403,0.0026064885519656426
10.6,0.5208333333333334,0.013657277485441684,0.0025859401877170937
10.6,0.5291666666666667,0.013547500156764392,0.0025655425322427387
10.6,0.5375,0.01343856521455503,0.002545294395979037
10.6,0.5458333333333333,0.013330465999637001,0.002525194598097261
10.6,0.5541666666666667,0.013223195901741659,0.002505241966434553
10.6,0.5625,0.013116748359126098,0.002485435337425339
10.6,0.5708333333333333,0.013011116858193915,0.0024657735560333627
10.6,0.5791666666666667,0.012906294933118088,0.002446255475684172
10.6,0.5875,0.012802276165467271,0.00242687995819808
10.6,0.5958333333333333,0.012699054183834145,0.0024076458737236545
10.6,0.6041666666666666,0.012596622663466612,0.002388552100671703
10.6,0.6125,0.012494975325901771,0.002369597525649672
10.6,0.6208333333333333,0.012394105938602169,0.0023507810433966384
10.6,0.6291666666666667,0.012294008314594818,0.002332101556718642
10.6,0.6375,0.012194676312112842,0.002313557976424625
10.6,0.6458333333333334,0.012096103834239359,0.0022951492212627362
10.6,0.6541666666666667,0.011998284828554171,0.0022768742178571385
10.6,0.6625,0.01190121328678282,0.002258731900645308
10.6,0.6708333333333333,0.011804883244448103,0.00224072121181574
10.6,0.6791666666666667,0.01170928878052404,0.002222841101246115
10.6,0.6875,0.011614424017092362,0.0022050905264419714
10.6,0.6958333333333333,0.011520283119001306,0.00218746845247573
10.6,0.7041666666666667,0.011426860293526776,0.002169973851926269
10.6,0.7125,0.011334149790036089,0.002152605704818834
10.6,0.7208333333333333,0.011242145899653872,0.0021353629985654678
10.6,0.7291666666666666,0.011150842954930327,0.0021182447279058107
10.6,0.7375,0.011060235329511909,0.0021012498948483793
10.6,0.7458333333333333,0.0109703174378142,0.0020843775086122427
10.6,0.7541666666666667,0.010881083734697174,0.00206762658556911
10.6,0.7625,0.010792528715142607,0.0020509961491858666
10.6,0.7708333333333334,0.010704646913933835,0.0020344852299675237
10.6,0.7791666666666667,0.01061743290533768,0.0020180928654005403
10.6,0.7875,0.010530881302788573,0.002001818099896599
10.6,0.7958333333333333,0.01044498675857498,0.001985659984736759
10.6,0.8041666666666667,0.010359743963527847,0.0019696175780160438
10.6,0.8125,0.010275147646711376,0.001953689944588371
10.6,0.8208333333333333,0.010191192575115696,0.001937876156011945
10.6,0.8291666666666667,0.010107873553351984,0.0019221752904949765
10.6,0.8375,0.010025185423349429,0.0019065864328418672
10.6,0.8458333333333333,0.009943123064054314,0.0018911086743996905
10.6,0.8541666666666666,0.009861681391131388,0.001875741113005128
10.6,0.8625,0.009780855356667,0.0018604828529317726
10.6,0.8708333333333333,0.009700639948874538,0.001845333004837753
10.6,0.8791666666666667,0.009621030191801529,0.0018302906857138152
10.6,0.8875,0.009542021145039329,0.0018153550188317088
10.6,0.8958333333333334,0.009463607903434104,0.0018005251336929854
10.6,0.9041666666666667,0.0093857855968004,0.001785800165978117
10.6,0.9125,0.009308549389636198,0.0017711792574960296
10.6,0.9208333333333333,0.009231894480840325,0.001756661556133945
10.6,0.9291666666666667,0.009155816103431403,0.0017422462158076133
10.6,0.9375,0.009080309524269014,0.001727932396411872
10.6,0.9458333333333333,0.009005370043776537,0.0017137192637715864
10.6,0.9541666666666667,0.008930992995666078,0.0016996059895929031
10.6,0.9625,0.008857173746665073,0.001685591751414866
10.6,0.9708333333333333,0.008783907696244765,0.0016716757325613819
10.6,0.9791666666666666,0.008711190276350728,0.0016578571220935028
10.6,0.9875,0.008639016951134918,0.001644135114762053
10.6,0.9958333333333333,0.008567383216689674,0.0016305089109606165
10.8,0.004166666666666667,0.02189710526082796,0.004064865098051239
10.8,0.0125,0.021727409677848232,0.0040362729904974744
10.8,0.020833333333333332,0.021553885507776267,0.004002763523319659
10.8,0.029166666666666667,0.021384472664001817,0.003972284988863631
10.8,0.0375,0.021216254629658517,0.003941929186935787
10.8,0.04583333333333333,0.021048986140830048,0.00391145910849382
10.8,0.05416666666666667,0.02088296143014243,0.0038811771797070934
10.8,0.0625,0.020718263833788546,0.0038511748694435573
10.8,0.07083333333333333,0.020554857736248787,0.0038214246344518863
10.8,0.07916666666666666,0.020392705384712096,0.0037918967342405307
10.8,0.0875,0.020231790529075228,0.0037625828715316463
10.8,0.09583333333333334,0.020072106968494822,0.0037334847392644006
10.8,0.10416666666666667,0.019913648691545004,0.0037046041612000292
10.8,0.1125,0.019756407394140887,0.0036759406102902137
10.8,0.12083333333333333,0.019600373417699463,0.003647492147278938
10.8,0.12916666666666668,0.019445536921026654,0.003619256593027804
10.8,0.1375,0.019291888370427973,0.0035912320190615954
10.8,0.14583333333333334,0.019139418541524043,0.0035634167498155935
10.8,0.15416666666666667,0.018988118379429014,0.003535809223242723
10.8,0.1625,0.01883797889682177,0.0035084078893100417
10.8,0.17083333333333334,0.018688991140371026,0.0034812111768467617
10.8,0.17916666666666667,0.018541146196871205,0.00345421750009908
10.8,0.1875,0.018394435208845417,0.0034274252747497095
10.8,0.19583333333333333,0.01824884938500799,0.0034008329287938863
10.8,0.20416666666666666,0.01810438000343509,0.0033744389061200765
10.8,0.2125,0.017961018410368217,0.003348241665721154
10.8,0.22083333333333333,0.017818756017792124,0.003322239679676435
10.8,0.22916666666666666,0.017677584301475677,0.0032964314315943252
10.8,0.2375,0.017537494799865733,0.003270815415904644
10.8,0.24583333333333332,0.017398479113585268,0.003245390137752692
10.8,0.25416666666666665,0.017260528905174228,0.003220154113132744
10.8,0.2625,0.01712363589883012,0.0031951058690188015
10.8,0.2708333333333333,0.016987791880057796,0.00317024394340176
10.8,0.2791666666666667,0.016852988695233193,0.0031455668852372843
10.8,0.2875,0.01671921825112003,0.003121073254344366
10.8,0.29583333333333334,0.016586472514376057,0.0030967616212905385
10.8,0.30416666666666664,0.01645474351106937,0.003072630567284262
10.8,0.3125,0.016324023326209997,0.003048678684080128
10.8,0.32083333333333336,0.01619430410329471,0.0030249045738943497
10.8,0.32916666666666666,0.016065578043860083,0.003001306849325964
10.8,0.3375,0.015937837407039572,0.0029778841332796474
10.8,0.3458333333333333,0.015811074509123522,0.0029546350588881055
10.8,0.3541666666666667,0.015685281723119827,0.0029315582694335774
10.8,0.3625,0.01556045147831764,0.002908652418268727
10.8,0.37083333333333335,0.015436576259852801,0.002885916168737501
10.8,0.37916666666666665,0.015313648608276725,0.0028633481940964394
10.8,0.3875,0.015191661119128261,0.002840947177436698
10.8,0.3958333333333333,0.015070606442509153,0.002818711811606779
10.8,0.4041666666666667,0.014950477282662127,0.0027966407991360733
10.8,0.4125,0.014831266397552813,0.0027747328521590293
10.8,0.42083333333333334,0.014712966598454173,0.002752986692339891
10.8,0.42916666666666664,0.0145955707495342,0.0027314010507980178
10.8,0.4375,0.014479071767446382,0.0027099746680337346
10.8,0.44583333333333336,0.014363462620923249,0.0026887062938546796
10.8,0.45416666666666666,0.014248736330372668,0.002667594687302699
10.8,0.4625,0.014134885967477074,0.0026466386165812806
10.8,0.4708333333333333,0.014021904654795681,0.002625836858983515
10.8,0.4791666666666667,0.013909785565369379,0.002605188200820593
10.8,0.4875,0.01379852192232864,0.002584691437350829
10.8,0.49583333333333335,0.013688106998503952,0.002564345372709211
10.8,0.5041666666666667,0.013578534116039388,0.0025441488198375047
10.8,0.5125,0.013469796646008765,0.002524100600414821
10.8,0.5208333333333334,0.013361888008034511,0.0025041995447887223
10.8,0.5291666666666667,0.01325480166990924,0.0024844444919068375
10.8,0.5375,0.013148531147220149,0.0024648342892489993
10.8,0.5458333333333333,0.013043070002976059,0.0024453677927598035
10.8,0.5541666666666667,0.012938411847236979,0.0024260438667817823
10.8,0.5625,0.012834550336746419,0.0024068613839889476
10.8,0.5708333333333333,0.012731479174566481,0.002387819225320919
10.8,0.5791666666666667,0.012629192109715016,0.00236891627991749
10.8,0.5875,0.012527682936806084,0.0023501514450536593
10.8,0.5958333333333333,0.012426945495692357,0.0023315236260751738
10.8,0.6041666666666666,0.012326973671110323,0.0023130317363345464
10.8,0.6125,0.012227761392328085,0.0022946746971274825
10.8,0.6208333333333333,0.012129302632795403,0.0022764514376298816
10.8,0.6291666666666667,0.012031591409796401,0.002258360894835158
10.8,0.6375,0.011934621784104777,0.002240402013492159
10.8,0.6458333333333334,0.01183838785964118,0.0022225737460434387
10.8,0.6541666666666667,0.011742883783133283,0.0022048750525640107
10.8,0.6625,0.011648103743778148,0.002187304900700589
10.8,0.6708333333333333,0.011554041972906935,0.00216986226561121
10.8,0.6791666666666667,0.011460692743651997,0.002152546129905314
10.8,0.6875,0.011368050370616398,0.002135355483584307
10.8,0.6958333333333333,0.011276109209545615,0.002118289323982469
10.8,0.7041666666666667,0.011184863657001562,0.002101346655708394
10.8,0.7125,0.011094308150039091,0.0020845264905867507
10.8,0.7208333333333333,0.011004437165884543,0.002067827847600563
10.8,0.7291666666666666,0.010915245221616592,0.002051249752833826
10.8,0.7375,0.010826726873849416,0.0020347912394146055
10.8,0.7458333333333333,0.010738876718417972,0.002018451347458513
10.8,0.7541666666666667,0.01065168939006557,0.0020022291240125814
10.8,0.7625,0.010565159562133523,0.0019861236229995766
10.8,0.7708333333333334,0.010479281946253069,0.0019701339051627098
10.8,0.7791666666666667,0.010394051292039349,0.001954259038010709
10.8,0.7875,0.010309462386787508,0.0019384980957633316
10.8,0.7958333333333333,0.010225510055171015,0.001922850159297241
10.8,0.8041666666666667,0.010142189158941932,0.0019073143160923082
10.8,0.8125,0.010059494596633427,0.001891889660178244
10.8,0.8208333333333333,0.009977421303264095,0.0018765752920816769
10.8,0.8291666666666667,0.009895964250044664,0.0018613703187735497
10.8,0.8375,0.009815118444086446,0.0018462738536169647
10.8,0.8458333333333333,0.009734878928111836,0.0018312850163153239
10.8,0.8541666666666666,0.009655240780167034,0.0018164029328608974
10.8,0.8625,0.0095761991133364,0.0018016267354837624
10.8,0.8708333333333333,0.009497749075459135,0.0017869555626010428
10.8,0.8791666666666667,0.009419885848847445,0.0017723885587665965
10.8,0.8875,0.009342604650007302,0.0017579248746209964
10.8,0.8958333333333334,0.009265900729360338,0.0017435636668419081
10.8,0.9041666666666667,0.009189769370968343,0.0017293040980947872
10.8,0.9125,0.009114205892259093,0.00171514533698397
10.8,0.9208333333333333,0.009039205643754537,0.0017010865580040625
10.8,0.9291666666666667,0.008964764008800367,0.0016871269414917183
10.8,0.9375,0.008890876403297802,0.0016732656735777207
10.8,0.9458333333333333,0.008817538275436933,0.0016595019461394423
10.8,0.9541666666666667,0.008744745105432095,0.0016458349567536057
10.8,0.9625,0.008672492405258877,0.0016322639086493937
10.8,0.9708333333333333,0.008600775718392883,0.0016187880106619055
10.8,0.9791666666666666,0.008529590619550496,0.0016054064771859077
10.8,0.9875,0.00845893271443112,0.0015921185281299328
10.8,0.9958333333333333,0.008388797639461274,0.0015789233888707133
11.0,0.004166666666666667,0.021350493139664178,0.003936914289199535
11.0,0.0125,0.021185598554185513,0.003909164963269523
11.0,0.020833333333333332,0.021017066920715,0.003876726725855186
11.0,0.029166666666666667,0.020852515332189056,0.003847224744443708
11.0,0.0375,0.02068908688536722,0.0038178101304955007
11.0,0.04583333333333333,0.02052657880398651,0.003788288063064842
11.0,0.05416666666666667,0.020365280973692324,0.0037589563241808626
11.0,0.0625,0.020205267482380333,0.0037298968396341564
11.0,0.07083333333333333,0.020046500841474472,0.003701079900698494
11.0,0.07916666666666666,0.019888945058987438,0.003672477237631761
11.0,0.0875,0.019732585487998132,0.003644081868590496
11.0,0.09583333333333334,0.019577416549110504,0.0036158958225226546
11.0,0.10416666666666667,0.019423432363971278,0.0035879207731154194
11.0,0.1125,0.019270624748503946,0.0035601560324570727
11.0,0.12083333333333333,0.019118984297035693,0.0035325996355879035
11.0,0.12916666666666668,0.018968501511665615,0.003505249470289738
11.0,0.1375,0.018819167221374382,0.0034781036966138254
11.0,0.14583333333333334,0.018670972547540216,0.003451160712811942
11.0,0.15416666666666667,0.018523908760260353,0.0034244190120700626
11.0,0.1625,0.018377967185354952,0.003397877089921149
11.0,0.17083333333333334,0.018233139179041898,0.0033715334193265734
11.0,0.17916666666666667,0.018089416137627202,0.00334538646076931
11.0,0.1875,0.017946789513145284,0.00331943467829468
11.0,0.19583333333333333,0.01780525082258542,0.00329367654913433
11.0,0.20416666666666666,0.017664791649989894,0.0032681105661986386
11.0,0.2125,0.017525403644781716,0.003242735236796364
11.0,0.22083333333333333,0.017387078519330735,0.003217549080589246
11.0,0.22916666666666666,0.017249808047175973,0.00319255062820067
11.0,0.2375,0.017113584062101662,0.003167738420674671
11.0,0.24583333333333332,0.01697839845774365,0.003143111009462998
11.0,0.25416666666666665,0.01684424318736867,0.0031186669565818836
11.0,0.2625,0.016711110263615884,0.00309440483472863
11.0,0.2708333333333333,0.0165789917581392,0.0030703232272963113
11.0,0.2791666666666667,0.01644787980117043,0.003046420728306219
11.0,0.2875,0.016317766581045754,0.0030226959423014046
11.0,0.29583333333333334,0.016188644343729165,0.0029991474842344093
11.0,0.30416666666666664,0.016060505392349114,0.002975773979365437
11.0,0.3125,0.0159333420867505,0.002952574063173501
11.0,0.32083333333333336,0.01580714684305857,0.0029295463812766035
11.0,0.32916666666666666,0.01568191213324952,0.0029066895893562327
11.0,0.3375,0.015557630484724142,0.002884002353082559
11.0,0.3458333333333333,0.0154342944798838,0.0028614833480388128
11.0,0.3541666666666667,0.015311896755707174,0.0028391312596447787
11.0,0.3625,0.015190430003329888,0.002816944783079823
11.0,0.37083333333333335,0.015069886967626074,0.002794922623206072
11.0,0.37916666666666665,0.01495026044679335,0.002773063494492139
11.0,0.3875,0.014831543291940738,0.0027513661209376135
11.0,0.3958333333333333,0.014713728406680003,0.0027298292359982206
11.0,0.4041666666666667,0.01459680874671962,0.0027084515825117794
11.0,0.4125,0.014480777319462302,0.002687231912624711
11.0,0.42083333333333334,0.014365627183604972,0.0026661689877191114
11.0,0.42916666666666664,0.014251351448741885,0.0026452615783403564
11.0,0.4375,0.014137943274970383,0.002624508464125227
11.0,0.44583333333333336,0.014025395872499648,0.0026039084337305157
11.0,0.45416666666666666,0.013913702501262112,0.002583460284762173
11.0,0.4625,0.013802856470527656,0.0025631628237049644
11.0,0.4708333333333333,0.013692851138520746,0.00254301486585266
11.0,0.4791666666666667,0.013583679912040077,0.0025230152352387334
11.0,0.4875,0.013475336246081205,0.00250316276456757
11.0,0.49583333333333335,0.013367813643461542,0.0024834562951461902
11.0,0.5041666666666667,0.013261105654448418,0.0024638946768165016
11.0,0.5125,0.013155205876389606,0.002444476767888013
11.0,0.5208333333333334,0.013050107953346496,0.0024252014350710535
11.0,0.5291666666666667,0.012945805575729833,0.0024060675534105084
11.0,0.5375,0.012842292479938199,0.0023870740062200335
11.0,0.5458333333333333,0.012739562447999054,0.002368219685016695
11.0,0.5541666666666667,0.012637609307212154,0.002349503489456202
11.0,0.5625,0.012536426929795683,0.0023309243272685025
11.0,0.5708333333333333,0.012436009232535062,0.0023124811141939337
11.0,0.5791666666666667,0.012336350176433645,0.0022941727739198103
11.0,0.5875,0.012237443766366747,0.0022759982380174564
11.0,0.5958333333333333,0.012139284050737425,0.00225795644587973
11.0,0.6041666666666666,0.012041865121135038,0.0022400463446590143
11.0,0.6125,0.011945181111996233,0.0022222668892056133
11.0,0.6208333333333333,0.011849226200268147,0.002204617042006681
11.0,0.6291666666666667,0.01175399460507418,0.0021870957731254816
11.0,0.6375,0.01165948058738213,0.002169702060141213
11.0,0.6458333333333334,0.01156567844967445,0.0021524348880891998
11.0,0.6541666666666667,0.011472582535621131,0.0021352932494015193
11.0,0.6625,0.01138018722975471,0.00211827614384812
11.0,0.6708333333333333,0.011288486957147601,0.0021013825784783027
11.0,0.6791666666666667,0.011197476183091736,0.0020846115675626554
11.0,0.6875,0.01110714941278048,0.0020679621325354427
11.0,0.6958333333333333,0.011017501190992708,0.002051433301937336
11.0,0.7041666666666667,0.010928526101779079,0.0020350241113586574
11.0,0.7125,0.010840218768150708,0.002018733603382941
11.0,0.7208333333333333,0.010752573851769824,0.0020025608275309917
11.0,0.7291666666666666,0.010665586052642622,0.0019865048402052696
11.0,0.7375,0.010579250108814376,0.0019705647046347453
11.0,0.7458333333333333,0.010493560796066557,0.001954739490820117
11.0,0.7541666666666667,0.01040851292761619,0.0019390282754794162
11.0,0.7625,0.010324101353817162,0.0019234301419940418
11.0,0.7708333333333334,0.010240320961863784,0.0019079441803551728
11.0,0.7791666666666667,0.010157166675496276,0.0018925694871105335
11.0,0.7875,0.01007463345470835,0.0018773051653115927
11.0,0.7958333333333333,0.009992716295456873,0.0018621503244611057
11.0,0.8041666666666667,0.009911410229373472,0.0018471040804610708
11.0,0.8125,0.009830710323478237,0.0018321655555610132
11.0,0.8208333333333333,0.009750611679895197,0.001817333878306694
11.0,0.8291666666666667,0.00967110943557011,0.0018026081834891265
11.0,0.8375,0.009592198761989903,0.0017879876120940326
11.0,0.8458333333333333,0.00951387486490407,0.001773471311251586
11.0,0.8541666666666666,0.009436132984048284,0.0017590584341865647
11.0,0.8625,0.009358968392869505,0.001744748140168868
11.0,0.8708333333333333,0.00928237639825338,0.001730539594464318
11.0,0.8791666666666667,0.009206352340253026,0.0017164319682859085
11.0,0.8875,0.009130891591820348,0.0017024244387453182
11.0,0.8958333333333334,0.009055989558538436,0.0016885161888048322
11.0,0.9041666666666667,0.008981641678356491,0.0016747064072295532
11.0,0.9125,0.008907843421325999,0.0016609942885400044
11.0,0.9208333333333333,0.008834590289339167,0.0016473790329650203
11.0,0.9291666666666667,0.008761877815868766,0.0016338598463950089
11.0,0.9375,0.008689701565710025,0.0016204359403355218
11.0,0.9458333333333333,0.008618057134724058,0.001607106531861174
11.0,0.9541666666666667,0.008546940149583253,0.001593870843569867
11.0,0.9625,0.008476346267518245,0.0015807281035373454
11.0,0.9708333333333333,0.00840627117606654,0.0015676775452720926
11.0,0.9791666666666666,0.0083367105928231,0.0015547184076705053
11.0,0.9875,0.008267660265192345,0.001541849934972416
11.0,0.9958333333333333,0.008199115970141913,0.001529071376716931
11.200000000000001,0.004166666666666667,0.02078745432155252,0.0038132242426014867
11.200000000000001,0.0125,0.020627407447402143,0.0037862928718790188
11.200000000000001,0.020833333333333332,0.020463904460657958,0.0037548899829133323
11.200000000000001,0.029166666666666667,0.02030425264524493,0.00372633063866703
11.200000000000001,0.0375,0.02014565570222352,0.0036978262617046002
11.200000000000001,0.04583333333333333,0.019987950615520143,0.0036692215003719243
11.200000000000001,0.05416666666666667,0.019831422139796023,0.003640808717098112
11.200000000000001,0.0625,0.019676135566354898,0.003612660754731115
11.200000000000001,0.07083333333333333,0.019522051919977117,0.0035847461337988203
11.200000000000001,0.07916666666666666,0.019369137010270772,0.003557038104283801
11.200000000000001,0.0875,0.019217377689175037,0.0035295309035472517
11.200000000000001,0.09583333333333334,0.01906676891802788,0.0035022268238140805
11.200000000000001,0.10416666666666667,0.018917304928717103,0.0034751273737377367
11.200000000000001,0.1125,0.018768977663084704,0.003448231718216202
11.200000000000001,0.12083333333333333,0.018621777974474035,0.003421537880347022
11.200000000000001,0.12916666666666668,0.018475696704889154,0.003395043818992042
11.200000000000001,0.1375,0.018330725035663457,0.003368747779848353
11.200000000000001,0.14583333333333334,0.01818685442179043,0.0033426482301783687
11.200000000000001,0.15416666666666667,0.018044076447370116,0.0033167437146528777
11.200000000000001,0.1625,0.01790238274206944,0.003291032772204643
11.200000000000001,0.17083333333333334,0.0177617649633898,0.0032655139186872134
11.200000000000001,0.17916666666666667,0.017622214809173038,0.003240185659768321
11.200000000000001,0.1875,0.017483724032897018,0.003215046506610695
11.200000000000001,0.19583333333333333,0.017346284451616227,0.003190094984195054
11.200000000000001,0.20416666666666666,0.017209887947091648,0.003165329632829242
11.200000000000001,0.2125,0.01707452646375652,0.0031407490064909653
11.200000000000001,0.22083333333333333,0.016940192006333423,0.003116351670818602
11.200000000000001,0.22916666666666666,0.016806876638250413,0.0030921362018989105
11.200000000000001,0.2375,0.01667457248088448,0.0030681011858788676
11.200000000000001,0.24583333333333332,0.016543271713256508,0.003044245219026788
11.200000000000001,0.25416666666666665,0.016412966571835507,0.003020566907899632
11.200000000000001,0.2625,0.01628364935027564,0.002997064869440781
11.200000000000001,0.2708333333333333,0.016155312399051113,0.0029737377309730804
11.200000000000001,0.2791666666666667,0.016027948125020793,0.002950584130118668
11.200000000000001,0.2875,0.015901548990966137,0.002927602714690011
11.200000000000001,0.29583333333333334,0.01577610751513249,0.0029047921425814634
11.200000000000001,0.30416666666666664,0.015651616270785516,0.00288215108167347
11.200000000000001,0.3125,0.01552806788578244,0.002859678209749278
11.200000000000001,0.32083333333333336,0.015405455042153756,0.002837372214419249
11.200000000000001,0.32916666666666666,0.015283770475690213,0.0028152317930482235
11.200000000000001,0.3375,0.01516300697553203,0.002793255652682817
11.200000000000001,0.3458333333333333,0.01504315738376003,0.0027714425099776827
11.200000000000001,0.3541666666666667,0.014924214594987679,0.0027497910911209755
11.200000000000001,0.3625,0.01480617155595598,0.0027283001317595056
11.200000000000001,0.37083333333333335,0.014689021265130409,0.0027069683769242177
11.200000000000001,0.37916666666666665,0.014572756772301238,0.002685794580956288
11.200000000000001,0.3875,0.014457371178186748,0.002664777507434002
11.200000000000001,0.3958333333333333,0.014342857634039715,0.002643915929100272
11.200000000000001,0.4041666666666667,0.014229209341256408,0.0026232086277909127
11.200000000000001,0.4125,0.01411641955098905,0.002602654394363414
11.200000000000001,0.42083333333333334,0.014004481563760506,0.002582252028626262
11.200000000000001,0.42916666666666664,0.013893388729082136,0.0025620003392687577
11.200000000000001,0.4375,0.013783134445074122,0.0025418981437913407
11.200000000000001,0.44583333333333336,0.013673712158088654,0.0025219442684363885
11.200000000000001,0.45416666666666666,0.013565115362335742,0.0025021375481195413
11.200000000000001,0.4625,0.013457337599511688,0.0024824768263615156
11.200000000000001,0.4708333333333333,0.013350372458430406,0.002462960955220451
11.200000000000001,0.4791666666666667,0.013244213574657162,0.0024435887952247333
11.200000000000001,0.4875,0.01313885463014518,0.002424359215306325
11.200000000000001,0.49583333333333335,0.01303428935287452,0.0024052710927345883
11.200000000000001,0.5041666666666667,0.012930511516493971,0.0023863233130506233
11.200000000000001,0.5125,0.012827514939965236,0.0023675147700020507
11.200000000000001,0.5208333333333334,0.012725293487209693,0.0023488443654782858
11.200000000000001,0.5291666666666667,0.012623841066757683,0.002330311009446311
11.200000000000001,0.5375,0.012523151631400406,0.0023119136198869188
11.200000000000001,0.5458333333333333,0.012423219177844256,0.002293651122731353
11.200000000000001,0.5541666666666667,0.012324037746367505,0.0022755224517985464
11.200000000000001,0.5625,0.012225601420479563,0.0022575265487326896
11.200000000000001,0.5708333333333333,0.012127904326582813,0.0022396623629413535
11.200000000000001,0.5791666666666667,0.012030940633636297,0.0022219288515340184
11.200000000000001,0.5875,0.011934704552822622,0.002204324979261055
11.200000000000001,0.5958333333333333,0.011839190337216506,0.0021868497184531674
11.200000000000001,0.6041666666666666,0.011744392281456042,0.002169502048961293
11.200000000000001,0.6125,0.011650304721416295,0.0021522809580968943
11.200000000000001,0.6208333333333333,0.011556922033885031,0.002135185440572763
11.200000000000001,0.6291666666666667,0.01146423863624092,0.0021182144984441594
11.200000000000001,0.6375,0.011372248986134027,0.0021013671410504836
11.200000000000001,0.6458333333333334,0.011280947581168335,0.002084642384957305
11.200000000000001,0.6541666666666667,0.011190328958586829,0.0020680392538988263
11.200000000000001,0.6625,0.011100387694958578,0.002051556778720811
11.200000000000001,0.6708333333333333,0.011011118405868103,0.0020351939973238557
11.200000000000001,0.6791666666666667,0.010922515745606962,0.0020189499546071302
11.200000000000001,0.6875,0.010834574406867511,0.002002823702412529
11.200000000000001,0.6958333333333333,0.010747289120438758,0.001986814299469165
11.200000000000001,0.7041666666666667,0.010660654654904345,0.0019709208113383703
11.200000000000001,0.7125,0.01057466581634283,0.0019551423103589868
11.200000000000001,0.7208333333333333,0.010489317448029875,0.001939477875593153
11.200000000000001,0.7291666666666666,0.010404604430142583,0.0019239265927723961
11.200000000000001,0.7375,0.010320521679465951,0.0019084875542441913
11.200000000000001,0.7458333333333333,0.010237064149101355,0.001893159858918865
11.200000000000001,0.7541666666666667,0.01015422682817708,0.001877942612216872
11.200000000000001,0.7625,0.010072004741560813,0.001862834926016494
11.200000000000001,0.7708333333333334,0.009990392949574304,0.001847835918601907
11.200000000000001,0.7791666666666667,0.00990938654770981,0.0018329447146115813
11.200000000000001,0.7875,0.009828980666348646,0.0018181604449871095
11.200000000000001,0.7958333333333333,0.009749170470481688,0.0018034822469223668
11.200000000000001,0.8041666666666667,0.009669951159431771,0.0017889092638130686
11.200000000000001,0.8125,0.009591317966578118,0.0017744406452066437
11.200000000000001,0.8208333333333333,0.009513266159082432,0.0017600755467525352
11.200000000000001,0.8291666666666667,0.009435791037617276,0.0017458131301527752
11.200000000000001,0.8375,0.009358887936096004,0.0017316525631130082
11.200000000000001,0.8458333333333333,0.009282552221404622,0.0017175930192937794
11.200000000000001,0.8541666666666666,0.009206779293135691,0.0017036336782622233
11.200000000000001,0.8625,0.009131564583323818,0.0016897737254441046
11.200000000000001,0.8708333333333333,0.009056903556183214,0.0016760123520761388
11.200000000000001,0.8791666666666667,0.00898279170784666,0.0016623487551587443
11.200000000000001,0.8875,0.008909224566106906,0.0016487821374090478
11.200000000000001,0.8958333333333334,0.008836197690159113,0.0016353117072142873
11.200000000000001,0.9041666666666667,0.008763706670345725,0.0016219366785855012
11.200000000000001,0.9125,0.008691747127902525,0.0016086562711115882
11.200000000000001,0.9208333333333333,0.008620314714706909,0.0015954697099136513
11.200000000000001,0.9291666666666667,0.008549405113027486,0.0015823762255997038
11.200000000000001,0.9375,0.008479014035275689,0.0015693750542196665
11.200000000000001,0.9458333333333333,0.008409137223758807,0.001556465437220712
11.200000000000001,0.9541666666666667,0.008339770450434986,0.0015436466214028984
11.200000000000001,0.9625,0.00827090951666967,0.0015309178588751287
11.200000000000001,0.9708333333333333,0.008202550252993707,0.0015182784070114346
11.200000000000001,0.9791666666666666,0.008134688518863314,0.001505727528407536
11.200000000000001,0.9875,0.008067320202421381,0.001493264490837736
11.200000000000001,0.9958333333333333,0.00800044122026054,0.00148088856721212
11.4,0.004166666666666667,0.020213095559683557,0.0036936391329425397
11.4,0.0125,0.020057906216890766,0.003667501605612843
11.4,0.020833333333333332,0.019899431876959226,0.0036370994612066844
11.4,0.029166666666666667,0.019744682525739934,0.003609450178766633
11.4,0.0375,0.019590923203956938,0.0035818262368782134
11.4,0.04583333333333333,0.019438028039213413,0.0035541091461085386
11.4,0.05416666666666667,0.019286275978795005,0.003526585182226455
11.4,0.0625,0.019135723973578194,0.0034993185705227956
11.4,0.07083333333333333,0.018986331913985244,0.0034722764221764694
11.4,0.07916666666666666,0.01883806743200795,0.003445433536685886
11.4,0.0875,0.01869091877396234,0.0034187852750285574
11.4,0.09583333333333334,0.018544881367770518,0.0033923341273446404
11.4,0.10416666666666667,0.018399949536667227,0.0033660814270417916
11.4,0.1125,0.018256115354127217,0.0033400262061187877
11.4,0.12083333333333333,0.018113369936464434,0.003314166488157347
11.4,0.12916666666666668,0.017971704460141177,0.0032885003060214063
11.4,0.1375,0.017831110447273486,0.0032630259877497797
11.4,0.14583333333333334,0.017691579673686144,0.003237742064995556
11.4,0.15416666666666667,0.017553104026035726,0.003212647130530822
11.4,0.1625,0.017415675427978856,0.003187739764793405
11.4,0.17083333333333334,0.017279285829315462,0.003163018525406732
11.4,0.17916666666666667,0.01714392722062723,0.0031384819621911486
11.4,0.1875,0.017009591647919976,0.0031141286321770276
11.4,0.19583333333333333,0.016876271219271752,0.003089957106620941
11.4,0.20416666666666666,0.016743958105107856,0.003065965971645672
11.4,0.2125,0.016612644535908966,0.003042153826311137
11.4,0.22083333333333333,0.016482322799929172,0.0030185192806921166
11.4,0.22916666666666666,0.016352985241809836,0.0029950609548497066
11.4,0.2375,0.016224624261973332,0.0029717774785795645
11.4,0.24583333333333332,0.01609723231638801,0.002948667491529284
11.4,0.25416666666666665,0.015970801916386175,0.0029257296433657445
11.4,0.2625,0.01584532562839301,0.002902962593851239
11.4,0.2708333333333333,0.015720796073554998,0.002880365012816495
11.4,0.2791666666666667,0.015597205927308082,0.0028579355800707417
11.4,0.2875,0.015474547918928617,0.0028356729852924063
11.4,0.29583333333333334,0.015352814831092656,0.0028135759279254704
11.4,0.30416666666666664,0.015231999499451528,0.0027916431170896846
11.4,0.3125,0.015112094812221191,0.0027698732715023835
11.4,0.32083333333333336,0.014993093709780497,0.0027482651194064103
11.4,0.32916666666666666,0.014874989184273523,0.0027268173984999543
11.4,0.3375,0.014757774279213426,0.0027055288558657663
11.4,0.3458333333333333,0.014641442089088061,0.002684398247899228
11.4,0.3541666666666667,0.014525985758966598,0.0026634243402357703
11.4,0.3625,0.01441139848410901,0.002642605907678162
11.4,0.37083333333333335,0.014297673509577693,0.002621941734124243
11.4,0.37916666666666665,0.014184804129852449,0.0026014306124953475
11.4,0.3875,0.014072783688448236,0.002581071344665491
11.4,0.3958333333333333,0.013961605577536092,0.0025608627413911686
11.4,0.4041666666666667,0.013851263237566474,0.0025408036222418487
11.4,0.4125,0.013741750156895828,0.0025208928155309495
11.4,0.42083333333333334,0.013633059871415444,0.0025011291582473227
11.4,0.42916666666666664,0.013525185964183194,0.0024815114959872153
11.4,0.4375,0.013418122065057821,0.0024620386828867304
11.4,0.44583333333333336,0.013311861850335857,0.0024427095815547353
11.4,0.45416666666666666,0.013206399042391145,0.0024235230630063097
11.4,0.4625,0.013101727409316923,0.0024044780065966462
11.4,0.4708333333333333,0.012997840764570667,0.00238557329995548
11.4,0.4791666666666667,0.012894732966621228,0.002366807838921973
11.4,0.4875,0.012792397918598758,0.002348180527480099
11.4,0.49583333333333335,0.012690829567946855,0.002329690277694497
11.4,0.5041666666666667,0.012590021906077564,0.002311336009646828
11.4,0.5125,0.012489968968028606,0.002293116651372559
11.4,0.5208333333333334,0.012390664832123144,0.0022750311387982327
11.4,0.5291666666666667,0.012292103619631874,0.0022570784156792064
11.4,0.5375,0.012194279494437785,0.00223925743353786
11.4,0.5458333333333333,0.01209718666270313,0.002221567151602176
11.4,0.5541666666666667,0.012000819372538735,0.0022040065367449142
11.4,0.5625,0.011905171913675794,0.002186574563423097
11.4,0.5708333333333333,0.01181023861714012,0.0021692702136180343
11.4,0.5791666666666667,0.011716013854928204,0.002152092476775739
11.4,0.5875,0.011622492039686374,0.0021350403497477884
11.4,0.5958333333333333,0.011529667624391534,0.0021181128367326217
11.4,0.6041666666666666,0.011437535102034506,0.0021013089492172973
11.4,0.6125,0.011346089005305687,0.0020846277059196126
11.4,0.6208333333333333,0.011255323906282665,0.00206806813273073
11.4,0.6291666666666667,0.011165234416120311,0.002051629262658126
11.4,0.6375,0.01107581518474303,0.002035310135769058
11.4,0.6458333333333334,0.010987060900538985,0.0020191097991343735
11.4,0.6541666666666667,0.01089896629005681,0.002003027306772743
11.4,0.6625,0.010811526117704187,0.0019870617195953447
11.4,0.6708333333333333,0.010724735185448735,0.0019712121053508795
11.4,0.6791666666666667,0.010638588332520899,0.001955477538571043
11.4,0.6875,0.010553080435119088,0.0019398571005163933
11.4,0.6958333333333333,0.010468206406116707,0.0019243498791225511
11.4,0.7041666666666667,0.010383961194771309,0.0019089549689468928
11.4,0.7125,0.010300339786435976,0.0018936714711155276
11.4,0.7208333333333333,0.010217337202272461,0.001878498493270744
11.4,0.7291666666666666,0.010134948498966482,0.0018634351495187666
11.4,0.7375,0.010053168768445048,0.0018484805603779567
11.4,0.7458333333333333,0.0099719931375957,0.0018336338527273504
11.4,0.7541666666666667,0.009891416767987755,0.001818894159755558
11.4,0.7625,0.009811434855595455,0.0018042606209100662
11.4,0.7708333333333334,0.009732042630523166,0.0017897323818469122
11.4,0.7791666666666667,0.00965323535673234,0.0017753085943806655
11.4,0.7875,0.009575008331770492,0.0017609884164348293
11.4,0.7958333333333333,0.009497356886502056,0.0017467710119925715
11.4,0.8041666666666667,0.009420276384841072,0.0017326555510478305
11.4,0.8125,0.009343762223485827,0.0017186412095567287
11.4,0.8208333333333333,0.009267809831655135,0.0017047271693894088
11.4,0.8291666666666667,0.00919241467082675,0.001690912618282125
11.4,0.8375,0.009117572234477357,0.0016771967497897751
11.4,0.8458333333333333,0.00904327804782437,0.0016635787632386892
11.4,0.8541666666666666,0.008969527667569734,0.0016500578636798042
11.4,0.8625,0.0088963166816452,0.0016366332618421799
11.4,0.8708333333333333,0.008823640708959688,0.001623304174086792
11.4,0.8791666666666667,0.008751495399147947,0.0016100698223607327
11.4,0.8875,0.008679876432321525,0.00159692943415167
11.4,0.8958333333333334,0.008608779518820848,0.001583882242442678
11.4,0.9041666666666667,0.00853820039896955,0.0015709274856673568
11.4,0.9125,0.008468134842829971,0.0015580644076653041
11.4,0.9208333333333333,0.00839857864996085,0.0015452922576378683
11.4,0.9291666666666667,0.008329527649176209,0.0015326102901042466
11.4,0.9375,0.008260977698306237,0.0015200177648578687
11.4,0.9458333333333333,0.008192924683959525,0.0015075139469231185
11.4,0.9541666666666667,0.00812536452128719,0.0014950981065123302
11.4,0.9625,0.008058293153748413,0.0014827695189831085
11.4,0.9708333333333333,0.007991706552877564,0.0014705274647959566
11.4,0.9791666666666666,0.007925600718053125,0.001458371229472173
11.4,0.9875,0.007859971676267898,0.0014463001035520766
11.4,0.9958333333333333,0.0077948154819009186,0.001434313382553523
11.6,0.004166666666666667,0.019632081249392516,0.003578009635618746
11.6,0.0125,0.019481727622082154,0.003552642536956724
11.6,0.020833333333333332,0.019328250993354324,0.0035232077627236165
11.6,0.029166666666666667,0.019178376077559515,0.003496437244723424
11.6,0.0375,0.019029429760144153,0.0034696650326221
11.6,0.04583333333333333,0.01888132080708177,0.003442807003795673
11.6,0.05416666666666667,0.01873432178051812,0.003416142779376669
11.6,0.0625,0.018588481747693817,0.0033897284335735103
11.6,0.07083333333333333,0.018443759784575027,0.003363529997697129
11.6,0.07916666666666666,0.018300125349121923,0.0033375238338220784
11.6,0.0875,0.018157567978697966,0.0033117063325856814
11.6,0.09583333333333334,0.018016083500226404,0.0032860801237314
11.6,0.10416666666666667,0.017875666313017124,0.0032606463593192717
11.6,0.1125,0.01773630862766909,0.0032354039530098876
11.6,0.12083333333333333,0.01759800182558392,0.003210350939956127
11.6,0.12916666666666668,0.0174607374106376,0.0031854854288505745
11.6,0.1375,0.01732450723334858,0.003160805826466507
11.6,0.14583333333333334,0.017189303377303712,0.0031363107244540174
11.6,0.15416666666666667,0.01705511802009975,0.003111998760649044
11.6,0.1625,0.01692194336924055,0.003087868555335018
11.6,0.17083333333333334,0.016789771657406034,0.003063918706874518
11.6,0.17916666666666667,0.01665859515860288,0.0030401478082189358
11.6,0.1875,0.01652840620191295,0.0030165544610139343
11.6,0.19583333333333333,0.016399197176877423,0.0029931372813379775
11.6,0.20416666666666666,0.016270960533034343,0.0029698948995913223
11.6,0.2125,0.016143688777462542,0.0029468259583892743
11.6,0.22083333333333333,0.01601737447263869,0.0029239291107656063
11.6,0.22916666666666666,0.01589201023524615,0.0029012030193256485
11.6,0.2375,0.015767588735700385,0.002878646356113105
11.6,0.24583333333333332,0.01564410269796708,0.0028562578027674476
11.6,0.25416666666666665,0.015521544899384863,0.002834036050682977
11.6,0.2625,0.01539990817038411,0.0028119798010620037
11.6,0.2708333333333333,0.01527918539411041,0.002790087764870024
11.6,0.2791666666666667,0.015159369505998424,0.002768358662738797
11.6,0.2875,0.015040453493336988,0.002746791224858516
11.6,0.29583333333333334,0.014922430394846364,0.0027253841908795773
11.6,0.30416666666666664,0.01480529330027212,0.002704136309828625
11.6,0.3125,0.014689035349991417,0.0026830463400349487
11.6,0.32083333333333336,0.014573649734626727,0.002662113049061535
11.6,0.32916666666666666,0.01445912969466256,0.002641335213637082
11.6,0.3375,0.014345468520063206,0.002620711619586967
11.6,0.3458333333333333,0.014232659549892158,0.0026002410617631047
11.6,0.3541666666666667,0.014120696171932661,0.002579922343973303
11.6,0.3625,0.014009571822311181,0.0025597542789106754
11.6,0.37083333333333335,0.013899279985123079,0.002539735688083602
11.6,0.37916666666666665,0.013789814192061529,0.002519865401746406
11.6,0.3875,0.013681168022049172,0.0025001422588307857
11.6,0.3958333333333333,0.013573335100872785,0.0024805651068777893
11.6,0.4041666666666667,0.013466309100820268,0.0024611328019704735
11.6,0.4125,0.01336008374032069,0.0024418442086669937
11.6,0.42083333333333334,0.013254652783586592,0.0024226981999341756
11.6,0.42916666666666664,0.013150010040259034,0.002403693657081556
11.6,0.4375,0.013046149365055121,0.0023848294696959165
11.6,0.44583333333333336,0.012943064657418072,0.00236610453557624
11.6,0.45416666666666666,0.012840749861169794,0.0023475177606692077
11.6,0.4625,0.012739198964165931,0.0023290680590051173
11.6,0.4708333333333333,0.012638405997953616,0.002310754352634338
11.6,0.4791666666666667,0.012538365037431366,0.0022925755715641847
11.6,0.4875,0.012439070200511715,0.0022745306536962927
11.6,0.49583333333333335,0.012340515647785997,0.0022566185447644395
11.6,0.5041666666666667,0.012242695582191843,0.002238838198272853
11.6,0.5125,0.012145604248682893,0.0022211885754349365
11.6,0.5208333333333334,0.012049235933900882,0.002203668645112461
11.6,0.5291666666666667,0.01195358496585001,0.0021862773837552233
11.6,0.5375,0.011858645713573911,0.002169013775341138
11.6,0.5458333333333333,0.011764412586834683,0.0021518768113167144
11.6,0.5541666666666667,0.011670880035794265,0.002134865490538092
11.6,0.5625,0.011578042550698154,0.002117978819212386
11.6,0.5708333333333333,0.011485894661561493,0.002101215810839553
11.6,0.5791666666666667,0.011394430937856947,0.002084575486154634
11.6,0.5875,0.011303645988205517,0.0020680568730704354
11.6,0.5958333333333333,0.011213534460068925,0.0020516590066206254
11.6,0.6041666666666666,0.011124091039444476,0.0020353809289032835
11.6,0.6125,0.011035310450562181,0.002019221689024791
11.6,0.6208333333333333,0.010947187455583757,0.002003180343044227
11.6,0.6291666666666667,0.010859716854304011,0.001987255953918062
11.6,0.6375,0.01077289348385432,0.0019714475914453674
11.6,0.6458333333333334,0.010686712218408029,0.0019557543322133446
11.6,0.6541666666666667,0.0106011679688882,0.0019401752595432748
11.6,0.6625,0.010516255682677217,0.0019247094634369012
11.6,0.6708333333333333,0.010431970343328602,0.0019093560405231327
11.6,0.6791666666666667,0.010348306970280746,0.0018941140940051929
11.6,0.6875,0.010265260618572821,0.001878982733608146
11.6,0.6958333333333333,0.010182826378562541,0.0018639610755267547
11.6,0.7041666666666667,0.010100999375645911,0.0018490482423738081
11.6,0.7125,0.010019774769979214,0.001834243363128726
11.6,0.7208333333333333,0.009939147756202612,0.0018195455730866275
11.6,0.7291666666666666,0.00985911356316589,0.001804954013807683
11.6,0.7375,0.00977966745365611,0.001790467833066913
11.6,0.7458333333333333,0.009700804724127142,0.001776086184804304
11.6,0.7541666666666667,0.009622520704431124,0.0017618082290752808
11.6,0.7625,0.009544810757551769,0.0017476331320015678
11.6,0.7708333333333334,0.009467670279339617,0.0017335600657224048
11.6,0.7791666666666667,0.009391094698249024,0.0017195882083460685
11.6,0.7875,0.009315079475077072,0.0017057167439017997
11.6,0.7958333333333333,0.009239620102704333,0.0016919448622920454
11.6,0.8041666666666667,0.009164712105837337,0.001678271759245071
11.6,0.8125,0.009090351040752983,0.001664696636267865
11.6,0.8208333333333333,0.009016532495044471,0.0016512187005994548
11.6,0.8291666666666667,0.00894325208736938,0.0016378371651644722
11.6,0.8375,0.008870505467199178,0.0016245512485271473
11.6,0.8458333333333333,0.008798288314570541,0.0016113601748455422
11.6,0.8541666666666666,0.008726596339838567,0.0015982631738261706
11.6,0.8625,0.008655425283431424,0.001585259480678943
11.6,0.8708333333333333,0.008584770915607012,0.0015723483360723762
11.6,0.8791666666666667,0.008514629036210902,0.0015595289860892056
11.6,0.8875,0.008444995474436452,0.0015468006821822465
11.6,0.8958333333333334,0.00837586608858604,0.0015341626811306074
11.6,0.9041666666666667,0.008307236765834431,0.001521614244996194
11.6,0.9125,0.008239103421993332,0.0015091546410805519
11.6,0.9208333333333333,0.008171462001277986,0.0014967831418819767
11.6,0.9291666666666667,0.008104308476074976,0.0014844990250529654
11.6,0.9375,0.008037638846711926,0.0014723015733579395
11.6,0.9458333333333333,0.007971449141228524,0.0014601900746313015
11.6,0.9541666666666667,0.007905735415149355,0.001448163821735748
11.6,0.9625,0.007840493751258113,0.0014362221125209088
11.6,0.9708333333333333,0.007775720259373338,0.0014243642497822745
11.6,0.9791666666666666,0.00771141107612587,0.0014125895412203926
11.6,0.9875,0.007647562364737579,0.0014008972994003707
11.6,0.9958333333333333,0.007584170314801708,0.0013892868417116786
11.8,0.004166666666666667,0.01904858466499445,0.0034661926143405688
11.8,0.0125,0.018903018372962637,0.0034415732091684615
11.8,0.020833333333333332,0.018754482581142515,0.003413073614022218
11.8,0.029166666666666667,0.018609428290601547,0.0033871517819754507
11.8,0.0375,0.01846524452918577,0.003361203641641244
11.8,0.04583333333333333,0.0183218723066405,0.003335177052694922
11.8,0.05416666666666667,0.018179577312369473,0.003309344504019721
11.8,0.0625,0.01803840118410486,0.0032837543827591944
11.8,0.07083333333333333,0.01789830247264857,0.0032583719394398895
11.8,0.07916666666666666,0.01775925245081159,0.0032331750972890436
11.8,0.0875,0.017621241845885368,0.003208161185081598
11.8,0.09583333333333334,0.01748426682266557,0.0031833329205365455
11.8,0.10416666666666667,0.0173483218445527,0.003158691271787298
11.8,0.1125,0.017213399264502598,0.003134235048699629
11.8,0.12083333333333333,0.01707949072955636,0.0031099623077659984
11.8,0.12916666666666668,0.016946588062749214,0.0030858712343763387
11.8,0.1375,0.016814683430165022,0.0030619603102318323
11.8,0.14583333333333334,0.01668376921007463,0.0030382281828398995
11.8,0.15416666666666667,0.01655383785945408,0.0030146735323864494
11.8,0.1625,0.01642488185944035,0.0029912950175427296
11.8,0.17083333333333334,0.01629689371596613,0.0029680912764494826
11.8,0.17916666666666667,0.016169865976868876,0.0029450609441718416
11.8,0.1875,0.016043791244566296,0.0029222026657187154
11.8,0.19583333333333333,0.01591866218023255,0.0028995151005604416
11.8,0.20416666666666666,0.015794471502715624,0.002876996921884603
11.8,0.2125,0.015671211985998745,0.002854646814394095
11.8,0.22083333333333333,0.015548876457223916,0.0028324634726641703
11.8,0.22916666666666666,0.01542745779568753,0.002810445600469766
11.8,0.2375,0.01530694893247864,0.0027885919107525506
11.8,0.24583333333333332,0.015187342850335152,0.002766901125803933
11.8,0.25416666666666665,0.015068632583464277,0.00274537197740956
11.8,0.2625,0.014950811217250682,0.0027240032068794346
11.8,0.2708333333333333,0.014833871887876807,0.0027027935649878167
11.8,0.2791666666666667,0.014717807781904395,0.002681741811871847
11.8,0.2875,0.014602612135854617,0.0026608467169266558
11.8,0.29583333333333334,0.014488278235802964,0.002640107058712876
11.8,0.30416666666666664,0.01437479941699053,0.0026195216248781905
11.8,0.3125,0.014262169063446151,0.0025990892120877863
11.8,0.32083333333333336,0.014150380607614537,0.0025788086259581275
11.8,0.32916666666666666,0.014039427529986506,0.0025586786809908566
11.8,0.3375,0.01392930335872997,0.0025386982005054536
11.8,0.3458333333333333,0.013820001669322566,0.0025188660165708417
11.8,0.3541666666666667,0.013711516084185579,0.0024991809699366914
11.8,0.3625,0.013603840272320727,0.0024796419099649336
11.8,0.37083333333333335,0.013496967948949366,0.0024602476945619024
11.8,0.37916666666666665,0.013390892875154667,0.0024409971901112005
11.8,0.3875,0.013285608857526545,0.0024218892714072886
11.8,0.3958333333333333,0.01318110974780941,0.002402922821589582
11.8,0.4041666666666667,0.013077389442552184,0.002384096732077173
11.8,0.4125,0.012974441882761222,0.0023654099025039723
11.8,0.42083333333333334,0.012872261053555436,0.002346861240654313
11.8,0.42916666666666664,0.012770840983824043,0.0023284496623989822
11.8,0.4375,0.012670175745886731,0.002310174091631779
11.8,0.44583333333333336,0.012570259455156258,0.002292033460206453
11.8,0.45416666666666666,0.012471086269803502,0.0022740267078741765
11.8,0.4625,0.012372650390424884,0.002256152782221436
11.8,0.4708333333333333,0.01227494605971242,0.002238410638608428
11.8,0.4791666666666667,0.012177967562125788,0.0022207992401078753
11.8,0.4875,0.01208170922356712,0.0022033175574443196
11.8,0.49583333333333335,0.011986165411057825,0.002185964568933848
11.8,0.5041666666666667,0.011891330532418,0.002168739260424295
11.8,0.5125,0.011797199035948046,0.002151640625235841
11.8,0.5208333333333334,0.011703765410112539,0.0021346676641020787
11.8,0.5291666666666667,0.011611024183226301,0.002117819385111511
11.8,0.5375,0.01151896992314301,0.0021010948036494803
11.8,0.5458333333333333,0.011427597236945758,0.002084492942340479
11.8,0.5541666666666667,0.011336900770639934,0.002068012830990987
11.8,0.5625,0.011246875208848303,0.0020516535065326145
11.8,0.5708333333333333,0.011157515274508405,0.002035414012965757
11.8,0.5791666666666667,0.01106881572857169,0.0020192934013035986
11.8,0.5875,0.010980771369705485,0.002003290729516565
11.8,0.5958333333333333,0.010893377033996442,0.001987405062477154
11.8,0.6041666666666666,0.010806627594656436,0.001971635471905219
11.8,0.6125,0.010720517961730599,0.001955981036313582
11.8,0.6208333333333333,0.010635043081807198,0.0019404408409541389
11.8,0.6291666666666667,0.010550197937729799,0.0019250139777642406
11.8,0.6375,0.010465977548311425,0.0019096995453135902
11.8,0.6458333333333334,0.010382376968050654,0.0018944966487514394
11.8,0.6541666666666667,0.010299391286849882,0.001879404399754199
11.8,0.6625,0.01021701562973545,0.0018644219164734648
11.8,0.6708333333333333,0.010135245156579879,0.0018495483234843566
11.8,0.6791666666666667,0.01005407506182596,0.0018347827517342877
11.8,0.6875,0.009973500574212937,0.0018201243384921028
11.8,0.6958333333333333,0.009893516956504493,0.001805572227297535
11.8,0.7041666666666667,0.009814119505218655,0.0017911255679111178
11.8,0.7125,0.009735303550359821,0.0017767835162643714
11.8,0.7208333333333333,0.00965706445515241,0.0017625452344104248
11.8,0.7291666666666666,0.009579397615776544,0.0017484098904749328
11.8,0.7375,0.009502298461105561,0.0017343766586074107
11.8,0.7458333333333333,0.009425762452445379,0.0017204447189328785
11.8,0.7541666666666667,0.009349785083275657,0.001706613257503858
11.8,0.7625,0.009274361878992844,0.0016928814662527398
11.8,0.7708333333333334,0.009199488396654996,0.0016792485429444955
11.8,0.7791666666666667,0.009125160224728347,0.001665713691129692
11.8,0.7875,0.009051372982835685,0.0016522761200978915
11.8,0.7958333333333333,0.008978122321506563,0.0016389350448313572
11.8,0.8041666666666667,0.008905403921929097,0.0016256896859591227
11.8,0.8125,0.008833213495703717,0.0016125392697113453
11.8,0.8208333333333333,0.008761546784598308,0.00159948302787405
11.8,0.8291666666666667,0.00869039956030546,0.0015865201977441237
11.8,0.8375,0.00861976762420114,0.0015736500220847216
11.8,0.8458333333333333,0.00854964680710501,0.0015608717490809066
11.8,0.8541666666666666,0.00848003296904268,0.0015481846322956626
11.8,0.8625,0.008410921999009282,0.0015355879306262195
11.8,0.8708333333333333,0.008342309814734997,0.001523080908260643
11.8,0.8791666666666667,0.008274192362451855,0.0015106628346348103
11.8,0.8875,0.00820656561666256,0.0014983329843896213
11.8,0.8958333333333334,0.008139425579910474,0.001486090637328564
11.8,0.9041666666666667,0.008072768282551619,0.0014739350783755498
11.8,0.9125,0.008006589782527804,0.0014618655975330837
11.8,0.9208333333333333,0.00794088616514181,0.001449881489840692
11.8,0.9291666666666667,0.00787565354283362,0.0014379820553336803
11.8,0.9375,0.0078108880549585865,0.0014261665990021564
11.8,0.9458333333333333,0.007746585867566801,0.001414434430750372
11.8,0.9541666666666667,0.007682743173184269,0.0014027848653563229
11.8,0.9625,0.007619356190595367,0.001391217222431653
11.8,0.9708333333333333,0.007556421164626811,0.0013797308263818473
11.8,0.9791666666666666,0.007493934365933238,0.0013683250063666803
11.8,0.9875,0.007431892090784096,0.0013569990962609667
11.8,0.9958333333333333,0.007370290660851986,0.001345752434615593
12.0,0.004166666666666667,0.018466267324325547,0.0033580508251994756
12.0,0.0125,0.018325418156721028,0.0033341570403916596
12.0,0.020833333333333332,0.018181745056924357,0.0033065615720356783
12.0,0.029166666666666667,0.018041436418397075,0.0032814595104322516
12.0,0.0375,0.01790194352268194,0.0032563087846241862
12.0,0.04583333333333333,0.017763237338274705,0.0032310869616559317
12.0,0.05416666666666667,0.017625576276443657,0.0032060590027656187
12.0,0.0625,0.017488994994069598,0.003181266066593644
12.0,0.07083333333333333,0.017353451777249042,0.003156672893153432
12.0,0.07916666666666666,0.01721891969006467,0.0031322589529665704
12.0,0.0875,0.017085390551656282,0.003108022424495761
12.0,0.09583333333333334,0.016952860809812485,0.003083966068095659
12.0,0.10416666666666667,0.016821324982981327,0.0030600906683798377
12.0,0.1125,0.01669077557140642,0.003036394945711064
12.0,0.12083333333333333,0.016561204486988085,0.0030128769864136568
12.0,0.12916666666666668,0.0164326038627778,0.0029895350526167592
12.0,0.1375,0.01630496616740965,0.0029663676970319943
12.0,0.14583333333333334,0.016178284060958597,0.0029433736191555033
12.0,0.15416666666666667,0.01605255026843939,0.002920551539108013
12.0,0.1625,0.015927757534495022,0.002897900152661691
12.0,0.17083333333333334,0.015803898628646108,0.002875418136826207
12.0,0.17916666666666667,0.015680966362872344,0.0028531041677635105
12.0,0.1875,0.015558953603090751,0.002830956932597479
12.0,0.19583333333333333,0.015437853272201091,0.0028089751327883706
12.0,0.20416666666666666,0.015317658348496577,0.0027871574828697353
12.0,0.2125,0.015198361863113003,0.002765502708221865
12.0,0.22083333333333333,0.015079956898236328,0.002744009543600892
12.0,0.22916666666666666,0.014962436586273274,0.0027226767326289456
12.0,0.2375,0.01484579410958367,0.0027015030278433536
12.0,0.24583333333333332,0.014730022700361712,0.0026804871908928276
12.0,0.25416666666666665,0.014615115640449192,0.0026596279926629444
12.0,0.2625,0.01450106626103319,0.0026389242132840657
12.0,0.2708333333333333,0.014387867942265422,0.002618374642058666
12.0,0.2791666666666667,0.01427551411285317,0.0025979780773577976
12.0,0.2875,0.014163998249654948,0.002577733326520235
12.0,0.29583333333333334,0.014053313877292604,0.0025576392057658345
12.0,0.30416666666666664,0.013943454567779007,0.002537694540122162
12.0,0.3125,0.013834413940154984,0.0025178981633585066
12.0,0.32083333333333336,0.013726185660130926,0.0024982489179219804
12.0,0.32916666666666666,0.013618763439729842,0.0024787456548731436
12.0,0.3375,0.013512141036930953,0.0024593872338202747
12.0,0.3458333333333333,0.013406312255314991,0.002440172522852721
12.0,0.3541666666666667,0.013301270943710943,0.0024211003984741554
12.0,0.3625,0.01319701099584568,0.002402169745536157
12.0,0.37083333333333335,0.013093526349995964,0.0023833794571724853
12.0,0.37916666666666665,0.012990810988643423,0.0023647284347340695
12.0,0.3875,0.012888858938132084,0.0023462155877246723
12.0,0.3958333333333333,0.012787664268328659,0.002327839833737034
12.0,0.4041666666666667,0.012687221092284972,0.002309600098389588
12.0,0.4125,0.012587523565903187,0.002291495315263586
12.0,0.42083333333333334,0.012488565887603184,0.0022735244258406616
12.0,0.42916666666666664,0.012390342297992437,0.00225568637944081
12.0,0.4375,0.012292847079538254,0.00223798013316089
12.0,0.44583333333333336,0.01219607455624236,0.002220404651813488
12.0,0.45416666666666666,0.012100019093317869,0.0022029589078663052
12.0,0.4625,0.012004675096868495,0.0021856418813819565
12.0,0.4708333333333333,0.011910037013570384,0.0021684525599582477
12.0,0.4791666666666667,0.011816099330355812,0.002151389938668872
12.0,0.4875,0.011722856574099556,0.002134453020004559
12.0,0.49583333333333335,0.011630303311307235,0.0021176408138146464
12.0,0.5041666666666667,0.011538434147806136,0.002100952337249114
12.0,0.5125,0.01144724372843814,0.0020843866147010016
12.0,0.5208333333333334,0.011356726736754908,0.0020679426777492765
12.0,0.5291666666666667,0.011266877894715066,0.0020516195651021315
12.0,0.5375,0.011177691962383994,0.00203541632254068
12.0,0.5458333333333333,0.01108916373763536,0.0020193320028630475
12.0,0.5541666666666667,0.011001288055854992,0.0020033656658289497
12.0,0.5625,0.01091405978964681,0.001987516378104581
12.0,0.5708333333333333,0.010827473848541054,0.001971783213207995
12.0,0.5791666666666667,0.010741525178704124,0.001956165251454824
12.0,0.5875,0.010656208762651234,0.0019406615799044313
12.0,0.5958333333333333,0.010571519618960431,0.0019252712923064341
12.0,0.6041666666666666,0.010487452801988987,0.0019099934890476654
12.0,0.6125,0.010404003401591913,0.0018948272770994458
12.0,0.6208333333333333,0.010321166542842177,0.0018797717699653464
12.0,0.6291666666666667,0.010238937385753159,0.001864826087629212
12.0,0.6375,0.010157311125003083,0.0018499893565036842
12.0,0.6458333333333334,0.010076282989661222,0.001835260709379015
12.0,0.6541666666666667,0.00999584824291627,0.001820639285372287
12.0,0.6625,0.009916002181806514,0.0018061242298770246
12.0,0.6708333333333333,0.009836740136951983,0.0017917146945131256
12.0,0.6791666666666667,0.009758057472288457,0.001777409837077192
12.0,0.6875,0.00967994958480345,0.00176320882149323
12.0,0.6958333333333333,0.009602411904273956,0.0017491108177636625
12.0,0.7041666666666667,0.009525439893006032,0.0017351150019207647
12.0,0.7125,0.009449029045576476,0.001721220555978383
12.0,0.7208333333333333,0.009373174888576004,0.0017074266678840737
12.0,0.7291666666666666,0.009297872980354428,0.0016937325314715199
12.0,0.7375,0.009223118910767608,0.0016801373464133628
12.0,0.7458333333333333,0.009148908300926193,0.001666640318174321
12.0,0.7541666666666667,0.009075236802946056,0.0016532406579646652
12.0,0.7625,0.009002100099700615,0.0016399375826940464
12.0,0.7708333333333334,0.008929493904574806,0.0016267303149256518
12.0,0.7791666666666667,0.00885741396122078,0.0016136180828306675
12.0,0.7875,0.008785856043315329,0.0016006001201430984
12.0,0.7958333333333333,0.008714815954319123,0.001587675666114903
12.0,0.8041666666666667,0.0086442895272374,0.0015748439654714682
12.0,0.8125,0.008574272624382642,0.0015621042683673565
12.0,0.8208333333333333,0.00850476113713849,0.001549455830342444
12.0,0.8291666666666667,0.008435750985725781,0.0015368979122782967
12.0,0.8375,0.008367238118969916,0.0015244297803549357
12.0,0.8458333333333333,0.008299218514069834,0.0015120507060078477
12.0,0.8541666666666666,0.008231688176368842,0.0014997599658853396
12.0,0.8625,0.00816464313912671,0.001487556841806208
12.0,0.8708333333333333,0.008098079463293703,0.0014754406207176584
12.0,0.8791666666666667,0.00803199323728577,0.0014634105946536033
12.0,0.8875,0.007966380576761758,0.00145146606069318
12.0,0.8958333333333334,0.007901237624401689,0.0014396063209196272
12.0,0.9041666666666667,0.007836560549687028,0.0014278306823794042
12.0,0.9125,0.007772345548681998,0.001416138457041653
12.0,0.9208333333333333,0.007708588843816946,0.0014045289617578946
12.0,0.9291666666666667,0.00764528668367262,0.001393001518222057
12.0,0.9375,0.007582435342766418,0.001381555452930754
12.0,0.9458333333333333,0.007520031121339748,0.0013701900971438757
12.0,0.9541666666666667,0.007458070345147105,0.001358904786845429
12.0,0.9625,0.00739654936524646,0.001347698862704669
12.0,0.9708333333333333,0.007335464557791041,0.0013365716700375163
12.0,0.9791666666666666,0.007274812323822695,0.0013255225587682183
12.0,0.9875,0.007214589089066541,0.001314550883391307
12.0,0.9958333333333333,0.007154791303726983,0.0013036560029338236
12.200000000000001,0.004166666666666667,0.01788828097714344,0.0032534526363847977
12.200000000000001,0.0125,0.017752061194020695,0.003230263043484507
12.200000000000001,0.020833333333333332,0.0176131556152778,0.0032035417455574117
12.200000000000001,0.029166666666666667,0.0174775006954833,0.0031792316489750055
12.200000000000001,0.0375,0.017342609914028407,0.0031548526374035324
12.200000000000001,0.04583333333333333,0.017208482021060276,0.003130409818111377
12.200000000000001,0.05416666666666667,0.01707536781907453,0.003106160303920654
12.200000000000001,0.0625,0.016943295424914545,0.0030821384755619487
12.200000000000001,0.07083333333333333,0.01681222309335933,0.0030583088056165787
12.200000000000001,0.07916666666666666,0.016682125645722645,0.00303465228746729
12.200000000000001,0.0875,0.016552995898587646,0.0030111678643819253
12.200000000000001,0.09583333333333334,0.01642483053383113,0.0029878582998839618
12.200000000000001,0.10416666666666667,0.01629762411849993,0.0029647241979724108
12.200000000000001,0.1125,0.01617136930470818,0.0029417642033605696
12.200000000000001,0.12083333333333333,0.01604605826730177,0.0029189764394790757
12.200000000000001,0.12916666666666668,0.01592168343958032,0.0028963592445341788
12.200000000000001,0.1375,0.01579823757974934,0.0028739112382937305
12.200000000000001,0.14583333333333334,0.015675713617155158,0.002851631168653429
12.200000000000001,0.15416666666666667,0.01555410453384542,0.0028295177935262943
12.200000000000001,0.1625,0.015433403328041852,0.002807569844641658
12.200000000000001,0.17083333333333334,0.015313603023276638,0.002785786037006095
12.200000000000001,0.17916666666666667,0.015194696686027478,0.002764165086859852
12.200000000000001,0.1875,0.015076677435922317,0.002742705722201021
12.200000000000001,0.19583333333333333,0.014959538447745986,0.002721406685109393
12.200000000000001,0.20416666666666666,0.014843272949451917,0.00270026673007265
12.200000000000001,0.2125,0.014727874219657275,0.0026792846217941323
12.200000000000001,0.22083333333333333,0.01461333558604435,0.002658459133904167
12.200000000000001,0.22916666666666666,0.01449965042469129,0.002637789048598853
12.200000000000001,0.2375,0.01438681215988076,0.0026172731567541394
12.200000000000001,0.24583333333333332,0.014274814263995265,0.002596910258124761
12.200000000000001,0.25416666666666665,0.014163650257319771,0.0025766991614478542
12.200000000000001,0.2625,0.014053313707730048,0.002556638684430265
12.200000000000001,0.2708333333333333,0.013943798230313173,0.002536727653666009
12.200000000000001,0.2791666666666667,0.01383509748696933,0.002516964904532563
12.200000000000001,0.2875,0.013727205186023267,0.0024973492810948313
12.200000000000001,0.29583333333333334,0.013620115081853044,0.002477879636024258
12.200000000000001,0.30416666666666664,0.013513820974533066,0.0024585548305300583
12.200000000000001,0.3125,0.013408316709484907,0.0024393737342963224
12.200000000000001,0.32083333333333336,0.013303596177131529,0.002420335225420134
12.200000000000001,0.32916666666666666,0.013199653312552509,0.0024014381903487755
12.200000000000001,0.3375,0.013096482095139706,0.0023826815238155753
12.200000000000001,0.3458333333333333,0.012994076548254789,0.002364064128775009
12.200000000000001,0.3541666666666667,0.012892430738888188,0.002345584916337889
12.200000000000001,0.3625,0.012791538777321101,0.00232724280570699
12.200000000000001,0.37083333333333335,0.012691394816789785,0.0023090367241133964
12.200000000000001,0.37916666666666665,0.012591993053152723,0.00229096560675354
12.200000000000001,0.3875,0.012493327724560223,0.002273028396726864
12.200000000000001,0.3958333333333333,0.01239539311112668,0.002255224044973947
12.200000000000001,0.4041666666666667,0.012298183534604873,0.002237551510215135
12.200000000000001,0.4125,0.012201693358062964,0.0022200097588895903
12.200000000000001,0.42083333333333334,0.012105916985563583,0.0022025977650947533
12.200000000000001,0.42916666666666664,0.012010848861845324,0.0021853145105262123
12.200000000000001,0.4375,0.011916483472006486,0.0021681589844180864
12.200000000000001,0.44583333333333336,0.01182281534119119,0.0021511301834837523
12.200000000000001,0.45416666666666666,0.011729839034277685,0.0021342271118570976
12.200000000000001,0.4625,0.011637549155568893,0.0021174487810341515
12.200000000000001,0.4708333333333333,0.011545940348485446,0.002100794209815196
12.200000000000001,0.4791666666666667,0.011455007295260548,0.002084262424247275
12.200000000000001,0.4875,0.011364744716637416,0.0020678524575671446
12.200000000000001,0.49583333333333335,0.011275147371568614,0.002051563350144633
12.200000000000001,0.5041666666666667,0.011186210056917788,0.0020353941494264437
12.200000000000001,0.5125,0.011097927607163445,0.0020193439098803363
12.200000000000001,0.5208333333333334,0.011010294894104905,0.0020034116929397447
12.200000000000001,0.5291666666666667,0.010923306826570178,0.0019875965669488055
12.200000000000001,0.5375,0.010836958350126356,0.0019718976071077814
12.200000000000001,0.5458333333333333,0.010751244446791717,0.001956313895418857
12.200000000000001,0.5541666666666667,0.010666160134750058,0.001940844520632412
12.200000000000001,0.5625,0.010581700468067032,0.0019254885781936075
12.200000000000001,0.5708333333333333,0.010497860536408707,0.0019102451701894251
12.200000000000001,0.5791666666666667,0.010414635464761653,0.0018951134052960538
12.200000000000001,0.5875,0.0103320204131558,0.0018800923987266865
12.200000000000001,0.5958333333333333,0.01025001057638855,0.0018651812721796833
12.200000000000001,0.6041666666666666,0.010168601183751251,0.0018503791537871543
12.200000000000001,0.6125,0.01008778749875767,0.001835685178063845
12.200000000000001,0.6208333333333333,0.010007564818874127,0.0018210984858565002
12.200000000000001,0.6291666666666667,0.009927928475251785,0.0018066182242934738
12.200000000000001,0.6375,0.009848873832460886,0.001792243546734833
12.200000000000001,0.6458333333333334,0.009770396288226627,0.0017779736127227354
12.200000000000001,0.6541666666666667,0.009692491273167203,0.0017638075879322032
12.200000000000001,0.6625,0.009615154250533546,0.0017497446441222817
12.200000000000001,0.6708333333333333,0.009538380715951002,0.0017357839590874916
12.200000000000001,0.6791666666666667,0.00946216619716275,0.0017219247166096966
12.200000000000001,0.6875,0.009386506253775228,0.001708166106410301
12.200000000000001,0.6958333333333333,0.009311396477005136,0.0016945073241027657
12.200000000000001,0.7041666666666667,0.00923683248942833,0.0016809475711455314
12.200000000000001,0.7125,0.009162809944730663,0.0016674860547952158
12.200000000000001,0.7208333333333333,0.009089324527460304,0.0016541219880602152
12.200000000000001,0.7291666666666666,0.009016371952781987,0.0016408545896545816
12.200000000000001,0.7375,0.008943947966232959,0.001627683083952297
12.200000000000001,0.7458333333333333,0.00887204834348071,0.0016146067009418297
12.200000000000001,0.7541666666666667,0.008800668890082254,0.0016016246761810327
12.200000000000001,0.7625,0.008729805441245303,0.001588736250752384
12.200000000000001,0.7708333333333334,0.008659453861590985,0.0015759406712185509
12.200000000000001,0.7791666666666667,0.0085896100449183,0.001563237189578243
12.200000000000001,0.7875,0.00852026991397015,0.001550625063222419
12.200000000000001,0.7958333333333333,0.00845142942020119,0.0015381035548907944
12.200000000000001,0.8041666666666667,0.008383084543547067,0.0015256719326286802
12.200000000000001,0.8125,0.008315231292195548,0.001513329469744088
12.200000000000001,0.8208333333333333,0.008247865702358912,0.0015010754447652088
12.200000000000001,0.8291666666666667,0.008180983838048302,0.0014889091413981261
12.200000000000001,0.8375,0.008114581790849422,0.0014768298484849056
12.200000000000001,0.8458333333333333,0.008048655679699772,0.0014648368599619256
12.200000000000001,0.8541666666666666,0.00798320165066771,0.0014529294748185351
12.200000000000001,0.8625,0.007918215876732627,0.0014411069970560228
12.200000000000001,0.8708333333333333,0.007853694557567154,0.0014293687356468215
12.200000000000001,0.8791666666666667,0.00778963391932033,0.0014177140044940887
12.200000000000001,0.8875,0.007726030214402838,0.001406142122391493
12.200000000000001,0.8958333333333334,0.007662879721273221,0.001394652412983352
12.200000000000001,0.9041666666666667,0.007600178744226009,0.0013832442047250054
12.200000000000001,0.9125,0.007537923613180898,0.0013719168308435165
12.200000000000001,0.9208333333333333,0.007476110683473867,0.001360669629298608
12.200000000000001,0.9291666666666667,0.007414736335649216,0.0013495019427439095
12.200000000000001,0.9375,0.007353796975253473,0.0013384131184884624
12.200000000000001,0.9458333333333333,0.007293289032630393,0.0013274025084585085
12.200000000000001,0.9541666666666667,0.0072332089627176206,0.0013164694691595374
12.200000000000001,0.9625,0.0071735532448445995,0.0013056133616386064
12.200000000000001,0.9708333333333333,0.0071143183825318574,0.0012948335514469428
12.200000000000001,0.9791666666666666,0.00705550090329177,0.0012841294086027829
12.200000000000001,0.9875,0.00699709735843063,0.0012735003075544883
12.200000000000001,0.9958333333333333,0.006939104322851995,0.0012629456271439376
12.4,0.004166666666666667,0.017317286742609597,0.0031522717627527714
12.4,0.0125,0.01718559489702782,0.00312976556075447
12.4,0.020833333333333332,0.017051348415127808,0.0031038895315920268
12.4,0.029166666666666667,0.01692024205963336,0.003080344654640433
12.4,0.0375,0.016789851302401664,0.0030567125726084395
12.4,0.04583333333333333,0.01666020060397037,0.00303302387144669
12.4,0.05416666666666667,0.016531532895216933,0.0030095275623532865
12.4,0.0625,0.016403870183933952,0.0029862516886919573
12.4,0.07083333333333333,0.016277170901632648,0.002963160673137317
12.4,0.07916666666666666,0.016151411584135453,0.002940236998606556
12.4,0.0875,0.016026585955208388,0.0029174802922283774
12.4,0.09583333333333334,0.015902690887561674,0.0028948932866776234
12.4,0.10416666666666667,0.015779720992646636,0.0028724764103034315
12.4,0.1125,0.015657669078636534,0.002850228245439409
12.4,0.12083333333333333,0.015536527580445263,0.0028281469587489215
12.4,0.12916666666666668,0.01541628922144102,0.0028062309632630434
12.4,0.1375,0.015296947036619981,0.002784478941876158
12.4,0.14583333333333334,0.015178494212515868,0.002762889687575094
12.4,0.15416666666666667,0.015060923977612474,0.002741461994168871
12.4,0.1625,0.014944229574059012,0.002720194628318653
12.4,0.17083333333333334,0.014828404270001006,0.0026990863421816366
12.4,0.17916666666666667,0.014713441376915172,0.0026781358910557846
12.4,0.1875,0.014599334258505372,0.002657342042583921
12.4,0.19583333333333333,0.014486076331772485,0.002636703578129423
12.4,0.20416666666666666,0.014373661064726847,0.002616219290791945
12.4,0.2125,0.014262081973976685,0.0025958879832973275
12.4,0.22083333333333333,0.014151332623326048,0.0025757084668944046
12.4,0.22916666666666666,0.014041406623249184,0.0025556795611264022
12.4,0.2375,0.013932297630758943,0.002535800093993876
12.4,0.24583333333333332,0.013823999349307208,0.002516068902147895
12.4,0.25416666666666665,0.013716505528574955,0.002496484830970324
12.4,0.2625,0.01360980996415272,0.002477046734542604
12.4,0.2708333333333333,0.013503906497164505,0.0024577534755559423
12.4,0.2791666666666667,0.013398789013881564,0.0024386039252090987
12.4,0.2875,0.01329445144534966,0.0024195969631176685
12.4,0.29583333333333334,0.01319088776703374,0.0024007314772387114
12.4,0.30416666666666664,0.013088091998475368,0.002382006363806092
12.4,0.3125,0.012986058202956483,0.0023634205272702424
12.4,0.32083333333333336,0.012884780487165567,0.0023449728802380555
12.4,0.32916666666666666,0.012784253000864422,0.0023266623434115698
12.4,0.3375,0.012684469936555483,0.002308487845525378
12.4,0.3458333333333333,0.012585425529151014,0.0022904483232834803
12.4,0.3541666666666667,0.012487114055643924,0.002272542721296393
12.4,0.3625,0.012389529834781572,0.0022547699920187816
12.4,0.37083333333333335,0.01229266722674184,0.002237129095687815
12.4,0.37916666666666665,0.012196520632811958,0.0022196190002621834
12.4,0.3875,0.012101084495069653,0.0022022386813616924
12.4,0.3958333333333333,0.012006353296066898,0.0021849871222072896
12.4,0.4041666666666667,0.011912321558515517,0.002167863313561558
12.4,0.4125,0.011818983844975511,0.0021508662536696226
12.4,0.42083333333333334,0.011726334757545302,0.0021339949482004484
12.4,0.42916666666666664,0.01163436893755438,0.00211724841018855
12.4,0.4375,0.011543081065258086,0.00210062565997619
12.4,0.44583333333333336,0.01145246585953468,0.0020841257251559176
12.4,0.45416666666666666,0.011362518077584607,0.0020677476405136157
12.4,0.4625,0.011273232514631804,0.0020514904479719243
12.4,0.4708333333333333,0.011184604003627523,0.002035353196534114
12.4,0.4791666666666667,0.01109662741495584,0.002019334942228353
12.4,0.4875,0.011009297656141703,0.002003434748052409
12.4,0.49583333333333335,0.010922609671560793,0.0019876516839187246
12.4,0.5041666666666667,0.010836558442151704,0.001971984826599952
12.4,0.5125,0.010751138985130086,0.00195643325967483
12.4,0.5208333333333334,0.010666346353704925,0.0019409960734745014
12.4,0.5291666666666667,0.010582175636796642,0.0019256723650292174
12.4,0.5375,0.010498621958757651,0.0019104612380154281
12.4,0.5458333333333333,0.010415680479094545,0.001895361802703241
12.4,0.5541666666666667,0.010333346392192468,0.0018803731759043298
12.4,0.5625,0.010251614927041394,0.0018654944809201569
12.4,0.5708333333333333,0.010170481346964575,0.0018507248474906304
12.4,0.5791666666666667,0.010089940949348442,0.0018360634117430999
12.4,0.5875,0.010009989065375209,0.0018215093161417486
12.4,0.5958333333333333,0.009930621059756667,0.001807061709437343
12.4,0.6041666666666666,0.00985183233047029,0.0017927197466173818
12.4,0.6125,0.009773618308497208,0.001778482588856553
12.4,0.6208333333333333,0.009695974457561882,0.0017643494034676377
12.4,0.6291666666666667,0.009618896273873778,0.0017503193638526663
12.4,0.6375,0.009542379285870976,0.001736391649454544
12.4,0.6458333333333334,0.009466419053965312,0.00172256544570895
12.4,0.6541666666666667,0.009391011170289666,0.001708839943996611
12.4,0.6625,0.009316151258446844,0.0016952143415959586
12.4,0.6708333333333333,0.009241834973260385,0.0016816878416360645
12.4,0.6791666666666667,0.009168058000526991,0.0016682596530499805
12.4,0.6875,0.009094816056770925,0.0016549289905283954
12.4,0.6958333333333333,0.009022104888999955,0.0016416950744736077
12.4,0.7041666666666667,0.008949920274463098,0.0016285571309538837
12.4,0.7125,0.008878258020410227,0.0016155143916580894
12.4,0.7208333333333333,0.00880711396385316,0.001602566093850713
12.4,0.7291666666666666,0.00873648397132856,0.0015897114803271484
12.4,0.7375,0.008666363938662512,0.0015769497993693693
12.4,0.7458333333333333,0.008596749790736815,0.0015642803047018789
12.4,0.7541666666666667,0.008527637481256747,0.0015517022554479864
12.4,0.7625,0.008459022992520701,0.001539214916086414
12.4,0.7708333333333334,0.008390902335191278,0.0015268175564082246
12.4,0.7791666666666667,0.008323271548068075,0.001514509451474022
12.4,0.7875,0.008256126697861996,0.0015022898815715015
12.4,0.7958333333333333,0.008189463878971312,0.0014901581321732854
12.4,0.8041666666666667,0.008123279213259076,0.0014781134938950818
12.4,0.8125,0.008057568849832344,0.0014661552624541064
12.4,0.8208333333333333,0.007992328964822628,0.00145428273862786
12.4,0.8291666666666667,0.007927555761168261,0.0014424952282131342
12.4,0.8375,0.007863245468398021,0.0014307920419853845
12.4,0.8458333333333333,0.00779939434241628,0.0014191724956583393
12.4,0.8541666666666666,0.007735998665289892,0.0014076359098439176
12.4,0.8625,0.007673054745036185,0.0013961816100124596
12.4,0.8708333333333333,0.007610558915412854,0.0013848089264531765
12.4,0.8791666666666667,0.007548507535708873,0.0013735171942349694
12.4,0.8875,0.007486896990537341,0.0013623057531674451
12.4,0.8958333333333334,0.0074257236896292786,0.0013511739477622775
12.4,0.9041666666666667,0.007364984067629317,0.0013401211271947904
12.4,0.9125,0.007304674583892341,0.0013291466452658648
12.4,0.9208333333333333,0.007244791722282044,0.00131824986036407
12.4,0.9291666666666667,0.007185331990970361,0.0013074301354280974
12.4,0.9375,0.007126291922238717,0.0012966868379094413
12.4,0.9458333333333333,0.007067668072280313,0.0012860193397353631
12.4,0.9541666666666667,0.007009457021004048,0.0012754270172720958
12.4,0.9625,0.006951655371839602,0.0012649092512883224
12.4,0.9708333333333333,0.00689425975154389,0.0012544654269189208
12.4,0.9791666666666666,0.006837266810008926,0.0012440949336289388
12.4,0.9875,0.006780673220070944,0.0012337971651778458
12.4,0.9958333333333333,0.006724475677320775,0.0012235715195840387
12.6,0.004166666666666667,0.016755486354569533,0.003054387014467393
12.6,0.0125,0.016628210623772854,0.0030325440128091113
12.6,0.020833333333333332,0.016498504850103464,0.003007485365778865
12.6,0.029166666666666667,0.016371831944817207,0.0029846799757065083
12.6,0.0375,0.016245829033440243,0.0029617709150433894
12.6,0.04583333333333333,0.016120544319047133,0.0029388122899890123
12.6,0.05416666666666667,0.015996212659352013,0.0029160448179161385
12.6,0.0625,0.015872850372619395,0.002893490633612292
12.6,0.07083333333333333,0.01575041625149704,0.0028711143034424215
12.6,0.07916666666666666,0.015628888496491352,0.002848899759151354
12.6,0.0875,0.015508261652766227,0.0028268472349873334
12.6,0.09583333333333334,0.01538853274590284,0.0028049594037840644
12.6,0.10416666666666667,0.015269696429491459,0.0027832365248720344
12.6,0.1125,0.015151745671516566,0.002761677130781369
12.6,0.12083333333333333,0.015034673163264015,0.0027402794364640632
12.6,0.12916666666666668,0.01491847190775203,0.0027190419280377523
12.6,0.1375,0.01480313520430277,0.0026979633476678605
12.6,0.14583333333333334,0.014688656485066834,0.002677042530400332
12.6,0.15416666666666667,0.014575029214819688,0.0026562783042641215
12.6,0.1625,0.014462246870310655,0.002635669469923605
12.6,0.17083333333333334,0.014350302955139591,0.002615214815857203
12.6,0.17916666666666667,0.014239191016499222,0.0025949131353986085
12.6,0.1875,0.014128904652761958,0.002574763234620812
12.6,0.19583333333333333,0.014019437513720303,0.0025547639328715004
12.6,0.20416666666666666,0.013910783298090661,0.0025349140605694536
12.6,0.2125,0.013802935751232086,0.0025152124572140467
12.6,0.22083333333333333,0.013695888663937873,0.0024956579704651025
12.6,0.22916666666666666,0.013589635872036071,0.0024762494560299692
12.6,0.2375,0.01348417125630271,0.0024569857778607715
12.6,0.24583333333333332,0.013379488742360177,0.00243786580833521
12.6,0.25416666666666665,0.013275582300453944,0.0024188884283131624
12.6,0.2625,0.013172445945127061,0.002400052527089326
12.6,0.2708333333333333,0.013070073734849452,0.0023813570022985712
12.6,0.2791666666666667,0.012968459771644564,0.002362800759816554
12.6,0.2875,0.012867598200732227,0.0023443827136745694
12.6,0.29583333333333334,0.012767483210188422,0.0023261017859893497
12.6,0.30416666666666664,0.01266810903061624,0.002307956906902031
12.6,0.3125,0.012569469934821722,0.0022899470145201924
12.6,0.32083333333333336,0.012471560237491318,0.0022720710548593337
12.6,0.32916666666666666,0.012374374294869773,0.002254327981782977
12.6,0.3375,0.012277906504438581,0.00223671675694163
12.6,0.3458333333333333,0.01218215130459647,0.002219236349711396
12.6,0.3541666666666667,0.01208710317434159,0.0022018857371329777
12.6,0.3625,0.011992756632956668,0.0021846639038512693
12.6,0.37083333333333335,0.011899106239696365,0.0021675698420556572
12.6,0.37916666666666665,0.011806146593477253,0.002150602551420945
12.6,0.3875,0.011713872332570081,0.0021337610390488133
12.6,0.3958333333333333,0.011622278134294417,0.0021170443194096712
12.6,0.4041666666666667,0.011531358714715228,0.0021004514142849637
12.6,0.4125,0.011441108828341921,0.0020839813527098678
12.6,0.42083333333333334,0.011351523267829395,0.0020676331709163823
12.6,0.42916666666666664,0.011262596863681308,0.002051405912276804
12.6,0.4375,0.011174324483955458,0.002035298627247698
12.6,0.44583333333333336,0.011086701033971387,0.0020193103733141845
12.6,0.45416666666666666,0.010999721456020054,0.002003440214934734
12.6,0.4625,0.010913380729075555,0.001987687223486311
12.6,0.4708333333333333,0.010827673868509205,0.0019720504772099646
12.6,0.4791666666666667,0.010742595925805303,0.0019565290611567973
12.6,0.4875,0.010658141988279293,0.0019411220671343543
12.6,0.49583333333333335,0.010574307178797752,0.001925828593653376
12.6,0.5041666666666667,0.010491086655500548,0.0019106477458749934
12.6,0.5125,0.01040847561152494,0.0018955786355582599
12.6,0.5208333333333334,0.010326469274731714,0.0018806203810081087
12.6,0.5291666666666667,0.010245062907433116,0.0018657721070236778
12.6,0.5375,0.010164251806123103,0.001851032944847023
12.6,0.5458333333333333,0.01008403130120923,0.0018364020321121777
12.6,0.5541666666666667,0.010004396756746595,0.001821878512794653
12.6,0.5625,0.009925343570173698,0.001807461537161243
12.6,0.5708333333333333,0.009846867172050295,0.0017931502617202476
12.6,0.5791666666666667,0.009768963025796744,0.0017789438491720249
12.6,0.5875,0.009691626627435944,0.0017648414683599303
12.6,0.5958333333333333,0.00961485350533636,0.0017508422942216027
12.6,0.6041666666666666,0.009538639219957392,0.0017369455077406288
12.6,0.6125,0.009462979363596444,0.0017231502958985243
12.6,0.6208333333333333,0.009387869560137728,0.00170945585162713
12.6,0.6291666666666667,0.009313305464802907,0.001695861373761262
12.6,0.6375,0.009239282763903699,0.001682366066991813
12.6,0.6458333333333334,0.009165797174595902,0.001668969141819121
12.6,0.6541666666666667,0.009092844444635479,0.0016556698145067045
12.6,0.6625,0.009020420352136292,0.0016424673070353623
12.6,0.6708333333333333,0.008948520705329551,0.0016293608470575472
12.6,0.6791666666666667,0.008877141342324934,0.0016163496678521336
12.6,0.6875,0.008806278130873554,0.0016034330082794867
12.6,0.6958333333333333,0.008735926968132454,0.001590610112736845
12.6,0.7041666666666667,0.008666083780430846,0.0015778802311140708
12.6,0.7125,0.008596744523038099,0.0015652426187496716
12.6,0.7208333333333333,0.008527905179933206,0.00155269653638719
12.6,0.7291666666666666,0.008459561763575995,0.0015402412501318605
12.6,0.7375,0.008391710314679961,0.0015278760314076348
12.6,0.7458333333333333,0.008324346901986735,0.0015156001569144788
12.6,0.7541666666666667,0.008257467622041973,0.0015034129085859864
12.6,0.7625,0.008191068598973101,0.001491313573547311
12.6,0.7708333333333334,0.008125145984268422,0.0014793014440734082
12.6,0.7791666666666667,0.008059695956557896,0.0014673758175475472
12.6,0.7875,0.00799471472139533,0.001455535996420157
12.6,0.7958333333333333,0.007930198511042347,0.0014437812881679531
12.6,0.8041666666666667,0.007866143584253579,0.001432111005253371
12.6,0.8125,0.007802546226063658,0.0014205244650842635
12.6,0.8208333333333333,0.0077394027475753985,0.0014090209899739344
12.6,0.8291666666666667,0.007676709485749793,0.0013975999071014012
12.6,0.8375,0.007614462803197243,0.0013862605484720083
12.6,0.8458333333333333,0.007552659087970276,0.0013750022508782695
12.6,0.8541666666666666,0.007491294753357936,0.0013638243558610162
12.6,0.8625,0.007430366237681207,0.0013527262096708387
12.6,0.8708333333333333,0.007369870004090338,0.0013417071632297454
12.6,0.8791666666666667,0.007309802540363093,0.0013307665720931842
12.6,0.8875,0.007250160358704903,0.0013199037964122479
12.6,0.8958333333333334,0.007190939995549934,0.0013091182008962156
12.6,0.9041666666666667,0.007132138011363967,0.0012984091547753142
12.6,0.9125,0.007073750990448217,0.0012877760317637865
12.6,0.9208333333333333,0.007015775540744987,0.001277218210023183
12.6,0.9291666666666667,0.006958208293644191,0.0012667350721259458
12.6,0.9375,0.006901045903791595,0.0012563260050192273
12.6,0.9458333333333333,0.006844285048898108,0.0012459903999889888
12.6,0.9541666666666667,0.006787922429550617,0.0012357276526243327
12.6,0.9625,0.006731954769023948,0.001225537162782096
12.6,0.9708333333333333,0.0066763788130941686,0.0012154183345517051
12.6,0.9791666666666666,0.0066211913298532465,0.0012053705762202504
12.6,0.9875,0.006566389109524915,0.0011953933002378373
12.6,0.9958333333333333,0.006511968964281761,0.0011854859231831725
12.8,0.004166666666666667,0.016204661147270174,0.0029596820589612256
12.8,0.0125,0.01608168218706388,0.0029384826607630997
12.8,0.020833333333333332,0.015956391586640487,0.0029142144861256367
12.8,0.029166666666666667,0.015834029854156655,0.002892123817928156
12.8,0.0375,0.01571229531134559,0.0028699147100560676
12.8,0.04583333333333333,0.015591258036666751,0.0028476629308871763
12.8,0.05416666666666667,0.01547114466839061,0.0028256007666985564
12.8,0.0625,0.01535196624198566,0.002803744859372682
12.8,0.07083333333333333,0.015233682073639931,0.0027820600902372246
12.8,0.07916666666666666,0.015116271973014657,0.002760531793134215
12.8,0.0875,0.014999731225577637,0.0027391607370667818
12.8,0.09583333333333334,0.014884056976734247,0.0027179495106410922
12.8,0.10416666666666667,0.01476924392157041,0.002696898212117602
12.8,0.1125,0.014655285191161348,0.0026760053360264193
12.8,0.12083333333333333,0.014542173728776114,0.0026552691496758555
12.8,0.12916666666666668,0.014429902806563644,0.002634688210140247
12.8,0.1375,0.014318465976107276,0.0026142613151141853
12.8,0.14583333333333334,0.014207856904153342,0.0025939873389384835
12.8,0.15416666666666667,0.014098069282096759,0.0025738651423810924
12.8,0.1625,0.013989096812310068,0.0025538935592588625
12.8,0.17083333333333334,0.013880933224966812,0.002534071413552339
12.8,0.17916666666666667,0.01377357229395646,0.0025143975356089875
12.8,0.1875,0.013667007843190096,0.0024948707687357133
12.8,0.19583333333333333,0.013561233746120574,0.0024754899690035653
12.8,0.20416666666666666,0.013456243923118576,0.0024562540029061247
12.8,0.2125,0.013352032339349165,0.002437161745516602
12.8,0.22083333333333333,0.013248593003749662,0.0024182120797437926
12.8,0.22916666666666666,0.013145919968738711,0.0023994038963176443
12.8,0.2375,0.013044007330160978,0.002380736094007974
12.8,0.24583333333333332,0.012942849227178128,0.002362207579787908
12.8,0.25416666666666665,0.012842439842032274,0.0023438172688673795
12.8,0.2625,0.012742773399716707,0.00232556408463218
12.8,0.2708333333333333,0.012643844167612266,0.002307446958546664
12.8,0.2791666666666667,0.012545646455127478,0.0022894648300582055
12.8,0.2875,0.012448174613356658,0.0022716166465176903
12.8,0.29583333333333334,0.012351423034753936,0.0022539013631140492
12.8,0.30416666666666664,0.012255386152816817,0.0022363179428164016
12.8,0.3125,0.012160058441773407,0.002218865356318041
12.8,0.32083333333333336,0.01206543441627061,0.0022015425819793544
12.8,0.32916666666666666,0.011971508631062628,0.0021843486057693
12.8,0.3375,0.011878275680700202,0.0021672824212059312
12.8,0.3458333333333333,0.011785730199221939,0.002150343029296761
12.8,0.3541666666666667,0.011693866859847461,0.0021335294384796327
12.8,0.3625,0.011602680374673466,0.00211684066456422
12.8,0.37083333333333335,0.011512165494371868,0.0021002757306742064
12.8,0.37916666666666665,0.011422317007890516,0.0020838336671900465
12.8,0.3875,0.011333129742156051,0.0020675135116922255
12.8,0.3958333333333333,0.011244598561779083,0.002051314308904884
12.8,0.4041666666666667,0.011156718368761196,0.0020352351106398677
12.8,0.4125,0.011069484102204352,0.002019274975741165
12.8,0.42083333333333334,0.010982890738022234,0.0020034329700297313
12.8,0.42916666666666664,0.010896933288653763,0.001987708166248677
12.8,0.4375,0.010811606802778623,0.001972099644008957
12.8,0.44583333333333336,0.010726906365034946,0.001956606489735351
12.8,0.45416666666666666,0.010642827095738985,0.0019412277966129442
12.8,0.4625,0.010559364150606829,0.0019259626645339485
12.8,0.4708333333333333,0.010476512720478294,0.0019108102000449487
12.8,0.4791666666666667,0.010394268031042537,0.0018957695162945222
12.8,0.4875,0.010312625342565957,0.0018808397329812593
12.8,0.49583333333333335,0.010231579949621823,0.001866019976302145
12.8,0.5041666666666667,0.010151127180822037,0.0018513093789013608
12.8,0.5125,0.010071262398550775,0.0018367070798194158
12.8,0.5208333333333334,0.009991980998700066,0.0018222122244426935
12.8,0.5291666666666667,0.009913278410407185,0.0018078239644533551
12.8,0.5375,0.009835150095794137,0.0017935414577796122
12.8,0.5458333333333333,0.009757591549708887,0.0017793638685463457
12.8,0.5541666666666667,0.009680598299468511,0.0017652903670261413
12.8,0.5625,0.009604165904604148,0.0017513201295906312
12.8,0.5708333333333333,0.009528289956607964,0.0017374523386622287
12.8,0.5791666666666667,0.009452966078681513,0.0017236861826661948
12.8,0.5875,0.009378189925486597,0.001710020855983075
12.8,0.5958333333333333,0.00930395718289719,0.001696455558901469
12.8,0.6041666666666666,0.009230263567753652,0.00168298949757117
12.8,0.6125,0.009157104827618522,0.001669621883956613
12.8,0.6208333333333333,0.009084476740534083,0.0016563519357907165
12.8,0.6291666666666667,0.009012375114781623,0.001643178876528988
12.8,0.6375,0.008940795788642585,0.0016301019353040498
12.8,0.6458333333333334,0.00886973463016117,0.0016171203468804322
12.8,0.6541666666666667,0.008799187536908863,0.0016042333516097214
12.8,0.6625,0.008729150435750585,0.0015914401953860588
12.8,0.6708333333333333,0.008659619282612475,0.001578740129601907
12.8,0.6791666666666667,0.008590590062251312,0.0015661324111042006
12.8,0.6875,0.008522058788025729,0.0015536163021507836
12.8,0.6958333333333333,0.008454021501668864,0.001541191070367157
12.8,0.7041666666666667,0.008386474273062746,0.0015288559887035764
12.8,0.7125,0.008319413200014314,0.0015166103353924172
12.8,0.7208333333333333,0.008252834408032936,0.0015044533939058977
12.8,0.7291666666666666,0.008186734050109555,0.0014923844529140576
12.8,0.7375,0.00812110830649742,0.0014804028062430936
12.8,0.7458333333333333,0.008055953384494413,0.0014685077528339625
12.8,0.7541666666666667,0.007991265518226733,0.0014566985967012878
12.8,0.7625,0.007927040968434383,0.001444974646892577
12.8,0.7708333333333334,0.007863276022257965,0.0014333352174477369
12.8,0.7791666666666667,0.00779996699302708,0.0014217796273588539
12.8,0.7875,0.007737110220050132,0.001410307200530296
12.8,0.7958333333333333,0.00767470206840582,0.0013989172657390878
12.8,0.8041666666666667,0.007612738928735812,0.0013876091565955828
12.8,0.8125,0.0075512172170391564,0.001376382211504391
12.8,0.8208333333333333,0.007490133374467883,0.0013652357736256345
12.8,0.8291666666666667,0.007429483867124285,0.0013541691908364236
12.8,0.8375,0.007369265185859468,0.0013431818156926694
12.8,0.8458333333333333,0.0073094738460732925,0.0013322730053911274
12.8,0.8541666666666666,0.007250106387515933,0.0013214421217317286
12.8,0.8625,0.007191159374090465,0.0013106885310801997
12.8,0.8708333333333333,0.007132629393657257,0.001300011604330897
12.8,0.8791666666666667,0.007074513057839282,0.0012894107168699798
12.8,0.8875,0.007016807001829257,0.0012788852485387805
12.8,0.8958333333333334,0.00695950788419766,0.0012684345835974823
12.8,0.9041666666666667,0.006902612386702502,0.0012580581106890207
12.8,0.9125,0.006846117214100018,0.0012477552228032822
12.8,0.9208333333333333,0.006790019093957132,0.001237525317241516
12.8,0.9291666666666667,0.006734314776464737,0.0012273677955810301
12.8,0.9375,0.006679001034252661,0.001217282063640116
12.8,0.9458333333333333,0.0066240746622056364,0.0012072675314432448
12.8,0.9541666666666667,0.006569532477280774,0.0011973236131864887
12.8,0.9625,0.006515371318326091,0.0011874497272031962
12.8,0.9708333333333333,0.006461588045900394,0.001177645295929922
12.8,0.9791666666666666,0.006408179542094403,0.0011679097458725698
12.8,0.9875,0.006355142710353108,0.0011582425075727988
12.8,0.9958333333333333,0.006302474475299265,0.0011486430155746663
13.0,0.004166666666666667,0.015666215193094996,0.002868045195490939
13.0,0.0125,0.015547408546333616,0.002847470381069313
13.0,0.020833333333333332,0.015426402815042753,0.002823966709318422
13.0,0.029166666666666667,0.015308225174955682,0.002802566923199347
13.0,0.0375,0.015190634581376572,0.0027810355041841097
13.0,0.04583333333333333,0.015073721218780312,0.002759468122180543
13.0,0.05416666666666667,0.014957703409379542,0.002738088544410161
13.0,0.0625,0.014842587298737145,0.0027169083213286213
13.0,0.07083333333333333,0.014728332868574705,0.002695892799741416
13.0,0.07916666666666666,0.014614921477708459,0.0026750286640442916
13.0,0.0875,0.014502349075627401,0.0026543171501038246
13.0,0.09583333333333334,0.014390612899045904,0.002633760742110088
13.0,0.10416666666666667,0.014279707685240834,0.002613359386211363
13.0,0.1125,0.014169626731156923,0.0025931115499153875
13.0,0.12083333333333333,0.01406036322707475,0.0025730155560507806
13.0,0.12916666666666668,0.013951910703764283,0.002553070030211818
13.0,0.1375,0.013844262953461618,0.0025332738220244003
13.0,0.14583333333333334,0.013737413867051695,0.0025136258426157972
13.0,0.15416666666666667,0.013631357353352039,0.0024941249841833714
13.0,0.1625,0.013526087331743111,0.002474770112907465
13.0,0.17083333333333334,0.013421597750392924,0.0024555600874572427
13.0,0.17916666666666667,0.01331788260116217,0.002436493774174033
13.0,0.1875,0.013214935924679786,0.0024175700524237433
13.0,0.19583333333333333,0.013112751809250815,0.002398787813779286
13.0,0.20416666666666666,0.013011324388175496,0.0023801459596121287
13.0,0.2125,0.012910647837802705,0.002361643399416534
13.0,0.22083333333333333,0.012810716376683379,0.00234327905023123
13.0,0.22916666666666666,0.01271152426537075,0.0023250518367066023
13.0,0.2375,0.012613065806385076,0.00230696069133376
13.0,0.24583333333333332,0.012515335344093324,0.0022890045545871877
13.0,0.25416666666666665,0.012418327264460209,0.002271182374936372
13.0,0.2625,0.01232203599471732,0.0022534931087738698
13.0,0.2708333333333333,0.012226456003008068,0.0022359357203172604
13.0,0.2791666666666667,0.012131581798041682,0.002218509181518196
13.0,0.2875,0.012037407928766022,0.002201212471988409
13.0,0.29583333333333334,0.011943928984055018,0.00218404457893855
13.0,0.30416666666666664,0.011851139592404018,0.002167004497123054
13.0,0.3125,0.011759034421627738,0.0021500912287858247
13.0,0.32083333333333336,0.011667608178558674,0.0021333037836044843
13.0,0.32916666666666666,0.011576855608745877,0.002116641178633203
13.0,0.3375,0.01148677149615454,0.002100102438244798
13.0,0.3458333333333333,0.011397350662867832,0.002083686594072842
13.0,0.3541666666666667,0.01130858796879056,0.0020673926849543683
13.0,0.3625,0.011220478311355695,0.002051219756873213
13.0,0.37083333333333335,0.011133016625232896,0.002035166862904016
13.0,0.37916666666666665,0.011046197882039503,0.0020192330631567564
13.0,0.3875,0.010960017090053571,0.002003417424721738
13.0,0.3958333333333333,0.01087446929392912,0.001987719021614933
13.0,0.4041666666666667,0.010789549574413193,0.001972136934723722
13.0,0.4125,0.010705253048065183,0.0019566702517530175
13.0,0.42083333333333334,0.010621574866978081,0.001941318067171766
13.0,0.42916666666666664,0.010538510218501784,0.0019260794821598039
13.0,0.4375,0.010456054324968371,0.0019109536045552008
13.0,0.44583333333333336,0.010374202443419514,0.0018959395488018877
13.0,0.45416666666666666,0.010292949865335695,0.0018810364358977742
13.0,0.4625,0.010212291916367517,0.0018662433933431823
13.0,0.4708333333333333,0.010132223956069041,0.0018515595550897064
13.0,0.4791666666666667,0.010052741377632828,0.0018369840614894265
13.0,0.4875,0.009973839607627169,0.0018225160592445122
13.0,0.49583333333333335,0.00989551410573499,0.0018081547013571795
13.0,0.5041666666666667,0.00981776036449483,0.0017938991470800492
13.0,0.5125,0.009740573909043633,0.001779748561866829
13.0,0.5208333333333334,0.009663950296861387,0.0017657021173233972
13.0,0.5291666666666667,0.009587885117517566,0.0017517589911592352
13.0,0.5375,0.009512373992419557,0.0017379183671392135
13.0,0.5458333333333333,0.009437412574562761,0.0017241794350357168
13.0,0.5541666666666667,0.00936299654828261,0.0017105413905811715
13.0,0.5625,0.00928912162900827,0.0016970034354208685
13.0,0.5708333333333333,0.009215783563018299,0.0016835647770661701
13.0,0.5791666666666667,0.009142978127197686,0.0016702246288480404
13.0,0.5875,0.00907070112879725,0.0016569822098709266
13.0,0.5958333333333333,0.00899894840519414,0.0016438367449669738
13.0,0.6041666666666666,0.008927715823654491,0.0016307874646505891
13.0,0.6125,0.008856999281097616,0.0016178336050733102
13.0,0.6208333333333333,0.008786794703861935,0.001604974407979053
13.0,0.6291666666666667,0.008717098047472518,0.0015922091206596188
13.0,0.6375,0.008647905296410472,0.0015795369959106026
13.0,0.6458333333333334,0.008579212463883731,0.0015669572919875694
13.0,0.6541666666666667,0.008511015591599697,0.0015544692725625684
13.0,0.6625,0.008443310749539435,0.001542072206680984
13.0,0.6708333333333333,0.008376094035733488,0.0015297653687186567
13.0,0.6791666666666667,0.008309361576039226,0.0015175480383393678
13.0,0.6875,0.008243109523919987,0.0015054195004526054
13.0,0.6958333333333333,0.008177334060225546,0.0014933790451716312
13.0,0.7041666666666667,0.008112031392974312,0.0014814259677718904
13.0,0.7125,0.008047197757137062,0.0014695595686496686
13.0,0.7208333333333333,0.007982829414422146,0.001457779153281112
13.0,0.7291666666666666,0.007918922653062285,0.0014460840321814815
13.0,0.7375,0.007855473787602853,0.0014344735208647636
13.0,0.7458333333333333,0.0077924791586917366,0.0014229469398035358
13.0,0.7541666666666667,0.007729935132870493,0.0014115036143891235
13.0,0.7625,0.007667838102367258,0.001400142874892064
13.0,0.7708333333333334,0.007606184484890928,0.0013888640564228537
13.0,0.7791666666666667,0.007544970723426843,0.001377666498892959
13.0,0.7875,0.007484193286033926,0.0013665495469761348
13.0,0.7958333333333333,0.007423848665643335,0.0013555125500700066
13.0,0.8041666666666667,0.0073639333798583475,0.0013445548622579408
13.0,0.8125,0.007304443970755871,0.001333675842271169
13.0,0.8208333333333333,0.007245377004689153,0.0013228748534512209
13.0,0.8291666666666667,0.007186729072092049,0.0013121512637125823
13.0,0.8375,0.007128496787284592,0.0013015044455056662
13.0,0.8458333333333333,0.007070676788279848,0.0012909337757800185
13.0,0.8541666666666666,0.007013265736592373,0.0012804386359477958
13.0,0.8625,0.0069562603170476274,0.0012700184118475293
13.0,0.8708333333333333,0.006899657237593169,0.0012596724937080893
13.0,0.8791666666666667,0.006843453229110719,0.0012494002761129874
13.0,0.8875,0.0067876450452299866,0.0012392011579648592
13.0,0.8958333333333334,0.006732229462143383,0.0012290745424502552
13.0,0.9041666666666667,0.006677203278422368,0.0012190198370046396
13.0,0.9125,0.00662256331483473,0.0012090364532776838
13.0,0.9208333333333333,0.006568306414163568,0.001199123807098766
13.0,0.9291666666666667,0.006514429441027074,0.0011892813184427417
13.0,0.9375,0.006460929281699916,0.0011795084113959448
13.0,0.9458333333333333,0.006407802843935612,0.0011698045141224367
13.0,0.9541666666666667,0.006355047056790374,0.0011601690588304932
13.0,0.9625,0.006302658870447922,0.0011506014817393214
13.0,0.9708333333333333,0.006250635256045663,0.0011411012230460322
13.0,0.9791666666666666,0.006198973205502025,0.0011316677268928164
13.0,0.9875,0.006147669731345017,0.0011223004413343767
13.0,0.9958333333333333,0.006096721866541857,0.0011129988183055887
13.200000000000001,0.004166666666666667,0.01514121978835472,0.0027793691415921766
13.200000000000001,0.0125,0.015026457888250808,0.0027594004522727747
13.200000000000001,0.020833333333333332,0.014909603929200078,0.0027366362189057475
13.200000000000001,0.029166666666666667,0.014795480461447618,0.002715904359948756
13.200000000000001,0.0375,0.014681906418392262,0.002695029137399998
13.200000000000001,0.04583333333333333,0.014568990415857734,0.0026741244563832835
13.200000000000001,0.05416666666666667,0.014456942407869058,0.002653405521224471
13.200000000000001,0.0625,0.014345764028325108,0.0026328791774212976
13.200000000000001,0.07083333333333333,0.014235416047594419,0.0026125113685358083
13.200000000000001,0.07916666666666666,0.014125881310263351,0.0025922900742364027
13.200000000000001,0.0875,0.014017156358412903,0.0025722169338666515
13.200000000000001,0.09583333333333334,0.013909238495699703,0.0025522943108159356
13.200000000000001,0.10416666666666667,0.01380212250336677,0.002532522008817469
13.200000000000001,0.1125,0.013695801846486904,0.0025128984784773293
13.200000000000001,0.12083333333333333,0.01359026995689453,0.002493422100489551
13.200000000000001,0.12916666666666668,0.013485520613568332,0.002474091566299912
13.200000000000001,0.1375,0.01338154783828047,0.0024549057740343152
13.200000000000001,0.14583333333333334,0.013278345736160367,0.0024358636693396834
13.200000000000001,0.15416666666666667,0.013175908424718035,0.002416964174682341
13.200000000000001,0.1625,0.01307423003208857,0.002398206187865236
13.200000000000001,0.17083333333333334,0.012973304716167863,0.002379588601435125
13.200000000000001,0.17916666666666667,0.01287312667837313,0.002361110316711668
13.200000000000001,0.1875,0.01277369016755716,0.0023427702479688864
13.200000000000001,0.19583333333333333,0.012674989478408233,0.0023245673211001266
13.200000000000001,0.20416666666666666,0.012577018948772934,0.0023065004712038467
13.200000000000001,0.2125,0.012479772957898278,0.0022885686410871616
13.200000000000001,0.22083333333333333,0.012383245925747298,0.0022707707808403174
13.200000000000001,0.22916666666666666,0.01228743231287406,0.0022531058479694035
13.200000000000001,0.2375,0.012192326620398578,0.0022355728076264045
13.200000000000001,0.24583333333333332,0.012097923389872726,0.0022181706327289155
13.200000000000001,0.25416666666666665,0.01200421720302024,0.0022008983039517043
13.200000000000001,0.2625,0.011911202681406377,0.0021837548096462745
13.200000000000001,0.2708333333333333,0.01181887448609269,0.002166739145743714
13.200000000000001,0.2791666666666667,0.01172722731730499,0.0021498503156688075
13.200000000000001,0.2875,0.011636255914120243,0.0021330873302713403
13.200000000000001,0.29583333333333334,0.011545955054166586,0.0021164492077687625
13.200000000000001,0.30416666666666664,0.011456319553329741,0.0020999349736934
13.200000000000001,0.3125,0.01136734426546104,0.0020835436608396215
13.200000000000001,0.32083333333333336,0.011279024082085694,0.0020672743092093387
13.200000000000001,0.32916666666666666,0.011191353932111419,0.002051125965956198
13.200000000000001,0.3375,0.01110432878153803,0.0020350976853292504
13.200000000000001,0.3458333333333333,0.011017943633169415,0.0020191885286167948
13.200000000000001,0.3541666666666667,0.01093219352632731,0.0020033975640908665
13.200000000000001,0.3625,0.010847073536567862,0.0019877238669523795
13.200000000000001,0.37083333333333335,0.010762578775400157,0.001972166519276872
13.200000000000001,0.37916666666666665,0.010678704390007033,0.0019567246099607485
13.200000000000001,0.3875,0.0105954455629679,0.0019413972346679473
13.200000000000001,0.3958333333333333,0.010512797511983701,0.0019261834957769348
13.200000000000001,0.4041666666666667,0.010430755489603552,0.0019110825023280875
13.200000000000001,0.4125,0.010349314782953657,0.0018960933699714482
13.200000000000001,0.42083333333333334,0.01026847071346804,0.001881215220914856
13.200000000000001,0.42916666666666664,0.01018821863662129,0.001866447183872418
13.200000000000001,0.4375,0.010108553941663184,0.0018517883940134558
13.200000000000001,0.44583333333333336,0.01002947205135541,0.0018372379929117318
13.200000000000001,0.45416666666666666,0.009950968421710015,0.0018227951284951445
13.200000000000001,0.4625,0.009873038541729872,0.0018084589549957314
13.200000000000001,0.4708333333333333,0.00979567793315112,0.0017942286329000886
13.200000000000001,0.4791666666666667,0.00971888215018725,0.0017801033289001282
13.200000000000001,0.4875,0.00964264677927527,0.0017660822158442162
13.200000000000001,0.49583333333333335,0.009566967438823583,0.001752164472688654
13.200000000000001,0.5041666666666667,0.009491839778961748,0.0017383492844495465
13.200000000000001,0.5125,0.009417259481292071,0.001724635842154986
13.200000000000001,0.5208333333333334,0.009343222258642984,0.0017110233427976252
13.200000000000001,0.5291666666666667,0.009269723854824143,0.0016975109892875882
13.200000000000001,0.5375,0.009196760044383427,0.0016840979904057256
13.200000000000001,0.5458333333333333,0.009124326632365594,0.0016707835607571958
13.200000000000001,0.5541666666666667,0.009052419454072789,0.00165756692072544
13.200000000000001,0.5625,0.00898103437482663,0.0016444472964264397
13.200000000000001,0.5708333333333333,0.00891016728973227,0.0016314239196633484
13.200000000000001,0.5791666666666667,0.008839814123443685,0.00161849602788144
13.200000000000001,0.5875,0.00876997082993137,0.0016056628641233878
13.200000000000001,0.5958333333333333,0.008700633392250976,0.0015929236769848835
13.200000000000001,0.6041666666666666,0.008631797822314127,0.0015802777205705778
13.200000000000001,0.6125,0.00856346016066067,0.0015677242544503258
13.200000000000001,0.6208333333333333,0.008495616476232612,0.0015552625436157956
13.200000000000001,0.6291666666666667,0.00842826286614963,0.0015428918584373358
13.200000000000001,0.6375,0.008361395455486347,0.0015306114746212202
13.200000000000001,0.6458333333333334,0.008295010397050993,0.0015184206731671639
13.200000000000001,0.6541666666666667,0.008229103871165802,0.0015063187403261589
13.200000000000001,0.6625,0.008163672085449013,0.0014943049675586412
13.200000000000001,0.6708333333333333,0.008098711274598295,0.0014823786514929188
13.200000000000001,0.6791666666666667,0.008034217700175785,0.0014705390938839502
13.200000000000001,0.6875,0.00797018765039476,0.0014587856015723952
13.200000000000001,0.6958333333333333,0.007906617439907677,0.0014471174864439632
13.200000000000001,0.7041666666666667,0.007843503409595814,0.0014355340653890865
13.200000000000001,0.7125,0.007780841926360439,0.0014240346602628386
13.200000000000001,0.7208333333333333,0.0077186293829153915,0.0014126185978452068
13.200000000000001,0.7291666666666666,0.00765686219758119,0.0014012852098015793
13.200000000000001,0.7375,0.007595536814080595,0.0013900338326435938
13.200000000000001,0.7458333333333333,0.007534649701335681,0.001378863807690222
13.200000000000001,0.7541666666666667,0.0074741973532661795,0.0013677744810291434
13.200000000000001,0.7625,0.007414176288589485,0.0013567652034784125
13.200000000000001,0.7708333333333334,0.007354583050621928,0.001345835330548403
13.200000000000001,0.7791666666666667,0.0072954142070814805,0.0013349842224040038
13.200000000000001,0.7875,0.0072366663498918595,0.0013242112438271226
13.200000000000001,0.7958333333333333,0.007178336094988133,0.0013135157641794314
13.200000000000001,0.8041666666666667,0.0071204200821234605,0.001302897157365406
13.200000000000001,0.8125,0.007062914974677457,0.0012923548017956012
13.200000000000001,0.8208333333333333,0.007005817459465677,0.001281888080350227
13.200000000000001,0.8291666666666667,0.006949124246550635,0.0012714963803429498
13.200000000000001,0.8375,0.006892832069054062,0.0012611790934849878
13.200000000000001,0.8458333333333333,0.006836937682970411,0.0012509356158494412
13.200000000000001,0.8541666666666666,0.006781437866981933,0.0012407653478358808
13.200000000000001,0.8625,0.006726329422274641,0.0012306676941352189
13.200000000000001,0.8708333333333333,0.006671609172356031,0.0012206420636947711
13.200000000000001,0.8791666666666667,0.006617273962873602,0.001210687869683648
13.200000000000001,0.8875,0.00656332066143513,0.0012008045294583192
13.200000000000001,0.8958333333333334,0.006509746157429754,0.00119099146452848
13.200000000000001,0.9041666666666667,0.006456547361850676,0.0011812481005231145
13.200000000000001,0.9125,0.006403721207118732,0.0011715738671568493
13.200000000000001,0.9208333333333333,0.006351264646907633,0.0011619681981965043
13.200000000000001,0.9291666666666667,0.00629917465596998,0.0011524305314279085
13.200000000000001,0.9375,0.006247448229964805,0.0011429603086229377
13.200000000000001,0.9458333333333333,0.006196082385286075,0.0011335569755067927
13.200000000000001,0.9541666666666667,0.006145074158892644,0.001124219981725507
13.200000000000001,0.9625,0.006094420608139116,0.0011149487808136788
13.200000000000001,0.9708333333333333,0.006044118810608024,0.0011057428301624532
13.200000000000001,0.9791666666666666,0.005994165863943162,0.0010966015909876967
13.200000000000001,0.9875,0.005944558885684051,0.0010875245282984257
13.200000000000001,0.9958333333333333,0.005895295013101469,0.0010785111108654512
13.4,0.004166666666666667,0.014630457208060365,0.002693550830772607
13.4,0.0125,0.014519611021541555,0.0026741703530212316
13.4,0.020833333333333332,0.01440677456502197,0.0026521213646901365
13.4,0.029166666666666667,0.014296574120032197,0.0026320353246113825
13.4,0.0375,0.014186887861019723,0.0026117955463074854
13.4,0.04583333333333333,0.014077841251998142,0.0025915325949438426
13.4,0.05416666666666667,0.01396963586637338,0.002571453107444574
13.4,0.0625,0.01386226918938074,0.0025515595952166335
13.4,0.07083333333333333,0.01375570288573647,0.0025318187120877754
13.4,0.07916666666666666,0.01364992121997893,0.002512219674931433
13.4,0.0875,0.013544921260184372,0.0024927644676644442
13.4,0.09583333333333334,0.013440700356358448,0.002473455319918262
13.4,0.10416666666666667,0.013337253336332544,0.002454291903212563
13.4,0.1125,0.013234573835035415,0.00243527266050277
13.4,0.12083333333333333,0.013132655519997762,0.0024163960319580303
13.4,0.12916666666666668,0.01303149240816122,0.002397660772041699
13.4,0.1375,0.012931078740228254,0.0023790658241307576
13.4,0.14583333333333334,0.012831408826229601,0.002360610166350758
13.4,0.15416666666666667,0.012732476984087993,0.0023422927504051817
13.4,0.1625,0.012634277542794893,0.0023241125050154237
13.4,0.17083333333333334,0.012536804862023049,0.0023060683557954527
13.4,0.17916666666666667,0.012440053344649956,0.002288159238034599
13.4,0.1875,0.012344017439592762,0.0022703840997903985
13.4,0.19583333333333333,0.012248691639799239,0.002252741900135468
13.4,0.20416666666666666,0.012154070479625205,0.002235231606788824
13.4,0.2125,0.012060148533270818,0.0022178521948045277
13.4,0.22083333333333333,0.011966920414243286,0.0022006026462843735
13.4,0.22916666666666666,0.011874380775291328,0.0021834819505610905
13.4,0.2375,0.011782524308382178,0.0021664891044217032
13.4,0.24583333333333332,0.01169134574455235,0.002149623112203298
13.4,0.25416666666666665,0.01160083985363842,0.002132882985766646
13.4,0.2625,0.011511001443949145,0.002116267744409633
13.4,0.2708333333333333,0.011421825361931108,0.002099776414772327
13.4,0.2791666666666667,0.011333306491850492,0.0020834080307564344
13.4,0.2875,0.01124543975549344,0.0020671616334615637
13.4,0.29583333333333334,0.011158220111877816,0.00205103627113126
13.4,0.30416666666666664,0.011071642556969975,0.0020350309991022226
13.4,0.3125,0.010985702123402392,0.002019144879752788
13.4,0.32083333333333336,0.01090039388019136,0.0020033769824496384
13.4,0.32916666666666666,0.010815712932455127,0.00198772638349336
13.4,0.3375,0.010731654421133193,0.0019721921660636856
13.4,0.3458333333333333,0.010648213522708047,0.001956773420165043
13.4,0.3541666666666667,0.010565385448928651,0.0019414692425727975
13.4,0.3625,0.010483165446536699,0.0019262787367801185
13.4,0.37083333333333335,0.010401548796994684,0.0019112010129454134
13.4,0.37916666666666665,0.010320530816216209,0.0018962351878402223
13.4,0.3875,0.010240106854298154,0.0018813803847974975
13.4,0.3958333333333333,0.010160272295254996,0.0018666357336602042
13.4,0.4041666666666667,0.010081022556754665,0.0018520003707302936
13.4,0.4125,0.010002353089856652,0.0018374734387180398
13.4,0.42083333333333334,0.009924259378751884,0.001823054086691746
13.4,0.42916666666666664,0.00984673694050451,0.001808741470027788
13.4,0.4375,0.009769781324795522,0.001794534750361108
13.4,0.44583333333333336,0.009693388113668428,0.0017804330955359941
13.4,0.45416666666666666,0.009617552921276553,0.0017664356795572974
13.4,0.4625,0.009542271393632347,0.0017525416825419635
13.4,0.4708333333333333,0.009467539208358503,0.0017387502906709552
13.4,0.4791666666666667,0.009393352074440796,0.0017250606961415084
13.4,0.4875,0.009319705731982831,0.001711472097119758
13.4,0.49583333333333335,0.009246595951962472,0.0016979836976936922
13.4,0.5041666666666667,0.009174018535990126,0.001684594707826488
13.4,0.5125,0.00910196931606875,0.0016713043433101457
13.4,0.5208333333333334,0.00903044415435562,0.001658111825719505
13.4,0.5291666666666667,0.00895943894292576,0.0016450163823665926
13.4,0.5375,0.008888949603537177,0.0016320172462552956
13.4,0.5458333333333333,0.008818972087397733,0.0016191136560363547
13.4,0.5541666666666667,0.0087495023749338,0.0016063048559627438
13.4,0.5625,0.008680536475560434,0.0015935900958453113
13.4,0.5708333333333333,0.008612070427453438,0.0015809686310087985
13.4,0.5791666666666667,0.008544100297322676,0.0015684397222481589
13.4,0.5875,0.008476622180187627,0.0015560026357851924
13.4,0.5958333333333333,0.008409632199153937,0.001543656643225521
13.4,0.6041666666666666,0.00834312650519201,0.0015314010215158665
13.4,0.6125,0.00827710127691703,0.0015192350529016265
13.4,0.6208333333333333,0.00821155272037057,0.0015071580248848069
13.4,0.6291666666666667,0.008146477068803785,0.001495169230182199
13.4,0.6375,0.008081870582462227,0.0014832679666839258
13.4,0.6458333333333334,0.008017729548372094,0.00147145353741225
13.4,0.6541666666666667,0.007954050280128086,0.0014597252504806974
13.4,0.6625,0.007890829117682834,0.0014480824190534912
13.4,0.6708333333333333,0.00782806242713772,0.0014365243613052494
13.4,0.6791666666666667,0.007765746600535242,0.0014250504003810156
13.4,0.6875,0.007703878055652955,0.0014136598643565569
13.4,0.6958333333333333,0.007642453235798737,0.00140235208619895
13.4,0.7041666666666667,0.0075814686096076405,0.0013911264037274828
13.4,0.7125,0.007520920670840148,0.0013799821595747888
13.4,0.7208333333333333,0.007460805938181848,0.001368918701148335
13.4,0.7291666666666666,0.007401120955044586,0.0013579353805921069
13.4,0.7375,0.007341862289368987,0.0013470315547486511
13.4,0.7458333333333333,0.007283026533428475,0.0013362065851213456
13.4,0.7541666666666667,0.00722461030363449,0.0013254598378369482
13.4,0.7625,0.007166610240343333,0.00131479068360843
13.4,0.7708333333333334,0.00710902300766425,0.0013041984976980777
13.4,0.7791666666666667,0.007051845293268856,0.0012936826598808455
13.4,0.7875,0.006995073808201945,0.0012832425544079937
13.4,0.7958333333333333,0.00693870528669375,0.0012728775699709727
13.4,0.8041666666666667,0.006882736485973293,0.0012625870996655882
13.4,0.8125,0.006827164186083304,0.0012523705409563924
13.4,0.8208333333333333,0.006771985189696221,0.0012422272956413715
13.4,0.8291666666666667,0.006717196321931675,0.0012321567698168486
13.4,0.8375,0.0066627944301752015,0.001222158373842672
13.4,0.8458333333333333,0.0066087763838981,0.0012122315223076327
13.4,0.8541666666666666,0.006555139074478856,0.00120237563399513
13.4,0.8625,0.006501879415025427,0.001192590131849115
13.4,0.8708333333333333,0.006448994340199184,0.0011828744429402142
13.4,0.8791666666666667,0.006396480806039671,0.0011732279984321772
13.4,0.8875,0.006344335789791028,0.0011636502335484876
13.4,0.8958333333333334,0.0062925562897292245,0.0011541405875392704
13.4,0.9041666666666667,0.006241139324990825,0.0011446985036483884
13.4,0.9125,0.006190081935402632,0.001135323429080824
13.4,0.9208333333333333,0.006139381181312917,0.0011260148149702452
13.4,0.9291666666666667,0.0060890341434233965,0.001116772116346834
13.4,0.9375,0.006039037922622717,0.001107594792105328
13.4,0.9458333333333333,0.005989389639820829,0.0010984823049732964
13.4,0.9541666666666667,0.005940086435784786,0.0010894341214796363
13.4,0.9625,0.005891125470975418,0.001080449711923291
13.4,0.9708333333333333,0.0058425039253852855,0.001071528550342204
13.4,0.9791666666666666,0.005794218998377734,0.0010626701144824651
13.4,0.9875,0.005746267908527051,0.0010538738857677028
13.4,0.9958333333333333,0.005698647893459657,0.0010451393492686804
13.6,0.004166666666666667,0.01413446227988681,0.0026104912208108587
13.6,0.0125,0.014027402637001767,0.0025916815706958337
13.6,0.020833333333333332,0.013918449549444148,0.002570324472690574
13.6,0.029166666666666667,0.01381204104984021,0.0025508629535479477
13.6,0.0375,0.013706113745363058,0.002531238577671377
13.6,0.04583333333333333,0.013600808453292234,0.00251159708296737
13.6,0.05416666666666667,0.01349631838926956,0.0024921365693809467
13.6,0.0625,0.013392637237221904,0.0024728555690956716
13.6,0.07083333333333333,0.013289727645902551,0.0024537215433515615
13.6,0.07916666666666666,0.013187575232381751,0.002434724886209655
13.6,0.0875,0.013086177528894825,0.0024158678716723566
13.6,0.09583333333333334,0.012985531914614584,0.0023971525857259725
13.6,0.10416666666666667,0.01288563326722288,0.0023785785781800404
13.6,0.1125,0.012786475392699843,0.0023601442927229477
13.6,0.12083333333333333,0.012688052188092078,0.002341848229954186
13.6,0.12916666666666668,0.012590357898279093,0.0023236892044129305
13.6,0.1375,0.012493386972805765,0.002305666201670781
13.6,0.14583333333333334,0.012397133917792222,0.0022877782304999523
13.6,0.15416666666666667,0.012301593243723302,0.002270024270919253
13.6,0.1625,0.012206759472892011,0.002252403281891748
13.6,0.17083333333333334,0.012112627159109738,0.002234914221288059
13.6,0.17916666666666667,0.012019190898937394,0.0022175560573679475
13.6,0.1875,0.01192644533353206,0.0022003277708759913
13.6,0.19583333333333333,0.01183438514632126,0.002183228352963013
13.6,0.20416666666666666,0.011743005060476675,0.0021662568029049254
13.6,0.2125,0.011652299837544636,0.0021494121269769245
13.6,0.22083333333333333,0.011562264277040107,0.0021326933382888116
13.6,0.22916666666666666,0.011472893216426422,0.002116099457004966
13.6,0.2375,0.011384181531088012,0.0020996295105549204
13.6,0.24583333333333332,0.011296124134165565,0.0020832825337050993
13.6,0.25416666666666665,0.011208715976279565,0.002067057568516834
13.6,0.2625,0.011121952045206732,0.00205095366425583
13.6,0.2708333333333333,0.01103582736555721,0.0020349698773005076
13.6,0.2791666666666667,0.010950336998469947,0.0020191052710668914
13.6,0.2875,0.010865476041325754,0.002003358915949438
13.6,0.29583333333333334,0.010781239627470058,0.0019877298892700093
13.6,0.30416666666666664,0.0106976229259394,0.001972217275228803
13.6,0.3125,0.010614621141188219,0.001956820164854031
13.6,0.32083333333333336,0.010532229512815627,0.001941537655949811
13.6,0.32916666666666666,0.010450443315292761,0.0019263688530431029
13.6,0.3375,0.010369257857691435,0.0019113128673305148
13.6,0.3458333333333333,0.010288668483415277,0.0018963688166255392
13.6,0.3541666666666667,0.010208670569932594,0.0018815358253064887
13.6,0.3625,0.010129259528511918,0.0018668130242650359
13.6,0.37083333333333335,0.010050430803959254,0.0018521995508552723
13.6,0.37916666666666665,0.009972179874357499,0.0018376945488431929
13.6,0.3875,0.009894502250807657,0.001823297168356542
13.6,0.3958333333333333,0.009817393477172047,0.001809006565834961
13.6,0.4041666666666667,0.009740849129819122,0.0017948219039805127
13.6,0.4125,0.009664864817370401,0.0017807423517085439
13.6,0.42083333333333334,0.00958943618044906,0.0017667670840989264
13.6,0.42916666666666664,0.009514558891430505,0.0017528952823476149
13.6,0.4375,0.009440228654194598,0.0017391261337186496
13.6,0.44583333333333336,0.009366441203879937,0.001725458831496429
13.6,0.45416666666666666,0.00929319230663969,0.0017118925749384155
13.6,0.4625,0.009220477759399357,0.0016984265692281321
13.6,0.4708333333333333,0.009148293389616315,0.0016850600254285555
13.6,0.4791666666666667,0.009076635055040966,0.0016717921604358144
13.6,0.4875,0.00900549864347981,0.001658622196933257
13.6,0.49583333333333335,0.008934880072560075,0.0016455493633458361
13.6,0.5041666666666667,0.008864775289496184,0.0016325728937948627
13.6,0.5125,0.008795180270857895,0.001619692028053048
13.6,0.5208333333333334,0.00872609102234007,0.0016069060114999208
13.6,0.5291666666666667,0.008657503578534155,0.0015942140950775583
13.6,0.5375,0.008589414002701311,0.0015816155352466397
13.6,0.5458333333333333,0.008521818386547213,0.0015691095939428077
13.6,0.5541666666666667,0.008454712849998495,0.001556695538533402
13.6,0.5625,0.008388093540980718,0.0015443726417744515
13.6,0.5708333333333333,0.00832195663519815,0.0015321401817680303
13.6,0.5791666666666667,0.008256298335914757,0.0015199974419199003
13.6,0.5875,0.008191114873737327,0.0015079437108974703
13.6,0.5958333333333333,0.008126402506399616,0.001495978282588071
13.6,0.6041666666666666,0.008062157518548435,0.001484100456057541
13.6,0.6125,0.0079983762215311,0.0014723095355090852
13.6,0.6208333333333333,0.007935054953184476,0.0014606048302424908
13.6,0.6291666666666667,0.007872190077625487,0.0014489856546135726
13.6,0.6375,0.007809777985043226,0.0014374513279939833
13.6,0.6458333333333334,0.007747815091492464,0.0014260011747312714
13.6,0.6541666666666667,0.00768629783868869,0.0014146345241092492
13.6,0.6625,0.007625222693804686,0.0014033507103086572
13.6,0.6708333333333333,0.007564586149268425,0.0013921490723680934
13.6,0.6791666666666667,0.007504384722562504,0.0013810289541452516
13.6,0.6875,0.007444614956025059,0.0013699897042784323
13.6,0.6958333333333333,0.007385273416651987,0.0013590306761483279
13.6,0.7041666666666667,0.007326356695900684,0.0013481512278401084
13.6,0.7125,0.007267861409495162,0.001337350722105742
13.6,0.7208333333333333,0.007209784197232511,0.0013266285263266533
13.6,0.7291666666666666,0.0071521217227908055,0.0013159840124765737
13.6,0.7375,0.007094870673538368,0.0013054165570847386
13.6,0.7458333333333333,0.007038027760344402,0.0012949255411993038
13.6,0.7541666666666667,0.0069815897173908514,0.0012845103503510342
13.6,0.7625,0.006925553301985809,0.001274170374517267
13.6,0.7708333333333334,0.006869915294378126,0.001263905008086139
13.6,0.7791666666666667,0.006814672497573298,0.0012537136498210523
13.6,0.7875,0.006759821737150737,0.0012435957028254171
13.6,0.7958333333333333,0.0067053598610823896,0.001233550574507638
13.6,0.8041666666666667,0.0066512837395524636,0.0012235776765463634
13.6,0.8125,0.0065975902647786265,0.0012136764248559685
13.6,0.8208333333333333,0.006544276350834287,0.0012038462395523094
13.6,0.8291666666666667,0.0064913389334722675,0.0011940865449186998
13.6,0.8375,0.006438774969949714,0.001184396769372153
13.6,0.8458333333333333,0.00638658143885407,0.0011747763454298564
13.6,0.8541666666666666,0.006334755339930602,0.001165224709675881
13.6,0.8625,0.0062832936939107315,0.0011557413027281588
13.6,0.8708333333333333,0.006232193542341968,0.0011463255692056391
13.6,0.8791666666666667,0.006181451947418655,0.0011369769576957582
13.6,0.8875,0.006131065991814302,0.0011276949207220646
13.6,0.8958333333333334,0.00608103277851472,0.0011184789147121344
13.6,0.9041666666666667,0.006031349430652614,0.0011093283999656699
13.6,0.9125,0.00598201309134306,0.0011002428406228727
13.6,0.9208333333333333,0.005933020923520458,0.0010912217046329974
13.6,0.9291666666666667,0.005884370109776284,0.0010822644637231598
13.6,0.9375,0.0058360578521982395,0.0010733705933673528
13.6,0.9458333333333333,0.005788081372210286,0.0010645395727556836
13.6,0.9541666666666667,0.005740437910414037,0.0010557708847638333
13.6,0.9625,0.005693124726431038,0.0010470640159227274
13.6,0.9708333333333333,0.005646139098746234,0.001038418456388432
13.6,0.9791666666666666,0.005599478324552545,0.0010298336999122408
13.6,0.9875,0.005553139719596462,0.0010213092438110007
13.6,0.9958333333333333,0.005507120618024701,0.0010128445889376321
13.8,0.004166666666666667,0.013653560846786358,0.002530095112063727
13.8,0.0125,0.013550159500441286,0.0025118394200606435
13.8,0.020833333333333332,0.013444956826128724,0.0024911516650749956
13.8,0.029166666666666667,0.013342210303229409,0.0024722941448190577
13.8,0.0375,0.013239914101435395,0.0024532658116967632
13.8,0.04583333333333333,0.013138222981285735,0.0024342261736224114
13.8,0.05416666666666667,0.013037321854740583,0.002415364854864783
13.8,0.0625,0.012937200935888037,0.002396676747021755
13.8,0.07083333333333333,0.012837823932529387,0.0023781302008726636
13.8,0.07916666666666666,0.012739177745967304,0.0023597167264311695
13.8,0.0875,0.012641260315408437,0.0023414388376107502
13.8,0.09583333333333334,0.012544069035076415,0.0023232984695986695
13.8,0.10416666666666667,0.012447598836223716,0.0023052950611263993
13.8,0.1125,0.01235184369655081,0.0022874270641460976
13.8,0.12083333333333333,0.012256797736186377,0.0022696930400658644
13.8,0.12916666666666668,0.012162455418185199,0.0022520918605008072
13.8,0.1375,0.012068811391362186,0.0022346225503584345
13.8,0.14583333333333334,0.011975860349621763,0.002217284147417565
13.8,0.15416666666666667,0.011883596988565474,0.002200075659183636
13.8,0.1625,0.011792016016562186,0.0021829960742044594
13.8,0.17083333333333334,0.011701112174230031,0.002166044381796563
13.8,0.17916666666666667,0.011610880244352088,0.0021492195822027703
13.8,0.1875,0.011521315052831497,0.002132520687787822
13.8,0.19583333333333333,0.011432411466133692,0.0021159467207193068
13.8,0.20416666666666666,0.01134416438888937,0.0020994967108073715
13.8,0.2125,0.011256568762714922,0.0020831696945605113
13.8,0.22083333333333333,0.011169619565921357,0.0020669647151275736
13.8,0.22916666666666666,0.011083311813526725,0.0020508808225422155
13.8,0.2375,0.01099764055721962,0.00203491707391606
13.8,0.24583333333333332,0.010912600885179032,0.0020190725334870746
13.8,0.25416666666666665,0.01082818792179275,0.0020033462725644064
13.8,0.2625,0.010744396827339775,0.0019877373694358173
13.8,0.2708333333333333,0.01066122279767948,0.0019722449092801084
13.8,0.2791666666666667,0.010578661063960233,0.001956867984097355
13.8,0.2875,0.010496706892344368,0.0019416056926538868
13.8,0.29583333333333334,0.010415355583741279,0.0019264571404337975
13.8,0.30416666666666664,0.010334602473543047,0.001911421439591341
13.8,0.3125,0.01025444293135999,0.0018964977089017206
13.8,0.32083333333333336,0.010174872360756176,0.001881685073710157
13.8,0.32916666666666666,0.01009588619898572,0.0018669826658802044
13.8,0.3375,0.010017479916730469,0.001852389623742127
13.8,0.3458333333333333,0.009939649017840196,0.0018379050920417745
13.8,0.3541666666666667,0.009862389039074501,0.0018235282218901638
13.8,0.3625,0.009785695549847281,0.0018092581707136338
13.8,0.37083333333333335,0.009709564151972779,0.0017950941022044703
13.8,0.37916666666666665,0.009633990479413821,0.0017810351862719274
13.8,0.3875,0.009558970198031657,0.001767080598993584
13.8,0.3958333333333333,0.009484499005337781,0.0017532295225669977
13.8,0.4041666666666667,0.009410572630247322,0.0017394811452617247
13.8,0.4125,0.009337186832834493,0.0017258346613716698
13.8,0.42083333333333334,0.009264337404089596,0.0017122892711678099
13.8,0.42916666666666664,0.00919202016567799,0.0016988441808512213
13.8,0.4375,0.009120230969700646,0.001685498602506545
13.8,0.44583333333333336,0.009048965698456679,0.0016722517540557068
13.8,0.45416666666666666,0.00897822026420737,0.001659102859212057
13.8,0.4625,0.008907990608942122,0.0016460511474347976
13.8,0.4708333333333333,0.008838272704146036,0.0016330958538837883
13.8,0.4791666666666667,0.008769062550569116,0.0016202362193746553
13.8,0.4875,0.008700356177997288,0.0016074714903342446
13.8,0.49583333333333335,0.008632149645024977,0.0015948009187563975
13.8,0.5041666666666667,0.008564439038829403,0.0015822237621580788
13.8,0.5125,0.008497220474946545,0.001569739283535783
13.8,0.5208333333333334,0.008430490097048647,0.0015573467513223074
13.8,0.5291666666666667,0.008364244076723377,0.0015450454393438223
13.8,0.5375,0.00829847861325462,0.001532834626777263
13.8,0.5458333333333333,0.008233189933404834,0.0015207135981080146
13.8,0.5541666666666667,0.00816837429119904,0.0015086816430879637
13.8,0.5625,0.008104027967710254,0.001496738056693793
13.8,0.5708333333333333,0.00804014727084671,0.001484882139085633
13.8,0.5791666666666667,0.007976728535140188,0.001473113195565992
13.8,0.5875,0.007913768121536489,0.0014614305365389891
13.8,0.5958333333333333,0.007851262417186826,0.0014498334774699026
13.8,0.6041666666666666,0.007789207835241129,0.001438321338845009
13.8,0.6125,0.00772760081464267,0.001426893446131692
13.8,0.6208333333333333,0.007666437819924206,0.0014155491297389007
13.8,0.6291666666666667,0.007605715341005564,0.0014042877249778242
13.8,0.6375,0.007545429892992749,0.0013931085720229198
13.8,0.6458333333333334,0.0074855780159784465,0.001382011015873191
13.8,0.6541666666666667,0.007426156274843945,0.0013709944063137539
13.8,0.6625,0.007367161259062601,0.001360058097877701
13.8,0.6708333333333333,0.007308589582504548,0.0013492014498082145
13.8,0.6791666666666667,0.007250437883242902,0.0013384238260209817
13.8,0.6875,0.007192702823361388,0.0013277245950668788
13.8,0.6958333333333333,0.007135381088763267,0.001317103130094915
13.8,0.7041666666666667,0.007078469388981682,0.0013065588088154707
13.8,0.7125,0.007021964456991364,0.0012960910134637623
13.8,0.7208333333333333,0.0069658630490216375,0.001285699130763639
13.8,0.7291666666666666,0.0069101619443707974,0.001275382551891557
13.8,0.7375,0.006854857945221857,0.0012651406724408978
13.8,0.7458333333333333,0.006799947876459551,0.0012549728923864933
13.8,0.7541666666666667,0.00674542858548858,0.0012448786160494244
13.8,0.7625,0.006691296942053313,0.001234857252062074
13.8,0.7708333333333334,0.006637549838058672,0.001224908213333444
13.8,0.7791666666666667,0.006584184187392256,0.0012150309170147
13.8,0.7875,0.006531196925747779,0.0012052247844649851
13.8,0.7958333333333333,0.00647858501044984,0.0011954892412174732
13.8,0.8041666666666667,0.006426345420279757,0.001185823716945672
13.8,0.8125,0.006374475155302807,0.001176227645429958
13.8,0.8208333333333333,0.006322971236696538,0.0011667004645243685
13.8,0.8291666666666667,0.006271830706580392,0.0011572416161236148
13.8,0.8375,0.006221050627846575,0.001147850546130348
13.8,0.8458333333333333,0.0061706280839919055,0.0011385267044226575
13.8,0.8541666666666666,0.006120560178951205,0.001129269544821787
13.8,0.8625,0.006070844036931423,0.0011200785250601217
13.8,0.8708333333333333,0.006021476802247366,0.0011109531067493357
13.8,0.8791666666666667,0.0059724556391581585,0.0011018927553488602
13.8,0.8875,0.005923777731705286,0.0010928969401344869
13.8,0.8958333333333334,0.005875440283551362,0.001083965134167257
13.8,0.9041666666666667,0.005827440517820364,0.0010750968142625391
13.8,0.9125,0.005779775676938668,0.0010662914609593543
13.8,0.9208333333333333,0.005732443022477554,0.0010575485584898906
13.8,0.9291666666666667,0.005685439834996456,0.0010488675947492611
13.8,0.9375,0.005638763413887577,0.0010402480612654592
13.8,0.9458333333333333,0.005592411077221367,0.001031689453169533
13.8,0.9541666666666667,0.00554638016159329,0.001023191269165974
13.8,0.9625,0.005500668021971472,0.001014753011503309
13.8,0.9708333333333333,0.00545527203154548,0.001006374185944913
13.8,0.9791666666666666,0.005410189581576194,0.0009980543017400064
13.8,0.9875,0.005365418081246639,0.0009897928715948815
13.8,0.9958333333333333,0.005320954957513866,0.0009815894116443225
14.0,0.004166666666666667,0.01318790459732876,0.002452270975213877
14.0,0.0125,0.013088035054396438,0.002434552871360112
14.0,0.020833333333333332,0.012986451830546267,0.0024145126894925617
14.0,0.029166666666666667,0.012887239235844693,0.0023962393892512815
14.0,0.0375,0.01278844807897871,0.00237778839450313
14.0,0.04583333333333333,0.012690245735322583,0.0023593316616820556
14.0,0.05416666666666667,0.012592808894737136,0.0023410504278491076
14.0,0.0625,0.012496124616957583,0.0023229362663389694
14.0,0.07083333333333333,0.01240015773043003,0.002304958485854504
14.0,0.07916666666666666,0.012304896352135523,0.002287109650546465
14.0,0.0875,0.012210338775569077,0.002269392468246492
14.0,0.09583333333333334,0.012116482398627445,0.0022518087186069553
14.0,0.10416666666666667,0.012023322210153774,0.002234357739895415
14.0,0.1125,0.011930852359724572,0.002217037999030144
14.0,0.12083333333333333,0.01183906718392572,0.0021998481181025
14.0,0.12916666666666668,0.011747961354518817,0.0021827870227878604
14.0,0.1375,0.011657529710522765,0.0021658537746699863
14.0,0.14583333333333334,0.011567767125800725,0.0021490474390690214
14.0,0.15416666666666667,0.011478668474005761,0.002132367050226436
14.0,0.1625,0.011390228642670409,0.002115811625631763
14.0,0.17083333333333334,0.011302442552185077,0.002099380185237092
14.0,0.17916666666666667,0.01121530516440247,0.002083071760295143
14.0,0.1875,0.011128811482800595,0.002066885393754605
14.0,0.19583333333333333,0.011042956549769344,0.002050820137777272
14.0,0.20416666666666666,0.010957735444367815,0.0020348750517240584
14.0,0.2125,0.010873143281326906,0.0020190492013849163
14.0,0.22083333333333333,0.01078917521085699,0.0020033416590116665
14.0,0.22916666666666666,0.010705826418681934,0.0019877515035761463
14.0,0.2375,0.010623092125989745,0.0019722778209426534
14.0,0.24583333333333332,0.010540967589238052,0.0019569197038942004
14.0,0.25416666666666665,0.010459448099869501,0.0019416762520665953
14.0,0.2625,0.010378528984001474,0.0019265465718555316
14.0,0.2708333333333333,0.010298205602127509,0.0019115297763336544
14.0,0.2791666666666667,0.010218473348838653,0.0018966249851859523
14.0,0.2875,0.010139327652559649,0.0018818313246584594
14.0,0.29583333333333334,0.01006076397529163,0.0018671479275119312
14.0,0.30416666666666664,0.009982777812356472,0.0018525739329755145
14.0,0.3125,0.009905364692140668,0.0018381084866985838
14.0,0.32083333333333336,0.009828520175839366,0.0018237507407009934
14.0,0.32916666666666666,0.009752239857201256,0.0018094998533227835
14.0,0.3375,0.009676519362275033,0.001795354989174104
14.0,0.3458333333333333,0.009601354349158297,0.001781315319085696
14.0,0.3541666666666667,0.009526740507748143,0.0017673800200600687
14.0,0.3625,0.009452673559494211,0.001753548275223206
14.0,0.37083333333333335,0.009379149257153259,0.0017398192737767058
14.0,0.37916666666666665,0.009306163384545787,0.0017261922109502775
14.0,0.3875,0.009233711756314223,0.0017126662879545713
14.0,0.3958333333333333,0.00916179021768307,0.0016992407119342853
14.0,0.4041666666666667,0.00909039464422051,0.0016859146959216417
14.0,0.4125,0.009019520941602023,0.0016726874587901746
14.0,0.42083333333333334,0.008949165045375544,0.0016595582252088882
14.0,0.42916666666666664,0.008879322920728487,0.0016465262255967168
14.0,0.4375,0.008809990562256287,0.0016335906960773957
14.0,0.44583333333333336,0.00874116399373291,0.001620750878434591
14.0,0.45416666666666666,0.008672839267882771,0.0016080060200674266
14.0,0.4625,0.008605012466154497,0.0015953553739463
14.0,0.4708333333333333,0.00853767969849631,0.0015827981985690523
14.0,0.4791666666666667,0.008470837103132936,0.0015703337579174423
14.0,0.4875,0.00840448084634433,0.0015579613214139491
14.0,0.49583333333333335,0.008338607122245819,0.0015456801638788974
14.0,0.5041666666666667,0.008273212152570006,0.0015334895654879035
14.0,0.5125,0.008208292186450193,0.0015213888117296146
14.0,0.5208333333333334,0.008143843500205382,0.0015093771933637863
14.0,0.5291666666666667,0.008079862397126806,0.0014974540063796653
14.0,0.5375,0.008016345207266094,0.001485618551954666
14.0,0.5458333333333333,0.007953288287224903,0.00147387013641334
14.0,0.5541666666666667,0.00789068801994615,0.0014622080711867034
14.0,0.5625,0.007828540814506645,0.0014506316727717968
14.0,0.5708333333333333,0.007766843105911457,0.0014391402626915922
14.0,0.5791666666666667,0.0077055913548893145,0.0014277331674551674
14.0,0.5875,0.007644782047690158,0.0014164097185181777
14.0,0.5958333333333333,0.007584411695883481,0.0014051692522436304
14.0,0.6041666666666666,0.007524476836158599,0.001394011109862945
14.0,0.6125,0.007464974030126152,0.0013829346374372715
14.0,0.6208333333333333,0.0074058998641211024,0.0013719391858191493
14.0,0.6291666666666667,0.0073472509490071156,0.001361024110614375
14.0,0.6375,0.0072890239199824005,0.0013501887721442153
14.0,0.6458333333333334,0.007231215436386923,0.0013394325354078574
14.0,0.6541666666666667,0.00717382218151098,0.0013287547700451452
14.0,0.6625,0.007116840862405265,0.001318154850299598
14.0,0.6708333333333333,0.0070602682096921445,0.0013076321549816774
14.0,0.6791666666666667,0.00700410097737836,0.001297186067432339
14.0,0.6875,0.006948335942669147,0.0012868159754868538
14.0,0.6958333333333333,0.006892969905783565,0.001276521271438876
14.0,0.7041666666666667,0.006837999689771226,0.0012663013520047945
14.0,0.7125,0.006783422140330329,0.0012561556182883106
14.0,0.7208333333333333,0.006729234125626964,0.0012460834757453327
14.0,0.7291666666666666,0.00667543253611573,0.0012360843341490428
14.0,0.7375,0.006622014284361671,0.0012261576075553013
14.0,0.7458333333333333,0.006568976304863445,0.001216302714268248
14.0,0.7541666666666667,0.00651631555387769,0.001206519076806166
14.0,0.7625,0.006464029009244792,0.0011968061218676038
14.0,0.7708333333333334,0.006412113670215796,0.0011871632802977403
14.0,0.7791666666666667,0.006360566557280535,0.0011775899870549741
14.0,0.7875,0.006309384711997003,0.0011680856811777808
14.0,0.7958333333333333,0.00625856519682202,0.0011586498057517944
14.0,0.8041666666666667,0.006208105094942956,0.0011492818078771342
14.0,0.8125,0.006158001510110764,0.0011399811386359547
14.0,0.8208333333333333,0.006108251566474106,0.001130747253060248
14.0,0.8291666666666667,0.006058852408414706,0.0011215796100998592
14.0,0.8375,0.006009801200383927,0.0011124776725907485
14.0,0.8458333333333333,0.005961095126740291,0.0011034409072234706
14.0,0.8541666666666666,0.005912731391588475,0.0010944687845118766
14.0,0.8625,0.005864707218619047,0.0010855607787620739
14.0,0.8708333333333333,0.005817019850949739,0.0010767163680415375
14.0,0.8791666666666667,0.005769666550967418,0.0010679350341485402
14.0,0.8875,0.005722644600171596,0.0010592162625817066
14.0,0.8958333333333334,0.005675951299018648,0.0010505595425098508
14.0,0.9041666666666667,0.005629583966767446,0.0010419643667419901
14.0,0.9125,0.005583539941325744,0.001033430231697606
14.0,0.9208333333333333,0.005537816579098017,0.0010249566373770815
14.0,0.9291666666666667,0.005492411254834009,0.0010165430873323794
14.0,0.9375,0.005447321361478584,0.0010081890886379126
14.0,0.9458333333333333,0.005402544310022449,0.000999894151861621
14.0,0.9541666666666667,0.005358077529354092,0.000991657791036264
14.0,0.9625,0.005313918466112566,0.0009834795236309023
14.0,0.9708333333333333,0.0052700645845414045,0.0009753588705226012
14.0,0.9791666666666666,0.005226513366343563,0.0009672953559683067
14.0,0.9875,0.005183262310537293,0.0009592885075769495
14.0,0.9958333333333333,0.005140308933313038,0.0009513378562817298
14.200000000000001,0.004166666666666667,0.012737502052176206,0.00237693078792176
14.200000000000001,0.0125,0.012641040212974571,0.0023597343873256087
14.200000000000001,0.020833333333333332,0.012542948094838328,0.002340320757267679
14.200000000000001,0.029166666666666667,0.012447143922758268,0.0023226126102640077
14.200000000000001,0.0375,0.012351734175380205,0.002304720879269767
14.200000000000001,0.04583333333333333,0.012256897592741584,0.002286828725680258
14.200000000000001,0.05416666666666667,0.012162802748269044,0.0022691091115803284
14.200000000000001,0.0625,0.012069433846870814,0.002251550598086689
14.200000000000001,0.07083333333333333,0.011976756887015291,0.002234123507675823
14.200000000000001,0.07916666666666666,0.011884761133090066,0.0022168213967900183
14.200000000000001,0.0875,0.011793445184532786,0.0021996471252136106
14.200000000000001,0.09583333333333334,0.01170280643396741,0.00218260231445276
14.200000000000001,0.10416666666666667,0.011612839932012061,0.0021656862127846697
14.200000000000001,0.1125,0.011523539999780875,0.0021488973079995715
14.200000000000001,0.12083333333333333,0.011434901183557182,0.002132234282311911
14.200000000000001,0.12916666666666668,0.011346918354658368,0.002115696112461544
14.200000000000001,0.1375,0.011259586533733573,0.002099281894245929
14.200000000000001,0.14583333333333334,0.011172900767229857,0.0020829907192192448
14.200000000000001,0.15416666666666667,0.011086856100141894,0.002066821647673221
14.200000000000001,0.1625,0.01100144759255108,0.0020507737254054047
14.200000000000001,0.17083333333333334,0.010916670337872837,0.00203484600219454
14.200000000000001,0.17916666666666667,0.0108325194701767,0.0020190375393464004
14.200000000000001,0.1875,0.010748990163656894,0.002003347409388799
14.200000000000001,0.19583333333333333,0.010666077629831114,0.0019877746934931304
14.200000000000001,0.20416666666666666,0.010583777115470231,0.0019723184796249962
14.200000000000001,0.2125,0.010502083901772536,0.0019569778619380703
14.200000000000001,0.22083333333333333,0.010420993304254514,0.001941751940882397
14.200000000000001,0.22916666666666666,0.01034050067279692,0.0019266398234669693
14.200000000000001,0.2375,0.01026060139158002,0.0019116406234092837
14.200000000000001,0.24583333333333332,0.01018129087887621,0.0018967534611411792
14.200000000000001,0.25416666666666665,0.010102564586764338,0.0018819774637344846
14.200000000000001,0.2625,0.010024418000827928,0.0018673117648091999
14.200000000000001,0.2708333333333333,0.009946846639868919,0.0018527555044555546
14.200000000000001,0.2791666666666667,0.00986984605564115,0.0018383078291742848
14.200000000000001,0.2875,0.009793411832597045,0.0018239678918286178
14.200000000000001,0.29583333333333334,0.00971753958763933,0.0018097348515997906
14.200000000000001,0.30416666666666664,0.009642224969873619,0.0017956078739418525
14.200000000000001,0.3125,0.009567463660360372,0.0017815861305345041
14.200000000000001,0.32083333333333336,0.009493251371867135,0.0017676687992345438
14.200000000000001,0.32916666666666666,0.009419583848621746,0.0017538550640269664
14.200000000000001,0.3375,0.009346456866067282,0.0017401441149764191
14.200000000000001,0.3458333333333333,0.00927386623061935,0.001726535148179243
14.200000000000001,0.3541666666666667,0.00920180777942505,0.0017130273657161902
14.200000000000001,0.3625,0.009130277380124285,0.0016996199756056287
14.200000000000001,0.37083333333333335,0.00905927093061249,0.0016863121917571379
14.200000000000001,0.37916666666666665,0.008988784358805362,0.00167310323392544
14.200000000000001,0.3875,0.008918813622405097,0.0016599923276646518
14.200000000000001,0.3958333333333333,0.008849354708668508,0.0016469787042828015
14.200000000000001,0.4041666666666667,0.008780403634176554,0.0016340616007967158
14.200000000000001,0.4125,0.008711956444605845,0.0016212402598872037
14.200000000000001,0.42083333333333334,0.008644009214501626,0.0016085139298546078
14.200000000000001,0.42916666666666664,0.008576558047052544,0.001595881864574645
14.200000000000001,0.4375,0.008509599073866952,0.0015833433234546464
14.200000000000001,0.44583333333333336,0.008443128454751014,0.0015708975713900491
14.200000000000001,0.45416666666666666,0.008377142377488243,0.001558543878721268
14.200000000000001,0.4625,0.00831163705762082,0.001546281521190855
14.200000000000001,0.4708333333333333,0.008246608738232441,0.0015341097799009952
14.200000000000001,0.4791666666666667,0.008182053689732691,0.001522027941271299
14.200000000000001,0.4875,0.008117968209643129,0.0015100352969969202
14.200000000000001,0.49583333333333335,0.008054348622384772,0.0014981311440069723
14.200000000000001,0.5041666666666667,0.007991191279067273,0.0014863147844232712
14.200000000000001,0.5125,0.007928492557279565,0.001474585525519355
14.200000000000001,0.5208333333333334,0.007866248860882046,0.0014629426796798305
14.200000000000001,0.5291666666666667,0.0078044566198002315,0.0014513855643600174
14.200000000000001,0.5375,0.0077431122898199934,0.0014399135020458787
14.200000000000001,0.5458333333333333,0.007682212352384183,0.001428525820214239
14.200000000000001,0.5541666666666667,0.007621753314390886,0.0014172218512933348
14.200000000000001,0.5625,0.007561731707992933,0.0014060009326236128
14.200000000000001,0.5708333333333333,0.007502144090399165,0.0013948624064188417
14.200000000000001,0.5791666666666667,0.007442987043676651,0.001383805619727502
14.200000000000001,0.5875,0.00738425717455501,0.0013728299243944548
14.200000000000001,0.5958333333333333,0.007325951114231486,0.0013619346770229008
14.200000000000001,0.6041666666666666,0.007268065518177894,0.0013511192389366287
14.200000000000001,0.6125,0.007210597065948755,0.0013403829761425008
14.200000000000001,0.6208333333333333,0.0071535424609908815,0.0013297252592932797
14.200000000000001,0.6291666666666667,0.007096898430454294,0.0013191454636506477
14.200000000000001,0.6375,0.007040661725004563,0.0013086429690485704
14.200000000000001,0.6458333333333334,0.006984829118636455,0.001298217159856882
14.200000000000001,0.6541666666666667,0.006929397408488908,0.0012878674249451557
14.200000000000001,0.6625,0.006874363414661486,0.0012775931576468405
14.200000000000001,0.6708333333333333,0.006819723980031913,0.0012673937557236461
14.200000000000001,0.6791666666666667,0.006765475970075089,0.0012572686213301967
14.200000000000001,0.6875,0.006711616272683414,0.0012472171609789501
14.200000000000001,0.6958333333333333,0.006658141797988294,0.0012372387855053594
14.200000000000001,0.7041666666666667,0.0066050494781830045,0.0012273329100333
14.200000000000001,0.7125,0.00655233626734683,0.0012174989539407292
14.200000000000001,0.7208333333333333,0.006499999141270409,0.0012077363408256382
14.200000000000001,0.7291666666666666,0.0064480350972823675,0.001198044498472186
14.200000000000001,0.7375,0.006396441154077215,0.0011884228588171471
14.200000000000001,0.7458333333333333,0.006345214351544435,0.0011788708579165605
14.200000000000001,0.7541666666666667,0.0062943517505987465,0.0011693879359126278
14.200000000000001,0.7625,0.006243850433011697,0.0011599735370008643
14.200000000000001,0.7708333333333334,0.006193707501244391,0.0011506271093974826
14.200000000000001,0.7791666666666667,0.0061439200782813725,0.0011413481053069996
14.200000000000001,0.7875,0.006094485307465727,0.0011321359808900955
14.200000000000001,0.7958333333333333,0.006045400352335405,0.001122990196231695
14.200000000000001,0.8041666666666667,0.005996662396460623,0.0011139102153092867
14.200000000000001,0.8125,0.005948268643282468,0.0011048955059614575
14.200000000000001,0.8208333333333333,0.005900216315952607,0.0010959455398566744
14.200000000000001,0.8291666666666667,0.005852502657174157,0.001087059792462266
14.200000000000001,0.8375,0.005805124929043758,0.0010782377430136503
14.200000000000001,0.8458333333333333,0.005758080412894532,0.0010694788744837734
14.200000000000001,0.8541666666666666,0.005711366409140504,0.0010607826735527558
14.200000000000001,0.8625,0.0056649802371216956,0.0010521486305777995
14.200000000000001,0.8708333333333333,0.005618919234950761,0.001043576239563235
14.200000000000001,0.8791666666666667,0.0055731807593602375,0.0010350649981308785
14.200000000000001,0.8875,0.005527762185551324,0.001026614407490512
14.200000000000001,0.8958333333333334,0.005482660907043347,0.0010182239724106355
14.200000000000001,0.9041666666666667,0.005437874335524569,0.001009893201189391
14.200000000000001,0.9125,0.005393399900703739,0.0010016216056257276
14.200000000000001,0.9208333333333333,0.005349235050163051,0.0009934087009907345
14.200000000000001,0.9291666666666667,0.005305377249211784,0.0009852540059992112
14.200000000000001,0.9375,0.005261823980741206,0.0009771570427814214
14.200000000000001,0.9458333333333333,0.005218572745080315,0.0009691173368550478
14.200000000000001,0.9541666666666667,0.005175621059852767,0.0009611344170973578
14.200000000000001,0.9625,0.005132966459834608,0.0009532078157175498
14.200000000000001,0.9708333333333333,0.005090606496813106,0.0009453370682293162
14.200000000000001,0.9791666666666666,0.0050485387394465855,0.000937521713423573
14.200000000000001,0.9875,0.00500676077312514,0.0009297612933414129
14.200000000000001,0.9958333333333333,0.004965270199832356,0.0009220553532472293
14.4,0.004166666666666667,0.012302245718068344,0.0023039898798753924
14.4,0.0125,0.012209070356857974,0.002287299768582422
14.4,0.020833333333333332,0.012114344085207989,0.00226849238994824
14.4,0.029166666666666667,0.012021825839226997,0.0022513310119559866
14.4,0.0375,0.011929676760076832,0.0022339810755582713
14.4,0.04583333333333333,0.011838085777232877,0.00221663577819307
14.4,0.05416666666666667,0.011747213474308892,0.0021994599398518547
14.4,0.0625,0.01165704148507995,0.002182439399344034
14.4,0.07083333333333333,0.011567537016320585,0.0021655455373760252
14.4,0.07916666666666666,0.011478690412293172,0.0021487728412783267
14.4,0.0875,0.011390500534184073,0.0021321242846787554
14.4,0.09583333333333334,0.01130296476254457,0.002115601330178682
14.4,0.10416666666666667,0.011216078214001201,0.0020992031462966415
14.4,0.1125,0.011129835380397317,0.0020829282468418898
14.4,0.12083333333333333,0.011044231010869598,0.0020667753732209007
14.4,0.12916666666666668,0.010959260167473981,0.0020507435502916684
14.4,0.1375,0.010874918044390714,0.00203483190579534
14.4,0.14583333333333334,0.01079119985369768,0.00201903955635462
14.4,0.15416666666666667,0.010708100805352196,0.0020033655876789307
14.4,0.1625,0.010625616125651235,0.0019878090732460283
14.4,0.17083333333333334,0.01054374107456418,0.001972369091855178
14.4,0.17916666666666667,0.010462470951814188,0.001957044733926586
14.4,0.1875,0.010381801095754045,0.001941835100594168
14.4,0.19583333333333333,0.010301726880536594,0.00192673930109118
14.4,0.20416666666666666,0.010222243714228474,0.001911756451077423
14.4,0.2125,0.010143347038143598,0.0018968856721849235
14.4,0.22083333333333333,0.010065032326802125,0.0018821260921871056
14.4,0.22916666666666666,0.009987295087980538,0.0018674768452580119
14.4,0.2375,0.009910130862630052,0.001852937072097826
14.4,0.24583333333333332,0.00983353522465802,0.0018385059199202706
14.4,0.25416666666666665,0.009757503780643155,0.001824182542372027
14.4,0.2625,0.00968203216954313,0.0018099660994431845
14.4,0.2708333333333333,0.009607116062420524,0.0017958557573944595
14.4,0.2791666666666667,0.009532751162187839,0.0017818506887020238
14.4,0.2875,0.00945893320336399,0.0017679500720123526
14.4,0.29583333333333334,0.009385657951834507,0.0017541530920993093
14.4,0.30416666666666664,0.009312921204611937,0.001740458939819963
14.4,0.3125,0.009240718789595601,0.001726866812068418
14.4,0.32083333333333336,0.009169046565331802,0.001713375911728458
14.4,0.32916666666666666,0.009097900420775079,0.0016999854476260504
14.4,0.3375,0.009027276275051356,0.0016866946344822953
14.4,0.3458333333333333,0.0089571700772233,0.0016735026928669898
14.4,0.3541666666666667,0.008887577806057338,0.0016604088491528261
14.4,0.3625,0.008818495469792933,0.0016474123354700443
14.4,0.37083333333333335,0.008749919105913155,0.0016345123896614293
14.4,0.37916666666666665,0.008681844780917236,0.0016217082552376343
14.4,0.3875,0.008614268590094506,0.001608999181332808
14.4,0.3958333333333333,0.008547186657300239,0.0015963844226604801
14.4,0.4041666666666667,0.008480595134732805,0.0015838632394698153
14.4,0.4125,0.008414490202712772,0.001571434897502151
14.4,0.42083333333333334,0.008348868069463389,0.0015590986679479
14.4,0.42916666666666664,0.008283724970892884,0.001546853827403728
14.4,0.4375,0.008219057170378147,0.0015346996578301172
14.4,0.44583333333333336,0.008154860958550243,0.0015226354465091817
14.4,0.45416666666666666,0.008091132653081224,0.0015106604860028428
14.4,0.4625,0.008027868598472761,0.0014987740741112842
14.4,0.4708333333333333,0.007965065165846162,0.001486975513831738
14.4,0.4791666666666667,0.007902718752733915,0.001475264113317554
14.4,0.4875,0.007840825782872908,0.0014636391858375876
14.4,0.49583333333333335,0.007779382705998938,0.001452100049735875
14.4,0.5041666666666667,0.007718385997642915,0.001440646028391627
14.4,0.5125,0.007657832158928458,0.0014292764501794876
14.4,0.5208333333333334,0.007597717716370976,0.0014179906484301141
14.4,0.5291666666666667,0.007538039221678206,0.0014067879613910443
14.4,0.5375,0.007478793251552239,0.00139566773218784
14.4,0.5458333333333333,0.00741997640749291,0.001384629308785512
14.4,0.5541666666666667,0.007361585315602775,0.0013736720439502658
14.4,0.5625,0.0073036166263932755,0.0013627952952114824
14.4,0.5708333333333333,0.007246067014592617,0.001351998424824017
14.4,0.5791666666666667,0.007188933178954554,0.0013412807997307508
14.4,0.5875,0.007132211842069261,0.0013306417915254281
14.4,0.5958333333333333,0.007075899750174855,0.001320080776415764
14.4,0.6041666666666666,0.007019993672970782,0.0013095971351868368
14.4,0.6125,0.006964490403432353,0.001299190253164713
14.4,0.6208333333333333,0.006909386757626646,0.001288859520180397
14.4,0.6291666666666667,0.006854679574529728,0.0012786043305339752
14.4,0.6375,0.006800365715845255,0.0012684240829590855
14.4,0.6458333333333334,0.006746442065824308,0.001258318180587612
14.4,0.6541666666666667,0.006692905531086548,0.0012482860309146434
14.4,0.6625,0.0066397530404427784,0.0012383270457637045
14.4,0.6708333333333333,0.0065869815447185546,0.0012284406412522125
14.4,0.6791666666666667,0.006534588016579235,0.0012186262377572102
14.4,0.6875,0.006482569450356303,0.001208883259881343
14.4,0.6958333333333333,0.00643092286187481,0.0011992111364190776
14.4,0.7041666666666667,0.006379645288282149,0.0011896093003231788
14.4,0.7125,0.0063287337878780645,0.0011800771886714082
14.4,0.7208333333333333,0.006278185439945816,0.0011706142426335074
14.4,0.7291666666666666,0.006227997344584599,0.0011612199074383647
14.4,0.7375,0.006178166622543173,0.0011518936323414747
14.4,0.7458333333333333,0.0061286904150546695,0.0011426348705925974
14.4,0.7541666666666667,0.006079565883672507,0.0011334430794036619
14.4,0.7625,0.00603079021010761,0.0011243177199169157
14.4,0.7708333333333334,0.005982360596066712,0.0011152582571732927
14.4,0.7791666666666667,0.0059342742630917955,0.001106264160081007
14.4,0.7875,0.0058865284524007005,0.0010973349013843824
14.4,0.7958333333333333,0.005839120424728912,0.0010884699576329028
14.4,0.8041666666666667,0.005792047460172381,0.0010796688091504946
14.4,0.8125,0.0057453068580315325,0.0010709309400050119
14.4,0.8208333333333333,0.0056988959366563365,0.0010622558379779672
14.4,0.8291666666666667,0.005652812033292481,0.0010536429945344535
14.4,0.8375,0.005607052503928734,0.0010450919047933025
14.4,0.8458333333333333,0.00556161472314515,0.0010366020674974555
14.4,0.8541666666666666,0.005516496083962678,0.0010281729849845253
14.4,0.8625,0.005471693997693471,0.001019804163157618
14.4,0.8708333333333333,0.00542720589379261,0.0010114951114562891
14.4,0.8791666666666667,0.0053830292197104964,0.0010032453428277985
14.4,0.8875,0.005339161440746673,0.0009950543736984877
14.4,0.8958333333333334,0.005295600039904324,0.0009869217239454173
14.4,0.9041666666666667,0.005252342517746095,0.0009788469168681747
14.4,0.9125,0.005209386392250604,0.0009708294791609122
14.4,0.9208333333333333,0.00516672919867031,0.0009628689408845516
14.4,0.9291666666666667,0.005124368489390063,0.0009549648354392141
14.4,0.9375,0.005082301833786878,0.000947116699536835
14.4,0.9458333333333333,0.005040526818090495,0.0009393240731739654
14.4,0.9541666666666667,0.004999041045245098,0.000931586499604786
14.4,0.9625,0.004957842134771829,0.0009239035253142901
14.4,0.9708333333333333,0.004916927722632328,0.0009162746999916785
14.4,0.9791666666666666,0.004876295461093297,0.00090869957650392
14.4,0.9875,0.004835943018591858,0.0009011777108695223
14.4,0.9958333333333333,0.004795868079601916,0.0008937086622324717
14.6,0.004166666666666667,0.011881935572671304,0.002233366785759683
14.6,0.0125,0.011791928687504493,0.002217168006977057
14.6,0.020833333333333332,0.011700446426615491,0.0021989472737290704
14.6,0.029166666666666667,0.0116110949566421,0.002182314934978632
14.6,0.0375,0.01152208904187409,0.0021654899063455204
14.6,0.04583333333333333,0.011433626697681418,0.002148674323781667
14.6,0.05416666666666667,0.01134586066258646,0.002132025015878463
14.6,0.0625,0.011258770267308975,0.0021155253731451155
14.6,0.07083333333333333,0.011172323955177367,0.002099147868652738
14.6,0.07916666666666666,0.011086513083924204,0.0020828878600605756
14.6,0.0875,0.011001336736244526,0.002066748400403439
14.6,0.09583333333333334,0.010916792275698443,0.002050730794221657
14.6,0.10416666666666667,0.010832874889107245,0.0020348341401827054
14.6,0.1125,0.010749579237793115,0.00201905698254504
14.6,0.12083333333333333,0.010666900266862844,0.0020033981206641453
14.6,0.12916666666666668,0.010584833220638003,0.001987856624643367
14.6,0.1375,0.01050337345918555,0.0019724316520834937
14.6,0.14583333333333334,0.010422516353654172,0.001957122343636607
14.6,0.15416666666666667,0.010342257272892714,0.001941927809840381
14.6,0.1625,0.010262591603346638,0.0019268471512284761
14.6,0.17083333333333334,0.010183514765333317,0.0019118794748188418
14.6,0.17916666666666667,0.010105022217944933,0.0018970238992273662
14.6,0.1875,0.010027109457423963,0.0018822795532529848
14.6,0.19583333333333333,0.009949772014356262,0.0018676455732787088
14.6,0.20416666666666666,0.009873005451975074,0.0018531211017819263
14.6,0.2125,0.00979680536563992,0.0018387052870183752
14.6,0.22083333333333333,0.009721167382849958,0.0018243972832386103
14.6,0.22916666666666666,0.009646087163291373,0.0018101962509375034
14.6,0.2375,0.009571560398738403,0.0017961013569554193
14.6,0.24583333333333332,0.009497582812825417,0.0017821117744493391
14.6,0.25416666666666665,0.009424150160764805,0.001768226682808083
14.6,0.2625,0.009351258229064586,0.001754445267565956
14.6,0.2708333333333333,0.009278902835266355,0.0017407667203351576
14.6,0.2791666666666667,0.009207079827701152,0.0017271902387547729
14.6,0.2875,0.009135785085255147,0.0017137150264481017
14.6,0.29583333333333334,0.009065014517137805,0.0017003402929810733
14.6,0.30416666666666664,0.00899476406264975,0.0016870652538189916
14.6,0.3125,0.008925029690950124,0.0016738891302813554
14.6,0.32083333333333336,0.008855807400824426,0.0016608111494957189
14.6,0.32916666666666666,0.008787093220453651,0.0016478305443515795
14.6,0.3375,0.008718883207185281,0.0016349465534548086
14.6,0.3458333333333333,0.008651173447306466,0.001622158421082674
14.6,0.3541666666666667,0.008583960055818777,0.001609465397139478
14.6,0.3625,0.008517239176215115,0.0015968667371125968
14.6,0.37083333333333335,0.008451006980257896,0.0015843617020288407
14.6,0.37916666666666665,0.00838525966775908,0.0015719495584111192
14.6,0.3875,0.00831999346636158,0.0015596295782353976
14.6,0.3958333333333333,0.00825520463132251,0.0015474010388879216
14.6,0.4041666666666667,0.00819088944529771,0.001535263223122784
14.6,0.4125,0.008127044218128139,0.0015232154190197857
14.6,0.42083333333333334,0.008063665286627643,0.0015112569199426413
14.6,0.42916666666666664,0.008000749014372413,0.0014993870244974534
14.6,0.4375,0.007938291791491857,0.0014876050364915603
14.6,0.44583333333333336,0.007876290034461199,0.0014759102648926317
14.6,0.45416666666666666,0.007814740185895336,0.0014643020237881097
14.6,0.4625,0.0077536387143444935,0.0014527796323449181
14.6,0.4708333333333333,0.007692982114091126,0.0014413424147694976
14.6,0.4791666666666667,0.007632766904948435,0.0014299897002681132
14.6,0.4875,0.007572989632060372,0.0014187208230074734
14.6,0.49583333333333335,0.00751364686570299,0.0014075351220756251
14.6,0.5041666666666667,0.007454735201087389,0.001396431941443158
14.6,0.5125,0.007396251258163979,0.0013854106299246648
14.6,0.5208333333333334,0.007338191681428259,0.0013744705411405187
14.6,0.5291666666666667,0.007280553139727938,0.0013636110334789232
14.6,0.5375,0.007223332326071516,0.0013528314700582296
14.6,0.5458333333333333,0.007166525957438204,0.0013421312186895336
14.6,0.5541666666666667,0.007110130774589351,0.0013315096518395782
14.6,0.5625,0.0070541435418810285,0.0013209661465938864
14.6,0.5708333333333333,0.006998561047078278,0.0013105000846201983
14.6,0.5791666666666667,0.006943380101170241,0.0013001108521321608
14.6,0.5875,0.0068885975381872975,0.001289797839853286
14.6,0.5958333333333333,0.006834210215018828,0.0012795604429811785
14.6,0.6041666666666666,0.0067802150112327994,0.001269398061152036
14.6,0.6125,0.00672660882889644,0.001259310098405377
14.6,0.6208333333333333,0.006673388592398258,0.0012492959631490814
14.6,0.6291666666666667,0.006620551248271317,0.0012393550681246172
14.6,0.6375,0.006568093765017866,0.0012294868303725896
14.6,0.6458333333333334,0.006516013132935143,0.0012196906711985072
14.6,0.6541666666666667,0.006464306363942473,0.0012099660161387954
14.6,0.6625,0.006412970491409701,0.001200312294927084
14.6,0.6708333333333333,0.006362002569986685,0.001190728941460712
14.6,0.6791666666666667,0.006311399675434129,0.0011812153937674952
14.6,0.6875,0.006261158904455694,0.0011717710939727348
14.6,0.6958333333333333,0.006211277374531147,0.0011623954882664608
14.6,0.7041666666666667,0.006161752223750855,0.0011530880268709215
14.6,0.7125,0.006112580610651398,0.0011438481640082957
14.6,0.7208333333333333,0.006063759714052373,0.0011346753578686695
14.6,0.7291666666666666,0.006015286732894377,0.0011255690705782029
14.6,0.7375,0.005967158886078163,0.0011165287681675724
14.6,0.7458333333333333,0.005919373412304931,0.0011075539205406115
14.6,0.7541666666666667,0.005871927569917703,0.001098644001443184
14.6,0.7625,0.005824818636743959,0.0010897984884323038
14.6,0.7708333333333334,0.005778043909939302,0.001081016862845455
14.6,0.7791666666666667,0.005731600705832257,0.00107229860977014
14.6,0.7875,0.005685486359770164,0.0010636432180136553
14.6,0.7958333333333333,0.0056396982259662365,0.0010550501800730776
14.6,0.8041666666666667,0.005594233677347608,0.0010465189921054757
14.6,0.8125,0.005549090105404541,0.0010380491538983223
14.6,0.8208333333333333,0.005504264920040631,0.0010296401688401416
14.6,0.8291666666666667,0.00545975554942413,0.0010212915438913438
14.6,0.8375,0.0054155594398403685,0.0010130027895552856
14.6,0.8458333333333333,0.005371674055545016,0.0010047734198495382
14.6,0.8541666666666666,0.005328096878618717,0.0009966029522773471
14.6,0.8625,0.005284825408822352,0.0009884909077993312
14.6,0.8708333333333333,0.005241857163453743,0.000980436810805323
14.6,0.8791666666666667,0.005199189677204923,0.0009724401890864941
14.6,0.8875,0.0051568205020208575,0.0009645005738075988
14.6,0.8958333333333334,0.005114747206958774,0.0009566174994794744
14.6,0.9041666666666667,0.005072967378048805,0.0009487905039316988
14.6,0.9125,0.005031478618155263,0.0009410191282854811
14.6,0.9208333333333333,0.004990278546839272,0.0009333029169267056
14.6,0.9291666666666667,0.004949364800222007,0.000925641417479196
14.6,0.9375,0.004908735030849161,0.0009180341807781666
14.6,0.9458333333333333,0.004868386907556155,0.0009104807608438414
14.6,0.9541666666666667,0.00482831811533448,0.0009029807148552897
14.6,0.9625,0.004788526355198772,0.000895533603124423
14.6,0.9708333333333333,0.00474900934405494,0.0008881389890701926
14.6,0.9791666666666666,0.004709764814569224,0.0008807964391929562
14.6,0.9875,0.004670790515038052,0.0008735055230490414
14.6,0.9958333333333333,0.004632084209258895,0.0008662658132254757
14.8,0.004166666666666667,0.01147629913965309,0.0021649831056949594
14.8,0.0125,0.01138934619582868,0.002149261146372864
14.8,0.020833333333333332,0.011300989766030311,0.002131608121299886
14.8,0.029166666666666667,0.011214689500936936,0.0021154877197509573
14.8,0.0375,0.011128712722502104,0.0020991712723276946
14.8,0.04583333333333333,0.011043265496917675,0.002082868824161027
14.8,0.05416666666666667,0.010958492877832546,0.002066729378357036
14.8,0.0625,0.010874372145662892,0.0020507341355328027
14.8,0.07083333333333333,0.010790872999493132,0.0020348566859424407
14.8,0.07916666666666666,0.010707987745572382,0.0020190931981964983
14.8,0.0875,0.010625715651612137,0.0020034467737811224
14.8,0.09583333333333334,0.010544054060900532,0.0019879185613920934
14.8,0.10416666666666667,0.010462998234513592,0.0019725075993640012
14.8,0.1125,0.01038254300159083,0.001957212466162493
14.8,0.12083333333333333,0.010302683496327103,0.0019420320175910079
14.8,0.12916666666666668,0.010223415137186793,0.0019269653662182537
14.8,0.1375,0.010144733442912406,0.001912011697598435
14.8,0.14583333333333334,0.010066633937528803,0.0018971701754856992
14.8,0.15416666666666667,0.009989112142991436,0.0018824399346910354
14.8,0.1625,0.0099121636000789,0.0018678201021815966
14.8,0.17083333333333334,0.009835783883504463,0.0018533098123981134
14.8,0.17916666666666667,0.009759968605712188,0.0018389082112546598
14.8,0.1875,0.009684713414841544,0.0018246144543059282
14.8,0.19583333333333333,0.009610013991986176,0.0018104277042069402
14.8,0.20416666666666666,0.00953586604968971,0.0017963471294082437
14.8,0.2125,0.009462265331555501,0.0017823719039638626
14.8,0.22083333333333333,0.00938920761230166,0.0017685012077826383
14.8,0.22916666666666666,0.009316688697800444,0.001754734226862949
14.8,0.2375,0.00924470442496204,0.0017410701533699308
14.8,0.24583333333333332,0.009173250661499292,0.0017275081855925886
14.8,0.25416666666666665,0.00910232330564984,0.001714047527856629
14.8,0.2625,0.009031918285904189,0.0017006873904420283
14.8,0.2708333333333333,0.008962031560755306,0.001687426989520522
14.8,0.2791666666666667,0.008892659118464685,0.0016742655471083648
14.8,0.2875,0.008823796976836613,0.0016612022910257754
14.8,0.29583333333333334,0.008755441182993847,0.0016482364548564977
14.8,0.30416666666666664,0.008687587813152682,0.001635367277905414
14.8,0.3125,0.00862023297239761,0.0016225940051543607
14.8,0.32083333333333336,0.008553372794456626,0.0016099158872172185
14.8,0.32916666666666666,0.008487003441477936,0.0015973321802951758
14.8,0.3375,0.008421121103808542,0.001584842146132591
14.8,0.3458333333333333,0.008355721999774976,0.001572445051973445
14.8,0.3541666666666667,0.008290802375465471,0.0015601401705183523
14.8,0.3625,0.00822635850451426,0.0015479267798819416
14.8,0.37083333333333335,0.00816238668788703,0.0015358041635505355
14.8,0.37916666666666665,0.008098883253668194,0.0015237716103401124
14.8,0.3875,0.008035844556849513,0.0015118284143545596
14.8,0.3958333333333333,0.007973266979120451,0.0014999738749441837
14.8,0.4041666666666667,0.007911146928659822,0.001488207296664564
14.8,0.4125,0.007849480839929202,0.001476527989235687
14.8,0.42083333333333334,0.007788265173467706,0.0014649352675014187
14.8,0.42916666666666664,0.007727496415688374,0.0014534284513892319
14.8,0.4375,0.007667171078675943,0.001442006865870306
14.8,0.44583333333333336,0.007607285699986286,0.0014306698409198531
14.8,0.45416666666666666,0.007547836842447052,0.0014194167114777903
14.8,0.4625,0.007488821093960066,0.0014082468174096657
14.8,0.4708333333333333,0.007430235067304926,0.0013971595034679
14.8,0.4791666666666667,0.007372075399944167,0.0013861541192533007
14.8,0.4875,0.007314338753829872,0.001375230019176867
14.8,0.49583333333333335,0.007257021815211539,0.0013643865624218686
14.8,0.5041666666666667,0.007200121294445565,0.0013536231129062256
14.8,0.5125,0.007143633925805955,0.0013429390392451339
14.8,0.5208333333333334,0.007087556467296507,0.001332333714713997
14.8,0.5291666666666667,0.0070318857004642845,0.0013218065172116268
14.8,0.5375,0.0069766184302145415,0.0013113568292236993
14.8,0.5458333333333333,0.006921751484626914,0.001300984037786484
14.8,0.5541666666666667,0.006867281714773047,0.0012906875344508692
14.8,0.5625,0.006813205994535388,0.0012804667152466088
14.8,0.5708333333333333,0.006759521220427576,0.0012703209806468664
14.8,0.5791666666666667,0.006706224311415644,0.0012602497355330043
14.8,0.5875,0.006653312208741243,0.0012502523891596328
14.8,0.5958333333333333,0.006600781875745386,0.0012403283551199174
14.8,0.6041666666666666,0.006548630297693998,0.001230477051311156
14.8,0.6125,0.006496854481604542,0.001220697899900573
14.8,0.6208333333333333,0.006445451456073899,0.0012109903272914174
14.8,0.6291666666666667,0.006394418271107488,0.0012013537640892418
14.8,0.6375,0.006343751997949689,0.0011917876450684977
14.8,0.6458333333333334,0.006293449728915419,0.0011822914091393323
14.8,0.6541666666666667,0.006243508577222927,0.001172864499314635
14.8,0.6625,0.006193925676827912,0.0011635063626773405
14.8,0.6708333333333333,0.006144698182258663,0.00115421645034795
14.8,0.6791666666666667,0.006095823268452467,0.0011449942174523076
14.8,0.6875,0.0060472981305933005,0.0011358391230896032
14.8,0.6958333333333333,0.00599911998395046,0.0011267506303006072
14.8,0.7041666666666667,0.005951286063718579,0.001117728206036146
14.8,0.7125,0.005903793624858644,0.0011087713211257928
14.8,0.7208333333333333,0.00585663994194022,0.001099879450246811
14.8,0.7291666666666666,0.00580982230898479,0.0010910520718932855
14.8,0.7375,0.005763338039310235,0.0010822886683455196
14.8,0.7458333333333333,0.005717184465376417,0.0010735887256396273
14.8,0.7541666666666667,0.005671358938631802,0.0010649517335373463
14.8,0.7625,0.005625858829361311,0.001056377185496095
14.8,0.7708333333333334,0.005580681526535174,0.0010478645786392185
14.8,0.7791666666666667,0.005535824437658852,0.001039413413726462
14.8,0.7875,0.005491284988624048,0.0010310231951246593
14.8,0.7958333333333333,0.0054470606235608315,0.001022693430778629
14.8,0.8041666666666667,0.005403148804690715,0.0010144236321822865
14.8,0.8125,0.005359547012180878,0.001006213314349954
14.8,0.8208333333333333,0.005316252743999316,0.0009980619957878937
14.8,0.8291666666666667,0.0052732635157711144,0.000989969198466031
14.8,0.8375,0.005230576860635747,0.000981934447789886
14.8,0.8458333333333333,0.005188190329105217,0.0009739572725727132
14.8,0.8541666666666666,0.005146101488923507,0.0009660372050078271
14.8,0.8625,0.005104307924926645,0.0009581737806411554
14.8,0.8708333333333333,0.005062807238904166,0.0009503665383439354
14.8,0.8791666666666667,0.005021597049461115,0.0009426150202856812
14.8,0.8875,0.004980674991881462,0.0009349187719072691
14.8,0.8958333333333334,0.0049400387179921,0.0009272773418942698
14.8,0.9041666666666667,0.004899685896028107,0.0009196902821504366
14.8,0.9125,0.004859614210498638,0.0009121571477714141
14.8,0.9208333333333333,0.004819821362054122,0.0009046774970185992
14.8,0.9291666666666667,0.004780305067354034,0.0008972508912932183
14.8,0.9375,0.00474106305893587,0.0008898768951105777
14.8,0.9458333333333333,0.004702093085084834,0.0008825550760744865
14.8,0.9541666666666667,0.004663392909704612,0.000875285004851882
14.8,0.9625,0.004624960312188895,0.0008680662551476152
14.8,0.9708333333333333,0.004586793087293858,0.0008608984036794298
14.8,0.9791666666666666,0.004548889045011581,0.0008537810301531069
14.8,0.9875,0.004511246010444251,0.000846713717237798
14.8,0.9958333333333333,0.004473861823679295,0.0008396960505415188
15.0,0.004166666666666667,0.01108500846679159,0.0020987633727208147
15.0,0.0125,0.011000998554445458,0.002083504150488822
15.0,0.020833333333333332,0.01091565357963403,0.0020664005406939284
15.0,0.029166666666666667,0.010832292675197903,0.0020507755765976155
15.0,0.0375,0.010749234634538682,0.002034951923082112
15.0,0.04583333333333333,0.010666692604921455,0.0020191465701839516
15.0,0.05416666666666667,0.0105848041284664,0.0020035008743049944
15.0,0.0625,0.01050354467306268,0.0019879940893444536
15.0,0.07083333333333333,0.010422885204632635,0.001972600939180671
15.0,0.07916666666666666,0.010342818914706526,0.001957318345461354
15.0,0.0875,0.010263345223057156,0.0019421494304523086
15.0,0.09583333333333334,0.010184461450834502,0.0019270951903845256
15.0,0.10416666666666667,0.01010616293723882,0.0019121546123379064
15.0,0.1125,0.010028444677187364,0.0018973263121174946
15.0,0.12083333333333333,0.009951301987117817,0.0018826092002645358
15.0,0.12916666666666668,0.009874730451866438,0.0018680024291408556
15.0,0.1375,0.009798725742051062,0.001853505210516411
15.0,0.14583333333333334,0.00972328352871702,0.0018391167304184117
15.0,0.15416666666666667,0.00964839948140751,0.0018248361474034025
15.0,0.1625,0.009574069289657068,0.0018106626142506104
15.0,0.17083333333333334,0.00950028867686583,0.001796595292035217
15.0,0.17916666666666667,0.009427053403068725,0.0017826333530943884
15.0,0.1875,0.00935435926257309,0.0017687759788607977
15.0,0.19583333333333333,0.00928220208131854,0.0017550223574167509
15.0,0.20416666666666666,0.009210577715562206,0.0017413716823721154
15.0,0.2125,0.009139482051604381,0.0017278231527815971
15.0,0.22083333333333333,0.009068911005873823,0.0017143759734197703
15.0,0.22916666666666666,0.008998860524955032,0.0017010293549971811
15.0,0.2375,0.008929326585455484,0.0016877825142145517
15.0,0.24583333333333332,0.00886030519376505,0.0016746346737081521
15.0,0.25416666666666665,0.0087917923857837,0.001661585061961837
15.0,0.2625,0.008723784226660336,0.001648632913229045
15.0,0.2708333333333333,0.00865627681055355,0.0016357774674751746
15.0,0.2791666666666667,0.008589266260407298,0.0016230179703337023
15.0,0.2875,0.008522748727733143,0.001610353673067429
15.0,0.29583333333333334,0.008456720392393076,0.0015977838325290296
15.0,0.30416666666666664,0.008391177462381508,0.0015853077111195036
15.0,0.3125,0.008326116173607024,0.0015729245767449977
15.0,0.32083333333333336,0.008261532789674895,0.0015606337027731297
15.0,0.32916666666666666,0.00819742360167115,0.00154843436798961
15.0,0.3375,0.008133784927948456,0.0015363258565555045
15.0,0.3458333333333333,0.008070613113914125,0.0015243074579650586
15.0,0.3541666666666667,0.008007904531819455,0.0015123784670040385
15.0,0.3625,0.007945655580551122,0.001500538183708404
15.0,0.37083333333333335,0.007883862685423655,0.001488785913323261
15.0,0.37916666666666665,0.007822522297973694,0.001477120966262084
15.0,0.3875,0.007761630895755537,0.0014655426580662254
15.0,0.3958333333333333,0.00770118498213836,0.0014540503093646746
15.0,0.4041666666666667,0.007641181086104731,0.0014426432458341566
15.0,0.4125,0.0075816157620508,0.001431320798159502
15.0,0.42083333333333334,0.007522485589587817,0.0014200823019943464
15.0,0.42916666666666664,0.007463787173345185,0.001408927097922074
15.0,0.4375,0.0074055171427749025,0.0013978545314171276
15.0,0.44583333333333336,0.007347672151957579,0.001386863952806529
15.0,0.45416666666666666,0.007290248879409636,0.0013759547172317436
15.0,0.4625,0.007233244027892187,0.0013651261846107828
15.0,0.4708333333333333,0.007176654324221092,0.0013543777196006236
15.0,0.4791666666666667,0.007120476519078517,0.0013437086915598806
15.0,0.4875,0.007064707386825924,0.0013331184745117666
15.0,0.49583333333333335,0.007009343725318227,0.0013226064471073204
15.0,0.5041666666666667,0.006954382355719558,0.0013121719925889195
15.0,0.5125,0.006899820122320199,0.0013018144987540412
15.0,0.5208333333333334,0.006845653892354936,0.00129153335791931
15.0,0.5291666666666667,0.006791880555822666,0.0012813279668848119
15.0,0.5375,0.006738497025307417,0.001271197726898657
15.0,0.5458333333333333,0.006685500235800586,0.0012611420436218059
15.0,0.5541666666666667,0.006632887144524547,0.0012511603270931784
15.0,0.5625,0.006580654730757448,0.0012412519916949853
15.0,0.5708333333333333,0.006528799995659455,0.001231416456118344
15.0,0.5791666666666667,0.006477319962099892,0.0012216531433291284
15.0,0.5875,0.006426211674486247,0.0012119614805340794
15.0,0.5958333333333333,0.00637547219859374,0.0012023408991471613
15.0,0.6041666666666666,0.006325098621396605,0.0011927908347561748
15.0,0.6125,0.006275088050900425,0.0011833107270895927
15.0,0.6208333333333333,0.006225437615975691,0.0011739000199836784
15.0,0.6291666666666667,0.006176144466192535,0.001164558161349784
15.0,0.6375,0.006127205771656746,0.0011552846031419584
15.0,0.6458333333333334,0.006078618722846897,0.001146078801324747
15.0,0.6541666666666667,0.006030380530452645,0.0011369402158412348
15.0,0.6625,0.005982488425214321,0.0011278683105813408
15.0,0.6708333333333333,0.005934939657763498,0.0011188625533503156
15.0,0.6791666666666667,0.005887731498464783,0.0011099224158375002
15.0,0.6875,0.0058408612372588715,0.00110104737358529
15.0,0.6958333333333333,0.005794326183506499,0.0010922369059583345
15.0,0.7041666666666667,0.005748123665833722,0.0010834904961129637
15.0,0.7125,0.005702251031978189,0.0010748076309668282
15.0,0.7208333333333333,0.005656705648636559,0.001066187801168779
15.0,0.7291666666666666,0.005611484901313016,0.001057630501068935
15.0,0.7375,0.005566586194168879,0.0010491352286890055
15.0,0.7458333333333333,0.00552200694987327,0.0010407014856928015
15.0,0.7541666666666667,0.005477744609454807,0.0010323287773569623
15.0,0.7625,0.005433796632154478,0.0010240166125419193
15.0,0.7708333333333334,0.005390160495279477,0.0010157645036630392
15.0,0.7791666666666667,0.005346833694058092,0.0010075719666619955
15.0,0.7875,0.0053038137414956185,0.0009994385209783384
15.0,0.7958333333333333,0.00526109816823138,0.0009913636895212765
15.0,0.8041666666666667,0.005218684522396642,0.0009833469986416591
15.0,0.8125,0.005176570369473668,0.0009753879781041552
15.0,0.8208333333333333,0.005134753292155636,0.0009674861610596505
15.0,0.8291666666666667,0.0050932308902076895,0.0009596410840178229
15.0,0.8375,0.005052000780328923,0.0009518522868199238
15.0,0.8458333333333333,0.005011060596015218,0.0009441193126117642
15.0,0.8541666666666666,0.004970407987423348,0.0009364417078168745
15.0,0.8625,0.004930040621235652,0.0009288190221098891
15.0,0.8708333333333333,0.004889956180526093,0.0009212508083900679
15.0,0.8791666666666667,0.004850152364626817,0.0009137366227550845
15.0,0.8875,0.004810626888996088,0.0009062760244749248
15.0,0.8958333333333334,0.004771377485086781,0.0008988685759660242
15.0,0.9041666666666667,0.004732401900216104,0.0008915138427655616
15.0,0.9125,0.004693697897435927,0.0008842113935059623
15.0,0.9208333333333333,0.004655263255404365,0.0008769607998895493
15.0,0.9291666666666667,0.0046170957682579415,0.0008697616366634081
15.0,0.9375,0.004579193245484886,0.0008626134815944112
15.0,0.9458333333333333,0.004541553511799139,0.000855515915444422
15.0,0.9541666666666667,0.004504174407015408,0.0008484685219456823
15.0,0.9625,0.004467053785924945,0.0008414708877763655
15.0,0.9708333333333333,0.004430189518172244,0.00083452260253631
15.0,0.9791666666666666,0.004393579488132659,0.000827623258722919
15.0,0.9875,0.004357221594790772,0.0008207724517072375
15.0,0.9958333333333333,0.004321113751619659,0.0008139697797101895
15.200000000000001,0.004166666666666667,0.01070769434226489,0.0020346349269257467
15.200000000000001,0.0125,0.010626520265308068,0.0020198247773808194
15.200000000000001,0.020833333333333332,0.010544076252517213,0.002003252910738003
15.200000000000001,0.029166666666666667,0.010463546671763024,0.001988107462415679
15.200000000000001,0.0375,0.010383300685751563,0.0019727613346972755
15.200000000000001,0.04583333333333333,0.01030355761532307,0.001957437560253554
15.200000000000001,0.05416666666666667,0.010224447675388456,0.0019422700382911793
15.200000000000001,0.0625,0.010145944744512109,0.0019272363043463948
15.200000000000001,0.07083333333333333,0.010068021059277944,0.0019123122248614689
15.200000000000001,0.07916666666666666,0.009990670635197305,0.0018974954183009084
15.200000000000001,0.0875,0.009913893014474047,0.0018827890031235454
15.200000000000001,0.09583333333333334,0.00983768549546495,0.0018681938274483483
15.200000000000001,0.10416666666666667,0.009762043499122816,0.0018537088357011755
15.200000000000001,0.1125,0.009686962183759225,0.0018393326835800142
15.200000000000001,0.12083333333333333,0.009612437041277549,0.001825064334488813
15.200000000000001,0.12916666666666668,0.00953846381546535,0.0018109029780291792
15.200000000000001,0.1375,0.00946503832240388,0.0017968478506076968
15.200000000000001,0.14583333333333334,0.009392156374617211,0.0017828981597814515
15.200000000000001,0.15416666666666667,0.009319813783965012,0.0017690530873458385
15.200000000000001,0.1625,0.00924800638338611,0.0017553118112713627
15.200000000000001,0.17083333333333334,0.009176730039491005,0.001741673518488521
15.200000000000001,0.17916666666666667,0.009105980654389492,0.0017281374069057574
15.200000000000001,0.1875,0.009035754163078785,0.0017147026829869476
15.200000000000001,0.19583333333333333,0.008966046530932926,0.0017013685594286009
15.200000000000001,0.20416666666666666,0.008896853752571742,0.0016881342542151346
15.200000000000001,0.2125,0.00882817185168762,0.0016749989906308545
15.200000000000001,0.22083333333333333,0.008759996881150874,0.0016619619975487944
15.200000000000001,0.22916666666666666,0.008692324923021985,0.0016490225096254373
15.200000000000001,0.2375,0.00862515208840338,0.001636179767333292
15.200000000000001,0.24583333333333332,0.008558474517195512,0.0016234330168967274
15.200000000000001,0.25416666666666665,0.008492288377831303,0.001610781510204592
15.200000000000001,0.2625,0.0084265898670258,0.0015982245047369702
15.200000000000001,0.2708333333333333,0.008361375209547625,0.0015857612635121754
15.200000000000001,0.2791666666666667,0.008296640658003594,0.0015733910550458276
15.200000000000001,0.2875,0.008232382492628459,0.0015611131533136216
15.200000000000001,0.29583333333333334,0.008168597021074508,0.0015489268377127468
15.200000000000001,0.30416666666666664,0.008105280578200261,0.001536831393021158
15.200000000000001,0.3125,0.00804242952585907,0.001524826109355423
15.200000000000001,0.32083333333333336,0.007980040252688657,0.0015129102821282755
15.200000000000001,0.32916666666666666,0.007918109173902284,0.001501083212006581
15.200000000000001,0.3375,0.007856632731081687,0.0014893442048699536
15.200000000000001,0.3458333333333333,0.0077956073919720715,0.0014776925717699051
15.200000000000001,0.3541666666666667,0.00773502965027837,0.0014661276288894646
15.200000000000001,0.3625,0.007674896025463455,0.0014546486975031058
15.200000000000001,0.37083333333333335,0.007615203062547397,0.0014432551039369284
15.200000000000001,0.37916666666666665,0.007555947331908445,0.0014319461795290992
15.200000000000001,0.3875,0.007497125429085258,0.0014207212605905873
15.200000000000001,0.3958333333333333,0.007438733974580748,0.001409579688366125
15.200000000000001,0.4041666666666667,0.007380769613667217,0.0013985208089955237
15.200000000000001,0.4125,0.007323229016193056,0.0013875439734752318
15.200000000000001,0.42083333333333334,0.007266108876390791,0.0013766485376202305
15.200000000000001,0.42916666666666664,0.007209405912686556,0.0013658338620261541
15.200000000000001,0.4375,0.007153116867510958,0.0013550993120317685
15.200000000000001,0.44583333333333336,0.0070972385071114315,0.0013444442576816579
15.200000000000001,0.45416666666666666,0.007041767621365773,0.0013338680736892337
15.200000000000001,0.4625,0.006986701023597251,0.0013233701393999867
15.200000000000001,0.4708333333333333,0.006932035550390915,0.0013129498387550412
15.200000000000001,0.4791666666666667,0.006877768061411298,0.001302606560254956
15.200000000000001,0.4875,0.006823895439221558,0.0012923396969237986
15.200000000000001,0.49583333333333335,0.006770414589103714,0.0012821486462734895
15.200000000000001,0.5041666666666667,0.006717322438880441,0.0012720328102684131
15.200000000000001,0.5125,0.006664615938738004,0.0012619915952902776
15.200000000000001,0.5208333333333334,0.006612292061050589,0.0012520244121032448
15.200000000000001,0.5291666666666667,0.006560347800205792,0.0012421306758193256
15.200000000000001,0.5375,0.006508780172431517,0.0012323098058640114
15.200000000000001,0.5458333333333333,0.0064575862156240615,0.0012225612259421635
15.200000000000001,0.5541666666666667,0.00640676298917748,0.0012128843640041769
15.200000000000001,0.5625,0.006356307573814137,0.001203278652212358
15.200000000000001,0.5708333333333333,0.006306217071416661,0.0011937435269075809
15.200000000000001,0.5791666666666667,0.006256488604860738,0.0011842784285761659
15.200000000000001,0.5875,0.006207119317849747,0.0011748828018170196
15.200000000000001,0.5958333333333333,0.006158106374749894,0.0011655560953090015
15.200000000000001,0.6041666666666666,0.006109446960427056,0.0011562977617785518
15.200000000000001,0.6125,0.006061138280084602,0.0011471072579675268
15.200000000000001,0.6208333333333333,0.00601317755910242,0.0011379840446013084
15.200000000000001,0.6291666666666667,0.0059655620428770845,0.001128927586357094
15.200000000000001,0.6375,0.005918288996663223,0.001119937351832482
15.200000000000001,0.6458333333333334,0.0058713557054160415,0.0011110128135142466
15.200000000000001,0.6541666666666667,0.005824759473634893,0.0011021534477473418
15.200000000000001,0.6625,0.005778497625208149,0.001093358734704163
15.200000000000001,0.6708333333333333,0.005732567503259002,0.0010846281583539853
15.200000000000001,0.6791666666666667,0.005686966469992464,0.0010759612064326755
15.200000000000001,0.6875,0.005641691906543566,0.0010673573704125892
15.200000000000001,0.6958333333333333,0.005596741212826442,0.0010588161454727052
15.200000000000001,0.7041666666666667,0.005552111807384688,0.0010503370304689725
15.200000000000001,0.7125,0.0055078011272426935,0.0010419195279048707
15.200000000000001,0.7208333333333333,0.005463806627758073,0.001033563143902199
15.200000000000001,0.7291666666666666,0.005420125782475155,0.0010252673881720482
15.200000000000001,0.7375,0.0053767560829795415,0.0010170317739860214
15.200000000000001,0.7458333333333333,0.00533369503875369,0.0010088558181476366
15.200000000000001,0.7541666666666667,0.005290940177033471,0.0010007390409639359
15.200000000000001,0.7625,0.005248489042665892,0.000992680966217332
15.200000000000001,0.7708333333333334,0.005206339197967736,0.0009846811211376193
15.200000000000001,0.7791666666666667,0.005164488222585231,0.0009767390363742117
15.200000000000001,0.7875,0.005122933713354681,0.000968854245968576
15.200000000000001,0.7958333333333333,0.005081673284164221,0.0009610262873268602
15.200000000000001,0.8041666666666667,0.0050407045658164,0.0009532547011927292
15.200000000000001,0.8125,0.0050000252058918625,0.0009455390316203791
15.200000000000001,0.8208333333333333,0.0049596328686138825,0.0009378788259477746
15.200000000000001,0.8291666666666667,0.0049195252347139975,0.0009302736347700509
15.200000000000001,0.8375,0.004879700001298526,0.0009227230119131164
15.200000000000001,0.8458333333333333,0.004840154881715926,0.0009152265144074589
15.200000000000001,0.8541666666666666,0.004800887605425385,0.0009077837024621156
15.200000000000001,0.8625,0.0047618959178659355,0.000900394139438862
15.200000000000001,0.8708333333333333,0.004723177580326942,0.0008930573918265358
15.200000000000001,0.8791666666666667,0.004684730369819035,0.0008857730292156167
15.200000000000001,0.8875,0.0046465520789464206,0.0008785406242729139
15.200000000000001,0.8958333333333334,0.004608640515779689,0.0008713597527164859
15.200000000000001,0.9041666666666667,0.004570993503729847,0.0008642299932907132
15.200000000000001,0.9125,0.004533608881422913,0.0008571509277415711
15.200000000000001,0.9208333333333333,0.00449648450257574,0.0008501221407920469
15.200000000000001,0.9291666666666667,0.00445961823587239,0.0008431432201177683
15.200000000000001,0.9375,0.004423007964841609,0.0008362137563227786
15.200000000000001,0.9458333333333333,0.004386651587734983,0.0008293333429154958
15.200000000000001,0.9541666666666667,0.0043505470174061405,0.0008225015762848394
15.200000000000001,0.9625,0.004314692181190595,0.0008157180556765272
15.200000000000001,0.9708333333333333,0.004279085020786537,0.0008089823831695415
15.200000000000001,0.9791666666666666,0.00424372349213648,0.0008022941636527569
15.200000000000001,0.9875,0.004208605565309641,0.000795653004801743
15.200000000000001,0.9958333333333333,0.004173729224385203,0.0007890585170557198
15.4,0.004166666666666667,0.010343958084815641,0.0019725277958469838
15.4,0.0125,0.01026551639553165,0.0019581534601889224
15.4,0.020833333333333332,0.010185866760784128,0.0019420962627288184
15.4,0.029166666666666667,0.010108064300868327,0.0019274149634996318
15.4,0.0375,0.01003052743408662,0.0019125315935050323
15.4,0.04583333333333333,0.009953480806613598,0.0018976743848005842
15.4,0.05416666666666667,0.009877047499494356,0.001882969977697076
15.4,0.0625,0.009801200011037122,0.0018683944033570325
15.4,0.07083333333333333,0.009725911845853771,0.001853924673038671
15.4,0.07916666666666666,0.009651177784244552,0.0018395590476820455
15.4,0.0875,0.00957699746432766,0.00182530062023877
15.4,0.09583333333333334,0.009503368162038207,0.00181115009586958
15.4,0.10416666666666667,0.009430285383430001,0.001797106384443048
15.4,0.1125,0.009357744447516317,0.001783168183572099
15.4,0.12083333333333333,0.009285741014984496,0.0017693345075228194
15.4,0.12916666666666668,0.009214270981498872,0.0017556045807100653
15.4,0.1375,0.009143330302558013,0.0017419776627459588
15.4,0.14583333333333334,0.009072914926913603,0.0017284529820486645
15.4,0.15416666666666667,0.00900302080370117,0.0017150297431617098
15.4,0.1625,0.008933643904126052,0.0017017071486267819
15.4,0.17083333333333334,0.008864780232754993,0.0016884844104612842
15.4,0.17916666666666667,0.008796425828490804,0.0016753607513170666
15.4,0.1875,0.008728576761781634,0.001662335401872768
15.4,0.19583333333333333,0.008661229132261913,0.001649407598656307
15.4,0.20416666666666666,0.008594379067796807,0.0016365765832695085
15.4,0.2125,0.00852802272439559,0.0016238416024805303
15.4,0.22083333333333333,0.008462156286328314,0.0016112019085179222
15.4,0.22916666666666666,0.008396775966120916,0.0015986567592421684
15.4,0.2375,0.008331878004393068,0.0015862054181583266
15.4,0.24583333333333332,0.008267458669612761,0.001573847154344438
15.4,0.25416666666666665,0.008203514257838425,0.0015615812423658755
15.4,0.2625,0.008140041092479374,0.001549406962207028
15.4,0.2708333333333333,0.008077035524077377,0.0015373235992225947
15.4,0.2791666666666667,0.008014493930099635,0.0015253304440992388
15.4,0.2875,0.007952412714735542,0.0015134267928196316
15.4,0.29583333333333334,0.007890788308692803,0.0015016119466246627
15.4,0.30416666666666664,0.007829617168992565,0.0014898852119735232
15.4,0.3125,0.0077688957787646834,0.001478245900502594
15.4,0.32083333333333336,0.0077086206470440965,0.0014666933289842277
15.4,0.32916666666666666,0.007648788308568807,0.0014552268192860273
15.4,0.3375,0.007589395323579665,0.0014438456983307806
15.4,0.3458333333333333,0.0075304382776220586,0.0014325492980568819
15.4,0.3541666666666667,0.007471913781348869,0.0014213369553791877
15.4,0.3625,0.0074138184703252275,0.0014102080121501518
15.4,0.37083333333333335,0.007356149004834324,0.001399161815121198
15.4,0.37916666666666665,0.007298902069684879,0.0013881977159043491
15.4,0.3875,0.007242074374019809,0.0013773150709341377
15.4,0.3958333333333333,0.00718566265112647,0.001366513241429749
15.4,0.4041666666666667,0.007129663658248164,0.0013557915933575038
15.4,0.4125,0.007074074176397135,0.0013451494973935791
15.4,0.42083333333333334,0.007018891010168888,0.001334586328887053
15.4,0.42916666666666664,0.00696411098755787,0.0013241014678231698
15.4,0.4375,0.006909730959774517,0.0013136942987869522
15.4,0.44583333333333336,0.006855747801063739,0.0013033642109270133
15.4,0.45416666666666666,0.006802158408524528,0.0012931105979196802
15.4,0.4625,0.006748959701931113,0.00128293285793336
15.4,0.4708333333333333,0.0066961486235552585,0.0012728303935931886
15.4,0.4791666666666667,0.0066437221379899375,0.001262802611945929
15.4,0.4875,0.006591677231974366,0.0012528489244251267
15.4,0.49583333333333335,0.00654001091422011,0.0012429687468165323
15.4,0.5041666666666667,0.006488720215238708,0.0012331614992237817
15.4,0.5125,0.006437802187170388,0.001223426606034313
15.4,0.5208333333333334,0.006387253903614139,0.0012137634958855538
15.4,0.5291666666666667,0.006337072459458899,0.0012041716016313597
15.4,0.5375,0.006287254970716114,0.001194650360308683
15.4,0.5458333333333333,0.006237798574353447,0.00118519921310449
15.4,0.5541666666666667,0.0061887004281296985,0.0011758176053229502
15.4,0.5625,0.006139957710430922,0.001166504986352827
15.4,0.5708333333333333,0.006091567620107861,0.0011572608096351421
15.4,0.5791666666666667,0.006043527376314216,0.0011480845326310534
15.4,0.5875,0.005995834218346683,0.001138975616789987
15.4,0.5958333333333333,0.0059484854054854775,0.0011299335275179907
15.4,0.6041666666666666,0.00590147821683652,0.0011209577341463374
15.4,0.6125,0.005854809951174567,0.0011120477099003324
15.4,0.6208333333333333,0.0058084779267874856,0.0011032029318683856
15.4,0.6291666666666667,0.005762479481321669,0.0010944228809712621
15.4,0.6375,0.00571681197162859,0.0010857070419316136
15.4,0.6458333333333334,0.0056714727736124765,0.0010770549032436943
15.4,0.6541666666666667,0.005626459282078999,0.0010684659571433064
15.4,0.6625,0.0055817689105852305,0.001059939699577986
15.4,0.6708333333333333,0.005537399091290473,0.0010514756301773665
15.4,0.6791666666666667,0.005493347274808302,0.0010430732522238029
15.4,0.6875,0.005449610930059706,0.001034732072623181
15.4,0.6958333333333333,0.005406187544127124,0.0010264516018759521
15.4,0.7041666666666667,0.005363074622109713,0.0010182313540483777
15.4,0.7125,0.00532026968697954,0.0010100708467439775
15.4,0.7208333333333333,0.005277770279438846,0.001001969601075199
15.4,0.7291666666666666,0.005235573957778344,0.000993927141635271
15.4,0.7375,0.00519367829773654,0.0009859429964702896
15.4,0.7458333333333333,0.005152080892360038,0.0009780166970514883
15.4,0.7541666666666667,0.005110779351864828,0.0009701477782477003
15.4,0.7625,0.0050697713034986375,0.0009623357782980609
15.4,0.7708333333333334,0.00502905439140423,0.0009545802387848601
15.4,0.7791666666666667,0.004988626276483664,0.0009468807046066201
15.4,0.7875,0.004948484636263507,0.0009392367239513627
15.4,0.7958333333333333,0.004908627164761107,0.0009316478482700639
15.4,0.8041666666666667,0.0048690515723516965,0.0009241136322503109
15.4,0.8125,0.004829755585636538,0.0009166336337901308
15.4,0.8208333333333333,0.004790736947311908,0.0009092074139720375
15.4,0.8291666666666667,0.004751993416039132,0.000901834537037237
15.4,0.8375,0.004713522766315493,0.0008945145703600267
15.4,0.8458333333333333,0.004675322788345943,0.0008872470844223966
15.4,0.8541666666666666,0.004637391287915989,0.0008800316527887807
15.4,0.8625,0.004599726086265125,0.0008728678520810316
15.4,0.8708333333333333,0.00456232501996157,0.0008657552619535156
15.4,0.8791666666666667,0.004525185940777424,0.000858693465068464
15.4,0.8875,0.004488306715565194,0.0008516820470714226
15.4,0.8958333333333334,0.00445168522613476,0.0008447205965669329
15.4,0.9041666666666667,0.004415319369131554,0.000837808705094356
15.4,0.9125,0.004379207055915284,0.0008309459671038928
15.4,0.9208333333333333,0.004343346212439819,0.0008241319799327455
15.4,0.9291666666666667,0.004307734779133645,0.000817366343781481
15.4,0.9375,0.004272370710781356,0.0008106486616905404
15.4,0.9458333333333333,0.004237251976405817,0.000803978539516923
15.4,0.9541666666666667,0.0042023765591513405,0.0007973555859110353
15.4,0.9625,0.004167742456167472,0.0007907794122937055
15.4,0.9708333333333333,0.0041333476784937186,0.0007842496328333597
15.4,0.9791666666666666,0.004099190250945071,0.0007777658644233567
15.4,0.9875,0.004065268211998261,0.0007713277266594914
15.4,0.9958333333333333,0.004031579613678865,0.0007649348418176472
15.6,0.004166666666666667,0.009993381229539931,0.0019123745807877082
15.6,0.0125,0.009917572220654152,0.001898423193797072
15.6,0.020833333333333332,0.009840614272835968,0.0018828641679835007
15.6,0.029166666666666667,0.009765438550150088,0.0018686321841767115
15.6,0.0375,0.009690511605162839,0.001854197285570984
15.6,0.04583333333333333,0.009616062617491912,0.0018397921164840234
15.6,0.05416666666666667,0.009542207734919548,0.0018255362636683187
15.6,0.0625,0.009468918270904712,0.0018114044540204633
15.6,0.07083333333333333,0.009396168989738682,0.0017973748399335414
15.6,0.07916666666666666,0.00932395537955948,0.0017834462725062885
15.6,0.0875,0.009252277150788094,0.001769621800172858
15.6,0.09583333333333334,0.009181131558169403,0.0017559019909358243
15.6,0.10416666666666667,0.009110514195898332,0.0017422857276827275
15.6,0.1125,0.009040420540722727,0.0017287717514782865
15.6,0.12083333333333333,0.008970846415551018,0.0017153591253597964
15.6,0.12916666666666668,0.008901787861189378,0.0017020471062606866
15.6,0.1375,0.008833240966851187,0.0016888349757048576
15.6,0.14583333333333334,0.008765201812533437,0.0016757219823667735
15.6,0.15416666666666667,0.008697666479822197,0.0016627073530592394
15.6,0.1625,0.008630631073254642,0.001649790314276135
15.6,0.17083333333333334,0.008564091730312355,0.0016369701023655188
15.6,0.17916666666666667,0.00849804462163288,0.0016242459639191518
15.6,0.1875,0.008432485948103738,0.0016116171530435788
15.6,0.19583333333333333,0.00836741193867103,0.0015990829293442573
15.6,0.20416666666666666,0.008302818849549223,0.0015866425573095619
15.6,0.2125,0.008238702964207196,0.0015742953064699855
15.6,0.22083333333333333,0.008175060593488688,0.001562040451690102
15.6,0.22916666666666666,0.008111888075589092,0.0015498772733159641
15.6,0.2375,0.008049181775881032,0.0015378050571697183
15.6,0.24583333333333332,0.007986938086669261,0.0015258230944725536
15.6,0.25416666666666665,0.007925153426941133,0.0015139306817617151
15.6,0.2625,0.007863824242137666,0.001502127120827161
15.6,0.2708333333333333,0.007802947003944673,0.0014904117186667898
15.6,0.2791666666666667,0.007742518210093537,0.0014787837874503259
15.6,0.2875,0.007682534384164583,0.0014672426444844375
15.6,0.29583333333333334,0.007622992075389419,0.0014557876121756702
15.6,0.30416666666666664,0.00756388785845233,0.0014444180179913504
15.6,0.3125,0.007505218333292021,0.00143313319441953
15.6,0.32083333333333336,0.00744698012490457,0.0014219324789289881
15.6,0.32916666666666666,0.007389169883148052,0.0014108152139297935
15.6,0.3375,0.007331784282548883,0.001399780746734508
15.6,0.3458333333333333,0.007274820022109977,0.0013888284295198404
15.6,0.3541666666666667,0.00721827382512015,0.0013779576192886943
15.6,0.3625,0.00716214243896519,0.0013671676778324669
15.6,0.37083333333333335,0.00710642263493999,0.0013564579716935806
15.6,0.37916666666666665,0.007051111208062252,0.0013458278721282585
15.6,0.3875,0.006996204976887407,0.0013352767550695805
15.6,0.3958333333333333,0.006941700783324989,0.0013248040010907724
15.6,0.4041666666666667,0.006887595492456312,0.0013144089953688177
15.6,0.4125,0.0068338859923535175,0.0013040911276483045
15.6,0.42083333333333334,0.00678056919389996,0.0012938497922055888
15.6,0.42916666666666664,0.006727642030611881,0.0012836843878131642
15.6,0.4375,0.006675101458461397,0.0012735943177043735
15.6,0.44583333333333336,0.006622944455700908,0.001263578989538314
15.6,0.45416666666666666,0.006571168022688573,0.0012536378153650393
15.6,0.4625,0.006519769181715262,0.001243770211591006
15.6,0.4708333333333333,0.006468744976832683,0.0012339755989447818
15.6,0.4791666666666667,0.006418092473682758,0.0012242534024430084
15.6,0.4875,0.006367808759328381,0.0012146030513566046
15.6,0.49583333333333335,0.006317890942085169,0.001205023979177233
15.6,0.5041666666666667,0.006268336151354711,0.0011955156235840174
15.6,0.5125,0.0062191415374588605,0.00118607742641049
15.6,0.5208333333333334,0.006170304271475326,0.0011767088336117944
15.6,0.5291666666666667,0.006121821545074387,0.0011674092952321353
15.6,0.5375,0.006073690570356893,0.0011581782653724594
15.6,0.5458333333333333,0.006025908579693383,0.0011490152021583655
15.6,0.5541666666666667,0.005978472825564401,0.0011399195677082854
15.6,0.5625,0.0059313805804019504,0.0011308908281018602
15.6,0.5708333333333333,0.00588462913643222,0.0011219284533485793
15.6,0.5791666666666667,0.005838215805519127,0.0011130319173566264
15.6,0.5875,0.005792137919009575,0.0011042006979019754
15.6,0.5958333333333333,0.005746392827579171,0.0010954342765976974
15.6,0.6041666666666666,0.0057009779010795646,0.0010867321388635122
15.6,0.6125,0.005655890528386692,0.0010780937738955362
15.6,0.6208333333333333,0.005611128117250124,0.0010695186746362897
15.6,0.6291666666666667,0.0055666880941435265,0.0010610063377448748
15.6,0.6375,0.005522567904116227,0.0010525562635674251
15.6,0.6458333333333334,0.005478765010645849,0.0010441679561077372
15.6,0.6541666666666667,0.005435276895491945,0.0010358409229981225
15.6,0.6625,0.005392101058550843,0.0010275746754704917
15.6,0.6708333333333333,0.005349235017711357,0.0010193687283276164
15.6,0.6791666666666667,0.005306676308711647,0.0010112225999146384
15.6,0.6875,0.005264422484997158,0.0010031358120907575
15.6,0.6958333333333333,0.005222471117579419,0.0009951078902011438
15.6,0.7041666666666667,0.005180819794896036,0.0009871383630490496
15.6,0.7125,0.0051394661226715835,0.0009792267628681173
15.6,0.7208333333333333,0.0050984077237795355,0.0009713726252949088
15.6,0.7291666666666666,0.005057642238105182,0.0009635754893416037
15.6,0.7375,0.005017167322409545,0.0009558348973689315
15.6,0.7458333333333333,0.004976980650194255,0.0009481503950592747
15.6,0.7541666666666667,0.004937079911567363,0.000940521531389969
15.6,0.7625,0.004897462813110198,0.0009329478586068244
15.6,0.7708333333333334,0.0048581270777451335,0.0009254289321977995
15.6,0.7791666666666667,0.00481907044460427,0.0009179643108668914
15.6,0.7875,0.004780290668899061,0.0009105535565082106
15.6,0.7958333333333333,0.004741785521790972,0.0009031962341802366
15.6,0.8041666666666667,0.004703552790262903,0.0008958919120802709
15.6,0.8125,0.0046655902769916595,0.0008886401615190564
15.6,0.8208333333333333,0.004627895800221228,0.0008814405568956064
15.6,0.8291666666666667,0.004590467193637055,0.0008742926756721901
15.6,0.8375,0.00455330230624117,0.000867196098349506
15.6,0.8458333333333333,0.004516399002228104,0.0008601504084420466
15.6,0.8541666666666666,0.0044797551608619385,0.0008531551924536165
15.6,0.8625,0.004443368676353868,0.0008462100398530598
15.6,0.8708333333333333,0.004407237457741043,0.000839314543050108
15.6,0.8791666666666667,0.0043713594287658145,0.000832468297371477
15.6,0.8875,0.004335732527756304,0.0008256709010370564
15.6,0.8958333333333334,0.004300354707507383,0.000818921955136327
15.6,0.9041666666666667,0.004265223935162858,0.0008122210636049123
15.6,0.9125,0.004230338192098154,0.0008055678332013257
15.6,0.9208333333333333,0.004195695473804147,0.0007989618734838508
15.6,0.9291666666666667,0.004161293789771519,0.000792402796787619
15.6,0.9375,0.004127131163376147,0.0007858902182018287
15.6,0.9458333333333333,0.004093205631765115,0.0007794237555471325
15.6,0.9541666666666667,0.004059515245743723,0.0007730030293531879
15.6,0.9625,0.0040260580696630886,0.0007666276628363638
15.6,0.9708333333333333,0.003992832181308641,0.0007602972818776078
15.6,0.9791666666666666,0.003959835671789411,0.0007540115150004652
15.6,0.9875,0.003927066645427995,0.0007477699933492617
15.6,0.9958333333333333,0.0038945232196513865,0.0007415723506674314
15.8,0.004166666666666667,0.009655533408193856,0.00185411034871929
15.8,0.0125,0.009582261072100565,0.0018405694270722107
15.8,0.020833333333333332,0.009507895964485286,0.0018254926309326852
15.8,0.029166666666666667,0.009435250367556821,0.0018116956409250321
15.8,0.0375,0.009362837842740297,0.0017976953916192917
15.8,0.04583333333333333,0.009290891364736827,0.0017837282057931547
15.8,0.05416666666666667,0.009219520354336007,0.0017699068274360675
15.8,0.0625,0.009148695122388034,0.001756204865912032
15.8,0.07083333333333333,0.009078391679486432,0.001742601605832633
15.8,0.07916666666666666,0.0090086061669954,0.0017290964382727567
15.8,0.0875,0.008939338346728422,0.0017156923506363362
15.8,0.09583333333333334,0.008870585454181712,0.001702389780075602
15.8,0.10416666666666667,0.008802343174403506,0.001689187589544482
15.8,0.1125,0.00873460713866881,0.0016760845646564546
15.8,0.12083333333333333,0.008667373325682954,0.001663079815069673
15.8,0.12916666666666668,0.008600637914990343,0.0016501726280759679
15.8,0.1375,0.008534397124138667,0.0016373623059438675
15.8,0.14583333333333334,0.008468647159636694,0.0016246481170540245
15.8,0.15416666666666667,0.008403384230896985,0.0016120293100182475
15.8,0.1625,0.008338604571047023,0.0015995051346653763
15.8,0.17083333333333334,0.00827430444564537,0.0015870748509313273
15.8,0.17916666666666667,0.00821048015221933,0.0015747377285688976
15.8,0.1875,0.008147128017300389,0.0015624930443544037
15.8,0.19583333333333333,0.008084244394411355,0.0015503400802445797
15.8,0.20416666666666666,0.0080218256634298,0.0015382781229085053
15.8,0.2125,0.0079598682306337,0.0015263064639407112
15.8,0.22083333333333333,0.00789836852881934,0.001514424400144929
15.8,0.22916666666666666,0.007837323017259323,0.0015026312336571027
15.8,0.2375,0.007776728181517746,0.0014909262719240146
15.8,0.24583333333333332,0.0077165805332069575,0.0014793088276225696
15.8,0.25416666666666665,0.007656876609746902,0.0014677782185802152
15.8,0.2625,0.007597612974146576,0.001456333767716493
15.8,0.2708333333333333,0.007538786214804101,0.0014449748030018342
15.8,0.2791666666666667,0.007480392945314791,0.0014337006574233458
15.8,0.2875,0.007422429804280752,0.0014225106689508384
15.8,0.29583333333333334,0.007364893455119216,0.001411404180500443
15.8,0.30416666666666664,0.007307780585870009,0.00140038053989635
15.8,0.3125,0.0072510879090035936,0.0013894390998318144
15.8,0.32083333333333336,0.0071948121612303954,0.0013785792178303714
15.8,0.32916666666666666,0.007138950103311816,0.0013678002562076456
15.8,0.3375,0.007083498519872928,0.0013571015820337813
15.8,0.3458333333333333,0.0070284542192168694,0.001346482567096284
15.8,0.3541666666666667,0.006973814033140419,0.0013359425878632153
15.8,0.3625,0.006919574816751214,0.0013254810254466217
15.8,0.37083333333333335,0.006865733448285938,0.0013150972655661863
15.8,0.37916666666666665,0.006812286828930075,0.0013047906985131207
15.8,0.3875,0.006759231882638819,0.0012945607191143277
15.8,0.3958333333333333,0.006706565555959416,0.001284406726696805
15.8,0.4041666666666667,0.006654284817854741,0.0012743281250523493
15.8,0.4125,0.0066023866595282315,0.0012643243224024982
15.8,0.42083333333333334,0.006550868094250089,0.001254394731363772
15.8,0.42916666666666664,0.006499726157184743,0.00124453876891312
15.8,0.4375,0.0064489579052195815,0.0012347558563536919
15.8,0.44583333333333336,0.0063985604167950605,0.0012250454192808053
15.8,0.45416666666666666,0.006348530791735839,0.0012154068875481956
15.8,0.4625,0.006298866151083352,0.0012058396952345017
15.8,0.4708333333333333,0.006249563636929511,0.0011963432806100112
15.8,0.4791666666666667,0.006200620412251628,0.0011869170861036468
15.8,0.4875,0.0061520336607486506,0.0011775605582701922
15.8,0.49583333333333335,0.006103800586678396,0.0011682731477577644
15.8,0.5041666666666667,0.006055918414696205,0.00115905430927554
15.8,0.5125,0.006008384389694613,0.0011499035015616963
15.8,0.5208333333333334,0.005961195776644286,0.0011408201873516046
15.8,0.5291666666666667,0.0059143498604360386,0.0011318038333462586
15.8,0.5375,0.0058678439457240964,0.0011228539101809344
15.8,0.5458333333333333,0.005821675356770439,0.0011139698923940651
15.8,0.5541666666666667,0.005775841437290298,0.0011051512583963813
15.8,0.5625,0.005730339550298787,0.0010963974904402414
15.8,0.5708333333333333,0.0056851670779587095,0.0010877080745892186
15.8,0.5791666666666667,0.005640321421429207,0.0010790825006878836
15.8,0.5875,0.005595800000716038,0.0010705202623318341
15.8,0.5958333333333333,0.005551600254522309,0.001062020856837926
15.8,0.6041666666666666,0.005507719640100783,0.0010535837852147447
15.8,0.6125,0.005464155633107052,0.0010452085521332637
15.8,0.6208333333333333,0.005420905727453786,0.0010368946658977597
15.8,0.6291666666666667,0.005377967435166059,0.0010286416384168865
15.8,0.6375,0.0053353382862377455,0.0010204489851750175
15.8,0.6458333333333334,0.005293015828488933,0.001012316225203765
15.8,0.6541666666666667,0.005250997627424335,0.0010042428810537072
15.8,0.6625,0.005209281266092857,0.0009962284787663474
15.8,0.6708333333333333,0.005167864344947984,0.0009882725478462422
15.8,0.6791666666666667,0.005126744481709321,0.000980374621233369
15.8,0.6875,0.005085919311225146,0.0009725342352756727
15.8,0.6958333333333333,0.005045386485335797,0.0009647509297018171
15.8,0.7041666666666667,0.005005143672738245,0.0009570242475941456
15.8,0.7125,0.004965188558851488,0.0009493537353618204
15.8,0.7208333333333333,0.0049255188456829874,0.0009417389427141829
15.8,0.7291666666666666,0.004886132251696056,0.0009341794226342731
15.8,0.7375,0.004847026511678192,0.0009266747313525808
15.8,0.7458333333333333,0.004808199376610374,0.0009192244283209584
15.8,0.7541666666666667,0.004769648613537227,0.0009118280761867289
15.8,0.7625,0.004731372005438226,0.0009044852407670036
15.8,0.7708333333333334,0.004693367351099775,0.0008971954910231512
15.8,0.7791666666666667,0.004655632464988146,0.0008899583990354779
15.8,0.7875,0.004618165177123383,0.0008827735399780806
15.8,0.7958333333333333,0.0045809633329541586,0.0008756404920938837
15.8,0.8041666666666667,0.004544024793233391,0.0008685588366698594
15.8,0.8125,0.0045073474338948784,0.0008615281580124157
15.8,0.8208333333333333,0.004470929145930693,0.000854548043422983
15.8,0.8291666666666667,0.004434767835269581,0.0008476180831737539
15.8,0.8375,0.004398861422656127,0.0008407378704836088
15.8,0.8458333333333333,0.004363207843530749,0.0008339070014942217
15.8,0.8541666666666666,0.0043278050479107315,0.0008271250752463179
15.8,0.8625,0.00429265100027181,0.0008203916936561344
15.8,0.8708333333333333,0.004257743679430948,0.0008137064614919956
15.8,0.8791666666666667,0.004223081078429527,0.0008070689863511342
15.8,0.8875,0.004188661204417812,0.0008004788786365939
15.8,0.8958333333333334,0.0041544820785398145,0.0007939357515343662
15.8,0.9041666666666667,0.004120541735819335,0.000787439220990643
15.8,0.9125,0.004086838225046451,0.0007809889056892709
15.8,0.9208333333333333,0.004053369608665174,0.0007745844270293244
15.8,0.9291666666666667,0.004020133962661557,0.0007682254091028796
15.8,0.9375,0.003987129376452833,0.0007619114786729194
15.8,0.9458333333333333,0.003954353952777152,0.0007556422651514032
15.8,0.9541666666666667,0.003921805807584284,0.0007494174005774956
15.8,0.9625,0.003889483069926882,0.0007432365195959458
15.8,0.9708333333333333,0.003857383881852637,0.0007370992594356228
15.8,0.9791666666666666,0.0038255063982971654,0.0007310052598881995
15.8,0.9875,0.003793848786977581,0.0007249541632869918
15.8,0.9958333333333333,0.0037624092282868963,0.0007189456144859432
16.0,0.004166666666666667,0.009329978695226875,0.0017976725294568839
16.0,0.0125,0.009259150658265816,0.0017845299603707007
16.0,0.020833333333333332,0.009187283315533906,0.001769919987445469
16.0,0.029166666666666667,0.009117074933530861,0.001756544161667464
16.0,0.0375,0.009047084956257403,0.0017429651870882398
16.0,0.04583333333333333,0.008977549465944415,0.0017294223817494471
16.0,0.05416666666666667,0.008908571366892815,0.0017160218617079939
16.0,0.0625,0.008840120136930437,0.0017027362926773561
16.0,0.07083333333333333,0.008772173015180091,0.001689546077979717
16.0,0.07916666666666666,0.008704726744028215,0.0016764511006968153
16.0,0.0875,0.008637781118273671,0.0016634542729997406
16.0,0.09583333333333334,0.008571333356681638,0.0016505559078825358
16.0,0.10416666666666667,0.00850537923752615,0.0016377548548828112
16.0,0.1125,0.008439914543194807,0.0016250499448635558
16.0,0.12083333333333333,0.008374935401921075,0.0016124403319210587
16.0,0.12916666666666668,0.008310438125905545,0.0015999253316805056
16.0,0.1375,0.008246419055950943,0.0015875042661039368
16.0,0.14583333333333334,0.008182874520574477,0.0015751764227744014
16.0,0.15416666666666667,0.00811980085257982,0.001562941071638454
16.0,0.1625,0.00805719440912715,0.0015507974852452542
16.0,0.17083333333333334,0.007995051579208825,0.0015387449463903772
16.0,0.17916666666666667,0.00793336878260053,0.0015267827472334671
16.0,0.1875,0.007872142466887713,0.0015149101864902783
16.0,0.19583333333333333,0.007811369105637637,0.00150312656776888
16.0,0.20416666666666666,0.007751045197903786,0.0014914311992370477
16.0,0.2125,0.007691167268318979,0.0014798233938773245
16.0,0.22083333333333333,0.007631731867205537,0.0014683024697575936
16.0,0.22916666666666666,0.007572735570514646,0.0014568677501300407
16.0,0.2375,0.007514174979633037,0.0014455185633958933
16.0,0.24583333333333332,0.007456046721142998,0.0014342542430226509
16.0,0.25416666666666665,0.007398347446590991,0.0014230741274684636
16.0,0.2625,0.0073410738322790894,0.0014119775601284198
16.0,0.2708333333333333,0.007284222579073463,0.0014009638892965317
16.0,0.2791666666666667,0.007227790412219218,0.0013900324681331289
16.0,0.2875,0.007171774081155945,0.001379182654631665
16.0,0.29583333333333334,0.007116170359331776,0.0013684138115829924
16.0,0.30416666666666664,0.007060976044016796,0.0013577253065379601
16.0,0.3125,0.007006187956117195,0.0013471165117694796
16.0,0.32083333333333336,0.006951802939990742,0.0013365868042349376
16.0,0.32916666666666666,0.006897817863264001,0.0013261355655392207
16.0,0.3375,0.0068442296166511115,0.001315762181898328
16.0,0.3458333333333333,0.006791035113774227,0.0013054660441033526
16.0,0.3541666666666667,0.006738231290985028,0.0012952465474847903
16.0,0.3625,0.006685815107187859,0.0012851030918770569
16.0,0.37083333333333335,0.006633783543663778,0.0012750350815832283
16.0,0.37916666666666665,0.006582133603896141,0.0012650419253400172
16.0,0.3875,0.006530862313397286,0.0012551230362830095
16.0,0.3958333333333333,0.006479966719536639,0.0012452778319121437
16.0,0.4041666666666667,0.006429443891369996,0.0012355057340574782
16.0,0.4125,0.0063792909194701,0.0012258061688451938
16.0,0.42083333333333334,0.006329504915758499,0.0012161785666638804
16.0,0.42916666666666664,0.006280083013338556,0.0012066223621310264
16.0,0.4375,0.006231022366329754,0.001197136994059819
16.0,0.44583333333333336,0.006182320149703286,0.0011877219054261395
16.0,0.45416666666666666,0.006133973559118652,0.0011783765433358265
16.0,0.4625,0.006085979810761662,0.0011691003589921775
16.0,0.4708333333333333,0.006038336141183512,0.0011598928076636892
16.0,0.4791666666666667,0.0059910398071410485,0.0011507533486520398
16.0,0.4875,0.005944088085438311,0.001141681445260309
16.0,0.49583333333333335,0.005897478272769037,0.0011326765647614253
16.0,0.5041666666666667,0.0058512076855605335,0.0011237381783668623
16.0,0.5125,0.005805273659818541,0.0011148657611955517
16.0,0.5208333333333334,0.0057596735509733285,0.0011060587922430319
16.0,0.5291666666666667,0.005714404733726827,0.0010973167543508289
16.0,0.5375,0.005669464601900956,0.0010886391341760596
16.0,0.5458333333333333,0.0056248505682870336,0.0010800254221612468
16.0,0.5541666666666667,0.005580560064496255,0.001071475112504387
16.0,0.5625,0.005536590540811297,0.0010629877031292064
16.0,0.5708333333333333,0.005492939466039072,0.001054562695655665
16.0,0.5791666666666667,0.005449604327364271,0.0010461995953706489
16.0,0.5875,0.005406582630204489,0.0010378979111989024
16.0,0.5958333333333333,0.005363871898065809,0.001029657155674161
16.0,0.6041666666666666,0.005321469672399888,0.0010214768449105067
16.0,0.6125,0.00527937351246189,0.001013356498573915
16.0,0.6208333333333333,0.005237580995169464,0.0010052956398540454
16.0,0.6291666666666667,0.005196089714962759,0.0009972937954361874
16.0,0.6375,0.005154897283665484,0.0009893504954734671
16.0,0.6458333333333334,0.005114001330346936,0.000981465273559224
16.0,0.6541666666666667,0.00507339950118501,0.0009736376666995925
16.0,0.6625,0.005033089459330321,0.0009658672152863048
16.0,0.6708333333333333,0.004993068884771116,0.0009581534630696576
16.0,0.6791666666666667,0.004953335474199312,0.0009504959571317162
16.0,0.6875,0.004913886940877512,0.0009428942478596868
16.0,0.6958333333333333,0.004874721014506821,0.0009353478889194908
16.0,0.7041666666666667,0.004835835441095806,0.0009278564372295398
16.0,0.7125,0.004797227982830287,0.0009204194529346829
16.0,0.7208333333333333,0.004758896417944075,0.0009130364993803742
16.0,0.7291666666666666,0.004720838540590684,0.0009057071430869873
16.0,0.7375,0.0046830521607159415,0.0008984309537243596
16.0,0.7458333333333333,0.004645535103931518,0.0008912075040864915
16.0,0.7541666666666667,0.00460828521138933,0.0008840363700664339
16.0,0.7625,0.004571300339656897,0.0008769171306313827
16.0,0.7708333333333334,0.004534578360593591,0.0008698493677979153
16.0,0.7791666666666667,0.004498117161227719,0.0008628326666074355
16.0,0.7875,0.00446191464363449,0.0008558666151017851
16.0,0.7958333333333333,0.004425968724814973,0.0008489508042990342
16.0,0.8041666666666667,0.004390277336575735,0.0008420848281694455
16.0,0.8125,0.004354838425409485,0.000835268283611609
16.0,0.8208333333333333,0.004319649952376467,0.0008285007704287618
16.0,0.8291666666666667,0.004284709892986791,0.0008217818913052609
16.0,0.8375,0.004250016237083551,0.0008151112517832341
16.0,0.8458333333333333,0.004215566988726714,0.000808488460239407
16.0,0.8541666666666666,0.004181360166078004,0.0008019131278620774
16.0,0.8625,0.004147393801286369,0.0007953848686282838
16.0,0.8708333333333333,0.004113665940374546,0.0007889032992810903
16.0,0.8791666666666667,0.004080174643126062,0.0007824680393071043
16.0,0.8875,0.004046917982973453,0.0007760787109140767
16.0,0.8958333333333334,0.0040138940468868785,0.0007697349390087285
16.0,0.9041666666666667,0.0039811009352638685,0.0007634363511746913
16.0,0.9125,0.003948536761819515,0.000757182577650638
16.0,0.9208333333333333,0.00391619965347777,0.0007509732513085347
16.0,0.9291666666666667,0.0038840877502632036,0.0007448080076320857
16.0,0.9375,0.003852199205193762,0.0007386864846953041
16.0,0.9458333333333333,0.00382053218417408,0.0007326083231412425
16.0,0.9541666666666667,0.0037890848658897447,0.0007265731661608814
16.0,0.9625,0.0037578554417021124,0.0007205806594721569
16.0,0.9708333333333333,0.003726842115543962,0.0007146304512991476
16.0,0.9791666666666666,0.0036960431038158825,0.0007087221923513985
16.0,0.9875,0.0036654566352833026,0.0007028555358034003
16.0,0.9958333333333333,0.003635080950974345,0.0006970301372742078
16.2,0.004166666666666667,0.009016280661145789,0.001743000817814677
16.2,0.0125,0.008947808099319778,0.0017302448480179154
16.2,0.020833333333333332,0.00887834712642545,0.0017160868080934853
16.2,0.029166666666666667,0.008810486659587407,0.0017031187899520129
16.2,0.0375,0.008742830901087618,0.0016899481470303993
16.2,0.04583333333333333,0.008675618401308158,0.0016768165574238538
16.2,0.05416666666666667,0.008608945761511885,0.001663823726845762
16.2,0.0625,0.008542781783959801,0.0016509415389234366
16.2,0.07083333333333333,0.008477104914717454,0.00163815149818263
16.2,0.07916666666666666,0.008411912447438795,0.0016254539340075924
16.2,0.0875,0.008347204193812921,0.0016128516712629335
16.2,0.09583333333333334,0.008282977358848292,0.001600344905751643
16.2,0.10416666666666667,0.008219227816072174,0.0015879324795868186
16.2,0.1125,0.008155951495394968,0.0015756132692272848
16.2,0.12083333333333333,0.008093144668478556,0.0015633864710158296
16.2,0.12916666666666668,0.008030803774408448,0.0015512514270199815
16.2,0.1375,0.0079689252724444,0.001539207477949935
16.2,0.14583333333333334,0.00790750560882195,0.0015272539301262526
16.2,0.15416666666666667,0.007846541235477632,0.0015153900743700578
16.2,0.1625,0.007786028629222199,0.0015036152053397257
16.2,0.17083333333333334,0.007725964298024918,0.0014919286279778854
16.2,0.17916666666666667,0.007666344779462579,0.00148032965612143
16.2,0.1875,0.007607166637779813,0.0014688176097220555
16.2,0.19583333333333333,0.0075484264622483616,0.0014573918133643086
16.2,0.20416666666666666,0.007490120866799242,0.001446051596055385
16.2,0.2125,0.007432246490152165,0.0014347962915112148
16.2,0.22083333333333333,0.00737479999591389,0.0014236252384099558
16.2,0.22916666666666666,0.007317778072499547,0.0014125377804677223
16.2,0.2375,0.007261177432932723,0.0014015332663915342
16.2,0.24583333333333332,0.007204994814609991,0.0013906110497959108
16.2,0.25416666666666665,0.0071492269790789575,0.0013797704891315994
16.2,0.2625,0.007093870711839281,0.001369010947636365
16.2,0.2708333333333333,0.007038922822159005,0.001358331793299796
16.2,0.2791666666666667,0.006984380142895746,0.0013477323988320513
16.2,0.2875,0.006930239530317864,0.0013372121416313412
16.2,0.29583333333333334,0.006876497863924095,0.0013267704037488507
16.2,0.30416666666666664,0.006823152046262729,0.0013164065718522127
16.2,0.3125,0.006770199002751653,0.0013061200371886415
16.2,0.32083333333333336,0.006717635681499839,0.0012959101955485196
16.2,0.32916666666666666,0.006665459053130496,0.0012857764472295973
16.2,0.3375,0.006613666110605757,0.0012757181970017473
16.2,0.3458333333333333,0.0065622538690529066,0.0012657348540720476
16.2,0.3541666666666667,0.006511219365591642,0.0012558258320501602
16.2,0.3625,0.006460559659162919,0.0012459905489139098
16.2,0.37083333333333335,0.00641027183035866,0.0012362284269750753
16.2,0.37916666666666665,0.006360352981252955,0.0012265388928454186
16.2,0.3875,0.006310800235234338,0.0012169213774029651
16.2,0.3958333333333333,0.0062616107368394375,0.0012073753157585264
16.2,0.4041666666666667,0.006212781651587771,0.0011979001472224979
16.2,0.4125,0.006164310165817785,0.0011884953152718853
16.2,0.42083333333333334,0.0061161934865241255,0.0011791602675176069
16.2,0.42916666666666664,0.00606842884119607,0.0011698944556719955
16.2,0.4375,0.006021013477657146,0.0011606973355165933
16.2,0.44583333333333336,0.005973944663906038,0.0011515683668701447
16.2,0.45416666666666666,0.005927219687958457,0.0011425070135568428
16.2,0.4625,0.005880835857690379,0.0011335127433748109
16.2,0.4708333333333333,0.005834790500682303,0.0011245850280648148
16.2,0.4791666666666667,0.005789080964064682,0.001115723343279207
16.2,0.4875,0.005743704614364575,0.001106927168551107
16.2,0.49583333333333335,0.0056986588373532454,0.0010981959872637978
16.2,0.5041666666666667,0.005653941037895062,0.001089529286620364
16.2,0.5125,0.005609548639797388,0.00108092655761354
16.2,0.5208333333333334,0.005565479085661629,0.0010723872949957914
16.2,0.5291666666666667,0.0055217298367353194,0.001063910997249615
16.2,0.5375,0.005478298372765346,0.0010554971665580584
16.2,0.5458333333333333,0.005435182191852213,0.001047145308775446
16.2,0.5541666666666667,0.005392378810305357,0.0010388549333983457
16.2,0.5625,0.005349885762499555,0.0010306255535367222
16.2,0.5708333333333333,0.005307700600732422,0.0010224566858853285
16.2,0.5791666666666667,0.005265820895082698,0.0010143478506952836
16.2,0.5875,0.005224244233270045,0.0010062985717458792
16.2,0.5958333333333333,0.005182968220515316,0.0009983083763165795
16.2,0.6041666666666666,0.0051419904794022435,0.0009903767951592425
16.2,0.6125,0.005101308649739973,0.0009825033624705226
16.2,0.6208333333333333,0.005060920388426599,0.0009746876158645123
16.2,0.6291666666666667,0.005020823369313712,0.0009669290963455331
16.2,0.6375,0.004981015283071943,0.0009592273482811771
16.2,0.6458333333333334,0.0049414938370574675,0.0009515819193755197
16.2,0.6541666666666667,0.004902256755179427,0.0009439923606425233
16.2,0.6625,0.00486330177776846,0.0009364582263796625
16.2,0.6708333333333333,0.004824626661445994,0.0009289790741417045
16.2,0.6791666666666667,0.004786229178994584,0.0009215544647147197
16.2,0.6875,0.00474810711922927,0.0009141839620902588
16.2,0.6958333333333333,0.0047102582868696445,0.0009068671334397193
16.2,0.7041666666666667,0.004672680502413067,0.0008996035490889145
16.2,0.7125,0.004635371602008662,0.0008923927824928038
16.2,0.7208333333333333,0.004598329437332242,0.0008852344102104377
16.2,0.7291666666666666,0.004561551875462184,0.0008781280118800497
16.2,0.7375,0.004525036798756146,0.0008710731701943646
16.2,0.7458333333333333,0.004488782104728706,0.0008640694708760615
16.2,0.7541666666666667,0.004452785705929829,0.0008571165026534182
16.2,0.7625,0.004417045529824261,0.0008502138572361549
16.2,0.7708333333333334,0.004381559518671783,0.0008433611292914183
16.2,0.7791666666666667,0.004346325629408279,0.0008365579164199665
16.2,0.7875,0.0043113418335276555,0.0008298038191325151
16.2,0.7958333333333333,0.004276606116964722,0.0008230984408262558
16.2,0.8041666666666667,0.004242116479978735,0.0008164413877615488
16.2,0.8125,0.004207870937037898,0.0008098322690387729
16.2,0.8208333333333333,0.004173867516704601,0.0008032706965753619
16.2,0.8291666666666667,0.004140104261521581,0.0007967562850829848
16.2,0.8375,0.004106579227898808,0.0007902886520449008
16.2,0.8458333333333333,0.004073290486001156,0.0007838674176934856
16.2,0.8541666666666666,0.004040236119637009,0.0007774922049878993
16.2,0.8625,0.0040074142261474445,0.0007711626395919433
16.2,0.8708333333333333,0.003974822916296478,0.0007648783498520294
16.2,0.8791666666666667,0.0039424603141617305,0.0007586389667753753
16.2,0.8875,0.003910324557026281,0.0007524441240082817
16.2,0.8958333333333334,0.0038784137952708785,0.0007462934578146252
16.2,0.9041666666666667,0.0038467261922672776,0.000740186607054464
16.2,0.9125,0.0038152599242719885,0.0007341232131628301
16.2,0.9208333333333333,0.003784013180321114,0.0007281029201286345
16.2,0.9291666666666667,0.0037529841621255972,0.0007221253744737637
16.2,0.9375,0.0037221710839674886,0.0007161902252322944
16.2,0.9458333333333333,0.003691572172596703,0.0007102971239298676
16.2,0.9541666666666667,0.0036611856671287285,0.000704445724563213
16.2,0.9625,0.003631009818942848,0.0006986356835798083
16.2,0.9708333333333333,0.003601042891581187,0.000692866659857695
16.2,0.9791666666666666,0.0035712831606484713,0.0006871383146854237
16.2,0.9875,0.0035417289137123983,0.0006814503117421542
16.2,0.9958333333333333,0.0035123784502048058,0.0006758023170778874
16.4,0.004166666666666667,0.008714006345273516,0.001690037080466031
16.4,0.0125,0.008647803886552258,0.0016776563054859501
16.4,0.020833333333333332,0.00858066146455049,0.0016639358060804067
16.4,0.029166666666666667,0.008515063121635295,0.001651362693748258
16.4,0.0375,0.008449656698630662,0.0016385878555898298
16.4,0.04583333333333333,0.008384682620331034,0.0016258547400036152
16.4,0.05416666666666667,0.00832023140020608,0.0016132568615643684
16.4,0.0625,0.008256271310803876,0.0016007654715988694
16.4,0.07083333333333333,0.008192781980266777,0.0015883631548740719
16.4,0.07916666666666666,0.008129761206229266,0.0015760506436654758
16.4,0.0875,0.008067208803303838,0.0015638306654123728
16.4,0.09583333333333334,0.008005121966067475,0.0015517033058724853
16.4,0.10416666666666667,0.007943496664983245,0.0015396674052102271
16.4,0.1125,0.007882328973749742,0.001527721885511857
16.4,0.12083333333333333,0.007821615301537518,0.0015158659831862565
16.4,0.12916666666666668,0.007761352208844849,0.0015040990649838294
16.4,0.1375,0.007701536268852796,0.0014924204895134289
16.4,0.14583333333333334,0.007642164041422751,0.0014808295814006394
16.4,0.15416666666666667,0.007583232093532702,0.0014693256518836478
16.4,0.1625,0.007524737017429351,0.001457908017123495
16.4,0.17083333333333334,0.00746667543578033,0.0014465760035136908
16.4,0.17916666666666667,0.007409043999701377,0.0014353289458631413
16.4,0.1875,0.007351839385887007,0.001424166184681821
16.4,0.19583333333333333,0.007295058295155937,0.0014130870648798
16.4,0.20416666666666666,0.0072386974521974935,0.001402090935666129
16.4,0.2125,0.007182753605727309,0.0013911771508560954
16.4,0.22083333333333333,0.0071272235285707065,0.0013803450691046884
16.4,0.22916666666666666,0.007072104017567032,0.0013695940539603002
16.4,0.2375,0.0070173918933649744,0.0013589234738079232
16.4,0.24583333333333332,0.006963084000192662,0.0013483327017863342
16.4,0.25416666666666665,0.006909177205645201,0.001337821115721412
16.4,0.2625,0.006855668400494819,0.0013273880980811483
16.4,0.2708333333333333,0.006802554498514489,0.0013170330359429218
16.4,0.2791666666666667,0.0067498324363050935,0.001306755320963368
16.4,0.2875,0.006697499173121949,0.0012965543493464644
16.4,0.29583333333333334,0.006645551690699847,0.0012864295218091096
16.4,0.30416666666666664,0.006593986993077821,0.0012763802435454765
16.4,0.3125,0.006542802106424946,0.00126640592419122
16.4,0.32083333333333336,0.0064919940788676096,0.0012565059777882117
16.4,0.32916666666666666,0.006441559980318402,0.0012466798227498738
16.4,0.3375,0.006391496902306499,0.0012369268818270371
16.4,0.3458333333333333,0.006341801957809456,0.001227246582074081
16.4,0.3541666666666667,0.0062924722810860576,0.001217638354815356
16.4,0.3625,0.0062435050275106135,0.0012081016356117796
16.4,0.37083333333333335,0.00619489737340818,0.0011986358642276566
16.4,0.37916666666666665,0.006146646515891163,0.0011892404845977227
16.4,0.3875,0.006098749672696981,0.0011799149447944423
16.4,0.3958333333333333,0.006051204082027101,0.0011706586969955413
16.4,0.4041666666666667,0.006004007002387122,0.0011614711974518015
16.4,0.4125,0.005957155712428099,0.001152351906455083
16.4,0.42083333333333334,0.005910647510789045,0.0011433002883066078
16.4,0.42916666666666664,0.005864479715940572,0.001134315811285446
16.4,0.4375,0.005818649666029668,0.001125397947617273
16.4,0.44583333333333336,0.0057731547187257135,0.0011165461734433258
16.4,0.45416666666666666,0.005727992251067454,0.0011077599687896113
16.4,0.4625,0.005683159659311285,0.0010990388175363278
16.4,0.4708333333333333,0.0056386543587805165,0.0010903822073875286
16.4,0.4791666666666667,0.005594473783715779,0.0010817896298409924
16.4,0.4875,0.00555061538712662,0.001073260580158337
16.4,0.49583333333333335,0.005507076640644007,0.001064794557335334
16.4,0.5041666666666667,0.005463855034374103,0.0010563910640724603
16.4,0.5125,0.005420948076752967,0.0010480496067456573
16.4,0.5208333333333334,0.005378353294402435,0.0010397696953773092
16.4,0.5291666666666667,0.005336068231986941,0.001031550843607439
16.4,0.5375,0.0052940904520714805,0.0010233925686651158
16.4,0.5458333333333333,0.005252417534980572,0.0010152943913400614
16.4,0.5541666666666667,0.00521104707865823,0.0010072558359544906
16.4,0.5625,0.005169976698529007,0.0009992764303351329
16.4,0.5708333333333333,0.005129204027360072,0.0009913557057854882
16.4,0.5791666666666667,0.005088726715124075,0.0009834931970582551
16.4,0.5875,0.005048542428863465,0.000975688442327989
16.4,0.5958333333333333,0.005008648852555255,0.0009679409831639462
16.4,0.6041666666666666,0.0049690436869771785,0.0009602503645031402
16.4,0.6125,0.00492972464957465,0.0009526161346235736
16.4,0.6208333333333333,0.0048906894743287,0.0009450378451177063
16.4,0.6291666666666667,0.0048519359116248875,0.0009375150508660651
16.4,0.6375,0.004813461728123193,0.0009300473100110953
16.4,0.6458333333333334,0.00477526470662881,0.0009226341839311815
16.4,0.6541666666666667,0.004737342645963863,0.0009152752372148504
16.4,0.6625,0.004699693360840172,0.0009079700376351938
16.4,0.6708333333333333,0.004662314681732757,0.0009007181561244352
16.4,0.6791666666666667,0.0046252044547543635,0.000893519166748723
16.4,0.6875,0.004588360541530974,0.0008863726466830877
16.4,0.6958333333333333,0.004551780819078,0.0008792781761865782
16.4,0.7041666666666667,0.004515463179677584,0.0008722353385775966
16.4,0.7125,0.004479405530756681,0.0008652437202093906
16.4,0.7208333333333333,0.004443605794766007,0.0008583029104457524
16.4,0.7291666666666666,0.004408061909059921,0.0008514125016368608
16.4,0.7375,0.004372771825777133,0.0008445720890953342
16.4,0.7458333333333333,0.0043377335117222885,0.0008377812710724309
16.4,0.7541666666666667,0.004302944948248351,0.0008310396487344282
16.4,0.7625,0.0042684041311399044,0.0008243468261391926
16.4,0.7708333333333334,0.0042341090704972745,0.0008177024102128892
16.4,0.7791666666666667,0.00420005779062143,0.0008111060107268808
16.4,0.7875,0.0041662483298997265,0.0008045572402747893
16.4,0.7958333333333333,0.004132678740692562,0.0007980557142497198
16.4,0.8041666666666667,0.004099347089220694,0.0007916010508216562
16.4,0.8125,0.004066251455453467,0.000785192870915009
16.4,0.8208333333333333,0.004033389932997763,0.0007788307981863418
16.4,0.8291666666666667,0.004000760628987837,0.0007725144590022404
16.4,0.8375,0.003968361663975866,0.0007662434824173484
16.4,0.8458333333333333,0.0039361911718232495,0.0007600175001525726
16.4,0.8541666666666666,0.003904247299592817,0.0007538361465734219
16.4,0.8625,0.003872528207441594,0.0007476990586685317
16.4,0.8708333333333333,0.0038410320685145984,0.0007416058760282983
16.4,0.8791666666666667,0.0038097570688390434,0.0007355562408237277
16.4,0.8875,0.0037787014072196926,0.0007295497977853711
16.4,0.8958333333333334,0.0037478632951345524,0.0007235861941824636
16.4,0.9041666666666667,0.0037172409566316555,0.0007176650798021766
16.4,0.9125,0.003686832628226267,0.0007117861069290458
16.4,0.9208333333333333,0.0036566365587991016,0.0007059489303245135
16.4,0.9291666666666667,0.0036266510094949815,0.0007001532072066559
16.4,0.9375,0.0035968742536224493,0.0006943985972300223
16.4,0.9458333333333333,0.003567304576553879,0.0006886847624656327
16.4,0.9541666666666667,0.0035379402756264802,0.0006830113673811175
16.4,0.9625,0.0035087796600438304,0.0006773780788209919
16.4,0.9708333333333333,0.0034798210507781787,0.0006717845659870781
16.4,0.9791666666666666,0.0034510627804734705,0.0006662305004190552
16.4,0.9875,0.0034225031933489193,0.0006607155559751596
16.4,0.9958333333333333,0.0033941406451033994,0.0006552394088130104
16.6,0.004166666666666667,0.008422729331776301,0.0016387252672486578
16.6,0.0125,0.008358714949102085,0.0016267086210093606
16.6,0.020833333333333332,0.008293806722023725,0.001613411749578124
16.6,0.029166666666666667,0.008230388108839368,0.0016012210786041107
16.6,0.0375,0.008167149476021426,0.0015888299198032118
16.6,0.04583333333333333,0.00810433257223832,0.0015764829451569938
16.6,0.05416666666666667,0.008042022039177086,0.0015642676979029438
16.6,0.0625,0.007980185754456246,0.0015521549356143248
16.6,0.07083333333333333,0.00791880450063844,0.0015401282993795272
16.6,0.07916666666666666,0.007857876534518199,0.001528188883254785
16.6,0.0875,0.0077974016616173,0.0015163393089234097
16.6,0.09583333333333334,0.007737377069664239,0.001504579559337944
16.6,0.10416666666666667,0.007677798827400299,0.0014929084776875096
16.6,0.1125,0.007618663148461556,0.0014813250314401156
16.6,0.12083333333333333,0.007559966573795877,0.0014698284949186604
16.6,0.12916666666666668,0.007501705780129028,0.0014584182579248867
16.6,0.1375,0.007443877450271951,0.0014470936962032476
16.6,0.14583333333333334,0.007386478253802885,0.0014358541522785499
16.6,0.15416666666666667,0.007329504868807272,0.0014246989573502688
16.6,0.1625,0.007272953998913366,0.0014136274484811378
16.6,0.17083333333333334,0.007216822377379262,0.0014026389728364968
16.6,0.17916666666666667,0.007161106764773992,0.0013917328855160445
16.6,0.1875,0.007105803946208934,0.0013809085469352002
16.6,0.19583333333333333,0.007050910730065451,0.0013701653217013758
16.6,0.20416666666666666,0.006996423947842085,0.0013595025786086702
16.6,0.2125,0.00694234045432759,0.0013489196909575337
16.6,0.22083333333333333,0.006888657127667092,0.0013384160367661273
16.6,0.22916666666666666,0.006835370869250728,0.0013279909988034783
16.6,0.2375,0.006782478603506004,0.0013176439645248815
16.6,0.24583333333333332,0.0067299772776742775,0.0013073743259907052
16.6,0.25416666666666665,0.006677863861607746,0.0012971814798044122
16.6,0.2625,0.0066261353475882195,0.0012870648270714765
16.6,0.2708333333333333,0.006574788750157559,0.0012770237733687874
16.6,0.2791666666666667,0.006523821105950401,0.0012670577287154598
16.6,0.2875,0.006473229473525859,0.0012571661075414667
16.6,0.29583333333333334,0.006423010933197799,0.001247348328653881
16.6,0.30416666666666664,0.006373162586865046,0.0012376038152021292
16.6,0.3125,0.006323681557842758,0.0012279319946432654
16.6,0.32083333333333336,0.0062745649906953025,0.0012183322987078225
16.6,0.32916666666666666,0.0062258100510706686,0.0012088041633662476
16.6,0.3375,0.006177413925536344,0.001199347028795817
16.6,0.3458333333333333,0.006129373821416503,0.0011899603393478002
16.6,0.3541666666666667,0.006081686966630207,0.0011806435435148864
16.6,0.3625,0.006034350609531005,0.001171396093898777
16.6,0.37083333333333335,0.005987362018747437,0.001162217447177994
16.6,0.37916666666666665,0.00594071848302488,0.0011531070640759158
16.6,0.3875,0.005894417311068428,0.001144064409329057
16.6,0.3958333333333333,0.005848455831387067,0.0011350889516555805
16.6,0.4041666666666667,0.005802831392138917,0.0011261801637240617
16.6,0.4125,0.005757541360977646,0.0011173375221224726
16.6,0.42083333333333334,0.005712583124900015,0.0011085605073274207
16.6,0.42916666666666664,0.005667954090094552,0.0010998486036735823
16.6,0.4375,0.005623651681791291,0.001091201299323399
16.6,0.44583333333333336,0.005579673344112768,0.0010826180862369666
16.6,0.45416666666666666,0.005536016539925861,0.0010740984601421725
16.6,0.4625,0.005492678750694979,0.001065641920505034
16.6,0.4708333333333333,0.00544965747633615,0.0010572479705002766
16.6,0.4791666666666667,0.005406950235072249,0.00104891611698211
16.6,0.4875,0.005364554563289343,0.0010406458704552406
16.6,0.49583333333333335,0.005322468015393938,0.0010324367450460805
16.6,0.5041666666666667,0.005280688163671455,0.0010242882584741825
16.6,0.5125,0.00523921259814559,0.0010161999320238827
16.6,0.5208333333333334,0.005198038926438843,0.0010081712905161482
16.6,0.5291666666666667,0.005157164773633908,0.0010002018622806415
16.6,0.5375,0.005116587782136231,0.0009922911791279887
16.6,0.5458333333333333,0.005076305611537489,0.0009844387763222385
16.6,0.5541666666666667,0.0050363159384800744,0.000976644192553552
16.6,0.5625,0.004996616456522586,0.0009689069699110637
16.6,0.5708333333333333,0.004957204876006347,0.0009612266538559741
16.6,0.5791666666666667,0.004918078923922693,0.0009536027931948052
16.6,0.5875,0.004879236343781625,0.0009460349400528855
16.6,0.5958333333333333,0.004840674895480949,0.0009385226498480068
16.6,0.6041666666666666,0.004802392355176725,0.0009310654812642933
16.6,0.6125,0.0047643865151545004,0.000923662996226238
16.6,0.6208333333333333,0.004726655183701502,0.000916314759872972
16.6,0.6291666666666667,0.0046891961849797595,0.0009090203405326645
16.6,0.6375,0.004652007358900184,0.0009017793096971634
16.6,0.6458333333333334,0.004615086560997526,0.0008945912419967982
16.6,0.6541666666666667,0.004578431662306199,0.000887455715175358
16.6,0.6625,0.004542040549237151,0.0008803723100652851
16.6,0.6708333333333333,0.004505911123455455,0.0008733406105630066
16.6,0.6791666666666667,0.004470041301758838,0.0008663602036044853
16.6,0.6875,0.004434429015957222,0.0008594306791409331
16.6,0.6958333333333333,0.0043990722127529,0.0008525516301146924
16.6,0.7041666666666667,0.004363968853621792,0.0008457226524353172
16.6,0.7125,0.00432911691469543,0.0008389433449557983
16.6,0.7208333333333333,0.004294514386643826,0.0008322133094489987
16.6,0.7291666666666666,0.004260159274559211,0.0008255321505842178
16.6,0.7375,0.004226049597840588,0.0008188994759039703
16.6,0.7458333333333333,0.004192183390079128,0.0008123148958008984
16.6,0.7541666666666667,0.004158558698944345,0.0008057780234948651
16.6,0.7625,0.0041251735860711545,0.0007992884750102281
16.6,0.7708333333333334,0.004092026126947728,0.0007928458691532504
16.6,0.7791666666666667,0.004059114410804103,0.0007864498274896953
16.6,0.7875,0.0040264365405016074,0.0007800999743225776
16.6,0.7958333333333333,0.003993990632423168,0.0007737959366700736
16.6,0.8041666666666667,0.003961774816364261,0.0007675373442435985
16.6,0.8125,0.003929787235424743,0.0007613238294260287
16.6,0.8208333333333333,0.003898026045901369,0.0007551550272500989
16.6,0.8291666666666667,0.003866489417181203,0.0007490305753769377
16.6,0.8375,0.003835175531635676,0.000742950114074765
16.6,0.8458333333333333,0.003804082584515394,0.000736913286197753
16.6,0.8541666666666666,0.0037732087838458234,0.0007309197371650182
16.6,0.8625,0.0037425523503235238,0.0007249691149397904
16.6,0.8708333333333333,0.003712111517213361,0.0007190610700086926
16.6,0.8791666666666667,0.0036818845302461225,0.000713195255361225
16.6,0.8875,0.0036518696475172537,0.0007073713264693372
16.6,0.8958333333333334,0.0036220651393859098,0.0007015889412671914
16.6,0.9041666666666667,0.003592469288375076,0.0006958477601310428
16.6,0.9125,0.0035630803890720885,0.0006901474458592858
16.6,0.9208333333333333,0.003533896748030132,0.0006844876636526127
16.6,0.9291666666666667,0.003504916683670174,0.0006788680810943509
16.6,0.9375,0.003476138526183819,0.0006732883681309082
16.6,0.9458333333333333,0.003447560617436643,0.0006677481970523762
16.6,0.9541666666666667,0.003419181310872388,0.0006622472424732657
16.6,0.9625,0.0033909989714176855,0.000656785181313375
16.6,0.9708333333333333,0.003363011975387507,0.0006513616927788034
16.6,0.9791666666666666,0.0033352187103913218,0.0006459764583430842
16.6,0.9875,0.003307617575239788,0.0006406291617284685
16.6,0.9958333333333333,0.0032802069798522357,0.0006353194888873287
16.8,0.004166666666666667,0.008142032086742777,0.001589011326672126
16.8,0.0125,0.008080126985008144,0.0015773480713960589
16.8,0.020833333333333332,0.008017371941029331,0.001564461378228009
16.8,0.029166666666666667,0.007956053943282701,0.0015526411049241438
16.8,0.0375,0.007894904779878862,0.0015406218874885848
16.8,0.04583333333333333,0.007834167013678846,0.0015286491154610478
16.8,0.05416666666666667,0.007773919630448381,0.001516804580233313
16.8,0.0625,0.007714130237118242,0.001505058673471142
16.8,0.07083333333333333,0.007654780740670618,0.0014933960661619703
16.8,0.07916666666666666,0.007595869814687723,0.0014818181753231208
16.8,0.0875,0.007537397245372205,0.0014703275101807735
16.8,0.09583333333333334,0.007479360217363105,0.0014589239581433502
16.8,0.10416666666666667,0.007421754898690685,0.0014476063699123776
16.8,0.1125,0.007364577638988568,0.001436373757849753
16.8,0.12083333333333333,0.007307825105445146,0.0014252254320829781
16.8,0.12916666666666668,0.0072514940861026864,0.0014141608039570242
16.8,0.1375,0.007195581369337918,0.0014031792656664117
16.8,0.14583333333333334,0.0071400837307074635,0.001392280177251126
16.8,0.15416666666666667,0.007084997955619113,0.0013814628894173117
16.8,0.1625,0.007030320855181595,0.0013707267595350302
16.8,0.17083333333333334,0.006976049269298953,0.001360071154880056
16.8,0.17916666666666667,0.006922180064076171,0.001349495450185235
16.8,0.1875,0.0068687101291759825,0.0013389990251424131
16.8,0.19583333333333333,0.006815636376722512,0.0013285812634498662
16.8,0.20416666666666666,0.006762955741236038,0.0013182415528898079
16.8,0.2125,0.006710665179815551,0.0013079792856527932
16.8,0.22083333333333333,0.006658761672186172,0.001297793858525644
16.8,0.22916666666666666,0.006607242220573646,0.0012876846729057568
16.8,0.2375,0.00655610384949537,0.0012776511347305447
16.8,0.24583333333333332,0.006505343605543965,0.0012676926543987097
16.8,0.25416666666666665,0.006454958557193546,0.0012578086467129725
16.8,0.2625,0.006404945794626621,0.0012479985308425578
16.8,0.2708333333333333,0.006355302429570859,0.0012382617302944261
16.8,0.2791666666666667,0.006306025595137077,0.0012285976728848584
16.8,0.2875,0.006257112445655901,0.0012190057907086062
16.8,0.29583333333333334,0.00620856015651314,0.0012094855201058114
16.8,0.30416666666666664,0.006160365923985279,0.0012000363016281739
16.8,0.3125,0.006112526965076266,0.0011906575800052735
16.8,0.32083333333333336,0.006065040517355781,0.001181348804111515
16.8,0.32916666666666666,0.0060179038387990135,0.0011721094269336258
16.8,0.3375,0.005971114207627808,0.0011629389055385871
16.8,0.3458333333333333,0.005924668922153061,0.0011538367010417879
16.8,0.3541666666666667,0.005878565300618098,0.0011448022785754209
16.8,0.3625,0.00583280068104338,0.0011358351072570426
16.8,0.37083333333333335,0.0057873724210721275,0.001126934660158342
16.8,0.37916666666666665,0.005742277897817214,0.0011181004142741386
16.8,0.3875,0.0056975145077090865,0.0011093318504916134
16.8,0.3958333333333333,0.005653079666344906,0.001100628453559774
16.8,0.4041666666666667,0.005608970808338775,0.0010919897120591523
16.8,0.4125,0.005565185387173048,0.0010834151183717264
16.8,0.42083333333333334,0.005521720875050769,0.0010749041686510823
16.8,0.42916666666666664,0.005478574762749183,0.001066456362792767
16.8,0.4375,0.005435744559474293,0.001058071204404895
16.8,0.44583333333333336,0.005393227792716616,0.0010497482007789426
16.8,0.45416666666666666,0.0053510220081077805,0.0010414868628607834
16.8,0.4625,0.005309124769278419,0.0010332867052219176
16.8,0.4708333333333333,0.00526753365771692,0.0010251472460309364
16.8,0.4791666666666667,0.005226246272629289,0.0010170680070251748
16.8,0.4875,0.0051852602308001166,0.0010090485134825974
16.8,0.49583333333333335,0.00514457316645438,0.001001088294193872
16.8,0.5041666666666667,0.005104182731120463,0.0009931868814346638
16.8,0.5125,0.005064086593494018,0.0009853438109381305
16.8,0.5208333333333334,0.005024282439302967,0.0009775586218676191
16.8,0.5291666666666667,0.004984767971173338,0.0009698308567895652
16.8,0.5375,0.0049455409084962175,0.0009621600616465982
16.8,0.5458333333333333,0.004906598987295619,0.0009545457857308301
16.8,0.5541666666666667,0.004867939960097307,0.0009469875816573621
16.8,0.5625,0.004829561595798592,0.0009394850053379665
16.8,0.5708333333333333,0.0047914616795391414,0.000932037615954984
16.8,0.5791666666666667,0.004753638012572508,0.000924644975935388
16.8,0.5875,0.004716088412139018,0.0009173066509250632
16.8,0.5958333333333333,0.004678810711339084,0.0009100222097632571
16.8,0.6041666666666666,0.004641802759007825,0.0009027912244572332
16.8,0.6125,0.0046050624195904145,0.0008956132701570901
16.8,0.6208333333333333,0.004568587573018388,0.0008884879251308028
16.8,0.6291666666666667,0.004532376114586834,0.0008814147707393935
16.8,0.6375,0.004496425954832502,0.0008743933914123358
16.8,0.6458333333333334,0.004460735019412783,0.0008674233746231144
16.8,0.6541666666666667,0.004425301248985524,0.0008605043108649552
16.8,0.6625,0.0043901225990898305,0.0008536357936267661
16.8,0.6708333333333333,0.004355197040027606,0.0008468174193692097
16.8,0.6791666666666667,0.00432052255674597,0.0008400487875009924
16.8,0.6875,0.004286097148720667,0.0008333295003553046
16.8,0.6958333333333333,0.004251918829840095,0.0008266591631664286
16.8,0.7041666666666667,0.004217985628290366,0.0008200373840465412
16.8,0.7125,0.004184295586441089,0.0008134637739626509
16.8,0.7208333333333333,0.004150846760731993,0.0008069379467137458
16.8,0.7291666666666666,0.004117637221560401,0.0008004595189080596
16.8,0.7375,0.0040846650531694935,0.0007940281099405512
16.8,0.7458333333333333,0.004051928353537388,0.0007876433419705096
16.8,0.7541666666666667,0.0040194252342669635,0.0007813048398993391
16.8,0.7625,0.003987153820476552,0.000775012231348514
16.8,0.7708333333333334,0.003955112250691398,0.0007687651466376697
16.8,0.7791666666666667,0.003923298676735846,0.000762563218762874
16.8,0.7875,0.003891711263626314,0.0007564060833750445
16.8,0.7958333333333333,0.003860348189465143,0.0007502933787585252
16.8,0.8041666666666667,0.0038292076453350352,0.0007442247458098216
16.8,0.8125,0.003798287835194367,0.0007381998280164815
16.8,0.8208333333333333,0.0037675869757731735,0.0007322182714361398
16.8,0.8291666666666667,0.0037371032964699682,0.0007262797246757003
16.8,0.8375,0.0037068350392492275,0.0007203838388706736
16.8,0.8458333333333333,0.0036767804585395615,0.0007145302676646747
16.8,0.8541666666666666,0.0036469378211327745,0.0007087186671890488
16.8,0.8625,0.003617305406083418,0.0007029486960426637
16.8,0.8708333333333333,0.0035878815046093194,0.0006972200152718163
16.8,0.8791666666666667,0.0035586644199924944,0.000691532288350332
16.8,0.8875,0.003529652467481135,0.0006858851811597538
16.8,0.8958333333333334,0.0035008439741919064,0.0006802783619697121
16.8,0.9041666666666667,0.0034722372790132964,0.0006747115014184127
16.8,0.9125,0.0034438307325093225,0.0006691842724932824
16.8,0.9208333333333333,0.00341562269682421,0.0006636963505117242
16.8,0.9291666666666667,0.0033876115455874793,0.0006582474131020488
16.8,0.9375,0.003359795663819926,0.0006528371401845058
16.8,0.9458333333333333,0.0033321734478400744,0.0006474652139524719
16.8,0.9541666666666667,0.0033047433051714495,0.0006421313188537675
16.8,0.9625,0.0032775036544503756,0.0006368351415720982
16.8,0.9708333333333333,0.0032504529253344697,0.0006315763710086419
16.8,0.9791666666666666,0.0032235895584118183,0.0006263546982637483
16.8,0.9875,0.00319691200511068,0.0006211698166187875
16.8,0.9958333333333333,0.00317041872760995,0.0006160214215181131
17.0,0.004166666666666667,0.007871507690525801,0.0015408431253990664
17.0,0.0125,0.007811636190101639,0.001529522841804623
17.0,0.020833333333333332,0.007750956539564961,0.0015170333235797779
17.0,0.029166666666666667,0.007691663202573449,0.0015055718091446135
17.0,0.0375,0.00763252829555519,0.0014939131689990317
17.0,0.04583333333333333,0.0075737947244910765,0.001482303042671073
17.0,0.05416666666666667,0.0075155360341270004,0.0014708176880860178
17.0,0.0625,0.007457719674930213,0.0014594272486791392
17.0,0.07083333333333333,0.007400328646363753,0.001448117396826197
17.0,0.07916666666666666,0.007343361998840487,0.0014368898359519641
17.0,0.0875,0.007286819490642884,0.0014257469576034177
17.0,0.09583333333333334,0.007230698307184537,0.001414688560863599
17.0,0.10416666666666667,0.0071749947164752755,0.001403713507967729
17.0,0.1125,0.007119705200142093,0.00139282085547425
17.0,0.12083333333333333,0.0070648265462758516,0.0013820099472603578
17.0,0.12916666666666668,0.007010355649585792,0.0013712802148243737
17.0,0.1375,0.006956289400161747,0.0013606310661945225
17.0,0.14583333333333334,0.006902624675959044,0.0013500618785594583
17.0,0.15416666666666667,0.006849358366063904,0.0013395720216782627
17.0,0.1625,0.00679648738531135,0.0013291608726415556
17.0,0.17083333333333334,0.0067440086764632805,0.0013188278181922057
17.0,0.17916666666666667,0.006691919207403717,0.0013085722520616047
17.0,0.1875,0.006640215968640519,0.00129839357261182
17.0,0.19583333333333333,0.0065888959723768865,0.001288291182046216
17.0,0.20416666666666666,0.006537956252521007,0.001278264486557239
17.0,0.2125,0.006487393864871331,0.0012683128966489595
17.0,0.22083333333333333,0.006437205887144458,0.0012584358273008945
17.0,0.22916666666666666,0.006387389418837131,0.001248632697965315
17.0,0.2375,0.006337941581017471,0.0012389029324924056
17.0,0.24583333333333332,0.006288859516116159,0.0012292459590546817
17.0,0.25416666666666665,0.00624014038774173,0.00121966121009435
17.0,0.2625,0.006191781380515105,0.0012101481222890115
17.0,0.2708333333333333,0.0061437796999122335,0.0012007061365244419
17.0,0.2791666666666667,0.006096132572107072,0.0011913346978668232
17.0,0.2875,0.0060488372438130275,0.0011820332555323922
17.0,0.29583333333333334,0.006001890982123283,0.0011728012628550585
17.0,0.30416666666666664,0.005955291074351443,0.0011636381772534886
17.0,0.3125,0.005909034827873559,0.0011545434601984697
17.0,0.32083333333333336,0.005863119569971616,0.0011455165771809112
17.0,0.32916666666666666,0.0058175426476784736,0.0011365569976803617
17.0,0.3375,0.0057723014276241024,0.0011276641951339299
17.0,0.3458333333333333,0.005727393295883011,0.0011188376469053881
17.0,0.3541666666666667,0.005682815657822601,0.0011100768342545086
17.0,0.3625,0.005638565937952839,0.0011013812423065607
17.0,0.37083333333333335,0.005594641579776794,0.0010927503600220148
17.0,0.37916666666666665,0.005551040045642421,0.0010841836801664738
17.0,0.3875,0.0055077588165953475,0.0010756806992808243
17.0,0.3958333333333333,0.0054647953922328275,0.001067240917651624
17.0,0.4041666666666667,0.00542214729055874,0.001058863839281711
17.0,0.4125,0.005379812047839662,0.0010505489718610277
17.0,0.42083333333333334,0.00533778721846202,0.00104229582673768
17.0,0.42916666666666664,0.0052960703747902725,0.0010341039188891817
17.0,0.4375,0.005254659107026121,0.0010259727668939424
17.0,0.44583333333333336,0.005213551023068868,0.0010179018929029422
17.0,0.45416666666666666,0.005172743748376601,0.0010098908226116345
17.0,0.4625,0.00513223492582862,0.001001939085232042
17.0,0.4708333333333333,0.005092022215588709,0.0009940462134650772
17.0,0.4791666666666667,0.005052103294969476,0.0009862117434730486
17.0,0.4875,0.005012475858297751,0.00097843521485239
17.0,0.49583333333333335,0.0049731376167808225,0.0009707161706065735
17.0,0.5041666666666667,0.004934086298373826,0.000963054157119238
17.0,0.5125,0.004895319647647963,0.0009554487241275083
17.0,0.5208333333333334,0.0048568354256598115,0.0009478994246955143
17.0,0.5291666666666667,0.00481863140982146,0.000940405815188104
17.0,0.5375,0.0047807053937717,0.0009329674552447586
17.0,0.5458333333333333,0.004743055187248146,0.0009255839077536829
17.0,0.5541666666666667,0.004705678615960218,0.0009182547388261057
17.0,0.5625,0.00466857352146313,0.0009109795177707584
17.0,0.5708333333333333,0.004631737761032823,0.0009037578170685517
17.0,0.5791666666666667,0.004595169207541605,0.0008965892123474227
17.0,0.5875,0.004558865749335108,0.0008894732823573831
17.0,0.5958333333333333,0.004522825290109644,0.0008824096089457435
17.0,0.6041666666666666,0.004487045748790837,0.0008753977770325238
17.0,0.6125,0.004451525059412976,0.0008684373745860334
17.0,0.6208333333333333,0.004416261170999266,0.0008615279925986593
17.0,0.6291666666666667,0.004381252047442952,0.0008546692250627849
17.0,0.6375,0.004346495667389332,0.0008478606689469335
17.0,0.6458333333333334,0.0043119900241186115,0.000841101924172063
17.0,0.6541666666666667,0.004277733125429555,0.0008343925935880251
17.0,0.6625,0.004243722993524124,0.0008277322829502297
17.0,0.6708333333333333,0.004209957664892789,0.0008211206008964357
17.0,0.6791666666666667,0.004176435190200725,0.0008145571589237545
17.0,0.6875,0.004143153634174945,0.0008080415713657981
17.0,0.6958333333333333,0.004110111075492056,0.000801573455369991
17.0,0.7041666666666667,0.004077305606666986,0.0007951524308750674
17.0,0.7125,0.004044735333942438,0.0007887781205887055
17.0,0.7208333333333333,0.004012398377179133,0.0007824501499653606
17.0,0.7291666666666666,0.0039802928697469,0.0007761681471842143
17.0,0.7375,0.003948416958416515,0.0007699317431273318
17.0,0.7458333333333333,0.003916768803252332,0.0007637405713579403
17.0,0.7541666666666667,0.00388534657750564,0.0007575942680988819
17.0,0.7625,0.0038541484675088627,0.0007514924722112311
17.0,0.7708333333333334,0.0038231726725704847,0.0007454348251730464
17.0,0.7791666666666667,0.003792417404870709,0.000739420971058292
17.0,0.7875,0.003761880889357857,0.000733450556515907
17.0,0.7958333333333333,0.0037315613636456097,0.0007275232307490238
17.0,0.8041666666666667,0.0037014570779108492,0.0007216386454943451
17.0,0.8125,0.0036715662947923145,0.0007157964550016568
17.0,0.8208333333333333,0.003641887289289929,0.0007099963160135064
17.0,0.8291666666666667,0.0036124183486649286,0.0007042378877450083
17.0,0.8375,0.0035831577723406277,0.0006985208318638042
17.0,0.8458333333333333,0.003554103871803868,0.0006928448124701782
17.0,0.8541666666666666,0.0035252549705073093,0.0006872094960772928
17.0,0.8625,0.0034966094037722057,0.0006816145515915923
17.0,0.8708333333333333,0.0034681655186921258,0.0006760596502933104
17.0,0.8791666666666667,0.00343992167403705,0.0006705444658171716
17.0,0.8875,0.0034118762401585045,0.0006650686741331728
17.0,0.8958333333333334,0.0033840275988949813,0.0006596319535275449
17.0,0.9041666666666667,0.0033563741434784067,0.0006542339845838297
17.0,0.9125,0.0033289142784409262,0.0006488744501641037
17.0,0.9208333333333333,0.003301646419522657,0.0006435530353903165
17.0,0.9291666666666667,0.003274568993579809,0.000638269427625793
17.0,0.9375,0.0032476804384936886,0.0006330233164568355
17.0,0.9458333333333333,0.0032209792030801648,0.0006278143936744794
17.0,0.9541666666666667,0.0031944637469999114,0.0006226423532563702
17.0,0.9625,0.003168132540669165,0.0006175068913487631
17.0,0.9708333333333333,0.0031419840651711675,0.000612407706248666
17.0,0.9791666666666666,0.0031160168121682507,0.000607344498386088
17.0,0.9875,0.003090229283814448,0.000602316970306435
17.0,0.9958333333333333,0.0030646199926688336,0.0005973248266530134
17.2,0.004166666666666667,0.007610761078614222,0.0014941703714846403
17.2,0.0125,0.007552850497443858,0.0014831829492725301
17.2,0.020833333333333332,0.0074941715497283375,0.001471078033253693
17.2,0.029166666666666667,0.0074368299569820325,0.0014599640285934104
17.2,0.0375,0.007379637082913415,0.0014486549626316323
17.2,0.04583333333333333,0.0073228357420047786,0.0014373962936232985
17.2,0.05416666666666667,0.007266494251208553,0.0014262589625864614
17.2,0.0625,0.007210580009251396,0.001415212972757732
17.2,0.07083333333333333,0.007155077074569361,0.0014042449676785064
17.2,0.07916666666666666,0.007099984836819319,0.001393356902855874
17.2,0.0875,0.007045303019240389,0.0013825510482725347
17.2,0.09583333333333334,0.006991028811928175,0.0013718271218084628
17.2,0.10416666666666667,0.006937158583256377,0.001361184000808642
17.2,0.1125,0.006883688942799984,0.0013506207851515463
17.2,0.12083333333333333,0.006830616794415361,0.0013401368504732498
17.2,0.12916666666666668,0.0067779391350778016,0.0013297316471480758
17.2,0.1375,0.006725652952934083,0.001319404598482983
17.2,0.14583333333333334,0.006673755224906664,0.0013091550984627165
17.2,0.15416666666666667,0.006622242940250403,0.001298982535446436
17.2,0.1625,0.0065711131139133405,0.0012888863056670847
17.2,0.17083333333333334,0.006520362787876859,0.0012788658147096044
17.2,0.17916666666666667,0.006469989028200071,0.0012689204746917852
17.2,0.1875,0.006419988922681192,0.0012590497020615445
17.2,0.19583333333333333,0.006370359580087272,0.0012492529169613042
17.2,0.20416666666666666,0.006321098130226694,0.0012395295434341536
17.2,0.2125,0.006272201724131406,0.0012298790097389298
17.2,0.22083333333333333,0.006223667534065004,0.001220300748489854
17.2,0.22916666666666666,0.006175492753374013,0.0012107941966387446
17.2,0.2375,0.006127674596280684,0.001201358795397423
17.2,0.24583333333333332,0.00608021029768213,0.0011919939901657982
17.2,0.25416666666666665,0.0060330971129743775,0.001182699230483697
17.2,0.2625,0.0059863323178939885,0.001173473969999446
17.2,0.2708333333333333,0.005939913208366204,0.0011643176664439415
17.2,0.2791666666666667,0.005893837100352649,0.0011552297816034333
17.2,0.2875,0.005848101329697404,0.0011462097812896647
17.2,0.29583333333333334,0.005802703251972164,0.0011372571353082089
17.2,0.30416666666666664,0.0057576402423218775,0.0011283713174264688
17.2,0.3125,0.005712909695311851,0.0011195518053420687
17.2,0.32083333333333336,0.005668509024776275,0.0011107980806518783
17.2,0.32916666666666666,0.005624435663668144,0.0011021096288215126
17.2,0.3375,0.005580687063910405,0.0010934859391552036
17.2,0.3458333333333333,0.005537260696248237,0.001084926504765824
17.2,0.3541666666666667,0.00549415405010223,0.001076430822545135
17.2,0.3625,0.005451364633422838,0.0010679983931341942
17.2,0.37083333333333335,0.005408889972545658,0.0010596287208939645
17.2,0.37916666666666665,0.0053667276120479505,0.0010513213138761488
17.2,0.3875,0.005324875114606121,0.001043075683794241
17.2,0.3958333333333333,0.0052833300608543165,0.0010348913459948018
17.2,0.4041666666666667,0.00524209004924405,0.0010267678194289518
17.2,0.4125,0.005201152695904864,0.0010187046266240732
17.2,0.42083333333333334,0.005160515634506019,0.0010107012936557353
17.2,0.42916666666666664,0.005120176516119215,0.0010027573501198053
17.2,0.4375,0.0050801330090822685,0.0009948723291047894
17.2,0.44583333333333336,0.005040382798863941,0.0009870457671643626
17.2,0.45416666666666666,0.005000923587929532,0.0009792772042901106
17.2,0.4625,0.004961753095607704,0.0009715661838844663
17.2,0.4708333333333333,0.0049228690579581,0.0009639122527338621
17.2,0.4791666666666667,0.004884269227640027,0.0009563149609820606
17.2,0.4875,0.004845951373782129,0.0009487738621037029
17.2,0.49583333333333335,0.004807913281852895,0.0009412885128780372
17.2,0.5041666666666667,0.004770152753532282,0.0009338584733628521
17.2,0.5125,0.004732667606584126,0.0009264833068686008
17.2,0.5208333333333334,0.004695455674729622,0.0009191625799327115
17.2,0.5291666666666667,0.004658514807521607,0.0009118958622940917
17.2,0.5375,0.0046218428702198625,0.0009046827268678266
17.2,0.5458333333333333,0.004585437743667306,0.0008975227497200499
17.2,0.5541666666666667,0.0045492973241670395,0.0008904155100430129
17.2,0.5625,0.0045134195233603345,0.000883360590130333
17.2,0.5708333333333333,0.0044778022681055815,0.0008763575753524288
17.2,0.5791666666666667,0.004442443500357887,0.0008694060541321239
17.2,0.5875,0.004407341177049949,0.0008625056179204447
17.2,0.5958333333333333,0.0043724932699733465,0.000855655861172589
17.2,0.6041666666666666,0.004337897765661031,0.000848856381324075
17.2,0.6125,0.004303552665270538,0.0008421067787670555
17.2,0.6208333333333333,0.0042694559844680575,0.0008354066568268322
17.2,0.6291666666666667,0.004235605753313349,0.0008287556217384995
17.2,0.6375,0.004202000016145537,0.0008221532826238047
17.2,0.6458333333333334,0.004168636831469689,0.0008155992514681548
17.2,0.6541666666666667,0.004135514271844194,0.0008090931430977824
17.2,0.6625,0.004102630423769073,0.0008026345751571119
17.2,0.6708333333333333,0.004069983387574974,0.0007962231680862464
17.2,0.6791666666666667,0.004037571277312983,0.0007898585450986658
17.2,0.6875,0.004005392220645376,0.0007835403321590565
17.2,0.6958333333333333,0.003973444358736947,0.000777268157961309
17.2,0.7041666666666667,0.003941725846147312,0.0007710416539066902
17.2,0.7125,0.00391023485072387,0.0007648604540821487
17.2,0.7208333333333333,0.0038789695534955783,0.0007587241952388155
17.2,0.7291666666666666,0.0038479281485675042,0.0007526325167706155
17.2,0.7375,0.003817108843016129,0.0007465850606930806
17.2,0.7458333333333333,0.0037865098567854143,0.0007405814716222811
17.2,0.7541666666666667,0.0037561294225835545,0.0007346213967539276
17.2,0.7625,0.0037259657857805772,0.0007287044858426288
17.2,0.7708333333333334,0.0036960172043066157,0.0007228303911812828
17.2,0.7791666666666667,0.003666281948550915,0.0007169987675806327
17.2,0.7875,0.003636758301261527,0.0007112092723489646
17.2,0.7958333333333333,0.003607444557445856,0.0007054615652719506
17.2,0.8041666666666667,0.0035783390242717585,0.0006997553085926452
17.2,0.8125,0.003549440020969444,0.0006940901669916153
17.2,0.8208333333333333,0.0035207458787340222,0.000688465807567228
17.2,0.8291666666666667,0.0034922549406288163,0.000682881899816063
17.2,0.8375,0.0034639655614893254,0.0006773381156134765
17.2,0.8458333333333333,0.0034358761078278153,0.0006718341291943132
17.2,0.8541666666666666,0.0034079849577387297,0.0006663696171337368
17.2,0.8625,0.0033802905008045833,0.0006609442583282223
17.2,0.8708333333333333,0.0033527911380027754,0.0006555577339766484
17.2,0.8791666666666667,0.0033254852816127405,0.0006502097275615816
17.2,0.8875,0.0032983713551241237,0.0006448999248306335
17.2,0.8958333333333334,0.0032714477931452364,0.0006396280137779959
17.2,0.9041666666666667,0.0032447130413125126,0.0006343936846260856
17.2,0.9125,0.003218165556200277,0.0006291966298073335
17.2,0.9208333333333333,0.0031918038052314605,0.0006240365439460837
17.2,0.9291666666666667,0.003165626266588659,0.0006189131238406514
17.2,0.9375,0.003139631429126051,0.0006138260684454796
17.2,0.9458333333333333,0.0031138177922817637,0.0006087750788534416
17.2,0.9541666666666667,0.0030881838659909946,0.0006037598582782648
17.2,0.9625,0.003062728170599626,0.0005987801120370701
17.2,0.9708333333333333,0.003037449236778509,0.0005938355475330519
17.2,0.9791666666666666,0.003012345605438362,0.0005889258742382605
17.2,0.9875,0.0029874158276451844,0.0005840508036765285
17.2,0.9958333333333333,0.002962658464536379,0.0005792100494064985
17.400000000000002,0.004166666666666667,0.007359409885979694,0.0014489445411727854
17.400000000000002,0.0125,0.007303390421798117,0.0014382801697937937
17.400000000000002,0.020833333333333332,0.007246640462580308,0.00142654769862574
17.400000000000002,0.029166666666666667,0.007191180614689791,0.0014157703298368577
17.400000000000002,0.0375,0.00713586042176203,0.0014048001834954982
17.400000000000002,0.04583333333333333,0.007080922206554614,0.001393882139575772
17.400000000000002,0.05416666666666667,0.007026429269149928,0.001383082036307116
17.400000000000002,0.0625,0.006972349052261946,0.0013723698356275724
17.400000000000002,0.07083333333333333,0.006918666638556708,0.0013617331206504796
17.400000000000002,0.07916666666666666,0.006865381721663671,0.0013511740668205336
17.400000000000002,0.0875,0.006812493983992668,0.0013406948198744014
17.400000000000002,0.09583333333333334,0.006760000624219511,0.0013302950234690533
17.400000000000002,0.10416666666666667,0.00670789811117549,0.0013199735732126788
17.400000000000002,0.1125,0.0066561831783180925,0.0013097296112760208
17.400000000000002,0.12083333333333333,0.00660485284033413,0.0012995625431348973
17.400000000000002,0.12916666666666668,0.006553904192299818,0.0012894718368687648
17.400000000000002,0.1375,0.006503334316945323,0.0012794569305625426
17.400000000000002,0.14583333333333334,0.006453140286867125,0.0012695172346553977
17.400000000000002,0.15416666666666667,0.00640331918810663,0.0012596521556547727
17.400000000000002,0.1625,0.0063538681322467625,0.0012498611083670904
17.400000000000002,0.17083333333333334,0.006304784256993403,0.0012401435166128122
17.400000000000002,0.17916666666666667,0.00625606472312266,0.0012304988103057914
17.400000000000002,0.1875,0.006207706712312385,0.0012209264234163025
17.400000000000002,0.19583333333333333,0.006159707426519446,0.0012114257934786514
17.400000000000002,0.20416666666666666,0.006112064088103762,0.0012019963618445516
17.400000000000002,0.2125,0.006064773940002717,0.0011926375739861133
17.400000000000002,0.22083333333333333,0.006017834245719666,0.001183348879611686
17.400000000000002,0.22916666666666666,0.0059712422891662655,0.001174129732634897
17.400000000000002,0.2375,0.005924995374458071,0.0011649795910956746
17.400000000000002,0.24583333333333332,0.0058790908257218485,0.001155897917092378
17.400000000000002,0.25416666666666665,0.005833525986928007,0.0011468841767378808
17.400000000000002,0.2625,0.00578829822173885,0.0011379378401306923
17.400000000000002,0.2708333333333333,0.005743404913361843,0.001129058381330102
17.400000000000002,0.2791666666666667,0.005698843464401811,0.0011202452783294372
17.400000000000002,0.2875,0.005654611296711515,0.0011114980130266972
17.400000000000002,0.29583333333333334,0.0056107058512415075,0.0011028160711936247
17.400000000000002,0.30416666666666664,0.005567124587890634,0.0010941989424446282
17.400000000000002,0.3125,0.005523864985358048,0.001085646120206172
17.400000000000002,0.32083333333333336,0.00548092454099659,0.0010771571016867936
17.400000000000002,0.32916666666666666,0.005438300770667546,0.0010687313878475514
17.400000000000002,0.3375,0.005395991208596503,0.0010603684833728072
17.400000000000002,0.3458333333333333,0.005353993407230331,0.0010520678966411464
17.400000000000002,0.3541666666666667,0.005312304937095009,0.0010438291396965079
17.400000000000002,0.3625,0.005270923386654703,0.0010356517282194737
17.400000000000002,0.37083333333333335,0.005229846362171638,0.0010275351814987579
17.400000000000002,0.37916666666666665,0.005189071487567187,0.001019479022402919
17.400000000000002,0.3875,0.00514859640428387,0.0010114827773522776
17.400000000000002,0.3958333333333333,0.005108418771148466,0.0010035459762910615
17.400000000000002,0.4041666666666667,0.005068536264236079,0.0009956681526597467
17.400000000000002,0.4125,0.00502894657673525,0.000987848843367618
17.400000000000002,0.42083333333333334,0.004989647418814032,0.0009800875887655317
17.400000000000002,0.42916666666666664,0.004950636517487082,0.0009723839326188628
17.400000000000002,0.4375,0.004911911616483662,0.0009647374220806798
17.400000000000002,0.44583333333333336,0.004873470476116783,0.0009571476076650951
17.400000000000002,0.45416666666666666,0.0048353108731530505,0.0009496140432208283
17.400000000000002,0.4625,0.004797430600683751,0.0009421362859049553
17.400000000000002,0.4708333333333333,0.004759827467996662,0.0009347138961568642
17.400000000000002,0.4791666666666667,0.0047224993004489155,0.0009273464376723887
17.400000000000002,0.4875,0.004685443939340828,0.0009200334773781488
17.400000000000002,0.49583333333333335,0.004648659241790515,0.0009127745854060704
17.400000000000002,0.5041666666666667,0.004612143080609602,0.0009055693350680995
17.400000000000002,0.5125,0.004575893344179699,0.0008984173028311038
17.400000000000002,0.5208333333333334,0.004539907936329895,0.0008913180682919553
17.400000000000002,0.5291666666666667,0.004504184776215066,0.0008842712141527986
17.400000000000002,0.5375,0.0044687217981951195,0.0008772763261965092
17.400000000000002,0.5458333333333333,0.004433516951715148,0.0008703329932623198
17.400000000000002,0.5541666666666667,0.0043985682011863795,0.0008634408072216371
17.400000000000002,0.5625,0.004363873525868046,0.0008565993629540345
17.400000000000002,0.5708333333333333,0.004329430919750194,0.0008498082583234237
17.400000000000002,0.5791666666666667,0.004295238391437105,0.0008430670941543923
17.400000000000002,0.5875,0.004261293964031979,0.0008363754742087263
17.400000000000002,0.5958333333333333,0.004227595675021985,0.0008297330051621037
17.400000000000002,0.6041666666666666,0.004194141576164511,0.0008231392965809567
17.400000000000002,0.6125,0.004160929733374088,0.000816593960899497
17.400000000000002,0.6208333333333333,0.004127958226610153,0.0008100966133969383
17.400000000000002,0.6291666666666667,0.004095225149765628,0.0008036468721748396
17.400000000000002,0.6375,0.004062728610556367,0.0007972443581346596
17.400000000000002,0.6458333333333334,0.0040304667304113225,0.0007908886949554554
17.400000000000002,0.6541666666666667,0.003998437644363539,0.0007845795090717335
17.400000000000002,0.6625,0.0039666395009420015,0.0007783164296514957
17.400000000000002,0.6708333333333333,0.003935070462064179,0.000772099088574403
17.400000000000002,0.6791666666666667,0.0039037287029293497,0.0007659271204101431
17.400000000000002,0.6875,0.00387261241191282,0.0007598001623969252
17.400000000000002,0.6958333333333333,0.0038417197904607363,0.0007537178544201395
17.400000000000002,0.7041666666666667,0.003811049052985809,0.000747679838991184
17.400000000000002,0.7125,0.0037805984267636817,0.000741685761226423
17.400000000000002,0.7208333333333333,0.003750366151830105,0.0007357352688263313
17.400000000000002,0.7291666666666666,0.003720350480878847,0.0007298280120547501
17.400000000000002,0.7375,0.0036905496791603295,0.000723963643718336
17.400000000000002,0.7458333333333333,0.0036609620243810196,0.0007181418191461252
17.400000000000002,0.7541666666666667,0.003631585806603462,0.0007123621961692629
17.400000000000002,0.7625,0.003602419328147162,0.0007066244351008843
17.400000000000002,0.7708333333333334,0.0035734609034900854,0.0007009281987161252
17.400000000000002,0.7791666666666667,0.003544708859170895,0.000695273152232291
17.400000000000002,0.7875,0.0035161615336918505,0.0006896589632891662
17.400000000000002,0.7958333333333333,0.0034878172774225205,0.0006840853019294608
17.400000000000002,0.8041666666666667,0.003459674452504038,0.0006785518405794105
17.400000000000002,0.8125,0.0034317314327541285,0.0006730582540294995
17.400000000000002,0.8208333333333333,0.003403986603572783,0.0006676042194153443
17.400000000000002,0.8291666666666667,0.0033764383618486364,0.0006621894161986935
17.400000000000002,0.8375,0.0033490851158660107,0.0006568135261485739
17.400000000000002,0.8458333333333333,0.0033219252852125505,0.0006514762333225854
17.400000000000002,0.8541666666666666,0.0032949573006876435,0.000646177224048304
17.400000000000002,0.8625,0.0032681796042113276,0.0006409161869048469
17.400000000000002,0.8708333333333333,0.003241590648734075,0.0006356928127045331
17.400000000000002,0.8791666666666667,0.0032151888981469183,0.0006305067944747297
17.400000000000002,0.8875,0.0031889728271925436,0.0006253578274397687
17.400000000000002,0.8958333333333334,0.0031629409213766784,0.0006202456090030383
17.400000000000002,0.9041666666666667,0.003137091676880444,0.0006151698387291772
17.400000000000002,0.9125,0.003111423600472995,0.0006101302183264131
17.400000000000002,0.9208333333333333,0.0030859352094250976,0.0006051264516290046
17.400000000000002,0.9291666666666667,0.0030606250314230274,0.0006001582445798376
17.400000000000002,0.9375,0.003035491604483299,0.0005952253052131202
17.400000000000002,0.9458333333333333,0.0030105334768678366,0.0005903273436372149
17.400000000000002,0.9541666666666667,0.0029857492069998693,0.0005854640720175927
17.400000000000002,0.9625,0.0029611373633803093,0.0005806352045598945
17.400000000000002,0.9708333333333333,0.002936696524504774,0.0005758404574931348
17.400000000000002,0.9791666666666666,0.002912425278781208,0.0005710795490529994
17.400000000000002,0.9875,0.002888322224447999,0.000566352199465285
17.400000000000002,0.9958333333333333,0.0028643859694927813,0.0005616581309294384
17.6,0.004166666666666667,0.0071170849739819785,0.0014051188090589556
17.6,0.0125,0.007062889587850936,0.001394767968755737
17.6,0.020833333333333332,0.007007999757932712,0.0013833961858466556
17.6,0.029166666666666667,0.006954354453131923,0.001372944940326374
17.6,0.0375,0.006900840344564072,0.001362303395653643
17.6,0.04583333333333333,0.006847698895457061,0.0013517154888032703
17.6,0.05416666666666667,0.006794988597095513,0.001341242166352602
17.6,0.0625,0.006742677023408242,0.0013308534392107948
17.6,0.07083333333333333,0.0066907502456143115,0.001320537797406392
17.6,0.07916666666666666,0.00663920822829623,0.0013102976063006074
17.6,0.0875,0.006588050608453882,0.0013001348857802774
17.6,0.09583333333333334,0.0065372745971873794,0.001290049212078883
17.6,0.10416666666666667,0.0064868767636057836,0.0012800395018221571
17.6,0.1125,0.0064368539609826365,0.0012701049383197053
17.6,0.12083333333333333,0.006387203310101448,0.001260244955045432
17.6,0.12916666666666668,0.00633792200019741,0.0012504590367132735
17.6,0.1375,0.006289007205280215,0.0012407466357329169
17.6,0.14583333333333334,0.006240456090456918,0.001231107178664685
17.6,0.15416666666666667,0.00619226583529521,0.0012215400897139057
17.6,0.1625,0.006144433644664546,0.0012120448017018193
17.6,0.17083333333333334,0.006096956748637562,0.0012026207560963513
17.6,0.17916666666666667,0.006049832399388361,0.0011932674000382202
17.6,0.1875,0.006003057869200769,0.0011839841844765134
17.6,0.19583333333333333,0.005956630449981788,0.0011747705638082654
17.6,0.20416666666666666,0.005910547453426628,0.0011656259961687085
17.6,0.2125,0.005864806211181442,0.0011565499437184304
17.6,0.22083333333333333,0.005819404074812895,0.0011475418727362019
17.6,0.22916666666666666,0.005774338415643298,0.0011386012535767494
17.6,0.2375,0.005729606624550049,0.0011297275605915988
17.6,0.24583333333333332,0.005685206111781236,0.00112092027206549
17.6,0.25416666666666665,0.005641134306796061,0.0011121788701764631
17.6,0.2625,0.005597388658119229,0.0011035028409691974
17.6,0.2708333333333333,0.005553966633199034,0.0010948916743310372
17.6,0.2791666666666667,0.005510865718263851,0.001086344863965669
17.6,0.2875,0.005468083418177077,0.001077861907364261
17.6,0.29583333333333334,0.005425617256291566,0.001069442305775286
17.6,0.30416666666666664,0.005383464774304869,0.0010610855641743613
17.6,0.3125,0.005341623532115971,0.0010527911912346167
17.6,0.32083333333333336,0.005300091107683397,0.0010445586992976663
17.6,0.32916666666666666,0.005258865096884585,0.00103638760434497
17.6,0.3375,0.0052179431133763336,0.0010282774259694994
17.6,0.3458333333333333,0.0051773227884562905,0.001020227687347521
17.6,0.3541666666666667,0.005137001770925294,0.0010122379152105799
17.6,0.3625,0.005096977726950907,0.0010043076398176527
17.6,0.37083333333333335,0.0050572483399317315,0.0009964363949274842
17.6,0.37916666666666665,0.005017811310362902,0.0009886237177711538
17.6,0.3875,0.004978664355702474,0.000980869149024833
17.6,0.3958333333333333,0.0049398052102388595,0.0009731722327827707
17.6,0.4041666666666667,0.004901231624959229,0.0009655325165304634
17.6,0.4125,0.004862941367418877,0.0009579495511180377
17.6,0.42083333333333334,0.00482493222161157,0.0009504228907338325
17.6,0.42916666666666664,0.004787201987840829,0.000942952092878156
17.6,0.4375,0.004749748482592149,0.0009355367183372659
17.6,0.44583333333333336,0.004712569538406272,0.0009281763311575198
17.6,0.45416666666666666,0.004675663003753169,0.0009208704986197302
17.6,0.4625,0.0046390267429072185,0.0009136187912137028
17.6,0.4708333333333333,0.004602658635823083,0.0009064207826129751
17.6,0.4791666666666667,0.0045665565780126215,0.0008992760496497229
17.6,0.4875,0.004530718480422696,0.0008921841722898744
17.6,0.49583333333333335,0.004495142269313795,0.00088514473360839
17.6,0.5041666666666667,0.0044598258861396805,0.0008781573197647416
17.6,0.5125,0.004424767287427776,0.0008712215199785609
17.6,0.5208333333333334,0.004389964444660558,0.0008643369265054743
17.6,0.5291666666666667,0.004355415344157729,0.0008575031346131112
17.6,0.5375,0.0043211179869592975,0.0008507197425572997
17.6,0.5458333333333333,0.004287070388709529,0.0008439863515584249
17.6,0.5541666666666667,0.004253270579541688,0.00083730256577797
17.6,0.5625,0.004219716603963654,0.0008306679922952308
17.6,0.5708333333333333,0.0041864065207444625,0.0008240822410842015
17.6,0.5791666666666667,0.004153338402801411,0.0008175449249906233
17.6,0.5875,0.0041205103370884205,0.0008110556597092105
17.6,0.5958333333333333,0.004087920424484736,0.0008046140637610459
17.6,0.6041666666666666,0.0040555667796847855,0.0007982197584711341
17.6,0.6125,0.004023447531088706,0.0007918723679461195
17.6,0.6208333333333333,0.003991560820693671,0.0007855715190521915
17.6,0.6291666666666667,0.003959904803986003,0.0007793168413931064
17.6,0.6375,0.003928477649834141,0.0007731079672884188
17.6,0.6458333333333334,0.0038972775403823003,0.0007669445317518456
17.6,0.6541666666666667,0.003866302670944927,0.000760826172469786
17.6,0.6625,0.0038355512499019893,0.000754752529780023
17.6,0.6708333333333333,0.003805021498594925,0.0007487232466505446
17.6,0.6791666666666667,0.0037747116512233773,0.0007427379686585602
17.6,0.6875,0.003744619954742762,0.0007367963439696408
17.6,0.6958333333333333,0.0037147446687624346,0.0007308980233170205
17.6,0.7041666666666667,0.0036850840654447277,0.0007250426599810577
17.6,0.7125,0.0036556364294046116,0.0007192299097688241
17.6,0.7208333333333333,0.003626400057610148,0.000713459430993879
17.6,0.7291666666666666,0.00359737325928364,0.000707730884456143
17.6,0.7375,0.0035685543558034998,0.000702043933421968
17.6,0.7458333333333333,0.003539941680606831,0.0006963982436043126
17.6,0.7541666666666667,0.003511533579092662,0.0006907934831430811
17.6,0.7625,0.0034833284085259582,0.0006852293225856087
17.6,0.7708333333333334,0.003455324537942272,0.0006797054348672713
17.6,0.7791666666666667,0.003427520348053091,0.0006742214952922516
17.6,0.7875,0.003399914231151822,0.0006687771815144379
17.6,0.7958333333333333,0.0033725045910205755,0.0006633721735184591
17.6,0.8041666666666667,0.0033452898428374626,0.0006580061536008668
17.6,0.8125,0.003318268413084649,0.000652678806351436
17.6,0.8208333333333333,0.003291438739457035,0.0006473898186346256
17.6,0.8291666666666667,0.0032647992707716105,0.0006421388795711462
17.6,0.8375,0.0032383484668774597,0.0006369256805196733
17.6,0.8458333333333333,0.0032120847985663403,0.0006317499150587045
17.6,0.8541666666666666,0.003186006747484023,0.0006266112789685197
17.6,0.8625,0.0031601128060420925,0.0006215094702133013
17.6,0.8708333333333333,0.003134401477330614,0.0006164441889233436
17.6,0.8791666666666667,0.003108871275031118,0.0006114151373774465
17.6,0.8875,0.003083520723330526,0.0006064220199853744
17.6,0.8958333333333334,0.003058348356835369,0.0006014645432704843
17.6,0.9041666666666667,0.003033352720486925,0.0005965424158524572
17.6,0.9125,0.003008532369476647,0.0005916553484301649
17.6,0.9208333333333333,0.0029838858691624923,0.0005868030537646402
17.6,0.9291666666666667,0.0029594117949855734,0.0005819852466621958
17.6,0.9375,0.0029351087323875955,0.0005772016439576394
17.6,0.9458333333333333,0.0029109752767287403,0.0005724519644976211
17.6,0.9541666666666667,0.0028870100332062344,0.0005677359291240999
17.6,0.9625,0.002863211616773405,0.0005630532606579139
17.6,0.9708333333333333,0.0028395786520593446,0.0005584036838824876
17.6,0.9791666666666666,0.0028161097732891526,0.0005537869255276332
17.6,0.9875,0.002792803624204673,0.0005492027142534856
17.6,0.9958333333333333,0.0027696588579858876,0.0005446507806345365
17.8,0.004166666666666667,0.006883430705333088,0.0013626479814406657
17.8,0.0125,0.0068309950073865205,0.0013526014345562598
17.8,0.020833333333333332,0.0067778991839701815,0.0013415789700172594
17.8,0.029166666666666667,0.006726003901050179,0.0013314436831694866
17.8,0.0375,0.006674231920742218,0.0013211207473648372
17.8,0.04583333333333333,0.006622823509478021,0.0013108528222733752
17.8,0.05416666666666667,0.006571832554490149,0.0013006961705057114
17.8,0.0625,0.006521226840130843,0.0012906209340691277
17.8,0.07083333333333333,0.0064709933898323205,0.0012806164764648758
17.8,0.07916666666666666,0.006421132408292336,0.0012706853250093232
17.8,0.0875,0.006371643483602132,0.0012608293730965
17.8,0.09583333333333334,0.006322523843038408,0.0012510481361238056
17.8,0.10416666666666667,0.006273770155552631,0.0012413405541138304
17.8,0.1125,0.006225379390184276,0.0012317058502593322
17.8,0.12083333333333333,0.006177348769279332,0.001222143484272357
17.8,0.12916666666666668,0.006129675572500831,0.0012126529565245048
17.8,0.1375,0.006082357061991853,0.0012032337333385793
17.8,0.14583333333333334,0.006035390492328287,0.0011938852570691392
17.8,0.15416666666666667,0.005988773133460282,0.0011846069691708564
17.8,0.1625,0.0059425022803201045,0.0011753983199319989
17.8,0.17083333333333334,0.00589657525212084,0.0011662587678983424
17.8,0.17916666666666667,0.005850989389248182,0.001157187776888701
17.8,0.1875,0.0058057420514487645,0.0011481848143064877
17.8,0.19583333333333333,0.005760830617467897,0.0011392493508995492
17.8,0.20416666666666666,0.00571625248524602,0.0011303808610778193
17.8,0.2125,0.00567200507206668,0.0011215788231817288
17.8,0.22083333333333333,0.005628085814508105,0.0011128427195531137
17.8,0.22916666666666666,0.005584492168272873,0.0011041720364835753
17.8,0.2375,0.005541221607992082,0.001095566264136169
17.8,0.24583333333333332,0.005498271627049251,0.0010870248964862494
17.8,0.25416666666666665,0.005455639737428297,0.0010785474312852673
17.8,0.2625,0.005413323469573632,0.0010701333700360233
17.8,0.2708333333333333,0.005371320372252766,0.0010617822179694156
17.8,0.2791666666666667,0.0053296280124169315,0.001053493484018497
17.8,0.2875,0.0052882439750602615,0.0010452666807901374
17.8,0.29583333333333334,0.0052471658630786925,0.0010371013245356116
17.8,0.30416666666666664,0.0052063912971297924,0.0010289969351213498
17.8,0.3125,0.0051659179154940876,0.001020953036000255
17.8,0.32083333333333336,0.005125743373937706,0.001012969154183599
17.8,0.32916666666666666,0.005085865345576221,0.0010050448202132626
17.8,0.3375,0.005046281520739511,0.0009971795681342523
17.8,0.3458333333333333,0.005006989606837637,0.0009893729354673183
17.8,0.3541666666666667,0.004967987328227513,0.0009816244631817757
17.8,0.3625,0.004929272426080766,0.000973933695668484
17.8,0.37083333333333335,0.004890842658252339,0.0009663001807130129
17.8,0.37916666666666665,0.004852695799150249,0.0009587234694690348
17.8,0.3875,0.004814829639606188,0.0009512031164318984
17.8,0.3958333333333333,0.004777241986747173,0.0009437386794124271
17.8,0.4041666666666667,0.004739930663868107,0.000936329719510891
17.8,0.4125,0.004702893510305277,0.000928975801091192
17.8,0.42083333333333334,0.0046661283813108165,0.0009216764917552338
17.8,0.42916666666666664,0.004629633147928049,0.0009144313623174688
17.8,0.4375,0.004593405696867764,0.000907239986779658
17.8,0.44583333333333336,0.004557443930385492,0.0009001019423057945
17.8,0.45416666666666666,0.004521745766159492,0.0008930168091972309
17.8,0.4625,0.00448630913716987,0.0008859841708679793
17.8,0.4708333333333333,0.0044511319915784,0.000879003613820209
17.8,0.4791666666666667,0.004416212292609315,0.0008720747276199037
17.8,0.4875,0.004381548018431002,0.0008651971048727238
17.8,0.49583333333333335,0.004347137162038455,0.0008583703412000274
17.8,0.5041666666666667,0.004312977731136759,0.0008515940352150848
17.8,0.5125,0.0042790677480252365,0.0008448677884994564
17.8,0.5208333333333334,0.004245405249482623,0.0008381912055795549
17.8,0.5291666666666667,0.004211988286652955,0.0008315638939033709
17.8,0.5375,0.004178814924932369,0.0008249854638173843
17.8,0.5458333333333333,0.004145883243856719,0.0008184555285436288
17.8,0.5541666666666667,0.0041131913369899815,0.0008119737041569423
17.8,0.5625,0.004080737311813481,0.0008055396095623741
17.8,0.5708333333333333,0.004048519289616051,0.0007991528664727678
17.8,0.5791666666666667,0.0040165354053847005,0.0007928130993864977
17.8,0.5875,0.003984783807696515,0.0007865199355653772
17.8,0.5958333333333333,0.003953262658610893,0.0007802730050127333
17.8,0.6041666666666666,0.0039219701335629,0.0007740719404516322
17.8,0.6125,0.0038909044212572554,0.000767916377303267
17.8,0.6208333333333333,0.003860063723563108,0.000761805953665525
17.8,0.6291666666666667,0.0038294462554095817,0.0007557403102916702
17.8,0.6375,0.0037990502446821226,0.000749719090569226
17.8,0.6458333333333334,0.003768873932119536,0.0007437419404989893
17.8,0.6541666666666667,0.0037389155712117973,0.0007378085086741955
17.8,0.6625,0.0037091734280986577,0.0007319184462598593
17.8,0.6708333333333333,0.0036796457814688853,0.0007260714069722295
17.8,0.6791666666666667,0.003650330922460297,0.0007202670470584366
17.8,0.6875,0.0036212271545605595,0.0007145050252762591
17.8,0.6958333333333333,0.0035923327935085936,0.000708785002874044
17.8,0.7041666666666667,0.0035636461671968074,0.000703106643570787
17.8,0.7125,0.0035351656155739636,0.0006974696135363326
17.8,0.7208333333333333,0.003506889490548765,0.0006918735813717556
17.8,0.7291666666666666,0.003478816155894164,0.0006863182180898392
17.8,0.7375,0.00345094398715233,0.0006808031970957409
17.8,0.7458333333333333,0.003423271371540339,0.0006753281941677658
17.8,0.7541666666666667,0.003395796707856465,0.0006698928874382947
17.8,0.7625,0.0033685184063872485,0.0006644969573748529
17.8,0.7708333333333334,0.0033414348888151763,0.0006591400867613057
17.8,0.7791666666666667,0.003314544588127025,0.0006538219606791983
17.8,0.7875,0.0032878459485228446,0.0006485422664892298
17.8,0.7958333333333333,0.0032613374253256935,0.0006433006938128561
17.8,0.8041666666666667,0.0032350174848918855,0.0006380969345140381
17.8,0.8125,0.0032088846045219585,0.0006329306826811027
17.8,0.8208333333333333,0.003182937272372269,0.0006278016346087601
17.8,0.8291666666666667,0.00315717398736721,0.0006227094887802259
17.8,0.8375,0.0031315932591120853,0.000617653945849481
17.8,0.8458333333333333,0.0031061936078065314,0.0006126347086236744
17.8,0.8541666666666666,0.003080973564158674,0.0006076514820456248
17.8,0.8625,0.0030559316692997294,0.0006027039731764783
17.8,0.8708333333333333,0.003031066474699446,0.0005977918911784513
17.8,0.8791666666666667,0.0030063765420818593,0.000592914947297752
17.8,0.8875,0.0029818604433419515,0.0005880728548475667
17.8,0.8958333333333334,0.0029575167604625986,0.0005832653291912094
17.8,0.9041666666666667,0.0029333440854324077,0.0005784920877253708
17.8,0.9125,0.0029093410201638296,0.0005737528498634995
17.8,0.9208333333333333,0.0028855061764121526,0.0005690473370192847
17.8,0.9291666666666667,0.0028618381756948066,0.0005643752725902816
17.8,0.9375,0.0028383356492114225,0.0005597363819416294
17.8,0.9458333333333333,0.0028149972377643287,0.000555130392389899
17.8,0.9541666666666667,0.0027918215916797142,0.0005505570331870563
17.8,0.9625,0.002768807370729256,0.0005460160355045241
17.8,0.9708333333333333,0.0027459532440523428,0.0005415071324173825
17.8,0.9791666666666666,0.00272325789007885,0.0005370300588886513
17.8,0.9875,0.002700719996452403,0.0005325845517537122
17.8,0.9958333333333333,0.002678338259954274,0.0005281703497048188
18.0,0.004166666666666667,0.006658105021074982,0.0013214884326879913
18.0,0.0125,0.006607367159132348,0.0013117372152337988
18.0,0.020833333333333332,0.0065560018401875425,0.00130105307235332
18.0,0.029166666666666667,0.006505794624501712,0.001291223914860268
18.0,0.0375,0.006455703345590755,0.0012812099092619938
18.0,0.04583333333333333,0.006405966764566015,0.0012712521322412065
18.0,0.05416666666666667,0.006356634365617887,0.0012614023662727368
18.0,0.0625,0.006307674215178766,0.001251630958919364
18.0,0.07083333333333333,0.006259074252134165,0.0012419281131756006
18.0,0.07916666666666666,0.006210834892565595,0.0012322964923418118
18.0,0.0875,0.0061629556731239935,0.0012227378635279423
18.0,0.09583333333333334,0.006115433840891846,0.0012132516876451167
18.0,0.10416666666666667,0.006068266163990637,0.0012038369301413622
18.0,0.1125,0.006021449723207458,0.0011944928527557513
18.0,0.12083333333333333,0.005974981838113245,0.001185218939763088
18.0,0.12916666666666668,0.005928859875266558,0.0011760147063032754
18.0,0.1375,0.005883081181944351,0.0011668796322366344
18.0,0.14583333333333334,0.005837643099264123,0.0011578131753897402
18.0,0.15416666666666667,0.005792542984526062,0.0011488147940204511
18.0,0.1625,0.0057477782196213,0.0011398839553477596
18.0,0.17083333333333334,0.005703346209802871,0.0011310201344439622
18.0,0.17916666666666667,0.005659244380608162,0.0011222228112769117
18.0,0.1875,0.005615470176227685,0.0011134914691980633
18.0,0.19583333333333333,0.0055720210592550565,0.0011048255948106632
18.0,0.20416666666666666,0.005528894510906163,0.0010962246783062359
18.0,0.2125,0.005486088031150058,0.0010876882137120763
18.0,0.22083333333333333,0.00544359913864377,0.0010792156989415749
18.0,0.22916666666666666,0.00540142537055813,0.0010708066357349307
18.0,0.2375,0.005359564282387385,0.0010624605295825595
18.0,0.24583333333333332,0.005318013447781342,0.0010541768896704055
18.0,0.25416666666666665,0.005276770458400427,0.0010459552288471475
18.0,0.2625,0.005235832923781102,0.0010377950636010858
18.0,0.2708333333333333,0.005195198471202705,0.001029695914037474
18.0,0.2791666666666667,0.005154864745552068,0.001021657303852939
18.0,0.2875,0.005114829409186818,0.0010136787603076825
18.0,0.29583333333333334,0.005075090141798634,0.0010057598141968427
18.0,0.30416666666666664,0.005035644640277518,0.0009978999998221493
18.0,0.3125,0.004996490618577571,0.0009900988549641585
18.0,0.32083333333333336,0.004957625807584002,0.0009823559208550397
18.0,0.32916666666666666,0.004919047954981305,0.0009746707421516652
18.0,0.3375,0.0048807548251223725,0.0009670428669089454
18.0,0.3458333333333333,0.004842744198898591,0.0009594718465532609
18.0,0.3541666666666667,0.004805013873610728,0.0009519572358560886
18.0,0.3625,0.004767561662840962,0.0009444985929077897
18.0,0.37083333333333335,0.004730385396325618,0.0009370954790915778
18.0,0.37916666666666665,0.004693482919829057,0.0009297474590577152
18.0,0.3875,0.004656852095018365,0.0009224541006978739
18.0,0.3958333333333333,0.004620490799339048,0.000915214975119723
18.0,0.4041666666666667,0.004584396925891616,0.0009080296566216799
18.0,0.4125,0.0045485683833090965,0.0009008977226678723
18.0,0.42083333333333334,0.004513003095635446,0.0008938187538632736
18.0,0.42916666666666664,0.004477699002204838,0.0008867923339290116
18.0,0.4375,0.00444265405752185,0.0008798180496778892
18.0,0.44583333333333336,0.004407866231142608,0.0008728954909900556
18.0,0.45416666666666666,0.004373333507556641,0.0008660242507888807
18.0,0.4625,0.004339053886069809,0.0008592039250169971
18.0,0.4708333333333333,0.004305025380687931,0.0008524341126125314
18.0,0.4791666666666667,0.0042712460200013385,0.0008457144154854888
18.0,0.4875,0.004237713847070311,0.000839044438494345
18.0,0.49583333333333335,0.004204426919311248,0.0008324237894227791
18.0,0.5041666666666667,0.004171383308383833,0.0008258520789566072
18.0,0.5125,0.004138581100078843,0.0008193289206608651
18.0,0.5208333333333334,0.00410601839420696,0.0008128539309570732
18.0,0.5291666666666667,0.004073693304488255,0.000806426729100663
18.0,0.5375,0.004041603958442582,0.0008000469371585783
18.0,0.5458333333333333,0.004009748497280733,0.0007937141799870274
18.0,0.5541666666666667,0.003978125075796391,0.0007874280852094167
18.0,0.5625,0.003946731862258839,0.0007811882831944346
18.0,0.5708333333333333,0.003915567038306615,0.0007749944070343062
18.0,0.5791666666666667,0.0038846287988416237,0.0007688460925231981
18.0,0.5875,0.0038539153519244673,0.0007627429781357901
18.0,0.5958333333333333,0.0038234249186700747,0.0007566847050060054
18.0,0.6041666666666666,0.003793155733144448,0.0007506709169058906
18.0,0.6125,0.0037631060422619943,0.0007447012602246507
18.0,0.6208333333333333,0.003733274105683631,0.0007387753839478594
18.0,0.6291666666666667,0.0037036581957156445,0.0007328929396367806
18.0,0.6375,0.003674256597209305,0.0007270535814078857
18.0,0.6458333333333334,0.003645067607461177,0.0007212569659124937
18.0,0.6541666666666667,0.0036160895361141525,0.0007155027523165664
18.0,0.6625,0.0035873207050592768,0.0007097906022806637
18.0,0.6708333333333333,0.0035587594483381655,0.0007041201799400173
18.0,0.6791666666666667,0.0035304041120462195,0.0006984911518847884
18.0,0.6875,0.003502253054236553,0.0006929031871404395
18.0,0.6958333333333333,0.003474304644824526,0.0006873559571482601
18.0,0.7041666666666667,0.003446557265493071,0.0006818491357460408
18.0,0.7125,0.0034190093095986386,0.0006763823991488699
18.0,0.7208333333333333,0.0033916591820778315,0.0006709554259301022
18.0,0.7291666666666666,0.0033645052993547565,0.0006655678970024226
18.0,0.7375,0.0033375460892489917,0.0006602194955990928
18.0,0.7458333333333333,0.0033107799908842616,0.0006549099072552999
18.0,0.7541666666666667,0.0032842054545977107,0.0006496388197896577
18.0,0.7625,0.0032578209418499047,0.0006444059232858432
18.0,0.7708333333333334,0.00323162492513544,0.000639210910074356
18.0,0.7791666666666667,0.00320561588789419,0.000634053474714419
18.0,0.7875,0.0031797923244231796,0.000628933313976006
18.0,0.7958333333333333,0.0031541527397891695,0.0006238501268219977
18.0,0.8041666666666667,0.0031286956497417564,0.0006188036143904785
18.0,0.8125,0.0031034195806271606,0.0006137934799771399
18.0,0.8208333333333333,0.003078323069302628,0.0006088194290178376
18.0,0.8291666666666667,0.0030534046630514254,0.000603881169071251
18.0,0.8375,0.003028662919498483,0.0005989784098016747
18.0,0.8458333333333333,0.0030040964065265493,0.0005941108629619492
18.0,0.8541666666666666,0.0029797037021930877,0.000589278242376487
18.0,0.8625,0.0029554833946475742,0.0005844802639244521
18.0,0.8708333333333333,0.0029314340820496307,0.0005797166455230187
18.0,0.8791666666666667,0.0029075543724874356,0.0005749871071108074
18.0,0.8875,0.0028838428838970443,0.0005702913706313799
18.0,0.8958333333333334,0.00286029824398196,0.0005656291600168951
18.0,0.9041666666666667,0.002836919090133581,0.0005610002011718603
18.0,0.9125,0.002813704069351916,0.0005564042219570123
18.0,0.9208333333333333,0.002790651838167146,0.0005518409521732938
18.0,0.9291666666666667,0.0027677610625614878,0.0005473101235459725
18.0,0.9375,0.002745030417891791,0.0005428114697088456
18.0,0.9458333333333333,0.002722458588812561,0.0005383447261885736
18.0,0.9541666666666667,0.002700044269199617,0.0005339096303891237
18.0,0.9625,0.0026777861620742205,0.0005295059215763103
18.0,0.9708333333333333,0.002655682979527754,0.0005251333408624705
18.0,0.9791666666666666,0.0026337334426469556,0.0005207916311912174
18.0,0.9875,0.0026119362814396247,0.0005164805373223297
18.0,0.9958333333333333,0.0025902902347609198,0.0005121998058167271
18.2,0.004166666666666667,0.006440779363784578,0.0012815980444757327
18.2,0.0125,0.006391679915300733,0.0012721334579517795
18.2,0.020833333333333332,0.006341984107480027,0.0012617770001827852
18.2,0.029166666666666667,0.006293405460474308,0.0012522444658138148
18.2,0.0375,0.006244935877257344,0.001242530015313105
18.2,0.04583333333333333,0.0061968123321259495,0.0012328728636097086
18.2,0.05416666666666667,0.006149080103153476,0.0012233205126758746
18.2,0.0625,0.0061017076034091365,0.001213843582875044
18.2,0.07083333333333333,0.00605468365026876,0.0012044330824010365
18.2,0.07916666666666666,0.00600800884449309,0.0011950917864834007
18.2,0.0875,0.005961682669621274,0.0011858213369070915
18.2,0.09583333333333334,0.005915702396022151,0.0011766211461890627
18.2,0.10416666666666667,0.005870064890096625,0.001167490206904854
18.2,0.1125,0.005824767340406596,0.0011584278179409945
18.2,0.12083333333333333,0.005779807159603422,0.001149433486545876
18.2,0.12916666666666668,0.00573518179779605,0.0011405067418194836
18.2,0.1375,0.005690888684532198,0.0011316470768151484
18.2,0.14583333333333334,0.005646925244651702,0.0011228539645126475
18.2,0.15416666666666667,0.005603288919879185,0.001114126879529841
18.2,0.1625,0.005559977176075819,0.0011054653054921424
18.2,0.17083333333333334,0.005516987501554548,0.0010968687334651057
18.2,0.17916666666666667,0.005474317404065219,0.0010883366590555448
18.2,0.1875,0.005431964409341656,0.0010798685810740625
18.2,0.19583333333333333,0.00538992606095187,0.0010714640014997114
18.2,0.20416666666666666,0.005348199920532131,0.0010631224258276543
18.2,0.2125,0.005306783567899167,0.0010548433632942362
18.2,0.22083333333333333,0.0052656746009695915,0.0010466263269082476
18.2,0.22916666666666666,0.005224870635583411,0.0010384708333856434
18.2,0.2375,0.005184369305319681,0.0010303764030753905
18.2,0.24583333333333332,0.005144168261336716,0.0010223425599092091
18.2,0.25416666666666665,0.005104265172233794,0.0010143688313718649
18.2,0.2625,0.005064657723921509,0.0010064547484794418
18.2,0.2708333333333333,0.005025343619492627,0.0009985998457571453
18.2,0.2791666666666667,0.004986320579090535,0.0009908036612140756
18.2,0.2875,0.004947586339776587,0.0009830657363159871
18.2,0.29583333333333334,0.0049091386553976,0.0009753856159574345
18.2,0.30416666666666664,0.004870975296454417,0.0009677628484343144
18.2,0.3125,0.004833094049971986,0.000960196985416992
18.2,0.32083333333333336,0.004795492719370598,0.0009526875819239458
18.2,0.32916666666666666,0.004758169124338229,0.0009452341962956722
18.2,0.3375,0.004721121100703772,0.0009378363901688159
18.2,0.3458333333333333,0.004684346500311217,0.0009304937284503883
18.2,0.3541666666666667,0.004647843190894592,0.0009232057792921793
18.2,0.3625,0.004611609055954042,0.000915972114065326
18.2,0.37083333333333335,0.004575641994632566,0.0009087923073350614
18.2,0.37916666666666665,0.004539939921593873,0.0009016659368356868
18.2,0.3875,0.0045045007669010425,0.0008945925834457021
18.2,0.3958333333333333,0.004469322475896118,0.0008875718311631528
18.2,0.4041666666666667,0.004434403009080598,0.0008806032670811409
18.2,0.4125,0.004399740341996807,0.0008736864813635358
18.2,0.42083333333333334,0.004365332465110128,0.0008668210672208521
18.2,0.42916666666666664,0.004331177383692124,0.0008600066208863022
18.2,0.4375,0.004297273117704473,0.0008532427415920483
18.2,0.44583333333333336,0.004263617701683878,0.000846529031545604
18.2,0.45416666666666666,0.00423020918462764,0.0008398650959064286
18.2,0.4625,0.004197045629880292,0.0008332505427626922
18.2,0.4708333333333333,0.004164125115020869,0.0008266849831082135
18.2,0.4791666666666667,0.00413144573175114,0.000820168030819557
18.2,0.4875,0.0040990055857846345,0.0008136993026333244
18.2,0.49583333333333335,0.004066802796736405,0.0008072784181235839
18.2,0.5041666666666667,0.004034835498013761,0.0008009049996794967
18.2,0.5125,0.004003101836707609,0.000794578672483086
18.2,0.5208333333333334,0.003971599973484782,0.0007882990644871832
18.2,0.5291666666666667,0.003940328082481005,0.0007820658063935305
18.2,0.5375,0.003909284351194748,0.0007758785316310538
18.2,0.5458333333333333,0.003878466980381815,0.0007697368763342832
18.2,0.5541666666666667,0.0038478741839507204,0.0007636404793219452
18.2,0.5625,0.003817504188858759,0.000757588982075706
18.2,0.5708333333333333,0.003787355235009042,0.0007515820287190757
18.2,0.5791666666666667,0.0037574255751479375,0.0007456192659964625
18.2,0.5875,0.003727713474763713,0.0007397003432523851
18.2,0.5958333333333333,0.003698217211985453,0.0007338249124108413
18.2,0.6041666666666666,0.003668935077483078,0.0007279926279548215
18.2,0.6125,0.0036398653743679064,0.0007222031469059705
18.2,0.6208333333333333,0.00361100641809398,0.0007164561288044228
18.2,0.6291666666666667,0.003582356536360121,0.0007107512356887433
18.2,0.6375,0.0035539140690127187,0.0007050881320760581
18.2,0.6458333333333334,0.003525677367949175,0.0006994664849423054
18.2,0.6541666666666667,0.0034976447970220866,0.0006938859637026363
18.2,0.6625,0.00346981473194415,0.0006883462401919717
18.2,0.6708333333333333,0.0034421855601936783,0.0006828469886456722
18.2,0.6791666666666667,0.003414755680920861,0.0006773878856803879
18.2,0.6875,0.003387523504854736,0.0006719686102750193
18.2,0.6958333333333333,0.0033604874542107386,0.0006665888437518268
18.2,0.7041666666666667,0.0033336459625990136,0.0006612482697576821
18.2,0.7125,0.0033069974749333386,0.0006559465742454448
18.2,0.7208333333333333,0.003280540447340712,0.0006506834454554977
18.2,0.7291666666666666,0.0032542733470716304,0.0006454585738973802
18.2,0.7375,0.003228194652410961,0.0006402716523315966
18.2,0.7458333333333333,0.003202302852589508,0.0006351223757515248
18.2,0.7541666666666667,0.003176596447696157,0.0006300104413654707
18.2,0.7625,0.0031510739485907137,0.0006249355485788565
18.2,0.7708333333333334,0.003125733876817349,0.0006198973989765263
18.2,0.7791666666666667,0.003100574764518649,0.0006148956963051904
18.2,0.7875,0.0030755951543502713,0.0006099301464559914
18.2,0.7958333333333333,0.0030507935993963017,0.0006050004574471953
18.2,0.8041666666666667,0.0030261686630851004,0.000600106339407018
18.2,0.8125,0.003001718919105813,0.0005952475045565588
18.2,0.8208333333333333,0.0029774429513254887,0.0005904236671928783
18.2,0.8291666666666667,0.002953339353706759,0.0005856345436721784
18.2,0.8375,0.002929406730226147,0.0005808798523931111
18.2,0.8458333333333333,0.002905643694792882,0.0005761593137802197
18.2,0.8541666666666666,0.0028820488711684194,0.0005714726502674748
18.2,0.8625,0.002858620892886365,0.0005668195862819571
18.2,0.8708333333333333,0.0028353584031731885,0.0005621998482276202
18.2,0.8791666666666667,0.0028122600548692216,0.0005576131644692214
18.2,0.8875,0.0027893245103505345,0.0005530592653163121
18.2,0.8958333333333334,0.00276655044145105,0.0005485378830073852
18.2,0.9041666666666667,0.0027439365293855118,0.0005440487516941119
18.2,0.9125,0.002721481464672709,0.0005395916074257077
18.2,0.9208333333333333,0.0026991839470595223,0.0005351661881333881
18.2,0.9291666666666667,0.0026770426854452606,0.0005307722336149654
18.2,0.9375,0.00265505639780671,0.0005264094855195263
18.2,0.9458333333333333,0.002633223811123595,0.0005220776873322349
18.2,0.9541666666666667,0.002611543661304659,0.0005177765843592438
18.2,0.9625,0.002590014693114185,0.0005135059237126984
18.2,0.9708333333333333,0.0025686356600990745,0.0005092654542958712
18.2,0.9791666666666666,0.0025474053245164445,0.000505054926788372
18.2,0.9875,0.002526322457261688,0.0005008740936314934
18.2,0.9958333333333333,0.002505385837797102,0.000496722709013634
18.400000000000002,0.004166666666666667,0.006231138483053387,0.001242936147728474
18.400000000000002,0.0125,0.006183620350724175,0.0012337497511888983
18.400000000000002,0.020833333333333332,0.0061355354611352195,0.0012237106896276562
18.400000000000002,0.029166666666666667,0.006088528233708681,0.001214465583558661
18.400000000000002,0.0375,0.006041623657246499,0.001205041606419917
18.400000000000002,0.04583333333333333,0.005995056663136179,0.0011956758579114895
18.400000000000002,0.05416666666666667,0.005948868515880016,0.0011864117546494907
18.400000000000002,0.0625,0.005903028033076565,0.0011772202502721503
18.400000000000002,0.07083333333333333,0.005857524873618687,0.0011680931237622195
18.400000000000002,0.07916666666666666,0.00581235979818647,0.0011590332400628852
18.400000000000002,0.0875,0.0057675322362970224,0.001150042117249769
18.400000000000002,0.09583333333333334,0.005723039484917003,0.0011411191252647568
18.400000000000002,0.10416666666666667,0.00567887850763675,0.0011322632852104112
18.400000000000002,0.1125,0.005635046596877744,0.0011234739316769776
18.400000000000002,0.12083333333333333,0.005591541254415812,0.0011147505933841043
18.400000000000002,0.12916666666666668,0.005548360010741138,0.0011060928126585847
18.400000000000002,0.1375,0.005505500374936042,0.001097500095428899
18.400000000000002,0.14583333333333334,0.005462959852845483,0.001088971929511625
18.400000000000002,0.15416666666666667,0.0054207359677954274,0.001080507805445026
18.400000000000002,0.1625,0.005378826266738908,0.0010721072227490584
18.400000000000002,0.17083333333333334,0.005337228318184062,0.0010637696879670488
18.400000000000002,0.17916666666666667,0.005295939709269089,0.001055494711852947
18.400000000000002,0.1875,0.005254958044483356,0.0010472818082042199
18.400000000000002,0.19583333333333333,0.005214280945606048,0.0010391304939113151
18.400000000000002,0.20416666666666666,0.005173906051948262,0.0010310402893097235
18.400000000000002,0.2125,0.005133831020445471,0.0010230107183817267
18.400000000000002,0.22083333333333333,0.005094053525563074,0.0010150413087702383
18.400000000000002,0.22916666666666666,0.005054571259118992,0.001007131591709056
18.400000000000002,0.2375,0.00501538193010585,0.0009992811019517403
18.400000000000002,0.24583333333333332,0.004976483264538979,0.000991489377725661
18.400000000000002,0.25416666666666665,0.004937873005324348,0.00098375596070507
18.400000000000002,0.2625,0.004899548912133518,0.0009760803959905244
18.400000000000002,0.2708333333333333,0.004861508761278274,0.0009684622320870775
18.400000000000002,0.2791666666666667,0.004823750345582816,0.000960901020879404
18.400000000000002,0.2875,0.004786271474255035,0.0009533963176051397
18.400000000000002,0.29583333333333334,0.004749069972758129,0.0009459476808278127
18.400000000000002,0.30416666666666664,0.0047121436826833485,0.0009385546724102592
18.400000000000002,0.3125,0.004675490461624221,0.0009312168574886068
18.400000000000002,0.32083333333333336,0.004639108183051857,0.0009239338044467475
18.400000000000002,0.32916666666666666,0.004602994736191328,0.0009167050848910304
18.400000000000002,0.3375,0.004567148025898875,0.0009095302736251577
18.400000000000002,0.3458333333333333,0.004531565972540035,0.00090240894862517
18.400000000000002,0.3541666666666667,0.004496246511868502,0.0008953406910146156
18.400000000000002,0.3625,0.0044611875949061314,0.0008883250850398816
18.400000000000002,0.37083333333333335,0.004426387187823526,0.0008813617180456984
18.400000000000002,0.37916666666666665,0.004391843271821744,0.0008744501804508634
18.400000000000002,0.3875,0.0043575538430147805,0.0008675900657241171
18.400000000000002,0.3958333333333333,0.004323516912312958,0.0008607809703602296
18.400000000000002,0.4041666666666667,0.004289730505307162,0.0008540224938562438
18.400000000000002,0.4125,0.0042561926621539495,0.0008473142386879146
18.400000000000002,0.42083333333333334,0.004222901437461491,0.0008406558102863096
18.400000000000002,0.42916666666666664,0.004189854900176373,0.0008340468170145766
18.400000000000002,0.4375,0.004157051133471177,0.0008274868701449099
18.400000000000002,0.44583333333333336,0.004124488234633019,0.0008209755838356554
18.400000000000002,0.45416666666666666,0.0040921643149527225,0.0008145125751086101
18.400000000000002,0.4625,0.0040600774996150165,0.0008080974638264801
18.400000000000002,0.4708333333333333,0.00402822592758936,0.0008017298726705103
18.400000000000002,0.4791666666666667,0.0039966077515216965,0.0007954094271182679
18.400000000000002,0.4875,0.0039652211376269625,0.0007891357554216139
18.400000000000002,0.49583333333333335,0.003934064265582331,0.0007829084885848096
18.400000000000002,0.5041666666666667,0.0039031353284213802,0.0007767272603428103
18.400000000000002,0.5125,0.003872432532428859,0.0007705917071397035
18.400000000000002,0.5208333333333334,0.0038419540970364074,0.0007645014681073146
18.400000000000002,0.5291666666666667,0.0038116982547188906,0.0007584561850439653
18.400000000000002,0.5375,0.0037816632508915955,0.0007524555023933978
18.400000000000002,0.5458333333333333,0.003751847343808147,0.0007464990672238409
18.400000000000002,0.5541666666666667,0.003722248804459161,0.0007405865292072454
18.400000000000002,0.5625,0.0036928659164716148,0.0007347175405986623
18.400000000000002,0.5708333333333333,0.003663696976009105,0.0007288917562157804
18.400000000000002,0.5791666666666667,0.0036347402916725308,0.0007231088334186075
18.400000000000002,0.5875,0.0036059941844019277,0.0007173684320893064
18.400000000000002,0.5958333333333333,0.0035774569873785736,0.0007116702146121802
18.400000000000002,0.6041666666666666,0.003549127045928149,0.0007060138458538
18.400000000000002,0.6125,0.003521002717424441,0.0007003989931432781
18.400000000000002,0.6208333333333333,0.003493082371193775,0.0006948253262527055
18.400000000000002,0.6291666666666667,0.003465364388420167,0.0006892925173776923
18.400000000000002,0.6375,0.003437847162051157,0.0006838002411180976
18.400000000000002,0.6458333333333334,0.0034105290967043175,0.0006783481744588697
18.400000000000002,0.6541666666666667,0.0033834086085744457,0.0006729359967510347
18.400000000000002,0.6625,0.003356484125341465,0.0006675633896928359
18.400000000000002,0.6708333333333333,0.0033297540860789325,0.0006622300373109835
18.400000000000002,0.6791666666666667,0.0033032169411632397,0.0006569356259420775
18.400000000000002,0.6875,0.0032768711521835277,0.0006516798442141395
18.400000000000002,0.6958333333333333,0.0032507151918521526,0.0006464623830282884
18.400000000000002,0.7041666666666667,0.0032247475439158863,0.0006412829355405537
18.400000000000002,0.7125,0.0031989667030677066,0.0006361411971438095
18.400000000000002,0.7208333333333333,0.003173371174859249,0.0006310368654498647
18.400000000000002,0.7291666666666666,0.0031479594756139064,0.0006259696402716454
18.400000000000002,0.7375,0.0031227301323405164,0.0006209392236055484
18.400000000000002,0.7458333333333333,0.0030976816826477137,0.0006159453196138929
18.400000000000002,0.7541666666666667,0.003072812674658854,0.000610987634607512
18.400000000000002,0.7625,0.0030481216669275917,0.0006060658770284765
18.400000000000002,0.7708333333333334,0.0030236072283540746,0.0006011797574329287
18.400000000000002,0.7791666666666667,0.002999267938101686,0.0005963289884740534
18.400000000000002,0.7875,0.00297510238551441,0.0005915132848851669
18.400000000000002,0.7958333333333333,0.0029511091700348525,0.0005867323634629277
18.400000000000002,0.8041666666666667,0.0029272869011227392,0.0005819859430506761
18.400000000000002,0.8125,0.0029036341981740752,0.0005772737445218808
18.400000000000002,0.8208333333333333,0.0028801496904408705,0.0005725954907637228
18.400000000000002,0.8291666666666667,0.00285683201695142,0.0005679509066607802
18.400000000000002,0.8375,0.002833679826431196,0.0005633397190788373
18.400000000000002,0.8458333333333333,0.0028106917772242205,0.0005587616568488211
18.400000000000002,0.8541666666666666,0.0027878665372151317,0.0005542164507508335
18.400000000000002,0.8625,0.002765202783751631,0.0005497038334983198
18.400000000000002,0.8708333333333333,0.0027426992035677073,0.0005452235397223209
18.400000000000002,0.8791666666666667,0.0027203544927071285,0.0005407753059558842
18.400000000000002,0.8875,0.0026981673564477823,0.0005363588706185354
18.400000000000002,0.8958333333333334,0.002676136509226259,0.0005319739740009006
18.400000000000002,0.9041666666666667,0.002654260674563248,0.000527620358249414
18.400000000000002,0.9125,0.002632538584989187,0.0005232977673511553
18.400000000000002,0.9208333333333333,0.0026109689819707165,0.0005190059471187701
18.400000000000002,0.9291666666666667,0.0025895506158373958,0.0005147446451755278
18.400000000000002,0.9375,0.00256828224570913,0.0005105136109404599
18.400000000000002,0.9458333333333333,0.0025471626394239846,0.0005063125956136178
18.400000000000002,0.9541666666666667,0.002526190573466603,0.0005021413521614363
18.400000000000002,0.9625,0.002505364832897047,0.0004979996353021882
18.400000000000002,0.9708333333333333,0.002484684211280185,0.0004938872014915635
18.400000000000002,0.9791666666666666,0.0024641475106155783,0.0004898038089083239
18.400000000000002,0.9875,0.0024437535412678135,0.0004857492174400874
18.400000000000002,0.9958333333333333,0.002423501121897388,0.00048172318866918784
18.6,0.004166666666666667,0.006028880152474832,0.0012054634671383759
18.6,0.0125,0.005982888463699902,0.001196547069495175
18.6,0.020833333333333332,0.005936358195725183,0.0011868154508313977
18.6,0.029166666666666667,0.00589086748560985,0.0011778488784495757
18.6,0.0375,0.005845473443210017,0.0011687065765179942
18.6,0.04583333333333333,0.005800408724756691,0.0011596232997766608
18.6,0.05416666666666667,0.005755710769103193,0.001150638569905484
18.6,0.0625,0.005711348850025258,0.0011417237279450414
18.6,0.07083333333333333,0.005667313431119854,0.0011328712893158225
18.6,0.07916666666666666,0.0056236054100869395,0.0011240841882190667
18.6,0.0875,0.005580224162181078,0.0011153638212067151
18.6,0.09583333333333334,0.005537167014093198,0.00110670952118063
18.6,0.10416666666666667,0.005494431025332324,0.0010981203388907863
18.6,0.1125,0.005452013588332364,0.001089595643157814
18.6,0.12083333333333333,0.005409912290221219,0.0010811349827568575
18.6,0.12916666666666668,0.0053681247388663806,0.0010727379125771892
18.6,0.1375,0.005326648520266935,0.0010644039511272505
18.6,0.14583333333333334,0.005285481218652377,0.0010561326007457144
18.6,0.15416666666666667,0.0052446204362254206,0.0010479233674558562
18.6,0.1625,0.005204063798259187,0.0010397757661730663
18.6,0.17083333333333334,0.00516380895070269,0.0010316893184203855
18.6,0.17916666666666667,0.00512385355736823,0.0010236635496246073
18.6,0.1875,0.005084195298820505,0.0010156979881136572
18.6,0.19583333333333333,0.005044831872392282,0.0010077921652395438
18.6,0.20416666666666666,0.005005760992428487,0.0009999456157289322
18.6,0.2125,0.004966980390358413,0.000992157877861175
18.6,0.22083333333333333,0.0049284878145890165,0.000984428493466444
18.6,0.22916666666666666,0.004890281030327849,0.000976757007852918
18.6,0.2375,0.004852357819412111,0.0009691429697391374
18.6,0.24583333333333332,0.00481471598016415,0.0009615859312121943
18.6,0.25416666666666665,0.004777353327265225,0.0009540854477032726
18.6,0.2625,0.004740267691634698,0.0009466410779680186
18.6,0.2708333333333333,0.004703456920308286,0.0009392523840650544
18.6,0.2791666666666667,0.004666918876313883,0.0009319189313314626
18.6,0.2875,0.00463065143854667,0.0009246402883567269
18.6,0.29583333333333334,0.004594652501644742,0.0009174160269564484
18.6,0.30416666666666664,0.0045589199758659,0.0009102457221466103
18.6,0.3125,0.004523451786965867,0.0009031289521183962
18.6,0.32083333333333336,0.0044882458760775535,0.000896065298213458
18.6,0.32916666666666666,0.0044533001995913125,0.0008890543448993653
18.6,0.3375,0.004418612729035974,0.0008820956797452482
18.6,0.3458333333333333,0.0043841814509608355,0.0008751888933975208
18.6,0.3541666666666667,0.004350004366818274,0.0008683335795557919
18.6,0.3625,0.004316079492847547,0.000861529334948931
18.6,0.37083333333333335,0.0042824048599591135,0.0008547757593113078
18.6,0.37916666666666665,0.004248978513620068,0.0008480724553592468
18.6,0.3875,0.004215798513740305,0.0008414190287676225
18.6,0.3958333333333333,0.004182862934559583,0.0008348150881466656
18.6,0.4041666666666667,0.004150169864535384,0.000828260245018915
18.6,0.4125,0.00411771740623163,0.0008217541137963639
18.6,0.42083333333333334,0.0040855036762082195,0.00081529631175776
18.6,0.42916666666666664,0.004053526804911378,0.0008088864590260677
18.6,0.4375,0.004021784936564765,0.0008025241785461262
18.6,0.44583333333333336,0.003990276229061522,0.0007962090960624396
18.6,0.45416666666666666,0.003958998853856923,0.0007899408400971551
18.6,0.4625,0.0039279509958620226,0.0007837190419281964
18.6,0.4708333333333333,0.0038971308533379194,0.0007775433355675642
18.6,0.4791666666666667,0.003866536637790897,0.0007714133577397835
18.6,0.4875,0.0038361665738683264,0.0007653287478605361
18.6,0.49583333333333335,0.003806018899255247,0.0007592891480154212
18.6,0.5041666666666667,0.0037760918645718808,0.0007532942029389009
18.6,0.5125,0.0037463837332716837,0.0007473435599933826
18.6,0.5208333333333334,0.0037168927815403683,0.0007414368691484661
18.6,0.5291666666666667,0.0036876172981954772,0.0007355737829603378
18.6,0.5375,0.003658555584586822,0.0007297539565513265
18.6,0.5458333333333333,0.0036297059544976007,0.0007239770475895957
18.6,0.5541666666666667,0.003601066734046245,0.0007182427162690021
18.6,0.5625,0.0035726362615889507,0.0007125506252890905
18.6,0.5708333333333333,0.0035444128876230743,0.0007069004398352441
18.6,0.5791666666666667,0.0035163949746909347,0.0007012918275589743
18.6,0.5875,0.003488580897284738,0.0006957244585583602
18.6,0.5958333333333333,0.0034609690417517686,0.0006901980053586345
18.6,0.6041666666666666,0.0034335578062005797,0.0006847121428929066
18.6,0.6125,0.003406345600407743,0.0006792665484830245
18.6,0.6208333333333333,0.0033793308457252696,0.000673860901820601
18.6,0.6291666666666667,0.003352511974988763,0.0006684948849481341
18.6,0.6375,0.003325887432426203,0.000663168182240317
18.6,0.6458333333333334,0.0032994556735674034,0.0006578804803854486
18.6,0.6541666666666667,0.003273215165154117,0.000652631468366995
18.6,0.6625,0.003247164385050839,0.0006474208374452928
18.6,0.6708333333333333,0.003221301822156204,0.0006422482811393593
18.6,0.6791666666666667,0.003195625976315022,0.0006371134952088718
18.6,0.6875,0.0031701353582310452,0.0006320161776362555
18.6,0.6958333333333333,0.0031448284893802513,0.0006269560286089043
18.6,0.7041666666666667,0.003119703901924834,0.0006219327505015419
18.6,0.7125,0.003094760138627772,0.0006169460478586947
18.6,0.7208333333333333,0.003069995752768034,0.0006119956273773205
18.6,0.7291666666666666,0.0030454093080564226,0.000607081197889523
18.6,0.7375,0.0030209993785519696,0.0006022024703454348
18.6,0.7458333333333333,0.0029967645485789907,0.0005973591577961949
18.6,0.7541666666666667,0.002972703412644685,0.0005925509753770617
18.6,0.7625,0.002948814575357381,0.0005877776402906538
18.6,0.7708333333333334,0.002925096651345355,0.0005830388717902981
18.6,0.7791666666666667,0.002901548265176208,0.0005783343911635111
18.6,0.7875,0.0028781680512768317,0.0005736639217155956
18.6,0.7958333333333333,0.002854954653854009,0.0005690271887533544
18.6,0.8041666666666667,0.002831906726815485,0.0005644239195689263
18.6,0.8125,0.002809022933691665,0.0005598538434237312
18.6,0.8208333333333333,0.0027863019475578804,0.0005553166915325458
18.6,0.8291666666666667,0.0027637424509571714,0.0005508121970476758
18.6,0.8375,0.002741343135823673,0.0005463400950432523
18.6,0.8458333333333333,0.0027191027034064734,0.0005419001224996468
18.6,0.8541666666666666,0.002697019864194131,0.0005374920182879849
18.6,0.8625,0.0026750933378395583,0.0005331155231547862
18.6,0.8708333333333333,0.0026533218530856856,0.0005287703797066909
18.6,0.8791666666666667,0.0026317041476913473,0.000524456332395336
18.6,0.8875,0.002610238968358018,0.0005201731275022934
18.6,0.8958333333333334,0.00258892507065677,0.0005159205131241528
18.6,0.9041666666666667,0.0025677612189560182,0.0005116982391576877
18.6,0.9125,0.002546746186349523,0.0005075060572851465
18.6,0.9208333333333333,0.002525878754585151,0.0005033437209596252
18.6,0.9291666666666667,0.002505157713993916,0.0004992109853905733
18.6,0.9375,0.0024845818634196878,0.0004951076075293769
18.6,0.9458333333333333,0.002464150010149287,0.0004910333460550593
18.6,0.9541666666666667,0.0024438609698431532,0.00048698796136008174
18.6,0.9625,0.002423713566466447,0.0004829712155362352
18.6,0.9708333333333333,0.0024037066322206515,0.0004789828723606515
18.6,0.9791666666666666,0.0023838390074756737,0.00047502269728188704
18.6,0.9875,0.0023641095407023805,0.0004710904574061349
18.6,0.9958333333333333,0.0023445170884056577,0.00046718592148350566
18.8,0.004166666666666667,0.005833714821727764,0.0011691420681238505
18.8,0.0125,0.005789196832040047,0.0011604877206820494
18.8,0.020833333333333332,0.005744167085303866,0.0011510539156010173
18.8,0.029166666666666667,0.005700140138561698,0.0011423572717712987
18.8,0.0375,0.005656204277246926,0.0011334881210498255
18.8,0.04583333333333333,0.005612589672558995,0.0011246786657590343
18.8,0.05416666666666667,0.005569330120800462,0.001115964718140839
18.8,0.0625,0.005526395397730143,0.0011073180548266228
18.8,0.07083333333333333,0.005483776735146777,0.0010987318935375208
18.8,0.07916666666666666,0.0054414751466458225,0.0010902092189565336
18.8,0.0875,0.005399489953564235,0.0010817513087879073
18.8,0.09583333333333334,0.005357818515246757,0.0010733574641371443
18.8,0.10416666666666667,0.005316457985687822,0.001065026766265698
18.8,0.1125,0.005275405853563724,0.0010567586167352207
18.8,0.12083333333333333,0.005234659787760063,0.0010485525830461466
18.8,0.12916666666666668,0.005194217470672725,0.0010404082320490651
18.8,0.1375,0.0051540765627100344,0.001032325094556337
18.8,0.14583333333333334,0.005114234723957189,0.0010243026871152175
18.8,0.15416666666666667,0.005074689632863794,0.0010163405308034287
18.8,0.1625,0.00503543899035359,0.0010084381554457099
18.8,0.17083333333333334,0.0049964805171678565,0.0010005950970637984
18.8,0.17916666666666667,0.004957811951183582,0.0009928108952998594
18.8,0.1875,0.00491943104646319,0.0009850850925710532
18.8,0.19583333333333333,0.0048813355733362635,0.0009774172342551341
18.8,0.20416666666666666,0.004843523318640449,0.0009698068690344823
18.8,0.2125,0.004805992085773364,0.0009622535490504704
18.8,0.22083333333333333,0.004768739694575242,0.0009547568298876264
18.8,0.22916666666666666,0.0047317639811533625,0.0009473162704990235
18.8,0.2375,0.004695062797718189,0.0009399314331424365
18.8,0.24583333333333332,0.0046586340124460555,0.0009326018833424684
18.8,0.25416666666666665,0.004622475509358314,0.0009253271898682581
18.8,0.2625,0.004586585188204505,0.0009181069247146204
18.8,0.2708333333333333,0.004550960964344059,0.0009109406630808366
18.8,0.2791666666666667,0.004515600768625662,0.0009038279833465101
18.8,0.2875,0.004480502547266103,0.0008967684670461242
18.8,0.29583333333333334,0.004445664261729797,0.0008897616988435402
18.8,0.30416666666666664,0.0044110838886094895,0.0008828072665070934
18.8,0.3125,0.004376759419508344,0.0008759047608852125
18.8,0.32083333333333336,0.004342688860923,0.0008690537758824531
18.8,0.32916666666666666,0.004308870234127597,0.00086225390843568
18.8,0.3375,0.004275301575058522,0.0008555047584904319
18.8,0.3458333333333333,0.004241980934200093,0.0008488059289773623
18.8,0.3541666666666667,0.004208906376470841,0.0008421570257888664
18.8,0.3625,0.004176075981110952,0.0008355576577558673
18.8,0.37083333333333335,0.004143487841570218,0.0008290074366247617
18.8,0.37916666666666665,0.00411114006539707,0.0008225059770345861
18.8,0.3875,0.004079030774128294,0.0008160528964943087
18.8,0.3958333333333333,0.004047158103179649,0.0008096478153603346
18.8,0.4041666666666667,0.004015520201737245,0.0008032903568141432
18.8,0.4125,0.003984115232649735,0.00079698014684012
18.8,0.42083333333333334,0.003952941372321323,0.0007907168142035357
18.8,0.42916666666666664,0.003921996810605552,0.0007844999904286839
18.8,0.4375,0.003891279750699827,0.0007783293097772064
18.8,0.44583333333333336,0.0038607884090408433,0.0007722044092265487
18.8,0.45416666666666666,0.003830521015200601,0.0007661249284485985
18.8,0.4625,0.0038004758117834007,0.0007600905097884714
18.8,0.4708333333333333,0.003770651054323414,0.0007541007982434634
18.8,0.4791666666666667,0.003741045011183119,0.0007481554414421405
18.8,0.4875,0.0037116559634524575,0.000742254089623614
18.8,0.49583333333333335,0.003682482204848671,0.0007363963956169346
18.8,0.5041666666666667,0.003653522041617029,0.0007305820148206677
18.8,0.5125,0.0036247737924320757,0.0007248106051826047
18.8,0.5208333333333334,0.0035962357882998145,0.0007190818271796296
18.8,0.5291666666666667,0.0035679063724604505,0.0007133953437977285
18.8,0.5375,0.0035397839002919325,0.0007077508205121614
18.8,0.5458333333333333,0.0035118667392141888,0.0007021479252677584
18.8,0.5541666666666667,0.0034841532685940444,0.0006965863284593828
18.8,0.5625,0.0034566418796508256,0.0006910657029125254
18.8,0.5708333333333333,0.0034293309753627684,0.0006855857238640485
18.8,0.5791666666666667,0.0034022189703738536,0.0006801460689430655
18.8,0.5875,0.0033753042909017116,0.0006747464181519663
18.8,0.5958333333333333,0.0033485853746457947,0.0006693864538475855
18.8,0.6041666666666666,0.0033220606706965026,0.0006640658607225005
18.8,0.6125,0.003295728639444872,0.0006587843257864682
18.8,0.6208333333333333,0.0032695877524928914,0.0006535415383480173
18.8,0.6291666666666667,0.003243636492564545,0.0006483371899961365
18.8,0.6375,0.0032178733534174693,0.0006431709745821421
18.8,0.6458333333333334,0.0031922968397552366,0.0006380425882016454
18.8,0.6541666666666667,0.0031669054671402915,0.0006329517291766669
18.8,0.6625,0.0031416977619075654,0.0006278980980378878
18.8,0.6708333333333333,0.0031166722610786435,0.0006228813975070033
18.8,0.6791666666666667,0.003091827512276567,0.0006179013324792426
18.8,0.6875,0.0030671620736413456,0.0006129576100059929
18.8,0.6958333333333333,0.003042674513745958,0.0006080499392775516
18.8,0.7041666666666667,0.0030183634115130485,0.0006031780316060189
18.8,0.7125,0.002994227356132178,0.0005983416004082906
18.8,0.7208333333333333,0.0029702649469776983,0.0005935403611892106
18.8,0.7291666666666666,0.0029464747935272367,0.0005887740315248025
18.8,0.7375,0.0029228555152807215,0.0005840423310456636
18.8,0.7458333333333333,0.002899405741680038,0.0005793449814204535
18.8,0.7541666666666667,0.0028761241120292247,0.0005746817063395124
18.8,0.7625,0.0028530092754152875,0.0005700522314986039
18.8,0.7708333333333334,0.0028300598906295625,0.0005654562845827612
18.8,0.7791666666666667,0.0028072746260896387,0.0005608935952502648
18.8,0.7875,0.0027846521597618334,0.000556363895116728
18.8,0.7958333333333333,0.0027621911790842945,0.0005518669177393003
18.8,0.8041666666666667,0.0027398903808905453,0.0005474023986009864
18.8,0.8125,0.0027177484713336547,0.0005429700750950728
18.8,0.8208333333333333,0.002695764165810935,0.0005385696865096796
18.8,0.8291666666666667,0.002673936188889169,0.0005342009740124084
18.8,0.8375,0.0026522632742303925,0.0005298636806351058
18.8,0.8458333333333333,0.0026307441645181573,0.0005255575512587494
18.8,0.8541666666666666,0.002609377611384413,0.0005212823325984224
18.8,0.8625,0.0025881623753367636,0.0005170377731884147
18.8,0.8708333333333333,0.0025670972256864634,0.0005128236233674058
18.8,0.8791666666666667,0.002546180940476643,0.0005086396352637955
18.8,0.8875,0.002525412306411338,0.0005044855627810926
18.8,0.8958333333333334,0.0025047901187847566,0.0005003611615834438
18.8,0.9041666666666667,0.002484313181411291,0.0004962661890812457
18.8,0.9125,0.0024639803065557957,0.0004922004044168746
18.8,0.9208333333333333,0.0024437903148645814,0.00048816356845049995
18.8,0.9291666666666667,0.0024237420352966957,0.0004841554437460209
18.8,0.9375,0.002403834305055835,0.0004801757945570845
18.8,0.9458333333333333,0.0023840659695226547,0.0004762243868132126
18.8,0.9541666666666667,0.002364435882187612,0.000472300988106029
18.8,0.9625,0.0023449429045842374,0.0004684053676755733
18.8,0.9708333333333333,0.002325585906222891,0.0004645372963967318
18.8,0.9791666666666666,0.0023063637645250015,0.0004606965467657379
18.8,0.9875,0.002287275364757728,0.00045688289288679687
18.8,0.9958333333333333,0.002268319599969131,0.00045309611045877743
19.0,0.004166666666666667,0.005645365222668589,0.0011339353061047414
19.0,0.0125,0.005602270223168697,0.0011255352953222894
19.0,0.020833333333333332,0.005558688997680321,0.0011163899873404652
19.0,0.029166666666666667,0.005516075114344908,0.0011079549461112245
19.0,0.0375,0.005473547108342438,0.0010993506876900267
19.0,0.04583333333333333,0.005431332476935954,0.001090806675400434
19.0,0.05416666666666667,0.0053894615519921195,0.0010823551924678413
19.0,0.0625,0.0053479046516026595,0.0010739684937541142
19.0,0.07083333333333333,0.005306653739707811,0.0010656404654939605
19.0,0.07916666666666666,0.005265709926363568,0.0010573741256738557
19.0,0.0875,0.005225072479842258,0.0010491706362435972
19.0,0.09583333333333334,0.005184738794866662,0.001041029271460554
19.0,0.10416666666666667,0.0051447061183385375,0.0010329491437274288
19.0,0.1125,0.005104972031491272,0.0010249296858534393
19.0,0.12083333333333333,0.0050655342815459515,0.0010169704828180215
19.0,0.12916666666666668,0.005026390622723184,0.001009071112889555
19.0,0.1375,0.004987538787436053,0.001001231118924319
19.0,0.14583333333333334,0.0049489765091838885,0.0009934500313655277
19.0,0.15416666666666667,0.004910701540124526,0.000985727385920202
19.0,0.1625,0.004872711654261224,0.0009780627268495504
19.0,0.17083333333333334,0.0048350046445801076,0.0009704556042096017
19.0,0.17916666666666667,0.004797578320513554,0.0009629055714165469
19.0,0.1875,0.004760430507142025,0.0009554121845500823
19.0,0.19583333333333333,0.004723559045331437,0.0009479750025913841
19.0,0.20416666666666666,0.00468696179196654,0.000940593587756343
19.0,0.2125,0.004650636619982812,0.0009332675056266923
19.0,0.22083333333333333,0.004614581418240096,0.0009259963251219423
19.0,0.22916666666666666,0.004578794091349537,0.0009187796184240922
19.0,0.2375,0.004543272559516906,0.0009116169609178095
19.0,0.24583333333333332,0.004508014758412121,0.0009045079311562524
19.0,0.25416666666666665,0.004473018639053399,0.0008974521108406645
19.0,0.2625,0.004438282167694149,0.0008904490848021281
19.0,0.2708333333333333,0.004403803325707972,0.0008834984409805989
19.0,0.2791666666666667,0.004369580109471483,0.0008765997704011542
19.0,0.2875,0.004335610530246805,0.0008697526671491798
19.0,0.29583333333333334,0.004301892614064869,0.0008629567283456441
19.0,0.30416666666666664,0.0042684244016099205,0.0008562115541230009
19.0,0.3125,0.00423520394810534,0.0008495167476015824
19.0,0.32083333333333336,0.0042022293232003675,0.0008428719148663699
19.0,0.32916666666666666,0.004169498610857755,0.0008362766649438825
19.0,0.3375,0.004137009909242114,0.0008297306097792422
19.0,0.3458333333333333,0.004104761330609164,0.0008232333642133118
19.0,0.3541666666666667,0.00407275100119557,0.0008167845459600183
19.0,0.3625,0.004040977061109909,0.0008103837755838329
19.0,0.37083333333333335,0.004009437664224122,0.0008040306764774096
19.0,0.37916666666666665,0.003978130978066027,0.0007977248748394347
19.0,0.3875,0.003947055183712483,0.0007914659996525964
19.0,0.3958333333333333,0.003916208475683432,0.0007852536826617667
19.0,0.4041666666666667,0.00388558906183667,0.0007790875583523063
19.0,0.4125,0.0038551951632634276,0.000772967263928559
19.0,0.42083333333333334,0.003825025014184709,0.0007668924392924896
19.0,0.42916666666666664,0.0037950768618484182,0.0007608627270224762
19.0,0.4375,0.0037653489664271726,0.0007548777723522843
19.0,0.44583333333333336,0.003735839600917012,0.0007489372231501644
19.0,0.45416666666666666,0.003706547051036673,0.0007430407298981337
19.0,0.4625,0.003677469615127795,0.0007371879456713942
19.0,0.4708333333333333,0.0036486056040557087,0.0007313785261179139
19.0,0.4791666666666667,0.0036199533411110465,0.0007256121294381449
19.0,0.4875,0.003591511161912061,0.0007198884163649158
19.0,0.49583333333333335,0.003563277414307593,0.0007142070501434459
19.0,0.5041666666666667,0.0035352504582809173,0.0007085676965115288
19.0,0.5125,0.00350742866585407,0.0007029700236798512
19.0,0.5208333333333334,0.0034798104209931044,0.0006974137023124622
19.0,0.5291666666666667,0.0034523941195138816,0.0006918984055073824
19.0,0.5375,0.0034251781689886257,0.0006864238087773676
19.0,0.5458333333333333,0.003398160988653171,0.0006809895900307948
19.0,0.5541666666666667,0.003371341009314837,0.0006755954295527095
19.0,0.5625,0.003344716673261016,0.0006702410099860021
19.0,0.5708333333333333,0.0033182864341684964,0.0006649260163127271
19.0,0.5791666666666667,0.003292048757013227,0.0006596501358355547
19.0,0.5875,0.0032660021179810954,0.0006544130581593647
19.0,0.5958333333333333,0.00324014500437899,0.0006492144751729779
19.0,0.6041666666666666,0.0032144759145467665,0.0006440540810310148
19.0,0.6125,0.003188993357769772,0.0006389315721358865
19.0,0.6208333333333333,0.003163695854191971,0.0006338466471199374
19.0,0.6291666666666667,0.003138581934729768,0.0006287990068276846
19.0,0.6375,0.0031136501409864425,0.0006237883542982243
19.0,0.6458333333333334,0.0030888990251671834,0.0006188143947477423
19.0,0.6541666666666667,0.003064327149994747,0.0006138768355521604
19.0,0.6625,0.0030399330886257893,0.0006089753862299206
19.0,0.6708333333333333,0.0030157154245677178,0.0006041097584248686
19.0,0.6791666666666667,0.0029916727515961633,0.0005992796658892937
19.0,0.6875,0.0029678036736731465,0.0005944848244670735
19.0,0.6958333333333333,0.002944106804865713,0.0005897249520769445
19.0,0.7041666666666667,0.002920580769265237,0.0005849997686959042
19.0,0.7125,0.002897224200907272,0.0005803089963427143
19.0,0.7208333333333333,0.002874035743692005,0.0005756523590615576
19.0,0.7291666666666666,0.002851014051305286,0.0005710295829057711
19.0,0.7375,0.0028281577871402015,0.0005664403959217369
19.0,0.7458333333333333,0.002805465624219253,0.0005618845281328648
19.0,0.7541666666666667,0.002782936245117055,0.0005573617115237025
19.0,0.7625,0.0027605683418836335,0.0005528716800241634
19.0,0.7708333333333334,0.0027383606159682517,0.0005484141694938576
19.0,0.7791666666666667,0.0027163117781437906,0.0005439889177065478
19.0,0.7875,0.0026944205484316507,0.0005395956643347126
19.0,0.7958333333333333,0.0026726856560272713,0.0005352341509342225
19.0,0.8041666666666667,0.002651105839226075,0.0005309041209291272
19.0,0.8125,0.0026296798453500163,0.0005266053195965498
19.0,0.8208333333333333,0.0026084064306746433,0.0005223374940517006
19.0,0.8291666666666667,0.002587284360356678,0.0005181003932329847
19.0,0.8375,0.0025663124083621165,0.0005138937678872214
19.0,0.8458333333333333,0.0025454893573948183,0.0005097173705549834
19.0,0.8541666666666666,0.002524813998825681,0.0005055709555560202
19.0,0.8625,0.002504285132622177,0.0005014542789748056
19.0,0.8708333333333333,0.002483901567278616,0.0004973670986461657
19.0,0.8791666666666667,0.0024636621197466247,0.0004933091741410461
19.0,0.8875,0.0024435656153663963,0.00048928026675234
19.0,0.8958333333333334,0.0024236108877981944,0.00048528013948085036
19.0,0.9041666666666667,0.0024037967789545507,0.0004813085570213308
19.0,0.9125,0.0023841221389327397,0.0004773652857486463
19.0,0.9208333333333333,0.0023645858259479357,0.0004734500937040081
19.0,0.9291666666666667,0.002345186706266658,0.00046956275058133263
19.0,0.9375,0.0023259236541408198,0.00046570302771367883
19.0,0.9458333333333333,0.0023067955517421662,0.00046187069805978914
19.0,0.9541666666666667,0.0022878012890972265,0.0004580655361907304
19.0,0.9625,0.002268939764022684,0.00045428731827661686
19.0,0.9708333333333333,0.0022502098820612144,0.0004505358220734475
19.0,0.9791666666666666,0.002231610556417792,0.0004468108269100112
19.0,0.9875,0.002213140707896397,0.00044311211367491113
19.0,0.9958333333333333,0.0021947992648372445,0.00043943946480365603
19.2,0.004166666666666667,0.00546356594451204,0.0010998077779769268
19.2,0.0125,0.005421845173291271,0.0010916546184427567
19.2,0.020833333333333332,0.005379662477739186,0.0010827887931591713
19.2,0.029166666666666667,0.005338412921576089,0.0010746072978860977
19.2,0.0375,0.005297244383809523,0.001066259929208663
19.2,0.04583333333333333,0.005256381518500612,0.0010579732444197857
19.2,0.05416666666666667,0.005215851366088556,0.0010497761729542777
19.2,0.0625,0.005175624822260726,0.0010416414853685622
19.2,0.07083333333333333,0.00513569454759496,0.0010335637030923558
19.2,0.07916666666666666,0.005096061730776829,0.0010255458617540636
19.2,0.0875,0.005056725588304084,0.0010175890109927275
19.2,0.09583333333333334,0.005017683552791117,0.0010096924028691445
19.2,0.10416666666666667,0.0049789329623412095,0.001001855181343909
19.2,0.1125,0.004940471487150701,0.0009940768089866832
19.2,0.12083333333333333,0.004902296949519935,0.0009863568870913852
19.2,0.12916666666666668,0.004864407172926568,0.0009786950048530385
19.2,0.1375,0.004826799959480302,0.0009710907169251572
19.2,0.14583333333333334,0.004789473113736222,0.0009635435673350349
19.2,0.15416666666666667,0.004752424459109572,0.000956053105999829
19.2,0.1625,0.004715651840206648,0.0009486188911576446
19.2,0.17083333333333334,0.004679153119807843,0.0009412404864505539
19.2,0.17916666666666667,0.00464292617648724,0.0009339174586428801
19.2,0.1875,0.0046069689039571335,0.0009266493770640588
19.2,0.19583333333333333,0.004571279211251333,0.0009194358138893653
19.2,0.20416666666666666,0.004535855022947376,0.0009122763444588319
19.2,0.2125,0.004500694279179048,0.0009051705473858789
19.2,0.22083333333333333,0.00446579493550261,0.000898118004518725
19.2,0.22916666666666666,0.004431154962727108,0.0008911183008654027
19.2,0.2375,0.004396772346764909,0.0008841710245380862
19.2,0.24583333333333332,0.0043626450885076995,0.0008772757667223497
19.2,0.25416666666666665,0.004328771203715259,0.0008704321216583771
19.2,0.2625,0.00429514872290584,0.0008636396866232076
19.2,0.2708333333333333,0.004261775691244358,0.0008568980619099915
19.2,0.2791666666666667,0.00422865016842857,0.0008502068508046501
19.2,0.2875,0.004195770228575142,0.0008435656595617061
19.2,0.29583333333333334,0.004163133960106603,0.0008369740973803218
19.2,0.30416666666666664,0.004130739465639545,0.0008304317763809844
19.2,0.3125,0.004098584861874019,0.000823938311582648
19.2,0.32083333333333336,0.004066668279483835,0.0008174933208802078
19.2,0.32916666666666666,0.0040349878630076995,0.000811096425022077
19.2,0.3375,0.004003541770741054,0.0008047472475879275
19.2,0.3458333333333333,0.003972328174628764,0.0007984454149665073
19.2,0.3541666666666667,0.003941345260158407,0.0007921905563336385
19.2,0.3625,0.0039105912262546345,0.0007859823036303721
19.2,0.37083333333333335,0.0038800642851740206,0.0007798202915412965
19.2,0.37916666666666665,0.003849762662400933,0.0007737041574730498
19.2,0.3875,0.0038196845965440328,0.0007676335415329494
19.2,0.3958333333333333,0.003789828339233636,0.0007616080865078278
19.2,0.4041666666666667,0.0037601921550197586,0.0007556274378429815
19.2,0.4125,0.0037307743212709665,0.0007496912436213131
19.2,0.42083333333333334,0.003701573128073954,0.0007437991545426066
19.2,0.42916666666666664,0.003672586878133879,0.0007379508239029534
19.2,0.4375,0.0036438138866753747,0.0007321459075743562
19.2,0.44583333333333336,0.003615252481344423,0.000726384063984451
19.2,0.45416666666666666,0.003586901002110772,0.0007206649540964086
19.2,0.4625,0.0035587578011712726,0.0007149882413889676
19.2,0.4708333333333333,0.0035308212428537484,0.0007093535918366288
19.2,0.4791666666666667,0.0035030897035217023,0.0007037606738899775
19.2,0.4875,0.0034755615714796785,0.0006982091584561785
19.2,0.49583333333333335,0.003448235246879262,0.0006926987188795876
19.2,0.5041666666666667,0.0034211091416259335,0.0006872290309225281
19.2,0.5125,0.003394181679286386,0.0006817997727461985
19.2,0.5208333333333334,0.003367451294996745,0.0006764106248917253
19.2,0.5291666666666667,0.003340916435371306,0.0006710612702613532
19.2,0.5375,0.003314575558412004,0.0006657513940997834
19.2,0.5458333333333333,0.0032884271334185674,0.0006604806839756328
19.2,0.5541666666666667,0.003262469640899274,0.0006552488297630456
19.2,0.5625,0.0032367015724823977,0.0006500555236234349
19.2,0.5708333333333333,0.003211121430828362,0.00064490045998736
19.2,0.5791666666666667,0.0031857277295423403,0.0006397833355365332
19.2,0.5875,0.0031605189930878036,0.0006347038491859639
19.2,0.5958333333333333,0.003135493756700385,0.0006296617020662374
19.2,0.6041666666666666,0.0031106505663025907,0.0006246565975059148
19.2,0.6125,0.0030859879784190586,0.0006196882410140635
19.2,0.6208333333333333,0.00306150456009241,0.000614756340262935
19.2,0.6291666666666667,0.003037198888799764,0.0006098606050707343
19.2,0.6375,0.0030130695523698475,0.0006050007473845536
19.2,0.6458333333333334,0.002989115148900695,0.0006001764812634044
19.2,0.6541666666666667,0.0029653342866779392,0.0005953875228613857
19.2,0.6625,0.0029417255840937665,0.0005906335904109808
19.2,0.6708333333333333,0.002918287669566368,0.0005859144042064554
19.2,0.6791666666666667,0.002895019181459995,0.0005812296865874023
19.2,0.6875,0.0028719187680056927,0.0005765791619223929
19.2,0.6958333333333333,0.0028489850872224724,0.0005719625565927452
19.2,0.7041666666666667,0.002826216806839149,0.0005673795989764257
19.2,0.7125,0.0028036126042167014,0.0005628300194320444
19.2,0.7208333333333333,0.0027811711662712093,0.0005583135502830017
19.2,0.7291666666666666,0.0027588911893973627,0.0005538299258017077
19.2,0.7375,0.0027367713793924903,0.0005493788821939549
19.2,0.7458333333333333,0.002714810451381177,0.0005449601575833803
19.2,0.7541666666666667,0.002693007129740374,0.0005405734919960519
19.2,0.7625,0.0026713601480251115,0.0005362186273451665
19.2,0.7708333333333334,0.002649868248894698,0.0005318953074158518
19.2,0.7791666666666667,0.00262853018403948,0.0005276032778500856
19.2,0.7875,0.00260734471410809,0.0005233422861317223
19.2,0.7958333333333333,0.002586310608635302,0.0005191120815716269
19.2,0.8041666666666667,0.002565426645970294,0.000514912415292918
19.2,0.8125,0.0025446916132055054,0.0005107430402163134
19.2,0.8208333333333333,0.002524104306105969,0.0005066037110455927
19.2,0.8291666666666667,0.0025036635290391746,0.0005024941842531507
19.2,0.8375,0.0024833680949054204,0.0004984142180656591
19.2,0.8458333333333333,0.002463216825068631,0.0004943635724498442
19.2,0.8541666666666666,0.0024432085492877634,0.0004903420090983467
19.2,0.8625,0.002423342105648548,0.00048634929141570235
19.2,0.8708333333333333,0.0024036163404959343,0.0004823851845043992
19.2,0.8791666666666667,0.00238403010836675,0.00047844945515107014
19.2,0.8875,0.002364582271923112,0.0004745418718127481
19.2,0.8958333333333334,0.002345271701886072,0.0004706622046032449
19.2,0.9041666666666667,0.002326097276969947,0.0004668102252796116
19.2,0.9125,0.0023070578838169037,0.00046298570722871386
19.2,0.9208333333333333,0.0022881524169322126,0.0004591884254538775
19.2,0.9291666666666667,0.0022693797786197878,0.0004554181565616572
19.2,0.9375,0.002250738878918295,0.00045167467874867917
19.2,0.9458333333333333,0.002232228635537654,0.00044795777178858423
19.2,0.9541666666666667,0.002213847973796025,0.00044426721701907
19.2,0.9625,0.002195595826557206,0.00044060279732900984
19.2,0.9708333333333333,0.0021774711341684956,0.0004369642971456856
19.2,0.9791666666666666,0.002159472844398981,0.0004333515024220836
19.2,0.9875,0.0021415999123782442,0.00042976420062430944
19.2,0.9958333333333333,0.0021238513005355556,0.0004262021807190625
19.400000000000002,0.004166666666666667,0.005288062990030898,0.0010667252756758638
19.400000000000002,0.0125,0.005247669547525254,0.0010588117032996945
19.400000000000002,0.020833333333333332,0.00520683731165666,0.001050216638046202
19.400000000000002,0.029166666666666667,0.005166905223975643,0.0010422808919143915
19.400000000000002,0.0375,0.005127049621499688,0.0010341826583652532
19.400000000000002,0.04583333333333333,0.005087492164199046,0.0010261454399201509
19.400000000000002,0.05416666666666667,0.005048256768897205,0.001018194982167453
19.400000000000002,0.0625,0.005009314939404925,0.001010304604002723
19.400000000000002,0.07083333333333333,0.004970659998088731,0.0010024694293031785
19.400000000000002,0.07916666666666666,0.004932293195952179,0.000994692497113672
19.400000000000002,0.0875,0.004894213699380743,0.0009869747484957147
19.400000000000002,0.09583333333333334,0.004856418981180721,0.000979315417669659
19.400000000000002,0.10416666666666667,0.004818906468839767,0.0009717136803777228
19.400000000000002,0.1125,0.004781673918019408,0.0009641690274782827
19.400000000000002,0.12083333333333333,0.004744719223002603,0.0009566810754944081
19.400000000000002,0.12916666666666668,0.004708040274083647,0.0009492494241040393
19.400000000000002,0.1375,0.004671634940850954,0.0009418736395221941
19.400000000000002,0.14583333333333334,0.004635501096636435,0.0009345532790490942
19.400000000000002,0.15416666666666667,0.0045996366337466045,0.0009272879063993774
19.400000000000002,0.1625,0.004564039465005251,0.0009200770933418255
19.400000000000002,0.17083333333333334,0.004528707520629243,0.0009129204166719834
19.400000000000002,0.17916666666666667,0.0044936387460119825,0.0009058174560912106
19.400000000000002,0.1875,0.004458831101200706,0.0008987677937792086
19.400000000000002,0.19583333333333333,0.004424282561116654,0.0008917710147085607
19.400000000000002,0.20416666666666666,0.0043899911157631874,0.0008848267069465093
19.400000000000002,0.2125,0.004355954770219847,0.0008779344617420806
19.400000000000002,0.22083333333333333,0.004322171544502663,0.0008710938734786145
19.400000000000002,0.22916666666666666,0.00428863947339862,0.0008643045395999298
19.400000000000002,0.2375,0.004255356606323346,0.0008575660605588479
19.400000000000002,0.24583333333333332,0.004222321007203183,0.0008508780397896021
19.400000000000002,0.25416666666666665,0.0041895307543682574,0.0008442400836904267
19.400000000000002,0.2625,0.004156983940446136,0.000837651801606182
19.400000000000002,0.2708333333333333,0.004124678672253099,0.0008311128058078261
19.400000000000002,0.2791666666666667,0.004092613070683594,0.0008246227114695071
19.400000000000002,0.2875,0.00406078527059979,0.0008181811366450426
19.400000000000002,0.29583333333333334,0.004029193420722079,0.0008117877022447155
19.400000000000002,0.30416666666666664,0.003997835683520843,0.000805442032012712
19.400000000000002,0.3125,0.003966710235109314,0.0007991437525049836
19.400000000000002,0.32083333333333336,0.003935815265137303,0.000792892493067404
19.400000000000002,0.32916666666666666,0.003905148976685734,0.0007866878858140085
19.400000000000002,0.3375,0.0038747095861618366,0.000780529565605393
19.400000000000002,0.3458333333333333,0.0038444953231951853,0.000774417170027186
19.400000000000002,0.3541666666666667,0.0038145044305343046,0.0007683503393687066
19.400000000000002,0.3625,0.0037847351639443316,0.0007623287166017715
19.400000000000002,0.37083333333333335,0.0037551857921051444,0.0007563519473596523
19.400000000000002,0.37916666666666665,0.003725854596510472,0.0007504196799162333
19.400000000000002,0.3875,0.0036967398713676374,0.0007445315651652795
19.400000000000002,0.3958333333333333,0.003667839923498108,0.0007386872565999049
19.400000000000002,0.4041666666666667,0.0036391530722387276,0.0007328864102921494
19.400000000000002,0.4125,0.00361067764934372,0.0007271286848727471
19.400000000000002,0.42083333333333334,0.003582411998887388,0.000721413741511018
19.400000000000002,0.42916666666666664,0.003554354477167578,0.0007157412438949122
19.400000000000002,0.4375,0.0035265034526097637,0.0007101108582112205
19.400000000000002,0.44583333333333336,0.0034988573056719927,0.0007045222531259055
19.400000000000002,0.45416666666666666,0.0034714144287503385,0.0006989750997646019
19.400000000000002,0.4625,0.003444173226085255,0.0006934690716932481
19.400000000000002,0.4708333333333333,0.003417132113668454,0.000688003844898872
19.400000000000002,0.4791666666666667,0.003390289519150575,0.0006825790977705015
19.400000000000002,0.4875,0.0033636438817495028,0.0006771945110802438
19.400000000000002,0.49583333333333335,0.003337193652159305,0.0006718497679644749
19.400000000000002,0.5041666666666667,0.0033109372924599915,0.0006665445539051913
19.400000000000002,0.5125,0.0032848732760277265,0.0006612785567114906
19.400000000000002,0.5208333333333334,0.0032590000874459083,0.0006560514665011883
19.400000000000002,0.5291666666666667,0.003233316222416754,0.0006508629756825723
19.400000000000002,0.5375,0.0032078201876736085,0.0006457127789362974
19.400000000000002,0.5458333333333333,0.003182510500893885,0.0006406005731974003
19.400000000000002,0.5541666666666667,0.003157385690612618,0.000635526057637462
19.400000000000002,0.5625,0.003132444296136674,0.0006304889336468923
19.400000000000002,0.5708333333333333,0.003107684867459646,0.0006254889048173511
19.400000000000002,0.5791666666666667,0.003083105965177182,0.000620525676924294
19.400000000000002,0.5875,0.0030587061604032315,0.0006155989579096487
19.400000000000002,0.5958333333333333,0.0030344840346866065,0.0006107084578646255
19.400000000000002,0.6041666666666666,0.003010438179928348,0.0006058538890126416
19.400000000000002,0.6125,0.0029865671982996387,0.0006010349656923741
19.400000000000002,0.6208333333333333,0.0029628697021602743,0.0005962514043409582
19.400000000000002,0.6291666666666667,0.0029393443139777934,0.00059150292347727
19.400000000000002,0.6375,0.0029159896662471693,0.0005867892436853703
19.400000000000002,0.6458333333333334,0.002892804401411092,0.0005821100875980459
19.400000000000002,0.6541666666666667,0.002869787171780801,0.0005774651798804787
19.400000000000002,0.6625,0.002846936639457578,0.0005728542472140443
19.400000000000002,0.6708333333333333,0.0028242514762547096,0.0005682770182802069
19.400000000000002,0.6791666666666667,0.0028017303636200487,0.0005637332237445534
19.400000000000002,0.6875,0.00277937199255922,0.0005592225962409362
19.400000000000002,0.6958333333333333,0.002757175063559252,0.0005547448703557258
19.400000000000002,0.7041666666666667,0.0027351382865128684,0.0005502997826121946
19.400000000000002,0.7125,0.0027132603806432633,0.0005458870714549906
19.400000000000002,0.7208333333333333,0.0026915400744294553,0.0005415064772347573
19.400000000000002,0.7291666666666666,0.00266997610553218,0.0005371577421928274
19.400000000000002,0.7375,0.0026485672207203015,0.0005328406104460606
19.400000000000002,0.7458333333333333,0.0026273121757977827,0.0005285548279717722
19.400000000000002,0.7541666666666667,0.0026062097355311325,0.0005243001425927794
19.400000000000002,0.7625,0.002585258673577451,0.000520076303962557
19.400000000000002,0.7708333333333334,0.0025644577724129244,0.0005158830635504953
19.400000000000002,0.7791666666666667,0.0025438058232618854,0.0005117201746272688
19.400000000000002,0.7875,0.0025233016260263357,0.0005075873922503114
19.400000000000002,0.7958333333333333,0.002502943989216047,0.0005034844732493951
19.400000000000002,0.8041666666666667,0.0024827317298790736,0.0004994111762123143
19.400000000000002,0.8125,0.002462663673532841,0.0004953672614706701
19.400000000000002,0.8208333333333333,0.00244273865409568,0.0004913524910857675
19.400000000000002,0.8291666666666667,0.0024229555138188873,0.00048736662883460075
19.400000000000002,0.8375,0.002403313103219259,0.00048340944019594466
19.400000000000002,0.8458333333333333,0.002383810281012067,0.00047948069233655724
19.400000000000002,0.8541666666666666,0.0023644459140446114,0.00047558015409746273
19.400000000000002,0.8625,0.002345218877230104,0.00047170759598035147
19.400000000000002,0.8708333333333333,0.0023261280534822206,0.00046786279013405447
19.400000000000002,0.8791666666666667,0.002307172333649873,0.0004640455103411493
19.400000000000002,0.8875,0.0022883506164527003,0.0004602555320046267
19.400000000000002,0.8958333333333334,0.002269661808416789,0.0004564926321346753
19.400000000000002,0.9041666666666667,0.0022511048238110687,0.00045275658933554885
19.400000000000002,0.9125,0.0022326785845839378,0.00044904718379254265
19.400000000000002,0.9208333333333333,0.0022143820203005416,0.0004453641972590396
19.400000000000002,0.9291666666666667,0.002196214068080334,0.0004417074130436721
19.400000000000002,0.9375,0.002178173672535183,0.0004380766159975612
19.400000000000002,0.9458333333333333,0.002160259785707867,0.0004344715925016499
19.400000000000002,0.9541666666666667,0.0021424713670110274,0.0004308921304541315
19.400000000000002,0.9625,0.002124807383166535,0.0004273380192579559
19.400000000000002,0.9708333333333333,0.002107266808145287,0.00042380904980844283
19.400000000000002,0.9791666666666666,0.002089848623107439,0.00042030501448095885
19.400000000000002,0.9875,0.0020725518163430246,0.00041682570711870794
19.400000000000002,0.9958333333333333,0.0020553753832130562,0.0004133709230205828
19.6,0.004166666666666667,0.005118613322142081,0.0010346547417250892
19.6,0.0125,0.005079502090329225,0.0010269737071327064
19.6,0.020833333333333332,0.005039974081318845,0.001018640961006918
19.6,0.029166666666666667,0.005001314398741568,0.0010109434179323574
19.6,0.0375,0.004962726972029882,0.0010030868047322733
19.6,0.04583333333333333,0.004924430333353635,0.0009952914375131112
19.6,0.05416666666666667,0.004886445438474785,0.0009875800426220286
19.6,0.0625,0.0048487444254557005,0.000979926515458064
19.6,0.07083333333333333,0.0048113212443418926,0.0009723265502574826
19.6,0.07916666666666666,0.00477417719357931,0.0009647831766125156
19.6,0.0875,0.004737311391416688,0.0009572972309745641
19.6,0.09583333333333334,0.004700721352938873,0.0009498679337875568
19.6,0.10416666666666667,0.004664404593104963,0.0009424944926253835
19.6,0.1125,0.004628358949644429,0.0009351764251865615
19.6,0.12083333333333333,0.004592582385879313,0.0009279133622142729
19.6,0.12916666666666668,0.0045570728565991645,0.0009207049134684034
19.6,0.1375,0.004521828296737844,0.0009135506564986532
19.6,0.14583333333333334,0.004486846646201177,0.000906450161567838
19.6,0.15416666666666667,0.004452125863902453,0.0008994030057824124
19.6,0.1625,0.004417663928584887,0.0008924087740089457
19.6,0.17083333333333334,0.004383458835632811,0.00088546705577907
19.6,0.17916666666666667,0.004349508595023839,0.0008785774433342512
19.6,0.1875,0.004315811230928597,0.0008717395313177562
19.6,0.19583333333333333,0.004282364781959457,0.0008649529171147816
19.6,0.20416666666666666,0.0042491673013622605,0.0008582172011349004
19.6,0.2125,0.0042162168569929845,0.0008515319868788737
19.6,0.22083333333333333,0.004183511531173651,0.000844896880883862
19.6,0.22916666666666666,0.004151049420531508,0.0008383114926514538
19.6,0.2375,0.0041188286358637615,0.0008317754346003628
19.6,0.24583333333333332,0.004086847302025363,0.0008252883220417048
19.6,0.25416666666666665,0.004055103557826032,0.0008188497731627405
19.6,0.2625,0.004023595555927004,0.0008124594090097934
19.6,0.2708333333333333,0.0039923214627353015,0.0008061168534679418
19.6,0.2791666666666667,0.003961279458296393,0.0007998217332385607
19.6,0.2875,0.0039304677361871355,0.0007935736778164591
19.6,0.29583333333333334,0.0038998845034097264,0.0007873723194674132
19.6,0.30416666666666664,0.003869527980286898,0.0007812172932063373
19.6,0.3125,0.0038393964003581365,0.0007751082367758379
19.6,0.32083333333333336,0.0038094880102767337,0.0007690447906250257
19.6,0.32916666666666666,0.0037798010697075836,0.0007630265978883991
19.6,0.3375,0.0037503338512256492,0.0007570533043648795
19.6,0.3458333333333333,0.0037210846402152002,0.0007511245584969232
19.6,0.3541666666666667,0.0036920517347696752,0.0007452400113498155
19.6,0.3625,0.0036632334455925005,0.0007393993165911137
19.6,0.37083333333333335,0.003634628095898407,0.0007336021304702332
19.6,0.37916666666666665,0.003606234021315679,0.0007278481117982288
19.6,0.3875,0.003578049569789018,0.0007221369219276834
19.6,0.3958333333333333,0.0035500731014831877,0.0007164682247327884
19.6,0.4041666666666667,0.003522302988687321,0.0007108416865895328
19.6,0.4125,0.003494737615719985,0.0007052569763560742
19.6,0.42083333333333334,0.0034673753788348944,0.0006997137653532329
19.6,0.42916666666666664,0.003440214686127397,0.0006942117273451307
19.6,0.4375,0.0034132539574415395,0.0006887505385199952
19.6,0.44583333333333336,0.0033864916242779676,0.0006833298774710779
19.6,0.45416666666666666,0.0033599261297023353,0.0006779494251777363
19.6,0.4625,0.00333355592825457,0.0006726088649866458
19.6,0.4708333333333333,0.003307379485858652,0.0006673078825931587
19.6,0.4791666666666667,0.003281395279733156,0.0006620461660227871
19.6,0.4875,0.0032556017983024366,0.0006568234056128443
19.6,0.49583333333333335,0.003229997541108391,0.0006516392939942005
19.6,0.5041666666666667,0.003204581018723036,0.0006464935260731902
19.6,0.5125,0.003179350752661517,0.0006413857990136446
19.6,0.5208333333333334,0.0031543052752959614,0.0006363158122190615
19.6,0.5291666666666667,0.003129443129769815,0.0006312832673149025
19.6,0.5375,0.0031047628699128822,0.0006262878681310294
19.6,0.5458333333333333,0.0030802630601569855,0.0006213293206842569
19.6,0.5541666666666667,0.0030559422754522104,0.0006164073331610481
19.6,0.5625,0.0030317991011837883,0.0006115216159003294
19.6,0.5708333333333333,0.0030078321330896467,0.0006066718813764362
19.6,0.5791666666666667,0.0029840399771783764,0.0006018578441821803
19.6,0.5875,0.002960421249648087,0.0005970792210120462
19.6,0.5958333333333333,0.0029369745768055744,0.0005923357306455117
19.6,0.6041666666666666,0.0029136985949862588,0.0005876270939304851
19.6,0.6125,0.0028905919504746565,0.0005829530337668659
19.6,0.6208333333333333,0.0028676532994253955,0.000578313275090243
19.6,0.6291666666666667,0.0028448813077848697,0.0005737075448556776
19.6,0.6375,0.0028222746512134318,0.0005691355720216444
19.6,0.6458333333333334,0.002799832015008161,0.0005645970875340615
19.6,0.6541666666666667,0.0027775520940261688,0.0005600918243104494
19.6,0.6625,0.0027554335926085333,0.0005556195172242147
19.6,0.6708333333333333,0.0027334752245047034,0.0005511799030890251
19.6,0.6791666666666667,0.002711675712797474,0.000546772720643322
19.6,0.6875,0.002690033789828591,0.0005423977105349371
19.6,0.6958333333333333,0.0026685481971247555,0.0005380546153058157
19.6,0.7041666666666667,0.002647217685324283,0.0005337431793768666
19.6,0.7125,0.002626041014104228,0.0005294631490329016
19.6,0.7208333333333333,0.002605016952108063,0.0005252142724077138
19.6,0.7291666666666666,0.00258414427687389,0.0005209962994692298
19.6,0.7375,0.0025634217747631427,0.000516808982004801
19.6,0.7458333333333333,0.002542848240889835,0.0005126520736065817
19.6,0.7541666666666667,0.002522422479050278,0.0005085253296570241
19.6,0.7625,0.002502143301653369,0.000504428507314477
19.6,0.7708333333333334,0.0024820095296513157,0.0005003613654988844
19.6,0.7791666666666667,0.0024620199924709142,0.0004963236648775922
19.6,0.7875,0.002442173527945272,0.0004923151678512576
19.6,0.7958333333333333,0.0024224689822460914,0.0004883356385398581
19.6,0.8041666666666667,0.002402905209816348,0.0004843848427688062
19.6,0.8125,0.0023834810733035366,0.0004804625480551558
19.6,0.8208333333333333,0.0023641954434933357,0.0004765685235939238
19.6,0.8291666666666667,0.002345047199243799,0.00047270254024449305
19.6,0.8375,0.002326035227419986,0.0004688643705171202
19.6,0.8458333333333333,0.0023071584228290393,0.0004650537885595501
19.6,0.8541666666666666,0.0022884156881558147,0.0004612705701437104
19.6,0.8625,0.002269805933898821,0.00045751449265251726
19.6,0.8708333333333333,0.0022513280783068184,0.00045378533506675457
19.6,0.8791666666666667,0.0022329810473156386,0.0004500828779520805
19.6,0.8875,0.0022147637744856785,0.00044640690344609256
19.6,0.8958333333333334,0.0021966752009396373,0.0004427571952455082
19.6,0.9041666666666667,0.002178714275300893,0.00043913353859342433
19.6,0.9125,0.002160879953632115,0.0004355357202666833
19.6,0.9208333333333333,0.0021431711993744975,0.0004319635285633071
19.6,0.9291666666666667,0.002125586983287274,0.00042841675329004236
19.6,0.9375,0.0021081262833877634,0.00042489518574998105
19.6,0.9458333333333333,0.002090788084891776,0.0004213986187302737
19.6,0.9541666666666667,0.0020735713801544853,0.0004179268464899325
19.6,0.9625,0.002056475168611685,0.0004144796647477129
19.6,0.9708333333333333,0.00203949845672147,0.00041105687067009557
19.6,0.9791666666666666,0.0020226402579063356,0.0004076582628593334
19.6,0.9875,0.002005899592495655,0.00040428364134160647
19.6,0.9958333333333333,0.0019892754876686225,0.00040093280755523736
19.8,0.004166666666666667,0.004954984408157716,0.0010035642266713319
19.8,0.0125,0.004917111973486593,0.000996108888799233
19.8,0.020833333333333332,0.004878843716177113,0.0009880302930646639
19.8,0.029166666666666667,0.004841413092242174,0.0009805636489573129
19.8,0.0375,0.004804050778216574,0.0009729413733525245
19.8,0.04583333333333333,0.004766972060805466,0.0009653804802654015
19.8,0.05416666666666667,0.004730195091971203,0.0009579008360371843
19.8,0.0625,0.004693692666075529,0.0009504769365771014
19.8,0.07083333333333333,0.004657459327543626,0.0009431050151257985
19.8,0.07916666666666666,0.004621496408742531,0.0009357880802320276
19.8,0.0875,0.004585802982019399,0.0009285268678885965
19.8,0.09583333333333334,0.0045503766066122405,0.0009213205885400225
19.8,0.10416666666666667,0.004515214882957673,0.000914168481486439
19.8,0.1125,0.0044803157275595355,0.0009070700898476871
19.8,0.12083333333333333,0.004445677169981971,0.0009000250576511592
19.8,0.12916666666666668,0.004411297227299674,0.0008930330043761111
19.8,0.1375,0.004377173897738211,0.0008860935186872662
19.8,0.14583333333333334,0.0043433051856472515,0.0008792061835006937
19.8,0.15416666666666667,0.004309689114341153,0.0008723705889164335
19.8,0.1625,0.004276323726268584,0.0008655863324792028
19.8,0.17083333333333334,0.004243207079797347,0.0008588530160540158
19.8,0.17916666666666667,0.004210337247337567,0.0008521702440390799
19.8,0.1875,0.004177712315053318,0.0008455376231667805
19.8,0.19583333333333333,0.00414533038313235,0.0008389547628619162
19.8,0.20416666666666666,0.004113189565959697,0.0008324212755031993
19.8,0.2125,0.004081287992078207,0.0008259367764710892
19.8,0.22083333333333333,0.004049623804041397,0.0008195008840871618
19.8,0.22916666666666666,0.004018195158257879,0.0008131132195445907
19.8,0.2375,0.003987000224862945,0.000806773406864933
19.8,0.24583333333333332,0.00395603718761168,0.00080048107287599
19.8,0.25416666666666665,0.003925304243779646,0.0007942358471965023
19.8,0.2625,0.0038947996040625847,0.0007880373622192942
19.8,0.2708333333333333,0.0038645214924735707,0.0007818852530911922
19.8,0.2791666666666667,0.0038344681462388276,0.000775779157691039
19.8,0.2875,0.00380463781569395,0.0007697187166074875
19.8,0.29583333333333334,0.0037750287641812198,0.0007637035731172582
19.8,0.30416666666666664,0.0037456392679481,0.0007577333731640147
19.8,0.3125,0.003716467616046708,0.0007518077653375844
19.8,0.32083333333333336,0.003687512110234057,0.0007459264008534026
19.8,0.32916666666666666,0.0036587710648730417,0.0007400889335320212
19.8,0.3375,0.0036302428068340333,0.0007342950197787611
19.8,0.3458333333333333,0.003601925675397254,0.000728544318563443
19.8,0.3541666666666667,0.00357381802215575,0.0007228364914003038
19.8,0.3625,0.0035459182109192954,0.0007171712023280513
19.8,0.37083333333333335,0.003518224617618778,0.0007115481178900626
19.8,0.37916666666666665,0.0034907356302114854,0.0007059669071147707
19.8,0.3875,0.0034634496485869883,0.0007004272414961534
19.8,0.3958333333333333,0.0034363650844737898,0.0006949287949744091
19.8,0.4041666666666667,0.0034094803613465884,0.0006894712439167371
19.8,0.4125,0.003382793914334316,0.000684054267098296
19.8,0.42083333333333334,0.003356304190128766,0.000678677545683279
19.8,0.42916666666666664,0.0033300096468940016,0.0006733407632061328
19.8,0.4375,0.0033039087541762995,0.0006680436055529331
19.8,0.44583333333333336,0.0032779999928149203,0.0006627857609428766
19.8,0.45416666666666666,0.0032522818548533666,0.0006575669199099242
19.8,0.4625,0.0032267528434514648,0.0006523867752845774
19.8,0.4708333333333333,0.003201411472797952,0.0006472450221757934
19.8,0.4791666666666667,0.003176256268023808,0.0006421413579530194
19.8,0.4875,0.0031512857651161993,0.000637075482228386
19.8,0.49583333333333335,0.0031264985108329793,0.0006320470968390057
19.8,0.5041666666666667,0.003101893062617995,0.0006270559058294212
19.8,0.5125,0.0030774679885167944,0.0006221016154341749
19.8,0.5208333333333334,0.0030532218670931686,0.0006171839340605114
19.8,0.5291666666666667,0.0030291532873461483,0.0006123025722712048
19.8,0.5375,0.003005260848627689,0.000607457242767518
19.8,0.5458333333333333,0.0029815431605609488,0.0006026476603722788
19.8,0.5541666666666667,0.002957998842959149,0.000597873542013091
19.8,0.5625,0.0029346265257450426,0.0005931346067056626
19.8,0.5708333333333333,0.0029114248488710253,0.0005884305755372635
19.8,0.5791666666666667,0.002888392462239658,0.0005837611716502964
19.8,0.5875,0.0028655280256250485,0.000579126120225996
19.8,0.5958333333333333,0.0028428302085945372,0.0005745251484682481
19.8,0.6041666666666666,0.0028202976904311236,0.0005699579855875228
19.8,0.6125,0.002797929160056415,0.0005654243627849252
19.8,0.6208333333333333,0.002775723315954106,0.0005609240132363807
19.8,0.6291666666666667,0.0027536788660940644,0.0005564566720769041
19.8,0.6375,0.0027317945278569457,0.0005520220763850179
19.8,0.6458333333333334,0.0027100690279593773,0.0005476199651672632
19.8,0.6541666666666667,0.002688501102379641,0.0005432500793428291
19.8,0.6625,0.0026670894962839815,0.0005389121617283072
19.8,0.6708333333333333,0.0026458329639533606,0.000534605957022534
19.8,0.6791666666666667,0.0026247302687107737,0.0005303312117915658
19.8,0.6875,0.0026037801828491737,0.0005260876744537553
19.8,0.6958333333333333,0.002582981487559773,0.0005218750952649309
19.8,0.7041666666666667,0.002562332972860988,0.0005176932263037014
19.8,0.7125,0.002541833437527843,0.0005135418214568426
19.8,0.7208333333333333,0.002521481689021888,0.0005094206364048239
19.8,0.7291666666666666,0.002501276543421666,0.0005053294286074041
19.8,0.7375,0.002481216825353612,0.0005012679572893611
19.8,0.7458333333333333,0.002461301367923532,0.0004972359834263088
19.8,0.7541666666666667,0.0024415290126484886,0.0004932332697306239
19.8,0.7625,0.002421898609389272,0.0004892595806374764
19.8,0.7708333333333334,0.002402409016283284,0.00048531468229095484
19.8,0.7791666666666667,0.0023830590996779563,0.00048139834253029765
19.8,0.7875,0.0023638477340646035,0.00047751033087622366
19.8,0.7958333333333333,0.002344773802012811,0.00047365041851736
19.8,0.8041666666666667,0.0023258361941052167,0.00046981837829677037
19.8,0.8125,0.002307033808872838,0.00046601398469857543
19.8,0.8208333333333333,0.002288365552730805,0.0004622370138346822
19.8,0.8291666666666667,0.0022698303399146017,0.0004584872434315939
19.8,0.8375,0.0022514270924167343,0.0004547644528173209
19.8,0.8458333333333333,0.002233154739923832,0.0004510684229083952
19.8,0.8541666666666666,0.002215012219754286,0.00044739893619696403
19.8,0.8625,0.0021969984767961958,0.0004437557767379881
19.8,0.8708333333333333,0.0021791124634459283,0.00044013873013651474
19.8,0.8791666666666667,0.002161353139546919,0.0004365475835350721
19.8,0.8875,0.002143719472329114,0.0004329821256011208
19.8,0.8958333333333334,0.002126210436348647,0.000429442146514618
19.8,0.9041666666666667,0.002108825013428139,0.0004259274379556586
19.8,0.9125,0.002091562192597227,0.0004224377930922172
19.8,0.9208333333333333,0.00207442097003369,0.0004189730065679592
19.8,0.9291666666666667,0.0020574003490048585,0.0004155328744901586
19.8,0.9375,0.0020404993398095207,0.00041211719441768815
19.8,0.9458333333333333,0.0020237169597201966,0.00040872576534910015
19.8,0.9541666666666667,0.0020070522329258523,0.00040535838771079384
19.8,0.9625,0.0019905041904749897,0.0004020148633452599
19.8,0.9708333333333333,0.001974071870219149,0.00039869499549942123
19.8,0.9791666666666666,0.001957754316756811,0.0003953985888130383
19.8,0.9875,0.001941550581377674,0.00039212544930721725
19.8,0.9958333333333333,0.001925459722007382,0.0003888753843729783
20.0,0.004166666666666667,0.004796953767293005,0.0009734228483136046
20.0,0.0125,0.00476027834722052,0.0009661865681970424
20.0,0.020833333333333332,0.004723227048102061,0.0009583542170356743
20.0,0.029166666666666667,0.004686983778574508,0.000951111401407317
20.0,0.0375,0.0046508051372486205,0.0009437164051402116
20.0,0.04583333333333333,0.004614903062671837,0.000936382839378158
20.0,0.05416666666666667,0.004579293054965391,0.0009291278643140192
20.0,0.0625,0.004543948583060675,0.0009219265965226581
20.0,0.07083333333333333,0.00450886475333294,0.0009147757776908935
20.0,0.07916666666666666,0.0044740429198235,0.0009076783849349162
20.0,0.0875,0.004439482111424175,0.0009006350580793559
20.0,0.09583333333333334,0.004405179933192063,0.0008936450010659146
20.0,0.10416666666666667,0.004371134068980207,0.0008867074846772214
20.0,0.1125,0.004337342510879223,0.0008798220760709178
20.0,0.12083333333333333,0.0043038033520383405,0.0008729884316925011
20.0,0.12916666666666668,0.004270514669711315,0.0008662061804123637
20.0,0.1375,0.004237474523436544,0.0008594749217962687
20.0,0.14583333333333334,0.0042046809799474024,0.0008527942511054367
20.0,0.15416666666666667,0.004172132124829617,0.0008461637710430748
20.0,0.1625,0.004139826062104194,0.0008395830914255364
20.0,0.17083333333333334,0.004107760911019827,0.0008330518260626859
20.0,0.17916666666666667,0.004075934804347189,0.0008265695911390914
20.0,0.1875,0.004044345888191937,0.000820136005113579
20.0,0.19583333333333333,0.004012992322278559,0.0008137506890888334
20.0,0.20416666666666666,0.00398187228010469,0.0008074132670508433
20.0,0.2125,0.003950983948886842,0.0008011233658992077
20.0,0.22083333333333333,0.003920325529411501,0.0007948806153820279
20.0,0.22916666666666666,0.0038898952358851708,0.0007886846480293189
20.0,0.2375,0.0038596912958125786,0.0007825350991137513
20.0,0.24583333333333332,0.00382971194989475,0.000776431606630815
20.0,0.25416666666666665,0.003799955451933099,0.0007703738112842869
20.0,0.2625,0.0037704200687319164,0.0007643613564695536
20.0,0.2708333333333333,0.0037411040799983633,0.0007583938882537695
20.0,0.2791666666666667,0.003712005778241344,0.0007524710553543599
20.0,0.2875,0.0036831234686709445,0.0007465925091174677
20.0,0.29583333333333334,0.0036544554690989836,0.0007407579034969229
20.0,0.30416666666666664,0.003626000109840713,0.0007349668950337936
20.0,0.3125,0.003597755733617426,0.0007292191428362484
20.0,0.32083333333333336,0.0035697206954597932,0.000723514308559612
20.0,0.32916666666666666,0.0035418933626119096,0.0007178520563864789
20.0,0.3375,0.00351427211443594,0.0007122320530069633
20.0,0.3458333333333333,0.0034868553423175234,0.0007066539675990355
20.0,0.3541666666666667,0.003459641449571748,0.0007011174718090378
20.0,0.3625,0.0034326288513500448,0.0006956222397323342
20.0,0.37083333333333335,0.003405815974547544,0.0006901679478941039
20.0,0.37916666666666665,0.0033792012577112947,0.0006847542752303123
20.0,0.3875,0.0033527831509490755,0.0006793809030687839
20.0,0.3958333333333333,0.003326560115838945,0.0006740475151104536
20.0,0.4041666666666667,0.003300530625339371,0.0006687537974107233
20.0,0.4125,0.0032746931637001363,0.0006634994383609858
20.0,0.42083333333333334,0.003249046226373798,0.0006582841286702674
20.0,0.42916666666666664,0.0032235883199279035,0.0006531075613470068
20.0,0.4375,0.00319831796195774,0.0006479694316809891
20.0,0.44583333333333336,0.003173233680999871,0.0006428694372253879
20.0,0.45416666666666666,0.003148334016446151,0.0006378072777789586
20.0,0.4625,0.003123617518458539,0.0006327826553683567
20.0,0.4708333333333333,0.0030990827478843907,0.0006277952742305958
20.0,0.4791666666666667,0.0030747282761725,0.0006228448407956174
20.0,0.4875,0.0030505526852896985,0.0006179310636690164
20.0,0.49583333333333335,0.003026554567638021,0.0006130536536148681
20.0,0.5041666666666667,0.0030027325259726406,0.0006082123235387002
20.0,0.5125,0.00297908517332019,0.0006034067884705853
20.0,0.5208333333333334,0.0029556111328979083,0.0005986367655483576
20.0,0.5291666666666667,0.002932309038033198,0.0005939019740009539
20.0,0.5375,0.002909177532083885,0.0005892021351318829
20.0,0.5458333333333333,0.002886215268359027,0.0005845369723028053
20.0,0.5541666666666667,0.0028634209100402985,0.0005799062109172478
20.0,0.5625,0.002840793130103957,0.0005753095784044285
20.0,0.5708333333333333,0.0028183306112434425,0.0005707468042032089
20.0,0.5791666666666667,0.0027960320457923646,0.0005662176197461565
20.0,0.5875,0.002773896135648328,0.0005617217584437291
20.0,0.5958333333333333,0.0027519215921970545,0.0005572589556685791
20.0,0.6041666666666666,0.002730107136237222,0.000552828948739966
20.0,0.6125,0.002708451497905806,0.0005484314769082834
20.0,0.6208333333333333,0.0026869534166039334,0.0005440662813397174
20.0,0.6291666666666667,0.0026656116409233405,0.0005397331051009844
20.0,0.6375,0.0026444249285733166,0.0005354316931442168
20.0,0.6458333333333334,0.0026233920463082207,0.000531161792291935
20.0,0.6541666666666667,0.002602511769855479,0.0005269231512221366
20.0,0.6625,0.0025817828838441727,0.0005227155204535064
20.0,0.6708333333333333,0.002561204181734085,0.0005185386523307127
20.0,0.6791666666666667,0.002540774465745265,0.0005143923010098286
20.0,0.6875,0.0025204925467882016,0.0005102762224438574
20.0,0.6958333333333333,0.0025003572443943484,0.0005061901743683529
20.0,0.7041666666666667,0.0024803673866472826,0.0005021339162871636
20.0,0.7125,0.002460521810114304,0.0004981072094582556
20.0,0.7208333333333333,0.0024408193597785332,0.0004941098168796727
20.0,0.7291666666666666,0.00242125888897154,0.0004901415032755609
20.0,0.7375,0.002401839259306392,0.0004862020350823267
20.0,0.7458333333333333,0.0023825593406112634,0.0004822911804348763
20.0,0.7541666666666667,0.002363418010863446,0.00047840870915296263
20.0,0.7625,0.002344414156123915,0.0004745543927276348
20.0,0.7708333333333334,0.0023255466704723065,0.0004707280043077764
20.0,0.7791666666666667,0.002306814455942404,0.0004669293186867491
20.0,0.7875,0.0022882164224580486,0.00046315811228913104
20.0,0.7958333333333333,0.0022697514877695743,0.000459414163157551
20.0,0.8041666666666667,0.0022514185773906113,0.0004556972509396195
20.0,0.8125,0.0022332166245354348,0.00045200715687494797
20.0,0.8208333333333333,0.002215144570056696,0.00044834366378227554
20.0,0.8291666666666667,0.0021972013623836437,0.00044470655604667247
20.0,0.8375,0.0021793859574607667,0.0004410956196068432
20.0,0.8458333333333333,0.002161697318686851,0.00043751064194252724
20.0,0.8541666666666666,0.0021441344168545646,0.00043395141206198037
20.0,0.8625,0.0021266962300903343,0.0004304177204895539
20.0,0.8708333333333333,0.0021093817437948153,0.0004269093592533499
20.0,0.8791666666666667,0.0020921899505836,0.0004234261218729907
20.0,0.8875,0.002075119850228544,0.0004199678033474452
20.0,0.8958333333333334,0.002058170449599328,0.0004165342001429665
20.0,0.9041666666666667,0.0020413407626056097,0.0004131251101811014
20.0,0.9125,0.002024629810139405,0.000409740332826798
20.0,0.9208333333333333,0.0020080366200180533,0.0004063796688765825
20.0,0.9291666666666667,0.001991560226927446,0.0004030429205468365
20.0,0.9375,0.0019751996723657494,0.00039972989146214855
20.0,0.9458333333333333,0.0019589540045874708,0.00039644038664374867
20.0,0.9541666666666667,0.0019428222785479606,0.0003931742124980311
20.0,0.9625,0.0019268035558482747,0.0003899311768051493
20.0,0.9708333333333333,0.0019108969046804376,0.0003867110887077052
20.0,0.9791666666666666,0.001895101399773094,0.0003835137586995018
20.0,0.9875,0.0018794161223375197,0.0003803389986143949
20.0,0.9958333333333333,0.0018638401600140728,0.00037718662161520186
20.2,0.004166666666666667,0.004644308525659548,0.0009442007526388757
20.2,0.0125,0.004608789898658509,0.0009371770873874902
20.2,0.020833333333333332,0.004572914373444631,0.0009295833289906113
20.2,0.029166666666666667,0.004537818325187416,0.0009225574968915782
20.2,0.0375,0.004502783469787776,0.0009153829389407698
20.2,0.04583333333333333,0.004468018308897583,0.0009082697765143043
20.2,0.05416666666666667,0.004433535837461526,0.000901232612149254
20.2,0.0625,0.004399310213760663,0.0008942471996807356
20.2,0.07083333333333333,0.004365337074608954,0.0008873107595317414
20.2,0.07916666666666666,0.004331617784672115,0.0008804262281241882
20.2,0.0875,0.004298151332000241,0.0008735941535032237
20.2,0.09583333333333334,0.004264935368931392,0.0008668137363317498
20.2,0.10416666666666667,0.004231967660619826,0.0008600842785089257
20.2,0.1125,0.0041992462716628,0.0008534053698865307
20.2,0.12083333333333333,0.0041667693562710524,0.0008467766785283912
20.2,0.12916666666666668,0.004134535049868533,0.0008401978423983848
20.2,0.1375,0.004102541471398201,0.0008336684717537745
20.2,0.14583333333333334,0.004070786747984214,0.0008271881738943519
20.2,0.15416666666666667,0.004039269025427359,0.0008207565637442245
20.2,0.1625,0.004007986467265574,0.0008143732629978303
20.2,0.17083333333333334,0.003976937251603838,0.0008080378970350158
20.2,0.17916666666666667,0.003946119569577703,0.0008017500934687581
20.2,0.1875,0.0039155316252572295,0.0007955094821329609
20.2,0.19583333333333333,0.003885171635938884,0.0007893156954574
20.2,0.20416666666666666,0.0038550378322797997,0.000783168368684469
20.2,0.2125,0.0038251284582301315,0.0007770671398834714
20.2,0.22083333333333333,0.0037954417708835728,0.0007710116498822946
20.2,0.22916666666666666,0.0037659760403332947,0.0007650015422041193
20.2,0.2375,0.003736729549556511,0.0007590364630319431
20.2,0.24583333333333332,0.0037077005943171536,0.0007531160611907802
20.2,0.25416666666666665,0.003678887483073126,0.0007472399881337435
20.2,0.2625,0.003650288536881466,0.0007414078979255107
20.2,0.2708333333333333,0.0036219020893010945,0.0007356194472227372
20.2,0.2791666666666667,0.0035937264862946905,0.000729874295253064
20.2,0.2875,0.0035657600861312465,0.0007241721037942182
20.2,0.29583333333333334,0.0035380012592897588,0.0007185125371536684
20.2,0.30416666666666664,0.003510448388364019,0.0007128952621488303
20.2,0.3125,0.003483099867968262,0.0007073199480875448
20.2,0.32083333333333336,0.0034559541046434807,0.000701786266748726
20.2,0.32916666666666666,0.0034290095167644505,0.0006962938923630594
20.2,0.3375,0.003402264534447312,0.0006908425015938356
20.2,0.3458333333333333,0.0033757175994579094,0.0006854317735178712
20.2,0.3541666666666667,0.0033493671651206804,0.0006800613896066079
20.2,0.3625,0.0033232116962284403,0.0006747310337073402
20.2,0.37083333333333335,0.0032972496689526033,0.0006694403920245836
20.2,0.37916666666666665,0.003271479570754253,0.000664189153101615
20.2,0.3875,0.003245899900295771,0.0006589770078021096
20.2,0.3958333333333333,0.0032205091673532036,0.000653803649291952
20.2,0.4041666666666667,0.0031953058927291673,0.0006486687730211492
20.2,0.4125,0.0031702886081665218,0.0006435720767059064
20.2,0.42083333333333334,0.0031454558562625658,0.0006385132603108184
20.2,0.42916666666666664,0.0031208061903839884,0.0006334920260311911
20.2,0.4375,0.003096338174582308,0.0006285080782755156
20.2,0.44583333333333336,0.003072050383510101,0.0006235611236480473
20.2,0.45416666666666666,0.003047941402337678,0.0006186508709315302
20.2,0.4625,0.0030240098266705426,0.0006137770310700429
20.2,0.4708333333333333,0.0030002542624673056,0.0006089393171519805
20.2,0.4791666666666667,0.002976673325958333,0.0006041374443931456
20.2,0.4875,0.0029532656435649306,0.0005993711301199895
20.2,0.49583333333333335,0.0029300298518190803,0.0005946400937529502
20.2,0.5041666666666667,0.0029069645972839182,0.0005899440567899363
20.2,0.5125,0.002884068536474592,0.00058528274278992
20.2,0.5208333333333334,0.0028613403357799125,0.0005806558773566598
20.2,0.5291666666666667,0.0028387786713844096,0.0005760631881225352
20.2,0.5375,0.0028163822291910677,0.0005715044047325116
20.2,0.5458333333333333,0.0027941497047445866,0.0005669792588282095
20.2,0.5541666666666667,0.0027720798031552027,0.000562487484032107
20.2,0.5625,0.0027501712390230804,0.0005580288159318448
20.2,0.5708333333333333,0.0027284227363633174,0.0005536029920646607
20.2,0.5791666666666667,0.002706833028531313,0.0005492097519019268
20.2,0.5875,0.002685400858148966,0.0005448488368338065
20.2,0.5958333333333333,0.002664124977031142,0.0005405199901540267
20.2,0.6041666666666666,0.0026430041461128523,0.0005362229570447566
20.2,0.6125,0.002622037135376907,0.0005319574845615968
20.2,0.6208333333333333,0.0026012227237820784,0.000527723321618695
20.2,0.6291666666666667,0.0025805596991918312,0.0005235202189739408
20.2,0.6375,0.002560046858303544,0.0005193479292143026
20.2,0.6458333333333334,0.002539683006578269,0.0005152062067412479
20.2,0.6541666666666667,0.002519466958170969,0.0005110948077562782
20.2,0.6625,0.002499397535861317,0.0005070134902465815
20.2,0.6708333333333333,0.00247947357098495,0.0005029620139707652
20.2,0.6791666666666667,0.002459693903365221,0.0004989401404447164
20.2,0.6875,0.002440057381245536,0.0004949476329275567
20.2,0.6958333333333333,0.0024205628612220423,0.000490984256407693
20.2,0.7041666666666667,0.002401209208176923,0.0004870497775889886
20.2,0.7125,0.002381995295212115,0.0004831439648770076
20.2,0.7208333333333333,0.0023629200035835273,0.0004792665883653961
20.2,0.7291666666666666,0.002343982222635749,0.00047541741982232296
20.2,0.7375,0.0023251808497371856,0.0004715962326770524
20.2,0.7458333333333333,0.002306514790215729,0.0004678028020065937
20.2,0.7541666666666667,0.002287982957294815,0.00046403690452245626
20.2,0.7625,0.0022695842720300272,0.00046029831855750355
20.2,0.7708333333333334,0.0022513176632460914,0.0004565868240528946
20.2,0.7791666666666667,0.0022331820674743657,0.00045290220254512453
20.2,0.7875,0.0022151764288907416,0.0004492442371531613
20.2,0.7958333333333333,0.00219729969925406,0.0004456127125656723
20.2,0.8041666666666667,0.0021795508378448696,0.00044200741502834514
20.2,0.8125,0.0021619288114047303,0.00043842813233129575
20.2,0.8208333333333333,0.002144432594075875,0.0004348746537965786
20.2,0.8291666666666667,0.0021270611673413525,0.0004313467702657742
20.2,0.8375,0.002109813519965579,0.00042784427408767
20.2,0.8458333333333333,0.002092688647935285,0.00042436695910603745
20.2,0.8541666666666666,0.002075685554400982,0.0004209146206474882
20.2,0.8625,0.002058803249618707,0.00041748705550942407
20.2,0.8708333333333333,0.002042040750892343,0.00041408406194806056
20.2,0.8791666666666667,0.002025397082516172,0.0004107054396665632
20.2,0.8875,0.002008871275718022,0.0004073509898032354
20.2,0.8958333333333334,0.0019924623686026497,0.00040402051491981913
20.2,0.9041666666666667,0.0019761694060956908,0.0004007138189898602
20.2,0.9125,0.0019599914398878335,0.00039743070738717276
20.2,0.9208333333333333,0.0019439275283795522,0.00039417098687436836
20.2,0.9291666666666667,0.0019279767366261092,0.0003909344655914846
20.2,0.9375,0.0019121381362830234,0.00038772095304468373
20.2,0.9458333333333333,0.0018964108055518779,0.00038453026009503314
20.2,0.9541666666666667,0.0018807938291265486,0.00038136219894737143
20.2,0.9625,0.0018652862981397799,0.00037821658313924334
20.2,0.9708333333333333,0.0018498873101101534,0.0003750932275299275
20.2,0.9791666666666666,0.0018345959688894297,0.0003719919482895255
20.2,0.9875,0.0018194113846102377,0.00036891256288814554
20.2,0.9958333333333333,0.0018043326736341945,0.0003658548900851441
20.400000000000002,0.004166666666666667,0.004496844981881195,0.0009158690763814639
20.400000000000002,0.0125,0.004462444420777695,0.0009090517733368491
20.400000000000002,0.020833333333333332,0.00442770502542985,0.0009016892013206379
20.400000000000002,0.029166666666666667,0.004393717568689157,0.0008948737255903364
20.400000000000002,0.0375,0.004359788099110953,0.0008879129751688164
20.400000000000002,0.04583333333333333,0.004326121605707957,0.000881013507693915
20.400000000000002,0.05416666666666667,0.004292728719647004,0.0008741875112055987
20.400000000000002,0.0625,0.004259584300120438,0.0008674113901079851
20.400000000000002,0.07083333333333333,0.004226684483826698,0.000860682814740308
20.400000000000002,0.07916666666666666,0.004194030636127776,0.000854004672623714
20.400000000000002,0.0875,0.004161621706973649,0.0008473774244745024
20.400000000000002,0.09583333333333334,0.004129455397247081,0.000840800270637034
20.400000000000002,0.10416666666666667,0.004097529551246316,0.0008342725436538799
20.400000000000002,0.1125,0.0040658423031033316,0.0008277938547708468
20.400000000000002,0.12083333333333333,0.004034391865693804,0.0008213638829331051
20.400000000000002,0.12916666666666668,0.004003176430693886,0.0008149822749274866
20.400000000000002,0.1375,0.003972194174609531,0.0008086486514966244
20.400000000000002,0.14583333333333334,0.0039414432830274584,0.0008023626316741489
20.400000000000002,0.15416666666666667,0.003910921959978037,0.0007961238422312388
20.400000000000002,0.1625,0.0038806284265354546,0.0007899319163596195
20.400000000000002,0.17083333333333334,0.0038505609177110485,0.0007837864906474098
20.400000000000002,0.17916666666666667,0.003820717681082552,0.00077768720378995
20.400000000000002,0.1875,0.003791096976778796,0.0007716336966557383
20.400000000000002,0.19583333333333333,0.003761697077774246,0.0007656256126614189
20.400000000000002,0.20416666666666666,0.003732516270002874,0.0007596625979655774
20.400000000000002,0.2125,0.0037035528522786224,0.0007537443014685718
20.400000000000002,0.22083333333333333,0.0036748051361463626,0.0007478703747421264
20.400000000000002,0.22916666666666666,0.003646271445743938,0.0007420404719696156
20.400000000000002,0.2375,0.003617950117692795,0.0007362542499141641
20.400000000000002,0.24583333333333332,0.0035898395010049208,0.0007305113679026244
20.400000000000002,0.25416666666666665,0.0035619379569930415,0.0007248114878121405
20.400000000000002,0.2625,0.0035342438591783485,0.0007191542740537309
20.400000000000002,0.2708333333333333,0.0035067555931959397,0.0007135393935529783
20.400000000000002,0.2791666666666667,0.0034794715566996218,0.0007079665157295542
20.400000000000002,0.2875,0.0034523901592675124,0.0007024353124769675
20.400000000000002,0.29583333333333334,0.0034255098223087525,0.0006969454581428847
20.400000000000002,0.30416666666666664,0.0033988289789713007,0.0006914966295099657
20.400000000000002,0.3125,0.0033723460740504962,0.0006860885057769352
20.400000000000002,0.32083333333333336,0.003346059563898272,0.0006807207685398035
20.400000000000002,0.32916666666666666,0.0033199679163330486,0.0006753931017731316
20.400000000000002,0.3375,0.0032940696105501687,0.0006701051918114307
20.400000000000002,0.3458333333333333,0.0032683631370330783,0.0006648567273306523
20.400000000000002,0.3541666666666667,0.003242846997465028,0.0006596473993298522
20.400000000000002,0.3625,0.003217519704641651,0.0006544769011129799
20.400000000000002,0.37083333333333335,0.0031923797823839705,0.0006493449282708019
20.400000000000002,0.37916666666666665,0.0031674257654522157,0.0006442511786629966
20.400000000000002,0.3875,0.0031426561994601907,0.0006391953524003366
20.400000000000002,0.3958333333333333,0.003118069640790348,0.0006341771518270435
20.400000000000002,0.4041666666666667,0.003093664656509397,0.0006291962815032408
20.400000000000002,0.4125,0.0030694398242846472,0.0006242524481875642
20.400000000000002,0.42083333333333334,0.003045393732300854,0.0006193453608198855
20.400000000000002,0.42916666666666664,0.003021524979177812,0.0006144747305041596
20.400000000000002,0.4375,0.0029978321738884047,0.0006096402704914249
20.400000000000002,0.44583333333333336,0.0029743139356774298,0.0006048416961628998
20.400000000000002,0.45416666666666666,0.0029509688939808564,0.0006000787250132241
20.400000000000002,0.4625,0.0029277956883458386,0.000595351076633817
20.400000000000002,0.4708333333333333,0.0029047929683511725,0.0005906584726963655
20.400000000000002,0.4791666666666667,0.002881959393528463,0.0005860006369364231
20.400000000000002,0.4875,0.0028592936332838092,0.000581377295137148
20.400000000000002,0.49583333333333335,0.00283679436682003,0.0005767881751131411
20.400000000000002,0.5041666666666667,0.002814460283059602,0.0005722330066944207
20.400000000000002,0.5125,0.002792290080567969,0.0005677115217105084
20.400000000000002,0.5208333333333334,0.00277028246747762,0.0005632234539746336
20.400000000000002,0.5291666666666667,0.0027484361614125625,0.0005587685392680545
20.400000000000002,0.5375,0.0027267498894134497,0.0005543465153245006
20.400000000000002,0.5458333333333333,0.002705222387863213,0.0005499571218147154
20.400000000000002,0.5541666666666667,0.0026838524024132542,0.0005456001003311331
20.400000000000002,0.5625,0.0026626386879101713,0.0005412751943726509
20.400000000000002,0.5708333333333333,0.0026415800083230846,0.0005369821493295292
20.400000000000002,0.5791666666666667,0.0026206751366713325,0.0005327207124683894
20.400000000000002,0.5875,0.0025999228549529376,0.000528490632917329
20.400000000000002,0.5958333333333333,0.002579321954073366,0.0005242916616511497
20.400000000000002,0.6041666666666666,0.0025588712337749563,0.000520123551476686
20.400000000000002,0.6125,0.0025385695025668164,0.000515986057018244
20.400000000000002,0.6208333333333333,0.0025184155776552144,0.0005118789347031608
20.400000000000002,0.6291666666666667,0.002498408284874516,0.000507801942747441
20.400000000000002,0.6375,0.0024785464586186026,0.0005037548411415315
20.400000000000002,0.6458333333333334,0.0024588289417728044,0.0004997373916361775
20.400000000000002,0.6541666666666667,0.0024392545856463006,0.00049574935772839
20.400000000000002,0.6625,0.0024198222499050687,0.0004917905046475238
20.400000000000002,0.6708333333333333,0.0024005308025052637,0.0004878605993414399
20.400000000000002,0.6791666666666667,0.002381379119627089,0.0004839594104627865
20.400000000000002,0.6875,0.002362366085609229,0.0004800867083553735
20.400000000000002,0.6958333333333333,0.002343490592883632,0.00047624226504063737
20.400000000000002,0.7041666666666667,0.0023247515419108607,0.00047242585420422976
20.400000000000002,0.7125,0.002306147841115875,0.000468637251182669
20.400000000000002,0.7208333333333333,0.0022876784068242904,0.00046487623295012926
20.400000000000002,0.7291666666666666,0.0022693421631991046,0.0004611425781052864
20.400000000000002,0.7375,0.0022511380421778512,0.00045743606685829063
20.400000000000002,0.7458333333333333,0.002233064983410263,0.00045375648101781665
20.400000000000002,0.7541666666666667,0.00221512193419631,0.0004501036039782118
20.400000000000002,0.7625,0.0021973078494247735,0.00044647722070674447
20.400000000000002,0.7708333333333334,0.002179621691512196,0.0004428771177309349
20.400000000000002,0.7791666666666667,0.0021620624303423054,0.0004393030831259827
20.400000000000002,0.7875,0.00214462904320585,0.0004357549065022875
20.400000000000002,0.7958333333333333,0.002127320514740916,0.00043223237899305743
20.400000000000002,0.8041666666666667,0.0021101358368735934,0.0004287352932420086
20.400000000000002,0.8125,0.0020930740087591634,0.00042526344339114866
20.400000000000002,0.8208333333333333,0.0020761340367236245,0.0004218166250686611
20.400000000000002,0.8291666666666667,0.0020593149342057007,0.00041839463537686196
20.400000000000002,0.8375,0.002042615721699236,0.0004149972728802496
20.400000000000002,0.8458333333333333,0.002026035426695975,0.00041162433759364713
20.400000000000002,0.8541666666666666,0.0020095730836288397,0.0004082756309704202
20.400000000000002,0.8625,0.001993227733815494,0.00040495095589078786
20.400000000000002,0.8708333333333333,0.0019769984254024426,0.0004016501166502035
20.400000000000002,0.8791666666666667,0.0019608842133093758,0.00039837291894784504
20.400000000000002,0.8875,0.001944884159174076,0.00039511916987515624
20.400000000000002,0.8958333333333334,0.0019289973312975645,0.00039188867790449655
20.400000000000002,0.9041666666666667,0.0019132228045897867,0.0003886812528778538
20.400000000000002,0.9125,0.0018975596605155195,0.00038549670599565325
20.400000000000002,0.9208333333333333,0.0018820069870408237,0.00038233484980562953
20.400000000000002,0.9291666666666667,0.0018665638785797531,0.00037919549819179454
20.400000000000002,0.9375,0.0018512294359415164,0.00037607846636347395
20.400000000000002,0.9458333333333333,0.0018360027662779655,0.0003729835708444231
20.400000000000002,0.9541666666666667,0.0018208829830314989,0.00036991062946202475
20.400000000000002,0.9625,0.0018058692058832908,0.0003668594613365553
20.400000000000002,0.9708333333333333,0.0017909605607019149,0.0003638298868705398
20.400000000000002,0.9791666666666666,0.0017761561794923135,0.00036082172773816773
20.400000000000002,0.9875,0.001761455200345119,0.0003578348068747988
20.400000000000002,0.9958333333333333,0.0017468567673863831,0.0003548689484665266
20.6,0.004166666666666667,0.004354368185595342,0.0008883999111284794
20.6,0.0125,0.004321048394090968,0.0008817829021981818
20.6,0.020833333333333332,0.004287406959140787,0.0008746443473310919
20.6,0.029166666666666667,0.004254490903094742,0.0008680328111481045
20.6,0.0375,0.004221629842546646,0.0008612794409486928
20.6,0.04583333333333333,0.004189025190212677,0.000854587168682459
20.6,0.05416666666666667,0.004156685349658785,0.0008479659057641527
20.6,0.0625,0.004124585889588927,0.0008413927174497027
20.6,0.07083333333333333,0.004092723417018923,0.000834865696097652
20.6,0.07916666666666666,0.004061099289128112,0.0008283876731073663
20.6,0.0875,0.0040297124206007595,0.0008219590263464882
20.6,0.09583333333333334,0.0039985605619367376,0.0008155789585469742
20.6,0.10416666666666667,0.003967641634390258,0.0008092468323285634
20.6,0.1125,0.003936953838764462,0.0008029622790774387
20.6,0.12083333333333333,0.003906495444324067,0.000796724987942346
20.6,0.12916666666666668,0.003876264697164383,0.0007905346142864804
20.6,0.1375,0.003846259829575964,0.0007843907891342943
20.6,0.14583333333333334,0.0038164790837421996,0.0007782931429507133
20.6,0.15416666666666667,0.0037869207200059633,0.0007722413139888337
20.6,0.1625,0.0037575830150688196,0.0007662349465693856
20.6,0.17083333333333334,0.0037284642589700636,0.0007602736881397103
20.6,0.17916666666666667,0.0036995627538767757,0.0007543571881428667
20.6,0.1875,0.0036708768141394425,0.0007484850981519458
20.6,0.19583333333333333,0.0036424047665844068,0.0007426570722404708
20.6,0.20416666666666666,0.0036141449506073907,0.0007368727671533487
20.6,0.2125,0.0035860957180835163,0.0007311318422937934
20.6,0.22083333333333333,0.0035582554332196674,0.0007254339596518641
20.6,0.22916666666666666,0.0035306224724227235,0.0007197787837485097
20.6,0.2375,0.003503195224195967,0.0007141659816070205
20.6,0.24583333333333332,0.0034759720890499457,0.0007085952227385408
20.6,0.25416666666666665,0.003448951479415424,0.0007030661791289984
20.6,0.2625,0.0034221318195535723,0.0006975785252227928
20.6,0.2708333333333333,0.003395511545464059,0.0006921319379037808
20.6,0.2791666666666667,0.0033690891047927006,0.0006867260964753309
20.6,0.2875,0.003342862956740024,0.00068136068264071
20.6,0.29583333333333334,0.0033168315719709065,0.0006760353804840465
20.6,0.30416666666666664,0.0032909934325252655,0.0006707498764517737
20.6,0.3125,0.003265347031729441,0.0006655038593342716
20.6,0.32083333333333336,0.0032398908741082142,0.000660297020247643
20.6,0.32916666666666666,0.00321462347529748,0.0006551290526155269
20.6,0.3375,0.0031895433619574345,0.0006499996521510498
20.6,0.3458333333333333,0.003164649071686512,0.0006449085168388687
20.6,0.3541666666666667,0.003139939152935811,0.0006398553469173812
20.6,0.3625,0.003115412164924372,0.0006348398448610595
20.6,0.37083333333333335,0.0030910666775548798,0.000629861715362915
20.6,0.37916666666666665,0.0030669012713301406,0.0006249206653171263
20.6,0.3875,0.0030429145372700955,0.0006200164038017541
20.6,0.3958333333333333,0.003019105076829525,0.0006151486420616231
20.6,0.4041666666666667,0.0029954715018162604,0.0006103170934912963
20.6,0.4125,0.002972012434310115,0.0006055214736182052
20.6,0.42083333333333334,0.002948726506582299,0.00060076150008589
20.6,0.42916666666666664,0.0029256123610155683,0.0005960368926373575
20.6,0.4375,0.002902668650024797,0.0005913473730985884
20.6,0.44583333333333336,0.0028798940359783176,0.000586692665362139
20.6,0.45416666666666666,0.0028572871911196744,0.0005820724953708831
20.6,0.4625,0.002834846797490116,0.0005774865911018654
20.6,0.4708333333333333,0.002812571546851497,0.0005729346825502847
20.6,0.4791666666666667,0.0027904601406099016,0.000568416501713579
20.6,0.4875,0.0027685112897397344,0.0005639317825756521
20.6,0.49583333333333335,0.0027467237147083628,0.0005594802610911927
20.6,0.5041666666666667,0.0027250961454014294,0.0005550616751701263
20.6,0.5125,0.0027036273210485464,0.0005506757646621776
20.6,0.5208333333333334,0.002682315990149707,0.0005463222713415455
20.6,0.5291666666666667,0.0026611609104021006,0.0005420009388916916
20.6,0.5375,0.0026401608486275622,0.0005377115128902488
20.6,0.5458333333333333,0.0026193145807004953,0.0005334537407940236
20.6,0.5541666666666667,0.0025986208914763557,0.0005292273719241312
20.6,0.5625,0.002578078574720641,0.0005250321574512219
20.6,0.5708333333333333,0.0025576864330384644,0.000520867850380831
20.6,0.5791666666666667,0.0025374432778044907,0.0005167342055388263
20.6,0.5875,0.002517347929093609,0.0005126309795569657
20.6,0.5958333333333333,0.0024973992156119063,0.0005085579308585677
20.6,0.6041666666666666,0.002477595974628271,0.0005045148196442763
20.6,0.6125,0.002457937051906467,0.000500501407877936
20.6,0.6208333333333333,0.0024384213016376733,0.0004965174592725801
20.6,0.6291666666666667,0.0024190475863735622,0.0004925627392764986
20.6,0.6375,0.0023998147769598373,0.0004886370150594363
20.6,0.6458333333333334,0.002380721752470282,0.0004847400554988707
20.6,0.6541666666666667,0.0023617674001412334,0.00048087163116639764
20.6,0.6625,0.0023429506153066276,0.0004770315143142264
20.6,0.6708333333333333,0.002324270301333431,0.0004732194788617546
20.6,0.6791666666666667,0.0023057253695575593,0.0004694353003822596
20.6,0.6875,0.0022873147392203455,0.0004656787560896777
20.6,0.6958333333333333,0.00226903733740533,0.0004619496248254745
20.6,0.7041666666666667,0.0022508920989756263,0.0004582476870456333
20.6,0.7125,0.002232877966511685,0.00045457272480770543
20.6,0.7208333333333333,0.002214993890249528,0.00045092452175799337
20.6,0.7291666666666666,0.0021972388280194297,0.0004473028631187901
20.6,0.7375,0.0021796117451850262,0.0004437075356757399
20.6,0.7458333333333333,0.0021621116145829067,0.0004401383277652749
20.6,0.7541666666666667,0.0021447374164625665,0.00043659502926214714
20.6,0.7625,0.0021274881384268844,0.00043307743156705843
20.6,0.7708333333333334,0.002110362775372968,0.0004295853275943678
20.6,0.7791666666666667,0.0020933603294334482,0.0004261185117598958
20.6,0.7875,0.002076479809918183,0.00042267677996881683
20.6,0.7958333333333333,0.0020597202332564234,0.0004192599296036382
20.6,0.8041666666666667,0.0020430806229393183,0.00041586775951226666
20.6,0.8125,0.002026560009462917,0.0004125000699961558
20.6,0.8208333333333333,0.0020101574302715175,0.00040915666279855333
20.6,0.8291666666666667,0.0019938719297014663,0.00040583734109281674
20.6,0.8375,0.0019777025589253396,0.00040254190947082034
20.6,0.8458333333333333,0.0019616483758964935,0.00039927017393145075
20.6,0.8541666666666666,0.001945708445294107,0.0003960219418691774
20.6,0.8625,0.001929881838468485,0.0003927970220627119
20.6,0.8708333333333333,0.0019141676333868996,0.000389595224663736
20.6,0.8791666666666667,0.001898564914579652,0.0003864163611857356
20.6,0.8875,0.0018830727730866942,0.00038326024449288363
20.6,0.8958333333333334,0.0018676903064044736,0.0003801266887890301
20.6,0.9041666666666667,0.0018524166184332998,0.00037701550960675005
20.6,0.9125,0.0018372508194249321,0.0003739265237964882
20.6,0.9208333333333333,0.0018221920259306884,0.0003708595495157625
20.6,0.9291666666666667,0.0018072393607498117,0.00036781440621846165
20.6,0.9375,0.001792391952878267,0.0003647909146442089
20.6,0.9458333333333333,0.0017776489374578626,0.00036178889680780243
20.6,0.9541666666666667,0.0017630094557257614,0.0003588081759887365
20.6,0.9625,0.0017484726549643235,0.0003558485767207886
20.6,0.9708333333333333,0.0017340376884513206,0.00035290992478169067
20.6,0.9791666666666666,0.0017197037154104862,0.0003499920471828626
20.6,0.9875,0.0017054699009624126,0.00034709477215923027
20.6,0.9958333333333333,0.0016913354160758363,0.00034421792915910167
20.8,0.004166666666666667,0.004216691530407748,0.0008617662688972002
20.8,0.0125,0.004184416582641574,0.000855343665059801
20.8,0.020833333333333332,0.004151836350660287,0.0008484221872893794
20.8,0.029166666666666667,0.004119955882080597,0.0008420083770076344
20.8,0.0375,0.004088127616772852,0.0008354561566855278
20.8,0.04583333333333333,0.0040565493387278604,0.000828964781800274
20.8,0.05416666666666667,0.004025227354924371,0.000822542019787679
20.8,0.0625,0.003994137949459591,0.0008161656042577418
20.8,0.07083333333333333,0.00396327817110896,0.0008098340226392918
20.8,0.07916666666666666,0.003932649360969527,0.0008035500439072095
20.8,0.0875,0.003902250401355663,0.0007973139675615283
20.8,0.09583333333333334,0.0038720790932729953,0.0007911250011840603
20.8,0.10416666666666667,0.003842133432723266,0.0007849825368253627
20.8,0.1125,0.0038124116844251493,0.0007788862248070046
20.8,0.12083333333333333,0.0037829121718709912,0.0007728357638591926
20.8,0.12916666666666668,0.003753633193821678,0.0007668308176959266
20.8,0.1375,0.0037245730366338697,0.0007608710274218396
20.8,0.14583333333333334,0.003695729997281874,0.0007549560346331531
20.8,0.15416666666666667,0.003667102390570031,0.0007490854887085889
20.8,0.1625,0.0036386885469874303,0.0007432590447418525
20.8,0.17083333333333334,0.003610486809791456,0.0007374763607026262
20.8,0.17916666666666667,0.0035824955339525916,0.0007317370964579713
20.8,0.1875,0.003554713086271525,0.0007260409139656641
20.8,0.19583333333333333,0.003527137845665444,0.0007203874776360359
20.8,0.20416666666666666,0.0034997682032415303,0.0007147764544804755
20.8,0.2125,0.003472602562197998,0.0007092075140869832
20.8,0.22083333333333333,0.0034456393376786874,0.0007036803285485621
20.8,0.22916666666666666,0.0034188769566475164,0.0006981945724111317
20.8,0.2375,0.003392313857790338,0.0006927499226480912
20.8,0.24583333333333332,0.0033659484914294337,0.0006873460586471385
20.8,0.25416666666666665,0.0033397793194390357,0.0006819826621974729
20.8,0.2625,0.0033138048151579065,0.0006766594174735825
20.8,0.2708333333333333,0.0032880234633000196,0.0006713760110165495
20.8,0.2791666666666667,0.003262433759864995,0.000666132131714639
20.8,0.2875,0.0032370342120495222,0.0006609274707843145
20.8,0.29583333333333334,0.0032118233381598525,0.0006557617217518227
20.8,0.30416666666666664,0.003186799667525262,0.0006506345804352206
20.8,0.3125,0.0031619617404121825,0.0006455457449265666
20.8,0.32083333333333336,0.003137308107938916,0.0006404949155742353
20.8,0.32916666666666666,0.003112837331991009,0.0006354817949652629
20.8,0.3375,0.0030885479851371044,0.0006305060879078354
20.8,0.3458333333333333,0.0030644386505455316,0.000625567501413866
20.8,0.3541666666666667,0.003040507921901386,0.0006206657446817363
20.8,0.3625,0.003016754403324416,0.0006158005290791596
20.8,0.37083333333333335,0.0029931767092873287,0.0006109715681261684
20.8,0.37916666666666665,0.0029697734645348444,0.0006061785774782614
20.8,0.3875,0.0029465433040032738,0.000601421274909633
20.8,0.3958333333333333,0.0029234848727407595,0.0005966993802965673
20.8,0.4041666666666667,0.002900596825828017,0.000592012615600918
20.8,0.4125,0.0028778778282997643,0.0005873607048537426
20.8,0.42083333333333334,0.002855326555066626,0.0005827433741390437
20.8,0.42916666666666664,0.0028329416908377454,0.0005781603515776217
20.8,0.4375,0.002810721930043815,0.000573611367311076
20.8,0.44583333333333336,0.002788665976760841,0.0005690961534858948
20.8,0.45416666666666666,0.0027667725446343175,0.0005646144442376827
20.8,0.4625,0.0027450403568041017,0.0005601659756754935
20.8,0.4708333333333333,0.0027234681458297126,0.0005557504858662948
20.8,0.4791666666666667,0.0027020546536162984,0.0005513677148195247
20.8,0.4875,0.0026807986313410765,0.0005470174044717923
20.8,0.49583333333333335,0.002659698839380308,0.0005426992986716611
20.8,0.5041666666666667,0.002638754047236913,0.0005384131431645673
20.8,0.5125,0.0026179630334684572,0.0005341586855778408
20.8,0.5208333333333334,0.002597324585615843,0.0005299356754058408
20.8,0.5291666666666667,0.0025768375001323836,0.0005257438639951936
20.8,0.5375,0.00255650058231349,0.0005215830045301548
20.8,0.5458333333333333,0.0025363126462268227,0.0005174528520180586
20.8,0.5541666666666667,0.0025162725146429888,0.0005133531632748942
20.8,0.5625,0.002496379018966717,0.0005092836969109765
20.8,0.5708333333333333,0.0024766309991686147,0.0005052442133167303
20.8,0.5791666666666667,0.0024570273037172654,0.0005012344746485732
20.8,0.5875,0.0024375667895120442,0.0004972542448149046
20.8,0.5958333333333333,0.002418248321816227,0.0004933032894622018
20.8,0.6041666666666666,0.0023990707741907047,0.0004893813759612118
20.8,0.6125,0.002380033028428158,0.00048548827339324685
20.8,0.6208333333333333,0.002361133974487679,0.0004816237525365906
20.8,0.6291666666666667,0.0023423725104299224,0.00047778758585298274
20.8,0.6375,0.0023237475423526933,0.0004739795474742272
20.8,0.6458333333333334,0.0023052579843270394,0.00047019941318888147
20.8,0.6541666666666667,0.002286902758333744,0.0004664469604290477
20.8,0.6625,0.002268680794200384,0.0004627219682572704
20.8,0.6708333333333333,0.002250591029538758,0.00045902421735351164
20.8,0.6791666666666667,0.002232632409682782,0.00045535349000224064
20.8,0.6875,0.002214803887626925,0.00045170957007960663
20.8,0.6958333333333333,0.0021971044239649552,0.0004480922430407023
20.8,0.7041666666666667,0.0021795329868292373,0.0004445012959069393
20.8,0.7125,0.0021620885518304237,0.0004409365172534857
20.8,0.7208333333333333,0.0021447701019975986,0.0004373976971968301
20.8,0.7291666666666666,0.0021275766277188573,0.00043388462738240346
20.8,0.7375,0.002110507126682293,0.0004303971009723171
20.8,0.7458333333333333,0.0020935606038174643,0.00042693491263317337
20.8,0.7541666666666667,0.0020767360712372,0.00042349785852396953
20.8,0.7625,0.002060032548179918,0.00042008573628409825
20.8,0.7708333333333334,0.0020434490609523045,0.0004166983450214206
20.8,0.7791666666666667,0.0020269846428724193,0.0004133354853004345
20.8,0.7875,0.0020106383342132043,0.000409996959130529
20.8,0.7958333333333333,0.001994409182146443,0.00040668256995432165
20.8,0.8041666666666667,0.001978296240687038,0.0004033921226360818
20.8,0.8125,0.0019622985706377813,0.00040012542345023064
20.8,0.8208333333333333,0.0019464152395344567,0.0003968822800699399
20.8,0.8291666666666667,0.0019306453215913717,0.00039366250155579643
20.8,0.8375,0.0019149878976472729,0.000390465898344555
20.8,0.8458333333333333,0.0018994420551116126,0.0003872922822379774
20.8,0.8541666666666666,0.0018840068879112841,0.0003841414663917436
20.8,0.8625,0.0018686814964376268,0.00038101326530445005
20.8,0.8708333333333333,0.0018534649874939427,0.0003779074948066745
20.8,0.8791666666666667,0.0018383564742432215,0.0003748239720501421
20.8,0.8875,0.0018233550761564239,0.00037176251549694096
20.8,0.8958333333333334,0.001808459918960963,0.00036872294490884115
20.8,0.9041666666666667,0.001793670134589705,0.00036570508133666854
20.8,0.9125,0.001778984861130182,0.000362708747109774
20.8,0.9208333333333333,0.0017644032427742995,0.0003597337658255596
20.8,0.9291666666666667,0.00174992442976831,0.000356779962339095
20.8,0.9375,0.0017355475783631912,0.00035384716275279953
20.8,0.9458333333333333,0.0017212718507653444,0.0003509351944061965
20.8,0.9541666666666667,0.001707096415087667,0.00034804388586574884
20.8,0.9625,0.0016930204453009536,0.0003451730669147554
20.8,0.9708333333333333,0.001679043121185646,0.000342322568543332
20.8,0.9791666666666666,0.0016651636282839213,0.0003394922229384504
20.8,0.9875,0.001651381157852105,0.000336681863474061
20.8,0.9958333333333333,0.0016376949068134705,0.0003338913247012701
21.0,0.004166666666666667,0.0040836363623234975,0.0008359420491148854
21.0,0.0125,0.0040523716453302995,0.0008297081350909621
21.0,0.020833333333333332,0.0040208172113963435,0.0008229970158582499
21.0,0.029166666666666667,0.00398993783627425,0.0008167749141164874
21.0,0.0375,0.003959108058005709,0.0008104178039992115
21.0,0.04583333333333333,0.003928521989846414,0.0008041212240860471
21.0,0.05416666666666667,0.003898183968109105,0.0007978909253279569
21.0,0.0625,0.003868070995675929,0.0007917053146420598
21.0,0.07083333333333333,0.0038381805355486454,0.0007855632485440643
21.0,0.07916666666666666,0.00380851390575456,0.0007794674281354373
21.0,0.0875,0.0037790699591675222,0.0007734180790052034
21.0,0.09583333333333334,0.0037498465480119638,0.0007674144158141152
21.0,0.10416666666666667,0.0037208417408178263,0.0007614558593291326
21.0,0.1125,0.0036920538635706753,0.0007555420776524554
21.0,0.12083333333333333,0.003663481291937557,0.0007496727785257627
21.0,0.12916666666666668,0.0036351223756656862,0.0007438476338066907
21.0,0.1375,0.003606975453516279,0.0007380662944798031
21.0,0.14583333333333334,0.0035790388755068668,0.0007323284129755205
21.0,0.15416666666666667,0.003551311009115971,0.0007266336494509032
21.0,0.1625,0.003523790236846693,0.0007209816694285689
21.0,0.17083333333333334,0.0034964749534303085,0.0007153721410753486
21.0,0.17916666666666667,0.0034693635649188375,0.0007098047343690665
21.0,0.1875,0.003442454488854657,0.0007042791213420156
21.0,0.19583333333333333,0.0034157461545472083,0.0006987949764308703
21.0,0.20416666666666666,0.003389237003127037,0.0006933519766033945
21.0,0.2125,0.003362925487439261,0.0006879498013241218
21.0,0.22083333333333333,0.0033368100719011157,0.0006825881324833951
21.0,0.22916666666666666,0.0033108892323825898,0.0006772666543491891
21.0,0.2375,0.0032851614561134044,0.0006719850535445359
21.0,0.24583333333333332,0.0032596252416008595,0.0006667430190354434
21.0,0.25416666666666665,0.003234279098547767,0.0006615402421182915
21.0,0.2625,0.0032091215477673485,0.0006563764164037243
21.0,0.2708333333333333,0.0031841511210964624,0.0006512512377982928
21.0,0.2791666666666667,0.0031593663613087375,0.0006461644044855854
21.0,0.2875,0.0031347658220287973,0.000641115616907859
21.0,0.29583333333333334,0.003110348067647483,0.0006361045777482243
21.0,0.30416666666666664,0.0030861116732380173,0.000631130991913232
21.0,0.3125,0.003062055224472773,0.0006261945665155985
21.0,0.32083333333333336,0.0030381773175406235,0.0006212950108570364
21.0,0.32916666666666666,0.003014476559064898,0.000616432036411122
21.0,0.3375,0.002990951566021841,0.0006116053568063011
21.0,0.3458333333333333,0.002967600965659766,0.0006068146878089861
21.0,0.3541666666666667,0.0029444233954186902,0.000602059747306814
21.0,0.3625,0.0029214175028507566,0.0005973402552920225
21.0,0.37083333333333335,0.002898581945541058,0.0005926559338449423
21.0,0.37916666666666665,0.002875915391029186,0.0005880065071176505
21.0,0.3875,0.0028534165167312937,0.0005833917013176962
21.0,0.3958333333333333,0.0028310840098627853,0.0005788112446919926
21.0,0.4041666666666667,0.0028089165673615066,0.0005742648675107891
21.0,0.4125,0.0027869128958115962,0.0005697523020517927
21.0,0.42083333333333334,0.0027650717113677976,0.0005652732825843942
21.0,0.42916666666666664,0.002743391739680457,0.0005608275453540032
21.0,0.4375,0.0027218717158209275,0.0005564148285665255
21.0,0.44583333333333336,0.0027005103842076858,0.0005520348723729282
21.0,0.45416666666666666,0.002679306498532842,0.0005476874188539378
21.0,0.4625,0.0026582588216893343,0.0005433722120048395
21.0,0.4708333333333333,0.0026373661256985305,0.000539088997720406
21.0,0.4791666666666667,0.002616627191638479,0.0005348375237799141
21.0,0.4875,0.002596040809572615,0.0005306175398323026
21.0,0.49583333333333335,0.002575605778478995,0.0005264287973814084
21.0,0.5041666666666667,0.002555320906180134,0.0005222710497713352
21.0,0.5125,0.0025351850092732216,0.0005181440521719209
21.0,0.5208333333333334,0.0025151969130610095,0.0005140475615643169
21.0,0.5291666666666667,0.002495355451483076,0.0005099813367266658
21.0,0.5375,0.00247565946704768,0.0005059451382199012
21.0,0.5458333333333333,0.00245610781076407,0.0005019387283736305
21.0,0.5541666666666667,0.002436699342075315,0.0004979618712721403
21.0,0.5625,0.0024174329287916106,0.0004940143327404966
21.0,0.5708333333333333,0.002398307447024133,0.0004900958803307515
21.0,0.5791666666666667,0.002379321781119239,0.0004862062833082478
21.0,0.5875,0.002360474823593348,0.00048234531263802605
21.0,0.5958333333333333,0.0023417654750681233,0.00047851274097133583
21.0,0.6041666666666666,0.0023231926442062283,0.00047470834263223775
21.0,0.6125,0.002304755247647533,0.0004709318936043098
21.0,0.6208333333333333,0.002286452209945749,0.0004671831715174576
21.0,0.6291666666666667,0.0022682824635055924,0.00046346195563480244
21.0,0.6375,0.0022502449485203506,0.00045976802683969013
21.0,0.6458333333333334,0.0022323386129099493,0.0004561011676227759
21.0,0.6541666666666667,0.0022145624122594126,0.0004524611620692108
21.0,0.6625,0.002196915309757853,0.00044884779584592854
21.0,0.6708333333333333,0.0021793962761378393,0.00044526085618901146
21.0,0.6791666666666667,0.0021620042896152098,0.0004417001318911641
21.0,0.6875,0.002144738335829407,0.0004381654132892681
21.0,0.6958333333333333,0.0021275974077841113,0.0004346564922520267
21.0,0.7041666666666667,0.00211058050578842,0.0004311731621677167
21.0,0.7125,0.0020936866373983953,0.000427715217932
21.0,0.7208333333333333,0.0020769148173590576,0.00042428245593585943
21.0,0.7291666666666666,0.002060264067546804,0.00042087467405359024
21.0,0.7375,0.0020437334169122134,0.0004174916716309027
21.0,0.7458333333333333,0.0020273219014233243,0.0004141332494730969
21.0,0.7541666666666667,0.002011028564009234,0.0004107992098333289
21.0,0.7625,0.0019948524545042035,0.00040748935640096666
21.0,0.7708333333333334,0.001978792629592105,0.00040420349429002076
21.0,0.7791666666666667,0.001962848152751285,0.00040094143002766564
21.0,0.7875,0.0019470180941998172,0.00039770297154284373
21.0,0.7958333333333333,0.0019313015308411955,0.0003944879281549516
21.0,0.8041666666666667,0.001915697546210331,0.0003912961105626081
21.0,0.8125,0.0019002052304200306,0.000388127330832497
21.0,0.8208333333333333,0.0018848236801077972,0.00038498140238830763
21.0,0.8291666666666667,0.0018695519983830395,0.00038185813999973533
21.0,0.8375,0.001854389294774663,0.0003787573597715722
21.0,0.8458333333333333,0.0018393346851789951,0.0003756788791328778
21.0,0.8541666666666666,0.001824387291808169,0.00037262251682622084
21.0,0.8625,0.0018095462431387663,0.00036958809289700743
21.0,0.8708333333333333,0.0017948106738609523,0.00036657542868287057
21.0,0.8791666666666667,0.0017801797248278223,0.00036358434680316005
21.0,0.8875,0.0017656525430052822,0.00036061467114848053
21.0,0.8958333333333334,0.0017512282814221172,0.00035766622687032865
21.0,0.9041666666666667,0.0017369060991205764,0.00035473884037078355
21.0,0.9125,0.0017226851611071529,0.00035183233929229104
21.0,0.9208333333333333,0.0017085646383038441,0.00034894655250750214
21.0,0.9291666666666667,0.0016945437074996769,0.00034608131010919926
21.0,0.9375,0.0016806215513026149,0.000343236443400286
21.0,0.9458333333333333,0.0016667973580917872,0.00034041178488384763
21.0,0.9541666666666667,0.001653070321970071,0.0003376071682532898
21.0,0.9625,0.0016394396427169943,0.00033482242838253694
21.0,0.9708333333333333,0.0016259045257419804,0.00033205740131631104
21.0,0.9791666666666666,0.0016124641820379159,0.0003293119242604694
21.0,0.9875,0.001599117828135042,0.00032658583557242126
21.0,0.9958333333333333,0.0015858646860552074,0.0003238789747515975
21.2,0.004166666666666667,0.003955031604244509,0.0008109020069349347
21.2,0.0125,0.003924743763168512,0.0008048512360188514
21.2,0.020833333333333332,0.0038941810181875587,0.0007983439708490445
21.2,0.029166666666666667,0.0038642695061786923,0.0007923077499414586
21.2,0.0375,0.0038344051576815123,0.0007861398949570244
21.2,0.04583333333333333,0.003804778382862306,0.0007800321967504285
21.2,0.05416666666666667,0.0037753916682780777,0.0007739885122137756
21.2,0.0625,0.003746222736712986,0.0007679879241929511
21.2,0.07083333333333333,0.003717269438895077,0.0007620296332840258
21.2,0.07916666666666666,0.0036885330636423855,0.0007561162680580783
21.2,0.0875,0.0036600124373265563,0.0007502479846031103
21.2,0.09583333333333334,0.0036317054639368913,0.0007444240066657403
21.2,0.10416666666666667,0.0036036102823099963,0.0007386437829579374
21.2,0.1125,0.003575725277155321,0.0007329069982590352
21.2,0.12083333333333333,0.003548048874364339,0.000727213368800859
21.2,0.12916666666666668,0.0035205794730609405,0.0007215625743935039
21.2,0.1375,0.0034933154628035753,0.0007159542757022165
21.2,0.14583333333333334,0.0034662552449613885,0.0007103881356977727
21.2,0.15416666666666667,0.003439397237961379,0.0007048638249773872
21.2,0.1625,0.003412739874610882,0.0006993810191601908
21.2,0.17083333333333334,0.003386281599433809,0.0006939393962961921
21.2,0.17916666666666667,0.00336002086790324,0.0006885386361707899
21.2,0.1875,0.003333956146655103,0.0006831784205900188
21.2,0.19583333333333333,0.003308085913752438,0.0006778584337157509
21.2,0.20416666666666666,0.0032824086587207465,0.000672578362171459
21.2,0.2125,0.0032569228824352735,0.0006673378949994685
21.2,0.22083333333333333,0.0032316270969820955,0.0006621367235913286
21.2,0.22916666666666666,0.0032065198255448665,0.0006569745416435273
21.2,0.2375,0.0031815996023165827,0.000651851045137524
21.2,0.24583333333333332,0.0031568649724205127,0.0006467659323285813
21.2,0.25416666666666665,0.003132314491830425,0.0006417189037332899
21.2,0.2625,0.0031079467272877377,0.0006367096621135746
21.2,0.2708333333333333,0.0030837602562172163,0.0006317379124586959
21.2,0.2791666666666667,0.003059753666642774,0.0006268033619669232
21.2,0.2875,0.003035925557104379,0.0006219057200277677
21.2,0.29583333333333334,0.003012274536575939,0.0006170446982047468
21.2,0.30416666666666664,0.0029887992243840633,0.0006122200102185082
21.2,0.3125,0.002965498250127397,0.0006074313719300697
21.2,0.32083333333333336,0.0029423702535964964,0.000602678501324152
21.2,0.32916666666666666,0.002919413884694311,0.0005979611184925519
21.2,0.3375,0.002896627803357151,0.0005932789456176515
21.2,0.3458333333333333,0.002874010679476324,0.0005886317069560197
21.2,0.3541666666666667,0.002851561192820255,0.0005840191288221718
21.2,0.3625,0.002829278032957346,0.0005794409395724403
21.2,0.37083333333333335,0.002807159899179253,0.0005748968695889609
21.2,0.37916666666666665,0.002785205500424838,0.0005703866512638134
21.2,0.3875,0.002763413555204637,0.0005659100189832314
21.2,0.3958333333333333,0.002741782791525926,0.000561466709111975
21.2,0.4041666666666667,0.00272031194681828,0.0005570564599777811
21.2,0.4125,0.002698999767859773,0.0005526790118559587
21.2,0.42083333333333334,0.0026778450107036098,0.0005483341069540831
21.2,0.42916666666666664,0.002656846440605446,0.0005440214893968001
21.2,0.4375,0.0026360028319510767,0.000539740905210766
21.2,0.44583333333333336,0.0026153129681848394,0.0005354921023096723
21.2,0.45416666666666666,0.0025947756417383887,0.0005312748304794002
21.2,0.4625,0.002574389653960116,0.000527088841363274
21.2,0.4708333333333333,0.0025541538150450033,0.000522933888447438
21.2,0.4791666666666667,0.0025340669439650673,0.0005188097270463201
21.2,0.4875,0.002514127868400274,0.0005147161142882332
21.2,0.49583333333333335,0.002494335424669942,0.0005106528091010507
21.2,0.5041666666666667,0.002474688457664752,0.0005066195721980113
21.2,0.5125,0.0024551858207791043,0.0005026161660636208
21.2,0.5208333333333334,0.002435826375844142,0.0004986423549396609
21.2,0.5291666666666667,0.0024166089930611244,0.0004946979048112933
21.2,0.5375,0.00239753255093539,0.0004907825833932832
21.2,0.5458333333333333,0.002378595936210749,0.0004868961601163042
21.2,0.5541666666666667,0.0023597980438043805,0.0004830384061133598
21.2,0.5625,0.0023411377767421984,0.00047920909420629925
21.2,0.5708333333333333,0.002322614046094739,0.0004754079988924338
21.2,0.5791666666666667,0.002304225770913392,0.0004716348963312507
21.2,0.5875,0.0022859718781672923,0.0004678895643312263
21.2,0.5958333333333333,0.002267851302680491,0.0004641717823367382
21.2,0.6041666666666666,0.002249862987069698,0.00046048133141506835
21.2,0.6125,0.0022320058816824528,0.00045681799424350435
21.2,0.6208333333333333,0.0022142789445357127,0.0004531815550965438
21.2,0.6291666666666667,0.002196681141254954,0.0004495717998331736
21.2,0.6375,0.0021792114450136617,0.0004459885158842656
21.2,0.6458333333333334,0.002161868836473307,0.0004424314922400473
21.2,0.6541666666666667,0.002144652303723706,0.00043890051943767
21.2,0.6625,0.0021275608422238897,0.0004353953895488745
21.2,0.6708333333333333,0.0021105934547433363,0.0004319158961677348
21.2,0.6791666666666667,0.00209374915130365,0.0004284618343985041
21.2,0.6875,0.0020770269491207282,0.0004250330008435423
21.2,0.6958333333333333,0.0020604258725472288,0.0004216291935913271
21.2,0.7041666666666667,0.0020439449530155612,0.00041825021220457336
21.2,0.7125,0.002027583228981238,0.00041489585770840677
21.2,0.7208333333333333,0.002011339745866659,0.00041156593257865945
21.2,0.7291666666666666,0.001995213556005304,0.0004082602407302208
21.2,0.7375,0.0019792037185863034,0.00040497858750549327
21.2,0.7458333333333333,0.0019633092995994593,0.00040172077966292157
21.2,0.7541666666666667,0.001947529371780596,0.00039848662536560753
21.2,0.7625,0.0019318630145573827,0.0003952759341700139
21.2,0.7708333333333334,0.001916309313995492,0.00039208851701474077
21.2,0.7791666666666667,0.0019008673627451682,0.00038892418620938745
21.2,0.7875,0.0018855362599881685,0.00038578275542349816
21.2,0.7958333333333333,0.0018703151113851314,0.0003826640396755848
21.2,0.8041666666666667,0.00185520302902324,0.0003795678553222308
21.2,0.8125,0.0018401991313643535,0.00037649402004726577
21.2,0.8208333333333333,0.0018253025431934477,0.0003734423528510364
21.2,0.8291666666666667,0.001810512395567455,0.0003704126740397351
21.2,0.8375,0.0017958278257644673,0.00036740480521481686
21.2,0.8458333333333333,0.0017812479772332794,0.00036441856926249113
21.2,0.8541666666666666,0.001766771999543355,0.00036145379034328634
21.2,0.8625,0.0017523990483350618,0.0003585102938816952
21.2,0.8708333333333333,0.0017381282852703727,0.00035558790655588145
21.2,0.8791666666666667,0.0017239588779837788,0.0003526864562874831
21.2,0.8875,0.0017098900000337158,0.0003498057722314625
21.2,0.8958333333333334,0.0016959208308541742,0.0003469456847660527
21.2,0.9041666666666667,0.0016820505557068103,0.0003441060254827556
21.2,0.9125,0.001668278365633244,0.00034128662717643063
21.2,0.9208333333333333,0.0016546034574078277,0.0003384873238354367
21.2,0.9291666666666667,0.0016410250334906644,0.000335707950631859
21.2,0.9375,0.0016275423019810043,0.00033294834391179684
21.2,0.9458333333333333,0.0016141544765709453,0.00033020834118572146
21.2,0.9541666666666667,0.0016008607764994827,0.00032748778111890855
21.2,0.9625,0.0015876604265068627,0.0003247865035219288
21.2,0.9708333333333333,0.001574552656789275,0.0003221043493412179
21.2,0.9791666666666666,0.0015615367029538552,0.0003194411606497005
21.2,0.9875,0.0015486118059739996,0.0003167967806374949
21.2,0.9958333333333333,0.001535777212145026,0.00031417105360266573
21.400000000000002,0.004166666666666667,0.0038307133967918853,0.0007866217228271603
21.400000000000002,0.0125,0.0038013702827191897,0.000780748711874783
21.400000000000002,0.020833333333333332,0.003771766359454873,0.0007744390032333096
21.400000000000002,0.029166666666666667,0.0037427906910017586,0.0007685830187298855
21.400000000000002,0.0375,0.003713859913906285,0.0007625987425443998
21.400000000000002,0.04583333333333333,0.0036851607118266287,0.0007566741958596103
21.400000000000002,0.05416666666666667,0.0036566938375541883,0.0007508114589597941
21.400000000000002,0.0625,0.0036284377328200325,0.0007449902911146541
21.400000000000002,0.07083333333333333,0.003600390610614916,0.0007392102129765322
21.400000000000002,0.07916666666666666,0.00357255372519461,0.0007334737766620297
21.400000000000002,0.0875,0.0035449258793542313,0.0007277810731022088
21.400000000000002,0.09583333333333334,0.0035175050292359303,0.0007221313369255231
21.400000000000002,0.10416666666666667,0.0034902893817671445,0.000716524043970762
21.400000000000002,0.1125,0.0034632773779421124,0.0007109588946426785
21.400000000000002,0.12083333333333333,0.0034364674920234917,0.000705435613187208
21.400000000000002,0.12916666666666668,0.003409858170967403,0.0006999538871895556
21.400000000000002,0.1375,0.0033834478535739333,0.0006945133867971272
21.400000000000002,0.14583333333333334,0.003357234990926464,0.0006891137852308031
21.400000000000002,0.15416666666666667,0.003331218050734203,0.0006837547631989325
21.400000000000002,0.1625,0.0033053955144602093,0.0006784360060960996
21.400000000000002,0.17083333333333334,0.003279765874800102,0.0006731572015522929
21.400000000000002,0.17916666666666667,0.0032543276350463965,0.0006679180388669432
21.400000000000002,0.1875,0.0032290793093383654,0.0006627182093281276
21.400000000000002,0.19583333333333333,0.003204019422911525,0.0006575574065308037
21.400000000000002,0.20416666666666666,0.003179146512115248,0.0006524353264626459
21.400000000000002,0.2125,0.0031544591242951515,0.0006473516674542451
21.400000000000002,0.22083333333333333,0.0031299558176582447,0.0006423061301113905
21.400000000000002,0.22916666666666666,0.0031056351611656423,0.0006372984172746098
21.400000000000002,0.2375,0.0030814957344487835,0.000632328234001557
21.400000000000002,0.24583333333333332,0.003057536127733227,0.0006273952875565855
21.400000000000002,0.25416666666666665,0.003033754941761035,0.0006224992873983556
21.400000000000002,0.2625,0.0030101507877101194,0.0006176399451639679
21.400000000000002,0.2708333333333333,0.0029867222871123754,0.000612816974651341
21.400000000000002,0.2791666666666667,0.002963468071772067,0.000608030091801428
21.400000000000002,0.2875,0.0029403867836853394,0.0006032790146810367
21.400000000000002,0.29583333333333334,0.002917477074960671,0.0005985634634661484
21.400000000000002,0.30416666666666664,0.0028947376077401513,0.0005938831604255624
21.400000000000002,0.3125,0.002872167054121293,0.0005892378299046305
21.400000000000002,0.32083333333333336,0.0028497640960793566,0.0005846271983090787
21.400000000000002,0.32916666666666666,0.0028275274253902784,0.0005800509940888706
21.400000000000002,0.3375,0.0028054557435540574,0.0005755089477222042
21.400000000000002,0.3458333333333333,0.002783547761718808,0.0005710007916996072
21.400000000000002,0.3541666666666667,0.0027618022006052796,0.0005665262605081782
21.400000000000002,0.3625,0.002740217790432077,0.0005620850906159399
21.400000000000002,0.37083333333333335,0.0027187932708413113,0.0005576770204563036
21.400000000000002,0.37916666666666665,0.0026975273908248763,0.0005533017904126828
21.400000000000002,0.3875,0.0026764189086512513,0.0005489591428031711
21.400000000000002,0.3958333333333333,0.0026554665917928643,0.0005446488218653841
21.400000000000002,0.4041666666666667,0.0026346692168539407,0.0005403705737413693
21.400000000000002,0.4125,0.0026140255694989734,0.0005361241464626634
21.400000000000002,0.42083333333333334,0.002593534444381613,0.0005319092899354425
21.400000000000002,0.42916666666666664,0.002573194645074226,0.0005277257559257785
21.400000000000002,0.4375,0.0025530049839978,0.0005235732980450273
21.400000000000002,0.44583333333333336,0.0025329642823525545,0.0005194516717353019
21.400000000000002,0.45416666666666666,0.0025130713700489047,0.0005153606342550681
21.400000000000002,0.4625,0.0024933250856390542,0.0005112999446648373
21.400000000000002,0.4708333333333333,0.0024737242762490064,0.0005072693638129805
21.400000000000002,0.4791666666666667,0.0024542677975111435,0.0005032686543216239
21.400000000000002,0.4875,0.002434954513497274,0.0004992975805726805
21.400000000000002,0.49583333333333335,0.0024157832966521424,0.0004953559086939518
21.400000000000002,0.5041666666666667,0.0023967530277275327,0.0004914434065453566
21.400000000000002,0.5125,0.002377862595716705,0.000487559843705253
21.400000000000002,0.5208333333333334,0.002359110897789483,0.00048370499145686355
21.400000000000002,0.5291666666666667,0.0023404968392276753,0.00047987862277479385
21.400000000000002,0.5375,0.002322019333361069,0.00047608051231166665
21.400000000000002,0.5458333333333333,0.002303677301503841,0.0004723104363848364
21.400000000000002,0.5541666666666667,0.0022854696728914644,0.0004685681729632138
21.400000000000002,0.5625,0.0022673953846180563,0.0004648535016541845
21.400000000000002,0.5708333333333333,0.0022494533815742485,0.0004611662036906236
21.400000000000002,0.5791666666666667,0.0022316426163853675,0.0004575060619180073
21.400000000000002,0.5875,0.0022139620493502837,0.00045387286078161734
21.400000000000002,0.5958333333333333,0.0021964106483805088,0.0004502663863138448
21.400000000000002,0.6041666666666666,0.002178987388939849,0.00044668642612157966
21.400000000000002,0.6125,0.002161691253984495,0.000443132769373697
21.400000000000002,0.6208333333333333,0.0021445212339034833,0.00043960520678864364
21.400000000000002,0.6291666666666667,0.002127476326459686,0.00043610353062209495
21.400000000000002,0.6375,0.002110555536731156,0.00043262753465472787
21.400000000000002,0.6458333333333334,0.0020937578770529575,0.00042917701418006445
21.400000000000002,0.6541666666666667,0.002077082366959354,0.0004257517659924113
21.400000000000002,0.6625,0.002060528033126506,0.00042235158837489173
21.400000000000002,0.6708333333333333,0.002044093909315512,0.0004189762810875566
21.400000000000002,0.6791666666666667,0.00202777903631588,0.00041562564535559094
21.400000000000002,0.6875,0.0020115824618894803,0.00041229948385760294
21.400000000000002,0.6958333333333333,0.001995503240714778,0.0004089976007139921
21.400000000000002,0.7041666666666667,0.0019795404343315864,0.0004057198014754218
21.400000000000002,0.7125,0.0019636931110861627,0.0004024658931113471
21.400000000000002,0.7208333333333333,0.00194796034607672,0.00039923568399865823
21.400000000000002,0.7291666666666666,0.0019323412210993428,0.0003960289839103797
21.400000000000002,0.7375,0.0019168348245942619,0.00039284560400446966
21.400000000000002,0.7458333333333333,0.001901440251592571,0.00038968535681269123
21.400000000000002,0.7541666666666667,0.001886156603663261,0.0003865480562295664
21.400000000000002,0.7625,0.0018709829888607142,0.0003834335175014182
21.400000000000002,0.7708333333333334,0.001855918521672517,0.00038034155721547994
21.400000000000002,0.7791666666666667,0.0018409623229676748,0.0003772719932890908
21.400000000000002,0.7875,0.0018261135199451933,0.0003742246449589701
21.400000000000002,0.7958333333333333,0.0018113712460830632,0.00037119933277056784
21.400000000000002,0.8041666666666667,0.0017967346410875428,0.00036819587856749337
21.400000000000002,0.8125,0.0017822028508428798,0.000365214105481013
21.400000000000002,0.8208333333333333,0.0017677750273613457,0.0003622538379196407
21.400000000000002,0.8291666666666667,0.0017534503287336518,0.0003593149015587844
21.400000000000002,0.8375,0.0017392279190797182,0.0003563971233304802
21.400000000000002,0.8458333333333333,0.0017251069684997744,0.0003535003314131961
21.400000000000002,0.8541666666666666,0.0017110866530258614,0.00035062435522170764
21.400000000000002,0.8625,0.0016971661545736073,0.000347769025397053
21.400000000000002,0.8708333333333333,0.001683344660894446,0.0003449341737965464
21.400000000000002,0.8791666666666667,0.0016696213655280428,0.00034211963348388524
21.400000000000002,0.8875,0.0016559954677552201,0.00033932523871930194
21.400000000000002,0.8958333333333334,0.0016424661725510555,0.0003365508249498123
21.400000000000002,0.9041666666666667,0.0016290326905384759,0.0003337962287995104
21.400000000000002,0.9125,0.0016156942379420224,0.0003310612880599528
21.400000000000002,0.9208333333333333,0.0016024500365420737,0.00032834584168059584
21.400000000000002,0.9291666666666667,0.0015892993136293184,0.0003256497297593123
21.400000000000002,0.9375,0.001576241301959587,0.0003229727935329696
21.400000000000002,0.9458333333333333,0.0015632752397089745,0.00032031487536807586
21.400000000000002,0.9541666666666667,0.0015504003704293174,0.00031767581875149635
21.400000000000002,0.9625,0.0015376159430039486,0.0003150554682812292
21.400000000000002,0.9708333333333333,0.0015249212116037912,0.0003124536696572555
21.400000000000002,0.9791666666666666,0.0015123154356437418,0.000309870269672444
21.400000000000002,0.9875,0.0014997978797393762,0.0003073051162035315
21.400000000000002,0.9958333333333333,0.0014873678136639646,0.000304758058202153
21.6,0.004166666666666667,0.0037105247554525254,0.0007630775733830082
21.6,0.0125,0.003682095375729944,0.0007573770979505796
21.6,0.020833333333333332,0.0036534185974084555,0.0007512588483542178
21.6,0.029166666666666667,0.003625347913404338,0.0007455776329598679
21.6,0.0375,0.0035973199986914736,0.0007397714323162801
21.6,0.04583333333333333,0.0035695177952585217,0.0007340244841916688
21.6,0.05416666666666667,0.0035419404332999297,0.0007283372048394685
21.6,0.0625,0.003514567070656481,0.0007226900285139762
21.6,0.07083333333333333,0.0034873962581527407,0.0007170827728825914
21.6,0.07916666666666666,0.0034604292108572307,0.0007115179103599226
21.6,0.0875,0.0034336647108827345,0.0007059954709816334
21.6,0.09583333333333334,0.003407100766763269,0.0007005147018543131
21.6,0.10416666666666667,0.003380735651314098,0.0006950751050878915
21.6,0.1125,0.0033545678594770045,0.0006896763957127136
21.6,0.12083333333333333,0.0033285959121242227,0.0006843183055548085
21.6,0.12916666666666668,0.0033028183025607914,0.000679000529809028
21.6,0.1375,0.0032772335173222823,0.0006737227479069564
21.6,0.14583333333333334,0.0032518400556214035,0.000668484643033243
21.6,0.15416666666666667,0.003226636432840684,0.0006632859056875354
21.6,0.1625,0.0032016211775092694,0.0006581262307298267
21.6,0.17083333333333334,0.003176792828931397,0.000653005315077219
21.6,0.17916666666666667,0.003152149936673836,0.0006479228572588984
21.6,0.1875,0.003127691060844597,0.0006428785577620545
21.6,0.19583333333333333,0.0031034147723258154,0.0006378721193313827
21.6,0.20416666666666666,0.0030793196527746946,0.0006329032470361366
21.6,0.2125,0.003055404294502234,0.0006279716482145746
21.6,0.22083333333333333,0.003031667300342849,0.0006230770324086303
21.6,0.22916666666666666,0.003008107283552861,0.0006182191113271726
21.6,0.2375,0.0029847228677308746,0.0006133975988304981
21.6,0.24583333333333332,0.0029615126867441987,0.0006086122109204972
21.6,0.25416666666666665,0.0029384753846532943,0.0006038626657283063
21.6,0.2625,0.002915609615633267,0.0005991486834985868
21.6,0.2708333333333333,0.002892914043894386,0.0005944699865722944
21.6,0.2791666666666667,0.002870387343602981,0.0005898262993694382
21.6,0.2875,0.002848028198803482,0.0005852173483724686
21.6,0.29583333333333334,0.0028258353033413616,0.0005806428621101327
21.6,0.30416666666666664,0.0028038073607868272,0.0005761025711416163
21.6,0.3125,0.002781943084359041,0.00057159620804076
21.6,0.32083333333333336,0.0027602411968508113,0.000567123507380352
21.6,0.32916666666666666,0.0027387004305538956,0.0005626842057164707
21.6,0.3375,0.0027173195271847266,0.0005582780415729539
21.6,0.3458333333333333,0.0026960972378108055,0.0005539047554259727
21.6,0.3541666666666667,0.0026750323227775334,0.0005495640896887377
21.6,0.3625,0.0026541235516357358,0.0005452557886963252
21.6,0.37083333333333335,0.002633369703069597,0.0005409795986906022
21.6,0.37916666666666665,0.002612769564825198,0.0005367352678052982
21.6,0.3875,0.0025923219336395683,0.0005325225460511403
21.6,0.3958333333333333,0.002572025615170281,0.0005283411853011462
21.6,0.4041666666666667,0.002551879423925514,0.0005241909392759831
21.6,0.4125,0.002531882183194727,0.0005200715635294719
21.6,0.42083333333333334,0.0025120327249797234,0.0005159828154341783
21.6,0.42916666666666664,0.0024923298899263814,0.0005119244541671103
21.6,0.4375,0.00247277252725671,0.0005078962406955402
21.6,0.44583333333333336,0.0024533594947015935,0.0005038979377629115
21.6,0.45416666666666666,0.0024340896584338742,0.0004999293098748644
21.6,0.4625,0.0024149618930020466,0.0004959901232853531
21.6,0.4708333333333333,0.0023959750812643592,0.0004920801459828847
21.6,0.4791666666666667,0.0023771281143234652,0.0004881991476768345
21.6,0.4875,0.0023584198914615275,0.000484346899783893
21.6,0.49583333333333335,0.0023398493200757716,0.0004805231754145821
21.6,0.5041666666666667,0.0023214153156146137,0.0004767277493598955
21.6,0.5125,0.0023031168015141107,0.0004729603980780272
21.6,0.5208333333333334,0.0022849527091350482,0.00046922089968120135
21.6,0.5291666666666667,0.0022669219777003407,0.000465509033922593
21.6,0.5375,0.002249023554232995,0.00046182458218335995
21.6,0.5458333333333333,0.002231256393494476,0.00045816732745975456
21.6,0.5541666666666667,0.002213619457923554,0.00045453705435033904
21.6,0.5625,0.0021961117175755746,0.0004509335490432963
21.6,0.5708333333333333,0.002178732150062248,0.0004473565993038297
21.6,0.5791666666666667,0.0021614797404917157,0.00044380599446165926
21.6,0.5875,0.002144353481409291,0.00044028152539860824
21.6,0.5958333333333333,0.0021273523727384255,0.00043678298453628446
21.6,0.6041666666666666,0.002110475421722216,0.0004333101658238462
21.6,0.6125,0.0020937216428653367,0.00042986286472586116
21.6,0.6208333333333333,0.0020770900578763354,0.000426440878210263
21.6,0.6291666666666667,0.0020605796956104368,0.000423044004736377
21.6,0.6375,0.0020441895920126833,0.00041967204424305557
21.6,0.6458333333333334,0.0020279187900615675,0.000416324798136886
21.6,0.6541666666666667,0.0020117663397129877,0.00041300206928048905
21.6,0.6625,0.001995731297844712,0.0004097036619809072
21.6,0.6708333333333333,0.001979812728201172,0.0004064293819780703
21.6,0.6791666666666667,0.001964009701338671,0.00040317903643335366
21.6,0.6875,0.0019483212945710627,0.0003999524339182165
21.6,0.6958333333333333,0.001932746591915698,0.0003967493844029156
21.6,0.7041666666666667,0.0019172846840398775,0.00039356969924532356
21.6,0.7125,0.0019019346682076358,0.0003904131911797964
21.6,0.7208333333333333,0.001886695648226933,0.00038727967430615695
21.6,0.7291666666666666,0.0018715667343972323,0.00038416896407873015
21.6,0.7375,0.0018565470434574241,0.0003810808772954774
21.6,0.7458333333333333,0.0018416356985341894,0.00037801523208719803
21.6,0.7541666666666667,0.001826831829090655,0.00037497184790681403
21.6,0.7625,0.0018121345708755148,0.0003719505455187375
21.6,0.7708333333333334,0.001797543065872437,0.0003689511469883055
21.6,0.7791666666666667,0.0017830564622498804,0.00036597347567129783
21.6,0.7875,0.0017686739143112544,0.00036301735620353063
21.6,0.7958333333333333,0.0017543945824454732,0.0003600826144905242
21.6,0.8041666666666667,0.001740217633077805,0.00035716907769724703
21.6,0.8125,0.0017261422386211332,0.000354276574237927
21.6,0.8208333333333333,0.0017121675774275356,0.0003514049337659516
21.6,0.8291666666666667,0.0016982928337402215,0.0003485539871638236
21.6,0.8375,0.0016845171976458222,0.00034572356653320147
21.6,0.8458333333333333,0.0016708398650269927,0.0003429135051850058
21.6,0.8541666666666666,0.0016572600375154066,0.0003401236376295982
21.6,0.8625,0.0016437769224450169,0.00033735379956703523
21.6,0.8708333333333333,0.0016303897328057498,0.0003346038278773797
21.6,0.8791666666666667,0.0016170976871973909,0.0003318735606111026
21.6,0.8875,0.0016039000097839607,0.000329162836979529
21.6,0.8958333333333334,0.0015907959302482568,0.00032647149734537663
21.6,0.9041666666666667,0.0015777846837468812,0.00032379938321334083
21.6,0.9125,0.0015648655108654248,0.0003211463372207648
21.6,0.9208333333333333,0.0015520376575741005,0.0003185122031283621
21.6,0.9291666666666667,0.001539300375183623,0.00031589682581101617
21.6,0.9375,0.0015266529203014259,0.0003133000512486401
21.6,0.9458333333333333,0.0015140945547881697,0.0003107217265171005
21.6,0.9541666666666667,0.0015016245457145899,0.0003081616997792115
21.6,0.9625,0.0014892421653186136,0.00030561982027578515
21.6,0.9708333333333333,0.0014769466909628087,0.00030309593831675505
21.6,0.9791666666666666,0.0014647374050921088,0.00030058990527235093
21.6,0.9875,0.0014526135951918532,0.00029810157356434944
21.6,0.9958333333333333,0.0014405745537461286,0.00029563079665737084
21.8,0.004166666666666667,0.003594315243857744,0.0007402467032797853
21.8,0.0125,0.003566769714770824,0.0007347136929093381
21.8,0.020833333333333332,0.0035389895461277916,0.0007287809982824498
21.8,0.029166666666666667,0.0035117940999907318,0.0007232692559246091
21.8,0.0375,0.0034846394408040477,0.0007176357951746803
21.8,0.04583333333333333,0.0034577047613441538,0.0007120610642116083
21.8,0.05416666666666667,0.003430987675660977,0.0007065439230683415
21.8,0.0625,0.0034044680531639675,0.0007010654777906433
21.8,0.07083333333333333,0.003378144759111127,0.0006956258209985944
21.8,0.07916666666666666,0.0033520189654310806,0.0006902273427803131
21.8,0.0875,0.0033260894364006894,0.0006848700164408437
21.8,0.09583333333333334,0.003300354233045064,0.0006795531029728166
21.8,0.10416666666666667,0.003274811691883558,0.0006742761298726059
21.8,0.1125,0.0032494603595677914,0.0006690388258479383
21.8,0.12083333333333333,0.0032242988019044053,0.0006638409299097862
21.8,0.12916666666666668,0.003199325557121437,0.0006586821447073375
21.8,0.1375,0.0031745391580311182,0.000653562158758812
21.8,0.14583333333333334,0.003149938150441352,0.0006484806649305157
21.8,0.15416666666666667,0.003125521095854504,0.0006434373632027274
21.8,0.1625,0.003101286568332731,0.0006384319576014843
21.8,0.17083333333333334,0.0030772331522812843,0.0006334641540480467
21.8,0.17916666666666667,0.003053359442050131,0.0006285336600259844
21.8,0.1875,0.0030296640422348086,0.0006236401849471503
21.8,0.19583333333333333,0.0030061455678913034,0.0006187834404311299
21.8,0.20416666666666666,0.002982802644521499,0.0006139631403547522
21.8,0.2125,0.0029596339079493907,0.0006091790007919924
21.8,0.22083333333333333,0.002936638004195491,0.000604430739951421
21.8,0.22916666666666666,0.002913813589380895,0.0005997180781430397
21.8,0.2375,0.0028911593296515074,0.0005950407377646416
21.8,0.24583333333333332,0.002868673901106894,0.000590398443292433
21.8,0.25416666666666665,0.0028463559897266956,0.0005857909212687086
21.8,0.2625,0.002824204291294236,0.0005812179002862958
21.8,0.2708333333333333,0.002802217511319357,0.0005766791109717292
21.8,0.2791666666666667,0.00278039436496178,0.0005721742859685473
21.8,0.2875,0.002758733576955577,0.0005677031599212304
21.8,0.29583333333333334,0.0027372338815345194,0.0005632654694595722
21.8,0.30416666666666664,0.0027158940223581157,0.0005588609531833014
21.8,0.3125,0.0026947127524381523,0.0005544893516467633
21.8,0.32083333333333336,0.0026736888340656833,0.0005501504073436701
21.8,0.32916666666666666,0.0026528210387386213,0.0005458438646919078
21.8,0.3375,0.002632108147089741,0.0005415694700184664
21.8,0.3458333333333333,0.0026115489488153327,0.0005373269715444755
21.8,0.3541666666666667,0.0025911422426042803,0.0005331161193703652
21.8,0.3625,0.002570886836067806,0.000528936665461147
21.8,0.37083333333333335,0.00255078154566962,0.0005247883636317876
21.8,0.37916666666666665,0.0025308251966566445,0.0005206709695327243
21.8,0.3875,0.00251101662299025,0.0005165842406354437
21.8,0.3958333333333333,0.0024913546672780044,0.0005125279362182116
21.8,0.4041666666666667,0.0024718381807058852,0.0005085018173518704
21.8,0.4125,0.002452466022971075,0.0005045056468857727
21.8,0.42083333333333334,0.0024332370622151506,0.0005005391894338033
21.8,0.42916666666666664,0.0024141501749578975,0.0004966022113605022
21.8,0.4375,0.002395204246031461,0.0004926944807673089
21.8,0.44583333333333336,0.0023763981685151455,0.0004888157674788898
21.8,0.45416666666666666,0.0023577308436705563,0.00048496584302957905
21.8,0.4625,0.002339201180877329,0.00048114448064991063
21.8,0.4708333333333333,0.002320808097569251,0.00047735145525326655
21.8,0.4791666666666667,0.0023025505191709224,0.00047358654342260023
21.8,0.4875,0.0022844273790348438,0.000469849523397287
21.8,0.49583333333333335,0.002266437618378964,0.00046614017506004256
21.8,0.5041666666666667,0.002248580186224747,0.0004624582799239605
21.8,0.5125,0.002230854039335587,0.00045880362111963763
21.8,0.5208333333333334,0.002213258142155828,0.00045517598338239433
21.8,0.5291666666666667,0.0021957914667500803,0.00045157515303958693
21.8,0.5375,0.0021784529927430926,0.00044800091799802487
21.8,0.5458333333333333,0.002161241707260007,0.00044445306773146733
21.8,0.5541666666666667,0.002144156604867084,0.00044093139326821805
21.8,0.5625,0.0021271966875128392,0.00043743568717881566
21.8,0.5708333333333333,0.0021103609644696803,0.0004339657435638092
21.8,0.5791666666666667,0.0020936484522758128,0.0004305213580416253
21.8,0.5875,0.0020770581746778045,0.00042710232773652526
21.8,0.5958333333333333,0.0020605891625733613,0.00042370845126665427
21.8,0.6041666666666666,0.0020442404539546296,0.000420339528732171
21.8,0.6125,0.0020280110938519177,0.0004169953617034689
21.8,0.6208333333333333,0.0020119001342777517,0.0004136757532094913
21.8,0.6291666666666667,0.001995906634171454,0.00041038050772611377
21.8,0.6375,0.001980029659344012,0.0004071094311646335
21.8,0.6458333333333334,0.001964268282423454,0.00040386233086032823
21.8,0.6541666666666667,0.001948621582800524,0.0004006390155611037
21.8,0.6625,0.001933088646574848,0.000397439295416228
21.8,0.6708333333333333,0.001917668566501428,0.000394262981965141
21.8,0.6791666666666667,0.0019023604419375296,0.00039110988812635273
21.8,0.6875,0.0018871633787900335,0.0003879798281864217
21.8,0.6958333333333333,0.001872076489463039,0.0003848726177890032
21.8,0.7041666666666667,0.001857098892805966,0.00038178807392400265
21.8,0.7125,0.0018422297140619724,0.0003787260149167731
21.8,0.7208333333333333,0.0018274680848167683,0.0003756862604174289
21.8,0.7291666666666666,0.0018128131429478037,0.0003726686313902061
21.8,0.7375,0.0017982640325737923,0.0003696729501029218
21.8,0.7458333333333333,0.0017838199040046629,0.00036669904011649645
21.8,0.7541666666666667,0.0017694799136917993,0.00036374672627455837
21.8,0.7625,0.001755243224178712,0.0003608158346931288
21.8,0.7708333333333334,0.0017411090040520092,0.0003579061927503704
21.8,0.7791666666666667,0.0017270764278927543,0.0003550176290764183
21.8,0.7875,0.0017131446762281607,0.0003521499735432837
21.8,0.7958333333333333,0.001699312935483656,0.0003493030572548291
21.8,0.8041666666666667,0.0016855803979352526,0.0003464767125368184
21.8,0.8125,0.0016719462616623033,0.0003436707729270324
21.8,0.8208333333333333,0.0016584097305005687,0.00034088507316546904
21.8,0.8291666666666667,0.0016449700139956325,0.00033811944918459854
21.8,0.8375,0.0016316263273566604,0.00033537373809970194
21.8,0.8458333333333333,0.0016183778914104561,0.0003326477781992707
21.8,0.8541666666666666,0.001605223932555905,0.0003299414089354794
21.8,0.8625,0.0015921636827186706,0.0003272544709147294
21.8,0.8708333333333333,0.0015791963793063111,0.0003245868058882498
21.8,0.8791666666666667,0.0015663212651635843,0.0003219382567427854
21.8,0.8875,0.0015535375885282283,0.0003193086674913269
21.8,0.8958333333333334,0.0015408446029869024,0.0003166978832639314
21.8,0.9041666666666667,0.0015282415674315896,0.0003141057502985883
21.8,0.9125,0.0015157277460161724,0.0003115321159321679
21.8,0.9208333333333333,0.0015033024081134209,0.0003089768285914198
21.8,0.9291666666666667,0.0014909648282722344,0.0003064397377840475
21.8,0.9375,0.0014787142861752043,0.00030392069408983986
21.8,0.9458333333333333,0.0014665500665964593,0.00030141954915186627
21.8,0.9541666666666667,0.0014544714593598426,0.00029893615566773795
21.8,0.9625,0.0014424777592973467,0.00029647036738092664
21.8,0.9708333333333333,0.0014305682662078699,0.00029402203907215205
21.8,0.9791666666666666,0.001418742284816249,0.0002915910265508191
21.8,0.9875,0.0014069991247325844,0.0002891771866465307
21.8,0.9958333333333333,0.0013953381004118645,0.00028678037720064283
22.0,0.004166666666666667,0.0034819406628520478,0.0007181069983511316
22.0,0.0125,0.003455250164540408,0.0007127365319979546
22.0,0.020833333333333332,0.0034283371651840687,0.0007069836752643205
22.0,0.029166666666666667,0.0034019882772158695,0.0007016362753991866
22.0,0.0375,0.0033756783239112568,0.0006961703812211428
22.0,0.04583333333333333,0.0033495827483093423,0.0006907626521140953
22.0,0.05416666666666667,0.0033236977501624994,0.0006854104950470402
22.0,0.0625,0.003298003904370846,0.0006800956830791199
22.0,0.07083333333333333,0.003272500368243965,0.0006748185626915652
22.0,0.07916666666666666,0.003247188267237455,0.0006695814395937036
22.0,0.0875,0.0032220663505768627,0.0006643842344159609
22.0,0.09583333333333334,0.003197132731747062,0.0006592262232677025
22.0,0.10416666666666667,0.0031723858088127284,0.0006541069581257248
22.0,0.1125,0.003147824177994611,0.0006490261804779496
22.0,0.12083333333333333,0.0031234464484400756,0.0006439836361609866
22.0,0.12916666666666668,0.003099251201928153,0.0006389790351316546
22.0,0.1375,0.0030752370161343154,0.0006340120747976789
22.0,0.14583333333333334,0.0030514024819766994,0.0006290824574294107
22.0,0.15416666666666667,0.0030277462055774695,0.0006241898921862184
22.0,0.1625,0.0030042668050530882,0.0006193340919711558
22.0,0.17083333333333334,0.0029809629084554218,0.0006145147714361938
22.0,0.17916666666666667,0.0029578331534785437,0.0006097316467524768
22.0,0.1875,0.0029348761877755905,0.0006049844359902771
22.0,0.19583333333333333,0.0029120906691546523,0.0006002728593774717
22.0,0.20416666666666666,0.0028894752655499673,0.000595596639332821
22.0,0.2125,0.0028670286548966714,0.0005909555004024431
22.0,0.22083333333333333,0.0028447495250102364,0.0005863491692003485
22.0,0.22916666666666666,0.002822636573495875,0.0005817773743786818
22.0,0.2375,0.0028006885076763233,0.0005772398466157185
22.0,0.24583333333333332,0.0027789040445229396,0.0005727363186068287
22.0,0.25416666666666665,0.0027572819105840204,0.0005682665250521629
22.0,0.2625,0.0027358208419104614,0.0005638302026412783
22.0,0.2708333333333333,0.0027145195839808835,0.0005594270900367328
22.0,0.2791666666666667,0.002693376891627364,0.0005550569278579111
22.0,0.2875,0.0026723915289622808,0.0005507194586654962
22.0,0.29583333333333334,0.00265156226930598,0.0005464144269463355
22.0,0.30416666666666664,0.0026308878951150803,0.000542141579098526
22.0,0.3125,0.0026103671979112596,0.0005379006634165446
22.0,0.32083333333333336,0.0025899989782104727,0.0005336914300764447
22.0,0.32916666666666666,0.002569782045452758,0.0005295136311211131
22.0,0.3375,0.002549715217932449,0.0005253670204456479
22.0,0.3458333333333333,0.00252979732272901,0.000521251353782841
22.0,0.3541666666666667,0.0025100271956382887,0.0005171663886887837
22.0,0.3625,0.002490403681104426,0.0005131118845285837
22.0,0.37083333333333335,0.00247092563215213,0.000509087602462177
22.0,0.37916666666666665,0.0024515919103195298,0.0005050933054302733
22.0,0.3875,0.0024324013855915195,0.000501128758140364
22.0,0.3958333333333333,0.002413352936333601,0.0004971937270528779
22.0,0.4041666666666667,0.0023944454492261687,0.0004932879803674014
22.0,0.4125,0.0023756778191993694,0.0004894112880090303
22.0,0.42083333333333334,0.0023570489493683353,0.0004855634216148089
22.0,0.42916666666666664,0.002338557750969028,0.0004817441545202658
22.0,0.4375,0.002320203143294414,0.0004779532617460695
22.0,0.44583333333333336,0.0023019840536312535,0.0004741905199847611
22.0,0.45416666666666666,0.002283899417197236,0.0004704557075875996
22.0,0.4625,0.002265948177078681,0.0004667486045514959
22.0,0.4708333333333333,0.0022481292841686124,0.00046306899250605794
22.0,0.4791666666666667,0.0022304416971053653,0.00045941665470070986
22.0,0.4875,0.0022128843822116044,0.00045579137599193446
22.0,0.49583333333333335,0.0021954563134337795,0.00045219294283058094
22.0,0.5041666666666667,0.002178156472282098,0.0004486211432492883
22.0,0.5125,0.0021609838477708253,0.0004450757668499947
22.0,0.5208333333333334,0.002143937436359177,0.0004415566047915387
22.0,0.5291666666666667,0.002127016241892493,0.00043806344977734887
22.0,0.5375,0.002110219275543953,0.0004345960960432363
22.0,0.5458333333333333,0.002093545555756672,0.00043115433934526364
22.0,0.5541666666666667,0.0020769941081862295,0.0004277379769477094
22.0,0.5625,0.002060563965643623,0.0004243468076111248
22.0,0.5708333333333333,0.0020442541680386907,0.0004209806315804737
22.0,0.5791666666666667,0.002028063762323797,0.0004176392505733613
22.0,0.5875,0.0020119918024381635,0.00041432246776834994
22.0,0.5958333333333333,0.001996037349252394,0.00041103008779336394
22.0,0.6041666666666666,0.001980199470513523,0.00040776191671417335
22.0,0.6125,0.001964477240790459,0.0004045177620229655
22.0,0.6208333333333333,0.0019488697414197563,0.0004012974326270099
22.0,0.6291666666666667,0.0019333760604518977,0.00039810073883738415
22.0,0.6375,0.001917995292597851,0.00039492749235780795
22.0,0.6458333333333334,0.0019027265391761213,0.0003917775062735432
22.0,0.6541666666666667,0.0018875689080600946,0.0003886505950403783
22.0,0.6625,0.0018725215136258537,0.000385546574473699
22.0,0.6708333333333333,0.001857583476700318,0.00038246526173763094
22.0,0.6791666666666667,0.0018427539245097532,0.0003794064753342692
22.0,0.6875,0.0018280319906287474,0.00037637003509298494
22.0,0.6958333333333333,0.0018134168149294152,0.0003733557621597989
22.0,0.7041666666666667,0.0017989075435310973,0.0003703634789868596
22.0,0.7125,0.0017845033287503594,0.0003673930093219614
22.0,0.7208333333333333,0.0017702033290513772,0.00036444417819817747
22.0,0.7291666666666666,0.0017560067089966837,0.0003615168119235365
22.0,0.7375,0.0017419126391982423,0.0003586107380707962
22.0,0.7458333333333333,0.0017279202962689351,0.0003557257854672789
22.0,0.7541666666666667,0.0017140288627743307,0.0003528617841847839
22.0,0.7625,0.0017002375271848677,0.0003500185655295813
22.0,0.7708333333333334,0.001686545483828333,0.0003471959620324656
22.0,0.7791666666666667,0.0016729519328427147,0.00034439380743888905
22.0,0.7875,0.001659456080129374,0.0003416119366991676
22.0,0.7958333333333333,0.0016460571373065878,0.00033885018595875336
22.0,0.8041666666666667,0.001632754321663377,0.00033610839254858186
22.0,0.8125,0.0016195468561137163,0.0003333863949754825
22.0,0.8208333333333333,0.0016064339691510402,0.00033068403291266953
22.0,0.8291666666666667,0.0015934148948030904,0.00032800114719028895
22.0,0.8375,0.001580488872587093,0.0003253375797860439
22.0,0.8458333333333333,0.001567655147465228,0.0003226931738158813
22.0,0.8541666666666666,0.0015549129698004716,0.0003200677735247481
22.0,0.8625,0.001542261595312681,0.00031746122427741576
22.0,0.8708333333333333,0.0015297002850350936,0.00031487337254936285
22.0,0.8791666666666667,0.0015172283052710038,0.0003123040659177394
22.0,0.8875,0.0015048449275509009,0.0003097531530523733
22.0,0.8958333333333334,0.001492549428589765,0.00030722048370686593
22.0,0.9041666666666667,0.001480341090244808,0.00030470590870972824
22.0,0.9125,0.0014682191994733822,0.0003022092799556003
22.0,0.9208333333333333,0.0014561830482912933,0.00029973045039651707
22.0,0.9291666666666667,0.0014442319337313531,0.00029726927403325037
22.0,0.9375,0.0014323651578022464,0.0002948256059067034
22.0,0.9458333333333333,0.0014205820274476727,0.00029239930208936897
22.0,0.9541666666666667,0.0014088818545058084,0.00028999021967685056
22.0,0.9625,0.0013972639556690193,0.0002875982167794407
22.0,0.9708333333333333,0.0013857276524438821,0.0002852231525137643
22.0,0.9791666666666666,0.0013742722711114804,0.0002828648869944715
22.0,0.9875,0.0013628971426879767,0.0002805232813260028
22.0,0.9958333333333333,0.00135160160288548,0.0002781981975943971
22.2,0.004166666666666667,0.003373262754909028,0.0006966370597134042
22.2,0.0125,0.0033473994884026356,0.0006914243613112137
22.2,0.020833333333333332,0.003321325268372994,0.0006858458062123752
22.2,0.029166666666666667,0.003295795282283317,0.0006806577783404751
22.2,0.0375,0.003270302499599432,0.0006753544346351658
22.2,0.04583333333333333,0.003245018619550551,0.0006701086528852584
22.2,0.05416666666666667,0.00321993852494824,0.000664916485615694
22.2,0.0625,0.0031950434887244427,0.0006597603666939816
22.2,0.07083333333333333,0.003170332938863606,0.0006546408763303757
22.2,0.07916666666666666,0.0031458079515846583,0.0006495602343271796
22.2,0.0875,0.0031214672637727508,0.0006445183125774205
22.2,0.09583333333333334,0.0030973090412197497,0.0006395144033717061
22.2,0.10416666666666667,0.0030733317414069435,0.0006345480822468434
22.2,0.1125,0.003049534008077774,0.0006296191026239275
22.2,0.12083333333333333,0.0030259144922034093,0.0006247272168388571
22.2,0.12916666666666668,0.003002471817792585,0.0006198721420166152
22.2,0.1375,0.0029792046060141976,0.0006150535842577375
22.2,0.14583333333333334,0.00295611149145927,0.0006102712549637706
22.2,0.15416666666666667,0.002933191123421342,0.0006055248721806815
22.2,0.1625,0.0029104421626447064,0.0006008141574095088
22.2,0.17083333333333334,0.0028878632794245027,0.0005961388337686051
22.2,0.17916666666666667,0.0028654531534096995,0.000591498625858119
22.2,0.1875,0.002843210473930385,0.0005868932601484436
22.2,0.19583333333333333,0.002821133940174053,0.0005823224652171542
22.2,0.20416666666666666,0.0027992222611438224,0.0005777859717674044
22.2,0.2125,0.0027774741555326846,0.0005732835125619968
22.2,0.22083333333333333,0.0027558883516081403,0.0005688148223672278
22.2,0.22916666666666666,0.0027344635871266888,0.000564379637926348
22.2,0.2375,0.0027131986092648903,0.0005599776979489773
22.2,0.24583333333333332,0.0026920921745525505,0.0005556087431023118
22.2,0.25416666666666665,0.0026711430488028745,0.0005512725159988136
22.2,0.2625,0.0026503500070401416,0.000546968761181041
22.2,0.2708333333333333,0.0026297118334270716,0.0005426972251056707
22.2,0.2791666666666667,0.0026092273211928544,0.0005384576561278456
22.2,0.2875,0.0025888952725622934,0.0005342498044861607
22.2,0.29583333333333334,0.0025687144986857075,0.0005300734222880054
22.2,0.30416666666666664,0.0025486838195694383,0.0005259282634950947
22.2,0.3125,0.002528802064006808,0.0005218140839090343
22.2,0.32083333333333336,0.00250906806950949,0.0005177306411569518
22.2,0.32916666666666666,0.0024894806822394625,0.0005136776946771884
22.2,0.3375,0.0024700387569413624,0.0005096550057051149
22.2,0.3458333333333333,0.0024507411568754326,0.000505662337259044
22.2,0.3541666666666667,0.0024315867537508815,0.0005016994541262697
22.2,0.3625,0.0024125744276598787,0.0004977661228492067
22.2,0.37083333333333335,0.0023937030670119048,0.0004938621117116261
22.2,0.37916666666666665,0.0023749715684686563,0.0004899871907250189
22.2,0.3875,0.0023563788368794296,0.0004861411316150213
22.2,0.3958333333333333,0.002337923785216993,0.00048232370780798106
22.2,0.4041666666666667,0.00231960533451388,0.0004785346944175893
22.2,0.4125,0.0023014224137992414,0.00047477386823163866
22.2,0.42083333333333334,0.002283373960036069,0.00047104100769886553
22.2,0.42916666666666664,0.0022654589180589966,0.00046733589291588764
22.2,0.4375,0.0022476762405124343,0.0004636583056142559
22.2,0.44583333333333336,0.002230024887789291,0.0004600080291475835
22.2,0.45416666666666666,0.0022125038279700335,0.0004563848484787832
22.2,0.4625,0.0021951120367622997,0.0004527885501673882
22.2,0.4708333333333333,0.0021778484974408624,0.0004492189223569855
22.2,0.4791666666666667,0.002160712200788125,0.00044567575476271715
22.2,0.4875,0.0021437021450349987,0.00044215883865890367
22.2,0.49583333333333335,0.0021268173358022185,0.00043866796686672856
22.2,0.5041666666666667,0.0021100567860421527,0.00043520293374203783
22.2,0.5125,0.002093419515980931,0.0004317635351632205
22.2,0.5208333333333334,0.0020769045530611443,0.00042834956851917826
22.2,0.5291666666666667,0.00206051093188483,0.00042496083269738354
22.2,0.5375,0.0020442376941569593,0.0004215971280720345
22.2,0.5458333333333333,0.002028083888629318,0.00041825825649228484
22.2,0.5541666666666667,0.0020120485710447946,0.00041494402127056836
22.2,0.5625,0.0019961308040820727,0.000411654227171009
22.2,0.5708333333333333,0.001980329657300799,0.00040838868039791616
22.2,0.5791666666666667,0.001964644207086988,0.00040514718858436304
22.2,0.5875,0.001949073536599057,0.0004019295607808506
22.2,0.5958333333333333,0.0019336167357140554,0.00039873560744405805
22.2,0.6041666666666666,0.0019182729009743925,0.0003955651404256687
22.2,0.6125,0.0019030411355349566,0.00039241797296128293
22.2,0.6208333333333333,0.001887920549110548,0.00038929391965942026
22.2,0.6291666666666667,0.0018729102579238023,0.0003861927964905811
22.2,0.6375,0.0018580093846533921,0.00038311442077641294
22.2,0.6458333333333334,0.0018432170583826994,0.00038005861117894205
22.2,0.6541666666666667,0.0018285324145487709,0.00037702518768988486
22.2,0.6625,0.001813954594891737,0.0003740139716200447
22.2,0.6708333333333333,0.0017994827474045374,0.0003710247855887778
22.2,0.6791666666666667,0.0017851160262830133,0.0003680574535135444
22.2,0.6875,0.0017708535918764402,0.0003651118005995323
22.2,0.6958333333333333,0.0017566946106382982,0.0003621876533293482
22.2,0.7041666666666667,0.0017426382550775092,0.00035928483945280856
22.2,0.7125,0.0017286837037099672,0.00035640318797677096
22.2,0.7208333333333333,0.0017148301410104475,0.00035354252915507407
22.2,0.7291666666666666,0.0017010767573648626,0.00035070269447852405
22.2,0.7375,0.0016874227490228336,0.00034788351666497085
22.2,0.7458333333333333,0.001673867318050671,0.0003450848296494476
22.2,0.7541666666666667,0.0016604096722846135,0.0003423064685743829
22.2,0.7625,0.001647049025284486,0.00033954826977989326
22.2,0.7708333333333334,0.0016337845962876288,0.0003368100707941321
22.2,0.7791666666666667,0.0016206156101632033,0.000334091710323719
22.2,0.7875,0.0016075412973667927,0.0003313930282442346
22.2,0.7958333333333333,0.0015945608938953742,0.0003287138655907856
22.2,0.8041666666666667,0.0015816736412425619,0.0003260540645486372
22.2,0.8125,0.0015688787863542193,0.00032341346844391093
22.2,0.8208333333333333,0.001556175581584365,0.0003207919217343582
22.2,0.8291666666666667,0.0015435632846513992,0.00031818927000018863
22.2,0.8375,0.0015310411585946597,0.00031560535993497527
22.2,0.8458333333333333,0.0015186084717312594,0.00031304003933661827
22.2,0.8541666666666666,0.001506264497613279,0.00031049315709837696
22.2,0.8625,0.0014940085149852,0.00030796456319996717
22.2,0.8708333333333333,0.0014818398077417426,0.0003054541086987157
22.2,0.8791666666666667,0.0014697576648858674,0.00030296164572079425
22.2,0.8875,0.0014577613804872276,0.0003004870274524929
22.2,0.8958333333333334,0.0014458502536407796,0.0002980301081315816
22.2,0.9041666666666667,0.001434023588425818,0.00029559074303871056
22.2,0.9125,0.0014222806938651766,0.0002931687884888907
22.2,0.9208333333333333,0.0014106208838848213,0.00029076410182302044
22.2,0.9291666666666667,0.0013990434772736715,0.000288376541399485
22.2,0.9375,0.0013875477976437352,0.0002860059665858077
22.2,0.9458333333333333,0.0013761331733904982,0.00028365223775036243
22.2,0.9541666666666667,0.0013647989376536372,0.0002813152162541475
22.2,0.9625,0.0013535444282779638,0.00027899476444261497
22.2,0.9708333333333333,0.0013423689877746746,0.0002766907456375625
22.2,0.9791666666666666,0.0013312719632828695,0.00027440302412907504
22.2,0.9875,0.0013202527065313307,0.0002721314651675339
22.2,0.9958333333333333,0.0013093105738005892,0.00026987593495566924
22.400000000000002,0.004166666666666667,0.0032681489233724642,0.0006758161789003929
22.400000000000002,0.0125,0.0032430860696380176,0.0006707566130599854
22.400000000000002,0.020833333333333332,0.0032178232470474522,0.0006653469981913736
22.400000000000002,0.029166666666666667,0.0031930854885291746,0.000660313526573595
22.400000000000002,0.0375,0.0031683833147675426,0.0006551678695323097
22.400000000000002,0.04583333333333333,0.0031438846930305206,0.0006500791363375447
22.400000000000002,0.05416666666666667,0.0031195832821741755,0.0006450421192740925
22.400000000000002,0.0625,0.003095461044468378,0.0006400399055335282
22.400000000000002,0.07083333333333333,0.0030715176581846007,0.0006350732898679706
22.400000000000002,0.07916666666666666,0.0030477541480636383,0.0006301444051230462
22.400000000000002,0.0875,0.003024169241277471,0.0006252530782646433
22.400000000000002,0.09583333333333334,0.003000761155659782,0.000620398618673736
22.400000000000002,0.10416666666666667,0.0029775284060142657,0.0006155806245185857
22.400000000000002,0.1125,0.0029544696816520403,0.0006107988603555035
22.400000000000002,0.12083333333333333,0.0029315836739234056,0.0006060530847235471
22.400000000000002,0.12916666666666668,0.0029088690477932977,0.000601343021782433
22.400000000000002,0.1375,0.002886324466596158,0.0005966683861293188
22.400000000000002,0.14583333333333334,0.002863948607204681,0.0005920288980290906
22.400000000000002,0.15416666666666667,0.0028417401606851468,0.0005874242841307746
22.400000000000002,0.1625,0.0028196978290334087,0.0005828542742640143
22.400000000000002,0.17083333333333334,0.002797820323433536,0.0005783185997579617
22.400000000000002,0.17916666666666667,0.0027761063641480806,0.0005738169933911395
22.400000000000002,0.1875,0.0027545546808508056,0.0005693491897834536
22.400000000000002,0.19583333333333333,0.0027331640127830673,0.0005649149256113536
22.400000000000002,0.20416666666666666,0.002711933108700359,0.0005605139396127108
22.400000000000002,0.2125,0.00269086072674693,0.0005561459725194109
22.400000000000002,0.22083333333333333,0.00266994563434571,0.00055181076700467
22.400000000000002,0.22916666666666666,0.002649186608117624,0.0005475080676595052
22.400000000000002,0.2375,0.002628582433815671,0.000543237620983366
22.400000000000002,0.24583333333333332,0.002608131906260053,0.0005389991753755033
22.400000000000002,0.25416666666666665,0.002587833829270102,0.0005347924811226611
22.400000000000002,0.2625,0.002567687015593943,0.000530617290384134
22.400000000000002,0.2708333333333333,0.0025476902868380334,0.0005264733571762223
22.400000000000002,0.2791666666666667,0.0025278424733974417,0.0005223604373570934
22.400000000000002,0.2875,0.002508142414387203,0.0005182782886122616
22.400000000000002,0.29583333333333334,0.00248858895757439,0.0005142266704403903
22.400000000000002,0.30416666666666664,0.0024691809593107416,0.0005102053441392514
22.400000000000002,0.3125,0.002449917284465723,0.0005062140727917136
22.400000000000002,0.32083333333333336,0.002430796806359988,0.0005022526212517937
22.400000000000002,0.32916666666666666,0.002411818406699414,0.0004983207561307742
22.400000000000002,0.3375,0.0023929809755095224,0.0004944182457834406
22.400000000000002,0.3458333333333333,0.0023742834110704776,0.0004905448602944137
22.400000000000002,0.3541666666666667,0.002355724619852484,0.0004867003714646069
22.400000000000002,0.3625,0.0023373035164517995,0.0004828845527977778
22.400000000000002,0.37083333333333335,0.0023190190235270955,0.0004790971794871737
22.400000000000002,0.37916666666666665,0.002300870071736354,0.00047533802840230043
22.400000000000002,0.3875,0.0022828555996742203,0.00047160687807575296
22.400000000000002,0.3958333333333333,0.0022649745538098442,0.0004679035086901797
22.400000000000002,0.4041666666666667,0.0022472258884251185,0.0004642277020653148
22.400000000000002,0.4125,0.0022296085655534588,0.0004605792416451277
22.400000000000002,0.42083333333333334,0.0022121215549189503,0.0004569579124850597
22.400000000000002,0.42916666666666664,0.0021947638338760565,0.0004533635012393494
22.400000000000002,0.4375,0.0021775343873496346,0.0004497957961484698
22.400000000000002,0.44583333333333336,0.002160432207775544,0.000446254587026641
22.400000000000002,0.45416666666666666,0.002143456295041561,0.00044273966524944705
22.400000000000002,0.4625,0.002126605656428842,0.00043925082374153513
22.400000000000002,0.4708333333333333,0.002109879306553725,0.0004357878569644219
22.400000000000002,0.4791666666666667,0.0020932762673100446,0.000432350560904368
22.400000000000002,0.4875,0.002076795567811817,0.00042893873306036975
22.400000000000002,0.49583333333333335,0.002060436244336356,0.00042555217243220924
22.400000000000002,0.5041666666666667,0.002044197340267856,0.00042219067950861883
22.400000000000002,0.5125,0.002028077906041299,0.00041885405625552153
22.400000000000002,0.5208333333333334,0.0020120769990868985,0.0004155421061043586
22.400000000000002,0.5291666666666667,0.0019961936837748343,0.0004122546339405042
22.400000000000002,0.5375,0.0019804270313604714,0.00040899144609177185
22.400000000000002,0.5458333333333333,0.0019647761199299515,0.0004057523503169955
22.400000000000002,0.5541666666666667,0.0019492400343461952,0.00040253715579470256
22.400000000000002,0.5625,0.0019338178661952778,0.0003993456731118667
22.400000000000002,0.5708333333333333,0.0019185087137332786,0.00039617771425274814
22.400000000000002,0.5791666666666667,0.0019033116818333575,0.0003930330925878107
22.400000000000002,0.5875,0.0018882258819334448,0.000389911622862723
22.400000000000002,0.5958333333333333,0.0018732504319841086,0.00038681312118744534
22.400000000000002,0.6041666666666666,0.00185838445639692,0.0003837374050253879
22.400000000000002,0.6125,0.0018436270859931883,0.0003806842931826525
22.400000000000002,0.6208333333333333,0.0018289774579529996,0.0003776536057973641
22.400000000000002,0.6291666666666667,0.001814434715764741,0.0003746451643290568
22.400000000000002,0.6375,0.0017999980091748823,0.0003716587915481635
22.400000000000002,0.6458333333333334,0.0017856664941382234,0.00036869431152556763
22.400000000000002,0.6541666666666667,0.0017714393327684127,0.0003657515496222338
22.400000000000002,0.6625,0.001757315693288912,0.00036283033247891925
22.400000000000002,0.6708333333333333,0.0017432947499842614,0.0003599304880059537
22.400000000000002,0.6791666666666667,0.0017293756831517025,0.00035705184537310214
22.400000000000002,0.6875,0.0017155576790532207,0.00035419423499949697
22.400000000000002,0.6958333333333333,0.0017018399298678309,0.00035135748854363665
22.400000000000002,0.7041666666666667,0.0016882216336443006,0.0003485414388934802
22.400000000000002,0.7125,0.0016747019942541673,0.0003457459201565823
22.400000000000002,0.7208333333333333,0.0016612802213451198,0.00034297076765033127
22.400000000000002,0.7291666666666666,0.001647955530294719,0.0003402158178922348
22.400000000000002,0.7375,0.0016347271421644192,0.0003374809085902918
22.400000000000002,0.7458333333333333,0.0016215942836539888,0.0003347658786334251
22.400000000000002,0.7541666666666667,0.0016085561870561832,0.0003320705680819857
22.400000000000002,0.7625,0.0015956120902118195,0.0003293948181583335
22.400000000000002,0.7708333333333334,0.0015827612364651205,0.0003267384712374746
22.400000000000002,0.7791666666666667,0.0015700028746194195,0.0003241013708377748
22.400000000000002,0.7875,0.0015573362588931453,0.00032148336161173834
22.400000000000002,0.7958333333333333,0.0015447606488761853,0.0003188842893368536
22.400000000000002,0.8041666666666667,0.0015322753094864888,0.0003163040009065038
22.400000000000002,0.8125,0.0015198795109270468,0.0003137423443209434
22.400000000000002,0.8208333333333333,0.0015075725286431455,0.00031119916867834523
22.400000000000002,0.8291666666666667,0.0014953536432799337,0.0003086743241659028
22.400000000000002,0.8375,0.0014832221406403116,0.00030616766205100515
22.400000000000002,0.8458333333333333,0.0014711773116430913,0.0003036790346724716
22.400000000000002,0.8541666666666666,0.0014592184522814983,0.0003012082954318488
22.400000000000002,0.8625,0.0014473448635819112,0.0002987552987847747
22.400000000000002,0.8708333333333333,0.0014355558515629914,0.00029631990023239603
22.400000000000002,0.8791666666666667,0.0014238507271949726,0.0002939019563128632
22.400000000000002,0.8875,0.0014122288063593842,0.0002915013245928643
22.400000000000002,0.8958333333333334,0.0014006894098089352,0.00028911786365924306
22.400000000000002,0.9041666666666667,0.0013892318631277994,0.0002867514331106558
22.400000000000002,0.9125,0.0013778554966920682,0.000284401893549306
22.400000000000002,0.9208333333333333,0.0013665596456305846,0.00028206910657272246
22.400000000000002,0.9291666666666667,0.0013553436497859964,0.00027975293476561005
22.400000000000002,0.9375,0.001344206853676111,0.0002774532416917488
22.400000000000002,0.9458333333333333,0.001333148606455499,0.0002751698918859539
22.400000000000002,0.9541666666666667,0.0013221682618774137,0.0002729027508460939
22.400000000000002,0.9625,0.001311265178255932,0.0002706516850251643
22.400000000000002,0.9708333333333333,0.0013004387184283935,0.0002684165618234201
22.400000000000002,0.9791666666666666,0.001289688249718098,0.0002661972495805577
22.400000000000002,0.9875,0.001279013143897256,0.00026399361756796223
22.400000000000002,0.9958333333333333,0.0012684127771502179,0.0002618055359809969
22.6,0.004166666666666667,0.0031664719659541237,0.0006556243139614648
22.6,0.0125,0.003142183646846227,0.0006507133817987656
22.6,0.020833333333333332,0.0031177058074926918,0.0006454675148552696
22.6,0.029166666666666667,0.0030937345447403183,0.0006405839334209405
22.6,0.0375,0.003069797352849519,0.0006355912467583547
22.6,0.04583333333333333,0.0030460584843979436,0.0006306548140742543
22.6,0.05416666666666667,0.0030225104630215538,0.0006257682573244906
22.6,0.0625,0.0029991359305351728,0.0006209153083988618
22.6,0.07083333333333333,0.0029759347960795794,0.0006160969583321393
22.6,0.07916666666666666,0.002952908031153502,0.0006113152523993005
22.6,0.0875,0.002930054355751047,0.0006065699763158605
22.6,0.09583333333333334,0.002907372039378949,0.0006018604573174393
22.6,0.10416666666666667,0.0028848596521074904,0.0005971863152726355
22.6,0.1125,0.002862515926948892,0.0005925473251227987
22.6,0.12083333333333333,0.0028403395942559017,0.0005879432513416303
22.6,0.12916666666666668,0.0028183293587212073,0.0005833738249951399
22.6,0.1375,0.002796483924557316,0.0005788387689815338
22.6,0.14583333333333334,0.0027748020095720804,0.0005743378121663799
22.6,0.15416666666666667,0.0027532823452539306,0.0005698706895270523
22.6,0.1625,0.0027319236735222486,0.0005654371389617369
22.6,0.17083333333333334,0.002710724745142736,0.0005610368997631934
22.6,0.17916666666666667,0.0026896843196962316,0.0005566697126453345
22.6,0.1875,0.0026688011659124484,0.000552335320134426
22.6,0.19583333333333333,0.0026480740618064214,0.0005480334667625091
22.6,0.20416666666666666,0.0026275017946146844,0.0005437638990601199
22.6,0.2125,0.002607083160671034,0.000539526365488238
22.6,0.22083333333333333,0.0025868169653017747,0.0005353206163891688
22.6,0.22916666666666666,0.002566702022749595,0.0005311464039658091
22.6,0.2375,0.002546737156110407,0.0005270034822733057
22.6,0.24583333333333332,0.002526921197270296,0.0005228916072105198
22.6,0.25416666666666665,0.0025072529868391757,0.000518810536507726
22.6,0.2625,0.002487731374082398,0.000514760029711917
22.6,0.2708333333333333,0.002468355216852424,0.0005107398481716973
22.6,0.2791666666666667,0.0024491233815212704,0.0005067497550226462
22.6,0.2875,0.002430034742914018,0.0005027895151732723
22.6,0.29583333333333334,0.0024110881842429703,0.0004988588952912579
22.6,0.30416666666666664,0.0023922825970423356,0.0004949576637898348
22.6,0.3125,0.0023736168811033234,0.0004910855908141783
22.6,0.32083333333333336,0.0023550899444096385,0.00048724244822787087
22.6,0.32916666666666666,0.002336700703073521,0.0004834280095994305
22.6,0.3375,0.002318448081272181,0.0004796420501889582
22.6,0.3458333333333333,0.002300331011184778,0.00047588434693487713
22.6,0.3541666666666667,0.0022823484329297906,0.00047215467844079635
22.6,0.3625,0.0022644992945029846,0.00046845282496246033
22.6,0.37083333333333335,0.0022467825517157205,0.0004647785683947938
22.6,0.37916666666666665,0.002229197168133781,0.0004611316922590636
22.6,0.3875,0.002211742115016628,0.00045751198169010016
22.6,0.3958333333333333,0.002194416371257149,0.00045391922342365084
22.6,0.4041666666666667,0.0021772189233217843,0.0004503532057837982
22.6,0.4125,0.0021601487651911728,0.00044681371867049205
22.6,0.42083333333333334,0.002143204898301161,0.00044330055354716496
22.6,0.42916666666666664,0.00212638633148435,0.00043981350342843674
22.6,0.4375,0.0021096920809119497,0.0004363523628679237
22.6,0.44583333333333336,0.0020931211700361994,0.00043291692794612466
22.6,0.45416666666666666,0.0020766726295330853,0.00042950699625840505
22.6,0.4625,0.0020603454972455983,0.0004261223669030634
22.6,0.4708333333333333,0.0020441388181273077,0.0004227628404695001
22.6,0.4791666666666667,0.0020280516441864437,0.0004194282190264523
22.6,0.4875,0.0020120830344303327,0.00041611830611034404
22.6,0.49583333333333335,0.001996232054810252,0.0004128329067136911
22.6,0.5041666666666667,0.001980497778166735,0.0004095718272736191
22.6,0.5125,0.0019648792841751965,0.0004063348756604536
22.6,0.5208333333333334,0.0019493756592920718,0.0004031218611663937
22.6,0.5291666666666667,0.0019339859967012413,0.0003999325944942734
22.6,0.5375,0.0019187093962609236,0.0003967668877464093
22.6,0.5458333333333333,0.0019035449644509352,0.0003936245544135215
22.6,0.5541666666666667,0.0018884918143203368,0.0003905054093637448
22.6,0.5625,0.0018735490654354498,0.00038740926883171526
22.6,0.5708333333333333,0.001858715843828333,0.0003843359504077428
22.6,0.5791666666666667,0.0018439912819454753,0.00038128527302705916
22.6,0.5875,0.001829374518597087,0.000378257056959145
22.6,0.5958333333333333,0.0018148646989065579,0.00037525112379714344
22.6,0.6041666666666666,0.0018004609742604024,0.00037226729644733984
22.6,0.6125,0.0017861625022585648,0.0003693053991187241
22.6,0.6208333333333333,0.0017719684466650167,0.0003663652573126397
22.6,0.6291666666666667,0.0017578779773588184,0.0003634466978124858
22.6,0.6375,0.0017438902702854417,0.00036054954867352013
22.6,0.6458333333333334,0.001730004507408539,0.000357673639212721
22.6,0.6541666666666667,0.0017162198766619713,0.0003548187999987277
22.6,0.6625,0.0017025355719022743,0.00035198486284185743
22.6,0.6708333333333333,0.0016889507928614178,0.0003491716607841897
22.6,0.6791666666666667,0.0016754647450999039,0.0003463790280897311
22.6,0.6875,0.0016620766399602772,0.00034360680023464644
22.6,0.6958333333333333,0.0016487856945208716,0.00034085481389755664
22.6,0.7041666666666667,0.001635591131549976,0.0003381229069499271
22.6,0.7125,0.0016224921794602942,0.00033541091844649596
22.6,0.7208333333333333,0.0016094880722637489,0.0003327186886158045
22.6,0.7291666666666666,0.0015965780495266189,0.00033004605885077025
22.6,0.7375,0.001583761356324967,0.000327392871699347
22.6,0.7458333333333333,0.0015710372432004567,0.00032475897085524106
22.6,0.7541666666666667,0.0015584049661164087,0.0003221442011486995
22.6,0.7625,0.0015458637864142531,0.0003195484085373707
22.6,0.7708333333333334,0.0015334129707702386,0.00031697144009721994
22.6,0.7791666666666667,0.001521051791152495,0.00031441314401352017
22.6,0.7875,0.0015087795247783605,0.00031187336957190547
22.6,0.7958333333333333,0.0014965954540720856,0.0003093519671494882
22.6,0.8041666666666667,0.0014844988666227615,0.0003068487882060419
22.6,0.8125,0.001472489055142616,0.00030436368527524506
22.6,0.8208333333333333,0.001460565317425575,0.00030189651195599573
22.6,0.8291666666666667,0.0014487269563061326,0.00029944712290377835
22.6,0.8375,0.001436973279618524,0.0002970153738221013
22.6,0.8458333333333333,0.0014253036001561706,0.00029460112145399234
22.6,0.8541666666666666,0.0014137172356314476,0.0002922042235735562
22.6,0.8625,0.0014022135086356918,0.0002898245389775945
22.6,0.8708333333333333,0.0013907917465995785,0.00028746192747727915
22.6,0.8791666666666667,0.0013794512817536604,0.00028511624988990014
22.6,0.8875,0.001368191451089321,0.00028278736803065234
22.6,0.8958333333333334,0.0013570115963198884,0.0002804751447045026
22.6,0.9041666666666667,0.0013459110638421362,0.000278179443698095
22.6,0.9125,0.0013348892046979488,0.00027590012977173257
22.6,0.9208333333333333,0.0013239453745363524,0.00027363706865139877
22.6,0.9291666666666667,0.0013130789335757617,0.00027139012702085243
22.6,0.9375,0.0013022892465665195,0.0002691591725137668
22.6,0.9458333333333333,0.0012915756827536725,0.0002669440737059297
22.6,0.9541666666666667,0.0012809376158400615,0.00026474470010749945
22.6,0.9625,0.0012703744239496188,0.00026256092215531446
22.6,0.9708333333333333,0.001259885489590959,0.0002603926112052598
22.6,0.9791666666666666,0.00124947019962122,0.00025823963952468246
22.6,0.9875,0.001239127945210147,0.0002561018802848687
22.6,0.9958333333333333,0.001228858121804448,0.00025397920755356406
22.8,0.004166666666666667,0.00306810982188847,0.0006360420664800827
22.8,0.0125,0.0030445710629056853,0.0006312754015696221
22.8,0.020833333333333332,0.0030208527217552516,0.0006261882537926035
22.8,0.029166666666666667,0.002997623127823792,0.0006214500412316186
22.8,0.0375,0.00297442618828757,0.0006166057515776439
22.8,0.04583333333333333,0.002951422463258771,0.0006118170173421631
22.8,0.05416666666666667,0.002928603425762241,0.000607076375895792
22.8,0.0625,0.002905952386392376,0.000602368194187505
22.8,0.07083333333333333,0.0028834694666907625,0.0005976936421842402
22.8,0.07916666666666666,0.0028611555835856258,0.0005930546773716433
22.8,0.0875,0.002839009452329874,0.0005884510477530841
22.8,0.09583333333333334,0.0028170293936395324,0.0005838820990485042
22.8,0.10416666666666667,0.00279521403083741,0.0005793474718981229
22.8,0.1125,0.0027735621388556334,0.0005748469509244849
22.8,0.12083333333333333,0.0027520724857366535,0.0005703803062925896
22.8,0.12916666666666668,0.0027307438147150267,0.0005659472758503722
22.8,0.1375,0.0027095748696328195,0.0005615475906022688
22.8,0.14583333333333334,0.0026885644079298336,0.0005571809877572495
22.8,0.15416666666666667,0.0026677112002124054,0.000552847210355013
22.8,0.1625,0.0026470140270417855,0.0005485460041112034
22.8,0.17083333333333334,0.0026264716775031838,0.0005442771160430528
22.8,0.17916666666666667,0.0026060829492446525,0.0005400402945642516
22.8,0.1875,0.002585846648807936,0.0005358352898714985
22.8,0.19583333333333333,0.0025657615917452064,0.0005316618541164638
22.8,0.20416666666666666,0.0025458266025461555,0.0005275197413876856
22.8,0.2125,0.002526040514515582,0.0005234087076426189
22.8,0.22083333333333333,0.0025064021696739533,0.0005193285106621237
22.8,0.22916666666666666,0.0024869104186855517,0.0005152789100323036
22.8,0.2375,0.0024675641207978576,0.0005112596671370213
22.8,0.24583333333333332,0.0024483621437802073,0.0005072705451493986
22.8,0.25416666666666665,0.002429303363859128,0.0005033113090195381
22.8,0.2625,0.002410386665651864,0.000499381725460093
22.8,0.2708333333333333,0.0023916109421001186,0.0004954815629316006
22.8,0.2791666666666667,0.002372975094404622,0.0004916105916283353
22.8,0.2875,0.0023544780319607024,0.0004877685834647204
22.8,0.29583333333333334,0.002336118672294471,0.00048395531206199576
22.8,0.30416666666666664,0.002317895940999487,0.00048017055273499653
22.8,0.3125,0.002299808771673834,0.0004764140824789424
22.8,0.32083333333333336,0.002281856105857574,0.0004726856799563003
22.8,0.32916666666666666,0.002264036892970737,0.00046898512548371066
22.8,0.3375,0.0022463500902516983,0.00046531220101903633
22.8,0.3458333333333333,0.002228794662696078,0.00046166669014849435
22.8,0.3541666666666667,0.0022113695829960324,0.000458048378073913
22.8,0.3625,0.002194073831480103,0.0004544570516000691
22.8,0.37083333333333335,0.0021769063960534133,0.0004508924991221186
22.8,0.37916666666666665,0.002159866272138362,0.00044735451061314027
22.8,0.3875,0.0021429524626157374,0.00044384287761173725
22.8,0.3958333333333333,0.0021261639777662936,0.0004403573932097667
22.8,0.4041666666666667,0.002109499835212716,0.0004368978520401325
22.8,0.4125,0.002092959059862072,0.00043346405026468884
22.8,0.42083333333333334,0.002076540683848622,0.00043005578556222355
22.8,0.42916666666666664,0.002060243746477149,0.00042667285711652826
22.8,0.4375,0.0020440672941665935,0.00042331506560457197
22.8,0.44583333333333336,0.0020280103803942268,0.00041998221318474645
22.8,0.45416666666666666,0.0020120720656401168,0.00041667410348520794
22.8,0.4625,0.0019962514173321186,0.00041339054159229914
22.8,0.4708333333333333,0.001980547509791176,0.00041013133403907016
22.8,0.4791666666666667,0.001964959424177104,0.00040689628879386254
22.8,0.4875,0.0019494862484347253,0.0004036852152490081
22.8,0.49583333333333335,0.0019341270772404047,0.0004004979242095763
22.8,0.5041666666666667,0.0019188810119490317,0.0003973342278822367
22.8,0.5125,0.0019037471605412983,0.00039419393986418646
22.8,0.5208333333333334,0.0018887246375714859,0.00039107687513216294
22.8,0.5291666666666667,0.0018738125641155246,0.0003879828500315378
22.8,0.5375,0.0018590100677195098,0.0003849116822654979
22.8,0.5458333333333333,0.0018443162823485757,0.00038186319088429483
22.8,0.5541666666666667,0.0018297303483361307,0.0003788371962745838
22.8,0.5625,0.0018152514123334711,0.0003758335201488359
22.8,0.5708333333333333,0.0018008786272598273,0.00037285198553483126
22.8,0.5791666666666667,0.0017866111522526213,0.0003698924167652282
22.8,0.5875,0.0017724481526183123,0.00036695463946720793
22.8,0.5958333333333333,0.001758388799783397,0.0003640384805522024
22.8,0.6041666666666666,0.00174443227124588,0.0003611437682056876
22.8,0.6125,0.0017305777505270993,0.0003582703318770569
22.8,0.6208333333333333,0.0017168244271238366,0.00035541800226957795
22.8,0.6291666666666667,0.0017031714964608664,0.0003525866113304012
22.8,0.6375,0.0016896181598437727,0.00034977599224066645
22.8,0.6458333333333334,0.0016761636244121852,0.0003469859794056663
22.8,0.6541666666666667,0.001662807103093279,0.0003442164084450868
22.8,0.6625,0.0016495478145556906,0.00034146711618332053
22.8,0.6708333333333333,0.0016363849831637206,0.00033873794063984713
22.8,0.6791666666666667,0.0016233178389318639,0.0003360287210196896
22.8,0.6875,0.001610345617479742,0.0003333392977039371
22.8,0.6958333333333333,0.001597467559987261,0.00033066951224033187
22.8,0.7041666666666667,0.0015846829131501818,0.0003280192073339431
22.8,0.7125,0.0015719909291359699,0.0003253882268378803
22.8,0.7208333333333333,0.0015593908655399788,0.0003227764157441056
22.8,0.7291666666666666,0.0015468819853419588,0.00032018362017428723
22.8,0.7375,0.0015344635568628512,0.00031760968737073813
22.8,0.7458333333333333,0.0015221348537219491,0.0003150544656874078
22.8,0.7541666666666667,0.0015098951547943022,0.000312517804580946
22.8,0.7625,0.001497743744168497,0.0003099995546018341
22.8,0.7708333333333334,0.0014856799111046912,0.00030749956738557177
22.8,0.7791666666666667,0.001473702949992988,0.0003050176956439355
22.8,0.7875,0.0014618121603120668,0.0003025537931562991
22.8,0.7958333333333333,0.0014500068465881817,0.00030010771476101424
22.8,0.8041666666666667,0.0014382863183543767,0.00029767931634685715
22.8,0.8125,0.0014266498901100535,0.0002952684548445317
22.8,0.8208333333333333,0.0014150968812808038,0.0002928749882182437
22.8,0.8291666666666667,0.0014036266161785338,0.00029049877545732404
22.8,0.8375,0.0013922384239618887,0.0002881396765679215
22.8,0.8458333333333333,0.0013809316385969344,0.0002857975525647512
22.8,0.8541666666666666,0.0013697055988181577,0.00028347226546290367
22.8,0.8625,0.0013585596480896976,0.0002811636782697143
22.8,0.8708333333333333,0.0013474931345669294,0.0002788716549766843
22.8,0.8791666666666667,0.0013365054110582157,0.0002765960605514745
22.8,0.8875,0.0013255958349870527,0.00027433676092993725
22.8,0.8958333333333334,0.0013147637683543721,0.0002720936230082238
22.8,0.9041666666666667,0.0013040085777012193,0.00026986651463493266
22.8,0.9125,0.0012933296340715925,0.0002676553046033285
22.8,0.9208333333333333,0.0012827263129756357,0.0002654598626436023
22.8,0.9291666666666667,0.0012721979943530397,0.00026328005941520096
22.8,0.9375,0.0012617440625367251,0.0002611157664992006
22.8,0.9458333333333333,0.0012513639062167626,0.00025896685639073904
22.8,0.9541666666666667,0.0012410569184045856,0.00025683320249150223
22.8,0.9625,0.0012308224963974172,0.0002547146791022626
22.8,0.9708333333333333,0.0012206600417429686,0.00025261116141547357
22.8,0.9791666666666666,0.0012105689602043912,0.00025052252550790974
22.8,0.9875,0.0012005486617254577,0.00024844864833336905
22.8,0.9958333333333333,0.0011905985603960078,0.000246389407715415
23.0,0.004166666666666667,0.002972945332127191,0.0006170506594724289
23.0,0.0125,0.002950132026878332,0.000612424023922403
23.0,0.020833333333333332,0.002927148591319259,0.0006074907247404916
23.0,0.029166666666666667,0.0029046367082264466,0.0006028934997718632
23.0,0.0375,0.0028821561536609293,0.0005981931722164432
23.0,0.04583333333333333,0.0028598638220088553,0.0005935476757332853
23.0,0.05416666666666667,0.002837750216291357,0.0005889485448104161
23.0,0.0625,0.002815799304262427,0.0005843807709231475
23.0,0.07083333333333333,0.0027940114023225146,0.0005798456865077418
23.0,0.07916666666666666,0.0027723873718968743,0.0005753451613991714
23.0,0.0875,0.0027509259258299834,0.000570878909284643
23.0,0.09583333333333334,0.002729625435496772,0.0005664462948733853
23.0,0.10416666666666667,0.0027084845755030924,0.0005620469786553206
23.0,0.1125,0.0026875021610020698,0.0005576807542751072
23.0,0.12083333333333333,0.0026666769964732223,0.0005533473973685634
23.0,0.12916666666666668,0.002646007862547356,0.0005490466524444696
23.0,0.1375,0.0026254935414852113,0.0005447782584195859
23.0,0.14583333333333334,0.0026051328290973078,0.0005405419605945377
23.0,0.15416666666666667,0.0025849245338483446,0.000536337509813853
23.0,0.1625,0.0025648674737043515,0.000532164659368199
23.0,0.17083333333333334,0.0025449604748513095,0.0005280231637678728
23.0,0.17916666666666667,0.002525202371795932,0.0005239127788978497
23.0,0.1875,0.0025055920076902227,0.0005198332623963397
23.0,0.19583333333333333,0.002486128234428946,0.0005157843738057814
23.0,0.20416666666666666,0.0024668099125688733,0.0005117658745452207
23.0,0.2125,0.002447635911208793,0.0005077775278431075
23.0,0.22083333333333333,0.002428605107895321,0.0005038190986953834
23.0,0.22916666666666666,0.0024097163885550468,0.0004998903538496728
23.0,0.2375,0.002390968647436246,0.0004959910617984933
23.0,0.24583333333333332,0.0023723607870491533,0.0004921209927707527
23.0,0.25416666666666665,0.002353891718102938,0.0004882799187195069
23.0,0.2625,0.002335560359441111,0.0004844676133078099
23.0,0.2708333333333333,0.002317365637977285,0.0004806838518944924
23.0,0.2791666666666667,0.002299306488631798,0.0004769284115204847
23.0,0.2875,0.0022813818542692815,0.000473201070895673
23.0,0.29583333333333334,0.0022635906856368,0.00046950161038597277
23.0,0.30416666666666664,0.0022459319413024423,0.0004658298120004962
23.0,0.3125,0.0022284045875943068,0.0004621854593787261
23.0,0.32083333333333336,0.0022110075985398658,0.0004585683377777659
23.0,0.32916666666666666,0.002193739955805831,0.0004549782340596538
23.0,0.3375,0.0021766006486384245,0.00045141493667879727
23.0,0.3458333333333333,0.0021595886738041306,0.00044787823566949084
23.0,0.3541666666666667,0.0021427030355308453,0.00044436792263354995
23.0,0.3625,0.002125942745449558,0.000440883790728028
23.0,0.37083333333333335,0.00210930682253637,0.00043742563465301923
23.0,0.37916666666666665,0.0020927942930550002,0.00043399325063957255
23.0,0.3875,0.002076404190499686,0.0004305864364376627
23.0,0.3958333333333333,0.0020601355555385525,0.0004272049913042844
23.0,0.4041666666666667,0.002043987435957337,0.00042384871599160894
23.0,0.4125,0.0020279588866036,0.0004205174127352467
23.0,0.42083333333333334,0.0020120489693312843,0.0004172108852425891
23.0,0.42916666666666664,0.0019962567529457644,0.0004139289386812336
23.0,0.4375,0.001980581313149201,0.0004106713796675081
23.0,0.44583333333333336,0.001965021732486422,0.00040743801625506726
23.0,0.45416666666666666,0.0019495771002910848,0.0004042286579235803
23.0,0.4625,0.0019342465126323326,0.00040104311556749786
23.0,0.4708333333333333,0.001919029072261776,0.0003978812014849147
23.0,0.4791666666666667,0.0019039238885609226,0.00039474272936649316
23.0,0.4875,0.0018889300774889578,0.0003916275142844985
23.0,0.49583333333333335,0.0018740467615309103,0.00038853537268188006
23.0,0.5041666666666667,0.0018592730696462543,0.00038546612236146677
23.0,0.5125,0.0018446081372177918,0.0003824195824752231
23.0,0.5208333333333334,0.001830051106001036,0.00037939557351358865
23.0,0.5291666666666667,0.0018156011240738508,0.0003763939172948969
23.0,0.5375,0.0018012573457865423,0.0003734144369548784
23.0,0.5458333333333333,0.0017870189317122894,0.0003704569569362295
23.0,0.5541666666666667,0.0017728850485979287,0.000367521302978269
23.0,0.5625,0.0017588548693151065,0.00036460730210666567
23.0,0.5708333333333333,0.0017449275728118484,0.00036171478262324335
23.0,0.5791666666666667,0.0017311023440643332,0.0003588435740958609
23.0,0.5875,0.0017173783740292426,0.0003559935073483644
23.0,0.5958333333333333,0.0017037548595962501,0.0003531644144506223
23.0,0.6041666666666666,0.0016902310035409789,0.00035035612870862136
23.0,0.6125,0.0016768060144782921,0.00034756848465464105
23.0,0.6208333333333333,0.0016634791068158717,0.0003448013180375098
23.0,0.6291666666666667,0.0016502495007082068,0.0003420544658129112
23.0,0.6375,0.001637116422010858,0.00033932776613378375
23.0,0.6458333333333334,0.0016240791022351145,0.00033662105834077823
23.0,0.6541666666666667,0.001611136778502919,0.0003339341829527885
23.0,0.6625,0.0015982886935021878,0.0003312669816575524
23.0,0.6708333333333333,0.001585534095442409,0.0003286192973023192
23.0,0.6791666666666667,0.001572872238010563,0.00032599097388458936
23.0,0.6875,0.0015603023803274325,0.00032338185654291984
23.0,0.6958333333333333,0.0015478237869041254,0.0003207917915477906
23.0,0.7041666666666667,0.0015354357275990046,0.00031822062629255647
23.0,0.7125,0.001523137477574883,0.0003156682092844371
23.0,0.7208333333333333,0.0015109283172565467,0.0003131343901356026
23.0,0.7291666666666666,0.0014988075322885904,0.00031061901955429844
23.0,0.7375,0.0014867744134935321,0.0003081219493360545
23.0,0.7458333333333333,0.0014748282568302802,0.00030564303235494465
23.0,0.7541666666666667,0.0014629683633528411,0.0003031821225549171
23.0,0.7625,0.0014511940391693872,0.00030073907494118884
23.0,0.7708333333333334,0.0014395045954015725,0.00029831374557169496
23.0,0.7791666666666667,0.0014278993481441787,0.0002959059915486074
23.0,0.7875,0.0014163776184250092,0.0002935156710099144
23.0,0.7958333333333333,0.0014049387321651387,0.00029114264312105623
23.0,0.8041666666666667,0.0013935820201393765,0.00028878676806662763
23.0,0.8125,0.0013823068179370681,0.00028644790704213287
23.0,0.8208333333333333,0.0013711124659231513,0.0002841259222458119
23.0,0.8291666666666667,0.0013599983091995055,0.0002818206768705116
23.0,0.8375,0.001348963697566578,0.0002795320350956269
23.0,0.8458333333333333,0.0013380079854852702,0.00027725986207909406
23.0,0.8541666666666666,0.001327130532039129,0.00027500402394944456
23.0,0.8625,0.0013163307008967633,0.0002727643877979152
23.0,0.8708333333333333,0.001305607860274598,0.000270540821670611
23.0,0.8791666666666667,0.0012949613828997987,0.0002683331945607355
23.0,0.8875,0.0012843906459735711,0.00026614137640086145
23.0,0.8958333333333334,0.0012738950311346167,0.00026396523805527255
23.0,0.9041666666666667,0.0012634739244229481,0.0002618046513123459
23.0,0.9125,0.001253126716243867,0.0002596594888770013
23.0,0.9208333333333333,0.00124285280133228,0.00025752962436319314
23.0,0.9291666666666667,0.0012326515787172221,0.0002554149322864681
23.0,0.9375,0.0012225224516866438,0.00025331528805656455
23.0,0.9458333333333333,0.001212464827752435,0.00025123056797007144
23.0,0.9541666666666667,0.0012024781186157352,0.0002491606492031376
23.0,0.9625,0.0011925617401324464,0.0002471054098042329
23.0,0.9708333333333333,0.0011827151122790064,0.0002450647286869625
23.0,0.9791666666666666,0.0011729376591184178,0.00024303848562292653
23.0,0.9875,0.0011632288087664894,0.00024102656123463958
23.0,0.9958333333333333,0.001153587993358339,0.0002390288369884886
23.2,0.004166666666666667,0.0028808660119554554,0.0005986319161273219
23.2,0.0125,0.002858754888246567,0.0005941411967725098
23.2,0.020833333333333332,0.0028364826230223156,0.0005893570286288462
23.2,0.029166666666666667,0.0028146653275022606,0.0005848965454384411
23.2,0.0375,0.0027928781188725263,0.0005803358792236207
23.2,0.04583333333333333,0.002771274256635371,0.0005758292966983333
23.2,0.05416666666666667,0.0027498433505395922,0.000571367407256696
23.2,0.0625,0.0027285700131336244,0.0005669358155846791
23.2,0.07083333333333333,0.002707454739037238,0.0005625360009900374
23.2,0.07916666666666666,0.0026864983335991195,0.0005581697461174765
23.2,0.0875,0.0026656995094801795,0.000553836733589263
23.2,0.09583333333333334,0.0026450566880852756,0.0005495363474937112
23.2,0.10416666666666667,0.0026245685933807945,0.0005452682672591833
23.2,0.1125,0.002604234079121099,0.0005410322949364638
23.2,0.12083333333333333,0.0025840519850266375,0.000536828211432419
23.2,0.12916666666666668,0.0025640211280169977,0.000532655767798208
23.2,0.1375,0.00254414032759707,0.0005285147106701018
23.2,0.14583333333333334,0.002524408416727539,0.0005244047931942913
23.2,0.15416666666666667,0.0025048242405150546,0.0005203257737709929
23.2,0.1625,0.0024853866531361706,0.0005162774130317897
23.2,0.17083333333333334,0.002466094516700588,0.0005122594727560596
23.2,0.17916666666666667,0.0024469467014060107,0.0005082717160784396
23.2,0.1875,0.0024279420858535077,0.0005043139078565259
23.2,0.19583333333333333,0.0024090795571263058,0.0005003858148015577
23.2,0.20416666666666666,0.002390358010702407,0.0004964872054425421
23.2,0.2125,0.0023717763503375306,0.0004926178500603558
23.2,0.22083333333333333,0.002353333487976074,0.0004887775206493881
23.2,0.22916666666666666,0.0023350283436869806,0.00048496599090385947
23.2,0.2375,0.002316859845607587,0.00048118303621158873
23.2,0.24583333333333332,0.0022988269298854307,0.00047742843364545273
23.2,0.25416666666666665,0.0022809285406168323,0.0004737019619511978
23.2,0.2625,0.0022631636297841483,0.0004700034015335882
23.2,0.2708333333333333,0.0022455311571935007,0.00046633253444262326
23.2,0.2791666666666667,0.002228030090413382,0.00046268914436032145
23.2,0.2875,0.002210659404714164,0.0004590730165879992
23.2,0.29583333333333334,0.0021934180830081233,0.00045548393803373713
23.2,0.30416666666666664,0.0021763051157898954,0.0004519216971999229
23.2,0.3125,0.002159319501077316,0.00044838608417079886
23.2,0.32083333333333336,0.002142460244352624,0.0004448768906000885
23.2,0.32916666666666666,0.0021257263585041613,0.0004413939096986862
23.2,0.3375,0.0021091168637684633,0.0004379369362224686
23.2,0.3458333333333333,0.0020926307876728122,0.00043450576646018277
23.2,0.3541666666666667,0.0020762671649781892,0.0004311001982214496
23.2,0.3625,0.0020600250376227205,0.00042772003082484645
23.2,0.37083333333333335,0.0020439034546654708,0.00042436506508607103
23.2,0.37916666666666665,0.0020279014722306963,0.0004210351033062159
23.2,0.3875,0.0020120181534524877,0.0004177299492600978
23.2,0.3958333333333333,0.001996252568419861,0.00041444940818470495
23.2,0.4041666666666667,0.001980603794122197,0.00041119328676770595
23.2,0.4125,0.0019650709143951544,0.0004079613931360624
23.2,0.42083333333333334,0.001949653019866919,0.0004047535368447169
23.2,0.42916666666666664,0.0019343492079049215,0.0004015695288653627
23.2,0.4375,0.0019191585825628613,0.00039840918157530895
23.2,0.44583333333333336,0.001904080254528237,0.0003952723087464176
23.2,0.45416666666666666,0.0018891133410701463,0.00039215872553412614
23.2,0.4625,0.0018742569659875698,0.0003890682484665495
23.2,0.4708333333333333,0.001859510259557967,0.0003860006954336736
23.2,0.4791666666666667,0.001844872358486309,0.0003829558856766093
23.2,0.4875,0.001830342405854449,0.0003799336397769533
23.2,0.49583333333333335,0.00181591955107087,0.00037693377964619367
23.2,0.5041666666666667,0.0018016029498208485,0.0003739561285152272
23.2,0.5125,0.0017873917640169037,0.00037100051092393485
23.2,0.5208333333333334,0.0017732851617497142,0.0003680667527108392
23.2,0.5291666666666667,0.0017592823172392965,0.00036515468100283666
23.2,0.5375,0.0017453824107866158,0.0003622641242050145
23.2,0.5458333333333333,0.0017315846287255284,0.0003593949119905285
23.2,0.5541666666666667,0.0017178881633750705,0.00035654687529056796
23.2,0.5625,0.001704292212992094,0.00035371984628438947
23.2,0.5708333333333333,0.001690795981724314,0.00035091365838942437
23.2,0.5791666666666667,0.0016773986795635544,0.00034812814625146017
23.2,0.5875,0.0016640995222995472,0.0003453631457348916
23.2,0.5958333333333333,0.0016508977314738734,0.0003426184939130519
23.2,0.6041666666666666,0.001637792534334351,0.0003398940290586046
23.2,0.6125,0.0016247831637897535,0.0003371895906340086
23.2,0.6208333333333333,0.0016118688583648005,0.00033450501928206533
23.2,0.6291666666666667,0.0015990488621555519,0.00033184015681651373
23.2,0.6375,0.0015863224247850646,0.00032919484621271507
23.2,0.6458333333333334,0.0015736888013594323,0.00032656893159839354
23.2,0.6541666666666667,0.0015611472524240872,0.0003239622582444502
23.2,0.6625,0.0015486970439204796,0.0003213746725558427
23.2,0.6708333333333333,0.0015363374471430308,0.00031880602206253033
23.2,0.6791666666666667,0.0015240677386964014,0.0003162561554104898
23.2,0.6875,0.0015118872004531265,0.00031372492235279395
23.2,0.6958333333333333,0.001499795119511472,0.00031121217374074976
23.2,0.7041666666666667,0.0014877907881536748,0.0003087177615151197
23.2,0.7125,0.0014758735038044397,0.00030624153869737985
23.2,0.7208333333333333,0.0014640425689897664,0.0003037833593810705
23.2,0.7291666666666666,0.0014522972912960636,0.00030134307872318534
23.2,0.7375,0.0014406369833295455,0.00029892055293564176
23.2,0.7458333333333333,0.001429060962675963,0.00029651563927680127
23.2,0.7541666666666667,0.0014175685518605739,0.00029412819604305717
23.2,0.7625,0.001406159078308458,0.000291758082560485
23.2,0.7708333333333334,0.0013948318743050724,0.00028940515917654647
23.2,0.7791666666666667,0.0013835862769571324,0.0002870692872518611
23.2,0.7875,0.0013724216281537245,0.0002847503291520354
23.2,0.7958333333333333,0.001361337274527774,0.0002824481482395478
23.2,0.8041666666666667,0.0013503325674177104,0.0002801626088656984
23.2,0.8125,0.0013394068628294657,0.0002778935763626089
23.2,0.8208333333333333,0.00132855952139872,0.00027564091703529217
23.2,0.8291666666666667,0.0013177899083534309,0.00027340449815376524
23.2,0.8375,0.0013070973934766286,0.00027118418794523007
23.2,0.8458333333333333,0.0012964813510694699,0.0002689798555863058
23.2,0.8541666666666666,0.001285941159914575,0.00026679137119531846
23.2,0.8625,0.001275476203239599,0.00026461860582464636
23.2,0.8708333333333333,0.0012650858686811194,0.00026246143145311555
23.2,0.8791666666666667,0.001254769548248691,0.00026031972097846233
23.2,0.8875,0.0012445266382892692,0.000258193348209833
23.2,0.8958333333333334,0.00123435653945178,0.00025608218786035366
23.2,0.9041666666666667,0.0012242586566520361,0.00025398611553974004
23.2,0.9125,0.0012142323990378186,0.0002519050077469708
23.2,0.9208333333333333,0.0012042771799542827,0.00024983874186300327
23.2,0.9291666666666667,0.001194392416909559,0.0002477871961435523
23.2,0.9375,0.0011845775315406214,0.00024575024971191026
23.2,0.9458333333333333,0.0011748319495793762,0.00024372778255182413
23.2,0.9541666666666667,0.0011651551008190313,0.00024171967550042203
23.2,0.9625,0.0011555464190806642,0.00023972581024118923
23.2,0.9708333333333333,0.0011460053421800387,0.0002377460692969975
23.2,0.9791666666666666,0.0011365313118946686,0.00023578033602317567
23.2,0.9875,0.0011271237739310964,0.00023382849460064158
23.2,0.9958333333333333,0.001117782177892414,0.00023189043002906813
23.400000000000002,0.004166666666666667,0.0027917638354149556,0.0005807682393510188
23.400000000000002,0.0125,0.0027703324228723334,0.0005764094440599496
23.400000000000002,0.020833333333333332,0.0027487484166060375,0.0005717698374188319
23.400000000000002,0.029166666666666667,0.002727603387427514,0.0005674419812593865
23.400000000000002,0.0375,0.002706487281798741,0.0005630168056132157
23.400000000000002,0.04583333333333333,0.0026855497588971246,0.000558644945836642
23.400000000000002,0.05416666666666667,0.0026647796081802357,0.0005543161602318109
23.400000000000002,0.0625,0.002644162073982105,0.0005500166546997692
23.400000000000002,0.07083333333333333,0.0026236978133793317,0.0005457480406630386
23.400000000000002,0.07916666666666666,0.002603387575394547,0.0005415120143248969
23.400000000000002,0.0875,0.0025832300746191773,0.0005373082303476908
23.400000000000002,0.09583333333333334,0.002563223781788191,0.000533136092482608
23.400000000000002,0.10416666666666667,0.002543367468354927,0.0005289952981992096
23.400000000000002,0.1125,0.002523660025131231,0.0005248856573797676
23.400000000000002,0.12083333333333333,0.0025041003259354488,0.0005208069560211205
23.400000000000002,0.12916666666666668,0.002484687222904674,0.0005167589516003861
23.400000000000002,0.1375,0.002465419571648612,0.00051274139828181
23.400000000000002,0.14583333333333334,0.0024462962410969824,0.0005087540568168191
23.400000000000002,0.15416666666666667,0.0024273161118235497,0.0005047966929203454
23.400000000000002,0.1625,0.0024084780730623295,0.000500869074338792
23.400000000000002,0.17083333333333334,0.0023897810217097556,0.0004969709699037648
23.400000000000002,0.17916666666666667,0.002371223862526191,0.0004931021497845771
23.400000000000002,0.1875,0.002352805508439615,0.0004892623858426782
23.400000000000002,0.19583333333333333,0.002334524880606507,0.0004854514517428339
23.400000000000002,0.20416666666666666,0.002316380908318975,0.0004816691229101975
23.400000000000002,0.2125,0.0022983725288910715,0.0004779151764662011
23.400000000000002,0.22083333333333333,0.0022804986875747495,0.00047418939119366684
23.400000000000002,0.22916666666666666,0.002262758337499205,0.0004704915475250369
23.400000000000002,0.2375,0.0022451504396166755,0.00046682142753657084
23.400000000000002,0.24583333333333332,0.0022276739626457087,0.00046317881493974813
23.400000000000002,0.25416666666666665,0.0022103278830113192,0.0004595634950691496
23.400000000000002,0.2625,0.0021931111847840567,0.00045597525486891814
23.400000000000002,0.2708333333333333,0.00217602285961965,0.0004524138828794119
23.400000000000002,0.2791666666666667,0.002159061906699534,0.0004488791692244334
23.400000000000002,0.2875,0.0021422273326722305,0.00044537090559891525
23.400000000000002,0.29583333333333334,0.0021255181515951968,0.0004418888852567652
23.400000000000002,0.30416666666666664,0.0021089333848770915,0.0004384329029987707
23.400000000000002,0.3125,0.002092472061220406,0.00043500275516051087
23.400000000000002,0.32083333333333336,0.00207613321656445,0.00043159823960034797
23.400000000000002,0.32916666666666666,0.0020599158940288334,0.0004282191556874831
23.400000000000002,0.3375,0.0020438191438573138,0.0004248653042901313
23.400000000000002,0.3458333333333333,0.002027842023362099,0.0004215364877637711
23.400000000000002,0.3541666666666667,0.00201198359686854,0.0004182325099395042
23.400000000000002,0.3625,0.0019962429356602954,0.00041495317611249397
23.400000000000002,0.37083333333333335,0.0019806191179248356,0.0004116982930304797
23.400000000000002,0.37916666666666665,0.0019651112286993913,0.0004084676688824005
23.400000000000002,0.3875,0.0019497183598172815,0.00040526111328707137
23.400000000000002,0.3958333333333333,0.001934439609854676,0.00040207843728197397
23.400000000000002,0.4041666666666667,0.0019192740840776972,0.00039891945331210847
23.400000000000002,0.4125,0.0019042208943899775,0.0003957839752189431
23.400000000000002,0.42083333333333334,0.0018892791592805458,0.0003926718182294395
23.400000000000002,0.42916666666666664,0.0018744480037721654,0.000389582798945157
23.400000000000002,0.4375,0.0018597265593699732,0.00038651673533144796
23.400000000000002,0.44583333333333336,0.0018451139640106038,0.00038347344670672413
23.400000000000002,0.45416666666666666,0.0018306093620115817,0.00038045275373180617
23.400000000000002,0.4625,0.0018162119040211774,0.000377454478399349
23.400000000000002,0.4708333333333333,0.0018019207469685693,0.0003744784440233581
23.400000000000002,0.4791666666666667,0.0017877350540144291,0.0003715244752287609
23.400000000000002,0.4875,0.0017736539945018342,0.0003685923979410862
23.400000000000002,0.49583333333333335,0.0017596767439075406,0.00036568203937618394
23.400000000000002,0.5041666666666667,0.0017458024837936697,0.00036279322803005445
23.400000000000002,0.5125,0.001732030401759663,0.0003599257936687341
23.400000000000002,0.5208333333333334,0.001718359691394693,0.0003570795673182598
23.400000000000002,0.5291666666666667,0.0017047895522303324,0.0003542543812547074
23.400000000000002,0.5375,0.0016913191896936318,0.0003514500689943115
23.400000000000002,0.5458333333333333,0.0016779478150605333,0.0003486664652836436
23.400000000000002,0.5541666666666667,0.0016646746454096063,0.0003459034060898758
23.400000000000002,0.5625,0.001651498903576129,0.0003431607285911113
23.400000000000002,0.5708333333333333,0.0016384198181065622,0.000340438271166786
23.400000000000002,0.5791666666666667,0.001625436623213224,0.00033773587338814233
23.400000000000002,0.5875,0.0016125485587294918,0.00033505337600876983
23.400000000000002,0.5958333333333333,0.001599754870065148,0.00033239062095522377
23.400000000000002,0.6041666666666666,0.001587054808162156,0.0003297474513177035
23.400000000000002,0.6125,0.001574447629450762,0.0003271237113408006
23.400000000000002,0.6208333333333333,0.0015619325958058498,0.0003245192464143277
23.400000000000002,0.6291666666666667,0.0015495089745036978,0.00032193390306419227
23.400000000000002,0.6375,0.0015371760381789907,0.0003193675289433599
23.400000000000002,0.6458333333333334,0.0015249330647821894,0.00031681997282286944
23.400000000000002,0.6541666666666667,0.0015127793375371691,0.00031429108458292017
23.400000000000002,0.6625,0.0015007141448992191,0.00031178071520402345
23.400000000000002,0.6708333333333333,0.001488736780513307,0.00030928871675821654
23.400000000000002,0.6791666666666667,0.0014768465431726462,0.00030681494240034605
23.400000000000002,0.6875,0.0014650427367776252,0.00030435924635941174
23.400000000000002,0.6958333333333333,0.0014533246702949456,0.00030192148392996817
23.400000000000002,0.7041666666666667,0.0014416916577171374,0.00029950151146360777
23.400000000000002,0.7125,0.0014301430180223174,0.000297099186360478
23.400000000000002,0.7208333333333333,0.0014186780751342723,0.00029471436706089005
23.400000000000002,0.7291666666666666,0.0014072961578828211,0.00029234691303696404
23.400000000000002,0.7375,0.0013959965999644419,0.0002899966847843527
23.400000000000002,0.7458333333333333,0.00138477873990324,0.00028766354381401494
23.400000000000002,0.7541666666666667,0.0013736419210121302,0.0002853473526440527
23.400000000000002,0.7625,0.0013625854913543642,0.0002830479747916109
23.400000000000002,0.7708333333333334,0.0013516088037052892,0.000280765274764827
23.400000000000002,0.7791666666666667,0.0013407112155144206,0.0002784991180548482
23.400000000000002,0.7875,0.001329892088867739,0.0002762493711279033
23.400000000000002,0.7958333333333333,0.001319150790450332,0.00027401590141742997
23.400000000000002,0.8041666666666667,0.0013084866915092322,0.00027179857731626247
23.400000000000002,0.8125,0.0012978991678165668,0.0002695972681688713
23.400000000000002,0.8208333333333333,0.0012873875996329614,0.0002674118442636674
23.400000000000002,0.8291666666666667,0.0012769513716712091,0.0002652421768253501
23.400000000000002,0.8375,0.0012665898730601984,0.0002630881380073216
23.400000000000002,0.8458333333333333,0.0012563024973090953,0.00026094960088414866
23.400000000000002,0.8541666666666666,0.0012460886422717954,0.0002588264394440824
23.400000000000002,0.8625,0.0012359477101116115,0.000256718528581632
23.400000000000002,0.8708333333333333,0.0012258791072662552,0.0002546257440901856
23.400000000000002,0.8791666666666667,0.001215882244412993,0.0002525479626546974
23.400000000000002,0.8875,0.0012059565364341514,0.0002504850618444105
23.400000000000002,0.8958333333333334,0.00119610140238277,0.0002484369201056482
23.400000000000002,0.9041666666666667,0.0011863162654485871,0.00024640341675464324
23.400000000000002,0.9125,0.0011766005529241837,0.000244384431970429
23.400000000000002,0.9208333333333333,0.0011669536961714483,0.0002423798467877725
23.400000000000002,0.9291666666666667,0.0011573751305882227,0.00024038954309016776
23.400000000000002,0.9375,0.0011478642955752157,0.0002384134036028693
23.400000000000002,0.9458333333333333,0.0011384206345031221,0.00023645131188598163
23.400000000000002,0.9541666666666667,0.0011290435946800207,0.00023450315232759604
23.400000000000002,0.9625,0.0011197326273189603,0.00023256881013697554
23.400000000000002,0.9708333333333333,0.0011104871875057911,0.00023064817133779128
23.400000000000002,0.9791666666666666,0.0011013067341672296,0.00022874112276140014
23.400000000000002,0.9875,0.0010921907300391386,0.00022684755204018051
23.400000000000002,0.9958333333333333,0.0010831386416350378,0.00022496734760090185
23.6,0.004166666666666667,0.002705535030930376,0.0005634425920819996
23.6,0.0125,0.002684761630079645,0.0005592118461748653
23.6,0.020833333333333332,0.0026638437633073023,0.0005547123747010609
23.6,0.029166666666666667,0.0026433494500746678,0.0005505131576479102
23.6,0.0375,0.0026228829698177387,0.000546219427754989
23.6,0.04583333333333333,0.00260259041930383,0.0005419782279288785
23.6,0.05416666666666667,0.0025824598370556093,0.0005377785357218275
23.6,0.0625,0.0025624770856341266,0.0005336071456698379
23.6,0.07083333333333333,0.002542642969661067,0.0005294657873696631
23.6,0.07916666666666666,0.002522958181875131,0.0005253560715892922
23.6,0.0875,0.0025034214407996963,0.000521277627989468
23.6,0.09583333333333334,0.0024840312657365858,0.0005172298801707948
23.6,0.10416666666666667,0.00246478647380301,0.0005132125427637206
23.6,0.1125,0.0024456859913974155,0.0005092254329469244
23.6,0.12083333333333333,0.00242672872534291,0.0005052683416429618
23.6,0.12916666666666668,0.002407913561957233,0.0005013410326400582
23.6,0.1375,0.0023892393918496387,0.0004974432674403669
23.6,0.14583333333333334,0.0023707051187759425,0.0004935748141660598
23.6,0.15416666666666667,0.0023523096576422986,0.000489735445613785
23.6,0.1625,0.0023340519316267135,0.00048592493642637366
23.6,0.17083333333333334,0.002315930871313886,0.0004821430622776606
23.6,0.17916666666666667,0.002297945414936353,0.0004783896001630663
23.6,0.1875,0.0022800945086644585,0.00047466432873875754
23.6,0.19583333333333333,0.002262377106650195,0.00047096702841424457
23.6,0.20416666666666666,0.00224479217092994,0.000467297481303541
23.6,0.2125,0.002227338671314485,0.0004636554711632461
23.6,0.22083333333333333,0.002210015585309845,0.0004600407833610094
23.6,0.22916666666666666,0.0021928218980598025,0.00045645320486546335
23.6,0.2375,0.0021757566022934972,0.0004528925242407406
23.6,0.24583333333333332,0.002158818698270101,0.00044935853163780346
23.6,0.25416666666666665,0.002142007193720519,0.00044585101878241625
23.6,0.2625,0.002125321103788235,0.00044236977896193095
23.6,0.2708333333333333,0.002108759450970818,0.0004389146070123705
23.6,0.2791666666666667,0.0020923212650623157,0.0004354852993060864
23.6,0.2875,0.0020760055830964337,0.00043208165373983745
23.6,0.29583333333333334,0.002059811449290161,0.0004287034697229976
23.6,0.30416666666666664,0.0020437379149877803,0.00042535054816581305
23.6,0.3125,0.002027784038605235,0.0004220226914676672
23.6,0.32083333333333336,0.0020119488855748486,0.00041871970350542597
23.6,0.32916666666666666,0.001996231528290528,0.0004154413896218501
23.6,0.3375,0.001980631046053312,0.0004121875566141228
23.6,0.3458333333333333,0.001965146525017373,0.00040895801272244935
23.6,0.3541666666666667,0.001949777058136394,0.00040575256761876314
23.6,0.3625,0.0019345217451103936,0.0004025710323955079
23.6,0.37083333333333335,0.0019193796923328958,0.00039941321955449307
23.6,0.37916666666666665,0.0019043500128385147,0.00039627894299585655
23.6,0.3875,0.0018894318262509162,0.00039316801800707695
23.6,0.3958333333333333,0.0018746242587312,0.00039008026125209727
23.6,0.4041666666666667,0.001859926442926612,0.00038701549076050916
23.6,0.4125,0.0018453375179196933,0.0003839735259168311
23.6,0.42083333333333334,0.0018308566291777538,0.00038095418744985926
23.6,0.42916666666666664,0.001816482928502781,0.0003779572974220964
23.6,0.4375,0.001802215573981643,0.0003749826792192684
23.6,0.44583333333333336,0.0017880537299367544,0.00037203015753990937
23.6,0.45416666666666666,0.0017739965668770118,0.0003690995583850286
23.6,0.4625,0.0017600432614491746,0.0003661907090478499
23.6,0.4708333333333333,0.0017461929963895474,0.00036330343810363994
23.6,0.4791666666666667,0.0017324449604760607,0.00036043757539958965
23.6,0.4875,0.001718798348480678,0.0003575929520448005
23.6,0.49583333333333335,0.0017052523611221534,0.0003547694004003097
23.6,0.5041666666666667,0.0016918062050191903,0.0003519667540692226
23.6,0.5125,0.0016784590926438524,0.00034918484788689855
23.6,0.5208333333333334,0.0016652102422754264,0.0003464235179112141
23.6,0.5291666666666667,0.0016520588779545269,0.00034368260141289756
23.6,0.5375,0.0016390042294376068,0.00034096193686594277
23.6,0.5458333333333333,0.0016260455321517842,0.00033826136393807913
23.6,0.5541666666666667,0.0016131820271499892,0.0003355807234813251
23.6,0.5625,0.0016004129610664394,0.00033291985752260597
23.6,0.5708333333333333,0.001587737586072503,0.0003302786092544409
23.6,0.5791666666666667,0.0015751551598327462,0.0003276568230257007
23.6,0.5875,0.0015626649454615056,0.00032505434433242924
23.6,0.5958333333333333,0.0015502662114795888,0.00032247101980874076
23.6,0.6041666666666666,0.0015379582317713943,0.0003199066972177759
23.6,0.6125,0.0015257402855423559,0.00031736122544272465
23.6,0.6208333333333333,0.0015136116572766177,0.0003148344544779288
23.6,0.6291666666666667,0.0015015716366951137,0.00031232623542002606
23.6,0.6375,0.001489619518713885,0.000309836420459183
23.6,0.6458333333333334,0.0014777546034027466,0.0003073648628703769
23.6,0.6541666666666667,0.0014659761959442165,0.0003049114170047478
23.6,0.6625,0.0014542836065927918,0.00030247593828101356
23.6,0.6708333333333333,0.0014426761506344868,0.00030005828317694513
23.6,0.6791666666666667,0.0014311531483466573,0.00029765830922090947
23.6,0.6875,0.001419713924958183,0.0002952758749834705
23.6,0.6958333333333333,0.0014083578106098497,0.0002929108400690465
23.6,0.7041666666666667,0.0013970841403150944,0.0002905630651076463
23.6,0.7125,0.0013858922539209924,0.00028823241174663915
23.6,0.7208333333333333,0.001374781496069552,0.0002859187426426123
23.6,0.7291666666666666,0.001363751216159287,0.0002836219214532658
23.6,0.7375,0.0013528007683070381,0.00028134181282938133
23.6,0.7458333333333333,0.0013419295113101357,0.00027907828240684106
23.6,0.7541666666666667,0.0013311368086087582,0.00027683119679870744
23.6,0.7625,0.0013204220282486334,0.00027460042358736343
23.6,0.7708333333333334,0.0013097845428439617,0.0002723858313167017
23.6,0.7791666666666667,0.0012992237295406442,0.00027018728948437996
23.6,0.7875,0.0012887389699797257,0.0002680046685341273
23.6,0.7958333333333333,0.0012783296502611753,0.0002658378398481074
23.6,0.8041666666666667,0.0012679951609078587,0.00026368667573933705
23.6,0.8125,0.0012577348968298048,0.0002615510494441573
23.6,0.8208333333333333,0.0012475482572887303,0.00025943083511476684
23.6,0.8291666666666667,0.0012374346458628083,0.0002573259078117972
23.6,0.8375,0.0012273934704117027,0.0002552361434969527
23.6,0.8458333333333333,0.0012174241430418357,0.00025316141902569696
23.6,0.8541666666666666,0.0012075260800719233,0.0002511016121399948
23.6,0.8625,0.0011976987019987416,0.0002490566014611064
23.6,0.8708333333333333,0.0011879414334631708,0.00024702626648242886
23.6,0.8791666666666667,0.0011782537032164182,0.0002450104875623999
23.6,0.8875,0.0011686349440865702,0.00024300914591743786
23.6,0.8958333333333334,0.0011590845929452922,0.00024102212361494662
23.6,0.9041666666666667,0.0011496020906748504,0.00023904930356635892
23.6,0.9125,0.00114018688213529,0.0002370905695202384
23.6,0.9208333333333333,0.0011308384161319205,0.00023514580605542371
23.6,0.9291666666666667,0.0011215561453829744,0.00023321489857422927
23.6,0.9375,0.0011123395264875334,0.00023129773329568667
23.6,0.9458333333333333,0.001103188019893648,0.00022939419724883937
23.6,0.9541666666666667,0.0010941010898667305,0.0002275041782660842
23.6,0.9625,0.0010850782044581246,0.00022562756497655865
23.6,0.9708333333333333,0.0010761188354739219,0.00022376424679957862
23.6,0.9791666666666666,0.0010672224584439979,0.00022191411393811567
23.6,0.9875,0.0010583885525912583,0.00022007705737233163
23.6,0.9958333333333333,0.001049616600801111,0.00021825296885314487
23.8,0.004166666666666667,0.0026220798875525066,0.0005466384783428509
23.8,0.0125,0.0026019435402782724,0.0005425320211167803
23.8,0.020833333333333332,0.002581670454912629,0.000538168397021039
23.8,0.029166666666666667,0.0025618060482719834,0.0005340939538772965
23.8,0.0375,0.0025419684516479347,0.0005299277469809972
23.8,0.04583333333333333,0.002522300240330361,0.0005258132686807719
23.8,0.05416666666666667,0.0025027887677633405,0.0005217387825873181
23.8,0.0625,0.002483420500713513,0.0005176916587951344
23.8,0.07083333333333333,0.00246419637725963,0.0005136737319251555
23.8,0.07916666666666666,0.002445117034159848,0.0005096865285444866
23.8,0.0875,0.002426181195757324,0.0005057296561242183
23.8,0.09583333333333334,0.002407387429101104,0.000501802558212029
23.8,0.10416666666666667,0.002388734595200895,0.0004979049657383636
23.8,0.1125,0.0023702216546406347,0.0004940367026809557
23.8,0.12083333333333333,0.0023518475462019563,0.0004901975647389066
23.8,0.12916666666666668,0.002333611189379136,0.0004863873218978776
23.8,0.1375,0.0023155115087087163,0.0004826057428095238
23.8,0.14583333333333334,0.002297547441666701,0.0004788526027381638
23.8,0.15416666666666667,0.00227971793639556,0.0004751276813369315
23.8,0.1625,0.002262021948941904,0.000471430759934101
23.8,0.17083333333333334,0.002244458442517269,0.00046776162084232636
23.8,0.17916666666666667,0.0022270263877723134,0.00046412004768077317
23.8,0.1875,0.002209724763071418,0.000460505825697398
23.8,0.19583333333333333,0.0021925525545204412,0.00045691874184397596
23.8,0.20416666666666666,0.0021755087558660955,0.0004533585847224215
23.8,0.2125,0.002158592368389961,0.00044982514452539035
23.8,0.22083333333333333,0.002141802400833973,0.00044631821300796204
23.8,0.22916666666666666,0.0021251378693459134,0.00044283758347907096
23.8,0.2375,0.002108597797428651,0.0004393830507962493
23.8,0.24583333333333332,0.002092181215886165,0.0004359544113568756
23.8,0.25416666666666665,0.0020758871627667725,0.00043255146308625997
23.8,0.2625,0.002059714683305711,0.00042917400542476176
23.8,0.2708333333333333,0.002043662829868457,0.00042582183931529766
23.8,0.2791666666666667,0.0020277306618949223,0.0004224947671914128
23.8,0.2875,0.002011917245844376,0.0004191925929657366
23.8,0.29583333333333334,0.0019962216551407787,0.00041591512201854
23.8,0.30416666666666664,0.0019806429701184946,0.00041266216118633506
23.8,0.3125,0.0019651802779683423,0.00040943351875048176
23.8,0.32083333333333336,0.0019498326726839852,0.0004062290044258791
23.8,0.32916666666666666,0.0019345992550087992,0.00040304842934972155
23.8,0.3375,0.001919479132383083,0.00039989160607036966
23.8,0.3458333333333333,0.0019044714188916991,0.0003967583485362888
23.8,0.3541666666666667,0.0018895752352120774,0.00039364847208509164
23.8,0.3625,0.0018747897085626588,0.00039056179343265323
23.8,0.37083333333333335,0.001860113972651668,0.00038749813066229816
23.8,0.37916666666666665,0.0018455471676262893,0.0003844573032140908
23.8,0.3875,0.0018310884400222127,0.00038143913187417425
23.8,0.3958333333333333,0.001816736942713583,0.0003784434387642181
23.8,0.4041666666666667,0.00180249183486327,0.000375470047330923
23.8,0.4125,0.0017883522818735586,0.00037251878233561866
23.8,0.42083333333333334,0.0017743174553371665,0.0003695894698439307
23.8,0.42916666666666664,0.0017603865329886698,0.0003666819372155246
23.8,0.4375,0.0017465586986562202,0.000363796013093933
23.8,0.44583333333333336,0.001732833142213708,0.0003609315273964513
23.8,0.45416666666666666,0.0017192090595331917,0.0003580883113041112
23.8,0.4625,0.001705685652437757,0.0003552661972517259
23.8,0.4708333333333333,0.0016922621286546635,0.00035246501891801976
23.8,0.4791666666666667,0.001678937701768885,0.00034968461121581126
23.8,0.4875,0.0016657115911769607,0.0003469248102822966
23.8,0.49583333333333335,0.0016525830220411918,0.00034418545346937224
23.8,0.5041666666666667,0.001639551225244222,0.00034146637933406
23.8,0.5125,0.0016266154373438646,0.00033876742762898514
23.8,0.5208333333333334,0.0016137749005283675,0.00033608843929292827
23.8,0.5291666666666667,0.0016010288625719147,0.0003334292564414485
23.8,0.5375,0.0015883765767905178,0.0003307897223575811
23.8,0.5458333333333333,0.0015758173019982155,0.0003281696814825918
23.8,0.5541666666666667,0.0015633503024635876,0.00032556897940681047
23.8,0.5625,0.0015509748478665802,0.00032298746286052866
23.8,0.5708333333333333,0.0015386902132557114,0.00032042497970496275
23.8,0.5791666666666667,0.0015264956790054557,0.0003178813789232869
23.8,0.5875,0.0015143905307741365,0.00031535651061172714
23.8,0.5958333333333333,0.001502374059461944,0.00031285022597073007
23.8,0.6041666666666666,0.0014904455611693575,0.000310362377296187
23.8,0.6125,0.0014786043371558854,0.0003078928179707242
23.8,0.6208333333333333,0.001466849693799025,0.00030544140245506964
23.8,0.6291666666666667,0.0014551809425536189,0.00030300798627946093
23.8,0.6375,0.0014435973999114375,0.00030059242603513835
23.8,0.6458333333333334,0.001432098387361105,0.0002981945793658868
23.8,0.6541666666666667,0.0014206832313482757,0.00029581430495964406
23.8,0.6625,0.00140935126323615,0.00029345146254017204
23.8,0.6708333333333333,0.0013981018192662424,0.0002911059128587845
23.8,0.6791666666666667,0.0013869342405194286,0.00028877751768614215
23.8,0.6875,0.001375847872877334,0.0002864661398041033
23.8,0.6958333333333333,0.0013648420669839286,0.0002841716429976297
23.8,0.7041666666666667,0.0013539161782074604,0.0002818938920467675
23.8,0.7125,0.001343069566602633,0.0002796327527186628
23.8,0.7208333333333333,0.0013323015968730743,0.00027738809175966074
23.8,0.7291666666666666,0.0013216116383340788,0.00027515977688744156
23.8,0.7375,0.0013109990648755925,0.00027294767678322864
23.8,0.7458333333333333,0.001300463254925523,0.0002707516610840437
23.8,0.7541666666666667,0.001290003591413247,0.00026857160037502335
23.8,0.7625,0.0012796194617334436,0.0002664073661817922
23.8,0.7708333333333334,0.0012693102577101467,0.0002642588309628849
23.8,0.7791666666666667,0.0012590753755610904,0.0002621258681022313
23.8,0.7875,0.0012489142158622654,0.0002600083519016921
23.8,0.7958333333333333,0.0012388261835128034,0.0002579061575736481
23.8,0.8041666666666667,0.0012288106877000424,0.0002558191612336458
23.8,0.8125,0.001218867141864883,0.00025374723989309163
23.8,0.8208333333333333,0.0012089949636673912,0.0002516902714520067
23.8,0.8291666666666667,0.0011991935749526385,0.00024964813469182393
23.8,0.8375,0.0011894624017168027,0.0002476207092682467
23.8,0.8458333333333333,0.001179800874073491,0.0002456078757041523
23.8,0.8541666666666666,0.0011702084262203225,0.00024360951538255019
23.8,0.8625,0.0011606844964057391,0.00024162551053959037
23.8,0.8708333333333333,0.0011512285268960847,0.00023965574425761772
23.8,0.8791666666666667,0.0011418399639428508,0.0002377001004582868
23.8,0.8875,0.0011325182577502505,0.00023575846389571186
23.8,0.8958333333333334,0.0011232628624429323,0.0002338307201496798
23.8,0.9041666666666667,0.0011140732360340017,0.00023191675561890055
23.8,0.9125,0.0011049488403932044,0.00023001645751431394
23.8,0.9208333333333333,0.001095889141215396,0.000228129713852438
23.8,0.9291666666666667,0.0010868936079891879,0.0002262564134487717
23.8,0.9375,0.0010779617139658507,0.0002243964459112379
23.8,0.9458333333333333,0.0010690929361284035,0.00022254970163367686
23.8,0.9541666666666667,0.0010602867551609677,0.0002207160717893861
23.8,0.9625,0.001051542655418297,0.00021889544832470395
23.8,0.9708333333333333,0.001042860124895538,0.0002170877239526433
23.8,0.9791666666666666,0.0010342386551982154,0.00021529279214656258
23.8,0.9875,0.0010256777415124114,0.000213510547133892
23.8,0.9958333333333333,0.001017176882575167,0.000211740883889892
24.0,0.004166666666666667,0.002541302571251763,0.0005303399249977766
24.0,0.0125,0.002521783032566564,0.0005263541063561815
24.0,0.020833333333333332,0.0025021341027179427,0.000522122175900746
24.0,0.029166666666666667,0.002482879505895509,0.0005181687602459663
24.0,0.0375,0.0024636507589474973,0.0005141262718775689
24.0,0.04583333333333333,0.0024445869593210925,0.0005101346971474364
24.0,0.05416666666666667,0.0024256748378618303,0.0005061816491243427
24.0,0.0625,0.0024069014511378314,0.0005022550599699405
24.0,0.07083333333333333,0.002388267857393069,0.0004983568569434924
24.0,0.07916666666666666,0.002369774637941513,0.0004944884838468622
24.0,0.0875,0.0023514205247201383,0.0004906495286281446
24.0,0.09583333333333334,0.0023332041316559498,0.0004868394547988243
24.0,0.10416666666666667,0.002315124361932337,0.00048305800874997527
24.0,0.1125,0.0022971802089843396,0.0004793050207969231
24.0,0.12083333333333333,0.002279370642549949,0.0004755802912796196
24.0,0.12916666666666668,0.002261694614327109,0.00047188359626834745
24.0,0.1375,0.002244151081739409,0.00046821471137771384
24.0,0.14583333333333334,0.0022267390149129838,0.0004645734187915119
24.0,0.15416666666666667,0.002209457394167831,0.00046095950480168926
24.0,0.1625,0.0021923052073804044,0.0004573727572180966
24.0,0.17083333333333334,0.002175281449363271,0.00045381296479513706
24.0,0.17916666666666667,0.0021583851221662464,0.0004502799175793639
24.0,0.1875,0.002141615235334307,0.000446773407213622
24.0,0.19583333333333333,0.0021249708059203026,0.00044329322699558876
24.0,0.20416666666666666,0.002108450858381919,0.0004398391718202502
24.0,0.2125,0.0020920544244799008,0.00043641103812328875
24.0,0.22083333333333333,0.002075780543208008,0.00043300862385582564
24.0,0.22916666666666666,0.0020596282607412172,0.0004296317284771614
24.0,0.2375,0.002043596630386489,0.00042628015294965876
24.0,0.24583333333333332,0.0020276847125300927,0.00042295369972991046
24.0,0.25416666666666665,0.002011891574582337,0.00041965217275695773
24.0,0.2625,0.001996216290921849,0.0004163753774397487
24.0,0.2708333333333333,0.001980657942840658,0.00041312312064506143
24.0,0.2791666666666667,0.0019652156184901295,0.00040989521068597514
24.0,0.2875,0.0019498884128275782,0.00040669145731068594
24.0,0.29583333333333334,0.0019346754275632603,0.0004035116716914034
24.0,0.30416666666666664,0.0019195757711077182,0.0004003556664132806
24.0,0.3125,0.0019045885585194766,0.0003972232554633552
24.0,0.32083333333333336,0.001889712911453046,0.00039411425421957393
24.0,0.32916666666666666,0.00187494795810741,0.0003910284794398852
24.0,0.3375,0.0018602928331748394,0.00038796574925144153
24.0,0.3458333333333333,0.0018457466777901212,0.0003849258831398671
24.0,0.3541666666666667,0.0018313086394801416,0.0003819087019386265
24.0,0.3625,0.0018169778721138943,0.0003789140278184629
24.0,0.37083333333333335,0.001802753535852809,0.0003759416842769074
24.0,0.37916666666666665,0.0017886347971014693,0.0003729914961278859
24.0,0.3875,0.0017746208284586886,0.00037006328949137663
24.0,0.3958333333333333,0.0017607108086689814,0.00036715689178317014
24.0,0.4041666666666667,0.001746903922574344,0.00036427213170468753
24.0,0.4125,0.0017331993610664375,0.00036140883923288535
24.0,0.42083333333333334,0.0017195963210390978,0.00035856684561023217
24.0,0.42916666666666664,0.0017060940053412327,0.0003557459833347562
24.0,0.4375,0.001692691622730006,0.00035294608615017443
24.0,0.44583333333333336,0.0016793883878244524,0.00035016698903608936
24.0,0.45416666666666666,0.0016661835210593533,0.00034740852819826025
24.0,0.4625,0.0016530762486395246,0.00034467054105894476
24.0,0.4708333333333333,0.00164006580249439,0.0003419528662473214
24.0,0.4791666666666667,0.0016271514202329254,0.00033925534358996416
24.0,0.4875,0.00161433234509892,0.0003365778141014163
24.0,0.49583333333333335,0.0016016078259265582,0.00033392011997479884
24.0,0.5041666666666667,0.0015889771170963828,0.00033128210457252134
24.0,0.5125,0.001576439478491489,0.000328663612417043
24.0,0.5208333333333334,0.0015639941754541538,0.0003260644891817051
24.0,0.5291666666666667,0.0015516404787426835,0.000323484581681633
24.0,0.5375,0.0015393776644886511,0.0003209237378647106
24.0,0.5458333333333333,0.0015272050141544227,0.00031838180680260906
24.0,0.5541666666666667,0.0015151218144909917,0.00031585863868189353
24.0,0.5625,0.0015031273574961155,0.00031335408479519046
24.0,0.5708333333333333,0.0014912209403728231,0.00031086799753242053
24.0,0.5791666666666667,0.001479401865488093,0.00030840023037209706
24.0,0.5875,0.0014676694403320248,0.00030595063787268575
24.0,0.5958333333333333,0.0014560229774771313,0.0003035190756640356
24.0,0.6041666666666666,0.0014444617945380256,0.0003011054004388632
24.0,0.6125,0.0014329852141314145,0.0002987094699443036
24.0,0.6208333333333333,0.0014215925638363016,0.0002963311429735323
24.0,0.6291666666666667,0.0014102831761545853,0.00029397027935742907
24.0,0.6375,0.0013990563884718641,0.0002916267399563242
24.0,0.6458333333333334,0.0013879115430185818,0.0002893003866517915
24.0,0.6541666666666667,0.0013768479868314148,0.0002869910823385064
24.0,0.6625,0.001365865071714984,0.00028469869091616386
24.0,0.6708333333333333,0.0013549621542038202,0.00028242307728145366
24.0,0.6791666666666667,0.0013441385955245899,0.00028016410732009824
24.0,0.6875,0.00133339376155866,0.00027792164789894563
24.0,0.6958333333333333,0.0013227270228048614,0.00027569556685811704
24.0,0.7041666666666667,0.0013121377543425755,0.0002734857330032249
24.0,0.7125,0.0013016253357950628,0.0002712920160976267
24.0,0.7208333333333333,0.001291189151293074,0.00026911428685475803
24.0,0.7291666666666666,0.00128082858943872,0.00026695241693050384
24.0,0.7375,0.0012705430432695872,0.00026480627891563714
24.0,0.7458333333333333,0.001260331910223159,0.0002626757463283047
24.0,0.7541666666666667,0.001250194592101436,0.0002605606936065724
24.0,0.7625,0.0012401304950358653,0.00025846099610102454
24.0,0.7708333333333334,0.0012301390294524855,0.00025637653006741124
24.0,0.7791666666666667,0.0012202196100373605,0.0002543071726593582
24.0,0.7875,0.0012103716557022087,0.0002522528019211226
24.0,0.7958333333333333,0.001200594589550355,0.00025021329678040364
24.0,0.8041666666666667,0.00119088783884286,0.00024818853704120685
24.0,0.8125,0.0011812508349649288,0.0002461784033767549
24.0,0.8208333333333333,0.0011716830133925635,0.00024418277732245875
24.0,0.8291666666666667,0.0011621838136594332,0.00024220154126892857
24.0,0.8375,0.0011527526793240137,0.00024023457845504393
24.0,0.8458333333333333,0.0011433890579369312,0.00023828177296106963
24.0,0.8541666666666666,0.0011340924010085594,0.0002363430097018223
24.0,0.8625,0.0011248621639768448,0.00023441817441988727
24.0,0.8708333333333333,0.0011156978061753792,0.00023250715367887888
24.0,0.8791666666666667,0.0011065987908016495,0.0002306098348567609
24.0,0.8875,0.0010975645848855934,0.0002287261061391992
24.0,0.8958333333333334,0.0010885946592582942,0.00022685585651297712
24.0,0.9041666666666667,0.0010796884885209779,0.00022499897575944673
24.0,0.9125,0.0010708455510141626,0.0002231553544480345
24.0,0.9208333333333333,0.001062065328787087,0.00022132488392978718
24.0,0.9291666666666667,0.0010533473075673102,0.00021950745633097095
24.0,0.9375,0.001044690976730561,0.0002177029645467092
24.0,0.9458333333333333,0.0010360958292707685,0.00021591130223466994
24.0,0.9541666666666667,0.0010275613617703454,0.0002141323638087974
24.0,0.9625,0.0010190870743706493,0.00021236604443308652
24.0,0.9708333333333333,0.0010106724707426584,0.00021061224001540577
24.0,0.9791666666666666,0.0010023170580578734,0.000208870847201357
24.0,0.9875,0.0009940203469594017,0.00020714176336818747
24.0,0.9958333333333333,0.0009857818515332604,0.00020542488661873457
