Da,Bi,unit_source_boundary_concentration,steady_outflow_fraction
0.03,0.03,16.50128221191462,0.4950384663574386
0.03214557915712819,0.03,15.923172357585214,0.4776951707275564
0.034444608644906484,0.03,15.346640274667438,0.4603992082400231
0.03690806312437145,0.03,14.77304704475884,0.4431914113427652
0.0395477021566922,0.03,14.203726047002505,0.4261117814100751
0.04237612633868262,0.03,13.639970751327382,0.4091991225398215
0.045406837453086234,0.03,13.083023298088547,0.39249069894265637
0.04865430292076789,0.03,12.534064071188741,0.3760219221356622
0.052134024862481254,0.03,11.994202439274677,0.3598260731782403
0.05586261409988602,0.03,11.464468802535178,0.3439340640760553
0.05985786944906639,0.03,10.945808042737147,0.3283742412821144
0.06413886268506694,0.03,10.439074433215172,0.31317223299645514
0.0687260295830332,0.03,9.945028025309346,0.29835084075928037
0.07364126747055089,0.03,9.464332489788614,0.28392997469365844
0.07890803975686143,0.03,8.997554357425926,0.2699266307227778
0.0845514879379336,0.03,8.54516357313783,0.2563549071941349
0.09059855161206047,0.03,8.107535253670706,0.24322605761012117
0.09707809707888847,0.03,7.684952520093894,0.23054857560281683
0.10402105513575949,0.03,7.2776102634217485,0.21832830790265245
0.11146056872915173,0.03,6.885619694339352,0.20656859083018056
0.11943215116604915,0.03,6.50901352583225,0.1952704057749675
0.12797385564047778,0.03,6.147751639933276,0.18443254919799829
0.13712645688446246,0.03,5.801727096099211,0.1740518128829763
0.1469336458105338,0.03,5.470772348157476,0.1641231704447243
0.15744223807493174,0.03,5.154665548546155,0.15463996645638464
0.1687023975571047,0.03,4.853136831965106,0.14559410495895317
0.1807678758223073,0.03,4.565874484876175,0.1369762345462852
0.1936962687103966,0.03,4.292530921930267,0.12877592765790802
0.2075492912756809,0.03,4.0327284048462655,0.12098185214538797
0.22239307239027523,0.03,3.7860644531070635,0.1135819335932119
0.23829847041728436,0.03,3.5521169087555213,0.10656350726266564
0.2553414114607129,0.03,3.3304486293436137,0.0999134588803084
0.27360325180677286,0.03,3.12061179357067,0.0936183538071201
0.29317116628674317,0.03,2.922151813271776,0.08766455439815328
0.3141385644152698,0.03,2.7346108531759863,0.08203832559527958
0.33660553629058904,0.03,2.557530966283341,0.07672592898850024
0.3606793303852239,0.03,2.390456857883666,0.07171370573650997
0.38647486550794,0.03,2.2329382952573495,0.06698814885772049
0.4141152793808653,0.03,2.084532183073584,0.06253596549220752
0.4437325164504621,0.03,1.9448043265578427,0.05834412979673528
0.47546795773833395,0.03,1.8133309057627403,0.05439992717288221
0.5094730957385232,0.03,1.6896996848670829,0.050690990546012483
0.5459102575829949,0.03,1.5735109804626812,0.047205329413880434
0.5849533799274136,0.03,1.4643784123744887,0.04393135237123466
0.6267888392562115,0.03,1.3619294597935927,0.040857883793807774
0.6716163415705015,0.03,1.2658058444703033,0.0379741753341091
0.7196498757058468,0.03,1.1756637614907017,0.03526991284472105
0.7711187348306588,0.03,1.0911739768081625,0.032735219304244875
0.8262686110014498,0.03,1.0120218092752393,0.03036065427825718
0.8853627679999155,0.03,0.9379070134647899,0.028137210403943694
0.9486832980505137,0.03,0.8685435781180628,0.026056307343541883
1.0165324684176076,0.03,0.8036594536396928,0.024109783609190784
1.089234164310304,0.03,0.7429962206967542,0.022289886620902626
1.1671354349828413,0.03,0.686308710687227,0.02058926132061681
1.2506081504110058,0.03,0.6333645876337005,0.019000937629011012
1.3400507764528888,0.03,0.5839438999382969,0.017518316998148906
1.4358902769679147,0.03,0.5378386094087272,0.016135158282261815
1.5385841519740941,0.03,0.4948521040346882,0.014845563121040647
1.6486226215728734,0.03,0.4547987001577795,0.013643961004733385
1.7665309660667667,0.03,0.4175031389344773,0.01252509416803432
1.8928720334405786,0.03,0.38280008133666243,0.011484002440099872
2.0282489261759444,0.03,0.3505336053629376,0.010516008160888128
2.1733078802249692,0.03,0.32055670864062097,0.00961670125921863
2.3287413498860743,0.03,0.292730819176275,0.00878192457528825
2.4952913133080123,0.03,0.26692531665466335,0.0080077594996399
2.673752814401236,0.03,0.24301706638421888,0.007290511991526566
2.8649777580643074,0.03,0.22088996773317893,0.006626699031995367
3.0698789768422605,0.03,0.20043451868576698,0.006013035560573009
3.289434588429555,0.03,0.18154739796328678,0.005446421938898604
3.524692664818587,0.03,0.16413106599176497,0.004923931979752948
3.776776235382502,0.03,0.14809338584700563,0.004442801575410168
4.046888647774959,0.03,0.13334726516125225,0.0040004179548375676
4.336319312237784,0.03,0.11981031982533025,0.003594309594759907
4.646449856737443,0.03,0.10740456015958395,0.0032221368047875188
4.978760722312678,0.03,0.09605610005075083,0.0028816830015225246
5.334838230116768,0.03,0.08569488935656011,0.0025708466806968035
5.716382153889739,0.03,0.07625446966356858,0.0022876340899070573
6.125213834008588,0.03,0.06767175324702364,0.002030152597410709
6.563284871848655,0.03,0.059886824827035494,0.0017966047448110646
7.032686445959767,0.03,0.05284276544787826,0.001585282963436348
7.535659294528738,0.03,0.046485497533688996,0.0013945649260106697
8.07460441178074,0.03,0.04076364990265631,0.0012229094970796894
8.652094509379817,0.03,0.035628441262676815,0.0010688532378803045
9.270886297540766,0.03,0.031033580474625653,0.0009310074142387696
9.933933644477731,0.03,0.026935181665003114,0.0008080554499500934
10.644401677007258,0.03,0.023291692107147467,0.000698750763214424
11.405681889616837,0.03,0.020063830677358556,0.0006019149203207567
12.221408334123376,0.03,0.017214534635083364,0.0005164360390525009
13.095474967204968,0.03,0.014708912478216788,0.0004412673743465037
14.032054238615942,0.03,0.012514200686341148,0.0003754260205902344
15.035617008818157,0.03,0.010599722284342286,0.0003179916685302686
16.110953891107577,0.03,0.00893684533166596,0.00026810535994997877
17.263198120114698,0.03,0.0074989396615470095,0.00022496818984641027
18.497850055844463,0.03,0.006261330451022595,0.00018783991353067786
19.82080344022787,0.03,0.0052012474862850305,0.0001560374245885509
21.23837353152414,0.03,0.004297769288061023,0.00012893307864183067
22.757327250875505,0.03,0.0035317615672205596,0.00010595284701661679
24.384915484922956,0.03,0.002885809781113323,8.657429343339969e-05
26.12890769868241,0.03,0.0023441458464666517,7.032437539399955e-05
27.997629023909713,0.03,0.0018925693265288298,5.677707979586489e-05
30.0,0.03,0.0015183636414461534,4.55509092433846e-05
0.03,0.03214557915712819,15.928844026227488,0.5120419165266442
0.03214557915712819,0.03214557915712819,15.38894487583802,0.49468654565093334
0.034444608644906484,0.03214557915712819,14.84924768575391,0.477337666906205
0.03690806312437145,0.03214557915712819,14.311037027545117,0.46003657358954414
0.0395477021566922,0.03214557915712819,13.775583399936867,0.44282410661829164
0.04237612633868262,0.03214557915712819,13.244131320808695,0.42574027174045664
0.045406837453086234,0.03214557915712819,12.717887937818167,0.40882387341661974
0.04865430292076789,0.03214557915712819,12.198012375323183,0.39211217237058066
0.052134024862481254,0.03214557915712819,11.685606010644815,0.3756405730141959
0.05586261409988602,0.03214557915712819,11.181703842330709,0.35944234597520625
0.05985786944906639,0.03214557915712819,10.687267078438934,0.34354838984332886
0.06413886268506694,0.03214557915712819,10.203177035602398,0.32798703505214943
0.0687260295830332,0.03214557915712819,9.730230401430122,0.31278389158626724
0.07364126747055089,0.03214557915712819,9.269135875266882,0.29796174099656825
0.07890803975686143,0.03214557915712819,8.820512166924598,0.283540472068287
0.0845514879379336,0.03214557915712819,8.384887300951464,0.2695370584563342
0.09059855161206047,0.03214557915712819,7.962699146274666,0.2559655757109694
0.09707809707888847,0.03214557915712819,7.554297068299042,0.2428372543854683
0.10402105513575949,0.03214557915712819,7.159944583120531,0.23016056535735224
0.11146056872915173,0.03214557915712819,6.779822881489723,0.21794133310823685
0.11943215116604915,0.03214557915712819,6.41403508335299,0.20618287248852088
0.12797385564047778,0.03214557915712819,6.0626110818158585,0.19488614442939425
0.13712645688446246,0.03214557915712819,5.725512837666099,0.18404992613834928
0.1469336458105338,0.03214557915712819,5.4026399915088925,0.1736709915045155
0.15744223807493174,0.03214557915712819,5.093835669393529,0.1637442977238928
0.1687023975571047,0.03214557915712819,4.798892368830163,0.15426317450876842
0.1807678758223073,0.03214557915712819,4.517557824611721,0.1452195126479599
0.1936962687103966,0.03214557915712819,4.249540767230331,0.1366039491144459
0.2075492912756809,0.03214557915712819,3.9945165003451244,0.12840604635629888
0.22239307239027523,0.03214557915712819,3.7521322372411885,0.12061446384024913
0.23829847041728436,0.03214557915712819,3.5220121491324807,0.11321712033230535
0.2553414114607129,0.03214557915712819,3.303762090210172,0.10620134578717037
0.27360325180677286,0.03214557915712819,3.096973975314208,0.09955402207102884
0.29317116628674317,0.03214557915712819,2.901229795878445,0.09326171205642943
0.3141385644152698,0.03214557915712819,2.7161052683050464,0.08731077690139277
0.33660553629058904,0.03214557915712819,2.5411731161530495,0.08168748155726398
0.3606793303852239,0.03214557915712819,2.3760059935150464,0.07637808874234894
0.38647486550794,0.03214557915712819,2.220179061773722,0.07136894177324579
0.4141152793808653,0.03214557915712819,2.0732722356688944,0.06664653676597058
0.4437325164504621,0.03214557915712819,1.9348721173730588,0.06219758480793589
0.47546795773833395,0.03214557915712819,1.8045736391840563,0.05800906476325797
0.5094730957385232,0.03214557915712819,1.6819814366142365,0.05406826741150313
0.5459102575829949,0.03214557915712819,1.56671097420036,0.05036283163749909
0.5849533799274136,0.03214557915712819,1.458389446385628,0.04688077339070956
0.6267888392562115,0.03214557915712819,1.3566564754346535,0.043610508120115195
0.6716163415705015,0.03214557915712819,1.2611646276240658,0.04054086736745951
0.7196498757058468,0.03214557915712819,1.1715797679859712,0.03766111017068292
0.7711187348306588,0.03214557915712819,1.087581272738152,0.03496092989261449
0.8262686110014498,0.03214557915712819,1.0088621172733252,0.032430457049437623
0.8853627679999155,0.03214557915712819,0.9351288562498297,0.030060258670693653
0.9486832980505137,0.03214557915712819,0.8661015109690172,0.027841334678962874
1.0165324684176076,0.03214557915712819,0.8015133778736155,0.02576511173393351
1.089234164310304,0.03214557915712819,0.7411107706826566,0.02382343494317962
1.1671354349828413,0.03214557915712819,0.6846527074124189,0.02200855780126804
1.2506081504110058,0.03214557915712819,0.6319105523341448,0.02031313068028185
1.3400507764528888,0.03214557915712819,0.5826676217986322,0.018730188158823564
1.4358902769679147,0.03214557915712819,0.5367187618219474,0.017253135443263245
1.5385841519740941,0.03214557915712819,0.49386990437934203,0.015875734104549472
1.6486226215728734,0.03214557915712819,0.4539376084971415,0.01459208732634233
1.7665309660667667,0.03214557915712819,0.41674859146420645,0.013396624835534327
1.8928720334405786,0.03214557915712819,0.38213925480298455,0.01228408766431532
2.0282489261759444,0.03214557915712819,0.34995520904136146,0.011249512873688429
2.1733078802249692,0.03214557915712819,0.32005080080538945,0.010288218351591915
2.3287413498860743,0.03214557915712819,0.29228864530353943,0.009395787784334694
2.4952913133080123,0.03214557915712819,0.26653916688855794,0.00856805588769114
2.673752814401236,0.03214557915712819,0.24268015005575233,0.007801093973480934
2.8649777580643074,0.03214557915712819,0.22059630295850954,0.0070911959185226015
3.0698789768422605,0.03214557915712819,0.20017883528449512,0.006434864595219464
3.289434588429555,0.03214557915712819,0.18132505213046615,0.005828798816430295
3.524692664818587,0.03214557915712819,0.16393796533101365,0.005269880841406637
3.776776235382502,0.03214557915712819,0.14792592352799086,0.004755164484160322
4.046888647774959,0.03214557915712819,0.13320226210448485,0.004281863860388255
4.336319312237784,0.03214557915712819,0.11968497394213852,0.0038473428037758385
4.646449856737443,0.03214557915712819,0.10729640178675308,0.003449104976911102
4.978760722312678,0.03214557915712819,0.09596295281894368,0.003084784695993112
5.334838230116768,0.03214557915712819,0.08561483582050755,0.00275213848189266
5.716382153889739,0.03214557915712819,0.07618582110125689,0.002449037342861261
6.125213834008588,0.03214557915712819,0.06761302310573981,0.002173459786298297
6.563284871848655,0.03214557915712819,0.05983670535707692,0.0019234855485576728
7.032686445959767,0.03214557915712819,0.05280010712081452,0.001697290022956991
7.535659294528738,0.03214557915712819,0.046449290892006605,0.001493139357161472
8.07460441178074,0.03214557915712819,0.04073300953206074,0.001309386182220916
8.652094509379817,0.03214557915712819,0.03560259161782914,0.0011444659270498352
9.270886297540766,0.03214557915712819,0.03101184332414056,0.0009968936643846178
9.933933644477731,0.03214557915712819,0.02691696495255718,0.0008652614275520722
10.644401677007258,0.03214557915712819,0.02327648005291469,0.0007482359320402846
11.405681889616837,0.03214557915712819,0.020051174968037985,0.0006445566321284924
12.221408334123376,0.03214557915712819,0.01720404657180904,0.0005530340408970075
13.095474967204968,0.03214557915712819,0.0147002559699189,0.0004725482419110742
14.032054238615942,0.03214557915712819,0.01250708599191457,0.000402047522778099
15.035617008818157,0.03214557915712819,0.01059390042051767,0.0003405470645504844
16.110953891107577,0.03214557915712819,0.00893210307500153,0.0002871276264370898
17.263198120114698,0.03214557915712819,0.007495095082690565,0.00024093417227083182
18.497850055844463,0.03214557915712819,0.006258228927548596,0.00020117439337394288
19.82080344022787,0.03214557915712819,0.0051987581471981854,0.00016711709153952438
21.23837353152414,0.03214557915712819,0.004295781848671826,0.00013809039545823465
22.757327250875505,0.03214557915712819,0.0035301835177237273,0.00011347979370817734
24.384915484922956,0.03214557915712819,0.0028845638960064376,9.272597705286904e-05
26.12890769868241,0.03214557915712819,0.0023431679850868265,7.532249194305715e-05
27.997629023909713,0.03214557915712819,0.001891806497595589,6.081321551842846e-05
30.0,0.03214557915712819,0.0015177723066966656,4.8789669827414715e-05
0.03,0.034444608644906484,15.357964378113037,0.5289990725865181
0.03214557915712819,0.034444608644906484,14.854913520609289,0.5116716826713169
0.034444608644906484,0.034444608644906484,14.350863747280442,0.494309885491451
0.03690806312437145,0.034444608644906484,13.8470161616107,0.4769550525863757
0.0395477021566922,0.034444608644906484,13.344569986185169,0.4596484907087132
0.04237612633868262,0.034444608644906484,12.844711182646831,0.44243104984312404
0.045406837453086234,0.034444608644906484,12.34860133864748,0.4253427404216808
0.04865430292076789,0.034444608644906484,11.85736704133639,0.40842236729784465
0.052134024862481254,0.034444608644906484,11.372089940387907,0.39170718747133937
0.05586261409988602,0.034444608644906484,10.893797680506792,0.3752325977618464
0.05985786944906639,0.034444608644906484,10.423455854933653,0.3590318576506488
0.06413886268506694,0.034444608644906484,9.961961099097342,0.3431358513941904
0.0687260295830332,0.034444608644906484,9.51013540875702,0.3275728923147033
0.07364126747055089,0.034444608644906484,9.068721731308454,0.31236857094447845
0.07890803975686143,0.034444608644906484,8.638380843900896,0.29754564749382334
0.0845514879379336,0.034444608644906484,8.219689498983094,0.2831239879751201
0.09059855161206047,0.034444608644906484,7.8131397880166835,0.26912054228618226
0.09707809707888847,0.034444608644906484,7.419139648255224,0.25554936166606035
0.10402105513575949,0.034444608644906484,7.038014416297386,0.2424216522065734
0.11146056872915173,0.034444608644906484,6.670009315912033,0.22974586054447038
0.11943215116604915,0.034444608644906484,6.3152927564622425,0.21752778747435467
0.12797385564047778,0.034444608644906484,5.9739603119515605,0.20577072500537494
0.13712645688446246,0.034444608644906484,5.646039248911111,0.19447561232252497
0.1469336458105338,0.034444608644906484,5.331493473527456,0.18364120618852633
0.15744223807493174,0.034444608644906484,5.030228773966385,0.1732642615136199
0.1687023975571047,0.034444608644906484,4.742098242114742,0.16333971810534129
0.1807678758223073,0.034444608644906484,4.466907769268327,0.15386088996533975
0.1936962687103966,0.034444608644906484,4.204421521990855,0.1448196539031971
0.2075492912756809,0.034444608644906484,3.9543673168605236,0.13620663466746966
0.22239307239027523,0.034444608644906484,3.716441825580542,0.12801138423368355
0.23829847041728436,0.034444608644906484,3.4903155545130287,0.12022255332243104
0.2553414114607129,0.034444608644906484,3.2756375547430605,0.11282805363568316
0.27360325180677286,0.034444608644906484,3.072039830017622,0.10581520968652203
0.29317116628674317,0.034444608644906484,2.879141420138935,0.09917089945002588
0.3141385644152698,0.034444608644906484,2.696552146501921,0.09288168337684119
0.33660553629058904,0.034444608644906484,2.523876014391966,0.08693392158399763
0.3606793303852239,0.034444608644906484,2.3607142733945548,0.08131387926952022
0.38647486550794,0.034444608644906484,2.206668142846372,0.07600782058952589
0.4141152793808653,0.034444608644906484,2.061341213742822,0.07100209139098805
0.4437325164504621,0.034444608644906484,1.924341541996161,0.06628319131319364
0.47546795773833395,0.034444608644906484,1.7952834505117172,0.061837835859553436
0.5094730957385232,0.034444608644906484,1.673789059324529,0.05765300910255956
0.5459102575829949,0.034444608644906484,1.5594895641240125,0.0537160077220674
0.5849533799274136,0.034444608644906484,1.4520262839966245,0.05001447709438157
0.6267888392562115,0.034444608644906484,1.3510514992367886,0.046536440150325355
0.6716163415705015,0.034444608644906484,1.2562290997078616,0.043270319707780495
0.7196498757058468,0.034444608644906484,1.16723506356199,0.04020495496100528
0.7711187348306588,0.034444608644906484,1.0837577852249265,0.03732961277794321
0.8262686110014498,0.034444608644906484,1.0054982704843851,0.034633994419964974
0.8853627679999155,0.034444608644906484,0.9321702153437176,0.03210823825795255
0.9486832980505137,0.034444608644906484,0.8634999840633315,0.02974291901594444
1.0165324684176076,0.034444608644906484,0.7992265005487567,0.02752904403004006
1.089234164310304,0.034444608644906484,0.7391010659876406,0.025458046966977482
1.1671354349828413,0.034444608644906484,0.6828871144127971,0.023521779404598275
1.2506081504110058,0.034444608644906484,0.6303599166935275,0.021712500635944407
1.3400507764528888,0.034444608644906484,0.5813062423467635,0.020022866020475434
1.4358902769679147,0.034444608644906484,0.5355239875228825,0.018445914170185474
1.5385841519740941,0.034444608644906484,0.4928217765646815,0.016975053225458
1.6486226215728734,0.034444608644906484,0.4530185436652746,0.015604046445435863
1.7665309660667667,0.034444608644906484,0.4159431003626267,0.014326997310539739
1.8928720334405786,0.034444608644906484,0.38143369390394494,0.013138334310502434
2.0282489261759444,0.034444608644906484,0.34933756088957263,0.01203279556980752
2.1733078802249692,0.034444608644906484,0.3195104800592016,0.011005413443585394
2.3287413498860743,0.034444608644906484,0.29181632760787857,0.010051499200647197
2.4952913133080123,0.034444608644906484,0.2661266380091715,0.009166627896210608
2.673752814401236,0.034444608644906484,0.24232017297082137,0.008346623524745987
2.8649777580643074,0.034444608644906484,0.22028250084648385,0.007587544532978417
3.0698789768422605,0.034444608644906484,0.19990558856738516,0.006885669764133274
3.289434588429555,0.034444608644906484,0.18108740793119166,0.006237484896710431
3.524692664818587,0.034444608644906484,0.16373155788325425,0.005639669434109545
3.776776235382502,0.034444608644906484,0.1477469042388174,0.0050890842950025396
4.046888647774959,0.034444608644906484,0.1330472381153719,0.0045827600481696705
4.336319312237784,0.034444608644906484,0.11955095416422452,0.0041178858293118665
4.646449856737443,0.034444608644906484,0.10718074950282593,0.003691798970892594
4.978760722312678,0.034444608644906484,0.09586334404890248,0.003301975369156471
5.334838230116768,0.034444608644906484,0.0855292227402197,0.002946020604989904
5.716382153889739,0.034444608644906484,0.07611239988792756,0.002621661827164289
6.125213834008588,0.034444608644906484,0.06755020565717926,0.0023267403977444874
6.563284871848655,0.034444608644906484,0.059783094398522967,0.0020592052901386246
7.032686445959767,0.034444608644906484,0.05275447427208603,0.001817107220569791
7.535659294528738,0.034444608644906484,0.046410557320470676,0.001598593483895612
8.07460441178074,0.034444608644906484,0.04070022886384944,0.0014019034549734208
8.652094509379817,0.034444608644906484,0.03557493482151505,0.0012253647074951422
9.270886297540766,0.034444608644906484,0.03098858531817737,0.0010673896937439143
9.933933644477731,0.034444608644906484,0.02689747272065145,0.0009264729213998872
10.644401677007258,0.034444608644906484,0.023260202080506474,0.0008011885576644851
11.405681889616837,0.034444608644906484,0.0200376318385747,0.0006901883868504234
12.221408334123376,0.034444608644906484,0.017192822583811485,0.0005922000454006965
13.095474967204968,0.034444608644906484,0.014690991655246606,0.0005060254581705562
14.032054238615942,0.034444608644906484,0.012499471432407495,0.0004305394017574648
15.035617008818157,0.034444608644906484,0.010587669274577823,0.00036468812462453406
16.110953891107577,0.034444608644906484,0.008927027237925642,0.00030748795957276923
17.263198120114698,0.034444608644906484,0.007490979914910027,0.00025802387153593074
18.497850055844463,0.034444608644906484,0.006254908993603834,0.00021544789239418994
19.82080344022787,0.034444608644906484,0.005196093415490441,0.0001789774041789437
21.23837353152414,0.034444608644906484,0.004293654308004434,0.00014789324229572948
22.757327250875505,0.034444608644906484,0.00352849417156261,0.00012153760084530762
24.384915484922956,0.034444608644906484,0.002883230099435864,9.931173240828315e-05
26.12890769868241,0.034444608644906484,0.0023421210927744344,8.067344443959609e-05
27.997629023909713,0.034444608644906484,0.001890989793854868,6.513440340084332e-05
30.0,0.034444608644906484,0.001517139191070722,5.225726569628102e-05
0.03,0.03690806312437145,14.789990709561364,0.5458699107173581
0.03214557915712819,0.03690806312437145,14.322349077049925,0.5286101638250418
0.034444608644906484,0.03690806312437145,13.852675755267672,0.5112754312168691
0.03690806312437145,0.03690806312437145,13.38208341340531,0.49390677935756727
0.0395477021566922,0.03690806312437145,12.911693501587543,0.47654559879912967
0.04237612633868262,0.03690806312437145,12.44262558970813,0.4592332106978672
0.045406837453086234,0.03690806312437145,11.975986744553031,0.442010474744599
0.04865430292076789,0.03690806312437145,11.512861158685935,0.4249174063869047
0.052134024862481254,0.03690806312437145,11.054300235924675,0.4079928109032621
0.05586261409988602,0.03690806312437145,10.60131332271536,0.3912739413160185
0.05985786944906639,0.03690806312437145,10.154859253113582,0.37479618633302353
0.06413886268506694,0.03690806312437145,9.71583884850005,0.35859279352666024
0.0687260295830332,0.03690806312437145,9.285088482896175,0.3426946318421063
0.07364126747055089,0.03690806312437145,8.863374792233008,0.32712999632669854
0.07890803975686143,0.03690806312437145,8.45139057262501,0.31192445674316166
0.0845514879379336,0.03690806312437145,8.049751880012264,0.29710075052302043
0.09059855161206047,0.03690806312437145,7.658996312727256,0.2826787193794657
0.09707809707888847,0.03690806312437145,7.279582430685969,0.26867528787082307
0.10402105513575949,0.03690806312437145,6.9118902408260645,0.25510448131713537
0.11146056872915173,0.03690806312437145,6.556222658685322,0.2419774797441923
0.11943215116604915,0.03690806312437145,6.212807840933954,0.22930270397278027
0.12797385564047778,0.03690806312437145,5.881802273300216,0.21708592958803585
0.13712645688446246,0.03690806312437145,5.563294492494736,0.20533042430846374
0.1469336458105338,0.03690806312437145,5.257309319101043,0.19403710421372758
0.15744223807493174,0.03690806312437145,4.963812480476424,0.18320470436696668
0.1687023975571047,0.03690806312437145,4.6827155079270435,0.17282995956004443
0.1807678758223073,0.03690806312437145,4.41388080016526,0.16290779119595056
0.1936962687103966,0.03690806312437145,4.157126754697217,0.1534314966783783
0.2075492912756809,0.03690806312437145,3.9122328797208237,0.14439293808197767
0.22239307239027523,0.03690806312437145,3.6789448107818212,0.13578272730741422
0.23829847041728436,0.03690806312437145,3.456979168348228,0.1275904053650335
0.2553414114607129,0.03690806312437145,3.246028204206578,0.11980461386434646
0.27360325180677286,0.03690806312437145,3.045764195822889,0.11241325720138164
0.29317116628674317,0.03690806312437145,2.8558435582923285,0.10540365432278284
0.3141385644152698,0.03690806312437145,2.6759106530444625,0.09876267929774306
0.33660553629058904,0.03690806312437145,2.5056012809627726,0.09247689024227997
0.3606793303852239,0.03690806312437145,2.3445458549634264,0.08653264641297356
0.38647486550794,0.03690806312437145,2.192372253352747,0.08091621351886365
0.4141152793808653,0.03690806312437145,2.0487083604772236,0.0756138574919209
0.4437325164504621,0.03690806312437145,1.9131843053551278,0.07061192711060381
0.47546795773833395,0.03690806312437145,1.7854344122156383,0.0658969259904798
0.5094730957385232,0.03690806312437145,1.6650988792637627,0.061455574544187104
0.5459102575829949,0.03690806312437145,1.5518252036375026,0.05727486257384353
0.5849533799274136,0.03690806312437145,1.4452693715294755,0.053342093196130536
0.6267888392562115,0.03690806312437145,1.3450968329081,0.04964491881736426
0.6716163415705015,0.03690806312437145,1.2509832802876213,0.04617136987638879
0.7196498757058468,0.03690806312437145,1.1626152506488514,0.04290987706030474
0.7711187348306588,0.03690806312437145,1.0796905689820486,0.03984928767477798
0.8262686110014498,0.03690806312437145,1.0019186510798093,0.036978876819538695
0.8853627679999155,0.03690806312437145,0.929020682211622,0.034288353982913175
0.9486832980505137,0.03690806312437145,0.8607296872148904,0.03176786562874767
1.0165324684176076,0.03690806312437145,0.7967905063831999,0.029407994306491034
1.089234164310304,0.03690806312437145,0.7369596903573443,0.0271997547718261
1.1671354349828413,0.03690806312437145,0.6810053260571207,0.025134587562149372
1.2506081504110058,0.03690806312437145,0.6287068045550467,0.023204350429239524
1.3400507764528888,0.03690806312437145,0.579854540704528,0.021401307991276132
1.4358902769679147,0.03690806312437145,0.5342496533075035,0.019718119928446902
1.5385841519740941,0.03690806312437145,0.4917036136493512,0.018147828011051807
1.6486226215728734,0.03690806312437145,0.45203786934746565,0.016683842216482635
1.7665309660667667,0.03690806312437145,0.41508344965744176,0.015319926161838719
1.8928720334405786,0.03690806312437145,0.380680557657724,0.014050182052252202
2.0282489261759444,0.03690806312437145,0.3486781540886131,0.012869035321191845
2.1733078802249692,0.03690806312437145,0.31893353705158406,0.011771219117978923
2.3287413498860743,0.03690806312437145,0.2913119212755574,0.010751758779320199
2.4952913133080123,0.03690806312437145,0.2656860202225077,0.009805956405635344
2.673752814401236,0.03690806312437145,0.24193563392894865,0.00892937564908446
2.8649777580643074,0.03690806312437145,0.21994724515503586,0.008117826808213666
3.0698789768422605,0.03690806312437145,0.19961362613118505,0.00736735231373446
3.289434588429555,0.03690806312437145,0.18083345794472522,0.006674212680822288
3.524692664818587,0.03690806312437145,0.16351096438743773,0.006034872995138404
3.776776235382502,0.03690806312437145,0.14755556188013136,0.005445989992223985
4.046888647774959,0.03690806312437145,0.13288152689427546,0.004904399782676781
4.336319312237784,0.03690806312437145,0.11940768209529701,0.004407106268308101
4.646449856737443,0.03690806312437145,0.10705710223066266,0.003951270287041585
4.978760722312678,0.03690806312437145,0.0957568405727232,0.003534199516448441
5.334838230116768,0.03690806312437145,0.08543767649765248,0.0031533391573749844
5.716382153889739,0.03690806312437145,0.0760338845356503,0.0028062634100329514
6.125213834008588,0.03690806312437145,0.0674830249640756,0.0024906677451976365
6.563284871848655,0.03690806312437145,0.05972575573669269,0.002204361962880644
7.032686445959767,0.03690806312437145,0.05270566525329175,0.0019452640201804827
7.535659294528738,0.03690806312437145,0.046369125181164164,0.0017113945992082889
8.07460441178074,0.03690806312437145,0.04066516225147262,0.0015008723753401584
8.652094509379817,0.03690806312437145,0.03554534767890217,0.0013119099359106513
9.270886297540766,0.03690806312437145,0.030963702602113258,0.0011428102902030605
9.933933644477731,0.03690806312437145,0.026876617725418852,0.0009919639035793596
10.644401677007258,0.03690806312437145,0.023242785167983605,0.0008578461821661434
11.405681889616837,0.03690806312437145,0.020023140403479637,0.0007390153299597789
12.221408334123376,0.03690806312437145,0.017180812106355484,0.0006341104977493334
13.095474967204968,0.03690806312437145,0.014681077714052663,0.0005418501430040587
14.032054238615942,0.03690806312437145,0.012491322568353154,0.00046103052185966385
15.035617008818157,0.03690806312437145,0.010581000611498852,0.0003905242384882125
16.110953891107577,0.03690806312437145,0.00892159477912742,0.00032927878327809756
17.263198120114698,0.03690806312437145,0.007486575445424807,0.00027631499912510806
18.497850055844463,0.03690806312437145,0.00625135552734584,0.00023072542441616862
19.82080344022787,0.03690806312437145,0.005193241134128782,0.00019167247159850747
21.23837353152414,0.03690806312437145,0.004291376944716852,0.00015838641116608187
22.757327250875505,0.03690806312437145,0.003526685798058327,0.00013016314205456105
24.384915484922956,0.03690806312437145,0.002881802278934659,0.00010636174042287788
26.12890769868241,0.03690806312437145,0.002341000365174859,8.64017892520503e-05
27.997629023909713,0.03690806312437145,0.001890115462270912,6.976050079384534e-05
30.0,0.03690806312437145,0.0015164613813967033,5.596965239026105e-05
0.03,0.0395477021566922,14.226243026895139,0.5626152220363682
0.03214557915712819,0.0395477021566922,13.792508400170155,0.5454620142036045
0.034444608644906484,0.0395477021566922,13.355869140649645,0.5281939348181687
0.03690806312437145,0.0395477021566922,12.917346418926435,0.5108513688305172
0.0395477021566922,0.0395477021566922,12.477979272794206,0.493475407797844
0.04237612633868262,0.0395477021566922,12.0388148150224,0.4761074626240794
0.045406837453086234,0.0395477021566922,11.600898278857457,0.45878886988233786
0.04865430292076789,0.0395477021566922,11.165263101819997,0.4415604996518825
0.052134024862481254,0.0395477021566922,10.732921247048926,0.4244623727495243
0.05586261409988602,0.0395477021566922,10.304853953286756,0.4075332949127967
0.05985786944906639,0.0395477021566922,9.882003090031468,0.3908105149160765
0.06413886268506694,0.0395477021566922,9.465263274150184,0.3743294128007687
0.0687260295830332,0.0395477021566922,9.055474879379947,0.3581232234171264
0.07364126747055089,0.0395477021566922,8.653418041852103,0.34222279935651356
0.07890803975686143,0.0395477021566922,8.2598077344035,0.32665641615173224
0.0845514879379336,0.0395477021566922,7.875289951345085,0.3114496213933864
0.09059855161206047,0.0395477021566922,7.500439014853786,0.2966251282038714
0.09707809707888847,0.0395477021566922,7.135755985419624,0.28220275237420894
0.10402105513575949,0.0395477021566922,6.781668132811574,0.26819939144196303
0.11146056872915173,0.0395477021566922,6.438529401594816,0.25462904310137746
0.11943215116604915,0.0395477021566922,6.1066217868646895,0.24150285961049225
0.12797385564047778,0.0395477021566922,5.786157521839312,0.22882923430540536
0.13712645688446246,0.0395477021566922,5.4772819693213695,0.216613915950942
0.1469336458105338,0.0395477021566922,5.180077103644473,0.2048601464436324
0.15744223807493174,0.0395477021566922,4.894565468236665,0.1935688173242543
0.1687023975571047,0.0395477021566922,4.6207144959126705,0.18273864063546444
0.1807678758223073,0.0395477021566922,4.358441083913213,0.17236632985409048
0.1936962687103966,0.0395477021566922,4.107616322965295,0.16244678691459868
0.2075492912756809,0.0395477021566922,3.8680702886562432,0.15297329169692753
0.22239307239027523,0.0395477021566922,3.63959681363223,0.1439376907559734
0.23829847041728436,0.0395477021566922,3.421958170030482,0.13533058250102498
0.2553414114607129,0.0395477021566922,3.2148896026761937,0.12714149647328463
0.27360325180677286,0.0395477021566922,3.0181036645343826,0.11935906480302702
0.29317116628674317,0.0395477021566922,2.8312943163922064,0.11197118434261442
0.3141385644152698,0.0395477021566922,2.6541407625220916,0.1049651683581596
0.33660553629058904,0.0395477021566922,2.4863110029729656,0.09832788701448149
0.3606793303852239,0.0395477021566922,2.3274650910515766,0.09204589620100624
0.38647486550794,0.0395477021566922,2.1772580914381012,0.08610555451844212
0.4141152793808653,0.0395477021566922,2.035342740224407,0.0804931284771806
0.4437325164504621,0.0395477021566922,1.901371812999881,0.07519488614964914
0.47546795773833395,0.0395477021566922,1.7750002109953955,0.07019717967251171
0.5094730957385232,0.0395477021566922,1.655886778306851,0.06548651711368395
0.5459102575829949,0.0395477021566922,1.5436958654433122,0.061049624307069304
0.5849533799274136,0.0395477021566922,1.4380986559748807,0.05687349731843395
0.6267888392562115,0.0395477021566922,1.3387742739872681,0.05294544624269031
0.6716163415705015,0.0395477021566922,1.2454106904763422,0.04925313104971876
0.7196498757058468,0.0395477021566922,1.157705446824831,0.045784590196208674
0.7711187348306588,0.0395477021566922,1.075366213175954,0.0425282627080526
0.8262686110014498,0.0395477021566922,0.9981111989286899,0.03947300441449079
0.8853627679999155,0.0395477021566922,0.925669431791549,0.03660809898404668
0.9486832980505137,0.0395477021566922,0.8577809209028918,0.033923264375560716
1.0165324684176076,0.0395477021566922,0.7941967185043687,0.03140865527723309
1.089234164310304,0.0395477021566922,0.7346788935805982,0.02905486206413366
1.1671354349828413,0.0395477021566922,0.6790004297863211,0.02685290676145542
1.2506081504110058,0.0395477021566922,0.6269450588989702,0.024794236457946324
1.3400507764528888,0.0395477021566922,0.5783070399812719,0.02287071457229763
1.4358902769679147,0.0395477021566922,0.532890893431408,0.02107461033543893
1.5385841519740941,0.0395477021566922,0.4905110981494897,0.01939858681416803
1.6486226215728734,0.0395477021566922,0.450991759166799,0.017835687766651225
1.7665309660667667,0.0395477021566922,0.4141662522736486,0.016379323588271696
1.8928720334405786,0.0395477021566922,0.3798768514451207,0.015023256577173641
2.0282489261759444,0.0395477021566922,0.34797434420161566,0.013761585722655787
2.1733078802249692,0.0395477021566922,0.31831763945123215,0.012588731196238663
2.3287413498860743,0.0395477021566922,0.2907733718401267,0.011499418704630442
2.4952913133080123,0.0395477021566922,0.2652155061803969,0.010488663845758696
2.673752814401236,0.0395477021566922,0.24152494512668468,0.009551756593281552
2.8649777580643074,0.0395477021566922,0.2195891429257309,0.008684246021270119
3.0698789768422605,0.0395477021566922,0.19930172775979468,0.007881925368758515
3.289434588429555,0.0395477021566922,0.18056213493695386,0.0071408175332631175
3.524692664818587,0.0395477021566922,0.16327525294025524,0.006457161072839796
3.776776235382502,0.0395477021566922,0.14735108412485098,0.005827396787435303
4.046888647774959,0.0395477021566922,0.1327044216393076,0.005248154941867436
4.336319312237784,0.0395477021566922,0.1192545439363619,0.004716243184427404
4.646449856737443,0.0395477021566922,0.10692492802272974,0.004228635206568667
4.978760722312678,0.0395477021566922,0.09564298237151064,0.0037824601802062654
5.334838230116768,0.0395477021566922,0.0853398001803766,0.0033749929996451608
5.716382153889739,0.0395477021566922,0.07594993340199005,0.003003645345002511
6.125213834008588,0.0395477021566922,0.06741118770005858,0.0026659575731907896
6.563284871848655,0.0395477021566922,0.05966443819737089,0.002359591431175993
7.032686445959767,0.0395477021566922,0.05265346558551964,0.0020823235744937734
7.535659294528738,0.0395477021566922,0.04632481186629016,0.0018320398621528436
8.07460441178074,0.0395477021566922,0.04062765469998946,0.001606730387400119
8.652094509379817,0.0395477021566922,0.03551369905567624,0.0014044851927362849
9.270886297540766,0.0395477021566922,0.03093708460225411,0.001223490607446334
9.933933644477731,0.0395477021566922,0.026854307057625322,0.0010620261371393235
10.644401677007258,0.0395477021566922,0.023224151534722206,0.0009184618277370798
11.405681889616837,0.0395477021566922,0.020007635795983338,0.0007912560213191222
12.221408334123376,0.0395477021566922,0.017167961257511088,0.0006789534184496792
13.095474967204968,0.0395477021566922,0.014670469574082134,0.0005801833612146153
14.032054238615942,0.0395477021566922,0.012482602687080312,0.0004936582532089779
15.035617008818157,0.0395477021566922,0.010573864327206731,0.00041817203705764435
16.110953891107577,0.0395477021566922,0.008915781127822908,0.0003525986565373976
17.263198120114698,0.0395477021566922,0.007481861715998163,0.0002958904387218533
18.497850055844463,0.0395477021566922,0.006247552397897366,0.0002470763414403732
19.82080344022787,0.0395477021566922,0.005190188332878559,0.00020526002232582006
21.23837353152414,0.0395477021566922,0.004288939385649734,0.0001696176973917821
22.757327250875505,0.0395477021566922,0.00352475014700515,0.00013939576899051672
24.384915484922956,0.0395477021566922,0.0028802739103548827,0.00011390821473640606
26.12890769868241,0.0395477021566922,0.0023398006736699483,9.253374014832687e-05
27.997629023909713,0.0395477021566922,0.0018891794959850646,7.471270802774722e-05
30.0,0.0395477021566922,0.0015157357670940235,5.994386666527982e-05
0.03,0.04237612633868262,13.66800181331047,0.5791969716381875
0.03214557915712819,0.04237612633868262,13.26662263161671,0.5621880767250158
0.034444608644906484,0.04237612633868262,12.86161621706595,0.5450254737340359
0.03690806312437145,0.04237612633868262,12.453910950932729,0.5277485038674283
0.0395477021566922,0.04237612633868262,12.044460591439842,0.5103975837041387
0.04237612633868262,0.04237612633868262,11.634235458950135,0.49301383166245205
0.045406837453086234,0.04237612633868262,11.22421329000494,0.4756386804295698
0.04865430292076789,0.04237612633868262,10.815369942372085,0.45831348307755
0.052134024862481254,0.04237612633868262,10.408670138398021,0.44107912080242767
0.05586261409988602,0.04237612633868262,10.005058432639649,0.42397562016743967
0.05985786944906639,0.04237612633868262,9.60545058205129,0.407041787404978
0.06413886268506694,0.04237612633868262,9.2107254833227,0.39031486675220617
0.0687260295830332,0.04237612633868262,8.821717823009852,0.3738302289920737
0.07364126747055089,0.04237612633868262,8.439211562828833,0.3576210953853058
0.07890803975686143,0.04237612633868262,8.063934356035038,0.341718301058184
0.0845514879379336,0.04237612633868262,7.69655296243412,0.3261501007084702
0.09059855161206047,0.04237612633868262,7.337669700539138,0.31094201826157
0.09707809707888847,0.04237612633868262,6.987819946922703,0.2961167409027629
0.10402105513575949,0.04237612633868262,6.647470666013196,0.28169405677566184
0.11146056872915173,0.04237612633868262,6.31701992937854,0.2676908346113209
0.11943215116604915,0.04237612633868262,5.996797362645974,0.2541210426669645
0.12797385564047778,0.04237612633868262,5.687065441110722,0.24099580362886375
0.13712645688446246,0.04237612633868262,5.388021542048397,0.22832348158138638
0.1469336458105338,0.04237612633868262,5.099800652808101,0.2161097967654922
0.15744223807493174,0.04237612633868262,4.822478628777318,0.20435796363866454
0.1687023975571047,0.04237612633868262,4.5560758939714985,0.19306884769156257
0.1807678758223073,0.04237612633868262,4.300561478889378,0.18224113655668803
0.1936962687103966,0.04237612633868262,4.055857294889,0.17187152113988377
0.2075492912756809,0.04237612633868262,3.8218425511394356,0.16195488279363782
0.22239307239027523,0.04237612633868262,3.5983582286419167,0.15248448290876804
0.23829847041728436,0.04237612633868262,3.3852115353655163,0.14345215170581488
0.2553414114607129,0.04237612633868262,3.182180276723071,0.13484847343888087
0.27360325180677286,0.04237612633868262,2.9890170859968315,0.1266629656646827
0.29317116628674317,0.04237612633868262,2.805453469550611,0.11888425066297217
0.3141385644152698,0.04237612633868262,2.6312036314467924,0.11150021750898977
0.33660553629058904,0.04237612633868262,2.4659680512019957,0.10449817368489074
0.3606793303852239,0.04237612633868262,2.3094367967093254,0.09786498546855686
0.38647486550794,0.04237612633868262,2.1612925617312255,0.09158720665077741
0.4141152793808653,0.04237612633868262,2.0212134237786015,0.08565119540348326
0.4437325164504621,0.04237612633868262,1.8888753236346472,0.08004321935236182
0.47546795773833395,0.04237612633868262,1.763954272284234,0.07474954909797565
0.5094730957385232,0.04237612633868262,1.6461282946254232,0.0697565405827271
0.5459102575829949,0.04237612633868262,1.5350791221396378,0.0650507068196633
0.5849533799274136,0.04237612633868262,1.4304936487632702,0.060618779586675414
0.6267888392562115,0.04237612633868262,1.3320651656237614,0.0564477617498307
0.6716163415705015,0.04237612633868262,1.2394943911661995,0.052524970916147364
0.7196498757058468,0.04237612633868262,1.1524903135891578,0.048838075132762095
0.7711187348306588,0.04237612633868262,1.0707708625127745,0.04537512134962149
0.8262686110014498,0.04237612633868262,0.9940634264940745,0.042124557349776645
0.8853627679999155,0.04237612633868262,0.9221052324525931,0.039075247827971386
0.9486832980505137,0.04237612633868262,0.8546436023344125,0.03621648526706989
1.0165324684176076,0.04237612633868262,0.791436101477535,0.03353799622520646
1.089234164310304,0.04237612633868262,0.7322505921913429,0.03102994360627551
1.1671354349828413,0.04237612633868262,0.6768652050656464,0.028682925444120152
1.2506081504110058,0.04237612633868262,0.6250682395117925,0.02648797068784964
1.3400507764528888,0.04237612633868262,0.5766580040347131,0.024436532433187552
1.4358902769679147,0.04237612633868262,0.5314426057604529,0.022520479003463646
1.5385841519740941,0.04237612633868262,0.4892396978138152,0.02073208324445714
1.6486226215728734,0.04237612633868262,0.4498761922662638,0.019064010360240666
1.7665309660667667,0.04237612633868262,0.41318794556264243,0.017509304582783252
1.8928720334405786,0.04237612633868262,0.37901942259104426,0.016061374936532626
2.0282489261759444,0.04237612633868262,0.3472233448851731,0.01471398033059406
2.1733078802249692,0.04237612633868262,0.3176603278424066,0.013461214185437161
2.3287413498860743,0.04237612633868262,0.29019851130125746,0.0122974887781997
2.4952913133080123,0.04237612633868262,0.2647131873452167,0.011217519470456265
2.673752814401236,0.04237612633868262,0.24108642878079492,0.010216308964556775
2.8649777580643074,0.04237612633868262,0.21920672136965336,0.00928913171904883
3.0698789768422605,0.04237612633868262,0.19896860257077745,0.008431518639970397
3.289434588429555,0.04237612633868262,0.1802723092607772,0.007639242152600759
3.524692664818587,0.04237612633868262,0.16302343664029365,0.006908301747235304
3.776776235382502,0.04237612633868262,0.14713261029366562,0.0062349100823445285
4.046888647774959,0.04237612633868262,0.132515173139249,0.0056154797187412155
4.336319312237784,0.04237612633868262,0.11909088878127876,0.005046610548781469
4.646449856737443,0.04237612633868262,0.10678366254414813,0.004525077974878072
4.978760722312678,0.04237612633868262,0.09552128123078578,0.004047821881468611
5.334838230116768,0.04237612633868262,0.08523517239450577,0.00361193643388897
5.716382153889739,0.04237612633868262,0.07586018364612027,0.003214660726263657
6.125213834008588,0.04237612633868262,0.06733438223526503,0.002853370288538737
6.563284871848655,0.04237612633868262,0.059598874848977725,0.0025255694502436137
7.032686445959767,0.04237612633868262,0.05259764726594663,0.0022288845456592188
7.535659294528738,0.04237612633868262,0.04627742319791765,0.0019610579320636402
8.07460441178074,0.04237612633868262,0.04058754134853021,0.0017199427799618207
8.652094509379817,0.04237612633868262,0.035479849433638695,0.0015034985820773102
9.270886297540766,0.04237612633868262,0.03090861364581595,0.0013097873168086262
9.933933644477731,0.04237612633868262,0.02683044181908418,0.0011369701922481846
10.644401677007258,0.04237612633868262,0.02320421836707456,0.0009833048891135312
11.405681889616837,0.04237612633868262,0.019991048936480516,0.0008471432153750851
12.221408334123376,0.04237612633868262,0.017154212643599065,0.0007269290822257807
13.095474967204968,0.04237612633868262,0.014659119748269571,0.0006211967104665486
14.032054238615942,0.04237612633868262,0.012473272667300181,0.0005285689784063492
15.035617008818157,0.04237612633868262,0.010566228336432257,0.0004477558269080216
16.110953891107577,0.04237612633868262,0.008909560091350681,0.0003775526440531611
17.263198120114698,0.04237612633868262,0.007476817447195611,0.00031683856075362767
18.497850055844463,0.04237612633868262,0.006243482403596083,0.0002645745991281294
19.82080344022787,0.04237612633868262,0.00518692117823809,0.0002198016271578058
21.23837353152414,0.04237612633868262,0.004286330565465739,0.00018163808557153307
22.757327250875505,0.04237612633868262,0.0035226784163241557,0.00014927746562070282
24.384915484922956,0.04237612633868262,0.002878638032100737,0.00012198552893163755
26.12890769868241,0.04237612633868262,0.0023385165449800916,9.909727255517593e-05
27.997629023909713,0.04237612633868262,0.001888177618271703,8.001365330175451e-05
30.0,0.04237612633868262,0.0015149590276371154,6.419809515307818e-05
0.03,0.045406837453086234,13.116496719863925,0.5955786345127999
0.03214557915712819,0.045406837453086234,12.745885929382887,0.5787503705910676
0.034444608644906484,0.045406837453086234,12.371065192399046,0.5617309463127964
0.03690806312437145,0.045406837453086234,11.99287042374064,0.5445583179267167
0.0395477021566922,0.045406837453086234,11.612168887899022,0.5272718651706161
0.04237612633868262,0.045406837453086234,11.22985142954069,0.5099120384834621
0.045406837453086234,0.045406837453086234,10.846824237512864,0.49251998503494265
0.04865430292076789,0.045406837453086234,10.46400030205856,0.47513716082461827
0.052134024862481254,0.045406837453086234,10.082290735440145,0.45780493657888793
0.05586261409988602,0.045406837453086234,9.702596130875337,0.4405642053875999
0.05985786944906639,0.045406837453086234,9.325798133370547,0.42345499996225144
0.06413886268506694,0.045406837453086234,8.95275138876241,0.4065161270674268
0.0687260295830332,0.045406837453086234,8.584276024428783,0.38978482609366305
0.07364126747055089,0.045406837453086234,8.221150797367628,0.3732964579333822
0.07890803975686143,0.045406837453086234,7.864107023562165,0.357084229332561
0.0845514879379336,0.045406837453086234,7.513823377821748,0.34117895676795146
0.09059855161206047,0.045406837453086234,7.170921626775134,0.3256088726957992
0.09707809707888847,0.045406837453086234,6.835963330585613,0.3103994757871589
0.10402105513575949,0.045406837453086234,6.509447522393826,0.29557342555873134
0.11146056872915173,0.045406837453086234,6.191809349500548,0.281150480673271
0.11943215116604915,0.045406837453086234,5.883419637740759,0.2671474791591901
0.12797385564047778,0.045406837453086234,5.584585321039277,0.25357835791532185
0.13712645688446246,0.045406837453086234,5.2955506622291635,0.24045420814442278
0.1469336458105338,0.045406837453086234,5.0164991790959865,0.22778336280875197
0.15744223807493174,0.045406837453086234,4.747556181320151,0.2155715118245989
0.1687023975571047,0.045406837453086234,4.488791819385424,0.20382184050357718
0.1807678758223073,0.045406837453086234,4.240224545318869,0.19253518669388037
0.1936962687103966,0.045406837453086234,4.00182488693003,0.1817102121565471
0.2075492912756809,0.045406837453086234,3.7735194415582325,0.1713435839088954
0.22239307239027523,0.045406837453086234,3.5551950017112897,0.16143016155672918
0.23829847041728436,0.045406837453086234,3.346702732876154,0.15196318699550698
0.2553414114607129,0.045406837453086234,3.1478623327112407,0.14293447326611217
0.27360325180677286,0.045406837453086234,2.9584661103406806,0.13433458978270357
0.29317116628674317,0.045406837453086234,2.778282934165414,0.12615304159033242
0.3141385644152698,0.045406837453086234,2.6070620061504375,0.11837844074338981
0.33660553629058904,0.045406837453086234,2.4445364296720515,0.11099866831026663
0.3606793303852239,0.045406837453086234,2.290426546509009,0.10400102589556821
0.38647486550794,0.045406837453086234,2.144443026293026,0.09737237592229175
0.4141152793808653,0.045406837453086234,2.00628969860743,0.09109927022846893
0.4437325164504621,0.045406837453086234,1.8756661238953038,0.08516806680397436
0.47546795773833395,0.045406837453086234,1.7522699044065844,0.07956503472332473
0.5094730957385232,0.045406837453086234,1.6357987406043657,0.07427644752058561
0.5459102575829949,0.045406837453086234,1.5259522418144773,0.0692886654052425
0.5849533799274136,0.045406837453086234,1.4224335025057173,0.06458820683610124
0.6267888392562115,0.045406837453086234,1.3249504575078523,0.06016181005745129
0.6716163415705015,0.045406837453086234,1.2332170307923922,0.055996485261567794
0.7196498757058468,0.045406837453086234,1.1469540932404663,0.052079558077921764
0.7711187348306588,0.045406837453086234,1.0658902451836791,0.04839870510588555
0.8262686110014498,0.045406837453086234,0.9897624395045437,0.04494198220775291
0.8853627679999155,0.045406837453086234,0.9183164607936414,0.041697846265750314
0.9486832980505137,0.045406837453086234,0.8513072755451772,0.038655171083309556
1.0165324684176076,0.045406837453086234,0.7884992676877596,0.03580325807977563
1.089234164310304,0.045406837453086234,0.7296663729423908,0.03313184239117814
1.1671354349828413,0.045406837453086234,0.674592124617012,0.030631094949616758
1.2506081504110058,0.045406837453086234,0.6230696225218685,0.02829162107180628
1.3400507764528888,0.045406837453086234,0.5749014357516257,0.02610445604471997
1.4358902769679147,0.045406837453086234,0.5298994491519895,0.02406105815412432
1.5385841519740941,0.045406837453086234,0.4878846623890357,0.0221532995609528
1.6486226215728734,0.045406837453086234,0.44868694968241546,0.02037345539155052
1.7665309660667667,0.045406837453086234,0.412144787459162,0.01871419137129494
1.8928720334405786,0.045406837453086234,0.37810495643961595,0.017168550297259895
2.0282489261759444,0.045406837453086234,0.34642222398478767,0.015729937614613887
2.1733078802249692,0.045406837453086234,0.3169590119164978,0.014392106333383236
2.3287413498860743,0.045406837453086234,0.2895850544669676,0.01314914149702472
2.4952913133080123,0.045406837453086234,0.264177050520427,0.01199544439181678
2.673752814401236,0.045406837453086234,0.24061831387139931,0.010925716666194314
2.8649777580643074,0.045406837453086234,0.21879842483700945,0.009934944511565395
3.0698789768422605,0.045406837453086234,0.19861288621722603,0.009018383040553893
3.289434588429555,0.045406837453086234,0.1799627862899063,0.008171540984670272
3.524692664818587,0.045406837453086234,0.16275447124886225,0.007390165820760085
3.776776235382502,0.045406837453086234,0.14689922923465706,0.006670229423841727
4.046888647774959,0.045406837453086234,0.1323129878613997,0.006007914332754748
4.336319312237784,0.045406837453086234,0.11891602690072964,0.005399600704048261
4.646449856737443,0.045406837453086234,0.1066327075397401,0.004841854018439461
4.978760722312678,0.045406837453086234,0.09539121937712025,0.004331413592708589
5.334838230116768,0.045406837453086234,0.0851233460573473,0.0038651819378887776
5.716382153889739,0.045406837453086234,0.07576425016411355,0.003440214991956866
6.125213834008588,0.045406837453086234,0.06725227770129594,0.0030537132419325604
6.563284871848655,0.045406837453086234,0.05952878218476903,0.002703013736443983
7.032686445959767,0.045406837453086234,0.05253796805551194,0.0023855829756120675
7.535659294528738,0.045406837453086234,0.04622675281007755,0.0020990106508311885
8.07460441178074,0.045406837453086234,0.04054464693652235,0.001841004193039441
8.652094509379817,0.045406837453086234,0.03544365045154461,0.0016093840747972927
9.270886297540766,0.045406837453086234,0.0308781645676292,0.0014020797993719858
9.933933644477731,0.045406837453086234,0.02680491678724004,0.0012171264995017108
10.644401677007258,0.045406837453086234,0.023182897533580948,0.001052662059998864
11.405681889616837,0.045406837453086234,0.01997330629182158,0.0009069246721934471
12.221408334123376,0.045406837453086234,0.017139505156680942,0.0007782507246757448
13.095474967204968,0.045406837453086234,0.014646977665173574,0.000665072934021521
14.032054238615942,0.045406837453086234,0.012463290837816379,0.0005659186212032673
15.035617008818157,0.045406837453086234,0.01055805845556895,0.00047940804411220197
16.110953891107577,0.045406837453086234,0.008902903758548335,0.00040425270382487476
17.263198120114698,0.045406837453086234,0.007471419959105757,0.0003392535516268593
18.497850055844463,0.045406837453086234,0.00623912720729863,0.00028329903495093677
19.82080344022787,0.045406837453086234,0.005183424920937514,0.00023536293283528604
21.23837353152414,0.045406837453086234,0.004283538684288773,0.0001945019447615072
22.757327250875505,0.045406837453086234,0.003520461218085981,0.0001598530102895241
24.384915484922956,0.045406837453086234,0.0028768872180412984,0.0001306303502804627
26.12890769868241,0.045406837453086234,0.002337142139704955,0.00010612223324234105
27.997629023909713,0.045406837453086234,0.001887105265647297,8.568748205410993e-05
30.0,0.045406837453086234,0.0015141276193486883,6.875174669499432e-05
0.03,0.04865430292076789,12.5728962399547,0.6117255022501396
0.03214557915712819,0.04865430292076789,12.231444925833248,0.5951124265801802
0.034444608644906484,0.04865430292076789,11.885329661120782,0.5782724296453581
0.03690806312437145,0.04865430292076789,11.535295646491782,0.5612417686650263
0.0395477021566922,0.04865430292076789,11.182123942584397,0.5440584456000725
0.04237612633868262,0.04865430292076789,10.82662477570206,0.5267618814464987
0.045406837453086234,0.04865430292076789,10.46963027542166,0.509392562888808
0.04865430292076789,0.04865430292076789,10.111986778827477,0.491991667867872
0.052134024862481254,0.04865430292076789,9.754546850695094,0.4746006773285415
0.05586261409988602,0.04865430292076789,9.398161178657354,0.4572609808845959
0.05985786944906639,0.04865430292076789,9.043670506691324,0.4400134843481741
0.06413886268506694,0.04865430292076789,8.691897768945903,0.42289822700664054
0.0687260295830332,0.04865430292076789,8.343640579053389,0.4059540161952748
0.07364126747055089,0.04865430292076789,7.999664217993604,0.38921808612668857
0.07890803975686143,0.04865430292076789,7.660695246927878,0.37272578712771576
0.0845514879379336,0.04865430292076789,7.327415851032953,0.35651031044259357
0.09059855161206047,0.04865430292076789,7.0004589972396065,0.34060245263611083
0.09707809707888847,0.04865430292076789,6.680404464007981,0.32503042242509433
0.10402105513575949,0.04865430292076789,6.367775775960121,0.30981969153509153
0.11146056872915173,0.04865430292076789,6.063038051402502,0.29499288997307965
0.11943215116604915,0.04865430292076789,5.766596747463052,0.2805697449729822
0.12797385564047778,0.04865430292076789,5.478797266541828,0.2665670618478012
0.13712645688446246,0.04865430292076789,5.19992536965125,0.25299874410039785
0.1469336458105338,0.04865430292076789,4.930208327420584,0.23987584942481352
0.15744223807493174,0.04865430292076789,4.669816728279464,0.22720667768217828
0.1687023975571047,0.04865430292076789,4.418866855648169,0.21499688656124713
0.1807678758223073,0.04865430292076789,4.1774235417147825,0.20324963042693805
0.1936962687103966,0.04865430292076789,3.945503404302152,0.19196571780783783
0.2075492912756809,0.04865430292076789,3.7230783750506604,0.1811437830574751
0.22239307239027523,0.04865430292076789,3.5100794312287245,0.170780467922959
0.23829847041728436,0.04865430292076789,3.306400449460166,0.16087060904539802
0.2553414114607129,0.04865430292076789,3.111902107049228,0.15140742777614902
0.27360325180677286,0.04865430292076789,2.9264157649325435,0.14238271909913863
0.29317116628674317,0.04865430292076789,2.7497472751721177,0.1337870368817803
0.3141385644152698,0.04865430292076789,2.581680664955145,0.1256098731174171
0.33660553629058904,0.04865430292076789,2.421981657973167,0.11783982925557011
0.3606793303852239,0.04865430292076789,2.2704010025644448,0.11046477813038562
0.38647486550794,0.04865430292076789,2.1266775839291387,0.1034720153832951
0.4141152793808653,0.04865430292076789,1.9905413049332823,0.09684839962652453
0.4437325164504621,0.04865430292076789,1.8617157264217223,0.09058048090567992
0.47546795773833395,0.04865430292076789,1.73992046352298,0.08465461729028995
0.5094730957385232,0.04865430292076789,1.6248733391475632,0.07905707965076515
0.5459102575829949,0.04865430292076789,1.5162922997813022,0.07377414486998728
0.5849533799274136,0.04865430292076789,1.413897101804168,0.06879217788997578
0.6267888392562115,0.04865430292076789,1.3174107789851304,0.06409770311182733
0.6716163415705015,0.04865430292076789,1.2265609035867842,0.05967746575388217
0.7196498757058468,0.04865430292076789,1.1410806547363532,0.055518483832570686
0.7711187348306588,0.04865430292076789,1.0607097084598456,0.05160809146640472
0.8262686110014498,0.04865430292076789,0.9851949641093686,0.047933974219792265
0.8853627679999155,0.04865430292076789,0.914291121911478,0.044484197203249774
0.9486832980505137,0.04865430292076789,0.8477611260931555,0.04124722663338769
1.0165324684176076,0.04865430292076789,0.7853764875613198,0.03821194553265715
1.089234164310304,0.04865430292076789,0.726917499474646,0.03536766421784656
1.1671354349828413,0.04865430292076789,0.6721733582989344,0.032704126189946205
1.2506081504110058,0.04865430292076789,0.6209422021187057,0.03021150999817218
1.3400507764528888,0.04865430292076789,0.5730310771210683,0.02788042760926236
1.4358902769679147,0.04865430292076789,0.5282558423003162,0.025701919770944978
1.5385841519740941,0.04865430292076789,0.48644102157499536,0.023667448816797613
1.6486226215728734,0.04865430292076789,0.44741961168025024,0.02176888931938323
1.7665309660667667,0.04865430292076789,0.41103285340996837,0.019998516960196184
1.8928720334405786,0.04865430292076789,0.3771299730445574,0.018348995949010925
2.0282489261759444,0.04865430292076789,0.34556790011699234,0.016813365291985807
2.1733078802249692,0.04865430292076789,0.31621096704500723,0.015385024177476734
2.3287413498860743,0.04865430292076789,0.28893059559155126,0.01405771672098922
2.4952913133080123,0.04865430292076789,0.2636049746073695,0.01282551628596828
2.673752814401236,0.04865430292076789,0.24011873305545098,0.011682809575030914
2.8649777580643074,0.04865430292076789,0.21836261191232204,0.010624280666552195
3.0698789768422605,0.04865430292076789,0.198233138179683,0.009644895153928735
3.289434588429555,0.04865430292076789,0.1796323039147348,0.008739884529022947
3.524692664818587,0.04865430292076789,0.1624672528910825,0.00790473093686773
3.776776235382502,0.04865430292076789,0.1466499772263957,0.007135152415296768
4.046888647774959,0.04865430292076789,0.1320970260501769,0.006427088720377874
4.336319312237784,0.04865430292076789,0.11872922802747193,0.005776687825997545
4.646449856737443,0.04865430292076789,0.10647142929550452,0.005180293173350597
4.978760722312678,0.04865430292076789,0.09525224810441073,0.004634431733156139
5.334838230116768,0.04865430292076789,0.08500384717652514,0.004135802929957314
5.716382153889739,0.04865430292076789,0.0756617245087965,0.003681268463758673
6.125213834008588,0.04865430292076789,0.06716452303979194,0.003267843049506931
6.563284871848655,0.04865430292076789,0.0594538592884326,0.0028926860796281094
7.032686445959767,0.04865430292076789,0.05247417075029489,0.0025530941992009458
7.535659294528738,0.04865430292076789,0.04617258151524855,0.002246494767676751
8.07460441178074,0.04865430292076789,0.040498785255247007,0.001970440165731916
8.652094509379817,0.04865430292076789,0.03540494443237036,0.001722602891305502
9.270886297540766,0.04865430292076789,0.03084560430445744,0.0015007713756032142
9.933933644477731,0.04865430292076789,0.026777620068580837,0.0013028464383139655
10.644401677007258,0.04865430292076789,0.02316009529020992,0.001126838291923723
11.405681889616837,0.04865430292076789,0.01995432962578939,0.00097086399819401
12.221408334123376,0.04865430292076789,0.017123773764326448,0.0008331452758762369
13.095474967204968,0.04865430292076789,0.014633989492702532,0.0007120065577172834
14.032054238615942,0.04865430292076789,0.01245261283045358,0.0006058731968079293
15.035617008818157,0.04865430292076789,0.01054931828058754,0.0005132697272313005
16.110953891107577,0.04865430292076789,0.008895782398933967,0.00043281809155496854
17.263198120114698,0.04865430292076789,0.007465645088527591,0.0003632357576361644
18.497850055844463,0.04865430292076789,0.006234467268730135,0.0003033336590424084
19.82080344022787,0.04865430292076789,0.00517968384098517,0.000252013906633099
21.23837353152414,0.04865430292076789,0.004280551163322317,0.00020826723296812942
22.757327250875505,0.04865430292076789,0.0035180885428804233,0.00017117014566738704
24.384915484922956,0.04865430292076789,0.002875013549080842,0.00013988178011829127
26.12890769868241,0.04865430292076789,0.0023356712297822116,0.00011364045553714619
27.997629023909713,0.04865430292076789,0.0018859575701138853,9.175995091203633e-05
30.0,0.04865430292076789,0.0015132377615058072,7.362552843944826e-05
0.03,0.052134024862481254,12.03829854018712,0.6276049553960871
0.03214557915712819,0.052134024862481254,11.72438910505813,0.6112395931005048
0.034444608644906484,0.052134024862481254,11.405478778162278,0.5946135141892145
0.03690806312437145,0.052134024862481254,11.08222502724392,0.5777609951019466
0.0395477021566922,0.052134024862481254,10.755324331454808,0.5607183461001146
0.04237612633868262,0.052134024862481254,10.425506557870294,0.5435236180919713
0.045406837453086234,0.052134024862481254,10.09352870089906,0.5262162762428397
0.04865430292076789,0.052134024862481254,9.760168093186795,0.5088368460321966
0.052134024862481254,0.052134024862481254,9.426215214071618,0.49142653832950883
0.05586261409988602,0.052134024862481254,9.092466235216117,0.47402686076802836
0.05985786944906639,0.052134024862481254,8.759715452024807,0.4566792231641225
0.06413886268506694,0.052134024862481254,8.428747753391304,0.4394245449348853
0.0687260295830332,0.052134024862481254,8.100331280999884,0.4223028723979826
0.07364126747055089,0.052134024862481254,7.775210422901017,0.40535301349854497
0.07890803975686143,0.052134024862481254,7.45409927472878,0.3886121969161137
0.0845514879379336,0.052134024862481254,7.137675686314918,0.3721157616906699
0.09059855161206047,0.052134024862481254,6.826575992366285,0.35589688251164153
0.09707809707888847,0.052134024862481254,6.5213905042449065,0.3399863346862531
0.10402105513575949,0.052134024862481254,6.22265981674057,0.3244123015967159
0.11146056872915173,0.052134024862481254,5.93087196009089,0.3092002262235714
0.11943215116604915,0.052134024862481254,5.646460404373455,0.29437270710662167
0.12797385564047778,0.052134024862481254,5.369802901659645,0.2799494379817479
0.13712645688446246,0.052134024862481254,5.10122113172732,0.2659471893104869
0.1469336458105338,0.052134024862481254,4.840981100255319,0.2523798290395126
0.15744223807493174,0.052134024862481254,4.589294224655124,0.23925837920941187
0.1687023975571047,0.052134024862481254,4.346319032236263,0.2265911044868808
0.1807678758223073,0.052134024862481254,4.112163388278444,0.21438362832309357
0.1936962687103966,0.052134024862481254,3.8868871676682595,0.20263907223687638
0.2075492912756809,0.052134024862481254,3.6705052827984685,0.19135821367128414
0.22239307239027523,0.052134024862481254,3.462990982076472,0.18053965795812318
0.23829847041728436,0.052134024862481254,3.264279337236311,0.1701800201255617
0.2553414114607129,0.052134024862481254,3.0742708432547925,0.16027411257624655
0.27360325180677286,0.052134024862481254,2.892835061592166,0.15081513502410346
0.29317116628674317,0.052134024862481254,2.7198142452838563,0.14179486348495926
0.3141385644152698,0.052134024862481254,2.555026892710821,0.13320383554889417
0.33660553629058904,0.052134024862481254,2.3982711853273564,0.1250315296028288
0.3606793303852239,0.052134024862481254,2.2493282729368103,0.11726653610516968
0.38647486550794,0.052134024862481254,2.107965378044669,0.10989671942823047
0.4141152793808653,0.052134024862481254,1.9739386982080944,0.10290936916939468
0.4437325164504621,0.052134024862481254,1.846996092017332,0.09629134018213731
0.47546795773833395,0.052134024862481254,1.726879540310712,0.09002918088906886
0.5094730957385232,0.052134024862481254,1.6133273794054441,0.08410924970924515
0.5459102575829949,0.052134024862481254,1.5060763075188464,0.07851781966098151
0.5849533799274136,0.052134024862481254,1.404863169183511,0.07324117139059737
0.6267888392562115,0.052134024862481254,1.3094265253698163,0.06826567502922244
0.6716163415705015,0.052134024862481254,1.2195080192785368,0.06357786139706251
0.7196498757058468,0.052134024862481254,1.1348535494224814,0.05916448316086675
0.7711187348306588,0.052134024862481254,1.0552142627506353,0.055012566609486446
0.8262686110014498,0.052134024862481254,0.980347381253927,0.051109454748160615
0.8853627679999155,0.052134024862481254,0.9100168757990527,0.047442842428185326
0.9486832980505137,0.052134024862481254,0.843994000932811,0.04400080422841619
1.0165324684176076,0.052134024862481254,0.7820577041458694,0.04077181579183576
1.089234164310304,0.052134024862481254,0.7239949226375937,0.0377447692970985
1.1671354349828413,0.052134024862481254,0.6696007800319561,0.03490898371412284
1.2506081504110058,0.052134024862481254,0.6186786948015469,0.0322542104566713
1.3400507764528888,0.052134024862481254,0.571040411399039,0.029770635005359026
1.4358902769679147,0.052134024862481254,0.5265059643037402,0.027448875033255857
1.5385841519740941,0.052134024862481254,0.4849035843903822,0.025279975524514463
1.6486226215728734,0.052134024862481254,0.4460695562380785,0.023255401335311964
1.7665309660667667,0.052134024862481254,0.4098480342351197,0.021367027606652798
1.8928720334405786,0.052134024862481254,0.37609082461150173,0.019607128400847107
2.0282489261759444,0.052134024862481254,0.344657139853853,0.01796836389817245
2.1733078802249692,0.052134024862481254,0.31541333133165056,0.016443766457602305
2.3287413498860743,0.052134024862481254,0.28823260539146967,0.015026725815656627
2.4952913133080123,0.052134024862481254,0.2629947276573923,0.013710973670391974
2.673752814401236,0.052134024862481254,0.23958571980837018,0.01249056787318504
2.8649777580643074,0.052134024862481254,0.21789755268347802,0.011359876429074262
3.0698789768422605,0.052134024862481254,0.19782783918827865,0.010313561486732662
3.289434588429555,0.052134024862481254,0.17927953013360595,0.009346563481319368
3.524692664818587,0.052134024862481254,0.162160615824802,0.0084540855771255
3.776776235382502,0.052134024862481254,0.14638383592722898,0.007631578541695532
4.046888647774959,0.052134024862481254,0.1318663998551189,0.006874726168572662
4.336319312237784,0.052134024862481254,0.11852971965814443,0.006179431351600635
4.646449856737443,0.052134024862481254,0.10629915710696654,0.0055418028994753945
4.978760722312678,0.052134024862481254,0.09510378639989306,0.004958143164688131
5.334838230116768,0.052134024862481254,0.08487617362373477,0.004424936545932064
5.716382153889739,0.052134024862481254,0.07555217380072642,0.003938838907341575
6.125213834008588,0.052134024862481254,0.06707074603986975,0.003496667941587736
6.563284871848655,0.052134024862481254,0.05937378698724704,0.0030953944869728032
7.032686445959767,0.052134024862481254,0.05240598243988728,0.0027321347914638396
7.535659294528738,0.052134024862481254,0.04611467665781228,0.002404143699403669
8.07460441178074,0.052134024862481254,0.04044975858673187,0.002108808719842044
8.652094509379817,0.052134024862481254,0.03536356389855809,0.0018436449195133719
9.270886297540766,0.052134024862481254,0.030810791478111676,0.0016062905689525997
9.933933644477731,0.052134024862481254,0.02674843274176941,0.001394503457591814
10.644401677007258,0.052134024862481254,0.023135711976291287,0.0012061577833831754
11.405681889616837,0.052134024862481254,0.01993403574124859,0.0010392415149438439
12.221408334123376,0.052134024862481254,0.017106949292009198,0.0008918541197108136
13.095474967204968,0.052134024862481254,0.014620097955378254,0.0007622045502976013
14.032054238615942,0.052134024862481254,0.012441191427373263,0.0006486093831935664
15.035617008818157,0.052134024862481254,0.010539969060117383,0.0005494910090299427
16.110953891107577,0.052134024862481254,0.008888164357760589,0.00046337578160931023
17.263198120114698,0.052134024862481254,0.007459467102662014,0.00038889204339104244
18.497850055844463,0.052134024862481254,0.006229481773895941,0.0003247679576806648
19.82080344022787,0.052134024862481254,0.005175681190264278,0.0002698290918535144
21.23837353152414,0.052134024862481254,0.004277354598440694,0.0002229957109807557
22.757327250875505,0.052134024862481254,0.003515549722521516,0.00018327975663922578
24.384915484922956,0.052134024862481254,0.0028730085833727948,0.00014978150091567933
26.12890769868241,0.052134024862481254,0.0023340971748494884,0.0001216858801450505
27.997629023909713,0.052134024862481254,0.0018847293405225385,9.825852629784991e-05
30.0,0.052134024862481254,0.0015122854217454037,7.884152577644284e-05
0.03,0.05586261409988602,11.513723583800669,0.6431866974146134
0.03214557915712819,0.05586261409988602,11.225742260515263,0.6270993078839463
0.034444608644906484,0.05586261409988602,10.932528292224449,0.6107196091246204
0.03690806312437145,0.05586261409988602,10.634655414910261,0.5940796515283951
0.0395477021566922,0.05586261409988602,10.332738294355966,0.5772137719327218
0.04237612633868262,0.05586261409988602,10.027427939573226,0.5601583374027943
0.045406837453086234,0.05586261409988602,9.71940644029768,0.5429514512542962
0.04865430292076789,0.05586261409988602,9.409381111200775,0.5256326259337656
0.052134024862481254,0.05586261409988602,9.098078144547372,0.5082424284394569
0.05586261409988602,0.05586261409988602,8.786235889272561,0.490822104873002
0.05985786944906639,0.05586261409988602,8.474597887048906,0.4734131914159225
0.06413886268506694,0.05586261409988602,8.163905804223933,0.45605711948918126
0.0687260295830332,0.05586261409988602,7.854892402096121,0.43879482305442236
0.07364126747055089,0.05586261409988602,7.54827468667788,0.4216663559418245
0.07890803975686143,0.05586261409988602,7.244747372935253,0.40471052674544505
0.0845514879379336,0.05586261409988602,6.944976787817754,0.38796455823052917
0.09059855161206047,0.05586261409988602,6.649595321746995,0.3714637773791598
0.09707809707888847,0.05586261409988602,6.359196520358192,0.35524134120210765
0.10402105513575949,0.05586261409988602,6.07433088805868,0.33932800231464
0.11146056872915173,0.05586261409988602,5.795502453334017,0.3237519170655409
0.11943215116604915,0.05586261409988602,5.523166123661975,0.3085384977756922
0.12797385564047778,0.05586261409988602,5.257725836311572,0.2937103094368738
0.13712645688446246,0.05586261409988602,4.9995334910376314,0.2792870100892912
0.1469336458105338,0.05586261409988602,4.748888632426584,0.26528533307658175
0.15744223807493174,0.05586261409988602,4.506038833940579,0.25171910849952295
0.1687023975571047,0.05586261409988602,4.2711807229042,0.2385993204744695
0.1807678758223073,0.05586261409988602,4.044461575966877,0.22593419626005448
0.1936962687103966,0.05586261409988602,3.8259814079763985,0.21372932294712413
0.2075492912756809,0.05586261409988602,3.615795473593862,0.20198778720548854
0.22239307239027523,0.05586261409988602,3.413917100130051,0.19071033353356698
0.23829847041728436,0.05586261409988602,3.2203207716621063,0.17989553654520743
0.2553414114607129,0.05586261409988602,3.034945388114631,0.16953998303047646
0.27360325180677286,0.05586261409988602,2.8576976282493693,0.15963845982105404
0.29317116628674317,0.05586261409988602,2.688455351986643,0.1501841438528031
0.3141385644152698,0.05586261409988602,2.52707098478182,0.14116879122588574
0.33660553629058904,0.05586261409988602,2.3733748345358605,0.13258292249605763
0.3606793303852239,0.05586261409988602,2.2271782994099523,0.12441600187157857
0.38647486550794,0.05586261409988602,2.088276932670354,0.11665660842345765
0.4141152793808653,0.05586261409988602,1.9564533380943392,0.10929259783039791
0.4437325164504621,0.05586261409988602,1.8314798763574307,0.10231125356466211
0.47546795773833395,0.05586261409988602,1.7131211690810448,0.09569942677472
0.5094730957385232,0.05586261409988602,1.601136392777453,0.08944366443101039
0.5459102575829949,0.05586261409988602,1.4952813597527017,0.08353032557061801
0.5849533799274136,0.05586261409988602,1.3953103871163568,0.07794568570504361
0.6267888392562115,0.05586261409988602,1.300977958422994,0.07267602964384126
0.6716163415705015,0.05586261409988602,1.2120401851761178,0.06770773313804786
0.7196498757058468,0.05586261409988602,1.1282560775156285,0.06302733386410665
0.7711187348306588,0.05586261409988602,1.0493886349479515,0.058621592354903586
0.8262686110014498,0.05586261409988602,0.9752057690307404,0.05447754354334683
0.8853627679999155,0.05586261409988602,0.9054810705593204,0.05058253961940698
0.9486832980505137,0.05586261409988602,0.8399944340859838,0.04692428491739746
1.0165324684176076,0.05586261409988602,0.7785325525983413,0.043490863550000355
1.089234164310304,0.05586261409988602,0.7208892949468808,0.04027076049235651
1.1671354349828413,0.05586261409988602,0.6668659781967641,0.03725287679634884
1.2506081504110058,0.05586261409988602,0.6162715465308043,0.03442653958459027
1.3400507764528888,0.05586261409988602,0.568922667689571,0.0317815074378202
1.4358902769679147,0.05586261409988602,0.524643757234744,0.029307971750318792
1.5385841519740941,0.05586261409988602,0.48326694019179595,0.026996554587166995
1.6486226215728734,0.05586261409988602,0.44463195889101853,0.024838303536005354
1.7665309660667667,0.05586261409988602,0.4085860351004608,0.022824684005419527
1.8928720334405786,0.05586261409988602,0.374983693844651,0.020947569382993546
2.0282489261759444,0.05586261409988602,0.3436865556395094,0.019199229429008917
2.1733078802249692,0.05586261409988602,0.3145631032535338,0.017572317247114763
2.3287413498860743,0.05586261409988602,0.2874884285321736,0.016059855141275475
2.4952913133080123,0.05586261409988602,0.2623439642976811,0.014655219638995635
2.673752814401236,0.05586261409988602,0.23901720585972222,0.013352125934174678
2.8649777580643074,0.05586261409988602,0.21740142623985698,0.012144611978801964
3.0698789768422605,0.05586261409988602,0.19739538882124477,0.011027022430818153
3.289434588429555,0.05586261409988602,0.17890306077793466,0.00999399264552622
3.524692664818587,0.05586261409988602,0.1618333303092785,0.009040432879566612
3.776776235382502,0.05586261409988602,0.14609973039721336,0.008161512859276916
4.046888647774959,0.05586261409988602,0.13162017151012234,0.007352646848830777
4.336319312237784,0.05586261409988602,0.11831668538957373,0.0066094793374953794
4.646449856737443,0.05586261409988602,0.10611518176910205,0.005927871449306608
4.978760722312678,0.05586261409988602,0.09494521958189076,0.005303888162132105
5.334838230116768,0.05586261409988602,0.08473979391287416,0.0047337864062587595
5.716382153889739,0.05586261409988602,0.07543513963817106,0.004214004095178165
6.125213834008588,0.05586261409988602,0.0669705523707619,0.003741150123144078
6.563284871848655,0.05586261409988602,0.05928822699788032,0.003311995345449032
7.032686445959767,0.05586261409988602,0.05233311375680131,0.002923464538441628
7.535659294528738,0.05586261409988602,0.046052791457674366,0.0025726293174225907
8.07460441178074,0.05586261409988602,0.040397357132492165,0.002256701972147688
8.652094509379817,0.05586261409988602,0.03531933107719532,0.0019730301622314737
9.270886297540766,0.05586261409988602,0.030773575968874863,0.0017190923988227825
9.933933644477731,0.05586261409988602,0.0267172284916555,0.001492494225047831
10.644401677007258,0.05586261409988602,0.023109641702022243,0.0012909649963867018
11.405681889616837,0.05586261409988602,0.019912336214627475,0.00111235515378492
12.221408334123376,0.05586261409988602,0.01708895819861877,0.0009546338772185236
13.095474967204968,0.05586261409988602,0.014605242145492964,0.0008158870058090648
14.032054238615942,0.05586261409988602,0.012428976403030412,0.0006943151124590775
15.035617008818157,0.05586261409988602,0.010529969563871833,0.0005882316262301174
16.110953891107577,0.05586261409988602,0.008880015947063323,0.0004960609040516323
17.263198120114698,0.05586261409988602,0.007452858609385331,0.0004163361644371059
18.497850055844463,0.05586261409988602,0.006224148561603024,0.0003476972091971904
19.82080344022787,0.05586261409988602,0.0051713991327059766,0.0002888878741068392
21.23837353152414,0.05586261409988602,0.004273934711764734,0.00023875316549142094
22.757327250875505,0.05586261409988602,0.003512833391089923,0.00019623605612365035
24.384915484922956,0.05586261409988602,0.002870863325173165,0.0001603739300676641
26.12890769868241,0.05586261409988602,0.002332412897501976,0.0001302946816147499
27.997629023909713,0.05586261409988602,0.001883415043047649,0.00010521248773969104
30.0,0.05586261409988602,0.0015112663007596564,8.442328616149896e-05
0.03,0.05985786944906639,11.000106643359,0.6584429473839909
0.03214557915712819,0.05985786944906639,10.736455159644956,0.642661331291783
0.034444608644906484,0.05985786944906639,10.467432588355438,0.6265582133406828
0.03690806312437145,0.05985786944906639,10.193533744741133,0.6101632121173676
0.0395477021566922,0.05985786944906639,9.915295200442614,0.5935084456570485
0.04237612633868262,0.05985786944906639,9.63329167569694,0.5766283154886453
0.045406837453086234,0.05985786944906639,9.348131743673138,0.55955924950546
0.04865430292076789,0.05985786944906639,9.060452904890132,0.5423394071303279
0.052134024862481254,0.05985786944906639,8.770916109256854,0.5250083514166102
0.05586261409988602,0.05985786944906639,8.480199821050768,0.507606693790453
0.05985786944906639,0.05985786944906639,8.188993737262109,0.4901757180442576
0.06413886268506694,0.05985786944906639,7.897992281424222,0.4727569908912251
0.0687260295830332,0.05985786944906639,7.607888002728339,0.4553919668504314
0.07364126747055089,0.05985786944906639,7.319365013485728,0.4381215954272928
0.07890803975686143,0.05985786944906639,7.033092596679982,0.4209859384752657
0.0845514879379336,0.05985786944906639,6.749719109517204,0.4040238052753494
0.09059855161206047,0.05985786944906639,6.469866298835295,0.38727241226859743
0.09707809707888847,0.05985786944906639,6.194124130493409,0.3707670735543863
0.10402105513575949,0.05985786944906639,5.923046218120352,0.35454092726503444
0.11146056872915173,0.05985786944906639,5.657145917675636,0.3386247017945471
0.11943215116604915,0.05985786944906639,5.3968931340579775,0.3230465246490052
0.12797385564047778,0.05985786944906639,5.142711865386645,0.30783177545247853
0.13712645688446246,0.05985786944906639,4.894978490441796,0.2930029834368531
0.1469336458105338,0.05985786944906639,4.654020785854103,0.27857976861289624
0.15744223807493174,0.05985786944906639,4.420117642627646,0.2645788248019207
0.1687023975571047,0.05985786944906639,4.193499436959248,0.2510139418322401
0.1807678758223073,0.05985786944906639,3.974348998415318,0.23789606349217188
0.1936962687103966,0.05985786944906639,3.7628031095135994,0.2252333772918061
0.2075492912756809,0.05985786944906639,3.5589544646503057,0.21303143172020997
0.22239307239027523,0.05985786944906639,3.362854012997421,0.20129327648626863
0.23829847041728436,0.05985786944906639,3.174513609246536,0.19001962118656368
0.2553414114607129,0.05985786944906639,2.9939088975892645,0.17920900793429648
0.27360325180677286,0.05985786944906639,2.8209823577418685,0.16885799368783225
0.29317116628674317,0.05985786944906639,2.6556464467581447,0.15896133831292608
0.3141385644152698,0.05985786944906639,2.4977867764424775,0.1495121947758982
0.33660553629058904,0.05985786944906639,2.3472652730023027,0.140502298273699
0.3606793303852239,0.05985786944906639,2.2039232728262275,0.13192215154059145
0.38647486550794,0.05985786944906639,2.0675845156418573,0.12376120401220148
0.4141152793808653,0.05985786944906639,1.9380580035450046,0.11600802296091513
0.4437325164504621,0.05985786944906639,1.8151407012980845,0.10865045512998754
0.47546795773833395,0.05985786944906639,1.698620059717844,0.10167577777815606
0.5094730957385232,0.05985786944906639,1.5882763498047152,0.09507083839565034
0.5459102575829949,0.05985786944906639,1.4838848004426513,0.08882218266235015
0.5849533799274136,0.05985786944906639,1.385217536989268,0.08291617048766091
0.6267888392562115,0.05985786944906639,1.292045321880672,0.07733908019941023
0.6716163415705015,0.05985786944906639,1.2041391015156993,0.07207720113704283
0.7196498757058468,0.05985786944906639,1.121271366199988,0.0671169150549752
0.7711187348306588,0.05985786944906639,1.0432173318727531,0.06244476685824263
0.8262686110014498,0.05985786944906639,0.9697559537675409,0.058047525278072325
0.8853627679999155,0.05985786944906639,0.9006707831352158,0.053912234153496136
0.9486832980505137,0.05985786944906639,0.8357506787465054,0.05002625502037695
1.0165324684176076,0.05985786944906639,0.7747903851543345,0.046377301724960025
1.089234164310304,0.05985786944906639,0.7175909896913418,0.04295346777877068
1.1671354349828413,0.05985786944906639,0.6639602699592172,0.039743247158585696
1.2506081504110058,0.05985786944906639,0.6137129431824532,0.03673554923221758
1.3400507764528888,0.05985786944906639,0.5666708282927267,0.033919708460540356
1.4358902769679147,0.05985786944906639,0.52266293101868,0.03128548949078254
1.5385841519740941,0.05985786944906639,0.48152546161112336,0.028823088217520054
1.6486226215728734,0.05985786944906639,0.4431017941619916,0.02652312934759558
1.7665309660667667,0.05985786944906639,0.4072423757982885,0.024376660964661585
1.8928720334405786,0.05985786944906639,0.3738045933666626,0.02237514654920304
2.0282489261759444,0.05985786944906639,0.34265260458307006,0.020510454871515975
2.1733078802249692,0.05985786944906639,0.3136571400143349,0.0187748481387456
2.3287413498860743,0.05985786944906639,0.2866952816902458,0.017160968743078046
2.4952913133080123,0.05985786944906639,0.26165022361917095,0.015661824926715362
2.673752814401236,0.05985786944906639,0.23841101899753836,0.014270775650373537
2.8649777580643074,0.05985786944906639,0.2168723184623236,0.012981514925634118
3.0698789768422605,0.05985786944906639,0.19693410333248704,0.011788055847344958
3.289434588429555,0.05985786944906639,0.17850141741526218,0.01068471454011607
3.524692664818587,0.05985786944906639,0.16148410061039672,0.00966609421243703
3.776776235382502,0.05985786944906639,0.14579652722325476,0.008727069492656838
4.046888647774959,0.05985786944906639,0.13135735158924305,0.007862771202604025
4.336319312237784,0.05985786944906639,0.11808926331050025,0.007068571706576349
4.646449856737443,0.05985786944906639,0.1059187541050527,0.00634007095542801
4.978760722312678,0.05985786944906639,0.09477589796341089,0.005673083327211886
5.334838230116768,0.05985786944906639,0.08459414599407429,0.005063625347068562
5.716382153889739,0.05985786944906639,0.0753101370154598,0.004507904349662696
6.125213834008588,0.05985786944906639,0.06686352461724197,0.004002308127443306
6.563284871848655,0.05985786944906639,0.0591968210709347,0.0035433955874637517
7.032686445959767,0.05985786944906639,0.0522552581218059,0.0031278884186823237
7.535659294528738,0.05985786944906639,0.045986664347949555,0.0027526637509376
8.07460441178074,0.05985786944906639,0.040341358435206684,0.0024147477666125947
8.652094509379817,0.05985786944906639,0.03527205739755846,0.002111310206903031
9.270886297540766,0.05985786944906639,0.030733798481133733,0.0018396596971576179
9.933933644477731,0.05985786944906639,0.026683873235638426,0.0015972398005342815
10.644401677007258,0.05985786944906639,0.02308177202867639,0.0013816256967456237
11.405681889616837,0.05985786944906639,0.01988913712359242,0.0011905213733985748
12.221408334123376,0.05985786944906639,0.017069722345736768,0.0010217572117029226
13.095474967204968,0.05985786944906639,0.014589357328641436,0.000873287846323599
14.032054238615942,0.05985786944906639,0.012415914361124719,0.000743190180918992
15.035617008818157,0.05985786944906639,0.010519275946672903,0.0006296614463146508
16.110953891107577,0.05985786944906639,0.008871301332880102,0.0005310171970268658
17.263198120114698,0.05985786944906639,0.007445790464229683,0.00044568915355296384
18.497850055844463,0.05985786944906639,0.006218444047174828,0.00037222281195211493
19.82080344022787,0.05985786944906639,0.0051668186820925666,0.0003092747581396941
21.23837353152414,0.05985786944906639,0.004270276301254333,0.00025560964135192395
22.757327250875505,0.05985786944906639,0.0035099274443303303,0.00021009677873842013
24.384915484922956,0.05985786944906639,0.0028685681923411267,0.00017170638036289953
26.12890769868241,0.05985786944906639,0.002330610857446919,0.00013950540044163436
27.997629023909713,0.05985786944906639,0.0018820087807693254,0.00011265303590128687
30.0,0.05985786944906639,0.0015101758162763428,9.03959068558066e-05
0.03,0.06413886268506694,10.498293258873543,0.673348589758454
0.03214557915712819,0.06413886268506694,10.2573995052805,0.6578979383750595
0.034444608644906484,0.06413886268506694,10.011077857614804,0.64209914803907
0.03690806312437145,0.06413886268506694,9.759749626785933,0.6259792411530563
0.0395477021566922,0.06413886268506694,9.503877764968465,0.6095679109429732
0.04237612633868262,0.06413886268506694,9.243964159780262,0.5928973479098265
0.045406837453086234,0.06413886268506694,8.980546251611479,0.5760020228690012
0.04865430292076789,0.06413886268506694,8.71419300948139,0.558918428846297
0.052134024862481254,0.06413886268506694,8.445500319929934,0.541684785326675
0.05586261409988602,0.06413886268506694,8.175085861715665,0.5243407095232131
0.05985786944906639,0.06413886268506694,7.903583555650123,0.5069268603957964
0.06413886268506694,0.06413886268506694,7.631637692952104,0.48948456205043606
0.0687260295830332,0.06413886268506694,7.3598968563536395,0.4720554138459219
0.07364126747055089,0.06413886268506694,7.0890077552789075,0.4546808949892085
0.07890803975686143,0.06413886268506694,6.819609099379212,0.43740197159091626
0.0845514879379336,0.06413886268506694,6.552325633387155,0.42025871406766296
0.09059855161206047,0.06413886268506694,6.2877624507195655,0.40328993242302213
0.09707809707888847,0.06413886268506694,6.026499693800858,0.3865328363322912
0.10402105513575949,0.06413886268506694,5.76908773618224,0.37002272612909637
0.11146056872915173,0.06413886268506694,5.516042925847308,0.35379271978585536
0.11943215116604915,0.06413886268506694,5.267843951387293,0.33787351984439
0.12797385564047778,0.06413886268506694,5.02492887383124,0.32229322304089
0.13712645688446246,0.06413886268506694,4.7876928476702485,0.3070771741349992
0.1469336458105338,0.06413886268506694,4.556486535823977,0.2922478642475704
0.15744223807493174,0.06413886268506694,4.331615205680989,0.277824872881721
0.1687023975571047,0.06413886268506694,4.113338477503572,0.26382485178580395
0.1807678758223073,0.06413886268506694,3.901870682882466,0.25026154794428684
0.1936962687103966,0.06413886268506694,3.6973817798650956,0.23714586227303575
0.2075492912756809,0.06413886268506694,3.499998763018503,0.2244859400591479
0.22239307239027523,0.06413886268506694,3.3098075010390473,0.212287288823148
0.23829847041728436,0.06413886268506694,3.126854931475238,0.2005529190860147
0.2553414114607129,0.06413886268506694,2.9511515414766367,0.18928350348159362
0.27360325180677286,0.06413886268506694,2.782674064934505,0.17847754974813126
0.29317116628674317,0.06413886268506694,2.621368329603204,0.1681315833394032
0.3141385644152698,0.06413886268506694,2.4671521924259623,0.15824033569317064
0.33660553629058904,0.06413886268506694,2.319918506972192,0.14879693455923493
0.3606793303852239,0.06413886268506694,2.1795380732797693,0.1397930931989665
0.38647486550794,0.06413886268506694,2.0458625271675976,0.13121929570252658
0.4141152793808653,0.06413886268506694,1.9187271329632811,0.12306497611124406
0.4437325164504621,0.06413886268506694,1.7979534503443935,0.11531868946578137
0.47546795773833395,0.06413886268506694,1.683351852432544,0.10796827331382401
0.5094730957385232,0.06413886268506694,1.5747238782660524,0.1010009985950024
0.5459102575829949,0.06413886268506694,1.4718644082109318,0.09440370916927826
0.5849533799274136,0.06413886268506694,1.3745636556908054,0.0881629495642362
0.6267888392562115,0.06413886268506694,1.2826089727970111,0.08226508078486225
0.6716163415705015,0.06413886268506694,1.1957864708802086,0.0766963842564465
0.7196498757058468,0.06413886268506694,1.1138824601455963,0.07144315415858295
0.7711187348306588,0.06413886268506694,1.0366847146124814,0.06649177855823775
0.8262686110014498,0.06413886268506694,0.9639835706039749,0.06182880986562887
0.8853627679999155,0.06413886268506694,0.8955728682592042,0.05744102522174865
0.9486832980505137,0.06413886268506694,0.8312507464674673,0.05331547748453628
1.0165324684176076,0.06413886268506694,0.7708203021705113,0.04943953751577623
1.089234164310304,0.06413886268506694,0.7140901252233183,0.04580092848646067
1.1671354349828413,0.06413886268506694,0.6608747199999774,0.04238775291811061
1.2506081504110058,0.06413886268506694,0.6109948247296835,0.039188513164623705
1.3400507764528888,0.06413886268506694,0.5642776391939256,0.03619212601651294
1.4358902769679147,0.06413886268506694,0.5205569709495198,0.03338793207948563
1.5385841519740941,0.06413886268506694,0.4796733096980055,0.030765700544411963
1.6486226215728734,0.06413886268506694,0.44147383882939273,0.028315629927727792
1.7665309660667667,0.06413886268506694,0.40581239255177537,0.0260283453217768
1.8928720334405786,0.06413886268506694,0.3725493663975549,0.023894892654781466
2.0282489261759444,0.06413886268506694,0.34155158828739623,0.021906730421031823
2.1733078802249692,0.06413886268506694,0.3126921567460013,0.020055719304229207
2.3287413498860743,0.06413886268506694,0.28585025230729527,0.01833411008122935
2.4952913133080123,0.06413886268506694,0.26091092762553353,0.016734530160007532
2.673752814401236,0.06413886268506694,0.23776488132518628,0.015249969074647358
2.8649777580643074,0.06413886268506694,0.216308220175991,0.013873763231519112
3.0698789768422605,0.06413886268506694,0.1964422137679539,0.012599580174413361
3.289434588429555,0.06413886268506694,0.17807304548041863,0.011421402611980252
3.524692664818587,0.06413886268506694,0.16111156318443512,0.01033351242806297
3.776776235382502,0.06413886268506694,0.14547303278253126,0.009330474874019013
4.046888647774959,0.06413886268506694,0.13107689736824207,0.008407123121486289
4.336319312237784,0.06413886268506694,0.11784654447292385,0.007558543333858497
4.646449856737443,0.06413886268506694,0.10570908355362914,0.006780060394610487
4.978760722312678,0.06413886268506694,0.09459513555805232,0.006067224410233211
5.334838230116768,0.06413886268506694,0.08443863607713382,0.0054157980846656255
5.716382153889739,0.06413886268506694,0.07517665326073783,0.0048217450406133535
6.125213834008588,0.06413886268506694,0.066749221326808,0.0042812191410152795
6.563284871848655,0.06413886268506694,0.05909919014150276,0.0037905548412845067
7.032686445959767,0.06413886268506694,0.05217209099104472,0.0033462585800674354
7.535659294528738,0.06413886268506694,0.04591601831140244,0.0029450011935200603
8.07460441178074,0.06413886268506694,0.04028152679706847,0.0025836113159820187
8.652094509379817,0.06413886268506694,0.03522154298398344,0.0022590697090058964
9.270886297540766,0.06413886268506694,0.030691290103551074,0.001968504441579216
9.933933644477731,0.06413886268506694,0.02664822474420479,0.001709186827669354
10.644401677007258,0.06413886268506694,0.023051983642931546,0.0014785280134923956
11.405681889616837,0.06413886268506694,0.019864338769004623,0.001274076096634839
12.221408334123376,0.06413886268506694,0.01704915876150836,0.0010935136527002907
13.095474967204968,0.06413886268506694,0.01457237474425636,0.0009346555427171961
14.032054238615942,0.06413886268506694,0.012401948567015535,0.0007954468761670721
15.035617008818157,0.06413886268506694,0.01050784160842135,0.0006739610100389699
16.110953891107577,0.06413886268506694,0.008861982418897733,0.000568397473483159
17.263198120114698,0.06413886268506694,0.007438231674250597,0.0004770797199744746
18.497850055844463,0.06413886268506694,0.0062123431434858946,0.0003984526238325589
19.82080344022787,0.06413886268506694,0.005161919637577434,0.0003310796548259295
21.23837353152414,0.06413886268506694,0.004266363188375304,0.000273639682703828
22.757327250875505,0.06413886268506694,0.003506818997440305,0.00022492338213820782
24.384915484922956,0.06413886268506694,0.002866112982508558,0.00018382922702500407
26.12890769868241,0.06413886268506694,0.002328683024566701,0.00014935908074972999
27.997629023909713,0.06413886268506694,0.0018805042723689157,0.0001206134053041516
30.0,0.06413886268506694,0.0015090090863249495,9.678612657831425e-05
0.03,0.0687260295830332,10.009035657713042,0.6878812807096207
0.03214557915712819,0.0687260295830332,9.789363245876263,0.6727840680351499
0.034444608644906484,0.0687260295830332,9.564276477235694,0.6573147481148088
0.03690806312437145,0.0687260295830332,9.334128986881147,0.6414976248842413
0.0395477021566922,0.0687260295830332,9.09931514718728,0.6253598019909351
0.04237612633868262,0.0687260295830332,8.860268173977289,0.6089310526383708
0.045406837453086234,0.0687260295830332,8.617457585562999,0.5922436449559364
0.04865430292076789,0.0687260295830332,8.37138603019205,0.5753321239619698
0.052134024862481254,0.0687260295830332,8.122585515335336,0.5582330524176532
0.05586261409988602,0.0687260295830332,7.871613090104324,0.5409847140967011
0.05985786944906639,0.0687260295830332,7.61904604911968,0.5236267841662914
0.06413886268506694,0.0687260295830332,7.365476741573293,0.5061999724345091
0.0687260295830332,0.0687260295830332,7.111507082291909,0.48874564611754384
0.07364126747055089,0.0687260295830332,6.857742871670502,0.47130543947126197
0.07890803975686143,0.0687260295830332,6.60478803788295,0.4539208580812074
0.0845514879379336,0.0687260295830332,6.3532389174575785,0.4366328857892674
0.09059855161206047,0.0687260295830332,6.1036786889844175,0.41948160214447233
0.09707809707888847,0.0687260295830332,5.856672069469642,0.4025058179044949
0.10402105513575949,0.0687260295830332,5.612760373943742,0.3857427355021341
0.11146056872915173,0.0687260295830332,5.372457026821925,0.3692276405589382
0.11943215116604915,0.0687260295830332,5.136243598817216,0.3529936295179769
0.12797385564047778,0.0687260295830332,4.904566426636593,0.3370713773289779
0.13712645688446246,0.0687260295830332,4.677833855025319,0.3214889479049843
0.1469336458105338,0.0687260295830332,4.4564141227515135,0.3062716488344675
0.15744223807493174,0.0687260295830332,4.2406338965903085,0.29144193062787893
0.1687023975571047,0.0687260295830332,4.03077744094465,0.27701932964898485
0.1807678758223073,0.0687260295830332,3.827086395986736,0.2630204528674083
0.1936962687103966,0.0687260295830332,3.6297601245465856,0.24945900169890292
0.2075492912756809,0.0687260295830332,3.4389565776969198,0.2363458314935651
0.22239307239027523,0.0687260295830332,3.254793621228732,0.2236890426992336
0.23829847041728436,0.0687260295830332,3.0773507599901175,0.21149409936845054
0.2553414114607129,0.0687260295830332,2.9066711942669765,0.19976397048534267
0.27360325180677286,0.0687260295830332,2.7427641418194164,0.1884992895499639
0.29317116628674317,0.0687260295830332,2.5856073605831273,0.17769852795354438
0.3141385644152698,0.0687260295830332,2.435149810087175,0.1673581778871689
0.33660553629058904,0.0687260295830332,2.291314393992107,0.15747294082553132
0.3606793303852239,0.0687260295830332,2.15400073147718,0.14803591799337582
0.38647486550794,0.0687260295830332,2.0230879111798763,0.139038799632825
0.4141152793808653,0.0687260295830332,1.8984371877192356,0.13047205032472253
0.4437325164504621,0.0687260295830332,1.7798945872582772,0.12232508805859303
0.47546795773833395,0.0687260295830332,1.66729339486266,0.11458645517892703
0.5094730957385232,0.0687260295830332,1.5604565024191632,0.10724397974829593
0.5459102575829949,0.0687260295830332,1.4591986014575395,0.10028492625129154
0.5849533799274136,0.0687260295830332,1.3633282102816184,0.09369613491119823
0.6267888392562115,0.0687260295830332,1.2726495293047804,0.08746414919983361
0.6716163415705015,0.0687260295830332,1.186964122376143,0.08157533138842184
0.7196498757058468,0.0687260295830332,1.1060724251774336,0.07601596621372157
0.7711187348306588,0.0687260295830332,1.0297750844867373,0.07077235292030602
0.8262686110014498,0.0687260295830332,0.9578741342793756,0.06583088608930668
0.8853627679999155,0.0687260295830332,0.8901740163134461,0.06117812577920537
0.9486832980505137,0.0687260295830332,0.826482454079979,0.05680085758895851
1.0165324684176076,0.0687260295830332,0.7666111898402294,0.05268614331164388
1.089234164310304,0.0687260295830332,0.7103765949807815,0.04882136288174359
1.1671354349828413,0.0687260295830332,0.6576001641448908,0.045194248334829254
1.2506081504110058,0.0687260295830332,0.6081089035966952,0.04179291049829236
1.3400507764528888,0.0687260295830332,0.5617356240905309,0.03860585911908944
1.4358902769679147,0.0687260295830332,0.5183191481927089,0.035622017112144674
1.5385841519740941,0.0687260295830332,0.4777044415750695,0.03283072958363458
1.6486226215728734,0.0687260295830332,0.43974267730046435,0.030221768249073935
1.7665309660667667,0.0687260295830332,0.4042912415772742,0.02778533182880097
1.8928720334405786,0.0687260295830332,0.37121368889549844,0.025512042964658907
2.0282489261759444,0.0687260295830332,0.3403796538888554,0.023392942162628078
2.1733078802249692,0.0687260295830332,0.3116647267095092,0.021419479227825687
2.3287413498860743,0.0687260295830332,0.28495029816459305,0.019583502621353954
2.4952913133080123,0.0687260295830332,0.2601233803533887,0.01787724713340559
2.673752814401236,0.0687260295830332,0.2370764080645495,0.01629332023408348
2.8649777580643074,0.0687260295830332,0.21570702574530784,0.01482468743264013
3.0698789768422605,0.0687260295830332,0.1959178644380953,0.013464656947217227
3.289434588429555,0.0687260295830332,0.17761631269153955,0.012206863960468021
3.524692664818587,0.0687260295830332,0.1607142850880827,0.011045254711379602
3.776776235382502,0.0687260295830332,0.14512799168416998,0.009974070649812462
4.046888647774959,0.0687260295830332,0.13077771132526567,0.008987832857341583
4.336319312237784,0.0687260295830332,0.11758757147086495,0.008081326915503695
4.646449856737443,0.0687260295830332,0.10548533683866294,0.00724958838015017
4.978760722312678,0.0687260295830332,0.09440220884729023,0.006487888997942546
5.334838230116768,0.0687260295830332,0.08427263750005838,0.005791723777869245
5.716382153889739,0.0687260295830332,0.07503414700600314,0.005156799006872234
6.125213834008588,0.0687260295830332,0.06662717607914648,0.004579021274249383
6.563284871848655,0.0687260295830332,0.05899493349429379,0.004054487544577911
7.032686445959767,0.0687260295830332,0.05208326911186613,0.0035794762937631907
7.535659294528738,0.0687260295830332,0.04584056022122817,0.0031504396978669423
8.07460441178074,0.0687260295830332,0.04021761269928654,0.002763996840130138
8.652094509379817,0.0687260295830332,0.03516757614763168,0.0024169278786857072
9.270886297540766,0.0687260295830332,0.030645871866606108,0.002106169096502216
9.933933644477731,0.0687260295830332,0.02661013225786799,0.0018288087367626614
10.644401677007258,0.0687260295830332,0.023020150027058168,0.001582083511765462
11.405681889616837,0.0687260295830332,0.01983783539251186,0.001363375662049113
12.221408334123376,0.0687260295830332,0.01702717940015138,0.0011702104351704174
13.095474967204968,0.0687260295830332,0.014554221401943044,0.0010002538506279524
14.032054238615942,0.0687260295830332,0.012387018776203103,0.0008513106188589221
15.035617008818157,0.0687260295830332,0.010495617050463667,0.0007213220879023535
16.110953891107577,0.0687260295830332,0.008852018726857628,0.0006083641008915811
17.263198120114698,0.0687260295830332,0.007430149299026074,0.0005106446605312194
18.497850055844463,0.0687260295830332,0.006205819179492439,0.00042650131251675214
19.82080344022787,0.0687260295830332,0.005156680517046461,0.000354398177764786
21.23837353152414,0.0687260295830332,0.004262178163927139,0.0002929225825822147
22.757327250875505,0.0687260295830332,0.003503494341309314,0.00024078125574481332
24.384915484922956,0.0687260295830332,0.002863486837957009,0.0001967960811360596
26.12890769868241,0.0687260295830332,0.002326620850914709,0.00015989941342846618
27.997629023909713,0.0687260295830332,0.001878894829951941,0.00012912898166668522
30.0,0.0687260295830332,0.0015077609117961177,0.0001036224210282411
0.03,0.07364126747055089,9.532990615066394,0.7020215116783558
0.03214557915712819,0.07364126747055089,9.333047249437366,0.6872974288111062
0.034444608644906484,0.07364126747055089,9.127762649432237,0.6721800106745435
0.03690806312437145,0.07364126747055089,8.91742883759361,0.6566907621788347
0.0395477021566922,0.07364126747055089,8.702377031189405,0.6408540745833975
0.04237612633868262,0.07364126747055089,8.482976462383952,0.6246971386128042
0.045406837453086234,0.07364126747055089,8.259632595386709,0.608249813165353
0.04865430292076789,0.07364126747055089,8.03278473936289,0.591544449524782
0.052134024862481254,0.07364126747055089,7.802903071997721,0.5746156721717673
0.05586261409988602,0.07364126747055089,7.570485105333284,0.55750011852367
0.05985786944906639,0.07364126747055089,7.33605164216494,0.5402361411584424
0.06413886268506694,0.07364126747055089,7.10014228716449,0.5228634772480492
0.0687260295830332,0.07364126747055089,6.863310591256084,0.505422890984154
0.07364126747055089,0.07364126747055089,6.626118919915089,0.4879557956731448
0.07890803975686143,0.07364126747055089,6.389133145383668,0.4705038628641608
0.0845514879379336,0.07364126747055089,6.152917268823346,0.45310862631759147
0.09059855161206047,0.07364126747055089,5.918028080840788,0.43581108879942737
0.09707809707888847,0.07364126747055089,5.685009967502411,0.41865133958959283
0.10402105513575949,0.07364126747055089,5.454389963964923,0.4016681902250293
0.11146056872915173,0.07364126747055089,5.226673149452844,0.38489883538000347
0.11943215116604915,0.07364126747055089,5.002338465941628,0.3683785449486327
0.12797385564047778,0.07364126747055089,4.781835029128545,0.35214039238010464
0.13712645688446246,0.07364126747055089,4.56557898476468,0.336215023174982
0.1469336458105338,0.07364126747055089,4.353950946907514,0.32063046623487457
0.15744223807493174,0.07364126747055089,4.14729403786849,0.30541198952169446
0.1687023975571047,0.07364126747055089,3.94591253327211,0.2905820002780905
0.1807678758223073,0.07364126747055089,3.750071100335777,0.27615998893341004
0.1936962687103966,0.07364126747055089,3.55999460374174,0.2621625148078633
0.2075492912756809,0.07364126747055089,3.3758684416999203,0.24860323086061567
0.22239307239027523,0.07364126747055089,3.197839365255099,0.23549294402460744
0.23829847041728436,0.07364126747055089,3.0260167267043117,0.2228397071415931
0.2553414114607129,0.07364126747055089,2.8604740981671064,0.2106489381557067
0.27360325180677286,0.07364126747055089,2.7012511987923915,0.19892356203541672
0.29317116628674317,0.07364126747055089,2.548356068603059,0.1876641708581994
0.3141385644152698,0.07364126747055089,2.401767428321753,0.17686919759109937
0.33660553629058904,0.07364126747055089,2.2614371673937237,0.16653509931188618
0.3606793303852239,0.07364126747055089,2.1272929065118005,0.1566565459166411
0.38647486550794,0.07364126747055089,1.9992405859385454,0.1472266107270813
0.4141152793808653,0.07364126747055089,1.877167036510353,0.13823695982256026
0.4437325164504621,0.07364126747055089,1.7609424961226858,0.12967803735723024
0.47546795773833395,0.07364126747055089,1.650423040493834,0.12153924456456626
0.5094730957385232,0.07364126747055089,1.5454529028849053,0.11380911058448663
0.5459102575829949,0.07364126747055089,1.4458666630548722,0.10647545366077671
0.5849533799274136,0.07364126747055089,1.3514912909300412,0.09952553163949926
0.6267888392562115,0.07364126747055089,1.2621480351831098,0.09294618104634965
0.6716163415705015,0.07364126747055089,1.1776541510968423,0.08672394432872713
0.7196498757058468,0.07364126747055089,1.0978244657089458,0.08084518511498709
0.7711187348306588,0.07364126747055089,1.0224727812986811,0.07529619156897426
0.8262686110014498,0.07364126747055089,0.9514131208017065,0.07006326810395001
0.8853627679999155,0.07364126747055089,0.8844608207606068,0.0651328158688548
0.9486832980505137,0.07364126747055089,0.8214334789774199,0.06049140253464132
1.0165324684176076,0.07364126747055089,0.7621517651797716,0.05612582199275604
1.089234164310304,0.07364126747055089,0.7064401037955216,0.05202314463552973
1.1671354349828413,0.07364126747055089,0.6541272384039751,0.04817075892307994
1.2506081504110058,0.07364126747055089,0.6050466876451163,0.04455640495704487
1.3400507764528888,0.07364126747055089,0.5590371023695121,0.041168200781554976
1.4358902769679147,0.07364126747055089,0.5159425336441461,0.037994662119522266
1.5385841519740941,0.07364126747055089,0.4756126209328028,0.03502471623048226
1.6486226215728734,0.07364126747055089,0.4379027093781935,0.03224771054739846
1.7665309660667667,0.07364126747055089,0.4026739046565874,0.02965341671622686
1.8928720334405786,0.07364126747055089,0.3697930733792188,0.027232030625476102
2.0282489261759444,0.07364126747055089,0.33913279649872236,0.024974168974998316
2.1733078802249692,0.07364126747055089,0.310571282659478,0.022870862894998678
2.3287413498860743,0.07364126747055089,0.28399224792033356,0.02091354908866428
2.4952913133080123,0.07364126747055089,0.25928476778546117,0.01909405893552882
2.673752814401236,0.07364126747055089,0.23634310700957642,0.01740460595811325
2.8649777580643074,0.07364126747055089,0.2150665322001395,0.015837772021714318
3.0698789768422605,0.07364126747055089,0.19535911182171933,0.014386492606472493
3.289434588429555,0.07364126747055089,0.177129507814691,0.013044041461908695
3.524692664818587,0.07364126747055089,0.16029076266850995,0.011804014926730333
3.776776235382502,0.07364126747055089,0.1447600854344367,0.01066031617053715
4.046888647774959,0.07364126747055089,0.13045863981860542,0.009607139588726183
4.336319312237784,0.07364126747055089,0.11731133715825029,0.008638955556998685
4.646449856737443,0.07364126747055089,0.1052466367466147,0.007750495727033364
4.978760722312678,0.07364126747055089,0.09419635563105061,0.006936739019777331
5.334838230116768,0.07364126747055089,0.0840954896608226,0.006192898447179585
5.716382153889739,0.07364126747055089,0.07488204720434931,0.005514408866917905
6.125213834008588,0.07364126747055089,0.06649689659011858,0.004896915747754485
6.563284871848655,0.07364126747055089,0.05888362795333027,0.004336264995747601
7.032686445959767,0.07364126747055089,0.051988429795497476,0.0038284938639441867
7.535659294528738,0.07364126747055089,0.0457599801927557,0.0033698229408218334
8.07460441178074,0.07364126747055089,0.040149352228040704,0.0029566491861945034
8.652094509379817,0.07364126747055089,0.03510993288140024,0.002585539958192284
9.270886297540766,0.07364126747055089,0.03059735430088883,0.002253227951962965
9.933933644477731,0.07364126747055089,0.026569436103191915,0.001956606950616867
10.644401677007258,0.07364126747055089,0.02298613712708008,0.0016927282722900643
11.405681889616837,0.07364126747055089,0.01980951489142678,0.0014587977845814202
12.221408334123376,0.07364126747055089,0.01700369089838555,0.0012521733494345818
13.095474967204968,0.07364126747055089,0.01453481987460187,0.0010703625580218352
14.032054238615942,0.07364126747055089,0.012371061059631549,0.0009110206163868436
15.035617008818157,0.07364126747055089,0.01048254972892822,0.0007719482483613538
16.110953891107577,0.07364126747055089,0.008841367274150616,0.0006510894922411008
17.263198120114698,0.07364126747055089,0.007421508349106019,0.0005465292813714429
18.497850055844463,0.07364126747055089,0.006198843816492723,0.00045649071549851107
19.82080344022787,0.07364126747055089,0.005151078488490228,0.00037933194873270986
21.23837353152414,0.07364126747055089,0.004257702932152448,0.0003135426404367872
22.757327250875505,0.07364126747055089,0.0034999388972925282,0.000257739936466104
24.384915484922956,0.07364126747055089,0.0028606782092602317,0.00021066396915530927
26.12890769868241,0.07364126747055089,0.0023244152416828983,0.00017117288452539548
27.997629023909713,0.07364126747055089,0.0018771733360236557,0.00013823742372670432
30.0,0.07364126747055089,0.0015064257583100843,0.00011093510219224035
0.03,0.07890803975686143,9.070718699692874,0.7157526317786717
0.03214557915712819,0.07890803975686143,8.889063320999735,0.7014185619347059
0.034444608644906484,0.07890803975686143,8.702189312367183,0.6866727002320044
0.03690806312437145,0.07890803975686143,8.510333223650337,0.6715337123559395
0.0395477021566922,0.07890803975686143,8.313768761520691,0.6560231959634274
0.04237612633868262,0.07890803975686143,8.112806222347222,0.6401656359326875
0.045406837453086234,0.07890803975686143,7.907791376358059,0.6239883163146277
0.04865430292076789,0.07890803975686143,7.6991037883687214,0.6075211878248016
0.052134024862481254,0.07890803975686143,7.487154574306542,0.5907966908151476
0.05586261409988602,0.07890803975686143,7.272383607826966,0.5738495348535576
0.05985786944906639,0.07890803975686143,7.055256206947815,0.5567164372726816
0.06413886268506694,0.07890803975686143,6.83625934618574,0.5394358242770398
0.0687260295830332,0.07890803975686143,6.615897454484257,0.5220474993657621
0.07364126747055089,0.07890803975686143,6.394687872590074,0.5045922848830573
0.07890803975686143,0.07890803975686143,6.1731560548177145,0.4871116433988661
0.0845514879379336,0.07890803975686143,5.951830608778756,0.4696472863036188
0.09059855161206047,0.07890803975686143,5.731238272199055,0.45224077743872887
0.09707809707888847,0.07890803975686143,5.51189892811733,0.4349331397556842
0.10402105513575949,0.07890803975686143,5.294320758437367,0.4177644728923525
0.11146056872915173,0.07890803975686143,5.07899563106346,0.4007735891808811
0.11943215116604915,0.07890803975686143,4.866394807931163,0.38399767497681625
0.12797385564047778,0.07890803975686143,4.656965050560072,0.3674719833559084
0.13712645688446246,0.07890803975686143,4.451125186839059,0.35122956320586374
0.1469336458105338,0.07890803975686143,4.249263188236785,0.335301028594756
0.15744223807493174,0.07890803975686143,4.051733791190964,0.3197143710795155
0.1687023975571047,0.07890803975686143,3.8588566807541724,0.3044948163809806
0.1807678758223073,0.07890803975686143,3.6709152393129343,0.2896647256477735
0.1936962687103966,0.07890803975686143,3.4881558489301034,0.27524354040550536
0.2075492912756809,0.07890803975686143,3.310787723070726,0.2612477692785936
0.22239307239027523,0.07890803975686143,3.1389832325247187,0.24769101370818192
0.23829847041728436,0.07890803975686143,2.972878681477803,0.2345840291903763
0.2553414114607129,0.07890803975686143,2.8125754830237133,0.2219348180336089
0.27360325180677286,0.07890803975686143,2.658141678959607,0.20974874928271503
0.29317116628674317,0.07890803975686143,2.5096137463666146,0.19802870127266278
0.3141385644152698,0.07890803975686143,2.366998633071904,0.18677522224287446
0.33660553629058904,0.07890803975686143,2.230275965380538,0.17598670454502002
0.3606793303852239,0.07890803975686143,2.0994003741797536,0.16565956819134578
0.38647486550794,0.07890803975686143,1.974303889361316,0.15578844979384887
0.4141152793808653,0.07890803975686143,1.8548983571848767,0.1463663933136812
0.4437325164504621,0.07890803975686143,1.7410778404359424,0.13738503945290978
0.47546795773833395,0.07890803975686143,1.632720966759932,0.12883481095695395
0.5094730957385232,0.07890803975686143,1.5296931961549296,0.12070509153799362
0.5459102575829949,0.07890803975686143,1.4318489840925606,0.11298439656259741
0.5849533799274136,0.07890803975686143,1.3390338219593325,0.10566053405894912
0.6267888392562115,0.07890803975686143,1.2510861413574492,0.09872075498149196
0.6716163415705015,0.07890803975686143,1.167839073196613,0.09215189201741456
0.7196498757058468,0.07890803975686143,1.0891220563999158,0.08594048652647925
0.7711187348306588,0.07890803975686143,1.0147622944170547,0.08007290347162488
0.8262686110014498,0.07890803975686143,0.9445860605883892,0.07453543442268573
0.8853627679999155,0.07890803975686143,0.878419855752211,0.06931438890091196
0.9486832980505137,0.07890803975686143,0.8160914233664879,0.06439617448023646
1.0165324684176076,0.07890803975686143,0.7574306288654411,0.05976736617557879
1.089234164310304,0.07890803975686143,0.702270211036217,0.05541476573250528
1.1671354349828413,0.07890803975686143,0.6504464139298809,0.05132545149008699
1.2506081504110058,0.07890803975686143,0.6017995082624593,0.0474868195236338
1.3400507764528888,0.07890803975686143,0.5561742114628788,0.0438866167898539
1.4358902769679147,0.07890803975686143,0.513420015529627,0.04051296699738022
1.5385841519740941,0.07890803975686143,0.4733914317075286,0.03735438991373522
1.6486226215728734,0.07890803975686143,0.43594816072655573,0.03439981479854168
1.7665309660667667,0.07890803975686143,0.40095519698809484,0.031638588624656794
1.8928720334405786,0.07890803975686143,0.36828287466791704,0.029060479716067216
2.0282489261759444,0.07890803975686143,0.33780686325217596,0.026655677395643358
2.1733078802249692,0.07890803975686143,0.3094081195516238,0.024414788198675264
2.3287413498860743,0.07890803975686143,0.28297280276442127,0.022328829170645464
2.4952913133080123,0.07890803975686143,0.258392158690214,0.020389218730788652
2.673752814401236,0.07890803975686143,0.23556237874488753,0.018587765547222437
2.8649777580643074,0.07890803975686143,0.21438443899099674,0.016916655835154004
3.0698789768422605,0.07890803975686143,0.1947639239849612,0.015368439457007657
3.289434588429555,0.07890803975686143,0.17661083984826512,0.013936015172239592
3.524692664818587,0.07890803975686143,0.15983942059378156,0.012612615354927812
3.776776235382502,0.07890803975686143,0.14436793137634582,0.011391790468660538
4.046888647774959,0.07890803975686143,0.13011847198438223,0.010267393560445695
4.336319312237784,0.07890803975686143,0.11701678354185982,0.009233565007941123
4.646449856737443,0.07890803975686143,0.10499206104247598,0.008284717726894517
4.978760722312678,0.07890803975686143,0.09397677398659351,0.007415523017955703
5.334838230116768,0.07890803975686143,0.0839064970331174,0.006620897203748203
5.716382153889739,0.07890803975686143,0.07471975221157821,0.005895989178134049
6.125213834008588,0.07890803975686143,0.06635786386440258,0.005236168959992678
6.563284871848655,0.07890803975686143,0.05876482710780533,0.004637017313727792
7.032686445959767,0.07890803975686143,0.05188719021602836,0.004094316468438198
7.535659294528738,0.07890803975686143,0.04567395095376708,0.0036040419377127916
8.07460441178074,0.07890803975686143,0.04007646651311375,0.003162355412931306
8.652094509379817,0.07890803975686143,0.03504837636298616,0.0027655986754639545
9.270886297540766,0.07890803975686143,0.030545537000160154,0.0024102884480033194
9.933933644477731,0.07890803975686143,0.026525967311093464,0.00209311208317297
10.644401677007258,0.07890803975686143,0.02294980302143678,0.001810923969227672
11.405681889616837,0.07890803975686143,0.01977925853288156,0.0015607425186738588
12.221408334123376,0.07890803975686143,0.016978594330337046,0.0013397475964338577
13.095474967204968,0.07890803975686143,0.014514088089545522,0.001145278240004447
14.032054238615942,0.07890803975686143,0.012354007626743482,0.000974830524967644
15.035617008818157,0.07890803975686143,0.01046858390574122,0.0008260554350322679
16.110953891107577,0.07890803975686143,0.008829982449139248,0.0006967566061490684
17.263198120114698,0.07890803975686143,0.007412271682316179,0.0005848878285968633
18.497850055844463,0.07890803975686143,0.006191386962417628,0.0004885502085805638
19.82080344022787,0.07890803975686143,0.005145089299607816,0.0004059889110060559
21.23837353152414,0.07890803975686143,0.004252918053288404,0.0003355894268315551
22.757327250875505,0.07890803975686143,0.0034961371706342687,0.0002758733308558499
24.384915484922956,0.07890803975686143,0.0028576748177732733,0.0002254935181330352
26.12890769868241,0.07890803975686143,0.002322056525197181,0.0001832289286079387
27.997629023909713,0.07890803975686143,0.0018753322196553316,0.0001479787893458861
30.0,0.07890803975686143,0.0015049977374193054,0.00011875642129826904
0.03,0.0845514879379336,8.622684820231417,0.7290608315703998
0.03214557915712819,0.0845514879379336,8.457933511798714,0.7151308633026934
0.034444608644906484,0.0845514879379336,8.288126304139348,0.7007734112325084
0.03690806312437145,0.0845514879379336,8.113450354093818,0.6860042997491865
0.0395477021566922,0.0845514879379336,7.934127574741871,0.6708422919338136
0.04237612633868262,0.0845514879379336,7.750414580395367,0.6553090849082835
0.045406837453086234,0.0845514879379336,7.562602143534581,0.6394292639184549
0.04865430292076789,0.0845514879379336,7.371014138680996,0.6232302130370243
0.052134024862481254,0.0845514879379336,7.176005959794219,0.6067419813520806
0.05586261409988602,0.0845514879379336,6.977962410838936,0.5899971046114023
0.05985786944906639,0.0845514879379336,6.777295083262114,0.5730303834842534
0.06413886268506694,0.0845514879379336,6.574439248726549,0.55587862083738
0.0687260295830332,0.0845514879379336,6.36985030996893,0.5385803216497806
0.07364126747055089,0.0845514879379336,6.163999866451908,0.5211753603577328
0.07890803975686143,0.0845514879379336,5.9573714639209525,0.5037046214735023
0.0845514879379336,0.0845514879379336,5.750456107456653,0.4862096202072378
0.09059855161206047,0.0845514879379336,5.54374762560705,0.46873211049746255
0.09707809707888847,0.0845514879379336,5.3377379782845145,0.4513136882867732
0.10402105513575949,0.0845514879379336,5.132912603051517,0.4339953980433777
0.11146056872915173,0.0845514879379336,4.929745893098464,0.4168173504173925
0.11943215116604915,0.0845514879379336,4.728696895703288,0.3998183585392006
0.12797385564047778,0.0845514879379336,4.530205312492055,0.3830355998355347
0.13712645688446246,0.0845514879379336,4.3346878727758025,0.3665043093897103
0.1469336458105338,0.0845514879379336,4.142535139125841,0.3502575098482646
0.15744223807493174,0.0845514879379336,3.9541087907575294,0.33432578172701244
0.1687023975571047,0.0845514879379336,3.769739415856424,0.3187370767489373
0.1807678758223073,0.0845514879379336,3.5897248293409802,0.30351657560852463
0.1936962687103966,0.0845514879379336,3.4143289183186214,0.2886865903533548
0.2075492912756809,0.0845514879379336,3.2437810041970527,0.2742665104496652
0.22239307239027523,0.0845514879379336,3.0782756985076456,0.2602727905920033
0.23829847041728436,0.0845514879379336,2.9179732193218078,0.2467189774567011
0.2553414114607129,0.0845514879379336,2.763000126917093,0.2336157719035396
0.27360325180677286,0.0845514879379336,2.61345043118548,0.22097112260876647
0.29317116628674317,0.0845514879379336,2.469387019172053,0.20879034676561567
0.3141385644152698,0.0845514879379336,2.3308433489968983,0.197076273307924
0.33660553629058904,0.0845514879379336,2.1978253560787837,0.18582940408417992
0.3606793303852239,0.0845514879379336,2.0703135188242503,0.17504808851460946
0.38647486550794,0.0845514879379336,1.9482650335120635,0.16472870748089302
0.4141152793808653,0.0845514879379336,1.8316160517162323,0.15486586250361056
0.4437325164504621,0.0845514879379336,1.7202839379960317,0.1454525666332924
0.47546795773833395,0.0845514879379336,1.614169510476874,0.1364804338948656
0.5094730957385232,0.0845514879379336,1.513159232113009,0.12793986456217596
0.5459102575829949,0.0845514879379336,1.4171273256534866,0.11982022398150688
0.5849533799274136,0.0845514879379336,1.3259377904524474,0.11211001309589044
0.6267888392562115,0.0845514879379336,1.2394463041349364,0.10479702923378147
0.6716163415705015,0.0845514879379336,1.1575019966459512,0.0978685161075442
0.7196498757058468,0.0845514879379336,1.079949088301637,0.09131130231311825
0.7711187348306588,0.0845514879379336,1.0066283870843349,0.08511192792854269
0.8262686110014498,0.0845514879379336,0.9373786435593398,0.07925675907418407
0.8853627679999155,0.0845514879379336,0.8720377644425438,0.07373209052168632
0.9486832980505137,0.0845514879379336,0.8104438880325017,0.06852423662335208
1.0165324684176076,0.0845514879379336,0.7524363264675301,0.06361961098138244
1.089234164310304,0.0845514879379336,0.6978563811159944,0.059004795390338996
1.1671354349828413,0.0845514879379336,0.6465480383988104,0.05466659866997165
1.2506081504110058,0.0845514879379336,0.5983585540224668,0.05059210606298999
1.3400507764528888,0.0845514879379336,0.5531389340139273,0.04676871990728003
1.4358902769679147,0.0845514879379336,0.5107443211394351,0.04318419230818903
1.5385841519740941,0.0845514879379336,0.4710342952988394,0.03982665053731287
1.6486226215728734,0.0845514879379336,0.4338730963532621,0.036684615872906744
1.7665309660667667,0.0845514879379336,0.3991297776005612,0.033747016576463965
1.8928720334405786,0.0845514879379336,0.3666782977895343,0.031003195672653836
2.0282489261759444,0.0845514879379336,0.33639755918532244,0.028442914167808097
2.1733078802249692,0.0845514879379336,0.3081713987857925,0.026056350307253062
2.3287413498860743,0.0845514879379336,0.2818885393585314,0.023834095435414593
2.4952913133080123,0.0845514879379336,0.25744250653332945,0.0217671469858642
2.673752814401236,0.0845514879379336,0.2347315177549095,0.019846899092107077
2.8649777580643074,0.0845514879379336,0.21365834848129048,0.018065131274454645
3.0698789768422605,0.0845514879379336,0.19413018060778098,0.016413995624047665
3.289434588429555,0.0845514879379336,0.17605843770603222,0.014886002872073019
3.524692664818587,0.0845514879379336,0.15935861129071702,0.013474007700352909
3.776776235382502,0.0845514879379336,0.14395008196057849,0.012171193618554404
4.046888647774959,0.0845514879379336,0.1297559389022136,0.010971057702965761
4.336319312237784,0.0845514879379336,0.11670280088979493,0.009867395461756563
4.646449856737443,0.0845514879379336,0.10472064155790921,0.008854286061536229
4.978760722312678,0.0845514879379336,0.09374262136408036,0.007926078119535317
5.334838230116768,0.0845514879379336,0.08370492828971499,0.007077376234633433
5.716382153889739,0.0845514879379336,0.07454662895179166,0.0063030283986310245
6.125213834008588,0.0845514879379336,0.06620953141299886,0.005598114396642409
6.563284871848655,0.0845514879379336,0.058638060587440984,0.004957935272462836
7.032686445959767,0.0845514879379336,0.051779146746636084,0.004378003901584695
7.535659294528738,0.0845514879379336,0.04558212724235448,0.003854036681717289
8.07460441178074,0.0845514879379336,0.03999866118644735,0.003381946318839396
8.652094509379817,0.0845514879379336,0.03498265647196266,0.0029578356567260254
9.270886297540766,0.0845514879379336,0.030490208193888514,0.002577992470330649
9.933933644477731,0.0845514879379336,0.026479547241192287,0.0022388851191656126
10.644401677007258,0.0845514879379336,0.022910997593144734,0.0019371589366428028
11.405681889616837,0.0845514879379336,0.01974694066962942,0.0016696332158392623
12.221408334123376,0.0845514879379336,0.016951784962781352,0.0014332986418070517
13.095474967204968,0.0845514879379336,0.014491939119065473,0.0012253150156229325
14.032054238615942,0.0845514879379336,0.012335786647413905,0.0010430091159237393
15.035617008818157,0.0845514879379336,0.010453660498190402,0.0008838725495199987
16.110953891107577,0.0845514879379336,0.008817815884870418,0.0007455594534285405
17.263198120114698,0.0845514879379336,0.007402399898418531,0.0006258839257228953
18.497850055844463,0.0845514879379336,0.006183416684528128,0.0005228170812170974
19.82080344022787,0.0845514879379336,0.005138687205922222,0.00043448364930834645
21.23837353152414,0.0845514879379336,0.004247802884766189,0.00035915805437402795
22.757327250875505,0.0845514879379336,0.0034920727026909004,0.00029525994299995685
24.384915484922956,0.0845514879379336,0.00285446361707572,0.00024134914608844806
26.12890769868241,0.0845514879379336,0.0023195344220168336,0.00019612008670477808
27.997629023909713,0.0845514879379336,0.001873363431894359,0.0001583956656151818
30.0,0.0845514879379336,0.001503470587181605,0.00012712067521712341
0.03,0.09059855161206047,8.18925996314906,0.7419350914359407
0.03214557915712819,0.09059855161206047,8.040090640825012,0.7284205668884293
0.034444608644906484,0.09059855161206047,7.886059731106228,0.7144655895644194
0.03690806312437145,0.09059855161206047,7.727310902966112,0.7000831756648128
0.0395477021566922,0.09059855161206047,7.564019937976838,0.685289250745449
0.04237612633868262,0.09059855161206047,7.396395090799554,0.6701026823769941
0.045406837453086234,0.09059855161206047,7.224677025257322,0.654545274353243
0.04865430292076789,0.09059855161206047,7.049138293701925,0.6386417195225058
0.052134024862481254,0.09059855161206047,6.870082336603544,0.6224195091518812
0.05586261409988602,0.09059855161206047,6.687841990166947,0.6059087977194454
0.05985786944906639,0.09059855161206047,6.50277750200976,0.5891422231375769
0.06413886268506694,0.09059855161206047,6.315274068124963,0.5721546836053266
0.0687260295830332,0.09059855161206047,6.125738917999374,0.5549830735243738
0.07364126747055089,0.09059855161206047,5.934597988314279,0.5376659821411215
0.07890803975686143,0.09059855161206047,5.742292238518242,0.5202433597429292
0.0845514879379336,0.09059855161206047,5.549273673139084,0.5027561572853397
0.09059855161206047,0.09059855161206047,5.356001145430868,0.48524594620857353
0.09707809707888847,0.09059855161206047,5.162936024346618,0.46775452587153343
0.10402105513575949,0.09059855161206047,4.97053781150914,0.45032352645570894
0.11146056872915173,0.09059855161206047,4.779259796577675,0.4329940153476881
0.11943215116604915,0.09059855161206047,4.589544838086527,0.41580611488924796
0.12797385564047778,0.09059855161206047,4.401821352532564,0.3987986389944913
0.13712645688446246,0.09059855161206047,4.21649958743535,0.3820087554944932
0.1469336458105338,0.09059855161206047,4.033968244648668,0.3654716802142154
0.15744223807493174,0.09059855161206047,3.854591508839207,0.34922040775697893
0.1687023975571047,0.09059855161206047,3.67870652331996,0.3332854828186269
0.1807678758223073,0.09059855161206047,3.506621341926856,0.317694814630513
0.1936962687103966,0.09059855161206047,3.338613371954268,0.302473535891714
0.2075492912756809,0.09059855161206047,3.1749283098838226,0.2876439063476014
0.22239307239027523,0.09059855161206047,3.01577955925307,0.2732252600495862
0.23829847041728436,0.09059855161206047,2.861348108931608,0.2592339943271119
0.2553414114607129,0.09059855161206047,2.7117828406159177,0.24568359764624118
0.27360325180677286,0.09059855161206047,2.5672012267254574,0.2325847128380313
0.29317116628674317,0.09059855161206047,2.4276903741790385,0.21994523166316202
0.3141385644152698,0.09059855161206047,2.2933083657503937,0.2077704163368071
0.33660553629058904,0.09059855161206047,2.164085848756829,0.19606304346152525
0.3606793303852239,0.09059855161206047,2.040027820567275,0.18482356579170348
0.38647486550794,0.09059855161206047,1.9211155616170392,0.17405028736189387
0.4141152793808653,0.09059855161206047,1.8073086690446254,0.16373954773136382
0.4437325164504621,0.09059855161206047,1.6985471474645728,0.15388591140508717
0.47546795773833395,0.09059855161206047,1.5947535175027836,0.1444823588639909
0.5094730957385232,0.09059855161206047,1.4958349073032615,0.13552047605243622
0.5459102575829949,0.09059855161206047,1.401685097045533,0.1269906396085357
0.5849533799274136,0.09059855161206047,1.3121864913965682,0.11888219556544054
0.6267888392562115,0.09059855161206047,1.22721199959809,0.11118362968452748
0.6716163415705015,0.09059855161206047,1.1466268074311532,0.10388272799282346
0.7196498757058468,0.09059855161206047,1.070290029508631,0.09696672647831142
0.7711187348306588,0.09059855161206047,0.9980562341564959,0.090422449241966
0.8262686110014498,0.09059855161206047,0.9297768365173426,0.08423643471091477
0.8853627679999155,0.09059855161206047,0.8653013584278185,0.07839504978150875
0.9486832980505137,0.09059855161206047,0.8044785560880435,0.07288459198453849
1.0165324684176076,0.09059855161206047,0.7471574185727,0.06769137994889263
1.089234164310304,0.09059855161206047,0.693188041858404,0.06280183258717176
1.1671354349828413,0.09059855161206047,0.6424223842957313,0.058202537540359756
1.2506081504110058,0.09059855161206047,0.5947149103770558,0.05388030950225761
1.3400507764528888,0.09059855161206047,0.5499231302853582,0.04982223910182389
1.4358902769679147,0.09059855161206047,0.5079080430966711,0.0460157330566744
1.5385841519740941,0.09059855161206047,0.4685344916908158,0.04244854632748089
1.6486226215728734,0.09059855161206047,0.43167143743978714,0.039108807004340884
1.7665309660667667,0.09059855161206047,0.3971921626256457,0.03598503464554548
1.8928720334405786,0.09059855161206047,0.36497440832115563,0.03306615276936545
2.0282489261759444,0.09059855161206047,0.3349004551738127,0.030341496172967213
2.1733078802249692,0.09059855161206047,0.30685715419018944,0.027800813721429875
2.3287413498860743,0.09059855161206047,0.2807359142415117,0.025434267215768577
2.4952913133080123,0.09059855161206047,0.256432652617979,0.023232426913227543
2.673752814401236,0.09059855161206047,0.23384771455971515,0.02118626423690074
2.8649777580643074,0.09059855161206047,0.21288576729428585,0.019287142175684453
3.0698789768422605,0.09059855161206047,0.19345567371926806,0.017526803840101038
3.289434588429555,0.09059855161206047,0.17547035048568888,0.015897359604864023
3.524692664818587,0.09059855161206047,0.15884661486438084,0.0143912732351917
3.776776235382502,0.09059855161206047,0.14350502441084959,0.013001347360676355
4.046888647774959,0.09059855161206047,0.12936971308241588,0.011720708627734708
4.336319312237784,0.09059855161206047,0.11636822710072446,0.01054279282898896
4.646449856737443,0.09059855161206047,0.1044313634897337,0.009461330275042486
4.978760722312678,0.09059855161206047,0.09349301385079702,0.008470331640728518
5.334838230116768,0.09059855161206047,0.08349001556017621,0.007564074483820357
5.716382153889739,0.09059855161206047,0.07436201218921434,0.006737090599301205
6.125213834008588,0.09059855161206047,0.06605132455405376,0.005984154336655396
6.563284871848655,0.09059855161206047,0.058502833402592734,0.005300271971476573
7.032686445959767,0.09059855161206047,0.05166387434559451,0.004680672186378351
7.535659294528738,0.09059855161206047,0.045484145242586045,0.004120797680290887
8.07460441178074,0.09059855161206047,0.03991562586899556,0.0036162978904198907
8.652094509379817,0.09059855161206047,0.03491250932766165,0.0031630227782286965
9.270886297540766,0.09059855161206047,0.030431144334749086,0.002757017600625827
9.933933644477731,0.09059855161206047,0.02642998721661421,0.0023945185609505213
10.644401677007258,0.09059855161206047,0.022869562208978244,0.002071949212135343
11.405681889616837,0.09059855161206047,0.019712428460289456,0.001785917467258584
12.221408334123376,0.09059855161206047,0.01692315201293262,0.001533213061082421
13.095474967204968,0.09059855161206047,0.01446828097218068,0.0013108053003959039
14.032054238615942,0.09059855161206047,0.012316322074114488,0.0011158409411024211
15.035617008818157,0.09059855161206047,0.010437716928082461,0.0009456420358209561
16.110953891107577,0.09059855161206047,0.008804816331982185,0.000797703606887801
17.263198120114698,0.09059855161206047,0.0073918512327412296,0.000669691015418179
18.497850055844463,0.09059855161206047,0.006174899120983433,0.0005594369167116844
19.82080344022787,0.09059855161206047,0.005131844897755135,0.0004649377148343578
21.23837353152414,0.09059855161206047,0.004242335521316743,0.00038434945368369237
22.757327250875505,0.09059855161206047,0.003487728022143135,0.0003159831072229644
24.384915484922956,0.09059855161206047,0.002851030753507287,0.0002582992568692016
26.12890769868241,0.09059855161206047,0.0023168380132372597,0.0002099021683190595
27.997629023909713,0.09059855161206047,0.0018712584204886693,0.00016953330258814546
30.0,0.09059855161206047,0.00150183765215316,0.0001360643160415338
0.03,0.09707809707888847,7.770723994868628,0.7543670983471046
0.03214557915712819,0.09707809707888847,7.635879926951039,0.7412766928312887
0.034444608644906484,0.09707809707888847,7.496392466307005,0.7277355155855996
0.03690806312437145,0.09707809707888847,7.352367432803761,0.7137538394013815
0.0395477021566922,0.09707809707888847,7.20393997713539,0.6993447844508349
0.04237612633868262,0.09707809707888847,7.051275266705857,0.6845243848712363
0.045406837453086234,0.09707809707888847,6.894568810862169,0.6693116203379542
0.04865430292076789,0.09707809707888847,6.734046388613058,0.6537284090475167
0.052134024862481254,0.09707809707888847,6.569963548908809,0.637799559205728
0.05586261409988602,0.09707809707888847,6.402604662219663,0.6215526769567044
0.05985786944906639,0.09707809707888847,6.232281512352752,0.6050180296791423
0.06413886268506694,0.09707809707888847,6.059331428907683,0.58822836468866
0.0687260295830332,0.09707809707888847,5.884114973110107,0.5712186845829241
0.07364126747055089,0.09707809707888847,5.707013202519054,0.5540259817046429
0.07890803975686143,0.09707809707888847,5.528424552754541,0.5366889354256159
0.0845514879379336,0.09707809707888847,5.3487613863806684,0.5192475771188726
0.09059855161206047,0.09707809707888847,5.16844626984855,0.5017429287313766
0.09707809707888847,0.09707809707888847,4.98790804843164,0.4842166217462159
0.10402105513575949,0.09707809707888847,4.807577795920683,0.4667105039866968
0.11146056872915173,0.09707809707888847,4.627884720137072,0.44926624213137123
0.11943215116604915,0.09707809707888847,4.449252106848039,0.43192492795704296
0.12797385564047778,0.09707809707888847,4.272093383345385,0.41472669619848035
0.13712645688446246,0.09707809707888847,4.096808378850055,0.3977103615156093
0.1469336458105338,0.09707809707888847,3.923779852241652,0.38091308141210173
0.15744223807493174,0.09707809707888847,3.7533703487262136,0.3643700510866648
0.1687023975571047,0.09707809707888847,3.5859194363930285,0.3481142351632354
0.1807678758223073,0.09707809707888847,3.421741361690065,0.33217614008899615
0.1936962687103966,0.09707809707888847,3.2611231502232507,0.3165836297635833
0.2075492912756809,0.09707809707888847,3.1043231665151216,0.3013617857231974
0.22239307239027523,0.09707809707888847,2.951570133969704,0.2865328120006588
0.23829847041728436,0.09707809707888847,2.8030626047496052,0.2721159836620841
0.2553414114607129,0.09707809707888847,2.6589688589635276,0.25812763702020264
0.27360325180677286,0.09707809707888847,2.519427203777935,0.2445811986715469
0.29317116628674317,0.09707809707888847,2.3845466359934737,0.23148724981811133
0.3141385644152698,0.09707809707888847,2.2544078263535794,0.2188536218221587
0.33660553629058904,0.09707809707888847,2.1290643803746914,0.2066855186052178
0.3606793303852239,0.09707809707888847,2.008544328720241,0.19498566133075443
0.38647486550794,0.09707809707888847,1.8928517999349637,0.1837544507900352
0.4141152793808653,0.09707809707888847,1.781968829515765,0.1729901430232847
0.4437325164504621,0.09707809707888847,1.675857261594224,0.16268903393140427
0.47546795773833395,0.09707809707888847,1.5744607027038588,0.15284564894398017
0.5094730957385232,0.09707809707888847,1.4777064909631694,0.14345293418382618
0.5459102575829949,0.09707809707888847,1.3855076482957487,0.13450244598479713
0.5849533799274136,0.09707809707888847,1.297764787824757,0.12598453605801485
0.6267888392562115,0.09707809707888847,1.2143679531408649,0.11788853004449996
0.6716163415705015,0.09707809707888847,1.1351983706002267,0.1102028976249248
0.7196498757058468,0.09707809707888847,1.0601301000431749,0.10291541276824306
0.7711187348306588,0.09707809707888847,0.9890315732460893,0.09601330308166965
0.8262686110014498,0.09707809707888847,0.9217670129675393,0.08948338756897982
0.8853627679999155,0.09707809707888847,0.8581977285892189,0.08331220240886578
0.9486832980505137,0.09707809707888847,0.7981832870678163,0.07748611462871577
1.0165324684176076,0.09707809707888847,0.7415825602085129,0.07199142377193266
1.089234164310304,0.09707809707888847,0.688254651160747,0.06681445184037951
1.1671354349828413,0.09707809707888847,0.6380597045487476,0.061941621940310214
1.2506081504110058,0.09707809707888847,0.5908596058166244,0.057359526173460046
1.3400507764528888,0.09707809707888847,0.5465185762280939,0.0530549833984868
1.4358902769679147,0.09707809707888847,0.5049036705536789,0.04901508754549717
1.5385841519740941,0.09707809707888847,0.46588518484296465,0.04522724720180122
1.6486226215728734,0.09707809707888847,0.4293369818541783,0.0416792172039969
1.7665309660667667,0.09707809707888847,0.3951367417336189,0.03835912297345194
1.8928720334405786,0.09707809707888847,0.3631661454355428,0.03525547832235735
2.0282489261759444,0.09707809707888847,0.33331099817773696,0.03235719743855957
2.1733078802249692,0.09707809707888847,0.30546129996386734,0.029653601731735785
2.3287413498860743,0.09707809707888847,0.2795112698915462,0.027134422193174912
2.4952913133080123,0.09707809707888847,0.25535933062177907,0.024789797888101046
2.673752814401236,0.09707809707888847,0.23290805902411066,0.0226102711643981
2.8649777580643074,0.09707809707888847,0.21206410864206707,0.020586780125702538
3.0698789768422605,0.09707809707888847,0.1927381092518836,0.018710648880755767
3.289434588429555,0.09707809707888847,0.17484454841777775,0.01697357604501544
3.524692664818587,0.09707809707888847,0.15830163958061613,0.015367621934954266
3.776776235382502,0.09707809707888847,0.14303118085331715,0.013885194860186377
4.046888647774959,0.09707809707888847,0.12895840833400612,0.012519036883387586
4.336319312237784,0.09707809707888847,0.11601184738418925,0.011262209382663518
4.646449856737443,0.09707809707888847,0.10412316495125756,0.010108078715299298
4.978760722312678,0.09707809707888847,0.09322702563982181,0.009050302245438646
5.334838230116768,0.09707809707888847,0.08326095385292256,0.008082814961014869
5.716382153889739,0.09707809707888847,0.07416520393133647,0.007199816867121843
6.125213834008588,0.09707809707888847,0.06588263981788406,0.006395761304053991
6.563284871848655,0.09707809707888847,0.05835862536641046,0.005665344298710877
7.032686445959767,0.09707809707888847,0.051540926006354675,0.005003495018380707
7.535659294528738,0.09707809707888847,0.045379622069723714,0.004405367356687908
8.07460441178074,0.09707809707888847,0.03982703369548388,0.003866332643454346
8.652094509379817,0.09707809707888847,0.034837656855686974,0.0033819734342373847
9.270886297540766,0.09707809707888847,0.030368109707426275,0.0029480783022798633
9.933933644477731,0.09707809707888847,0.026377088174361015,0.0025606375264490195
10.644401677007258,0.09707809707888847,0.022825329409770213,0.002215839544299281
11.405681889616837,0.09707809707888847,0.019675581597305546,0.0019100680203868192
12.221408334123376,0.09707809707888847,0.016892578411373472,0.0016398993669320494
13.095474967204968,0.09707809707888847,0.014443016389613143,0.0014021005471828419
14.032054238615942,0.09707809707888847,0.01229553346590977,0.0011936269914403106
15.035617008818157,0.09707809707888847,0.010420686971740539,0.0010116204614713364
16.110953891107577,0.09707809707888847,0.008790929531767978,0.0008534067104986392
17.263198120114698,0.09707809707888847,0.007380581449517,0.0007164928024548546
18.497850055844463,0.09707809707888847,0.006165798391842325,0.0005985639748521237
19.82080344022787,0.09707809707888847,0.005124533426485853,0.0004974799534604026
21.23837353152414,0.09707809707888847,0.00423649273430084,0.0004112706529344626
22.757327250875505,0.09707809707888847,0.0034830845954336807,0.0003381312244894918
24.384915484922956,0.09707809707888847,0.0028473615259690813,0.0002764164386367185
26.12890769868241,0.09707809707888847,0.002313955708122142,0.00022463441686932943
27.997629023909713,0.09707809707888847,0.0018690081040160687,0.00018143975016290118
30.0,0.09707809707888847,0.0015000918628656496,0.00014562606349052218
0.03,0.10402105513575949,7.367269387802942,0.7663511351886428
0.03214557915712819,0.10402105513575949,7.245561612568579,0.7536909639905387
0.034444608644906484,0.10402105513575949,7.119445682798386,0.7405722519064157
0.03690806312437145,0.10402105513575949,6.988994871437774,0.727002620865369
0.0395477021566922,0.10402105513575949,6.85430895186212,0.7129924493991794
0.04237612633868262,0.10402105513575949,6.715515127347528,0.698554969326844
0.045406837453086234,0.10402105513575949,6.572768661505603,0.6837063313330665
0.04865430292076789,0.10402105513575949,6.426253170573047,0.6684656353725281
0.052134024862481254,0.10402105513575949,6.27618054330203,0.6528549223368014
0.05586261409988602,0.10402105513575949,6.122790460735552,0.636899124100875
0.05985786944906639,0.10402105513575949,5.966349496294814,0.6206259699132938
0.06413886268506694,0.10402105513575949,5.807149786180399,0.6040658480898853
0.0687260295830332,0.10402105513575949,5.645507270828766,0.5872516230882101
0.07364126747055089,0.10402105513575949,5.4817595197133215,0.5702184092410739
0.07890803975686143,0.10402105513575949,5.3162631637016435,0.5530033036676159
0.0845514879379336,0.10402105513575949,5.149390970987424,0.535645082108665
0.09059855161206047,0.10402105513575949,4.981528613786521,0.5181838625950512
0.09707809707888847,0.10402105513575949,4.813071183001759,0.5006607428993611
0.10402105513575949,0.10402105513575949,4.6444195164343,0.48311741859260976
0.11146056872915173,0.10402105513575949,4.47597641243132,0.4655957891838773
0.11943215116604915,0.10402105513575949,4.308142804786489,0.4481375602294209
0.12797385564047778,0.10402105513575949,4.141313976047272,0.4307838494369046
0.13712645688446246,0.10402105513575949,3.9758758850608484,0.41357480465285107
0.1469336458105338,0.10402105513575949,3.812201680678071,0.3965492412144486
0.15744223807493174,0.10402105513575949,3.650648467235532,0.3797443054915831
0.1687023975571047,0.10402105513575949,3.491554379072492,0.36319517057500217
0.1807678758223073,0.10402105513575949,3.3352360113311232,0.34693476902544534
0.1936962687103966,0.10402105513575949,3.1819862431207997,0.3309935664368969
0.2075492912756809,0.10402105513575949,3.032072477319889,0.315399378338911
0.22239307239027523,0.10402105513575949,2.8857353093620906,0.300177231722362
0.23829847041728436,0.10402105513575949,2.7431876257992096,0.28534927127099274
0.2553414114607129,0.10402105513575949,2.604614122682162,0.27093470926289903
0.27360325180677286,0.10402105513575949,2.470171224214442,0.25694981710877696
0.29317116628674317,0.10402105513575949,2.3399873739747394,0.24340795564520745
0.3141385644152698,0.10402105513575949,2.2141636644512177,0.2303196406194754
0.33660553629058904,0.10402105513575949,2.0927747657581417,0.21769263929565383
0.3606793303852239,0.10402105513575949,1.9758701112095924,0.20553209377923226
0.38647486550794,0.10402105513575949,1.8634752958234633,0.1938406664909782
0.4141152793808653,0.10402105513575949,1.755593643680967,0.18261870320532675
0.4437325164504621,0.10402105513575949,1.6522079011878612,0.1718644091852
0.47546795773833395,0.10402105513575949,1.5532820154616278,0.1615740341717176
0.5094730957385232,0.10402105513575949,1.4587629600796208,0.15174206230044596
0.5459102575829949,0.10402105513575949,1.368582574043305,0.14236140339239828
0.5849533799274136,0.10402105513575949,1.2826593838312192,0.13342358248590655
0.6267888392562115,0.10402105513575949,1.2009003826360125,0.12491892491473533
0.6716163415705015,0.10402105513575949,1.123202745141538,0.11683673468100433
0.7196498757058468,0.10402105513575949,1.0494554603554451,0.1091654643041576
0.7711187348306588,0.10402105513575949,0.9795408689606426,0.10189287473788478
0.8262686110014498,0.10402105513575949,0.9133360953034864,0.09500618432704323
0.8853627679999155,0.10402105513575949,0.8507143674414204,0.08849220612040674
0.9486832980505137,0.10402105513575949,0.791546221595402,0.08233747315907741
1.0165324684176076,0.10402105513575949,0.7357005898796753,0.07652835162328449
1.089234164310304,0.10402105513575949,0.6830457723164948,0.07105114194238153
1.1671354349828413,0.10402105513575949,0.6334502959020657,0.06589216815579194
1.2506081504110058,0.10402105513575949,0.5867836648973549,0.06103785595905078
1.3400507764528888,0.10402105513575949,0.542917007605026,0.05647479998222397
1.4358902769679147,0.10402105513575949,0.5017236256967547,0.05218982093151527
1.5385841519740941,0.10402105513575949,0.46307945271050266,0.04817001328263652
1.6486226215728734,0.10402105513575949,0.4268634286816352,0.044402784250331714
1.7665309660667667,0.10402105513575949,0.3929577980404195,0.04087588477598912
1.8928720334405786,0.10402105513575949,0.36124833793425787,0.03757743327796091
2.0282489261759444,0.10402105513575949,0.3316245240457875,0.03449593290013686
2.1733078802249692,0.10402105513575949,0.3039796408039094,0.03162028297621182
2.3287413498860743,0.10402105513575949,0.2782108426463535,0.028939785402282443
2.4952913133080123,0.10402105513575949,0.254219172708243,0.02644414658085131
2.673752814401236,0.10402105513575949,0.23190954499617172,0.024123475566555676
2.8649777580643074,0.10402105513575949,0.2111906957730347,0.02196827900916625
3.0698789768422605,0.10402105513575949,0.19197510953339117,0.01996945345346635
3.289434588429555,0.10402105513575949,0.1741789245978115,0.018118275519076243
3.524692664818587,0.10402105513575949,0.1577218230002873,0.016406390446425386
3.776776235382502,0.10402105513575949,0.1425269089861716,0.01482579945797993
4.046888647774959,0.10402105513575949,0.12852058007862216,0.01336884634643815
4.336319312237784,0.10402105513575949,0.11563239430744084,0.012028203663734185
4.646449856737443,0.10402105513575949,0.10379493682353272,0.01079685884613337
4.978760722312678,0.10402105513575949,0.092943688742932,0.009668100571249399
5.334838230116768,0.10402105513575949,0.0830169006751793,0.008635505602332696
5.716382153889739,0.10402105513575949,0.07395547299147624,0.007692926333637522
6.125213834008588,0.10402105513575949,0.06570284447967369,0.006834479208196367
6.563284871848655,0.10402105513575949,0.05820489061857987,0.0060545341362061465
7.032686445959767,0.10402105513575949,0.051409832287869425,0.005347704998936614
7.535659294528738,0.10402105513575949,0.0452681553183306,0.004708841280262191
8.07460441178074,0.10402105513575949,0.03973254088802398,0.004133020826396961
8.652094509379817,0.10402105513575949,0.03475780639200663,0.003615543695100975
9.270886297540766,0.10402105513575949,0.030300856065996744,0.0031519270195017597
9.933933644477731,0.10402105513575949,0.02632064033713511,0.0027379007797176265
10.644401677007258,0.10402105513575949,0.022778122616573235,0.0023694043485876543
11.405681889616837,0.10402105513575949,0.019636252046414598,0.0020425836567797627
12.221408334123376,0.10402105513575949,0.016859940573146794,0.001753788807944931
13.095474967204968,0.10402105513575949,0.014416042644381975,0.0014995719667507173
14.032054238615942,0.10402105513575949,0.012273335816166799,0.0012766853416331782
15.035617008818157,0.10402105513575949,0.010402500612312404,0.0010820790897431206
16.110953891107577,0.10402105513575949,0.008776098090540068,0.0009128989833529019
17.263198120114698,0.10402105513575949,0.007368543735810498,0.0007664836942129989
18.497850055844463,0.10402105513575949,0.006156076510171659,0.00064036157408452
19.82080344022787,0.10402105513575949,0.005116722130606288,0.0005322468348621574
21.23837353152414,0.10402105513575949,0.004230249910649262,0.00044003505919368855
22.757327250875505,0.10402105513575949,0.003478122776718436,0.0003617980011259693
24.384915484922956,0.10402105513575949,0.002843440345203925,0.00029577766492370046
26.12890769868241,0.10402105513575949,0.002310875211221458,0.0002403796777583271
27.997629023909713,0.10402105513575949,0.001866602845532084,0.00019416599751165845
30.0,0.10402105513575949,0.001498225714869143,0.0001558470196922158
0.03,0.11146056872915173,6.979005722745585,0.7778839470212275
0.03214557915712819,0.11146056872915173,6.869314447779577,0.7656576951288905
0.034444608644906484,0.11146056872915173,6.75546131068536,0.752967559716771
0.03690806312437145,0.11146056872915173,6.637491953099109,0.7398186280275948
0.0395477021566922,0.11146056872915173,6.51547571212016,0.7262186284138878
0.04237612633868262,0.11146056872915173,6.389506720975195,0.7121780530186327
0.045406837453086234,0.11146056872915173,6.259704768385426,0.6977102535608225
0.04865430292076789,0.11146056872915173,6.126215877205052,0.6828315058308343
0.052134024862481254,0.11146056872915173,5.989212565923727,0.6675610388376407
0.05586261409988602,0.11146056872915173,5.8488937612173455,0.6519210250616727
0.05985786944906639,0.11146056872915173,5.705484335894795,0.6359365289541005
0.06413886268506694,0.11146056872915173,5.559234254246264,0.6196354116768703
0.0687260295830332,0.11146056872915173,5.410417315787514,0.6030481910797268
0.07364126747055089,0.11146056872915173,5.259329498461331,0.5862078570325042
0.07890803975686143,0.11146056872915173,5.106286913165867,0.5691496434356922
0.0845514879379336,0.11146056872915173,4.951623392623114,0.5519107594743441
0.09059855161206047,0.11146056872915173,4.795687748619173,0.5345300839085183
0.09707809707888847,0.11146056872915173,4.638840742055381,0.517047827353453
0.10402105513575949,0.11146056872915173,4.481451819559894,0.49950516854043764
0.11146056872915173,0.11146056872915173,4.323895678171033,0.4819438714144646
0.11943215116604915,0.11146056872915173,4.166548725426906,0.4644058905738052
0.12797385564047778,0.11146056872915173,4.009785505782168,0.44693297295638984
0.13712645688446246,0.11146056872915173,3.8539751654351333,0.42956626380742663
0.1469336458105338,0.11146056872915173,3.6994780263260925,0.412345924815306
0.15744223807493174,0.11146056872915173,3.546642336329751,0.3953107718862015
0.1687023975571047,0.11146056872915173,3.395801256705348,0.37849793936354625
0.1807678758223073,0.11146056872915173,3.2472701399927546,0.3619425766207846
0.1936962687103966,0.11146056872915173,3.1013441421455368,0.34567758190836473
0.2075492912756809,0.11146056872915173,2.958296202228098,0.32973337716963347
0.22239307239027523,0.11146056872915173,2.818375411959863,0.31413772630930364
0.23829847041728436,0.11146056872915173,2.6818057862505693,0.2989155981566184
0.2553414114607129,0.11146056872915173,2.548785435093993,0.2840890741641549
0.27360325180677286,0.11146056872915173,2.4194861271758925,0.2696772997673177
0.29317116628674317,0.11146056872915173,2.2940532266365836,0.2556964773358592
0.3141385644152698,0.11146056872915173,2.172605976856692,0.24215989780480113
0.33660553629058904,0.11146056872915173,2.0552380990645536,0.2290780073955558
0.3606793303852239,0.11146056872915173,1.942018669066741,0.21645850533680924
0.38647486550794,0.11146056872915173,1.8329932324702816,0.2043064681678238
0.4141152793808653,0.11146056872915173,1.7281851173181846,0.1926244960455407
0.4437325164504621,0.11146056872915173,1.6275969029655513,0.18141287646634632
0.47546795773833395,0.11146056872915173,1.5312120051082085,0.1706697609342657
0.5094730957385232,0.11146056872915173,1.4389963389409497,0.16039135033752544
0.5459102575829949,0.11146056872915173,1.350900025258294,0.15057208511151488
0.5849533799274136,0.11146056872915173,1.2668591077087739,0.14120483664492564
0.6267888392562115,0.11146056872915173,1.1867972531767466,0.13228109680527525
0.6716163415705015,0.11146056872915173,1.1106274112146894,0.12379116290017475
0.7196498757058468,0.11146056872915173,1.0382534124287686,0.11572431583429309
0.7711187348306588,0.11146056872915173,0.9695714896019364,0.10806898965460267
0.8262686110014498,0.11146056872915173,0.9044717090201811,0.10081293108681723
0.8853627679999155,0.11146056872915173,0.8428393028729361,0.09394334804549923
0.9486832980505137,0.11146056872915173,0.7845558966767417,0.08744704644339923
1.0165324684176076,0.11146056872915173,0.7295006283921854,0.08131055492886656
1.089234164310304,0.11146056872915173,0.6775511582563951,0.0755202374423533
1.1671354349828413,0.11146056872915173,0.6285845703404749,0.0700623937045188
1.2506081504110058,0.11146056872915173,0.5824781684783934,0.06492334793091639
1.3400507764528888,0.11146056872915173,0.5391101705247703,0.06008952621436087
1.4358902769679147,0.11146056872915173,0.4983603059132374,0.055547523129123484
1.5385841519740941,0.11146056872915173,0.46011032223764764,0.05128415819476148
1.6486226215728734,0.11146056872915173,0.42424440709959027,0.04728652289548211
1.7665309660667667,0.11146056872915173,0.3906495317916813,0.04354201898727764
1.8928720334405786,0.11146056872915173,0.35921572354950787,0.04003838884328189
2.0282489261759444,0.11146056872915173,0.32983627313626784,0.03676373859127225
2.1733078802249692,0.11146056872915173,0.30240788445026945,0.03370655478900664
2.3287413498860743,0.11146056872915173,0.27683077269041567,0.03085571536580426
2.4952913133080123,0.11146056872915173,0.25300871739888103,0.02820049553471251
2.673752814401236,0.11146056872915173,0.2308490764399785,0.025730569350599426
2.8649777580643074,0.11146056872915173,0.21026276668289634,0.023436007557040565
3.0698789768422605,0.11146056872915173,0.19116421684334634,0.02130727233002227
3.289434588429555,0.11146056872915173,0.17347129761208624,0.019335209490027074
3.524692664818587,0.11146056872915173,0.15710523386100117,0.017511038716473575
3.776776235382502,0.11146056872915173,0.14199050337204777,0.015826342259986984
4.046888647774959,0.11146056872915173,0.12805472618137068,0.014273052608631372
4.336319312237784,0.11146056872915173,0.11522854826957431,0.012843439523961265
4.646449856737443,0.11146056872915173,0.1034455229583086,0.011530096821417599
4.978760722312678,0.11146056872915173,0.0926419929916902,0.010325929227055879
5.334838230116768,0.11146056872915173,0.08275697588793028,0.009224139598773405
5.716382153889739,0.11146056872915173,0.07373205474202639,0.00821821675511521
6.125213834008588,0.11146056872915173,0.06551127624605114,0.007301924108557429
6.563284871848655,0.11146056872915173,0.0580410572725231,0.006469289253236693
7.032686445959767,0.11146056872915173,0.051270100943347635,0.005714594609946546
7.535659294528738,0.11146056872915173,0.045149322688317055,0.005032369184575813
8.07460441178074,0.11146056872915173,0.039631786390981714,0.004417381450891078
8.652094509379817,0.11146056872915173,0.03467265033478952,0.0038646333256626537
9.270886297540766,0.11146056872915173,0.030229122308188378,0.0033693551646537647
9.933933644477731,0.11146056872915173,0.026260422913354838,0.002927001672990578
10.644401677007258,0.11146056872915173,0.022727755858122013,0.0025332485938835895
11.405681889616837,0.11146056872915173,0.01959428380199607,0.0021839900164108876
12.221408334123376,0.11146056872915173,0.01682510818050302,0.00187533612672837
13.095474967204968,0.11146056872915173,0.014387251350791408,0.001603611218008467
14.032054238615942,0.11146056872915173,0.012249639386170031,0.0013653517727095288
15.035617008818157,0.11146056872915173,0.010383083896109676,0.0011573044362228812
16.110953891107577,0.11146056872915173,0.008760261356633808,0.0009764237130264145
17.263198120114698,0.11146056872915173,0.007355688597073618,0.0008198692344243616
18.497850055844463,0.11146056872915173,0.006145693294061141,0.0006850024697909886
19.82080344022787,0.11146056872915173,0.005108378562182158,0.0005693827798246298
21.23837353152414,0.11146056872915173,0.004223580991875259,0.0004707627394280512
22.757327250875505,0.11146056872915173,0.0034728217576785805,0.000387082688205827
24.384915484922956,0.11146056872915173,0.002839250692814589,0.00031646449698575216
26.12890769868241,0.11146056872915173,0.0023075834891665378,0.00025720456809250265
27.997629023909713,0.11146056872915173,0.00186403242587619,0.0002077661143177405
30.0,0.11146056872915173,0.0014962312474420432,0.00016677078579021827
0.03,0.11943215116604915,6.605964817913479,0.788964588730645
0.03214557915712819,0.11943215116604915,6.507239897443605,0.7771736591052308
0.034444608644906484,0.11943215116604915,6.404605295582042,0.7649157878208332
0.03690806312437145,0.11943215116604915,6.2980835199303575,0.7521936630087254
0.0395477021566922,0.11943215116604915,6.187718053186283,0.7390124779010355
0.04237612633868262,0.11943215116604915,6.073574562534771,0.7253800752709235
0.045406837453086234,0.11943215116604915,5.955741920408751,0.7113070693442337
0.04865430292076789,0.11943215116604915,5.834332998374811,0.6968069406149692
0.052134024862481254,0.11943215116604915,5.709485197380232,0.6818960991738359
0.05586261409988602,0.11943215116604915,5.581360680477933,0.6665939125030834
0.05985786944906639,0.11943215116604915,5.450146278491688,0.6509226942098995
0.06413886268506694,0.11943215116604915,5.316053044897086,0.6349076508648847
0.0687260295830332,0.11943215116604915,5.179315443399076,0.6185767849726913
0.07364126747055089,0.11943215116604915,5.04019016012853,0.601960753110104
0.07890803975686143,0.11943215116604915,4.898954541818458,0.5850926793940651
0.0845514879379336,0.11943215116604915,4.755904671438844,0.5680079256506033
0.09059855161206047,0.11943215116604915,4.611353103184588,0.5507438208995716
0.09707809707888847,0.11943215116604915,4.4656262889934535,0.5333393539981491
0.10402105513575949,0.11943215116604915,4.319061738464522,0.5158348344437939
0.11146056872915173,0.11943215116604915,4.172004962700306,0.4982715273707302
0.11943215116604915,0.11943215116604915,4.024806259785711,0.48069126963278797
0.12797385564047778,0.11943215116604915,3.877817404984014,0.4631360745063872
0.13712645688446246,0.11943215116604915,3.7313883119979914,0.4456477329377731
0.1469336458105338,0.11943215116604915,3.5858637326433107,0.42826741937790913
0.15744223807493174,0.11943215116604915,3.441580060958646,0.41103531009047367
0.1687023975571047,0.11943215116604915,3.2988623042019887,0.39399022139143314
0.1807678758223073,0.11943215116604915,3.1580212775410796,0.37716927460488586
0.1936962687103966,0.11943215116604915,3.0193510718263807,0.36060759363374084
0.2075492912756809,0.11943215116604915,2.8831268350085484,0.3443380399896338
0.22239307239027523,0.11943215116604915,2.749602897956037,0.32839098895529223
0.23829847041728436,0.11943215116604915,2.61901126509701,0.31279414931865174
0.2553414114607129,0.11943215116604915,2.49156047990651,0.2975724278755482
0.27360325180677286,0.11943215116604915,2.3674348652100963,0.2827478386975474
0.29317116628674317,0.11943215116604915,2.2467941289532143,0.26833945604813203
0.3141385644152698,0.11943215116604915,2.12977331779808,0.2543634088406783
0.33660553629058904,0.11943215116604915,2.0164830938846356,0.24083291369261228
0.3606793303852239,0.11943215116604915,1.9070103044741096,0.22775834295916525
0.38647486550794,0.11943215116604915,1.8014188100465023,0.21514732363483824
0.4141152793808653,0.11943215116604915,1.6997505337358843,0.20300486268971685
0.4437325164504621,0.11943215116604915,1.6020266936845784,0.1913334942521825
0.47546795773833395,0.11943215116604915,1.5082491798528441,0.18013344404425452
0.5094730957385232,0.11943215116604915,1.418402037871341,0.16940280660128215
0.5459102575829949,0.11943215116604915,1.33245302448323,0.1591377310417405
0.5849533799274136,0.11943215116604915,1.2503552017952282,0.1493326114720636
0.6267888392562115,0.11943215116604915,1.1720485407478178,0.1399802784925407
0.6716163415705015,0.11943215116604915,1.0974615077401841,0.13107218869134588
0.7196498757058468,0.11943215116604915,1.026512612039176,0.12259860945491885
0.7711187348306588,0.11943215116604915,0.9591118953194127,0.114548796866944
0.8262686110014498,0.11943215116604915,0.8951623483041755,0.10691116490081982
0.8853627679999155,0.11943215116604915,0.8345612429096398,0.09967344452050997
0.9486832980505137,0.11943215116604915,0.7772013714685599,0.09282283168369376
1.0165324684176076,0.11943215116604915,0.7229721874766241,0.0863461235835574
1.089234164310304,0.11943215116604915,0.6717608448382091,0.08022984276814987
1.1671354349828413,0.11943215116604915,0.6234531347781314,0.07446034903776899
1.2506081504110058,0.11943215116604915,0.5779343214360009,0.0690239392417925
1.3400507764528888,0.11943215116604915,0.5350898786845283,0.06390693527847348
1.4358902769679147,0.11943215116604915,0.4948061319350224,0.05909576074715165
1.5385841519740941,0.11943215116604915,0.45697080964014153,0.054577006815413255
1.6486226215728734,0.11943215116604915,0.42147350990643473,0.05033748794763063
1.7665309660667667,0.11943215116604915,0.388206088119324,0.0463642881998477
1.8928720334405786,0.11943215116604915,0.3570629717924975,0.042644798822920306
2.0282489261759444,0.11943215116604915,0.3279414090123721,0.03916674793477278
2.1733078802249692,0.11943215116604915,0.3007416568840705,0.0359182230269064
2.3287413498860743,0.11943215116604915,0.2753671163231085,0.032887687062860535
2.4952913133080123,0.11943215116604915,0.25172441939828677,0.03006398890976214
2.673752814401236,0.11943215116604915,0.2297234752342308,0.027436368820564803
2.8649777580643074,0.11943215116604915,0.20927748024137077,0.024994459655837256
3.0698789768422605,0.11943215116604915,0.19030289816829546,0.02272828450137312
3.289434588429555,0.11943215116604915,0.17271941517475417,0.020628251302462843
3.524692664818587,0.11943215116604915,0.15644987480881106,0.01868514509807539
3.776776235382502,0.11943215116604915,0.14142019744219472,0.016890118398848717
4.046888647774959,0.11943215116604915,0.12755928837540614,0.015234680211885163
4.336319312237784,0.11943215116604915,0.11479893846898331,0.01371068417292959
4.646449856737443,0.11943215116604915,0.10307372078920223,0.012310316202543142
4.978760722312678,0.11943215116604915,0.0923208863748796,0.011026082057308269
5.334838230116768,0.11943215116604915,0.08248026183676331,0.00985079509990363
5.716382153889739,0.11943215116604915,0.0734941510929298,0.008777564563151248
6.125213834008588,0.11943215116604915,0.06530724312461599,0.007799784533097059
6.563284871848655,0.11943215116604915,0.05786652721041208,0.006911123825248232
7.032686445959767,0.11943215116604915,0.05112121666775229,0.006105516876855342
7.535659294528738,0.11943215116604915,0.045022681705794994,0.005377155727387423
8.07460441178074,0.11943215116604915,0.03952439158104313,0.004720483110053263
8.652094509379817,0.11943215116604915,0.034581865855459915,0.004130186630453322
9.270886297540766,0.11943215116604915,0.03015263419590921,0.0036011939653404117
9.933933644477731,0.11943215116604915,0.026196203833013864,0.003128668976161148
10.644401677007258,0.11943215116604915,0.022674033525800687,0.002708008599597494
11.405681889616837,0.11943215116604915,0.019549512663304323,0.0023348403516263543
12.221408334123376,0.11943215116604915,0.016787943981313315,0.0020050202633433768
13.095474967204968,0.11943215116604915,0.014356528285010266,0.0017146310563550065
14.032054238615942,0.11943215116604915,0.012224349547175934,0.0014599803630249407
15.035617008818157,0.11943215116604915,0.010362358794974588,0.0012375988020382439
16.110953891107577,0.11943215116604915,0.008743355301615527,0.0010442377320810227
17.263198120114698,0.11943215116604915,0.0073419637555442235,0.0008768665251078116
18.497850055844463,0.11943215116604915,0.006134606280483155,0.0007326692246348586
19.82080344022787,0.11943215116604915,0.005099468414440307,0.0006090404825399278
21.23837353152414,0.11943215116604915,0.004216458413707339,0.0005035806986512548
22.757327250875505,0.11943215116604915,0.003467159517607529,0.00041409031962370846
24.384915484922956,0.11943215116604915,0.0028347750803300762,0.00033856328591573077
26.12890769868241,0.11943215116604915,0.002304066737372584,0.00027517964687454814
27.997629023909713,0.11943215116604915,0.00186128601680608,0.00022229739292243722
30.0,0.11943215116604915,0.0014941000220918472,0.00017844357969567086
0.03,0.12797385564047778,6.24810633732394,0.7995942584390483
0.03214557915712819,0.12797385564047778,6.159366931421709,0.7882379345184943
0.034444608644906484,0.12797385564047778,6.066971530002716,0.7764137387554562
0.03690806312437145,0.12797385564047778,5.97092356975274,0.7641221109558634
0.0395477021566922,0.12797385564047778,5.8712448719891,0.7513658436778285
0.04237612633868262,0.12797385564047778,5.767976908261198,0.7381502441954279
0.045406837453086234,0.12797385564047778,5.661181924184359,0.7244832783200514
0.04865430292076789,0.12797385564047778,5.550943885566613,0.7103756914798945
0.052134024862481254,0.12797385564047778,5.437369211122481,0.6958411024881669
0.05586261409988602,0.12797385564047778,5.320587257502677,0.6808960656142131
0.05985786944906639,0.12797385564047778,5.200750525114054,0.6655600969230849
0.06413886268506694,0.12797385564047778,5.078034557320679,0.6498556613759141
0.0687260295830332,0.12797385564047778,4.9526375111029655,0.6338081178855061
0.07364126747055089,0.12797385564047778,4.824779384034678,0.6174456203896073
0.07890803975686143,0.12797385564047778,4.694700890367956,0.6007989740191714
0.0845514879379336,0.12797385564047778,4.562661987867775,0.5839014465716861
0.09059855161206047,0.12797385564047778,4.428940066510523,0.5667885367119457
0.09707809707888847,0.12797385564047778,4.293827819897224,0.5494977015685949
0.10402105513575949,0.12797385564047778,4.15763082982614,0.5320680476225703
0.11146056872915173,0.12797385564047778,4.020664903496731,0.5145399899388262
0.11943215116604915,0.12797385564047778,3.8832532108543716,0.49695488582129915
0.12797385564047778,0.12797385564047778,3.7457232762415127,0.4793546498229088
0.13712645688446246,0.12797385564047778,3.60840388346133,0.46178135767461964
0.1469336458105338,0.12797385564047778,3.471621956330608,0.44427684707776627
0.15744223807493174,0.12797385564047778,3.3356994776447815,0.4268823234121304
0.1687023975571047,0.12797385564047778,3.2009505081551572,0.40963797824296205
0.1807678758223073,0.12797385564047778,3.0676783637357423,0.39258262807213495
0.1936962687103966,0.12797385564047778,2.936173003572338,0.3757533800946345
0.2075492912756809,0.12797385564047778,2.806708675213027,0.3591853308265885
0.22239307239027523,0.12797385564047778,2.679541854026039,0.3429113024097465
0.23829847041728436,0.12797385564047778,2.5549095054189648,0.3269616202209711
0.2553414114607129,0.12797385564047778,2.433027688507628,0.3113639341783605
0.27360325180677286,0.12797385564047778,2.3140905102070097,0.29614308489223146
0.29317116628674317,0.12797385564047778,2.198269429345771,0.2813210146099712
0.3141385644152698,0.12797385564047778,2.08571290172824,0.2669167217932518
0.33660553629058904,0.12797385564047778,1.9765463493664601,0.2529462571805367
0.3606793303852239,0.12797385564047778,1.870872430590173,0.23942275835409657
0.38647486550794,0.12797385564047778,1.7687715825465942,0.22635651916579727
0.4141152793808653,0.12797385564047778,1.6703028037811285,0.21375508988697142
0.4437325164504621,0.12797385564047778,1.5755046421317715,0.20162340363307396
0.47546795773833395,0.12797385564047778,1.4843963520015515,0.18996392446429838
0.5094730957385232,0.12797385564047778,1.3969791850753497,0.1787768125635851
0.5459102575829949,0.12797385564047778,1.3132377795661907,0.16806010202382526
0.5849533799274136,0.12797385564047778,1.2331416149370211,0.15780988701421597
0.6267888392562115,0.12797385564047778,1.156646501563949,0.14802051241820846
0.6716163415705015,0.12797385564047778,1.0836960778043139,0.13868476541908123
0.7196498757058468,0.12797385564047778,1.0142232902367496,0.1297940649319682
0.7711187348306588,0.12797385564047778,0.9481518362959529,0.12133864622339219
0.8262686110014498,0.12797385564047778,0.8853975519985922,0.11330773850390025
0.8853627679999155,0.12797385564047778,0.8258697308379533,0.10568973371209647
0.9486832980505137,0.12797385564047778,0.7694723631265229,0.09847234511809094
1.0165324684176076,0.12797385564047778,0.7161052880235812,0.09164275475291254
1.089234164310304,0.12797385564047778,0.665665253155814,0.08518774901224424
1.1671354349828413,0.12797385564047778,0.6180468790984498,0.07909384208479284
1.2506081504110058,0.12797385564047778,0.5731435280236777,0.07334738711657626
1.3400507764528888,0.12797385564047778,0.5308480775461831,0.06793467524292039
1.4358902769679147,0.12797385564047778,0.4910536022164642,0.06284202280178638
1.5385841519740941,0.12797385564047778,0.45365396625241655,0.05805584718791693
1.6486226215728734,0.12797385564047778,0.4185443319843866,0.0535627319205101
1.7665309660667667,0.12797385564047778,0.3856215891472279,0.04934948158137897
1.8928720334405786,0.12797385564047778,0.3547847106144061,0.04540316733961669
2.0282489261759444,0.12797385564047778,0.32593504046311667,0.04171116381640018
2.1733078802249692,0.12797385564047778,0.2989765204133074,0.03826117806326496
2.3287413498860743,0.12797385564047778,0.2738158607227961,0.03504127143221228
2.4952913133080123,0.12797385564047778,0.25036266156786835,0.03203987510925217
2.673752814401236,0.12797385564047778,0.22852949081315999,0.029245800066915226
2.8649777580643074,0.12797385564047778,0.2082319238924308,0.026648242167948897
3.0698789768422605,0.12797385564047778,0.18938855129588927,0.024236783123499354
3.289434588429555,0.12797385564047778,0.17192095889992023,0.022001387975830903
3.524692664818587,0.12797385564047778,0.1557536860885201,0.019932399738964563
3.776776235382502,0.12797385564047778,0.14081416630720905,0.018020531791133002
4.046888647774959,0.12797385564047778,0.12703265436257025,0.016256858571022277
4.336319312237784,0.12797385564047778,0.11434214443528426,0.014632805085583728
4.646449856737443,0.12797385564047778,0.10267828241227944,0.013140135690841258
4.978760722312678,0.12797385564047778,0.09197927576468257,0.011770942558625182
5.334838230116768,0.12797385564047778,0.08218580380326433,0.01051763419161558
5.716382153889739,0.12797385564047778,0.07324093073327871,0.009372924296634843
6.125213834008588,0.12797385564047778,0.0650900235084261,0.008329821272102628
6.563284871848655,0.12797385564047778,0.057680676052917115,0.007381618510441178
7.032686445959767,0.12797385564047778,0.0509626409865827,0.006521885660674431
7.535659294528738,0.12797385564047778,0.04488776955752524,0.005744460941377768
8.07460441178074,0.12797385564047778,0.03940996006806085,0.005043444540547013
8.652094509379817,0.12797385564047778,0.034485114681833864,0.0044131930880383285
9.270886297540766,0.12797385564047778,0.030071104132615004,0.003848315139217047
9.933933644477731,0.12797385564047778,0.026127739528024014,0.0033436675665713504
10.644401677007258,0.12797385564047778,0.02261675016314091,0.002894352720434547
11.405681889616837,0.12797385564047778,0.01950176603726753,0.002495716191587647
12.221408334123376,0.12797385564047778,0.016748303607721397,0.0021433449881174313
13.095474967204968,0.12797385564047778,0.014323753220901136,0.0018330659269214305
14.032054238615942,0.12797385564047778,0.01219736663381686,0.0015609440367900594
15.035617008818157,0.12797385564047778,0.010340243076974606,0.001323280774820198
16.110953891107577,0.12797385564047778,0.008725312407501306,0.0011166118704556416
17.263198120114698,0.12797385564047778,0.007327314052898976,0.0009377046308381376
18.497850055844463,0.12797385564047778,0.006122770642091458,0.0007835545662707677
19.82080344022787,0.12797385564047778,0.005089955451324355,0.000651381224144246
21.23837353152414,0.12797385564047778,0.004208853046986215,0.0005386231522469989
22.757327250875505,0.12797385564047778,0.003461112774261212,0.0004429319465287179
24.384915484922956,0.12797385564047778,0.0028299950086877056,0.0003621653727050731
26.12890769868241,0.12797385564047778,0.0023003103469232304,0.00029437958426545085
27.997629023909713,0.12797385564047778,0.0018583521541632696,0.00023782049030606116
30.0,0.12797385564047778,0.0014918231009959004,0.00019091435416797927
0.03,0.13712645688446246,5.905323737425505,0.8097761208688712
0.03214557915712819,0.13712645688446246,5.825657260623495,0.7988517391725433
0.034444608644906484,0.13712645688446246,5.742586327397094,0.7874605164291212
0.03690806312437145,0.13712645688446246,5.656098930171746,0.7756008060824502
0.0395477021566922,0.13712645688446246,5.566199018212575,0.7632731496812639
0.04237612633868262,0.13712645688446246,5.47290777649584,0.7504804522462961
0.045406837453086234,0.13712645688446246,5.376264803540421,0.7372281437821385
0.04865430292076789,0.13712645688446246,5.276329155326041,0.7235243224260487
0.052134024862481254,0.13712645688446246,5.173180221699318,0.7093798746264055
0.05586261409988602,0.13712645688446246,5.066918401933471,0.6948085677798195
0.05985786944906639,0.13712645688446246,4.957665547499139,0.6798271109467257
0.06413886268506694,0.13712645688446246,4.845565142723757,0.6644551796245634
0.0687260295830332,0.13712645688446246,4.730782197919377,0.648715401092774
0.07364126747055089,0.13712645688446246,4.613502834739685,0.6326332975542768
0.07890803975686143,0.13712645688446246,4.4939335499150825,0.6162371851740699
0.0845514879379336,0.13712645688446246,4.372300150967708,0.5995580281376021
0.09059855161206047,0.13712645688446246,4.248846365810994,0.5826292479900863
0.09707809707888847,0.13712645688446246,4.12383213700917,0.5654864897343487
0.10402105513575949,0.13712645688446246,3.9975316205726004,0.548167347412724
0.11146056872915173,0.13712645688446246,3.870230918116331,0.5307110531259925
0.11943215116604915,0.13712645688446246,3.7422255796133297,0.5131581345947798
0.12797385564047778,0.13712645688446246,3.6138179214367607,0.49555004739219566
0.13712645688446246,0.13712645688446246,3.485314210542814,0.4779287888208035
0.1469336458105338,0.13712645688446246,3.357021770187454,0.4603365010298117
0.15744223807493174,0.13712645688446246,3.229246065263254,0.44281507133764164
0.1687023975571047,0.13712645688446246,3.1022878260458455,0.4254057378214684
0.1807678758223073,0.13712645688446246,2.976440267816533,0.4081487080539217
0.1936962687103966,0.13712645688446246,2.851986460547293,0.39108279841730903
0.2075492912756809,0.13712645688446246,2.729196897767095,0.3742451007308682
0.22239307239027523,0.13712645688446246,2.6083273071330204,0.35767068202214214
0.23829847041728436,0.13712645688446246,2.489616737434876,0.3413923222046996
0.2553414114607129,0.13712645688446246,2.3732859481439563,0.3254402932426628
0.27360325180677286,0.13712645688446246,2.259536118573228,0.3098421821424174
0.29317116628674317,0.13712645688446246,2.1485478846421215,0.2946227588675809
0.3141385644152698,0.13712645688446246,2.0404807025028107,0.2798038890753293
0.33660553629058904,0.13712645688446246,1.9354725302087226,0.26540449046472786
0.3606793303852239,0.13712645688446246,1.8336398114523913,0.2514405305467602
0.38647486550794,0.13712645688446246,1.7350777393617187,0.2379250628177753
0.4141152793808653,0.13712645688446246,1.6398607735417317,0.22486829765959152
0.4437325164504621,0.13712645688446246,1.54804338003296,0.21227770380736724
0.47546795773833395,0.13712645688446246,1.4596609616128984,0.20015813591854412
0.5094730957385232,0.13712645688446246,1.3747309448239948,0.18851198363314386
0.5459102575829949,0.13712645688446246,1.293253990156812,0.17733933752189712
0.5849533799274136,0.13712645688446246,1.2152152928058182,0.16663816745427645
0.6267888392562115,0.13712645688446246,1.1405859431841023,0.15640450916105877
0.6716163415705015,0.13712645688446246,1.069324318760785,0.14663265509205797
0.7196498757058468,0.13712645688446246,1.0013774816018521,0.13731534605594797
0.7711187348306588,0.13712645688446246,0.9366825590921387,0.1284439605537761
0.8262686110014498,0.13712645688446246,0.8751680885498181,0.12000869916118405
0.8853627679999155,0.13712645688446246,0.8167553096909137,0.11199876175948685
0.9486832980505137,0.13712645688446246,0.7613593920577792,0.10440251584859161
1.0165324684176076,0.13712645688446246,0.7088905875118474,0.0972076545842446
1.089234164310304,0.13712645688446246,0.659255300648203,0.09040134356018915
1.1671354349828413,0.13712645688446246,0.6123570724782705,0.08397035569708722
1.2506081504110058,0.13712645688446246,0.5680974749248873,0.07790119390145955
1.3400507764528888,0.13712645688446246,0.5263769155737195,0.07218020141839598
1.4358902769679147,0.13712645688446246,0.48709535373053947,0.0667936600219528
1.5385841519740941,0.13712645688446246,0.45015293015875024,0.0617278763688283
1.6486226215728734,0.13712645688446246,0.41545051393557314,0.05696925698681414
1.7665309660667667,0.13712645688446246,0.3828901706928179,0.05250437248299316
1.8928720334405786,0.13712645688446246,0.35237555712569757,0.048320011641335404
2.0282489261759444,0.13712645688446246,0.3238122470881467,0.044403226138993654
2.1733078802249692,0.13712645688446246,0.2971079948723072,0.04074136664888653
2.3287413498860743,0.13712645688446246,0.2721729414185457,0.037322111116547534
2.4952913133080123,0.13712645688446246,0.24891976924355885,0.034133486004867215
2.673752814401236,0.13712645688446246,0.227263811828037,0.031163881294035908
2.8649777580643074,0.13712645688446246,0.20712312308929984,0.02840206000808008
3.0698789768422605,0.13712645688446246,0.1884185123924768,0.025837163015821524
3.289434588429555,0.13712645688446246,0.17107355033744676,0.023458709824419808
3.524692664818587,0.13712645688446246,0.15501455030637074,0.021256596049050884
3.776776235382502,0.13712645688446246,0.14017053047433234,0.019221088203560763
4.046888647774959,0.13712645688446246,0.12647316067747624,0.01734281641468164
4.336319312237784,0.13712645688446246,0.11385669820166221,0.015612765616957488
4.646449856737443,0.13712645688446246,0.10225791620172563,0.014022265737130904
4.978760722312678,0.13712645688446246,0.09161602808811653,0.012562981325550811
5.334838230116768,0.13712645688446246,0.08187261082535618,0.011226901038361579
5.716382153889739,0.13712645688446246,0.07297152967728629,0.010006327318085671
6.125213834008588,0.13712645688446246,0.06485886651043968,0.008893866562118912
6.563284871848655,0.13712645688446246,0.05748285333323925,0.00788242000919631
7.032686445959767,0.13712645688446246,0.05079381231077494,0.006965175513830958
7.535659294528738,0.13712645688446246,0.04474410305973189,0.006135600319054271
8.07460441178074,0.13712645688446246,0.03928807760397545,0.005387434879634955
8.652094509379817,0.13712645688446246,0.03438204296766611,0.004714687732605402
9.270886297540766,0.13712645688446246,0.02998423100932779,0.004111631360714349
9.933933644477731,0.13712645688446246,0.026054774766730435,0.003572798948684441
10.644401677007258,0.13712645688446246,0.02255569029775673,0.0030929818931146264
11.405681889616837,0.13712645688446246,0.019450862774269814,0.0026672278955815055
12.221408334123376,0.13712645688446246,0.016706035420213716,0.0022908394457602384
13.095474967204968,0.13712645688446246,0.0142887997852568,0.0019593724876837333
14.032054238615942,0.13712645688446246,0.01216858581217203,0.0016686350577176895
15.035617008818157,0.13712645688446246,0.010316650188056753,0.0014146856872046458
16.110953891107577,0.13712645688446246,0.008706061562061516,0.0011938313754235044
17.263198120114698,0.13712645688446246,0.007311681358785584,0.0010026249585984393
18.497850055844463,0.13712645688446246,0.006110139108223502,0.0008378617269818779
19.82080344022787,0.13712645688446246,0.005079801439996219,0.0006965751731432718
21.23837353152414,0.13712645688446246,0.004200734140576061,0.0005760317890107926
22.757327250875505,0.13712645688446246,0.0034546569360431726,0.00047372486539093325
24.384915484922956,0.13712645688446246,0.0028248909285630112,0.0003873672841189049
26.12890769868241,0.13712645688446246,0.0022962988719611842,0.00031488332825982515
27.997629023909713,0.13712645688446246,0.0018552187113110828,0.0002543995686278472
30.0,0.13712645688446246,0.0014893910255599145,0.00020423491425054693
0.03,0.1469336458105338,5.577450420235843,0.8195151245727463
0.03214557915712819,0.1469336458105338,5.506010887315755,0.8090182535457962
0.034444608644906484,0.1469336458105338,5.431413310698799,0.7980573596448362
0.03690806312437145,0.1469336458105338,5.353633437484626,0.7866288793027966
0.0395477021566922,0.1469336458105338,5.272660728259293,0.7747312639251622
0.04237612633868262,0.1469336458105338,5.188499615218265,0.7623651647505715
0.045406837453086234,0.1469336458105338,5.101170693826963,0.749533607945846
0.04865430292076789,0.1469336458105338,5.010711818668769,0.7362421556229326
0.052134024862481254,0.1469336458105338,4.917179072707734,0.7224990482562073
0.05586261409988602,0.1469336458105338,4.820647578554489,0.7083153238847327
0.05985786944906639,0.1469336458105338,4.721212120617033,0.6937049095271424
0.06413886268506694,0.1469336458105338,4.61898754836972,0.6786846804354223
0.0687260295830332,0.1469336458105338,4.514108933476723,0.6632744831816354
0.07364126747055089,0.1469336458105338,4.406731457208986,0.6474971191156826
0.07890803975686143,0.1469336458105338,4.297030009489371,0.6313782854515461
0.0845514879379336,0.1469336458105338,4.1851984869204335,0.614946472123949
0.09059855161206047,0.1469336458105338,4.071448784155952,0.5982328135868992
0.09707809707888847,0.1469336458105338,3.956009480767862,0.5812708958702588
0.10402105513575949,0.1469336458105338,3.839124234067849,0.5640965204311622
0.11146056872915173,0.1469336458105338,3.7210498968497348,0.5467474275870423
0.11943215116604915,0.1469336458105338,3.6020543873693565,0.5292629835440084
0.12797385564047778,0.1469336458105338,3.482414346700568,0.5116838361836228
0.13712645688446246,0.1469336458105338,3.3624126255315696,0.49405154578872273
0.1469336458105338,0.1469336458105338,3.242335648156604,0.47640819772511
0.15744223807493174,0.1469336458105338,3.1224707055872893,0.4587960047085304
0.1687023975571047,0.1469336458105338,3.003103232140909,0.44125690664386163
0.1807678758223073,0.1469336458105338,2.884514120433001,0.42383217610718604
0.1936962687103966,0.1469336458105338,2.7669771283783557,0.40656203734699325
0.2075492912756809,0.1469336458105338,2.650756428657417,0.38948530621834443
0.22239307239027523,0.1469336458105338,2.5361043462970834,0.372639057757371
0.23829847041728436,0.1469336458105338,2.4232593237915676,0.3560583271890639
0.2553414114607129,0.1469336458105338,2.312444145860006,0.33977584908443653
0.27360325180677286,0.1469336458105338,2.203864447855964,0.3238218381956959
0.29317116628674317,0.1469336458105338,2.097707523381952,0.30822381425469586
0.3141385644152698,0.1469336458105338,1.9941414381879805,0.29300647177482125
0.33660553629058904,0.1469336458105338,1.8933144492895073,0.2781915946998703
0.3606793303852239,0.1469336458105338,1.7953547207261078,0.2637980146394398
0.38647486550794,0.1469336458105338,1.7003703207400493,0.24984161045436218
0.4141152793808653,0.1469336458105338,1.6084494795611006,0.2363353461339682
0.4437325164504621,0.1469336458105338,1.5196610825498649,0.22328934325543423
0.47546795773833395,0.1469336458105338,1.4340553702204404,0.21071098384066414
0.5094730957385232,0.1469336458105338,1.351664814618055,0.19860503912565014
0.5459102575829949,0.1469336458105338,1.272505140601207,0.18697381962118126
0.5849533799274136,0.1469336458105338,1.1965764606632807,0.1758173418563206
0.6267888392562115,0.1469336458105338,1.1238644928894264,0.16513350733725016
0.6716163415705015,0.1469336458105338,1.0543418333272316,0.15491828950133232
0.7196498757058468,0.1469336458105338,0.9879692562943229,0.14516592477604653
0.7711187348306588,0.1469336458105338,0.924697018794536,0.1358691042416129
0.8262686110014498,0.1469336458105338,0.8644661481186204,0.12701916282285783
0.8853627679999155,0.1469336458105338,0.8072096947321279,0.1186062633805996
0.9486832980505137,0.1469336458105338,0.7528539355874239,0.11061957351866897
1.0165324684176076,0.1469336458105338,0.7013195159439793,0.10304743335572768
1.089234164310304,0.1469336458105338,0.652522520567221,0.09587751292042082
1.1671354349828413,0.1469336458105338,0.6063754677470702,0.08909695820614479
1.2506081504110058,0.1469336458105338,0.5627882218968251,0.0826925252625282
1.3400507764528888,0.1469336458105338,0.5216688225412691,0.07665070200167705
1.4358902769679147,0.1469336458105338,0.48292422927322043,0.07095781765735638
1.5385841519740941,0.1469336458105338,0.446460983754635,0.06560014005522602
1.6486226215728734,0.1469336458105338,0.4121857910744589,0.060563961033869226
1.7665309660667667,0.1469336458105338,0.38000602376947196,0.055835670502412886
1.8928720334405786,0.1469336458105338,0.34983015258887823,0.05140181973433923
2.0282489261759444,0.1469336458105338,0.3215681086630552,0.0472491745822606
2.1733078802249692,0.1469336458105338,0.2951315821467979,0.04336475935866006
2.3287413498860743,0.1469336458105338,0.2704342626721043,0.03973589216649584
2.4952913133080123,0.1469336458105338,0.24739202708800662,0.03635021248449915
2.673752814401236,0.1469336458105338,0.22592308000585554,0.03319570181800527
2.8649777580643074,0.1469336458105338,0.2059480526259639,0.03026069821991256
3.0698789768422605,0.1469336458105338,0.1873900652108876,0.027533905470109393
3.289434588429555,0.1469336458105338,0.17017475840435894,0.02500439767727924
3.524692664818587,0.1469336458105338,0.15423029838277413,0.02266162003582748
3.776776235382502,0.1469336458105338,0.13948736057552882,0.02049538643385097
4.046888647774959,0.1469336458105338,0.12587909640676018,0.018495874566380938
4.336319312237784,0.1469336458105338,0.11334108719788012,0.016653619162114146
4.646449856737443,0.1469336458105338,0.10181128903041038,0.014959503881908205
4.978760722312678,0.1469336458105338,0.09122997200412694,0.013404752393759304
5.334838230116768,0.1469336458105338,0.08153965693857272,0.01198091907212468
5.716382153889739,0.1469336458105338,0.07268505215915814,0.010679879709673918
6.125213834008588,0.1469336458105338,0.06461299258585892,0.009493822567369243
6.563284871848655,0.1469336458105338,0.057272382907608076,0.008415240024871755
7.032686445959767,0.1469336458105338,0.05061414618487998,0.007436921028531736
7.535659294528738,0.1469336458105338,0.04459117878409257,0.0065519444697360475
8.07460441178074,0.1469336458105338,0.03915831211887318,0.005753673563412846
8.652094509379817,0.1469336458105338,0.034272281264457395,0.005035751236430777
9.270886297540766,0.1469336458105338,0.02989170013241876,0.004392096479931505
9.933933644477731,0.1469336458105338,0.025977042553392442,0.00381690156974533
10.644401677007258,0.1469336458105338,0.022490628324553515,0.0033046300162963057
11.405681889616837,0.1469336458105338,0.01939661304411372,0.002850015070947785
12.221408334123376,0.1469336458105338,0.0166609803829368,0.0024480585904426877
13.095474967204968,0.1469336458105338,0.014251535337138146,0.002094030045483363
14.032054238615942,0.1469336458105338,0.012137896966264109,0.0017834654537258036
15.035617008818157,0.1469336458105338,0.010291489147652917,0.0015121660212841863
16.110953891107577,0.1469336458105338,0.008685527964577201,0.0012761962896246733
17.263198120114698,0.1469336458105338,0.0072950044870942,0.001071881605492954
18.497850055844463,0.1469336458105338,0.006096661891558593,0.0008958047590008493
19.82080344022787,0.1469336458105338,0.005068966087409778,0.0007448016677130756
21.23837353152414,0.1469336458105338,0.004192069267157548,0.0006159560209137512
22.757327250875505,0.1469336458105338,0.0034477660561877525,0.0005065928365374723
24.384915484922956,0.1469336458105338,0.0028194422020508592,0.00041427092189941244
26.12890769868241,0.1469336458105338,0.0022920159979640344,0.00033677426683692465
27.997629023909713,0.1469336458105338,0.0018518728731281996,0.0002721024328263545
30.0,0.1469336458105338,0.0014867937953040333,0.00021846003291250214
0.03,0.15744223807493174,5.264265972907207,0.8288178165962187
0.03214557915712819,0.15744223807493174,5.200271846884671,0.8187424381715813
0.034444608644906484,0.15744223807493174,5.1333585927478795,0.8082074656834082
0.03690806312437145,0.15744223807493174,5.063492500902927,0.7972075918177902
0.0395477021566922,0.15744223807493174,4.990651528702238,0.7857393461309599
0.04237612633868262,0.15744223807493174,4.914826511863897,0.7738012857778619
0.045406837453086234,0.15744223807493174,4.836022338091534,0.7613941802894953
0.04865430292076789,0.15744223807493174,4.7542590572702625,0.7485211863646453
0.052134024862481254,0.15744223807493174,4.669572900725352,0.7351880083442505
0.05586261409988602,0.15744223807493174,4.582017180733247,0.7214030398324313
0.05985786944906639,0.15744223807493174,4.491663040917081,0.7071774818404389
0.06413886268506694,0.15744223807493174,4.3986000284790485,0.6925254328801999
0.0687260295830332,0.15744223807493174,4.302936460536385,0.6774639466410736
0.07364126747055089,0.15744223807493174,4.204799559221722,0.6620130532603543
0.07890803975686143,0.15744223807493174,4.104335333724715,0.6461957407516411
0.0845514879379336,0.15744223807493174,4.001708192081582,0.630037893884113
0.09059855161206047,0.15744223807493174,3.897100271194283,0.6135681886992513
0.09707809707888847,0.15744223807493174,3.790710480151318,0.5968179418891226
0.10402105513575949,0.15744223807493174,3.6827532592334746,0.5798209154114675
0.11146056872915173,0.15744223807493174,3.5734570647694026,0.562613077941971
0.11943215116604915,0.15744223807493174,3.46306259795769,0.5452323260160462
0.12797385564047778,0.15744223807493174,3.3518208035610892,0.5277181689387741
0.13712645688446246,0.15744223807493174,3.239990671656041,0.5101113826874284
0.1469336458105338,0.15744223807493174,3.1278368820440847,0.49245363904233697
0.15744223807493174,0.15744223807493174,3.015627336186444,0.4747871170091383
0.1687023975571047,0.15744223807493174,2.9036306253439856,0.4571541041970707
0.1807678758223073,0.15744223807493174,2.7921134857950487,0.4395965961627716
0.1936962687103966,0.15744223807493174,2.6813382924488844,0.4221559017991682
0.2075492912756809,0.15744223807493174,2.571560640849191,0.40487226264070236
0.22239307239027523,0.15744223807493174,2.4630270645395598,0.38778449348023764
0.23829847041728436,0.15744223807493174,2.355972930197236,0.37092965097420777
0.2553414114607129,0.15744223807493174,2.2506205470660894,0.35434273598751237
0.27360325180677286,0.15744223807493174,2.1471775203263195,0.338056434344358
0.29317116628674317,0.15744223807493174,2.04583537045825,0.322100899457804
0.3141385644152698,0.15744223807493174,1.9467684327391075,0.3065035790640723
0.33660553629058904,0.15744223807493174,1.8501330430981946,0.29128908704176387
0.3606793303852239,0.15744223807493174,1.7560670089661008,0.27647912010117415
0.38647486550794,0.15744223807493174,1.6646893567647365,0.2620924180285586
0.4141152793808653,0.15744223807493174,1.5761003415206958,0.24814476519968262
0.4437325164504621,0.15744223807493174,1.4903816989074057,0.234649030261901
0.47546795773833395,0.15744223807493174,1.4075971159310938,0.22161524024001056
0.5094730957385232,0.15744223807493174,1.3277928935097374,0.20905068485416253
0.5459102575829949,0.15744223807493174,1.250998772335181,0.19696004654544289
0.5849533799274136,0.15744223807493174,1.177228892591568,0.1853455515760899
0.6267888392562115,0.15744223807493174,1.1064828582261585,0.17420713759067377
0.6716163415705015,0.15744223807493174,1.0387468774031938,0.1635426331717056
0.7196498757058468,0.15744223807493174,0.9739949523739083,0.15334794517543468
0.7711187348306588,0.15744223807493174,0.9121900941163108,0.1436172499674546
0.8262686110014498,0.15744223807493174,0.853285539589924,0.13434318507001342
0.8853627679999155,0.15744223807493174,0.7972259521752819,0.12551703816189488
0.9486832980505137,0.15744223807493174,0.743948588701983,0.11712893081792708
1.0165324684176076,0.15744223807493174,0.6933844193061126,0.10916799482184127
1.089234164310304,0.15744223807493174,0.6454591891104129,0.10162253931957402
1.1671354349828413,0.15744223807493174,0.600094413320595,0.09448020748945761
1.2506081504110058,0.15744223807493174,0.5572082997288617,0.08772812178323935
1.3400507764528888,0.15744223807493174,0.5167165947782563,0.08135301713234624
1.4358902769679147,0.15744223807493174,0.4785333512507809,0.07534136181442039
1.5385841519740941,0.15744223807493174,0.4425716172928304,0.06967946593502537
1.6486226215728734,0.15744223807493174,0.408744047887712,0.06435357769924845
1.7665309660667667,0.15744223807493174,0.37696344103899737,0.059349967829607324
1.8928720334405786,0.15744223807493174,0.3471432018575735,0.054655002632954176
2.0282489261759444,0.15744223807493174,0.31919773847050725,0.0502552063332534
2.1733078802249692,0.15744223807493174,0.29304279421382573,0.04613731337275638
2.3287413498860743,0.15744223807493174,0.26859572095708517,0.04228831144483333
2.4952913133080123,0.15744223807493174,0.24577569865745214,0.03869547606105926
2.673752814401236,0.15744223807493174,0.22450390637563264,0.03534639747634454
2.8649777580643074,0.15744223807493174,0.2047036500239652,0.03222900080188064
3.0698789768422605,0.15744223807493174,0.1863004520744309,0.02933156012896996
3.289434588429555,0.15744223807493174,0.16922210834473,0.026642707469552874
3.524692664818587,0.15744223807493174,0.15339871681486966,0.024151437293155744
3.776776235382502,0.15744223807493174,0.138762683213447,0.021847107406407856
4.046888647774959,0.15744223807493174,0.12524870785854772,0.019719436881243047
4.336319312237784,0.15744223807493174,0.11279375794773168,0.017758501692172995
4.646449856737443,0.15744223807493174,0.10133702916872754,0.015954728672189104
4.978760722312678,0.15744223807493174,0.09081990015022877,0.014298888341393846
5.334838230116768,0.15744223807493174,0.08118588289358457,0.01278208710285527
5.716382153889739,0.15744223807493174,0.07238057192449487,0.011395759236936042
6.125213834008588,0.15744223807493174,0.06435159448317236,0.010131659059121088
6.563284871848655,0.15744223807493174,0.05704856363700675,0.00898185353797051
7.032686445959767,0.15744223807493174,0.05042303575798704,0.007938715600269791
7.535659294528738,0.15744223807493174,0.04442847336575711,0.006994918280957294
8.07460441178074,0.15744223807493174,0.03902021390503311,0.006143429807370985
8.652094509379817,0.15744223807493174,0.034155444612930186,0.005377509642304099
9.270886297540766,0.15744223807493174,0.029793183247611803,0.004690705449880565
9.933933644477731,0.15744223807493174,0.025894264104572212,0.004076850893927217
10.644401677007258,0.15744223807493174,0.02242132845002349,0.0035300641317848385
11.405681889616837,0.15744223807493174,0.01933881826018161,0.0030447468286073504
12.221408334123376,0.15744223807493174,0.01661297197677821,0.0026155834891000845
13.095474967204968,0.15744223807493174,0.01421182087657891,0.002237540885928622
14.032054238615942,0.15744223807493174,0.012105184607211123,0.0019058673568695327
15.035617008818157,0.15744223807493174,0.010264664461613745,0.0016160917459246823
16.110953891107577,0.15744223807493174,0.00866363304472873,0.0013640217764220263
17.263198120114698,0.15744223807493174,0.0072772191220817125,0.0011457416655422346
18.497850055844463,0.15744223807493174,0.006082286622087889,0.0009576088183947338
19.82080344022787,0.15744223807493174,0.00505740698224543,0.0007962494741405072
21.23837353152414,0.15744223807493174,0.004182824272898615,0.000658553214999307
22.757327250875505,0.15744223807493174,0.0034404127897056,0.0005416662895128691
24.384915484922956,0.15744223807493174,0.002813627066279868,0.00044298374242330673
26.12890769868241,0.15744223807493174,0.0022874445113452166,0.00036014038333840947
27.997629023909713,0.15744223807493174,0.001848301110887729,0.00029100066353454667
30.0,0.15744223807493174,0.0014840208473218786,0.00023364756355221316
0.03,0.1687023975571047,4.965502386903094,0.8376921577460781
0.03214557915712819,0.1687023975571047,4.908234029146637,0.8280308484884058
0.034444608644906484,0.1687023975571047,4.848276134121406,0.817915807845172
0.03690806312437145,0.1687023975571047,4.785587937759309,0.8073401588203557
0.0395477021566922,0.1687023975571047,4.720138497805938,0.7962986813814523
0.04237612633868262,0.1687023975571047,4.651907839677385,0.7847880057682662
0.045406837453086234,0.1687023975571047,4.580888087678149,0.7728068033320842
0.04865430292076789,0.1687023975571047,4.507084559683058,0.7603559712111394
0.052134024862481254,0.1687023975571047,4.430516801225834,0.7474388067838326
0.05586261409988602,0.1687023975571047,4.351219533196984,0.7340611675476371
0.05985786944906639,0.1687023975571047,4.269243486174,0.7202316118726058
0.06413886268506694,0.1687023975571047,4.184656093925914,0.7059615159972503
0.0687260295830332,0.1687023975571047,4.097542018979736,0.6912651626928608
0.07364126747055089,0.1687023975571047,4.008003484416445,0.676159797238284
0.07890803975686143,0.1687023975571047,3.9161603883563774,0.6606656467338831
0.0845514879379336,0.1687023975571047,3.8221501809361325,0.6448058993472471
0.09059855161206047,0.1687023975571047,3.726127487960103,0.6286066408223011
0.09707809707888847,0.1687023975571047,3.6282634707632715,0.6120967464866259
0.10402105513575949,0.1687023975571047,3.5287449180224786,0.5953077280378409
0.11146056872915173,0.1687023975571047,3.427773072117289,0.578273535547869
0.11943215116604915,0.1687023975571047,3.3255621999309866,0.561030316353637
0.12797385564047778,0.1687023975571047,3.2223379254152547,0.5436161337567402
0.13712645688446246,0.1687023975571047,3.118335348505816,0.5260706496800007
0.1469336458105338,0.1687023975571047,3.013796981744828,0.5084347765707182
0.15744223807493174,0.1687023975571047,2.9089705419196124,0.49075030484482873
0.1687023975571047,0.1687023975571047,2.8041066388741775,0.4730595129838681
0.1807678758223073,0.1687023975571047,2.699456407145244,0.4554047679862904
0.1936962687103966,0.1687023975571047,2.5952691280376987,0.4378281242058963
0.2075492912756809,0.1687023975571047,2.491789890083113,0.42037092866557546
0.22239307239027523,0.1687023975571047,2.389257334501659,0.4030734407113272
0.23829847041728436,0.1687023975571047,2.2879015293816405,0.3859744733812494
0.2553414114607129,0.1687023975571047,2.1879420119522335,0.3691110631322572
0.27360325180677286,0.1687023975571047,2.0895860327750135,0.35251817363098353
0.29317116628674317,0.1687023975571047,1.993027029193622,0.33622843822107773
0.3141385644152698,0.1687023975571047,1.8984433482697751,0.32027194447944857
0.33660553629058904,0.1687023975571047,1.8059972320233952,0.3046760630238415
0.3606793303852239,0.1687023975571047,1.715834070405302,0.28946532148754045
0.38647486550794,0.1687023975571047,1.6280819203588297,0.27466132338390975
0.4141152793808653,0.1687023975571047,1.542851282828683,0.2602827104872535
0.4437325164504621,0.1687023975571047,1.460235123857531,0.24634516639186124
0.47546795773833395,0.1687023975571047,1.380309121122271,0.23286145810326714
0.5094730957385232,0.1687023975571047,1.303132113492384,0.2198415118798222
0.5459102575829949,0.1687023975571047,1.2287467284749767,0.2072925190841773
0.5849533799274136,0.1687023975571047,1.1571801607259034,0.19521906751997564
0.6267888392562115,0.1687023975571047,1.0884450740911278,0.18362329360839372
0.6716163415705015,0.1687023975571047,1.0225405998003316,0.17250505078579584
0.7196498757058468,0.1687023975571047,0.9594534043448975,0.16186208965731042
0.7711187348306588,0.1687023975571047,0.8991588020998222,0.15169024569881426
0.8262686110014498,0.1687023975571047,0.8416218897540446,0.14198363063804856
0.8853627679999155,0.1687023975571047,0.7867986819588232,0.13273482404122336
0.9486832980505137,0.1687023975571047,0.7346372301610863,0.1239350620628858
1.0165324684176076,0.1687023975571047,0.6850787092432289,0.11557442076465933
1.089234164310304,0.1687023975571047,0.6380584592442672,0.10764199185610004
1.1671354349828413,0.1687023975571047,0.593506972008875,0.10012604914475463
1.2506081504110058,0.1687023975571047,0.5513508150378754,0.09301420439195335
1.3400507764528888,0.1687023975571047,0.511513487050703,0.08629355164824863
1.4358902769679147,0.1687023975571047,0.47391620178722044,0.07995079948266072
1.5385841519740941,0.1687023975571047,0.43847859835691333,0.07397239082029003
1.6486226215728734,0.1687023975571047,0.40511937798307013,0.06834461036258686
1.7665309660667667,0.1687023975571047,0.3737568682925565,0.06305367978438929
1.8928720334405786,0.1687023975571047,0.34430951737951365,0.05808584108365356
2.0282489261759444,0.1687023975571047,0.3166963207400329,0.05342742860635737
2.1733078802249692,0.1687023975571047,0.2908371848538206,0.04906493038359839
2.3287413498860743,0.1687023975571047,0.2666532316988295,0.044985039503942684
2.4952913133080123,0.1687023975571047,0.2440670488467623,0.04117469630513579
2.673752814401236,0.1687023975571047,0.22300289002134366,0.03762112220876401
2.8649777580643074,0.1687023975571047,0.20338683112593767,0.03431184604248765
3.0698789768422605,0.1687023975571047,0.1851468867789865,0.03123472369984883
3.289434588429555,0.1687023975571047,0.1682130923491307,0.028377951979793013
3.524692664818587,0.1687023975571047,0.1525175563686371,0.02573007742893994
3.776776235382502,0.1687023975571047,0.137994488033522,0.023280000980920354
4.046888647774959,0.1687023975571047,0.12458020427916972,0.021016979150049808
4.336319312237784,0.1687023975571047,0.11221312065722355,0.018930622492238286
4.646449856737443,0.1687023975571047,0.10083372993788817,0.01701089199514734
4.978760722312678,0.1687023975571047,0.09038457202550233,0.015248094002875058
5.334838230116768,0.1687023975571047,0.08081019840819535,0.013632874218527883
5.716382153889739,0.1687023975571047,0.07205713396865984,0.012156211261606407
6.125213834008588,0.1687023975571047,0.06407383856733612,0.010809410186996486
6.563284871848655,0.1687023975571047,0.056810670377332534,0.009584096299482385
7.032686445959767,0.1687023975571047,0.05021985250908914,0.008472209523247518
7.535659294528738,0.1687023975571047,0.04425544402025126,0.00746599951117062
8.07460441178074,0.1687023975571047,0.038873315971597634,0.006558021605403412
8.652094509379817,0.1687023975571047,0.034031132773145734,0.005741133690413847
9.270886297540766,0.1687023975571047,0.029688338676026823,0.005008493914133045
9.933933644477731,0.1687023975571047,0.025806148915549634,0.0043535591937689
10.644401677007258,0.1687023975571047,0.022347544708446843,0.003770084371829571
11.405681889616837,0.1687023975571047,0.01927727106066926,0.003252121846293095
12.221408334123376,0.1687023975571047,0.01656183615744722,0.0027940214677092917
13.095474967204968,0.1687023975571047,0.014169510988524403,0.0023904304759758076
14.032054238615942,0.1687023975571047,0.01207032780976279,0.002036293240807179
15.035617008818157,0.1687023975571047,0.010236076056259808,0.0017268505722679026
16.110953891107577,0.1687023975571047,0.008640294397633443,0.0014576383804799818
17.263198120114698,0.1687023975571047,0.007258257756735709,0.0012244854856487666
18.497850055844463,0.1687023975571047,0.006066958290272341,0.0010235104094478966
19.82080344022787,0.1687023975571047,0.005045079543670341,0.0008511170148834901
21.23837353152414,0.1687023975571047,0.004172963232138805,0.0007039889021794612
22.757327250875505,0.1687023975571047,0.0034325683539659876,0.0005790825110927065
24.384915484922956,0.1687023975571047,0.002807422599628495,0.0004736189235133267
26.12890769868241,0.1687023975571047,0.0022825662708871,0.0003850744024816335
27.997629023909713,0.1687023975571047,0.0018444891584033644,0.00031116974329073384
30.0,0.1687023975571047,0.0014810610365974313,0.00024985854780239746
0.03,0.1807678758223073,4.680850164150188,0.8461473412159279
0.03214557915712819,0.1807678758223073,4.629646979688248,0.8368914503254054
0.034444608644906484,0.1807678758223073,4.575973174096239,0.8271889505012383
0.03690806312437145,0.1807678758223073,4.5197829730180485,0.8170315672103055
0.0395477021566922,0.1807678758223073,4.461038778540202,0.8064125039576527
0.04237612633868262,0.1807678758223073,4.399712236712026,0.7953266352598454
0.045406837453086234,0.1807678758223073,4.335785308612403,0.7837707002594312
0.04865430292076789,0.1807678758223073,4.269251326645378,0.7717434936692523
0.052134024862481254,0.1807678758223073,4.200116015472144,0.7592460503241526
0.05586261409988602,0.1807678758223073,4.128398454986074,0.7462818192559281
0.05985786944906639,0.1807678758223073,4.054131961136686,0.7328568229180036
0.06413886268506694,0.1807678758223073,3.9773648593389335,0.7189797969929891
0.0687260295830332,0.1807678758223073,3.8981611247948535,0.7046623061422619
0.07364126747055089,0.1807678758223073,3.816600864424265,0.6899188311235562
0.07890803975686143,0.1807678758223073,3.7327806163493547,0.6747668229281558
0.0845514879379336,0.1807678758223073,3.6468134450755683,0.659226719986541
0.09059855161206047,0.1807678758223073,3.5588288136908637,0.6433219250661193
0.09707809707888847,0.1807678758223073,3.46897221855433,0.6270787392346631
0.10402105513575949,0.1807678758223073,3.3774045769979226,0.6105262511764528
0.11146056872915173,0.1807678758223073,3.284301364401658,0.5936961812031933
0.11943215116604915,0.1807678758223073,3.1898515034479162,0.5766226804668731
0.12797385564047778,0.1807678758223073,3.094256015189922,0.5593420871162792
0.13712645688446246,0.1807678758223073,2.9977264485171724,0.5418926423947985
0.1469336458105338,0.1807678758223073,2.9004831113731298,0.5243141709013974
0.15744223807493174,0.1807678758223073,2.8027531333728977,0.5066477303741347
0.1687023975571047,0.1807678758223073,2.704768394983023,0.48893523735239247
0.1807678758223073,0.1807678758223073,2.6067633628911038,0.47121907588123924
0.1936962687103966,0.1807678758223073,2.508972874383412,0.45354169699807806
0.2075492912756809,0.1807678758223073,2.4116299152996565,0.4359452170582498
0.22239307239027523,0.1807678758223073,2.3149634363537634,0.41847102299597894
0.23829847041728436,0.1807678758223073,2.219196251286327,0.40115939237785664
0.2553414114607129,0.1807678758223073,2.1245430575173008,0.3840491356004325
0.27360325180677286,0.1807678758223073,2.0312086158412863,0.3671772668375984
0.29317116628674317,0.1807678758223073,1.939386120462051,0.3505787093951903
0.3141385644152698,0.1807678758223073,1.849255784557793,0.3342860400266266
0.33660553629058904,0.1807678758223073,1.7609836598960422,0.3183292755572
0.3606793303852239,0.1807678758223073,1.6747207020818344,0.3027357039109764
0.38647486550794,0.1807678758223073,1.590602086123567,0.28752976038708794
0.4141152793808653,0.1807678758223073,1.5087467704128232,0.2727329488412924
0.4437325164504621,0.1807678758223073,1.4292573011751906,0.25836380633696293
0.47546795773833395,0.1807678758223073,1.3522198441485231,0.24443790887149996
0.5094730957385232,0.1807678758223073,1.277704425819521,0.2309679149841556
0.5459102575829949,0.1807678758223073,1.2057653630797847,0.21796364342404576
0.5849533799274136,0.1807678758223073,1.13644185767629,0.20543218060769983
0.6267888392562115,0.1807678758223073,1.0697587303083447,0.193378013320208
0.6716163415705015,0.1807678758223073,1.0057272686028236,0.18180318200190348
0.7196498757058468,0.1807678758223073,0.944346163389968,0.17070744999695006
0.7711187348306588,0.1807678758223073,0.8856025085892582,0.16008848430058686
0.8262686110014498,0.1807678758223073,0.829472841472448,0.1499420436052679
0.8853627679999155,0.1807678758223073,0.7759242019679271,0.14026216978886114
0.9486832980505137,0.1807678758223073,0.7249151918794131,0.13104137938736182
1.0165324684176076,0.1807678758223073,0.676397017293402,0.12227085202867273
1.089234164310304,0.1807678758223073,0.6303144999373775,0.11394061325367959
1.1671354349828413,0.1807678758223073,0.5866070457334954,0.10603970959964305
1.2506081504110058,0.1807678758223073,0.5452095611958699,0.09855637425538966
1.3400507764528888,0.1807678758223073,0.5060533105860293,0.09147818200748285
1.4358902769679147,0.1807678758223073,0.46906670882882046,0.08479219257394659
1.5385841519740941,0.1807678758223073,0.43417604707284124,0.07848508176228361
1.6486226215728734,0.1807678758223073,0.4013061494407171,0.07254326018882784
1.7665309660667667,0.1807678758223073,0.3703809609512028,0.06695297955617388
1.8928720334405786,0.1807678758223073,0.3413240678114613,0.06170042670530703
2.0282489261759444,0.1807678758223073,0.3140591522846048,0.056771805841042536
2.1733078802249692,0.1807678758223073,0.28851038514964344,0.0521534094761768
2.3287413498860743,0.1807678758223073,0.2646027594060257,0.0478316787545483
2.4952913133080123,0.1807678758223073,0.2422623693518909,0.04379325389942056
2.673752814401236,0.1807678758223073,0.22141663950287285,0.0400250155946479
2.8649777580643074,0.1807678758223073,0.20199450803492186,0.03651411814524481
3.0698789768422605,0.1807678758223073,0.18392656954671824,0.03324801528424413
3.289434588429555,0.1807678758223073,0.16714518195953407,0.030214479496758012
3.524692664818587,0.1807678758223073,0.15158454231747945,0.02740161572222741
3.776776235382502,0.1807678758223073,0.13718073612944925,0.024797870273860986
4.046888647774959,0.1807678758223073,0.1238717647144161,0.022392035781785637
4.336319312237784,0.1807678758223073,0.11159755478092957,0.020173252924712216
4.646449856737443,0.1807678758223073,0.10029995419559687,0.018131009665012764
4.978760722312678,0.1807678758223073,0.08992271757886461,0.016255138644900607
5.334838230116768,0.1807678758223073,0.0804114850143312,0.014535813337757946
5.716382153889739,0.1807678758223073,0.07171375677490692,0.012963543479437522
6.125213834008588,0.1807678758223073,0.0637788665608576,0.011529170230560614
6.563284871848655,0.1807678758223073,0.05655795531742206,0.010223861443583357
7.032686445959767,0.1807678758223073,0.050003947260663324,0.009039107329040792
7.535659294528738,0.1807678758223073,0.044071529298027115,0.007966716735444943
8.07460441178074,0.1807678758223073,0.03871713459422256,0.006998814178523982
8.652094509379817,0.1807678758223073,0.03389893061377268,0.006127837679699471
9.270886297540766,0.1807678758223073,0.029576811579437704,0.005346537402811575
9.933933644477731,0.1807678758223073,0.025712394931064496,0.004647975013992791
10.644401677007258,0.1807678758223073,0.022269021061839648,0.004025523633990976
11.405681889616837,0.1807678758223073,0.019211755356640048,0.0034728682066376554
12.221408334123376,0.1807678758223073,0.016507391366534493,0.0029840060726959348
13.095474967204968,0.1807678758223073,0.014124453828497082,0.0025532475157276735
14.032054238615942,0.1807678758223073,0.01203320018147301,0.0021752160361494786
15.035617008818157,0.1807678758223073,0.010205619237772069,0.0018448481110633318
16.110953891107577,0.1807678758223073,0.008615425738405236,0.0015573922100363478
17.263198120114698,0.1807678758223073,0.007238049646055556,0.001308406859613866
18.497850055844463,0.1807678758223073,0.006050619201500075,0.0010937575804648336
19.82080344022787,0.1807678758223073,0.005031936978578415,0.0009096125588893391
21.23837353152414,0.1807678758223073,0.004162448408373923,0.000752436957001698
22.757327250875505,0.1807678758223073,0.0034242024939098886,0.0006189858112095377
24.384915484922956,0.1807678758223073,0.0028008046913049747,0.0005062955146403534
26.12890769868241,0.1807678758223073,0.0022773621815862996,0.000411673924043411
27.997629023909713,0.1807678758223073,0.0018404219898807154,0.00033268917372740085
30.0,0.1807678758223073,0.0014779026175079724,0.0002671573168391441
0.03,0.1936962687103966,4.409964232027201,0.8541936168899785
0.03214557915712819,0.1936962687103966,4.364221594950801,0.845333438767306
0.034444608644906484,0.1936962687103966,4.316215642034087,0.8360348648114515
0.03690806312437145,0.1936962687103966,4.265897305932983,0.826288390860952
0.0395477021566922,0.1936962687103966,4.21322424367162,0.8160858152393756
0.04237612633868262,0.1936962687103966,4.15816181813514,0.8054204288668154
0.045406837453086234,0.1936962687103966,4.100684096910339,0.794287208731595
0.04865430292076789,0.1936962687103966,4.04077485348278,0.782683011818414
0.052134024862481254,0.1936962687103966,3.978428553531147,0.7706067661498837
0.05586261409988602,0.1936962687103966,3.9136513069450367,0.7580596551888207
0.05985786944906639,0.1936962687103966,3.8464617643406367,0.7450452914899902
0.06413886268506694,0.1936962687103966,3.7768919353784565,0.7315698752051955
0.0687260295830332,0.1936962687103966,3.7049879052209063,0.7176423328584381
0.07364126747055089,0.1936962687103966,3.6308104251255995,0.7032744317416375
0.07890803975686143,0.1936962687103966,3.5544353535626287,0.6884808653574005
0.0845514879379336,0.1936962687103966,3.4759539254628247,0.6732793055714053
0.09059855161206047,0.1936962687103966,3.3954728293131597,0.6576904175454924
0.09707809707888847,0.1936962687103966,3.3131140748435453,0.6417378341090924
0.10402105513575949,0.1936962687103966,3.2290146379811855,0.6254480869882078
0.11146056872915173,0.1936962687103966,3.143325874520437,0.6088504932354529
0.11943215116604915,0.1936962687103966,3.0562126994522263,0.5919769962692251
0.12797385564047778,0.1936962687103966,2.967852534951037,0.5748619621027078
0.13712645688446246,0.1936962687103966,2.878434036416491,0.5575419325828802
0.1469336458105338,0.1936962687103966,2.7881556124603426,0.5400553387175189
0.15744223807493174,0.1936962687103966,2.6972237610426233,0.5224421783909785
0.1687023975571047,0.1936962687103966,2.6058512498076127,0.5047436639020582
0.1807678758223073,0.1936962687103966,2.5142551737737118,0.48700184574577776
0.1936962687103966,0.1936962687103966,2.422654927639923,0.469259219856709
0.2075492912756809,0.1936962687103966,2.3312701328771492,0.4515583260942943
0.22239307239027523,0.1936962687103966,2.2403185613248704,0.4339413460512712
0.23829847041728436,0.1936962687103966,2.150014097131607,0.41644970828914446
0.2553414114607129,0.1936962687103966,2.060564777554543,0.39912370884838333
0.27360325180677286,0.1936962687103966,1.9721709504388631,0.3820021543590443
0.29317116628674317,0.1936962687103966,1.8850235822698018,0.365122034316766
0.3141385644152698,0.1936962687103966,1.7993027457297437,0.34851822812822286
0.33660553629058904,0.1936962687103966,1.7151763099440662,0.33222325141663234
0.3606793303852239,0.1936962687103966,1.6327988503371589,0.31626704486493296
0.38647486550794,0.1936962687103966,1.5523107885293392,0.30067680761702653
0.4141152793808653,0.1936962687103966,1.4738377662645101,0.28547687600990124
0.4437325164504621,0.1936962687103966,1.3974902512228964,0.27068864722102975
0.47546795773833395,0.1936962687103966,1.3233633669628517,0.2563305463287317
0.5094730957385232,0.1936962687103966,1.2515369343252014,0.2424180343320402
0.5459102575829949,0.1936962687103966,1.182075707547237,0.22896365388510184
0.5849533799274136,0.1936962687103966,1.1150297851438598,0.21597710888332086
0.6267888392562115,0.1936962687103966,1.0504351733435655,0.20346537359880731
0.6716163415705015,0.1936962687103966,0.9883144784956153,0.1914328267970622
0.7196498757058468,0.1936962687103966,0.9286777043332225,0.17988140616388212
0.7711187348306588,0.1936962687103966,0.8715231301984891,0.16881077841425254
0.8262686110014498,0.1936962687103966,0.8168382472008292,0.1582185206227412
0.8853627679999155,0.1936962687103966,0.7646007306730215,0.14810030858460715
0.9486832980505137,0.1936962687103966,0.7147794290857091,0.1384501083648494
1.0165324684176076,0.1936962687103966,0.667335351663039,0.12926036759567103
1.089234164310304,0.1936962687103966,0.6222226391985016,0.12052220351988514
1.1671354349828413,0.1936962687103966,0.5793895049023041,0.11222558522954036
1.2506081504110058,0.1936962687103966,0.5387791344355998,0.10435950799919284
1.3400507764528888,0.1936962687103966,0.5003305365340625,0.09691215804851866
1.4358902769679147,0.1936962687103966,0.46397933774056455,0.08987106647906826
1.5385841519740941,0.1936962687103966,0.429658516715986,0.08322325150753004
1.6486226215728734,0.1936962687103966,0.39729907535358056,0.07695534845807925
1.7665309660667667,0.1936962687103966,0.36683064547278027,0.07105372727670388
1.8928720334405786,0.1936962687103966,0.3381820312092872,0.06550459759014182
2.0282489261759444,0.1936962687103966,0.31128168835398323,0.06029410155203907
2.1733078802249692,0.1936962687103966,0.28605814283338465,0.05540839490105229
2.3287413498860743,0.1936962687103966,0.26244035128282633,0.050833716802529204
2.4952913133080123,0.1936962687103966,0.24035800725636802,0.046556449160224916
2.673752814401236,0.1936962687103966,0.2197417970615975,0.04256316617054862
2.8649777580643074,0.1936962687103966,0.20052360952011594,0.03884067495238702
3.0698789768422605,0.1936962687103966,0.1826367041516611,0.03537604812374136
3.289434588429555,0.1936962687103966,0.16601584237631317,0.03215664921510521
3.524692664818587,0.1936962687103966,0.1505973863380803,0.029170151811224215
3.776776235382502,0.1936962687103966,0.13631936988555268,0.026404553299783962
4.046888647774959,0.1936962687103966,0.12312154611072886,0.023848184079503225
4.336319312237784,0.1936962687103966,0.11094541565340675,0.021489713042588916
4.646449856737443,0.1936962687103966,0.09973423973244762,0.01931815009884329
4.978760722312678,0.1936962687103966,0.08943304157260247,0.017322846452034878
5.334838230116768,0.1936962687103966,0.0799885995620381,0.015493493274536843
5.716382153889739,0.1936962687103966,0.07134943510680518,0.013820119354782742
6.125213834008588,0.1936962687103966,0.06346579775040512,0.012293088214982152
6.563284871848655,0.1936962687103966,0.05628964970625005,0.010903095115115906
7.032686445959767,0.1936962687103966,0.049774651516068205,0.009641164275022696
7.535659294528738,0.1936962687103966,0.04387615010715548,0.008498646561133286
8.07460441178074,0.1936962687103966,0.038551170085669495,0.007467217800014042
8.652094509379817,0.1936962687103966,0.03375840868248005,0.006538877799397042
9.270886297540766,0.1936962687103966,0.02945823437323192,0.005705950080891371
9.933933644477731,0.1936962687103966,0.025612688835849207,0.004961082259144423
10.644401677007258,0.1936962687103966,0.022185491596506846,0.004297246941749236
11.405681889616837,0.1936962687103966,0.019142046457529014,0.0037077429743044353
12.221408334123376,0.1936962687103966,0.016449448604285193,0.0031861968169934834
13.095474967204968,0.1936962687103966,0.014076491157123039,0.0027265638136696256
14.032054238615942,0.1936962687103966,0.011993669870300074,0.0023231291020214305
15.035617008818157,0.1936962687103966,0.01017318468159413,0.0019705079137265474
16.110953891107577,0.1936962687103966,0.008588936879981954,0.0016636450258416201
17.263198120114698,0.1936962687103966,0.007216520778234321,0.0013978131478150355
18.497850055844463,0.1936962687103966,0.006033208944204152,0.0011686100608425357
19.82080344022787,0.1936962687103966,0.00501793024916554,0.0009719543659123959
21.23837353152414,0.1936962687103966,0.004151240222989286,0.0008040797417135395
22.757327250875505,0.1936962687103966,0.0034152834530161913,0.0006615276614375954
24.384915484922956,0.1936962687103966,0.002793748015154618,0.000541138566252526
26.12890769868241,0.1936962687103966,0.002271812171570566,0.000440041540844082
27.997629023909713,0.1936962687103966,0.001836083799973431,0.0003556425810944598
30.0,0.1936962687103966,0.0014745332268886547,0.00028561158413783306
0.03,0.2075492912756809,4.1524696033595125,0.8618421232210745
0.03214557915712819,0.2075492912756809,4.111635638300182,0.8533670627130346
0.034444608644906484,0.2075492912756809,4.06873346883136,0.8444627478455915
0.03690806312437145,0.2075492912756809,4.023712157497945,0.8351186065860393
0.0395477021566922,0.2075492912756809,3.976526222420946,0.8253251992026279
0.04237612633868262,0.2075492912756809,3.9271365292053604,0.8150744033794098
0.045406837453086234,0.2075492912756809,3.8755112102248286,0.8043596050131194
0.04865430292076789,0.2075492912756809,3.8216265992990444,0.7931758922048072
0.052134024862481254,0.2075492912756809,3.7654681676075725,0.7815202495080884
0.05586261409988602,0.2075492912756809,3.707031444569455,0.769391749057054
0.05985786944906639,0.2075492912756809,3.64632290545328,0.7567917347891098
0.06413886268506694,0.2075492912756809,3.58336080577035,0.743723995622689
0.0687260295830332,0.2075492912756809,3.5181759411554596,0.7301949231699673
0.07364126747055089,0.2075492912756809,3.450812310570382,0.7162136493842776
0.07890803975686143,0.2075492912756809,3.3813276603863627,0.7017921594840458
0.0845514879379336,0.2075492912756809,3.309793887316126,0.6869453755810427
0.09059855161206047,0.2075492912756809,3.236297279357264,0.6716912066880144
0.09707809707888847,0.2075492912756809,3.1609385759358126,0.656050561201438
0.10402105513575949,0.2075492912756809,3.083832831325255,0.640047318554233
0.11146056872915173,0.2075492912756809,3.005109069145384,0.6237082575072456
0.11943215116604915,0.2075492912756809,2.924909720254481,0.6070629394841676
0.12797385564047778,0.2075492912756809,2.8433898415259793,0.5901435464291875
0.13712645688446246,0.2075492912756809,2.760716118688525,0.572984673847152
0.1469336458105338,0.2075492912756809,2.677065662404721,0.5556230809305611
0.15744223807493174,0.2075492912756809,2.592624612832761,0.538097400937326
0.1687023975571047,0.2075492912756809,2.5075865737979495,0.5204478162041773
0.1807678758223073,0.2075492912756809,2.4221509031310937,0.5027157033076088
0.1936962687103966,0.2075492912756809,2.3365208904494223,0.48494325486360046
0.2075492912756809,0.2075492912756809,2.25090185743029,0.4671730852407704
0.22239307239027523,0.2075492912756809,2.1654992182667065,0.44944782800929595
0.23829847041728436,0.2075492912756809,2.0805165393602847,0.4318097332315593
0.2553414114607129,0.2075492912756809,1.9961536373297852,0.4143002727051695
0.27360325180677286,0.2075492912756809,1.91260475309082,0.3969597609944983
0.29317116628674317,0.2075492912756809,1.8300568371631512,0.37982699954742616
0.3141385644152698,0.2075492912756809,1.7486879776208142,0.36293895041750374
0.33660553629058904,0.2075492912756809,1.668665997406388,0.346330445137523
0.3606793303852239,0.2075492912756809,1.590147242315915,0.3300339331666466
0.38647486550794,0.2075492912756809,1.5132755750828357,0.314079273113241
0.4141152793808653,0.2075492912756809,1.4381815849145532,0.29849356867475096
0.4437325164504621,0.2075492912756809,1.3649820158232695,0.2833010499881698
0.47546795773833395,0.2075492912756809,1.2937794113805754,0.26852299989910605
0.5094730957385232,0.2075492912756809,1.224661968316093,0.2541777235762855
0.5459102575829949,0.2075492912756809,1.1577035868346386,0.24028055895484293
0.5849533799274136,0.2075492912756809,1.092964101757124,0.22684392470945228
0.6267888392562115,0.2075492912756809,1.0304896756625956,0.213877401850678
0.6716163415705015,0.2075492912756809,0.9703133331411798,0.20138784460879552
0.7196498757058468,0.2075492912756809,0.9124556140379779,0.18937951601409855
0.7711187348306588,0.2075492912756809,0.8569253231192825,0.17785424348959092
0.8262686110014498,0.2075492912756809,0.8037203538419422,0.16681158982373456
0.8853627679999155,0.2075492912756809,0.7528285647529116,0.15624903506655485
0.9486832980505137,0.2075492912756809,0.7042286883778087,0.14616216516881653
1.0165324684176076,0.2075492912756809,0.657891254160481,0.1365448635374767
1.089234164310304,0.2075492912756809,0.6137795089793009,0.1273895020881893
1.1671354349828413,0.2075492912756809,0.5718503208873569,0.11868712881594161
1.2506081504110058,0.2075492912756809,0.5320550539115563,0.11042764935898769
1.3400507764528888,0.2075492912756809,0.4943404039221759,0.10260000048298143
1.4358902769679147,0.2075492912756809,0.45864918768638063,0.09519231384847504
1.5385841519740941,0.2075492912756809,0.424921079198053,0.08819206883565336
1.6486226215728734,0.2075492912756809,0.3930932891969301,0.08158623357804912
1.7665309660667667,0.2075492912756809,0.363101185430024,0.07536139369736107
1.8928720334405786,0.2075492912756809,0.3348788526556865,0.06950386853190091
2.0282489261759444,0.2075492912756809,0.30835959264248014,0.06399981491100443
2.1733078802249692,0.2075492912756809,0.28347636547509736,0.05883531874776235
2.3287413498860743,0.2075492912756809,0.2601621743569623,0.05399647490452765
2.4952913133080123,0.2075492912756809,0.23835039680636028,0.04946945593243739
2.673752814401236,0.2075492912756809,0.21797506569443545,0.04524057040065006
2.8649777580643074,0.2075492912756809,0.19897110398454831,0.041296311616332806
3.0698789768422605,0.2075492912756809,0.18127451731845604,0.03762339759578669
3.289434588429555,0.2075492912756809,0.16482254876997537,0.034208803183459736
3.524692664818587,0.2075492912756809,0.14955380016430808,0.03103978523168695
3.776776235382502,0.2075492912756809,0.1354083243526564,0.02810390175222136
4.046888647774959,0.2075492912756809,0.1223276927472333,0.025389025933077524
4.336319312237784,0.2075492912756809,0.11025504226990661,0.022883355882689357
4.646449856737443,0.2075492912756809,0.09913510565609825,0.020575420919462937
4.978760722312678,0.2075492912756809,0.08891422879088605,0.01845408516987214
5.334838230116768,0.2075492912756809,0.07954037844294894,0.016508549173633497
5.716382153889739,0.2075492912756809,0.07096314341042867,0.014728350121528974
6.125213834008588,0.2075492912756809,0.0631337317078031,0.013103361271543518
6.563284871848655,0.2075492912756809,0.056004966012017335,0.011623791003712795
7.032686445959767,0.2075492912756809,0.04953127915783867,0.01028018188518732
7.535659294528738,0.2075492912756809,0.04366871103612989,0.009063410026471264
8.07460441178074,0.2075492912756809,0.038374907814724725,0.007964684919715706
8.652094509379817,0.2075492912756809,0.03360912398076172,0.006975549862603585
9.270886297540766,0.2075492912756809,0.029332227306784812,0.006087882989060362
9.933933644477731,0.2075492912756809,0.025506706481522656,0.005293898853016843
10.644401677007258,0.2075492912756809,0.022096680830043933,0.004586150445820543
11.405681889616837,0.2075492912756809,0.019067911285591398,0.0039575314734320525
12.221408334123376,0.2075492912756809,0.016387811573571002,0.0034012786776540624
13.095474967204968,0.2075492912756809,0.014025458431298762,0.002910973957232581
14.032054238615942,0.2075492912756809,0.011951599616974612,0.0024805460301137797
15.035617008818157,0.2075492912756809,0.010138658456980617,0.002104271377232515
16.110953891107577,0.2075492912756809,0.008560733738351794,0.0017767742201947251
17.263198120114698,0.2075492912756809,0.007193593867043766,0.0014930253088300182
18.497850055844463,0.2075492912756809,0.006014664374262742,0.0012483393281393187
19.82080344022787,0.2075492912756809,0.005003008052907886,0.001038370775627556
21.23837353152414,0.2075492912756809,0.0041392972333608976,0.000859108207163441
22.757327250875505,0.2075492912756809,0.00340577795128019,0.0007068668000305439
24.384915484922956,0.2075492912756809,0.0027862260086663516,0.0005782792334325704
26.12890769868241,0.2075492912756809,0.002265895172831823,0.0004702849372262313
27.997629023909713,0.2075492912756809,0.001831457986610137,0.0003801178071221194
30.0,0.2075492912756809,0.0014709398690855953,0.0003052925273378581
0.03,0.22239307239027523,3.9079667312956365,0.8691047281718177
0.03214557915712819,0.22239307239027523,3.8715390176666675,0.8610034570177182
0.034444608644906484,0.22239307239027523,3.833225730694657,0.8524828474146424
0.03690806312437145,0.22239307239027523,3.7929752238635084,0.8435314135351976
0.0395477021566922,0.22239307239027523,3.750740208262018,0.834138638653131
0.04237612633868262,0.22239307239027523,3.706478554610798,0.8242951535085619
0.045406837453086234,0.22239307239027523,3.6601541295236655,0.8139929222867214
0.04865430292076789,0.22239307239027523,3.611737656673307,0.8032254341352298
0.052134024862481254,0.22239307239027523,3.5612075915147847,0.7919878976965452
0.05586261409988602,0.22239307239027523,3.508550996190224,0.7802774356807048
0.05985786944906639,0.22239307239027523,3.4537643992674805,0.7680932760652482
0.06413886268506694,0.22239307239027523,3.3968546231412247,0.7554369361034875
0.0687260295830332,0.22239307239027523,3.3378395603437445,0.7423123949706508
0.07364126747055089,0.22239307239027523,3.276748878779244,0.7287262506031056
0.07890803975686143,0.22239307239027523,3.213624635116872,0.7146878561127182
0.0845514879379336,0.22239307239027523,3.148521775358499,0.7002094311096605
0.09059855161206047,0.22239307239027523,3.0815085020320123,0.6853061433636539
0.09707809707888847,0.22239307239027523,3.0126664886271586,0.669996156493016
0.10402105513575949,0.22239307239027523,2.942090923841115,0.6543006398045688
0.11146056872915173,0.22239307239027523,2.8698903709552406,0.6382437370200027
0.11943215116604915,0.22239307239027523,2.796186431204077,0.6218524914114736
0.12797385564047778,0.22239307239027523,2.721113204260974,0.6051567258173446
0.13712645688446246,0.22239307239027523,2.644816543844481,0.5881888770942032
0.1469336458105338,0.22239307239027523,2.5674531117947175,0.57098378575
0.15744223807493174,0.22239307239027523,2.489189239588325,0.5535784427528604
0.1687023975571047,0.22239307239027523,2.410199611931778,0.5360116967713572
0.1807678758223073,0.22239307239027523,2.3306657925529253,0.5183239263207609
0.1936962687103966,0.22239307239027523,2.25077461735014,0.5005566824105437
0.2075492912756809,0.22239307239027523,2.1707164844169737,0.4827523082577078
0.22239307239027523,0.22239307239027523,2.0906835739220098,0.46495354340039685
0.23829847041728436,0.22239307239027523,2.0108680332127786,0.44720312007757984
0.2553414114607129,0.22239307239027523,1.9314601637052062,0.42954336000582477
0.27360325180677286,0.22239307239027523,1.85264664605375,0.41201577966943226
0.29317116628674317,0.22239307239027523,1.7746088387751335,0.39466071194614055
0.3141385644152698,0.22239307239027523,1.697521182989539,0.3775169513326182
0.33660553629058904,0.22239307239027523,1.6215497423763587,0.3606214292407377
0.3606793303852239,0.22239307239027523,1.5468509029977995,0.34400892484735224
0.38647486550794,0.22239307239027523,1.4735702525414731,0.327711815845612
0.4141152793808653,0.22239307239027523,1.4018416530146456,0.31175987221858914
0.4437325164504621,0.22239307239027523,1.3317865152375652,0.2961800948916202
0.47546795773833395,0.22239307239027523,1.263513277872691,0.2809965998720153
0.5094730957385232,0.22239307239027523,1.19711708841071,0.2662305473025585
0.5459102575829949,0.22239307239027523,1.1326796787003135,0.2519001137801925
0.5849533799274136,0.22239307239027523,1.0702694234039745,0.23802050535617822
0.6267888392562115,0.22239307239027523,1.0099415662892515,0.22460400786171345
0.6716163415705015,0.22239307239027523,0.9517385965820407,0.21166007060628875
0.7196498757058468,0.22239307239027523,0.8956907557295907,0.19919541907827118
0.7711187348306588,0.22239307239027523,0.8418166538236359,0.1872141920331391
0.8262686110014498,0.22239307239027523,0.7901239745628992,0.17571809827225882
0.8853627679999155,0.22239307239027523,0.7406102479103195,0.16470658847649935
0.9486832980505137,0.22239307239027523,0.6932636704282984,0.15417703764310847
1.0165324684176076,0.22239307239027523,0.648063954550638,0.14412493395790807
1.089234164310304,0.22239307239027523,0.6049831896660356,0.13454407029429827
1.1671354349828413,0.22239307239027523,0.5639866997418099,0.12542673494283274
1.2506081504110058,0.22239307239027523,0.525033884212517,0.11676389861902166
1.3400507764528888,0.22239307239027523,0.4880790309117337,0.10854539525372858
1.4358902769679147,0.22239307239027523,0.4530720918647444,0.10076009452408953
1.5385841519740941,0.22239307239027523,0.4199594147270356,0.09339606452036724
1.6486226215728734,0.22239307239027523,0.38868442450364876,0.08644072335561243
1.7665309660667667,0.22239307239027523,0.3591882518856161,0.07988097890333423
1.8928720334405786,0.22239307239027523,0.3314103060713087,0.07370335618899983
2.0282489261759444,0.22239307239027523,0.3052887912918386,0.06789411226170548
2.1733078802249692,0.22239307239027523,0.28076116742792434,0.06243933863217656
2.3287413498860743,0.22239307239027523,0.2577645560944583,0.05732505158316202
2.4952913133080123,0.22239307239027523,0.23623609438657722,0.05253727084010996
2.673752814401236,0.22239307239027523,0.21611323913856198,0.04806208723623907
2.8649777580643074,0.22239307239027523,0.19733402505740896,0.04388572011965674
3.0698789768422605,0.22239307239027523,0.179837280470086,0.03999456533405406
3.289434588429555,0.22239307239027523,0.16356280468085144,0.03637523466174504
3.524692664818587,0.22239307239027523,0.14845151108537052,0.033014587651254555
3.776776235382502,0.22239307239027523,0.1344455402433878,0.029899756763897407
4.046888647774959,0.22239307239027523,0.12148834708191021,0.027018166767162143
4.336319312237784,0.22239307239027523,0.10952476629542836,0.024357549279267175
4.646449856737443,0.22239307239027523,0.09850105983695655,0.02190595333083911
4.978760722312678,0.22239307239027523,0.08836495016106567,0.01965175275793294
5.334838230116768,0.22239307239027523,0.07906564259481486,0.01758365117717229
5.716382153889739,0.22239307239027523,0.07055383988167192,0.01569068522021655
6.125213834008588,0.22239307239027523,0.06278175157469813,0.01396222662274012
6.563284871848655,0.22239307239027523,0.05570310055662372,0.012387983674452
7.032686445959767,0.22239307239027523,0.049273128544955504,0.010958002443393625
7.535659294528738,0.22239307239027523,0.04344860200986525,0.00966266809203622
8.07460441178074,0.22239307239027523,0.03818781950198112,0.008492706506930852
8.652094509379817,0.22239307239027523,0.033450620967637366,0.007439186370355435
9.270886297540766,0.22239307239027523,0.029198399232048443,0.006493521714093106
9.933933644477731,0.22239307239027523,0.025394113467426798,0.0056474749146483115
10.644401677007258,0.22239307239027523,0.02200230414355247,0.004893160018149917
11.405681889616837,0.22239307239027523,0.0189891086916158,0.0042230462238813165
12.221408334123376,0.22239307239027523,0.016322276905275292,0.0036299613093690054
13.095474967204968,0.22239307239027523,0.013971184960411918,0.003107094748278812
14.032054238615942,0.22239307239027523,0.011906846859021363,0.0026480002554582593
15.035617008818157,0.22239307239027523,0.01010192209229069,0.002246597491151724
16.110953891107577,0.22239307239027523,0.00853071836970129,0.0018971726679340298
17.263198120114698,0.22239307239027523,0.007169188369051127,0.0015943778279379065
18.497850055844463,0.22239307239027523,0.005994919618573517,0.0013332285927073013
19.82080344022787,0.22239307239027523,0.004987116817231874,0.0011091002313534072
21.23837353152414,0.22239307239027523,0.004126576122123066,0.0009177219422512962
22.757327250875505,0.22239307239027523,0.0033956511716075085,0.0007551692968194315
24.384915484922956,0.22239307239027523,0.0027782108582652077,0.000617854848517623
26.12890769868241,0.22239307239027523,0.0022595891066106194,0.0005025169637587328
27.997629023909713,0.22239307239027523,0.001826527137229244,0.00040620698185262546
30.0,0.22239307239027523,0.0014671089034795394,0.00032627485657594254
0.03,0.23829847041728436,3.676036521735405,0.8759938803276214
0.03214557915712819,0.23829847041728436,3.6435587781194374,0.8682544837013315
0.034444608644906484,0.23829847041728436,3.6093655699469656,0.8601062944951717
0.03690806312437145,0.23829847041728436,3.5734054726654585,0.8515370583169318
0.0395477021566922,0.23829847041728436,3.5356304781978642,0.8425353349152827
0.04237612633868262,0.23829847041728436,3.4959967092782387,0.8330906684048638
0.045406837453086234,0.23829847041728436,3.45446517227517,0.8231937666629537
0.04865430292076789,0.23829847041728436,3.411002541463549,0.8128366882202332
0.052134024862481254,0.23829847041728436,3.365581965882153,0.802013034533714
0.05586261409988602,0.23829847041728436,3.3181838880256946,0.7907181450798005
0.05985786944906639,0.23829847041728436,3.268796861722707,0.7789492922533404
0.06413886268506694,0.23829847041728436,3.2174183547147646,0.7667058726210241
0.0687260295830332,0.23829847041728436,3.1640555197596174,0.7539895906740826
0.07364126747055089,0.23829847041728436,3.1087259166224483,0.7408046308776997
0.07890803975686143,0.23829847041728436,3.0514581661934055,0.72715781354622
0.0845514879379336,0.23829847041728436,2.9922925172764883,0.7130587299080726
0.09059855161206047,0.23829847041728436,2.931281306431569,0.6985198516854219
0.09707809707888847,0.23829847041728436,2.8684892917058757,0.6835566106218696
0.10402105513575949,0.23829847041728436,2.803993842234165,0.6681874436638856
0.11146056872915173,0.23829847041728436,2.737884967565592,0.6524337999493568
0.11943215116604915,0.23829847041728436,2.6702651732059053,0.6363201063835121
0.12797385564047778,0.23829847041728436,2.6012491322261155,0.6198736893837715
0.13712645688446246,0.23829847041728436,2.530963166822059,0.6031246513361828
0.1469336458105338,0.23829847041728436,2.459544538310244,0.5861057014025169
0.15744223807493174,0.23829847041728436,2.3871405490695143,0.5688519415143416
0.1687023975571047,0.23829847041728436,2.3139074652044376,0.5514006096453531
0.1807678758223073,0.23829847041728436,2.2400092740049673,0.5337907837159154
0.1936962687103966,0.23829847041728436,2.1656162953797633,0.5160630506997435
0.2075492912756809,0.23829847041728436,2.0909036711143236,0.49825914661642795
0.22239307239027523,0.23829847041728436,2.0160497598261977,0.4804215740517165
0.23829847041728436,0.23829847041728436,1.9412344686584293,0.46259320460261344
0.2553414114607129,0.23829847041728436,1.8666375549077177,0.4448168741579688
0.27360325180677286,0.23829847041728436,1.7924369318137512,0.4271349791706671
0.29317116628674317,0.23829847041728436,1.718807012586563,0.40958908204188
0.3141385644152698,0.23829847041728436,1.6459171254273381,0.3922195334229483
0.33660553629058904,0.23829847041728436,1.5739300298734595,0.37506511866267606
0.3606793303852239,0.23829847041728436,1.5030005613956638,0.3581627348169064
0.38647486550794,0.23829847041728436,1.4332744269657853,0.3415471036341564
0.4141152793808653,0.23829847041728436,1.3648871695044575,0.325250524785089
0.4437325164504621,0.23829847041728436,1.2979633139367222,0.3093026723688703
0.47546795773833395,0.23829847041728436,1.2326157022630029,0.2937304364616004
0.5094730957385232,0.23829847041728436,1.168945019818246,0.2785578102245902
0.5459102575829949,0.23829847041728436,1.1070395099469519,0.26380582191185864
0.5849533799274136,0.23829847041728436,1.0469748698391446,0.24949251004800352
0.6267888392562115,0.23829847041728436,0.9888143163867521,0.2356329391216757
0.6716163415705015,0.23829847041728436,0.9326088077245078,0.22223925237843745
0.7196498757058468,0.23829847041728436,0.8783974036652669,0.20932075771194697
0.7711187348306588,0.23829847041728436,0.8262077465377037,0.19688404224684616
0.8262686110014498,0.23829847041728436,0.7760566429606579,0.18493311097469733
0.8853627679999155,0.23829847041728436,0.7279507267897527,0.17346954473314852
0.9486832980505137,0.23829847041728436,0.6818871837731083,0.1624926728902814
1.0165324684176076,0.23829847041728436,0.6378545192640058,0.15199975628936482
1.089234164310304,0.23829847041728436,0.5958333515613047,0.14198617630066296
1.1671354349828413,0.23829847041728436,0.555797214983733,0.13244562619281014
1.2506081504110058,0.23829847041728436,0.517713358535779,0.12337030145367128
1.3400507764528888,0.23829847041728436,0.48154352790225685,0.1147510861384507
1.4358902769679147,0.23829847041728436,0.44724472043745334,0.10657773278245108
1.5385841519740941,0.23829847041728436,0.41476990472688735,0.09883903387154003
1.6486226215728734,0.23829847041728436,0.3840686981415259,0.09152298330228333
1.7665309660667667,0.23829847041728436,0.3550879975348252,0.08461692667608528
1.8928720334405786,0.23829847041728436,0.3277725598228695,0.07810769965054765
2.0282489261759444,0.23829847041728436,0.3020655306184144,0.07198175391215353
2.1733078802249692,0.23829847041728436,0.27790892035095394,0.06622527063495123
2.3287413498860743,0.23829847041728436,0.2552440283945443,0.0608242615495658
2.4952913133080123,0.23829847041728436,0.23401181664623572,0.055764657966367974
2.673752814401236,0.23829847041728436,0.21415323475786813,0.05103238827771359
2.8649777580643074,0.23829847041728436,0.19560949983274972,0.0466134446092343
3.0698789768422605,0.23829847041728436,0.1783223338679166,0.04249393940196483
3.289434588429555,0.23829847041728436,0.16223416256444548,0.03866015278853641
3.524692664818587,0.23829847041728436,0.14728827935469896,0.035098571680618446
3.776776235382502,0.23829847041728436,0.13342897861783543,0.03179592151397072
4.046888647774959,0.23829847041728436,0.12060166208400945,0.02873919160440165
4.336319312237784,0.23829847041728436,0.10875292237299722,0.0259156550548949
4.646449856737443,0.23829847041728436,0.09783060748334363,0.02331288412327452
4.978760722312678,0.23829847041728436,0.08778386985165403,0.02091876191295912
5.334838230116768,0.23829847041728436,0.07856320334622742,0.01872149118848807
5.716382153889739,0.23829847041728436,0.070120471252664,0.01670960104444899
6.125213834008588,0.23829847041728436,0.06240892795958894,0.014871952073152537
6.563284871848655,0.23829847041728436,0.05538323666900141,0.01319774058498149
7.032686445959767,0.23829847041728436,0.048999485047543,0.011676502338064092
7.535659294528738,0.23829847041728436,0.043215200312607976,0.010298116133271031
8.07460441178074,0.23829847041728436,0.03798936482180848,0.009052807529161152
8.652094509379817,0.23829847041728436,0.033282432817540286,0.007931152832185878
9.270886297540766,0.23829847041728436,0.029056348582039412,0.006924083423011421
9.933933644477731,0.23829847041728436,0.02527456589385245,0.006022890392965902
10.644401677007258,0.23829847041728436,0.021902068354652467,0.005219229387888491
11.405681889616837,0.23829847041728436,0.01890538988497631,0.004505125492232254
12.221408334123376,0.23829847041728436,0.01625263447598699,0.0038729779358789213
13.095474967204968,0.23829847041728436,0.013913494136635151,0.003315564370920011
14.032054238615942,0.23829847041728436,0.01185926389385022,0.002826044446179435
15.035617008818157,0.23829847041728436,0.010062852687082803,0.0023979624033662918
16.110953891107577,0.23829847041728436,0.008498789044397244,0.002025248429679037
17.263198120114698,0.23829847041728436,0.007143220529625104,0.001702218526063006
18.497850055844463,0.23829847041728436,0.005973906100968194,0.0014235726862772036
19.82080344022787,0.23829847041728436,0.004970200711390774,0.00118439122719132
21.23837353152414,0.23829847041728436,0.0041130316995859955,0.000980129162789146
22.757327250875505,0.23829847041728436,0.0033848667561765136,0.0008066085705631782
24.384915484922956,0.23829847041728436,0.0027696734920976958,0.0006600089567221794
26.12890769868241,0.23829847041728436,0.002252870874362849,0.000536855683408317
27.997629023909713,0.23829847041728436,0.0018212730191339826,0.00043400657467189754
30.0,0.23829847041728436,0.0014630260350208843,0.000348636866326141
0.03,0.2553414114607129,3.4562449776385478,0.8825224709442269
0.03214557915712819,0.2553414114607129,3.4273037746663557,0.8751325833279363
0.034444608644906484,0.2553414114607129,3.396804849484969,0.8673449447240863
0.03690806312437145,0.2553414114607129,3.364697730815275,0.8591466677250301
0.0395477021566922,0.2553414114607129,3.330934564831007,0.8505255332672247
0.04237612633868262,0.2553414114607129,3.295470745806095,0.8414701516616164
0.045406837453086234,0.2553414114607129,3.258265587416376,0.8319701340047662
0.04865430292076789,0.2553414114607129,3.2192830295926944,0.8220162726677185
0.052134024862481254,0.2553414114607129,3.178492374210832,0.8116007291481062
0.05586261409988602,0.2553414114607129,3.1358690411918153,0.8007172271338705
0.05985786944906639,0.2553414114607129,3.091395334816706,0.7893612481751607
0.06413886268506694,0.2553414114607129,3.0450612082871675,0.7775302269083092
0.0687260295830332,0.2553414114607129,2.9968650128533705,0.7652237423392071
0.07364126747055089,0.2553414114607129,2.9468142162612234,0.7524437012926352
0.07890803975686143,0.2553414114607129,2.8949260739275284,0.7391945097910751
0.0845514879379336,0.2553414114607129,2.841228235226735,0.7254832278648249
0.09059855161206047,0.2553414114607129,2.785759266659966,0.7113197031387163
0.09707809707888847,0.2553414114607129,2.7285690735667076,0.6967166785125728
0.10402105513575949,0.2553414114607129,2.669719202512683,0.6816898693733572
0.11146056872915173,0.2553414114607129,2.609283007609101,0.6662580060633618
0.11943215116604915,0.2553414114607129,2.5473456658304405,0.6504428377914742
0.12797385564047778,0.2553414114607129,2.484004028913274,0.6342690948168128
0.13712645688446246,0.2553414114607129,2.419366302615272,0.6177644065502698
0.1469336458105338,0.2553414114607129,2.3535515479316307,0.6009591741944083
0.15744223807493174,0.2553414114607129,2.2866890032059306,0.5838863976502928
0.1687023975571047,0.2553414114607129,2.2189172307959777,0.5665814576259414
0.1807678758223073,0.2553414114607129,2.150383096890777,0.5490818551413499
0.1936962687103966,0.2553414114607129,2.0812405980243174,0.5314269118888674
0.2075492912756809,0.2553414114607129,2.0116495525810802,0.5136574361203646
0.22239307239027523,0.2553414114607129,1.9417741799192487,0.4958153598385492
0.23829847041728436,0.2553414114607129,1.8717815934424522,0.477943354015778
0.2553414114607129,0.2553414114607129,1.801840236845327,0.460084429302791
0.27360325180677286,0.2553414114607129,1.7321182946945384,0.4422815301842264
0.29317116628674317,0.2553414114607129,1.6627821093845088,0.424577130761862
0.3141385644152698,0.2553414114607129,1.593994636279845,0.40701284028850127
0.33660553629058904,0.2553414114607129,1.5259139675359499,0.38962902623824586
0.3606793303852239,0.2553414114607129,1.4586919527442035,0.37246446210008843
0.38647486550794,0.2553414114607129,1.3924729412989667,0.3555560062521286
0.4141152793808653,0.2553414114607129,1.3273926673942809,0.3389383172550563
0.4437325164504621,0.2553414114607129,1.2635772940238734,0.322643609745764
0.47546795773833395,0.2553414114607129,1.2011426274926085,0.3067014538695919
0.5094730957385232,0.2553414114607129,1.1401935089689534,0.29113861991847556
0.5459102575829949,0.2553414114607129,1.0808233847255238,0.27597896859556037
0.5849533799274136,0.2553414114607129,1.0231140521170767,0.26124338615286374
0.6267888392562115,0.2553414114607129,0.9671355741914982,0.24694976258792414
0.6716163415705015,0.2553414114607129,0.912946352242486,0.23311301016950553
0.7196498757058468,0.2553414114607129,0.8605933426768256,0.21974511881279363
0.7711187348306588,0.2553414114607129,0.810112402329031,0.2068552442525237
0.8262686110014498,0.2553414114607129,0.7615287448195148,0.19444982457011994
0.8853627679999155,0.2553414114607129,0.7148574896944697,0.1825327204118479
0.9486832980505137,0.2553414114607129,0.6701042858548697,0.17110537417605542
1.0165324684176076,0.2553414114607129,0.6272659911067905,0.16016698353051087
1.089234164310304,0.2553414114607129,0.5863313904606873,0.14971468482395422
1.1671354349828413,0.2553414114607129,0.547281936981543,0.13974374225582012
1.2506081504110058,0.2553414114607129,0.5100925004519283,0.13024773904091969
1.3400507764528888,0.2553414114607129,0.4747321107666042,0.12121876722886821
1.4358902769679147,0.2553414114607129,0.44116468474819,0.11264761329022326
1.5385841519740941,0.2553414114607129,0.4093497268862709,0.10452393704419774
1.6486226215728734,0.2553414114607129,0.37924299629598046,0.09683644196080556
1.7665309660667667,0.2553414114607129,0.35079713391730855,0.08957303531081828
1.8928720334405786,0.2553414114607129,0.32396224559543707,0.08272097705032101
2.0282489261759444,0.2553414114607129,0.2986864381684821,0.07626701670611316
2.1733078802249692,0.2553414114607129,0.2749163070248666,0.07019751786929614
2.3287413498860743,0.2553414114607129,0.25259737476914584,0.06449857020482436
2.4952913133080123,0.2553414114607129,0.23167448165011323,0.05915608914396894
2.673752814401236,0.2553414114607129,0.212092129261137,0.05415590364524668
2.8649777580643074,0.2553414114607129,0.1937947797264177,0.049483832589061444
3.0698789768422605,0.2553414114607129,0.17672711314707634,0.04512575051435158
3.289434588429555,0.2553414114607129,0.1608342465079579,0.041067643514562206
3.524692664818587,0.2553414114607129,0.1460619175505907,0.0372956561880261
3.776776235382502,0.2553414114607129,0.13235663731060948,0.03379613058708467
4.046888647774959,0.2553414114607129,0.11966581510950364,0.030555638133657363
4.336319312237784,0.2553414114607129,0.1079378597904574,0.02756100546894392
4.646449856737443,0.2553414114607129,0.09712226090548765,0.02479933518386283
4.978760722312678,0.2553414114607129,0.08716965340465316,0.022258022336885272
5.334838230116768,0.2553414114607129,0.0780318691562764,0.01992476760928128
5.716382153889739,0.2553414114607129,0.06966197834831475,0.01778758787660431
6.125213834008588,0.2553414114607129,0.062014323494076415,0.01583482489175872
6.563284871848655,0.2553414114607129,0.055044548399772124,0.014055152681615337
7.032686445959767,0.2553414114607129,0.04870962405703911,0.01243758415844506
7.535659294528738,0.2553414114607129,0.04296787301149541,0.010971477342219909
8.07460441178074,0.2553414114607129,0.037778993340150974,0.00964654148303902
8.652094509379817,0.2553414114607129,0.03310408295820371,0.008452843267660267
9.270886297540766,0.2553414114607129,0.02890566458152056,0.007380813193455396
9.933933644477731,0.2553414114607129,0.025147711306760766,0.006421252100074822
10.644401677007258,0.2553414114607129,0.021795672447542505,0.0055653377664908734
11.405681889616837,0.2553414114607129,0.018816498991744438,0.004804631411301106
12.221408334123376,0.2553414114607129,0.016178667829504487,0.0041310838791397035
13.095474967204968,0.2553414114607129,0.013852203748865408,0.0035370412570766715
14.032054238615942,0.2553414114607129,0.01180869810882777,0.0030152496426215335
15.035617008818157,0.2553414114607129,0.010021323077502958,0.0025588587793134204
16.110953891107577,0.2553414114607129,0.008464840363093005,0.002161424286101781
17.263198120114698,0.2553414114607129,0.007115603462011553,0.001816908231384765
18.497850055844463,0.2553414114607129,0.0059515525939060725,0.0015196778397106436
19.82080344022787,0.2553414114607129,0.00495220167829069,0.0012645021663728558
21.23837353152414,0.2553414114607129,0.0040986169214749695,0.0010465466297661806
22.757327250875505,0.2553414114607129,0.0033733868144758677,0.000861365350611226
24.384915484922956,0.2553414114607129,0.0027605835816411997,0.000704891308191534
26.12890769868241,0.2553414114607129,0.0022457163553390056,0.0005734243839126695
27.997629023909713,0.2553414114607129,0.0018156765747587996,0.00046361741935506444
30.0,0.2553414114607129,0.001458676308378722,0.00037246046744572494
0.03,0.27360325180677286,3.248147459926384,0.8887037073837681
0.03214557915712819,0.27360325180677286,3.22236900143479,0.8816506373139021
0.034444608644906484,0.27360325180677286,3.195178508623505,0.8742112300625058
0.03690806312437145,0.27360325180677286,3.1665270234110015,0.8663720905392712
0.0395477021566922,0.27360325180677286,3.1363675333664762,0.8581203559902552
0.04237612633868262,0.27360325180677286,3.1046555239175744,0.8494438470837083
0.045406837453086234,0.27360325180677286,3.0713495717517656,0.8403312302666223
0.04865430292076789,0.27360325180677286,3.0364119759123884,0.8307721904346579
0.052134024862481254,0.27360325180677286,2.999809421694148,0.8207576125761137
0.05586261409988602,0.27360325180677286,2.9615136709260272,0.810279770635574
0.05985786944906639,0.27360325180677286,2.921502270621896,0.7993325214030212
0.06413886268506694,0.27360325180677286,2.8797592703213803,0.7879115007806291
0.0687260295830332,0.27360325180677286,2.836275936787378,0.7760143193263276
0.07364126747055089,0.27360325180677286,2.7910514531351835,0.7636407535378049
0.07890803975686143,0.27360325180677286,2.7440935880141817,0.750792928942795
0.0845514879379336,0.27360325180677286,2.6954193192278697,0.7374754907235431
0.09059855161206047,0.27360325180677286,2.645055395247744,0.7236957573488316
0.09707809707888847,0.27360325180677286,2.593038817539255,0.7094638525399293
0.10402105513575949,0.27360325180677286,2.5394172265575,0.6947928108802686
0.11146056872915173,0.27360325180677286,2.4842491747614717,0.6796986525130306
0.11943215116604915,0.27360325180677286,2.427604271097552,0.6642004226723007
0.12797385564047778,0.27360325180677286,2.3695631831529056,0.6483201922722427
0.13712645688446246,0.27360325180677286,2.310217485586763,0.6320830164374047
0.1469336458105338,0.27360325180677286,2.2496693464891453,0.6155168486894478
0.15744223807493174,0.27360325180677286,2.1880310469330584,0.5986524094950625
0.1687023975571047,0.27360325180677286,2.125424333081208,0.5815230090002601
0.1807678758223073,0.27360325180677286,2.0619796046501007,0.5641643249915115
0.1936962687103966,0.27360325180677286,1.99783494815983,0.5466141383897449
0.2075492912756809,0.27360325180677286,1.9331350280200255,0.528912029847856
0.22239307239027523,0.27360325180677286,1.8680298529201325,0.5110990422310758
0.23829847041728436,0.27360325180677286,1.8026734390018404,0.49321731485660175
0.2553414114607129,0.27360325180677286,1.7372223946998493,0.47530969630142783
0.27360325180677286,0.27360325180677286,1.671834454774376,0.4574193433088724
0.29317116628674317,0.27360325180677286,1.6066669927899158,0.4395893137979298
0.3141385644152698,0.27360325180677286,1.5418755420298382,0.4218621621806942
0.33660553629058904,0.27360325180677286,1.4776123545365565,0.404279545111064
0.3606793303852239,0.27360325180677286,1.4140250266477523,0.3868818454269837
0.38647486550794,0.27360325180677286,1.3512552171289909,0.36970782142735886
0.4141152793808653,0.27360325180677286,1.2894374808985405,0.3527942877753742
0.4437325164504621,0.27360325180677286,1.228698237557427,0.3361758332849627
0.47546795773833395,0.27360325180677286,1.1691548896614996,0.31988457967717504
0.5094730957385232,0.27360325180677286,1.1109151011032434,0.30394998414309726
0.5459102575829949,0.27360325180677286,1.0540762413131302,0.288398687275533
0.5849533799274136,0.27360325180677286,0.9987249964379314,0.2732544066861257
0.6267888392562115,0.27360325180677286,0.9449371443812569,0.2585378754557179
0.6716163415705015,0.27360325180677286,0.8927774867457973,0.24426682351352821
0.7196498757058468,0.27360325180677286,0.8422999274096823,0.23045599913589782
0.7711187348306588,0.27360325180677286,0.7935476847765024,0.21711722701858702
0.8262686110014498,0.27360325180677286,0.746553622698859,0.20425949881853442
0.8853627679999155,0.27360325180677286,0.7013406836933381,0.19188909168288265
0.9486832980505137,0.27360325180677286,0.6579224073151733,0.18000971007797154
1.0165324684176076,0.27360325180677286,0.6163035163936409,0.16862264618524891
1.089234164310304,0.27360325180677286,0.5764805541762485,0.15772695422599212
1.1671354349828413,0.27360325180677286,0.5384425562108806,0.147319634290448
1.2506081504110058,0.27360325180677286,0.5021717419241496,0.13739582155591887
1.3400507764528888,0.27360325180677286,0.46764421224444414,0.12794897715869658
1.4358902769679147,0.27360325180677286,0.43483064118637743,0.11897107741381692
1.5385841519740941,0.27360325180677286,0.4036969509833929,0.11045279853353569
1.6486226215728734,0.27360325180677286,0.3742049620601695,0.10238369446189245
1.7665309660667667,0.27360325180677286,0.34631301081987087,0.09475236590331078
1.8928720334405786,0.27360325180677286,0.319976529837767,0.08754661906545994
2.0282489261759444,0.27360325180677286,0.2951485865677304,0.08075361305110385
2.1733078802249692,0.27360325180677286,0.27178037805687527,0.07435999521363518
2.3287413498860743,0.27360325180677286,0.2498216804103352,0.06835202413210008
2.4952913133080123,0.27360325180677286,0.22922125284450973,0.06271568016148034
2.673752814401236,0.27360325180677286,0.2099271971106867,0.05743676377216525
2.8649777580643074,0.27360325180677286,0.19188727386409934,0.05250098210955435
3.0698789768422605,0.27360325180677286,0.17504917820180732,0.04789402438211774
3.289434588429555,0.27360325180677286,0.1593607771041455,0.04360162682614852
3.524692664818587,0.27360325180677286,0.14477031189796247,0.03960962810036327
3.776776235382502,0.27360325180677286,0.13122656912511835,0.035904016036078644
4.046888647774959,0.27360325180677286,0.11867902335649931,0.03247096671159016
4.336319312237784,0.27360325180677286,0.10707795554960346,0.029296876835192588
4.646449856737443,0.27360325180677286,0.09637455051583825,0.026368390412549444
4.978760722312678,0.27360325180677286,0.08652097695093695,0.023672420643275193
5.334838230116768,0.27360325180677286,0.07747045329727238,0.021196167941078453
5.716382153889739,0.27360325180677286,0.06917730245925749,0.018927134904073512
6.125213834008588,0.27360325180677286,0.06159699809186327,0.016853138979469374
6.563284871848655,0.27360325180677286,0.05468620483747797,0.014962323472505246
7.032686445959767,0.27360325180677286,0.0484028145085142,0.013243167446129528
7.535659294528738,0.27360325180677286,0.042705979813761605,0.011684494948639575
8.07460441178074,0.27360325180677286,0.037556146817506214,0.010275483894602285
8.652094509379817,0.27360325180677286,0.032915086914393626,0.009005674813280655
9.270886297540766,0.27360325180677286,0.02874592871242326,0.007864979571924684
9.933933644477731,0.27360325180677286,0.025013189853494423,0.006843690081976251
10.644401677007258,0.27360325180677286,0.021682808476821462,0.005932486907561812
11.405681889616837,0.27360325180677286,0.01872217375507615,0.005122447620280254
12.221408334123376,0.27360325180677286,0.01610015471414609,0.0044050546843825145
13.095474967204968,0.27360325180677286,0.013787126390356055,0.003772202613472391
14.032054238615942,0.27360325180677286,0.011754992286681138,0.003216204114599492
15.035617008818157,0.27360325180677286,0.009977202061857725,0.0027297949280575126
16.110953891107577,0.27360325180677286,0.008428763420603462,0.0023061370805870854
17.263198120114698,0.27360325180677286,0.007086247264068079,0.0019388202945558742
18.497850055844463,0.27360325180677286,0.0059277852996502305,0.0016218613339966886
19.82080344022787,0.27360325180677286,0.004933059489232824,0.0013497011176103585
21.23837353152414,0.27360325180677286,0.004083282924350027,0.0011171994861492362
22.757327250875505,0.27360325180677286,0.0033611719448785053,0.0009196275740004542
24.384915484922956,0.27360325180677286,0.002750909553594761,0.0007526577992898445
26.12890769868241,0.27360325180677286,0.0022381004119081524,0.0006123515505681483
27.997629023909713,0.27360325180677286,0.0018097179227196968,0.0004951447085091072
30.0,0.27360325180677286,0.0014540441063709431,0.0003978311957735632
0.03,0.29317116628674317,3.0512925587299886,0.8945509981249316
0.03214557915712819,0.29317116628674317,3.028339563064011,0.8878218416157623
0.034444608644906484,0.29317116628674317,3.0041085981876137,0.8807180213826958
0.03690806312437145,0.29317116628674317,2.9785526337863666,0.8732257494935997
0.0395477021566922,0.29317116628674317,2.9516260260406972,0.8653316444966562
0.04237612633868262,0.29317116628674317,2.923284997420905,0.8570228720824258
0.045406837453086234,0.29317116628674317,2.893488156985794,0.8482872976204042
0.04865430292076789,0.29317116628674317,2.862197058987216,0.8391136499257684
0.052134024862481254,0.29317116628674317,2.82937679639562,0.8294916952639529
0.05586261409988602,0.29317116628674317,2.794996624644405,0.8194124202145107
0.05985786944906639,0.29317116628674317,2.759030609462767,0.8088682215970232
0.06413886268506694,0.29317116628674317,2.7214582911566687,0.7978531012191276
0.0687260295830332,0.29317116628674317,2.6822653561444203,0.7863628627513862
0.07364126747055089,0.29317116628674317,2.6414443050066945,0.7743953075802883
0.07890803975686143,0.29317116628674317,2.5989951048301907,0.7619504260566033
0.0845514879379336,0.29317116628674317,2.5549258122788454,0.7490305801618937
0.09059855161206047,0.29317116628674317,2.5092531526927018,0.7356406732836066
0.09707809707888847,0.29317116628674317,2.462003039673635,0.7217883025426265
0.10402105513575949,0.29317116628674317,2.413211019150851,0.7074838889804751
0.11146056872915173,0.29317116628674317,2.362922621905693,0.692740780909421
0.11943215116604915,0.29317116628674317,2.311193609043581,0.6775753258777738
0.12797385564047778,0.29317116628674317,2.258090095984711,0.6620069070203816
0.13712645688446246,0.29317116628674317,2.2036885422371135,0.6460579400603875
0.1469336458105338,0.29317116628674317,2.1480755965221596,0.6297538279044931
0.15744223807493174,0.29317116628674317,2.091347789718847,0.6131228706230769
0.1687023975571047,0.29317116628674317,2.0336110715207085,0.5961961296113596
0.1807678758223073,0.29317116628674317,1.9749801905647986,0.5790072458610962
0.1936962687103966,0.29317116628674317,1.9155779219696751,0.5615922134969855
0.2075492912756809,0.29317116628674317,1.855534150553801,0.5439891110027392
0.22239307239027523,0.29317116628674317,1.7949848223207931,0.5262377938267894
0.23829847041728436,0.29317116628674317,1.734070780904546,0.5083795532615492
0.2553414114607129,0.29317116628674317,1.6729365093753228,0.4904567475772364
0.27360325180677286,0.29317116628674317,1.611728800938196,0.47251241230898505
0.29317116628674317,0.29317116628674317,1.5505953844510856,0.45458985729836565
0.3141385644152698,0.29317116628674317,1.4896835322285211,0.4367322585415907
0.33660553629058904,0.29317116628674317,1.4291386781987612,0.41898225307302533
0.3606793303852239,0.29317116628674317,1.3691030741143675,0.40138154500487444
0.38647486550794,0.29317116628674317,1.3097145101986931,0.3839705304576215
0.4141152793808653,0.29317116628674317,1.2511051244113651,0.3667879484710008
0.4437325164504621,0.29317116628674317,1.193400321547442,0.34987056411503786
0.47546795773833395,0.29317116628674317,1.136717819796426,0.3332528889686422
0.5094730957385232,0.29317116628674317,1.0811668383534134,0.31696694295062094
0.5459102575829949,0.29317116628674317,1.0268474353839883,0.301042060230075
0.5849533799274136,0.29317116628674317,0.9738500012874036,0.28550474066577447
0.6267888392562115,0.29317116628674317,0.9222549079599345,0.27037854698028696
0.6716163415705015,0.29317116628674317,0.8721323107933343,0.2556840467116342
0.7196498757058468,0.29317116628674317,0.8235420965863137,0.2414387969424393
0.7711187348306588,0.29317116628674317,0.7765339675019531,0.22765736891381952
0.8262686110014498,0.29317116628674317,0.7311476487387197,0.21435140890854049
0.8853627679999155,0.29317116628674317,0.6874132057306936,0.2015297312449764
0.9486832980505137,0.29317116628674317,0.6453514554554598,0.18919843886072432
1.0165324684176076,0.29317116628674317,0.6049744557799307,0.17736106677469002
1.089234164310304,0.29317116628674317,0.5662860566667183,0.16601874368490252
1.1671354349828413,0.29317116628674317,0.5292824974316394,0.15517036706719384
1.2506081504110058,0.29317116628674317,0.49395303501087945,0.14481278736501602
1.3400507764528888,0.29317116628674317,0.4602805892834603,0.13494099717938146
1.4358902769679147,0.29317116628674317,0.4282423928198893,0.12554832175643255
1.5385841519740941,0.29317116628674317,0.39781063391389,0.11662660750580375
1.6486226215728734,0.29317116628674317,0.36895308333021404,0.10816640574500878
1.7665309660667667,0.29317116628674317,0.3416336968058678,0.10015714933542787
1.8928720334405786,0.29317116628674317,0.31581318692257915,0.09258732033882575
2.0282489261759444,0.29317116628674317,0.29144955948321233,0.08544460726745087
2.1733078802249692,0.29317116628674317,0.26849861094221517,0.07871605091629973
2.3287413498860743,0.29317116628674317,0.24691438473734376,0.07238817814642069
2.4952913133080123,0.29317116628674317,0.2266495855322428,0.06644712332889458
2.673752814401236,0.29317116628674317,0.20765595139909687,0.060878737458056484
2.8649777580643074,0.29317116628674317,0.1898845848451941,0.055668685198939596
3.0698789768422605,0.29317116628674317,0.1732862443186753,0.05080253034835556
3.289434588429555,0.29317116628674317,0.15781159842186512,0.04626581036291336
3.524692664818587,0.29317116628674317,0.14341144552228824,0.042044100742636974
3.776776235382502,0.29317116628674317,0.1300369017898658,0.03812307015804964
4.046888647774959,0.29317116628674317,0.11763956091265025,0.03448852727422204
4.336319312237784,0.29317116628674317,0.10617162886172792,0.031126460259956017
4.646449856737443,0.29317116628674317,0.09558603709769607,0.028023069976659456
4.978760722312678,0.29317116628674317,0.085836537545391,0.025164797822198097
5.334838230116768,0.29317116628674317,0.07687778251948985,0.022538349162777433
5.716382153889739,0.29317116628674317,0.06866539257056341,0.020130713223449143
6.125213834008588,0.29317116628674317,0.06115601494896461,0.017929180228037453
6.563284871848655,0.29317116628674317,0.054307375063002185,0.015921356485191943
7.032686445959767,0.29317116628674317,0.04807832294929587,0.014095178012155759
7.535659294528738,0.29317116628674317,0.04242887638892387,0.01243892317517687
8.07460441178074,0.29317116628674317,0.03732026190542191,0.010941224708939254
8.652094509379817,0.29317116628674317,0.03271495448279391,0.009591081360738407
9.270886297540766,0.29317116628674317,0.02857671645635708,0.008377869292155771
9.933933644477731,0.29317116628674317,0.02487063566901084,0.007291353265376583
10.644401677007258,0.29317116628674317,0.021563162661981803,0.006321697546443959
11.405681889616837,0.29317116628674317,0.018622146392382417,0.00545947637661722
12.221408334123376,0.29317116628674317,0.016016867748208412,0.004695683798002783
13.095474967204968,0.29317116628674317,0.013718069970453137,0.004021742572440895
14.032054238615942,0.29317116628674317,0.011697984994946897,0.0034295119041734034
15.035617008818157,0.29317116628674317,0.009930354693605849,0.002911293667165461
16.110953891107577,0.29317116628674317,0.008390446023507997,0.002459836846377806
17.263198120114698,0.29317116628674317,0.007055059177528921,0.0020683399272981447
18.497850055844463,0.29317116628674317,0.005902527964877992,0.0017304510075033975
19.82080344022787,0.29317116628674317,0.0049127118247528035,0.0014402654552934536
21.23837353152414,0.29317116628674317,0.004066979081246668,0.001192321000512873
22.757327250875505,0.29317116628674317,0.0033481812717654266,0.000981590208382901
24.384915484922956,0.29317116628674317,0.002740618613634299,0.0008034703553063245
26.12890769868241,0.29317116628674317,0.002229996903861391,0.0006537707931208702
27.997629023909713,0.29317116628674317,0.0018033763656038284,0.0005286979523580225
30.0,0.29317116628674317,0.0014491131534084207,0.00042483819326620683
0.03,0.3141385644152698,2.8652255764260786,0.9000778493044023
0.03214557915712819,0.3141385644152698,2.8447942825611685,0.8936595919805329
0.034444608644906484,0.3141385644152698,2.8232079817258233,0.8868785024250815
0.03690806312437145,0.3141385644152698,2.8004218641492864,0.8797205041609907
0.0395477021566922,0.3141385644152698,2.7763920461233167,0.8721718116231524
0.04237612633868262,0.3141385644152698,2.7510759838149985,0.8642190601529697
0.045406837453086234,0.3141385644152698,2.7244329260005222,0.8558494482194972
0.04865430292076789,0.3141385644152698,2.696424404555004,0.8470508915012077
0.052134024862481254,0.3141385644152698,2.667014760541912,0.8378121881509709
0.05586261409988602,0.3141385644152698,2.63617170262263,0.8281231942140306
0.05985786944906639,0.3141385644152698,2.6038668932631595,0.8179750077781376
0.06413886268506694,0.3141385644152698,2.5700765568700104,0.8073601600124847
0.0687260295830332,0.3141385644152698,2.5347821025686192,0.7962728108064253
0.07364126747055089,0.3141385644152698,2.4979707528827113,0.7847089462619057
0.07890803975686143,0.3141385644152698,2.459636168128891,0.7726665748398851
0.0845514879379336,0.3141385644152698,2.419779054964403,0.7601459185286559
0.09059855161206047,0.3141385644152698,2.3784077462825817,0.7471495950113676
0.09707809707888847,0.3141385644152698,2.335538738612285,0.7336827864839133
0.10402105513575949,0.3141385644152698,2.2911971724206044,0.7197533905365341
0.11146056872915173,0.3141385644152698,2.245417240318965,0.7053721483870965
0.11943215116604915,0.3141385644152698,2.198242508203865,0.6905527457637841
0.12797385564047778,0.3141385644152698,2.149726134888325,0.6753118818998052
0.13712645688446246,0.3141385644152698,2.0999309768472294,0.659669302437944
0.1469336458105338,0.3141385644152698,2.048929566337707,0.6436477925573287
0.15744223807493174,0.3141385644152698,1.9968039533677553,0.627273127329682
0.1687023975571047,0.3141385644152698,1.9436454047463687,0.6105739771793603
0.1807678758223073,0.3141385644152698,1.8895539566987805,0.5935817673425478
0.1936962687103966,0.3141385644152698,1.8346378211806693,0.576330491367654
0.2075492912756809,0.3141385644152698,1.7790126499545655,0.5588564799333322
0.22239307239027523,0.3141385644152698,1.722800664553028,0.5411981275363611
0.23829847041728436,0.3141385644152698,1.666129664279724,0.5233955808665279
0.2553414114607129,0.3141385644152698,1.6091319282140295,0.5054903938839302
0.27360325180677286,0.3141385644152698,1.5519430306097393,0.48752515569002663
0.29317116628674317,0.3141385644152698,1.4947005919476226,0.46954309818508017
0.3141385644152698,0.3141385644152698,1.43754299007115,0.4515876911861855
0.33660553629058904,0.3141385644152698,1.3806080571932031,0.4337022331068276
0.3606793303852239,0.3141385644152698,1.324031789038151,0.41592944544862614
0.38647486550794,0.3141385644152698,1.2679470919529912,0.39831107922062875
0.4141152793808653,0.3141385644152698,1.21248259250566,0.38088754098823263
0.4437325164504621,0.3141385644152698,1.1577615319562267,0.3636975455839526
0.47546795773833395,0.3141385644152698,1.103900765146619,0.3467778016200769
0.5094730957385232,0.3141385644152698,1.0510098799489207,0.3301627348734191
0.5459102575829949,0.3141385644152698,0.9991904496063322,0.3138842534167812
0.5849533799274136,0.3141385644152698,0.9485354262717831,0.29797155710604395
0.6267888392562115,0.3141385644152698,0.8991286799747683,0.2824509927518703
0.6716163415705015,0.3141385644152698,0.8510446832950237,0.2673459550635467
0.7196498757058468,0.3141385644152698,0.8043483383411253,0.25267683229628884
0.7711187348306588,0.3141385644152698,0.7590949393458422,0.2384609945009992
0.8262686110014498,0.3141385644152698,0.7153302613908213,0.22471282139611234
0.8853627679999155,0.3141385644152698,0.6730907635211698,0.21144376617371816
0.9486832980505137,0.3141385644152698,0.6324038928342399,0.19866245102557628
1.0165324684176076,0.3141385644152698,0.5932884750254177,0.1863747898286094
1.089234164310304,0.3141385644152698,0.555755176320535,0.174584133255688
1.1671354349828413,0.3141385644152698,0.5198070216727468,0.16329143156125372
1.2506081504110058,0.3141385644152698,0.48543995448944516,0.15249541041312822
1.3400507764528888,0.3141385644152698,0.45264342391059825,0.14219275537928774
1.4358902769679147,0.3141385644152698,0.4214009867080132,0.13237830100763345
1.5385841519740941,0.3141385644152698,0.3916909121397683,0.12304522083409442
1.6486226215728734,0.3141385644152698,0.36348677950342806,0.11418521509713661
1.7665309660667667,0.3141385644152698,0.33675805962018174,0.10578869340435575
1.8928720334405786,0.3141385644152698,0.3114706729924196,0.09784495007129665
2.0282489261759444,0.3141385644152698,0.2875875188614944,0.0903423303188992
2.1733078802249692,0.3141385644152698,0.26506897081194375,0.08326838596189706
2.3287413498860743,0.3141385644152698,0.2438733358938927,0.07661001963687035
2.4952913133080123,0.3141385644152698,0.22395727544577573,0.07035361699889116
2.673752814401236,0.3141385644152698,0.20527618688128926,0.06448516665552885
2.8649777580643074,0.3141385644152698,0.18778454665026995,0.05899036790408807
3.0698789768422605,0.3141385644152698,0.17143621539055756,0.053854726591576745
3.289434588429555,0.3141385644152698,0.15618470695829229,0.049063639627497546
3.524692664818587,0.3141385644152698,0.1419834235617169,0.04460246884844294
3.776776235382502,0.3141385644152698,0.12878585963451789,0.0404566050625739
4.046888647774959,0.3141385644152698,0.11654577737642946,0.03661152319369318
4.336319312237784,0.3141385644152698,0.10521735706929802,0.033052829501318125
4.646449856737443,0.3141385644152698,0.09475532535467641,0.029766301877619868
4.978760722312678,0.3141385644152698,0.0851150646431103,0.026737924217099564
5.334838230116768,0.3141385644152698,0.07625270672484713,0.02395391582332207
5.716382153889739,0.3141385644152698,0.06812521347631151,0.021400756761932288
6.125213834008588,0.3141385644152698,0.06069044731652504,0.01906520999373374
6.563284871848655,0.3141385644152698,0.053907233773514335,0.016934341029210143
7.032686445959767,0.3141385644152698,0.04773541818419185,0.014995535740144594
7.535659294528738,0.3141385644152698,0.042135918184528165,0.01323651684880694
8.07460441178074,0.3141385644152698,0.03707077326294871,0.011645359494586676
8.652094509379817,0.3141385644152698,0.032503192262105574,0.010210506156131352
9.270886297540766,0.3141385644152698,0.02839759933579915,0.008920781088187965
9.933933644477731,0.3141385644152698,0.024719678511773237,0.007765404320495438
10.644401677007258,0.3141385644152698,0.02143641668934305,0.006734005164997757
11.405681889616837,0.3141385644152698,0.018516144623825684,0.005816635090634117
12.221408334123376,0.3141385644152698,0.015928575226062273,0.005003779754695834
13.095474967204968,0.3141385644152698,0.01364483834106395,0.004286369928140261
14.032054238615942,0.3141385644152698,0.0116375110684295,0.003655791020403256
15.035617008818157,0.3141385644152698,0.009880642649265234,0.0031038908973404686
16.110953891107577,0.3141385644152698,0.008349772967698628,0.0026229856932662742
17.263198120114698,0.3141385644152698,0.007021943794913994,0.002205863343138994
18.497850055844463,0.3141385644152698,0.005875702032897908,0.0018457846015464316
19.82080344022787,0.3141385644152698,0.004891094384933717,0.001536481368502665
21.23837353152414,0.3141385644152698,0.004049653080248365,0.0012721522050090966
22.757327250875505,0.3141385644152698,0.0033343725003579226,0.0010474549904881916
24.384915484922956,0.3141385644152698,0.0027296767837372794,0.0008574967461609199
26.12890769868241,0.3141385644152698,0.0022213787130305114,0.0006978207199340445
27.997629023909713,0.3141385644152698,0.0017966304055360744,0.0005643908963799265
30.0,0.3141385644152698,0.0014438665247527226,0.00045357415729308496
0.03,0.33660553629058904,2.689491630274216,0.905297772557503
0.03214557915712819,0.33660553629058904,2.6713089470321445,0.8991773807136038
0.034444608644906484,0.33660553629058904,2.6520836975615882,0.8927060553052467
0.03690806312437145,0.33660553629058904,2.6317734846564136,0.8858695251981245
0.0395477021566922,0.33660553629058904,2.6103364624272043,0.8786537048341881
0.04237612633868262,0.33660553629058904,2.5877316906742847,0.8710448135155703
0.045406837453086234,0.33660553629058904,2.5639195259849297,0.8630295070500701
0.04865430292076789,0.33660553629058904,2.5388620491899405,0.8545950216354038
0.052134024862481254,0.33660553629058904,2.5125235280011826,0.8457293295855609
0.05586261409988602,0.33660553629058904,2.4848709127109605,0.8364213061859583
0.05985786944906639,0.33660553629058904,2.4558743617709906,0.8266609066062324
0.06413886268506694,0.33660553629058904,2.4255077928943556,0.8164393514042075
0.0687260295830332,0.33660553629058904,2.3937494540566684,0.8057493187280497
0.07364126747055089,0.33660553629058904,2.3605825074397537,0.7945851408749417
0.07890803975686143,0.33660553629058904,2.3259956179982018,0.7829430024058448
0.0845514879379336,0.33660553629058904,2.2899835369815085,0.7708211365622806
0.09059855161206047,0.33660553629058904,2.2525476694659194,0.7582200163006922
0.09707809707888847,0.33660553629058904,2.213696613802698,0.7451425358737181
0.10402105513575949,0.33660553629058904,2.173446659941116,0.7315941785684689
0.11146056872915173,0.33660553629058904,2.13182223290661,0.7175831659837305
0.11943215116604915,0.33660553629058904,2.0888562673786777,0.7031205841149579
0.12797385564047778,0.33660553629058904,2.0445904993864237,0.6882204815406103
0.13712645688446246,0.33660553629058904,1.9990756616803,0.6728999351853615
0.1469336458105338,0.33660553629058904,1.952371570390468,0.6571790794897829
0.15744223807493174,0.33660553629058904,1.9045470921697054,0.6410810953504655
0.1687023975571047,0.33660553629058904,1.8556799831423918,0.6246321559093561
0.1807678758223073,0.33660553629058904,1.805856593613493,0.6078613271571661
0.1936962687103966,0.33660553629058904,1.7551714355754262,0.5908004223537894
0.2075492912756809,0.33660553629058904,1.7037266134987157,0.5734838104292843
0.22239307239027523,0.33660553629058904,1.651631122588628,0.5559481797731727
0.23829847041728436,0.33660553629058904,1.5990000224946048,0.5382322601004604
0.2553414114607129,0.33660553629058904,1.545953498214817,0.5203765063469107
0.27360325180677286,0.33660553629058904,1.4926158234781717,0.5024227497376891
0.29317116628674317,0.33660553629058904,1.4391142450450105,0.4844138222368019
0.3141385644152698,0.33660553629058904,1.385577808991755,0.466393161468009
0.33660553629058904,0.33660553629058904,1.3321361520017776,0.44840440385664
0.3606793303852239,0.33660553629058904,1.2789182818742133,0.4304909741421083
0.38647486550794,0.33660553629058904,1.2260513718219752,0.41269567953194836
0.4141152793808653,0.33660553629058904,1.173659592640797,0.3950603166034497
0.4437325164504621,0.33660553629058904,1.121863005518039,0.3776252986169716
0.47546795773833395,0.33660553629058904,1.070776536181193,0.36042931020864977
0.5094730957385232,0.33660553629058904,1.0205090483671921,0.3435089955150374
0.5459102575829949,0.33660553629058904,0.9711625313604041,0.3268986846938948
0.5849533799274136,0.33660553629058904,0.9228314127558707,0.31063016259649173
0.6267888392562115,0.33660553629058904,0.8756020038213836,0.29473248207341124
0.6716163415705015,0.33660553629058904,0.8295520810232292,0.27923182311379824
0.7196498757058468,0.33660553629058904,0.7847506036016767,0.26415139777970587
0.7711187348306588,0.33660553629058904,0.7412575636706233,0.24951139974880562
0.8262686110014498,0.33660553629058904,0.6991239622837425,0.2353289962581207
0.8853627679999155,0.33660553629058904,0.6583919023406827,0.22161835937676663
0.9486832980505137,0.33660553629058904,0.6190947871548225,0.20839073284495707
1.0165324684176076,0.33660553629058904,0.5812576119925897,0.1956545302077528
1.089234164310304,0.33660553629058904,0.5448973349199467,0.18341545964404138
1.1671354349828413,0.33660553629058904,0.5100233128274976,0.1716766707350027
1.2506081504110058,0.33660553629058904,0.4766377885062867,0.160438918416519
1.3400507764528888,0.33660553629058904,0.44473641505269756,0.14970073949676724
1.4358902769679147,0.33660553629058904,0.4143088046254623,0.1394586373708666
1.5385841519740941,0.33660553629058904,0.3853390895896031,0.1297072709050357
1.6486226215728734,0.33660553629058904,0.3578064852903855,0.12043964386942096
1.7665309660667667,0.33660553629058904,0.3316858450381931,0.1116472917490782
1.8928720334405786,0.33660553629058904,0.30694819929179934,0.10332046323604671
2.0282489261759444,0.33660553629058904,0.2835612724498847,0.09544829418423528
2.1733078802249692,0.33660553629058904,0.2614899720544265,0.08801897227799135
2.3287413498860743,0.33660553629058904,0.24069684653920526,0.0810198911127828
2.4952913133080123,0.33660553629058904,0.221142508895031,0.07443779280325827
2.673752814401236,0.33660553629058904,0.20278602475093352,0.06825889861352465
2.8649777580643074,0.33660553629058904,0.18558526437488543,0.06246902744253906
3.0698789768422605,0.33660553629058904,0.16949721897159734,0.05705370229169792
3.289434588429555,0.33660553629058904,0.15447828239612216,0.051998245091195765
3.524692664818587,0.33660553629058904,0.14048450001151483,0.04728786046689121
3.776776235382502,0.33660553629058904,0.12747178690028302,0.04290770919148945
4.046888647774959,0.33660553629058904,0.11539611799842198,0.038842972184710924
4.336319312237784,0.33660553629058904,0.10421369296424393,0.03507890600905211
4.646449856737443,0.33660553629058904,0.09388107872980517,0.031600890853385084
4.978760722312678,0.33660553629058904,0.0843553327188823,0.028394472008810453
5.334838230116768,0.33660553629058904,0.07559410966125564,0.02544539582293655
5.716382153889739,0.33660553629058904,0.06755575479813912,0.022739641073343152
6.125213834008588,0.33660553629058904,0.060199386068328996,0.020263446631894097
6.563284871848655,0.33660553629058904,0.05348496760012384,0.018003336202524464
7.032686445959767,0.33660553629058904,0.04737337652219114,0.015946140810148147
7.535659294528738,0.33660553629058904,0.04182646476000772,0.01407901960168182
8.07460441178074,0.33660553629058904,0.036807117116558416,0.012389479396329665
8.652094509379817,0.33660553629058904,0.03227930656034636,0.010865393295833716
9.270886297540766,0.33660553629058904,0.02820814727413585,0.009495018540974415
9.933933644477731,0.33660553629058904,0.02455994566751188,0.008267013682680565
10.644401677007258,0.33660553629058904,0.02130224923763878,0.007170455028831193
11.405681889616837,0.33660553629058904,0.018403892886396357,0.006194852234860002
12.221408334123376,0.33660553629058904,0.015835042077275815,0.005330162830605469
13.095474967204968,0.33660553629058904,0.013567232048513733,0.004566805419668832
14.032054238615942,0.33660553629058904,0.011573402193743159,0.0038956712521315954
15.035617008818157,0.33660553629058904,0.009827924678889273,0.0033081338571610383
16.110953891107577,0.33660553629058904,0.00830662638227094,0.002796056428169865
17.263198120114698,0.33660553629058904,0.006986803319382333,0.002351796678277558
18.497850055844463,0.33660553629058904,0.005847226837826378,0.0019682089255592733
19.82080344022787,0.33660553629058904,0.004868141032737607,0.0016386432230628641
21.23837353152414,0.33660553629058904,0.004031251028852979,0.0013569414144890457
22.757327250875505,0.33660553629058904,0.0033197019915497668,0.0011174300691905456
24.384915484922956,0.33660553629058904,0.002718048954896056,0.000914910326126862
26.12890769868241,0.33660553629058904,0.0022122177796538886,0.0007446447521119733
27.997629023909713,0.33660553629058904,0.001789457768640255,0.0006023413918825138
30.0,0.33660553629058904,0.0014382866624521446,0.00048413525335430554
0.03,0.3606793303852239,2.523638387598748,0.9102242037735624
0.03214557915712819,0.3606793303852239,2.507459198631335,0.9043887047306198
0.034444608644906484,0.3606793303852239,2.490339983066073,0.898214157523821
0.03690806312437145,0.3606793303852239,2.472240866074345,0.8916861801266805
0.0395477021566922,0.3606793303852239,2.453122223081062,0.8847904807739891
0.04237612633868262,0.3606793303852239,2.432944981132616,0.8775129666590031
0.045406837453086234,0.3606793303852239,2.411670954403317,0.869839864943682
0.04865430292076789,0.3606793303852239,2.3892632140781505,0.861757856167755
0.052134024862481254,0.3606793303852239,2.365686492193973,0.8532542199058912
0.05586261409988602,0.3606793303852239,2.340907618246762,0.8443169922429113
0.05985786944906639,0.3606793303852239,2.3148959864792973,0.8349351343147952
0.06413886268506694,0.3606793303852239,2.287624050756625,0.8250987108000327
0.0687260295830332,0.3606793303852239,2.2590678428269926,0.8147990768456319
0.07364126747055089,0.3606793303852239,2.2292075085718386,0.804029071481404
0.07890803975686143,0.3606793303852239,2.198027855595809,0.7927832151243659
0.0845514879379336,0.3606793303852239,2.1655189042314213,0.7810579083147329
0.09059855161206047,0.3606793303852239,2.131676432775794,0.768851628371536
0.09707809707888847,0.3606793303852239,2.096502506590401,0.7561651202279692
0.10402105513575949,0.3606793303852239,2.0600059796376726,0.7430015773252729
0.11146056872915173,0.3606793303852239,2.0222029561645356,0.7293668081324449
0.11943215116604915,0.3606793303852239,1.9831171996397694,0.7152693836414923
0.12797385564047778,0.3606793303852239,1.9427804757760456,0.7007207610883909
0.13712645688446246,0.3606793303852239,1.9012328165808086,0.6857353791907792
0.1469336458105338,0.3606793303852239,1.8585226929361216,0.6703307203939434
0.15744223807493174,0.3606793303852239,1.814707084245415,0.6545273359909582
0.1687023975571047,0.3606793303852239,1.769851435225454,0.6383488305384442
0.1807678758223073,0.3606793303852239,1.7240294919625772,0.6218218027254401
0.1936962687103966,0.3606793303852239,1.6773230118647267,0.6049757407590965
0.2075492912756809,0.3606793303852239,1.6298213450684436,0.5878428713868311
0.22239307239027523,0.3606793303852239,1.5816208881178797,0.5704579628496399
0.23829847041728436,0.3606793303852239,1.532824414209965,0.5528580833153732
0.2553414114607129,0.3606793303852239,1.4835402878629922,0.5350823176259263
0.27360325180677286,0.3606793303852239,1.4338815753664937,0.5171714464548969
0.29317116628674317,0.3606793303852239,1.3839650656520393,0.4991675931559199
0.3141385644152698,0.3606793303852239,1.3339102191334569,0.4811138446310625
0.33660553629058904,0.3606793303852239,1.2838380644584664,0.46305385341194155
0.3606793303852239,0.3606793303852239,1.2338700648712282,0.44503142878012736
0.38647486550794,0.3606793303852239,1.1841269769160943,0.4270901251251763
0.4141152793808653,0.3606793303852239,1.134727724462912,0.4092728358288319
0.4437325164504621,0.3606793303852239,1.0857883104901775,0.39162140076770074
0.47546795773833395,0.3606793303852239,1.037420787752317,0.3741762350542171
0.5094730957385232,0.3606793303852239,0.9897323074491536,0.3569759859113833
0.5459102575829949,0.3606793303852239,0.9428242624115007,0.3400572236375227
0.5849533799274136,0.3606793303852239,0.8967915382463593,0.32345417150983174
0.6267888392562115,0.3606793303852239,0.8517218824962862,0.30719847825320284
0.6716163415705015,0.3606793303852239,0.8076953983162959,0.29131903541994825
0.7196498757058468,0.3606793303852239,0.7647841656129887,0.27584184074251494
0.7711187348306588,0.3606793303852239,0.7230519891686747,0.26078990728706175
0.8262686110014498,0.3606793303852239,0.6825542701143605,0.24618321709642277
0.8853627679999155,0.3606793303852239,0.6433379943220531,0.23203871700345108
0.9486832980505137,0.3606793303852239,0.6054418289343929,0.2183703534472621
1.0165324684176076,0.3606793303852239,0.5688963163851658,0.20518914245242206
1.089234164310304,0.3606793303852239,0.5337241539072413,0.19250327044168397
1.1671354349828413,0.3606793303852239,0.4999405456692152,0.18031822124439598
1.2506081504110058,0.3606793303852239,0.46755361430132963,0.1686369245253948
1.3400507764528888,0.3606793303852239,0.43656485862096034,0.1574599208771279
1.4358902769679147,0.3606793303852239,0.40696964479174635,0.14678553897059948
1.5385841519740941,0.3606793303852239,0.3787577188846414,0.13661008042554731
1.6486226215728734,0.3606793303852239,0.3519137297869686,0.12692800841293045
1.7665309660667667,0.3606793303852239,0.32641775256100247,0.11773213641955207
1.8928720334405786,0.3606793303852239,0.3022458036243214,0.10901381406296412
2.0282489261759444,0.3606793303852239,0.2793703404538384,0.10076310732438246
2.1733078802249692,0.3606793303852239,0.25776073985493514,0.0929689710504779
2.3287413498860743,0.3606793303852239,0.23738375014548962,0.0856194120468085
2.4952913133080123,0.3606793303852239,0.2182039138489451,0.0787016415344726
2.673752814401236,0.3606793303852239,0.20018395864579272,0.07220221615822787
2.8649777580643074,0.3606793303852239,0.1832851553809584,0.06610716711235579
3.0698789768422605,0.3606793303852239,0.16746764285375287,0.06040211728568341
3.289434588429555,0.3606793303852239,0.1526907199206423,0.05507238661701503
3.524692664818587,0.3606793303852239,0.1389131061166871,0.05010308609589825
3.776776235382502,0.3606793303852239,0.12609317254992408,0.045479201041455114
4.046888647774959,0.3606793303852239,0.1141891452475964,0.04118566444516414
4.336319312237784,0.3606793303852239,0.1031592834391434,0.03720742127384976
4.646449856737443,0.3606793303852239,0.09296203545490479,0.0335294846991225
4.978760722312678,0.3606793303852239,0.08355617500923182,0.03013698525188031
5.334838230116768,0.3606793303852239,0.07490092063081971,0.027015213898360854
5.716382153889739,0.3606793303852239,0.0669560409110453,0.024149660001041476
6.125213834008588,0.3606793303852239,0.059681948073319044,0.021526045067170412
6.563284871848655,0.3606793303852239,0.05303978213419552,0.0191303531039398
7.032686445959767,0.3606793303852239,0.046991487642373375,0.016948858296656752
7.535659294528738,0.3606793303852239,0.04149988465774371,0.014968150609419027
8.07460441178074,0.3606793303852239,0.036528735282923226,0.01317515978166385
8.652094509379817,0.3606793303852239,0.03204280669829526,0.011557178063604302
9.270886297540766,0.3606793303852239,0.028007931292528494,0.010101881904064535
9.933933644477731,0.3606793303852239,0.02439106413751831,0.008797352680503152
10.644401677007258,0.3606793303852239,0.021160337742418076,0.007632096447660532
11.405681889616837,0.3606793303852239,0.018285113747144203,0.006595062582337623
12.221408334123376,0.3606793303852239,0.015736030990749612,0.005675661120664702
13.095474967204968,0.3606793303852239,0.013485049221238542,0.004863778523328102
14.032054238615942,0.3606793303852239,0.011505487604940585,0.004149791565105464
15.035617008818157,0.3606793303852239,0.00977205714678768,0.0035245790281895222
16.110953891107577,0.3606793303852239,0.008260886146234176,0.0029795308836123155
17.263198120114698,0.3606793303852239,0.00694953788294166,0.0025065546701061444
18.497850055844463,0.3606793303852239,0.005817019845203533,0.0020980788226055685
19.82080344022787,0.3606793303852239,0.004843783974029556,0.0017470527602836588
21.23837353152414,0.3606793303852239,0.004011717587119471,0.0014469436130168766
22.757327250875505,0.3606793303852239,0.0033041248591450965,0.0011917295417056255
24.384915484922956,0.3606793303852239,0.0027056989571407684,0.0009758896880855309
26.12890769868241,0.3606793303852239,0.0022024851520098527,0.0007943908698103116
27.997629023909713,0.3606793303852239,0.0017818354395875348,0.0006426712132070931
30.0,0.3606793303852239,0.0014323553988832452,0.0005166209861428692
0.03,0.38647486550794,2.367218450443795,0.9148704322631799
0.03214557915712819,0.38647486550794,2.3528230828486905,0.9093069845079245
0.034444608644906484,0.38647486550794,2.3375809680578654,0.9034162902440838
0.03690806312437145,0.38647486550794,2.3214547973841135,0.8971839306017875
0.0395477021566922,0.38647486550794,2.304407274119655,0.8905954913409122
0.04237612633868262,0.38647486550794,2.2864013680674784,0.8836366612210489
0.045406837453086234,0.38647486550794,2.2674006014144967,0.8762933424842899
0.04865430292076789,0.38647486550794,2.2473693666225723,0.8685517737121229
0.052134024862481254,0.38647486550794,2.226273276495081,0.8603986651173574
0.05586261409988602,0.38647486550794,2.2040795459500964,0.8518213460898649
0.05985786944906639,0.38647486550794,2.1807574042933227,0.8428079245297063
0.06413886268506694,0.38647486550794,2.1562785359350243,0.8333474571731463
0.0687260295830332,0.38647486550794,2.1306175465406962,0.8234301297481726
0.07364126747055089,0.38647486550794,2.1037524505562724,0.8130474453907345
0.07890803975686143,0.38647486550794,2.075665174922958,0.8021924193178651
0.0845514879379336,0.38647486550794,2.0463420726198045,0.7908597772989783
0.09059855161206047,0.38647486550794,2.015774438476929,0.7790461550047144
0.09707809707888847,0.38647486550794,1.983959018530386,0.7667502948597956
0.10402105513575949,0.38647486550794,1.9508985030898602,0.7539732366012952
0.11146056872915173,0.38647486550794,1.9166019927183284,0.7407184973680658
0.11943215116604915,0.38647486550794,1.8810854255389964,0.7269922368441297
0.12797385564047778,0.38647486550794,1.84437195375213,0.712803402772971
0.13712645688446246,0.38647486550794,1.8064922570249797,0.6981638520748641
0.1469336458105338,0.38647486550794,1.7674847805693212,0.6830884428578593
0.15744223807493174,0.38647486550794,1.727395886291781,0.667595092833585
0.1687023975571047,0.38647486550794,1.68627990642707,0.6517048000451435
0.1807678758223073,0.38647486550794,1.6441990905605777,0.6354416223926765
0.1936962687103966,0.38647486550794,1.6012234389096895,0.6188326132007835
0.2075492912756809,0.38647486550794,1.5574304171329767,0.6019077109994422
0.22239307239027523,0.38647486550794,1.5129045507169818,0.584699582764696
0.23829847041728436,0.38647486550794,1.4677369000692575,0.5672434210553071
0.2553414114607129,0.38647486550794,1.4220244207169517,0.5495766967455902
0.27360325180677286,0.38647486550794,1.375869216346057,0.5317388703438573
0.29317116628674317,0.38647486550794,1.3293776956769232,0.5137710661459941
0.3141385644152698,0.38647486550794,1.2826596472104024,0.49571571464810205
0.33660553629058904,0.38647486550794,1.2358272485524586,0.477616169675359
0.3606793303852239,0.38647486550794,1.1889940292018484,0.4595163075255281
0.38647486550794,0.38647486550794,1.142273807255464,0.441460116032298
0.4141152793808653,0.38647486550794,1.0957796213679079,0.4234912817945036
0.4437325164504621,0.38647486550794,1.0496226794495074,0.40565278387433196
0.47546795773833395,0.38647486550794,1.0039113449922619,0.38798650203777957
0.5094730957385232,0.38647486550794,0.9587501806069673,0.3705328471057909
0.5459102575829949,0.38647486550794,0.9142390664044112,0.35333042023074945
0.5849533799274136,0.38647486550794,0.8704724083582346,0.3364157069486214
0.6267888392562115,0.38647486550794,0.827538448870591,0.319822810729911
0.6716163415705015,0.38647486550794,0.7855186885638993,0.3035832295167064
0.7196498757058468,0.38647486550794,0.7444874249894264,0.28772567744514116
0.7711187348306588,0.38647486550794,0.7045114106203421,0.27227595266830584
0.8262686110014498,0.38647486550794,0.6656496293167912,0.257256850965617
0.8853627679999155,0.38647486550794,0.6279531875293194,0.24268812369567594
0.9486832980505137,0.38647486550794,0.5914653139379271,0.2285864776567719
1.0165324684176076,0.38647486550794,0.556221459074769,0.2149656135885515
1.089234164310304,0.38647486550794,0.5222494847901352,0.20183629939585845
1.1671354349828413,0.38647486550794,0.4895699322092643,0.18920647370730673
1.2506081504110058,0.38647486550794,0.45819635608395964,0.1770813750937765
1.3400507764528888,0.38647486550794,0.4281357131404545,0.16546369215510315
1.4358902769679147,0.38647486550794,0.39938879212062806,0.15435372972019834
1.5385841519740941,0.38647486550794,0.37195067365379114,0.14374958657593662
1.6486226215728734,0.38647486550794,0.3458112088205767,0.13364734042007057
1.7665309660667667,0.38647486550794,0.3209555062163434,0.12404123609899412
1.8928720334405786,0.38647486550794,0.29736441842720673,0.11492387361850152
2.0282489261759444,0.38647486550794,0.2750150200393786,0.10628639288238229
2.1733078802249692,0.38647486550794,0.253881070559553,0.09811865259951508
2.3287413498860743,0.38647486550794,0.23393345688518435,0.0904094012875091
2.4952913133080123,0.38647486550794,0.21514061119072994,0.08314643877523337
2.673752814401236,0.38647486550794,0.19746890125880948,0.07631676705599909
2.8649777580643074,0.38647486550794,0.1808829913605745,0.06990672975875191
3.0698789768422605,0.38647486550794,0.1653461727606135,0.06390213987991072
3.289434588429555,0.38647486550794,0.15082066377742123,0.058288395749197114
3.524692664818587,0.38647486550794,0.13726788006457205,0.05305058548651553
3.776776235382502,0.38647486550794,0.12464867638790199,0.048173580442757165
4.046888647774959,0.38647486550794,0.1129235616610194,0.043642118305620044
4.336319312237784,0.38647486550794,0.10205288936849918,0.0394408766933874
4.646449856737443,0.38647486550794,0.09199702575834773,0.03555453815708793
4.978760722312678,0.38647486550794,0.08271649832937733,0.031967847567133854
5.334838230116768,0.38647486550794,0.07417212718300722,0.02866566287749054
5.716382153889739,0.38647486550794,0.0663251417618029,0.025633000242187832
6.125213834008588,0.38647486550794,0.05913728536901907,0.022855074409496315
6.563284871848655,0.38647486550794,0.05257090966579119,0.020317335242716717
7.032686445959767,0.38647486550794,0.046589061087693305,0.018005501118007472
7.535659294528738,0.38647486550794,0.041155560823347224,0.015905589834106965
8.07460441178074,0.38647486550794,0.036235079668503624,0.014003947541554429
8.652094509379817,0.38647486550794,0.031793208723885906,0.01228727606562967
9.270886297540766,0.38647486550794,0.027796526558476857,0.010742658863275226
9.933933644477731,0.38647486550794,0.024212663125859176,0.009357585725155484
10.644401677007258,0.38647486550794,0.021010360412786408,0.008119976214804973
11.405681889616837,0.38647486550794,0.018159529527995735,0.007018201732019617
12.221408334123376,0.38647486550794,0.015631303715077514,0.006041106000998346
13.095474967204968,0.38647486550794,0.013398086603268588,0.00517802371806196
14.032054238615942,0.38647486550794,0.011433594898940368,0.004418797050840248
15.035617008818157,0.38647486550794,0.009712894670018955,0.003753789661288363
16.110953891107577,0.38647486550794,0.008212430384467584,0.0031738979283304296
17.263198120114698,0.38647486550794,0.006910045928441442,0.0026705590708480946
18.497850055844463,0.38647486550794,0.005784996943583594,0.0022357559157353134
19.82080344022787,0.38647486550794,0.0048179539780459826,0.0018620181156887656
21.23837353152414,0.38647486550794,0.003990996132668084,0.0015424196936156067
22.757327250875505,0.38647486550794,0.003287595091995527,0.001270572871023535
24.384915484922956,0.38647486550794,0.002692589648876048,0.001040618222417442
26.12890769868241,0.38647486550794,0.0021921510509135714,0.0008472112825749119
27.997629023909713,0.38647486550794,0.001773739707491219,0.0006855058148987616
30.0,0.38647486550794,0.0014260539888821713,0.0005511340235602986
0.03,0.4141152793808653,2.2197914095832747,0.9192495397468226
0.03214557915712819,0.4141152793808653,2.20698326995962,0.9139454934282237
0.034444608644906484,0.4141152793808653,2.1934130486777725,0.9083258574508313
0.03690806312437145,0.4141152793808653,2.179045994825159,0.9023762409307762
0.0395477021566922,0.4141152793808653,2.163847184223246,0.8960821812321083
0.04237612633868262,0.4141152793808653,2.147781732916612,0.8894292323758818
0.045406837453086234,0.4141152793808653,2.130815039132929,0.8824030652394822
0.04865430292076789,0.4141152793808653,2.112913054694016,0.8749895799520898
0.052134024862481254,0.4141152793808653,2.0940425864568364,0.8671750307260025
0.05586261409988602,0.4141152793808653,2.074171627865697,0.8589461631574673
0.05985786944906639,0.4141152793808653,2.0532697200975503,0.850290363782468
0.06413886268506694,0.4141152793808653,2.031308341578451,0.8411958213814423
0.0687260295830332,0.4141152793808653,2.0082613238418445,0.8316516991925518
0.07364126747055089,0.4141152793808653,1.9841052907941175,0.8216483168182589
0.07890803975686143,0.4141152793808653,1.9588201174607416,0.8111773401991144
0.0845514879379336,0.4141152793808653,1.932389403225024,0.8002319775891543
0.09059855161206047,0.4141152793808653,1.904800953465407,0.7888071790092656
0.09707809707888847,0.4141152793808653,1.876047262378613,0.7768998361916268
0.10402105513575949,0.4141152793808653,1.846125988684185,0.7645089795762274
0.11146056872915173,0.4141152793808653,1.8150404148879344,0.7516359684988786
0.11943215116604915,0.4141152793808653,1.782799879890036,0.7382846703408353
0.12797385564047778,0.4141152793808653,1.7494201740151623,0.7244616241168109
0.13712645688446246,0.4141152793808653,1.7149238850760666,0.7101761837851942
0.1469336458105338,0.4141152793808653,1.6793406839162346,0.6954406364956249
0.15744223807493174,0.4141152793808653,1.6427075380647136,0.6802702910667222
0.1687023975571047,0.4141152793808653,1.605068842721024,0.664683532228939
0.1807678758223073,0.4141152793808653,1.5664764593012281,0.6487018365870768
0.1936962687103966,0.4141152793808653,1.526989653231281,0.6323497468595626
0.2075492912756809,0.4141152793808653,1.4866749245635706,0.6156548017341699
0.22239307239027523,0.4141152793808653,1.445605727286273,0.5986474196297339
0.23829847041728436,0.4141152793808653,1.4038620758371665,0.5813607357475097
0.2553414114607129,0.4141152793808653,1.3615300402437778,0.5638303930009928
0.27360325180677286,0.4141152793808653,1.3187011343878383,0.5460942886868836
0.29317116628674317,0.4141152793808653,1.2754716050134363,0.5281922800524999
0.3141385644152698,0.4141152793808653,1.2319416321324952,0.5101658531714675
0.33660553629058904,0.4141152793808653,1.1882144542909328,0.49205776070307194
0.3606793303852239,0.4141152793808653,1.14439543461061,0.4739116351259595
0.38647486550794,0.4141152793808653,1.1005910854950203,0.45577158485386005
0.4141152793808653,0.4141152793808653,1.0569080712803476,0.4376817812181526
0.4437325164504621,0.4141152793808653,1.0134522088558948,0.41968604460951386
0.47546795773833395,0.4141152793808653,0.9703274863297642,0.401827438092383
0.5094730957385232,0.4141152793808653,0.9276351191741476,0.3841478765403044
0.5459102575829949,0.4141152793808653,0.8854726619828418,0.36668775880114307
0.5849533799274136,0.4141152793808653,0.8439331920788004,0.3494856296164979
0.6267888392562115,0.4141152793808653,0.8031045788177679,0.3325778770291721
0.6716163415705015,0.4141152793808653,0.7630688496634938,0.31599846986523317
0.7196498757058468,0.4141152793808653,0.7239016610929802,0.2997787386277919
0.7711187348306588,0.4141152793808653,0.6856718792641247,0.2839472018450659
0.8262686110014498,0.4141152793808653,0.6484412722772965,0.2685294386311964
0.8853627679999155,0.4141152793808653,0.6122643129101523,0.2535480069957212
0.9486832980505137,0.4141152793808653,0.5771880880075855,0.2390224063205687
1.0165324684176076,0.4141152793808653,0.5432523083506755,0.22496908144693994
1.089234164310304,0.4141152793808653,0.5104894108702095,0.21140146500349014
1.1671354349828413,0.4141152793808653,0.47892474354731684,0.19833005397650638
1.2506081504110058,0.4141152793808653,0.4485768222676416,0.18576251607714517
1.3400507764528888,0.4141152793808653,0.4194576482566056,0.17370382119622496
1.4358902769679147,0.4141152793808653,0.39157307449395407,0.16215639314208816
1.5385841519740941,0.4141152793808653,0.36492320964438163,0.15112027691444518
1.6486226215728734,0.4141152793808653,0.3395028484962002,0.14059331695560354
1.7665309660667667,0.4141152793808653,0.3153019186148336,0.13057134211650465
1.8928720334405786,0.4141152793808653,0.2923059338334798,0.1210483534541362
2.0282489261759444,0.4141152793808653,0.270496446261931,0.11201671141529075
2.1733078802249692,0.4141152793808653,0.24985148964222878,0.10346731943691694
2.3287413498860743,0.4141152793808653,0.23034600806794445,0.09538980148532387
2.4952913133080123,0.4141152793808653,0.2119522652702893,0.08777267154781311
2.673752814401236,0.4141152793808653,0.19464023082379064,0.08060349356635017
2.8649777580643074,0.4141152793808653,0.17837794070877525,0.07386903075199788
3.0698789768422605,0.4141152793808653,0.16313183066580478,0.06755538363208176
3.289434588429555,0.4141152793808653,0.14886704167298995,0.06164811655301315
3.524692664818587,0.4141152793808653,0.1355476976604735,0.05613237268610004
3.776776235382502,0.4141152793808653,0.12313715624149273,0.05099297785911102
4.046888647774959,0.4141152793808653,0.11159823378419606,0.046214533761953475
4.336319312237784,0.4141152793808653,0.10089340657362861,0.04178150125092544
4.646449856737443,0.4141152793808653,0.09098499012238166,0.03767827460399535
4.978760722312678,0.4141152793808653,0.0818352988865888,0.03388924766163633
5.334838230116768,0.4141152793808653,0.07340678873830304,0.03039887282681452
5.716382153889739,0.4141152793808653,0.06566218454426825,0.02719171389730758
6.125213834008588,0.4141152793808653,0.05856459511457916,0.024252493667701207
6.563284871848655,0.4141152793808653,0.052077617623815305,0.021566137171776148
7.032686445959767,0.4141152793808653,0.046165433384188645,0.019117811343632007
7.535659294528738,0.4141152793808653,0.040792896578366364,0.01689296176330493
8.07460441178074,0.4141152793808653,0.03592561725297677,0.014877347025646512
8.652094509379817,0.4141152793808653,0.03153003954698844,0.013057071135890849
9.270886297540766,0.4141152793808653,0.027573515796844958,0.011418614197723153
9.933933644477731,0.4141152793808653,0.024024376836792382,0.009948861525719466
10.644401677007258,0.4141152793808653,0.020851998511703728,0.008635131189323577
11.405681889616837,0.4141152793808653,0.018026864152905244,0.007465199885041261
12.221408334123376,0.4141152793808653,0.015520622545145982,0.006427326941448084
13.095474967204968,0.4141152793808653,0.01330614074262324,0.005510276191112537
14.032054238615942,0.4141152793808653,0.011357550978907572,0.00470333539671273
15.035617008818157,0.4141152793808653,0.009650290861827815,0.003996332896352437
16.110953891107577,0.4141152793808653,0.008161136049143036,0.0033796511350561195
17.263198120114698,0.4141152793808653,0.006868224660672737,0.0028442367742050395
18.497850055844463,0.4141152793808653,0.005751072791600732,0.00238160711583343
19.82080344022787,0.4141152793808653,0.004790580642069827,0.0019838526409873113
21.23837353152414,0.4141152793808653,0.003969028960645529,0.0016436355369084685
22.757327250875505,0.4141152793808653,0.003270065703582749,0.001354184172432956
24.384915484922956,0.4141152793808653,0.0026786830275941564,0.0011092835703449362
26.12890769868241,0.4141152793808653,0.0021811849507317395,0.0009032620152536131
27.997629023909713,0.4141152793808653,0.0017651462244617916,0.0007309740218910744
30.0,0.4141152793808653,0.0014193631514991321,0.0005877799680259686
0.03,0.4437325164504621,2.080925589812064,0.9233743485134693
0.03214557915712819,0.4437325164504621,2.069528968209618,0.918317296930782
0.034444608644906484,0.4437325164504621,2.057446956535017,0.9129561154866275
0.03690806312437145,0.4437325164504621,2.044647313007939,0.9072764974546884
0.0395477021566922,0.4437325164504621,2.0310974817200824,0.9012639967198487
0.04237612633868262,0.4437325164504621,2.01676477043494,0.8949041066737343
0.045406837453086234,0.4437325164504621,2.001616554015442,0.8881823504821743
0.04865430292076789,0.4437325164504621,1.9856205046563078,0.88108438324678
0.052134024862481254,0.4437325164504621,1.9687448497948925,0.8735961064483746
0.05586261409988602,0.4437325164504621,1.9509586581870726,0.8657037948881666
0.05985786944906639,0.4437325164504621,1.932232154156513,0.8573942361303667
0.06413886268506694,0.4437325164504621,1.9125370594516287,0.8486548821952382
0.0687260295830332,0.4437325164504621,1.8918469614725928,0.839474012953394
0.07364126747055089,0.4437325164504621,1.8701377058622688,0.8298409103311586
0.07890803975686143,0.4437325164504621,1.8473878105958135,0.8197460420555899
0.0845514879379336,0.4437325164504621,1.8235788977650687,0.8091812532512539
0.09059855161206047,0.4437325164504621,1.7986961382529671,0.7981399637567174
0.09707809707888847,0.4437325164504621,1.7727287034539438,0.7866173685675834
0.10402105513575949,0.4437325164504621,1.7456702171497138,0.7746106383484671
0.11146056872915173,0.4437325164504621,1.7175191996337615,0.7621191165054725
0.11943215116604915,0.4437325164504621,1.6882794952369222,0.7491445088931954
0.12797385564047778,0.4437325164504621,1.6579606735906183,0.7356910618682682
0.13712645688446246,0.4437325164504621,1.6265783943273202,0.7217657241188138
0.1469336458105338,0.4437325164504621,1.5941547245150252,0.7073782875204453
0.15744223807493174,0.4437325164504621,1.560718398007666,0.6925415022184754
0.1687023975571047,0.4437325164504621,1.526305006115236,0.6772711612344515
0.1807678758223073,0.4437325164504621,1.4909571095959469,0.6615861501607169
0.1936962687103966,0.4437325164504621,1.4547242629749872,0.6455084579514349
0.2075492912756809,0.4437325164504621,1.4176629436108124,0.6290631454469953
0.22239307239027523,0.4437325164504621,1.3798363797508366,0.6122782690767341
0.23829847041728436,0.4437325164504621,1.3413142740120856,0.5951847581583073
0.2553414114607129,0.4437325164504621,1.3021724212336392,0.5778162453263939
0.27360325180677286,0.4437325164504621,1.2624922223987414,0.56020885084413
0.29317116628674317,0.4437325164504621,1.2223600992167865,0.5424009228341011
0.3141385644152698,0.4437325164504621,1.181866816874509,0.5244327367610233
0.33660553629058904,0.4437325164504621,1.1411067252863523,0.5063461587498592
0.3606793303852239,0.4437325164504621,1.1001769317676524,0.48818427847400875
0.38647486550794,0.4437325164504621,1.059176420297064,0.46999101834340845
0.4141152793808653,0.4437325164504621,1.0182051343153657,0.45181072651253795
0.4437325164504621,0.4437325164504621,0.9773630412357303,0.43368776177320734
0.47546795773833395,0.4437325164504621,0.9367491974518795,0.4156660786682732
0.5094730957385232,0.4437325164504621,0.896460832593058,0.397788821145794
0.5459102575829949,0.4437325164504621,0.8565924710900804,0.380097932769321
0.5849533799274136,0.4437325164504621,0.8172351078203813,0.3626337909248025
0.6267888392562115,0.4437325164504621,0.7784754527587614,0.34543487164755804
0.6716163415705015,0.4437325164504621,0.7403952572674835,0.32853745067528767
0.7196498757058468,0.4437325164504621,0.7030707320275055,0.3119753451652335
0.7711187348306588,0.4437325164504621,0.6665720637668676,0.29577969925085007
0.8262686110014498,0.4437325164504621,0.6309630350115275,0.2799788153128861
0.8853627679999155,0.4437325164504621,0.5963007481930447,0.264598031556993
0.9486832980505137,0.4437325164504621,0.5626354527102858,0.24965964527538007
1.0165324684176076,0.4437325164504621,0.5300104710558181,0.23518288006669294
1.089234164310304,0.4437325164504621,0.4984622179582859,0.2211838943301089
1.1671354349828413,0.4437325164504621,0.46802030471336686,0.20767582756037434
1.2506081504110058,0.4437325164504621,0.4387077195081923,0.19466888036361366
1.3400507764528888,0.4437325164504621,0.4105410735956011,0.18217042369285041
1.4358902769679147,0.4437325164504621,0.3835309026337939,0.17018513256221054
1.5385841519740941,0.4437325164504621,0.35768201234604985,0.15871513942737794
1.6486226215728734,0.4437325164504621,0.3329938578336815,0.1477602024990869
1.7665309660667667,0.4437325164504621,0.30946094634432764,0.1373178844645099
1.8928720334405786,0.4437325164504621,0.2870732540030578,0.1273837374043995
2.0282489261759444,0.4437325164504621,0.2658166479002953,0.11795149008722447
2.1733078802249692,0.4437325164504621,0.24567330594425418,0.10901323427134817
2.3287413498860743,0.4437325164504621,0.22662212797610193,0.10055960713019438
2.4952913133080123,0.4437325164504621,0.20863913276821103,0.09257996741328034
2.673752814401236,0.4437325164504621,0.19169783664052858,0.08506256345061135
2.8649777580643074,0.4437325164504621,0.17576961050471718,0.07799469158477573
3.0698789768422605,0.4437325164504621,0.16082401315416991,0.07136284406256203
3.289434588429555,0.4437325164504621,0.14682909954032985,0.06515284582718595
3.524692664818587,0.4437325164504621,0.13375170359753596,0.05934998001687095
3.776776235382502,0.4437325164504621,0.12155769589037721,0.053939102291357066
4.046888647774959,0.4437325164504621,0.11021221695398155,0.04890474437257451
4.336319312237784,0.4437325164504621,0.09967988767699404,0.044231207398411965
4.646449856737443,0.4437325164504621,0.08992499844044217,0.03990264584978128
4.978760722312678,0.4437325164504621,0.08091167897686502,0.035903142922636265
5.334838230116768,0.4437325164504621,0.07260405105881193,0.032216778280824455
5.716382153889739,0.4437325164504621,0.0649663661716836,0.028827689146003335
6.125213834008588,0.4437325164504621,0.057963130282179386,0.02572012566145744
6.563284871848655,0.4437325164504621,0.05155921769108667,0.02287850141228307
7.032686445959767,0.4437325164504621,0.04571997576988844,0.02028743990042675
7.535659294528738,0.4437325164504621,0.04041132213795244,0.017931817665363906
8.07460441178074,0.4437325164504621,0.03559983555504059,0.015796804616060797
8.652094509379817,0.4437325164504621,0.0312528414973215,0.013867902003833895
9.270886297540766,0.4437325164504621,0.027338493068890364,0.012130978325422237
9.933933644477731,0.4437325164504621,0.02382584758964253,0.010572303307517256
10.644401677007258,0.4437325164504621,0.02068493890799404,0.00917857999426827
11.405681889616837,0.4437325164504621,0.01788684522578933,0.007936974843399433
12.221408334123376,0.4437325164504621,0.015403752003288836,0.006835145639198201
13.095474967204968,0.4437325164504621,0.013209009342510812,0.005861266955369987
14.032054238615942,0.4437325164504621,0.011277183132873196,0.005004052850022529
15.035617008818157,0.4437325164504621,0.00958409918660317,0.004252776449982252
16.110953891107577,0.4437325164504621,0.008106879592437728,0.003597286082113289
17.263198120114698,0.4437325164504621,0.00682397057164893,0.003028017633941678
18.497850055844463,0.4437325164504621,0.005715161224867006,0.0025360028722303416
19.82080344022787,0.4437325164504621,0.004761592704003479,0.002112873512859624
21.23837353152414,0.4437325164504621,0.003945757521743349,0.0017508609144265153
22.757327250875505,0.4437325164504621,0.003251488911600431,0.0014427913569552333
24.384915484922956,0.4437325164504621,0.002663940364052903,0.0011820769614151547
26.12890769868241,0.4437325164504621,0.0021695556786043807,0.0009627024008465119
27.997629023909713,0.4437325164504621,0.0017560300781743546,0.000779207645551008
30.0,0.4437325164504621,0.0014122631224471234,0.0006266670692136492
0.03,0.47546795773833395,1.9501995097027052,0.9272573780606455
0.03214557915712819,0.47546795773833395,1.9400575492044296,0.9224352008150675
0.034444608644906484,0.47546795773833395,1.929299540473878,0.917320112374621
0.03690806312437145,0.47546795773833395,1.917895671930718,0.9118979382880883
0.0395477021566922,0.47546795773833395,1.905815713809879,0.9061543052708083
0.04237612633868262,0.47546795773833395,1.8930291651485347,0.9000747110922771
0.045406837453086234,0.47546795773833395,1.8795054236590036,0.8936446053452686
0.04865430292076789,0.47546795773833395,1.8652139797768623,0.8868494817094948
0.052134024862481254,0.47546795773833395,1.8501246359515702,0.8796749822172716
0.05586261409988602,0.47546795773833395,1.8342077519525508,0.8721070138886999
0.05985786944906639,0.47546795773833395,1.8174345165894141,0.8641318779259249
0.06413886268506694,0.47546795773833395,1.799777245784865,0.8557364114372533
0.0687260295830332,0.47546795773833395,1.781209706388432,0.8469081414002052
0.07364126747055089,0.47546795773833395,1.761707464477049,0.8376354502672809
0.07890803975686143,0.47546795773833395,1.74124825615644,0.8279077522701379
0.0845514879379336,0.47546795773833395,1.7198123780614754,0.8177156790899972
0.09059855161206047,0.47546795773833395,1.697383093865232,0.8070512731396766
0.09707809707888847,0.47546795773833395,1.673947052162542,0.7959081862538282
0.10402105513575949,0.47546795773833395,1.6494947101174977,0.7842818811197518
0.11146056872915173,0.47546795773833395,1.624020756285767,0.7721698323158581
0.11943215116604915,0.47546795773833395,1.5975245250779941,0.7595717233757356
0.12797385564047778,0.47546795773833395,1.5700103944625716,0.7464896358830749
0.13712645688446246,0.47546795773833395,1.5414881577620454,0.7329282262489465
0.1469336458105338,0.47546795773833395,1.5119733598281002,0.7188948855522339
0.15744223807493174,0.47546795773833395,1.4814875875372215,0.704399877661014
0.1687023975571047,0.47546795773833395,1.4500587044826412,0.6894564508210557
0.1807678758223073,0.47546795773833395,1.4177210199928405,0.6740809180187036
0.1936962687103966,0.47546795773833395,1.3845153832186425,0.6582927017162747
0.2075492912756809,0.47546795773833395,1.3504891940231094,0.6421143390298565
0.22239307239027523,0.47546795773833395,1.3156963237884594,0.6255714440755326
0.23829847041728436,0.47546795773833395,1.2801969410101757,0.6086926250449706
0.2553414114607129,0.47546795773833395,1.2440572386476838,0.5915093545694053
0.27360325180677286,0.47546795773833395,1.207349062588686,0.5740557930663345
0.29317116628674317,0.47546795773833395,1.1701494431846724,0.5563685659996648
0.3141385644152698,0.47546795773833395,1.1325400345338095,0.5384864972766926
0.33660553629058904,0.47546795773833395,1.0946064689151886,0.5204503023022738
0.3606793303852239,0.47546795773833395,1.0564376363972348,0.5023022454557059
0.38647486550794,0.47546795773833395,1.018124902032698,0.48408576789202823
0.4141152793808653,0.47546795773833395,0.9797612750982247,0.4658450925420589
0.4437325164504621,0.47546795773833395,0.9414405464361822,0.44762481394607273
0.47546795773833395,0.47546795773833395,0.9032564110284027,0.4294694810657318
0.5094730957385232,0.47546795773833395,0.8653015934200138,0.41142318145114015
0.5459102575829949,0.47546795773833395,0.8276669934906212,0.3935291350824126
0.5849533799274136,0.47546795773833395,0.7904408693459369,0.37582930586082586
0.6267888392562115,0.47546795773833395,0.7537080728130396,0.35836403811131146
0.6716163415705015,0.47546795773833395,0.7175493512331073,0.34117172460727196
0.7196498757058468,0.47546795773833395,0.6820407270469698,0.3242885115833912
0.7711187348306588,0.47546795773833395,0.6472529641689775,0.3077480450135067
0.8262686110014498,0.47546795773833395,0.6132511274616237,0.29158126115490896
0.8853627679999155,0.47546795773833395,0.5800942388777238,0.27581622305496456
0.9486832980505137,0.47546795773833395,0.5478350311446802,0.2604780034358777
1.0165324684176076,0.47546795773833395,0.5165197973312251,0.24558861316849576
1.089234164310304,0.47546795773833395,0.4861883323494817,0.23116697345841444
1.1671354349828413,0.47546795773833395,0.45687396047297024,0.21722892892990747
1.2506081504110058,0.47546795773833395,0.42860364134146517,0.20378729802783982
1.3400507764528888,0.47546795773833395,0.40139814570184085,0.19085195657680848
1.4358902769679147,0.47546795773833395,0.3752722913052061,0.1784299499426715
1.5385841519740941,0.47546795773833395,0.35023522893166803,0.16652562902815804
1.6486226215728734,0.47546795773833395,0.3262907684169638,0.15514080528808544
1.7665309660667667,0.47546795773833395,0.30343773477070235,0.14427492005217207
1.8928720334405786,0.47546795773833395,0.2816703449570964,0.13392522367220266
2.0282489261759444,0.47546795773833395,0.2609785966048334,0.12408696034111663
2.1733078802249692,0.47546795773833395,0.2413486607710391,0.11475355483968791
2.3287413498860743,0.47546795773833395,0.22276327185463154,0.10591679792783094
2.4952913133080123,0.47546795773833395,0.2052021087897993,0.09756702758988531
2.673752814401236,0.47546795773833395,0.1886421627088079,0.0896933038464994
2.8649777580643074,0.47546795773833395,0.17305808730857072,0.08228357534270841
3.0698789768422605,0.47546795773833395,0.15842252915718796,0.07532483639810983
3.289434588429555,0.47546795773833395,0.14470643611079617,0.06880327364919295
3.524692664818587,0.47546795773833395,0.1318793428591142,0.06270440181709656
3.776776235382502,0.47546795773833395,0.1199096333667485,0.05701318849004029
4.046888647774959,0.47546795773833395,0.10876478061800673,0.051714168114301594
4.336319312237784,0.47546795773833395,0.09841156460097701,0.04679154563866066
4.646449856737443,0.47546795773833395,0.08881626988079198,0.04222929045415687
4.978760722312678,0.47546795773833395,0.07994486441399522,0.03801122141459032
5.334838230116768,0.47546795773833395,0.07176316145006809,0.034121083815510204
5.716382153889739,0.47546795773833395,0.06423696645890598,0.030542619253521884
6.125213834008588,0.47546795773833395,0.05733221102282572,0.027259629287646147
6.563284871848655,0.47546795773833395,0.05101507554874451,0.02425603378502837
7.032686445959767,0.47546795773833395,0.045252102502244304,0.02151592476010785
7.535659294528738,0.47546795773833395,0.04001030165343594,0.019023616415653873
8.07460441178074,0.47546795773833395,0.03525724856897569,0.01676369197256367
8.652094509379817,0.47546795773833395,0.03096117730012059,0.014721047740062802
9.270886297540766,0.47546795773833395,0.027091067918415163,0.012880934736119357
9.933933644477731,0.47546795773833395,0.023616729253361213,0.011228998026554825
10.644401677007258,0.47546795773833395,0.02050887690432331,0.009751313817205488
11.405681889616837,0.47546795773833395,0.017739206344711402,0.008434424212618826
12.221408334123376,0.47546795773833395,0.015280460721060863,0.007265369452343638
13.095474967204968,0.47546795773833395,0.01310649278154892,0.006231717355955281
14.032054238615942,0.47546795773833395,0.011192320253649869,0.005321589653356295
15.035617008818157,0.47546795773833395,0.009514173932050295,0.004523684849039248
16.110953891107577,0.47546795773833395,0.008049537735741998,0.0038272972679509005
17.263198120114698,0.47546795773833395,0.006777180044719603,0.00322233195508782
18.497850055844463,0.47546795773833395,0.005677175726782046,0.002699315148534701
19.82080344022787,0.47546795773833395,0.004730918406357837,0.0022494001128976543
21.23837353152414,0.47546795773833395,0.003921122701258812,0.0018643682028089469
22.757327250875505,0.47546795773833395,0.0032318163500406265,0.0015366251197391732
24.384915484922956,0.47546795773833395,0.0026483223619911305,0.0012591924248886836
26.12890769868241,0.47546795773833395,0.002157231533568125,0.0010256944716343706
27.997629023909713,0.47546795773833395,0.0017463658798174667,0.0008303410183407195
30.0,0.47546795773833395,0.0014047337183386722,0.0006679058722246645
0.03,0.5094730957385232,1.8272030796054648,0.9309108095095593
0.03214557915712819,0.5094730957385232,1.8181759071435897,0.9263117080096424
0.034444608644906484,0.5094730957385232,1.8085952800733716,0.9214306362770619
0.03690806312437145,0.5094730957385232,1.7984337161083055,0.9162535928262348
0.0395477021566922,0.5094730957385232,1.7876632409470439,0.910766325503252
0.04237612633868262,0.5094730957385232,1.776255508836978,0.904954392909781
0.045406837453086234,0.5094730957385232,1.7641819434327475,0.8988032361666861
0.04865430292076789,0.5094730957385232,1.751413900286867,0.8922982616986312
0.052134024862481254,0.5094730957385232,1.7379228521535262,0.8854249356413807
0.05586261409988602,0.5094730957385232,1.7236805980691137,0.8781688903627005
0.05985786944906639,0.5094730957385232,1.7086594968865627,0.8705160434418246
0.06413886268506694,0.5094730957385232,1.692832725578459,0.8624527292679394
0.0687260295830332,0.5094730957385232,1.676174562180426,0.8539658431922253
0.07364126747055089,0.5094730957385232,1.6586606927180256,0.8450429978988558
0.07890803975686143,0.5094730957385232,1.6402685408461637,0.8356726913474052
0.0845514879379336,0.5094730957385232,1.6209776182321347,0.8258444852835837
0.09059855161206047,0.5094730957385232,1.6007698929383027,0.8155491929203014
0.09707809707888847,0.5094730957385232,1.5796301722193105,0.8047790739625486
0.10402105513575949,0.5094730957385232,1.557546495258344,0.7935280346959556
0.11146056872915173,0.5094730957385232,1.5345105304501354,0.7817918303917939
0.11943215116604915,0.5094730957385232,1.5105179709239698,0.7695682668153074
0.12797385564047778,0.5094730957385232,1.4855689211230263,0.7568573971774861
0.13712645688446246,0.5094730957385232,1.4596682664574616,0.7436617104633665
0.1469336458105338,0.5094730957385232,1.4328260173727203,0.7299863067255787
0.15744223807493174,0.5094730957385232,1.4050576186694586,0.7158390546745265
0.1687023975571047,0.5094730957385232,1.3763842146255607,0.7012307267509202
0.1807678758223073,0.5094730957385232,1.3468328604502993,0.6861751068559844
0.1936962687103966,0.5094730957385232,1.31643667088666,0.670689066060342
0.2075492912756809,0.5094730957385232,1.285234897402323,0.6547926019307448
0.22239307239027523,0.5094730957385232,1.253272926392708,0.6385088376145712
0.23829847041728436,0.5094730957385232,1.2206021921651113,0.621863977507587
0.2553414114607129,0.5094730957385232,1.1872800001675199,0.6048872171937807
0.27360325180677286,0.5094730957385232,1.1533692579354218,0.5876106063700026
0.29317116628674317,0.5094730957385232,1.1189381135005487,0.5700688646249475
0.3141385644152698,0.5094730957385232,1.084059503463311,0.5522991511942192
0.33660553629058904,0.5094730957385232,1.0488106154847943,0.534340791114464
0.3606793303852239,0.5094730957385232,1.013272272500824,0.5162349614970033
0.38647486550794,0.5094730957385232,0.9775282483884146,0.4980243428783016
0.4141152793808653,0.5094730957385232,0.9416645270115926,0.47975274172374827
0.4437325164504621,0.5094730957385232,0.9057685184328937,0.46146469110850197
0.47546795773833395,0.5094730957385232,0.8699282475057628,0.4432050373271492
0.5094730957385232,0.5094730957385232,0.8342315309883882,0.4250185206553419
0.5459102575829949,0.5094730957385232,0.798765159692788,0.4069493586767606
0.5849533799274136,0.5094730957385232,0.7636141019844608,0.38904084048761556
0.6267888392562115,0.5094730957385232,0.7288607441877798,0.37133493970363196
0.6716163415705015,0.5094730957385232,0.6945841821699568,0.35387195354113815
0.7196498757058468,0.5094730957385232,0.6608595766376646,0.3366901743580408
0.7711187348306588,0.5094730957385232,0.6277575825726821,0.3198255989666359
0.8262686110014498,0.5094730957385232,0.5953438608592133,0.303311679820868
0.8853627679999155,0.5094730957385232,0.5636786776272806,0.2871791208925677
0.9486832980505137,0.5094730957385232,0.5328165942666936,0.271455719741909
1.0165324684176076,0.5094730957385232,0.5028062485620068,0.256166256011559
1.089234164310304,0.5094730957385232,0.47369022505680963,0.24133242538077054
1.1671354349828413,0.5094730957385232,0.44550501065600806,0.22697281694594018
1.2506081504110058,0.5094730957385232,0.4182810296789931,0.2131029310792537
1.3400507764528888,0.5094730957385232,0.3920427511259108,0.19973523407796517
1.4358902769679147,0.5094730957385232,0.3668088598345957,0.18687924536424952
1.5385841519740941,0.5094730957385232,0.3425924824891091,0.17454165263047222
1.6486226215728734,0.5094730957385232,0.3194014590776715,0.16272645013970252
1.7665309660667667,0.5094730957385232,0.29723865036003044,0.1514350953720652
1.8928720334405786,0.5094730957385232,0.27610227215373323,0.14066667933460272
2.0282489261759444,0.5094730957385232,0.25598624774048845,0.13041810610283516
2.1733078802249692,0.5094730957385232,0.23688057037939966,0.12068427751149986
2.3287413498860743,0.5094730957385232,0.21877166874433523,0.11145827933505918
2.4952913133080123,0.5094730957385232,0.20164276903076886,0.10273156577139382
2.673752814401236,0.5094730957385232,0.18547424845924582,0.09449413954230798
2.8649777580643074,0.5094730957385232,0.1702439758991079,0.08673472543215302
3.0698789768422605,0.5094730957385232,0.15592763631354029,0.07944093558384993
3.289434588429555,0.5094730957385232,0.1424990366574061,0.07259942534560598
3.524692664818587,0.5094730957385232,0.12993039172036497,0.06619603890029331
3.776776235382502,0.5094730957385232,0.11819258918243444,0.060215944304126356
4.046888647774959,0.5094730957385232,0.1072554338253792,0.05464375790579425
4.336319312237784,0.5094730957385232,0.09708787141336353,0.049463658407629986
4.646449856737443,0.5094730957385232,0.08765819321638484,0.04465949106479719
4.978760722312678,0.5094730957385232,0.0789342224996118,0.04021486269659061
5.334838230116768,0.5094730957385232,0.07088348454341842,0.036113228307069145
5.716382153889739,0.5094730957385232,0.06347336189769455,0.032337970182950065
6.125213834008588,0.5094730957385232,0.05667123661734899,0.028872470358771146
6.563284871848655,0.5094730957385232,0.050444621183241715,0.025700177317583242
7.032686445959767,0.5094730957385232,0.044761279695319456,0.022804667735592303
7.535659294528738,0.5094730957385232,0.03958934074527016,0.02016970398774004
8.07460441178074,0.5094730957385232,0.03489740314851084,0.017779288015307107
8.652094509379817,0.5094730957385232,0.03065463545460932,0.0156177120237957
9.270886297540766,0.5094730957385232,0.026830869876474997,0.013669606337325203
9.933933644477731,0.5094730957385232,0.0233966909968973,0.011919984592226901
10.644401677007258,0.5094730957385232,0.020323519340606454,0.01035428631476052
11.405681889616837,0.5094730957385232,0.01758368965405245,0.008958416802555543
12.221408334123376,0.5094730957385232,0.015150523524825113,0.007718784122251973
13.095474967204968,0.5094730957385232,0.01299839580704228,0.006622332951448469
14.032054238615942,0.5094730957385232,0.011102794204468594,0.005656574934698348
15.035617008818157,0.5094730957385232,0.009440371303065584,0.004809615192693939
16.110953891107577,0.5094730957385232,0.00798898833969263,0.004070174621242169
17.263198120114698,0.5094730957385232,0.0067277500415474575,0.003427607641022161
18.497850055844463,0.5094730957385232,0.005637029966901599,0.0028719151080081823
19.82080344022787,0.5094730957385232,0.004698485914883934,0.002393752164339765
21.23837353152414,0.5094730957385232,0.003895065141997868,0.001984430895996864
22.757327250875505,0.5094730957385232,0.003210999316172979,0.0016359177620249286
24.384915484922956,0.5094730957385232,0.0026317893453882634,0.00134082586512662
26.12890769868241,0.5094730957385232,0.0021441804272430993,0.0010924022400894912
27.997629023909713,0.5094730957385232,0.0017361278687822524,0.0008845104399064186
30.0,0.5094730957385232,0.0013967544138076611,0.0007116087951890354
0.03,0.5459102575829949,1.7115385617126435,0.934346457087778
0.03214557915712819,0.5459102575829949,1.7035015740829744,0.9299589831006738
0.034444608644906484,0.5459102575829949,1.694967551074336,0.9253001724018088
0.03690806312437145,0.5459102575829949,1.6859112236575904,0.9203562303689774
0.0395477021566922,0.5459102575829949,1.6763067815261137,0.915113066891042
0.04237612633868262,0.5459102575829949,1.6661279711456747,0.909556349894368
0.045406837453086234,0.5459102575829949,1.6553482116905398,0.9036715686335326
0.04865430292076789,0.5459102575829949,1.643940730202711,0.8974441074761388
0.052134024862481254,0.5459102575829949,1.6318787172076963,0.8908593308550609
0.05586261409988602,0.5459102575829949,1.619135503865372,0.8839026799769175
0.05985786944906639,0.5459102575829949,1.6056847615209702,0.8765597817590026
0.06413886268506694,0.5459102575829949,1.5915007242420578,0.8688165703145048
0.0687260295830332,0.5459102575829949,1.57655843457637,0.8606594211142294
0.07364126747055089,0.5459102575829949,1.560834012337537,0.8520752977194843
0.07890803975686143,0.5459102575829949,1.5443049457180709,0.8430519107036452
0.0845514879379336,0.5459102575829949,1.526950403440912,0.8335778880588863
0.09059855161206047,0.5459102575829949,1.5087515659950206,0.8236429560210887
0.09707809707888847,0.5459102575829949,1.4896919732637068,0.8132381288437102
0.10402105513575949,0.5459102575829949,1.4697578850578135,0.8023559056165488
0.11146056872915173,0.5459102575829949,1.4489386502261727,0.790990471766927
0.11943215116604915,0.5459102575829949,1.4272270791550732,0.7791379024109715
0.12797385564047778,0.5459102575829949,1.4046198136148789,0.7667963642566769
0.13712645688446246,0.5459102575829949,1.3811176870990958,0.7539663123166975
0.1469336458105338,0.5459102575829949,1.356726068067798,0.7406506772884556
0.15744223807493174,0.5459102575829949,1.33145517789609,0.7268550391254668
0.1687023975571047,0.5459102575829949,1.3053203748842248,0.7125877820813786
0.1807678758223073,0.5459102575829949,1.2783423954543156,0.6978602263817283
0.1936962687103966,0.5459102575829949,1.2505475436820317,0.6826867316912395
0.2075492912756809,0.5459102575829949,1.221967820627519,0.6670847677169
0.22239307239027523,0.5459102575829949,1.192640985566555,0.651074947634675
0.23829847041728436,0.5459102575829949,1.1626105421971171,0.6346810205595336
0.2553414114607129,0.5459102575829949,1.131925644209694,0.6179298199953116
0.27360325180677286,0.5459102575829949,1.100640916245955,0.6008511660942129
0.29317116628674317,0.5459102575829949,1.0688161881951599,0.5834777206064945
0.3141385644152698,0.5459102575829949,1.0365161429371959,0.565844794579777
0.33660553629058904,0.5459102575829949,1.0038098799634791,0.5479901101352181
0.3606793303852239,0.5459102575829949,0.9707703997049241,0.529953518956862
0.38647486550794,0.5459102575829949,0.9374740157709622,0.5117766814268906
0.4141152793808653,0.5459102575829949,0.9039997045503867,0.4935027115660529
0.4437325164504621,0.5459102575829949,0.8704284036387682,0.47517579403799504
0.47546795773833395,0.5459102575829949,0.8368422722404012,0.4568407803950962
0.5094730957385232,0.5459102575829949,0.8033239279605793,0.4385427724355431
0.5459102575829949,0.5459102575829949,0.7699556751912344,0.4203267009711356
0.5849533799274136,0.5459102575829949,0.73681874055836,0.4022369084501923
0.6267888392562115,0.5459102575829949,0.7039925306290619,0.38431674373221564
0.6716163415705015,0.5459102575829949,0.671553926283485,0.3666081768782889
0.7196498757058468,0.5459102575829949,0.6395766268834001,0.34915144112598
0.7711187348306588,0.5459102575829949,0.60813055568006,0.3319847082953914
0.8262686110014498,0.5459102575829949,0.5772813358838046,0.31514380277018317
0.8853627679999155,0.5459102575829949,0.5470898445649512,0.29866195796749323
0.9486832980505137,0.5459102575829949,0.5176118491749608,0.2825696179111132
1.0165324684176076,0.5459102575829949,0.4888977290741248,0.26689428521059677
1.089234164310304,0.5459102575829949,0.46099228212649596,0.25166041547944806
1.1671354349828413,0.5459102575829949,0.4339346142625934,0.2368893570462699
1.2506081504110058,0.5459102575829949,0.40775810798829126,0.22259933376344276
1.3400507764528888,0.5459102575829949,0.3824904641889637,0.20880546782843648
1.4358902769679147,0.5459102575829949,0.35815381027699716,0.19551983882264662
1.5385841519740941,0.5459102575829949,0.3347648667749185,0.18275157465083275
1.6486226215728734,0.5459102575829949,0.31233516381482773,0.17050696973037952
1.7665309660667667,0.5459102575829949,0.29087129875170126,0.1587896256250415
1.8928720334405786,0.5459102575829949,0.27037522610528,0.14760060932719388
2.0282489261759444,0.5459102575829949,0.2508445713255228,0.1369386245456121
2.1733078802249692,0.5459102575829949,0.2322729603769673,0.12680019162895498
2.3287413498860743,0.5459102575829949,0.21465035781189026,0.11717983212337105
2.4952913133080123,0.5459102575829949,0.1979634068047763,0.10807025440080266
2.673752814401236,0.5459102575829949,0.18219576550690847,0.09946253727840734
2.8649777580643074,0.5459102575829949,0.16732843500903166,0.0913463090567399
3.0698789768422605,0.5459102575829949,0.15334007513559353,0.08370991991506765
3.289434588429555,0.5459102575829949,0.14020730520479271,0.07654060609936598
3.524692664818587,0.5459102575829949,0.1279049877486866,0.06982464480803532
3.776776235382502,0.5459102575829949,0.11640649397634914,0.06354749911096211
4.046888647774959,0.5459102575829949,0.10568395046504789,0.057693952620762774
4.336319312237784,0.5459102575829949,0.09570846716873871,0.05224823396495976
4.646449856737443,0.5459102575829949,0.08645034733327805,0.0471941313808492
4.978760722312678,0.5459102575829949,0.07787928030072509,0.0425150979693471
5.334838230116768,0.5459102575829949,0.06996451847148408,0.03819434830043808
5.716382153889739,0.5459102575829949,0.06267503987626322,0.034214947162875334
6.125213834008588,0.5459102575829949,0.05597969789604344,0.030559891297847315
6.563284871848655,0.5459102575829949,0.04984735966592852,0.027212184955059233
7.032686445959767,0.5459102575829949,0.04424703461840581,0.02415491006581761
7.535659294528738,0.5459102575829949,0.03914799447548514,0.02137129174796976
8.07460441178074,0.5459102575829949,0.034519885801054064,0.018844759749388994
8.652094509379817,0.5459102575829949,0.030332835989276163,0.01655900630812849
9.270886297540766,0.5459102575829949,0.026557553307119477,0.014498040766663714
9.933933644477731,0.5459102575829949,0.023165421344295518,0.012646241133082974
10.644401677007258,0.5459102575829949,0.020128587966564724,0.01098840264160932
11.405681889616837,0.5459102575829949,0.01742004863187849,0.009509783235737085
12.221408334123376,0.5459102575829949,0.015013723724817048,0.008196145785894797
13.095474967204968,0.5459102575829949,0.012884529402628976,0.007033796765024856
14.032054238615942,0.5459102575829949,0.011008441332681947,0.0060096210435116905
15.035617008818157,0.5459102575829949,0.009362550640236226,0.005111112431645192
16.110953891107577,0.5459102575829949,0.007925111378198641,0.004326399593846344
17.263198120114698,0.5459102575829949,0.0066755788751271744,0.0036442669832362756
18.497850055844463,0.5459102575829949,0.005594638409900258,0.0030541704954323667
19.82080344022787,0.5459102575829949,0.004664223794642501,0.0025462476131580224
21.23837353152414,0.5459102575829949,0.0038675256135232623,0.0021113219038873146
22.757327250875505,0.5459102575829949,0.003188989054606991,0.001740901836229854
24.384915484922956,0.5459102575829949,0.0026143014751471402,0.0014271739916971791
26.12890769868241,0.5459102575829949,0.0021303700476680695,0.001162990861469573
27.997629023909713,0.5459102575829949,0.0017252900354071741,0.0009418535276345049
30.0,0.5459102575829949,0.0013883044325924433,0.0007578896304001544
0.03,0.5849533799274136,1.6028213156066222,0.9375757459837973
0.03214557915712819,0.5849533799274136,1.5956636134475122,0.9333888239133122
0.034444608644906484,0.5849533799274136,1.588059663433651,0.9289408676519051
0.03690806312437145,0.5849533799274136,1.5799862841870975,0.9242183171741978
0.0395477021566922,0.5849533799274136,1.5714197235310539,0.9192072785640917
0.04237612633868262,0.5849533799274136,1.562335737476269,0.9138935702181319
0.045406837453086234,0.5849533799274136,1.552709684884186,0.9082627782190338
0.04865430292076789,0.5849533799274136,1.5425166391086746,0.9023003216408937
0.052134024862481254,0.5849533799274136,1.5317315178560367,0.8959915285112361
0.05586261409988602,0.5849533799274136,1.5203292323983757,0.8893217230938801
0.05985786944906639,0.5849533799274136,1.5082848571216074,0.8822763250666203
0.06413886268506694,0.5849533799274136,1.4955738201794166,0.8748409610449036
0.0687260295830332,0.5849533799274136,1.482172115751976,0.8670015887432841
0.07364126747055089,0.5849533799274136,1.46805653806754,0.8587446338671453
0.07890803975686143,0.5849533799274136,1.453204936931724,0.8500571395854157
0.0845514879379336,0.5849533799274136,1.4375964940208976,0.8409269281493239
0.09059855161206047,0.5849533799274136,1.421212018632551,0.8313427738925729
0.09707809707888847,0.5849533799274136,1.404034260949885,0.8212945864765235
0.10402105513575949,0.5849533799274136,1.3860482401771559,0.8107736028340709
0.11146056872915173,0.5849533799274136,1.3672415841478336,0.7997725858245864
0.11943215116604915,0.5849533799274136,1.3476048762158237,0.7882860271491099
0.12797385564047778,0.5849533799274136,1.327132004432556,0.7763103516026669
0.13712645688446246,0.5849533799274136,1.3058205072168216,0.7638441192750093
0.1469336458105338,0.5849533799274136,1.2836719089722697,0.7508882218712044
0.15744223807493174,0.5849533799274136,1.2606920384364073,0.7374460689309572
0.1687023975571047,0.5849533799274136,1.2368913219952637,0.7235237594040164
0.1807678758223073,0.5849533799274136,1.2122850438119854,0.7091302338132736
0.1936962687103966,0.5849533799274136,1.186893564437623,0.6942774021318832
0.2075492912756809,0.5849533799274136,1.160742489637715,0.6789802425389422
0.22239307239027523,0.5849533799274136,1.1338627815126798,0.6632568664197406
0.23829847041728436,0.5849533799274136,1.1062908046385818,0.6471285453559564
0.2553414114607129,0.5849533799274136,1.0780683009207697,0.6306196964162082
0.27360325180677286,0.5849533799274136,1.0492422881351604,0.6137578228074352
0.29317116628674317,0.5849533799274136,1.019864878712729,0.5965734078722725
0.3141385644152698,0.5849533799274136,0.9899930171666854,0.5790997614961906
0.33660553629058904,0.5849533799274136,0.9596881366154736,0.5613728191894627
0.3606793303852239,0.5849533799274136,0.929015737048207,0.543430895392106
0.38647486550794,0.5849533799274136,0.8980448902285632,0.5253143938657411
0.4141152793808653,0.5849533799274136,0.8668476783446561,0.5070654793299381
0.4437325164504621,0.5849533799274136,0.8354985755873137,0.48872771571433876
0.47546795773833395,0.5849533799274136,0.8040737836799863,0.47034567747463196
0.5094730957385232,0.5849533799274136,0.7726505339000748,0.45196454130756936
0.5459102575829949,0.5849533799274136,0.7413063692472273,0.43362966625288485
0.5849533799274136,0.5849533799274136,0.7101184210714956,0.4153861705544896
0.6267888392562115,0.5849533799274136,0.6791626946386821,0.397278513749507
0.6716163415705015,0.5849533799274136,0.6485133777728836,0.3793500922563919
0.7196498757058468,0.5849533799274136,0.618242185894737,0.3616428562528387
0.7711187348306588,0.5849533799274136,0.5884177555106866,0.34419695489527863
0.8262686110014498,0.5849533799274136,0.5591050965683894,0.3270504159723223
0.8853627679999155,0.5849533799274136,0.5303651121579978,0.31023886495240255
0.9486832980505137,0.5849533799274136,0.5022541919021977,0.2937952871359023
1.0165324684176076,0.5849533799274136,0.47482388313857204,0.27774983531216696
1.089234164310304,0.5849533799274136,0.4481206417544167,0.2621296840094877
1.1671354349828413,0.5849533799274136,0.4221856623783196,0.24695893016509196
1.2506081504110058,0.5849533799274136,0.397054785645061,0.23225853887943315
1.3400507764528888,0.5849533799274136,0.372758478496202,0.21804633189295344
1.4358902769679147,0.5849533799274136,0.34932188200644315,0.20433701556227407
1.5385841519740941,0.5849533799274136,0.3267649200658021,0.19114224443420208
1.6486226215728734,0.5849533799274136,0.30510246141263553,0.17847071602749442
1.7665309660667667,0.5849533799274136,0.28434452699920215,0.166328292132045
1.8928720334405786,0.5849533799274136,0.2644965344626858,0.15471814181303567
2.0282489261759444,0.5849533799274136,0.2455595715422267,0.14364090134715304
2.1733078802249692,0.5849533799274136,0.22753069059035916,0.13309484649804915
2.3287413498860743,0.5849533799274136,0.2104032168340843,0.12307607283469811
2.4952913133080123,0.5849533799274136,0.19416706370309228,0.11357868018370526
2.673752814401236,0.5849533799274136,0.17880904931685165,0.10459495775949995
2.8649777580643074,0.5849533799274136,0.16431320906689023,0.09611556701039718
3.0698789768422605,0.5849533799274136,0.1506611001074049,0.08812971973140891
3.289434588429555,0.5849533799274136,0.13783209444254246,0.0806253495066397
3.524692664818587,0.5849533799274136,0.12580365814334815,0.0735892750381844
3.776776235382502,0.5849533799274136,0.11455161501762538,0.06700735438070383
4.046888647774959,0.5849533799274136,0.10405039377302135,0.06086462952030715
4.336319312237784,0.5849533799274136,0.09427325834352368,0.05514546110481442
4.646449856737443,0.5849533799274136,0.08519252158277013,0.04983365344438052
4.978760722312678,0.5849533799274136,0.07677974295868673,0.044912570153641834
5.334838230116768,0.5849533799274136,0.06900591121132636,0.04036524099803636
5.716382153889739,0.5849533799274136,0.06184161316098677,0.036174460638682834
6.125213834008588,0.5849533799274136,0.055257189981398565,0.0323228800449103
6.563284871848655,0.5849533799274136,0.049222882290280184,0.02879309136546862
7.032686445959767,0.5849533799274136,0.04370896536647337,0.02556770702424886
7.535659294528738,0.5849533799274136,0.03868587569084173,0.022629433740809637
8.07460441178074,0.5849533799274136,0.03412432984033583,0.019961142077862343
8.652094509379817,0.5849533799274136,0.02999543655551654,0.017545931995547697
9.270886297540766,0.5849533799274136,0.026270802566420302,0.015367194754633327
9.933933644477731,0.5849533799274136,0.02292263251512892,0.013408671366558692
10.644401677007258,0.5849533799274136,0.01992382307045466,0.011654507646138233
11.405681889616837,0.5849533799274136,0.017248051104366332,0.010089305790659843
12.221408334123376,0.5849533799274136,0.014869855603120562,0.00869817229407796
13.095474967204968,0.5849533799274136,0.0127647128282981,0.007466761912715788
14.032054238615942,0.5849533799274136,0.010909104131318455,0.006381317333594842
15.035617008818157,0.5849533799274136,0.00928057576392726,0.005428704160781689
16.110953891107577,0.5849533799274136,0.007857790018144675,0.00459644082987362
17.263198120114698,0.5849533799274136,0.006620567070919123,0.0038727230851702773
18.497850055844463,0.5849533799274136,0.005549916997349965,0.0032464427059164646
19.82080344022787,0.5849533799274136,0.004628061545717456,0.002707200243679516
21.23837353152414,0.5849533799274136,0.0038384454298314896,0.0022453116278468637
22.757327250875505,0.5849533799274136,0.0031657370803352893,0.0018518086051036696
24.384915484922956,0.5849533799274136,0.002595818996880472,0.0015184330959050203
26.12890769868241,0.5849533799274136,0.0021157680477371416,0.0012376256706662662
27.997629023909713,0.5849533799274136,0.0017138262630104946,0.0010025084651563573
30.0,0.5849533799274136,0.00137936285360629,0.0008068629633633214
0.03,0.6267888392562115,1.500680351960867,0.9406096959001548
0.03214557915712819,0.6267888392562115,1.494303313636939,0.9366126394512077
0.034444608644906484,0.6267888392562115,1.4875256927336897,0.9323645023123414
0.03690806312437145,0.6267888392562115,1.4803262648034432,0.9278519812366335
0.0395477021566922,0.6267888392562115,1.4726832207382885,0.923061406518651
0.04237612633868262,0.6267888392562115,1.4645742297124575,0.9179787814460314
0.045406837453086234,0.6267888392562115,1.4559765157972777,0.9125898303208788
0.04865430292076789,0.6267888392562115,1.4468669494914372,0.9068800558299136
0.052134024862481254,0.6267888392562115,1.4372221553790028,0.9008348065233157
0.05586261409988602,0.6267888392562115,1.427018637062748,0.8944393551215408
0.05985786944906639,0.6267888392562115,1.4162329204146071,0.8876789883031062
0.06413886268506694,0.6267888392562115,1.404841716031987,0.8805391085303935
0.0687260295830332,0.6267888392562115,1.392822101581868,0.8730053483408963
0.07364126747055089,0.6267888392562115,1.380151724448244,0.8650636973643736
0.07890803975686143,0.6267888392562115,1.3668090247672493,0.8567006421187786
0.0845514879379336,0.6267888392562115,1.3527734785345804,0.8479033183872773
0.09059855161206047,0.6267888392562115,1.3380258599994388,0.8386596756838424
0.09707809707888847,0.6267888392562115,1.3225485220187199,0.8289586529761316
0.10402105513575949,0.6267888392562115,1.3063256924379814,0.8187903644537692
0.11146056872915173,0.6267888392562115,1.2893437838990929,0.808146293712324
0.11943215116604915,0.6267888392562115,1.2715917137598265,0.7970194942753385
0.12797385564047778,0.6267888392562115,1.2530612300642543,0.7854047939089346
0.13712645688446246,0.6267888392562115,1.233747238745888,0.7732989997090913
0.1469336458105338,0.6267888392562115,1.2136481265044412,0.7607011004771944
0.15744223807493174,0.6267888392562115,1.1927660731030445,0.7476124624644469
0.1687023975571047,0.6267888392562115,1.1711073462210588,0.7340370141823197
0.1807678758223073,0.6267888392562115,1.1486825715066622,0.719981415668501
0.1936962687103966,0.6267888392562115,1.1255069701429863,0.705455207390698
0.2075492912756809,0.6267888392562115,1.1016005561109314,0.6904709338887678
0.22239307239027523,0.6267888392562115,1.0769882854371542,0.6750442373216914
0.23829847041728436,0.6267888392562115,1.0517001500874295,0.6591939163188834
0.2553414114607129,0.6267888392562115,1.025771209825368,0.6429419459488822
0.27360325180677286,0.6267888392562115,0.999241556314602,0.6263134552189997
0.29317116628674317,0.6267888392562115,0.9721562049952154,0.6093366593046747
0.3141385644152698,0.6267888392562115,0.9445649117930237,0.5920427446648951
0.33660553629058904,0.6267888392562115,0.9165219134869266,0.5744657063073526
0.3606793303852239,0.6267888392562115,0.8880855925121737,0.5566421376908702
0.38647486550794,0.6267888392562115,0.8593180690478768,0.5386109750504077
0.4141152793808653,0.6267888392562115,0.8302847253449018,0.5204131992510934
0.4437325164504621,0.6267888392562115,0.8010536693062753,0.5020914995664094
0.47546795773833395,0.6267888392562115,0.7716951462437152,0.48368990497375064
0.5094730957385232,0.6267888392562115,0.7422809094103171,0.4652533896113378
0.5459102575829949,0.6267888392562115,0.7128835612681433,0.44682745989209394
0.5849533799274136,0.6267888392562115,0.6835758784216117,0.42845773137942716
0.6267888392562115,0.6267888392562115,0.6544301336827821,0.4101895038653184
0.6716163415705015,0.6267888392562115,0.6255174288047392,0.3920673431350524
0.7196498757058468,0.6267888392562115,0.5969070510204698,0.37413467765296854
0.7711187348306588,0.6267888392562115,0.5686658656776725,0.3564334178727371
0.8262686110014498,0.6267888392562115,0.5408577560087399,0.33900360509143734
0.8853627679999155,0.6267888392562115,0.5135431194834912,0.32188309576907137
0.9486832980505137,0.6267888392562115,0.48677842833933666,0.30510728607377574
1.0165324684176076,0.6267888392562115,0.46061585985855746,0.288708880143747
1.089234164310304,0.6267888392562115,0.4351029998584945,0.27271770423820135
1.1671354349828413,0.6267888392562115,0.41028262076911765,0.2571605676388717
1.2506081504110058,0.6267888392562115,0.3861925336781581,0.2420611699135481
1.3400507764528888,0.6267888392562115,0.36286551189988764,0.22744005300984158
1.4358902769679147,0.6267888392562115,0.34032928202836354,0.21331459564745786
1.5385841519740941,0.6267888392562115,0.3186065771118954,0.19969904664735957
1.6486226215728734,0.6267888392562115,0.2977152455580166,0.1866045931921872
1.7665309660667667,0.6267888392562115,0.27766840865648523,0.1740394595599178
1.8928720334405786,0.6267888392562115,0.2584746591860723,0.16200903160838315
2.0282489261759444,0.6267888392562115,0.24013829343090565,0.15051600220052488
2.1733078802249692,0.6267888392562115,0.22265956904575404,0.13956053283147646
2.3287413498860743,0.6267888392562115,0.20603498154164832,0.12914042692666472
2.4952913133080123,0.6267888392562115,0.19025755267411262,0.11925131060033457
2.673752814401236,0.6267888392562115,0.17531712466465385,0.10988681707029493
2.8649777580643074,0.6267888392562115,0.1612006549310435,0.10103877139156985
3.0698789768422605,0.6267888392562115,0.14789250680437485,0.09269737267460548
3.289434588429555,0.6267888392562115,0.1353747325353028,0.08485137147042254
3.524692664818587,0.6267888392562115,0.1236273457068748,0.07748824051593844
3.776776235382502,0.6267888392562115,0.11262858095022604,0.07059433752086644
4.046888647774959,0.6267888392562115,0.10235513958031667,0.0641550591294542
4.336319312237784,0.6267888392562115,0.09278242041478885,0.058154985595167324
4.646449856737443,0.6267888392562115,0.08388473559758129,0.05257801605652219
4.978760722312678,0.6267888392562115,0.0756355117120739,0.0474074945925604
5.334838230116768,0.6267888392562115,0.06800747683226406,0.042626327464438486
5.716382153889739,0.6267888392562115,0.06097283442439346,0.03821709211502675
6.125213834008588,0.6267888392562115,0.05450342517852601,0.03416213860313609
6.563284871848655,0.6267888392562115,0.04857087792573319,0.030443684196725454
7.032686445959767,0.6267888392562115,0.04314675079030607,0.02704390184553297
7.535659294528738,0.6267888392562115,0.03820266364858471,0.02394500320479188
8.07460441178074,0.6267888392562115,0.03371042282917303,0.02112931679593346
8.652094509379817,0.6267888392562115,0.02964213880749517,0.018579361776221402
9.270886297540766,0.6267888392562115,0.025970337435656042,0.01627791765638699
9.933933644477731,0.6267888392562115,0.022668065021498433,0.014208090163009333
10.644401677007258,0.6267888392562115,0.01970898734334758,0.012353373299852196
11.405681889616837,0.6267888392562115,0.01706748247297672,0.010697707528262813
12.221408334123376,0.6267888392562115,0.014718727091053159,0.009225533868730165
13.095474967204968,0.6267888392562115,0.012638775826870572,0.007921843630143671
14.032054238615942,0.6267888392562115,0.010804633045206392,0.00677222340499422
15.035617008818157,0.6267888392562115,0.009194316442539477,0.005762894930773619
16.110953891107577,0.6267888392562115,0.007786911804631792,0.004880749411415653
17.263198120114698,0.6267888392562115,0.006562618316786611,0.004113375917260232
18.497850055844463,0.6267888392562115,0.005502783903499088,0.0034490835355519577
19.82080344022787,0.6267888392562115,0.004589930200013142,0.0028769170223332686
21.23837353152414,0.6267888392562115,0.0038077669169842886,0.0023866658060547855
22.757327250875505,0.6267888392562115,0.0031411955422559644,0.001968866307807402
24.384915484922956,0.6267888392562115,0.0025763025211998935,0.0016147976668357325
26.12890769868241,0.6267888392562115,0.002100342259497449,0.0013164710868711746
27.997629023909713,0.6267888392562115,0.0017017104903120923,0.0010666131429728349
30.0,0.6267888392562115,0.001369908732936213,0.0008586435046040364
0.03,0.6716163415705015,1.4047587160486286,0.9434589096618549
0.03214557915712819,0.6716163415705015,1.3990747028646624,0.9396414335218011
0.034444608644906484,0.6716163415705015,1.3930311253185164,0.9355824680802609
0.03690806312437145,0.6716163415705015,1.3866085835693986,0.9312689840871345
0.0395477021566922,0.6716163415705015,1.3797870914920294,0.9266875585340796
0.04237612633868262,0.6716163415705015,1.3725461261975376,0.9218244079135541
0.045406837453086234,0.6716163415705015,1.3648646894261958,0.9166654294511803
0.04865430292076789,0.6716163415705015,1.3567213819800497,0.911196251095916
0.052134024862481254,0.6716163415705015,1.3480944923572435,0.9054022910483143
0.05586261409988602,0.6716163415705015,1.3389621007157553,0.8992688275842691
0.05985786944906639,0.6716163415705015,1.3293021992266623,0.892781079886233
0.06413886268506694,0.6716163415705015,1.3190928297700035,0.8859243005220102
0.0687260295830332,0.6716163415705015,1.3083122397737468,0.8786838801087526
0.07364126747055089,0.6716163415705015,1.2969390567923782,0.8710454645627941
0.07890803975686143,0.6716163415705015,1.2849524821607685,0.8629950851607504
0.0845514879379336,0.6716163415705015,1.2723325037366213,0.8545193014208262
0.09059855161206047,0.6716163415705015,1.25906012735764,0.845605356553228
0.09707809707888847,0.6716163415705015,1.2451176261861123,0.8362413449240641
0.10402105513575949,0.6716163415705015,1.230488806594764,0.8264163906286277
0.11146056872915173,0.6716163415705015,1.2151592886674025,0.8161208358802139
0.11943215116604915,0.6716163415705015,1.1991167987534939,0.8053464374945529
0.12797385564047778,0.6716163415705015,1.1823514708389609,0.7940865692953644
0.13712645688446246,0.6716163415705015,1.1648561527922408,0.782336427794214
0.1469336458105338,0.6716163415705015,1.146626712835827,0.7700932380218081
0.15744223807493174,0.6716163415705015,1.1276623409047142,0.7573564559252519
0.1687023975571047,0.6716163415705015,1.107965838914416,0.7441279633167918
0.1807678758223073,0.6716163415705015,1.0875438934062394,0.7304122509868379
0.1936962687103966,0.6716163415705015,1.0664073236026537,0.7162165853020042
0.2075492912756809,0.6716163415705015,1.0445712976282435,0.7015511534226324
0.22239307239027523,0.6716163415705015,1.0220555095683261,0.6864291822182539
0.23829847041728436,0.6716163415705015,0.9988843101809267,0.6708670260558881
0.2553414114607129,0.6716163415705015,0.9750867844755894,0.6548842189032394
0.27360325180677286,0.6716163415705015,0.9506967700429995,0.6385034866391717
0.29317116628674317,0.6716163415705015,0.9257528109698449,0.6217507161021752
0.3141385644152698,0.6716163415705015,0.9002980433976252,0.6046548782297937
0.33660553629058904,0.6716163415705015,0.8743800102610122,0.5872479036338786
0.3606793303852239,0.6716163415705015,0.84805040443389,0.5695645100932735
0.38647486550794,0.6716163415705015,0.8213647413670145,0.5516419826919156
0.4141152793808653,0.6716163415705015,0.7943819642540386,0.5335199086418864
0.4437325164504621,0.6716163415705015,0.7671639867351294,0.5152398701556884
0.47546795773833395,0.6716163415705015,0.7397751800550196,0.49684510001321136
0.5094730957385232,0.6716163415705015,0.7122818133481664,0.47838010564809835
0.5459102575829949,0.6716163415705015,0.6847514572438579,0.4598902685991895
0.5849533799274136,0.6716163415705015,0.6572523621932345,0.4414214269847903
0.6267888392562115,0.6716163415705015,0.6298528237567018,0.42301944921932594
0.6716163415705015,0.6716163415705015,0.6026205475106217,0.4047298074742964
0.7196498757058468,0.6716163415705015,0.5756220262143559,0.386597159373485
0.7711187348306588,0.6716163415705015,0.5489219414235277,0.3686649461066468
0.8262686110014498,0.6716163415705015,0.5225826008665614,0.3509750145623976
0.8853627679999155,0.6716163415705015,0.4966634216640977,0.3335672702499287
0.9486832980505137,0.6716163415705015,0.4712204679277558,0.3164793667427792
1.0165324684176076,0.6716163415705015,0.446306049502362,0.29974643618755953
1.089234164310304,0.6716163415705015,0.4219683866989601,0.2834008641331623
1.1671354349828413,0.6716163415705015,0.3982513438921794,0.26747211061040127
1.2506081504110058,0.6716163415705015,0.37519423290975706,0.2519865780852017
1.3400507764528888,0.6716163415705015,0.3528316853016867,0.23696752567247334
1.4358902769679147,0.6716163415705015,0.33119359090780404,0.22243502787709668
1.5385841519740941,0.6716163415705015,0.31030509869783734,0.20840597515811493
1.6486226215728734,0.6716163415705015,0.29018667467371206,0.1948941128168678
1.7665309660667667,0.6716163415705015,0.27085421072101945,0.18191011410341681
1.8928720334405786,0.6716163415705015,0.25231917768071394,0.16946168302199843
2.0282489261759444,0.6716163415705015,0.2345888155754264,0.157553682090125
2.1733078802249692,0.6716163415705015,0.21766635384800556,0.14618828025438776
2.3287413498860743,0.6716163415705015,0.20155125462493467,0.13536511627014325
2.4952913133080123,0.6716163415705015,0.18623947236985086,0.12508147308905973
2.673752814401236,0.6716163415705015,0.1717237238045589,0.1153324591424811
2.8649777580643074,0.6716163415705015,0.15799376260745276,0.10611119283337572
3.0698789768422605,0.6716163415705015,0.145036654113476,0.09740898702931898
3.289434588429555,0.6716163415705015,0.13283704599921983,0.08921553085902845
3.524692664818587,0.6716163415705015,0.12137743170833831,0.08151906663317757
3.776776235382502,0.6716163415705015,0.11063840412709544,0.07430656021703852
4.046888647774959,0.6716163415705015,0.10059889773305332,0.06756386366149829
4.336319312237784,0.6716163415705015,0.09123641809179066,0.061275869336805164
4.646449856737443,0.6716163415705015,0.08252725815197827,0.055426655199875996
4.978760722312678,0.6716163415705015,0.07444670127740838,0.049999621153925
5.334838230116768,0.6716163415705015,0.0669692113492721,0.04497761672425984
5.716382153889739,0.6716163415705015,0.06006861057056539,0.04034306047462628
6.125213834008588,0.6716163415705015,0.05371824580810387,0.03607805172522365
6.563284871848655,0.6716163415705015,0.047891144420604194,0.032164475209390725
7.032686445959767,0.6716163415705015,0.042560160550909394,0.02858409932585495
7.535659294528738,0.6716163415705015,0.037698112816493996,0.025318668613925732
8.07460441178074,0.6716163415705015,0.0332779142267163,0.022349991008044145
8.652094509379817,0.6716163415705015,0.029272695001344298,0.019660020324711966
9.270886297540766,0.6716163415705015,0.025655918777123504,0.017230934308721624
9.933933644477731,0.6716163415705015,0.02240149248250352,0.015045208426818106
10.644401677007258,0.6716163415705015,0.019483869949817448,0.013085685455331826
11.405681889616837,0.6716163415705015,0.016878149133101625,0.011335640773255044
12.221408334123376,0.6716163415705015,0.014560162620823689,0.009778843152069172
13.095474967204968,0.6716163415705015,0.012506560986520258,0.008399610735395099
14.032054238615942,0.6716163415705015,0.010694888414803141,0.007182861830654827
15.035617008818157,0.6716163415705015,0.009103649980708426,0.006114160094981761
16.110953891107577,0.6716163415705015,0.007712369949429138,0.0051797536902738715
17.263198120114698,0.6716163415705015,0.0065016405007446935,0.004366608007316755
18.497850055844463,0.6716163415705015,0.0054531603649596696,0.0036624316143114744
19.82080344022787,0.6716163415705015,0.004549762979616134,0.003055695167382692
21.23837353152414,0.6716163415705015,0.003775433931509512,0.0025356431249215538
22.757327250875505,0.6716163415705015,0.0031153176281522974,0.002092298228249738
24.384915484922956,0.6716163415705015,0.002555713337532225,0.0017164588418563294
26.12890769868241,0.6716163415705015,0.0020840609353020467,0.0013996893809775583
27.997629023909713,0.6716163415705015,0.0016889168951618957,0.0011343041863452427
30.0,0.6716163415705015,0.0013599212425856831,0.0009133453297694071
0.03,0.7196498757058468,1.3147137215089522,0.9461335662726887
0.03214557915712819,0.7196498757058468,1.3096449054212322,0.9424857934051853
0.034444608644906484,0.7196498757058468,1.3042533368698093,0.9386057517672941
0.03690806312437145,0.7196498757058468,1.2985213094118873,0.9344806989196581
0.0395477021566922,0.7196498757058468,1.2924305380861656,0.9300974760921498
0.04237612633868262,0.7196498757058468,1.2859621977742854,0.9254425357906821
0.045406837453086234,0.7196498757058468,1.2790969718293381,0.9205019767927082
0.04865430292076789,0.7196498757058468,1.2718151120557688,0.9152615873117516
0.052134024862481254,0.7196498757058468,1.2640965111364413,0.9097068971195346
0.05586261409988602,0.7196498757058468,1.2559207885919461,0.9038232394065832
0.05985786944906639,0.7196498757058468,1.2472673913194037,0.8975958231349647
0.06413886268506694,0.7196498757058468,1.2381157096876831,0.8910098165861976
0.0687260295830332,0.7196498757058468,1.2284452100574854,0.8840504427293122
0.07364126747055089,0.7196498757058468,1.2182355844424775,0.8767030869244686
0.07890803975686143,0.7196498757058468,1.20746691782612,0.8689534173324892
0.0845514879379336,0.7196498757058468,1.1961198733930203,0.8607875182165804
0.09059855161206047,0.7196498757058468,1.184175895619442,0.8521920360963913
0.09707809707888847,0.7196498757058468,1.1716174307922205,0.8431543384444251
0.10402105513575949,0.7196498757058468,1.1584281640877625,0.8336626842999106
0.11146056872915173,0.7196498757058468,1.144593271844428,0.8237064058165912
0.11943215116604915,0.7196498757058468,1.1300996871066546,0.8132760993615203
0.12797385564047778,0.7196498757058468,1.1149363759154376,0.8023638243474719
0.13712645688446246,0.7196498757058468,1.099094621178855,0.7909633075203278
0.1469336458105338,0.7196498757058468,1.082568310294208,0.7790701499463154
0.15744223807493174,0.7196498757058468,1.0653542220304297,0.7666820334668979
0.1687023975571047,0.7196498757058468,1.047452307540582,0.7537989229293822
0.1807678758223073,0.7196498757058468,1.0288659597883845,0.7404232600796877
0.1936962687103966,0.7196498757058468,1.0096022651720442,0.726560144643403
0.2075492912756809,0.7196498757058468,0.9896722307475426,0.7122174978469972
0.22239307239027523,0.7196498757058468,0.9690909802270534,0.6974062034680563
0.23829847041728436,0.7196498757058468,0.9478779118899663,0.6821402214759319
0.2553414114607129,0.7196498757058468,0.9260568117242243,0.6664366694538908
0.27360325180677286,0.7196498757058468,0.9036559155383603,0.6503158672980343
0.29317116628674317,0.7196498757058468,0.8807079144651777,0.6338013411780207
0.3141385644152698,0.7196498757058468,0.857249899220914,0.6169197834231805
0.33660553629058904,0.7196498757058468,0.8333232396804613,0.5997009658588376
0.3606793303852239,0.7196498757058468,0.8089733977569604,0.5821776051451332
0.38647486550794,0.7196498757058468,0.7842496731952565,0.5643851798373174
0.4141152793808653,0.7196498757058468,0.7592048836514312,0.5463617001550244
0.4437325164504621,0.7196498757058468,0.7338949822704898,0.5281474327721026
0.47546795773833395,0.7196498757058468,0.7083786178170987,0.5097845842647546
0.5094730957385232,0.7196498757058468,0.6827166441800094,0.49131694812645665
0.5459102575829949,0.7196498757058468,0.6569715876781228,0.47278952141483394
0.5849533799274136,0.7196498757058468,0.631207081967643,0.45424809808266453
0.6267888392562115,0.7196498757058468,0.6054872814170352,0.4357388468132405
0.6716163415705015,0.7196498757058468,0.5798762645249059,0.41730788169011934
0.7196498757058468,0.7196498757058468,0.5544374392686052,0.39900083425631977
0.7711187348306588,0.7196498757058468,0.5292329621718029,0.3808624354463751
0.8262686110014498,0.7196498757058468,0.5043231823727514,0.36293611551012767
0.8853627679999155,0.7196498757058468,0.47976612108786737,0.34526362940876
0.9486832980505137,0.7196498757058468,0.4556169956435694,0.32788471428436605
1.0165324684176076,0.7196498757058468,0.4319277957549393,0.3108367845289424
1.089234164310304,0.7196498757058468,0.4087469180364523,0.29415466876008084
1.1671354349828413,0.7196498757058468,0.3861188629181928,0.27787039170676037
1.2506081504110058,0.7196498757058468,0.3640839962926344,0.2620130026784823
1.3400507764528888,0.7196498757058468,0.34267837641078436,0.24660845099110235
1.4358902769679147,0.7196498757058468,0.3219336448530849,0.23167950750405278
1.5385841519740941,0.7196498757058468,0.3018769788795645,0.21724573032913513
1.6486226215728734,0.7196498757058468,0.2825311011613992,0.20332347183383695
1.7665309660667667,0.7196498757058468,0.26391434184364887,0.1899259233047723
1.8928720334405786,0.7196498757058468,0.246040747102944,0.17706319307120735
2.0282489261759444,0.7196498757058468,0.22892022784684635,0.1647424135165371
2.1733078802249692,0.7196498757058468,0.2125587419435913,0.15296787221989666
2.3287413498860743,0.7196498757058468,0.19695850335178974,0.14174116245632512
2.4952913133080123,0.7196498757058468,0.1821182117114473,0.13106134842191414
2.673752814401236,0.7196498757058468,0.1680332963269599,0.12092514081614042
2.8649777580643074,0.7196498757058468,0.15469616898321137,0.11132707878093874
3.0698789768422605,0.7196498757058468,0.14209648065026026,0.10225971463819807
3.289434588429555,0.7196498757058468,0.1302213778139901,0.09371379835808209
3.524692664818587,0.7196498757058468,0.11905575488542881,0.08567845920536461
3.776776235382502,0.7196498757058468,0.10858249985945795,0.07814138252768904
4.046888647774959,0.7196498757058468,0.09878273108760163,0.07108898014907661
4.336319312237784,0.7196498757058468,0.08963602367713525,0.06450655329801673
4.646449856737443,0.7196498757058468,0.08112062461212781,0.058378447419298436
4.978760722312678,0.7196498757058468,0.07321365619793292,0.052688198582813026
5.334838230116768,0.7196498757058468,0.06589130785022722,0.04741867150451171
5.716382153889739,0.7196498757058468,0.05912901657820116,0.04255218943111142
6.125213834008588,0.7196498757058468,0.05290163674809324,0.03807065631040116
6.563284871848655,0.7196498757058468,0.04718359986058865,0.033955671775027035
7.032686445959767,0.7196498757058468,0.04194906513951415,0.030188639513627828
7.535659294528738,0.7196498757058468,0.03717206171838641,0.02675086959536685
8.07460441178074,0.7196498757058468,0.03282662313662206,0.02362367526011274
8.652094509379817,0.7196498757058468,0.028886914731362012,0.02078846459595007
9.270886297540766,0.7196498757058468,0.025327354347869934,0.01822682740840254
9.933933644477731,0.7196498757058468,0.022122726605971522,0.015920617452261837
10.644401677007258,0.7196498757058468,0.01924829076661063,0.01385203005774134
11.405681889616837,0.7196498757058468,0.016679882055235965,0.012003675047838747
12.221408334123376,0.7196498757058468,0.014394006130041678,0.010358644722393692
13.095474967204968,0.7196498757058468,0.012367926243818524,0.008900576584103082
14.032054238615942,0.7196498757058468,0.010579742546778218,0.007613710408788804
15.035617008818157,0.7196498757058468,0.009008462919966731,0.006482939220654789
16.110953891107577,0.7196498757058468,0.007634064717755737,0.005493853725263307
17.263198120114698,0.7196498757058468,0.0064375468335410285,0.004632779778608369
18.497850055844463,0.7196498757058468,0.005400971582680511,0.00388680852816684
19.82080344022787,0.7196498757058468,0.004507496016037976,0.003243818947686329
21.23837353152414,0.7196498757058468,0.0037413924295103145,0.002692492596863894
22.757327250875505,0.7196498757058468,0.0030880580114575566,0.002222320564117875
24.384915484922956,0.7196498757058468,0.002534013762010567,0.0018236026888678097
26.12890769868241,0.7196498757058468,0.002066893016467485,0.0014874393023981084
27.997629023909713,0.7196498757058468,0.0016754201002468403,0.0012057158668977162
30.0,0.7196498757058468,0.001349379826605083,0.000971081024496325
0.03,0.7711187348306588,1.2302170534865033,0.9486434178516134
0.03214557915712819,0.7711187348306588,1.2256943584280842,0.9451558829601404
0.034444608644906484,0.7711187348306588,1.2208819232483812,0.9414449240329131
0.03690806312437145,0.7711187348306588,1.2157636068610045,0.9374980943758163
0.0395477021566922,0.7711187348306588,1.2103227044694633,0.933302512607314
0.04237612633868262,0.7711187348306588,1.2045419767077055,0.9288448851292667
0.045406837453086234,0.7711187348306588,1.1984036876276911,0.9241115354198612
0.04865430292076789,0.7711187348306588,1.1918896525305183,0.9190884409170867
0.052134024862481254,0.7711187348306588,1.184981296661627,0.9137612782797075
0.05586261409988602,0.7711187348306588,1.177659725797304,0.9081154778178377
0.05985786944906639,0.7711187348306588,1.1699058097346657,0.9021362878736329
0.06413886268506694,0.7711187348306588,1.1617002796557891,0.8958088499005947
0.0687260295830332,0.7711187348306588,1.1530238402635358,0.8891182849336055
0.07364126747055089,0.7711187348306588,1.143857297476632,0.8820497920569971
0.07890803975686143,0.7711187348306588,1.1341817023193712,0.8745887593605964
0.0845514879379336,0.7711187348306588,1.1239785114419028,0.8667208877199272
0.09059855161206047,0.7711187348306588,1.1132297644558191,0.8584323275430036
0.09707809707888847,0.7711187348306588,1.1019182779631493,0.8497098283897221
0.10402105513575949,0.7711187348306588,1.0900278557924614,0.8405409010888586
0.11146056872915173,0.7711187348306588,1.0775435145331909,0.8309139916518159
0.11943215116604915,0.7711187348306588,1.064451722980261,0.8208186659128539
0.12797385564047778,0.7711187348306588,1.0507406535702466,0.8102458034162281
0.13712645688446246,0.7711187348306588,1.036400443315739,0.7991877986275665
0.1469336458105338,0.7711187348306588,1.0214234611379391,0.7876387670790403
0.15744223807493174,0.7711187348306588,1.005804577874689,0.775594753577615
0.1687023975571047,0.7711187348306588,0.9895414346221962,0.763053939128383
0.1807678758223073,0.7711187348306588,0.9726347044777529,0.7500168427692765
0.1936962687103966,0.7711187348306588,0.9550883422156166,0.7364865141008176
0.2075492912756809,0.7711187348306588,0.9369098159796566,0.7224687119486582
0.22239307239027523,0.7711187348306588,0.9181103147468755,0.7079720643425886
0.23829847041728436,0.7711187348306588,0.8987049251382273,0.6930082048586719
0.2553414114607129,0.7711187348306588,0.8787127711583355,0.6775918803751578
0.27360325180677286,0.7711187348306588,0.8581571106609907,0.6617410254588368
0.29317116628674317,0.7711187348306588,0.8370653827836839,0.6454767989426955
0.3141385644152698,0.7711187348306588,0.8154692012843758,0.6288235787877757
0.33660553629058904,0.7711187348306588,0.793404289648942,0.6118089120433098
0.3606793303852239,0.7711187348306588,0.7709103550075401,0.5944634176212684
0.38647486550794,0.7711187348306588,0.7480308992781796,0.5768206406656299
0.4141152793808653,0.7711187348306588,0.724812967507896,0.5589168584935442
0.4437325164504621,0.7711187348306588,0.7013068350548275,0.5407908393755722
0.47546795773833395,0.7711187348306588,0.6775656369855946,0.5224835567570612
0.5094730957385232,0.7711187348306588,0.6536449447806535,0.5040378628477135
0.5459102575829949,0.7711187348306588,0.629602297070056,0.48549812676313825
0.5849533799274136,0.7711187348306588,0.6054966925874562,0.4669098435321876
0.6267888392562115,0.7711187348306588,0.5813880547600936,0.44831922123226114
0.6716163415705015,0.7711187348306588,0.5573366782851317,0.4297727542339527
0.7196498757058468,0.7711187348306588,0.5334026686302478,0.41131679098945384
0.7711187348306588,0.7711187348306588,0.5096453856080745,0.39299710496238166
0.8262686110014498,0.7711187348306588,0.48612290199889385,0.37485847716159537
0.8853627679999155,0.7711187348306588,0.4628914876430836,0.3569442983152162
0.9486832980505137,0.7711187348306588,0.4400051285231914,0.3392961980258048
1.0165324684176076,0.7711187348306588,0.4175150891517369,0.3219537073193971
1.089234164310304,0.7711187348306588,0.3954695251357638,0.3049539598867716
1.1671354349828413,0.7711187348306588,0.3739131511737043,0.2883314360696117
1.2506081504110058,0.7711187348306588,0.3528869680304707,0.2721177523258837
1.3400507764528888,0.7711187348306588,0.3324280503094479,0.25634149757684405
1.4358902769679147,0.7711187348306588,0.31256939516770127,0.24102811654850206
1.5385841519740941,0.7711187348306588,0.2933398305676665,0.22619983902277882
1.6486226215728734,0.7711187348306588,0.27476398027814825,0.21187565284912177
1.7665309660667667,0.7711187348306588,0.25686228166996344,0.19807131766705857
1.8928720334405786,0.7711187348306588,0.23965105142329188,0.184799415574366
2.0282489261759444,0.7711187348306588,0.22314259358725655,0.17206943445383716
2.1733078802249692,0.7711187348306588,0.20734534400697363,0.15988787934368526
2.3287413498860743,0.7711187348306588,0.19226404494758154,0.14825840709340402
2.4952913133080123,0.7711187348306588,0.177899943777665,0.13718197957227837
2.673752814401236,0.7711187348306588,0.1642510097981616,0.1266570308702165
2.8649777580643074,0.7711187348306588,0.15131216368485415,0.1166796442251543
3.0698789768422605,0.7711187348306588,0.1390755145180442,0.10724373480107718
3.289434588429555,0.7711187348306588,0.12753059996664698,0.0983412348984757
3.524692664818587,0.7711187348306588,0.11666462584156853,0.0899622786784425
3.776776235382502,0.7711187348306588,0.10646270190304499,0.08209538399812964
4.046888647774959,0.7711187348306588,0.0969080714702464,0.07472762946701547
4.336319312237784,0.7711187348306588,0.08798233301437736,0.06784482532149638
4.646449856737443,0.7711187348306588,0.07966565249864196,0.061431677164211704
4.978760722312678,0.7711187348306588,0.07193696574404224,0.055471942012102295
5.334838230116768,0.7711187348306588,0.06477417053782286,0.049948576434831304
5.716382153889739,0.7711187348306588,0.058154308554452014,0.0448438768374608
6.125213834008588,0.7711187348306588,0.05205373742444621,0.04013961214594628
6.563284871848655,0.7711187348306588,0.04644829346495859,0.035817149291742026
7.032686445959767,0.7711187348306588,0.04131344568212596,0.031857571965896114
7.535659294528738,0.7711187348306588,0.03662444167603282,0.028241793129101682
8.07460441178074,0.7711187348306588,0.032356446034646554,0.02495066172985314
8.652094509379817,0.7711187348306588,0.02848467170514065,0.021965064007334726
9.270886297540766,0.7711187348306588,0.0249845046930148,0.01926601964924823
9.933933644477731,0.7711187348306588,0.021831622275570964,0.016834772948439113
10.644401677007258,0.7711187348306588,0.019002104741000243,0.014652878966999771
11.405681889616837,0.7711187348306588,0.016472540491458437,0.012702284583220229
12.221408334123376,0.7711187348306588,0.014220124190807768,0.010965404175150533
13.095474967204968,0.7711187348306588,0.01222274750616746,0.009425189593110441
14.032054238615942,0.7711187348306588,0.010459081895836875,0.00806519399900798
15.035617008818157,0.7711187348306588,0.008908652840726486,0.006869629107586562
16.110953891107577,0.7711187348306588,0.007551904905596121,0.005823415356364727
17.263198120114698,0.7711187348306588,0.006370257050794123,0.004912224557554448
18.497850055844463,0.7711187348306588,0.005346147692796136,0.004122514645086802
19.82080344022787,0.7711187348306588,0.004463069128277989,0.0034415562196594947
21.23837353152414,0.7711187348306588,0.0037055910853723856,0.002857450709552122
22.757327250875505,0.7711187348306588,0.003059373339342459,0.0023591400988084046
24.384915484922956,0.7711187348306588,0.0025111675194001487,0.0019364083205076865
26.12890769868241,0.7711187348306588,0.0020488084296539457,0.0015798745641851396
27.997629023909713,0.7711187348306588,0.0016611954011356007,0.0012809788960301933
30.0,0.7711187348306588,0.0013382643750305496,0.0010319607317424999
0.03,0.8262686110014498,1.1509547588532731,0.9509977899232026
0.03214557915712819,0.8262686110014498,1.1469169069026621,0.9476614396005418
0.034444608644906484,0.8262686110014498,1.1426189013754784,0.944110132543519
0.03690806312437145,0.8262686110014498,1.1380460431715378,0.9403317233470425
0.0395477021566922,0.8262686110014498,1.133183089412213,0.9363136172989608
0.04237612633868262,0.8262686110014498,1.1280142750113737,0.9320427882034552
0.045406837453086234,0.8262686110014498,1.122523341844591,0.9275058024826358
0.04865430292076789,0.8262686110014498,1.1166935764248502,0.9226888503068023
0.052134024862481254,0.8262686110014498,1.110507857025582,0.9175777845307241
0.05586261409988602,0.8262686110014498,1.1039487112110087,0.9121581682291607
0.05985786944906639,0.8262686110014498,1.0969983847358533,0.9064153316265274
0.06413886268506694,0.8262686110014498,1.0896389227571637,0.9003344391996776
0.0687260295830332,0.8262686110014498,1.081852264255808,0.8939005676954198
0.07364126747055089,0.8262686110014498,1.0736203504892858,0.8870987957416719
0.07890803975686143,0.8262686110014498,1.064925248185849,0.8799143056388957
0.0845514879379336,0.8262686110014498,1.0557492880376473,0.8723324977926363
0.09059855161206047,0.8262686110014498,1.0460752188529807,0.86433911808469
0.09707809707888847,0.8262686110014498,1.035886377480719,0.8559203982763173
0.10402105513575949,0.8262686110014498,1.0251668743203017,0.8470632092893335
0.11146056872915173,0.8262686110014498,1.0139017938767145,0.8377552269183912
0.11943215116604915,0.8262686110014498,1.0020774094113356,0.8279851091902353
0.12797385564047778,0.8262686110014498,0.9896814102788819,0.8177426842050877
0.13712645688446246,0.8262686110014498,0.976703140032849,0.8070191468756966
0.1469336458105338,0.8262686110014498,0.9631338428350792,0.7958072625278295
0.15744223807493174,0.8262686110014498,0.9489669151313137,0.7841015748518813
0.1687023975571047,0.8262686110014498,0.9341981589694665,0.7718986152118126
0.1807678758223073,0.8262686110014498,0.9188260327606257,0.7591971098410948
0.1936962687103966,0.8262686110014498,0.9028518947378772,0.7459981810050929
0.2075492912756809,0.8262686110014498,0.886280233881729,0.7323055378074963
0.22239307239027523,0.8262686110014498,0.8691188826825128,0.7181256519892119
0.23829847041728436,0.8262686110014498,0.8513792058303071,0.7034679138369253
0.2553414114607129,0.8262686110014498,0.8330762587921572,0.68834476321048
0.27360325180677286,0.8262686110014498,0.8142289102831989,0.6727717907369228
0.29317116628674317,0.8262686110014498,0.7948599228870876,0.6567678044246333
0.3141385644152698,0.8262686110014498,0.7749959865500218,0.6403548573383848
0.33660553629058904,0.8262686110014498,0.7546677003711894,0.623558232553361
0.3606793303852239,0.8262686110014498,0.73390949903979,0.6064063823723771
0.38647486550794,0.8262686110014498,0.7127595214120277,0.5889308197351742
0.4141152793808653,0.8262686110014498,0.6912594200548954,0.5711659608504261
0.4437325164504621,0.8262686110014498,0.6694541120685344,0.5531489193080769
0.47546795773833395,0.8262686110014498,0.6473914730848149,0.5349192532399725
0.5094730957385232,0.8262686110014498,0.6251219779658022,0.5165186684402822
0.5459102575829949,0.8262686110014498,0.6026982933240638,0.4979906816778185
0.5849533799274136,0.8262686110014498,0.5801748284859627,0.4793802496711007
0.6267888392562115,0.8262686110014498,0.5576072528486606,0.46073337029559697
0.6716163415705015,0.8262686110014498,0.5350519886764428,0.44209666349724785
0.7196498757058468,0.8262686110014498,0.5125656891869133,0.4235169400514716
0.7711187348306588,0.8262686110014498,0.4902047122510946,0.40504076669807726
0.8262686110014498,0.8262686110014498,0.4680246001488113,0.38671403627946727
0.8853627679999155,0.8262686110014498,0.44607957557578404,0.36858155130711934
0.9486832980505137,0.8262686110014498,0.424422063504635,0.3506866288903439
1.0165324684176076,0.8262686110014498,0.40310224758961427,0.3330707342074331
1.089234164310304,0.8262686110014498,0.3821676686213584,0.3157731487214322
1.1671354349828413,0.8262686110014498,0.36166287114299983,0.29883067819012277
1.2506081504110058,0.8262686110014498,0.34162910280050957,0.28227740424864856
1.3400507764528888,0.8262686110014498,0.32210406939024844,0.2661444820129952
1.4358902769679147,0.8262686110014498,0.30312174695665084,0.25045998482220483
1.5385841519740941,0.8262686110014498,0.28471225074936335,0.23524879596177295
1.6486226215728734,0.8262686110014498,0.2669017594302381,0.22053254603826594
1.7665309660667667,0.8262686110014498,0.2497124916737129,0.20632959364494985
1.8928720334405786,0.8262686110014498,0.23316273126407921,0.19265504609887504
2.0282489261759444,0.8262686110014498,0.2172668959815607,0.17952081635928063
2.1733078802249692,0.8262686110014498,0.2020356449946961,0.16693571176254954
2.3287413498860743,0.8262686110014498,0.18747601913608047,0.15490554992765043
2.4952913133080123,0.8262686110014498,0.17359160831871231,0.14343329708701014
2.673752814401236,0.8262686110014498,0.16038274042940048,0.1325192241632068
2.8649777580643074,0.8262686110014498,0.14784668628630346,0.12216107611895105
3.0698789768422605,0.8262686110014498,0.13597787563817387,0.11235425043048179
3.289434588429555,0.8262686110014498,0.12476811967992957,0.10309198094519806
3.524692664818587,0.8262686110014498,0.11420683612933534,0.0943655238554561
3.776776235382502,0.8262686110014498,0.10428127352082162,0.08616434302551154
4.046888647774959,0.8262686110014498,0.0949767319953313,0.07847629242323935
4.336319312237784,0.8262686110014498,0.08627677847344348,0.07128779391093193
4.646449856737443,0.8262686110014498,0.07816345467075306,0.06458400912187791
4.978760722312678,0.8262686110014498,0.07061747693164913,0.05834900457674065
5.334838230116768,0.8262686110014498,0.0636184273067339,0.05256590956483172
5.716382153889739,0.8262686110014498,0.05714493567094175,0.04721706662259624
6.125213834008588,0.8262686110014498,0.05117485296898559,0.04228417468088714
6.563284871848655,0.8262686110014498,0.045685415881033295,0.03774842512304496
7.032686445959767,0.8262686110014498,0.040653403327104716,0.03359063109956853
7.535659294528738,0.8262686110014498,0.03605528527945927,0.02979135048711983
8.07460441178074,0.8262686110014498,0.031867364336865114,0.026331002866898677
8.652094509379817,0.8262686110014498,0.028065910444071678,0.023189980839114187
9.270886297540766,0.8262686110014498,0.0246272890266719,0.020348755896799436
9.933933644477731,0.8262686110014498,0.021528082669548115,0.017787978964891905
10.644401677007258,0.8262686110014498,0.01874520631031266,0.015488575580957654
11.405681889616837,0.8262686110014498,0.016256015761330452,0.013431835563532188
12.221408334123376,0.8262686110014498,0.014038409227829557,0.011599496893348663
13.095474967204968,0.8262686110014498,0.012070921366435814,0.009973823430952641
14.032054238615942,0.8262686110014498,0.010332809337298758,0.008537676018872656
15.035617008818157,0.8262686110014498,0.008804130250395203,0.00727457647306989
16.110953891107577,0.8262686110014498,0.007465809396500131,0.006168763960047735
17.263198120114698,0.8262686110014498,0.00629969868682403,0.005205243283689748
18.497850055844463,0.8262686110014498,0.005288624800901071,0.004369824668348347
19.82080344022787,0.8262686110014498,0.004416426656054837,0.003649154718688208
21.23837353152414,0.8262686110014498,0.0036679819577329457,0.0030307383573943796
22.757327250875505,0.8262686110014498,0.003029222760728414,0.0025029516829210437
24.384915484922956,0.8262686110014498,0.0024871401583147993,0.002055045843976695
26.12890769868241,0.8262686110014498,0.002029778410661749,0.0016771421880182134
27.997629023909713,0.8262686110014498,0.0016462190166351494,0.0013602191002792974
30.0,0.8262686110014498,0.0013265554157724478,0.0010960911008067512
0.03,0.8853627679999155,1.0766271397794551,0.9532055845789703
0.03214557915712819,0.8853627679999155,1.0730197936414958,0.9500117746171328
0.034444608644906484,0.8853627679999155,1.0691787967659745,0.9466110989915423
0.03690806312437145,0.8853627679999155,1.065090774395826,0.942991716190262
0.0395477021566922,0.8853627679999155,1.06074183149642,0.9391413240669705
0.04237612633868262,0.8853627679999155,1.0561175681554869,0.9350471734754814
0.045406837453086234,0.8853627679999155,1.051203101489133,0.930696087664515
0.04865430292076789,0.8853627679999155,1.0459830948760624,0.9260744881605889
0.052134024862481254,0.8853627679999155,1.0404417953800789,0.9211684279005082
0.05586261409988602,0.8853627679999155,1.0345630802487984,0.915963632399595
0.05985786944906639,0.8853627679999155,1.0283305133909892,0.9104455497546206
0.06413886268506694,0.8853627679999155,1.0217274127324663,0.9045994102782086
0.0687260295830332,0.8853627679999155,1.014736929326974,0.8984102965406643
0.07364126747055089,0.8853627679999155,1.0073421390496446,0.8918632245519491
0.07890803975686143,0.8853627679999155,0.9995261476218404,0.8849432367467648
0.0845514879379336,0.8853627679999155,0.9912722096028103,0.8776355073353366
0.09059855161206047,0.8853627679999155,0.9825638618309805,0.8699254604473635
0.09707809707888847,0.8853627679999155,0.973385071601635,0.8617989013230195
0.10402105513575949,0.8853627679999155,0.9637203996244867,0.8532421605895203
0.11146056872915173,0.8853627679999155,0.9535551775115612,0.8442422514022866
0.11943215116604915,0.8853627679999155,0.9428756992014882,0.8347870389248853
0.12797385564047778,0.8853627679999155,0.9316694253312232,0.8248654212721424
0.13712645688446246,0.8853627679999155,0.9199251991230432,0.814467520648451
0.1469336458105338,0.8853627679999155,0.9076334718687988,0.8035848829831331
0.15744223807493174,0.8853627679999155,0.8947865355733882,0.7922106839043098
0.1687023975571047,0.8853627679999155,0.8813787597771634,0.780339938412642
0.1807678758223073,0.8853627679999155,0.867406829028208,0.7679697111304437
0.1936962687103966,0.8853627679999155,0.8528699769393676,0.7550993235270627
0.2075492912756809,0.8853627679999155,0.8377702122644343,0.7417305540783163
0.22239307239027523,0.8853627679999155,0.8221125319886807,0.7278678269289175
0.23829847041728436,0.8853627679999155,0.8059051160789472,0.71351838431695
0.2553414114607129,0.8853627679999155,0.7891594983065265,0.698692437814091
0.27360325180677286,0.8853627679999155,0.7718907074705302,0.6834032933595217
0.29317116628674317,0.8853627679999155,0.7541173734362266,0.6676674451423236
0.3141385644152698,0.8853627679999155,0.735861792683699,0.6515046336358198
0.33660553629058904,0.8853627679999155,0.7171499485523158,0.6349378635212753
0.3606793303852239,0.8853627679999155,0.6980114820727583,0.6179933778636607
0.38647486550794,0.8853627679999155,0.678479610197303,0.6007005857157878
0.4141152793808653,0.8853627679999155,0.6585909893558387,0.5830919413158883
0.4437325164504621,0.8853627679999155,0.6383855235526696,0.5652027741836669
0.47546795773833395,0.8853627679999155,0.6179061176384716,0.5470710706764786
0.5094730957385232,0.8853627679999155,0.5971983778929295,0.5287372088963437
0.5459102575829949,0.8853627679999155,0.5763102635777426,0.5102436501879511
0.5849533799274136,0.8853627679999155,0.5552916946020683,0.49163459178025093
0.6267888392562115,0.8853627679999155,0.5341941218160327,0.47295558634032675
0.6716163415705015,0.8853627679999155,0.5130700676473278,0.454253135270142
0.7196498757058468,0.8853627679999155,0.49197264576203387,0.4355742634321162
0.7711187348306588,0.8853627679999155,0.4709550691145765,0.41696608359487297
0.8262686110014498,0.8853627679999155,0.45007015611786,0.39847535921466265
0.8853627679999155,0.8853627679999155,0.4293698446939901,0.3801480741939649
0.9486832980505137,0.8853627679999155,0.40890472365720276,0.36202901798538156
1.0165324684176076,0.8853627679999155,0.38872359025007885,0.3441613938506748
1.089234164310304,0.8853627679999155,0.36887304173486213,0.32658645727092595
1.1671354349828413,0.8853627679999155,0.3493971077810217,0.3093431904761702
1.2506081504110058,0.8853627679999155,0.3303369290463162,0.2924680178730382
1.3400507764528888,0.8853627679999155,0.31173048588665164,0.2759945658545645
1.4358902769679147,0.8853627679999155,0.2936123796177248,0.2599534691373908
1.5385841519740941,0.8853627679999155,0.27601366725502996,0.24437222444672094
1.6486226215728734,0.8853627679999155,0.2589617492390689,0.22927509111240207
1.7665309660667667,0.8853627679999155,0.24248030836194098,0.21468303699680114
1.8928720334405786,0.8853627679999155,0.2265892969915066,0.20061372718355522
2.0282489261759444,0.8853627679999155,0.21130496876964644,0.18708155204202986
2.1733078802249692,0.8853627679999155,0.19663995025893272,0.1740976906606144
2.3287413498860743,0.8853627679999155,0.1826033475325027,0.16167020521742714
2.4952913133080123,0.8853627679999155,0.16920088243943518,0.1498041616246066
2.673752814401236,0.8853627679999155,0.15643505321761353,0.13850177172896042
2.8649777580643074,0.8853627679999155,0.14430531424579532,0.127762552457755
3.0698789768422605,0.8853627679999155,0.13280826999905207,0.11758349753964087
3.289434588429555,0.8853627679999155,0.12193787866637551,0.10795925778010007
3.524692664818587,0.8853627679999155,0.11168566137422553,0.09888232630018556
3.776776235382502,0.8853627679999155,0.10204091350358235,0.09034322562877163
4.046888647774959,0.8853627679999155,0.09299091516079809,0.08233069404560951
4.336319312237784,0.8853627679999155,0.08452113843699241,0.07483186908107965
4.646449856737443,0.8853627679999155,0.07661544964318603,0.06783246656764932
4.978760722312678,0.8853627679999155,0.06925630521895758,0.06131695409010328
5.334838230116768,0.8853627679999155,0.06242494046556866,0.0552687180828258
5.716382153889739,0.8853627679999155,0.05610155063890026,0.049670224162744164
6.125213834008588,0.8853627679999155,0.05026546424615263,0.04450317055977448
6.563284871848655,0.8853627679999155,0.04489530862012262,0.03974863471012224
7.032686445959767,0.8853627679999155,0.03996916799683855,0.035387213212334616
7.535659294528738,0.8853627679999155,0.03546473440074898,0.031399155415428946
8.07460441178074,0.8853627679999155,0.03135945165385995,0.027764490919220973
8.652094509379817,0.8853627679999155,0.02763065278107701,0.024463151227898907
9.270886297540766,0.8853627679999155,0.02425569099530067,0.02147508571935003
9.933933644477731,0.8853627679999155,0.021212064325617258,0.01878037198632076
10.644401677007258,0.8853627679999155,0.01847753381386634,0.016359320483256737
11.405681889616837,0.8853627679999155,0.016030235062474578,0.014192573286601791
12.221408334123376,0.8853627679999155,0.013848782782464172,0.01226119665771205
13.095474967204968,0.8853627679999155,0.011912367876258136,0.010546766996357178
14.032054238615942,0.8853627679999155,0.010200846504655567,0.009031449697304116
15.035617008818157,0.8853627679999155,0.008694820538082812,0.007698070378859514
16.110953891107577,0.8853627679999155,0.007375708783269803,0.006530177944317042
17.263198120114698,0.8853627679999155,0.006225808409452812,0.005512098966430293
18.497850055844463,0.8853627679999155,0.0052283460720214826,0.004628982950386425
19.82080344022787,0.8853627679999155,0.004367518342760398,0.00386683812923675
21.23837353152414,0.8853627679999155,0.003628521198975582,0.0032125575724713936
22.757327250875505,0.8853627679999155,0.0029975684917504814,0.002653935537125538
24.384915484922956,0.8853627679999155,0.0024618994981572147,0.0021796741542260746
26.12890769868241,0.8853627679999155,0.0020097758547181505,0.001779380713792658
27.997629023909713,0.8853627679999155,0.001630468360971695,0.0014435559812061853
30.0,0.8853627679999155,0.001314234324255424,0.0011635741391232807
0.03,0.9486832980505137,1.006948565482419,0.955275286069095
0.03214557915712819,0.9486832980505137,1.0037235590835911,0.9522157763624208
0.034444608644906484,0.9486832980505137,1.0002886330988068,0.9489571194506161
0.03690806312437145,0.9486832980505137,0.9966316258918441,0.9454877777925204
0.0395477021566922,0.9486832980505137,0.9927398813735385,0.9417957447677242
0.04237612633868262,0.9486832980505137,0.9886002594087367,0.9378685545494737
0.045406837453086234,0.9486832980505137,0.9841991517787474,0.9336932972479801
0.04865430292076789,0.9486832980505137,0.9795225044391693,0.9292566400260501
0.052134024862481254,0.9486832980505137,0.9745558468539551,0.9245448549278215
0.05586261409988602,0.9486832980505137,0.9692843292200451,0.9195438541931522
0.05985786944906639,0.9486832980505137,0.9636927684201632,0.9142392338522703
0.06413886268506694,0.9486832980505137,0.9577657035512602,0.90861632640468
0.0687260295830332,0.9486832980505137,0.9514874618691509,0.9026602633797384
0.07364126747055089,0.9486832980505137,0.9448422359622395,0.896356048550079
0.07890803975686143,0.9486832980505137,0.937814172914732,0.8896886425192626
0.0845514879379336,0.9486832980505137,0.9303874761380596,0.8826430593275479
0.09059855161206047,0.9486832980505137,0.9225465204339973,0.8752044756103502
0.09707809707888847,0.9486832980505137,0.9142759806998891,0.8673583526987385
0.10402105513575949,0.9486832980505137,0.9055609744915937,0.8590905718665222
0.11146056872915173,0.9486832980505137,0.8963872184200053,0.8503875827010168
0.11943215116604915,0.9486832980505137,0.8867411980700087,0.8412365643023196
0.12797385564047778,0.9486832980505137,0.876610350795616,0.8316255986980027
0.13712645688446246,0.9486832980505137,0.8659832603627186,0.8215438554974405
0.1469336458105338,0.9486832980505137,0.8548498619844801,0.810981786405463
0.15744223807493174,0.9486832980505137,0.8432016558296522,0.7999313277741287
0.1687023975571047,0.9486832980505137,0.8310319265898083,0.7883861089024917
0.1807678758223073,0.9486832980505137,0.8183359661797327,0.7763416633087424
0.1936962687103966,0.9486832980505137,0.8051112961315092,0.7637956397117639
0.2075492912756809,0.9486832980505137,0.7913578857461981,0.7507480089879849
0.22239307239027523,0.9486832980505137,0.7770783616094962,0.7372012629353865
0.23829847041728436,0.9486832980505137,0.7622782036841939,0.7231606003031422
0.2553414114607129,0.9486832980505137,0.7469659228890597,0.7086340952577388
0.27360325180677286,0.9486832980505137,0.7311532148881175,0.6936328432802952
0.29317116628674317,0.9486832980505137,0.7148550847722639,0.6781710794499308
0.3141385644152698,0.9486832980505137,0.6980899374404145,0.6622662641868492
0.33660553629058904,0.9486832980505137,0.6808796287987837,0.6459391318242396
0.3606793303852239,0.9486832980505137,0.6632494734070331,0.6292136978620506
0.38647486550794,0.9486832980505137,0.6452282049129439,0.6121172214320243
0.4141152793808653,0.9486832980505137,0.626847886527211,0.5946801203666288
0.4437325164504621,0.9486832980505137,0.6081437698801015,0.5769358372987273
0.47546795773833395,0.9486832980505137,0.589154101843851,0.5589206563972128
0.5094730957385232,0.9486832980505137,0.5699198802594846,0.5406734716291216
0.5459102575829949,0.9486832980505137,0.550484560925111,0.5222355087843232
0.5849533799274136,0.9486832980505137,0.5308937196278071,0.5036500048508128
0.6267888392562115,0.9486832980505137,0.5111946743713724,0.484961849628492
0.6716163415705015,0.9486832980505137,0.49143607420462593,0.46621719565744146
0.7196498757058468,0.9486832980505137,0.4716674621294425,0.44746304355607525
0.7711187348306588,0.9486832980505137,0.45193882041093764,0.4287468106645071
0.8262686110014498,0.9486832980505137,0.43230010718116246,0.41011589142821575
0.8853627679999155,0.9486832980505137,0.4128007934928905,0.3916172182087044
0.9486832980505137,0.9486832980505137,0.3934894099278037,0.3732968311582593
1.0165324684176076,0.9486832980505137,0.3744131114966085,0.3551994654479572
1.089234164310304,0.9486832980505137,0.35561726890682627,0.33736816351024435
1.1671354349828413,0.9486832980505137,0.33714509335189075,0.31984391908262005
1.2506081504110058,0.9486832980505137,0.31903730084003074,0.30266535876205425
1.3400507764528888,0.9486832980505137,0.30133182078988396,0.28586846555451345
1.4358902769679147,0.9486832980505137,0.284063552233963,0.26948634758926043
1.5385841519740941,0.9486832980505137,0.2672641695545658,0.25354905382375714
1.6486226215728734,0.9486832980505137,0.25096197829058886,0.23808343724999728
1.7665309660667667,0.9486832980505137,0.23518182025324857,0.22311306487937493
1.8928720334405786,0.9486832980505137,0.21994502602061053,0.20865817267503886
2.0282489261759444,0.9486832980505137,0.20526941188128278,0.19473566265242462
2.1733078802249692,0.9486832980505137,0.1911693174913208,0.18135913860373198
2.3287413498860743,0.9486832980505137,0.1776556799083621,0.16853897633287132
2.4952913133080123,0.9486832980505137,0.16473613927522177,0.15628242391572614
2.673752814401236,0.9486832980505137,0.15241517123372264,0.14459372731894177
2.8649777580643074,0.9486832980505137,0.1406942411422579,0.1334742767035515
3.0698789768422605,0.9486832980505137,0.12957197532496226,0.12292276888620497
3.289434588429555,0.9486832980505137,0.1190443448694456,0.11293538170500839
3.524692664818587,0.9486832980505137,0.10910485788434128,0.10350595641104947
3.776776235382502,0.9486832980505137,0.09974475659713598,0.0946261846518167
4.046888647774959,0.9486832980505137,0.0909532161872834,0.08628579710085339
4.336319312237784,0.9486832980505137,0.08271754278170934,0.07847275129278648
4.646449856737443,0.9486832980505137,0.0750233685646412,0.07117341672076305
4.978760722312678,0.9486832980505137,0.06785484244982236,0.06437275572399548
5.334838230116768,0.9486832980505137,0.0611948152132017,0.058054499120051936
5.716382153889739,0.9486832980505137,0.055025018374832015,0.052201315907125755
6.125213834008588,0.9486832980505137,0.0493262364409664,0.046794976667235436
6.563284871848655,0.9486832980505137,0.04407847236633763,0.04181651053752561
7.032686445959767,0.9486832980505137,0.03926110627141486,0.03724635578267755
7.535659294528738,0.9486832980505137,0.03485304755278895,0.03306450409949121
8.07460441178074,0.9486832980505137,0.03083288056266561,0.029250638820587184
8.652094509379817,0.9486832980505137,0.027179004014431976,0.02578426716613948
9.270886297540766,0.9486832980505137,0.023869764206203944,0.02264484663082966
9.933933644477731,0.9486832980505137,0.020883582055482193,0.01981190549950337
10.644401677007258,0.9486832980505137,0.01819907381866328,0.017265157371754235
11.405681889616837,0.9486832980505137,0.015795165242371914,0.01498460945538623
12.221408334123376,0.9486832980505137,0.013651198772018388,0.012950664273381526
13.095474967204968,0.9486832980505137,0.011747033337975585,0.011144214329380012
14.032054238615942,0.9486832980505137,0.01006313616085293,0.009546729201809342
15.035617008818157,0.9486832980505137,0.008580665971782501,0.00814033449358044
16.110953891107577,0.9486832980505137,0.00728154703616149,0.006907882057175625
17.263198120114698,0.9486832980505137,0.006148533401972965,0.005833010945957457
18.497850055844463,0.9486832980505137,0.0051652628660729255,0.0049001986110839115
19.82080344022787,0.9486832980505137,0.004316300260708884,0.004094801966705595
21.23837353152414,0.9486832980505137,0.0035871698029529713,0.0034030880793326362
22.757327250875505,0.9486832980505137,0.0029643764149758036,0.002812254394022404
24.384915484922956,0.9486832980505137,0.002435416105276927,0.0023104385828794523
26.12890769868241,0.9486832980505137,0.001988775691612452,0.0018867182822015923
27.997629023909713,0.9486832980505137,0.0016139223367692991,0.0015311011652436905
30.0,0.9486832980505137,0.0013012835502106655,0.0012345059701127355
0.03,1.0165324684176076,0.9416472155739176,0.9572149684259215
0.03214557915712819,1.0165324684176076,0.9387618649747715,0.9542819158591214
0.034444608644906484,1.0165324684176076,0.9356878379558483,0.9511570675855928
0.03690806312437145,1.0165324684176076,0.9324140816054819,0.9478291879617571
0.0395477021566922,1.0165324684176076,0.9289290757207112,0.9442865663272613
0.04237612633868262,1.0165324684176076,0.9252208392082575,0.9405170235117805
0.045406837453086234,1.0165324684176076,0.9212769412171798,0.936507923151723
0.04865430292076789,1.0165324684176076,0.9170845176658994,0.9322461884904878
0.052134024862481254,1.0165324684176076,0.9126302938684557,0.927718325378788
0.05586261409988602,1.0165324684176076,0.9079006140016659,0.9229104522289749
0.05985786944906639,1.0165324684176076,0.902881478183932,0.9178083377068508
0.06413886268506694,1.0165324684176076,0.8975585879552356,0.912397446963558
0.0687260295830332,1.0165324684176076,0.8919174009532357,0.9066629972156096
0.07364126747055089,1.0165324684176076,0.8859431955690712,0.9005900234696111
0.07890803975686143,1.0165324684176076,0.8796211463346766,0.8941634551559143
0.0845514879379336,1.0165324684176076,0.8729364107372877,0.8873682043783816
0.09059855161206047,1.0165324684176076,0.8658742280721807,0.8801892664014044
0.09707809707888847,1.0165324684176076,0.8584200308275033,0.8726118328762007
0.10402105513575949,1.0165324684176076,0.8505595689413421,0.8646214181521588
0.11146056872915173,1.0165324684176076,0.8422790470774593,0.85620399882208
0.11943215116604915,1.0165324684176076,0.8335652748295364,0.8473461664096701
0.12797385564047778,1.0165324684176076,0.8244058294825167,0.8380352928217281
0.13712645688446246,1.0165324684176076,0.8147892306332849,0.8282597078557364
0.1469336458105338,1.0165324684176076,0.8047051256028397,0.8180088876773556
0.15744223807493174,1.0165324684176076,0.794144484161851,0.8072736527652741
0.1687023975571047,1.0165324684176076,0.7830998006471503,0.7960463733691842
0.1807678758223073,1.0165324684176076,0.7715653010773486,0.7843211800495318
0.1936962687103966,1.0165324684176076,0.7595371523935727,0.7720941763775191
0.2075492912756809,1.0165324684176076,0.7470136704717005,0.759363650386295
0.22239307239027523,1.0165324684176076,0.7339955230940821,0.7461302808983005
0.23829847041728436,1.0165324684176076,0.7204859236530206,0.732397334431145
0.2553414114607129,1.0165324684176076,0.7064908110089764,0.7181708480293122
0.27360325180677286,1.0165324684176076,0.6920190106687115,0.703459793106976
0.29317116628674317,1.0165324684176076,0.6770823723076812,0.6882762152439768
0.3141385644152698,1.0165324684176076,0.6616958786610261,0.6726353448770506
0.33660553629058904,1.0165324684176076,0.6458777209696136,0.65655567399318
0.3606793303852239,1.0165324684176076,0.6296493365080805,0.640058994278068
0.38647486550794,1.0165324684176076,0.6130354042505498,0.6231703927101973
0.4141152793808653,1.0165324684176076,0.5960637954481193,0.6059182013212446
0.4437325164504621,1.0165324684176076,0.578765476792266,0.5883338987585357
0.47546795773833395,1.0165324684176076,0.5611743649013703,0.5704519623658731
0.5094730957385232,1.0165324684176076,0.5433271320643509,0.5523096707156341
0.5459102575829949,1.0165324684176076,0.5252629644664575,0.5339468578374381
0.5849533799274136,1.0165324684176076,0.5070232754593582,0.515405621747882
0.6267888392562115,1.0165324684176076,0.4886513777660271,0.49672999123616435
0.6716163415705015,1.0165324684176076,0.4701921197721241,0.47796555614246466
0.7196498757058468,1.0165324684176076,0.4516914921909765,0.45915906752012586
0.7711187348306588,1.0165324684176076,0.43319621234385935,0.44035801504306143
0.8262686110014498,1.0165324684176076,0.4147532940232627,0.421610189757801
0.8853627679999155,1.0165324684176076,0.3964096113670646,0.4029632407474267
0.9486832980505137,1.0165324684176076,0.37821146534219346,0.3844642344481403
1.0165324684176076,1.0165324684176076,0.36020416130871924,0.36615922522944644
1.089234164310304,1.0165324684176076,0.3424316057164021,0.34809284542309915
1.1671354349828413,1.0165324684176076,0.3249359292978539,0.3303079222867167
1.2506081504110058,1.0165324684176076,0.3077571432016159,0.3128451284518897
1.3400507764528888,1.0165324684176076,0.29093283340169196,0.2957426712815505
1.4358902769679147,1.0165324684176076,0.27449789748229453,0.27903602530312027
1.5385841519740941,1.0165324684176076,0.25848432658677145,0.26275771055251385
1.6486226215728734,1.0165324684176076,0.24292103399723092,0.24693711831976273
1.7665309660667667,1.0165324684176076,0.22783373053241687,0.23160038448690978
1.8928720334405786,1.0165324684176076,0.213244845765758,0.21677030944359799
2.0282489261759444,1.0165324684176076,0.19917349301446294,0.20246632249734914
2.1733078802249692,1.0165324684176076,0.18563547516505968,0.1887044877954136
2.3287413498860743,1.0165324684176076,0.17264332770094487,0.17549754806367143
2.4952913133080123,1.0165324684176076,0.16020639479250268,0.1628550019547085
2.673752814401236,1.0165324684176076,0.1483309339991336,0.15078321048082852
2.8649777580643074,1.0165324684176076,0.13702024500518772,0.13928552787830883
3.0698789768422605,1.0165324684176076,0.12627481785105094,0.12836245228911258
3.289434588429555,1.0165324684176076,0.11609249630371737,0.1180117918323798
3.524692664818587,1.0165324684176076,0.10646865231164443,0.10822884194345193
3.776776235382502,1.0165324684176076,0.09739636787815774,0.09900657025409308
4.046888647774959,1.0165324684176076,0.08886662113748137,0.09033580574481628
4.336319312237784,1.0165324684176076,0.08086847389992904,0.08220542939065975
4.646449856737443,1.0165324684176076,0.0733892584224256,0.07460256401948598
4.978760722312678,1.0165324684176076,0.06641476163476273,0.06751276158395238
5.334838230116768,1.0165324684176076,0.059929405491904855,0.06092018649548577
5.716382153889739,1.0165324684176076,0.05391642251321562,0.05480779406560574
6.125213834008588,1.0165324684176076,0.04835802589982767,0.049157503435754424
6.563284871848655,1.0165324684176076,0.04323557388480232,0.04395036464456996
7.032686445959767,1.0165324684176076,0.03852972816452003,0.039166719678538964
7.535659294528738,1.0165324684176076,0.03422060638499337,0.03478635747928466
8.07460441178074,1.0165324684176076,0.030287928717946413,0.030788662942910612
8.652094509379817,1.0165324684176076,0.02671115856596389,0.027152759951353397
9.270886297540766,1.0165324684176076,0.023469637393509008,0.0238576484324899
9.933933644477731,1.0165324684176076,0.020542713602615153,0.020882335366462345
10.644401677007258,1.0165324684176076,0.017909865271065264,0.01820595955302276
11.405681889616837,1.0165324684176076,0.01555081645967691,0.01580790984166453
12.221408334123376,1.0165324684176076,0.013445646686318213,0.013667936415514078
13.095474967204968,1.0165324684176076,0.011574893068803913,0.011766254622901099
14.032054238615942,1.0165324684176076,0.009919644566540299,0.010083640777050519
15.035617008818157,1.0165324684176076,0.008461627709239843,0.008601519302104404
16.110953891107577,1.0165324684176076,0.0071832831953212595,0.007302040597882639
17.263198120114698,1.0165324684176076,0.006067832775247904,0.006168149028968014
18.497850055844463,1.0165324684176076,0.005099335905950035,0.005183640515765926
19.82080344022787,1.0165324684176076,0.0042627357691199085,0.00433320931359549
21.23837353152414,1.0165324684176076,0.0035438943839360163,0.003602483705913775
22.757327250875505,1.0165324684176076,0.002929616707339238,0.0029780505030290194
24.384915484922956,1.0165324684176076,0.00240766379479165,0.00244746842043926
26.12890769868241,1.0165324684176076,0.001966755283229334,0.001999270602834486
27.997629023909713,1.0165324684176076,0.0015965616471837816,0.001622956752192611
30.0,1.0165324684176076,0.0012876868605574965,0.0013089755029114317
0.03,1.089234164310304,0.8804647670670696,0.959032304760966
0.03214557915712819,1.089234164310304,0.8778812543396861,0.9562182544343696
0.034444608644906484,1.089234164310304,0.87512807760888,0.9532194002787913
0.03690806312437145,1.089234164310304,0.8721951952958917,0.9500248046635831
0.0395477021566922,1.089234164310304,0.8690721262579767,0.9466230511699864
0.04237612633868262,1.089234164310304,0.8657479530059913,0.9430022480958372
0.045406837453086234,1.089234164310304,0.8622113289424459,0.9391500363395018
0.04865430292076789,1.089234164310304,0.8584504902112073,0.9350536023069753
0.052134024862481254,1.089234164310304,0.8544532727920877,0.930699696531894
0.05586261409988602,1.089234164310304,0.8502071355119124,0.9260746587399753
0.05985786944906639,1.089234164310304,0.8456991896763416,0.9211644501250112
0.06413886268506694,1.089234164310304,0.840916236051571,0.9159546936305992
0.0687260295830332,1.089234164310304,0.8358448099393856,0.9104307230474316
0.07364126747055089,1.089234164310304,0.8304712350900302,0.904577641737035
0.07890803975686143,1.089234164310304,0.8247816871816616,0.8983803917757597
0.0845514879379336,1.089234164310304,0.8187622675592909,0.8918238342737539
0.09059855161206047,1.089234164310304,0.8123990878662966,0.8848928415584988
0.09707809707888847,1.089234164310304,0.8056783661139822,0.8775724018170546
0.10402105513575949,1.089234164310304,0.7985865346154103,0.8698477366612781
0.11146056872915173,1.089234164310304,0.7911103600552778,0.8617044319120343
0.11943215116604915,1.089234164310304,0.783237075774755,0.8531285816883616
0.12797385564047778,1.089234164310304,0.7749545261165677,0.8441069456330673
0.13712645688446246,1.089234164310304,0.7662513223997832,0.8346271188057933
0.1469336458105338,1.089234164310304,0.7571170097758159,0.8246777134282771
0.15744223807493174,1.089234164310304,0.7475422438588822,0.8142485512762792
0.1687023975571047,1.089234164310304,0.7375189756295071,0.8033308650827976
0.1807678758223073,1.089234164310304,0.7270406426851783,0.7919175068548167
0.1936962687103966,1.089234164310304,0.7161023644671545,0.7800031605210138
0.2075492912756809,1.089234164310304,0.704701138639037,0.7675845558340113
0.22239307239027523,1.089234164310304,0.6928360353463633,0.7546606799645603
0.23829847041728436,1.089234164310304,0.6805083856653922,0.7412329827663976
0.2553414114607129,1.089234164310304,0.6677219601742712,0.7273055712820604
0.27360325180677286,1.089234164310304,0.6544831332735966,0.7128853887264555
0.29317116628674317,1.089234164310304,0.6408010286697532,0.6979823729522818
0.3141385644152698,1.089234164310304,0.6266876413369338,0.6826095892952306
0.33660553629058904,1.089234164310304,0.6121579313143426,0.6667833327411025
0.3606793303852239,1.089234164310304,0.597229884892517,0.6505231945720399
0.38647486550794,1.089234164310304,0.5819245391107555,0.6338520890499626
0.4141152793808653,1.089234164310304,0.5662659660334493,0.6167962362898111
0.4437325164504621,1.089234164310304,0.550281213995697,0.5993850982622626
0.47546795773833395,1.089234164310304,0.5340002038976177,0.5816512658339537
0.5094730957385232,1.089234164310304,0.5174555796620249,0.5636302958808697
0.5459102575829949,1.089234164310304,0.5006825131213226,0.5453604987644867
0.5849533799274136,1.089234164310304,0.4837184648271838,0.5268826777975008
0.6267888392562115,1.089234164310304,0.46660290353356826,0.5082398236951476
0.6716163415705015,1.089234164310304,0.44937698833730555,0.48947676835186626
0.7196498757058468,1.089234164310304,0.43208321861564286,0.4706398035413162
0.7711187348306588,1.089234164310304,0.41476505792243923,0.45177627125126296
0.8262686110014498,1.089234164310304,0.3974665388440955,0.43293413327915736
0.8853627679999155,1.089234164310304,0.3802318564305114,0.41416152838324355
0.9486832980505137,1.089234164310304,0.36310495817389565,0.39550632567347116
1.0165324684176076,1.089234164310304,0.34612913859063793,0.37701568301621896
1.089234164310304,1.089234164310304,0.32934664626469623,0.3587356190125277
1.1671354349828413,1.089234164310304,0.3127983107458189,0.3407106066028968
1.2506081504110058,1.089234164310304,0.2965231959871804,0.32298319557971694
1.3400507764528888,1.089234164310304,0.28055828609165145,0.3055936702913712
1.4358902769679147,1.089234164310304,0.2649382080605249,0.28857974765067534
1.5385841519740941,1.089234164310304,0.24969499505605103,0.2719763192723432
1.6486226215728734,1.089234164310304,0.23485789245537675,0.25581524022031155
1.7665309660667667,1.089234164310304,0.22045320774358423,0.24012516550610882
1.8928720334405786,1.089234164310304,0.20650420411869408,0.2249314341997902
2.0282489261759444,1.089234164310304,0.19303103660637136,0.21025599984389262
2.1733078802249692,1.089234164310304,0.18005072854261028,0.19611740483757154
2.3287413498860743,1.089234164310304,0.16757718550497536,0.18253079561098462
2.4952913133080123,1.089234164310304,0.15562124317276305,0.16950797475621518
2.673752814401236,1.089234164310304,0.14419074517929098,0.15705748582664503
2.8649777580643074,1.089234164310304,0.13329064678171268,0.1451847262576587
3.0698789768422605,1.089234164310304,0.12292314010355467,0.1338920837850938
3.289434588429555,1.089234164310304,0.1130877967844215,0.12317909182417285
3.524692664818587,1.089234164310304,0.1037817240771547,0.11304259949586218
3.776776235382502,1.089234164310304,0.09499973073933642,0.10347695232156501
4.046888647774959,1.089234164310304,0.08673449944626888,0.09447418002122922
4.336319312237784,1.089234164310304,0.07897676287940779,0.08602418831488479
4.646449856737443,1.089234164310304,0.07171548109208331,0.07811495211544678
4.978760722312678,1.089234164310304,0.06493801819992248,0.07073270798595988
5.334838230116768,1.089234164310304,0.058630316866585964,0.06386214419542409
5.716382153889739,1.089234164310304,0.05277706943973885,0.05748658712594083
6.125213834008588,1.089234164310304,0.047361884925066745,0.051588183146515865
6.563284871848655,1.089234164310304,0.042367451259161644,0.04614807536623047
7.032686445959767,1.089234164310304,0.03777569255080011,0.04114657490681374
7.535659294528738,1.089234164310304,0.03356792110395559,0.036563326491301285
8.07460441178074,1.089234164310304,0.029724984117754344,0.03237746823463922
8.652094509379817,1.089234164310304,0.02622740498455989,0.028567785550384996
9.270886297540766,1.089234164310304,0.023055519086029506,0.025112859064411616
9.933933644477731,1.089234164310304,0.020189603928866852,0.021991206363215318
10.644401677007258,1.089234164310304,0.01761000337886555,0.019181417313880247
11.405681889616837,1.089234164310304,0.015297245655993247,0.016662282588355233
12.221408334123376,1.089234164310304,0.013232154656820304,0.014412914919646363
13.095474967204968,1.089234164310304,0.011395954084769646,0.012412862524042662
14.032054238615942,1.089234164310304,0.009770363803212403,0.010642214052199705
15.035617008818157,1.089234164310304,0.008337687789118847,0.009081694391261094
16.110953891107577,1.089234164310304,0.007080893061244796,0.007712750636135606
17.263198120114698,1.089234164310304,0.00598367898960758,0.0065176275837463375
18.497850055844463,1.089234164310304,0.0050305364626561586,0.005479432179933794
19.82080344022787,1.089234164310304,0.004206796493032389,0.0045821864625116525
21.23837353152414,1.089234164310304,0.00349866797797496,0.003810868691188777
22.757327250875505,1.089234164310304,0.0028932644903095187,0.0031514425292309667
24.384915484922956,1.089234164310304,0.0023786201533744123,0.002590874334972425
26.12890769868241,1.089234164310304,0.0019436948401386962,0.002117138824872723
27.997629023909713,1.089234164310304,0.0015783691248623989,0.0017192135746926808
30.0,1.089234164310304,0.0012734295967882462,0.001387063022665653
0.03,1.1671354349828413,0.8231560358114681,0.9607345779155692
0.03214557915712819,1.1671354349828413,0.8208408590013336,0.9580324530222106
0.034444608644906484,1.1671354349828413,0.8183730325089803,0.9551521652755957
0.03690806312437145,1.1671354349828413,0.8157434357054488,0.9520830696664765
0.0395477021566922,1.1671354349828413,0.8129425360972707,0.9488140404839424
0.04237612633868262,1.1671354349828413,0.8099603900426302,0.9453334721512769
0.045406837453086234,1.1671354349828413,0.8067866468761037,0.9416292840400893
0.04865430292076789,1.1671354349828413,0.80341055696762,0.9376889298762099
0.052134024862481254,1.1671354349828413,0.7998209842822814,0.9334994123987048
0.05586261409988602,1.1671354349828413,0.7960064240462826,0.9290473039783942
0.05985786944906639,1.1671354349828413,0.7919550261587358,0.9243187739426236
0.06413886268506694,1.1671354349828413,0.7876546250179465,0.9192996233865678
0.0687260295830332,1.1671354349828413,0.7830927764513039,0.9139753282754135
0.07364126747055089,1.1671354349828413,0.7782568024480034,0.9083310916535057
0.07890803975686143,1.1671354349828413,0.7731338443904014,0.9023519057725476
0.0845514879379336,1.1671354349828413,0.767710925459819,0.8960226249276256
0.09059855161206047,1.1671354349828413,0.7619750228526404,0.8893280497431769
0.09707809707888847,1.1671354349828413,0.7559131503790634,0.882253023576918
0.10402105513575949,1.1671354349828413,0.7495124519261978,0.8747825416039389
0.11146056872915173,1.1671354349828413,0.7427603061458515,0.8669018730015269
0.11943215116604915,1.1671354349828413,0.7356444425719957,0.8585966964739761
0.12797385564047778,1.1671354349828413,0.7281530691807893,0.8498532491324114
0.13712645688446246,1.1671354349828413,0.720275011175149,0.8406584884751785
0.1469336458105338,1.1671354349828413,0.71199986050524,0.8310002668985057
0.15744223807493174,1.1671354349828413,0.7033181353264281,0.8208675178055315
0.1687023975571047,1.1671354349828413,0.6942214482494359,0.8102504519770235
0.1807678758223073,1.1671354349828413,0.6847026818580676,0.7991407624243337
0.1936962687103966,1.1671354349828413,0.6747561695647577,0.7875318354723194
0.2075492912756809,1.1671354349828413,0.6643778794528721,0.7754189653282055
0.22239307239027523,1.1671354349828413,0.6535655983295285,0.7627995688961553
0.23829847041728436,1.1671354349828413,0.6423191127989228,0.7496733971143635
0.2553414114607129,1.1671354349828413,0.6306403837816154,0.7360427386427016
0.27360325180677286,1.1671354349828413,0.618533710570093,0.7219126113377764
0.29317116628674317,1.1671354349828413,0.6060058802468382,0.7072909366440532
0.3141385644152698,1.1671354349828413,0.5930662981205107,0.6921886918305457
0.33660553629058904,1.1671354349828413,0.579727094780452,0.6766200349379217
0.3606793303852239,1.1671354349828413,0.5660032054494565,0.6606023973939339
0.38647486550794,1.1671354349828413,0.5519124175459748,0.6441565395249528
0.4141152793808653,1.1671354349828413,0.5374753827608786,0.6273065646511872
0.4437325164504621,1.1671354349828413,0.5227155905151958,0.6100798881082657
0.47546795773833395,1.1671354349828413,0.5076593003903997,0.5925071583842342
0.5094730957385232,1.1671354349828413,0.4923354319995231,0.5746221285842286
0.5459102575829949,1.1671354349828413,0.47677541177375327,0.5564614776096828
0.5849533799274136,1.1671354349828413,0.4610129772442354,0.5380645817286854
0.6267888392562115,1.1671354349828413,0.44508394056322104,0.5194732385731321
0.6716163415705015,1.1671354349828413,0.4290259141864269,0.5007313469728865
0.7196498757058468,1.1671354349828413,0.41287800277917874,0.48188454736852354
0.7711187348306588,1.1671354349828413,0.3966804664607125,0.4629798287718201
0.8262686110014498,1.1671354349828413,0.38047436141382734,0.44406510930854615
0.8853627679999155,1.1671354349828413,0.3643011646158329,0.4251887982286558
0.9486832980505137,1.1671354349828413,0.34820238995452557,0.4063993478616401
1.0165324684176076,1.1671354349828413,0.33221920325369114,0.38774480429914976
1.089234164310304,1.1671354349828413,0.3163920437330173,0.3692723655874453
1.1671354349828413,1.1671354349828413,0.3007602591677202,0.3510279559092692
1.2506081504110058,1.1671354349828413,0.28536176150780707,0.33305582364488423
1.3400507764528888,1.1671354349828413,0.27023270899259316,0.3153981703566618
1.4358902769679147,1.1671354349828413,0.25540721989054777,0.29809481668471266
1.5385841519740941,1.1671354349828413,0.2409171219536028,0.28118290992613243
1.6486226215728734,1.1671354349828413,0.22679174054952017,0.2646966767567799
1.7665309660667667,1.1671354349828413,0.21305772727828987,0.24866722320340243
1.8928720334405786,1.1671354349828413,0.1997389297396863,0.23312238264473595
2.0282489261759444,1.1671354349828413,0.18685630204545792,0.21808661136711072
2.1733078802249692,1.1671354349828413,0.17442785470066816,0.20358093006918818
2.3287413498860743,1.1671354349828413,0.1624686416453977,0.18962290873787263
2.4952913133080123,1.1671354349828413,0.15099078157179843,0.17622669152820014
2.673752814401236,1.1671354349828413,0.14000351012399148,0.16340305768768945
2.8649777580643074,1.1671354349828413,0.12951325925183232,0.15115951417293283
3.0698789768422605,1.1671354349828413,0.1195237598179538,0.13950041540591215
3.289434588429555,1.1671354349828413,0.11003616353747288,0.12842710559415146
3.524692664818587,1.1671354349828413,0.10104918044245949,0.11793807917036957
3.776776235382502,1.1671354349828413,0.09255922828594268,0.10802915516718982
4.046888647774959,1.1671354349828413,0.08456059060785041,0.09869366170149946
4.336319312237784,1.1671354349828413,0.07704558055200521,0.08992262717107015
4.646449856737443,1.1671354349828413,0.07000470792394274,0.08170497523365766
4.978760722312678,1.1671354349828413,0.06342684739032402,0.07402772111849612
5.334838230116768,1.1671354349828413,0.057299406121182464,0.06687616728750477
5.716382153889739,1.1671354349828413,0.05160848954847488,0.060234096897966646
6.125213834008588,1.1671354349828413,0.04633906424442973,0.05408396390362032
6.563284871848655,1.1671354349828413,0.0414751172009388,0.04840707895528203
7.032686445959767,1.1671354349828413,0.03699981101064238,0.04318379051818902
7.535659294528738,1.1671354349828413,0.03289563460922726,0.038393660808677066
8.07460441178074,1.1671354349828413,0.029144549338193486,0.034015636269211336
8.652094509379817,1.1671354349828413,0.0257281301326196,0.030028212353630127
9.270886297540766,1.1671354349828413,0.022627701636628864,0.02640959239232878
9.933933644477731,1.1671354349828413,0.019824469009852224,0.023137840261117735
10.644401677007258,1.1671354349828413,0.017299643122163078,0.020191026500433723
11.405681889616837,1.1671354349828413,0.015034559753030037,0.017547367437128234
12.221408334123376,1.1671354349828413,0.013010792327742417,0.01518535676291106
13.095474967204968,1.1671354349828413,0.011210257646556662,0.013083888934583633
14.032054238615942,1.1671354349828413,0.00961531400426337,0.011222373692862534
15.035617008818157,1.1671354349828413,0.008208851064717287,0.00958084095812817
16.110953891107577,1.1671354349828413,0.006974370853254101,0.008140035359544376
17.263198120114698,1.1671354349828413,0.005896059262945076,0.006881499692542013
18.497850055844463,1.1671354349828413,0.004958847539130902,0.005787646679597137
19.82080344022787,1.1671354349828413,0.004148463309057711,0.0048418185287274285
21.23837353152414,1.1671354349828413,0.0034514708559797436,0.0040283339388245175
22.757327250875505,1.1671354349828413,0.0028553004942778286,0.003332522384395675
24.384915484922956,1.1671354349828413,0.0023482670770921706,0.0027407457164778555
26.12890769868241,1.1671354349828413,0.0019195778529394155,0.0022404073323738735
27.997629023909713,1.1671354349828413,0.0015593300746503586,0.0018199493849588727
30.0,1.1671354349828413,0.0012584989446930424,0.0014688387132397607
0.03,1.2506081504110058,0.7694885819073188,0.9623286921814999
0.03214557915712819,1.2506081504110058,0.7674120646821442,0.9597317828152274
0.034444608644906484,1.2506081504110058,0.7651981239513338,0.9569630104927492
0.03690806312437145,1.2506081504110058,0.762838476533155,0.9540120161994783
0.0395477021566922,1.2506081504110058,0.7603244546052783,0.9508679598861639
0.04237612633868262,1.2506081504110058,0.7576470044818882,0.9475195189395332
0.045406837453086234,1.2506081504110058,0.7547966882745559,0.9439548902593949
0.04865430292076789,1.2506081504110058,0.751763688902974,0.940161796525103
0.052134024862481254,1.2506081504110058,0.7485378189609387,0.9361274972834278
0.05586261409988602,1.2506081504110058,0.745108533980869,0.9318388055372706
0.05985786944906639,1.2506081504110058,0.7414649506753339,0.927282110558667
0.06413886268506694,1.2506081504110058,0.7375958707649947,0.9224434076882052
0.0687260295830332,1.2506081504110058,0.7334898110271508,0.9173083359139832
0.07364126747055089,1.2506081504110058,0.7291350402156075,0.9118622240438953
0.07890803975686143,1.2506081504110058,0.7245196235083237,0.9060901462922228
0.0845514879379336,1.2506081504110058,0.7196314751315681,0.8999769880918341
0.09059855161206047,1.2506081504110058,0.7144584197850194,0.893507522912913
0.09707809707888847,1.2506081504110058,0.7089882634481999,0.8866665008140642
0.10402105513575949,1.2506081504110058,0.7032088740814301,0.8794387493675832
0.11146056872915173,1.2506081504110058,0.6971082726407648,0.8718092874834781
0.11943215116604915,1.2506081504110058,0.6906747347028163,0.8637634525023011
0.12797385564047778,1.2506081504110058,0.6838969028390645,0.8552870407313777
0.13712645688446246,1.2506081504110058,0.6767639096877576,0.8463664613595275
0.1469336458105338,1.2506081504110058,0.6692655114432239,0.8369889033998861
0.15744223807493174,1.2506081504110058,0.6613922312168502,0.8271425149783133
0.1687023975571047,1.2506081504110058,0.6531355114220698,0.8168165939073011
0.1807678758223073,1.2506081504110058,0.6444878740001658,0.8060017880656688
0.1936962687103966,1.2506081504110058,0.6354430869393176,0.79469030364864
0.2075492912756809,1.2506081504110058,0.6259963351533016,0.7828761188701386
0.22239307239027523,1.2506081504110058,0.6161443933883458,0.7705552002015102
0.23829847041728436,1.2506081504110058,0.605885798429285,0.7577257177339437
0.2553414114607129,1.2506081504110058,0.5952210174944528,0.7443882557744944
0.27360325180677286,1.2506081504110058,0.5841526093601613,0.7305460143496741
0.29317116628674317,1.2506081504110058,0.5726853744595588,0.7162049969203031
0.3141385644152698,1.2506081504110058,0.5608264899778015,0.7013741793326348
0.33660553629058904,1.2506081504110058,0.5485856258367485,0.6860656548697601
0.3606793303852239,1.2506081504110058,0.5359750374478501,0.6702947502491254
0.38647486550794,1.2506081504110058,0.5230096312293145,0.6540801075588353
0.4141152793808653,1.2506081504110058,0.5097069991470483,0.6374437274548342
0.4437325164504621,1.2506081504110058,0.49608741895700187,0.6204109694639859
0.47546795773833395,1.2506081504110058,0.4821738174014946,0.6030105059570973
0.5094730957385232,1.2506081504110058,0.46799169433810794,0.585274227263894
0.5459102575829949,1.2506081504110058,0.45356900664243427,0.567237096480852
0.5849533799274136,1.2506081504110058,0.43893601170219104,0.5489369537436607
0.6267888392562115,1.2506081504110058,0.42412507137828165,0.5304142710593286
0.6716163415705015,1.2506081504110058,0.40917041840926993,0.5117118601697145
0.7196498757058468,1.2506081504110058,0.39410788833476196,0.49287453729272385
0.7711187348306588,1.2506081504110058,0.3789746210623706,0.4739487498995231
0.8262686110014498,1.2506081504110058,0.3638087371538595,0.454982171875352
0.8853627679999155,1.2506081504110058,0.3486489947128755,0.43602327442052585
0.9486832980505137,1.2506081504110058,0.33353443337924843,0.41712088082680476
1.0165324684176076,1.2506081504110058,0.31850401234151215,0.3983237137729027
1.089234164310304,1.2506081504110058,0.3035962494492469,0.379679943995441
1.1671354349828413,1.2506081504110058,0.2888488684315414,0.361236749097482
1.2506081504110058,1.2506081504110058,0.2742984609118374,0.3430398908615386
1.3400507764528888,1.2506081504110058,0.25998016936983787,0.3251333187591529
1.4358902769679147,1.2506081504110058,0.2459273964666732,0.3075588064305803
1.5385841519740941,1.2506081504110058,0.23217154525820652,0.2903556267934308
1.6486226215728734,1.2506081504110058,0.21874179381798417,0.2735602701842948
1.7665309660667667,1.2506081504110058,0.20566490672442858,0.2572062086030896
1.8928720334405786,1.2506081504110058,0.19296508478545277,0.241323707777438
2.0282489261759444,1.2506081504110058,0.18066385332441662,0.22593968745217394
2.1733078802249692,1.2506081504110058,0.16877998837585212,0.21107762908911548
2.3287413498860743,1.2506081504110058,0.1573294792722411,0.19675752907778413
2.4952913133080123,1.2506081504110058,0.14632552537049315,0.18299589464151114
2.673752814401236,1.2506081504110058,0.13577856408565,0.169805778896617
2.8649777580643074,1.2506081504110058,0.1256963269776436,0.15719685099496788
3.0698789768422605,1.2506081504110058,0.11608392037391894,0.14517549695128523
3.289434588429555,1.2506081504110058,0.10694392689810522,0.1337449466157292
3.524692664818587,1.2506081504110058,0.09827652429810894,0.12290542228128029
3.776776235382502,1.2506081504110058,0.09007961810669243,0.11265430459014036
4.046888647774959,1.2506081504110058,0.08234898490133953,0.10298631169568807
4.336319312237784,1.2506081504110058,0.07507842323385872,0.09389368801627074
4.646449856737443,1.2506081504110058,0.06825990964943501,0.08536639935390229
4.978760722312678,1.2506081504110058,0.06188375758634296,0.07739233161553942
5.334838230116768,1.2506081504110058,0.0559387773199736,0.0699574908403853
5.716382153889739,1.2506081504110058,0.050412435469642525,0.06304620268040383
6.125213834008588,1.2506081504110058,0.04529101290867498,0.05664130988395901
6.563284871848655,1.2506081504110058,0.04055976019603001,0.05072436667987103
7.032686445959767,1.2506081504110058,0.03620304987362773,0.045275829241694966
7.535659294528738,1.2506081504110058,0.03220452514384227,0.04027524162500531
8.07460441178074,1.2506081504110058,0.028547244556216583,0.03570141671378067
8.652094509379817,1.2506081504110058,0.02521382239460778,0.031532611789712034
9.270886297540766,1.2506081504110058,0.022186564471790304,0.027746698358040205
9.933933644477731,1.2506081504110058,0.019447599016471886,0.024321325835924803
10.644401677007258,1.2506081504110058,0.016979002287802962,0.0212340786469735
11.405681889616837,1.2506081504110058,0.014762918485828036,0.018462626182229845
12.221408334123376,1.2506081504110058,0.012781673454231252,0.0159848649977536
13.095474967204968,1.2506081504110058,0.011017881604976453,0.013779052535447046
14.032054238615942,1.2506081504110058,0.009454545442755584,0.011823931589141365
15.035617008818157,1.2506081504110058,0.008075147038590275,0.010098844702228294
16.110953891107577,1.2506081504110058,0.006863730802481644,0.008583837683810616
17.263198120114698,1.2506081504110058,0.005804976938338306,0.007259751472033813
18.497850055844463,1.2506081504110058,0.004884265031772705,0.0061083016575024145
19.82080344022787,1.2506081504110058,0.0040877273216222195,0.005112145105078499
21.23837353152414,1.2506081504110058,0.003402291335940044,0.004254933274799368
22.757327250875505,1.2506081504110058,0.002815711727607444,0.003521352035753724
24.384915484922956,1.2506081504110058,0.002316591317120946,0.0028971479823628223
26.12890769868241,1.2506081504110058,0.0018943915330450253,0.002369141491295709
27.997629023909713,1.2506081504110058,0.0015394326261676332,0.001925226989293861
30.0,1.2506081504110058,0.0012428842136390662,0.00155436112759419
0.03,1.3400507764528888,0.7192422875144777,0.9638211858415279
0.03214557915712819,1.3400507764528888,0.7173781425856801,0.9613231369822719
0.034444608644906484,1.3400507764528888,0.7153902012642731,0.9586591946709775
0.03690806312437145,1.3400507764528888,0.7132709409688779,0.9558192782666274
0.0395477021566922,1.3400507764528888,0.7110124808966257,0.952792827093218
0.04237612633868262,1.3400507764528888,0.7086065793224122,0.949568796820624
0.045406837453086234,1.3400507764528888,0.7060446333330395,0.9461356591083347
0.04865430292076789,1.3400507764528888,0.7033176814086249,0.9424814050646734
0.052134024862481254,1.3400507764528888,0.7004164093008244,0.9385935531239141
0.05586261409988602,1.3400507764528888,0.6973311596939752,0.934459161992705
0.05985786944906639,1.3400507764528888,0.6940519461701162,0.9300648493639029
0.06413886268506694,1.3400507764528888,0.6905684720307117,0.9253968171386403
0.0687260295830332,1.3400507764528888,0.6868701545552222,0.9204408839340412
0.07364126747055089,1.3400507764528888,0.6829461552975999,0.9151825256820639
0.07890803975686143,1.3400507764528888,0.6787854170342118,0.9096069251415935
0.0845514879379336,1.3400507764528888,0.6743767079782136,0.9036990311479481
0.09059855161206047,1.3400507764528888,0.6697086738633281,0.8974436284077874
0.09707809707888847,1.3400507764528888,0.664769898471426,0.8908254186091424
0.10402105513575949,1.3400507764528888,0.6595489731301535,0.8838291135517676
0.11146056872915173,1.3400507764528888,0.6540345756359457,0.8764395409079847
0.11943215116604915,1.3400507764528888,0.6482155589609088,0.8686417630944091
0.12797385564047778,1.3400507764528888,0.6420810499762823,0.8604212095664033
0.13712645688446246,1.3400507764528888,0.6356205582678569,0.8517638226362603
0.1469336458105338,1.3400507764528888,0.6288240949277714,0.8426562166602451
0.15744223807493174,1.3400507764528888,0.6216823009813777,0.8330858501371137
0.1687023975571047,1.3400507764528888,0.6141865848472319,0.8230412099114812
0.1807678758223073,1.3400507764528888,0.6063292679342018,0.8125120062813389
0.1936962687103966,1.3400507764528888,0.5981037371552785,0.8014893773743055
0.2075492912756809,1.3400507764528888,0.5895046027881753,0.7899661006888462
0.22239307239027523,1.3400507764528888,0.5805278597457153,0.7779368092047795
0.23829847041728436,1.3400507764528888,0.571171049944299,0.7653982089652696
0.2553414114607129,1.3400507764528888,0.5614334230889402,0.7523492945369376
0.27360325180677286,1.3400507764528888,0.5513160928433661,0.7387915582857257
0.29317116628674317,1.3400507764528888,0.5408221850405461,0.7247291889865317
0.3141385644152698,1.3400507764528888,0.529956974331444,0.7101692549394752
0.33660553629058904,1.3400507764528888,0.5187280054873341,0.6951218665211605
0.3606793303852239,1.3400507764528888,0.5071451954832027,0.6796003129816179
0.38647486550794,1.3400507764528888,0.4952209125148198,0.6636211683311924
0.4141152793808653,1.3400507764528888,0.48297002825570484,0.647204361367531
0.4437325164504621,1.3400507764528888,0.470409939954094,0.6303732052866405
0.47546795773833395,1.3400507764528888,0.45756055941044743,0.6131543829121883
0.5094730957385232,1.3400507764528888,0.44444426646265806,0.5955778843633196
0.5459102575829949,1.3400507764528888,0.43108582533094614,0.5776768949525688
0.5849533799274136,1.3400507764528888,0.41751226302126493,0.5594876322402488
0.6267888392562115,1.3400507764528888,0.40375270993048296,0.5410491324373017
0.6716163415705015,1.3400507764528888,0.3898382038065338,0.522402987701945
0.7196498757058468,1.3400507764528888,0.37580145925358743,0.5035930372648986
0.7711187348306588,1.3400507764528888,0.3616766059929181,0.4846650166856555
0.8262686110014498,1.3400507764528888,0.34749890004908973,0.46566617082730755
0.8853627679999155,1.3400507764528888,0.33330441288342777,0.44664483727961163
0.9486832980505137,1.3400507764528888,0.319129704200965,0.42765000790368385
1.0165324684176076,1.3400507764528888,0.30501148467787015,0.40873087686962833
1.089234164310304,1.3400507764528888,0.2909862751672618,0.3899363839750231
1.1671354349828413,1.3400507764528888,0.2770900690264396,0.37131476214626497
1.2506081504110058,1.3400507764528888,0.2633580040639931,0.352913097831037
1.3400507764528888,1.3400507764528888,0.24982405023919935,0.3347769124996446
1.4358902769679147,1.3400507764528888,0.23652071867847785,0.3169497727122895
1.5385841519740941,1.3400507764528888,0.22347879683447178,0.2994729352187913
1.6486226215728734,1.3400507764528888,0.21072711374065653,0.282385032387843
1.7665309660667667,1.3400507764528888,0.19829233835173263,0.26572180197289824
1.8928720334405786,1.3400507764528888,0.18619881295339885,0.24951586387280836
2.0282489261759444,1.3400507764528888,0.17446842261995302,0.2337965451983788
2.1733078802249692,1.3400507764528888,0.16312050073690465,0.2185897536678731
2.3287413498860743,1.3400507764528888,0.15217176972534996,0.2039178981746654
2.4952913133080123,1.3400507764528888,0.14163631533507584,0.1897998543386946
2.673752814401236,1.3400507764528888,0.13152559223577562,0.17625097199897716
2.8649777580643074,1.3400507764528888,0.12184845814330779,0.16328312094452693
3.0698789768422605,1.3400507764528888,0.11261123337500101,0.15090477072148759
3.289434588429555,1.3400507764528888,0.10381778253119925,0.1391211000905507
3.524692664818587,1.3400507764528888,0.09546961493937844,0.1279341316271724
3.776776235382502,1.3400507764528888,0.08756600055665927,0.11734288703682534
4.046888647774959,1.3400507764528888,0.08010409818687345,0.10734355897237821
4.336319312237784,1.3400507764528888,0.07307909310751051,0.09792969546119241
4.646449856737443,1.3400507764528888,0.06648434149691103,0.08909239344489464
4.978760722312678,1.3400507764528888,0.060311519380228905,0.08082049837452919
5.334838230116768,1.3400507764528888,0.05455077415264402,0.0731008072593568
5.716382153889739,1.3400507764528888,0.04919087707098716,0.06591827301337495
6.125213834008588,1.3400507764528888,0.04421937541425822,0.05925620835813852
6.563284871848655,1.3400507764528888,0.039622743286813505,0.05309648790668793
7.032686445959767,1.3400507764528888,0.03538653026628705,0.047419747359311606
7.535659294528738,1.3400507764528888,0.031495507276411636,0.04220557898053302
8.07460441178074,1.3400507764528888,0.027933809191254152,0.037432722696026974
8.652094509379817,1.3400507764528888,0.024685073753852656,0.033079252250647076
9.270886297540766,1.3400507764528888,0.021732576423668656,0.029122755910858927
9.933933644477731,1.3400507764528888,0.019059360760969465,0.025540511186432854
10.644401677007258,1.3400507764528888,0.0166483639213871,0.022309652999525045
11.405681889616837,1.3400507764528888,0.014482536780773833,0.0194073346580835
12.221408334123376,1.3400507764528888,0.012544958149864345,0.01681088090929471
13.095474967204968,1.3400507764528888,0.010818942480657534,0.014497932271604272
14.032054238615942,1.3400507764528888,0.009288140421454292,0.012446579783573287
15.035617008818157,1.3400507764528888,0.007936631553244408,0.010635489275345664
16.110953891107577,1.3400507764528888,0.006749008642837304,0.009044014272121387
17.263198120114698,1.3400507764528888,0.005710452781765819,0.007652296684102845
18.497850055844463,1.3400507764528888,0.004806798846200329,0.006441354526103601
19.82080344022787,1.3400507764528888,0.004024590811212144,0.0053931560414699955
21.23837353152414,1.3400507764528888,0.0033511265798796762,0.004490679775359674
22.757327250875505,1.3400507764528888,0.002774492139250265,0.003717960345464754
24.384915484922956,1.3400507764528888,0.002283585024896126,0.003060119885708243
26.12890769868241,1.3400507764528888,0.0018681272565688753,0.0025033853806779266
27.997629023909713,1.3400507764528888,0.001518668091553121,0.0020350923552599864
30.0,1.3400507764528888,0.0012265771219652623,0.0016436756246688995
0.03,1.4358902769679147,0.6722089144230063,0.9652182443111519
0.03214557915712819,1.4358902769679147,0.6705338552998816,0.9628130432029106
0.034444608644906484,1.4358902769679147,0.6687471978132625,0.9602475990896024
0.03690806312437145,1.4358902769679147,0.6668421094977461,0.9575121013005872
0.0395477021566922,1.4358902769679147,0.6648114250469694,0.954596261242127
0.04237612633868262,1.4358902769679147,0.6626476425110468,0.9514893069373227
0.045406837453086234,1.4358902769679147,0.6603429215459308,0.9481799805123886
0.04865430292076789,1.4358902769679147,0.6578890840789037,0.9446565391522247
0.052134024862481254,1.4358902769679147,0.6552776177892142,0.94090676009823
0.05586261409988602,1.4358902769679147,0.6524996828376601,0.9369179503112443
0.05985786944906639,1.4358902769679147,0.6495461223127599,0.9326769614711038
0.06413886268506694,1.4358902769679147,0.6464074768930449,0.9281702110300851
0.0687260295830332,1.4358902769679147,0.6430740042535867,0.9233837100785486
0.07364126747055089,1.4358902769679147,0.6395357037686336,0.9183030988152134
0.07890803975686143,1.4358902769679147,0.6357823470793303,0.9129136904390506
0.0845514879379336,1.4358902769679147,0.6318035151038783,0.9072005242918099
0.09059855161206047,1.4358902769679147,0.6275886420647718,0.9011484290763027
0.09707809707888847,1.4358902769679147,0.6231270670913917,0.8947420969520627
0.10402105513575949,1.4358902769679147,0.6184080939233778,0.8879661692628392
0.11146056872915173,1.4358902769679147,0.6134210591879725,0.8808053345753695
0.11943215116604915,1.4358902769679147,0.6081554096498667,0.8732444396016827
0.12797385564047778,1.4358902769679147,0.602600788732109,0.8652686134336317
0.13712645688446246,1.4358902769679147,0.5967471324786017,0.8568634053345083
0.1469336458105338,1.4358902769679147,0.5905847749703272,0.8480149361051768
0.15744223807493174,1.4358902769679147,0.5841045630170318,0.8387100627687487
0.1687023975571047,1.4358902769679147,0.5772979797228631,0.8289365559972796
0.1807678758223073,1.4358902769679147,0.5701572762687878,0.8186832893368615
0.1936962687103966,1.4358902769679147,0.5626756109683626,0.8079404388764527
0.2075492912756809,1.4358902769679147,0.5548471943401747,0.7966996915559839
0.22239307239027523,1.4358902769679147,0.5466674386056343,0.7849544598287848
0.23829847041728436,1.4358902769679147,0.5381331096726176,0.7727000998934201
0.2553414114607129,1.4358902769679147,0.5292424793139048,0.7599341302052286
0.27360325180677286,1.4358902769679147,0.5199954749069733,0.7466564464862362
0.29317116628674317,1.4358902769679147,0.5103938237832087,0.7328695289947846
0.3141385644152698,1.4358902769679147,0.5004411889565903,0.718578637417031
0.33660553629058904,1.4358902769679147,0.4901432927822867,0.7037919884271233
0.3606793303852239,1.4358902769679147,0.4795080249528265,0.6885209107578518
0.38647486550794,1.4358902769679147,0.46854553119160186,0.6727799725547879
0.4141152793808653,1.4358902769679147,0.4572682790668863,0.656587075877993
0.4437325164504621,1.4358902769679147,0.4456910975378377,0.6399635134857397
0.47546795773833395,1.4358902769679147,0.43383118716651053,0.6229339834978401
0.5094730957385232,1.4358902769679147,0.42170809839055806,0.605526558197631
0.5459102575829949,1.4358902769679147,0.4093436758473882,0.5877726040875705
0.5849533799274136,1.4358902769679147,0.3967619674619056,0.5697066513492104
0.6267888392562115,1.4358902769679147,0.38398909783879454,0.5513662120484064
0.6716163415705015,1.4358902769679147,0.37105310641105754,0.5327915477343785
0.7196498757058468,1.4358902769679147,0.3579837517569067,0.514025388460238
0.7711187348306588,1.4358902769679147,0.34481228446919815,0.49511260664841633
0.8262686110014498,1.4358902769679147,0.33157119190395085,0.4760998505775456
0.8853627679999155,1.4358902769679147,0.3182939190043425,0.4570351435163484
0.9486832980505137,1.4358902769679147,0.3050145701526067,0.43796745561567585
1.0165324684176076,1.4358902769679147,0.2917675976072903,0.4189462565385952
1.089234164310304,1.4358902769679147,0.27858748250688026,0.40002105741659844
1.1671354349828413,1.4358902769679147,0.26550841464134584,0.381240951036674
1.2506081504110058,1.4358902769679147,0.2525639771995912,0.3626541591732391
1.3400507764528888,1.4358902769679147,0.2397868424934855,0.34430759568123265
1.4358902769679147,1.4358902769679147,0.22720848424964643,0.3262464533786849
1.5385841519740941,1.4358902769679147,0.21485891147067848,0.30851382190065724
1.6486226215728734,1.4358902769679147,0.20276642812914136,0.2911503426461476
1.7665309660667667,1.4358902769679147,0.19095742210795308,0.27419390571966773
1.8928720334405786,1.4358902769679147,0.17945618588209541,0.25767939244984756
2.0282489261759444,1.4358902769679147,0.16828477049164195,0.24163846571072572
2.1733078802249692,1.4358902769679147,0.15746287342714965,0.2260994089374736
2.3287413498860743,1.4358902769679147,0.1470077601734621,0.21108701347190528
2.4952913133080123,1.4358902769679147,0.1369342183693426,0.19662251274074027
2.673752814401236,1.4358902769679147,0.12725454286328214,0.18272356079738358
2.8649777580643074,1.4358902769679147,0.11797854939757269,0.16940425197075346
3.0698789768422605,1.4358902769679147,0.10911361424236925,0.1566751777754458
3.289434588429555,1.4358902769679147,0.10066473683023291,0.1445435168480654
3.524692664818587,1.4358902769679147,0.0926346223037617,0.13301315347656656
3.776776235382502,1.4358902769679147,0.08502378087263808,0.12208482026607158
4.046888647774959,1.4358902769679147,0.0778306409654465,0.1117562606124653
4.336319312237784,1.4358902769679147,0.07105167333640797,0.10202240690604863
4.646449856737443,1.4358902769679147,0.064681523526503,0.09287557073117707
4.978760722312678,1.4358902769679147,0.05871315036056685,0.08430564173289316
5.334838230116768,1.4358902769679147,0.053137968465899986,0.07630029225801345
5.716382153889739,1.4358902769679147,0.047945993104479036,0.06884518531829213
6.125213834008588,1.4358902769679147,0.04312598590327781,0.061924183843171964
6.563284871848655,1.4358902769679147,0.038665600331889385,0.05551955956968734
7.032686445959767,1.4358902769679147,0.0345515260034135,0.04961220024270552
7.535659294528738,1.4358902769679147,0.03076963105692643,0.04418181406053064
8.07460441178074,1.4358902769679147,0.027305102014847666,0.03920713049473678
8.652094509379817,1.4358902769679147,0.024142580596677395,0.03466609673968331
9.270886297540766,1.4358902769679147,0.021266297015457767,0.03053606911160759
9.933933644477731,1.4358902769679147,0.018660199291085842,0.026793998728353734
10.644401677007258,1.4358902769679147,0.016308078093454144,0.023416610770424253
11.405681889616837,1.4358902769679147,0.014193686587838648,0.020380576565807412
12.221408334123376,1.4358902769679147,0.012300854705184817,0.017662677669569905
13.095474967204968,1.4358902769679147,0.010613597211081212,0.015239961039045288
14.032054238615942,1.4358902769679147,0.00911621490868659,0.013089884350133023
15.035617008818157,1.4358902769679147,0.007793388290810168,0.011190450471409916
16.110953891107577,1.4358902769679147,0.006630262961107644,0.009520330119594961
17.263198120114698,1.4358902769679147,0.005612526178222263,0.008058971768537237
18.497850055844463,1.4358902769679147,0.0047264739416838985,0.006786697977206125
19.82080344022787,1.4358902769679147,0.003959068134223054,0.005684787439784387
21.23837353152414,1.4358902769679147,0.0032979833594564143,0.004735542239445445
22.757327250875505,1.4358902769679147,0.002731643262385363,0.0039223400006040575
24.384915484922956,1.4358902769679147,0.0022492462870310577,0.003229670874054079
26.12890769868241,1.4358902769679147,0.0018407810039492748,0.0026431595455980003
27.997629023909713,1.4358902769679147,0.0014970313228430065,0.0021495727207866883
30.0,1.4358902769679147,0.0012095720843862954,0.0017368127952620957
0.03,1.5385841519740941,0.6281916477893966,0.9665257136912577
0.03214557915712819,1.5385841519740941,0.6266850438847783,0.9642076768003096
0.034444608644906484,1.5385841519740941,0.6250777631242572,0.961734740094399
0.03690806312437145,1.5385841519740941,0.6233635986977379,0.9590973538738786
0.0395477021566922,1.5385841519740941,0.62153603513856,0.9562854935450021
0.04237612633868262,1.5385841519740941,0.6195882437238175,0.953288652542928
0.045406837453086234,1.5385841519740941,0.617513079600615,0.9500958379102235
0.04865430292076789,1.5385841519740941,0.6153030809594799,0.9466955690250888
0.052134024862481254,1.5385841519740941,0.6129504706084983,0.9430758800232981
0.05586261409988602,1.5385841519740941,0.6104471603344698,0.9392243265082041
0.05985786944906639,1.5385841519740941,0.6077847584697856,0.9351279971930148
0.06413886268506694,1.5385841519740941,0.6049545811149442,0.9307735311675797
0.0687260295830332,1.5385841519740941,0.6019476674955488,0.926147141526423
0.07364126747055089,1.5385841519740941,0.5987547999579819,0.9212346461337699
0.07890803975686143,1.5385841519740941,0.5953665291281637,0.9160215063324155
0.0845514879379336,1.5385841519740941,0.5917732047711086,0.9104928744237482
0.09059855161206047,1.5385841519740941,0.5879650128933178,0.9046336507529027
0.09707809707888847,1.5385841519740941,0.5839320196231287,0.8984285512223715
0.10402105513575949,1.5385841519740941,0.5796642223834572,0.8918621860255741
0.11146056872915173,1.5385841519740941,0.5751516088342471,0.8849191503347761
0.11943215116604915,1.5385841519740941,0.5703842240055854,0.8775841275910354
0.12797385564047778,1.5385841519740941,0.5653522459640553,0.8698420059232556
0.13712645688446246,1.5385841519740941,0.5600460702517813,0.8616780080647609
0.1469336458105338,1.5385841519740941,0.5544564032073407,0.8530778349353727
0.15744223807493174,1.5385841519740941,0.5485743641183017,0.8440278228116852
0.1687023975571047,1.5385841519740941,0.5423915959652958,0.8345151137161402
0.1807678758223073,1.5385841519740941,0.5359003842968698,0.8245278383159906
0.1936962687103966,1.5385841519740941,0.5290937835237222,0.814055310237611
0.2075492912756809,1.5385841519740941,0.5219657496425858,0.8030882302733602
0.22239307239027523,1.5385841519740941,0.5145112780980319,0.7916188984935676
0.23829847041728436,1.5385841519740941,0.5067265451708141,0.7796414317843995
0.2553414114607129,1.5385841519740941,0.49860905095220837,0.7671519838259114
0.27360325180677286,1.5385841519740941,0.49015776163547686,0.7541489640194403
0.29317116628674317,1.5385841519740941,0.48137324854062735,0.740633251388896
0.3141385644152698,1.5385841519740941,0.47225782100155284,0.7266083990388077
0.33660553629058904,1.5385841519740941,0.46281565000149805,0.712080824377894
0.3606793303852239,1.5385841519740941,0.453052879260693,0.697059980036735
0.38647486550794,1.5385841519740941,0.4429777203761957,0.6815585002484265
0.4141152793808653,1.5385841519740941,0.4326005286050193,0.6655923174472985
0.4437325164504621,1.5385841519740941,0.42193385598205563,0.6491807439953107
0.47546795773833395,1.5385841519740941,0.41099247868561256,0.6323465142862342
0.5094730957385232,1.5385841519740941,0.3997933959125918,0.6151157830150182
0.5459102575829949,1.5385841519740941,0.3883557980039657,0.5975180761361542
0.5849533799274136,1.5385841519740941,0.3767010021642713,0.5795861919627068
0.6267888392562115,1.5385841519740941,0.36485235483423656,0.5613560509583851
0.6716163415705015,1.5385841519740941,0.35283510058399786,0.5428664940187246
0.7196498757058468,1.5385841519740941,0.34067621826932715,0.5241590303836542
0.7711187348306588,1.5385841519740941,0.3284042261024567,0.505277537722557
0.8262686110014498,1.5385841519740941,0.3160489581955214,0.4862679183275523
0.8853627679999155,1.5385841519740941,0.30364131599871247,0.46717771668017694
0.9486832980505137,1.5385841519740941,0.29121299883708923,0.44805570485959584
1.0165324684176076,1.5385841519740941,0.2787962184119965,0.428951443279006
1.089234164310304,1.5385841519740941,0.2664234026423449,0.40991482502052484
1.1671354349828413,1.5385841519740941,0.25412689455192544,0.39099561254798426
1.2506081504110058,1.5385841519740941,0.2419386520446701,0.37224297578590415
1.3400507764528888,1.5385841519740941,0.22988995434384146,0.35370504045148254
1.4358902769679147,1.5385841519740941,0.21801112060771677,0.33542845512114583
1.5385841519740941,1.5385841519740941,0.2063312457880977,0.3174579848266387
1.6486226215728734,1.5385841519740941,0.1948779581929435,0.29983613804473297
1.7665309660667667,1.5385841519740941,0.1836772024822996,0.2826028328182029
1.8928720334405786,1.5385841519740941,0.17275305100458857,0.2657951064808324
2.0282489261759444,1.5385841519740941,0.16212754550829173,0.24944687211751637
2.1733078802249692,1.5385841519740941,0.1518205703823922,0.23358872353401616
2.3287413498860743,1.5385841519740941,0.1418497577258533,0.2182477891983627
2.4952913133080123,1.5385841519740941,0.13223042375574343,0.2034476343994056
2.673752814401236,1.5385841519740941,0.12297553536328294,0.18920820979047692
2.8649777580643074,1.5385841519740941,0.11409570503790835,0.1755458435796366
3.0698789768422605,1.5385841519740941,0.10559921191459165,0.16247327391274466
3.289434588429555,1.5385841519740941,0.09749204636467956,0.1499997174802196
3.524692664818587,1.5385841519740941,0.08977797534383739,0.1381309700603492
3.776776235382502,1.5385841519740941,0.08245862562444309,0.12686953457933306
4.046888647774959,1.5385841519740941,0.07553358206102069,0.11621477230092116
4.336319312237784,1.5385841519740941,0.06900049814923151,0.10616307293072541
4.646449856737443,1.5385841519740941,0.06285521632235694,0.09670803970248179
4.978760722312678,1.5385841519740941,0.05709189566373291,0.08784068587437796
5.334838230116768,1.5385841519740941,0.051703144979011184,0.07954963947192556
5.716382153889739,1.5385841519740941,0.04668015944931909,0.0718213535403461
6.125213834008588,1.5385841519740941,0.04201285935833884,0.06464031958785664
6.563284871848655,1.5385841519740941,0.03769002963869975,0.057989282289537335
7.032686445959767,1.5385841519740941,0.03369945920471973,0.05184945386247928
7.535659294528738,1.5385841519740941,0.030028079221758527,0.04620072680482026
8.07460441178074,1.5385841519740941,0.026662099603051093,0.0410218839076092
8.652094509379817,1.5385841519740941,0.023587143122094804,0.036290804597999826
9.270886297540766,1.5385841519740941,0.020788376584781658,0.0319846667586144
9.933933644477731,1.5385841519740941,0.01825063852552061,0.028080143198773857
10.644401677007258,1.5385841519740941,0.015958562882757148,0.024553591939692164
11.405681889616837,1.5385841519740941,0.013896698080258266,0.021381239431054185
12.221408334123376,1.5385841519740941,0.01204962090084315,0.018539355755333078
13.095474967204968,1.5385841519740941,0.01040204449859016,0.01600442081366013
14.032054238615942,1.5385841519740941,0.008938919863131799,0.013753280437181025
15.035617008818157,1.5385841519740941,0.007645530033531893,0.011763291343034134
16.110953891107577,1.5385841519740941,0.006507576365908312,0.010012453864347697
17.263198120114698,1.5385841519740941,0.005511256192940877,0.008479531435927914
18.497850055844463,1.5385841519740941,0.004643331277045182,0.007144155915227348
19.82080344022787,1.5385841519740941,0.0038911865524456054,0.005986917961967521
21.23837353152414,1.5385841519740941,0.0032428787726678015,0.00498944188639988
22.757327250875505,1.5385841519740941,0.0026871748252373976,0.004134444599694016
24.384915484922956,1.5385841519740941,0.002213579639206896,0.0034057785520162634
26.12890769868241,1.5385841519740941,0.0018123537869926287,0.0027884588144370917
27.997629023909713,1.5385841519740941,0.0014745210626467401,0.0022686747387402747
30.0,1.5385841519740941,0.001191866496641035,0.0018337869030007811
0.03,1.6486226215728734,0.5870046315658555,0.9677491145675193
0.03214557915712819,1.6486226215728734,0.5856482021104736,0.9655128742828092
0.034444608644906484,1.6486226215728734,0.5842008775192694,0.9631267822209911
0.03690806312437145,1.6486226215728734,0.5826570178341989,0.9605815402196494
0.0395477021566922,1.6486226215728734,0.5810106973315388,0.9578673789966047
0.04237612633868262,1.6486226215728734,0.5792556993703051,0.9549740496569005
0.045406837453086234,1.6486226215728734,0.5773855126896943,0.9518908175886813
0.04865430292076789,1.6486226215728734,0.5753933294385708,0.9486064592145607
0.052134024862481254,1.6486226215728734,0.5732720452498834,0.9451092621143056
0.05586261409988602,1.6486226215728734,0.5710142617034443,0.9413870290850311
0.05985786944906639,1.6486226215728734,0.5686122915511721,0.9374270867556523
0.06413886268506694,1.6486226215728734,0.5660581671089787,0.9332162994219401
0.0687260295830332,1.6486226215728734,0.5633436522480663,0.9287410888156442
0.07364126747055089,1.6486226215728734,0.5604602584444146,0.923987460564041
0.07890803975686143,1.6486226215728734,0.5573992653673487,0.9189410381327123
0.0845514879379336,1.6486226215728734,0.5541517465047844,0.913587105071904
0.09059855161206047,1.6486226215728734,0.5507086003322282,0.907910656402446
0.09707809707888847,1.6486226215728734,0.5470605875329185,0.9018964599777166
0.10402105513575949,1.6486226215728734,0.5431983747653294,0.8955291286397415
0.11146056872915173,1.6486226215728734,0.5391125854492798,0.8887932039463212
0.11943215116604915,1.6486226215728734,0.5347938580004635,0.8816732521777951
0.12797385564047778,1.6486226215728734,0.5302329118827575,0.8741539732323699
0.13712645688446246,1.6486226215728734,0.5254206217655363,0.8662203228835477
0.1469336458105338,1.6486226215728734,0.5203480999669894,0.8578576486980416
0.15744223807493174,1.6486226215728734,0.5150067872319425,0.8490518396941481
0.1687023975571047,1.6486226215728734,0.509388551732302,0.839789489556117
0.1807678758223073,1.6486226215728734,0.503485795989044,0.8300580729081626
0.1936962687103966,1.6486226215728734,0.49729157119671297,0.8198461337924181
0.2075492912756809,1.6486226215728734,0.49079969818593355,0.8091434850904689
0.22239307239027523,1.6486226215728734,0.48400489398922614,0.7979414171826187
0.23829847041728436,1.6486226215728734,0.4769029026849207,0.7862329136601268
0.2553414114607129,1.6486226215728734,0.46949062888953313,0.7740128714037592
0.27360325180677286,1.6486226215728734,0.461766271959074,0.761278321831101
0.29317116628674317,1.6486226215728734,0.4537294586548551,0.7480286496124079
0.3141385644152698,1.6486226215728734,0.4453813717419739,0.7342658046809755
0.33660553629058904,1.6486226215728734,0.4367248717329814,0.7199945029425047
0.3606793303852239,1.6486226215728734,0.4277646087808084,0.705222410744311
0.38647486550794,1.6486226215728734,0.4185071215800234,0.6899603079261755
0.4141152793808653,1.6486226215728734,0.40896092006998636,0.6742222241666352
0.4437325164504621,1.6486226215728734,0.39913654876237686,0.6580255433861788
0.47546795773833395,1.6486226215728734,0.3890466276516239,0.6413910711931057
0.5094730957385232,1.6486226215728734,0.37870586791925104,0.624343060774066
0.5459102575829949,1.6486226215728734,0.3681310600168427,0.606909193247368
0.5849533799274136,1.6486226215728734,0.3573410322064149,0.5891205093116963
0.6267888392562115,1.6486226215728734,0.34635657824429367,0.5710112900241175
0.6716163415705015,1.6486226215728734,0.33520035360120437,0.5526188857061717
0.7196498757058468,1.6486226215728734,0.3238967403964536,0.5339834932713098
0.7711187348306588,1.6486226215728734,0.3124716820608387,0.5151478836464253
0.8262686110014498,1.6486226215728734,0.30095248959907783,0.49615708237171463
0.8853627679999155,1.6486226215728734,0.28936762216226486,0.4770580078474618
0.9486832980505137,1.6486226215728734,0.2777464454266239,0.4578990729917877
1.0165324684176076,1.6486226215728734,0.2661189719698131,0.4387297572191513
1.089234164310304,1.6486226215728734,0.2545155884063649,0.41960015658966376
1.1671354349828413,1.6486226215728734,0.24296677446108852,0.40056052066714487
1.2506081504110058,1.6486226215728734,0.23150281940232642,0.38166078502457484
1.3400507764528888,1.6486226215728734,0.22015354131371262,0.36295010842916475
1.4358902769679147,1.6486226215728734,0.20894801455124587,0.34447642352192187
1.5385841519740941,1.6486226215728734,0.19791431041984892,0.3262860092911588
1.6486226215728734,1.6486226215728734,0.1870792556273821,0.3084230928543164
1.7665309660667667,1.6486226215728734,0.17646821245983407,0.2909294870498104
1.8928720334405786,1.6486226215728734,0.1661048839010469,0.27384426915300175
2.0282489261759444,1.6486226215728734,0.15601114612997324,0.2572035047273851
2.1733078802249692,1.6486226215728734,0.14620691000600464,0.24104001926616855
2.3287413498860743,1.6486226215728734,0.13671001233559843,0.22538321893197413
2.4952913133080123,1.6486226215728734,0.12753613693565433,0.21025896042013542
2.673752814401236,1.6486226215728734,0.11869876480051532,0.19568946880288748
2.8649777580643074,1.6486226215728734,0.1102091520636722,0.1816933011965347
3.0698789768422605,1.6486226215728734,0.10207633393887293,0.16828535325885274
3.289434588429555,1.6486226215728734,0.09430715243777567,0.15547690488503832
3.524692664818587,1.6486226215728734,0.08690630539488739,0.143275701031332
3.776776235382502,1.6486226215728734,0.07987641418121294,0.1316860633492719
4.046888647774959,1.6486226215728734,0.0732181074462485,0.12070902824463853
4.336319312237784,1.6486226215728734,0.06693011827977853,0.11034250706059097
4.646449856737443,1.6486226215728734,0.061009392313463806,0.10058146429639062
4.978760722312678,1.6486226215728734,0.05545120446872322,0.0914181100805999
5.334838230116768,1.6486226215728734,0.050249282282726446,0.08284210348910381
5.716382153889739,1.6486226215728734,0.04539593398978763,0.07484076370299281
6.125213834008588,1.6486226215728734,0.04088217978401658,0.06739928641113895
6.563284871848655,1.6486226215728734,0.03669788492596384,0.060500963252822136
7.032686445959767,1.6486226215728734,0.032831893569265365,0.05412740244736383
7.535659294528738,1.6486226215728734,0.0292721623642582,0.04825874905607015
8.07460441178074,1.6486226215728734,0.026005893038851195,0.0428739035580546
8.652094509379817,1.6486226215728734,0.023019663260604967,0.037950737592423324
9.270886297540766,1.6486226215728734,0.0202995551491099,0.033466305826688685
9.933933644477731,1.6486226215728734,0.017831280838242414,0.02939705296154535
10.644401677007258,1.6486226215728734,0.0156003044898794,0.025719014885440043
11.405681889616837,1.6486226215728734,0.013591960141987729,0.022408012961597813
12.221408334123376,1.6486226215728734,0.011791564743549646,0.019439840379957087
13.095474967204968,1.6486226215728734,0.010184525695735252,0.016790439451979344
14.032054238615942,1.6486226215728734,0.008756442191992548,0.014436068682214073
15.035617008818157,1.6486226215728734,0.00749319963726135,0.012353458429950712
16.110953891107577,1.6486226215728734,0.006381056434880008,0.010519953988076333
17.263198120114698,1.6486226215728734,0.005406722463670032,0.008913644962172633
18.497850055844463,1.6486226215728734,0.004557428629823369,0.007513479935330672
19.82080344022787,1.6486226215728734,0.0038209869691095935,0.006299365554009246
21.23837353152414,1.6486226215728734,0.003185840893003567,0.005252249364937605
22.757327250875505,1.6486226215728734,0.002641105314166311,0.004354185966890911
24.384915484922956,1.6486226215728734,0.002176596547262861,0.003588386305854963
26.12890769868241,1.6486226215728734,0.001782852054151701,0.00293925022739216
27.997629023909713,1.6486226215728734,0.001451140281043122,0.0023923826944033085
30.0,1.6486226215728734,0.0011734610119976214,0.0019345943699130758
0.03,1.7665309660667667,0.5484725003565629,0.9688936559159341
0.03214557915712819,1.7665309660667667,0.5472500429940937,0.966734147130436
0.034444608644906484,1.7665309660667667,0.545945454820915,0.9644295517245514
0.03690806312437145,1.7665309660667667,0.5445536092054728,0.9619708133448883
0.0395477021566922,1.7665309660667667,0.5430691152974852,0.9593484088874908
0.04237612633868262,1.7665309660667667,0.5414863125203084,0.9565523387684316
0.045406837453086234,1.7665309660667667,0.5397992662775418,0.9535721193393977
0.04865430292076789,1.7665309660667667,0.5380017651230703,0.9503967778884831
0.052134024862481254,1.7665309660667667,0.5360873196711649,0.9470148507148465
0.05586261409988602,1.7665309660667667,0.5340491635515866,0.9434143848159331
0.05985786944906639,1.7665309660667667,0.5318802567434064,0.9395829437767697
0.06413886268506694,1.7665309660667667,0.5295732916498879,0.9355076185014339
0.0687260295830332,1.7665309660667667,0.5271207023045408,0.931175043475833
0.07364126747055089,1.7665309660667667,0.5245146771244367,0.9265714192968293
0.07890803975686143,1.7665309660667667,0.5217471756499621,0.9216825422435345
0.0845514879379336,1.7665309660667667,0.5188099497290883,0.9164938416999772
0.09059855161206047,1.7665309660667667,0.5156945696173929,0.9109904262615985
0.09707809707888847,1.7665309660667667,0.512392455470759,0.9051571393680825
0.10402105513575949,1.7665309660667667,0.5088949147039111,0.8989786252983649
0.11146056872915173,1.7665309660667667,0.5051931856725698,0.8924394063365121
0.11943215116604915,1.7665309660667667,0.5012784881076767,0.8855239718653425
0.12797385564047778,1.7665309660667667,0.49714208068443927,0.878216880063925
0.13712645688446246,1.7665309660667667,0.4927753260443583,0.8705028727710062
0.1469336458105338,1.7665309660667667,0.4881697635025757,0.86236700392479
0.15744223807493174,1.7665309660667667,0.4833171895635576,0.853794781796386
0.1687023975571047,1.7665309660667667,0.47820974623350876,0.8447723249964236
0.1807678758223073,1.7665309660667667,0.47284001695666755,0.8352865319494883
0.1936962687103966,1.7665309660667667,0.4672011298142602,0.82532526319827
0.2075492912756809,1.7665309660667667,0.46128686740983693,0.8148775355194118
0.22239307239027523,1.7665309660667667,0.45509178262470545,0.8039337264090679
0.23829847041728436,1.7665309660667667,0.4486113191654055,0.7924857870337504
0.2553414114607129,1.7665309660667667,0.4418419355464933,0.7805274612497569
0.27360325180677286,1.7665309660667667,0.43478123086310366,0.7680545077842965
0.29317116628674317,1.7665309660667667,0.42742807041746894,0.7550649221586254
0.3141385644152698,1.7665309660667667,0.41978270898244063,0.7415591544368753
0.33660553629058904,1.7665309660667667,0.41184690922547323,0.7275403184256872
0.3606793303852239,1.7665309660667667,0.40362405259236167,0.7130143875537681
0.38647486550794,1.7665309660667667,0.39511923977618474,0.6979903723533901
0.4141152793808653,1.7665309660667667,0.38633937778861765,0.6824804742745604
0.4437325164504621,1.7665309660667667,0.3772932506228213,0.6665002105132033
0.47546795773833395,1.7665309660667667,0.3679915705627776,0.6500685046506903
0.5094730957385232,1.7665309660667667,0.3584470073640377,0.633207738202535
0.5459102575829949,1.7665309660667667,0.34867419281250867,0.615943758671631
0.5849533799274136,1.7665309660667667,0.3386896985636425,0.5983058404004935
0.6267888392562115,1.7665309660667667,0.32851198567114553,0.5803265954121606
0.6716163415705015,1.7665309660667667,0.31816132482288084,0.5620418325044461
0.7196498757058468,1.7665309660667667,0.3076596869963693,0.5434903640894954
0.7711187348306588,1.7665309660667667,0.29703060500533757,0.5247137616114751
0.8262686110014498,1.7665309660667667,0.2862990072047523,0.5057560617813673
0.8853627679999155,1.7665309660667667,0.2754910254229518,0.4866634272831312
0.9486832980505137,1.7665309660667667,0.2646337799613962,0.4674837669691054
1.0165324684176076,1.7665309660667667,0.2537551452100222,0.44826632181227316
1.089234164310304,1.7665309660667667,0.24288350003551848,0.42906122395942203
1.1671354349828413,1.7665309660667667,0.23204746758107658,0.40991903707934596
1.2506081504110058,1.7665309660667667,0.22127564944521433,0.3908902867815057
1.3400507764528888,1.7665309660667667,0.21059635936756227,0.37202499016372376
1.4358902769679147,1.7665309660667667,0.20003736153331447,0.3533721935188931
1.5385841519740941,1.7665309660667667,0.18962561841704156,0.3349795268932645
1.6486226215728734,1.7665309660667667,0.1793870527316931,0.3168927835619878
1.7665309660667667,1.7665309660667667,0.16934632754933912,0.29915553160559316
1.8928720334405786,1.7665309660667667,0.1595266480430663,0.28180876368091096
2.0282489261759444,1.7665309660667667,0.14994958759621724,0.2648905898376589
2.1733078802249692,1.7665309660667667,0.1406349402706249,0.24843597689900904
2.3287413498860743,1.7665309660667667,0.13160060085515046,0.2324765365636159
2.4952913133080123,1.7665309660667667,0.12286247296370428,0.21704036305792454
2.673752814401236,1.7665309660667667,0.11443440494856254,0.20215191992505976
2.8649777580643074,1.7665309660667667,0.1063281527657327,0.18783197442534452
3.0698789768422605,1.7665309660667667,0.09855336839377789,0.17409757707779439
3.289434588429555,1.7665309660667667,0.09111761197859505,0.16096208311424431
3.524692664818587,1.7665309660667667,0.08402638556007536,0.14843521205853855
3.776776235382502,1.7665309660667667,0.07728318603183587,0.13652314128153667
4.046888647774959,1.7665309660667667,0.07088957488609286,0.12522862920759203
4.336319312237784,1.7665309660667667,0.06484526229129349,0.11455116384029157
4.646449856737443,1.7665309660667667,0.05914820312587226,0.10448713240906048
4.978760722312678,1.7665309660667667,0.053794702730623686,0.0950300081840032
5.334838230116768,1.7665309660667667,0.048779530326795724,0.0861705508324776
5.716382153889739,1.7665309660667667,0.04409603825921828,0.07789701706577398
6.125213834008588,1.7665309660667667,0.039736285446759716,0.07019537871816925
6.563284871848655,1.7665309660667667,0.035691163641172856,0.06304954578708814
7.032686445959767,1.7665309660667667,0.03195052529747343,0.05644159232008641
7.535659294528738,1.7665309660667667,0.028503312034874582,0.05035198334506949
8.07460441178074,1.7665309660667667,0.025337682810623385,0.04475980129334384
8.652094509379817,1.7665309660667667,0.022441141036752887,0.03964297055529564
9.270886297540766,1.7665309660667667,0.019800659941745,0.03497847893565033
9.933933644477731,1.7665309660667667,0.0174028055181838,0.030742594844309284
10.644401677007258,1.7665309660667667,0.015233856408805195,0.026911079078769048
11.405681889616837,1.7665309660667667,0.013279920073865288,0.023459390037374694
12.221408334123376,1.7665309660667667,0.011527044560610704,0.020362881163550294
13.095474967204968,1.7665309660667667,0.009961325169507948,0.017596989374996073
14.032054238615942,1.7665309660667667,0.008569005290337753,0.015137413193771586
15.035617008818157,1.7665309660667667,0.007336570672099412,0.012960279277000882
16.110953891107577,1.7665309660667667,0.006250836400467456,0.011042296065243085
17.263198120114698,1.7665309660667667,0.005299025890190332,0.009360893325010736
18.497850055844463,1.7665309660667667,0.004468841260267858,0.007894346468700006
19.82080344022787,1.7665309660667667,0.003748524547879265,0.006621884690890148
21.23837353152414,1.7665309660667667,0.003126909331695726,0.005523782162523639
22.757327250875505,1.7665309660667667,0.0025934624733659653,0.004581431768533085
24.384915484922956,1.7665309660667667,0.0021383158429640185,0.0037774011518271
26.12890769868241,1.7665309660667667,0.0017522880641484809,0.0030954711267874805
27.997629023909713,1.7665309660667667,0.0014268964909804763,0.00252065683668902
30.0,1.7665309660667667,0.00115435980366974,0.0020392123391653485
0.03,1.8928720334405786,0.5124299117209854,0.9699642489950779
0.03214557915712819,1.8928720334405786,0.5113270620448926,0.9678766956861129
0.034444608644906484,1.8928720334405786,0.51014993792121,0.9656485503525057
0.03690806312437145,1.8928720334405786,0.5088938774146865,0.9632709885473982
0.0395477021566922,1.8928720334405786,0.5075539745600345,0.9607347239063002
0.04237612633868262,1.8928720334405786,0.5061250736532996,0.9580299973413838
0.045406837453086234,1.8928720334405786,0.5046017645587555,0.9551465681580356
0.04865430292076789,1.8928720334405786,0.5029783792506477,0.9520737075088201
0.052134024862481254,1.8928720334405786,0.501248989834199,0.9488001946474961
0.05586261409988602,1.8928720334405786,0.49940740831640484,0.9453143164951626
0.05985786944906639,1.8928720334405786,0.497447188423945,0.9416038710813314
0.06413886268506694,1.8928720334405786,0.49536162979253695,0.9376561754738385
0.0687260295830332,1.8928720334405786,0.493143784878667,0.9334580788618657
0.07364126747055089,1.8928720334405786,0.4907864689700797,0.9289959815045162
0.07890803975686143,1.8928720334405786,0.4882822736947785,0.9242558603016245
0.0845514879379336,1.8928720334405786,0.4856235844484549,0.9192233017816493
0.09059855161206047,1.8928720334405786,0.4828026021759208,0.913883543331138
0.09707809707888847,1.8928720334405786,0.47981136995173745,0.908221523508455
0.10402105513575949,1.8928720334405786,0.47664180480708107,0.9022219422879669
0.11146056872915173,1.8928720334405786,0.4732857352420562,0.8958693320660502
0.11943215116604915,1.8928720334405786,0.469734944843021,0.8891481402231072
0.12797385564047778,1.8928720334405786,0.46598122239083,0.8820428239720568
0.13712645688446246,1.8928720334405786,0.4620164187958868,0.8745379581291042
0.1469336458105338,1.8928720334405786,0.45783251112723017,0.8666183563126064
0.15744223807493174,1.8928720334405786,0.453421673913375,0.8582692059064412
0.1687023975571047,1.8928720334405786,0.44877635778031055,0.8494762169116731
0.1807678758223073,1.8928720334405786,0.4438893753554248,0.8402257845516912
0.1936962687103966,1.8928720334405786,0.43875399420419964,0.8305051651894793
0.2075492912756809,1.8928720334405786,0.4333640363791955,0.8203026647611048
0.22239307239027523,1.8928720334405786,0.4277139839489993,0.8096078385285133
0.23829847041728436,1.8928720334405786,0.4217990896406193,0.798411700511424
0.2553414114607129,1.8928720334405786,0.4156154914758837,0.7867069404793615
0.27360325180677286,1.8928720334405786,0.4091603300160501,0.774488145880699
0.29317116628674317,1.8928720334405786,0.4024318665561148,0.7617520255693606
0.3141385644152698,1.8928720334405786,0.39542960034014557,0.7484976316784467
0.33660553629058904,1.8928720334405786,0.3881543826120149,0.734726575503677
0.3606793303852239,1.8928720334405786,0.38060852508444987,0.7204432328214221
0.38647486550794,1.8928720334405786,0.3727959002168046,0.705654933701694
0.4141152793808653,1.8928720334405786,0.3647220305526122,0.6903721316127
0.4437325164504621,1.8928720334405786,0.35639416429597526,0.6746085464772784
0.47546795773833395,1.8928720334405786,0.34782133431462936,0.6583812763581478
0.5094730957385232,1.8928720334405786,0.3390143978586714,0.6417108726403766
0.5459102575829949,1.8928720334405786,0.32998605448631646,0.6246213739625475
0.5849533799274136,1.8928720334405786,0.32075083999664616,0.6071402947322253
0.6267888392562115,1.8928720334405786,0.3113250945843922,0.5892985648470389
0.6716163415705015,1.8928720334405786,0.3017269039481584,0.5711304182200807
0.7196498757058468,1.8928720334405786,0.2919760126899823,0.552673228856359
0.7711187348306588,1.8928720334405786,0.28209371002363615,0.5339672945132371
0.8262686110014498,1.8928720334405786,0.2721026885388357,0.5150555693591544
0.8853627679999155,1.8928720334405786,0.26202687752100107,0.4959833484692628
0.9486832980505137,1.8928720334405786,0.2518912530703937,0.47679790840525144
1.0165324684176076,1.8928720334405786,0.24172162796750404,0.4575481094574164
1.089234164310304,1.8928720334405786,0.23154442486083715,0.4382839663181621
1.1671354349828413,1.8928720334405786,0.22138643687837375,0.41905619495013163
1.2506081504110058,1.8928720334405786,0.21127458015896816,0.39991574415981057
1.3400507764528888,1.8928720334405786,0.20123564304496977,0.3809133208512544
1.4358902769679147,1.8928720334405786,0.19129603676026818,0.36209891809153255
1.5385841519740941,1.8928720334405786,0.1814815523151814,0.3435213549627902
1.6486226215728734,1.8928720334405786,0.1718171281363829,0.32522783671543554
1.7665309660667667,1.8928720334405786,0.16232663253013596,0.30726354299888003
1.8928720334405786,1.8928720334405786,0.1530326645716834,0.2896712509706324
2.0282489261759444,1.8928720334405786,0.14395637639988776,0.2724909989227928
2.1733078802249692,1.8928720334405786,0.13511731921533573,0.25575979477617233
2.3287413498860743,1.8928720334405786,0.12653331456521752,0.2395113724390397
2.4952913133080123,1.8928720334405786,0.1182203517822646,0.22377599767215572
2.673752814401236,1.8928720334405786,0.11019251175851949,0.20858032380227368
2.8649777580643074,1.8928720334405786,0.10246191660445253,0.19394729643328906
3.0698789768422605,1.8928720334405786,0.09503870419142739,0.17989610525838481
3.289434588429555,1.8928720334405786,0.08793102611620361,0.16644218020709495
3.524692664818587,1.8928720334405786,0.08114506726910245,0.1535972284853385
3.776776235382502,1.8928720334405786,0.07468508493541465,0.14136930858938065
4.046888647774959,1.8928720334405786,0.06855346520958544,0.12976293709066597
4.336319312237784,1.8928720334405786,0.06275079444565909,0.11877922388236647
4.646449856737443,1.8928720334405786,0.057275943493472814,0.10841603162771757
4.978760722312678,1.8928720334405786,0.052126162563382386,0.09866815532680379
5.334838230116768,1.8928720334405786,0.04729718470650861,0.08952751819142359
5.716382153889739,1.8928720334405786,0.04278333607571459,0.08098338035500954
6.125213834008588,1.8928720334405786,0.03857765132841713,0.07302255731538258
6.563284871848655,1.8928720334405786,0.03467199273096423,0.06562964538409723
7.032686445959767,1.8928720334405786,0.031057171712863887,0.058787251773041886
7.535659294528738,1.8928720334405786,0.02772307178747588,0.05247622726757861
8.07460441178074,1.8928720334405786,0.024658771896670324,0.04667589970219775
8.652094509379817,1.8928720334405786,0.021852669346323312,0.0413643066616796
9.270886297540766,1.8928720334405786,0.019292601576274708,0.03651842597604202
9.933933644477731,1.8928720334405786,0.016965966054249167,0.03211440266439045
10.644401677007258,1.8928720334405786,0.014859837602385295,0.028127771019023827
11.405681889616837,1.8928720334405786,0.012961082463494157,0.02453367051826521
12.221408334123376,1.8928720334405786,0.011256468399393408,0.021307054228519414
13.095474967204968,1.8928720334405786,0.009732770093739313,0.018422888318345987
14.032054238615942,1.8928720334405786,0.008376869114885253,0.015856341275358427
15.035617008818157,1.8928720334405786,0.0071758476880472355,0.013582961404933844
16.110953891107577,1.8928720334405786,0.006117075536996066,0.011578841210423362
17.263198120114698,1.8928720334405786,0.005188289088637294,0.009820767317286441
18.497850055844463,1.8928720334405786,0.004377662392380122,0.008286354714380911
19.82080344022787,1.8928720334405786,0.0036738691913564174,0.006954164246837516
21.23837353152414,1.8928720334405786,0.0030661356935548995,0.005803802505064001
22.757327250875505,1.8928720334405786,0.0025442837251493985,0.004816003508473312
24.384915484922956,1.8928720334405786,0.002098764101460454,0.003972691872443539
26.12890769868241,1.8928720334405786,0.0017206802175507474,0.0032570274622962603
27.997629023909713,1.8928720334405786,0.001401802033971802,0.002653431866525344
30.0,1.8928720334405786,0.0011345708067404532,0.0021475973500371193
0.03,2.0282489261759444,0.47872108230585403,0.9709655211246343
0.03214557915712819,2.0282489261759444,0.4777251009615154,0.9689454230324882
0.034444608644906484,2.0282489261759444,0.47666189132080083,0.966788969220409
0.03690806312437145,2.0282489261759444,0.4755272120331679,0.9644875571737135
0.0395477021566922,2.0282489261759444,0.47431659656140035,0.962032127643089
0.04237612633868262,2.0282489261759444,0.47302534739349344,0.9594131529048561
0.045406837453086234,2.0282489261759444,0.47164853110214694,0.9566206267403912
0.04865430292076789,2.0282489261759444,0.47018097444487095,0.9536440565261687
0.052134024862481254,2.0282489261759444,0.4686172617205848,0.9504724578722877
0.05586261409988602,2.0282489261759444,0.4669517336225707,0.9470943522959746
0.05985786944906639,2.0282489261759444,0.46517848785246346,0.9434977684669087
0.06413886268506694,2.0282489261759444,0.4632913817852291,0.9396702476124604
0.0687260295830332,2.0282489261759444,0.46128403750032415,0.9355988537221365
0.07364126747055089,2.0282489261759444,0.4591498495188002,0.9312701892403531
0.07890803975686143,2.0282489261759444,0.4568819956092435,0.9266704169835707
0.0845514879379336,2.0282489261759444,0.4544734510461834,0.9217852890598972
0.09059855161206047,2.0282489261759444,0.4519170067218216,0.9166001836041817
0.09707809707888847,2.0282489261759444,0.4492052915243287,0.9111001501667717
0.10402105513575949,2.0282489261759444,0.44633079940198805,0.9052699646063331
0.11146056872915173,2.0282489261759444,0.443285921530469,0.8990941943330877
0.11943215116604915,2.0282489261759444,0.44006298398855065,0.8925572747245597
0.12797385564047778,2.0282489261759444,0.43665429132371647,0.8856435974874459
0.13712645688446246,2.0282489261759444,0.4330521763510134,0.8783376116620987
0.1469336458105338,2.0282489261759444,0.4292490564742654,0.8706239378559661
0.15744223807493174,2.0282489261759444,0.4252374967460194,0.8624874961448605
0.1687023975571047,2.0282489261759444,0.42101027978947464,0.8539136478920359
0.1807678758223073,2.0282489261759444,0.4165604825904738,0.8448883515014616
0.1936962687103966,2.0282489261759444,0.41188156002913956,0.835398331840775
0.2075492912756809,2.0282489261759444,0.40696743485839076,0.8254312627401097
0.22239307239027523,2.0282489261759444,0.40181259365060046,0.8149759615958014
0.23829847041728436,2.0282489261759444,0.3964121880254231,0.804022594685621
0.2553414114607129,2.0282489261759444,0.39076214024389755,0.792562891339899
0.27360325180677286,2.0282489261759444,0.38485925201040855,0.7805903646189883
0.29317116628674317,2.0282489261759444,0.3787013150706308,0.768100535633425
0.3141385644152698,2.0282489261759444,0.3722872219375716,0.755091158123905
0.33660553629058904,2.0282489261759444,0.3656170748283637,0.7415624394122187
0.3606793303852239,2.0282489261759444,0.35869229066223274,0.7275172533632632
0.38647486550794,2.0282489261759444,0.35151569976710156,0.7129613405866094
0.4141152793808653,2.0282489261759444,0.3440916357816278,0.6979034907802109
0.4437325164504621,2.0282489261759444,0.33642601413447976,0.6823557019059117
0.47546795773833395,2.0282489261759444,0.3285263964464638,0.6663333108129929
0.5094730957385232,2.0282489261759444,0.32040203824567887,0.6498550900163821
0.5459102575829949,2.0282489261759444,0.3120639175210683,0.6329433056103653
0.5849533799274136,2.0282489261759444,0.30352474187241085,0.6156237317705481
0.6267888392562115,2.0282489261759444,0.2947989323478017,0.5979256179722436
0.6716163415705015,2.0282489261759444,0.28590258249110767,0.5798816059285185
0.7196498757058468,2.0282489261759444,0.2768533916444734,0.5615275943110715
0.7711187348306588,2.0282489261759444,0.2676705721518054,0.5429025505357999
0.8262686110014498,2.0282489261759444,0.2583747307698554,0.5240482702349579
0.8853627679999155,2.0282489261759444,0.24898772529065966,0.5050090864517716
0.9486832980505137,2.0282489261759444,0.2395324980852552,0.4858315320256604
1.0165324684176076,2.0282489261759444,0.2300328889637744,0.4665639600259257
1.089234164310304,2.0282489261759444,0.22051343038026794,0.44725612837615236
1.1671354349828413,2.0282489261759444,0.21099912856202752,0.42795875592999233
1.2506081504110058,2.0282489261759444,0.2015152345858592,0.4087230581568625
1.3400507764528888,2.0282489261759444,0.19208700973567405,0.3896002712287291
1.4358902769679147,2.0282489261759444,0.18273948964133996,0.3706411736349879
1.5385841519740941,2.0282489261759444,0.1734972517100391,0.3518956144753643
1.6486226215728734,2.0282489261759444,0.16438419021865244,0.333412057291284
1.7665309660667667,2.0282489261759444,0.15542330314744643,0.3152371477115265
1.8928720334405786,2.0282489261759444,0.14663649441763654,0.2974153123407762
2.0282489261759444,2.0282489261759444,0.13804439467077242,0.27998839525560243
2.1733078802249692,2.0282489261759444,0.12966620312365557,0.2629953372468663
2.3287413498860743,2.0282489261759444,0.12151955237891375,0.24647190162191324
2.4952913133080123,2.0282489261759444,0.1136203973995633,0.23045044901734835
2.673752814401236,2.0282489261759444,0.10598292919593785,0.2149597623346421
2.8649777580643074,2.0282489261759444,0.09861951315246911,0.2000249216514899
3.0698789768422605,2.0282489261759444,0.0915406513628794,0.18566722782820666
3.289434588429555,2.0282489261759444,0.08475496786299468,0.17190417255619564
3.524692664818587,2.0282489261759444,0.07826921526232392,0.15874945180844233
3.776776235382502,2.0282489261759444,0.0720883009844683,0.14621301906159612
4.046888647774959,2.0282489261759444,0.06621533113229666,0.13430117426546528
4.336319312237784,2.0282489261759444,0.060651669891477085,0.12301668432816625
4.646449856737443,2.0282489261759444,0.055397012366009336,0.11235893084471395
4.978760722312678,2.0282489261759444,0.050449468789224475,0.10232408089789137
5.334838230116768,2.0282489261759444,0.04580565815862035,0.09290527697300412
5.716382153889739,2.0282489261759444,0.04146080948716802,0.08409284232073395
6.125213834008588,2.0282489261759444,0.037408869031722435,0.07587449844304757
6.563284871848655,2.0282489261759444,0.033642612036227246,0.06823559173623181
7.032686445959767,2.0282489261759444,0.030153757700578737,0.06115932667636844
7.535659294528738,2.0282489261759444,0.0269330862447113,0.05462700325443979
8.07460441178074,2.0282489261759444,0.023970557073782983,0.048618256644739524
8.652094509379817,2.0282489261759444,0.021255427159318864,0.04311129731129949
9.270886297540766,2.0282489261759444,0.01877636883076203,0.03808314991847656
9.933933644477731,2.0282489261759444,0.016521586222830537,0.03350988951517932
10.644401677007258,2.0282489261759444,0.014478929649568638,0.029366873513914635
11.405681889616837,2.0282489261759444,0.012636007181204681,0.025628967996429917
12.221408334123376,2.0282489261759444,0.010980292691552231,0.02227076686073838
13.095474967204968,2.0282489261759444,0.009499229629226023,0.019266802294976397
14.032054238615942,2.0282489261759444,0.008180329753149784,0.016591745037591178
15.035617008818157,2.0282489261759444,0.007011266069082916,0.014220592875751259
16.110953891107577,2.0282489261759444,0.005979959215659651,0.012128845857737628
17.263198120114698,2.0282489261759444,0.005074656580816107,0.010292666760751959
18.497850055844463,2.0282489261759444,0.0042840034858858626,0.008689025469982004
19.82080344022787,2.0282489261759444,0.003597105856600896,0.0072958260909919675
21.23837353152414,2.0282489261759444,0.0030035839073330873,0.006092015834727682
22.757327250875505,2.0282489261759444,0.002493616494908547,0.0050576749780928834
24.384915484922956,2.0282489261759444,0.0020579759473420916,0.004174087505292519
26.12890769868241,2.0282489261759444,0.0016880533356723481,0.003423792365405161
27.997629023909713,2.0282489261759444,0.0013758743275719186,0.0027906156274507938
30.0,2.0282489261759444,0.001114105932865912,0.0022596841619815346
0.03,2.1733078802249692,0.4471993306194699,0.9719018292666254
0.03214557915712819,2.1733078802249692,0.4462989149304618,0.9699449487542259
0.034444608644906484,2.1733078802249692,0.44533759412498697,0.9678557026722632
0.03690806312437145,2.1733078802249692,0.4443115074789145,0.9656257004785602
0.0395477021566922,2.1733078802249692,0.44321658661252483,0.9632461003314129
0.04237612633868262,2.1733078802249692,0.4420485497169647,0.9607075965418985
0.045406837453086234,2.1733078802249692,0.440802896486627,0.9580004085603778
0.04865430292076789,2.1733078802249692,0.43947490392732136,0.9551142718663588
0.052134024862481254,2.1733078802249692,0.4380596232308961,0.9520384311760876
0.05586261409988602,2.1733078802249692,0.43655187792892486,0.9487616364299413
0.05985786944906639,2.1733078802249692,0.43494626356094995,0.945272142071419
0.06413886268506694,2.1733078802249692,0.43323714911629496,0.9415577101806439
0.0687260295830332,2.1733078802249692,0.4314186805322015,0.937605618076892
0.07364126747055089,2.1733078802249692,0.42948478655450956,0.9334026710556546
0.07890803975686143,2.1733078802249692,0.4274291872896198,0.9289352209746851
0.0845514879379336,2.1733078802249692,0.42524540579726133,0.9241891914486529
0.09059855161206047,2.1733078802249692,0.42292678309166826,0.9191501104513189
0.09707809707888847,2.1733078802249692,0.42046649693301524,0.9138031511551098
0.10402105513575949,2.1733078802249692,0.41785758480004326,0.9081331818577073
0.11146056872915173,2.1733078802249692,0.41509297143723606,0.9021248258505432
0.11943215116604915,2.1733078802249692,0.41216550136399016,0.8957625320712351
0.12797385564047778,2.1733078802249692,0.40906797671713885,0.8890306573470421
0.13712645688446246,2.1733078802249692,0.4057932007699743,0.8819135609750983
0.1469336458105338,2.1733078802249692,0.4023340274285349,0.8743957122930839
0.15744223807493174,2.1733078802249692,0.3986834169473534,0.8664618117667002
0.1687023975571047,2.1733078802249692,0.39483449803014137,0.8580969259535763
0.1807678758223073,2.1733078802249692,0.3907806363842794,0.8492866364932827
0.1936962687103966,2.1733078802249692,0.38651550968007886,0.8400172030168858
0.2075492912756809,2.1733078802249692,0.3820331887256962,0.8302757395650283
0.22239307239027523,2.1733078802249692,0.37732822450609343,0.8200504037503892
0.23829847041728436,2.1733078802249692,0.37239574055024544,0.8093305975000615
0.2553414114607129,2.1733078802249692,0.36723152988663715,0.7981071777696997
0.27360325180677286,2.1733078802249692,0.36183215562604404,0.786372675140869
0.29317116628674317,2.1733078802249692,0.35619505397710105,0.7741215177055919
0.3141385644152698,2.1733078802249692,0.3503186382603046,0.7613502571208005
0.33660553629058904,2.1733078802249692,0.34420240224751214,0.7480577931968827
0.3606793303852239,2.1733078802249692,0.3378470209259249,0.7342455928888426
0.38647486550794,2.1733078802249692,0.331254446578609,0.7199178991088521
0.4141152793808653,2.1733078802249692,0.3244279978995837,0.7050819244007751
0.4437325164504621,2.1733078802249692,0.3173724397328224,0.6897480242375671
0.47546795773833395,2.1733078802249692,0.3100940509537178,0.673929844548598
0.5094730957385232,2.1733078802249692,0.3026006780105527,0.6576444380817528
0.5459102575829949,2.1733078802249692,0.2949017717227517,0.6409123443773613
0.5849533799274136,2.1733078802249692,0.2870084051002405,0.6237576284951529
0.6267888392562115,2.1733078802249692,0.27893327020894854,0.6062078742020285
0.6716163415705015,2.1733078802249692,0.2706906524620837,0.5882941280990849
0.7196498757058468,2.1733078802249692,0.2622963811612775,0.5700507921322967
0.7711187348306588,2.1733078802249692,0.2537677556368495,0.5515154630725694
0.8262686110014498,2.1733078802249692,0.24512344692779392,0.5327287188360815
0.8853627679999155,2.1733078802249692,0.23638337558019024,0.513733852902606
0.9486832980505137,2.1733078802249692,0.22756856680378953,0.49457655952617813
1.0165324684176076,2.1733078802249692,0.21870098488356876,0.47530457386042185
1.089234164310304,2.1733078802249692,0.20980334936731945,0.4559672724775877
1.1671354349828413,2.1733078802249692,0.20089893611307408,0.4366152409833566
1.2506081504110058,2.1733078802249692,0.19201136675439257,0.417299816460088
1.3400507764528888,2.1733078802249692,0.18316439050390404,0.39807261325873816
1.4358902769679147,2.1733078802249692,0.1743816624479695,0.37898504116490267
1.5385841519740941,2.1733078802249692,0.16568652257647254,0.36008782516252
1.6486226215728734,2.1733078802249692,0.15710177973757705,0.3414305359010436
1.7665309660667667,2.1733078802249692,0.1486495045116146,0.3230611395466291
1.8928720334405786,2.1733078802249692,0.14035083467238088,0.3050255749896372
2.0282489261759444,2.1733078802249692,0.13222579646601074,0.287367365428604
2.1733078802249692,2.1733078802249692,0.12429314441061412,0.27012727020552774
2.3287413498860743,2.1733078802249692,0.11657022173105991,0.25334298148768447
2.4952913133080123,2.1733078802249692,0.10907284292162592,0.23704886904010988
2.673752814401236,2.1733078802249692,0.10181519930356192,0.22127577497310694
2.8649777580643074,2.1733078802249692,0.09480978784202018,0.20605085903951995
3.0698789768422605,2.1733078802249692,0.088067362930988,0.19139749384854857
3.289434588429555,2.1733078802249692,0.0815969103649996,0.17733520829826407
3.524692664818587,2.1733078802249692,0.07540564230638504,0.16387967663789194
3.776776235382502,2.1733078802249692,0.06949901173486986,0.15104274987124028
4.046888647774959,2.1733078802249692,0.06388074463515053,0.13883252571021157
4.336319312237784,2.1733078802249692,0.058552888035147355,0.12725345297671606
4.646449856737443,2.1733078802249692,0.053515871946087465,0.11630646621754225
4.978760722312678,2.1733078802249692,0.048768583264944265,0.10598914631711094
5.334838230116768,2.1733078802249692,0.044308449767150836,0.09629590303950111
5.716382153889739,2.1733078802249692,0.04013153242853969,0.0872181756724492
6.125213834008588,2.1733078802249692,0.03623262445540011,0.078744648250153
6.563284871848655,2.1733078802249692,0.032605355556171306,0.07086147616776409
7.032686445959767,2.1733078802249692,0.02924230014473528,0.06355252134045696
7.535659294528738,2.1733078802249692,0.026135088312674054,0.056799593380310015
8.07460441178074,2.1733078802249692,0.023274518537774288,0.05058269454658699
8.652094509379817,2.1733078802249692,0.020650671202810087,0.04488026645700201
9.270886297540766,2.1733078802249692,0.01825302207930336,0.03966943672287034
9.933933644477731,2.1733078802249692,0.016070554985376247,0.03492626378930686
10.644401677007258,2.1733078802249692,0.014091872857245972,0.030625978327781023
11.405681889616837,2.1733078802249692,0.0123053064847063,0.026743219551795615
12.221408334123376,2.1733078802249692,0.010699020158011644,0.023252264820092503
13.095474967204968,2.1733078802249692,0.009261113463828945,0.020127250870597007
14.032054238615942,2.1733078802249692,0.00797971845866089,0.017342385008184358
15.035617008818157,2.1733078802249692,0.00684309144646793,0.014872144565708836
16.110953891107577,2.1733078802249692,0.00583969859948793,0.012691462984405833
17.263198120114698,2.1733078802249692,0.004958294692615676,0.010775900927939291
18.497850055844463,2.1733078802249692,0.004187994275744178,0.009101800961811884
19.82080344022787,2.1733078802249692,0.003518334686992594,0.007646424500509855
21.23837353152414,2.1733078802249692,0.002939330412689606,0.006388069948483232
22.757327250875505,2.1733078802249692,0.002441518425482057,0.005306171233814614
24.384915484922956,2.1733078802249692,0.0020159942764959365,0.004381376247597054
26.12890769868241,2.1733078802249692,0.0016544388762399235,0.0035956050470827687
27.997629023909713,2.1733078802249692,0.001349136066051587,0.0029320880438456287
30.0,2.1733078802249692,0.0010929812508763286,0.0023753847654676688
0.03,2.3287413498860743,0.4177266287594714,0.9727772733406904
0.03214557915712819,2.3287413498860743,0.4169117461455866,0.9708796225024338
0.034444608644906484,2.3287413498860743,0.41604163642855035,0.9688533620254337
0.03690806312437145,2.3287413498860743,0.41511278335603846,0.9666903034675065
0.0395477021566922,2.3287413498860743,0.41412147928639353,0.9643818126902141
0.04237612633868262,2.3287413498860743,0.413063819501335,0.9619187966146365
0.045406837453086234,2.3287413498860743,0.4119356971052219,0.9592916913430755
0.04865430292076789,2.3287413498860743,0.4107327986604109,0.9564904519949304
0.052134024862481254,2.3287413498860743,0.40945060072712713,0.9535045446489542
0.05586261409988602,2.3287413498860743,0.40808436749629656,0.9503229408307304
0.05985786944906639,2.3287413498860743,0.40662914972481484,0.9469341150331919
0.06413886268506694,2.3287413498860743,0.4050797852045032,0.9433260458086958
0.0687260295830332,2.3287413498860743,0.4034309010182039,0.9394862210228874
0.07364126747055089,2.3287413498860743,0.4016769178586743,0.935401647912287
0.07890803975686143,2.3287413498860743,0.3998120567075961,0.931058868637975
0.0845514879379336,2.3287413498860743,0.39783034819245905,0.9264439820753541
0.09059855161206047,2.3287413498860743,0.39572564495748286,0.9215426726228261
0.09707809707888847,2.3287413498860743,0.3934916374001222,0.9163402468480423
0.10402105513575949,2.3287413498860743,0.3911218731359164,0.9108216788165039
0.11146056872915173,2.3287413498860743,0.3886097805601836,0.9049716649606531
0.11943215116604915,2.3287413498860743,0.38594869687380895,0.8987746893446851
0.12797385564047778,2.3287413498860743,0.3831319009305244,0.8922151001573672
0.13712645688446246,2.3287413498860743,0.3801526512428129,0.8852771982179581
0.1469336458105338,2.3287413498860743,0.37700422945103446,0.8779453382045612
0.15744223807493174,2.3287413498860743,0.37367998951365244,0.8702040432054371
0.1687023975571047,2.3287413498860743,0.37017341281362814,0.8620381330475434
0.1807678758223073,2.3287413498860743,0.36647816929543553,0.8534328666688298
0.1936962687103966,2.3287413498860743,0.3625881846471853,0.8443740985680275
0.2075492912756809,2.3287413498860743,0.3584977134219596,0.8348484490853251
0.22239307239027523,2.3287413498860743,0.354201417851063,0.824843487938046
0.23829847041728436,2.3287413498860743,0.349694451939692,0.8143479300577093
0.2553414114607129,2.3287413498860743,0.34497255025357704,0.8033518423511566
0.27360325180677286,2.3287413498860743,0.3400321206057025,0.791846859543948
0.29317116628674317,2.3287413498860743,0.3348703396386854,0.7798264067670004
0.3141385644152698,2.3287413498860743,0.3294852500757253,0.7672859260288953
0.33660553629058904,2.3287413498860743,0.3238758581875777,0.7542231031912504
0.3606793303852239,2.3287413498860743,0.3180422298026602,0.740638091551424
0.38647486550794,2.3287413498860743,0.31198558298146284,0.7265337276572457
0.4141152793808653,2.3287413498860743,0.30570837529543204,0.7119157345569631
0.4437325164504621,2.3287413498860743,0.29921438350581586,0.6967929073506631
0.47546795773833395,2.3287413498860743,0.29250877334137626,0.6811772756845162
0.5094730957385232,2.3287413498860743,0.28559815703698105,0.6650842377432742
0.5459102575829949,2.3287413498860743,0.27849063632848214,0.6485326603742212
0.5849533799274136,2.3287413498860743,0.27119582871184794,0.6315449402379014
0.6267888392562115,2.3287413498860743,0.2637248749724722,0.6141470213419311
0.6716163415705015,2.3287413498860743,0.2560904262767441,0.5963683649806053
0.7196498757058468,2.3287413498860743,0.24830660949099073,0.5782418689716841
0.7711187348306588,2.3287413498860743,0.24038896984676109,0.5598037341386692
0.8262686110014498,2.3287413498860743,0.23235439059515972,0.5410932772065283
0.8853627679999155,2.3287413498860743,0.22422098987071387,0.522152690624318
0.9486832980505137,2.3287413498860743,0.21600799559681527,0.5030267512523128
1.0165324684176076,2.3287413498860743,0.20773559988626678,0.4837624812985383
1.089234164310304,2.3287413498860743,0.1994247949956317,0.464408766298881
1.1671354349828413,2.3287413498860743,0.19109719345377174,0.4450159362429767
1.2506081504110058,2.3287413498860743,0.18277483547678472,0.4256353170934128
1.3400507764528888,2.3287413498860743,0.17447998717965005,0.4063187608728432
1.4358902769679147,2.3287413498860743,0.16623493337956805,0.38711816315655695
1.5385841519740941,2.3287413498860743,0.15806176894314247,0.3680849771740344
1.6486226215728734,2.3287413498860743,0.14998219265173462,0.34926973377467374
1.7665309660667667,2.3287413498860743,0.14201730744624894,0.3307215762495634
1.8928720334405786,2.3287413498860743,0.1341874306712497,0.31248781843911005
2.0282489261759444,2.3287413498860743,0.12651191758234598,0.2946135337273882
2.1733078802249692,2.3287413498860743,0.11900900092961296,0.27714118147342
2.3287413498860743,2.3287413498860743,0.11169564890716757,0.2601102762124784
2.4952913133080123,2.3287413498860743,0.1045874431912746,0.2435571036383819
2.673752814401236,2.3287413498860743,0.09769847820377213,0.2275144860140675
2.8649777580643074,2.3287413498860743,0.09104128216057099,0.21201159831396707
3.0698789768422605,2.3287413498860743,0.08462675992043693,0.19707383513360302
3.289434588429555,2.3287413498860743,0.07846415715741811,0.18272272725643893
3.524692664818587,2.3287413498860743,0.07256104495669348,0.1689759057815945
3.776776235382502,2.3287413498860743,0.06692332358865039,0.15584711091269624
4.046888647774959,2.3287413498860743,0.06155524395473419,0.14334624189971432
4.336319312237784,2.3287413498860743,0.05645944502102152,0.13147944421207225
4.646449856737443,2.3287413498860743,0.05163700545704441,0.12024922979211218
4.978760722312678,2.3287413498860743,0.04708750766984053,0.10965462617383531
5.334838230116768,2.3287413498860743,0.04280911245544919,0.0996913503269275
5.716382153889739,2.3287413498860743,0.038798642569196254,0.09035200327033739
6.125213834008588,2.3287413498860743,0.035051673628406645,0.08162628176118181
6.563284871848655,2.3287413498860743,0.03156263089306652,0.07350120367187564
7.032686445959767,2.3287413498860743,0.02832489060880236,0.0659613439917178
7.535659294528738,2.3287413498860743,0.02533088473139162,0.058989078703189465
8.07460441178074,2.3287413498860743,0.02257220797405481,0.05256483406740961
8.652094509379817,2.3287413498860743,0.020039726221716094,0.0466673390929065
9.270886297540766,2.3287413498860743,0.017723685436600963,0.04127387914858628
9.933933644477731,2.3287413498860743,0.015613820235959603,0.03636054881316707
10.644401677007258,2.3287413498860743,0.013699461356778972,0.031902502132697574
11.405681889616837,2.3287413498860743,0.011969641237594524,0.027874198493287893
12.221408334123376,2.3287413498860743,0.010413196949113536,0.024249642319908206
13.095474967204968,2.3287413498860743,0.00901886969959901,0.02100261479869081
14.032054238615942,2.3287413498860743,0.007775400134677209,0.018106895805532566
15.035617008818157,2.3287413498860743,0.006671618651210066,0.015536474223744039
16.110953891107577,2.3287413498860743,0.005696529957332547,0.013265744862505056
17.263198120114698,2.3287413498860743,0.004839391140846731,0.011269690257962126
18.497850055844463,2.3287413498860743,0.004089782559616339,0.009524045758621475
19.82080344022787,2.3287413498860743,0.0034376709424742964,0.008005446471041726
21.23837353152414,2.3287413498860743,0.0028734641877050503,0.006691554871325551
22.757327250875505,2.3287413498860743,0.002388057466895236,0.005561168169063131
24.384915484922956,2.3287413498860743,0.0019728703817346745,0.00459430483591106
26.12890769868241,2.3287413498860743,0.0016198750756968767,0.0037722700704251513
27.997629023909713,2.3287413498860743,0.0013216153658816973,0.0030777003511735217
30.0,2.3287413498860743,0.0010712171264385829,0.002494587617043667
0.03,2.4952913133080123,0.39017316496293436,0.9735957092179042
0.03214557915712819,2.4952913133080123,0.3894349057002645,0.971753537292795
0.034444608644906484,2.4952913133080123,0.38864652152836376,0.9697862891171015
0.03690806312437145,2.4952913133080123,0.38780480798469336,0.9676859686232872
0.0395477021566922,2.4952913133080123,0.3869063842761012,0.9654441397475669
0.04237612633868262,2.4952913133080123,0.38594768773135046,0.9630519125873522
0.045406837453086234,2.4952913133080123,0.38492496873976545,0.9604999307716949
0.04865430292076789,2.4952913133080123,0.3838342863077038,0.9577783603733938
0.052134024862481254,2.4952913133080123,0.3826715043816819,0.9548768807341199
0.05586261409988602,2.4952913133080123,0.3814322891052152,0.951784677619434
0.05985786944906639,2.4952913133080123,0.3801121071957045,0.9484904391686455
0.06413886268506694,2.4952913133080123,0.37870622564778594,0.9449823551545843
0.0687260295830332,2.4952913133080123,0.37720971299021566,0.9412481201198936
0.07364126747055089,2.4952913133080123,0.375617442344233,0.9372749410085377
0.07890803975686143,2.4952913133080123,0.3739240965519748,0.9330495499626891
0.0845514879379336,2.4952913133080123,0.37212417566334416,0.9285582230046475
0.09059855161206047,2.4952913133080123,0.37021200708805185,0.92378680536914
0.09707809707888847,2.4952913133080123,0.3681817587355309,0.9187207442912366
0.10402105513575949,2.4952913133080123,0.3660274554780475,0.9133451300866072
0.11146056872915173,2.4952913133080123,0.3637429992804767,0.9076447463811762
0.11943215116604915,2.4952913133080123,0.36132219334252325,0.9016041303529965
0.12797385564047778,2.4952913133080123,0.3587587705942133,0.8952076438368023
0.13712645688446246,2.4952913133080123,0.35604642687162413,0.8884395561071201
0.1469336458105338,2.4952913133080123,0.35317885907535534,0.8812841390947689
0.15744223807493174,2.4952913133080123,0.3501498085773827,0.8737257756996064
0.1687023975571047,2.4952913133080123,0.3469531100908829,0.8657490817349787
0.1807678758223073,2.4952913133080123,0.34358274615066486,0.857339041872266
0.1936962687103966,2.4952913133080123,0.3400329072674333,0.8484811597432952
0.2075492912756809,2.4952913133080123,0.3362980577160101,0.8391616221011166
0.22239307239027523,2.4952913133080123,0.3323730067950354,0.8293674766337168
0.23829847041728436,2.4952913133080123,0.32825298525336033,0.8190868226701331
0.2553414114607129,2.4952913133080123,0.3239337264168874,0.8083090136155534
0.27360325180677286,2.4952913133080123,0.31941155137053967,0.7970248695051435
0.29317116628674317,2.4952913133080123,0.314683457355965,0.7852268975820718
0.3141385644152698,2.4952913133080123,0.3097472083404145,0.7729095182932434
0.33660553629058904,2.4952913133080123,0.30460142650123523,0.7600692935697612
0.3606793303852239,2.4952913133080123,0.2992456831602724,0.7467051537347494
0.38647486550794,2.4952913133080123,0.29368058750125203,0.7328186188790679
0.4141152793808653,2.4952913133080123,0.28790787122022665,0.7184140100888334
0.4437325164504621,2.4952913133080123,0.281930467104726,0.7034986455232932
0.47546795773833395,2.4952913133080123,0.2757525794222885,0.6880830160547142
0.5094730957385232,2.4952913133080123,0.26937974393458874,0.6721809350211161
0.5459102575829949,2.4952913133080123,0.26281887534992987,0.6558096566340613
0.5849533799274136,2.4952913133080123,0.2560783000936721,0.6389899577504223
0.6267888392562115,2.4952913133080123,0.24916777242043775,0.621746178077026
0.6716163415705015,2.4952913133080123,0.24209847211801053,0.6041062144412137
0.7196498757058468,2.4952913133080123,0.23488298236154917,0.5861014655306528
0.7711187348306588,2.4952913133080123,0.22753524666467562,0.567766724473761
0.8262686110014498,2.4952913133080123,0.22007050433328829,0.5491400177781676
0.8853627679999155,2.4952913133080123,0.2125052043460303,0.5302623904373934
0.9486832980505137,2.4952913133080123,0.20485689814526692,0.5111776384131088
1.0165324684176076,2.4952913133080123,0.19714411240343582,0.4919319911501118
1.089234164310304,2.4952913133080123,0.18938620340811585,0.47257374822465575
1.1671354349828413,2.4952913133080123,0.1816031952599102,0.45315287560103273
1.2506081504110058,2.4952913133080123,0.17381560457496995,0.43372056821330296
1.3400507764528888,2.4952913133080123,0.16604425480493662,0.4143287866394605
1.4358902769679147,2.4952913133080123,0.15831008361064325,0.3950297764427032
1.5385841519740941,2.4952913133080123,0.15063394693608162,0.3758755792789045
1.6486226215728734,2.4952913133080123,0.14303642351567347,0.35691754508530593
1.7665309660667667,2.4952913133080123,0.13553762350708415,0.33820585456363894
1.8928720334405786,2.4952913133080123,0.1281570047767998,0.319789060759122
2.0282489261759444,2.4952913133080123,0.12091320008618034,0.3017136578393194
2.1733078802249692,2.4952913133080123,0.11382385804729127,0.2840236842326102
2.3287413498860743,2.4952913133080123,0.10690550026085292,0.2667603661457537
2.4952913133080123,2.4952913133080123,0.1001733965367693,0.24996180620275935
2.673752814401236,2.4952913133080123,0.09364145955618827,0.23366272059604015
2.8649777580643074,2.4952913133080123,0.08732215978819532,0.217894226778778
3.0698789768422605,2.4952913133080123,0.08122646094772545,0.20268368241361182
3.289434588429555,2.4952913133080123,0.07536377579485,0.18805457507898185
3.524692664818587,2.4952913133080123,0.06974194164600621,0.1740264611625136
3.776776235382502,2.4952913133080123,0.06436721460707961,0.16061495147087837
4.046888647774959,2.4952913133080123,0.05924428125364854,0.14783174037540595
4.336319312237784,2.4952913133080123,0.05437628627735922,0.13568467479784413
4.646449856737443,2.4952913133080123,0.04976487448702784,0.12417785901534409
4.978760722312678,2.4952913133080123,0.04541024549245269,0.11331179111250152
5.334838230116768,2.4952913133080123,0.04131121939882678,0.1030835269080539
5.716382153889739,2.4952913133080123,0.03746531188866344,0.09348686730615728
6.125213834008588,2.4952913133080123,0.03386881715372524,0.084512565235708
6.563284871848655,2.4952913133080123,0.03051689724876196,0.0761485486139489
7.032686445959767,2.4952913133080123,0.027403676559688325,0.06838015607209268
7.535659294528738,2.4952913133080123,0.024522340200268555,0.061190382483713994
8.07460441178074,2.4952913133080123,0.021865235264378502,0.0545601316186397
8.652094509379817,2.4952913133080123,0.019423973958737274,0.04846847348915816
9.270886297540766,2.4952913133080123,0.01718953771934805,0.04289290415086961
9.933933644477731,2.4952913133080123,0.015152381472009712,0.03780960586303511
10.644401677007258,2.4952913133080123,0.013302537233785267,0.03319370560442077
11.405681889616837,2.4952913133080123,0.011629716270977536,0.029019529987207096
12.221408334123376,2.4952913133080123,0.010123409034428594,0.02526085462467352
13.095474967204968,2.4952913133080123,0.008772982090492614,0.021891146002212987
14.032054238615942,2.4952913133080123,0.007567771262187756,0.01888379389163912
15.035617008818157,2.4952913133080123,0.006497170196263943,0.01621233235182113
16.110953891107577,2.4952913133080123,0.005550713584268208,0.013850647389485242
17.263198120114698,2.4952913133080123,0.004718154294273092,0.011773169425346541
18.497850055844463,2.4952913133080123,0.003989533718593363,0.00995504883215543
19.82080344022787,2.4952913133080123,0.0033552447138290036,0.00837231298844014
21.23837353152414,2.4952913133080123,0.002806086603504301,0.007002003526114267
22.757327250875505,2.4952913133080123,0.0023333118292779495,0.005822292738836095
24.384915484922956,2.4952913133080123,0.0019286639714186983,0.00481257845417121
26.12890769868241,2.4952913133080123,0.001584407008831321,0.003953557045881127
27.997629023909713,2.4952913133080123,0.0012933458481399953,0.003227274659966714
30.0,2.4952913133080123,0.0010488383142218582,0.0026171571345424225
0.03,2.673752814401236,0.36441691846047536,0.9743607613491219
0.03214557915712819,2.673752814401236,0.36374736559178594,0.9725705424820731
0.034444608644906484,2.673752814401236,0.3630322759665502,0.9706585695840498
0.03690806312437145,2.673752814401236,0.3622687273916693,0.96861702943303
0.0395477021566922,2.673752814401236,0.36145363525817964,0.9664376745471157
0.04237612633868262,2.673752814401236,0.36058374717256925,0.9641118088300007
0.045406837453086234,2.673752814401236,0.35965563798981137,0.9616302742905304
0.04865430292076789,2.673752814401236,0.3586657053642067,0.9589834391467522
0.052134024862481254,2.673752814401236,0.35761016594960876,0.9561611876662596
0.05586261409988602,2.673752814401236,0.3564850523972017,0.9531529121389901
0.05985786944906639,2.673752814401236,0.35528621131660654,0.949947507425729
0.06413886268506694,2.673752814401236,0.35400930238456935,0.9465333685749605
0.0687260295830332,2.673752814401236,0.3526497988046224,0.9428983920518887
0.07364126747055089,2.673752814401236,0.35120298934061606,0.9390299811755995
0.07890803975686143,2.673752814401236,0.3496639821665257,0.9349150564124918
0.0845514879379336,2.673752814401236,0.34802771079396005,0.9305400712249702
0.09059855161206047,2.673752814401236,0.34628894235674346,0.9258910342223702
0.09707809707888847,2.673752814401236,0.34444228854809567,0.9209535384042734
0.10402105513575949,2.673752814401236,0.3424822195194148,0.9157127983224174
0.11146056872915173,2.673752814401236,0.34040308105949263,0.9101536960136705
0.11943215116604915,2.673752814401236,0.3381991153779732,0.9042608365698642
0.12797385564047778,2.673752814401236,0.33586448581571593,0.8980186142071945
0.13712645688446246,2.673752814401236,0.3333933057959836,0.8914112896745431
0.1469336458105338,2.673752814401236,0.3307796723124791,0.8844230797922097
0.15744223807493174,2.673752814401236,0.32801770422156645,0.8770382598358455
0.1687023975571047,2.673752814401236,0.3251015855648198,0.8692412793702412
0.1807678758223073,2.673752814401236,0.32202561409272507,0.86101689198971
0.1936962687103966,2.673752814401236,0.3187842550893467,0.8523502992319424
0.2075492912756809,2.673752814401236,0.31537220050976034,0.8432273086968827
0.22239307239027523,2.673752814401236,0.31178443333606204,0.8336345061187904
0.23829847041728436,2.673752814401236,0.30801629693330956,0.8235594408068833
0.2553414114607129,2.673752814401236,0.3040635690439797,0.8129908234882253
0.27360325180677286,2.673752814401236,0.29992253989941836,0.8019187351584369
0.29317116628674317,2.673752814401236,0.2955900937512354,0.790334845076491
0.3141385644152698,2.673752814401236,0.29106379293772966,0.7782326355375533
0.33660553629058904,2.673752814401236,0.28634196340450974,0.7656076305339836
0.3606793303852239,2.673752814401236,0.2814237804001259,0.7524576248842719
0.38647486550794,2.673752814401236,0.2763093528736781,0.7387829098913811
0.4141152793808653,2.673752814401236,0.27099980492021003,0.7245864911075975
0.4437325164504621,2.673752814401236,0.26549735246047274,0.7098742933572659
0.47546795773833395,2.673752814401236,0.25980537321437003,0.6946553478284854
0.5094730957385232,2.673752814401236,0.2539284679424383,0.6789419558176885
0.5459102575829949,2.673752814401236,0.24787251089723578,0.6627498236241852
0.5849533799274136,2.673752814401236,0.24164468745585793,0.6460981631702072
0.6267888392562115,2.673752814401236,0.23525351700374098,0.6290097531865415
0.6716163415705015,2.673752814401236,0.22870885931394178,0.6115109562691482
0.7196498757058468,2.673752814401236,0.22202190291766372,0.5936316877848214
0.7711187348306588,2.673752814401236,0.21520513428973276,0.5754053334807689
0.8262686110014498,2.673752814401236,0.20827228707173906,0.5568686137198445
0.8853627679999155,2.673752814401236,0.20123827101599437,0.5380613934942536
0.9486832980505137,2.673752814401236,0.19411908084141177,0.5190264387287058
1.0165324684176076,2.673752814401236,0.18693168573009583,0.49980912082161116
1.089234164310304,2.673752814401236,0.17969390073989025,0.48045707283401795
1.1671354349828413,2.673752814401236,0.17242424194032036,0.4610198021589312
1.2506081504110058,2.673752814401236,0.16514176757345417,0.4415482658247179
1.3400507764528888,2.673752814401236,0.1578659079740414,0.42209441574359974
1.4358902769679147,2.673752814401236,0.15061628733394203,0.4027107221537928
1.5385841519740941,2.673752814401236,0.14341254064708145,0.3834496841755657
1.6486226215728734,2.673752814401236,0.13627412931061772,0.3643633367743421
1.7665309660667667,2.673752814401236,0.1292201588791758,0.34550276348057113
1.8928720334405786,2.673752814401236,0.12226920237168917,0.3269176239558982
2.0282489261759444,2.673752814401236,0.11543913232074501,0.3086557049346287
2.1733078802249692,2.673752814401236,0.10874696444437873,0.2907625022407488
2.3287413498860743,2.673752814401236,0.10220871542704144,0.27328084052938706
2.4952913133080123,2.673752814401236,0.09583927684077476,0.2562505361832007
2.673752814401236,2.673752814401236,0.089652306742563,0.23970810747049073
2.8649777580643074,2.673752814401236,0.08366013997323452,0.22368653470663713
3.0698789768422605,2.673752814401236,0.07787371768017233,0.2082150718152481
3.289434588429555,2.673752814401236,0.07230253611130935,0.1933191094159604
3.524692664818587,2.673752814401236,0.06695461429895415,0.1790200884189779
3.776776235382502,2.673752814401236,0.06183647988231598,0.16533546211800776
4.046888647774959,2.673752814401236,0.056953172016017316,0.15227870396690402
4.336319312237784,2.673752814401236,0.05230826008254502,0.13985935761213658
4.646449856737443,2.673752814401236,0.04790387676923846,0.12808312533248134
4.978760722312678,2.673752814401236,0.04374076398080055,0.11695199079772568
5.334838230116768,2.673752814401236,0.03981833002900816,0.10646437197981784
5.716382153889739,2.673752814401236,0.036134716562416,0.09661530010635075
6.125213834008588,2.673752814401236,0.03268687375905614,0.08739662070725428
6.563284871848655,2.673752814401236,0.02947064239248708,0.07879721303912471
7.032686445959767,2.673752814401236,0.02648084148434176,0.07080322444647179
7.535659294528738,2.673752814401236,0.023711360364064446,0.06339831650669923
8.07460441178074,2.673752814401236,0.021155254059677026,0.05656392008143462
8.652094509379817,2.673752814401236,0.018804841035090194,0.050279496641940265
9.270886297540766,2.673752814401236,0.01665180236486318,0.04452280343790609
9.933933644477731,2.673752814401236,0.014687281494011342,0.03927016023051602
10.644401677007258,2.673752814401236,0.012901983768376011,0.03449671541205443
11.405681889616837,2.673752814401236,0.011286274942210529,0.03017670939084155
12.221408334123376,2.673752814401236,0.00983027787777079,0.026283733142035862
13.095474967204968,2.673752814401236,0.008523966651884941,0.022790979825339643
14.032054238615942,2.673752814401236,0.00735725728257692,0.019671487365564032
15.035617008818157,2.673752814401236,0.006320094290930665,0.01689836989765705
16.110953891107577,2.673752814401236,0.00540253232533729,0.014445036009764234
17.263198120114698,2.673752814401236,0.004594812102133689,0.012285391789724811
18.497850055844463,2.673752814401236,0.0038874299623306305,0.010394026802569215
19.82080344022787,2.673752814401236,0.0032712004111104583,0.008746381305677068
21.23837353152414,2.673752814401236,0.0027373110958936048,0.0073188932465372575
22.757327250875505,2.673752814401236,0.002277369789218232,0.006089123883354598
24.384915484922956,2.673752814401236,0.0018834430720488478,0.005035861214655117
26.12890769868241,2.673752814401236,0.0015480865576362243,0.004139200790416576
27.997629023909713,2.673752814401236,0.001264366650774096,0.0033806038909423037
30.0,2.673752814401236,0.0010258739965358515,0.0027429334854587773
0.03,2.8649777580643074,0.3403432477788784,0.9750758349938561
0.03214557915712819,2.8649777580643074,0.3397353622168302,0.9733342563791396
0.034444608644906484,2.8649777580643074,0.3390860690231059,0.9714740458206569
0.03690806312437145,2.8649777580643074,0.33839270162552587,0.9694875636484233
0.0395477021566922,2.8649777580643074,0.3376524438738838,0.967366741654734
0.04237612633868262,2.8649777580643074,0.3368623248773272,0.9651030683033752
0.045406837453086234,2.8649777580643074,0.3360192141726318,0.9626875748868371
0.04865430292076789,2.8649777580643074,0.3351198173257724,0.9601108229249117
0.052134024862481254,2.8649777580643074,0.3341606720832015,0.9573628931381928
0.05586261409988602,2.8649777580643074,0.33313814520431784,0.9544333763731682
0.05985786944906639,2.8649777580643074,0.3320484301226775,0.9513113669016414
0.06413886268506694,2.8649777580643074,0.33088754560045447,0.9479854585657914
0.0687260295830332,2.8649777580643074,0.32965133555832965,0.944443744290808
0.07364126747055089,2.8649777580643074,0.3283354702811458,0.9406738195390671
0.07890803975686143,2.8649777580643074,0.3269354492179909,0.9366627903323068
0.0845514879379336,2.8649777580643074,0.3254466056134764,0.9323972865201364
0.09059855161206047,2.8649777580643074,0.3238641132243359,0.9278634810229429
0.09707809707888847,2.8649777580643074,0.32218299539148754,0.923047115823147
0.10402105513575949,2.8649777580643074,0.32039813675160844,0.9179335355186046
0.11146056872915173,2.8649777580643074,0.31850429788320894,0.9125077292832823
0.11943215116604915,2.8649777580643074,0.3164961331891181,0.9067543821001821
0.12797385564047778,2.8649777580643074,0.314368212319064,0.9006579361365562
0.13712645688446246,2.8649777580643074,0.31211504543133367,0.8942026631180018
0.1469336458105338,2.8649777580643074,0.30973111257992353,0.8873727485219929
0.15744223807493174,2.8649777580643074,0.3072108974916203,0.8801523883484661
0.1687023975571047,2.8649777580643074,0.3045489259645133,0.872525899130704
0.1807678758223073,2.8649777580643074,0.30173980907396714,0.8644778417194865
0.1936962687103966,2.8649777580643074,0.29877829131255923,0.8559931592029405
0.2075492912756809,2.8649777580643074,0.2956593037155746,0.8470573291099011
0.22239307239027523,2.8649777580643074,0.29237802193226103,0.8376565297827661
0.23829847041728436,2.8649777580643074,0.28892992909449566,0.8277778204948275
0.2553414114607129,2.8649777580643074,0.28531088320863696,0.8174093345264282
0.27360325180677286,2.8649777580643074,0.281517188653673,0.8065404840055667
0.29317116628674317,2.8649777580643074,0.27754567121068585,0.7951621748656441
0.3141385644152698,2.8649777580643074,0.27339375587749887,0.7832670297826972
0.33660553629058904,2.8649777580643074,0.269059546541625,0.7708496164366239
0.3606793303852239,2.8649777580643074,0.2645419063989755,0.7579066779089947
0.38647486550794,2.8649777580643074,0.25984053782113575,0.7444373615010215
0.4141152793808653,2.8649777580643074,0.2549560601975165,0.7304434417495894
0.4437325164504621,2.8649777580643074,0.2498900841185617,0.7159295329604981
0.47546795773833395,2.8649777580643074,0.24464528013153833,0.7009032861922692
0.5094730957385232,2.8649777580643074,0.23922544020085906,0.6853755653386042
0.5459102575829949,2.8649777580643074,0.2336355299500897,0.6693605968005744
0.5849533799274136,2.8649777580643074,0.22788172976196033,0.6528760872372376
0.6267888392562115,2.8649777580643074,0.22197146287391242,0.6359433040587562
0.6716163415705015,2.8649777580643074,0.21591340873619763,0.618587113697054
0.7196498757058468,2.8649777580643074,0.2097175001010378,0.6008359732663224
0.7711187348306588,2.8649777580643074,0.20339490258540804,0.5827218720108506
0.8262686110014498,2.8649777580643074,0.19695797579351906,0.5642802199218003
0.8853627679999155,2.8649777580643074,0.19042021549093935,0.5455496820673537
0.9486832980505137,2.8649777580643074,0.18379617677934432,0.526571958490077
1.0165324684176076,2.8649777580643074,0.17710137871407525,0.5073915109383491
1.089234164310304,2.8649777580643074,0.1703521913177029,0.48805523916273447
1.1671354349828413,2.8649777580643074,0.16356570645081364,0.46861211096365674
1.2506081504110058,2.8649777580643074,0.15675959448412374,0.4491127515601948
1.3400507764528888,2.8649777580643074,0.14995194915162596,0.42960899909779837
1.4358902769679147,2.8649777580643074,0.14316112333201883,0.41015343416573513
1.5385841519740941,2.8649777580643074,0.1364055587872427,0.3907988920017837
1.6486226215728734,2.8649777580643074,0.12970361306869863,0.3715979665824006
1.7665309660667667,2.8649777580643074,0.12307338687492293,0.35260251600629783
1.8928720334405786,2.8649777580643074,0.11653255510614428,0.33386317846950664
2.0282489261759444,2.8649777580643074,0.11009820471426023,0.31542890770916643
2.1733078802249692,2.8649777580643074,0.10378668220009807,0.2973465360865697
2.3287413498860743,2.8649777580643074,0.09761345327723944,0.2796603725271405
2.4952913133080123,2.8649777580643074,0.09159297682117139,0.2624118413875557
2.673752814401236,2.8649777580643074,0.08573859477484679,0.2456391670376247
2.8649777580643074,2.8649777580643074,0.08006243920904904,0.22937710759030122
3.0698789768422605,2.8649777580643074,0.0745753572602964,0.21365673985044875
3.289434588429555,2.8649777580643074,0.06928685421094678,0.19850529624060684
3.524692664818587,2.8649777580643074,0.06420505455357964,0.18394605325131114
3.776776235382502,2.8649777580643074,0.05933668050897002,0.16999826989556702
4.046888647774959,2.8649777580643074,0.054687047154246576,0.15667717375113044
4.336319312237784,2.8649777580643074,0.050260073070952496,0.14399399146696576
4.646449856737443,2.8649777580643074,0.04605830524325806,0.13195602009607102
4.978760722312678,2.8649777580643074,0.042082956822088964,0.1205667352888655
5.334838230116768,2.8649777580643074,0.038333956315714235,0.10982593222313006
5.716382153889739,2.8649777580643074,0.03481000676302927,0.09972989513414697
6.125213834008588,2.8649777580643074,0.03150865348228952,0.09027159141331496
6.563284871848655,2.8649777580643074,0.028426359054402554,0.08144088643361326
7.032686445959767,2.8649777580643074,0.025558584285002454,0.07322477550414398
7.535659294528738,2.8649777580643074,0.022899873983029864,0.06560762962385606
8.07460441178074,2.8649777580643074,0.020443946486323198,0.05857145197037291
8.652094509379817,2.8649777580643074,0.018183785949490994,0.052096142302693965
9.270886297540766,2.8649777580643074,0.01611173648085829,0.0461597666614523
9.933933644477731,2.8649777580643074,0.014219597270600595,0.04073882990890264
10.644401677007258,2.8649777580643074,0.012498717890563617,0.0358085487607852
11.405681889616837,2.8649777580643074,0.010940092969045552,0.03134312302747122
12.221408334123376,2.8649777580643074,0.009534455454103752,0.027316002811262174
13.095474967204968,2.8649777580643074,0.00827236768120268,0.02370014941317569
14.032054238615942,2.8649777580643074,0.007144309460612034,0.02046828770138189
15.035617008818157,2.8649777580643074,0.006140762402622552,0.01759314770107115
16.110953891107577,2.8649777580643074,0.00525228970997252,0.015047693197981302
17.263198120114698,2.8649777580643074,0.004469610691849691,0.012805335219355786
18.497850055844463,2.8649777580643074,0.0037836692964095726,0.010840128378084252
19.82080344022787,2.8649777580643074,0.003185696021562587,0.009126948245730763
21.23837353152414,2.8649777580643074,0.0026672626479281626,0.007641648161229895
22.757327250875505,2.8649777580643074,0.0022203293428388875,0.006361194182810954
24.384915484922956,2.8649777580643074,0.001837283808050919,0.005263777245317576
26.12890769868241,2.8649777580643074,0.0015109722829363388,0.00432890198366426
27.997629023909713,2.8649777580643074,0.0012347223648049,0.0035374521125506025
30.0,2.8649777580643074,0.0010023577632018422,0.002871732697196368
0.03,3.0698789768422605,0.3178444933448254,0.9757441280243594
0.03214557915712819,3.0698789768422605,0.317292012422777,0.9740480784566564
0.034444608644906484,3.0698789768422605,0.3167018429408774,0.9722363295713989
0.03690806312437145,3.0698789768422605,0.3160715499025884,0.9703014062239056
0.0395477021566922,3.0698789768422605,0.3153985605626903,0.9682354103977134
0.04237612633868262,3.0698789768422605,0.31468015948871486,0.9660300060437753
0.045406837453086234,3.0698789768422605,0.31391348389391593,0.963676404753244
0.04865430292076789,3.0698789768422605,0.3130955193321937,0.961165352541411
0.052134024862481254,3.0698789768422605,0.3122230958580542,0.9584871180592465
0.05586261409988602,3.0698789768422605,0.3112928847683646,0.9556314825909829
0.05985786944906639,3.0698789768422605,0.3103013960573136,0.952587732241151
0.06413886268506694,3.0698789768422605,0.30924497673151263,0.9493446527621446
0.0687260295830332,3.0698789768422605,0.3081198101484558,0.9458905275233731
0.07364126747055089,3.0698789768422605,0.3069219165583951,0.9422131391747517
0.07890803975686143,3.0698789768422605,0.30564715504682527,0.9382997756098957
0.0845514879379336,3.0698789768422605,0.3042912270918841,0.9341372408869092
0.09059855161206047,3.0698789768422605,0.3028496819676101,0.9297118718157309
0.09707809707888847,3.0698789768422605,0.30131792423965353,0.9250095609690614
0.10402105513575949,3.0698789768422605,0.29969122361404066,0.9200157869168762
0.11146056872915173,3.0698789768422605,0.2979647274111999,0.9147156525201773
0.11943215116604915,3.0698789768422605,0.2961334759457532,0.9090939321450909
0.12797385564047778,3.0698789768422605,0.29419242109654425,0.9031351286706067
0.13712645688446246,3.0698789768422605,0.2921364483498444,0.8968235411585523
0.1469336458105338,3.0698789768422605,0.2899604025903703,0.8901433440288959
0.15744223807493174,3.0698789768422605,0.2876591178982866,0.8830786785329392
0.1687023975571047,3.0698789768422605,0.28522745158428625,0.875613757236894
0.1807678758223073,3.0698789768422605,0.2826603226576743,0.8677329821142445
0.1936962687103966,3.0698789768422605,0.279952754872667,0.8594210766926752
0.2075492912756809,3.0698789768422605,0.27709992443452125,0.8506632325061159
0.22239307239027523,3.0698789768422605,0.2740972123684897,0.841445269861095
0.23829847041728436,3.0698789768422605,0.27094026146012373,0.8317538126365791
0.2553414114607129,3.0698789768422605,0.267625037564729,0.8215764764965818
0.27360325180677286,3.0698789768422605,0.2641478949570164,0.8109020695056824
0.29317116628674317,3.0698789768422605,0.2605056452500761,0.7997208037019364
0.3141385644152698,3.0698789768422605,0.2566956292575279,0.7880245157049801
0.33660553629058904,3.0698789768422605,0.2527157910068274,0.7758068939279219
0.3606793303852239,3.0698789768422605,0.24856475293910266,0.7630637094317417
0.38647486550794,3.0698789768422605,0.2442418911565916,0.7497930469258162
0.4141152793808653,3.0698789768422605,0.23974740940892478,0.7359955318968525
0.4437325164504621,3.0698789768422605,0.2350824103514279,0.7216745493632539
0.47546795773833395,3.0698789768422605,0.23024896247048798,0.7068364493278937
0.5094730957385232,3.0698789768422605,0.225250160961675,0.6914907336665813
0.5459102575829949,3.0698789768422605,0.22009018077484727,0.6756502189701162
0.5849533799274136,3.0698789768422605,0.21477432001578808,0.6593311697820597
0.6267888392562115,3.0698789768422605,0.20930903192414935,0.6425533967671516
0.6716163415705015,3.0698789768422605,0.20370194373930814,0.625340314627207
0.7196498757058468,3.0698789768422605,0.19796186092381982,0.6077189550666058
0.7711187348306588,3.0698789768422605,0.19209875544039515,0.5897199308040318
0.8262686110014498,3.0698789768422605,0.1861237370714482,0.5713773475269553
0.8853627679999155,3.0698789768422605,0.18004900712530142,0.5527286617752851
0.9486832980505137,3.0698789768422605,0.17388779428134882,0.5338144839937846
1.0165324684176076,3.0698789768422605,0.1676542727753751,0.5146783273709018
1.089234164310304,3.0698789768422605,0.1613634635999486,0.49536630453593355
1.1671354349828413,3.0698789768422605,0.15503111987479162,0.4759267756599352
1.2506081504110058,3.0698789768422605,0.14867359800796712,0.4564099529361556
1.3400507764528888,3.0698789768422605,0.1423077166996976,0.43686746773882595
1.4358902769679147,3.0698789768422605,0.13595060621645494,0.41735190791285576
1.5385841519740941,3.0698789768422605,0.1296195506654926,0.39791633357573597
1.6486226215728734,3.0698789768422605,0.12333182621441449,0.37861378047119426
1.7665309660667667,3.0698789768422605,0.1171045383162609,0.35949676026990834
1.8928720334405786,3.0698789768422605,0.11095446101266924,0.34061676724965756
2.0282489261759444,3.0698789768422605,0.10489788129622658,0.32202380050658097
2.1733078802249692,3.0698789768422605,0.09895045132399591,0.30376591026858846
2.3287413498860743,3.0698789768422605,0.09312705099829684,0.2858887760349885
2.4952913133080123,3.0698789768422605,0.08744166308338958,0.26843532319982166
2.673752814401236,3.0698789768422605,0.08190726262615372,0.25144538358672713
2.8649777580643074,3.0698789768422605,0.07653572201548463,0.23495540399277962
3.0698789768422605,3.0698789768422605,0.07133773256975098,0.21899820547147397
3.289434588429555,3.0698789768422605,0.06632274310423734,0.20360279474220824
3.524692664818587,3.0698789768422605,0.061498915518970576,0.18879422785028602
3.776776235382502,3.0698789768422605,0.05687309707662423,0.17459352506343775
4.046888647774959,3.0698789768422605,0.052450808721570645,0.16101763501272442
4.336319312237784,3.0698789768422605,0.04823624853180148,0.14807944528951572
4.646449856737443,3.0698789768422605,0.044232309198498174,0.1357878361056561
4.978760722312678,3.0698789768422605,0.04044060829274574,0.12414777320861292
5.334838230116768,3.0698789768422605,0.03686153000113729,0.11316043600473163
5.716382153889739,3.0698789768422605,0.03349427698493675,0.10282337676058889
6.125213834008588,3.0698789768422605,0.030336931032228516,0.0931307067977519
6.563284871848655,3.0698789768422605,0.02738652121908786,0.08407330573932228
7.032686445959767,3.0698789768422605,0.02463909836389518,0.07563905007567036
7.535659294528738,3.0698789768422605,0.022089814638529805,0.06781305756116507
8.07460441178074,3.0698789768422605,0.019733007282355438,0.06057794420597818
8.652094509379817,3.0698789768422605,0.0175622854422471,0.053914090864457254
9.270886297540766,3.0698789768422605,0.015570619228876129,0.047799916627142676
9.933933644477731,3.0698789768422605,0.01375043013264173,0.04221215638673518
10.644401677007258,3.0698789768422605,0.012093681980712985,0.037126140065206856
11.405681889616837,3.0698789768422605,0.010591971640337476,0.03251607106198145
12.221408334123376,3.0698789768422605,0.009236618685375581,0.028355301519342895
13.095474967204968,3.0698789768422605,0.008018753246824563,0.024616602012912343
14.032054238615942,3.0698789768422605,0.006929401268780929,0.021272423277134658
15.035617008818157,3.0698789768422605,0.005959566394203946,0.01829514758466233
16.110953891107577,3.0698789768422605,0.005100307715338116,0.015657327430742864
17.263198120114698,3.0698789768422605,0.00434281264659222,0.013331909244138152
18.497850055844463,3.0698789768422605,0.00367846421703168,0.011292439966932081
19.82080344022787,3.0698789768422605,0.0030989021381831712,0.009513254525300047
21.23837353152414,3.0698789768422605,0.0025960770819028352,0.007969642455995518
22.757327250875505,3.0698789768422605,0.0021622977024243874,0.0066379922583469485
24.384915484922956,3.0698789768422605,0.0017902700546647793,0.00549591240368565
26.12890769868241,3.0698789768422605,0.0014731291943260712,0.004522328343834183
27.997629023909713,3.0698789768422605,0.0012044628900252335,0.0036975553044751356
30.0,3.0698789768422605,0.0009783275284697959,0.0030033471121154744
0.03,3.289434588429555,0.29681959499100163,0.9763686422870527
0.03214557915712819,3.289434588429555,0.29631694290767,0.9747152011381954
0.034444608644906484,3.289434588429555,0.2957799548732335,0.972948814124147
0.03690806312437145,3.289434588429555,0.29520640577716195,0.9710621618893669
0.0395477021566922,3.289434588429555,0.2945939436492713,0.9690475077817802
0.04237612633868262,3.289434588429555,0.2939400849558697,0.9668966823797597
0.045406837453086234,3.289434588429555,0.2932422101177657,0.9646010687489056
0.04865430292076789,3.289434588429555,0.2924975593300541,0.962151588691506
0.052134024862481254,3.289434588429555,0.29170322877504906,0.9595386902892259
0.05586261409988602,3.289434588429555,0.2908561673321405,0.9567523370803973
0.05985786944906639,3.289434588429555,0.2899531739016905,0.9537819992571503
0.06413886268506694,3.289434588429555,0.2889908954742907,0.9506166473143619
0.0687260295830332,3.289434588429555,0.2879658260916663,0.9472447486316172
0.07364126747055089,3.289434588429555,0.28687430686108856,0.9436542675206187
0.07890803975686143,3.289434588429555,0.2857125272011239,0.9398326693229969
0.0845514879379336,3.289434588429555,0.28447652751263286,0.9357669291963865
0.09059855161206047,3.289434588429555,0.2831622034847583,0.9314435462786916
0.09707809707888847,3.289434588429555,0.28176531226077095,0.9268485639702342
0.10402105513575949,3.289434588429555,0.28028148070250186,0.9219675971190605
0.11146056872915173,3.289434588429555,0.2787062160040233,0.916785866933953
0.11943215116604915,3.289434588429555,0.2770349189144539,0.9112882444799818
0.12797385564047778,3.289434588429555,0.2752628998353454,0.9054593036298051
0.13712645688446246,3.289434588429555,0.27338539805902573,0.8992833843469412
0.1469336458105338,3.289434588429555,0.27139760440936767,0.8927446671610955
0.15744223807493174,3.289434588429555,0.26929468753447583,0.8858272596562341
0.1687023975571047,3.289434588429555,0.26707182408038305,0.8785152957249852
0.1807678758223073,3.289434588429555,0.26472423294465913,0.8707930482436443
0.1936962687103966,3.289434588429555,0.26224721376746285,0.8626450556859716
0.2075492912756809,3.289434588429555,0.2596361897637094,0.8540562630168053
0.22239307239027523,3.289434588429555,0.2568867549325228,0.845012176984467
0.23829847041728436,3.289434588429555,0.2539947255980699,0.8354990356609648
0.2553414114607129,3.289434588429555,0.25095619613868086,0.8255039917592882
0.27360325180677286,3.289434588429555,0.24776759864877015,0.8150153088873964
0.29317116628674317,3.289434588429555,0.2444257661510342,0.8040225694806058
0.3141385644152698,3.289434588429555,0.24092799883600063,0.792516892692256
0.33660553629058904,3.289434588429555,0.23727213265443978,0.7804911600239598
0.3606793303852239,3.289434588429555,0.2334566094285686,0.7679402459518229
0.38647486550794,3.289434588429555,0.2294805474846356,0.7548612502677112
0.4141152793808653,3.289434588429555,0.22534381164769562,0.7412537283224848
0.4437325164504621,3.289434588429555,0.22104708128555164,0.7271199148520929
0.47546795773833395,3.289434588429555,0.21659191495028612,0.7124649366116635
0.5094730957385232,3.289434588429555,0.21198081005058403,0.6972970086637065
0.5459102575829949,3.289434588429555,0.20721725590463133,0.6816276088921527
0.5849533799274136,3.289434588429555,0.20230577848025144,0.6654716251721066
0.6267888392562115,3.289434588429555,0.19725197513410217,0.6488474696421622
0.6716163415705015,3.289434588429555,0.19206253772213328,0.6317771547247413
0.7196498757058468,3.289434588429555,0.18674526257435342,0.6142863259374374
0.7711187348306588,3.289434588429555,0.18130904601124892,0.5964042471445679
0.8262686110014498,3.289434588429555,0.1757638643270829,0.5781637347135461
0.8853627679999155,3.289434588429555,0.1701207374736601,0.5596010380550015
0.9486832980505137,3.289434588429555,0.16439167604031996,0.5407556652169346
1.0165324684176076,3.289434588429555,0.15858961153171477,0.5216701535380291
1.089234164310304,3.289434588429555,0.15272831038078727,0.5023897867989663
1.1671354349828413,3.289434588429555,0.14682227258390704,0.48296226178933616
1.2506081504110058,3.289434588429555,0.14088661628991855,0.4634373086708609
1.3400507764528888,3.289434588429555,0.13493695009542056,0.44386627090106917
1.4358902769679147,3.289434588429555,0.1289892351755727,0.42430165172160306
1.5385841519740941,3.289434588429555,0.12305963969516294,0.4047966352529476
1.6486226215728734,3.289434588429555,0.11716438818320277,0.3854045910220142
1.7665309660667667,3.289434588429555,0.1113196087043163,0.36617857124242176
1.8928720334405786,3.289434588429555,0.10554118071456388,0.3471708103461807
2.0282489261759444,3.289434588429555,0.09984458644610032,0.3284322361232471
2.1733078802249692,3.289434588429555,0.09424476852745514,0.31001200137274804
2.3287413498860743,3.289434588429555,0.08875599632247783,0.29195704423368496
2.4952913133080123,3.289434588429555,0.08339174317374766,0.2743116843851598
2.673752814401236,3.289434588429555,0.0781645763815747,0.2571172611394957
2.8649777580643074,3.289434588429555,0.07308606135600781,0.24041181815653676
3.0698789768422605,3.289434588429555,0.06816668096590858,0.22422983814770228
3.289434588429555,3.289434588429555,0.06341577069528584,0.2086020295769906
3.524692664818587,3.289434588429555,0.0588414698203922,0.19355516606123188
3.776776235382502,3.289434588429555,0.054450688456771014,0.17911197797350448
4.046888647774959,3.289434588429555,0.05024909000551431,0.16529109470124861
4.336319312237784,3.289434588429555,0.04624108826075497,0.15210703513155124
4.646449856737443,3.289434588429555,0.04242985823034904,0.13957024324507253
4.978760722312678,3.289434588429555,0.038817359569528156,0.1276871651995129
5.334838230116768,3.289434588429555,0.03540437143039454,0.11646036396474697
5.716382153889739,3.289434588429555,0.03219053748301747,0.10588866741677573
6.125213834008588,3.289434588429555,0.02917441985898667,0.09596734578151685
6.563284871848655,3.289434588429555,0.026353560796603687,0.08668831441262931
7.032686445959767,3.289434588429555,0.023724550818853413,0.07804035805849113
7.535659294528738,3.289434588429555,0.02128310234142971,0.07000937299098492
8.07460441178074,3.289434588429555,0.019024127679669097,0.06257862360420362
8.652094509379817,3.289434588429555,0.01694182049286656,0.05572901032019991
9.270886297540766,3.289434588429555,0.015029739766366646,0.04943934584258158
9.933933644477731,3.289434588429555,0.01328089548224161,0.04368663696460336
10.644401677007258,3.289434588429555,0.01168783516649537,0.03844636926053318
11.405681889616837,3.289434588429555,0.010242730524723341,0.03369279206798816
12.221408334123376,3.289434588429555,0.008937463390934354,0.029399201210962362
13.095474967204968,3.289434588429555,0.007763710219146314,0.025538216929403883
14.032054238615942,3.289434588429555,0.006713024348799996,0.022082054485912498
15.035617008818157,3.289434588429555,0.005776915277962657,0.0190027849297575
16.110953891107577,3.289434588429555,0.004946924187800255,0.01627258352968894
17.263198120114698,3.289434588429555,0.004214694982609952,0.013863963455477678
18.497850055844463,3.289434588429555,0.0035720401457861946,0.011749992406808058
19.82080344022787,3.289434588429555,0.003011000766312398,0.009904490066495896
21.23837353152414,3.289434588429555,0.0025239001642559586,0.008302204498046585
22.757327250875505,3.289434588429555,0.0021033906373745656,0.006918965915558783
24.384915484922956,3.289434588429555,0.0017424929629218612,0.005731816622330268
26.12890769868241,3.289434588429555,0.0014346284163107813,0.004719116334156599
27.997629023909713,3.289434588429555,0.0011736432075129075,0.0038606225612683636
30.0,3.289434588429555,0.0009538253820956892,0.0031375462031875963
0.03,3.524692664818587,0.2771737247508671,0.9769521945098273
0.03214557915712819,3.524692664818587,0.2767159335275636,0.9753386211430309
0.034444608644906484,3.524692664818587,0.2762268312914772,0.9736146860791509
0.03690806312437145,3.524692664818587,0.27570438325685914,0.9717732173237837
0.0395477021566922,3.524692664818587,0.27514643779375797,0.9698066310426223
0.04237612633868262,3.524692664818587,0.2745507219638218,0.9677069158265299
0.045406837453086234,3.524692664818587,0.2739148372364442,0.9654656175922721
0.04865430292076789,3.524692664818587,0.2732362554559762,0.9630738253681769
0.052134024862481254,3.524692664818587,0.27251231514107677,0.9605221582504845
0.05586261409988602,3.524692664818587,0.2717402182085321,0.9578007538558152
0.05985786944906639,3.524692664818587,0.2709170272260103,0.9548992586379758
0.06413886268506694,3.524692664818587,0.27003966331120177,0.9518068204830739
0.0687260295830332,3.524692664818587,0.26910490480852983,0.9485120840453292
0.07364126747055089,3.524692664818587,0.2681093868889915,0.945003189336637
0.07890803975686143,3.524692664818587,0.2670496022335185,0.9412677741352039
0.0845514879379336,3.524692664818587,0.26592190297530366,0.9372929808316528
0.09059855161206047,3.524692664818587,0.26472250409150566,0.9330654683837383
0.09707809707888847,3.524692664818587,0.26344748844924043,0.9285714301019172
0.10402105513575949,3.524692664818587,0.2620928137243042,0.9237966180357193
0.11146056872915173,3.524692664818587,0.2606543214230749,0.9187263747731783
0.11943215116604915,3.524692664818587,0.2591277482478084,0.9133456735000076
0.12797385564047778,3.524692664818587,0.2575087400522816,0.9076391671889531
0.13712645688446246,3.524692664818587,0.2557928686375115,0.901591247799541
0.1469336458105338,3.524692664818587,0.2539756516350602,0.8951861163606174
0.15744223807493174,3.524692664818587,0.25205257571708634,0.8884078647786455
0.1687023975571047,3.524692664818587,0.2500191233565872,0.8812405701593364
0.1807678758223073,3.524692664818587,0.24787080333692357,0.8736684023443451
0.1936962687103966,3.524692664818587,0.24560318517541754,0.8656757452438752
0.2075492912756809,3.524692664818587,0.24321193758031215,0.8572473323856422
0.22239307239027523,3.524692664818587,0.24069287100251385,0.848368396896687
0.23829847041728436,3.524692664818587,0.23804198427234727,0.8390248358836039
0.2553414114607129,3.524692664818587,0.23525551522635627,0.8292033888764553
0.27360325180677286,3.524692664818587,0.2323299951297189,0.8188918296510582
0.29317116628674317,3.524692664818587,0.22926230658635585,0.8080791703443185
0.3141385644152698,3.524692664818587,0.22604974450221785,0.7967558763310829
0.33660553629058904,3.524692664818587,0.222690079529219,0.7849140898445058
0.3606793303852239,3.524692664818587,0.21918162327041685,0.7725478598042691
0.38647486550794,3.524692664818587,0.21552329437487738,0.7596533747806673
0.4141152793808653,3.524692664818587,0.21171468449777522,0.7462291954836897
0.4437325164504621,3.524692664818587,0.20775612295324666,0.7322764826444569
0.47546795773833395,3.524692664818587,0.20364873875085962,0.7177992156747116
0.5094730957385232,3.524692664818587,0.19939451858857682,0.7028043970741901
0.5459102575829949,3.524692664818587,0.19499635928359332,0.6873022372332112
0.5849533799274136,3.524692664818587,0.1904581130654187,0.6713063140768704
0.6267888392562115,3.524692664818587,0.18578462414079094,0.654833701945124
0.6716163415705015,3.524692664818587,0.18098175497442626,0.637905064224355
0.7196498757058468,3.524692664818587,0.17605640081887103,0.6205447045606357
0.7711187348306588,3.524692664818587,0.17101649117456488,0.6027805720060014
0.8262686110014498,3.524692664818587,0.16587097706894216,0.5846442161811924
0.8853627679999155,3.524692664818587,0.1606298033093736,0.5661706894758015
0.9486832980505137,3.524692664818587,0.1553038651841446,0.5473983944325291
1.0165324684176076,3.524692664818587,0.1499049494502871,0.528368875747428
1.089234164310304,3.524692664818587,0.14444565984549965,0.5091265577223133
1.1671354349828413,3.524692664818587,0.13893932777928591,0.48971842947847444
1.2506081504110058,3.524692664818587,0.13339990927925227,0.4701936817240454
1.3400507764528888,3.524692664818587,0.12784186967426958,0.4506033002975917
1.4358902769679147,3.524692664818587,0.12228005786861244,0.4309996230230906
1.5385841519740941,3.524692664818587,0.11672957238274945,0.41143586754488726
1.6486226215728734,3.524692664818587,0.11120562159165412,0.39196563871069473
1.7665309660667667,3.524692664818587,0.10572338076789832,0.37264242469243364
1.8928720334405786,3.524692664818587,0.10029784862590777,0.3535190913488221
2.0282489261759444,3.524692664818587,0.09494370606173384,0.3346473843264853
2.1733078802249692,3.524692664818587,0.08967517969054462,0.3160774480715513
2.3287413498860743,3.524692664818587,0.08450591260759364,0.2978573703017859
2.4952913133080123,3.524692664818587,0.07944884454790091,0.28003275960629853
2.673752814401236,3.524692664818587,0.07451610330909533,0.2626463627444323
2.8649777580643074,3.524692664818587,0.06971890894726933,0.24573772696559512
3.0698789768422605,3.524692664818587,0.06506749187516211,0.22934291133052692
3.289434588429555,3.524692664818587,0.0605710256036405,0.21349424964569047
3.524692664818587,3.524692664818587,0.05623757448847122,0.1982201662867034
3.776776235382502,3.524692664818587,0.052074056490005925,0.1835450449376726
4.046888647774959,3.524692664818587,0.04808622063610716,0.16948914915493507
4.336319312237784,3.524692664818587,0.04427863860758548,0.1560685927083096
4.646449856737443,3.524692664818587,0.040654709646194664,0.14329535688027178
4.978760722312678,3.524692664818587,0.037216677819854174,0.1311773513205566
5.334838230116768,3.524692664818587,0.0339656605669571,0.11971851465607163
5.716382153889739,3.524692664818587,0.030901687377219104,0.10891895082900128
6.125213834008588,3.524692664818587,0.0280237474441343,0.09877509705706879
6.563284871848655,3.524692664818587,0.025329845135768123,0.08927991935103266
7.032686445959767,3.524692664818587,0.022817062167534985,0.08042313165462024
7.535659294528738,3.524692664818587,0.020481625413872752,0.07219143485983924
8.07460441178074,3.524692664818587,0.018318979356927192,0.06456877216632438
8.652094509379817,3.524692664818587,0.016323862232171218,0.057536597471243046
9.270886297540766,3.524692664818587,0.014490384987444217,0.051074153675642005
9.933933644477731,3.524692664818587,0.012812112219115707,0.045158757959549725
10.644401677007258,3.524692664818587,0.011282144284748618,0.0397660912038784
11.405681889616837,3.524692664818587,0.009893199815422598,0.034870488821004623
12.221408334123376,3.524692664818587,0.00863769786416852,0.030445230302753954
13.095474967204968,3.524692664818587,0.007507838932591676,0.02646282481434529
14.032054238615942,3.524692664818587,0.006495684119654821,0.022895290169525927
15.035617008818157,3.524692664818587,0.005593231639338268,0.019714422531806833
16.110953891107577,3.524692664818587,0.004792489962300771,0.016892054216338232
17.263198120114698,3.524692664818587,0.004085546855299479,0.014400297032646716
18.497850055844463,3.524692664818587,0.003464633624915695,0.012211768724024182
19.82080344022787,3.524692664818587,0.0029221839220213573,0.010299800235199488
21.23837353152414,3.524692664818587,0.0024508865321149612,0.008638621782048269
22.757327250875505,3.524692664818587,0.0020437316644865214,0.007203526006673123
24.384915484922956,3.524692664818587,0.0016940503590486698,0.00597100687437214
26.12890769868241,3.524692664818587,0.001395546751163882,0.004918873397238745
27.997629023909713,3.524692664818587,0.0011423230682904317,0.004026337739656346
30.0,3.524692664818587,0.0009288973732136168,0.0032740777577352884
0.03,3.776776235382502,0.25881793514573187,0.9774974267491698
0.03214557915712819,3.776776235382502,0.2584005748697356,0.9759211503771943
0.034444608644906484,3.776776235382502,0.2579546353710231,0.9742369366760386
0.03690806312437145,3.776776235382502,0.2574782545480425,0.9724377529048135
0.0395477021566922,3.776776235382502,0.2569694626613791,0.9705161597985077
0.04237612633868262,3.776776235382502,0.2564261781097387,0.9684642956148218
0.045406837453086234,3.776776235382502,0.25584620335163066,0.9662738607312776
0.04865430292076789,3.776776235382502,0.2552272210354134,0.9639361030292664
0.052134024862481254,3.776776235382502,0.2545667904097278,0.9614418043370582
0.05586261409988602,3.776776235382502,0.2538623440965491,0.9587812682423421
0.05985786944906639,3.776776235382502,0.25311118532013716,0.9559443096265905
0.06413886268506694,3.776776235382502,0.252310485697014,0.952920246318299
0.0687260295830332,3.776776235382502,0.2514572837046953,0.9496978933097289
0.07364126747055089,3.776776235382502,0.25054848396014556,0.9462655600317917
0.07890803975686143,3.776776235382502,0.2495808574526637,0.942611051233608
0.0845514879379336,3.776776235382502,0.2485510428899581,0.9387216720663307
0.09059855161206047,3.776776235382502,0.24745554933024863,0.9345842380240054
0.09707809707888847,3.776776235382502,0.24629076028703445,0.9301850904463601
0.10402105513575949,3.776776235382502,0.24505293950624873,0.925510118337826
0.11146056872915173,3.776776235382502,0.24373823862739805,0.9205447873019463
0.11943215116604915,3.776776235382502,0.24234270695033294,0.9152741764282833
0.12797385564047778,3.776776235382502,0.24086230353681673,0.9096830239973361
0.13712645688446246,3.776776235382502,0.23929291188022261,0.9037557828847039
0.1469336458105338,3.776776235382502,0.23763035737656854,0.897476686545275
0.15744223807493174,3.776776235382502,0.23587042782466472,0.8908298264376974
0.1687023975571047,3.776776235382502,0.2340088971712777,0.8837992417045493
0.1807678758223073,3.776776235382502,0.23204155269772797,0.8763690218500355
0.1936962687103966,3.776776235382502,0.22996422581601406,0.8685234230500571
0.2075492912756809,3.776776235382502,0.2277728266041934,0.860246998584617
0.22239307239027523,3.776776235382502,0.2254633821612187,0.8515247436954538
0.23829847041728436,3.776776235382502,0.22303207879974457,0.8423422549388329
0.2553414114607129,3.776776235382502,0.22047530802082121,0.8326859038216747
0.27360325180677286,3.776776235382502,0.217789716126482,0.8225430241771985
0.29317116628674317,3.776776235382502,0.21497225722501886,0.8119021123539856
0.3141385644152698,3.776776235382502,0.21202024926983226,0.8007530388621767
0.33660553629058904,3.776776235382502,0.20893143264741912,0.7890872696471923
0.3606793303852239,3.776776235382502,0.20570403069538426,0.77689809465272
0.38647486550794,3.776776235382502,0.20233681139030082,0.7641808608019597
0.4141152793808653,3.776776235382502,0.19882914930169301,0.7509332059839535
0.4437325164504621,3.776776235382502,0.19518108676723384,0.7371552900986189
0.47546795773833395,3.776776235382502,0.19139339311121834,0.7228500187116705
0.5094730957385232,3.776776235382502,0.1874676206100479,0.7080232544237318
0.5459102575829949,3.776776235382502,0.18340615581201947,0.6926840106936955
0.5849533799274136,3.776776235382502,0.17921226475161067,0.6768446226029603
0.6267888392562115,3.776776235382502,0.17489013056809855,0.6605208889325374
0.6716163415705015,3.776776235382502,0.17044488205161554,0.6437321799751151
0.7196498757058468,3.776776235382502,0.16588261170247928,0.6265015057411071
0.7711187348306588,3.776776235382502,0.1612103820060984,0.6088555396575674
0.8262686110014498,3.776776235382502,0.15643621879813677,0.5908245935099004
0.8853627679999155,3.776776235382502,0.15156909082251319,0.5724425402369998
0.9486832980505137,3.776776235382502,0.14661887486491806,0.5537466822483434
1.0165324684176076,3.776776235382502,0.14159630617041338,0.534777564162362
1.089234164310304,3.776776235382502,0.1365129142158184,0.5155787302331131
1.1671354349828413,3.776776235382502,0.13138094429358138,0.49619642819011045
1.2506081504110058,3.776776235382502,0.1262132657589347,0.47667926270836064
1.3400507764528888,3.776776235382502,0.12102326817992759,0.4570778031902738
1.4358902769679147,3.776776235382502,0.1158247469932853,0.4374441519134308
1.5385841519740941,3.776776235382502,0.11063178059115845,0.4178314798147384
1.6486226215728734,3.776776235382502,0.1054586010293124,0.3982935381841917
1.7665309660667667,3.776776235382502,0.10031946074327953,0.37888415528160596
1.8928720334405786,3.776776235382502,0.09522849777597511,0.35965672733147824
2.0282489261759444,3.776776235382502,0.09019960205289228,0.3406637134743223
2.1733078802249692,3.776776235382502,0.08524628518837993,0.32195614405411266
2.3287413498860743,3.776776235382502,0.0803815561723792,0.3035831511149054
2.4952913133080123,3.776776235382502,0.07561780507935811,0.28559152919550596
2.673752814401236,3.776776235382502,0.07096669667173047,0.26802533349339014
2.8649777580643074,3.776776235382502,0.06643907545331125,0.25092552127285084
3.0698789768422605,3.776776235382502,0.06204488338065801,0.2343296410791479
3.289434588429555,3.776776235382502,0.05779309107845355,0.21827157295439983
3.524692664818587,3.776776235382502,0.05369164304591061,0.20278132149443537
3.776776235382502,3.776776235382502,0.049747416999548696,0.187884862295559
4.046888647774959,3.776776235382502,0.04596619718632344,0.1736040411642124
4.336319312237784,3.776776235382502,0.04235266122974034,0.15995652443768915
4.646449856737443,3.776776235382502,0.038910379846766714,0.14695579791497476
4.978760722312678,3.776776235382502,0.0356418285981742,0.13461121123516073
5.334838230116768,3.776776235382502,0.03254841070932225,0.12292806406643757
5.716382153889739,3.776776235382502,0.029630489919376207,0.11190773017024085
6.125213834008588,3.776776235382502,0.026887432279281052,0.10154781526284505
6.563284871848655,3.776776235382502,0.024317655815515656,0.09184234458425063
7.032686445959767,3.776776235382502,0.021918686999745623,0.08278197617142666
7.535659294528738,3.776776235382502,0.019687223005661825,0.07435423598845925
8.07460441178074,3.776776235382502,0.017619198785503516,0.06654377125956991
8.652094509379817,3.776776235382502,0.015709858052847865,0.05933261855522825
9.270886297540766,3.776776235382502,0.013953827309298,0.05270048337438805
9.933933644477731,3.776776235382502,0.01234519209641719,0.04662502813098033
10.644401677007258,3.776776235382502,0.010877574688087798,0.04108216558056822
11.405681889616837,3.776776235382502,0.009544212461648185,0.03604635481059439
12.221408334123376,3.776776235382502,0.00833803619959174,0.03149089696837712
13.095474967204968,3.776776235382502,0.007251747579646607,0.02738822792380188
14.032054238615942,3.776776235382502,0.0062778951131772995,0.02371020507167197
15.035617008818157,3.776776235382502,0.005408947794267607,0.0204283854878145
16.110953891107577,3.776776235382502,0.004637365729080837,0.017514292680369758
17.263198120114698,3.776776235382502,0.003955667031541001,0.0149396692398101
18.497850055844463,3.776776235382502,0.0033564903009025834,0.01267671280274074
19.82080344022787,3.776776235382502,0.0028326520423736247,0.010698292916744413
21.23837353152414,3.776776235382502,0.002377198455483667,0.008978146633458702
22.757327250875505,3.776776235382502,0.001983451096906056,0.007491050966838148
24.384915484922956,3.776776235382502,0.0016450460241498202,0.00621297073011951
26.12890769868241,3.776776235382502,0.0013559661418149926,0.005121180700390163
27.997629023909713,3.776776235382502,0.0011105665996620883,0.004194361541413328
30.0,3.776776235382502,0.000903593227333459,0.0034126694274455864
0.03,4.046888647774959,0.24166882301378817,0.978006816375635
0.03214557915712819,4.046888647774959,0.2412879402801664,0.9764654263648076
0.034444608644906484,4.046888647774959,0.24088094768890536,0.9748183726675049
0.03690806312437145,4.046888647774959,0.2404461399133817,0.9730587540167739
0.0395477021566922,4.046888647774959,0.23998171244793706,0.9711792677791511
0.04237612633868262,4.046888647774959,0.23948575762120983,0.9691721938210595
0.045406837453086234,4.046888647774959,0.2389562607263056,0.9670293788480395
0.04865430292076789,4.046888647774959,0.23839109632340308,0.9647422214418067
0.052134024862481254,4.046888647774959,0.23778802477886105,0.9623016580544035
0.05586261409988602,4.046888647774959,0.23714468911415512,0.9596981502561963
0.05985786944906639,4.046888647774959,0.23645861224801645,0.9569216735751187
0.06413886268506694,4.046888647774959,0.23572719472596868,0.9539617083083598
0.0687260295830332,4.046888647774959,0.2349477130429954,0.9508072327343867
0.07364126747055089,4.046888647774959,0.23411731867725658,0.947446719202502
0.07890803975686143,4.046888647774959,0.23323303796547915,0.9438681336285635
0.0845514879379336,4.046888647774959,0.23229177296371473,0.9400589389783752
0.09059855161206047,4.046888647774959,0.23129030345036378,0.9360061033737026
0.09707809707888847,4.046888647774959,0.2302252902414213,0.931696113508703
0.10402105513575949,4.046888647774959,0.2290932800004511,0.9271149941153556
0.11146056872915173,4.046888647774959,0.2278907117373974,0.9222483342634291
0.11943215116604915,4.046888647774959,0.2266139252004637,0.9170813213214802
0.12797385564047778,4.046888647774959,0.22525917137329837,0.9115987834377952
0.13712645688446246,4.046888647774959,0.22382262529489838,0.9057852414211126
0.1469336458105338,4.046888647774959,0.2223004014211379,0.8996249709070193
0.15744223807493174,4.046888647774959,0.22068857174372028,0.8931020756833312
0.1687023975571047,4.046888647774959,0.21898318687362162,0.8862005730124417
0.1807678758223073,4.046888647774959,0.21718030028064833,0.8789044917261125
0.1936962687103966,4.046888647774959,0.21527599585744503,0.8711979837739433
0.2075492912756809,4.046888647774959,0.21326641894401324,0.8630654497761456
0.22239307239027523,4.046888647774959,0.2111478109064593,0.8544916789598838
0.23829847041728436,4.046888647774959,0.20891654731028525,0.8454620036423335
0.2553414114607129,4.046888647774959,0.20656917966327598,0.8359624681594975
0.27360325180677286,4.046888647774959,0.20410248062540848,0.8259800118256742
0.29317116628674317,4.046888647774959,0.2015134924930542,0.8155026651436255
0.3141385644152698,4.046888647774959,0.19879957866242753,0.804519758071423
0.33660553629058904,4.046888647774959,0.19595847766368057,0.7930221386924118
0.3606793303852239,4.046888647774959,0.192988359233915,0.7810024001364463
0.38647486550794,4.046888647774959,0.18988788176711965,0.7684551130733901
0.4141152793808653,4.046888647774959,0.18665625034496908,0.7553770605572961
0.4437325164504621,4.046888647774959,0.18329327441874088,0.7417674714587028
0.47546795773833395,4.046888647774959,0.17979942408442784,0.7276282482037465
0.5094730957385232,4.046888647774959,0.17617588377632107,0.7129641840661143
0.5459102575829949,4.046888647774959,0.1724246021054429,0.6977831648576311
0.5849533799274136,4.046888647774959,0.16854833649514503,0.6820963495635562
0.6267888392562115,4.046888647774959,0.1645506912239525,0.6659183242977359
0.6716163415705015,4.046888647774959,0.16043614748200682,0.6492672239376825
0.7196498757058468,4.046888647774959,0.1562100840881425,0.6321648159642757
0.7711187348306588,4.046888647774959,0.15187878760432588,0.6146365413937706
0.8262686110014498,4.046888647774959,0.14744945072573917,0.596711508262647
0.8853627679999155,4.046888647774959,0.14293015801877987,0.5784224339108813
0.9486832980505137,4.046888647774959,0.1383298583236386,0.5598055332982514
1.0165324684176076,4.046888647774959,0.13365832342800876,0.5409003517614426
1.089234164310304,4.046888647774959,0.12892609294603252,0.5217495419452782
1.1671354349828413,4.046888647774959,0.12414440569116805,0.502398586076357
1.2506081504110058,4.046888647774959,0.11932511820023146,0.4828954662389218
1.3400507764528888,4.046888647774959,0.11448061143355429,0.46329028680078704
1.4358902769679147,4.046888647774959,0.10962368702711645,0.4436348545572726
1.5385841519740941,4.046888647774959,0.10476745479070317,0.4239822234487729
1.6486226215728734,4.046888647774959,0.09992521341657355,0.4043862118020215
1.7665309660667667,4.046888647774959,0.0951103265727684,0.3849009008935055
1.8928720334405786,4.046888647774959,0.0903360966938675,0.36558012419471336
2.0282489261759444,4.046888647774959,0.08561563884319583,0.34647695690653
2.1733078802249692,4.046888647774959,0.08096175700176106,0.32764321531434165
2.3287413498860743,4.046888647774959,0.0763868250424454,0.30912897510384424
2.4952913133080123,4.046888647774959,0.07190267447921292,0.29098211709458505
2.673752814401236,4.046888647774959,0.06752049085003421,0.2732479079131964
2.8649777580643074,4.046888647774959,0.06325072031158005,0.25596862199252235
3.0698789768422605,4.046888647774959,0.05910298770823083,0.2391832100060223
3.289434588429555,4.046888647774959,0.05508602704334203,0.22292701749272525
3.524692664818587,4.046888647774959,0.051207624942699065,0.2072315560601267
3.776776235382502,4.046888647774959,0.04747457737332543,0.19212432823002462
4.046888647774959,4.046888647774959,0.043892659578023706,0.17762870576695494
4.336319312237784,4.046888647774959,0.040466608917390456,0.16376386024173636
4.646449856737443,4.046888647774959,0.03720012008375913,0.15054474366283008
4.978760722312678,4.046888647774959,0.03409585196961718,0.13798211627205925
5.334838230116768,4.046888647774959,0.03115544533748407,0.12608261805263754
5.716382153889739,4.046888647774959,0.02837955034716275,0.11484888012889083
6.125213834008588,4.046888647774959,0.02576786294548645,0.10427967203151013
6.563284871848655,4.046888647774959,0.02331916910716069,0.09437008073531312
7.032686445959767,4.046888647774959,0.021031395925868546,0.08511171741925795
7.535659294528738,4.046888647774959,0.01890166858477033,0.07649294801971163
8.07460441178074,4.046888647774959,0.016926372277275267,0.06849914381691806
8.652094509379817,4.046888647774959,0.015101218195537397,0.06111294848309294
9.270886297540766,4.046888647774959,0.013421312749653247,0.05431455820480905
9.933933644477731,4.046888647774959,0.011881229220573145,0.04808201165434959
10.644401677007258,4.046888647774959,0.010475081081454394,0.042391486713060034
11.405681889616837,4.046888647774959,0.009196596244438858,0.03721760093978944
12.221408334123376,4.046888647774959,0.008039191503110547,0.03253371283122698
13.095474967204968,4.046888647774959,0.00699604644708185,0.028312220946001877
14.032054238615942,4.046888647774959,0.006060176127328463,0.02452485797320237
15.035617008818157,4.046888647774959,0.005224501752881235,0.021142976834015444
16.110953891107577,4.046888647774959,0.004481918705521461,0.01813782592962504
17.263198120114698,4.046888647774959,0.003825361173418229,0.015480810706345329
18.497850055844463,4.046888647774959,0.0032478627309764363,0.013143738815519918
19.82080344022787,4.046888647774959,0.0027426122335550444,0.011099046313222635
21.23837353152414,4.046888647774959,0.0023030044541481527,0.009320002581267325
22.757327250875505,4.046888647774959,0.0019226849653649378,0.007780891959582957
24.384915484922956,4.046888647774959,0.0015955888635621942,0.006457170458465992
26.12890769868241,4.046888647774959,0.0013159730409637719,0.005325596360254179
27.997629023909713,4.046888647774959,0.001078441833063952,0.0043643340115121255
30.0,4.046888647774959,0.0008779659986096516,0.0035530306329058046
0.03,4.336319312237784,0.22564820880200953,0.9784826856000177
0.03214557915712819,4.336319312237784,0.22530027239024647,0.9769739222182589
0.034444608644906484,4.336319312237784,0.22492846040676293,0.9753616267337577
0.03690806312437145,4.336319312237784,0.22453120994987635,0.9736390219057652
0.0395477021566922,4.336319312237784,0.22410686670854513,0.9717989341133632
0.04237612633868262,4.336319312237784,0.22365368120771054,0.9698337770740679
0.045406837453086234,4.336319312237784,0.22316980514647564,0.9677355359650055
0.04865430292076789,4.336319312237784,0.22265328787852065,0.9654957521608679
0.052134024862481254,4.336319312237784,0.2221020730918174,0.9631055088360956
0.05586261409988602,4.336319312237784,0.22151399575311095,0.9605554177151735
0.05985786944906639,4.336319312237784,0.2208867793917766,0.9578356072945677
0.06413886268506694,4.336319312237784,0.22021803380753618,0.9549357129026523
0.0687260295830332,4.336319312237784,0.21950525329708245,0.951844869009785
0.07364126747055089,4.336319312237784,0.21874581550586047,0.948551704249266
0.07890803975686143,4.336319312237784,0.21793698102299064,0.9450443396607937
0.0845514879379336,4.336319312237784,0.21707589384944828,0.9413103907206417
0.09059855161206047,4.336319312237784,0.21615958288195725,0.9373369737762951
0.09707809707888847,4.336319312237784,0.21518496456736025,0.9331107175566474
0.10402105513575949,4.336319312237784,0.21414884689418776,0.9286177804807186
0.11146056872915173,4.336319312237784,0.21304793489937796,0.9238438745365507
0.11943215116604915,4.336319312237784,0.21187883787812814,0.9187742965454255
0.12797385564047778,4.336319312237784,0.2106380784931352,0.9133939676624403
0.13712645688446246,4.336319312237784,0.20932210398535553,0.9076874819899428
0.1469336458105338,4.336319312237784,0.2079272996911353,0.9016391651921233
0.15744223807493174,4.336319312237784,0.2064500050692969,0.8952331439935804
0.1687023975571047,4.336319312237784,0.20488653243558466,0.8884534274178589
0.1807678758223073,4.336319312237784,0.20323318858977746,0.8812840005695155
0.1936962687103966,4.336319312237784,0.2014862995017181,0.8737089316806262
0.2075492912756809,4.336319312237784,0.19964223819541876,0.8657124930251701
0.22239307239027523,4.336319312237784,0.19769745593423704,0.8572792961479103
0.23829847041728436,4.336319312237784,0.19564851676391312,0.8483944416540342
0.2553414114607129,4.336319312237784,0.19349213541319563,0.8390436835583686
0.27360325180677286,4.336319312237784,0.19122521848327437,0.8292136078959123
0.29317116628674317,4.336319312237784,0.18884490877700666,0.8188918249475164
0.3141385644152698,4.336319312237784,0.18634863252712075,0.8080671740364557
0.33660553629058904,4.336319312237784,0.18373414917987443,0.7967299394062675
0.3606793303852239,4.336319312237784,0.1809996032783315,0.7848720752032062
0.38647486550794,4.336319312237784,0.1781435778695143,0.7724874370667103
0.4141152793808653,4.336319312237784,0.1751651487350011,0.7595720172905891
0.4437325164504621,4.336319312237784,0.1720639386187057,0.7461241799719901
0.47546795773833395,4.336319312237784,0.1688401705030842,0.7321448920340442
0.5094730957385232,4.336319312237784,0.16549471887111772,0.7176379455141906
0.5459102575829949,4.336319312237784,0.1620291577920357,0.7026101660792275
0.5849533799274136,4.336319312237784,0.15844580459025354,0.6870716023877704
0.6267888392562115,4.336319312237784,0.15474775780596714,0.6710356906995105
0.6716163415705015,4.336319312237784,0.15093892813868348,0.6545193890562442
0.7196498757058468,4.336319312237784,0.14702406108750862,0.6375432754573913
0.7711187348306588,4.336319312237784,0.14300875006906633,0.6201316047434787
0.8262686110014498,4.336319312237784,0.13889943890879106,0.602312319399183
0.8853627679999155,4.336319312237784,0.13470341276537778,0.5841170101988453
0.9486832980505137,4.336319312237784,0.13042877676039002,0.5655808235376298
1.0165324684176076,4.336319312237784,0.1260844218418217,0.5467423134050269
1.089234164310304,4.336319312237784,0.12167997770542151,0.5276432372366823
1.1671354349828413,4.336319312237784,0.11722575292178725,0.5083282962863608
1.2506081504110058,4.336319312237784,0.1127326627591726,0.4888448226425893
1.3400507764528888,4.336319312237784,0.10821214553824447,0.4692424165161752
1.4358902769679147,4.336319312237784,0.10367606869106534,0.44957253888195764
1.5385841519740941,4.336319312237784,0.09913662600733661,0.42988806590570827
1.6486226215728734,4.336319312237784,0.09460622782193934,0.41024281276224306
1.7665309660667667,4.336319312237784,0.09009738611607693,0.3906910353972887
1.8928720334405786,4.336319312237784,0.08562259665929134,0.3712869194576314
2.0282489261759444,4.336319312237784,0.08119422040389711,0.35208406597951014
2.1733078802249692,4.336319312237784,0.07682436635327636,0.33313498346814285
2.3287413498860743,4.336319312237784,0.07252477806131359,0.31449059572303323
2.4952913133080123,4.336319312237784,0.06830672578629993,0.296199774182863
2.673752814401236,4.336319312237784,0.06418090612681461,0.27830890271462644
2.8649777580643074,4.336319312237784,0.06015735072035888,0.2608614817017538
3.0698789768422605,4.336319312237784,0.056245345301074376,0.2438977770525315
3.289434588429555,4.336319312237784,0.05245336010521401,0.22745451841600242
3.524692664818587,4.336319312237784,0.048788992296943924,0.21156464952185838
3.776776235382502,4.336319312237784,0.045258920776650474,0.1962571322148293
4.046888647774959,4.336319312237784,0.04186887344181506,0.18155680448738226
4.336319312237784,4.336319312237784,0.038623606707072586,0.16748429167215564
4.646449856737443,4.336319312237784,0.035526896863008965,0.1540559689709457
4.978760722312678,4.336319312237784,0.03258154266735109,0.14128397269093387
5.334838230116768,4.336319312237784,0.02978937841932846,0.12917625693929347
5.716382153889739,4.336319312237784,0.02715129666725083,0.11773669209049714
6.125213834008588,4.336319312237784,0.024667279637518327,0.10696520107254055
6.563284871848655,4.336319312237784,0.022336438445254042,0.09685792939676559
7.032686445959767,4.336319312237784,0.02015705914612805,0.0874074448532743
7.535659294528738,4.336319312237784,0.01812665470866496,0.07860296287944982
8.07460441178074,4.336319312237784,0.01624202201923179,0.07043059375178613
8.652094509379817,4.336319312237784,0.014499303071301093,0.06287360792207154
9.270886297540766,4.336319312237784,0.012894049530684149,0.0559127159928562
9.933933644477731,4.336319312237784,0.011421289904711026,0.04952635998446486
10.644401677007258,4.336319312237784,0.0100755985727592,0.04369101267341117
11.405681889616837,4.336319312237784,0.008851165956639241,0.03838148187359636
12.221408334123376,4.336319312237784,0.007741869122233449,0.03357121658755828
13.095474967204968,4.336319312237784,0.006741342109941883,0.029232611981742793
14.032054238615942,4.336319312237784,0.005843045293577923,0.025337310148822036
15.035617008818157,4.336319312237784,0.005040333068850971,0.0218564936265692
16.110953891107577,4.336319312237784,0.0043265191774222245,0.01876116866382312
17.263198120114698,4.336319312237784,0.003694938984723395,0.016022435276996327
18.497850055844463,4.336319312237784,0.0031390080529729338,0.013611741241376457
19.82080344022787,4.336319312237784,0.002652276388135467,0.011501117323264103
21.23837353152414,4.336319312237784,0.002228477793028826,0.009663391290803935
22.757327250875505,4.336319312237784,0.001861573829340214,0.008072378547324415
24.384915484922956,4.336319312237784,0.001545791978679542,0.006703047609850355
26.12890769868241,4.336319312237784,0.0012756576954503463,0.0055316591005860815
27.997629023909713,4.336319312237784,0.0010460201595817859,0.0045358774189845465
30.0,4.336319312237784,0.0008520716613908785,0.0036948548006998003
0.03,4.646449856737443,0.21068283113531747,0.9789272105457348
0.03214557915712819,4.646449856737443,0.21036468406783393,0.9774489561496045
0.034444608644906484,4.646449856737443,0.21002468497993426,0.9758691674363422
0.03690806312437145,4.646449856737443,0.2096614004482337,0.9741811840760671
0.0395477021566922,4.646449856737443,0.20927331277542152,0.9723779541643276
0.04237612633868262,4.646449856737443,0.20885881646044713,0.9704520178209965
0.045406837453086234,4.646449856737443,0.20841621474162703,0.9683954911279932
0.04865430292076789,4.646449856737443,0.20794371625662672,0.9662000506100548
0.052134024862481254,4.646449856737443,0.20743943187021519,0.963856918495058
0.05586261409988602,4.646449856737443,0.20690137172831813,0.9613568490258243
0.05985786944906639,4.646449856737443,0.20632744260521724,0.9586901161340148
0.06413886268506694,4.646449856737443,0.205715445619752,0.9558465028285759
0.0687260295830332,4.646449856737443,0.2050630744060535,0.9528152926961471
0.07364126747055089,4.646449856737443,0.20436791383462974,0.9495852639586455
0.07890803975686143,4.646449856737443,0.20362743939044148,0.9461446865835291
0.0845514879379336,4.646449856737443,0.20283901732585674,0.9424813229944908
0.09059855161206047,4.646449856737443,0.20199990571787327,0.9385824329837893
0.09707809707888847,4.646449856737443,0.20110725657055684,0.9344347834811241
0.10402105513575949,4.646449856737443,0.200158119114981,0.9300246638866396
0.11146056872915173,4.646449856737443,0.19914944446973978,0.9253379077257639
0.11943215116604915,4.646449856737443,0.19807809183492528,0.9203599214292146
0.12797385564047778,4.646449856737443,0.19694083640082852,0.9150757210803818
0.13712645688446246,4.646449856737443,0.19573437915895417,0.909469978001715
0.1469336458105338,4.646449856737443,0.19445535880657225,0.9035270740686258
0.15744223807493174,4.646449856737443,0.19310036593620405,0.8972311676402233
0.1687023975571047,4.646449856737443,0.1916659596973184,0.8905662709770497
0.1807678758223073,4.646449856737443,0.19014868710818011,0.8835163399726164
0.1936962687103966,4.646449856737443,0.18854510518028222,0.8760653769534685
0.2075492912756809,4.646449856737443,0.1868518059951003,0.8681975471970662
0.22239307239027523,4.646449856737443,0.18506544484205126,0.8598973096734003
0.23829847041728436,4.646449856737443,0.18318277148657972,0.8511495623305861
0.2553414114607129,4.646449856737443,0.18120066458740677,0.8419398020128857
0.27360325180677286,4.646449856737443,0.17911616922154058,0.8322542988187869
0.29317116628674317,4.646449856737443,0.17692653740427772,0.8220802843751581
0.3141385644152698,4.646449856737443,0.17462927140912873,0.8114061531211103
0.33660553629058904,4.646449856737443,0.17222216959982076,0.8002216752640988
0.3606793303852239,4.646449856737443,0.1697033743842685,0.788518219595645
0.38647486550794,4.646449856737443,0.1670714217903108,0.7762889838425104
0.4141152793808653,4.646449856737443,0.16432529204745158,0.7635292296922199
0.4437325164504621,4.646449856737443,0.1614644604409606,0.75023651908409
0.47546795773833395,4.646449856737443,0.1584889475884104,0.7364109478166376
0.5094730957385232,4.646449856737443,0.15539936817873481,0.7220553720111716
0.5459102575829949,4.646449856737443,0.15219697711553176,0.7071756225143345
0.5849533799274136,4.646449856737443,0.14888371192545236,0.6917807019465568
0.6267888392562115,4.646449856737443,0.14546223023523822,0.6758829588372316
0.6716163415705015,4.646449856737443,0.1419359410933788,0.6594982331592241
0.7196498757058468,4.646449856737443,0.1383090289201563,0.6426459676115551
0.7711187348306588,4.646449856737443,0.13458646891790296,0.6253492792223886
0.8262686110014498,4.646449856737443,0.13077403286524303,0.6076349862716861
0.8853627679999155,4.646449856737443,0.12687828435686332,0.5895335861730402
0.9486832980505137,4.646449856737443,0.12290656273381435,0.5710791808066232
1.0165324684176076,4.646449856737443,0.11886695517597329,0.5523093468482172
1.089234164310304,4.646449856737443,0.11476825669304079,0.5332649498693856
1.1671354349828413,4.646449856737443,0.11061991804567918,0.5139899023556538
1.2506081504110058,4.646449856737443,0.10643198194415183,0.49453086725668643
1.3400507764528888,4.646449856737443,0.10221500819613191,0.4749369101893337
1.4358902769679147,4.646449856737443,0.09797998879484944,0.4552591048989645
1.5385841519740941,4.646449856737443,0.0937382542394253,0.4355500979815957
1.6486226215728734,4.646449856737443,0.08950137264727166,0.41586364011471993
1.7665309660667667,4.646449856737443,0.08528104344110729,0.39625409207935264
1.8928720334405786,4.646449856737443,0.08108898755969601,0.37677591462973387
2.0282489261759444,4.646449856737443,0.07693683624387322,0.3574831517431769
2.1733078802249692,4.646449856737443,0.07283602048310202,0.3384289169390348
2.3287413498860743,4.646449856737443,0.06879766317170728,0.31966489218805016
2.4952913133080123,4.646449856737443,0.06483247592082357,0.3012408484542444
2.673752814401236,4.646449856737443,0.0609506623082461,0.28320419615020237
2.8649777580643074,4.646449856737443,0.0571618291331482,0.26559957278656665
3.0698789768422605,4.646449856737443,0.0534749069877341,0.24846847391220522
3.289434588429555,4.646449856737443,0.049898081176565495,0.23184893213432606
3.524692664818587,4.646449856737443,0.04643873372035745,0.21577524764202313
3.776776235382502,4.646449856737443,0.043103396887968784,0.2002777722949997
4.046888647774959,4.646449856737443,0.039897718420435685,0.18538274803878424
4.336319312237784,4.646449856737443,0.03682643835464357,0.1711121992170839
4.646449856737443,4.646449856737443,0.033893377129670145,0.15748387730850397
4.978760722312678,4.646449856737443,0.031101434471320535,0.14451125574359627
5.334838230116768,4.646449856737443,0.02845259840254096,0.13220357177129446
5.716382153889739,4.646449856737443,0.025947963619205674,0.12056591184108659
6.125213834008588,4.646449856737443,0.023587758399873496,0.10959933663784963
6.563284871848655,4.646449856737443,0.021371379180244725,0.09930104173032968
7.032686445959767,4.646449856737443,0.019297431912577535,0.08966454974559646
7.535659294528738,4.646449856737443,0.017363779340810386,0.080679930030529
8.07460441178074,4.646449856737443,0.015567593346892594,0.07233404187641587
8.652094509379817,4.646449856737443,0.013905411556463151,0.0646107975344034
9.270886297540766,4.646449856737443,0.012373197426881795,0.05749144141151902
9.933933644477731,4.646449856737443,0.010966403073165185,0.05095484198823343
10.644401677007258,4.646449856737443,0.00968003411441962,0.0449777931241586
11.405681889616837,4.646449856737443,0.008508715843166684,0.03953532151050145
12.221408334123376,4.646449856737443,0.007446760032292721,0.03460099708520463
13.095474967204968,4.646449856737443,0.006488231700334788,0.03014724325449991
14.032054238615942,4.646449856737443,0.005627015157727497,0.02614564377348235
15.035617008818157,4.646449856737443,0.004856878657610751,0.022567243142846617
16.110953891107577,4.646449856737443,0.004171536978495725,0.01938283739610641
17.263198120114698,4.646449856737443,0.003564711276300913,0.016563252199078726
18.497850055844463,4.646449856737443,0.0030301855635708206,0.014079605277741509
19.82080344022787,4.646449856737443,0.002561859207084761,0.011903550345740487
21.23837353152414,4.646449856737443,0.0021537948837086654,0.010007499928849965
22.757327250875505,4.646449856737443,0.0018002614993487874,0.008364824785739107
24.384915484922956,4.646449856737443,0.0014957716571689706,0.0069500280021646925
26.12890769868241,4.646449856737443,0.001235113357580605,0.005738892283384904
27.997629023909713,4.646449856737443,0.0010133757215258828,0.004708599476105141
30.0,4.646449856737443,0.0008259686468970048,0.0038378219010442075
0.03,4.978760722312678,0.19670405639028293,0.9793424298755189
0.03214557915712819,4.978760722312678,0.1964128736185773,0.9778927005287367
0.034444608644906484,4.978760722312678,0.1961016733216761,0.9763433087137531
0.03690806312437145,4.978760722312678,0.19576913987015845,0.9746877042264819
0.0395477021566922,4.978760722312678,0.1954138799132286,0.972918949906709
0.04237612633868262,4.978760722312678,0.19503441906530047,0.971029705141389
0.045406837453086234,4.978760722312678,0.19462919864901304,0.969012209648898
0.04865430292076789,4.978760722312678,0.19419657253384517,0.9668582677392534
0.052134024862481254,4.978760722312678,0.19373480411579339,0.9645592332766527
0.05586261409988602,4.978760722312678,0.19324206349050557,0.962105995605182
0.05985786944906639,4.978760722312678,0.1927164248798378,0.9594889667362583
0.06413886268506694,4.978760722312678,0.19215586438002674,0.956698070137319
0.0687260295830332,4.978760722312678,0.19155825810852217,0.9537227315053444
0.07364126747055089,4.978760722312678,0.19092138083597193,0.9505518719558376
0.07890803975686143,4.978760722312678,0.1902429051998259,0.9471739041075476
0.0845514879379336,4.978760722312678,0.18952040160643388,0.9435767315950377
0.09059855161206047,4.978760722312678,0.18875133893921592,0.9397477525944958
0.09707809707888847,4.978760722312678,0.18793308620130614,0.9356738680020659
0.10402105513575949,4.978760722312678,0.18706291523177612,0.9313414949572731
0.11146056872915173,4.978760722312678,0.18613800464484115,0.9267365864553899
0.11943215116604915,4.978760722312678,0.18515544515097823,0.9218446578400099
0.12797385564047778,4.978760722312678,0.18411224642720805,0.9166508210085362
0.13712645688446246,4.978760722312678,0.18300534571039445,0.9111398271961649
0.1469336458105338,4.978760722312678,0.1818316182917042,0.9052961192252884
0.15744223807493174,4.978760722312678,0.18058789009165804,0.899103894113666
0.1687023975571047,4.978760722312678,0.17927095249273517,0.8925471769224119
0.1807678758223073,4.978760722312678,0.17787757959943165,0.8856099066896972
0.1936962687103966,4.978760722312678,0.17640454808312564,0.8782760352335841
0.2075492912756809,4.978760722312678,0.17484865975013916,0.8705296395130065
0.22239307239027523,4.978760722312678,0.1732067669450788,0.8623550481049244
0.23829847041728436,4.978760722312678,0.17147580086698433,0.8537369821836518
0.2553414114607129,4.978760722312678,0.16965280283220385,0.8446607111712336
0.27360325180677286,4.978760722312678,0.16773495846459785,0.8351122229622883
0.29317116628674317,4.978760722312678,0.16571963473020457,0.8250784083107465
0.3141385644152698,4.978760722312678,0.16360441965976202,0.8145472585987833
0.33660553629058904,4.978760722312678,0.161387164518743,0.8035080757913319
0.3606793303852239,4.978760722312678,0.15906602809157763,0.7919516929166318
0.38647486550794,4.978760722312678,0.1566395226458552,0.7798707029109911
0.4141152793808653,4.978760722312678,0.15410656103549839,0.7672596931342208
0.4437325164504621,4.978760722312678,0.151466504291894,0.7541154823144867
0.47546795773833395,4.978760722312678,0.14871920894218038,0.74043735613474
0.5094730957385232,4.978760722312678,0.1458650731884918,0.7262272971481271
0.5459102575829949,4.978760722312678,0.14290508098576082,0.7114902042308183
0.5849533799274136,4.978760722312678,0.13984084297401694,0.6962340963741304
0.6267888392562115,4.978760722312678,0.1366746331596733,0.6804702953118754
0.6716163415705015,4.978760722312678,0.1334094202048006,0.6642135813021686
0.7196498757058468,4.978760722312678,0.13004889217934562,0.6474823163628025
0.7711187348306588,4.978760722312678,0.1265974736635123,0.6302985294199088
0.8262686110014498,4.978760722312678,0.12306033415991285,0.6126879581900473
0.8853627679999155,4.978760722312678,0.11944338688998217,0.5946800431878403
0.9486832980505137,4.978760722312678,0.11575327720706574,0.5763078700375104
1.0165324684176076,4.978760722312678,0.11199736005794343,0.5576080572591995
1.089234164310304,4.978760722312678,0.10818366616137726,0.5386205878800523
1.1671354349828413,4.978760722312678,0.10432085684022552,0.5193885845541187
1.2506081504110058,4.978760722312678,0.1004181677340923,0.4999580293211051
1.3400507764528888,4.978760722312678,0.09648534192175143,0.48037743063892485
1.4358902769679147,4.978760722312678,0.09253255328454912,0.4606974418284182
1.5385841519740941,4.978760722312678,0.08857032123065803,0.4409704365058169
1.6486226215728734,4.978760722312678,0.08460941816234384,0.4212500478844065
1.7665309660667667,4.978760722312678,0.08066077129199375,0.40159067994002456
1.8928720334405786,4.978760722312678,0.07673536058680588,0.38204699930208946
2.0282489261759444,4.978760722312678,0.07284411473837378,0.36267341731105346
2.1733078802249692,4.978760722312678,0.06899780710648604,0.3435235719474793
2.3287413498860743,4.978760722312678,0.06520695357423605,0.3246498192770727
2.4952913133080123,4.978760722312678,0.06148171417544419,0.3061027436771562
2.673752814401236,4.978760722312678,0.057831800220273594,0.28793069543733185
2.8649777580643074,4.978760722312678,0.05426638845864657,0.2701793633996716
3.0698789768422605,4.978760722312678,0.050794043593951656,0.2528913891730044
3.289434588429555,4.978760722312678,0.04742265020356409,0.23610602818147824
3.524692664818587,4.978760722312678,0.04415935485071413,0.21985886145340333
3.776776235382502,4.978760722312678,0.04101051889700937,0.20418156068609214
4.046888647774959,4.978760722312678,0.03798168225837582,0.18910170779536187
4.336319312237784,4.978760722312678,0.03507753809968258,0.17464266892612612
4.646449856737443,4.978760722312678,0.03230191824312247,0.16082352180421353
4.978760722312678,4.978760722312678,0.029657788878342542,0.14765903437813363
5.334838230116768,4.978760722312678,0.027147256011599445,0.13515969194911806
5.716382153889739,4.978760722312678,0.0247715799775636,0.12333176942192084
6.125213834008588,4.978760722312678,0.022531198259249704,0.11217744491979223
6.563284871848655,4.978760722312678,0.02042575581543113,0.10169495077741827
7.032686445959767,4.978760722312678,0.01845414209588011,0.09187875783094485
7.535659294528738,4.978760722312678,0.01661453392704226,0.08271978893548942
8.07460441178074,4.978760722312678,0.014904443468092606,0.07420565772686923
8.652094509379817,4.978760722312678,0.01332077046367383,0.06632092877548211
9.270886297540766,4.978760722312678,0.01185985804950482,0.059047395429078456
9.933933644477731,4.978760722312678,0.010517551395954063,0.05236437178508097
10.644401677007258,4.978760722312678,0.00928925849929861,0.04624899535571714
11.405681889616837,4.978760722312678,0.008170012448799302,0.040676537080887594
12.221408334123376,4.978760722312678,0.00715453450938953,0.035620715401779204
13.095474967204968,4.978760722312678,0.0062372973654802885,0.031054011136637607
14.032054238615942,4.978760722312678,0.005412587873062685,0.026947979908470414
15.035617008818157,4.978760722312678,0.00467456866774608,0.02327355887672769
16.110953891107577,4.978760722312678,0.004017337978981296,0.020001364538007074
17.263198120114698,4.978760722312678,0.003434987009066618,0.017101978402395183
18.497850055844463,4.978760722312678,0.002921654253060078,0.014546217439313305
19.82080344022787,4.978760722312678,0.002471576165394615,0.012305386334470893
21.23837353152414,4.978760722312678,0.002079133623022814,0.010351508818745641
22.757327250875505,4.978760722312678,0.0017388936945499055,0.00865753562670225
24.384915484922956,4.978760722312678,0.0014456463001875906,0.0071975270177306195
26.12890769868241,4.978760722312678,0.001194435437478102,0.005946808241454335
27.997629023909713,4.978760722312678,0.0009805847504987442,0.004882096840681925
30.0,4.978760722312678,0.000799717332596651,0.00398160124448487
0.03,5.334838230116768,0.18364760293043905,0.9797302529826103
0.03214557915712819,5.334838230116768,0.18338085398233586,0.978307190496426
0.034444608644906484,5.334838230116768,0.1830957522592067,0.9767862189244045
0.03690806312437145,5.334838230116768,0.18279108937624294,0.9751608917290718
0.0395477021566922,5.334838230116768,0.182465585244748,0.9734243798443117
0.04237612633868262,5.334838230116768,0.18211788496582237,0.971569455103677
0.045406837453086234,5.334838230116768,0.18174655576686205,0.9695884738971048
0.04865430292076789,5.334838230116768,0.18135008401583017,0.9674733612425386
0.052134024862481254,5.334838230116768,0.18092687235397004,0.9652155954894158
0.05586261409988602,5.334838230116768,0.1804752369939272,0.9628061939045869
0.05985786944906639,5.334838230116768,0.179993405237148,0.9602356994280368
0.06413886268506694,5.334838230116768,0.17947951327192976,0.9574941689258407
0.0687260295830332,5.334838230116768,0.1789316043216029,0.9545711633110139
0.07364126747055089,5.334838230116768,0.17834762722099606,0.9514557399491838
0.07890803975686143,5.334838230116768,0.17772543550852335,0.9481364478150225
0.0845514879379336,5.334838230116768,0.17706278713085716,0.9446013259167241
0.09059855161206047,5.334838230116768,0.17635734486709248,0.9408379055588522
0.09707809707888847,5.334838230116768,0.17560667758942025,0.9368332170678286
0.10402105513575949,5.334838230116768,0.1748082624874009,0.9325738016580731
0.11146056872915173,5.334838230116768,0.1739594883927119,0.9280457291689935
0.11943215116604915,5.334838230116768,0.1730576603504148,0.9232346224519556
0.12797385564047778,5.334838230116768,0.1721000055909649,0.918125689229989
0.13712645688446246,5.334838230116768,0.1710836810639136,0.9127037622888705
0.1469336458105338,5.334838230116768,0.17000578269899044,0.906953348883498
0.15744223807493174,5.334838230116768,0.16886335656239024,0.9008586902548786
0.1687023975571047,5.334838230116768,0.16765341207494022,0.8944038321469112
0.1807678758223073,5.334838230116768,0.16637293745361556,0.8875727071843741
0.1936962687103966,5.334838230116768,0.16501891752780035,0.8803492299197953
0.2075492912756809,5.334838230116768,0.16358835406588101,0.8727174052725399
0.22239307239027523,5.334838230116768,0.1620782887253462,0.8646614509638803
0.23829847041728436,5.334838230116768,0.1604858287096886,0.8561659343924181
0.2553414114607129,5.334838230116768,0.15880817517727558,0.8472159241908105
0.27360325180677286,5.334838230116768,0.15704265440030754,0.837797156453776
0.29317116628674317,5.334838230116768,0.15518675161554196,0.8278962153262283
0.3141385644152698,5.334838230116768,0.1532381474424025,0.8175007272879988
0.33660553629058904,5.334838230116768,0.15119475666855856,0.8065995680686283
0.3606793303852239,5.334838230116768,0.14905476911860072,0.7951830806751393
0.38647486550794,5.334838230116768,0.14681669222913543,0.7832433025232791
0.4141152793808653,5.334838230116768,0.1444793948551427,0.7707741991373511
0.4437325164504621,5.334838230116768,0.14204215173009915,0.7577719013377796
0.47546795773833395,5.334838230116768,0.13950468789917575,0.744234942285031
0.5094730957385232,5.334838230116768,0.13686722234445342,0.730164490213082
0.5459102575829949,5.334838230116768,0.13413050992789544,0.7155645721883932
0.5849533799274136,5.334838230116768,0.13129588069662537,0.7004422837972072
0.6267888392562115,5.334838230116768,0.12836527553112764,0.6848079793229321
0.6716163415705015,5.334838230116768,0.12534127707569115,0.6686754367550556
0.7196498757058468,5.334838230116768,0.12222713487700898,0.6520619918995061
0.7711187348306588,5.334838230116768,0.11902678367608843,0.634988635963035
0.8262686110014498,5.334838230116768,0.1157448538544425,0.617480071281958
0.8853627679999155,5.334838230116768,0.11238667313059339,0.5995647203727266
0.9486832980505137,5.334838230116768,0.10895825873829651,0.5812746842040186
1.0165324684176076,5.334838230116768,0.10546629949273127,0.5626456465227674
1.089234164310304,5.334838230116768,0.10191812736219906,0.5437167221937694
1.1671354349828413,5.334838230116768,0.0983216784053656,0.5245302488061907
1.2506081504110058,5.334838230116768,0.0946854432003393,0.5051315222207199
1.3400507764528888,5.334838230116768,0.09101840717247171,0.48556847822803634
1.4358902769679147,5.334838230116768,0.08732998151172311,0.46589132400413097
1.5385841519740941,5.334838230116768,0.08362992564577523,0.4461521245169044
1.6486226215728734,5.334838230116768,0.07992826248950216,0.42640435039580415
1.7665309660667667,5.334838230116768,0.07623518791310292,0.4067023949589572
1.8928720334405786,5.334838230116768,0.07256097604957767,0.38710106904387415
2.0282489261759444,5.334838230116768,0.06891588218871113,0.36765508296255933
2.1733078802249692,5.334838230116768,0.06531004507333045,0.34841852526785255
2.3287413498860743,5.334838230116768,0.06175339042140526,0.3294443480594394
2.4952913133080123,5.334838230116768,0.058255537444892015,0.3107838682770088
2.673752814401236,5.334838230116768,0.05482571002666315,0.2924862938435388
2.8649777580643074,5.334838230116768,0.05147265405694139,0.27459828266854586
3.0698789768422605,5.334838230116768,0.048204562229379515,0.2571635414473366
3.289434588429555,5.334838230116768,0.04502900736509071,0.24022246995549543
3.524692664818587,5.334838230116768,0.04195288508237117,0.22381185520112915
3.776776235382502,5.334838230116768,0.03898236637259594,0.20796461842494313
4.046888647774959,5.334838230116768,0.036122860390264605,0.19270961659115432
4.336319312237784,5.334838230116768,0.03337898752758932,0.1780714987447743
4.646449856737443,5.334838230116768,0.03075456262970101,0.16407061646744941
4.978760722312678,5.334838230116768,0.028252588021618372,0.15072298667746875
5.334838230116768,5.334838230116768,0.025875255866325584,0.1380403042097269
5.716382153889739,5.334838230116768,0.023623959255972323,0.12603000098548203
6.125213834008588,5.334838230116768,0.02149931135448132,0.11469534813507046
6.563284871848655,5.334838230116768,0.019501171856954568,0.10403559715455843
7.032686445959767,5.334838230116768,0.017628680004960998,0.09404615603696098
7.535659294528738,5.334838230116768,0.015880293391834555,0.08471879629222966
8.07460441178074,5.334838230116768,0.014253831802780984,0.0760418868271302
8.652094509379817,5.334838230116768,0.01274652535517433,0.06800065076593674
9.270886297540766,5.334838230116768,0.011355066229644134,0.06057744142741339
9.933933644477731,5.334838230116768,0.010075663307965542,0.05375203380911935
10.644401677007258,5.334838230116768,0.008904099056006918,0.047501928048732336
11.405681889616837,5.334838230116768,0.007835788006962,0.04180266142263135
12.221408334123376,5.334838230116768,0.006865836211020785,0.036628125500273744
13.095474967204968,5.334838230116768,0.005989101022998271,0.03195088510152262
14.032054238615942,5.334838230116768,0.005200250600856262,0.02774249571163568
15.035617008818157,5.334838230116768,0.00449382248801578,0.023973816008425037
16.110953891107577,5.334838230116768,0.0038642806539671724,0.020615312164684697
17.263198120114698,5.334838230116768,0.003306070374309405,0.017637350624322267
18.497850055844463,5.334838230116768,0.0028136703462904784,0.015010476130336329
19.82080344022787,5.334838230116768,0.0023816414620918304,0.012705671922398692
21.23837353152414,5.334838230116768,0.002004671701742624,0.01069459923328979
22.757327250875505,5.334838230116768,0.0016776166620215637,0.008949813504033519
24.384915484922956,5.334838230116768,0.0013955353073262927,0.007444955109002059
26.12890769868241,5.334838230116768,0.0011537206124983047,0.006154912830429689
27.997629023909713,5.334838230116768,0.0009477248641531689,0.005055958836916546
30.0,5.334838230116768,0.0007733794933957354,0.004125854487755908
0.03,5.716382153889739,0.17145327960471926,0.9800924677582846
0.03214557915712819,5.716382153889739,0.17120869560417404,0.9786943321424411
0.034444608644906484,5.716382153889739,0.17094727104277724,0.9771999294450839
0.03690806312437145,5.716382153889739,0.1706678952512003,0.9756029106558847
0.0395477021566922,5.716382153889739,0.1703693913829907,0.9738965484707842
0.04237612633868262,5.716382153889739,0.1700505135055439,0.9720737206628771
0.045406837453086234,5.716382153889739,0.16970994372267992,0.9701268936339593
0.04865430292076789,5.716382153889739,0.16934628936007515,0.9680481063253813
0.052134024862481254,5.716382153889739,0.16895808024998296,0.9658289546964729
0.05586261409988602,5.716382153889739,0.1685437661574074,0.9634605770115691
0.05985786944906639,5.716382153889739,0.16810171439618174,0.9609336402126031
0.06413886268506694,5.716382153889739,0.16763020769026307,0.9582383276934502
0.0687260295830332,5.716382153889739,0.16712744234297044,0.9553643288345924
0.07364126747055089,5.716382153889739,0.16659152678485775,0.9523008307022053
0.07890803975686143,5.716382153889739,0.16602048057936905,0.9490365123641031
0.0845514879379336,5.716382153889739,0.16541223397431717,0.9455595423258206
0.09059855161206047,5.716382153889739,0.16476462809645254,0.941857579642841
0.09707809707888847,5.716382153889739,0.16407541589581695,0.9379177793188848
0.10402105513575949,5.716382153889739,0.16334226395603219,0.9337268026542095
0.11146056872915173,5.716382153889739,0.16256275529592915,0.9292708332607938
0.11943215116604915,5.716382153889739,0.16173439329670228,0.9245355995114531
0.12797385564047778,5.716382153889739,0.16085460689673403,0.9195064042354396
0.13712645688446246,5.716382153889739,0.15992075720296745,0.914168162511577
0.1469336458105338,5.716382153889739,0.15893014567273367,0.9085054484387112
0.15744223807493174,5.716382153889739,0.15788002402271073,0.9025025517791068
0.1687023975571047,5.716382153889739,0.15676760602157763,0.8961435453697639
0.1807678758223073,5.716382153889739,0.15559008131923968,0.8894123641755549
0.1936962687103966,5.716382153889739,0.1543446314574835,0.8822928968122474
0.2075492912756809,5.716382153889739,0.15302844819377762,0.8747690902923507
0.22239307239027523,5.716382153889739,0.1516387542508498,0.8668250686376296
0.23829847041728436,5.716382153889739,0.15017282657883466,0.858445265854429
0.2553414114607129,5.716382153889739,0.14862802218343144,0.8496145735772956
0.27360325180677286,5.716382153889739,0.1470018065319876,0.8403185034490059
0.29317116628674317,5.716382153889739,0.14529178449920968,0.8305433640180759
0.3141385644152698,5.716382153889739,0.1434957337550313,0.8202764515965744
0.33660553629058904,5.716382153889739,0.14161164042904817,0.8095062541316614
0.3606793303852239,5.716382153889739,0.13963773680926364,0.798222666706027
0.38647486550794,5.716382153889739,0.13757254074853598,0.7864172168001999
0.4141152793808653,5.716382153889739,0.13541489636146514,0.7740832969315078
0.4437325164504621,5.716382153889739,0.1331640154994955,0.7612164017416126
0.47546795773833395,5.716382153889739,0.13081951939535705,0.7478143660520516
0.5094730957385232,5.716382153889739,0.128381479772888,0.7338775998636934
0.5459102575829949,5.716382153889739,0.12585045862865604,0.7194093157636883
0.5849533799274136,5.716382153889739,0.12322754581203735,0.7044157437475604
0.6267888392562115,5.716382153889739,0.12051439346533621,0.6889063280920941
0.6716163415705015,5.716382153889739,0.11771324634015659,0.6728939006552977
0.7196498757058468,5.716382153889739,0.11482696698554706,0.6563948248614674
0.7711187348306588,5.716382153889739,0.11185905481205752,0.6394291046786197
0.8262686110014498,5.716382153889739,0.10881365807770785,0.6220204531348691
0.8853627679999155,5.716382153889739,0.10569557791985477,0.6041963153661202
0.9486832980505137,5.716382153889739,0.10251026367252798,0.5859878418481705
1.0165324684176076,5.716382153889739,0.09926379886174552,0.5674298083405827
1.089234164310304,5.716382153889739,0.0959628774594065,0.5485604801448591
1.1671354349828413,5.716382153889739,0.09261477019529954,0.5294214195310095
1.2506081504110058,5.716382153889739,0.08922728097018506,0.5100572365780714
1.3400507764528888,5.716382153889739,0.08580869367250574,0.49051528515810316
1.4358902769679147,5.716382153889739,0.08236770996717074,0.47084530731310076
1.5385841519740941,5.716382153889739,0.07891337888605131,0.451099030767363
1.6486226215728734,5.716382153889739,0.07545501929483872,0.43132972571842193
1.7665309660667667,5.716382153889739,0.07200213652848687,0.41159172829337487
1.8928720334405786,5.716382153889739,0.0685643346672865,0.39193993908540004
2.0282489261759444,5.716382153889739,0.06515122605905545,0.3724293059480206
2.1733078802249692,5.716382153889739,0.061772339773631196,0.3531143006859987
2.3287413498860743,5.716382153889739,0.058437030700208795,0.33404839942098036
2.4952913133080123,5.716382153889739,0.05515439096550328,0.3152835762238604
2.673752814401236,5.716382153889739,0.0519331652636922,0.29686981910837656
2.8649777580643074,5.716382153889739,0.04878167155295369,0.2788546767022152
3.0698789768422605,5.716382153889739,0.045707728395949866,0.261282842897447
3.289434588429555,5.716382153889739,0.042718590012487755,0.24419578558671742
3.524692664818587,5.716382153889739,0.03982088988266543,0.22763142427727712
3.776776235382502,5.716382153889739,0.03702059349933425,0.21162386000600078
4.046888647774959,5.716382153889739,0.03432296063060175,0.19620315961743193
4.336319312237784,5.716382153889739,0.03173251722624935,0.18139519517013047
4.646449856737443,5.716382153889739,0.029253036894668495,0.16722153805176107
4.978760722312678,5.716382153889739,0.026887531695546748,0.15369940634656815
5.334838230116768,5.716382153889739,0.024638251842194314,0.14084166313376056
5.716382153889739,5.716382153889739,0.0225066937879517,0.12865686271250815
6.125213834008588,5.716382153889739,0.020493616083306423,0.11714934124728056
6.563284871848655,5.716382153889739,0.01859906233204134,0.10631934799396398
7.032686445959767,5.716382153889739,0.016822390542314575,0.09616321308185055
7.535659294528738,5.716382153889739,0.01516230815736148,0.08667354776251797
8.07460441178074,5.716382153889739,0.013616912055253637,0.07783947306373794
8.652094509379817,5.716382153889739,0.012183732822493064,0.06964687287426001
9.270886297540766,5.716382153889739,0.01085978262711597,0.06207866760476756
9.933933644477731,5.716382153889739,0.009641606039083655,0.05511510469665333
10.644401677007258,5.716382153889739,0.008525333165668815,0.04873406236419353
11.405681889616837,5.716382153889739,0.007506734485078248,0.04291136304448997
12.221408334123376,5.716382153889739,0.006581276771703874,0.0376210930875771
13.095474967204968,5.716382153889739,0.005744179511382856,0.03283592524760803
14.032054238615942,5.716382153889739,0.004990471206194331,0.028527440542589873
15.035617008818157,5.716382153889739,0.004315044967828737,0.02466644604732791
16.110953891107577,5.716382153889739,0.0037127127992713357,0.021223285188272677
17.263198120114698,5.716382153889739,0.003178257969597512,0.018168137137865054
18.497850055844463,5.716382153889739,0.0027064848992364612,0.015471301977767374
19.82080344022787,5.716382153889739,0.0022922659959669052,0.013103468431313506
21.23837353152414,5.716382153889739,0.001930584917416347,0.011035961168487502
22.757327250875505,5.716382153889739,0.0016165757853912018,0.009240964970020554
24.384915484922956,5.716382153889739,0.0013455579414501713,0.007691723403530373
26.12890769868241,5.716382153889739,0.0011130659111966302,0.006362710110867437
27.997629023909713,5.716382153889739,0.0009148743352275083,0.005229771322946266
30.0,5.716382153889739,0.0007470177250190744,0.004270238791938349
0.03,6.125213834008588,0.16006473806763244,0.9804307479488232
0.03214557915712819,6.125213834008588,0.1598402826077083,0.9790559102605771
0.034444608644906484,6.125213834008588,0.15960036160816285,0.9775863428350923
0.03690806312437145,6.125213834008588,0.15934395350293715,0.9760157883618118
0.0395477021566922,6.125213834008588,0.15906997562586953,0.974337615278985
0.04237612633868262,6.125213834008588,0.15877728148889006,0.9725448011020251
0.045406837453086234,6.125213834008588,0.15846465808262536,0.9706299158891376
0.04865430292076789,6.125213834008588,0.15813082322739339,0.9685851060155966
0.052134024862481254,6.125213834008588,0.15777442300727737,0.9664020784568982
0.05586261409988602,6.125213834008588,0.15739402932518542,0.9640720858129792
0.05985786944906639,6.125213834008588,0.1569881376225363,0.9615859123408035
0.06413886268506694,6.125213834008588,0.1565551648134796,0.9589338613010198
0.0687260295830332,6.125213834008588,0.15609344749035103,0.9561057439659912
0.07364126747055089,6.125213834008588,0.155601240464373,0.9530908706812743
0.07890803975686143,6.125213834008588,0.15507671571339593,0.9498780444203098
0.0845514879379336,6.125213834008588,0.15451796181668853,0.9464555573223914
0.09059855161206047,6.125213834008588,0.15392298396533588,0.9428111907563573
0.09707809707888847,6.125213834008588,0.15328970464558545,0.9389322195062305
0.10402105513575949,6.125213834008588,0.15261596510133194,0.9348054207292503
0.11146056872915173,6.125213834008588,0.15189952769066478,0.9304170883902304
0.11943215116604915,6.125213834008588,0.1511380792597623,0.9257530539273825
0.12797385564047778,6.125213834008588,0.15032923566510664,0.9207987139518484
0.13712645688446246,6.125213834008588,0.1494705475816488,0.9155390658239542
0.1469336458105338,6.125213834008588,0.14855950773974202,0.9099587519809738
0.15744223807493174,6.125213834008588,0.14759355973689053,0.9040421139109749
0.1687023975571047,6.125213834008588,0.1465701085710591,0.8977732566715918
0.1807678758223073,6.125213834008588,0.1454865330398292,0.8911361248375093
0.1936962687103966,6.125213834008588,0.14434020014337887,0.8841145907217925
0.2075492912756809,6.125213834008588,0.14312848161836722,0.8766925556494668
0.22239307239027523,6.125213834008588,0.14184877271356586,0.8688540649622735
0.23829847041728436,6.125213834008588,0.14049851329572735,0.8605834372966287
0.2553414114607129,6.125213834008588,0.13907521134499265,0.8518654084980171
0.27360325180677286,6.125213834008588,0.13757646886246278,0.8426852903104088
0.29317116628674317,6.125213834008588,0.13600001016787294,0.8330291437055639
0.3141385644152698,6.125213834008588,0.13434371251228483,0.8228839663923196
0.33660553629058904,6.125213834008588,0.13260563886928556,0.8122378936696949
0.3606793303852239,6.125213834008588,0.1307840726986164,0.80108041136155
0.38647486550794,6.125213834008588,0.12887755439912646,0.7894025790987238
0.4141152793808653,6.125213834008588,0.12688491908461677,0.777197261704155
0.4437325164504621,6.125213834008588,0.12480533522819909,0.7644593658978445
0.47546795773833395,6.125213834008588,0.12263834363053422,0.7511860789856472
0.5094730957385232,6.125213834008588,0.12038389607761917,0.7373771056464852
0.5459102575829949,6.125213834008588,0.11804239296813641,0.7230348984079072
0.5849533799274136,6.125213834008588,0.11561471911276251,0.70816487692451
0.6267888392562115,6.125213834008588,0.11310227684267482,0.692775630774621
0.6716163415705015,6.125213834008588,0.11050701551645291,0.676879100196379
0.7196498757058468,6.125213834008588,0.10783145648834745,0.660490729023721
0.7711187348306588,6.125213834008588,0.10507871260092418,0.6436295840829933
0.8262686110014498,6.125213834008588,0.10225250129528567,0.6263184354958649
0.8853627679999155,6.125213834008588,0.09935715049542829,0.6085837927222706
0.9486832980505137,6.125213834008588,0.09639759652158045,0.5904558917791627
1.0165324684176076,6.125213834008588,0.09337937342083995,0.5719686298883827
1.089234164310304,6.125213834008588,0.09030859327054094,0.5531594448305722
1.1671354349828413,6.125213834008588,0.08719191720707178,0.5340691374904876
1.2506081504110058,6.125213834008588,0.084036517154901,0.5147416374390996
1.3400507764528888,6.125213834008588,0.08085002847006405,0.49522371286482453
1.4358902769679147,6.125213834008588,0.07764049396045211,0.4755646276858215
1.5385841519740941,6.125213834008588,0.074416299991877,0.4558157501859782
1.6486226215728734,6.125213834008588,0.0711861056233994,0.4360301189536425
1.7665309660667667,6.125213834008588,0.06795876592714077,0.41626197319907415
1.8928720334405786,6.125213834008588,0.06474325082680427,0.3965662556230295
2.0282489261759444,6.125213834008588,0.061548560926834715,0.3769980968523684
2.1733078802249692,6.125213834008588,0.05838364189397189,0.35761229100876
2.3287413498860743,6.125213834008588,0.055257298990780114,0.33846277220827514
2.4952913133080123,6.125213834008588,0.05217811334523107,0.3196021016946775
2.673752814401236,6.125213834008588,0.04915436147309847,0.3010809748968815
2.8649777580643074,6.125213834008588,0.04619393945507022,0.28294775699755126
3.0698789768422605,6.125213834008588,0.04330429301478878,0.2652480546461457
3.289434588429555,6.125213834008588,0.04049235455610477,0.2480243302986336
3.524692664818587,6.125213834008588,0.037764488007569715,0.23131556437821746
3.776776235382502,6.125213834008588,0.035126442100074706,0.21515696909087925
4.046888647774959,6.125213834008588,0.03258331247991098,0.19957975635977543
4.336319312237784,6.125213834008588,0.0301395128439343,0.1846109610219459
4.646449856737443,6.125213834008588,0.02779875508416407,0.17027331920973834
4.978760722312678,6.125213834008588,0.025564038252468706,0.15658520075714605
5.334838230116768,6.125213834008588,0.02343764600639483,0.14356059355496575
5.716382153889739,6.125213834008588,0.021421152076982964,0.13120913704233786
6.125213834008588,6.125213834008588,0.019515433208844083,0.1195362014674824
6.563284871848655,6.125213834008588,0.017720688960291685,0.10854300916774189
7.032686445959767,6.125213834008588,0.016036467713879538,0.09822679388968703
7.535659294528738,6.125213834008588,0.014461698231145804,0.0885809940686718
8.07460441178074,6.125213834008588,0.012994726084907787,0.07959547598442943
8.652094509379817,6.125213834008588,0.011633354313090354,0.07125678277446451
9.270886297540766,6.125213834008588,0.0103748876550053,0.06354840539072339
9.933933644477731,6.125213834008588,0.009216179750010104,0.0564510717014717
10.644401677007258,6.125213834008588,0.008153682696197595,0.049943050048865956
11.405681889616837,6.125213834008588,0.007183498380889613,0.04400046365920335
12.221408334123376,6.125213834008588,0.006301431004073791,0.03859761236020341
13.095474967204968,6.125213834008588,0.0055030402205213606,0.033707298087843104
14.032054238615942,6.125213834008588,0.004783694327210906,0.029301150670700646
15.035617008818157,6.125213834008588,0.004138622921789539,0.025349950374290324
16.110953891107577,6.125213834008588,0.00356296845771105,0.021823943687307966
17.263198120114698,6.125213834008588,0.003051836125340255,0.018693148854061297
18.497850055844463,6.125213834008588,0.002600341498703195,0.015927647721003437
19.82080344022787,6.125213834008588,0.002203655407455743,0.013497860587135748
21.23837353152414,6.125213834008588,0.0018570455252853136,0.011374800941861348
22.757327250875505,6.125213834008588,0.0015559142108681346,0.009530307248940053
24.384915484922956,6.125213834008588,0.0012958321962969286,0.00793724929531168
26.12890769868241,6.125213834008588,0.0010725677902143917,0.006569707066533213
27.997629023909713,6.125213834008588,0.0008821113473908804,0.005403120628174576
30.0,6.125213834008588,0.0007206948509098673,0.004414410070891876
0.03,6.563284871848655,0.14942923844775155,0.9807466601159931
0.03214557915712819,6.563284871848655,0.1492230818586798,0.9793935956937067
0.034444608644906484,6.563284871848655,0.14900271124487446,0.977947240577918
0.03690806312437145,6.563284871848655,0.14876718635538597,0.9764014236337943
0.0395477021566922,6.563284871848655,0.14851551050421222,0.9747496033271761
0.04237612633868262,6.563284871848655,0.14824662802559993,0.9729848510229948
0.045406837453086234,6.563284871848655,0.1479594217442477,0.9710998343814958
0.04865430292076789,6.563284871848655,0.14765271048550038,0.969086801016934
0.052134024862481254,6.563284871848655,0.14732524665490965,0.9669375626115402
0.05586261409988602,6.563284871848655,0.14697571392128828,0.9646434797087471
0.05985786944906639,6.563284871848655,0.14660272504261945,0.9621954474440122
0.06413886268506694,6.563284871848655,0.14620481987991196,0.9595838825091836
0.0687260295830332,6.563284871848655,0.14578046365031608,0.9567987116872022
0.07364126747055089,6.563284871848655,0.14532804547752462,0.9538293623379707
0.07890803975686143,6.563284871848655,0.14484587730465162,0.9506647552632664
0.0845514879379336,6.563284871848655,0.14433219324236074,0.9472933004283229
0.09059855161206047,6.563284871848655,0.14378514943293794,0.9437028960696998
0.09707809707888847,6.563284871848655,0.1432028245191679,0.9398809317726523
0.10402105513575949,6.563284871848655,0.14258322081514854,0.9358142961555206
0.11146056872915173,6.563284871848655,0.14192426628439234,0.9314893898525723
0.11943215116604915,6.563284871848655,0.1412238174384946,0.9268921445387879
0.12797385564047778,6.563284871848655,0.14047966327703332,0.9220080487885458
0.13712645688446246,6.563284871848655,0.13968953039587648,0.9168221816028989
0.1469336458105338,6.563284871848655,0.13885108939632318,0.911319254474593
0.15744223807493174,6.563284871848655,0.1379619627310508,0.9054836628832537
0.1687023975571047,6.563284871848655,0.1370197341241645,0.8992995481218536
0.1807678758223073,6.563284871848655,0.13602195970117603,0.8927508703459361
0.1936962687103966,6.563284871848655,0.13496618095984317,0.8858214937049266
0.2075492912756809,6.563284871848655,0.13384993970379908,0.878495284355799
0.22239307239027523,6.563284871848655,0.13267079504709034,0.8707562220687015
0.23829847041728436,6.563284871848655,0.13142634257839922,0.8625885260072064
0.2553414114607129,6.563284871848655,0.13011423574816267,0.8539767950980655
0.27360325180677286,6.563284871848655,0.12873220950938466,0.8449061631925959
0.29317116628674317,6.563284871848655,0.1272781062031433,0.8353624689606369
0.3141385644152698,6.563284871848655,0.12574990363226207,0.825332440146052
0.33660553629058904,6.563284871848655,0.1241457452112129,0.8148038914491312
0.3606793303852239,6.563284871848655,0.12246397201720463,0.8037659348870161
0.38647486550794,6.563284871848655,0.12070315649711273,0.7922092010218806
0.4141152793808653,6.563284871848655,0.11886213750837922,0.7801260689443399
0.4437325164504621,6.563284871848655,0.11694005629070948,0.7675109023659437
0.47546795773833395,6.563284871848655,0.11493639288130117,0.7543602886226974
0.5094730957385232,6.563284871848655,0.11285100240201587,0.7406732768381069
0.5459102575829949,6.563284871848655,0.11068415056545201,0.7264516109596499
0.5849533799274136,6.563284871848655,0.10843654767192036,0.7116999528906104
0.6267888392562115,6.563284871848655,0.10610938030489911,0.6964260905163799
0.6716163415705015,6.563284871848655,0.1037043398829748,0.6806411250989796
0.7196498757058468,6.563284871848655,0.10122364719596288,0.6643596323146087
0.7711187348306588,6.563284871848655,0.09867007204609327,0.6475997911643407
0.8262686110014498,6.563284871848655,0.09604694713565341,0.6303834751226816
0.8853627679999155,6.563284871848655,0.09335817539336001,0.6127363002226331
0.9486832980505137,6.563284871848655,0.09060823001497097,0.5946876253222422
1.0165324684176076,6.563284871848655,0.08780214660988643,0.5762705005605053
1.089234164310304,6.563284871848655,0.0849455069937349,0.5575215609834944
1.1671354349828413,6.563284871848655,0.08204441434444378,0.5384808634865705
1.2506081504110058,6.563284871848655,0.07910545964145091,0.5191916665453691
1.3400507764528888,6.563284871848655,0.07613567952815287,0.499700153655043
1.4358902769679147,6.563284871848655,0.07314250596847123,0.4800551029119671
1.5385841519740941,6.563284871848655,0.0701337083004064,0.4603075066947037
1.6486226215728734,6.563284871848655,0.06711732851276044,0.440510146866697
1.7665309660667667,6.563284871848655,0.06410161077582432,0.4207171322660985
1.8928720334405786,6.563284871848655,0.06109492643320087,0.40098340640573377
2.0282489261759444,6.563284871848655,0.05810569580166509,0.38136423422330834
2.1733078802249692,6.563284871848655,0.05514230822236082,0.36191467735463645
2.3287413498860743,6.563284871848655,0.0522130418552088,0.34268906772149255
2.4952913133080123,6.563284871848655,0.04932598470721213,0.3237404892178835
2.673752814401236,6.563284871848655,0.04648895833510698,0.30512027694881005
2.8649777580643074,6.563284871848655,0.04370944556687079,0.2868775428459353
3.0698789768422605,6.563284871848655,0.040994523450660916,0.2690587355923677
3.289434588429555,6.563284871848655,0.03835080247144474,0.2517072416840893
3.524692664818587,6.563284871848655,0.03578437288388779,0.23486303319741197
3.776776235382502,6.563284871848655,0.033300758804690266,0.2185623664839045
4.046888647774959,6.563284871848655,0.030904880498261986,0.20283753464053342
4.336319312237784,6.563284871848655,0.028601025085554867,0.18771667526338615
4.646449856737443,6.563284871848655,0.026392825715060818,0.17322363374099684
4.978760722312678,6.563284871848655,0.024283249063877067,0.15937788122027738
5.334838230116768,6.563284871848655,0.022274590889956272,0.14619448541466787
5.716382153889739,6.563284871848655,0.020368479236829804,0.13368413163764847
6.125213834008588,6.563284871848655,0.018565884799931886,0.12185319083987783
6.563284871848655,6.563284871848655,0.01686713789810648,0.11070383099802737
7.032686445959767,6.563284871848655,0.015271951452410955,0.10023416793121591
7.535659294528738,6.563284871848655,0.01377944935329698,0.0904384514828988
8.07460441178074,6.563284871848655,0.012388199592283551,0.08130728297347631
8.652094509379817,6.563284871848655,0.011096251540696838,0.07282785987128287
9.270886297540766,6.563284871848655,0.009901176771392885,0.06498424371718223
9.933933644477731,6.563284871848655,0.008800112835531624,0.057757647444005876
10.644401677007258,6.563284871848655,0.007789809422112355,0.051126738334734134
11.405681889616837,6.563284871848655,0.006866676340743686,0.045067952947084114
12.221408334123376,6.563284871848655,0.006026832776713533,0.03955582038856555
13.095474967204968,6.563284871848655,0.0052661572716363216,0.034563290353706456
14.032054238615942,6.563284871848655,0.004580337883602476,0.030062062339403416
15.035617008818157,6.563284871848655,0.003964921979518839,0.026022912446236217
16.110953891107577,6.563284871848655,0.003415365111548688,0.022416014168467197
17.263198120114698,6.563284871848655,0.0029270784319677073,0.019211249591248133
18.497850055844463,6.563284871848655,0.0024954741091894918,0.01637850746893339
19.82080344022787,6.563284871848655,0.0021160082248486475,0.013887964770856454
21.23837353152414,6.563284871848655,0.0017842206598860913,0.011710348465070207
22.757327250875505,6.563284871848655,0.001495771518125622,0.009817174576655992
24.384915484922956,6.563284871848655,0.0012464736895994968,0.008180961910105753
26.12890769868241,6.563284871848655,0.0010323212226909869,0.00677541826377606
27.997629023909713,6.563284871848655,0.0008495132528850706,0.005575597481095524
30.0,6.563284871848655,0.0006944733245371633,0.004558026264837205
0.03,7.032686445959767,0.1394974278683184,0.981041670215773
0.03214557915712819,7.032686445959767,0.13930792447681797,0.9797089522829046
0.034444608644906484,7.032686445959767,0.1391053472852555,0.9782842904135427
0.03690806312437145,7.032686445959767,0.1388888303102666,0.9767615944182181
0.0395477021566922,7.032686445959767,0.13865745542124602,0.9751344073722675
0.04237612633868262,7.032686445959767,0.1384102499627432,0.9733958888948874
0.045406837453086234,7.032686445959767,0.13814618438565807,0.9715387984900762
0.04865430292076789,7.032686445959767,0.1378641699097711,0.9695554791079416
0.052134024862481254,7.032686445959767,0.13756305624404389,0.9674378411122884
0.05586261409988602,7.032686445959767,0.13724162939546014,0.9651773468708862
0.05985786944906639,7.032686445959767,0.13689860960195774,0.9627649962184258
0.06413886268506694,7.032686445959767,0.13653264943024282,0.9601913130790452
0.0687260295830332,7.032686445959767,0.1361423320849828,0.9574463335754121
0.07364126747055089,7.032686445959767,0.13572616998203646,0.9545195959946992
0.07890803975686143,7.032686445959767,0.13528260364497757,0.9514001330281812
0.0845514879379336,7.032686445959767,0.13481000099116533,0.9480764667503911
0.09059855161206047,7.032686445959767,0.13430665708094738,0.944536606855345
0.09707809707888847,7.032686445959767,0.13377079441117096,0.9407680527207125
0.10402105513575949,7.032686445959767,0.1332005638418987,0.9367577999251196
0.11146056872915173,7.032686445959767,0.13259404625293794,0.9324923518979991
0.11943215116604915,7.032686445959767,0.13194925503429172,0.9279577374341519
0.12797385564047778,7.032686445959767,0.1312641395216966,0.9231395348548075
0.13712645688446246,7.032686445959767,0.1305365894947311,0.9180229036414096
0.1469336458105338,7.032686445959767,0.12976444086021402,0.912592624405175
0.15744223807493174,7.032686445959767,0.12894548264736277,0.9068331480818486
0.1687023975571047,7.032686445959767,0.12807746544297896,0.9007286552537186
0.1807678758223073,7.032686445959767,0.12715811139425195,0.894263126496198
0.1936962687103966,7.032686445959767,0.126185125903042,0.8874204246200503
0.2075492912756809,7.032686445959767,0.12515621112809633,0.880184389628242
0.22239307239027523,7.032686445959767,0.12406908139991064,0.8725389471238305
0.23829847041728436,7.032686445959767,0.12292148063620362,0.8644682307875351
0.2553414114607129,7.032686445959767,0.1217112018235629,0.8559567193860445
0.27360325180677286,7.032686445959767,0.12043610860214775,0.846989388570463
0.29317116628674317,7.032686445959767,0.11909415895486505,0.8375518774748575
0.3141385644152698,7.032686445959767,0.11768343095980335,0.8276306698250511
0.33660553629058904,7.032686445959767,0.11620215051472164,0.8172132889162597
0.3606793303852239,7.032686445959767,0.11464872088512747,0.8062885054154604
0.38647486550794,7.032686445959767,0.11302175386334015,0.7948465564933131
0.4141152793808653,7.032686445959767,0.11132010225570974,0.782879374296585
0.4437325164504621,7.032686445959767,0.10954289334008793,0.7703808212440528
0.47546795773833395,7.032686445959767,0.1076895628574548,0.7573469290789547
0.5094730957385232,7.032686445959767,0.10575988902255325,0.7437761380551193
0.5459102575829949,7.032686445959767,0.10375402596124783,0.7296695320914254
0.5849533799274136,7.032686445959767,0.10167253591037971,0.7150310652232851
0.6267888392562115,7.032686445959767,0.09951641945282762,0.6998677742363476
0.6716163415705015,7.032686445959767,0.09728714301028976,0.6841899720146143
0.7196498757058468,7.032686445959767,0.09498666278309714,0.6680114159016383
0.7711187348306588,7.032686445959767,0.09261744431418045,0.6513494452877704
0.8262686110014498,7.032686445959767,0.09018247686683663,0.6342250827244822
0.8853627679999155,7.032686445959767,0.0876852818462322,0.6166630931501592
0.9486832980505137,7.032686445959767,0.08512991456477939,0.5986919963054369
1.0165324684176076,7.032686445959767,0.08252095875255713,0.5803440281267136
1.089234164310304,7.032686445959767,0.07986351334529673,0.5616550478301954
1.1671354349828413,7.032686445959767,0.07716317124195661,0.5426643885205807
1.2506081504110058,7.032686445959767,0.07442598990769896,0.5234146504510129
1.3400507764528888,7.032686445959767,0.07165845390059487,0.5039514374851464
1.4358902769679147,7.032686445959767,0.06886742961454395,0.48432303881829153
1.5385841519740941,7.032686445959767,0.06606011274839475,0.4645800595442097
1.6486226215728734,7.032686445959767,0.06324396922298488,0.4447750051431824
1.7665309660667667,7.032686445959767,0.06042667046439376,0.42496182634941937
1.8928720334405786,7.032686445959767,0.05761602414403414,0.4051954320678396
2.0282489261759444,7.032686445959767,0.05481990160612519,0.38553117899424466
2.1733078802249692,7.032686445959767,0.05204616331389376,0.3660243473018291
2.3287413498860743,7.032686445959767,0.0493025837028035,0.34672961215750303
2.4952913133080123,7.032686445959767,0.04659677683978652,0.32770052090657864
2.673752814401236,7.032686445959767,0.043936124251899536,0.30898898551433807
2.8649777580643074,7.032686445959767,0.04132770620858284,0.2906447992957078
3.0698789768422605,7.032686445959767,0.03877823762357296,0.2727151861335086
3.289434588429555,7.032686445959767,0.03629400959223442,0.25524438932884075
3.524692664818587,7.032686445959767,0.03388083740576675,0.2382733060013025
3.776776235382502,7.032686445959767,0.031544015694362916,0.22183917162488825
4.046888647774959,7.032686445959767,0.029288281156098103,0.20597529791194996
4.336319312237784,7.032686445959767,0.02711778313584351,0.190710865903923
4.646449856737443,7.032686445959767,0.02503606213662447,0.1760707748484454
4.978760722312678,7.032686445959767,0.023046036180973777,0.16207554628303267
5.334838230116768,7.032686445959767,0.021149994796708173,0.14874128173892917
5.716382153889739,7.032686445959767,0.01934960028307817,0.13607967164554313
6.125213834008588,7.032686445959767,0.017645895820493328,0.12409805236360154
6.563284871848655,7.032686445959767,0.016039319919391705,0.11279950779951854
7.032686445959767,7.032686445959767,0.014529726659234656,0.10218301173989985
7.535659294528738,7.032686445959767,0.01311641114387786,0.09224360687118548
8.07460441178074,7.032686445959767,0.011798139590746604,0.08297261638738494
8.652094509379817,7.032686445959767,0.010573183474030384,0.07435788410845928
9.270886297540766,7.032686445959767,0.009439357152226503,0.06638403910303671
9.933933644477731,7.032686445959767,0.008394058423897816,0.05903278090434057
10.644401677007258,7.032686445959767,0.007434311469211039,0.052283181504563715
11.405681889616837,7.032686445959767,0.006556811646294678,0.04611200039360773
12.221408334123376,7.032686445959767,0.0057579716193014935,0.040494008963282625
13.095474967204968,7.032686445959767,0.0050339682988991205,0.03540232062505899
14.032054238615942,7.032686445959767,0.004380790076349046,0.03080872299253499
15.035617008818157,7.032686445959767,0.00379428383081628,0.026684008469105954
16.110953891107577,7.032686445959767,0.003270201188192813,0.02299829957176512
17.263198120114698,7.032686445959767,0.002804243511045602,0.019721365331301036
18.497850055844463,7.032686445959767,0.002392105105996892,0.016822925156255494
19.82080344022787,7.032686445959767,0.002029514149476844,0.014272936650909365
21.23837353152414,7.032686445959767,0.001712270857543993,0.012041864051661546
22.757327250875505,7.032686445959767,0.0014362824619456943,0.010100924202695209
24.384915484922956,7.032686445959767,0.001197594603621982,0.008422307336646872
26.12890769868241,7.032686445959767,0.0009924188164134977,0.006979370358906639
27.997629023909713,7.032686445959767,0.0008171558468878419,0.005746800848644901
30.0,7.032686445959767,0.0006684146391597126,0.004700750573099598
0.03,7.535659294528738,0.1302231313088943,0.9813171498105057
0.03214557915712819,7.535659294528738,0.1300487993329142,0.9800034434353776
0.034444608644906484,7.535659294528738,0.12986243340193745,0.9785990532754293
0.03690806312437145,7.535659294528738,0.12966323541843536,0.9770979651396002
0.0395477021566922,7.535659294528738,0.1294503590800893,0.9754938015819578
0.04237612633868262,7.535659294528738,0.1292229076594844,0.9737798051702224
0.045406837453086234,7.535659294528738,0.1289799317876752,0.9719488217834773
0.04865430292076789,7.535659294528738,0.12872042726189534,0.969993284091812
0.052134024862481254,7.535659294528738,0.12844333290123758,0.9679051953974599
0.05586261409988602,7.535659294528738,0.12814752847808808,0.9656761140467907
0.05985786944906639,7.535659294528738,0.12783183275746576,0.9632971386554402
0.06413886268506694,7.535659294528738,0.12749500168121805,0.9607588944250279
0.0687260295830332,7.535659294528738,0.1271357267392534,0.9580515208693209
0.07364126747055089,7.535659294528738,0.1267526335756541,0.9551646613103734
0.07890803975686143,7.535659294528738,0.12634428088358587,0.9520874545509435
0.0845514879379336,7.535659294528738,0.12590915964937907,0.9488085291781462
0.09059855161206047,7.535659294528738,0.12544569281294252,0.9453160010044472
0.09707809707888847,7.535659294528738,0.12495223541871736,0.9415974742052005
0.10402105513575949,7.535659294528738,0.12442707533857779,0.9376400467661813
0.11146056872915173,7.535659294528738,0.12386843465531162,0.9334303209090247
0.11943215116604915,7.535659294528738,0.12327447180238578,0.9289544192157693
0.12797385564047778,7.535659294528738,0.12264328456241934,0.9241980072243282
0.13712645688446246,7.535659294528738,0.12197291403287805,0.9191463233126123
0.1469336458105338,7.535659294528738,0.12126134967266694,0.913784216727932
0.15744223807493174,7.535659294528738,0.1205065355471637,0.908096194647442
0.1687023975571047,7.535659294528738,0.11970637789138171,0.90206647917156
0.1807678758223073,7.535659294528738,0.11885875411090514,0.8956790751519482
0.1936962687103966,7.535659294528738,0.11796152333746933,0.8889178497347694
0.2075492912756809,7.535659294528738,0.11701253864998867,0.8817666244541903
0.22239307239027523,7.535659294528738,0.11600966106186088,0.8742092806359406
0.23829847041728436,7.535659294528738,0.11495077536086927,0.8662298787614195
0.2553414114607129,7.535659294528738,0.11383380786834524,0.8578127922946944
0.27360325180677286,7.535659294528738,0.1126567461588617,0.848942856283391
0.29317116628674317,7.535659294528738,0.11141766075009117,0.8396055308060743
0.3141385644152698,7.535659294528738,0.11011472873419358,0.8297870790503366
0.33660553629058904,7.535659294528738,0.108746259276976,0.8194747594657762
0.3606793303852239,7.535659294528738,0.10731072085910033,0.8086570310444583
0.38647486550794,7.535659294528738,0.10580677007510114,0.7973237703405011
0.4141152793808653,7.535659294528738,0.10423328174156454,0.7854664983550534
0.4437325164504621,7.535659294528738,0.10258937999656038,0.7730786148910208
0.47546795773833395,7.535659294528738,0.10087446999982634,0.7601556374348517
0.5094730957385232,7.535659294528738,0.09908826976926241,0.7466954410655132
0.5459102575829949,7.535659294528738,0.09723084161649642,0.7326984953422029
0.5849533799274136,7.535659294528738,0.09530262257557799,0.7181680936046186
0.6267888392562115,7.535659294528738,0.09330445315762087,0.703110569658147
0.6716163415705015,7.535659294528738,0.09123760371411234,0.6875354964387803
0.7196498757058468,7.535659294528738,0.08910379765648678,0.6714558609879125
0.7711187348306588,7.535659294528738,0.0869052307632224,0.6548882099440417
0.8262686110014498,7.535659294528738,0.0846445858117156,0.6378527598035901
0.8853627679999155,7.535659294528738,0.0823250418035402,0.6203734664393146
0.9486832980505137,7.535659294528738,0.0799502771106319,0.6024780488088816
1.0165324684176076,7.535659294528738,0.07752446595761407,0.5841979624468713
1.089234164310304,7.535659294528738,0.07505226777173851,0.5655683192095611
1.1671354349828413,7.535659294528738,0.07253880907511612,0.5466277508209443
1.2506081504110058,7.535659294528738,0.06998965776081012,0.5274182150261342
1.3400507764528888,7.535659294528738,0.06741078978012835,0.5079847445581471
1.4358902769679147,7.535659294528738,0.0648085484667748,0.48837514061856774
1.5385841519740941,7.535659294528738,0.06218959692688365,0.46863961410506666
1.6486226215728734,7.535659294528738,0.05956086412397988,0.44883037932603226
1.7665309660667667,7.535659294528738,0.05692948547583085,0.4290012063586835
1.8928720334405786,7.535659294528738,0.054302738947365765,0.40920693946708453
2.0282489261759444,7.535659294528738,0.05168797776245551,0.3895029900410426
2.1733078802249692,7.535659294528738,0.04909256096073941,0.36994481329601464
2.3287413498860743,7.535659294528738,0.04652378308896695,0.35058737845101273
2.4952913133080123,7.535659294528738,0.04398880433669597,0.33148464225502905
2.673752814401236,7.535659294528738,0.041494582403152486,0.31268903555890465
2.8649777580643074,7.535659294528738,0.03904780731744798,0.29425097214269413
3.0698789768422605,7.535659294528738,0.03665484033218496,0.2762183882386965
3.289434588429555,7.535659294528738,0.03432165787666229,0.2586363201819057
3.524692664818587,7.535659294528738,0.032053801397753746,0.24154652642796126
3.776776235382502,7.535659294528738,0.029856333742308748,0.2249871588657809
4.046888647774959,7.535659294528738,0.027733802553167666,0.20899248698240278
4.336319312237784,7.535659294528738,0.025690210969882558,0.19359267707359964
4.646449856737443,7.535659294528738,0.023728995752505512,0.1788136273922011
4.978760722312678,7.535659294528738,0.02185301278864846,0.16467685893423417
5.334838230116768,7.535659294528738,0.020064529805224603,0.15119946051708966
5.716382153889739,7.535659294528738,0.01836522598995001,0.13839408592728752
6.125213834008588,7.535659294528738,0.01675619813520354,0.12626900021851167
6.563284871848655,7.535659294528738,0.0152379728479781,0.11482817172164271
7.032686445959767,7.535659294528738,0.013810524322754284,0.10407140597507854
7.535659294528738,7.535659294528738,0.012473297146418627,0.09399451757482831
8.07460441178074,7.535659294528738,0.011225233592272768,0.08458953585286651
8.652094509379817,7.535659294528738,0.010064804859774656,0.0758449402891789
9.270886297540766,7.535659294528738,0.008990045723896596,0.06774592161751972
9.933933644477731,7.535659294528738,0.007998592069146618,0.060274664669008556
10.644401677007258,7.535659294528738,0.007087720795209184,0.0534106490874427
11.405681889616837,7.535659294528738,0.006254391591423043,0.04713096412752944
12.221408334123376,7.535659294528738,0.00549529008445029,0.04141063380101944
13.095474967204968,7.535659294528738,0.004806871866978367,0.03622294866200424
14.032054238615942,7.535659294528738,0.004185406915553306,0.03153980052457413
15.035617008818157,7.535659294528738,0.0036270239039044674,0.02733201639293561
16.110953891107577,7.535659294528738,0.0031277539162871343,0.023569687870267805
17.263198120114698,7.535659294528738,0.0026835730657727382,0.020222492315637317
18.497850055844463,7.535659294528738,0.002290443527580212,0.017260002057203013
19.82080344022787,7.535659294528738,0.0019443525099231333,0.01465197806324254
21.23837353152414,7.535659294528738,0.0016413487065857337,0.012368644636345507
22.757327250875505,7.535659294528738,0.0013775758081496748,0.010380941942601035
24.384915484922956,7.535659294528738,0.0011493026933848292,0.008660753523632301
26.12890769868241,7.535659294528738,0.0009529499788972873,0.007181106365698307
27.997629023909713,7.535659294528738,0.0007851126729478082,0.005916341611151452
30.0,7.535659294528738,0.0006425787568377252,0.004842254581430926
0.03,8.07460441178074,0.1215631542887475,0.9815743819299034
0.03214557915712819,8.07460441178074,0.12140265805420196,0.9802784383263677
0.034444608644906484,8.07460441178074,0.12123107708146331,0.9788929898469146
0.03690806312437145,8.07460441178074,0.12104767537572221,0.9774120936246093
0.0395477021566922,8.07460441178074,0.12085167236368197,0.975829446838867
0.04237612633868262,8.07460441178074,0.12064224082105196,0.9741383699807806
0.045406837453086234,8.07460441178074,0.12041850479996419,0.9723317901178311
0.04865430292076789,8.07460441178074,0.12017953757457608,0.9704022243054412
0.052134024862481254,8.07460441178074,0.11992435962636822,0.9683417633190529
0.05586261409988602,8.07460441178074,0.11965193669425743,0.9661420559095608
0.05985786944906639,8.07460441178074,0.1193611779186442,0.9637942938172304
0.06413886268506694,8.07460441178074,0.11905093411290765,0.9612891978147023
0.0687260295830332,8.07460441178074,0.11871999620066079,0.9586170050884483
0.07364126747055089,8.07460441178074,0.11836709386228304,0.9557674583100556
0.07890803975686143,8.07460441178074,0.11799089443984036,0.9527297967938906
0.0845514879379336,8.07460441178074,0.11759000215546238,0.9494927501858033
0.09059855161206047,8.07460441178074,0.11716295770452619,0.9460445351782474
0.09707809707888847,8.07460441178074,0.11670823829153583,0.9423728557999931
0.10402105513575949,8.07460441178074,0.1162242581832917,0.9384649078827509
0.11146056872915173,8.07460441178074,0.1157093698607056,0.9343073883616227
0.11943215116604915,8.07460441178074,0.11516186585727256,0.9298865101200348
0.12797385564047778,8.07460441178074,0.11457998137858162,0.9251880231412503
0.13712645688446246,8.07460441178074,0.11396189780309178,0.9201972427757508
0.1469336458105338,8.07460441178074,0.11330574716944311,0.9148990859744984
0.15744223807493174,8.07460441178074,0.11260961775948437,0.9092781163696753
0.1687023975571047,8.07460441178074,0.11187156088859448,0.9033185991038427
0.1807678758223073,8.07460441178074,0.11108959901532368,0.897004566312086
0.1936962687103966,8.07460441178074,0.11026173528039628,0.8903198941456879
0.2075492912756809,8.07460441178074,0.1093859645801701,0.8832483921859332
0.22239307239027523,8.07460441178074,0.10846028627117951,0.8757739060282681
0.23829847041728436,8.07460441178074,0.10748271858981198,0.8678804337154836
0.2553414114607129,8.07460441178074,0.10645131485390272,0.8595522565591835
0.27360325180677286,8.07460441178074,0.10536418149052296,0.8507740847070433
0.29317116628674317,8.07460441178074,0.10421949790598839,0.8415312175852675
0.3141385644152698,8.07460441178074,0.10301553817973463,0.8318097190680526
0.33660553629058904,8.07460441178074,0.1017506945229486,0.8215966068967552
0.3606793303852239,8.07460441178074,0.10042350239566769,0.8108800554905321
0.38647486550794,8.07460441178074,0.09903266712267234,0.7996496108591435
0.4141152793808653,8.07460441178074,0.09757709178943384,0.7878964158516967
0.4437325164504621,8.07460441178074,0.09605590613553197,0.7756134434595632
0.47546795773833395,8.07460441178074,0.0944684960956402,0.7627957353481479
0.5094730957385232,8.07460441178074,0.09281453356915059,0.749440642234835
0.5459102575829949,8.07460441178074,0.09109400593099702,0.7355480621772095
0.5849533799274136,8.07460441178074,0.08930724473090308,0.7211206723081323
0.6267888392562115,8.07460441178074,0.08745495296920112,0.7061641490771885
0.6716163415705015,8.07460441178074,0.08553823028791771,0.6906873716587373
0.7196498757058468,8.07460441178074,0.0835585953795747,0.6747026028941157
0.7711187348306588,8.07460441178074,0.08151800489668805,0.6582256419783613
0.8262686110014498,8.07460441178074,0.07941886814565667,0.6412759431075523
0.8853627679999155,8.07460441178074,0.07726405687257307,0.6238766944953564
0.9486832980505137,8.07460441178074,0.07505690949772525,0.6060548525649601
1.0165324684176076,8.07460441178074,0.0728012292315208,0.5878411267358988
1.089234164310304,8.07460441178074,0.07050127560739193,0.5692699110556169
1.1671354349828413,8.07460441178074,0.06816174909571857,0.5503791599629809
1.2506081504110058,8.07460441178074,0.0657877686142401,0.5312102066937536
1.3400507764528888,8.07460441178074,0.06338484192062128,0.5118075242122735
1.4358902769679147,8.07460441178074,0.060958829056191786,0.49221843003411414
1.5385841519740941,8.07460441178074,0.05851589919958897,0.4724927378363182
1.6486226215728734,8.07460441178074,0.05606248147741172,0.45268236027288467
1.7665309660667667,8.07460441178074,0.05360521045789031,0.43284086885771617
1.8928720334405786,8.07460441178074,0.05115086721487673,0.41302301807965447
2.0282489261759444,8.07460441178074,0.04870631698559328,0.3932842420134627
2.1733078802249692,8.07460441178074,0.0462784445500553,0.3736801325342269
2.3287413498860743,8.07460441178074,0.04387408852794255,0.3542659087905837
2.4952913133080123,8.07460441178074,0.04149997581686821,0.3350958878196781
2.673752814401236,8.07460441178074,0.039162657383531974,0.3162229660861249
2.8649777580643074,8.07460441178074,0.03686844656738257,0.29769812130848977
3.0698789768422605,8.07460441178074,0.034623360968478685,0.2795699432267551
3.289434588429555,8.07460441178074,0.03243306887237742,0.26188420100448734
3.524692664818587,8.07460441178074,0.030302841021693724,0.24468345380325854
3.776776235382502,8.07460441178074,0.02823750838400905,0.22800670977521512
4.046888647774959,8.07460441178074,0.02624142639703069,0.21188913735688358
4.336319312237784,8.07460441178074,0.024318446002146617,0.19636183137658478
4.646449856737443,8.07460441178074,0.022471891613998225,0.1814516351674487
4.978760722312678,8.07460441178074,0.020704546022553477,0.16718101865762766
5.334838230116768,8.07460441178074,0.01901864209020399,0.15356801132764
5.716382153889739,8.07460441178074,0.017415860992865184,0.14062618800794932
6.125213834008588,8.07460441178074,0.015897336662563353,0.12836470475109776
6.563284871848655,8.07460441178074,0.014463666019635057,0.11678838145266841
7.032686445959767,8.07460441178074,0.01311492453415876,0.1058978275036898
7.535659294528738,8.07460441178074,0.01185068662619726,0.0956896065145234
8.07460441178074,8.07460441178074,0.010670050399655413,0.08615643603098044
8.652094509379817,8.07460441178074,0.009571666201409252,0.07728741813799174
9.270886297540766,8.07460441178074,0.008553768502075627,0.069068296884211
9.933933644477731,8.07460441178074,0.00761421060381797,0.06148173853381627
10.644401677007258,8.07460441178074,0.006750501690853064,0.0545076307346955
11.405681889616837,8.07460441178074,0.005959845747460328,0.04812339676597585
12.221408334123376,8.07460441178074,0.005239181874765063,0.04230432108009967
13.095474967204968,8.07460441178074,0.004585225540730273,0.037023882380190394
14.032054238615942,8.07460441178074,0.003994510297900548,0.032254090474331365
15.035617008818157,8.07460441178074,0.0034634295015412726,0.02796582313303673
16.110953891107577,8.07460441178074,0.0029882775586063293,0.024129159158348044
17.263198120114698,8.07460441178074,0.0025652902375932715,0.020713703869968694
18.497850055844463,8.07460441178074,0.0021906835731724523,0.01768890324475388
19.82080344022787,8.07460441178074,0.0018606909098494552,0.01502434302963073
21.23837353152414,8.07460441178074,0.0015715976479196432,0.012690029301436185
22.757327250875505,8.07460441178074,0.0013197732842139057,0.01065664718326396
24.384915484922956,8.07460441178074,0.001101700380588903,0.008895794753563677
26.12890769868241,8.07460441178074,0.000914000145005889,0.007380189603232788
27.997629023909713,8.07460441178074,0.0007534543727837669,0.006083846002555295
30.0,8.07460441178074,0.000617023567825367,0.0049822212229354
0.03,8.652094509379817,0.11347709685001886,0.9818145665964098
0.03214557915712819,8.652094509379817,0.11332923105352463,0.9805352177504371
0.034444608644906484,8.652094509379817,0.11317114782907527,0.9791674667521537
0.03690806312437145,8.652094509379817,0.11300216803991035,0.9777054376461238
0.0395477021566922,8.652094509379817,0.11282157130767052,0.9761428976506996
0.04237612633868262,8.652094509379817,0.1126285940785501,0.9744732404261914
0.045406837453086234,8.652094509379817,0.11242242768623652,0.9726894693152364
0.04865430292076789,8.652094509379817,0.11220221642811674,0.9707841806979548
0.052134024862481254,8.652094509379817,0.11196705567419411,0.9687495476301191
0.05586261409988602,8.652094509379817,0.11171599003146143,0.9665773039611378
0.05985786944906639,8.652094509379817,0.11144801159013751,0.964258729160327
0.06413886268506694,8.652094509379817,0.1111620582822011,0.9617846341147913
0.0687260295830332,8.652094509379817,0.11085701238706419,0.9591453482003683
0.07364126747055089,8.652094509379817,0.1105316992240104,0.9563307079684817
0.07890803975686143,8.652094509379817,0.11018488607617709,0.9533300478363324
0.0845514879379336,8.652094509379817,0.10981528139636083,0.9501321932154531
0.09059855161206047,8.652094509379817,0.10942153435073497,0.946725456563909
0.09707809707888847,8.652094509379817,0.10900223476263567,0.9430976368999299
0.10402105513575949,8.652094509379817,0.10855591352481322,0.9392360233687467
0.11146056872915173,8.652094509379817,0.10808104355486389,0.9351274035090787
0.11943215116604915,8.652094509379817,0.10757604137481058,0.9307580769198146
0.12797385564047778,8.652094509379817,0.10703926940182502,0.9261138750795573
0.13712645688446246,8.652094509379817,0.106469039042668,0.9211801881200131
0.1469336458105338,8.652094509379817,0.10586361468931593,0.9159419993965309
0.15744223807493174,8.652094509379817,0.10522121871714464,0.9103839287328599
0.1687023975571047,8.652094509379817,0.1045400375896052,0.9044902852393828
0.1807678758223073,8.652094509379817,0.10381822917416053,0.8982451306112897
0.1936962687103966,8.652094509379817,0.10305393137290735,0.891632353801536
0.2075492912756809,8.652094509379817,0.1022452721673035,0.8846357579287716
0.22239307239027523,8.652094509379817,0.1013903811692342,0.8772391602182579
0.23829847041728436,8.652094509379817,0.10048740275974023,0.8694265056793866
0.2553414114607129,8.652094509379817,0.09953451088155037,0.8611819950920676
0.27360325180677286,8.652094509379817,0.09852992553158268,0.8524902277014087
0.29317116628674317,8.652094509379817,0.09747193097432844,0.8433363588016355
0.3141385644152698,8.652094509379817,0.0963588956661169,0.8337062721227126
0.33660553629058904,8.652094509379817,0.09518929384341787,0.8235867666143777
0.3606793303852239,8.652094509379817,0.09396172868548702,0.8129657568515383
0.38647486550794,8.652094509379817,0.09267495691294104,0.8018324858634683
0.4141152793808653,8.652094509379817,0.09132791462969495,0.7901777487206922
0.4437325164504621,8.652094509379817,0.08991974415686199,0.7779941247044234
0.47546795773833395,8.652094509379817,0.08844982154485365,0.7652762153438528
0.5094730957385232,8.652094509379817,0.0869177843855758,0.7520208850498992
0.5459102575829949,8.652094509379817,0.08532355948228731,0.7382275005174402
0.5849533799274136,8.652094509379817,0.08366738987277543,0.7238981645323808
0.6267888392562115,8.652094509379817,0.08194986064480783,0.709037939329383
0.6716163415705015,8.652094509379817,0.08017192293444701,0.6936550542275508
0.7196498757058468,8.652094509379817,0.07833491546107463,0.6777610919534959
0.7711187348306588,8.652094509379817,0.07644058293122744,0.6613711478730655
0.8262686110014498,8.652094509379817,0.07449109063981982,0.6445039563224993
0.8853627679999155,8.652094509379817,0.07248903461488618,0.6271819783817001
0.9486832980505137,8.652094509379817,0.07043744669289431,0.6094314457863244
1.0165324684176076,8.652094509379817,0.06833979397739985,0.5912823562440092
1.089234164310304,8.652094509379817,0.0661999722247125,0.5727684162065313
1.1671354349828413,8.652094509379817,0.06402229281546841,0.5539269281466211
1.2506081504110058,8.652094509379817,0.061811463108324624,0.5347986205762686
1.3400507764528888,8.652094509379817,0.059572560127780616,0.5154274203912697
1.4358902769679147,8.652094509379817,0.0573109977074199,0.495860168591447
1.5385841519740941,8.652094509379817,0.05503248738650324,0.47614628195427866
1.6486226215728734,8.652094509379817,0.05274299353479904,0.4563373647706899
1.7665309660667667,8.652094509379817,0.05044868335024261,0.43648677622007503
1.8928720334405786,8.652094509379817,0.04815587252884524,0.41664916030121624
2.0282489261759444,8.652094509379817,0.04587096753900829,0.39687994638419344
2.1733078802249692,8.652094509379817,0.043600405536724965,0.3772348293510314
2.3287413498860743,8.652094509379817,0.04135059302910682,0.35776923890673445
2.4952913133080123,8.652094509379817,0.039127844427998645,0.33853780793935473
2.673752814401236,8.652094509379817,0.03693832163182995,0.31959384977646166
2.8649777580643074,8.652094509379817,0.03478797573302957,0.3009888538321835
3.0698789768422605,8.652094509379817,0.03268249187301038,0.2827720084873236
3.289434588429555,8.652094509379817,0.03062723816139909,0.26498975913370904
3.524692664818587,8.652094509379817,0.02862721944675479,0.24768540819407822
3.776776235382502,8.652094509379817,0.026687036579389967,0.23089876266015824
4.046888647774959,8.652094509379817,0.024810851650481757,0.21466583333817038
4.336319312237784,8.652094509379817,0.023002359532811656,0.1990185886166202
4.646449856737443,8.652094509379817,0.021264765894089602,0.18398476423549984
4.978760722312678,8.652094509379817,0.019600771709869406,0.16958772929056834
5.334838230116768,8.652094509379817,0.018012564174301863,0.15584640759232873
5.716382153889739,8.652094509379817,0.016501813796719805,0.14277525254540754
6.125213834008588,8.652094509379817,0.015069677382131458,0.1303842729360648
6.563284871848655,8.652094509379817,0.013716806524475393,0.1186791064166388
7.032686445959767,8.652094509379817,0.012443361192002428,0.1076611370475541
7.535659294528738,8.652094509379817,0.01124902795235091,0.09732765298239539
8.07460441178074,8.652094509379817,0.010133042367913332,0.08767204023473599
8.652094509379817,8.652094509379817,0.00909421508661536,0.07868400841802384
9.270886297540766,8.652094509379817,0.008130961155731748,0.07034984437148722
9.933933644477731,8.652094509379817,0.007241332093484326,0.06265268964663159
10.644401677007258,8.652094509379817,0.006423050261946828,0.05557283790486075
11.405681889616837,8.652094509379817,0.00567354509288075,0.04908804834683234
12.221408334123376,8.652094509379817,0.004989990723977215,0.04317387134477948
13.095474967204968,8.652094509379817,0.00436934460584662,0.03780398247383386
14.032054238615942,8.652094509379817,0.003808386640090587,0.03295052113832321
15.035617008818157,8.652094509379817,0.0033037584067816717,0.028584429971633112
16.110953891107577,8.652094509379817,0.0028520020371799793,0.02467579116662495
17.263198120114698,8.652094509379817,0.002449598286499911,0.021194155884812084
18.497850055844463,8.652094509379817,0.0020930033642162084,0.01810886291564854
19.82080344022787,8.652094509379817,0.0017786840879939585,0.015389342831653774
21.23837353152414,8.652094509379817,0.0015031509438563622,0.01300540402810872
22.757327250875505,8.652094509379817,0.0012629886612695541,0.010927497261579273
24.384915484922956,8.652094509379817,0.0010548839484438091,0.009126955618363582
26.12890769868241,8.652094509379817,0.0008756500806467228,0.007576207254901503
27.997629023909713,8.652094509379817,0.0007222480922561206,0.006248958753419228
30.0,8.652094509379817,0.0005918043904506165,0.005120347517244648
0.03,9.270886297540766,0.10592717832068141,0.9820388260303626
0.03214557915712819,9.270886297540766,0.1057908540953401,0.980774979637623
0.034444608644906484,9.270886297540766,0.1056451056526088,0.9794237623970174
0.03690806312437145,9.270886297540766,0.10548930595361651,0.9779793611024689
0.0395477021566922,9.270886297540766,0.10532278978981102,0.9764356086811254
0.04237612633868262,9.270886297540766,0.10514485197902429,0.9747859674692885
0.045406837453086234,9.270886297540766,0.10495474555586447,0.9730235124357415
0.04865430292076789,9.270886297540766,0.10475167997132688,0.97114091449055
0.052134024862481254,9.270886297540766,0.10453481931922691,0.9691304240425205
0.05586261409988602,9.270886297540766,0.10430328061007874,0.9669838549965284
0.05985786944906639,9.270886297540766,0.10405613211639887,0.964692569413014
0.06413886268506694,9.270886297540766,0.10379239181710782,0.9622474630862072
0.0687260295830332,9.270886297540766,0.10351102597275158,0.959638952335169
0.07364126747055089,9.270886297540766,0.10321094786766637,0.9568569623425425
0.07890803975686143,9.270886297540766,0.1028910167599579,0.9538909174199312
0.0845514879379336,9.270886297540766,0.10255003708524472,0.9507297336258926
0.09059855161206047,9.270886297540766,0.10218675796548984,0.9473618142123745
0.09707809707888847,9.270886297540766,0.10179987307987243,0.9437750484275784
0.10402105513575949,9.270886297540766,0.1013880209604559,0.9399568142570667
0.11146056872915173,9.270886297540766,0.1009497857813083,0.9358939857396068
0.11943215116604915,9.270886297540766,0.10048369871559527,0.9315729455486269
0.12797385564047778,9.270886297540766,0.09998823994085204,0.9269796035828636
0.13712645688446246,9.270886297540766,0.09946184137795441,0.9220994223590507
0.1469336458105338,9.270886297540766,0.09890289025402729,0.9169174500432398
0.15744223807493174,9.270886297540766,0.09830973358337997,0.9114183619930406
0.1687023975571047,9.270886297540766,0.0976806836632262,0.9055865117078179
0.1807678758223073,9.270886297540766,0.09701402468207224,0.8994059920943053
0.1936962687103966,9.270886297540766,0.09630802053783502,0.8928607079474894
0.2075492912756809,9.270886297540766,0.09556092395953268,0.8859344605167666
0.22239307239027523,9.270886297540766,0.09477098702029765,0.8786110449708913
0.23829847041728436,9.270886297540766,0.09393647311998864,0.8708743614874092
0.2553414114607129,9.270886297540766,0.09305567050231356,0.8627085405683673
0.27360325180677286,9.270886297540766,0.0921269073536237,0.8540980830195176
0.29317116628674317,9.270886297540766,0.09114856850794026,0.8450280148207192
0.3141385644152698,9.270886297540766,0.09011911375494736,0.835484056857259
0.33660553629058904,9.270886297540766,0.08903709771435549,0.8254528091728165
0.3606793303852239,9.270886297540766,0.08790119120109464,0.8149219490437393
0.38647486550794,9.270886297540766,0.0867102039613217,0.8038804417619824
0.4141152793808653,9.270886297540766,0.08546310860957118,0.7923187625537117
0.4437325164504621,9.270886297540766,0.08415906554318497,0.7802291275581488
0.47546795773833395,9.270886297540766,0.08279744855242172,0.767605731255983
0.5094730957385232,9.270886297540766,0.08137787078474801,0.7544449871813633
0.5459102575829949,9.270886297540766,0.07990021066152578,0.74074576819256
0.5849533799274136,9.270886297540766,0.07836463728681024,0.7265096420340413
0.6267888392562115,9.270886297540766,0.07677163483380775,0.7117410974205516
0.6716163415705015,9.270886297540766,0.07512202534756232,0.6964477554382257
0.7196498757058468,9.270886297540766,0.07341698936571595,0.6806405607173122
0.7711187348306588,9.270886297540766,0.07165808373585715,0.664333946614787
0.8262686110014498,9.270886297540766,0.06984725600109647,0.6475459685813874
0.8853627679999155,9.270886297540766,0.06798685473784129,0.6302984000019474
0.9486832980505137,9.270886297540766,0.06607963526354232,0.6126167851112662
1.0165324684176076,9.270886297540766,0.06412876018896649,0.5945304441141672
1.089234164310304,9.270886297540766,0.06213779436988156,0.5760724263831407
1.1671354349828413,9.270886297540766,0.06011069391635452,0.5572794085647982
1.2506081504110058,9.270886297540766,0.05805178904234617,0.5381915355804142
1.3400507764528888,9.270886297540766,0.055965760680794605,0.5188522038270245
1.4358902769679147,9.270886297540766,0.05385761094551381,0.49930778733304565
1.5385841519740941,9.270886297540766,0.051732627685448555,0.4796073091448031
1.6486226215728734,9.270886297540766,0.04959634354268512,0.4598020617580039
1.7665309660667667,9.270886297540766,0.04745449008612236,0.4399451818962159
1.8928720334405786,9.270886297540766,0.04531294774070705,0.4200911863105018
2.0282489261759444,9.270886297540766,0.043177692360776516,0.4002954764669536
2.1733078802249692,9.270886297540766,0.04105473939923315,0.3806138209454577
2.3287413498860743,9.270886297540766,0.03895008669708279,0.3611018250480097
2.4952913133080123,9.270886297540766,0.036869656956926435,0.3418143974769979
2.673752814401236,9.270886297540766,0.034819240967706624,0.3228052239782815
2.8649777580643074,9.270886297540766,0.0328044426166857,0.3041262575534938
3.0698789768422605,9.270886297540766,0.030830626660453428,0.2858272342509927
3.289434588429555,9.270886297540766,0.02890287013360852,0.2679552226812715
3.524692664818587,9.270886297540766,0.02702591815692315,0.25055421431947705
3.776776235382502,9.270886297540766,0.025204144772579217,0.2336647604133384
4.046888647774959,9.270886297540766,0.02344151928931642,0.21732365997286116
4.336319312237784,9.270886297540766,0.02174157847197813,0.20156370194276937
4.646449856737443,9.270886297540766,0.020107404764534657,0.18641346331063025
4.978760722312678,9.270886297540766,0.018541610598963625,0.17189716363626853
5.334838230116768,9.270886297540766,0.017046328719049028,0.15803457534480725
5.716382153889739,9.270886297540766,0.015623208341585334,0.14484098813762808
6.125213834008588,9.270886297540766,0.014273416889612886,0.13232722506099903
6.563284871848655,9.270886297540766,0.012997646963751925,0.12049970713652007
7.032686445959767,9.270886297540766,0.011796128167767341,0.1093605629945889
7.535659294528738,9.270886297540766,0.01066864337144778,0.09890777964570435
8.07460441178074,9.270886297540766,0.009614548975171538,0.08913539035095243
8.652094509379817,9.270886297540766,0.008632798733106,0.08003369548417971
9.270886297540766,9.270886297540766,0.007721970692579569,0.0715895122838473
9.933933644477731,9.270886297540766,0.00688029681259804,0.06378644944292858
10.644401677007258,9.270886297540766,0.006105694831913394,0.05660520255415136
11.405681889616837,9.270886297540766,0.005395801964202974,0.050023866494172904
12.221408334123376,9.270886297540766,0.004748010003197004,0.04401826087922559
13.095474967204968,9.270886297540766,0.004159501423191413,0.038562264748866586
14.032054238615942,9.270886297540766,0.0036272860602885376,0.03362815663358963
15.035617008818157,9.270886297540766,0.003148237957638062,0.029186956142864436
16.110953891107577,9.270886297540766,0.00271913195524864,0.02520876318511985
17.263198120114698,9.270886297540766,0.0023366796034064823,0.02166309091696415
18.497850055844463,9.270886297540766,0.0019975639804323294,0.018519188534651072
19.82080344022787,9.270886297540766,0.0016984730025428397,0.015746350086017335
21.23837353152414,9.270886297540766,0.0014361308278973905,0.013314205613829793
22.757327250875505,9.270886297540766,0.0012073269800863113,0.011192991156333456
24.384915484922956,9.270886297540766,0.0010089428494009847,0.009353794437513326
26.12890769868241,9.270886297540766,0.0008379752736242798,0.007768773481921311
27.997629023909713,9.270886297540766,0.0006915569534797838,0.006411345883984765
30.0,9.270886297540766,0.0005669735202478278,0.005256347039934039
0.03,9.933933644477731,0.09887807234310088,0.9822482095502328
0.03214557915712819,9.933933644477731,0.09875230491349515,0.980998844249893
0.034444608644906484,9.933933644477731,0.09861783937121445,0.9796630724754078
0.03690806312437145,9.933933644477731,0.0984740964513098,0.9782351398472117
0.0395477021566922,9.933933644477731,0.09832046154842793,0.9767089409165073
0.04237612633868262,9.933933644477731,0.0981562830344616,0.9750780024529168
0.045406837453086234,9.933933644477731,0.0979808705686256,0.9733354666568879
0.04865430292076789,9.933933644477731,0.09779349341343638,0.971474074430747
0.052134024862481254,9.933933644477731,0.09759337877255334,0.9694861488669264
0.05586261409988602,9.933933644477731,0.09737971016920868,0.9673635791393925
0.05985786944906639,9.933933644477731,0.09715162588702675,0.9650978050148488
0.06413886268506694,9.933933644477731,0.09690821749842708,0.9626798022339904
0.0687260295830332,9.933933644477731,0.09664852850952615,0.9601000690500471
0.07364126747055089,9.933933644477731,0.0963715531545037,0.9573486142520984
0.07890803975686143,9.933933644477731,0.09607623537677688,0.9544149470441256
0.0845514879379336,9.933933644477731,0.0957614680390144,0.9512880691973442
0.09059855161206047,9.933933644477731,0.09542609240899601,0.9479564699427665
0.09707809707888847,9.933933644477731,0.09506889797354014,0.9444081241227711
0.10402105513575949,9.933933644477731,0.09468862263812108,0.9406304941740868
0.11146056872915173,9.933933644477731,0.09428395337529992,0.9366105365692616
0.11943215116604915,9.933933644477731,0.09385352739058696,0.9323347133982641
0.12797385564047778,9.933933644477731,0.09339593387970951,0.927789009825064
0.13712645688446246,9.933933644477731,0.09290971645630137,0.9229589582041386
0.1469336458105338,9.933933644477731,0.09239337633355844,0.9178296696868288
0.15744223807493174,9.933933644477731,0.09184537634717362,0.9123858741849072
0.1687023975571047,9.933933644477731,0.0912641459095838,0.9066119695857393
0.1807678758223073,9.933933644477731,0.09064808698690735,0.9004920811267829
0.1936962687103966,9.933933644477731,0.08999558118954781,0.8940101318331762
0.2075492912756809,9.933933644477731,0.08930499806487809,0.8871499248967112
0.22239307239027523,9.933933644477731,0.08857470467525705,0.8798952388232151
0.23829847041728436,9.933933644477731,0.08780307653639824,0.8722299360935797
0.2553414114607129,9.933933644477731,0.08698850997932968,0.8641380859666499
0.27360325180677286,9.933933644477731,0.08612943598338882,0.8556041018952771
0.29317116628674317,9.933933644477731,0.08522433550744644,0.8466128938256804
0.3141385644152698,9.933933644477731,0.08427175632147849,0.8371500354011641
0.33660553629058904,9.933933644477731,0.08327033131042536,0.8272019457914419
0.3606793303852239,9.933933644477731,0.08221879818685901,0.8167560855169634
0.38647486550794,9.933933644477731,0.08111602050836078,0.8058011652341508
0.4141152793808653,9.933933644477731,0.0799610098499741,0.794327365995073
0.4437325164504621,9.933933644477731,0.07875294893218257,0.7823265689992451
0.47546795773833395,9.933933644477731,0.07749121545144237,0.769792592324556
0.5094730957385232,9.933933644477731,0.07617540630458898,0.7567214315709175
0.5459102575829949,9.933933644477731,0.07480536184202796,0.7431115007898522
0.5849533799274136,9.933933644477731,0.0733811897294777,0.7289638695254622
0.6267888392562115,9.933933644477731,0.07190328794647306,0.7142824912800388
0.6716163415705015,9.933933644477731,0.07037236640448305,0.6990744182670086
0.7196498757058468,9.933933644477731,0.06878946663117948,0.683349996953152
0.7711187348306588,9.933933644477731,0.06715597894305075,0.6671230386502099
0.8262686110014498,9.933933644477731,0.06547365651906976,0.6504109593217658
0.8853627679999155,9.933933644477731,0.06374462579614068,0.6332348828509249
0.9486832980505137,9.933933644477731,0.06197139263477724,0.615619702289753
1.0165324684176076,9.933933644477731,0.06015684375246452,0.5975940940981973
1.089234164310304,9.933933644477731,0.0583042429931356,0.5791904810853148
1.1671354349828413,9.933933644477731,0.05641722209383489,0.5604449406859188
1.2506081504110058,9.933933644477731,0.05449976572246257,0.5413970563265251
1.3400507764528888,9.933933644477731,0.05255619069080077,0.5220897109289332
1.4358902769679147,9.933933644477731,0.050591119390907165,0.5025688230291224
1.5385841519740941,9.933933644477731,0.04860944765543236,0.4828830275037787
1.6486226215728734,9.933933644477731,0.04661630739759355,0.4630833044382707
1.7665309660667667,9.933933644477731,0.04461702453795166,0.4432225611740465
1.8928720334405786,9.933933644477731,0.042617072866108385,0.4233551739737931
2.0282489261759444,9.933933644477731,0.040622024609475324,0.40353649697486926
2.1733078802249692,9.933933644477731,0.03863749858251221,0.3838223471072787
2.3287413498860743,9.933933644477731,0.0366691068634606,0.36426847438388055
2.4952913133080123,9.933933644477731,0.0347224009881734,0.3449300273934625
2.673752814401236,9.933933644477731,0.032802818660347594,0.3258610239237289
2.8649777580643074,9.933933644477731,0.030915631954266973,0.3071138364107835
3.0698789768422605,9.933933644477731,0.02906589793177179,0.28873870137138347
3.289434588429555,9.933933644477731,0.02725841251294482,0.2707832611573953
3.524692664818587,9.933933644477731,0.025497668334658524,0.2532921453253988
3.776776235382502,9.933933644477731,0.023787817208404033,0.23630659769525117
4.046888647774959,9.933933644477731,0.022132637655057564,0.21986415384261107
4.336319312237784,9.933933644477731,0.02053550785591654,0.2039983723963261
4.646449856737443,9.933933644477731,0.01899938422266738,0.18873862215391488
4.978760722312678,9.933933644477731,0.01752678565946179,0.17410992574207731
5.334838230116768,9.933933644477731,0.016119783472544506,0.16013285937960595
5.716382153889739,9.933933644477731,0.014779996780259295,0.14682350728069035
6.125213834008588,9.933933644477731,0.013508593190837477,0.1341934683880232
6.563284871848655,9.933933644477731,0.012306294447916786,0.12224991245501007
7.032686445959767,9.933933644477731,0.01117338669381284,0.11099568200042717
7.535659294528738,9.933933644477731,0.010109734966710292,0.10042943632255634
8.07460441178074,9.933933644477731,0.009114801527889389,0.09054583356063743
8.652094509379817,9.933933644477731,0.008187667606072554,0.08133574670176458
9.270886297540766,9.933933644477731,0.007327058144931519,0.07278650942097982
9.933933644477731,9.933933644477731,0.0065313691437454,0.06488218768155614
10.644401677007258,9.933933644477731,0.005798697187431783,0.057603873084366986
11.405681889616837,9.933933644477731,0.005126870768459572,0.050929994017689946
12.221408334123376,9.933933644477731,0.004513483007909109,0.04483664070604684
13.095474967204968,9.933933644477731,0.003955925385304003,0.03929790028011497
14.032054238615942,9.933933644477731,0.003451422086683472,0.03428619798819848
15.035617008818157,9.933933644477731,0.002997064578293818,0.02977264064898542
16.110953891107577,9.933933644477731,0.002589846010440958,0.02572735841713586
17.263198120114698,9.933933644477731,0.002226695054104097,0.022119840913956853
18.497850055844463,9.933933644477731,0.0019045087737804573,0.018919263784060714
19.82080344022787,9.933933644477731,0.0016201841457055373,0.016094801795273648
21.23837353152414,9.933933644477731,0.0013706478429351314,0.013615924721664131
22.757327250875505,9.933933644477731,0.0011528839293319538,0.011452672453768383
24.384915484922956,9.933933644477731,0.0009639591343387591,0.00957590607650943
26.12890769868241,9.933933644477731,0.0008010454200130686,0.007957532048622618
27.997629023909713,9.933933644477731,0.0006614396009472396,0.006570697105639707
30.0,9.933933644477731,0.0005425798355189784,0.005389952082877173
0.03,10.644401677007258,0.09229675166290484,0.9824436981829467
0.03214557915712819,10.644401677007258,0.09218064940114372,0.9812078590731523
0.034444608644906484,10.644401677007258,0.09205651429643397,0.9798865151564042
0.03690806312437145,10.644401677007258,0.09192381092669043,0.9784739671849616
0.0395477021566922,10.644401677007258,0.09178197113644733,0.9769641674838317
0.04237612633868262,10.644401677007258,0.09163039246819563,0.9753507032532948
0.045406837453086234,10.644401677007258,0.09146843658470656,0.9736267797754825
0.04865430292076789,10.644401677007258,0.09129542769455799,0.971785203655048
0.052134024862481254,10.644401677007258,0.09111065099535061,0.9698183662481329
0.05586261409988602,10.644401677007258,0.09091335115163914,0.9677182274608573
0.05985786944906639,10.644401677007258,0.09070273082742633,0.9654763001285948
0.06413886268506694,10.644401677007258,0.0904779492961834,0.9630836352204722
0.0687260295830332,10.644401677007258,0.09023812115478314,0.9605308081499576
0.07364126747055089,10.644401677007258,0.08998231517146309,0.9578079065121172
0.07890803975686143,10.644401677007258,0.08970955330197211,0.9549045196110839
0.0845514879379336,10.644401677007258,0.08941880991238559,0.9518097301873902
0.09059855161206047,10.644401677007258,0.08910901125167495,0.9485121088037873
0.09707809707888847,10.644401677007258,0.08877903522195689,0.9449997113996843
0.10402105513575949,10.644401677007258,0.08842771149936403,0.9412600805777445
0.11146056872915173,10.644401677007258,0.08805382206361007,0.9372802512407897
0.11943215116604915,10.644401677007258,0.08765610219946339,0.9330467612518877
0.12797385564047778,10.644401677007258,0.08723324203837925,0.9285456678441041
0.13712645688446246,10.644401677007258,0.08678388871331426,0.9237625705572134
0.1469336458105338,10.644401677007258,0.08630664920407607,0.9186826415247445
0.15744223807493174,10.644401677007258,0.08580009395422233,0.9132906639737045
0.1687023975571047,10.644401677007258,0.08526276134325436,0.9075710798284062
0.1807678758223073,10.644401677007258,0.08469316309935536,0.9015080473258273
0.1936962687103966,10.644401677007258,0.08408979073785583,0.895085509549222
0.2075492912756809,10.644401677007258,0.0834511231085954,0.8882872747652719
0.22239307239027523,10.644401677007258,0.0827756351309806,0.8810971094035508
0.23829847041728436,10.644401677007258,0.08206180778837695,0.8734988444408468
0.2553414114607129,10.644401677007258,0.08130813944307634,0.8654764958422217
0.27360325180677286,10.644401677007258,0.08051315851900645,0.8570143995608634
0.29317116628674317,10.644401677007258,0.07967543758118122,0.8480973614054124
0.3141385644152698,10.644401677007258,0.0787936088182705,0.8387108218426522
0.33660553629058904,10.644401677007258,0.0778663809073148,0.8288410355123077
0.3606793303852239,10.644401677007258,0.0768925572073744,0.8184752648875525
0.38647486550794,10.644401677007258,0.07587105519178707,0.8076019871197684
0.4141152793808653,10.644401677007258,0.07480092698693602,0.7962111126614392
0.4437325164504621,10.644401677007258,0.07368138083945633,0.7842942137717194
0.47546795773833395,10.644401677007258,0.07251180328439737,0.7718447604832597
0.5094730957385232,10.644401677007258,0.07129178173508431,0.7588583610577668
0.5459102575829949,10.644401677007258,0.07002112716271013,0.7453330033966901
0.5849533799274136,10.644401677007258,0.06869989648181589,0.7312692933212661
0.6267888392562115,10.644401677007258,0.06732841420889266,0.7166706851153762
0.6716163415705015,10.644401677007258,0.06590729291776301,0.7015436992608451
0.7196498757058468,10.644401677007258,0.06443745197979986,0.6858981219158563
0.7711187348306588,10.644401677007258,0.06292013405214404,0.6697471804221634
0.8262686110014498,10.644401677007258,0.06135691876560938,0.6531076890046505
0.8853627679999155,10.644401677007258,0.05974973306843286,0.6360001588743628
0.9486832980505137,10.644401677007258,0.05810085770459003,0.6184488671862982
1.0165324684176076,10.644401677007258,0.056412929347628926,0.6004818797527933
1.089234164310304,10.644401677007258,0.05468893797369349,0.5821310230809288
1.1671354349828413,10.644401677007258,0.052932219140488464,0.5634318021867311
1.2506081504110058,10.644401677007258,0.05114644094119756,0.5444232617274359
1.3400507764528888,10.644401677007258,0.049335585521483385,0.5251477892610127
1.4358902769679147,10.644401677007258,0.04750392518021682,0.5056508608527273
1.5385841519740941,10.644401677007258,0.04565599321600531,0.4859807307538789
1.6486226215728734,10.644401677007258,0.043796549826550485,0.46618806842086585
1.7665309660667667,10.644401677007258,0.0419305435103957,0.4463255476598818
1.8928720334405786,10.644401677007258,0.040063068554490225,0.4264473941074725
2.0282489261759444,10.644401677007258,0.03819931931007655,0.4066088985247145
2.1733078802249692,10.644401677007258,0.03634454205810017,0.38686590443330227
2.3287413498860743,10.644401677007258,0.03450398533894606,0.36727427940531127
2.4952913133080123,10.644401677007258,0.03268284966636639,0.34788937979804657
2.673752814401236,10.644401677007258,0.030886237560009466,0.32876551888020933
2.8649777580643074,10.644401677007258,0.029119104814660703,0.3099554481221245
3.0698789768422605,10.644401677007258,0.02738621387848822,0.29150986093505943
3.289434588429555,10.644401677007258,0.025692090140123386,0.273476927373351
3.524692664818587,10.644401677007258,0.024040981829511084,0.2559018673029488
3.776776235382502,10.644401677007258,0.02243682412535064,0.23882656834659924
4.046888647774959,10.644401677007258,0.020883207938467856,0.22228925360151855
4.336319312237784,10.644401677007258,0.01938335371166818,0.20632420275450564
4.646449856737443,10.644401677007258,0.017940090448389272,0.19096152885449666
4.978760722312678,10.644401677007258,0.016555840060092947,0.1762270116999173
5.334838230116768,10.644401677007258,0.015232607010244516,0.16214198760503923
5.716382153889739,10.644401677007258,0.01397197313426317,0.14872329426145123
6.125213834008588,10.644401677007258,0.012775097432135377,0.1359832685305529
6.563284871848655,10.644401677007258,0.011642720564385691,0.12392979430047393
7.032686445959767,10.644401677007258,0.010575173732569306,0.11256639701360382
7.535659294528738,10.644401677007258,0.00957239159117111,0.10189238110603194
8.07460441178074,10.644401677007258,0.008633928816759472,0.09190300637627581
8.652094509379817,10.644401677007258,0.007758979949914854,0.08258969919073936
9.270886297540766,10.644401677007258,0.0069464021230235045,0.07394029440747817
9.933933644477731,10.644401677007258,0.006194740289682922,0.06593930392812533
10.644401677007258,10.644401677007258,0.005502254576624578,0.05856820784274351
11.405681889616837,10.644401677007258,0.004866949384565016,0.05180576419097329
12.221408334123376,10.644401677007258,0.00428660386867617,0.04562833340840242
13.095474967204968,10.644401677007258,0.003758803431510466,0.04001021354991064
14.032054238615942,10.644401677007258,0.0032809718610216443,0.03492398237967241
15.035617008818157,10.644401677007258,0.002850403744246826,0.03034084239540868
16.110953891107577,10.644401677007258,0.002464296784304711,0.02623096482349666
17.263198120114698,10.644401677007258,0.0021197836461127315,0.022563828597574918
18.497850055844463,10.644401677007258,0.0018139629564105286,0.019308550335245273
19.82080344022787,10.644401677007258,0.0015439290881755893,0.01643420137535653
21.23837353152414,10.644401677007258,0.001306800370109855,0.013910108051111047
22.757327250875505,10.644401677007258,0.0010997453800717107,0.011706131567916302
24.384915484922956,10.644401677007258,0.0009200070082003276,0.009792924140945996
26.12890769868241,10.644401677007258,0.0007649240115546751,0.008142158431375703
27.997629023909713,10.644401677007258,0.0006319498272666538,0.006726727801141616
30.0,10.644401677007258,0.0005186684647389777,0.005520915475878354
0.03,11.405681889616837,0.08615234218424928,0.9826262089989647
0.03214557915712819,11.405681889616837,0.08604509690150258,0.9814030034197938
0.034444608644906484,11.405681889616837,0.08593042883825323,0.9800951359674732
0.03690806312437145,11.405681889616837,0.08580784283835992,0.9786969590485696
0.0395477021566922,11.405681889616837,0.08567681341567791,0.9772024791352785
0.04237612633868262,11.405681889616837,0.0855367832916169,0.9756053400852749
0.045406837453086234,11.405681889616837,0.08538716192262698,0.9738988063466869
0.04865430292076789,11.405681889616837,0.08522732402870051,0.9720757461746553
0.052134024862481254,11.405681889616837,0.08505660813606002,0.9701286150096958
0.05586261409988602,11.405681889616837,0.08487431514953044,0.9680494391946312
0.05985786944906639,11.405681889616837,0.08467970697268652,0.9658298002364312
0.06413886268506694,11.405681889616837,0.08447200519673105,0.9634608198519747
0.0687260295830332,11.405681889616837,0.08425038988220923,0.9609331460726713
0.07364126747055089,11.405681889616837,0.08401399846110255,0.9582369407220942
0.07890803975686143,11.405681889616837,0.08376192479056924,0.9553618686232431
0.0845514879379336,11.405681889616837,0.08349321839360027,0.9522970889377099
0.09059855161206047,11.405681889616837,0.08320688392611876,0.949031249087583
0.09707809707888847,11.405681889616837,0.08290188091453626,0.9455524817620979
0.10402105513575949,11.405681889616837,0.08257712381244307,0.9418484055642292
0.11146056872915173,11.405681889616837,0.08223148242989013,0.937906129906943
0.11943215116604915,11.405681889616837,0.08186378279352746,0.9337122648236625
0.12797385564047778,11.405681889616837,0.08147280850059298,0.929252936411434
0.13712645688446246,11.405681889616837,0.0810573026342558,0.9245138086767225
0.1469336458105338,11.405681889616837,0.08061597031194165,0.9194801126008014
0.15744223807493174,11.405681889616837,0.08014748194180649,0.9141366832820547
0.1687023975571047,11.405681889616837,0.07965047726523522,0.9084680060434309
0.1807678758223073,11.405681889616837,0.0791235702648548,0.9024582724116796
0.1936962687103966,11.405681889616837,0.07856535501775219,0.8960914468772934
0.2075492912756809,11.405681889616837,0.07797441257202863,0.8893513453262982
0.22239307239027523,11.405681889616837,0.07734931892112651,0.8822217259928895
0.23829847041728436,11.405681889616837,0.07668865414413087,0.8746863937108027
0.2553414114607129,11.405681889616837,0.0759910127710569,0.8667293181364855
0.27360325180677286,11.405681889616837,0.07525501541957717,0.8583347664739072
0.29317116628674317,11.405681889616837,0.07447932173332096,0.8494874510446846
0.3141385644152698,11.405681889616837,0.07366264463144759,0.8401726918141826
0.33660553629058904,11.405681889616837,0.07280376585438104,0.8303765937012185
0.3606793303852239,11.405681889616837,0.07190155276122966,0.8200862381640865
0.38647486550794,11.405681889616837,0.07095497630048132,0.8092898881685916
0.4141152793808653,11.405681889616837,0.06996313003723066,0.7979772052065496
0.4437325164504621,11.405681889616837,0.06892525007785019,0.7861394765502474
0.47546795773833395,11.405681889616837,0.06784073568732354,0.7737698504071888
0.5094730957385232,11.405681889616837,0.06670917034637153,0.7608635760909742
0.5459102575829949,11.405681889616837,0.06553034294629728,0.7474182457629633
0.5849533799274136,11.405681889616837,0.06430426877076058,0.7334340337437174
0.6267888392562115,11.405681889616837,0.06303120986738689,0.7189139288650926
0.6716163415705015,11.405681889616837,0.06171169437042474,0.7038639548583226
0.7196498757058468,11.405681889616837,0.06034653430100925,0.6882933733781624
0.7711187348306588,11.405681889616837,0.05893684134651348,0.6722148639771496
0.8262686110014498,11.405681889616837,0.057484040107522186,0.6556446751963737
0.8853627679999155,11.405681889616837,0.05598987830254039,0.6386027409571355
0.9486832980505137,11.405681889616837,0.054456433438731446,0.621112756645264
1.0165324684176076,11.405681889616837,0.05288611549333809,0.6032022096945506
1.089234164310304,11.405681889616837,0.05128166520586578,0.5849023601079372
1.1671354349828413,11.405681889616837,0.049646147655640634,0.5662481672051838
1.2506081504110058,11.405681889616837,0.047982940892055785,0.5472781599430758
1.3400507764528888,11.405681889616837,0.04629571949369946,0.528034249396069
1.4358902769679147,11.405681889616837,0.044588433054557695,0.5085614833767614
1.5385841519740941,11.405681889616837,0.04286527972655436,0.4889077446705208
1.6486226215728734,11.405681889616837,0.04113067508293716,0.4691233959011709
1.7665309660667667,11.405681889616837,0.03938921670093972,0.4492608755721012
1.8928720334405786,11.405681889616837,0.03764564498894053,0.42937425127330386
2.0282489261759444,11.405681889616837,0.03590480089723976,0.40951873734394595
2.1733078802249692,11.405681889616837,0.034171581247247874,0.3897501853713054
2.3287413498860743,11.405681889616837,0.03245089248677507,0.37012455673831346
2.4952913133080123,11.405681889616837,0.030747603725790454,0.35069738696436337
2.673752814401236,11.405681889616837,0.029066499925403826,0.33152325179372755
2.8649777580643074,11.405681889616837,0.02741223610234909,0.31265524486646384
3.0698789768422605,11.405681889616837,0.025789293372902776,0.29414447636933266
3.289434588429555,11.405681889616837,0.02420193759641459,0.27603960133706273
3.524692664818587,11.405681889616837,0.022654181293203374,0.25838638529998625
3.776776235382502,11.405681889616837,0.0211497494092204,0.2412273138066795
4.046888647774959,11.405681889616837,0.019692049385995388,0.22460125105128798
4.336319312237784,11.405681889616837,0.01828414587460514,0.20854315146909624
4.646449856737443,11.405681889616837,0.016928740312274825,0.19308382679373945
4.978760722312678,11.405681889616837,0.015628155464783664,0.17824976975279944
5.334838230116768,11.405681889616837,0.014384324931385485,0.1640630343642674
5.716382153889739,11.405681889616837,0.013198787514759797,0.15054117172199663
6.125213834008588,11.405681889616837,0.01207268627876552,0.13769721924874156
6.563284871848655,11.405681889616837,0.01100677205251582,0.12553974066252044
7.032686445959767,11.405681889616837,0.010001411090478028,0.1140729133452782
7.535659294528738,11.405681889616837,0.009056596563926569,0.10329665941074334
8.07460441178074,11.405681889616837,0.008171963537364867,0.09320681652073161
8.652094509379817,11.405681889616837,0.007346807072181451,0.08379534436968887
9.270886297540766,11.405681889616837,0.006580103096216772,0.07505056271633131
9.933933644477731,11.405681889616837,0.0058705316794542784,0.06695741685877357
10.644401677007258,11.405681889616837,0.005216502360257922,0.05949776649753726
11.405681889616837,11.405681889616837,0.004616181171380551,0.05265069398560538
12.221408334123376,11.405681889616837,0.004067519018814243,0.046392828008561655
13.095474967204968,11.405681889616837,0.0035682810685077784,0.040698678760141785
14.032054238615942,11.405681889616837,0.003116076795761379,0.03554098067607082
15.035617008818157,11.405681889616837,0.0027083903500765187,0.030891038765880754
16.110953891107577,11.405681889616837,0.0023426108853053748,0.02671907454894678
17.263198120114698,11.405681889616837,0.002016062502466757,0.02299456757272069
18.497850055844463,11.405681889616837,0.0017260334522192018,0.019686588486849378
19.82080344022787,11.405681889616837,0.0014698042474710618,0.016764119686662592
21.23837353152414,11.405681889616837,0.0012446743456586739,0.014196359642749823
22.757327250875505,11.405681889616837,0.0010479870762992278,0.0119530072166986
24.384915484922956,11.405681889616837,0.0008771525135964186,0.010004522538758559
26.12890769868241,11.405681889616837,0.0007296680267117183,0.0083223613976983
27.997629023909713,11.405681889616837,0.0006031362817951729,0.0068791805662420415
30.0,11.405681889616837,0.0004952805193699502,0.005649012050057862
0.03,12.221408334123376,0.08041598581092504,0.9827965991863864
0.03214557915712819,12.221408334123376,0.08031686413878841,0.9815851927564436
0.034444608644906484,12.221408334123376,0.08021087959655575,0.980289912388713
0.03690806312437145,12.221408334123376,0.08009757403651567,0.9789051588729367
0.0395477021566922,12.221408334123376,0.07997646119766098,0.9774249894147887
0.04237612633868262,12.221408334123376,0.07984702534242806,0.9758431009749108
0.045406837453086234,12.221408334123376,0.07970871988261892,0.9741528134757446
0.04865430292076789,12.221408334123376,0.07956096600458328,0.9723470529993207
0.052134024862481254,12.221408334123376,0.07940315130564844,0.9704183351225113
0.05586261409988602,12.221408334123376,0.0792346284559239,0.9683587485623976
0.05985786944906639,12.221408334123376,0.07905471390198898,0.9661599393335073
0.06413886268506694,12.221408334123376,0.07886268663160889,0.963813095650905
0.0687260295830332,12.221408334123376,0.07865778702152429,0.9613089338485585
0.07364126747055089,12.221408334123376,0.07843921579352935,0.9586376856211416
0.07890803975686143,12.221408334123376,0.07820613310749013,0.955789086939442
0.0845514879379336,12.221408334123376,0.07795765782365446,0.9527523690347491
0.09059855161206047,12.221408334123376,0.07769286697054599,0.9495162518957695
0.09707809707888847,12.221408334123376,0.0774107954588951,0.9460689407724606
0.10402105513575949,12.221408334123376,0.07711043608639259,0.9423981262341263
0.11146056872915173,12.221408334123376,0.07679073988250491,0.9384909883835459
0.11943215116604915,12.221408334123376,0.07645061684708172,0.9343342058837975
0.12797385564047778,12.221408334123376,0.07608893714092196,0.9299139705086534
0.13712645688446246,12.221408334123376,0.07570453279071802,0.9252160079793976
0.1469336458105338,12.221408334123376,0.0752961999747156,0.9202256058988095
0.15744223807493174,12.221408334123376,0.0748627019588292,0.9149276496346296
0.1687023975571047,12.221408334123376,0.07440277275561921,0.9093066670374124
0.1807678758223073,12.221408334123376,0.07391512158021835,0.9033468828982232
0.1936962687103966,12.221408334123376,0.07339843817770562,0.8970322840566509
0.2075492912756809,12.221408334123376,0.07285139909524449,0.8903466960551693
0.22239307239027523,12.221408334123376,0.07227267496918123,0.8832738721977414
0.23829847041728436,12.221408334123376,0.07166093889186557,0.875797595804152
0.2553414114607129,12.221408334123376,0.07101487591482145,0.8679017963521363
0.27360325180677286,12.221408334123376,0.07033319373367397,0.859570680062237
0.29317116628674317,12.221408334123376,0.06961463458555701,0.85078887530088
0.3141385644152698,12.221408334123376,0.06885798837125191,0.8415415929513886
0.33660553629058904,12.221408334123376,0.06806210699177168,0.8318148016272353
0.3606793303852239,12.221408334123376,0.06722591986233734,0.8215954172746798
0.38647486550794,12.221408334123376,0.06634845053564793,0.8108715063325403
0.4141152793808653,12.221408334123376,0.06542883433115379,0.7996325011867407
0.4437325164504621,12.221408334123376,0.0644663368280325,0.7878694261805212
0.47546795773833395,12.221408334123376,0.0634603730373164,0.7755751319248371
0.5094730957385232,12.221408334123376,0.06241052702397627,0.7627445351078559
0.5459102575829949,12.221408334123376,0.061316571703875125,0.749374860441613
0.5849533799274136,12.221408334123376,0.06017848849481984,0.7354658808255389
0.6267888392562115,12.221408334123376,0.05899648645720926,0.7210201512721341
0.6716163415705015,12.221408334123376,0.05777102052002498,0.7060432316542459
0.7196498757058468,12.221408334123376,0.05650280835437029,0.690543892923477
0.7711187348306588,12.221408334123376,0.05519284543180114,0.6745343011441978
0.8262686110014498,12.221408334123376,0.05384241779069776,0.6580301735165864
0.8853627679999155,12.221408334123376,0.052453112033166945,0.6410509005528536
0.9486832980505137,12.221408334123376,0.05102682208944336,0.6236196287477539
1.0165324684176076,12.221408334123376,0.04956575231802414,0.6057632984665953
1.089234164310304,12.221408334123376,0.04807241655876735,0.58751263237277
1.1671354349828413,12.221408334123376,0.046549632823078876,0.5689020705343593
1.2506081504110058,12.221408334123376,0.04500051338937555,0.549969649376745
1.3400507764528888,12.221408334123376,0.043428450171539776,0.530756822864518
1.4358902769679147,12.221408334123376,0.041837095340367614,0.511308225668283
1.5385841519740941,12.221408334123376,0.04023033729941224,0.49167137955563134
1.6486226215728734,12.221408334123376,0.03861227224267625,0.47189634578608425
1.7665309660667667,12.221408334123376,0.03698717164724293,0.4520353278252666
1.8928720334405786,12.221408334123376,0.03535944617375915,0.43214223015796704
2.0282489261759444,12.221408334123376,0.03373360655628291,0.4122721803069949
2.1733078802249692,12.221408334123376,0.03211422215531944,0.39248102229291065
2.3287413498860743,12.221408334123376,0.030505877919506923,0.3728247906452122
2.4952913133080123,12.221408334123376,0.02891313054898909,0.35335917465701244
2.673752814401236,12.221408334123376,0.027340464674877357,0.3341389828363519
2.8649777580643074,12.221408334123376,0.025792249863610794,0.31521761743892546
3.0698789768422605,12.221408334123376,0.024272699223168888,0.2966465685777062
3.289434588429555,12.221408334123376,0.022785830332073438,0.27847493672032353
3.524692664818587,12.221408334123376,0.02133542913525959,0.26074899144576025
3.776776235382502,12.221408334123376,0.019925017357502007,0.24351177319052797
4.046888647774959,12.221408334123376,0.018557823880115593,0.22680274343163853
4.336319312237784,12.221408334123376,0.01723676041536696,0.2106574873936537
4.646449856737443,12.221408334123376,0.01596440170063894,0.1951074719934821
4.978760722312678,12.221408334123376,0.014742970325682569,0.18017986040803058
5.334838230116768,12.221408334123376,0.013574326205392732,0.16589738341669608
5.716382153889739,12.221408334123376,0.012459960620673416,0.15227826657234717
6.125213834008588,12.221408334123376,0.011400994673315802,0.13933621131775795
6.563284871848655,12.221408334123376,0.010398181938524046,0.12708042740320896
7.032686445959767,12.221408334123376,0.00945191505088757,0.11551571337634353
7.535659294528738,12.221408334123376,0.008562235925402948,0.10464258149745018
8.07460441178074,12.221408334123376,0.007728849293029852,0.09445742316301861
8.652094509379817,12.221408334123376,0.006951139218134208,0.08495271077215726
9.270886297540766,12.221408334123376,0.0062281882606277554,0.07611723191492542
9.933933644477731,12.221408334123376,0.005558798946189348,0.06793635176867474
10.644401677007258,12.221408334123376,0.004941517211325232,0.06039229962970429
11.405681889616837,12.221408334123376,0.004374657494197159,0.05346447555851644
12.221408334123376,12.221408334123376,0.003856329145601618,0.0471297731591785
13.095474967204968,12.221408334123376,0.003384463836268388,0.04136291453510965
14.032054238615942,12.221408334123376,0.002956843636426021,0.036136793460916646
15.035617008818157,12.221408334123376,0.002571129441614974,0.031422822785863225
16.110953891107577,12.221408334123376,0.0022248894158155576,0.027191282048951146
17.263198120114698,12.221408334123376,0.0019156271203269008,0.02341166125343595
18.497850055844463,12.221408334123376,0.001640808996005812,0.02005299673849004
19.82080344022787,12.221408334123376,0.0013978908691040337,0.017084195117863007
21.23837353152414,12.221408334123376,0.001184343158641138,0.014474341349478809
22.757327250875505,12.221408334123376,0.0009976744774295326,0.012192987173199473
24.384915484922956,12.221408334123376,0.000835453340588452,0.010210416419438923
26.12890769868241,12.221408334123376,0.0006953277252433616,0.008497884056236268
27.997629023909713,12.221408334123376,0.0005750422631601621,0.007027826307458772
30.0,12.221408334123376,0.00047245289379017663,0.005774039733647971
0.03,13.095474967204968,0.07506071160760037,0.982955669877922
0.03214557915712819,13.095474967204968,0.07496904734114407,0.9817552827711563
0.034444608644906484,13.095474967204968,0.07487103450834419,0.9804717581727606
0.03690806312437145,13.095474967204968,0.07476624900069248,0.9790995421803819
0.0395477021566922,13.095474967204968,0.07465424064191029,0.9776327395218318
0.04237612633868262,13.095474967204968,0.07453453191724899,0.9760650969146739
0.045406837453086234,13.095474967204968,0.07440661669148303,0.9743899862777313
0.04865430292076789,13.095474967204968,0.07426995892476658,0.972600387914622
0.052134024862481254,13.095474967204968,0.07412399139728001,0.9706888738123968
0.05586261409988602,13.095474967204968,0.07396811445555762,0.9686475912241067
0.05985786944906639,13.095474967204968,0.07380169479557917,0.9664682467328082
0.06413886268506694,13.095474967204968,0.07362406430013545,0.9641420910263127
0.0687260295830332,13.095474967204968,0.0734345189506496,0.9616599046469707
0.07364126747055089,13.095474967204968,0.0732323178365609,0.959011985019081
0.07890803975686143,13.095474967204968,0.07301668228855054,0.9561881350980719
0.0845514879379336,13.095474967204968,0.0727867951653099,0.9531776540303916
0.09059855161206047,13.095474967204968,0.07254180032720055,0.9499693302608359
0.09707809707888847,13.095474967204968,0.07228080233401377,0.9465514375745677
0.10402105513575949,13.095474967204968,0.072002866408063,0.9429117346137924
0.11146056872915173,13.095474967204968,0.07170701870798918,0.9390374684633707
0.11943215116604915,13.095474967204968,0.07139224696285391,0.9349153829545684
0.12797385564047778,13.095474967204968,0.07105750152025168,0.930531732390585
0.13712645688446246,13.095474967204968,0.07070169686617712,0.9258723014499365
0.1469336458105338,13.095474967204968,0.0703237136780977,0.9209224320724181
0.15744223807493174,13.095474967204968,0.06992240147594049,0.9156670581750345
0.1687023975571047,13.095474967204968,0.0694965819383044,0.9100907490793742
0.1807678758223073,13.095474967204968,0.06904505295292857,0.9041777625544175
0.1936962687103966,13.095474967204968,0.06856659347101973,0.8979121083862585
0.2075492912756809,13.095474967204968,0.06805996923417162,0.8912776233748347
0.22239307239027523,13.095474967204968,0.06752393943997825,0.8842580586232995
0.23829847041728436,13.095474967204968,0.0669572644077012,0.8768371799235751
0.2553414114607129,13.095474967204968,0.06635871429814112,0.8689988819472133
0.27360325180677286,13.095474967204968,0.06572707893182173,0.8607273168191764
0.29317116628674317,13.095474967204968,0.06506117873636914,0.8520070374789703
0.3141385644152698,13.095474967204968,0.06435987683724488,0.8428231560145352
0.33660553629058904,13.095474967204968,0.0636220922855032,0.8331615168860114
0.3606793303852239,13.095474967204968,0.06284681439182038,0.8230088846366607
0.38647486550794,13.095474967204968,0.062033118107622014,0.8123531453160333
0.4141152793808653,13.095474967204968,0.06118018036181179,0.8011835204171913
0.4437325164504621,13.095474967204968,0.060287297225658315,0.789490791659054
0.47546795773833395,13.095474967204968,0.05935390173932977,0.7772675344333364
0.5094730957385232,13.095474967204968,0.05837958219213248,0.7645083571929558
0.5459102575829949,13.095474967204968,0.05736410060573847,0.7512101434986754
0.5849533799274136,13.095474967204968,0.0563074111268928,0.7373722928803431
0.6267888392562115,13.095474967204968,0.0552096779948723,0.7229969561292972
0.6716163415705015,13.095474967204968,0.05407129271117258,0.708089260143573
0.7196498757058468,13.095474967204968,0.052892890006597845,0.6926575170245279
0.7711187348306588,13.095474967204968,0.051675362176310774,0.6767134118011282
0.8262686110014498,13.095474967204968,0.05041987133870655,0.6602721629657268
0.8853627679999155,13.095474967204968,0.04912785917134912,0.6433526499707735
0.9486832980505137,13.095474967204968,0.04780105368856298,0.6259775019845972
1.0165324684176076,13.095474967204968,0.046441472652130014,0.6081731425561028
1.089234164310304,13.095474967204968,0.045051423249871006,0.5899697854056417
1.1671354349828413,13.095474967204968,0.04363349773696347,0.5714013773459997
1.2506081504110058,13.095474967204968,0.04219056481111001,0.55250548533613
1.3400507764528888,13.095474967204968,0.040725756583665666,0.5333231258618767
1.4358902769679147,13.095474967204968,0.03924245111216778,0.5138985361911579
1.5385841519740941,13.095474967204968,0.03774425057210374,0.4942788885228963
1.6486226215728734,13.095474967204968,0.03623495526313478,0.4745139495861734
1.7665309660667667,13.095474967204968,0.034718533762703285,0.4546556897875414
1.8928720334405786,13.095474967204968,0.03319908965297269,0.4347578474844973
2.0282489261759444,13.095474967204968,0.03168082535031357,0.41487545531542397
2.1733078802249692,13.095474967204968,0.03016800365525964,0.39506433667800056
2.3287413498860743,13.095474967204968,0.028664907710805924,0.37538058136409963
2.4952913133080123,13.095474967204968,0.027175800104797226,0.3558800099861382
2.673752814401236,13.095474967204968,0.02570488187576935,0.3366176371390982
2.8649777580643074,13.095474967204968,0.024256252180066402,0.3176471432222705
3.0698789768422605,13.095474967204968,0.022833869351822828,0.2990203645012246
3.289434588429555,13.095474967204968,0.02144151403824245,0.2807868103467779
3.524692664818587,13.095474967204968,0.020082755023482165,0.26299321568252054
3.776776235382502,13.095474967204968,0.01876091826925489,0.24568313555680577
4.046888647774959,13.095474967204968,0.017479059603570175,0.22889658748883682
4.336319312237784,13.095474967204968,0.016239941385720064,0.21266974588557305
4.646449856737443,13.095474967204968,0.015046013370577902,0.19703469145063418
4.978760722312678,13.095474967204968,0.013899397893057957,0.18201921716776195
5.334838230116768,13.095474967204968,0.012801879398136748,0.16764669119147677
5.716382153889739,13.095474967204968,0.011754898256294917,0.15393597585735141
6.125213834008588,13.095474967204968,0.010759548730793366,0.14090140106252652
6.563284871848655,13.095474967204968,0.009816580903041468,0.1285527894793219
7.032686445959767,13.095474967204968,0.008926406315668753,0.11689553045394047
7.535659294528738,13.095474967204968,0.008089107059127661,0.10593069899984728
8.07460441178074,13.095474967204968,0.007304448005360129,0.09565521600344383
8.652094509379817,13.095474967204968,0.0065718918793610985,0.08606204559335087
9.270886297540766,13.095474967204968,0.005890616854153974,0.07714042555496904
9.933933644477731,13.095474967204968,0.00525953635445196,0.06887612666883013
10.644401677007258,13.095474967204968,0.004677320756918084,0.06125173688580897
11.405681889616837,13.095474967204968,0.0041424206785451384,0.054246966299520076
12.221408334123376,13.095474967204968,0.003653091547777073,0.04783896891682271
13.095474967204968,13.095474967204968,0.003207419154627775,0.04200267724876175
14.032054238615942,13.095474967204968,0.0028033458758387995,0.036711145741464286
15.035617008818157,13.095474967204968,0.0024386972692329975,0.03193589904183183
16.110953891107577,13.095474967204968,0.002111208728561202,0.027647281055417847
17.263198120114698,13.095474967204968,0.0018185518874159411,0.023814800718218804
18.497850055844463,13.095474967204968,0.0015583604596029804,0.020407470388612858
19.82080344022787,13.095474967204968,0.0013282552052649485,0.017394132790606826
21.23837353152414,13.095474967204968,0.0011258677185690183,0.014743772524904747
22.757327250875505,13.095474967204968,0.0009488627452596383,0.012425808327860978
24.384915484922956,13.095474967204968,0.0007949587578803553,0.010410362513782547
26.12890769868241,13.095474967204968,0.0006619465436048475,0.008668504391405133
27.997629023909713,13.095474967204968,0.0005477055945002836,0.00717246490217658
30.0,13.095474967204968,0.00045021813225098686,0.005895820280674574
0.03,14.032054238615942,0.07006131483148044,0.9831041697440811
0.03214557915712819,14.032054238615942,0.06997650212124067,0.9819140731938726
0.034444608644906484,14.032054238615942,0.0698858136327534,0.980641527404601
0.03690806312437145,14.032054238615942,0.06978885658788384,0.9792810208921754
0.0395477021566922,14.032054238615942,0.06968521402919946,0.9778267028872873
0.04237612633868262,14.032054238615942,0.06957444363561593,0.9762723667164905
0.045406837453086234,14.032054238615942,0.06945607652645304,0.9746114330206487
0.04865430292076789,14.032054238615942,0.06932961606225843,0.9728369329280292
0.052134024862481254,14.032054238615942,0.06919453665236905,0.9709414913219412
0.05586261409988602,14.032054238615942,0.0690502825809887,0.9689173103681912
0.05985786944906639,14.032054238615942,0.06889626686557686,0.9667561534959328
0.06413886268506694,14.032054238615942,0.06873187016357973,0.9644493300568596
0.0687260295830332,14.032054238615942,0.06855643974599962,0.9619876809222723
0.07364126747055089,14.032054238615942,0.06836928855899559,0.9593615653154104
0.07890803975686143,14.032054238615942,0.06816969439764237,0.956560849217591
0.0845514879379336,14.032054238615942,0.06795689921913636,0.9535748957310789
0.09059855161206047,14.032054238615942,0.06773010862611833,0.9503925578290419
0.09707809707888847,14.032054238615942,0.06748849155436011,0.9470021739731549
0.10402105513575949,14.032054238615942,0.06723118020280337,0.9433915671318992
0.11146056872915173,14.032054238615942,0.06695727024779873,0.9395480477867773
0.11943215116604915,14.032054238615942,0.06666582138730912,0.9354584215686043
0.12797385564047778,14.032054238615942,0.06635585826473293,0.9311090022206445
0.13712645688446246,14.032054238615942,0.06602637182576875,0.9264856306382104
0.1469336458105338,14.032054238615942,0.06567632116525675,0.9215737007836428
0.15744223807493174,14.032054238615942,0.06530463592404312,0.9163581933192401
0.1687023975571047,14.032054238615942,0.06491021929843849,0.910823717836144
0.1807678758223073,14.032054238615942,0.0644919517265729,0.9049545645814719
0.1936962687103966,14.032054238615942,0.06404869531664452,0.8987347665957428
0.2075492912756809,14.032054238615942,0.06357929908144686,0.8921481731640469
0.22239307239027523,14.032054238615942,0.06308260504134315,0.8851785354533145
0.23829847041728436,14.032054238615942,0.062557455253716,0.8778096051499327
0.2553414114607129,14.032054238615942,0.06200269982051867,0.8700252468221409
0.27360325180677286,14.032054238615942,0.06141720591655593,0.8618095646053567
0.29317116628674317,14.032054238615942,0.06079986786919254,0.8531470436411923
0.3141385644152698,14.032054238615942,0.0601496183050276,0.8440227064881937
0.33660553629058904,14.032054238615942,0.05946544036042931,0.8344222844607256
0.3606793303852239,14.032054238615942,0.058746380930519766,0.8243324035394466
0.38647486550794,14.032054238615942,0.057991564905163155,0.8137407841314661
0.4141152793808653,14.032054238615942,0.05720021031080729,0.8026364535414867
0.4437325164504621,14.032054238615942,0.05637164424389484,0.7910099695502946
0.47546795773833395,14.032054238615942,0.05550531944543522,0.7788536529900512
0.5094730957385232,14.032054238615942,0.0546008313278824,0.7661618266663663
0.5459102575829949,14.032054238615942,0.053657935225622254,0.7529310574180724
0.5849533799274136,14.032054238615942,0.052676563600327575,0.7391603975436988
0.6267888392562115,14.032054238615942,0.051656842893645256,0.7248516212792927
0.6716163415705015,14.032054238615942,0.05059910968383828,0.7100094515092958
0.7196498757058468,14.032054238615942,0.04950392577201852,0.6946417714573815
0.7711187348306588,14.032054238615942,0.048372091799515536,0.6787598157661114
0.8262686110014498,14.032054238615942,0.047204658982819635,0.6623783351622944
0.8853627679999155,14.032054238615942,0.046002938548437934,0.6455157288473973
0.9486832980505137,14.032054238615942,0.04476850845873383,0.6281941388748896
1.0165324684176076,14.032054238615942,0.043503217042862107,0.6104395010997224
1.089234164310304,14.032054238615942,0.04220918318525047,0.5922815478231107
1.1671354349828413,14.032054238615942,0.040888792778060394,0.5737537580132712
1.2506081504110058,14.032054238615942,0.03954469121328168,0.5548932519540878
1.3400507764528888,14.032054238615942,0.03817977177333165,0.5357406283413676
1.4358902769679147,14.032054238615942,0.03679715987412564,0.5163397431807532
1.5385841519740941,14.032054238615942,0.03540019321860481,0.49673743130094694
1.6486226215728734,14.032054238615942,0.033992398027942336,0.4769831728287084
1.7665309660667667,14.032054238615942,0.03257746162780957,0.4571287085178534
1.8928720334405786,14.032054238615942,0.031159201773515614,0.43722760931794913
2.0282489261759444,14.032054238615942,0.029741533195793698,0.4173348069429737
2.1733078802249692,14.032054238615942,0.028328431933962953,0.3975060933923081
2.3287413498860743,14.032054238615942,0.02692389809112501,0.37779759832963433
2.4952913133080123,14.032054238615942,0.02553191769374036,0.3582652538944428
2.673752814401236,14.032054238615942,0.024156424363173726,0.3389642568750773
2.8649777580643074,14.032054238615942,0.022801261508596564,0.3199485381974929
3.0698789768422605,14.032054238615942,0.02147014572924532,0.30127024938375874
3.289434588429555,14.032054238615942,0.020166632070950662,0.2829792750297914
3.524692664818587,14.032054238615942,0.018894081719693305,0.26512277947957846
3.776776235382502,14.032054238615942,0.01765563263724293,0.24774479478287062
4.046888647774959,14.032054238615942,0.01645417355489194,0.23088585577384382
4.336319312237784,14.032054238615942,0.015292321645446643,0.2145826867632679
4.646449856737443,14.032054238615942,0.014172404095563597,0.1988679429605311
4.978760722312678,14.032054238615942,0.013096443704522006,0.1837700083948331
5.334838230116768,14.032054238615942,0.012066148545381338,0.1693128508399878
5.716382153889739,14.032054238615942,0.011082905643220496,0.15551593310713271
6.125213834008588,14.032054238615942,0.010147778554958475,0.14239417908464103
6.563284871848655,14.032054238615942,0.009261508677352348,0.12995799209202036
7.032686445959767,14.032054238615942,0.008424520064478027,0.11821332247906394
7.535659294528738,14.032054238615942,0.007636927502818324,0.10716178093592453
8.07460441178074,14.032054238615942,0.00689854756980777,0.09680079366721482
8.652094509379817,14.032054238615942,0.006208912388599801,0.08712379539964688
9.270886297540766,14.032054238615942,0.005567285785890225,0.07812045610948723
9.933933644477731,14.032054238615942,0.004972681558701371,0.06977693734306291
10.644401677007258,14.032054238615942,0.0044238835580317866,0.062076174031623306
11.405681889616837,14.032054238615942,0.003919467300383465,0.05499817774546238
12.221408334123376,14.032054238615942,0.0034578228209597704,0.04852035737123148
13.095474967204968,14.032054238615942,0.003037178483827574,0.04261785321742585
14.032054238615942,14.032054238615942,0.0026556254641376432,0.03726388055022905
15.035617008818157,14.032054238615942,0.0023111426157070973,0.032430078536778706
16.110953891107577,14.032054238615942,0.0020016214344883137,0.028086860533916267
17.263198120114698,14.032054238615942,0.0017248908256839942,0.024203761621688843
18.497850055844463,14.032054238615942,0.0014787413808110862,0.020749779260426992
19.82080344022787,14.032054238615942,0.0012609488723112907,0.017693702968393638
21.23837353152414,14.032054238615942,0.0010692966787968596,0.015004428994049425
22.757327250875505,14.032054238615942,0.0009015968650076414,0.01265125611115332
24.384915484922956,14.032054238615942,0.0007557096580579201,0.010604158910514642
26.12890769868241,14.032054238615942,0.000629561086201074,0.008834035308095437
27.997629023909713,14.032054238615942,0.0005211585782996244,0.007312925437620303
30.0,14.032054238615942,0.0004286043611159048,0.00601419964208571
0.03,15.035617008818157,0.06539424340143717,0.9832427983654433
0.03214557915712819,15.035617008818157,0.06531573069515642,0.9820623113834801
0.034444608644906484,15.035617008818157,0.06523177716882794,0.9808000183150655
0.03690806312437145,15.035617008818157,0.06514201890125432,0.9794504473804533
0.0395477021566922,15.035617008818157,0.06504606953625165,0.978007789476034
0.04237612633868262,15.035617008818157,0.06494351917881472,0.9764658815774947
0.045406837453086234,15.035617008818157,0.06483393327957777,0.9748181899670012
0.04865430292076789,15.035617008818157,0.06471685151519681,0.9730577933990523
0.052134024862481254,15.035617008818157,0.06459178667376152,0.9711773663419626
0.05586261409988602,15.035617008818157,0.06445822355601057,0.9691691624569557
0.05985786944906639,15.035617008818157,0.06431561790498105,0.9670249985047829
0.06413886268506694,15.035617008818157,0.06416339537878481,0.9647362389007812
0.0687260295830332,15.035617008818157,0.06400095058347735,0.9622937811734624
0.07364126747055089,15.035617008818157,0.06382764618547752,0.9596880426191933
0.07890803975686143,15.035617008818157,0.06364281212570551,0.9569089484862762
0.0845514879379336,15.035617008818157,0.06344574496053439,0.9539459220657496
0.09059855161206047,15.035617008818157,0.063235707357781,0.9507878771132995
0.09707809707888847,15.035617008818157,0.06301192777928144,0.9474232130765854
0.10402105513575949,15.035617008818157,0.06277360038507131,0.9438398136545322
0.11146056872915173,15.035617008818157,0.06251988519778508,0.9400250492691757
0.11943215116604915,15.035617008818157,0.06224990856954134,0.9359657840855709
0.12797385564047778,15.035617008818157,0.06196276399722327,0.9316483882700356
0.13712645688446246,15.035617008818157,0.06165751333560037,0.9270587562301853
0.1469336458105338,15.035617008818157,0.061333188461056246,0.9221823316301069
0.15744223807493174,15.035617008818157,0.060988793441648724,0.9170041400185508
0.1687023975571047,15.035617008818157,0.06062330727166569,0.9115088299446662
0.1807678758223073,15.035617008818157,0.060235687230563974,0.9056807234617184
0.1936962687103966,15.035617008818157,0.059824872926962584,0.8995038769310235
0.2075492912756809,15.035617008818157,0.05938979108796123,0.8929621530323069
0.22239307239027523,15.035617008818157,0.05892936115219195,0.8860393048586852
0.23829847041728436,15.035617008818157,0.05844250172139085,0.8787190729200287
0.2553414114607129,15.035617008818157,0.0579281379195863,0.8709852957928959
0.27360325180677286,15.035617008818157,0.05738520970092267,0.8628220350337895
0.29317116628674317,15.035617008818157,0.05681268113636365,0.8542137148104718
0.3141385644152698,15.035617008818157,0.05620955069576174,0.8451452764992217
0.33660553629058904,15.035617008818157,0.055574862524795016,0.8356023482405387
0.3606793303852239,15.035617008818157,0.05490771869588663,0.8255714291392757
0.38647486550794,15.035617008818157,0.054207292388351175,0.815040087436272
0.4141152793808653,15.035617008818157,0.05347284192570307,0.8039971715679457
0.4437325164504621,15.035617008818157,0.05270372556751021,0.7924330325709409
0.47546795773833395,15.035617008818157,0.05189941691976678,0.7803397557865902
0.5094730957385232,15.035617008818157,0.051059520792090175,0.7677113992836554
0.5459102575829949,15.035617008818157,0.05018378929295063,0.7545442358600349
0.5849533799274136,15.035617008818157,0.0492721379166984,0.7408369949211445
0.6267888392562115,15.035617008818157,0.048324661339692994,0.7265910999844651
0.6716163415705015,15.035617008818157,0.04734164860891881,0.7118108970497522
0.7196498757058468,15.035617008818157,0.046323597376851565,0.6965038686290335
0.7711187348306588,15.035617008818157,0.045271226812909245,0.6806808278782428
0.8262686110014498,15.035617008818157,0.04418548880653378,0.6643560870424635
0.8853627679999155,15.035617008818157,0.04306757707170557,0.6475475943479232
0.9486832980505137,15.035617008818157,0.04191893376922926,0.6302770335721454
1.0165324684176076,15.035617008818157,0.040741253282874604,0.612569880820558
1.089234164310304,15.035617008818157,0.039536482819398325,0.5944554135481923
1.1671354349828413,15.035617008818157,0.03830681955102013,0.5759666675950462
1.2506081504110058,15.035617008818157,0.03705470408179384,0.5571403389489431
1.3400507764528888,15.035617008818157,0.03578281009544586,0.5380166280943958
1.4358902769679147,15.035617008818157,0.0344940301297753,0.5186390261219354
1.5385841519740941,15.035617008818157,0.03319145751896006,0.4990540432195413
1.6486226215728734,15.035617008818157,0.03187836464671158,0.47931088169540403
1.7665309660667667,15.035617008818157,0.03055817775622052,0.4594610572299179
1.8928720334405786,15.035617008818157,0.029234448662921797,0.4395579735596482
2.0282489261759444,15.035617008818157,0.027910823808844878,0.41965645719039485
2.1733078802249692,15.035617008818157,0.02659101117843308,0.39981225995612213
2.3287413498860743,15.035617008818157,0.025278745661381635,0.38008153822785795
2.4952913133080123,15.035617008818157,0.023977753495145426,0.3605203182848576
2.673752814401236,15.035617008818157,0.022691716446118258,0.3411839577565344
2.8649777580643074,15.035617008818157,0.02142423639300414,0.322126613111594
3.0698789768422605,15.035617008818157,0.02017880095867352,0.3034007229117877
3.289434588429555,15.035617008818157,0.01895875079907785,0.28505651598055975
3.524692664818587,15.035617008818157,0.01776724910190229,0.2671415527964712
3.776776235382502,15.035617008818157,0.0166072537767737,0.24970030735581822
4.046888647774959,15.035617008818157,0.015481492736861837,0.23277379551625457
4.336319312237784,15.035617008818157,0.014392442582829183,0.21639925449682518
4.646449856737443,15.035617008818157,0.013342310908585439,0.20060987683406728
4.978760722312678,15.035617008818157,0.012333022358248916,0.18543460073982201
5.334838230116768,15.035617008818157,0.011366208478709151,0.1708979575282525
5.716382153889739,15.035617008818157,0.010443201335148816,0.157019975621276
6.125213834008588,15.035617008818157,0.009565030789947178,0.14381613963519915
6.563284871848655,15.035617008818157,0.00873242528981491,0.13129740221577488
7.032686445959767,15.035617008818157,0.007945815962202347,0.11947024563022843
7.535659294528738,15.035617008818157,0.00720534378960053,0.10833678963730001
8.07460441178074,15.035617008818157,0.006510869608263599,0.09789494182420538
8.652094509379817,15.035617008818157,0.005861986664572143,0.08813858639930613
9.270886297540766,15.035617008818157,0.0052580354558525,0.07905780733298479
9.933933644477731,15.035617008818157,0.004698120580964261,0.07063914171662489
10.644401677007258,15.035617008818157,0.004181129327415758,0.06286585923136079
11.405681889616837,15.035617008818157,0.003705751724429831,0.05571826365829438
12.221408334123376,15.035617008818157,0.0032705017938760256,0.04917401239937266
13.095474967204968,15.035617008818157,0.0028737397323662017,0.0432084499988818
14.032054238615942,15.035617008818157,0.002513694757631867,0.03779495165282673
15.035617008818157,15.035617008818157,0.0021884883506138116,0.03290527266808942
16.110953891107577,15.035617008818157,0.0018961576220156199,0.028509899792978247
17.263198120114698,15.035617008818157,0.001634678529307849,0.024578400299210944
18.497850055844463,15.035617008818157,0.001401988668508771,0.021079764670400798
19.82080344022787,15.035617008818157,0.0011960093658572135,0.017982738763988537
21.23837353152414,15.035617008818157,0.0010146667990952058,0.015256141382758952
22.757327250875505,15.035617008818157,0.000855911887734811,0.012869163337275181
24.384915484922956,15.035617008818157,0.0007177387073855631,0.010791644316653531
26.12890769868241,15.035617008818157,0.0005982012056032383,0.008994324221663578
27.997629023909713,15.035617008818157,0.0004954280259904092,0.0074490660542266005
30.0,15.035617008818157,0.0004076352831648403,0.006129047996947679
0.03,16.110953891107577,0.06103749138895665,0.9833722093963564
0.03214557915712819,16.110953891107577,0.06096477603579028,0.9822006956943173
0.034444608644906484,16.110953891107577,0.060887020314965574,0.9809479768613407
0.03690806312437145,16.110953891107577,0.06080388690175407,0.9796086182742798
0.0395477021566922,16.110953891107577,0.06071501764835488,0.9781768498304282
0.04237612633868262,16.110953891107577,0.06062003255512501,0.9766465493730594
0.045406837453086234,16.110953891107577,0.06051852873012621,0.9750112259287327
0.04865430292076789,16.110953891107577,0.060410079343953524,0.9732640028685855
0.052134024862481254,16.110953891107577,0.060294232588177205,0.9713976011278388
0.05586261409988602,16.110953891107577,0.060170510647262566,0.9694043226424448
0.05985786944906639,16.110953891107577,0.060038408695544464,0.9672760341893891
0.06413886268506694,16.110953891107577,0.059897393932736034,0.965004151847817
0.0687260295830332,16.110953891107577,0.059746904673548505,0.9625796263319398
0.07364126747055089,16.110953891107577,0.05958634950930229,0.9599929294837898
0.07890803975686143,16.110953891107577,0.05941510656191483,0.9572340422542531
0.0845514879379336,16.110953891107577,0.05923252285336066,0.9542924445444695
0.09059855161206047,16.110953891107577,0.05903791381659971,0.9511571073264209
0.09707809707888847,16.110953891107577,0.058830562977049944,0.9478164875111521
0.10402105513575949,16.110953891107577,0.05860972183690939,0.9442585260850881
0.11146056872915173,16.110953891107577,0.05837460999797709,0.9404706500887963
0.11943215116604915,16.110953891107577,0.0581244155620303,0.9364397790674459
0.12797385564047778,16.110953891107577,0.05785829585122108,0.9321523366770836
0.13712645688446246,16.110953891107577,0.05757537849427497,0.9275942681843309
0.1469336458105338,16.110953891107577,0.057274762927403404,0.922751064647514
0.15744223807493174,16.110953891107577,0.05695552236165479,0.9176077946125669
0.1687023975571047,16.110953891107577,0.056616706270771484,0.9121491441947807
0.1807678758223073,16.110953891107577,0.05625734345531989,0.9063594664448613
0.1936962687103966,16.110953891107577,0.05587644573970929,0.9002228409114308
0.2075492912756809,16.110953891107577,0.055473012358486284,0.8937231443084134
0.22239307239027523,16.110953891107577,0.055046035086729485,0.8868441331705886
0.23829847041728436,16.110953891107577,0.05459450416619936,0.8795695393295185
0.2553414114607129,16.110953891107577,0.05411741507383117,0.8718831789604241
0.27360325180677286,16.110953891107577,0.053613776171898116,0.8637690758336126
0.29317116628674317,16.110953891107577,0.05308261726942723,0.8552115992470529
0.3141385644152698,16.110953891107577,0.05252299911194936,0.8461956169153003
0.33660553629058904,16.110953891107577,0.05193402380117566,0.8367066628404245
0.3606793303852239,16.110953891107577,0.0513148461275424,0.8267311198901157
0.38647486550794,16.110953891107577,0.0506646857766661,0.8162564164553214
0.4141152793808653,16.110953891107577,0.04998284034562794,0.8052712361550032
0.4437325164504621,16.110953891107577,0.04926869907682428,0.7937657391015704
0.47546795773833395,16.110953891107577,0.04852175718621819,0.781731792742679
0.5094730957385232,16.110953891107577,0.04774163062973501,0.76916320976195
0.5459102575829949,16.110953891107577,0.046928071117016676,0.7560559899648729
0.5849533799274136,16.110953891107577,0.046080981146761846,0.7424085625124777
0.6267888392562115,16.110953891107577,0.045200428803650584,0.7282220243139054
0.6716163415705015,16.110953891107577,0.04428666202480913,0.7135003698727648
0.7196498757058468,16.110953891107577,0.043340122015539134,0.6982507074273274
0.7711187348306588,16.110953891107577,0.042361455471366743,0.6824834558593964
0.8262686110014498,16.110953891107577,0.0413515252481834,0.6662125166004536
0.8853627679999155,16.110953891107577,0.040311419116138426,0.6494554146652188
0.9486832980505137,16.110953891107577,0.03924245623764902,0.6322334030185703
1.0165324684176076,16.110953891107577,0.03814619102679248,0.6145715247540353
1.089234164310304,16.110953891107577,0.0370244140774169,0.596498628046538
1.1671354349828413,16.110953891107577,0.03587914989100136,0.5780473295460604
1.2506081504110058,16.110953891107577,0.03471265119243339,0.5592539227993948
1.3400507764528888,16.110953891107577,0.03352738969155024,0.5401582294097614
1.4358902769679147,16.110953891107577,0.03232604322885678,0.5208033919420619
1.5385841519740941,16.110953891107577,0.031111479332883645,0.5012356090162348
1.6486226215728734,16.110953891107577,0.02988673531110539,0.4815038145529556
1.7665309660667667,16.110953891107577,0.028654995092568178,0.46165930468627986
1.8928720334405786,16.110953891107577,0.027419563134380823,0.4417553173723226
2.0282489261759444,16.110953891107577,0.026183835791862228,0.4218465711350246
2.1733078802249692,16.110953891107577,0.02495127062939093,0.401988770634664
2.3287413498860743,16.110953891107577,0.023725354212228766,0.38223808776341256
2.4952913133080123,16.110953891107577,0.0225095689657916,0.3626506277165746
2.673752814401236,16.110953891107577,0.021307359715862284,0.3432818899235003
2.8649777580643074,16.110953891107577,0.020122100529944984,0.324186233830175
3.0698789768422605,16.110953891107577,0.01895706246629579,0.30541635930533756
3.289434588429555,16.110953891107577,0.017815382804173316,0.2870228109104671
3.524692664818587,16.110953891107577,0.016700036278590003,0.2690535144641873
3.776776235382502,16.110953891107577,0.01561380877821114,0.2515533532903304
4.046888647774959,16.110953891107577,0.014559273889583406,0.23456379032308475
4.336319312237784,16.110953891107577,0.013538772588483617,0.21812254091525074
4.646449856737443,16.110953891107577,0.012554396293869273,0.20226329982121974
4.978760722312678,16.110953891107577,0.011607973415514445,0.18701552446655575
5.334838230116768,16.110953891107577,0.010701059446349859,0.17240427532614375
5.716382153889739,16.110953891107577,0.009834930577607091,0.15845011305807186
6.125213834008588,16.110953891107577,0.009010580751172283,0.14516905101423813
6.563284871848655,16.110953891107577,0.008228722010358928,0.13257256089163474
7.032686445959767,16.110953891107577,0.0074897879680778405,0.1206676286078744
7.535659294528738,16.110953891107577,0.006793940179840827,0.1094568569763587
8.07460441178074,16.110953891107577,0.006141077187265316,0.09893861140576413
8.652094509379817,16.110953891107577,0.005530845984348596,0.08910720463265774
9.270886297540766,16.110953891107577,0.004962655652026085,0.07995311638723666
9.933933644477731,16.110953891107577,0.004435692904553863,0.07146324386038033
10.644401677007258,16.110953891107577,0.003948939292227529,0.06362117885586072
11.405681889616837,16.110953891107577,0.003501189807218657,0.05640750754811561
12.221408334123376,16.110953891107577,0.0030910726415458107,0.04980012880200865
13.095474967204968,16.110953891107577,0.00271706984747072,0.043774587031519464
14.032054238615942,16.110953891107577,0.0023775386504563513,0.03830441557182841
15.035617008818157,16.110953891107577,0.002070733163242823,0.033361486513792456
16.110953891107577,16.110953891107577,0.0017948262470330483,0.0289163629084991
17.263198120114698,16.110953891107577,0.0015479312630483173,0.024938649205575356
18.497850055844463,16.110953891107577,0.00132812345590813,0.02139733575983433
19.82080344022787,16.110953891107577,0.0011334607106625169,0.01826113324686584
21.23837353152414,16.110953891107577,0.0009620034291408794,0.015498792889976083
22.757327250875505,16.110953891107577,0.0008118332797621232,0.013079408537514206
24.384915484922956,16.110953891107577,0.0006810705890355755,0.010972696856541635
26.12890769868241,16.110953891107577,0.0005678901633070147,0.009149252236252865
27.997629023909713,16.110953891107577,0.0004705353561039331,0.00758077342632635
30.0,16.110953891107577,0.0003873302295022236,0.00624025946814244
0.03,17.263198120114698,0.056970499132831046,0.983493013531885
0.03214557915712819,17.263198120114698,0.056903122573207364,0.9823298786344495
0.034444608644906484,17.263198120114698,0.056831074593540774,0.9810861000873112
0.03690806312437145,17.263198120114698,0.05675404239794753,0.9797562780331576
0.0395477021566922,17.263198120114698,0.05667169385772672,0.9783346788684235
0.04237612633868262,17.263198120114698,0.05658367655255625,0.9768152186912672
0.045406837453086234,17.263198120114698,0.05648961680013266,0.9751914465500499
0.04865430292076789,17.263198120114698,0.05638911868062503,0.9734565276022905
0.052134024862481254,17.263198120114698,0.0562817630635717,0.9716032263157918
0.05586261409988602,17.263198120114698,0.056167106646261664,0.9696238898680262
0.05985786944906639,17.263198120114698,0.05604468101422215,0.9675104319271477
0.06413886268506694,17.263198120114698,0.055913991736189966,0.9652543170283034
0.0687260295830332,17.263198120114698,0.05577451750788157,0.9628465457923655
0.07364126747055089,17.263198120114698,0.05562570936100592,0.960277641270964
0.07890803975686143,17.263198120114698,0.055466989956281826,0.9575376367417053
0.0845514879379336,17.263198120114698,0.055297752981730924,0.9546160653207841
0.09059855161206047,17.263198120114698,0.055117362680205784,0.9515019518066085
0.09707809707888847,17.263198120114698,0.05492515353297125,0.9481838072174004
0.10402105513575949,17.263198120114698,0.05472043012915689,0.9446496265375288
0.11146056872915173,17.263198120114698,0.05450246725401203,0.9408868902410734
0.11943215116604915,17.263198120114698,0.05427051023207191,0.9368825702159693
0.12797385564047778,17.263198120114698,0.05402377556452751,0.9326231407670497
0.13712645688446246,17.263198120114698,0.05376145190320439,0.9280945954300348
0.1469336458105338,17.263198120114698,0.05348270140650253,0.92328247037939
0.15744223807493174,17.263198120114698,0.0531866615253156,0.918171875259005
0.1687023975571047,17.263198120114698,0.05287244726919196,0.9127475323033782
0.1807678758223073,17.263198120114698,0.052539154004662844,0.9069938246457122
0.1936962687103966,17.263198120114698,0.052185860838555066,0.900894854724711
0.2075492912756809,17.263198120114698,0.05181163463901582,0.8944345137003274
0.22239307239027523,17.263198120114698,0.0514155347456703,0.8875965627661474
0.23829847041728436,17.263198120114698,0.050996618417555345,0.880364727198148
0.2553414114607129,17.263198120114698,0.05055394706295279,0.8727228039015447
0.27360325180677286,17.263198120114698,0.050086593288711276,0.86465478310463
0.29317116628674317,17.263198120114698,0.049593648797818767,0.8561449846961335
0.3141385644152698,17.263198120114698,0.04907423315261681,0.8471782095063249
0.33660553629058904,17.263198120114698,0.04852750340690723,0.8377399055879804
0.3606793303852239,17.263198120114698,0.04795266459312477,0.8278163492585221
0.38647486550794,17.263198120114698,0.04734898103064272,0.817394840317538
0.4141152793808653,17.263198120114698,0.04671578839815299,0.8064639104546707
0.4437325164504621,17.263198120114698,0.04605250648705684,0.7950135434139295
0.47546795773833395,17.263198120114698,0.04535865252421168,0.7830354049869068
0.5094730957385232,17.263198120114698,0.044633854921680094,0.7705230803774199
0.5459102575829949,17.263198120114698,0.0438778672789954,0.7574723159253955
0.5849533799274136,17.263198120114698,0.04309058243078516,0.7438812616137779
0.6267888392562115,17.263198120114698,0.04227204630049079,0.7297507102280341
0.6716163415705015,17.263198120114698,0.04142247129069955,0.7150843285161095
0.7196498757058468,17.263198120114698,0.040542248913764574,0.6998888752333228
0.7711187348306588,17.263198120114698,0.039631961344552685,0.6841744005797403
0.8262686110014498,17.263198120114698,0.03869239156202865,0.6679544212763548
0.8853627679999155,17.263198120114698,0.03772453173963348,0.6512460654098479
0.9486832980505137,17.263198120114698,0.03672958954760115,0.6340701812307327
1.0165324684176076,17.263198120114698,0.035708992044802296,0.6164514043390217
1.089234164310304,17.263198120114698,0.03466438686436533,0.5984181781518402
1.1671354349828413,17.263198120114698,0.03359764043668912,0.5800027232269412
1.2506081504110058,17.263198120114698,0.032510833045426166,0.5612409519131638
1.3400507764528888,17.263198120114698,0.03140625057582097,0.5421723259003638
1.4358902769679147,17.263198120114698,0.030286372888968505,0.5228396555219339
1.5385841519740941,17.263198120114698,0.02915385883794639,0.5032888410853253
1.6486226215728734,17.263198120114698,0.02801152802956233,0.4835685580214806
1.7665309660667667,17.263198120114698,0.026862339525305062,0.4637298891951291
1.8928720334405786,17.263198120114698,0.025709367763288277,0.4438259092405356
2.0282489261759444,17.263198120114698,0.024555776065670193,0.4239112272148352
2.1733078802249692,17.263198120114698,0.023404788169437925,0.4040414951283235
2.3287413498860743,17.263198120114698,0.022259658279114903,0.38427289095841194
2.4952913133080123,17.263198120114698,0.02112364018500365,0.3646615855317343
2.673752814401236,17.263198120114698,0.019999956017907244,0.345263203130713
2.8649777580643074,17.263198120114698,0.0188917652197063,0.326132285826482
3.0698789768422605,17.263198120114698,0.01780213429854064,0.3073217713565962
3.289434588429555,17.263198120114698,0.016734007908517375,0.2888824938683016
3.524692664818587,17.263198120114698,0.01569018174865719,0.2708627160676767
3.776776235382502,17.263198120114698,0.01467327771682767,0.25330770029706035
4.046888647774959,17.263198120114698,0.01368572168494473,0.23625932486395082
4.336319312237784,17.263198120114698,0.012729724185370194,0.21975575062646133
4.646449856737443,17.263198120114698,0.01180726421893917,0.20383114146808823
4.978760722312678,17.263198120114698,0.010920076316017751,0.18851544093018666
5.334838230116768,17.263198120114698,0.01006964090666741,0.1738342059702109
5.716382153889739,17.263198120114698,0.009257177987070903,0.15980849762396956
6.125213834008588,17.263198120114698,0.008483644008876136,0.14645482730575285
6.563284871848655,17.263198120114698,0.007749731867312135,0.1337851566031758
7.032686445959767,17.263198120114698,0.007055873823339897,0.12180694772284782
7.535659294528738,17.263198120114698,0.006402247164536672,0.11052326121533913
8.07460441178074,17.263198120114698,0.005788782388076228,0.0999328972395906
8.652094509379817,17.263198120114698,0.005215173675794749,0.09003057639605158
9.270886297540766,17.263198120114698,0.00468089142433449,0.08080715603703217
9.933933644477731,17.263198120114698,0.00418519659100192,0.07224987792209478
10.644401677007258,17.263198120114698,0.0037271566165420532,0.06434264309606183
11.405681889616837,17.263198120114698,0.003305662687953226,0.05706630990040743
12.221408334123376,17.263198120114698,0.0029194481064703562,0.050399011063391466
13.095474967204968,17.263198120114698,0.0025671075270219308,0.04431648583461729
14.032054238615942,17.263198120114698,0.00224711683533907,0.03879242312750353
15.035617008818157,17.263198120114698,0.001957853427422773,0.03379881160774493
16.110953891107577,17.263198120114698,0.001697616653636157,0.02930629262372711
17.263198120114698,17.263198120114698,0.0014646481870158976,0.025284511828722246
18.497850055844463,17.263198120114698,0.001257152073495399,0.02170246531186407
19.82080344022787,17.263198120114698,0.0010733142217677475,0.018528836055513347
21.23837353152414,17.263198120114698,0.0009113210936940963,0.015732316591480795
22.757327250875505,17.263198120114698,0.0007693773636068736,0.013281913857076982
24.384915484922956,17.263198120114698,0.0006457223274916661,0.011147232470070217
26.12890769868241,17.263198120114698,0.0005386448614870635,0.009298732960232915
27.997629023909713,17.263198120114698,0.0004464967536774188,0.007707961918721332
30.0,17.263198120114698,0.0003677042636168378,0.0063477515524283535
0.03,18.497850055844463,0.05317405959718745,0.9836057812893106
0.03214557915712819,18.497850055844463,0.05311160307071003,0.9824504698275225
0.034444608644906484,18.497850055844463,0.05304481527927735,0.9812150392760398
0.03690806312437145,18.497850055844463,0.052973406063002514,0.9798941223007825
0.0395477021566922,18.497850055844463,0.052897067307584,0.978482019449601
0.04237612633868262,18.497850055844463,0.05281547205070275,0.9769726826225436
0.045406837453086234,18.497850055844463,0.05272827357707475,0.9753596983322743
0.04865430292076789,18.497850055844463,0.0526351045079914,0.9736362708625279
0.052134024862481254,18.497850055844463,0.05253557589234003,0.971795205453943
0.05586261409988602,18.497850055844463,0.052429276307400866,0.9698288916707399
0.05985786944906639,18.497850055844463,0.05231577097917453,0.9677292871286698
0.06413886268506694,18.497850055844463,0.0521946009336161,0.9654879017946701
0.0687260295830332,18.497850055844463,0.05206528219194241,0.9630957831017797
0.07364126747055089,18.497850055844463,0.051927305025148036,0.9605435021592871
0.07890803975686143,18.497850055844463,0.0517801332850108,0.9578211413777707
0.0845514879379336,18.497850055844463,0.05162320383119161,0.9549182838716778
0.09059855161206047,18.497850055844463,0.05145592607652675,0.9518240050482089
0.09707809707888847,18.497850055844463,0.05127768167526326,0.948526866840343
0.10402105513575949,18.497850055844463,0.051087824381776344,0.9450149150934136
0.11146056872915173,18.497850055844463,0.05088568011020527,0.9412756806682441
0.11943215116604915,18.497850055844463,0.050670547228406304,0.937296184878645
0.12797385564047778,18.497850055844463,0.0504416971225965,0.9330629499361113
0.13712645688446246,18.497850055844463,0.050198375071979016,0.9285620151285083
0.1469336458105338,18.497850055844463,0.04993980147541252,0.9237789595108209
0.15744223807493174,18.497850055844463,0.049665173474710424,0.9186989319326971
0.1687023975571047,18.497850055844463,0.04937366702129785,0.9133066892671603
0.1807678758223073,18.497850055844463,0.04906443943457275,0.9075866437347887
0.1936962687103966,18.497850055844463,0.04873663250123433,0.9015229202346284
0.2075492912756809,18.497850055844463,0.048389376164864065,0.8950994245935094
0.22239307239027523,18.497850055844463,0.04802179285395554,0.8882999236252928
0.23829847041728436,18.497850055844463,0.04763300249415144,0.8811081378464787
0.2553414114607129,18.497850055844463,0.04722212824640979,0.8735078476199458
0.27360325180677286,18.497850055844463,0.04678830300692983,0.8654830133896046
0.29317116628674317,18.497850055844463,0.046330676696664234,0.8570179105207023
0.3141385644152698,18.497850055844463,0.04584842435788738,0.8480972790689276
0.33660553629058904,18.497850055844463,0.045340755062367746,0.8387064885624493
0.3606793303852239,18.497850055844463,0.04480692162004255,0.8288317175915226
0.38647486550794,18.497850055844463,0.04424623105861849,0.8184601476585731
0.4141152793808653,18.497850055844463,0.04365805582322424,0.8075801703476891
0.4437325164504621,18.497850055844463,0.043041845621232824,0.7961816064283703
0.47546795773833395,18.497850055844463,0.04239713981091369,0.7842559350189553
0.5094730957385232,18.497850055844463,0.04172358020409235,0.7717965304083007
0.5459102575829949,18.497850055844463,0.04102092412309986,0.7587989035812742
0.5849533799274136,18.497850055844463,0.04028905752179641,0.7452609449294825
0.6267888392562115,18.497850055844463,0.03952800795036821,0.731183164072139
0.6716163415705015,18.497850055844463,0.038737957115130964,0.7165689221854257
0.7196498757058468,18.497850055844463,0.03791925275910965,0.7014246517676768
0.7711187348306588,18.497850055844463,0.03707241956820962,0.6857600583800958
0.8262686110014498,18.497850055844463,0.0361981687929309,0.6695882986277841
0.8853627679999155,18.497850055844463,0.035297406268377234,0.6529261285126665
0.9486832980505137,18.497850055844463,0.034371238517245016,0.6357940163256641
1.0165324684176076,18.497850055844463,0.03342097663280438,0.6182162144734971
1.089234164310304,18.497850055844463,0.032448137662544736,0.6002207850731519
1.1671354349828413,18.497850055844463,0.031454443248651466,0.581839574803624
1.2506081504110058,18.497850055844463,0.0304418153287789,0.5631081353794596
1.3400507764528888,18.497850055844463,0.029412368759043385,0.5440655870919886
1.4358902769679147,18.497850055844463,0.028368400789481486,0.5247544241279283
1.5385841519740941,18.497850055844463,0.02731237739844635,0.5052202617850959
1.6486226215728734,18.497850055844463,0.02624691657398701,0.48551152721387053
1.7665309660667667,18.497850055844463,0.025174768714098267,0.46567909686395403
1.8928720334405786,18.497850055844463,0.024098794400411246,0.4457758853454314
2.0282489261759444,18.497850055844463,0.023021939877816772,0.42585639185452084
2.1733078802249692,18.497850055844463,0.02194721064212839,0.4059762116021248
2.3287413498860743,18.497850055844463,0.02087764359593422,0.3861915207569526
2.4952913133080123,18.497850055844463,0.019816278276505273,0.3665585442236825
2.673752814401236,18.497850055844463,0.018766127686969857,0.34713301608239966
2.8649777580643074,18.497850055844463,0.017730149271737126,0.3279696426963333
3.0698789768422605,18.497850055844463,0.0167112165691032,0.30912157834601456
3.289434588429555,18.497850055844463,0.015712092048805887,0.29063992278243733
3.524692664818587,18.497850055844463,0.014735401601616665,0.2725732493393554
3.776776235382502,18.497850055844463,0.013783611094253313,0.254967171249572
4.046888647774959,18.497850055844463,0.012859005338945599,0.2378639526271191
4.336319312237784,18.497850055844463,0.011963669756241772,0.22130216926860158
4.646449856737443,18.497850055844463,0.011099474935599913,0.20531642305733108
4.978760722312678,18.497850055844463,0.010268064224351427,0.18993711238583358
5.334838230116768,18.497850055844463,0.00947084440482913,0.17519025970276272
5.716382153889739,18.497850055844463,0.008708979454393313,0.16109739608679763
6.125213834008588,18.497850055844463,0.007983387325721384,0.14767550168892327
6.563284871848655,18.497850055844463,0.0072947396363107955,0.13493699998890246
7.032686445959767,18.497850055844463,0.006643464117233579,0.12288980309196984
7.535659294528738,18.497850055844463,0.006029749641665269,0.11153740474580602
8.07460441178074,18.497850055844463,0.00545355363289914,0.10087901737287412
8.652094509379817,18.497850055844463,0.004914611638305614,0.09090974916808536
9.270886297540766,18.497850055844463,0.004412448848547653,0.08162081717951805
9.933933644477731,18.497850055844463,0.003946393338705438,0.0729997922407566
10.644401677007258,18.497850055844463,0.0035155908081831197,0.06503087162747641
11.405681889616837,18.497850055844463,0.003119020597888392,0.057695175340829824
12.221408334123376,18.497850055844463,0.002755512764971176,0.050971061953402196
13.095474967204968,18.497850055844463,0.002423765996497896,0.04483445997367252
14.032054238615942,18.497850055844463,0.0021223661433384983,0.03925921068307644
15.035617008818157,18.497850055844463,0.0018498051541791557,0.03421741837453427
16.110953891107577,18.497850055844463,0.001604500187264799,0.02967980387859861
17.263198120114698,18.497850055844463,0.0013848126748820069,0.02561605721540025
18.497850055844463,18.497850055844463,0.0011890671136358959,0.02199518517437257
19.82080344022787,18.497850055844463,0.0010155693533380594,0.018785849619358346
21.23837353152414,18.497850055844463,0.000862624159937035,0.015956692365064064
22.757327250875505,18.497850055844463,0.0007285518344537726,0.013476642591636303
24.384915484922956,18.497850055844463,0.0006117036812204608,0.011315202973824164
26.12890769868241,18.497850055844463,0.0005104761354818368,0.009442711011229961
27.997629023909713,18.497850055844463,0.0004233233828812986,0.007830572461671096
30.0,18.497850055844463,0.00034876833141339776,0.006451464298712101
0.03,19.82080344022787,0.0496302306100488,0.9837110456149578
0.03214557915712819,19.82080344022787,0.04957231132191579,0.9825630387894754
0.034444608644906484,19.82080344022787,0.049510374585244016,0.981335402906175
0.03690806312437145,19.82080344022787,0.04944415114184023,0.9800228010513337
0.0395477021566922,19.82080344022787,0.04937335505460416,0.9786195657218903
0.04237612633868262,19.82080344022787,0.049297682874678984,0.9771196823176997
0.045406837453086234,19.82080344022787,0.04921681279753398,0.9755167724144127
0.04865430292076789,19.82080344022787,0.04913040381332481,0.973804076922933
0.052134024862481254,19.82080344022787,0.049038094857946725,0.9719744392626112
0.05586261409988602,19.82080344022787,0.04893950397240031,0.9700202886991975
0.05985786944906639,19.82080344022787,0.04883422747943546,0.9679336240252647
0.06413886268506694,19.82080344022787,0.048721839187938064,0.9657059977905118
0.0687260295830332,19.82080344022787,0.048601889637179665,0.963328501322186
0.07364126747055089,19.82080344022787,0.04847390539487236,0.9607917508119663
0.07890803975686143,19.82080344022787,0.04833738842495695,0.9580858747850175
0.0845514879379336,19.82080344022787,0.04819181554320667,0.9552005033096177
0.09059855161206047,19.82080344022787,0.04803663798104063,0.9521247593515908
0.09707809707888847,19.82080344022787,0.04787128108040376,0.9488472527265822
0.10402105513575949,19.82080344022787,0.047695144145161864,0.9453560771545885
0.11146056872915173,19.82080344022787,0.047507600477156686,0.9416388109745985
0.11943215116604915,19.82080344022787,0.04730799762782738,0.9376825221319328
0.12797385564047778,19.82080344022787,0.047095657899083876,0.9334737781059564
0.13712645688446246,19.82080344022787,0.04686987912984938,0.928998661499983
0.1469336458105338,19.82080344022787,0.046629935807294555,0.9242427920668287
0.15744223807493174,19.82080344022787,0.046375080544168834,0.9191913559907062
0.1687023975571047,19.82080344022787,0.046104545965675946,0.9138291432866138
0.1807678758223073,19.82080344022787,0.045817547050905634,0.9081405942093927
0.1936962687103966,19.82080344022787,0.04551328397476253,0.9021098555830411
0.2075492912756809,19.82080344022787,0.04519094549644421,0.8957208479630715
0.22239307239027523,19.82080344022787,0.04484971293961575,0.8889573445267683
0.23829847041728436,19.82080344022787,0.04448876480728622,0.8818030625437473
0.2553414114607129,19.82080344022787,0.04410728207078168,0.8742417682076505
0.27360325180677286,19.82080344022787,0.04370445416689112,0.8662573955043967
0.29317116628674317,19.82080344022787,0.04327948572999283,0.857834179648335
0.3141385644152698,19.82080344022787,0.042831604076526454,0.8489568054304937
0.33660553629058904,19.82080344022787,0.04236006744735533,0.8396105705888252
0.3606793303852239,19.82080344022787,0.04186417399920915,0.8297815640258229
0.38647486550794,19.82080344022787,0.041343271519411,0.8194568583622164
0.4141152793808653,19.82080344022787,0.040796767818465626,0.8086247159264212
0.4437325164504621,19.82080344022787,0.040224141732912846,0.7972748068399323
0.47546795773833395,19.82080344022787,0.039624954646359026,0.7853984373734263
0.5094730957385232,19.82080344022787,0.03899886241017194,0.7729887862245093
0.5459102575829949,19.82080344022787,0.03834562751751271,0.7600411458168125
0.5849533799274136,19.82080344022787,0.03766513135592109,0.7465531651560754
0.6267888392562115,19.82080344022787,0.03695738633549639,0.7325250902204372
0.6716163415705015,19.82080344022787,0.036222547662935624,0.7179599973313323
0.7196498757058468,19.82080344022787,0.035460924507578206,0.7028640144734669
0.7711187348306588,19.82080344022787,0.0346729902855614,0.6872465251350429
0.8262686110014498,19.82080344022787,0.033859391773685556,0.6711203489518899
0.8853627679999155,19.82080344022787,0.033020956757094926,0.6545018932906429
0.9486832980505137,19.82080344022787,0.03215869991578487,0.6374112699240445
1.0165324684176076,19.82080344022787,0.03127382666545093,0.6198723711596599
1.089234164310304,19.82080344022787,0.030367734689209617,0.6019129001998131
1.1671354349828413,19.82080344022787,0.02944201292875867,0.5835643511455733
1.2506081504110058,19.82080344022787,0.028498437846629664,0.5648619349115973
1.3400507764528888,19.82080344022787,0.027538966824777217,0.5458444483808654
1.4358902769679147,19.82080344022787,0.02656572862769508,0.5265540853759786
1.5385841519740941,19.82080344022787,0.025581010928784606,0.5070361894217607
1.6486226215728734,19.82080344022787,0.02458724497448529,0.48733894977600345
1.7665309660667667,19.82080344022787,0.023586987538882994,0.46751304375530395
1.8928720334405786,19.82080344022787,0.02258290039896168,0.44761122991806296
2.0282489261759444,19.82080344022787,0.02157772763400497,0.4276878981203857
2.1733078802249692,19.82080344022787,0.02057427111855867,0.40779858376690864
2.3287413498860743,19.82080344022787,0.019575364633751226,0.38799945467637126
2.4952913133080123,19.82080344022787,0.01858384706401125,0.3683467798190228
2.673752814401236,19.82080344022787,0.0176025351733321,0.348896389720313
2.8649777580643074,19.82080344022787,0.016634196466016098,0.32970313853903815
3.0698789768422605,19.82080344022787,0.01568152263096006,0.3108203777117443
3.289434588429555,19.82080344022787,0.014747104046589991,0.29229945062004925
3.524692664818587,19.82080344022787,0.013833405786938244,0.27418921701181365
3.776776235382502,19.82080344022787,0.012942745520240228,0.25653561493357135
4.046888647774959,19.82080344022787,0.012077273632546856,0.23938126676455806
4.336319312237784,19.82080344022787,0.011238955843307627,0.22276513464360093
4.646449856737443,19.82080344022787,0.010429558510936797,0.20672222921363392
4.978760722312678,19.82080344022787,0.009650636757210207,0.19128337423770161
5.334838230116768,19.82080344022787,0.008903525472860146,0.17647502832262285
5.716382153889739,19.82080344022787,0.008189333205393272,0.1623191637706313
6.125213834008588,19.82080344022787,0.007508938875837411,0.14883320150265894
6.563284871848655,19.82080344022787,0.006862991225067785,0.13603000008407726
7.032686445959767,19.82080344022787,0.006251910853150092,0.12391789614611529
7.535659294528738,19.82080344022787,0.005675894686722533,0.11250079293296107
8.07460441178074,19.82080344022787,0.0051349226892224145,0.10177829330384378
8.652094509379817,19.82080344022787,0.004628766615713576,0.09174587326074755
9.270886297540766,19.82080344022787,0.004157000606848765,0.08239509192925734
9.933933644477731,19.82080344022787,0.0037190134136103454,0.07371383386274154
10.644401677007258,19.82080344022787,0.003314022044401228,0.06568657953865886
11.405681889616837,19.82080344022787,0.002941086627409017,0.05829469994255682
12.221408334123376,19.82080344022787,0.002599126282775152,0.05151677116721641
13.095474967204968,19.82080344022787,0.0022869358001119233,0.045328904974438686
14.032054238615942,19.82080344022787,0.0020032029168382585,0.03970509126554225
15.035617008818157,19.82080344022787,0.0017465259915464962,0.03461754838169218
16.110953891107577,19.82080344022787,0.0015154318644367123,0.030037077112058125
17.263198120114698,19.82080344022787,0.0013083936943551805,0.025933414238247614
18.497850055844463,19.82080344022787,0.00112384855999452,0.02227558140423452
19.82080344022787,19.82080344022787,0.000960214612360866,0.019032225092039324
21.23837353152414,19.82080344022787,0.0008159075677476892,0.016171943525721353
22.757327250875505,19.82080344022787,0.000689356336184869,0.013663596439795932
24.384915484922956,19.82080344022787,0.0005790175905060045,0.011476593849853865
26.12890769868241,19.82080344022787,0.0004833890964031325,0.00958116026495585
27.997629023909713,19.82080344022787,0.0004010216444063405,0.007948571189055032
30.0,19.82080344022787,0.00033052945056909097,0.006551359270936466
0.03,21.23837353152414,0.04632225263701758,0.9838093043266084
0.03214557915712819,21.23837353152414,0.046268520330537535,0.9826681175308749
0.034444608644906484,21.23837353152414,0.046211060275721506,0.9814477594235503
0.03690806312437145,21.23837353152414,0.04614962252571908,0.9801429215400623
0.0395477021566922,21.23837353152414,0.04608394163557235,0.978747966261243
0.04237612633868262,21.23837353152414,0.04601373588597048,0.9772569103271378
0.045406837453086234,21.23837353152414,0.045938706496262124,0.9756634081226695
0.04865430292076789,21.23837353152414,0.045858536831629965,0.9739607348393147
0.052134024862481254,21.23837353152414,0.04577289161031925,0.9721417696379276
0.05586261409988602,21.23837353152414,0.04568141611792444,0.9701989789614666
0.05985786944906639,21.23837353152414,0.04558373543698219,0.9681244001728014
0.06413886268506694,21.23837353152414,0.04547945370150464,0.9659096257222137
0.0687260295830332,21.23837353152414,0.0453681533876189,0.9635457880817324
0.07364126747055089,21.23837353152414,0.045249394653164986,0.9610235457192691
0.07890803975686143,21.23837353152414,0.04512271474094436,0.9583330704245868
0.0845514879379336,21.23837353152414,0.04498762746230764,0.955464036341543
0.09059855161206047,21.23837353152414,0.04484362277991507,0.9524056111066012
0.09707809707888847,21.23837353152414,0.04469016651079026,0.9491464495421744
0.10402105513575949,21.23837353152414,0.044526700173196494,0.9456746904045278
0.11146056872915173,21.23837353152414,0.04435264100337462,0.9419779567392637
0.11943215116604915,21.23837353152414,0.04416738217075574,0.93804336045209
0.12797385564047778,21.23837353152414,0.04397029322285672,0.9338575117576753
0.13712645688446246,21.23837353152414,0.04376072079362377,0.929406534223717
0.1469336458105338,21.23837353152414,0.04353798961143617,0.9246760861792989
0.15744223807493174,21.23837353152414,0.04330140384522999,0.9196513893043703
0.1687023975571047,21.23837353152414,0.043050248829141755,0.9143172652583723
0.1807678758223073,21.23837353152414,0.04278379320758068,0.9086581812380838
0.1936962687103966,21.23837353152414,0.04250129154356597,0.9026583053744621
0.2075492912756809,21.23837353152414,0.04220198743334812,0.8963015728821351
0.22239307239027523,21.23837353152414,0.04188511716958405,0.889571763859281
0.23829847041728436,21.23837353152414,0.04154991399345177,0.8824525935956306
0.2553414114607129,21.23837353152414,0.041195612972856045,0.8749278161776183
0.27360325180677286,21.23837353152414,0.04082145653906704,0.8669813420775844
0.29317116628674317,21.23837353152414,0.04042670070752678,0.8585973702735851
0.3141385644152698,21.23837353152414,0.04001062199993779,0.8497605352632961
0.33660553629058904,21.23837353152414,0.03957252507392571,0.8404560691056392
0.3606793303852239,21.23837353152414,0.03911175105338995,0.8306699783438786
0.38647486550794,21.23837353152414,0.03862768653702714,0.8203892353320086
0.4141152793808653,21.23837353152414,0.03811977324441522,0.8096019831018902
0.4437325164504621,21.23837353152414,0.03758751823855802,0.7982977524734715
0.47546795773833395,21.23837353152414,0.03703050464111379,0.7864676896288131
0.5094730957385232,21.23837353152414,0.03644840273200668,0.7741047918497829
0.5459102575829949,21.23837353152414,0.03584098129924891,0.7612041485698198
0.5849533799274136,21.23837353152414,0.03520811907825612,0.7477631843263848
0.6267888392562115,21.23837353152414,0.03454981609356989,0.7337818996407015
0.6716163415705015,21.23837353152414,0.0338662046907308,0.7192631053167957
0.7196498757058468,21.23837353152414,0.03315756002325055,0.7042126451677274
0.7711187348306588,21.23837353152414,0.03242430974050878,0.688639601770762
0.8262686110014498,21.23837353152414,0.03166704260832108,0.6725564795542136
0.8853627679999155,21.23837353152414,0.030886515786266108,0.6559793593560366
0.9486832980505137,21.23837353152414,0.03008366048592767,0.6389280185956848
1.0165324684176076,21.23837353152414,0.02925958574314369,0.621426011390544
1.089234164310304,21.23837353152414,0.02841558005603633,0.6035007033450273
1.1671354349828413,21.23837353152414,0.02755311066954547,0.5851832563552298
1.2506081504110058,21.23837353152414,0.02667382032646744,0.5665085596062767
1.3400507764528888,21.23837353152414,0.025779521354160072,0.5475151039835546
1.4358902769679147,21.23837353152414,0.024872187014090545,0.5282447983511791
1.5385841519740941,21.23837353152414,0.023953940106680158,0.5087427275374304
1.6486226215728734,21.23837353152414,0.023027038894300467,0.48905685336208793
1.7665309660667667,21.23837353152414,0.022093860478197957,0.46923766158934677
1.8928720334405786,21.23837353152414,0.02115688183762601,0.44933775922982
2.0282489261759444,21.23837353152414,0.020218658808421025,0.42941142807968646
2.1733078802249692,21.23837353152414,0.019281803340557666,0.40951414170815365
2.3287413498860743,21.23837353152414,0.01834895942694928,0.3897020542243299
2.4952913133080123,21.23837353152414,0.017422778136425822,0.3700314700182837
2.673752814401236,21.23837353152414,0.016505892210505836,0.35055830423779766
2.8649777580643074,21.23837353152414,0.015600890695092526,0.33133754400685433
3.0698789768422605,21.23837353152414,0.014710294074184331,0.3124227203060929
3.289434588429555,21.23837353152414,0.013836530353555167,0.2938654000290764
3.524692664818587,21.23837353152414,0.012981912509385574,0.2757147070278967
3.776776235382502,21.23837353152414,0.012148617671970691,0.25801688000898876
4.046888647774959,21.23837353152414,0.011338668360407365,0.240814873988406
4.336319312237784,21.23837353152414,0.010553916023444162,0.224148010726245
4.646449856737443,21.23837353152414,0.009796027077503183,0.20805168219693737
4.978760722312678,21.23837353152414,0.009066471568232363,0.19255710977906237
5.334838230116768,21.23837353152414,0.008366514519565984,0.1776911605234626
5.716382153889739,21.23837353152414,0.0076972099764922725,0.16347622063131703
6.125213834008588,21.23837353152414,0.0070593976963625035,0.1499301251829279
6.563284871848655,21.23837353152414,0.006453702399839447,0.13706614222908392
7.032686445959767,21.23837353152414,0.005880535457069545,0.12489300860261503
7.535659294528738,21.23837353152414,0.005340098857381663,0.113415014228337
8.07460441178074,21.23837353152414,0.00483239129124898,0.10263213129403011
8.652094509379817,21.23837353152414,0.004357216160468309,0.09254018437361938
9.270886297540766,21.23837353152414,0.0039141913252820895,0.08313105744019252
9.933933644477731,21.23837353152414,0.0035027603941043335,0.07439293364141654
10.644401677007258,21.23837353152414,0.0031222053611973818,0.06631056370323725
11.405681889616837,21.23837353152414,0.0027716603987644017,0.058865558851491515
12.221408334123376,21.23837353152414,0.0024501266113638176,0.052036704171672235
13.095474967204968,21.23837353152414,0.0021564875614909747,0.045800288347030954
14.032054238615942,21.23837353152414,0.0018895253751264572,0.04013044571422897
15.035617008818157,21.23837353152414,0.001647937234893633,0.03499950655117801
16.110953891107577,21.23837353152414,0.0014303520664254918,0.030378351468332024
17.263198120114698,21.23837353152414,0.0012353472211448296,0.026236765723804248
18.497850055844463,21.23837353152414,0.001061464956687215,0.02254378924074616
19.82080344022787,21.23837353152414,0.0009072285155761231,0.019268058092255867
21.23837353152414,21.23837353152414,0.0007711576044860957,0.016378133255751055
22.757327250875505,21.23837353152414,0.0006517830814549592,0.013842812545468248
24.384915484922956,21.23837353152414,0.0005476606675425509,0.011631421825792555
26.12890769868241,21.23837353152414,0.00045738351327107057,0.009714081902011824
27.997629023909713,21.23837353152414,0.0003795934690195816,0.00806194788516491
30.0,21.23837353152414,0.00031299093234831246,0.006647418333193462
0.03,22.757327250875505,0.04323447176176647,0.9839010224012557
0.03214557915712819,22.757327250875505,0.043184605650793344,0.9827662029951116
0.034444608644906484,22.757327250875505,0.04313127939050722,0.981552639838715
0.03690806312437145,22.757327250875505,0.04307426088587413,0.9802550510694242
0.0395477021566922,22.757327250875505,0.04301330363733057,0.9788678270160056
0.04237612633868262,22.757327250875505,0.04294814601727268,0.97738501373346
0.045406837453086234,22.757327250875505,0.04287851053616534,0.975800296301628
0.04865430292076789,22.757327250875505,0.042804103102774695,0.9741069819900593
0.052134024862481254,22.757327250875505,0.042724612283940366,0.9722979834124065
0.05586261409988602,22.757327250875505,0.04263970857033122,0.9703658018169884
0.05985786944906639,22.757327250875505,0.04254904365577913,0.9683025106863538
0.06413886268506694,22.757327250875505,0.04245224973906711,0.9660997398478445
0.0687260295830332,22.757327250875505,0.04234893885846612,0.9637486603294316
0.07364126747055089,22.757327250875505,0.042238702270876526,0.9612399702306355
0.07890803975686143,22.757327250875505,0.04212110988913526,0.9585638819171397
0.0845514879379336,22.757327250875505,0.04199570979290109,0.9557101108898473
0.09059855161206047,22.757327250875505,0.041862027830520676,0.9526678667244171
0.09707809707888847,22.757327250875505,0.04171956733140245,0.9494258465256605
0.10402105513575949,22.757327250875505,0.04156780895066453,0.9459722313921447
0.11146056872915173,22.757327250875505,0.04140621067015897,0.9422946864395009
0.11943215116604915,22.757327250875505,0.041234207982373754,0.9383803649855426
0.12797385564047778,22.757327250875505,0.04105121428613657,0.9342159175554255
0.13712645688446246,22.757327250875505,0.04085662152543719,0.9297875064195386
0.1469336458105338,22.757327250875505,0.040649801104981176,0.9250808264290573
0.15744223807493174,22.757327250875505,0.040430105118205766,0.9200811329623054
0.1687023975571047,22.757327250875505,0.040196867925329366,0.9147732778369415
0.1807678758223073,22.757327250875505,0.039949408120453896,0.9091417540759527
0.1936962687103966,22.757327250875505,0.0396870309276587,0.9031707504363462
0.2075492912756809,22.757327250875505,0.03940903106626137,0.8968442166148293
0.22239307239027523,22.757327250875505,0.039114696124804324,0.890145940030724
0.23829847041728436,22.757327250875505,0.03880331048166635,0.8830596350486088
0.2553414114607129,22.757327250875505,0.03847415980729642,0.8755690454371259
0.27360325180677286,22.757327250875505,0.03812653617871284,0.8676580607613126
0.29317116628674317,22.757327250875505,0.03775974383089605,0.8593108472689289
0.3141385644152698,22.757327250875505,0.03737310556182616,0.8505119936519934
0.33660553629058904,22.757327250875505,0.036965969797997066,0.8412466718389996
0.3606793303852239,22.757327250875505,0.03653771831513194,0.8315008126977651
0.38647486550794,22.757327250875505,0.036087774594434366,0.821261296201374
0.4141152793808653,22.757327250875505,0.03561561277801322,0.8105161552297101
0.4437325164504621,22.757327250875505,0.035120767168180446,0.7992547917480866
0.47546795773833395,22.757327250875505,0.034602842194318216,0.7874682036265026
0.5094730957385232,22.757327250875505,0.03406152274825017,0.7751492198450695
0.5459102575829949,22.757327250875505,0.033496584764985946,0.762292741283476
0.5849533799274136,22.757327250875505,0.03290790590095242,0.7488959837289914
0.6267888392562115,22.757327250875505,0.03229547613715879,0.7349587191761632
0.6716163415705015,22.757327250875505,0.031659408111106103,0.7204835109534639
0.7196498757058468,22.757327250875505,0.030999946959732745,0.7054759377224212
0.7711187348306588,22.757327250875505,0.030317479437487513,0.6899448009805924
0.8262686110014498,22.757327250875505,0.029612542060018655,0.6739023103901596
0.8853627679999155,22.757327250875505,0.02888582801624753,0.6573642410782531
0.9486832980505137,22.757327250875505,0.028138192590987952,0.6403500570412733
1.0165324684176076,22.757327250875505,0.0273706568478591,0.6228829949581461
1.089234164310304,22.757327250875505,0.026584409338866435,0.6049901030958144
1.1671354349828413,22.757327250875505,0.025780805633207893,0.5867022305861267
1.2506081504110058,22.757327250875505,0.02496136549370415,0.568053963168937
1.3400507764528888,22.757327250875505,0.024127767574372835,0.5490835025230653
1.4358902769679147,22.757327250875505,0.023281841566159752,0.5298324875241334
1.5385841519740941,22.757327250875505,0.022425557778263057,0.510345757143349
1.6486226215728734,22.757327250875505,0.021561014207882902,0.4906710561895675
1.7665309660667667,22.757327250875505,0.020690421219206206,0.4708586866439342
1.8928720334405786,22.757327250875505,0.01981608402026785,0.45096110888008023
2.0282489261759444,22.757327250875505,0.018940383191109127,0.43103249853705206
2.1733078802249692,22.757327250875505,0.018065753575464895,0.4111282661505289
2.3287413498860743,22.757327250875505,0.017194661898313996,0.3913045477880918
2.4952913133080123,22.757327250875505,0.016329583510652047,0.3716176758224091
2.673752814401236,22.757327250875505,0.015472978688949025,0.3521236395702356
2.8649777580643074,22.757327250875505,0.01462726892876354,0.3328775457984351
3.0698789768422605,22.757327250875505,0.013794813669477681,0.31393308904115436
3.289434588429555,22.757327250875505,0.01297788787045032,0.29534204129300573
3.524692664818587,22.757327250875505,0.012178660829174062,0.277153769966933
3.776776235382502,22.757327250875505,0.011399176591037336,0.25941479207275614
4.046888647774959,22.757327250875505,0.0106413362503452,0.2421683714357102
4.336319312237784,22.757327250875505,0.00990688238600103,0.22545416449415978
4.646449856737443,22.757327250875505,0.009197385815526546,0.2093079188564981
4.978760722312678,22.757327250875505,0.008514234790694065,0.19376122742261434
5.334838230116768,22.757327250875505,0.00785862669954924,0.17884133954410977
5.716382153889739,22.757327250875505,0.007231562285230255,0.16457102946007401
6.125213834008588,22.757327250875505,0.006633842343476317,0.1509685211412054
6.563284871848655,22.757327250875505,0.006066066819246509,0.1380474677312703
7.032686445959767,22.757327250875505,0.005528636189043035,0.12581698300508554
7.535659294528738,22.757327250875505,0.005021754989403972,0.11428172166758305
8.07460441178074,22.757327250875505,0.004545437333155068,0.10344200488895672
8.652094509379817,22.757327250875505,0.004099514242547298,0.09329398718727387
9.270886297540766,22.757327250875505,0.003683642621226848,0.08382986060653223
9.933933644477731,22.757327250875505,0.00329731568379834,0.07503809206564316
10.644401677007258,22.757327250875505,0.00293987466122732,0.06690368974210689
11.405681889616837,22.757327250875505,0.0026105216012431262,0.05940849437496935
12.221408334123376,22.757327250875505,0.002308333084194413,0.05253149140103501
13.095474967204968,22.757327250875505,0.002032274675682766,0.04624913985817959
14.032054238615942,22.757327250875505,0.0017812159372784307,0.04053571398912018
15.035617008818157,22.757327250875505,0.001553945815562381,0.03536365345488173
16.110953891107577,22.757327250875505,0.0013491882278276759,0.030703918023703196
17.263198120114698,22.757327250875505,0.0011656176604876475,0.026526342549117295
18.497850055844463,22.757327250875505,0.0010018745942893634,0.02279998800658117
19.82080344022787,22.757327250875505,0.0008565805696830555,0.019493484341018663
21.23837353152414,22.757327250875505,0.0007283527070795456,0.016575360909070285
22.757327250875505,22.757327250875505,0.0006158175011359924,0.014014360400168178
24.384915484922956,22.757327250875505,0.000517623716419687,0.011779732307377196
26.12890769868241,22.757327250875505,0.0004324542243816447,0.009841502305276632
27.997629023909713,22.757327250875505,0.00035903663882915176,0.008170714284889401
30.0,22.757327250875505,0.0002961526290127706,0.006739642294650747
0.03,24.384915484922956,0.04035226756171638,0.9839866341174521
0.03214557915712819,24.384915484922956,0.04030597358231129,0.9828577593421982
0.034444608644906484,24.384915484922956,0.040256466780357436,0.9816505401606246
0.03690806312437145,24.384915484922956,0.04020353157211601,0.9803597195814806
0.0395477021566922,24.384915484922956,0.040146938982524284,0.9789797140672134
0.04237612633868262,24.384915484922956,0.04008644597081281,0.9775045970892008
0.045406837453086234,24.384915484922956,0.04002179474612998,0.9759280824393131
0.04865430292076789,24.384915484922956,0.03995271207731325,0.9742435073987442
0.052134024862481254,24.384915484922956,0.0398789086017905,0.9724438158856284
0.05586261409988602,24.384915484922956,0.03980007813954472,0.9705215417261277
0.05985786944906639,24.384915484922956,0.03971589701914019,0.9684687922196371
0.06413886268506694,24.384915484922956,0.03962602342399437,0.96627723219768
0.0687260295830332,24.384915484922956,0.03953009676839319,0.9639380688080941
0.07364126747055089,24.384915484922956,0.03942773711419407,0.9614420372913824
0.07890803975686143,24.384915484922956,0.039318544640741596,0.9587793880546543
0.0845514879379336,24.384915484922956,0.039202099182238395,0.9559398753904506
0.09059855161206047,24.384915484922956,0.03907795984866095,0.9529127482328099
0.09707809707888847,24.384915484922956,0.038945664748283745,0.9496867433910423
0.10402105513575949,24.384915484922956,0.03880473083195703,0.9462500817524562
0.11146056872915173,24.384915484922956,0.03865465388145817,0.9425904679983065
0.11943215116604915,24.384915484922956,0.03849490866647213,0.938695094431751
0.12797385564047778,24.384915484922956,0.03832494929701842,0.9345506495717516
0.13712645688446246,24.384915484922956,0.038144209800379636,0.9301433322214274
0.1469336458105338,24.384915484922956,0.0379521049537397,0.9254588717718684
0.15744223807493174,24.384915484922956,0.0377480314057342,0.9204825555510459
0.1687023975571047,24.384915484922956,0.037531369121857686,0.9151992640699468
0.1807678758223073,24.384915484922956,0.037301483190058826,0.9095935150518589
0.1936962687103966,24.384915484922956,0.037057726023757356,0.9036495171527532
0.2075492912756809,24.384915484922956,0.03679943999979525,0.8973512342875004
0.22239307239027523,24.384915484922956,0.036525960568329796,0.8906824614643506
0.23829847041728436,24.384915484922956,0.03623661987021283,0.8836269129944198
0.2553414114607129,24.384915484922956,0.03593075089479233,0.8761683238793309
0.27360325180677286,24.384915484922956,0.035607692207125535,0.8682905650839059
0.29317116628674317,24.384915484922956,0.03526679326811028,0.8599777732671191
0.3141385644152698,24.384915484922956,0.03490742036383578,0.8512144953688141
0.33660553629058904,24.384915484922956,0.0345289631513543,0.8419858482277937
0.3606793303852239,24.384915484922956,0.03413084181694296,0.8322776931354283
0.38647486550794,24.384915484922956,0.03371251482966597,0.8220768249056165
0.4141152793808653,24.384915484922956,0.033273487257634946,0.811371174666089
0.4437325164504621,24.384915484922956,0.032813319596850854,0.8001500251489743
0.47546795773833395,24.384915484922956,0.03233163704305181,0.7884042367840227
0.5094730957385232,24.384915484922956,0.031828139115862304,0.7761264823826728
0.5459102575829949,24.384915484922956,0.03130260952215335,0.763311487655254
0.5849533799274136,24.384915484922956,0.030754926122440154,0.7499562742407525
0.6267888392562115,24.384915484922956,0.03018507084108032,0.7360604013661559
0.6716163415705015,24.384915484922956,0.029593139338856125,0.7216262017115554
0.7196498757058468,24.384915484922956,0.02897935024623453,0.7066590065624103
0.7711187348306588,24.384915484922956,0.02834405373831364,0.6911673549088927
0.8262686110014498,24.384915484922956,0.027687739219371232,0.6751631808329542
0.8853627679999155,24.384915484922956,0.027011041877234392,0.6586619733360755
0.9486832980505137,24.384915484922956,0.026314747866542424,0.6416829027326937
1.0165324684176076,24.384915484922956,0.02559979788640267,0.6242489078910385
1.089234164310304,24.384915484922956,0.024867288932751704,0.6063867389643103
1.1671354349828413,24.384915484922956,0.024118474029441388,0.5881269508332375
1.2506081504110058,24.384915484922956,0.023354759774801805,0.5695038432792203
1.3400507764528888,24.384915484922956,0.02257770158187428,0.5505553449178157
1.4358902769679147,24.384915484922956,0.02178899653985217,0.5313228391255739
1.5385841519740941,24.384915484922956,0.020990473880208183,0.5118509315573594
1.6486226215728734,24.384915484922956,0.020184083091735937,0.4921871603326433
1.7665309660667667,24.384915484922956,0.019371879792086332,0.47238165151411204
1.8928720334405786,24.384915484922956,0.01855600952681175,0.4524867240487297
2.0282489261759444,24.384915484922956,0.017738689727737893,0.4325564498241595
2.1733078802249692,24.384915484922956,0.01692219011793596,0.4126461758456668
2.3287413498860743,24.384915484922956,0.016108811898090263,0.39281201669745236
2.4952913133080123,24.384915484922956,0.015300866086401223,0.3731103263630177
2.673752814401236,24.384915484922956,0.014500651409565638,0.353597159098587
2.8649777580643074,24.384915484922956,0.013710432154686088,0.3343277293537904
3.0698789768422605,24.384915484922956,0.01293241639072604,0.31535588070368686
3.289434588429555,24.384915484922956,0.012168734953622038,0.2967335734025013
3.524692664818587,24.384915484922956,0.011421421562373447,0.27851039951615325
3.776776235382502,24.384915484922956,0.010692394395963522,0.2607331336770343
4.046888647774959,24.384915484922956,0.00998343941494261,0.24344532638222421
4.336319312237784,24.384915484922956,0.00929619565938764,0.22668694548547524
4.646449856737443,24.384915484922956,0.008632142699377674,0.2104940701781193
4.978760722312678,24.384915484922956,0.007992590357710053,0.19489864037836976
5.334838230116768,24.384915484922956,0.007378670769761944,0.17992826311171642
5.716382153889739,24.384915484922956,0.006791332794276836,0.1656060762184263
6.125213834008588,24.384915484922956,0.006231338743084788,0.1519506686080486
6.563284871848655,24.384915484922956,0.005699263358493979,0.13897605532319385
7.032686445959767,24.384915484922956,0.005195494934926146,0.12669170489051937
7.535659294528738,24.384915484922956,0.00472023845639811,0.11510261582795112
8.07460441178074,24.384915484922956,0.004273520603294994,0.1042094387344254
8.652094509379817,24.384915484922956,0.0038551964697788516,0.09400864009333064
9.270886297540766,24.384915484922956,0.003464957826091336,0.0844927037480596
9.933933644477731,24.384915484922956,0.003102342756745733,0.07565036592850759
10.644401677007258,24.384915484922956,0.002766746504925535,0.06746687969081515
11.405681889616837,24.384915484922956,0.0024574333541457095,0.059924304650673874
12.221408334123376,24.384915484922956,0.0021735493793894637,0.05300181791871881
13.095474967204968,24.384915484922956,0.0019141359007459492,0.04667604216634685
14.032054238615942,24.384915484922956,0.0016781434725752216,0.040921386750321906
15.035617008818157,24.384915484922956,0.0014644462402587984,0.03571039780092398
16.110953891107577,24.384915484922956,0.001271856494810465,0.031014113134903543
17.263198120114698,24.384915484922956,0.0010991392534510577,0.026802417801565358
18.497850055844463,24.384915484922956,0.0009450266923436604,0.023044396023796446
19.82080344022787,24.384915484922956,0.000808232256843771,0.0197086752753239
21.23837353152414,24.384915484922956,0.0006874642757093186,0.016763758262075507
22.757327250875505,24.384915484922956,0.0005814389095835089,0.014178338669839625
24.384915484922956,24.384915484922956,0.0004888922714452588,0.011921596720424648
26.12890769868241,24.384915484922956,0.00040859156816895116,0.00996347085765201
27.997629023909713,24.384915484922956,0.00033934512815107554,0.008274902270184327
30.0,24.384915484922956,0.0002800112001624469,0.006828049450793113
0.03,26.12890769868241,0.03766198558352484,0.9840665450610282
0.03214557915712819,26.12890769868241,0.03761899392897216,0.9829432200874075
0.034444608644906484,26.12890769868241,0.03757301816813856,0.9817419236762096
0.03690806312437145,26.12890769868241,0.037523857996414146,0.9804574220867711
0.0395477021566922,26.12890769868241,0.037471300656968534,0.9790841562155084
0.04237612633868262,26.12890769868241,0.03741512031213546,0.9776162251708849
0.045406837453086234,26.12890769868241,0.037355077405208645,0.9760473695978336
0.04865430292076789,26.12890769868241,0.037290918016457265,0.9743709548511449
0.052134024862481254,26.12890769868241,0.03722237321794943,0.9725799541377089
0.05586261409988602,26.12890769868241,0.03714915843265164,0.970666931770484
0.05985786944906639,26.12890769868241,0.037070972804257196,0.9686240267028021
0.06413886268506694,26.12890769868241,0.036987498585295424,0.9664429365403304
0.0687260295830332,26.12890769868241,0.036898400552289996,0.9641149022597973
0.07364126747055089,26.12890769868241,0.036803325458075645,0.9616306938986271
0.07890803975686143,26.12890769868241,0.036701901532848705,0.9589805975179342
0.0845514879379336,26.12890769868241,0.036593738047119954,0.9561544037829601
0.09059855161206047,26.12890769868241,0.036478424951454286,0.9531413985498625
0.09707809707888847,26.12890769868241,0.0363555326097147,0.9499303558956739
0.10402105513575949,26.12890769868241,0.036224611644465096,0.9465095340788445
0.11146056872915173,26.12890769868241,0.036085192915209896,0.9428666749706678
0.11943215116604915,26.12890769868241,0.03593678765223252,0.9389890075523334
0.12797385564047778,26.12890769868241,0.03577888777090553,0.9348632561275074
0.13712645688446246,26.12890769868241,0.03561096639343743,0.9304756539550078
0.1469336458105338,26.12890769868241,0.035432478607039526,0.9258119630588749
0.15744223807493174,26.12890769868241,0.03524286248937142,0.9208575010221425
0.1687023975571047,26.12890769868241,0.035041540433771536,0.9155971756136642
0.1807678758223073,26.12890769868241,0.034827920808101966,0.9100155281319168
0.1936962687103966,26.12890769868241,0.034601399981918524,0.9040967863727404
0.2075492912756809,26.12890769868241,0.03436136475698603,0.8978249281360468
0.22239307239027523,26.12890769868241,0.03410719523574861,0.8911837561758159
0.23829847041728436,26.12890769868241,0.03383826816107277,0.8841569854639343
0.2553414114607129,26.12890769868241,0.03355396075823371,0.8767283435771004
0.27360325180677286,26.12890769868241,0.03325365510653215,0.8688816849223975
0.29317116628674317,26.12890769868241,0.032936743062926384,0.8606011193864217
0.3141385644152698,26.12890769868241,0.03260263175346601,0.8518711558204457
0.33660553629058904,26.12890769868241,0.03225074963995873,0.8426768605557967
0.3606793303852239,26.12890769868241,0.03188055315905741,0.8330040308759491
0.38647486550794,26.12890769868241,0.0314915339187306,0.8228393830524383
0.4141152793808653,26.12890769868241,0.031083226422843977,0.8121707541797366
0.4437325164504621,26.12890769868241,0.030655216278376494,0.8009873166208459
0.47546795773833395,26.12890769868241,0.030207148821760413,0.789279803404141
0.5094730957385232,26.12890769868241,0.029738738081218005,0.7770407423994369
0.5459102575829949,26.12890769868241,0.029249775971142724,0.7642646965571269
0.5849533799274136,26.12890769868241,0.02874014159305362,0.7509485069319612
0.6267888392562115,26.12890769868241,0.028209810496093723,0.7370915346497552
0.6716163415705015,26.12890769868241,0.027658863729244886,0.7226958974318745
0.7196498757058468,26.12890769868241,0.02708749649832176,0.7077666957930323
0.7711187348306588,26.12890769868241,0.026496026224420422,0.6923122235997499
0.8262686110014498,26.12890769868241,0.025884899787937996,0.6763441573486758
0.8853627679999155,26.12890769868241,0.02525469973467242,0.6598777183251948
0.9486832980505137,26.12890769868241,0.024606149218940727,0.6429318017617086
1.0165324684176076,26.12890769868241,0.023940115464086073,0.6255290672569044
1.089234164310304,26.12890769868241,0.023257611533955037,0.6076959850625226
1.1671354349828413,26.12890769868241,0.022559796230415916,0.5894628334056209
1.2506081504110058,26.12890769868241,0.021847971961907076,0.5708636427960713
1.3400507764528888,26.12890769868241,0.02112358046609108,0.5519360842641845
1.4358902769679147,26.12890769868241,0.02038819631522727,0.5327212996631902
1.5385841519740941,26.12890769868241,0.019643518184680013,0.5132636735248935
1.6486226215728734,26.12890769868241,0.01889135792141358,0.4936105474313882
1.7665309660667667,26.12890769868241,0.01813362750835778,0.4738118794081687
1.8928720334405786,26.12890769868241,0.01737232407982307,0.45391985239329485
2.0282489261759444,26.12890769868241,0.01660951320018271,0.43398843732762116
2.1733078802249692,26.12890769868241,0.015847310670271855,0.4140729177758782
2.3287413498860743,26.12890769868241,0.015087863170957908,0.39422938416430886
2.4952913133080123,26.12890769868241,0.014333328088986505,0.37451420665206037
2.673752814401236,26.12890769868241,0.013585852894816439,0.35498349629653597
2.8649777580643074,26.12890769868241,0.012847554454605784,0.33569256449819057
3.0698789768422605,26.12890769868241,0.012120498658325152,0.3166953907053819
3.289434588429555,26.12890769868241,0.011406680733359178,0.2980441080302809
3.524692664818587,26.12890769868241,0.010708006588783103,0.2797885157951968
3.776776235382502,26.12890769868241,0.010026275501230496,0.2619756271332124
4.046888647774959,26.12890769868241,0.009363164410847329,0.24464925865861792
4.336319312237784,26.12890769868241,0.008720214047536506,0.22784966796083514
4.646449856737443,26.12890769868241,0.00809881705599007,0.21161324332447934
4.978760722312678,26.12890769868241,0.007500208235332463,0.19597224870189964
5.334838230116768,26.12890769868241,0.006925456957849773,0.1809546256228546
5.716382153889739,26.12890769868241,0.006375461783242977,0.1665838524708329
6.125213834008588,26.12890769868241,0.005850947241701116,0.1528788604282689
6.563284871848655,26.12890769868241,0.005352462721948751,0.13985400442243734
7.032686445959767,26.12890769868241,0.004880383369884608,0.12751908660589953
7.535659294528738,26.12890769868241,0.004434912879612537,0.1158794292830938
8.07460441178074,26.12890769868241,0.0040160880412458775,0.10493599373949578
8.652094509379817,26.12890769868241,0.0036237848981570064,0.09468554112382366
9.270886297540766,26.12890769868241,0.0032577263593916534,0.0851208313521092
9.933933644477731,26.12890769868241,0.002917491109664475,0.0762308559161496
10.644401677007258,26.12890769868241,0.002602523658543146,0.06800110045771113
11.405681889616837,26.12890769868241,0.0023121453710150245,0.06041383298518738
12.221408334123376,26.12890769868241,0.0020455663226665822,0.053448413636488334
13.095474967204968,26.12890769868241,0.001801897823462602,0.04708162191171106
14.032054238615942,26.12890769868241,0.0015801654541331145,0.041287997299690724
15.035617008818157,26.12890769868241,0.0013793224582940606,0.036040189199485234
16.110953891107577,26.12890769868241,0.0011982633317669947,0.03130931199445546
17.263198120114698,26.12890769868241,0.0010358374485080562,0.027065301082905696
18.497850055844463,26.12890769868241,0.0008908625607034163,0.023277265620831423
19.82080344022787,26.12890769868241,0.0007621380096801915,0.019913833708591247
21.23837353152414,26.12890769868241,0.0006484574851277168,0.016943485775421836
22.757327250875505,26.12890769868241,0.0005486211735194507,0.014334872004432554
24.384915484922956,26.12890769868241,0.0004614471432688285,0.0120571098142919
26.12890769868241,26.12890769868241,0.00038578182457345034,0.010080057686108975
27.997629023909713,26.12890769868241,0.0003205094564029824,0.008374562002908401
30.0,26.12890769868241,0.00026456039170216295,0.00691267405551308
0.03,27.997629023909713,0.03515087413873651,0.9841411340024867
0.03214557915712819,27.997629023909713,0.035110937046277046,0.983022990103513
0.034444608644906484,27.997629023909713,0.03506822746478208,0.9818272230850505
0.03690806312437145,27.997629023909713,0.03502255923535481,0.980548620939367
0.0395477021566922,27.997629023909713,0.03497373461762271,0.9791816474048693
0.04237612633868262,27.997629023909713,0.0349215437037588,0.9777204255600888
0.045406837453086234,27.997629023909713,0.034865763823327685,0.9761587211607804
0.04865430292076789,27.997629023909713,0.0348061589424627,0.9744899258183084
0.052134024862481254,27.997629023909713,0.03474247906160289,0.9727070401377085
0.05586261409988602,27.997629023909713,0.03467445961683202,0.9708026569566014
0.05985786944906639,27.997629023909713,0.03460182089077475,0.9687689448516806
0.06413886268506694,27.997629023909713,0.03452426744002255,0.9665976321079964
0.0687260295830332,27.997629023909713,0.03444148754718966,0.9642799913778223
0.07364126747055089,27.997629023909713,0.034353152706943016,0.9618068252907103
0.07890803975686143,27.997629023909713,0.034258917156709534,0.9591684533144093
0.0845514879379336,27.997629023909713,0.0341584174642438,0.9563547002077365
0.09059855161206047,27.997629023909713,0.03405127218583196,0.9533548864510983
0.09707809707888847,27.997629023909713,0.03393708161061209,0.9501578210880656
0.10402105513575949,27.997629023909713,0.03381542760829207,0.9467517974618359
0.11146056872915173,27.997629023909713,0.03368587359943051,0.9431245923831696
0.11943215116604915,27.997629023909713,0.033547964669388024,0.9392634693207558
0.12797385564047778,27.997629023909713,0.03340122784902601,0.935155186260112
0.13712645688446246,27.997629023909713,0.03324517258718597,0.9307860089318856
0.1469336458105338,27.997629023909713,0.03307929144187301,0.926141730163352
0.15744223807493174,27.997629023909713,0.03290306101882964,0.9212076961562569
0.1687023975571047,27.997629023909713,0.03271594318774194,0.915968840537705
0.1807678758223073,27.997629023909713,0.03251738660758001,0.910409727066075
0.1936962687103966,27.997629023909713,0.03230682859343029,0.9045146018979
0.2075492912756809,27.997629023909713,0.032083697357508684,0.8982674563309205
0.22239307239027523,27.997629023909713,0.03184741465671268,0.8916521009292665
0.23829847041728436,27.997629023909713,0.03159739887792823,0.8846522519047356
0.2553414114607129,27.997629023909713,0.03133306859019193,0.8772516305689113
0.27360325180677286,27.997629023909713,0.0310538465895515,0.8694340765796668
0.29317116628674317,27.997629023909713,0.030759164457898017,0.8611836755776576
0.3141385644152698,27.997629023909713,0.030448467650994716,0.8524849016390658
0.33660553629058904,27.997629023909713,0.030121221123249803,0.843322774755901
0.3606793303852239,27.997629023909713,0.029776915487346355,0.833683033291035
0.38647486550794,27.997629023909713,0.029415073695565282,0.8235523210394017
0.4141152793808653,27.997629023909713,0.029035258216481803,0.8129183881584838
0.4437325164504621,27.997629023909713,0.028637078665718234,0.8017703048112985
0.47546795773833395,27.997629023909713,0.02822019983271639,0.7900986858969924
0.5094730957385232,27.997629023909713,0.02778435002727676,0.7778959247341505
0.5459102575829949,27.997629023909713,0.027329329650238626,0.7651564330195172
0.5849533799274136,27.997629023909713,0.02685501987261541,0.7518768838232094
0.6267888392562115,27.997629023909713,0.02636139128735551,0.7380564538175053
0.6716163415705015,27.997629023909713,0.025848512378407004,0.7236970603905774
0.7196498757058468,27.997629023909713,0.025316557633783064,0.7088035887930877
0.7711187348306588,27.997629023909713,0.024765815113813944,0.6933841040312991
0.8262686110014498,27.997629023909713,0.024196693273758497,0.6774500418840218
0.8853627679999155,27.997629023909713,0.023609726832484194,0.6610163732117394
0.9486832980505137,27.997629023909713,0.023005581477025156,0.6441017356730792
1.0165324684176076,27.997629023909713,0.022385057197406404,0.6267285270919846
1.089234164310304,27.997629023909713,0.021749090057918623,0.6089229550492087
1.1671354349828413,27.997629023909713,0.021098752230527325,0.5907150378176916
1.2506081504110058,27.997629023909713,0.02043525014347093,0.5721385525276969
1.3400507764528888,27.997629023909713,0.01975992063312772,0.5532309274282091
1.4358902769679147,27.997629023909713,0.019074225029274333,0.5340330762881962
1.5385841519740941,27.997629023909713,0.018379741151844292,0.5145891743248235
1.6486226215728734,27.997629023909713,0.01767815324972402,0.49494637651359713
1.7665309660667667,27.997629023909713,0.016971239967124827,0.4751544806753106
1.8928720334405786,27.997629023909713,0.016260860478476927,0.455265539285952
2.0282489261759444,27.997629023909713,0.015548938986264098,0.435333425452829
2.1733078802249692,27.997629023909713,0.014837447825370947,0.41541335987635164
2.3287413498860743,27.997629023909713,0.014128389460075512,0.3955614068085102
2.4952913133080123,27.997629023909713,0.013423777693778815,0.37583394796985353
2.673752814401236,27.997629023909713,0.012725618435311848,0.35628714405168754
2.8649777580643074,27.997629023909713,0.01203589037811501,0.3369763937789084
3.0698789768422605,27.997629023909713,0.011356525949256381,0.3179558005276843
3.289434588429555,27.997629023909713,0.010689392874292034,0.2992776561852523
3.524692664818587,27.997629023909713,0.0100362766821419,0.2809919513279243
3.776776235382502,27.997629023909713,0.009398864442788035,0.26314591991519526
4.046888647774959,27.997629023909713,0.008778729991487157,0.24578362560272748
4.336319312237784,27.997629023909713,0.008177320848436809,0.22894559552401642
4.646449856737443,27.997629023909713,0.007595946994728884,0.21266850604370116
4.978760722312678,27.997629023909713,0.007035771616256708,0.19698492360890896
5.334838230116768,27.997629023909713,0.006497803879166472,0.18192310247902432
5.716382153889739,27.997629023909713,0.0059828937553382845,0.16750683985142734
6.125213834008588,27.997629023909713,0.005491728875752833,0.15375538776322056
6.563284871848655,27.997629023909713,0.00502483335451128,0.14068342016657462
7.032686445959767,27.997629023909713,0.004582568497324567,0.12830105276474862
7.535659294528738,27.997629023909713,0.004165135285614146,0.1166139125610211
8.07460441178074,27.997629023909713,0.0037725785106916174,0.10562325360591772
8.652094509379817,27.997629023909713,0.003404792421191267,0.09532611511193244
9.270886297540766,27.997629023909713,0.003061527740140831,0.08571551791487166
9.933933644477731,27.997629023909713,0.002742399904744681,0.07678069516824691
10.644401677007258,27.997629023909713,0.002446898381041451,0.0685073531316038
11.405681889616837,27.997629023909713,0.0021743969060538603,0.060877957926433045
12.221408334123376,27.997629023909713,0.0019241645109766587,0.05387204415929714
13.095474967204968,27.997629023909713,0.001695377179653892,0.047466541331552
14.032054238615942,27.997629023909713,0.001487129996635333,0.04163611395612416
15.035617008818157,27.997629023909713,0.0012984496383000067,0.03635351127935334
16.110953891107577,27.997629023909713,0.0011283070589916744,0.03158992246270752
17.263198120114698,27.997629023909713,0.0009756302221714341,0.02731533302487043
18.497850055844463,27.997629023909713,0.000839316724802976,0.023498878294596643
19.82080344022787,27.997629023909713,0.0007182461622343826,0.020109189598085112
21.23837353152414,27.997629023909713,0.000611292081481816,0.017114728922581472
22.757327250875505,27.997629023909713,0.0005173333738023472,0.014484107881405727
24.384915484922956,27.997629023909713,0.0004352649634268091,0.01218638697312943
26.12890769868241,27.997629023909713,0.00036400765881736754,0.010191351393430553
27.997629023909713,27.997629023909713,0.0003025170461164172,0.008469760030576435
30.0,27.997629023909713,0.0002497913216135436,0.006993564755928114
0.03,30.0,0.0328070251551309,0.9842107546539269
0.03214557915712819,30.0,0.03276991491649747,0.9830974474949241
0.034444608644906484,30.0,0.03273022808326337,0.9819068424979011
0.03690806312437145,30.0,0.03268779159891027,0.9806337479673081
0.0395477021566922,30.0,0.03264242163309456,0.9792726489928367
0.04237612633868262,30.0,0.03259392303538925,0.9778176910616776
0.045406837453086234,30.0,0.032542088780267875,0.9762626634080364
0.04865430292076789,30.0,0.032486699406561355,0.9746009821968405
0.052134024862481254,30.0,0.03242752245528752,0.9728256736586257
0.05586261409988602,30.0,0.03236431191050683,0.9709293573152048
0.05985786944906639,30.0,0.032296807648702915,0.9689042294610875
0.06413886268506694,30.0,0.03222473490313053,0.9667420470939159
0.0687260295830332,30.0,0.032147803750618195,0.9644341125185458
0.07364126747055089,30.0,0.03206570862946706,0.9619712588840118
0.07890803975686143,30.0,0.03197812789834892,0.9593438369504677
0.0845514879379336,30.0,0.03188472344747985,0.9565417034243955
0.09059855161206047,30.0,0.031785140374826194,0.9535542112447859
0.09707809707888847,30.0,0.03167900674168355,0.9503702022505065
0.10402105513575949,30.0,0.031565933423644756,0.9469780027093427
0.11146056872915173,30.0,0.03144551407472746,0.9433654222418238
0.11943215116604915,30.0,0.031317325224241396,0.9395197567272419
0.12797385564047778,30.0,0.03118092652781359,0.9354277958344077
0.13712645688446246,30.0,0.03103586119581753,0.9310758358745259
0.1469336458105338,30.0,0.0308816566242229,0.926449698726687
0.15744223807493174,30.0,0.030717825254537427,0.9215347576361228
0.1687023975571047,30.0,0.030543865690980367,0.916315970729411
0.1807678758223073,30.0,0.03035926410422383,0.9107779231267149
0.1936962687103966,30.0,0.030163495951866015,0.9049048785559805
0.2075492912756809,30.0,0.029956028046145267,0.898680841384358
0.22239307239027523,30.0,0.029736320999140912,0.8920896299742274
0.23829847041728436,30.0,0.02950383207469538,0.8851149622408613
0.2553414114607129,30.0,0.029258018474382506,0.8777405542314751
0.27360325180677286,30.0,0.028998341081882727,0.8699502324564818
0.29317116628674317,30.0,0.028724268685945988,0.8617280605783797
0.3141385644152698,30.0,0.02843528269657471,0.8530584808972413
0.33660553629058904,30.0,0.02813088236199697,0.8439264708599091
0.3606793303852239,30.0,0.027810590485306475,0.8343177145591942
0.38647486550794,30.0,0.02747395962923532,0.8242187888770596
0.4141152793808653,30.0,0.027120578785362292,0.8136173635608688
0.4437325164504621,30.0,0.02675008047017199,0.8025024141051598
0.47546795773833395,30.0,0.026362148194875243,0.7908644458462573
0.5094730957385232,30.0,0.025956524238982023,0.7786957271694607
0.5459102575829949,30.0,0.025533017639594417,0.7659905291878325
0.5849533799274136,30.0,0.02509151228968913,0.752745368690674
0.6267888392562115,30.0,0.02463197501984118,0.7389592505952355
0.6716163415705015,30.0,0.024154463519581747,0.7246339055874524
0.7196498757058468,30.0,0.023659133937677795,0.7097740181303338
0.7711187348306588,30.0,0.023146247985959517,0.6943874395787856
0.8262686110014498,30.0,0.02261617935986062,0.6784853807958187
0.8853627679999155,30.0,0.022069419281555955,0.6620825784466786
0.9486832980505137,30.0,0.02150658096943424,0.6451974290830272
1.0165324684176076,30.0,0.020928402841490855,0.6278520852447257
1.089234164310304,30.0,0.020335750270770253,0.6100725081231076
1.1671354349828413,30.0,0.019729615728701654,0.5918884718610495
1.2506081504110058,30.0,0.019111117177232295,0.5733335153169689
1.3400507764528888,30.0,0.018481494602894125,0.5544448380868238
1.4358902769679147,30.0,0.01784210462477367,0.5352631387432101
1.5385841519740941,30.0,0.017194413152815526,0.5158323945844658
1.6486226215728734,30.0,0.01653998612160291,0.49619958364808736
1.7665309660667667,30.0,0.015880478375998267,0.47641435127994797
1.8928720334405786,30.0,0.01521762083678755,0.4565286251036265
2.0282489261759444,30.0,0.014553206124574461,0.4365961837372338
2.1733078802249692,30.0,0.013889072866389102,0.41667218599167305
2.3287413498860743,30.0,0.013227088949675659,0.3968126684902698
2.4952913133080123,30.0,0.012569134020609671,0.37707402061829015
2.673752814401236,30.0,0.011917081546537908,0.3575124463961373
2.8649777580643074,30.0,0.011272780774685003,0.3381834232405501
3.0698789768422605,30.0,0.01063803892063664,0.31914116761909916
3.289434588429555,30.0,0.010014603910587614,0.30043811731762843
3.524692664818587,30.0,0.009404147981614907,0.28212443944844723
3.776776235382502,30.0,0.008808252415508935,0.2642475724652681
4.046888647774959,30.0,0.008228393645615506,0.24685180936846518
4.336319312237784,30.0,0.00766593093466072,0.2299779280398216
4.646449856737443,30.0,0.0071220957767774255,0.2136628733033228
4.978760722312678,30.0,0.006597983131066876,0.19793949393200627
5.334838230116768,30.0,0.006094544549036364,0.1828363364710909
5.716382153889739,30.0,0.005612583215925153,0.16837749647775457
6.125213834008588,30.0,0.0051527508876982155,0.15458252663094646
6.563284871848655,30.0,0.004715546672371982,0.14146640017115947
7.032686445959767,30.0,0.00430131757692344,0.12903952730770318
7.535659294528738,30.0,0.003910260719481538,0.11730782158444614
8.07460441178074,30.0,0.003542427090572298,0.10627281271716893
8.652094509379817,30.0,0.003197726736327371,0.09593180208982113
9.270886297540766,30.0,0.0028759352299649985,0.08627805689894996
9.933933644477731,30.0,0.0025767012945596833,0.0773010388367905
10.644401677007258,30.0,0.0022995554391261725,0.06898666317378517
11.405681889616837,30.0,0.002043919470386545,0.06131758411159635
12.221408334123376,30.0,0.001809116743420829,0.05427350230262487
13.095474967204968,30.0,0.00159438301505904,0.0478314904517712
14.032054238615942,30.0,0.001398877763926467,0.04196633291779401
15.035617008818157,30.0,0.0012216958403263184,0.03665087520978955
16.110953891107577,30.0,0.0010618793077123516,0.031856379231370545
17.263198120114698,30.0,0.0009184293356779393,0.02755288007033818
18.497850055844463,30.0,0.000790318002668257,0.02370954008004771
19.82080344022787,30.0,0.0006764998656458439,0.020294995969375316
21.23837353152414,30.0,0.0005759231544110165,0.017277694632330497
22.757327250875505,30.0,0.00048754045089899133,0.01462621352696974
24.384915484922956,30.0,0.0004103187191704644,0.012309561575113932
26.12890769868241,30.0,0.00034324856046798094,0.010297456814039428
27.997629023909713,30.0,0.0002853525799188031,0.008560577397564093
30.0,30.0,0.00023569276728822782,0.007070783018646834
