Grid spacing:     1.200
Angle step:    15.000
Initial rotation:     0.00000   0.00000   0.00000
receptor.pdb      11.443    24.834    45.251
ligand-independent.pdb      80.588   -37.860    66.223
   1.79713   1.20833   2.27184   -57.242    76.105   -34.421   -343.38    105.27      1.00
   1.81132   1.19465   2.29383   -57.127    75.689   -34.466   -338.00    104.83      1.00
   1.80992   1.19914   2.30073   -57.060    75.758   -34.340   -337.23    104.80      1.00
   1.77046   1.21101   2.28002   -57.206    76.262   -34.187   -335.43    105.30      1.00
   1.85267   1.18076   2.21606   -57.367    76.060   -34.717   -334.73    105.43      1.00
   1.77423   1.23665   2.34223   -56.813    75.721   -34.456   -324.58    104.65      1.00
   1.81714   1.22914   2.22279   -57.834    76.393   -34.957   -320.39    106.08      1.00
   1.74135   1.22696   2.27242   -57.204    76.522   -34.091   -318.50    105.51      1.00
   1.90151   1.23117   2.13878   -57.896    76.671   -35.498   -317.72    106.59      1.00
   1.84710   1.23063   2.24960   -56.926    76.047   -34.907   -316.17    105.24      1.00
   1.88463   1.23426   2.12034   -58.305    76.946   -35.342   -315.02    107.01      1.00
   1.81154   1.18735   2.33937   -56.916    75.152   -34.388   -307.87    104.18      1.00
   1.90734   1.23498   2.10060   -58.306    77.154   -35.779   -305.09    107.33      1.00
   1.84403   1.21470   2.37307   -56.733    74.861   -35.054   -300.09    104.02      1.00
   1.90954   1.23333   2.07054   -58.779    77.259   -35.463   -289.64    107.61      1.00
   1.97194   1.25548   2.09000   -58.496    76.719   -36.580   -278.54    107.36      1.00
   1.89060   1.28491   2.07714   -58.754    77.777   -36.144   -261.75    108.27      1.00
   1.76467   1.23006   2.44888   -56.175    74.794   -34.724   -256.78    103.46      1.00
   1.81913   1.22619   2.44963   -55.880    74.513   -35.066   -255.99    103.17      1.00
   1.94155   1.26031   2.28328   -56.536    75.378   -36.184   -253.20    104.86      1.00
   5.94299   1.40532   1.91251   -87.729    50.772   -25.822   -251.24    106.92      1.00
   5.97548   1.37556   1.90237   -87.586    50.521   -25.666   -250.46    106.73      1.00
   1.95883   1.23721   1.98480   -59.299    77.830   -36.119   -250.01    108.62      1.00
   5.91069   1.42248   1.88785   -87.668    51.109   -25.833   -249.25    106.95      1.00
   5.92422   1.39546   1.89813   -87.821    51.126   -25.916   -248.50    107.18      1.00
  -0.30801   1.34100   1.91669   -87.670    50.478   -25.641   -246.28    106.86      1.00
   5.87981   1.36628   1.88859   -87.574    50.965   -26.072   -244.82    106.93      1.00
   1.98418   1.22958   2.36114   -56.090    74.155   -36.707   -242.99    103.66      1.00
   5.99769   1.40367   1.92183   -87.807    50.296   -25.091   -241.44    106.67      1.00
   5.97919   1.36451   1.89219   -87.341    50.086   -25.672   -241.28    106.33      1.00
   1.99353   1.16349   2.33296   -56.438    74.245   -36.429   -236.62    103.76      1.00
   1.66237   1.21898   2.29601   -57.127    76.560   -33.138   -236.58    105.20      1.00
   1.82726   1.25335   2.47140   -55.502    74.652   -34.825   -236.42    102.97      1.00
  -0.29448   1.36945   1.88374   -87.356    49.813   -25.942   -229.55    106.26      1.00
   6.17893   0.86056   2.48065   -61.638    78.214   -32.618   -229.40    109.15      1.00
   6.17014   0.84726   2.49263   -61.476    78.180   -32.518   -227.99    109.03      1.00
   2.63966   1.78012   0.50758   -90.241    57.921   -23.642   -227.97    112.22      1.00
   2.63870   1.77471   0.50213   -90.255    57.779   -23.568   -227.76    112.14      1.00
   5.99516   1.34413   1.98667   -87.954    50.228   -25.909   -227.73    107.09      1.00
   1.97881   1.71766   4.18728   -45.888    58.193   -25.497   -227.70     78.89      1.00
   1.97762   1.30219   2.16382   -57.335    76.446   -37.389   -227.62    106.74      1.00
   1.96330   1.72322   4.21572   -45.785    57.958   -25.399   -226.92     78.55      1.00
   2.63099   1.77950   0.48315   -90.408    57.768   -23.395   -226.69    112.20      1.00
   1.96516   1.74457   4.21813   -45.904    58.027   -25.447   -226.48     78.69      1.00
   1.98816   1.24880   1.89326   -59.554    78.736   -36.447   -225.84    109.65      1.00
   1.97167   1.73229   4.22464   -45.760    57.809   -25.383   -225.83     78.43      1.00
   5.55039   0.82341   4.12315   -63.382    82.058   -21.507   -225.56    109.44      1.00
   2.06646   1.26009   2.38750   -55.881    73.538   -37.730   -225.34    103.39      1.00
   2.63697   1.75613   0.49694   -90.244    57.892   -23.760   -225.02    112.25      1.00
   5.83786   1.38762   1.91232   -87.353    50.052   -25.877   -224.44    106.19      1.00
   1.92880   1.73844   4.22519   -45.723    57.523   -25.229   -224.34     78.05      1.00
   1.69861   1.14850   2.40195   -55.704    75.279   -33.791   -223.85    103.35      1.00
   6.16929   0.89494   2.53583   -61.483    77.333   -32.966   -223.82    108.44      1.00
   6.17298   0.89844   2.51968   -61.422    77.805   -32.664   -223.79    108.67      1.00
  -0.08204   0.89744   2.46559   -61.779    77.797   -32.910   -223.77    108.95      1.00
   2.02245   1.24225   1.89816   -59.488    78.655   -36.935   -223.57    109.67      1.00
   5.52140   0.82027   4.10756   -63.674    82.091   -21.782   -223.28    109.79      1.00
   2.00782   1.72597   4.18748   -46.017    58.418   -25.827   -223.16     79.30      1.00
   5.53846   0.81490   4.10977   -63.316    81.862   -21.812   -223.16    109.37      1.00
  -0.12891   0.88992   2.55506   -61.321    77.466   -32.822   -222.93    108.41      1.00
   5.95062   1.32887   2.02286   -87.723    50.943   -25.424   -222.86    107.17      1.00
  -0.10113   0.88564   2.49352   -61.777    77.568   -32.985   -221.81    108.81      1.00
   5.55437   0.80793   4.09645   -63.293    81.817   -21.930   -221.66    109.34      1.00
   6.20362   0.81554   2.40985   -61.904    78.747   -32.459   -221.65    109.74      1.00
   0.23771   2.47039   4.63969   -69.406    74.787     1.411   -221.42    103.76      1.00
  -0.07268   0.88826   2.43531   -62.162    77.997   -33.075   -221.08    109.38      1.00
   0.26811   2.43470   4.67466   -68.977    74.818     1.616   -221.05    103.43      1.00
   2.57679   1.88534   0.57754   -88.745    54.560   -20.554   -220.68    108.76      1.00
   1.94416   1.70883   4.21326   -45.783    57.717   -25.751   -220.16     78.44      1.00
   0.27085   2.47576   4.67855   -69.322    74.648     1.606   -219.72    103.59      1.00
   2.06486   1.28705   2.33529   -56.387    74.047   -37.819   -219.44    104.21      1.00
  -0.11945   0.88470   2.50403   -61.177    77.848   -32.507   -219.34    108.54      1.00
   2.03690   1.68888   4.18391   -46.099    58.577   -25.958   -219.13     79.57      1.00
   2.00157   1.75165   4.21721   -45.917    58.264   -26.035   -219.02     79.15      1.00
   5.90938   1.45041   1.78046   -87.199    51.114   -26.283   -218.87    106.50      1.00
   5.55359   0.83448   4.13001   -63.188    82.333   -21.163   -218.86    109.46      1.00
   2.57464   1.90088   0.54943   -88.612    54.223   -20.310   -218.81    108.38      1.00
   5.54719   0.80616   4.11375   -63.106    81.787   -22.109   -218.75    109.22      1.00
   5.55964   0.83226   4.13711   -63.038    82.111   -21.353   -218.25    109.20      1.00
   2.06781   1.21108   2.39176   -55.594    73.465   -37.388   -218.21    102.97      1.00
   2.06253   1.67053   4.18450   -46.244    58.706   -26.115   -218.09     79.84      1.00
  -0.15075   0.88038   2.58786   -61.117    77.387   -32.714   -218.06    108.22      1.00
   0.68550   2.04705   4.50481   -73.873    74.885     3.383   -217.94    105.41      1.00
   2.59209   1.90275   0.60807   -88.673    54.692   -20.855   -216.88    108.84      1.00
   2.06511   1.67382   4.17870   -46.190    58.715   -26.219   -216.70     79.87      1.00
   1.71597   1.18215   2.16384   -56.750    77.871   -33.077   -216.45    106.19      1.00
  -0.03758   0.87775   2.37662   -62.261    78.499   -33.031   -216.45    109.83      1.00
   5.97201   1.41469   2.06000   -88.654    50.664   -25.886   -216.37    107.75      1.00
   0.96590   0.74233   1.10646   -87.441    49.139   -23.598   -215.59    107.22      1.00
   0.73218   2.00385   4.53952   -73.473    74.830     3.800   -215.55    105.01      1.00
   0.25060   2.53680   4.65231   -70.097    74.859     1.144   -215.39    104.34      1.00
   1.07948   0.70706   1.05019   -87.634    49.281   -23.167   -215.26    107.41      1.00
   1.01320   0.72087   1.07702   -87.610    49.262   -23.231   -215.12    107.36      1.00
   0.67239   2.04764   4.50088   -73.872    75.075     3.250   -215.12    105.56      1.00
   5.57860   0.80589   4.13367   -62.814    82.196   -21.456   -214.61    109.14      1.00
   0.87835   0.80370   1.15853   -87.220    49.039   -22.947   -214.51    106.81      1.00
  -0.11741   0.91123   2.52731   -61.088    77.854   -32.905   -214.27    108.56      1.00
   5.08969   2.56211   0.66969   -69.506    46.716    -7.398   -214.14     84.55      1.00
   0.69927   1.97925   4.52216   -73.249    74.818     3.808   -214.03    104.87      1.00
   2.03846   1.61311   4.08298   -46.234    58.871   -26.175   -214.02     80.05      1.00
   0.69213   2.05058   4.50373   -73.982    74.528     3.364   -213.56    105.22      1.00
   1.64356   1.28710   2.41220   -56.727    75.967   -33.577   -213.45    104.47      1.00
  -0.05307   0.83170   2.40921   -61.626    78.568   -32.404   -213.34    109.42      1.00
   5.46470   1.17159   1.99345   -85.349    50.767   -34.485   -212.71    107.22      1.00
   5.45978   1.17658   1.99362   -85.275    50.697   -34.529   -212.39    107.12      1.00
   5.51594   1.20794   0.13846   -52.462    53.116   -37.558   -212.00     82.55      1.00
   5.50427   1.24080   0.14498   -52.642    52.748   -37.525   -211.86     82.44      1.00
   5.49393   1.17337   0.09916   -52.838    53.445   -37.749   -211.67     83.04      1.00
   1.96237   1.67685   4.20203   -46.093    57.992   -25.197   -211.18     78.68      1.00
   5.51165   1.23930   0.14913   -52.590    52.695   -37.542   -211.17     82.38      1.00
   5.46088   1.19672   1.99769   -85.371    50.628   -34.314   -211.00    107.08      1.00
   1.09567   0.73963   1.03265   -87.499    49.367   -22.681   -210.00    107.23      1.00
   5.48417   1.15340   0.09046   -52.950    53.633   -37.752   -209.57     83.22      1.00
   2.86808   1.39545   5.06342   -62.060    47.654   -38.709   -209.14     89.41      1.00
   3.48041   1.99976   0.95502   -88.399    54.530   -26.654   -209.14    108.37      1.00
   5.48546   1.14529   2.00597   -85.688    50.975   -34.211   -209.12    107.60      1.00
   2.29944   1.34466   0.69290   -90.108    56.355   -21.526   -209.03    111.97      1.00
   1.00688   0.71766   1.07997   -87.663    49.227   -22.749   -208.77    107.29      1.00
   5.57195   0.82811   4.16024   -63.167    82.323   -21.016   -208.76    109.30      1.00
   1.18108   0.70941   1.00828   -88.129    49.824   -22.873   -208.72    108.05      1.00
   2.59282   1.67717   0.33877   -91.252    57.627   -22.063   -208.71    112.50      1.00
   5.49876   1.24128   0.13511   -52.493    52.790   -37.276   -208.49     82.26      1.00
   5.94341   1.34116   1.89454   -88.363    51.863   -26.045   -208.15    108.15      1.00
   0.64252   2.11040   4.43313   -74.597    74.606     2.926   -207.96    105.81      1.00
   2.11146   1.65865   4.12641   -46.466    59.170   -26.493   -207.86     80.63      1.00
   5.49995   1.14267   0.06914   -52.789    53.813   -37.773   -207.48     83.23      1.00
   5.55375   0.81896   4.06175   -63.297    81.350   -22.203   -207.41    109.10      1.00
   0.61628   0.81235   1.37149   -86.999    48.335   -21.552   -207.32    105.90      1.00
   0.61848   0.86088   1.32830   -86.803    48.656   -21.785   -207.09    105.88      1.00
   5.42549   1.15469   2.00703   -85.086    50.807   -34.889   -207.05    107.16      1.00
   3.46515   2.10478   0.88500   -88.717    54.123   -25.975   -206.74    108.14      1.00
   0.29349   2.42304   4.74376   -68.235    75.096     1.813   -206.70    103.17      1.00
   2.92602   1.43452   5.02307   -61.670    48.245   -39.265   -206.47     89.72      1.00
   0.78689   0.83794   1.20944   -87.053    48.834   -22.637   -206.46    106.45      1.00
   5.19916   2.56800   0.80030   -69.719    46.716    -7.334   -206.29     84.77      1.00
   5.51734   1.23445   6.44807   -52.434    52.688   -37.725   -206.03     82.35      1.00
   5.51441   1.23990   0.12891   -52.393    52.850   -37.116   -205.74     82.17      1.00
   1.23453   0.73801   0.95796   -87.876    49.368   -22.492   -205.57    107.53      1.00
   5.47593   1.22278   0.13440   -52.841    53.084   -38.126   -204.96     83.01      1.00
   2.39142   1.32371   5.03721   -61.803    47.986   -39.665   -204.87     89.07      1.00
   2.27750   1.38327   0.73923   -89.948    56.574   -21.675   -204.61    112.04      1.00
   0.62539   2.12386   4.38489   -74.749    74.386     2.777   -204.53    105.78      1.00
   5.49903   1.25952   0.14659   -53.059    52.264   -37.490   -204.48     82.39      1.00
   2.36785   1.33295   5.05833   -61.787    47.890   -39.276   -204.04     88.79      1.00
   2.51943   1.71186   0.35065   -91.022    57.915   -21.489   -203.96    112.45      1.00
   2.39335   1.23501   5.06153   -62.059    48.650   -39.539   -203.93     89.75      1.00
   5.57183   0.77921   4.03308   -63.698    82.516   -21.422   -203.92    110.15      1.00
   2.53643   1.78342   0.46700   -90.538    58.020   -22.597   -203.87    112.42      1.00
   2.38156   1.27416   5.05031   -62.062    48.215   -39.384   -203.79     89.33      1.00
   5.47197   1.25964   2.01635   -85.969    50.796   -34.253   -203.62    107.57      1.00
   0.62221   2.08393   4.44137   -74.210    75.007     2.895   -203.50    105.84      1.00
   5.41961   1.18762   2.03230   -85.161    50.803   -35.056   -203.39    107.26      1.00
   5.42703   1.10771   2.01129   -85.027    50.896   -35.064   -203.20    107.28      1.00
   1.11237   2.14116   3.41099   -63.542    72.105     1.040   -202.62     97.37      1.00
   2.40339   1.30748   5.01907   -61.645    48.244   -39.697   -202.59     89.15      1.00
   2.44609   1.11811   4.23635   -89.230    49.229   -23.432   -202.42    104.99      1.00
   5.48664   1.26386   6.36441   -53.045    52.879   -37.653   -202.34     82.84      1.00
   5.55139   1.20887   0.14705   -52.168    52.965   -37.312   -202.29     82.17      1.00
   1.85634   1.69260   4.19235   -45.420    57.577   -24.888   -202.25     77.71      1.00
   1.09357   2.13163   3.39451   -63.531    72.276     0.993   -202.21     97.53      1.00
   2.36141   1.30674   5.04715   -61.713    47.925   -39.394   -202.12     88.83      1.00
   2.43787   1.11626   4.23805   -89.331    49.114   -23.473   -202.11    105.01      1.00
   4.50084   2.07508   0.62959   -77.996    50.775    -6.504   -202.07     93.02      1.00
   2.41018   1.13862   4.30153   -89.173    49.146   -23.333   -201.79    104.81      1.00
   0.64516   0.79584   1.35085   -86.970    47.989   -20.930   -201.70    105.61      1.00
   4.54880   2.08522   0.64813   -77.946    50.820    -6.467   -201.60     93.01      1.00
   6.19277   0.89728   2.47021   -61.322    77.552   -33.746   -201.59    108.74      1.00
   4.54409   2.05287   0.68129   -78.067    50.917    -6.562   -201.50     93.17      1.00
   0.63394   2.11870   4.40181   -74.778    74.211     2.770   -201.49    105.66      1.00
   2.41907   1.12630   4.26993   -89.313    49.036   -23.610   -201.36    104.96      1.00
   5.58280   0.82525   4.11680   -63.234    82.656   -20.826   -201.30    109.65      1.00
   2.14165   1.58336   4.11139   -46.798    59.147   -26.842   -201.26     80.96      1.00
   6.14671   0.81061   2.60858   -60.553    78.189   -32.021   -200.60    108.44      1.00
   3.57610   2.00397   0.96763   -88.915    54.782   -26.914   -200.35    108.80      1.00
   5.07257   1.68734   1.65702   -90.624    62.140   -27.376   -200.14    113.95      1.00
   0.19853   2.64070   4.58180   -70.426    74.921     0.943   -199.73    104.74      1.00
   2.48023   1.21540   5.01459   -62.251    48.740   -39.886   -199.71     90.25      1.00
   2.52959   1.69862   0.41631   -91.091    58.490   -22.873   -199.68    113.19      1.00
   4.30720   2.76183   0.25727   -71.493    45.084   -10.726   -198.58     85.02      1.00
   2.23424   0.83817   4.66867   -61.547    44.242   -32.712   -198.46     83.58      1.00
   2.82450   1.38224   5.14983   -61.940    47.509   -37.996   -198.43     88.93      1.00
   5.39953   2.25024   6.11469   -58.514    78.010   -31.253   -198.37    103.84      1.00
   2.42946   1.10146   4.20803   -89.181    49.038   -23.482   -198.27    104.82      1.00
   1.15183   0.74569   1.01196   -88.325    50.792   -22.673   -198.14    108.64      1.00
   2.20320   0.78645   4.62687   -61.041    43.592   -31.931   -198.06     82.43      1.00
   1.06348   2.14630   3.38559   -63.902    72.572     0.876   -198.04     97.99      1.00
   4.99694   1.70817   1.75081   -90.602    62.560   -27.296   -197.90    114.29      1.00
   5.20584   2.12254   6.07275   -58.333    77.651   -32.520   -197.83    103.45      1.00
   4.91362   2.51160   0.47343   -69.489    46.771    -7.270   -197.48     84.45      1.00
   2.52897   1.69569   0.32116   -91.193    57.543   -21.509   -197.28    112.36      1.00
   2.34445   1.39222   0.62377   -90.000    56.603   -21.401   -197.19    111.84      1.00
   2.36560   1.25154   5.02156   -62.195    48.153   -39.886   -197.19     89.58      1.00
   2.33060   1.34401   5.09353   -61.941    47.563   -39.161   -197.10     88.61      1.00
   4.54385   2.09902   0.69452   -78.043    50.919    -6.599   -197.06     93.17      1.00
   4.58264   2.04598   0.75433   -78.494    51.000    -6.595   -196.92     93.61      1.00
   4.49568   1.83316   1.62710   -90.285    60.118   -26.974   -196.90    112.48      1.00
   4.09761   2.11376   2.04912   -87.151    75.404   -27.064   -196.71    120.47      1.00
   2.89443   1.42522   1.04227   -84.068    51.152   -36.569   -196.50    107.63      1.00
   2.01797   1.74502   5.91710   -53.368    48.972   -36.325   -196.41     82.67      1.00
   4.08831   2.12345   2.03673   -87.202    75.318   -27.013   -196.35    120.42      1.00
   2.51437   2.36904   5.68150   -60.244    47.334    -7.179   -196.14     77.24      1.00
   5.83645   1.45009   1.87113   -87.027    49.430   -24.733   -196.01    105.20      1.00
   2.01824   1.75679   5.93151   -53.382    48.897   -36.317   -195.98     82.64      1.00
   3.52953   2.03898   0.87662   -88.797    54.491   -27.105   -195.95    108.54      1.00
   2.93867   1.45243   4.99775   -61.496    48.352   -39.414   -195.59     89.72      1.00
   3.65953   0.34319   1.27110   -70.523    41.239   -10.693   -195.40     82.19      1.00
   4.67971   2.80620   6.90348   -71.824    44.367   -11.116   -195.34     85.03      1.00
   5.17362   1.65583   1.65723   -90.657    62.311   -28.221   -195.31    114.34      1.00
   2.66589   1.05462   2.62744   -63.558    83.844   -18.790   -195.27    109.02      1.00
   2.50441   1.18312   4.99721   -62.435    48.908   -39.993   -195.27     90.61      1.00
   5.45867   1.17372   0.15177   -53.248    53.259   -38.312   -195.21     83.42      1.00
   2.48152   1.19840   5.02276   -62.478    48.314   -40.012   -195.15     90.27      1.00
   5.48178   1.03808  -0.04936   -53.021    54.513   -37.452   -194.97     83.65      1.00
   0.59414  -0.38796   4.31714   -70.201    41.413   -10.419   -194.80     82.00      1.00
   2.47381   2.36563   5.64911   -60.364    47.385    -7.100   -194.73     77.34      1.00
   4.09752   2.12765   2.03440   -87.305    75.242   -26.857   -194.69    120.40      1.00
   4.54582   1.89141   1.61192   -90.542    60.130   -26.556   -194.61    112.51      1.00
   2.04400   1.73704   5.89519   -53.149    49.274   -36.438   -194.53     82.74      1.00
   2.02951   1.73096   5.88355   -53.350    49.235   -36.538   -194.49     82.86      1.00
   0.58422   2.13458   4.40070   -74.799    75.188     2.387   -194.30    106.46      1.00
   2.05544   1.73277   5.93033   -53.263    49.016   -35.909   -194.29     82.52      1.00
   2.37688   1.26167   5.09298   -62.394    47.840   -39.540   -194.13     89.49      1.00
   2.66128   1.05894   2.63018   -63.536    83.836   -18.710   -194.10    109.00      1.00
   2.88375   1.41913   1.01883   -83.706    50.998   -37.153   -194.07    107.49      1.00
   0.64658   0.79586   1.37589   -86.828    48.029   -20.620   -194.05    105.47      1.00
   0.00133   0.95633   2.41785   -61.562    77.545   -34.038   -193.86    108.89      1.00
   0.77834   0.78617   1.26170   -87.474    48.901   -20.833   -193.82    106.53      1.00
   5.47754   1.24659   0.06379   -52.599    53.299   -37.350   -193.81     82.69      1.00
   2.68260   1.05319   2.63055   -63.766    83.874   -18.845   -193.65    109.16      1.00
   5.44321   1.26041   2.07030   -86.351    51.359   -35.074   -193.56    108.46      1.00
   2.16760   0.83849   4.76221   -62.063    43.418   -31.623   -193.55     83.06      1.00
   4.10856   1.49884   5.82712   -63.180    44.170   -32.022   -193.44     84.48      1.00
   6.08617   0.72746   2.59263   -60.253    76.512   -33.355   -193.33    107.50      1.00
   0.51698   1.16726   1.23382   -88.114    54.296   -26.982   -193.33    110.46      1.00
   4.11082   1.47432   5.86583   -63.216    44.296   -32.008   -193.32     84.53      1.00
   0.14308   1.41083   0.68957   -60.883    47.057    -3.591   -193.08     79.81      1.00
   4.54284   1.83873   1.60665   -90.460    59.800   -27.054   -192.92    112.39      1.00
   2.17239   0.87561   4.78644   -62.322    43.346   -31.638   -192.83     83.24      1.00
   0.14053   1.40512   0.68204   -60.837    46.981    -3.632   -192.81     79.70      1.00
   5.14888   2.60898   0.82541   -70.708    46.807    -6.707   -192.67     85.50      1.00
   2.41064   1.11445   4.30248   -89.448    48.646   -23.355   -192.64    104.83      1.00
   4.12526   1.48191   5.87119   -63.441    44.343   -32.189   -192.52     84.75      1.00
   3.61765   0.32600   1.29599   -70.433    41.669   -10.428   -192.46     82.31      1.00
   4.74419   2.81830   0.70425   -73.438    44.412   -11.366   -192.42     86.41      1.00
   1.97657   2.09216  -0.04748   -54.226    48.097    -5.184   -192.35     74.99      1.00
   1.26705   0.75288   0.93512   -87.941    49.075   -21.704   -192.14    107.28      1.00
   1.99471   2.07509   0.00462   -54.553    47.803    -5.031   -192.12     75.17      1.00
   4.06809   2.05978   2.05520   -86.765    75.529   -27.596   -192.12    120.44      1.00
   1.99316   2.07865   0.02316   -54.553    47.670    -5.016   -192.09     75.13      1.00
   1.61499   1.17970   2.22598   -56.544    78.325   -32.355   -192.02    106.17      1.00
   1.00330   1.13593   0.04326   -69.019    47.426    -4.606   -192.00     86.38      1.00
   2.64697   1.05778   2.64248   -63.557    83.916   -18.747   -191.95    109.08      1.00
   2.80724   1.76191   0.58307   -90.852    58.976   -26.617   -191.95    113.74      1.00
   2.17767   0.83428   4.68616   -61.185    43.892   -32.405   -191.83     82.88      1.00
   2.41399   1.17139   4.31512   -89.305    49.186   -24.109   -191.68    105.12      1.00
   1.62434   1.15555   2.33671   -56.014    76.990   -31.971   -191.62    104.48      1.00
   4.12170   1.50139   5.85358   -63.369    44.013   -31.817   -191.54     84.39      1.00
   2.84920   1.41464   0.99570   -83.511    50.564   -37.224   -191.53    107.22      1.00
   3.52097   2.08124   1.04675   -88.331    54.388   -25.772   -191.51    108.09      1.00
   0.99522   1.12769   6.32745   -68.870    47.311    -4.746   -191.45     86.19      1.00
   1.99608   2.09599   6.25966   -54.604    48.078    -5.019   -191.41     75.29      1.00
   2.06191   1.71768   5.93407   -53.203    49.067   -35.803   -191.40     82.50      1.00
   0.99225   1.15109   0.03793   -68.928    47.446    -4.656   -191.39     86.29      1.00
   5.07664   1.72952   1.66598   -90.993    61.726   -27.143   -191.34    113.95      1.00
   2.66893   1.04061   2.65185   -63.635    83.808   -18.961   -191.31    109.01      1.00
   1.00256   1.15366   0.02578   -69.070    47.461    -4.578   -191.22     86.39      1.00
   1.00638   1.13720   6.31366   -69.086    47.567    -4.506   -191.05     86.48      1.00
   1.00739   1.11804   0.02896   -68.984    47.318    -4.597   -190.76     86.25      1.00
   2.47694   1.08230   4.16050   -89.835    49.047   -23.527   -190.75    105.49      1.00
   5.96179   1.59160   4.10268   -90.657    58.372    -7.616   -190.65    109.48      1.00
   2.61050   2.40353   5.74177   -60.656    47.389    -7.015   -190.61     77.57      1.00
   3.55158   1.44368   2.78106   -56.838    80.276   -23.396   -190.56    104.41      1.00
   4.09223   1.50887   5.74241   -62.357    44.401   -31.989   -190.47     84.17      1.00
   5.17064   0.71886   3.71831   -65.466    84.087   -18.923   -190.41    113.12      1.00
   2.09461   1.34329   4.35078   -93.399    64.749   -23.939   -190.29    115.77      1.00
   3.02948   2.06468   3.66293   -76.250    85.142   -13.085   -190.27    118.39      1.00
   5.15611   2.10732   6.01260   -58.576    77.756   -32.836   -190.20    103.79      1.00
   2.06140   1.70470   5.91092   -52.973    49.437   -36.188   -190.19     82.72      1.00
   4.62116   2.09110   0.69105   -77.905    50.954    -6.445   -190.18     93.08      1.00
   3.02664   2.06417   3.65847   -76.301    85.133   -13.121   -190.09    118.42      1.00
   3.02432   2.00872   3.69346   -76.202    85.193   -13.022   -189.98    118.28      1.00
   4.54230   1.81909   1.65330   -90.294    59.889   -27.384   -189.87    112.48      1.00
   5.19542   2.13076   6.01726   -58.364    77.850   -32.244   -189.70    103.64      1.00
   0.65779   1.31447   0.21926   -57.570    44.227   -10.697   -189.61     75.82      1.00
   2.66608   1.87637   0.63961   -89.308    55.767   -22.021   -189.58    110.07      1.00
   2.84923   1.40785   0.93853   -83.286    50.263   -37.321   -189.49    106.91      1.00
   5.82533   1.52446   4.04020   -90.654    58.410    -7.803   -189.45    109.91      1.00
   2.52784   1.76456   0.34762   -90.989    57.373   -21.396   -189.42    112.04      1.00
   4.93609   2.84220   0.80678   -72.003    43.735   -11.853   -189.19     85.03      1.00
   1.63661   1.21718   0.71846   -90.788    61.309   -18.270   -189.11    115.25      1.00
   2.22181   1.58566   4.21245   -89.291    55.443   -32.514   -189.10    109.81      1.00
   0.39927   0.86043   5.55414   -62.825    87.421   -30.922   -189.07    110.97      1.00
   0.99447   1.14821   0.04446   -69.036    47.713    -4.332   -188.96     86.54      1.00
   5.40483   1.22503   2.04443   -85.085    50.375   -34.956   -188.91    106.90      1.00
   2.87410   1.74138   0.67255   -90.699    59.807   -27.665   -188.86    114.30      1.00
   2.98350   1.99941   3.75218   -75.810    85.738   -13.776   -188.84    118.35      1.00
   1.66115   1.23109   0.69802   -90.805    61.302   -18.438   -188.79    115.25      1.00
   2.79883   2.41930   5.15860   -63.074    83.656   -22.891   -188.71    107.55      1.00
   5.17260   0.71503   3.72649   -65.249    83.949   -18.940   -188.59    112.88      1.00
   1.65504   1.01273   3.72455   -71.558    85.080   -25.167   -188.53    114.02      1.00
   2.76107   2.40126   5.10575   -63.413    83.692   -23.117   -188.53    107.84      1.00
   3.04385   2.08686   3.67271   -76.246    85.211   -12.880   -188.51    118.44      1.00
   0.97754   1.40066   0.15972   -52.681    44.796    -9.367   -188.45     72.74      1.00
   2.75159   2.40542   5.07975   -63.509    83.725   -23.090   -188.34    107.93      1.00
   3.98003   2.27251   1.07925   -88.970    53.558   -31.121   -188.33    108.65      1.00
   2.86037   1.40694   0.91262   -83.237    50.115   -37.142   -188.28    106.71      1.00
   2.18490   0.88641   4.81529   -62.724    43.115   -31.719   -188.20     83.53      1.00
   2.00740   1.78744   5.98013   -53.680    48.306   -36.249   -188.18     82.51      1.00
   5.08092   0.71891   3.79009   -65.657    84.151   -19.311   -188.10    113.36      1.00
   5.13025   0.72511   3.73807   -65.729    84.053   -19.066   -188.10    113.28      1.00
   2.85274   1.40702   0.93377   -83.288    50.187   -37.087   -188.05    106.79      1.00
  -0.12598   0.82772   2.50160   -60.340    77.308   -32.983   -187.91    107.89      1.00
   5.09814   1.67301   1.59143   -91.171    61.715   -27.790   -187.79    114.15      1.00
   2.86330   2.43917   5.21111   -62.811    83.828   -22.554   -187.74    107.48      1.00
   0.64116   2.91568  -0.18473   -60.767    78.427    -1.992   -187.71    103.41      1.00
   2.17294   1.30382   2.34094   -56.705    73.517   -38.741   -187.62    104.26      1.00
   2.85753   2.44987   5.19605   -62.962    83.791   -22.567   -187.57    107.53      1.00
   0.35617   0.85287   5.62891   -62.417    86.941   -31.504   -187.50    110.56      1.00
   4.06358   2.12998   1.27002   -88.962    54.968   -27.112   -187.46    108.56      1.00
   1.79469   1.21163   0.64255   -91.133    60.888   -19.736   -187.39    115.41      1.00
   0.32106   0.89526   5.64823   -62.558    86.981   -31.876   -187.36    110.78      1.00
   2.63852   1.03166   2.64506   -64.200    83.749   -19.710   -187.35    109.42      1.00
   3.44828   2.00973   0.83480   -88.324    53.592   -26.507   -187.23    107.67      1.00
   2.69970   1.01645   1.40565   -61.423    81.248   -29.025   -187.22    109.21      1.00
   4.82864   2.56437   0.47046   -69.722    47.446    -6.094   -187.16     84.88      1.00
   2.24599   1.59354   4.21534   -89.550    55.611   -32.596   -187.02    110.18      1.00
   2.07264   1.71596   5.87594   -52.762    49.590   -36.195   -186.94     82.58      1.00
   3.54459   1.45695   2.78838   -56.978    80.173   -23.799   -186.89    104.53      1.00
   2.02307   1.69410   5.86501   -53.256    49.723   -36.802   -186.89     83.23      1.00
   2.63268   1.02199   2.63793   -64.314    83.599   -20.162   -186.88    109.44      1.00
   3.84078   2.06369   1.18623   -88.823    55.295   -27.193   -186.78    108.89      1.00
   0.66946   1.29975   0.21914   -57.247    44.320   -10.601   -186.77     75.63      1.00
   4.40404   1.41225   5.66548   -52.577    57.438   -37.581   -186.77     88.09      1.00
   5.23603   1.23535   0.11453   -48.555    51.513   -27.380   -186.73     75.27      1.00
  -0.34752   1.58012   4.09218   -90.468    58.457    -7.657   -186.71    109.45      1.00
   2.34063   1.65053   0.41757   -90.159    58.682   -15.443   -186.67    111.59      1.00
   4.06713   2.24046   1.13158   -88.588    53.225   -31.715   -186.65    108.29      1.00
   0.19176   1.36801   0.62106   -60.722    47.198    -3.187   -186.63     79.70      1.00
   2.64235   2.20783   5.08739   -65.071    83.603   -24.090   -186.61    108.97      1.00
   2.05768   1.35061   4.35602   -93.344    64.564   -24.104   -186.54    115.58      1.00
   5.24795   2.12505   6.01494   -58.462    78.282   -32.007   -186.51    103.98      1.00
   4.07158   2.22347   1.13707   -88.509    53.279   -31.791   -186.49    108.28      1.00
   1.03709   1.43076   0.19406   -52.971    44.571    -8.861   -186.47     72.97      1.00
   0.74421   2.90164   6.22108   -60.791    78.269    -1.604   -186.46    103.34      1.00
   3.57459   1.37300   2.72295   -56.962    80.592   -23.034   -186.44    104.42      1.00
   1.86472   1.23864   0.60874   -91.349    61.106   -20.086   -186.43    115.68      1.00
   5.50702   0.83088   4.03545   -64.061    82.720   -21.787   -186.37    110.68      1.00
   2.26311   1.27771   0.77854   -90.777    56.172   -22.140   -186.30    112.67      1.00
   6.23467   0.86085   2.47042   -60.644    78.321   -32.490   -186.28    108.66      1.00
   1.77394   1.00322   3.60282   -71.847    84.841   -24.088   -186.26    114.03      1.00
   1.77262   1.00698   3.60967   -71.788    84.819   -24.169   -186.22    113.99      1.00
   5.56648   1.01541   1.87452   -85.822    51.117   -34.191   -186.21    107.82      1.00
   3.57538   1.38604   2.73862   -56.713    80.210   -23.032   -186.03    104.02      1.00
   1.04619   1.18034   6.26559   -69.381    47.979    -4.296   -185.75     86.87      1.00
   1.92270   2.06441   6.13905   -53.608    48.110    -5.393   -185.73     74.37      1.00
   0.98106   1.17338   6.35444   -68.902    47.814    -4.150   -185.58     86.55      1.00
   2.68476   1.00907   1.38364   -61.697    81.717   -28.722   -185.49    109.68      1.00
   2.40838   0.81303   4.49974   -61.083    44.217   -33.942   -185.49     83.97      1.00
   0.96955   1.42723   0.13992   -52.468    44.938    -9.346   -185.41     72.61      1.00
   0.39896   0.85563   5.53020   -63.129    87.645   -30.884   -185.40    111.28      1.00
   4.10222   2.19972   1.15373   -88.346    53.172   -31.898   -185.39    108.11      1.00
   2.69275   1.00008   1.44374   -61.179    80.924   -28.808   -185.35    108.73      1.00
   1.89875   1.57020   0.69903   -84.310    49.330   -11.370   -185.32    102.36      1.00
   5.47591   1.21352   1.95302   -84.871    50.581   -33.979   -185.29    106.46      1.00
   3.58295   1.37443   2.71301   -57.011    80.650   -23.123   -185.24    104.50      1.00
   4.40143   1.41139   5.67637   -52.318    57.318   -37.574   -185.24     87.84      1.00
   5.23149   1.23999   0.10960   -48.601    51.382   -27.413   -185.22     75.23      1.00
   0.56296   1.03151   0.32288   -87.818    54.288    -6.627   -185.06    105.73      1.00
   5.12653   0.68148   3.80840   -64.821    84.325   -19.260   -185.05    112.98      1.00
   4.79549   1.05238   3.65399   -64.926    81.965   -22.175   -184.92    111.69      1.00
   0.57738   1.05841   0.30282   -88.093    54.530    -6.855   -184.85    106.09      1.00
   2.32640   1.64737   0.40764   -90.252    58.745   -15.000   -184.85    111.64      1.00
   0.57064   1.05384   0.35253   -87.917    54.693    -6.515   -184.79    106.13      1.00
   1.15157   0.47975   5.24235   -51.832    52.231   -31.661   -184.79     79.79      1.00
   0.37118   0.82523   5.64196   -62.061    87.066   -31.153   -184.78    110.39      1.00
   4.55233   2.31337   1.56911   -89.539    53.016   -28.969   -184.58    108.30      1.00
   0.11501   1.41203   0.70078   -60.952    46.798    -4.035   -184.46     79.66      1.00
   4.05016   1.78373   5.47070   -61.426    44.007   -33.091   -184.45     83.89      1.00
   0.31566   0.93718   5.58632   -63.068    87.244   -31.946   -184.43    111.26      1.00
   1.00761   2.11526   3.34922   -64.253    72.817     1.169   -184.38     98.49      1.00
   4.79919   1.03661   3.65010   -64.941    82.010   -22.093   -184.37    111.73      1.00
   1.12276   0.48612   5.26759   -51.957    52.193   -31.704   -184.35     79.85      1.00
   2.04016   2.08655   0.09501   -55.013    47.547    -4.884   -184.33     75.52      1.00
   2.69412   2.21317   5.14374   -64.930    83.613   -23.680   -184.18    108.83      1.00
  -0.20564   0.70634   2.60600   -60.152    76.683   -33.570   -184.06    107.66      1.00
   3.70085   1.50921   2.77696   -56.029    79.677   -23.872   -183.97    103.72      1.00
   3.53610   1.77956   1.13054   -88.816    56.001   -28.237   -183.90    110.01      1.00
   3.71697   1.55762   2.66605   -56.461    80.753   -24.211   -183.60    104.79      1.00
   4.55602   1.96218   0.74715   -78.346    50.998    -6.514   -183.51     93.46      1.00
   0.21210   1.36992   0.65826   -60.959    47.295    -2.715   -183.42     80.08      1.00
   2.88092   1.70760   0.66965   -90.845    60.747   -27.727   -183.30    114.94      1.00
   2.19171   1.14720   2.45537   -55.273    72.547   -38.316   -183.26    102.12      1.00
   3.62893   1.43500   2.70877   -56.430    80.492   -23.049   -183.23    104.16      1.00
   0.35638   0.89490   5.52733   -63.647    87.478   -31.317   -183.16    111.55      1.00
  -0.23994   1.42083   2.10848   -89.354    50.737   -25.733   -183.15    108.39      1.00
   3.52144   1.46947   2.80330   -57.221    80.089   -24.244   -183.14    104.75      1.00
   1.28093   1.12382   0.98774   -87.488    51.786   -28.900   -183.12    109.90      1.00
   2.85838   1.43836   0.99555   -84.463    50.888   -36.148   -182.95    107.73      1.00
   5.23271   0.71811   3.66750   -65.526    84.380   -18.599   -182.93    113.32      1.00
   1.00165   1.18011   0.06909   -69.056    47.999    -4.135   -182.83     86.81      1.00
   4.01150   1.44106   5.84949   -62.953    44.183   -32.268   -182.67     84.60      1.00
   2.60000   2.17047   5.03111   -65.627    83.550   -24.229   -182.57    109.31      1.00
   5.76517   1.27609   1.93430   -87.602    50.529   -27.165   -182.43    107.07      1.00
   1.59278   1.02962   3.76636   -71.601    85.115   -25.706   -182.38    114.11      1.00
   3.40151   0.23622   1.53485   -70.557    41.463   -10.543   -182.36     82.24      1.00
   4.15930   2.16267   1.20202   -88.113    53.196   -32.397   -182.35    108.08      1.00
   2.08387   1.34920   0.51902   -91.304    61.320   -17.070   -182.32    114.93      1.00
   1.59616   1.23347   0.71436   -90.487    61.133   -18.070   -182.28    114.87      1.00
   2.67314   2.17692   5.10431   -65.433    83.712   -24.115   -182.28    109.34      1.00
   4.82767   2.81210   0.55216   -73.603    43.559   -12.050   -182.19     86.35      1.00
   3.57462   1.69797   1.18929   -89.073    56.560   -28.875   -182.17    110.65      1.00
   2.76639   2.38611  -1.18610   -63.763    83.779   -23.222   -182.10    108.16      1.00
   3.05110   2.08718   3.69159   -76.439    84.996   -12.430   -182.05    118.34      1.00
   4.77256   1.91521   1.74144   -87.244    47.793   -20.042   -181.99    102.38      1.00
   1.29763   1.13667   0.97355   -87.499    51.521   -28.546   -181.99    109.68      1.00
   3.85030   1.23775   6.09203   -47.402    53.723   -31.989   -181.98     80.69      1.00
   1.84056   0.99934   3.54664   -71.859    84.735   -23.682   -181.97    114.00      1.00
   2.44105   1.22842   5.05367   -61.848    49.419   -39.264   -181.87     90.01      1.00
   1.09758   1.14216   0.00014   -69.688    47.729    -3.926   -181.80     87.10      1.00
   4.51777   1.85837   1.58800   -86.798    47.044   -22.498   -181.78    101.98      1.00
   1.78643   0.98478   3.56873   -72.114    85.022   -24.096   -181.66    114.38      1.00
   4.19974  -0.47477   2.16656   -52.292    52.121   -31.808   -181.62     80.00      1.00
   0.45658   0.85041   5.44456   -63.596    88.248   -30.140   -181.61    111.79      1.00
   4.55311   1.95462   1.58252   -90.805    59.963   -26.154   -181.60    112.46      1.00
   1.04877   0.47373   5.31351   -52.297    52.059   -31.840   -181.60     79.97      1.00
   5.38296   0.96125   1.40989   -89.309    61.032   -34.618   -181.57    114.54      1.00
   2.32803   1.07726   4.33321   -89.487    47.923   -22.441   -181.50    104.16      1.00
   1.66558   1.15173   2.17319   -56.249    78.734   -33.146   -181.44    106.62      1.00
   4.39849   1.39447   5.69149   -52.494    56.960   -37.465   -181.43     87.63      1.00
   3.90208   1.32178   5.86365   -48.848    54.199   -32.720   -181.42     82.29      1.00
   1.08820   1.23423   0.03912   -69.730    48.254    -4.011   -181.36     87.55      1.00
   4.19210   1.54382   5.97588   -64.207    44.064   -31.665   -181.35     84.62      1.00
   3.56727   2.11007   0.93286   -88.743    54.001   -27.571   -181.28    108.36      1.00
   2.30440   1.07775   4.33958   -89.376    47.889   -22.213   -181.26    103.95      1.00
   4.52619   1.74462   1.61466   -90.333    59.583   -28.074   -181.25    112.46      1.00
   1.82990   1.54685   0.73455   -84.231    48.549   -12.405   -181.18    102.12      1.00
   2.63333   2.19311   5.06370   -65.075    83.894   -24.114   -181.12    109.23      1.00
   1.89922   1.22243   0.63673   -91.161    60.926   -20.470   -181.06    115.52      1.00
   3.90561   1.35207   5.83756   -49.021    54.144   -32.831   -181.01     82.38      1.00
   4.54373   1.78635   1.67957   -90.309    60.983   -27.410   -180.90    113.15      1.00
   0.68211   2.87741   6.18912   -60.261    78.169    -1.658   -180.87    102.94      1.00
   4.50694   1.82541   1.56943   -86.652    46.794   -22.610   -180.85    101.74      1.00
   2.64735   1.77968   0.29332   -92.037    57.901   -24.418   -180.81    113.48      1.00
   0.51255   1.23446   1.21800   -88.700    54.368   -26.907   -180.79    110.88      1.00
   4.62754   2.04680   0.66341   -77.785    50.347    -6.134   -180.74     92.62      1.00
   2.42193   2.37740   5.57666   -60.323    47.444    -6.525   -180.71     77.22      1.00
   5.11455   2.09887   5.96835   -58.871    77.850   -32.987   -180.68    104.11      1.00
   2.67936   2.16781   5.09822   -65.563    83.705   -24.198   -180.65    109.46      1.00
   3.85411   1.25346   6.10077   -47.418    53.506   -32.024   -180.64     80.51      1.00
   2.36284   0.82841   4.65677   -62.319    44.025   -33.793   -180.61     84.81      1.00
   5.49888   1.43933   0.14188   -52.870    50.715   -37.078   -180.52     81.31      1.00
   2.68169   1.72314   0.50406   -91.109    59.160   -23.082   -180.49    113.43      1.00
   5.84375   1.37433   2.00564   -87.290    51.348   -26.758   -180.41    107.09      1.00
   4.95846   2.76583   0.66524   -73.485    43.504   -12.485   -180.39     86.32      1.00
   1.79028   0.98866   5.18070   -63.332    48.616   -40.182   -180.36     90.02      1.00
   2.07041   2.12216  -0.01805   -54.356    48.213    -4.518   -180.33     75.06      1.00
   1.78189   0.98596   5.18179   -63.340    48.609   -40.139   -180.29     89.99      1.00
   2.84131   2.40776   5.13968   -63.590    84.289   -22.683   -180.29    108.39      1.00
   4.64154   1.89385   1.67463   -87.194    47.456   -21.218   -180.27    102.34      1.00
   3.86889   1.24439  -0.19831   -47.340    53.571   -31.867   -180.24     80.47      1.00
   4.92549   0.88795   2.22054   -53.257    57.194    -0.028   -180.14     81.10      1.00
   3.71696   1.58148   2.78540   -55.770    79.696   -24.670   -180.13    103.92      1.00
   4.89326   0.90523   2.24066   -53.369    57.031     0.091   -180.07     81.05      1.00
   6.08946   0.87308   2.72657   -60.098    77.063   -32.542   -180.05    107.34      1.00
   6.14855   0.81088   2.44344   -61.371    79.228   -31.417   -180.02    109.50      1.00
   2.40978   0.97805   4.90425   -60.244    42.728   -29.908   -179.87     81.42      1.00
   5.67317   1.50905   4.00372   -90.277    57.570    -8.701   -179.86    109.59      1.00
   0.68775   2.03329   4.52157   -74.322    75.748     3.451   -179.79    106.33      1.00
   0.16343   0.88309   3.26106   -66.247    46.918    -3.269   -179.75     84.41      1.00
   3.15693   0.19887   1.79537   -71.117    41.406   -10.283   -179.74     82.60      1.00
   3.07808   1.98435   3.76005   -76.084    85.434   -12.745   -179.72    118.35      1.00
   5.10641   1.60862   1.51254   -91.173    61.127   -28.054   -179.68    113.80      1.00
   0.72727   1.70794   1.86564   -59.510    83.216   -27.954   -179.61    110.22      1.00
   1.98481   1.46434   4.99118   -88.721    75.559   -31.596   -179.58    120.65      1.00
   2.70325   1.01135   1.45025   -61.378    80.589   -29.067   -179.52    108.64      1.00
   0.94352   1.46277   0.12303   -51.889    45.314    -9.469   -179.42     72.37      1.00
   3.75832   1.64771   2.76827   -55.368    79.045   -25.794   -179.37    103.52      1.00
   5.83763   0.88819   2.05149   -87.635    54.077   -33.085   -179.34    111.26      1.00
   3.75577   1.65133   2.76521   -55.357    79.050   -25.745   -179.32    103.50      1.00
   4.77693   1.08192   3.66640   -64.972    81.940   -22.014   -179.28    111.66      1.00
   0.71717   1.69305   1.81329   -59.878    83.761   -27.622   -179.27    110.81      1.00
   4.50524   1.94943   1.56525   -90.738    59.719   -25.790   -179.26    112.20      1.00
   1.95904   1.46989   5.01391   -88.790    75.613   -31.299   -179.25    120.64      1.00
   1.10595   0.80055   4.83613   -60.726    39.535   -32.004   -179.22     77.94      1.00
   5.39771   1.19673   1.95692   -84.644    50.057   -34.699   -179.16    106.19      1.00
   0.48767   2.40394   4.87393   -69.526    75.349     2.031   -179.15    103.94      1.00
   1.03392   1.43327   0.17598   -52.843    45.027    -8.844   -179.13     73.11      1.00
   2.42941   1.43779   4.99911   -60.975    47.817   -40.490   -179.12     88.64      1.00
   4.09778   1.85939   5.49296   -61.552    44.188   -34.099   -179.10     84.32      1.00
   0.37241   0.86390   1.57472   -86.474    46.738   -19.944   -179.09    104.23      1.00
   2.51178   2.10768   1.14411   -90.525    52.850   -28.608   -179.08    112.07      1.00
   1.96792   1.44114   5.00383   -88.948    75.545   -31.159   -179.08    120.71      1.00
   4.86257   0.92866   2.28105   -53.221    56.811     0.064   -179.05     80.85      1.00
   4.10365   1.86391   5.48637   -61.501    44.186   -34.045   -179.02     84.27      1.00
   2.66536   1.56241   4.29442   -90.929    56.745   -29.848   -178.99    112.02      1.00
   2.73997   1.05084   2.66046   -63.317    84.082   -18.946   -178.85    109.03      1.00
   5.31164   1.02822   1.46600   -89.440    61.268   -34.054   -178.83    114.58      1.00
   2.73453   2.41672   5.01100   -63.880    83.958   -23.100   -178.80    108.38      1.00
   5.23929   1.59655   1.66951   -90.379    62.318   -29.347   -178.78    114.51      1.00
   0.92136   1.24755   0.99055   -92.186    63.887   -15.531   -178.77    117.35      1.00
  -0.08818  -0.19442   5.04390   -71.162    41.319   -10.351   -178.75     82.59      1.00
   0.43223   0.83991   1.50765   -86.417    46.737   -20.017   -178.62    104.23      1.00
   3.60971   1.44495   2.80562   -56.269    79.748   -23.474   -178.61    103.73      1.00
   3.94090   1.33056   5.83814   -48.711    54.473   -32.528   -178.51     82.30      1.00
   5.48405   2.21559   6.21802   -57.622    78.776   -30.777   -178.43    103.70      1.00
   0.12553   1.49528   0.61689   -59.653    47.719    -3.420   -178.33     79.15      1.00
   6.38562   1.40290   0.67994   -60.330    46.683    -3.909   -178.16     79.03      1.00
   3.75300   1.56303   2.64798   -56.228    81.082   -24.351   -178.13    104.92      1.00
   2.83602   1.45000   0.73669   -83.105    49.333   -36.553   -178.12    105.98      1.00
   3.55869   1.37848   2.76205   -56.958    80.596   -22.741   -178.09    104.41      1.00
   2.52191   1.14188   4.94779   -62.168    48.980   -40.781   -178.05     90.88      1.00
   0.93227   1.25847   0.98197   -92.275    64.101   -15.437   -177.98    117.53      1.00
   1.81745   0.60010   2.69331   -60.099    82.002   -20.336   -177.96    105.78      1.00
   3.76468   1.70355   3.17769   -58.256    81.351   -22.442   -177.89    106.81      1.00
   2.90321   2.44677   1.00114   -86.988    66.098    -3.808   -177.84    111.80      1.00
   2.88865   1.44428   0.84635   -83.230    50.056   -37.382   -177.82    106.66      1.00
   5.30579   1.64615   1.64051   -90.756    61.424   -28.945   -177.76    114.17      1.00
   6.37926   1.42719   0.73155   -61.129    46.498    -4.286   -177.74     79.65      1.00
   1.99227   1.32171   1.97882   -59.657    78.063   -37.799   -177.59    109.62      1.00
   3.97594   1.72363   5.46811   -61.652    43.903   -32.691   -177.55     83.95      1.00
   2.57804   2.55854   1.25547   -89.785    48.037   -20.783   -177.54    107.31      1.00
   4.89882   2.78695   0.61213   -74.261    43.476   -11.930   -177.52     86.86      1.00
   2.95877   2.06819   3.64985   -76.179    85.417   -13.535   -177.43    118.48      1.00
   4.17988   2.77766   0.15069   -72.042    44.460   -11.117   -177.27     85.15      1.00
   1.76413   0.96934   3.57982   -71.431    84.859   -24.615   -177.20    113.92      1.00
   2.53757   2.12461   1.51366   -84.156    48.397   -11.015   -177.19    101.64      1.00
   2.53056   2.10423   1.52252   -84.364    48.393   -11.051   -177.19    101.82      1.00
   2.53847   2.09012   1.53514   -84.558    48.493   -11.019   -177.18    102.02      1.00
   4.40180   1.41162   5.60397   -53.208    57.492   -37.512   -177.11     88.60      1.00
   1.88561   1.07600   3.48817   -72.013    84.508   -22.736   -177.09    113.94      1.00
   3.74521   1.70755   3.14484   -57.888    81.119   -22.407   -177.08    106.37      1.00
   2.53617   2.11498   1.53565   -84.468    48.472   -11.025   -177.08    101.95      1.00
   2.09528   2.14131   0.11818   -55.105    47.777    -4.427   -177.07     75.64      1.00
   1.24450   1.06573   0.96625   -87.292    51.232   -29.035   -177.06    109.47      1.00
   2.39205   1.65793   6.72747   -90.552    59.336   -15.813   -177.04    112.27      1.00
   1.67258   0.40346   4.64513   -55.695    53.379   -37.741   -176.95     85.76      1.00
   2.56801   2.53381   1.25079   -89.692    48.159   -21.059   -176.95    107.36      1.00
   4.85803   0.92465   2.31246   -53.222    56.529     0.095   -176.94     80.72      1.00
   0.47136   1.20771   1.21101   -88.750    54.634   -27.345   -176.91    111.10      1.00
   1.58770   1.21918   0.77719   -90.689    61.664   -18.162   -176.85    115.42      1.00
   4.20107   2.19452   1.25257   -88.467    53.251   -31.614   -176.82    108.19      1.00
   0.91301   1.25044   0.97497   -92.307    64.219   -15.541   -176.73    117.61      1.00
   2.53476   2.09746   1.54156   -84.493    48.465   -10.890   -176.70    101.95      1.00
   0.29477   1.38954   1.96725   -85.949    44.539   -17.014   -176.70    101.48      1.00
   1.89158   2.07412   4.89697   -58.591    57.034     3.287   -176.69     81.60      1.00
   2.55031   2.12493   1.20145   -90.781    52.851   -28.705   -176.63    112.32      1.00
   2.59793   0.96381   1.43485   -61.841    81.891   -27.947   -176.56    109.82      1.00
   0.74083   1.70787   1.77624   -60.469    83.904   -28.006   -176.47    111.37      1.00
   1.05769   0.61199   1.05302   -87.800    48.380   -24.478   -176.47    107.38      1.00
   5.84531   1.65516   2.00232   -87.087    48.313   -23.211   -176.47    104.09      1.00
   1.83694   1.75870   4.38559   -45.694    56.052   -24.717   -176.47     76.41      1.00
   2.87779   1.36976   1.16958   -85.110    51.681   -36.464   -176.43    108.71      1.00
   2.37325   2.35370   5.63773   -59.353    47.114    -7.669   -176.31     76.49      1.00
   2.83605   1.44670   5.12681   -60.776    47.084   -37.163   -176.29     87.40      1.00
   5.15548   0.82587   2.97047   -82.750    68.231   -42.855   -176.29    119.19      1.00
   4.39509   2.18572   1.64298   -86.180    46.626   -18.112   -176.25    100.61      1.00
   5.38374   1.43253   0.23365   -54.734    50.410   -39.389   -176.24     83.26      1.00
   3.89657   1.90510   2.54988   -55.926    81.540   -27.697   -176.20    106.04      1.00
   4.05425   1.96229   4.30959   -91.404    56.569   -26.974   -176.16    113.59      1.00
   2.94238   1.50899   0.63680   -89.186    57.385   -31.693   -176.03    112.89      1.00
   5.19087   1.22392   6.40588   -48.753    51.593   -27.896   -175.97     75.63      1.00
   5.62220   0.96414   1.99948   -86.668    52.230   -33.731   -175.96    109.29      1.00
   0.65129   1.03239   0.25656   -88.443    54.315    -7.213   -175.96    106.31      1.00
   3.91332   1.92839   2.56777   -55.782    81.366   -27.447   -175.93    105.79      1.00
   4.37639   1.69626   1.39370   -87.898    53.713   -31.169   -175.85    107.93      1.00
   3.54885   1.44677   0.80641   -80.023    58.578   -46.917   -175.78    110.76      1.00
   4.95077   0.87914   2.18990   -53.288    57.404     0.043   -175.71     81.23      1.00
   2.90452   1.72362   0.73736   -90.093    59.445   -28.355   -175.66    113.83      1.00
   2.68878   1.62769   4.30866   -90.838    57.204   -30.476   -175.54    112.35      1.00
   1.07352   0.84376   4.90794   -61.194    39.660   -31.776   -175.52     78.27      1.00
   3.56824   1.88302   1.20520   -88.820    56.303   -27.545   -175.45    110.07      1.00
   1.81974   1.23906   4.41627   -87.667    43.582   -25.690   -175.40    100.27      1.00
   1.84866   0.95933   3.51844   -71.748    84.967   -23.882   -175.37    114.16      1.00
   4.64873   1.95772   0.85428   -79.002    51.001    -6.491   -175.30     94.09      1.00
   0.22880   0.91241   5.77141   -61.760    86.337   -32.842   -175.29    110.18      1.00
   0.94764   1.27553   0.97122   -92.260    64.106   -15.827   -175.28    117.57      1.00
   1.07798   0.85186   4.93688   -61.555    39.696   -31.871   -175.28     78.64      1.00
   2.50553   0.93238   2.61957   -62.256    83.455   -18.771   -175.25    107.75      1.00
   0.74757   1.70134   1.76029   -60.660    84.196   -28.061   -175.24    111.74      1.00
   5.13015   1.81047   4.53782   -92.350    62.579   -27.196   -175.19    116.89      1.00
   4.78012   1.41262   5.92208   -55.460    48.973   -33.456   -175.16     81.46      1.00
   5.99310   2.35494   0.35070   -55.565    56.033     0.483   -175.15     82.19      1.00
   5.24438   1.24070   6.48921   -48.449    50.549   -27.321   -175.14     74.48      1.00
   2.05292   0.76134   4.73874   -61.039    42.527   -30.955   -175.13     81.28      1.00
   5.29631   2.51245   1.07545   -72.986    46.142    -8.717   -175.00     87.16      1.00
   0.28599   2.57760   4.66530   -69.782    72.818     1.900   -174.99    102.68      1.00
   0.55137   0.95758   0.25767   -87.515    52.945    -6.733   -174.84    104.54      1.00
   2.72676   2.26574   5.60597   -68.726    48.591    -3.785   -174.81     84.37      1.00
   0.17617   0.83797   3.24027   -65.962    47.107    -2.871   -174.74     84.37      1.00
   2.82798   1.29940   5.45628   -53.111    50.560   -32.006   -174.73     82.77      1.00
   4.74633   0.98269   3.67787   -65.057    82.429   -22.395   -174.66    112.21      1.00
   0.13726   0.99539   1.90694   -87.942    47.151   -22.423   -174.59    105.86      1.00
   3.53087   1.42995   0.78231   -79.804    58.204   -47.053   -174.54    110.51      1.00
   3.90014   1.93567   2.53114   -55.843    81.747   -27.765   -174.53    106.15      1.00
   2.94984   1.95011   3.80633   -75.775    85.887   -14.735   -174.48    118.36      1.00
   4.41453   2.02952   0.52469   -77.561    49.994    -6.368   -174.38     92.18      1.00
   0.60584   1.01846   0.33980   -88.585    54.879    -7.303   -174.35    106.85      1.00
   3.73025   1.54956   5.17623   -57.427    54.027   -40.232   -174.28     91.19      1.00
  -0.31131   2.49275   0.33637   -54.837    56.763    -0.369   -174.22     82.40      1.00
   1.56817   2.50733   2.40646   -70.724    69.323     3.681   -174.21    103.02      1.00
   2.46485   0.93156   2.65068   -63.010    83.206   -19.958   -174.18    108.20      1.00
   4.45640   1.84373   1.52171   -86.311    46.486   -23.126   -174.18    101.36      1.00
   3.58925   1.26246   2.58162   -58.110    83.936   -20.739   -174.14    106.79      1.00
   1.04927   0.79323   4.84231   -60.168    39.717   -31.589   -174.12     77.38      1.00
   3.65435   1.46611   0.80695   -79.727    58.061   -47.054   -174.12    110.07      1.00
   3.93410   1.26191   5.88021   -48.976    54.045   -32.871   -174.11     82.34      1.00
   2.46097   2.11037   1.13675   -90.816    53.242   -28.250   -174.07    112.48      1.00
   2.49190   1.09777   5.02057   -61.882    49.441   -40.213   -174.04     90.78      1.00
   4.12853   1.41851   5.49603   -53.322    58.305   -38.380   -174.00     90.20      1.00
   0.45551   0.87489   5.47837   -62.837    87.741   -30.679   -174.00    111.14      1.00
   3.70877   1.63191   2.31030   -57.974    83.764   -24.803   -173.98    107.65      1.00
   0.54439   1.06439   3.26752   -63.920    47.779    -1.326   -173.96     82.15      1.00
   3.73316   1.55737   5.18069   -57.354    54.128   -40.216   -173.94     91.18      1.00
   1.75588   1.04211   5.16270   -62.926    47.971   -39.836   -173.88     89.05      1.00
   4.78655   0.90405   2.36783   -53.701    56.428     0.458   -173.88     80.99      1.00
   0.71011   2.01014   4.71866   -71.515    76.129     3.510   -173.80    104.72      1.00
   6.36187   1.47850   0.63776   -61.054    47.230    -4.328   -173.79     79.85      1.00
   4.91691   0.88150   2.26463   -53.251    56.766    -0.069   -173.77     80.89      1.00
   4.80860   1.37102   1.50335   -87.652    56.199   -34.204   -173.75    109.95      1.00
   5.08690   2.78887   1.01312   -72.266    43.766   -11.759   -173.72     85.28      1.00
   6.00851   1.10831   1.82601   -88.216    51.400   -27.008   -173.68    108.45      1.00
   3.31077   1.64169   5.19871   -61.331    41.297   -27.087   -173.66     80.70      1.00
   3.76259   1.61381   2.81434   -55.193    79.014   -25.731   -173.64    103.41      1.00
   2.55922   0.93463   2.58906   -62.341    83.465   -18.978   -173.59    107.85      1.00
   4.14762   1.41517   5.41492   -54.248    59.563   -39.384   -173.57     92.15      1.00
   3.66748   1.44235   0.80957   -79.376    57.826   -47.138   -173.53    109.71      1.00
   1.80571   1.23031   4.39651   -87.420    43.410   -25.339   -173.51     99.86      1.00
   5.12762   1.81964   4.54897   -92.239    62.469   -27.267   -173.48    116.75      1.00
   3.05029   2.04486   3.54801   -76.607    84.756   -12.473   -173.46    118.45      1.00
   1.53320   2.50886   2.38571   -70.755    69.085     3.847   -173.46    102.87      1.00
   0.45696   0.70728   1.51922   -87.453    47.078   -22.189   -173.45    105.79      1.00
   3.64501   1.46405   0.81546   -79.470    57.831   -47.031   -173.44    109.78      1.00
   0.75129   1.71234   1.76543   -60.831    83.901   -28.187   -173.35    111.62      1.00
   3.77519   1.66822   3.14310   -58.982    80.177   -24.460   -173.31    106.65      1.00
   5.85748   1.27904   2.37899   -69.947    85.482    -5.815   -173.14    114.62      1.00
   2.42708   2.57182   1.16062   -90.545    48.810   -20.864   -173.12    108.38      1.00
   4.38569   2.10501   1.51803   -86.448    46.881   -24.402   -173.08    101.95      1.00
   1.63928   2.37326   1.46348   -63.587    76.569     1.354   -173.04    104.79      1.00
   5.88479   0.83523   2.02689   -87.702    53.937   -32.928   -173.04    111.30      1.00
   3.74920   1.70560   3.17256   -58.210    81.572   -21.958   -172.94    106.85      1.00
   3.87918   1.36986   4.78119   -56.746    57.390   -41.125   -172.90     94.19      1.00
   2.70583   1.66749   4.30755   -90.805    57.235   -30.763   -172.90    112.43      1.00
   2.80658   1.21264   2.57019   -63.644    82.186   -24.068   -172.88    109.29      1.00
   1.68193   2.40040   1.52995   -63.330    76.537     1.017   -172.86    104.60      1.00
   5.80579   0.84877   6.05584   -56.828    45.801   -29.271   -172.85     77.38      1.00
   1.35635   1.03420   0.88570   -87.031    50.705   -28.434   -172.81    108.85      1.00
   0.33577   0.92551   5.75576   -60.776    86.118   -32.358   -172.75    109.40      1.00
   1.09927   0.75774   4.77728   -59.823    39.389   -31.784   -172.75     77.06      1.00
  -0.19578   2.07592   2.21895   -85.586    45.842   -16.983   -172.74     99.76      1.00
   2.57821   2.16023   4.95411   -66.118    83.743   -24.290   -172.72    109.80      1.00
   1.84491   1.01815   5.11058   -63.016    48.291   -40.674   -172.69     89.81      1.00
   1.96570   1.44902   4.98210   -88.739    75.500   -31.136   -172.66    120.48      1.00
   1.09161   2.08806   3.35540   -63.108    72.315     1.782   -172.63     97.44      1.00
   1.66416   2.79067   0.72870   -89.154    49.735   -15.304   -172.60    106.80      1.00
   1.15285   1.22691   0.00052   -70.323    48.520    -3.591   -172.56     88.15      1.00
   5.82931   0.85860   2.00811   -87.267    53.493   -33.538   -172.54    110.77      1.00
   4.38012   1.64912   1.38958   -87.795    53.597   -31.578   -172.52    107.89      1.00
   1.76800   1.30489   4.40117   -87.263    43.555   -26.310   -172.52     99.94      1.00
   0.88329   0.85862   3.28950   -67.071    45.391    -5.032   -172.50     82.49      1.00
   0.82517   1.28207   0.08301   -54.418    45.128    -9.895   -172.50     73.75      1.00
   4.66447   2.33075   1.66789   -89.731    52.388   -28.344   -172.48    108.02      1.00
   5.63027   0.98275   1.97941   -86.691    52.291   -33.181   -172.46    109.13      1.00
   4.06711   1.95845   4.34036   -91.434    56.740   -27.001   -172.43    113.67      1.00
   4.06246   1.69159   5.62139   -53.770    46.486   -26.339   -172.36     77.56      1.00
   4.99036   2.78072   0.74769   -72.604    43.260   -12.321   -172.34     85.42      1.00
   3.90511   1.88634   2.63529   -55.477    80.623   -27.180   -172.32    105.08      1.00
   4.38920   2.06840   1.51517   -86.473    46.876   -24.449   -172.28    101.98      1.00
   0.49627   0.86319   5.38003   -64.130    88.640   -30.003   -172.25    112.34      1.00
   4.94284   0.59731   3.95446   -64.214    84.644   -21.130   -172.23    113.26      1.00
   3.68945   1.58579   2.36222   -57.870    83.178   -24.497   -172.11    107.10      1.00
   4.01736   1.86777   4.23222   -91.133    56.087   -27.141   -172.04    113.31      1.00
   1.90315   1.10377   3.44704   -72.266    84.232   -22.521   -172.04    113.96      1.00
   2.90609   1.98605   3.71578   -75.873    85.813   -14.488   -172.03    118.42      1.00
   1.92746   2.71055   1.00466   -88.350    49.591   -15.930   -172.01    106.30      1.00
   5.42679   0.90937   1.33150   -89.756    60.765   -34.689   -172.00    114.69      1.00
   0.43583   0.88412   5.37765   -64.345    88.499   -30.551   -172.00    112.47      1.00
   1.89698   2.71817   0.97776   -88.485    49.704   -15.795   -171.96    106.44      1.00
   1.84174   2.07779   4.83880   -58.740    57.581     3.490   -171.96     82.06      1.00
   1.82177   2.72885   0.82411   -89.583    49.632   -16.678   -171.96    107.33      1.00
   4.16068   1.60057   5.95174   -64.281    44.073   -31.651   -171.91     84.69      1.00
  -0.39017   1.18511   2.44563   -69.574    86.183    -6.873   -171.84    115.23      1.00
   5.07093   0.68366   3.72715   -65.776    84.568   -19.746   -171.81    113.88      1.00
   0.21988   1.04240   4.65898   -45.275    55.744    -9.833   -171.70     72.67      1.00
   3.68935   1.57080   5.23128   -57.392    53.893   -39.974   -171.70     90.85      1.00
   3.79507   1.70339   3.16250   -58.306    80.512   -23.628   -171.69    106.42      1.00
   3.29251   1.40868   1.05143   -84.772    54.158   -38.926   -171.68    109.58      1.00
   3.74663   1.54856   5.15557   -57.564    54.074   -40.434   -171.67     91.43      1.00
   1.01962   0.43796   5.29105   -52.699    51.941   -32.255   -171.66     80.25      1.00
   3.87339   1.86538   2.57641   -55.742    81.088   -27.266   -171.65    105.52      1.00
   2.25697   2.20754   1.11599   -85.885    60.276    -2.656   -171.64    108.96      1.00
   1.60370   2.35810   1.49136   -63.540    75.535     1.897   -171.58    104.00      1.00
   5.56776   1.89498   2.63139   -90.972    68.004   -13.372   -171.57    116.57      1.00
   2.83716   1.30833   5.40244   -53.041    50.569   -31.808   -171.52     82.61      1.00
   0.57724   1.07089   3.22466   -63.893    47.831    -2.010   -171.45     82.22      1.00
   1.56469   2.53343   2.42194   -71.031    69.162     3.670   -171.44    103.06      1.00
   2.20090   0.75326   4.40185   -58.767    42.159   -31.273   -171.42     79.39      1.00
   6.08723   2.08449   2.20246   -85.620    45.788   -17.228   -171.42     99.78      1.00
   0.75579   0.72244   1.34888   -88.011    48.935   -20.024   -171.40    106.89      1.00
   3.99242   2.27612   0.22271   -61.397    45.006   -10.208   -171.39     76.88      1.00
   2.24116   2.21557   1.10227   -85.814    60.210    -2.678   -171.33    108.87      1.00
   1.79914   2.73728   0.83965   -89.476    49.684   -16.411   -171.33    107.26      1.00
   2.67261   2.31262   5.00869   -64.212    83.634   -23.036   -171.29    108.29      1.00
   1.56055   2.55544   2.40211   -70.797    69.190     3.584   -171.22    102.94      1.00
   1.61057   2.35863   1.49249   -63.636    75.575     1.851   -171.21    104.09      1.00
   2.14935   1.35586   4.37712   -93.353    65.879   -23.714   -171.19    116.44      1.00
   0.68366   1.94751   4.70005   -85.523    57.136   -41.904   -171.18    109.82      1.00
   3.65496   1.57510   2.30140   -57.858    83.842   -24.216   -171.17    107.46      1.00
   2.99154   1.75278   0.77432   -90.693    61.514   -28.554   -171.11    115.29      1.00
   0.68210   1.95907   4.69314   -85.601    57.148   -41.894   -171.08    109.89      1.00
   1.97912   1.74583   5.95455   -54.053    48.616   -36.769   -171.06     83.17      1.00
   4.45932   1.46308   5.81712   -51.139    57.140   -37.588   -170.94     86.61      1.00
   2.89777   2.06306   0.66580   -88.995    55.143   -22.188   -170.87    108.94      1.00
   5.35635   0.99075   1.51785   -88.950    61.246   -35.099   -170.85    114.71      1.00
   1.53902   1.88880   6.03803   -78.398    47.519    -7.811   -170.84     94.00      1.00
   2.02053   2.70842   1.00105   -89.093    49.255   -16.936   -170.76    106.84      1.00
   3.73706   1.68951   3.18969   -58.285    81.563   -21.917   -170.75    106.87      1.00
   5.96874   1.50864   4.25387   -90.506    59.842    -7.034   -170.64    109.91      1.00
   0.54853   0.83633   5.27593   -64.706    89.198   -29.109   -170.52    112.84      1.00
   0.20467   0.63770   5.77376   -57.085    49.110   -33.967   -170.51     81.44      1.00
   2.86799   1.35006   1.22596   -85.577    51.768   -36.618   -170.51    109.19      1.00
   1.44620   2.24909   2.45342   -67.588    66.421     5.075   -170.50     98.75      1.00
   5.09808   1.65282   1.00112   -78.492    49.662    -3.882   -170.46     93.27      1.00
   4.71396   2.12595   0.75085   -77.824    50.533    -5.626   -170.45     92.82      1.00
   0.57435   1.06926   3.22972   -63.928    47.737    -2.005   -170.43     82.18      1.00
   1.52191   2.51816   2.39487   -70.717    68.922     3.875   -170.41    102.68      1.00
   2.69980   1.05738   2.63457   -64.031    83.488   -20.337   -170.37    109.30      1.00
   5.07037   1.64823   0.98652   -78.141    49.353    -3.918   -170.31     92.76      1.00
   1.73051   1.30211   3.01977   -60.168    77.927   -30.685   -170.28    105.36      1.00
   1.98265   2.68520   1.06054   -87.977    49.630   -16.106   -170.21    106.06      1.00
   2.62395   2.05265   4.14369   -86.738    57.176   -41.621   -170.18    112.54      1.00
   0.13915   1.22862   1.91941   -85.284    44.580   -18.125   -170.13    101.28      1.00
  -0.35711   1.52535   3.99550   -90.517    57.907    -7.326   -170.03    109.32      1.00
   5.12495   1.79764   4.48949   -92.571    62.234   -27.021   -170.00    116.90      1.00
   5.74147   2.53349   0.82041   -61.671    48.517    -4.709   -169.98     80.56      1.00
   3.92479   1.96184   2.52989   -55.688    82.082   -27.455   -169.97    106.23      1.00
   1.09006   2.19455   3.37547   -62.476    71.745     0.953   -169.96     96.48      1.00
   1.85852   1.02241   5.08455   -62.920    48.241   -40.817   -169.87     89.76      1.00
   6.32767  -0.09898   4.82936   -70.078    41.617    -9.272   -169.85     81.66      1.00
   0.48668   0.95574   5.56499   -61.634    87.341   -31.095   -169.81    110.40      1.00
   2.91905   2.47933  -0.95851   -62.217    83.971   -22.795   -169.75    107.20      1.00
   2.52129   1.99359   1.09361   -90.006    52.995   -30.032   -169.74    112.04      1.00
   0.05911   1.13113   1.93816   -85.992    44.879   -18.648   -169.73    102.21      1.00
   4.01322   1.73067   5.46037   -61.513    44.193   -33.318   -169.70     84.24      1.00
   2.75576   2.25243   5.14965   -64.528    84.089   -22.857   -169.69    108.83      1.00
   4.83344   1.78565   3.88808   -67.409    81.843   -26.529   -169.67    113.41      1.00
   3.94317   2.26183   0.22466   -61.671    44.848   -10.615   -169.61     77.07      1.00
   3.50275   1.19496   2.59224   -58.701    84.777   -19.890   -169.61    107.47      1.00
   5.19745   0.81787   2.88703   -83.113    67.700   -42.771   -169.52    119.05      1.00
   3.72566   2.10849   3.58588   -92.537    56.851   -15.315   -169.50    113.23      1.00
   2.84689   1.35466   1.19418   -85.339    51.927   -36.871   -169.49    109.21      1.00
   3.92528   1.92720   2.62955   -55.460    81.117   -27.549   -169.42    105.55      1.00
   1.01450   0.85182   4.96070   -61.528    39.320   -30.854   -169.42     77.97      1.00
   1.92215   1.10815   3.45094   -72.226    83.870   -22.596   -169.37    113.69      1.00
  -0.39968   1.46872   1.55437   -87.723    53.573   -13.794   -169.37    105.89      1.00
   2.01187   0.15800   3.03932   -75.656    40.485   -12.325   -169.35     85.96      1.00
   2.43784   2.64534   1.40852   -88.121    48.921   -17.087   -169.34    106.00      1.00
   6.11787   2.06598   2.24158   -85.369    46.017   -16.283   -169.33     99.60      1.00
   4.39505   1.92059   1.31266   -86.522    51.737   -33.174   -169.31    106.22      1.00
   4.77651   1.32477   1.48768   -87.387    56.295   -34.562   -169.31    109.86      1.00
   3.57786   1.33441   2.60776   -57.670    83.317   -20.219   -169.29    106.14      1.00
   3.72606   2.09311   3.58689   -92.517    56.858   -15.215   -169.29    113.20      1.00
   3.76957   1.45362   2.74708   -56.744    79.415   -24.441   -169.28    103.90      1.00
   1.83836   1.12489   0.69658   -91.511    61.439   -20.638   -169.28    116.24      1.00
   1.06135   0.90344   4.98986   -62.131    39.762   -31.598   -169.26     79.03      1.00
   4.01247   2.26676   0.23752   -61.607    44.912   -10.241   -169.26     76.98      1.00
   5.17168   0.53031   3.82567   -63.582    85.226   -19.853   -169.25    113.11      1.00
   2.37484   1.49155   4.99765   -59.550    47.263   -39.547   -169.21     86.72      1.00
  -0.18996   2.07151   2.28314   -86.029    46.250   -16.572   -169.13    100.28      1.00
  -0.42726   1.49413   4.12190   -90.310    59.315    -7.255   -169.09    109.92      1.00
   0.96957   1.20374   0.99381   -92.235    64.463   -15.304   -169.08    117.76      1.00
   1.31325   2.61190   3.03673   -70.374    38.583   -10.864   -169.02     81.76      1.00
   1.35325   1.04498   0.88680   -87.063    50.661   -28.937   -169.02    108.98      1.00
   5.62802   1.20620   0.20338   -51.477    53.209   -37.563   -169.00     82.06      1.00
   4.64826   1.91009   0.83376   -79.353    50.791    -6.331   -168.98     94.24      1.00
   2.91638   1.51057   5.12847   -60.243    47.718   -38.171   -168.97     87.81      1.00
   4.03992   1.26069  -0.24177   -47.062    53.627   -31.042   -168.93     79.75      1.00
   5.79233   1.83047   4.97598   -90.969    52.644   -24.880   -168.93    108.49      1.00
   3.73850   1.62938   3.11487   -59.458    80.051   -24.606   -168.91    106.77      1.00
   1.89909   0.97340   3.46950   -72.038    84.893   -23.591   -168.89    114.34      1.00
   2.48904   0.91582   2.63649   -62.920    83.135   -20.459   -168.87    108.15      1.00
   0.14543   1.31657   1.91783   -85.135    44.475   -18.273   -168.82    100.97      1.00
   5.71662   2.60741   0.75899   -61.182    48.690    -4.348   -168.81     80.35      1.00
  -0.16934   2.49592   0.46403   -55.190    56.903     0.234   -168.78     82.92      1.00
   5.96138   2.29930   0.31235   -55.523    55.611     0.420   -168.73     81.71      1.00
   4.81947   1.78993   3.88527   -67.173    81.822   -26.582   -168.72    113.28      1.00
   3.87937   1.90066   1.27469   -89.314    55.940   -27.628   -168.72    109.80      1.00
   2.89479   1.39698   1.19089   -85.503    51.803   -36.179   -168.70    108.97      1.00
   3.70391   2.11253   3.57083   -92.609    56.873   -15.529   -168.69    113.32      1.00
   2.52131   2.00050   1.09200   -90.014    52.979   -30.179   -168.67    112.08      1.00
   0.23159   0.90917   1.76842   -87.021    46.679   -21.242   -168.66    104.80      1.00
   1.29741   2.61989   3.01026   -70.265    38.394   -11.055   -168.56     81.62      1.00
   3.72420   2.09482   3.59215   -92.499    57.008   -15.247   -168.52    113.26      1.00
   2.48117   2.11329   1.57234   -84.763    47.833   -11.437   -168.48    102.00      1.00
   5.53786   1.37594   0.93704   -80.203    51.002     0.015   -168.47     96.04      1.00
   4.08103   0.22574   0.82890   -70.540    41.841    -8.672   -168.40     82.01      1.00
   2.78544   1.40739   5.20689   -61.507    47.041   -36.778   -168.37     87.76      1.00
   5.28224   0.77184   3.41465   -67.548    84.292   -18.079   -168.33    114.40      1.00
   5.43321   1.52516   0.15725   -53.899    49.789   -38.055   -168.32     81.89      1.00
   1.81350   1.01159   5.19825   -63.627    48.892   -40.281   -168.31     90.49      1.00
   4.06554   1.99505   4.32389   -91.458    56.581   -26.901   -168.29    113.59      1.00
   4.80506   1.27253   5.66450   -49.885    62.007   -36.817   -168.19     88.84      1.00
   1.87931   2.71948   0.84339   -90.123    49.821   -17.229   -168.17    107.95      1.00
   4.77423   0.46013   3.65527   -66.796    85.626   -20.023   -168.16    115.39      1.00
   3.71746   2.57008   0.82498   -91.088    53.472   -29.380   -168.14    109.73      1.00
   2.03568   1.98163  -0.02903   -54.469    47.228    -5.455   -168.13     74.72      1.00
   4.72333   1.45681   3.98136   -89.034    59.426    -3.336   -168.09    111.00      1.00
   2.21422   2.72170   4.27822   -73.707    41.155    -9.796   -168.08     84.77      1.00
   1.87142   1.94257  -0.06107   -53.760    46.200    -6.267   -168.08     73.69      1.00
   3.96147   0.33690   0.97053   -70.311    41.470    -9.454   -168.05     81.82      1.00
   5.86196   0.79028   1.88092   -79.905    50.145   -44.227   -168.03    106.90      1.00
   4.29578   2.05443   1.30798   -88.084    53.248   -31.061   -168.02    107.72      1.00
   5.59952   2.64060   0.61273   -60.649    48.722    -4.456   -167.96     79.95      1.00
   4.35440   2.10160   1.49291   -86.686    47.058   -24.688   -167.94    102.29      1.00
   0.24533   0.60553   5.71363   -57.356    49.308   -34.357   -167.93     81.88      1.00
   1.30019   1.39289   1.10736   -88.284    51.086   -26.512   -167.93    109.60      1.00
   3.71101   1.55799   5.26556   -56.976    54.137   -39.788   -167.89     90.64      1.00
   5.77352   1.83164   4.96180   -90.872    52.628   -24.791   -167.86    108.42      1.00
   0.23228   1.55799   2.34117   -60.117    75.876   -38.098   -167.76    106.94      1.00
   0.53580   0.83144   5.24926   -65.100    89.183   -29.161   -167.76    113.04      1.00
   5.77917   1.82400   4.94965   -90.853    52.621   -24.761   -167.75    108.38      1.00
   2.49828   2.57281   1.25669   -90.726    49.144   -20.624   -167.74    108.70      1.00
   0.12152   1.03260   4.72394   -45.279    56.555    -9.601   -167.68     73.39      1.00
   1.48979   2.23881   2.50914   -67.491    66.794     5.056   -167.67     98.88      1.00
   0.04995  -0.09383   4.79694   -69.807    41.912    -9.193   -167.62     81.61      1.00
   4.53323   2.92157   4.80501   -52.400    67.997    -2.287   -167.60     90.63      1.00
   1.48704   2.46194   2.00343   -67.695    71.269     3.412   -167.57    103.05      1.00
   2.37351   2.33734   5.48771   -59.832    47.440    -6.547   -167.55     76.80      1.00
   1.27836   1.35285   1.09482   -88.201    51.115   -27.063   -167.55    109.67      1.00
   2.04081   0.88954   0.40463   -87.226    48.734   -27.175   -167.54    107.39      1.00
   0.13724   1.03423   4.71397   -45.271    56.490    -9.847   -167.49     73.34      1.00
   2.56712   1.83891   0.51993   -88.373    53.521   -18.987   -167.42    107.60      1.00
   5.32517   2.09783   0.29896   -70.798    46.423    -6.335   -167.40     85.63      1.00
   5.14408   1.77414   1.51543   -43.476    57.695   -19.726   -167.37     75.61      1.00
   3.49734   1.43367   3.78029   -88.961    53.924   -14.486   -167.34    107.91      1.00
   3.84851   2.61076   0.95026   -90.926    53.069   -30.010   -167.30    109.54      1.00
   2.25797   0.77950   4.74696   -59.543    42.056   -28.594   -167.27     79.59      1.00
   5.84194   1.58256   1.41322   -45.293    60.420    -4.830   -167.24     78.32      1.00
   3.87260   1.34728   4.78001   -56.999    57.623   -40.966   -167.16     94.45      1.00
   2.43379   2.64844   1.43006   -88.641    49.157   -17.278   -167.14    106.61      1.00
   0.93178   1.25228   1.02629   -92.346    64.173   -16.090   -167.12    117.76      1.00
   2.23399   2.68166   4.26383   -73.235    40.870    -9.470   -167.12     84.23      1.00
  -0.48028   2.13033   2.21140   -88.842    48.883   -20.882   -167.10    104.40      1.00
   0.75993   1.71454   1.86010   -59.325    83.540   -28.363   -167.09    110.52      1.00
   4.34825   2.12040   4.49481   -91.334    67.820   -33.728   -167.02    121.35      1.00
   1.78964   1.97299   0.82054   -83.806    48.979   -13.680   -167.02    102.12      1.00
   3.30776   1.16643   1.32619   -64.156    85.026   -22.591   -166.92    110.70      1.00
   0.19277   0.89589   5.82956   -61.677    85.890   -33.287   -166.90    109.93      1.00
   5.39897   1.89526   5.22853   -46.725    67.876   -16.275   -166.89     86.66      1.00
   3.64983   1.54010   2.33160   -57.911    83.682   -23.782   -166.88    107.27      1.00
   3.84713   1.39367   4.81316   -56.539    57.103   -41.026   -166.85     93.77      1.00
   2.23586   1.28218   2.31085   -56.039    73.336   -39.345   -166.83    103.97      1.00
   0.44598   1.17825   3.33286   -64.665    46.906    -1.332   -166.81     82.09      1.00
  -0.31951   0.74778   1.85997   -79.914    49.374   -43.613   -166.80    106.47      1.00
   1.20487   2.58573   2.92606   -70.472    38.415   -11.147   -166.75     81.88      1.00
   3.55318   1.18937   2.60086   -58.288    84.434   -20.629   -166.73    107.12      1.00
   3.69001   1.51359   2.56609   -57.240    82.172   -23.340   -166.72    105.92      1.00
   1.54762   2.32642   1.44315   -63.865    75.208     2.427   -166.71    103.97      1.00
   1.77639   0.93727   0.65702   -87.908    49.484   -25.781   -166.65    108.22      1.00
   2.25985   1.28963   3.84053   -45.847    61.223    -9.755   -166.50     78.29      1.00
   1.99388   1.13840   0.65177   -91.574    61.019   -21.058   -166.48    115.99      1.00
   2.76321   1.74020   3.43425   -73.051    83.012   -31.706   -166.46    117.90      1.00
   3.64213   1.61689   5.37834   -55.980    53.521   -38.934   -166.46     89.00      1.00
   5.58373   1.91957   2.61245   -91.159    67.586   -13.120   -166.38    116.36      1.00
   4.97888   0.48034   3.61927   -64.575    86.461   -19.022   -166.35    114.67      1.00
   2.70517   1.33341   5.69147   -53.138    49.714   -32.374   -166.35     82.38      1.00
   5.28475   1.07273   1.60208   -89.407    62.314   -33.798   -166.30    115.31      1.00
   3.30439   1.14497   1.37162   -63.629    85.083   -22.576   -166.30    110.42      1.00
   4.04698   1.78472   3.13617   -51.976    76.978   -28.505   -166.16    101.39      1.00
   2.63052   2.15945   4.99512   -65.454    83.752   -23.027   -166.14    109.20      1.00
   0.27754   0.99397   4.65907   -44.983    55.093   -10.134   -166.13     71.88      1.00
   5.60856   2.03528   1.97762   -88.168    49.466   -21.404   -166.12    104.27      1.00
   3.07347   2.09906   0.59839   -90.633    59.414   -13.825   -166.12    110.61      1.00
   2.16733   2.74633   4.26859   -74.250    41.324    -9.628   -166.09     85.26      1.00
   1.47013   2.47703   1.99465   -67.722    71.165     3.381   -166.05    102.98      1.00
   4.50857   2.06787   0.58358   -77.345    49.966    -5.940   -166.04     92.00      1.00
   1.90650   0.90813   0.54985   -87.579    49.205   -26.453   -166.01    107.87      1.00
   0.75577   0.58385   1.55444   -90.225    50.754   -19.079   -166.00    109.54      1.00
   0.50417   1.24098   3.36692   -65.227    46.240    -1.967   -165.96     81.84      1.00
   2.53156   1.12424   1.10219   -65.880    84.312   -28.030   -165.96    114.41      1.00
   3.31522   1.14423   1.38515   -63.554    84.903   -22.697   -165.94    110.24      1.00
   4.98339   0.38247   3.47098   -65.942    86.127   -20.192   -165.90    115.34      1.00
   3.35312   1.71704   5.21315   -61.177    41.289   -27.323   -165.88     80.51      1.00
   1.45858   2.26047   2.48379   -67.803    66.571     5.031   -165.85     98.94      1.00
   5.01388   0.72767   3.51213   -67.380    84.832   -18.505   -165.78    114.85      1.00
   1.65517   1.87990   0.73762   -81.443    48.155   -11.530   -165.78     99.46      1.00
   0.02388   0.56464   0.59640   -66.530    70.693     5.227   -165.78     98.83      1.00
   2.83207   1.03377   2.59700   -63.274    84.452   -18.382   -165.73    109.15      1.00
   5.63968   0.91682   2.00311   -87.069    52.658   -33.552   -165.72    109.87      1.00
   2.16321   1.84409   2.08722   -47.216    56.682   -33.958   -165.71     85.96      1.00
   1.98356   0.96532   0.51485   -87.252    48.797   -27.069   -165.65    107.48      1.00
   1.62429   1.84601   0.75261   -81.714    48.270   -11.955   -165.64     99.83      1.00
   2.26488   1.29451   3.87675   -45.758    60.949    -9.819   -165.64     78.00      1.00
   4.88024   2.25036   0.74171   -77.637    50.369    -5.215   -165.62     92.70      1.00
   0.03200   1.28209   1.99363   -86.133    45.151   -19.413   -165.59    102.29      1.00
   2.14924   1.82393   2.08673   -46.845    56.764   -33.925   -165.58     85.80      1.00
   5.24361   1.54422   1.55459   -90.659    61.233   -29.743   -165.56    114.08      1.00
   3.92035   2.32352   0.14248   -60.757    45.119    -9.864   -165.54     76.43      1.00
   5.24600   0.88077   3.35316   -68.488    84.530   -17.155   -165.53    114.94      1.00
   4.55276   2.40748   1.59492   -90.236    52.665   -28.596   -165.49    108.59      1.00
   3.63680   2.02620   5.27947   -58.777    41.874   -26.646   -165.49     78.37      1.00
   4.81726   0.84438   2.37877   -53.847    56.042     0.632   -165.43     80.89      1.00
   1.45239   2.24121   2.52697   -67.466    66.761     5.087   -165.39     98.75      1.00
   5.68254   0.88987   1.99599   -86.983    53.050   -33.562   -165.38    110.08      1.00
   4.96238   2.84929   0.90027   -73.453    43.836   -11.939   -165.36     86.25      1.00
   3.31840   0.44945   1.56730   -69.970    41.095   -10.035   -165.36     81.94      1.00
   2.90920   2.03873   1.69656   -85.642    47.966   -11.474   -165.34    102.31      1.00
   5.60317   2.02358   1.98401   -88.069    49.519   -21.505   -165.32    104.26      1.00
   5.81010   2.11321   2.24626   -89.203    49.104   -20.965   -165.30    104.88      1.00
   0.89871   0.85907   3.26203   -66.901    45.612    -4.872   -165.27     82.53      1.00
   2.13401   1.27790   0.47567   -91.929    61.177   -18.227   -165.24    115.48      1.00
   2.24016   1.29606   3.89049   -45.758    60.821    -9.701   -165.23     77.82      1.00
   2.54114   2.29340   5.41296   -67.883    49.335    -2.696   -165.22     83.94      1.00
   4.32068   1.93952   1.20062   -88.378    65.355   -42.772   -165.19    117.77      1.00
   3.52966   2.12447   3.97777   -85.533    52.072   -38.805   -165.18    109.96      1.00
   4.18610   1.36151   2.56833   -89.151    67.435   -38.177   -165.18    120.78      1.00
   3.71862   2.09032   1.06527   -86.729    49.770   -26.462   -165.17    104.28      1.00
   2.10584   0.84392   0.35262   -87.166    48.790   -27.778   -165.17    107.49      1.00
   0.20245   1.54436   2.33094   -59.953    75.895   -38.010   -165.16    106.84      1.00
   5.59584   2.55930   0.66210   -61.348    48.529    -4.889   -165.15     80.22      1.00
   4.36731   1.91229   1.23583   -87.962    65.181   -43.123   -165.15    117.49      1.00
   3.21216   0.97312   1.36442   -64.229    85.538   -20.182   -165.13    110.72      1.00
   5.91530   1.24834   2.32541   -69.719    86.108    -6.060   -165.12    115.04      1.00
   4.34474   1.93249   1.20717   -88.299    65.253   -42.799   -165.10    117.65      1.00
   1.26151   2.22176   3.10091   -65.685    72.531     2.252   -165.09     99.96      1.00
   2.96490   0.16046   2.06274   -74.499    40.731   -11.791   -165.06     85.16      1.00
   5.62655   1.94185   2.70180   -91.460    68.201   -12.725   -165.04    116.91      1.00
   4.15009   1.44164   5.36707   -54.244    60.249   -39.878   -165.03     92.89      1.00
   0.23301   1.90312   2.98520   -64.732    39.165    -7.739   -164.96     77.74      1.00
   2.23275   2.65270   1.22284   -88.299    49.064   -17.329   -164.96    106.24      1.00
   2.56719   1.58586   4.28975   -90.640    57.225   -33.675   -164.95    112.91      1.00
   1.05929   1.43574   0.28506   -53.754    43.838    -8.669   -164.92     73.39      1.00
   3.97895   1.75982   3.29144   -57.372    80.508   -23.024   -164.91    105.98      1.00
   1.29738   2.98876   6.76480   -61.863    78.860    -1.310   -164.90    104.64      1.00
   0.23114   1.90091   2.98774   -64.780    39.184    -7.849   -164.89     77.80      1.00
   3.85232   1.40929   4.80119   -56.239    57.166   -41.045   -164.89     93.63      1.00
   6.32333   2.25820   0.22939   -60.551    55.488     1.571   -164.85     85.63      1.00
   5.33280   2.31228  -0.28490   -59.104    78.918   -31.701   -164.84    105.23      1.00
   3.90329   1.92306   5.13625   -61.098    41.200   -31.709   -164.83     82.03      1.00
   2.24060   2.61291   4.26161   -72.976    40.828    -8.706   -164.80     83.92      1.00
   1.67182   2.38983   1.55439   -63.516    76.126     1.492   -164.79    104.42      1.00
   2.91021   1.95412   3.85013   -75.625    85.882   -14.838   -164.77    118.11      1.00
   4.35338   1.93150   1.21563   -88.224    65.188   -43.028   -164.75    117.64      1.00
   3.39060   1.40572   1.13682   -85.000    53.634   -38.313   -164.73    109.09      1.00
   0.75906   1.88236   4.91601   -68.592    75.670     4.778   -164.69    102.41      1.00
   5.12544   1.98359   1.83283   -89.390    53.353   -25.513   -164.67    107.90      1.00
   1.87354   1.93213  -0.04190   -53.392    45.940    -6.307   -164.66     73.32      1.00
   4.69143   1.39309   5.90396   -56.219    48.753   -34.060   -164.65     82.22      1.00
   3.36289   1.03817   2.70176   -66.914    47.546    -2.464   -164.56     83.88      1.00
   2.12881   1.06074   1.33206   -89.557    72.425   -27.519   -164.55    122.27      1.00
   0.47389   1.03394   0.48744   -87.402    55.036    -5.526   -164.55    105.98      1.00
   0.01292   0.56949   0.61650   -66.432    71.098     5.117   -164.52     99.09      1.00
   5.49580   1.51793   6.28828   -63.006    46.558    -2.489   -164.49     78.78      1.00
   1.25595   2.24206   3.09301   -65.744    72.468     2.219   -164.47     99.95      1.00
   2.27312   2.71584   5.10409   -62.789    38.997   -16.355   -164.45     75.25      1.00
  -0.16607   0.65951   2.71406   -60.487    77.993   -31.820   -164.42    108.40      1.00
   2.19478   2.59074   4.16874   -72.942    40.532    -8.589   -164.40     83.79      1.00
   4.79015   1.25901   5.72610   -49.678    61.186   -36.487   -164.40     87.89      1.00
   1.04774   0.85135   4.96388   -61.463    39.875   -32.061   -164.37     78.72      1.00
   2.64863   1.64030   0.08868   -52.672    50.765   -40.779   -164.35     86.39      1.00
   4.29417   2.92108   4.58531   -52.378    68.194    -2.355   -164.34     90.81      1.00
   5.12738   1.98506   1.83174   -89.565    53.975   -25.373   -164.33    108.32      1.00
   3.85996   1.90197   5.00981   -59.587    40.756   -31.095   -164.33     80.72      1.00
   4.93260   0.76952   3.93771   -66.034    84.106   -20.229   -164.32    113.66      1.00
   1.32041   2.62105   3.07092   -70.680    38.946   -10.811   -164.32     82.12      1.00
   5.54818   1.67382   0.16625   -63.397    48.131    -2.876   -164.30     80.40      1.00
   5.39449   2.47755   1.23905   -74.283    46.015    -8.754   -164.26     88.25      1.00
   4.67138   2.12053   1.72861   -87.077    47.595   -21.678   -164.23    102.34      1.00
   4.35793   1.93662   1.20545   -88.321    65.101   -43.105   -164.20    117.67      1.00
   4.31015   1.95171   1.32059   -87.428    53.244   -31.226   -164.17    107.25      1.00
   0.15961   0.97701   4.71644   -44.739    56.168   -10.350   -164.14     72.75      1.00
   5.15402   2.72946   1.01244   -75.776    44.394   -11.699   -164.14     88.58      1.00
   3.63619   2.11807   3.57354   -92.679    57.316   -16.329   -164.12    113.65      1.00
   5.50722   0.92996   3.95494   -62.744    82.234   -21.775   -164.09    109.63      1.00
   1.52849   1.01847   3.73615   -72.444    85.610   -25.625   -164.08    115.01      1.00
   5.52562   1.53222   1.63291   -89.124    55.799   -21.421   -164.05    108.71      1.00
  -0.40505   0.75934   5.93696   -56.311    46.169   -29.997   -163.94     77.43      1.00
   2.59290   1.66300   0.02767   -53.237    50.791   -41.444   -163.88     86.98      1.00
   3.28653   1.08559   1.28584   -64.540    85.445   -21.595   -163.81    111.04      1.00
   5.13146   2.27177   2.90815   -61.347    43.512   -35.398   -163.80     84.65      1.00
   1.81666   1.95855   0.82323   -83.608    48.809   -13.526   -163.77    101.84      1.00
   1.39295   2.86674   6.81945   -61.610    78.862    -0.614   -163.77    104.40      1.00
   4.85894   1.94933   1.74661   -90.604    59.686   -27.177   -163.73    112.50      1.00
   0.32206   1.00389   4.57853   -44.897    55.466   -10.289   -163.72     72.20      1.00
   0.13120   0.59666   0.54307   -66.969    71.409     5.499   -163.71     99.81      1.00
   2.12994   2.55463   4.12899   -73.243    40.857    -7.822   -163.67     84.10      1.00
   1.74444   1.33319   2.95639   -60.200    78.357   -30.733   -163.63    105.93      1.00
   2.13978   0.55200   4.74237   -58.492    42.234   -27.807   -163.61     78.46      1.00
   3.97176   1.22461   4.10441   -56.542    62.188   -42.052   -163.59     98.28      1.00
   2.49015   1.59957   4.25451   -90.234    56.380   -33.573   -163.59    111.95      1.00
   2.83220   1.26578   5.57994   -53.183    51.154   -31.962   -163.54     83.34      1.00
   4.17628   0.16304   0.69877   -70.069    41.867    -8.301   -163.52     81.59      1.00
   2.52405   1.94048   1.07866   -89.637    53.102   -30.739   -163.48    111.98      1.00
   0.29838   2.28994   4.32182   -65.915    72.189     2.974   -163.46     99.01      1.00
   4.16462   1.36974   2.51014   -88.643    66.966   -38.440   -163.45    120.10      1.00
   0.13883   1.04628   1.87730   -87.134    46.848   -21.728   -163.44    104.83      1.00
   2.65859   1.94463   0.40558   -90.634    56.336   -22.809   -163.41    111.15      1.00
  -0.04300   0.33668   0.14455   -55.144    44.463   -28.684   -163.33     76.26      1.00
   0.25011   1.78578   2.98366   -64.832    40.271    -7.126   -163.18     78.61      1.00
   3.28262   1.07075   1.29045   -64.590    85.414   -21.402   -163.15    111.00      1.00
   1.52913   2.34268   1.42560   -63.578    75.085     2.486   -163.14    103.69      1.00
   3.09291   1.84110   0.95808   -87.956    53.446   -29.491   -163.12    109.14      1.00
   0.19776   0.61460   5.34570   -57.604    43.194   -31.315   -163.12     77.03      1.00
   2.04966   1.04551   2.34863   -55.037    72.795   -37.414   -163.11    102.02      1.00
   2.14173   1.38191   0.87433   -87.214    53.924   -35.125   -163.10    112.24      1.00
   5.57706   2.66038   1.49338   -77.457    44.279   -12.097   -163.09     90.20      1.00
   0.08198   2.16460   3.08229   -63.995    72.993     3.404   -163.03     99.21      1.00
   1.57720   0.35685   5.02264   -57.898    45.390   -32.214   -163.02     80.69      1.00
   2.57221   1.16673   0.95193   -67.040    85.140   -28.425   -163.01    115.73      1.00
   5.42030   1.89334   5.24984   -46.719    68.200   -16.251   -162.97     86.85      1.00
   5.37157   1.59137   4.60548   -49.408    67.079   -10.453   -162.96     87.45      1.00
   2.86444   2.11384   3.97326   -85.107    54.792   -42.305   -162.96    111.11      1.00
   1.89718   1.03010   3.55981   -71.017    84.973   -22.807   -162.95    113.53      1.00
   0.75218   2.07806   5.27519   -72.634    74.638     5.135   -162.91    105.26      1.00
   3.72189   2.02137   1.05171   -86.562    49.811   -26.690   -162.90    104.20      1.00
   5.39627   1.59408   4.59769   -49.419    67.215   -10.496   -162.90     87.53      1.00
   2.19432   1.53923   5.76613   -52.521    50.425   -35.019   -162.89     82.66      1.00
   0.01537   0.53795   0.60735   -66.601    70.847     5.229   -162.87     98.99      1.00
   5.21303   2.20000   4.09183   -68.618    72.573     5.832   -162.86    104.24      1.00
   1.83889   0.60028   2.65099   -60.431    81.761   -21.039   -162.85    105.98      1.00
   4.34299   2.05002   4.41031   -92.382    67.061   -32.808   -162.83    121.60      1.00
   3.86220   1.68711   3.21839   -57.537    81.346   -22.151   -162.82    106.40      1.00
   1.75308   1.02490   0.66140   -87.723    49.164   -24.798   -162.80    107.66      1.00
   5.52183   1.63775   0.13334   -63.296    47.720    -2.845   -162.80     79.97      1.00
   5.46680   0.88227   1.09601   -89.648    58.991   -34.860   -162.79    113.23      1.00
   2.25809   1.86050   2.07136   -47.298    56.520   -34.214   -162.78     85.98      1.00
  -0.41603   1.62018   1.45224   -44.798    60.006    -5.509   -162.77     77.82      1.00
   5.82635  -0.08157  -0.76472   -75.640    40.755   -11.486   -162.76     85.93      1.00
   3.51729   1.11363   2.65017   -58.572    83.304   -22.411   -162.76    106.62      1.00
   3.69238   1.15215  -0.15393   -48.004    54.202   -33.350   -162.75     82.31      1.00
   1.52760   2.21921   2.58759   -66.798    67.260     4.914   -162.75     98.60      1.00
   3.89350   1.35915   5.96132   -47.422    53.532   -31.695   -162.72     80.39      1.00
   2.28199   1.45322   0.88785   -87.045    53.605   -34.734   -162.67    111.65      1.00
   5.88311   1.64213   1.40839   -44.852    61.095    -5.315   -162.67     78.69      1.00
   2.15880   1.11769   0.73489   -82.691    51.151   -40.016   -162.67    109.03      1.00
   5.77116   1.80386   4.87207   -90.317    51.800   -24.671   -162.64    107.53      1.00
   4.80268   1.54469   2.60399   -59.071    84.318   -30.714   -162.61    110.21      1.00
   5.21732   2.19888   4.08861   -68.660    72.581     5.854   -162.57    104.27      1.00
   0.25961   1.75612   2.98072   -64.768    40.390    -6.882   -162.53     78.67      1.00
   5.44213   1.60296   4.25798   -73.372    83.466   -29.122   -162.52    117.49      1.00
   5.26642   1.12467   1.56899   -89.662    61.948   -33.270   -162.48    115.02      1.00
   3.16161   1.90402   0.94493   -88.176    53.478   -30.306   -162.39    109.37      1.00
   2.51196   1.44117   6.23817   -52.777    51.643   -38.920   -162.38     86.49      1.00
   3.54249   1.83051   3.96519   -93.126    62.767   -16.648   -162.35    116.44      1.00
   3.89224   1.85100   2.68663   -55.324    80.113   -27.786   -162.30    104.84      1.00
   0.63636   1.24505   0.34081   -56.920    43.332   -10.787   -162.27     75.05      1.00
   5.63972   1.68039   0.21394   -64.435    48.314    -2.740   -162.25     81.47      1.00
   2.67479   1.64559   0.99786   -87.577    53.163   -33.023   -162.24    110.70      1.00
   1.12870   0.96861  -0.24173   -91.447    51.859   -10.238   -162.22    107.31      1.00
   0.83778   1.89758   0.56840   -61.155    81.860   -25.835   -162.20    108.74      1.00
   4.13395   1.36081   2.52613   -88.559    67.051   -38.766   -162.18    120.21      1.00
   4.61296   2.79122   0.57502   -70.730    44.767   -10.060   -162.15     84.23      1.00
   5.54184   1.64081   6.40984   -63.546    47.824    -2.665   -162.12     80.26      1.00
   1.14065   0.36198   5.47569   -58.072    44.570   -30.846   -162.12     79.75      1.00
   5.03146   1.25333   1.94924   -82.994    59.423   -44.277   -162.09    112.58      1.00
  -0.19455   2.04414   2.31745   -86.475    46.032   -16.719   -162.08    100.63      1.00
   4.18047   1.39065   2.51645   -88.507    67.109   -38.446   -162.06    120.11      1.00
   5.03221   1.25891   1.95120   -83.040    59.428   -44.290   -162.05    112.63      1.00
   4.40558   2.10218   4.60739   -90.810    68.840   -32.881   -162.03    121.15      1.00
   0.93200   1.12133   2.11783   -87.123    77.077   -23.334   -162.01    122.65      1.00
   2.11723   2.08934   0.18845   -55.847    47.003    -4.321   -162.01     75.91      1.00
   5.11987   2.29505   2.93193   -60.666    43.538   -34.668   -161.99     83.91      1.00
   5.64719   1.89635   2.68795   -91.240    68.065   -12.706   -161.99    116.74      1.00
   5.37314   1.58433   4.61043   -49.326    67.072   -10.553   -161.98     87.39      1.00
   5.48772   1.38156   0.88818   -79.363    50.523     0.224   -161.94     94.91      1.00
   3.49720   1.40554   3.78624   -88.620    54.082   -14.038   -161.92    107.64      1.00
   2.37366   1.32825   3.82811   -45.322    59.944    -9.596   -161.90     77.24      1.00
   5.72426   0.50969   0.49865   -49.130    53.319   -33.310   -161.87     79.24      1.00
   5.22905   1.86516   4.55146   -93.532    64.056   -27.076   -161.79    118.51      1.00
   1.54352   2.15758   2.66587   -67.359    67.863     4.943   -161.78     99.23      1.00
   0.40396   1.09139   1.24486   -88.512    53.971   -27.302   -161.77    110.56      1.00
   4.79531   1.48419   6.16271   -61.456    48.143   -38.388   -161.75     86.53      1.00
   1.65776   0.62881   5.35578   -56.946    46.260   -32.829   -161.73     81.54      1.00
   0.96319   1.21546   1.01966   -91.829    64.081   -15.608   -161.72    117.27      1.00
   0.70713   0.87729   3.15159   -62.542    49.069    -0.520   -161.69     82.08      1.00
   4.79846   1.47797  -0.13108   -61.430    48.169   -38.456   -161.67     86.56      1.00
   5.52291   1.55189   1.62878   -89.270    55.822   -21.354   -161.66    108.80      1.00
   3.93398   1.99402  -0.20436   -70.397    45.200    -5.264   -161.65     84.05      1.00
   1.39333   1.45044   4.17963   -45.433    57.975   -21.445   -161.62     76.34      1.00
   5.36588   1.60078   4.59742   -49.449    67.132   -10.238   -161.59     87.53      1.00
   2.53380   2.51729   4.94634   -46.047    72.687   -13.437   -161.56     87.76      1.00
   2.02880   0.83368   0.39121   -86.857    48.346   -27.769   -161.54    107.09      1.00
   3.10019   2.16739  -0.28341   -58.648    44.250   -13.258   -161.54     75.30      1.00
   1.65112   0.97466   5.22556   -63.253    47.631   -39.441   -161.54     88.87      1.00
   4.56247   1.83063   3.55248   -57.172    77.545   -31.624   -161.52    105.67      1.00
   0.72412   1.91333   4.87552   -69.187    76.422     4.304   -161.50    103.39      1.00
   5.05971   0.88139   2.05571   -52.775    57.826    -0.053   -161.42     81.04      1.00
   1.75163   1.98889   0.82381   -83.724    48.744   -13.614   -161.41    101.94      1.00
   2.13695   1.85445   2.01515   -47.310    57.307   -33.824   -161.40     86.47      1.00
   5.31944   2.20614   5.83875   -60.237    80.008   -31.292   -161.38    106.56      1.00
   5.25583   2.47661   2.63579   -93.180    67.307   -33.524   -161.37    120.54      1.00
   0.79951   1.00149   3.13502   -62.225    48.259    -0.742   -161.33     81.13      1.00
   4.26587   0.08610   0.53146   -69.185    42.146    -7.965   -161.33     81.06      1.00
   2.84780   2.13479   4.08689   -85.803    55.814   -42.416   -161.32    111.96      1.00
   3.78477   1.72367   2.38115   -56.890    82.875   -26.377   -161.31    106.90      1.00
   1.89804   1.01155   3.58670   -70.703    84.645   -23.673   -161.31    113.20      1.00
   3.48863   2.15791   3.92537   -85.091    51.800   -39.530   -161.30    109.74      1.00
   5.93670   2.14003   2.31295   -88.973    48.862   -20.047   -161.30    104.36      1.00
   5.25759   0.84523   3.31183   -68.162    84.848   -17.454   -161.26    115.06      1.00
   2.50683   2.02483   1.16895   -90.269    53.302   -30.043   -161.24    112.51      1.00
   5.65207   0.60100   4.89298   -64.723    38.614   -10.065   -161.22     76.52      1.00
   3.21577   0.53693   1.65446   -68.902    40.437   -10.087   -161.20     80.96      1.00
   2.84673   1.41686   1.11710   -84.270    51.725   -38.165   -161.18    108.76      1.00
   2.32428   2.33857   5.64070   -56.131    46.488    -9.158   -161.16     73.87      1.00
  -0.08199   1.34836   4.79528   -88.233    47.569   -23.089   -161.13    102.05      1.00
   5.43147   1.39519   0.85033   -78.615    50.175     0.410   -161.13     93.93      1.00
   3.82178   1.90508   5.02807   -59.942    40.762   -30.640   -161.12     80.75      1.00
   1.99517   0.58929   4.45912   -56.408    55.472   -40.211   -161.10     89.05      1.00
   5.47051   1.33499   2.06691   -87.260    52.111   -35.453   -161.06    109.57      1.00
   1.90182   1.05162   3.56414   -70.994    85.067   -22.710   -161.05    113.58      1.00
   0.92255   1.11383   2.14512   -87.096    77.267   -23.473   -161.05    122.75      1.00
   6.00666   1.49440   2.11071   -89.379    51.811   -24.567   -161.05    108.53      1.00
   2.40507   2.30448   1.08760   -85.089    61.909    -1.823   -161.04    108.97      1.00
  -0.31637   1.72781   3.93108   -91.021    55.654    -8.136   -161.03    108.50      1.00
   1.71617   1.26592   4.39891   -86.876    42.743   -24.928   -160.97     98.83      1.00
   1.59495   0.94796   5.30011   -63.868    47.587   -38.652   -160.96     89.00      1.00
  -0.27418   0.49238   0.20072   -50.143    51.884   -31.373   -160.95     78.05      1.00
  -0.15666   0.30116   3.20418   -56.904    83.335   -22.876   -160.94    108.38      1.00
   4.79262   1.51735  -0.10123   -61.255    47.615   -38.098   -160.91     85.96      1.00
   5.22661   2.66075   1.16811   -76.383    44.944   -12.017   -160.90     89.43      1.00
   3.91798   2.02512   6.08144   -70.269    45.519    -4.981   -160.89     84.08      1.00
   2.30610   1.88537   2.07416   -47.707    56.291   -34.356   -160.89     86.09      1.00
   5.03544   0.87316   2.93897   -81.780    68.049   -43.648   -160.87    118.57      1.00
   1.28111   1.47257   1.19625   -89.280    51.223   -26.127   -160.86    110.38      1.00
   2.65444   1.71333   0.99654   -87.768    53.121   -32.171   -160.86    110.60      1.00
   3.51654   0.47932  -0.25810   -52.309    49.559   -33.969   -160.86     83.63      1.00
   1.16755  -0.08990   3.69717   -70.198    42.056    -8.074   -160.84     81.75      1.00
   2.93868   1.14437   1.54783   -83.346    74.221   -38.663   -160.81    120.50      1.00
   0.19891   1.56784   2.32800   -59.849    75.969   -38.333   -160.81    106.89      1.00
   3.55907   1.41555   0.64664   -79.734    58.926   -47.607   -160.80    110.98      1.00
   1.69568   0.65104   5.33501   -56.997    46.185   -32.487   -160.78     81.42      1.00
   4.01612   0.15838   0.83329   -69.498    41.768    -7.693   -160.74     81.07      1.00
   1.74203   0.96013   3.57959   -71.168    84.577   -25.218   -160.74    113.66      1.00
   5.52687   1.90272   2.57190   -90.555    67.752   -13.314   -160.73    116.05      1.00
   3.87378   2.00364   6.06796   -69.748    45.493    -4.532   -160.66     83.66      1.00
   4.80052   1.54786   1.54142   -88.374    56.086   -32.619   -160.60    110.03      1.00
   6.12974   0.28903   3.21337   -56.828    83.212   -22.915   -160.60    108.24      1.00
   0.18386   2.52718   5.06178   -65.762    79.773    -0.143   -160.58    105.88      1.00
   4.76385   1.57607  -0.10551   -60.777    47.009   -37.145   -160.58     84.94      1.00
   1.96847   1.35542   4.36639   -87.953    45.563   -28.379   -160.56    102.31      1.00
   3.96134   1.72723   3.28415   -57.115    80.317   -23.596   -160.55    105.78      1.00
   1.34531   2.57980   3.09399   -70.864    38.628   -10.562   -160.54     82.09      1.00
   0.99163   1.20441   1.07916   -91.984    64.959   -15.700   -160.53    118.00      1.00
   5.45884   1.37331   0.85125   -78.960    50.231     0.263   -160.52     94.29      1.00
   5.10181   0.85560   3.42983   -68.322    84.779   -17.316   -160.47    115.11      1.00
   2.27079   0.91486   0.48951   -80.782    51.503   -42.635   -160.46    108.69      1.00
  -0.14639   1.80913   2.30420   -86.648    45.201   -17.665   -160.44    101.10      1.00
   0.84760   1.97506   3.34584   -71.296    78.189     0.789   -160.42    107.12      1.00
   2.57257   1.65425   0.08381   -53.298    50.550   -41.362   -160.40     86.95      1.00
   1.63245   1.06589   3.76684   -70.530    85.064   -25.665   -160.36    113.45      1.00
   0.13605   2.23358   3.11431   -63.554    72.410     3.264   -160.36     98.27      1.00
   5.83971   1.64862   3.84310   -90.925    55.495    -8.731   -160.35    108.77      1.00
   2.14806   1.57891   4.26682   -90.337    56.667   -32.840   -160.31    111.20      1.00
   2.82680   1.25641   5.57583   -52.954    51.319   -32.067   -160.30     83.36      1.00
   3.61696   1.53100   2.31711   -57.378    83.848   -23.829   -160.27    107.11      1.00
   5.02981   1.27789   0.87680   -84.102    50.923    -6.379   -160.24     98.37      1.00
   3.51186   1.93774   0.78809   -88.987    53.562   -26.846   -160.21    108.10      1.00
   3.75751   1.69783   2.30709   -57.391    83.798   -25.833   -160.21    107.63      1.00
   0.16783   2.19530   3.15418   -63.529    72.384     2.976   -160.19     98.24      1.00
   1.18582   1.27991  -0.02279   -53.034    44.950    -8.052   -160.18     72.67      1.00
   1.67389   2.74622   0.74167   -90.642    50.724   -16.650   -160.17    108.76      1.00
   2.88926   1.11185   1.37576   -61.029    79.830   -31.258   -160.16    108.18      1.00
   2.63647   1.53549   6.33505   -52.685    52.351   -41.599   -160.10     87.97      1.00
   1.64860   0.55835   2.84553   -59.449    81.964   -20.354   -160.09    105.26      1.00
   1.82541   1.71217   5.70464   -53.956    48.115   -35.612   -160.06     81.63      1.00
   0.26958   0.64035   5.21407   -57.331    43.186   -31.338   -160.04     76.82      1.00
   0.08711   1.40661   0.64751   -61.603    46.236    -4.844   -159.97     79.67      1.00
  -0.09601   0.34359   3.10794   -57.194    83.285   -22.478   -159.95    108.46      1.00
   2.89821   2.36685   5.25442   -63.471    84.171   -21.954   -159.93    108.07      1.00
   5.79232   1.89583   2.27352   -89.278    49.009   -23.394   -159.93    105.86      1.00
   5.30481   0.96484   1.15768   -89.630    59.178   -34.161   -159.92    112.94      1.00
   1.67692   0.37371   4.94906   -57.830    45.886   -33.052   -159.91     81.35      1.00
   1.47538   2.46148   1.97687   -67.999    71.814     3.468   -159.90    103.68      1.00
   2.61761   2.65981   1.62301   -88.788    49.200   -16.612   -159.90    106.67      1.00
   0.26894  -0.15419   4.73638   -74.310    41.405   -10.933   -159.87     85.20      1.00
  -0.16736   1.76877   2.44417   -87.665    45.607   -17.878   -159.85    102.24      1.00
   3.47908   1.58651   5.46721   -55.358    53.146   -39.377   -159.84     88.54      1.00
   5.48933   2.10778   2.24507   -88.616    62.869    -6.696   -159.83    110.47      1.00
   0.01286  -0.09206   4.83490   -69.762    41.997    -8.974   -159.83     81.59      1.00
   3.54231   1.58288   5.32883   -57.457    53.159   -40.438   -159.79     90.47      1.00
   1.90238   1.81684   0.91155   -85.076    49.369   -14.794   -159.78    103.61      1.00
   4.53301   1.81538   3.62264   -56.514    76.382   -31.388   -159.77    104.43      1.00
   4.57402   1.07760   3.73909   -65.915    84.648   -18.428   -159.75    113.73      1.00
   3.06409   2.16234  -0.29845   -58.556    44.231   -13.151   -159.74     75.22      1.00
   0.48547   1.22108   3.36216   -64.760    46.695    -1.092   -159.73     81.84      1.00
   2.44754   2.64187   4.57681   -72.738    41.331    -9.004   -159.71     83.88      1.00
   3.96210   1.98656   2.59517   -56.347    81.264   -27.397   -159.68    106.03      1.00
   4.80746   1.48532   2.73440   -57.768    82.720   -30.894   -159.67    108.64      1.00
   0.74130   0.55704   1.61183   -90.526    50.951   -19.535   -159.63    109.96      1.00
   2.39981   2.65602   0.87336   -85.694    45.296   -16.579   -159.63    101.36      1.00
   2.04202   2.86167   3.16784   -55.328    81.059    -4.850   -159.61    101.83      1.00
   0.18163   2.18726   3.15843   -63.458    72.805     2.999   -159.59     98.52      1.00
   1.79402   1.33842   2.93794   -60.049    78.439   -30.800   -159.58    105.98      1.00
   4.96802   2.51322   0.55447   -69.672    83.861   -31.716   -159.57    113.62      1.00
   4.65027   1.83140   3.59154   -56.980    77.318   -32.501   -159.57    105.57      1.00
   3.08992   2.10411   3.95921   -88.111    55.410   -39.323   -159.56    113.12      1.00
   2.82521   1.94769   2.03355   -50.493    50.951   -33.047   -159.55     83.17      1.00
   2.46696   2.52964   4.88419   -46.074    73.014   -13.241   -159.54     87.99      1.00
   0.89681   1.10010   2.13664   -87.046    77.192   -23.635   -159.54    122.72      1.00
   5.33980   1.59265   4.57718   -49.490    67.137   -10.470   -159.53     87.66      1.00
   3.03787   2.12313   0.60990   -90.676    59.738   -13.978   -159.51    110.92      1.00
  -0.10197   0.80278   5.55841   -58.929    46.849   -34.342   -159.50     81.25      1.00
   3.64466   2.13611   3.53098   -92.878    56.752   -15.740   -159.50    113.49      1.00
  -0.06599   0.96681   1.38848   -87.308    59.410   -38.808   -159.48    115.00      1.00
   0.38910   1.05492   4.55409   -45.230    55.065   -10.296   -159.47     72.00      1.00
   2.03534   0.89168   5.91998   -82.716    49.883    -4.185   -159.46     99.45      1.00
   3.56841   1.60593   5.30765   -57.397    52.953   -40.232   -159.43     90.19      1.00
   3.54297   2.05340   3.62601   -93.379    59.011   -16.903   -159.42    115.03      1.00
   2.86656   1.04816   1.31587   -61.303    80.841   -30.584   -159.32    108.94      1.00
   1.30676   1.29328   6.01098   -54.098    45.868    -7.740   -159.32     73.36      1.00
   4.07247   2.03310   5.91959   -56.585    75.588     2.889   -159.30     95.82      1.00
   4.85099   1.50525   2.72925   -58.388    82.789   -31.410   -159.30    109.13      1.00
   2.95058   1.16297   1.52874   -83.546    74.136   -38.540   -159.26    120.56      1.00
   1.28408   2.22722   3.11865   -65.982    72.323     2.130   -159.25     99.95      1.00
   4.48595   1.79331   3.54633   -57.077    77.265   -30.720   -159.22    105.23      1.00
   2.34306   2.09048   1.11377   -90.834    53.851   -28.526   -159.20    113.00      1.00
   1.53882   1.43628   4.16534   -45.581    57.788   -22.105   -159.19     76.60      1.00
   0.18570   1.52265   2.35659   -59.843    75.977   -38.252   -159.18    106.94      1.00
   4.69241   1.85889   1.64397   -87.445    47.455   -21.378   -159.18    102.51      1.00
   2.12945   0.64140   4.47920   -56.796    53.020   -39.631   -159.18     87.87      1.00
   2.01848   2.10817   3.58123   -79.637    81.304     1.820   -159.12    115.18      1.00
   3.31470   1.39896   0.42442   -65.019    82.806   -32.689   -159.12    112.04      1.00
   2.13048   1.35238   4.13407   -89.811    52.267   -29.964   -159.09    107.79      1.00
   2.87121   2.06817   4.06759   -85.960    55.121   -42.144   -159.08    111.74      1.00
   5.98967   0.71707   1.98223   -80.718    49.178   -43.054   -159.07    107.01      1.00
   3.27158   1.57217   5.07163   -60.251    41.215   -27.112   -159.03     80.08      1.00
   3.00959   0.95609   0.94019   -63.892    83.372   -30.423   -158.97    112.15      1.00
   4.04345   1.74541   3.11871   -52.071    77.124   -28.552   -158.95    101.53      1.00
   3.94446   1.95311   5.16356   -60.346    41.884   -31.930   -158.94     81.87      1.00
   3.84608   1.69040   3.15269   -56.502    81.059   -22.220   -158.94    105.54      1.00
   5.34886   1.54188   1.46130   -88.701    56.184   -14.214   -158.94    107.03      1.00
   1.44644   1.98528   4.55847   -57.609    60.484     2.893   -158.93     83.17      1.00
   0.77988   1.00942   0.16840   -89.694    54.354    -8.174   -158.92    107.45      1.00
   3.51043   1.58856   1.26360   -89.175    57.047   -29.941   -158.87    111.44      1.00
   4.81349   1.60496   2.62053   -59.151    84.110   -30.788   -158.87    110.09      1.00
   5.84828   1.43245   1.64538   -88.363    54.477   -14.517   -158.85    107.09      1.00
   2.39651   2.53151   4.88488   -46.005    72.559   -13.732   -158.84     87.53      1.00
   0.75047   1.97428   2.52430   -58.416    52.164   -43.254   -158.81     91.10      1.00
   4.47984   1.10390   3.75655   -65.574    84.354   -19.218   -158.80    113.40      1.00
   4.13705   2.09409   5.98019   -56.576    75.387     3.296   -158.80     95.60      1.00
   3.00676   1.77228   0.93246   -88.337    54.992   -30.528   -158.79    110.69      1.00
   4.78594   0.84180   5.61577   -50.811    56.072   -35.299   -158.77     84.88      1.00
   4.97595   2.57131   0.61883   -69.484    83.651   -32.092   -158.77    113.44      1.00
   5.68845   1.66834   0.23171   -64.652    48.548    -2.054   -158.72     81.85      1.00
   2.07071   1.14825   3.70853   -46.190    63.633    -8.333   -158.72     79.95      1.00
   1.99515   2.08137   3.56281   -79.705    81.509     1.595   -158.67    115.36      1.00
   2.53436   1.53596   0.93399   -87.090    52.728   -34.099   -158.67    110.66      1.00
   1.50095   2.58391   1.96843   -66.180    70.123     3.381   -158.67    101.21      1.00
   5.11796   2.28447   2.89034   -61.014    43.590   -34.830   -158.65     84.22      1.00
   3.42399   1.13180   2.60848   -59.204    84.749   -19.719   -158.61    107.55      1.00
   4.00555   1.78528   3.05138   -52.540    77.074   -27.995   -158.56    101.51      1.00
   0.75403   1.95143   2.52327   -58.373    52.163   -43.171   -158.55     91.08      1.00
   4.22588   1.36781   2.58469   -89.007    67.281   -38.365   -158.55    120.67      1.00
   2.04843   2.85609   3.15803   -55.372    81.179    -4.855   -158.48    101.99      1.00
   0.76364   1.94414   2.53228   -58.419    52.016   -43.026   -158.48     90.96      1.00
   5.44642   1.77872   1.70685   -87.705    53.613   -20.261   -158.47    105.87      1.00
   0.77906   1.37697   0.31088   -52.951    43.520   -11.125   -158.44     72.45      1.00
   2.49505   1.15140   4.88904   -61.210    49.090   -40.361   -158.44     89.96      1.00
   3.32534   1.31007   0.43117   -64.473    83.189   -32.155   -158.44    111.97      1.00
   1.66582   0.87427   4.58818   -88.259    43.189   -20.720   -158.43     99.60      1.00
   5.26032   2.18111   4.09803   -68.096    72.167     6.033   -158.43    103.54      1.00
   2.44040   2.07920   1.36022   -84.054    47.959   -11.367   -158.39    101.37      1.00
   1.34792   2.62057   2.88472   -58.914    78.083    -1.701   -158.38    100.64      1.00
   5.88268   2.05534   0.51438   -60.532    50.276    -2.814   -158.37     80.90      1.00
   5.45986   2.65430   0.40594   -59.965    49.005    -4.494   -158.33     79.66      1.00
   3.27787   1.77527  -0.23627   -96.846    57.440   -12.235   -158.32    113.64      1.00
   0.10725   2.26895   3.13294   -63.806    71.787     3.519   -158.30     97.90      1.00
   5.46741   1.57813   4.16294   -73.639    83.928   -29.282   -158.28    118.10      1.00
   6.09562   2.37189   5.25785   -55.335    78.104    -5.134   -158.28     98.88      1.00
   6.02397   0.69923   1.96787   -80.735    48.810   -42.750   -158.25    106.78      1.00
   1.38275   1.59340   4.10748   -44.696    58.085   -26.105   -158.24     77.55      1.00
   1.54708   1.32315   0.70220   -90.931    61.238   -16.407   -158.23    115.00      1.00
   1.14104   1.76965   2.64487   -48.196    46.869   -25.013   -158.22     74.84      1.00
   5.49980   0.89307   4.26282   -61.459    82.302   -20.853   -158.22    108.20      1.00
   4.76336   1.53511   2.62907   -58.578    83.972   -30.240   -158.21    109.62      1.00
   0.75538   1.94816   2.54201   -58.554    51.910   -43.248   -158.21     91.04      1.00
   3.69766   2.11129   1.53730   -86.185    43.623   -20.060   -158.19    100.56      1.00
   0.14857   2.52917   5.06299   -65.070    79.403    -0.305   -158.19    105.24      1.00
   2.34235   2.64577   0.83296   -85.860    45.485   -16.505   -158.16    101.60      1.00
   2.05177   1.50347   0.20687   -87.679    55.935   -10.926   -158.15    107.63      1.00
   5.30750   1.91488   5.13923   -47.071    66.466   -14.764   -158.15     85.76      1.00
   5.93237   0.59966   2.93522   -60.451    78.682   -31.361   -158.09    108.83      1.00
   2.46513   1.47857  -0.16824   -52.856    50.796   -38.078   -158.09     85.37      1.00
   3.70190   2.09322   1.55889   -86.383    43.673   -20.099   -158.07    100.79      1.00
   0.76150   1.92114   2.53675   -58.401    51.913   -43.086   -158.07     90.94      1.00
   4.78168   1.58805   2.58539   -59.230    84.717   -30.429   -158.04    110.46      1.00
   0.65221   0.38171   1.81584   -57.752    68.690     4.210   -158.00     95.45      1.00
   5.76887   2.49538   0.91188   -62.390    47.559    -4.826   -157.97     80.45      1.00
   5.48722   0.92647   4.01265   -62.763    81.956   -21.916   -157.97    109.38      1.00
   0.77212   0.92797   0.24759   -90.531    54.468    -8.343   -157.95    108.41      1.00
   5.86775   1.72246   1.37726   -44.336    61.268    -5.822   -157.94     78.45      1.00
   3.28669   1.13829   1.42770   -63.182    84.802   -22.631   -157.93    110.00      1.00
   2.82508   2.11167   4.33101   -44.837    64.846   -27.817   -157.92     86.12      1.00
   3.56864   1.54872   0.75853   -87.647    54.108    -4.589   -157.89    103.82      1.00
   5.18628   0.93171   5.89775   -58.885    55.751   -43.435   -157.88     91.32      1.00
   2.24293   0.85971   2.61450   -62.141    83.096   -19.901   -157.81    107.72      1.00
   3.74830   1.43880   1.32448   -86.554    56.221   -37.780   -157.80    110.86      1.00
   3.02385   1.88798   0.89257   -88.418    53.471   -28.614   -157.78    109.34      1.00
   4.77754   1.51099   6.14994   -61.880    48.125   -38.686   -157.78     86.98      1.00
   4.56636   1.51230   3.83381   -88.080    57.797    -4.780   -157.74    109.51      1.00
   3.47839   0.49871  -0.22355   -52.332    49.378   -33.682   -157.74     83.41      1.00
   4.11523   3.00793   4.63097   -59.731    82.728    -3.072   -157.72    106.43      1.00
   5.18930   2.22633   4.11929   -68.782    72.952     5.506   -157.72    104.63      1.00
   5.15571   1.48998   3.23034   -59.171    43.000   -11.424   -157.71     78.14      1.00
   3.23207   0.18798   5.59191   -61.334    68.906     4.370   -157.71     97.32      1.00
   5.96153   2.08707   0.72508   -60.471    49.685    -2.852   -157.69     80.68      1.00
   0.51034   0.87790   5.14385   -66.093    89.334   -29.259   -157.65    113.73      1.00
   5.95273   0.55701   5.40965   -87.592    49.459   -14.522   -157.65    100.23      1.00
   3.42205   1.75587   5.22956   -61.437    41.244   -27.887   -157.64     80.82      1.00
   5.20121   1.20437  -0.14751   -59.259    46.732   -34.287   -157.62     82.01      1.00
   2.63231   1.32926   5.84372   -53.447    48.781   -32.780   -157.61     82.29      1.00
  -0.25115  -0.06240   5.16407   -70.903    41.373    -8.984   -157.60     82.08      1.00
   5.43241   2.61477   3.20120   -58.792    74.529     1.467   -157.53     97.33      1.00
   0.98173   0.95528   6.22490   -91.518    53.113    -9.589   -157.53    108.20      1.00
   1.68976   1.00104   0.74890   -88.042    50.119   -25.552   -157.48    108.65      1.00
   4.59486   1.84048   3.57770   -57.554    77.275   -31.903   -157.47    105.73      1.00
   2.02324   0.86708   5.94937   -82.728    50.147    -4.073   -157.47     99.69      1.00
   4.25813   1.96754   1.17844   -88.865    65.497   -42.106   -157.43    118.03      1.00
   2.33840   2.06960   0.26601   -58.125    46.460    -4.141   -157.43     77.17      1.00
   2.79963   2.11658   4.35858   -44.671    64.603   -27.904   -157.39     85.76      1.00
   2.09322   1.89129   1.99660   -47.555    57.744   -34.124   -157.38     87.06      1.00
   2.22734   0.86925   2.62528   -62.507    83.157   -20.138   -157.38    108.04      1.00
   2.52349   2.30748   5.36841   -68.131    49.117    -2.479   -157.36     83.96      1.00
   1.10097   0.94518   6.07660   -91.524    52.096   -10.273   -157.36    107.55      1.00
   4.35156   2.11891   1.95459   -89.209    72.668   -28.051   -157.35    119.89      1.00
   2.92599   1.19818   2.40055   -56.897    71.252   -38.021   -157.34    101.49      1.00
  -0.03196   2.94014   5.92019   -51.133    71.717    -2.746   -157.34     92.93      1.00
   2.94158   1.19395   2.40779   -57.021    71.083   -38.077   -157.33    101.43      1.00
   2.14701   1.89239   1.91202   -47.712    57.636   -33.904   -157.32     87.01      1.00
   1.55353   0.98620   4.69816   -88.955    43.648   -21.251   -157.32    100.38      1.00
   0.98171   1.15979  -0.00174   -55.025    45.570    -8.208   -157.31     74.27      1.00
   5.71030   0.56652   4.80210   -64.332    38.589   -10.456   -157.31     76.34      1.00
   4.13986   1.34211   2.60979   -89.143    67.672   -38.781   -157.29    121.15      1.00
   3.33273   1.65743   5.15264   -61.246    41.750   -28.447   -157.28     81.38      1.00
   5.32252   2.10435   0.28859   -71.042    46.052    -6.454   -157.25     85.63      1.00
   4.88876   2.06844   0.09417   -67.359    46.486    -7.490   -157.24     82.54      1.00
   1.35791   1.47294   1.09184   -88.380    50.868   -25.610   -157.17    109.36      1.00
   1.15306   1.14808   6.24221   -56.738    45.460    -6.312   -157.14     75.54      1.00
   0.41376   2.10355   3.62750   -61.901    68.471     3.871   -157.13     93.72      1.00
   2.74037   1.62399   0.06735   -51.704    50.900   -40.316   -157.13     85.60      1.00
   1.89861   1.25489   0.88088   -89.248    53.278   -22.448   -157.13    110.46      1.00
   4.95360   1.62315   0.96127   -77.571    48.317    -4.031   -157.12     91.58      1.00
   6.11191   0.37474   3.21800   -56.743    83.081   -22.146   -157.09    107.91      1.00
   4.93657   1.57832   4.66345   -49.260    70.693    -6.809   -157.04     90.78      1.00
   3.81528   2.12664   3.60780   -92.506    56.869   -14.668   -157.01    113.20      1.00
   2.93215   1.28442   5.20413   -52.030    51.341   -31.557   -157.01     82.47      1.00
   4.05795   1.83215   4.89895   -90.746    71.884   -24.008   -157.00    120.34      1.00
  -0.17995   0.50673   5.24445   -87.273    48.908   -15.011   -156.97     99.75      1.00
   5.78338   1.49571   1.45549   -45.849    60.213    -4.352   -156.94     78.42      1.00
   2.25094   1.61977   3.22772   -67.824    81.591   -30.101   -156.93    112.62      1.00
   1.38184   1.46966   4.19004   -45.418    57.921   -21.291   -156.93     76.23      1.00
   1.96119   1.33367   0.13748   -79.120    86.043   -15.731   -156.92    121.05      1.00
   2.22372   0.90912   0.53096   -80.554    51.313   -42.566   -156.89    108.45      1.00
   5.41500   2.64022   0.38249   -59.937    49.126    -4.687   -156.89     79.65      1.00
   2.15470   1.21296   0.71767   -82.710    50.435   -39.760   -156.87    108.57      1.00
   0.29955   0.68161   5.20954   -57.437    43.371   -31.036   -156.86     76.86      1.00
   1.92663   1.88874   0.02691   -53.696    45.115    -6.281   -156.84     73.22      1.00
   0.09785   0.59823   0.60852   -66.606    72.752     4.953   -156.82    100.61      1.00
   1.59573   1.64658   5.92525   -58.914    47.478    -4.957   -156.80     77.70      1.00
   4.98804   1.27679   1.85754   -82.360    58.857   -44.571   -156.79    111.66      1.00
   0.89772   0.69052   4.91808   -59.432    39.592   -30.031   -156.77     76.09      1.00
   2.82749   2.09570   4.33345   -44.995    64.990   -28.127   -156.76     86.42      1.00
   0.58253  -0.22170   4.45371   -74.125    41.205   -10.453   -156.70     84.89      1.00
   5.72334   0.86596   6.10364   -55.618    52.612   -37.117   -156.69     83.77      1.00
   1.39860   0.51907   5.27028   -58.244    46.424   -33.063   -156.69     81.81      1.00
   4.82757   1.49473   2.71985   -58.560    82.856   -31.327   -156.68    109.25      1.00
   2.09590   2.00555  -0.01597   -55.680    47.048    -4.916   -156.67     75.42      1.00
   5.99344   2.56146   4.08307   -60.387    84.523   -36.653   -156.64    111.24      1.00
   1.13278   1.77670   2.60647   -47.878    47.370   -25.248   -156.60     75.14      1.00
   0.76713   1.92174   2.55705   -58.496    51.709   -43.205   -156.59     90.90      1.00
   5.17786   0.92451   5.91292   -59.015    55.779   -43.586   -156.57     91.48      1.00
   0.34817   1.01921   4.55442   -44.748    54.998   -10.122   -156.55     71.73      1.00
   4.98073   0.69753   0.70775   -71.119    78.180     2.067   -156.54    105.16      1.00
   1.65579   2.07822   4.72938   -58.401    58.781     2.989   -156.53     82.56      1.00
  -0.19165   2.12476   2.50425   -88.729    47.578   -17.797   -156.52    103.19      1.00
   5.44810   1.56164   1.50819   -88.699    55.797   -13.218   -156.51    106.93      1.00
   5.71106   1.66841   0.24472   -64.842    48.523    -1.846   -156.51     82.03      1.00
   4.70028   0.79743   3.68186   -66.223    85.088   -18.500   -156.46    114.34      1.00
   2.80168   0.81963   3.25241   -69.304    41.555    -8.166   -156.43     81.90      1.00
   2.85798   1.09020   1.44840   -59.976    79.894   -31.221   -156.43    107.65      1.00
   4.77277   1.60865   2.59731   -59.102    84.595   -30.402   -156.41    110.30      1.00
   2.38586   1.72711   2.40808   -56.507    42.849   -27.617   -156.40     79.88      1.00
   3.42507   1.57313   3.45783   -66.682    82.977   -26.398   -156.36    113.49      1.00
  -0.09053   2.64103   4.24118   -60.358    85.072   -35.204   -156.36    111.01      1.00
   2.25865   1.84880   2.15601   -47.815    55.501   -34.669   -156.34     85.67      1.00
   3.75879   2.42896   0.08429   -60.809    45.259    -9.615   -156.34     76.50      1.00
   3.42109   1.10305   2.67163   -58.886    83.752   -21.711   -156.34    106.97      1.00
   3.18920   1.41471   1.05723   -84.892    53.689   -38.663   -156.33    109.60      1.00
   2.45449   2.59367   1.00387   -85.706    46.021   -17.067   -156.33    101.98      1.00
   0.85258   1.86573   0.62339   -60.786    82.280   -25.978   -156.33    109.00      1.00
   2.65579   2.84677   1.18705   -90.669    45.954   -18.428   -156.32    106.29      1.00
   2.65580   2.45447   0.74482   -86.796    65.370    -2.931   -156.31    111.13      1.00
   0.25603   0.63652   5.19429   -56.964    43.157   -31.181   -156.31     76.49      1.00
   4.15325   1.33880   2.50694   -88.761    67.061   -38.840   -156.31    120.34      1.00
   4.40072   0.13837   0.47980   -70.186    41.786    -8.373   -156.30     81.59      1.00
   2.70887   1.72183   6.38215   -94.585    61.632   -24.925   -156.29    117.29      1.00
   3.65390   2.44564   1.53726   -85.447    42.221   -17.644   -156.28     98.98      1.00
   6.20852   1.74400   0.50529   -59.144    48.669    -4.181   -156.26     79.05      1.00
   1.79180   2.02560   5.95905   -51.038    46.946   -31.883   -156.25     77.69      1.00
  -0.07458   2.54061   0.63871   -55.425    56.038     0.294   -156.24     82.55      1.00
   3.68691   1.92740   1.67519   -87.260    44.008   -20.749   -156.22    101.98      1.00
   0.77190   0.99404   0.32172   -90.262    55.397    -8.207   -156.20    108.88      1.00
   0.27697   2.46758   5.20358   -64.751    79.146    -0.188   -156.19    104.68      1.00
  -0.07256   0.54489   5.89071   -53.996    56.737   -38.587   -156.17     86.06      1.00
   0.80343   1.03876   2.00564   -87.144    76.857   -23.720   -156.14    122.83      1.00
   1.37075   2.24588   2.36369   -68.199    66.125     5.191   -156.11     99.08      1.00
   4.55006   1.51629   4.60185   -92.328    66.166   -10.719   -156.10    116.99      1.00
   0.36061   0.97078   5.78033   -60.285    85.746   -32.212   -156.09    108.88      1.00
   3.96162   1.27867   4.11799   -56.286    61.660   -41.937   -156.08     97.70      1.00
   0.74101   1.68269   1.53451   -64.073    85.112   -27.867   -156.08    114.34      1.00
   1.92969   1.90804   2.08439   -55.633    52.108   -40.066   -156.07     90.37      1.00
   0.09348   0.90641   3.41583   -68.778    46.410    -3.260   -156.07     85.78      1.00
   2.29273   1.30912   3.80803   -46.071    60.873    -9.678   -156.03     78.25      1.00
   0.53737   0.96447   1.03605   -70.947    85.168   -22.746   -156.02    116.85      1.00
   6.11356   0.54535   5.24866   -87.535    49.002   -15.471   -156.00    100.07      1.00
   4.95972   1.53554   4.65244   -49.084    70.613    -6.884   -156.00     90.61      1.00
   3.17049   1.24695   4.02582   -50.692    42.137   -24.735   -155.99     73.47      1.00
   3.94168   1.97754   6.09782   -70.413    44.922    -4.934   -155.99     83.88      1.00
   2.39939   1.74138   2.44146   -56.745    42.798   -27.914   -155.98     80.10      1.00
   1.90613   1.17684   3.41880   -72.472    83.808   -21.888   -155.95    113.79      1.00
   3.06234   0.18785   5.75895   -61.145    68.821     4.380   -155.94     97.14      1.00
   4.12149   1.28524   5.97842   -46.997    54.426   -30.959   -155.93     80.18      1.00
   4.83290   1.64156   2.24887   -91.096    66.275   -19.800   -155.93    116.55      1.00
  -0.13307   1.44071   1.36108   -88.935    78.862   -19.929   -155.89    122.96      1.00
   4.70691   0.94871   5.71121   -51.139    55.836   -35.681   -155.86     84.96      1.00
  -0.20798   2.66032   4.12862   -60.053    85.046   -35.014   -155.84    110.88      1.00
   4.24910   2.83844   4.55543   -52.293    68.374    -2.612   -155.84     90.87      1.00
   3.93990   0.61469   1.04182   -55.591    61.429     2.336   -155.82     83.12      1.00
   3.61522   2.40035   1.48118   -85.040    42.365   -18.084   -155.82     98.73      1.00
   1.82110   2.83965   1.87464   -68.577    72.740     2.270   -155.78    104.89      1.00
   1.33875   1.58681   4.10605   -44.525    57.948   -26.105   -155.77     77.32      1.00
   1.89629   1.89639   1.99505   -55.440    52.779   -40.216   -155.76     90.83      1.00
   3.05840   1.25530   5.56091   -52.845    51.923   -32.626   -155.74     84.05      1.00
   5.19854   0.89109   5.83079   -58.879    56.507   -43.532   -155.74     91.93      1.00
   2.82550   1.03573   1.24042   -62.162    82.067   -30.363   -155.73    110.44      1.00
   4.44120   1.78308   3.56922   -56.720    77.357   -29.847   -155.72    104.93      1.00
   1.95402   1.85008   0.85579   -90.643    56.373   -24.760   -155.71    113.46      1.00
   4.55036   1.52801   4.62211   -92.349    66.410   -10.758   -155.70    117.12      1.00
   6.00995   2.54313   4.09492   -60.497    84.465   -36.975   -155.69    111.33      1.00
   4.55918   0.99524   0.56704   -64.190    72.494     3.509   -155.69     96.59      1.00
   2.56948   1.58499   6.39987   -94.386    61.797   -22.908   -155.68    117.26      1.00
   5.63843   1.66246   1.96019   -89.855    53.224   -28.605   -155.67    109.76      1.00
   3.68669   1.93727   1.75895   -87.951    44.232   -20.659   -155.65    102.81      1.00
   0.99795   0.53851   5.31281   -50.781    52.026   -30.308   -155.64     78.21      1.00
   0.47831   1.38303   5.80329   -72.925    43.824    -6.488   -155.62     85.80      1.00
   3.75390   1.45662   1.34225   -86.739    56.253   -37.564   -155.61    110.97      1.00
   4.98490   1.09348   3.78603   -49.958    46.253   -40.718   -155.59     83.21      1.00
   3.55964   2.50848   0.69650   -90.696    53.439   -28.744   -155.58    109.33      1.00
   2.95749   1.37544   6.01789   -64.939    43.879   -35.856   -155.57     88.65      1.00
   5.43486   0.99808   1.91334   -84.923    50.392   -35.381   -155.57    107.02      1.00
   4.61608   1.50764   3.81019   -88.116    57.565    -4.583   -155.54    109.41      1.00
   4.18422   2.12704  -0.33942   -57.158    75.985     3.575   -155.53     96.54      1.00
   2.71206   1.49068   4.33483   -91.891    58.413   -32.165   -155.52    114.47      1.00
  -0.11173   1.45707   1.35262   -88.913    78.919   -19.742   -155.52    122.98      1.00
   1.61540   2.24552   5.74873   -60.807    44.126    -9.783   -155.52     77.00      1.00
   3.74093   0.23910   1.29789   -73.813    40.861   -10.652   -155.49     84.50      1.00
   0.06219   2.63745   5.57080   -56.638    79.674    -3.504   -155.46    101.46      1.00
   6.18620   0.84150   3.25263   -65.950    44.813    -4.264   -155.46     83.54      1.00
   1.43410   2.60740   3.11102   -70.622    38.263   -10.224   -155.44     81.77      1.00
   4.49110   2.47400   5.20252   -87.340    73.933   -36.752   -155.42    121.80      1.00
   2.21557   1.62678   3.27116   -67.647    81.591   -30.162   -155.38    112.41      1.00
   3.94410   1.05018   2.79504   -76.768    41.204   -10.352   -155.38     90.34      1.00
   1.75844   1.49696   0.23904   -85.443    55.366    -7.133   -155.37    105.38      1.00
   4.82623   1.64105   2.62537   -59.407    84.245   -30.993   -155.37    110.36      1.00
   2.20267   0.59367   4.71507   -60.261    42.329   -30.332   -155.34     80.87      1.00
   5.46959   1.84922   5.24707   -46.408    67.486   -15.315   -155.33     85.82      1.00
   3.61904   2.41601   1.53003   -85.670    42.569   -18.100   -155.33     99.46      1.00
   0.37923   1.06256   4.56916   -45.321    55.292    -9.743   -155.33     72.16      1.00
   4.18838   1.98627   5.52065   -60.397    44.098   -34.353   -155.31     83.38      1.00
   2.12919   0.63848   4.51712   -59.355    42.333   -29.944   -155.31     79.42      1.00
   1.64378   1.31537   3.11514   -60.164    77.737   -30.493   -155.29    104.90      1.00
   0.75873   0.80717   5.04590   -85.134    41.555    -9.921   -155.29     93.89      1.00
   0.74924   2.11874   5.13199   -74.196    74.341     4.818   -155.29    105.95      1.00
   4.93163   1.91339   5.00766   -85.512    83.899   -30.354   -155.27    125.67      1.00
   2.13669   1.80408   1.98306   -46.706    57.457   -33.894   -155.27     86.27      1.00
   2.02692   2.15972   4.89198   -60.347    55.957     3.224   -155.26     82.17      1.00
   3.75511   0.59568   4.98163   -63.420    36.104    -5.650   -155.26     77.23      1.00
   3.05057   1.27310   5.55908   -52.863    51.756   -32.584   -155.24     83.89      1.00
   1.62608   0.54962   2.86401   -59.441    81.935   -20.235   -155.23    105.19      1.00
   5.32227   1.88620   5.18934   -46.686    67.425   -16.389   -155.22     86.44      1.00
   0.22822   0.32235   3.93460   -63.027    85.938   -17.665   -155.21    110.03      1.00
   1.68431   2.61797   0.90668   -91.954    53.465   -18.335   -155.20    111.69      1.00
   0.76122   0.81398   5.06584   -85.427    41.648   -10.062   -155.18     94.24      1.00
   2.24178   1.59800   5.93476   -51.940    51.212   -37.756   -155.16     84.23      1.00
  -0.28970   2.58603   0.44569   -51.136    58.512    -1.380   -155.15     81.41      1.00
   1.91932   1.03970   3.60064   -70.968    84.794   -22.937   -155.14    113.34      1.00
   1.66643  -0.06645   3.15074   -70.091    42.052    -8.169   -155.10     81.69      1.00
   5.06689   0.41777   3.33655   -66.595    86.095   -19.596   -155.09    115.56      1.00
   1.36608   2.79250   2.44138   -61.743    78.142    -0.372   -155.09    103.25      1.00
   1.88972   1.90685   2.00631   -55.451    52.625   -40.083   -155.06     90.66      1.00
   2.24624   0.88918   2.63653   -62.072    83.081   -20.031   -155.04    107.72      1.00
   3.67029   2.20431   1.43886   -85.349    43.353   -19.714   -155.03     99.53      1.00
   2.12340   1.09815   0.91949   -82.946    52.724   -41.336   -155.02    110.57      1.00
   5.32530   1.62079   0.16139   -55.148    48.285   -37.877   -155.00     81.79      1.00
   3.69748   1.93566   1.76496   -88.260    44.316   -20.546   -154.96    103.09      1.00
   0.04508   2.63738   5.55298   -56.627    79.704    -3.540   -154.95    101.48      1.00
   4.81923   0.87943   5.72414   -54.545    50.142   -36.003   -154.94     83.09      1.00
   5.03098   2.45007   0.58120   -70.161    84.103   -30.886   -154.93    113.89      1.00
   4.82583   1.65286   2.25936   -91.099    66.447   -20.127   -154.93    116.71      1.00
   3.58994   0.51275   5.97881   -52.497    49.401   -33.610   -154.91     83.38      1.00
   3.49341   0.52120   6.02201   -52.077    49.551   -33.479   -154.86     83.28      1.00
   1.36776   2.09353   5.49665   -52.730    54.898    -2.271   -154.86     76.97      1.00
   2.72372   1.35622   0.62401   -89.749    56.534   -28.418   -154.85    112.56      1.00
   3.81100   2.08154   3.57631   -92.121    56.098   -14.144   -154.85    112.42      1.00
   4.71447  -0.14379   6.66067   -76.571    40.499   -12.054   -154.85     86.56      1.00
   1.81923   1.18126   0.61767   -91.229    60.077   -20.398   -154.83    115.13      1.00
   3.78172   0.59300   4.94528   -63.222    36.050    -5.806   -154.82     77.08      1.00
   0.06204  -0.05658   4.75827   -71.215    42.393    -9.714   -154.81     83.08      1.00
   5.17431   1.49427   3.23514   -58.801    42.837   -11.562   -154.80     77.76      1.00
   5.75459   1.06238   0.17071   -50.332    54.682   -38.341   -154.78     82.61      1.00
   3.21653   0.15274   5.53884   -60.470    70.241     4.184   -154.77     97.84      1.00
   3.70285   2.42448   0.01646   -59.959    46.116    -8.255   -154.76     76.25      1.00
   5.00469   0.93748   3.45623   -68.458    84.622   -17.296   -154.75    115.04      1.00
   4.78391   1.53761   2.57662   -59.174    84.638   -30.193   -154.75    110.33      1.00
   0.22689   0.86545   3.23141   -66.831    46.241    -3.328   -154.74     84.40      1.00
   3.14269   1.29584   0.20566   -78.259    86.632   -13.657   -154.73    119.52      1.00
   4.97664   1.56500   4.66329   -49.328    70.420    -6.831   -154.71     90.54      1.00
   3.81802   1.84357   2.49550   -56.324    81.657   -26.973   -154.67    106.09      1.00
   0.73895   1.53579   1.53890   -63.196    85.652   -26.995   -154.66    114.21      1.00
   5.11341   2.30408   2.88925   -60.887    43.945   -35.089   -154.65     84.39      1.00
   2.35658   2.66226   0.78679   -85.493    44.924   -16.634   -154.64    100.92      1.00
   0.93513   1.16303   2.16017   -87.013    77.398   -23.192   -154.60    122.67      1.00
   5.57337   0.97024   5.87539   -57.222    49.287   -36.520   -154.59     82.75      1.00
   0.52297   0.97966   1.04821   -70.924    85.173   -22.774   -154.58    116.84      1.00
   5.89654   0.58175   5.46835   -87.627    49.519   -14.534   -154.56    100.30      1.00
   0.17193   0.64117   0.51173   -66.948    72.579     5.062   -154.54    100.65      1.00
   3.95561   2.00159   5.22111   -60.761    42.127   -32.571   -154.53     82.38      1.00
   0.50779   2.35576   5.87601   -75.050    44.324    -9.975   -154.50     90.21      1.00
   5.39944   0.79089   4.70016   -62.552    84.852   -20.607   -154.48    109.95      1.00
   2.88865   1.92629   2.08739   -50.820    49.919   -32.790   -154.48     82.53      1.00
   6.00893   1.83353   3.95443   -91.239    55.711    -8.977   -154.47    108.63      1.00
   0.12503   0.31569   2.92427   -56.689    83.311   -23.125   -154.47    108.35      1.00
   5.27073   1.67058   0.15186   -55.784    47.961   -37.787   -154.47     82.03      1.00
   3.18085   1.46171   3.98049   -91.912    57.646   -18.549   -154.45    112.20      1.00
   3.28545   1.71973   6.02649   -96.868    56.897   -12.328   -154.45    113.47      1.00
   3.28041   1.24495   3.79962   -48.380    42.938   -24.392   -154.45     72.46      1.00
   4.21135   1.56967   1.40625   -86.015    52.542   -35.670   -154.44    107.37      1.00
   4.10272   1.57045   5.70445   -52.157    55.076   -36.508   -154.43     85.96      1.00
   3.16788   2.42266   6.10595   -61.969    46.769    -6.243   -154.41     78.15      1.00
   0.99431   0.88900   1.91618   -91.084    68.814   -18.081   -154.41    119.79      1.00
   3.82204   2.30955   3.52861   -73.864    78.450     0.336   -154.38    112.47      1.00
   5.15929   2.24928   4.17975   -69.327    73.720     5.275   -154.37    105.58      1.00
   2.84788   1.40329   1.23893   -86.165    52.174   -36.186   -154.36    109.79      1.00
   3.11004   1.30964   0.24974   -78.070    86.719   -13.753   -154.33    119.51      1.00
   3.23721   1.31201   3.92565   -50.016    42.464   -25.390   -154.30     73.61      1.00
   2.79996   2.12257   4.39408   -44.448    64.534   -27.864   -154.28     85.52      1.00
   3.23253   1.28984   3.98132   -50.592    42.168   -25.657   -154.28     73.90      1.00
   6.19089   0.91369   1.06961   -85.224    58.509   -42.947   -154.28    113.65      1.00
   2.50491   1.10670   2.81967   -65.436    81.664   -23.366   -154.23    109.33      1.00
   3.98819   2.45788   3.71076   -73.440    77.486     0.638   -154.23    111.51      1.00
   1.39981   2.52766   2.27082   -70.751    69.109     3.441   -154.20    102.88      1.00
   4.98626   2.31585   2.88073   -59.996    43.809   -34.221   -154.17     83.56      1.00
  -0.14351   2.00167   5.00426   -55.811    75.088    -2.324   -154.16     95.69      1.00
   1.86287   0.48733   4.84978   -57.362    48.811   -36.371   -154.14     84.30      1.00
   2.09380   1.86911   1.81883   -47.698    58.337   -33.591   -154.14     87.43      1.00
   5.98420   1.88658   1.00910   -57.671    46.627    -5.034   -154.14     76.68      1.00
   1.56372   2.08831   2.78862   -68.574    69.090     5.355   -154.10    100.63      1.00
   3.17827   1.25754   0.16594   -78.714    86.289   -13.053   -154.09    119.51      1.00
   3.75719   1.68681   2.25822   -57.792    84.362   -25.743   -154.08    108.17      1.00
   4.63180   0.83245   0.46179   -64.861    71.719     3.896   -154.07     96.42      1.00
   5.48050   2.51045   1.05316   -70.067    45.443    -8.008   -154.06     84.64      1.00
   4.13147   1.34225   5.39092   -53.027    59.579   -38.457   -154.03     91.26      1.00
   1.64600   1.58045   5.83444   -57.366    47.060    -5.567   -154.03     76.07      1.00
   0.19018  -0.00785   4.62836   -71.551    42.405    -9.389   -154.01     83.26      1.00
   2.52121   2.51271   1.32631   -91.064    49.271   -21.713   -154.01    109.34      1.00
   1.56531   2.11230   2.70765   -67.210    68.020     5.186   -154.01     99.17      1.00
   5.07068   2.11027  -0.29792   -58.269    77.630   -33.735   -154.00    103.81      1.00
   2.03019   1.75891   0.89666   -90.304    56.925   -25.677   -153.99    113.69      1.00
   4.44401   2.20369   2.21822   -48.419    48.427   -27.421   -153.97     75.62      1.00
   3.41717   1.17056   2.55209   -59.582    85.341   -19.233   -153.94    108.18      1.00
   4.93158   1.55153   4.63236   -49.239    70.655    -6.908   -153.94     90.80      1.00
   1.44201   1.98020   5.56916   -52.565    53.945    -2.083   -153.94     76.23      1.00
   5.94474   2.02160   0.69614   -60.498    49.686    -3.191   -153.91     80.60      1.00
   3.20846   2.71028   3.34110   -73.289    78.862    -1.267   -153.88    112.22      1.00
  -0.09997   1.55900   5.09193   -90.989    50.876   -23.673   -153.86    106.34      1.00
   1.90971   1.28570   4.54694   -89.620    46.037   -27.263   -153.86    103.68      1.00
   4.71963   3.07541   5.21474   -60.402    82.883    -2.608   -153.83    106.95      1.00
   0.78545   1.89586   2.56646   -58.682    51.251   -43.133   -153.82     90.75      1.00
   1.64734   0.87279   4.52755   -87.846    42.337   -20.446   -153.80     98.69      1.00
   3.74885   2.06225   1.23234   -91.166    61.800   -21.425   -153.79    113.26      1.00
   1.68828   1.44094   4.07309   -45.477    58.223   -22.464   -153.71     77.30      1.00
   3.53870   2.49489   0.74494   -91.075    54.366   -28.850   -153.70    110.26      1.00
   3.13438   2.67805   3.29989   -73.750    78.883    -1.457   -153.67    112.51      1.00
   2.01315   2.23253   5.24800   -81.400    67.477   -47.508   -153.65    115.31      1.00
   3.91676   1.17392   4.04225   -56.724    62.752   -42.209   -153.63     98.80      1.00
   1.51202   2.02127   5.59451   -52.964    53.939    -1.490   -153.63     76.55      1.00
   0.00084   0.57618   0.68915   -66.306    71.952     5.041   -153.61     99.81      1.00
   1.47035   1.62865   4.19167   -45.160    57.720   -26.342   -153.59     77.55      1.00
   0.06621   1.21582   1.83662   -60.702    79.030   -34.781   -153.58    109.02      1.00
   2.71292   1.71068   1.95041   -47.933    51.122   -32.014   -153.54     81.21      1.00
   3.16551   2.69687   3.32202   -73.653    78.840    -1.379   -153.54    112.42      1.00
   1.75789   2.52601   0.98955   -92.186    54.070   -19.972   -153.54    112.54      1.00
   4.87349   0.06011   6.20323   -69.765    42.196    -8.147   -153.51     81.54      1.00
   4.42275   2.06631   3.97014   -77.741    86.135   -20.907   -153.51    122.19      1.00
   1.74241   1.75248   5.26830   -61.738    52.373     0.571   -153.50     81.09      1.00
   3.16464   1.59263   5.09063   -59.500    41.067   -24.860   -153.49     78.52      1.00
   0.72685   1.66406   1.50980   -64.415    85.267   -27.454   -153.44    114.55      1.00
   5.49422   0.66157   4.60798   -62.033    84.891   -19.332   -153.43    109.54      1.00
   4.91831   1.12651   5.76641   -50.047    60.561   -36.690   -153.41     87.35      1.00
   0.56980   0.62388   1.40716   -66.351    85.891   -23.987   -153.40    115.76      1.00
   5.56060   1.84476   4.70655   -92.743    61.691   -27.099   -153.39    115.81      1.00
   3.15295   1.23907   4.00292   -50.321    42.269   -24.501   -153.39     73.16      1.00
   3.64775   1.49620   0.88029   -80.793    57.218   -45.790   -153.38    109.91      1.00
   4.99283   1.65814   1.08689   -92.980    59.976   -19.822   -153.35    112.24      1.00
   4.97183   0.70525   0.74384   -70.617    78.544     2.109   -153.34    105.13      1.00
   3.01530   2.24125   3.39952   -66.251    80.779   -38.578   -153.31    115.22      1.00
   4.98318   1.65360   1.08252   -92.925    59.993   -19.659   -153.31    112.17      1.00
   5.84317   1.16531   0.82926   -90.200    55.693    -5.226   -153.30    107.34      1.00
   4.58002   0.96601   0.55032   -64.363    72.256     3.587   -153.28     96.51      1.00
   4.82792   2.58594   3.64470   -57.813    79.405   -35.386   -153.28    107.59      1.00
   4.72429   2.83145   0.33334   -69.477    46.871    -4.348   -153.27     84.43      1.00
   1.96997   1.77691   2.24190   -57.210    44.242   -32.943   -153.25     83.41      1.00
   1.22315   2.14568   3.13115   -65.188    73.359     1.935   -153.24    100.18      1.00
   3.33514   1.04811   2.62595   -60.344    84.598   -21.316   -153.23    108.16      1.00
   3.16956   0.92350   1.32920   -64.704    85.888   -19.435   -153.22    111.22      1.00
   4.10717   1.84416   4.89020   -90.936    71.895   -23.417   -153.21    120.41      1.00
   4.15814   1.46276   3.18377   -63.835    44.052    -6.470   -153.21     81.93      1.00
   6.03145   2.35086   3.80843   -68.460    66.833     5.728   -153.17     98.09      1.00
   2.96183   1.47084   0.65703   -81.882    48.081   -37.125   -153.15    104.29      1.00
   0.89899   1.38641   0.07048   -68.905    49.273    -2.390   -153.14     87.34      1.00
   2.08858   1.68561   5.78546   -52.093    48.378   -33.943   -153.14     80.32      1.00
   0.13387   0.33048   2.95256   -56.033    83.072   -22.820   -153.14    107.69      1.00
   1.51521   1.09744   0.28348   -79.787    84.301    -6.587   -153.13    119.82      1.00
   0.01886   2.70639   4.30705   -60.152    85.404   -33.780   -153.11    110.66      1.00
   1.73823   1.76777   5.25561   -61.710    52.538     0.608   -153.11     81.15      1.00
  -0.03600   2.53425   4.07025   -57.070    73.063     0.345   -153.08     94.56      1.00
   4.41545   3.02092   4.94059   -59.816    82.545    -2.682   -153.07    106.28      1.00
   5.05940   1.34815   0.87993   -83.769    51.309    -6.286   -153.06     98.34      1.00
  -0.08474   1.78517   0.51252   -59.495    48.607    -4.076   -153.04     79.32      1.00
  -0.12797   2.69232   4.20381   -59.870    85.159   -34.445   -153.02    110.65      1.00
   2.66072   1.55190   5.13414   -59.062    50.473   -43.129   -153.01     90.44      1.00
   5.35893   1.84759   5.10803   -47.098    66.407   -13.759   -153.01     85.47      1.00
   1.50522   2.87821   0.64153   -61.996    78.994    -0.132   -153.00    104.77      1.00
   1.50956   1.09828   0.27007   -79.933    84.089    -6.613   -152.97    119.73      1.00
   3.84708   1.91811   6.05377   -69.290    44.849    -4.441   -152.96     83.03      1.00
   5.95560   2.55488   4.40355   -69.635    72.333     3.397   -152.96    103.35      1.00
   2.41515   1.30838   4.21918   -88.052    49.165   -25.206   -152.92    104.21      1.00
   5.01452   1.86584   5.02819   -46.621    64.095   -32.643   -152.92     88.46      1.00
  -0.03798   2.53873   4.05179   -57.169    73.187     0.397   -152.91     94.71      1.00
   4.93428   2.01693   1.04923   -82.732    52.572    -9.264   -152.88     98.48      1.00
   0.51911   1.34327   5.78084   -72.946    43.241    -6.934   -152.85     85.47      1.00
   0.53727   0.96156   1.05616   -70.651    84.932   -23.206   -152.85    116.62      1.00
   1.37913   1.97684   4.52487   -57.886    61.064     3.121   -152.83     83.80      1.00
   0.06810   2.32782   1.61678   -62.322    40.606    -8.456   -152.83     77.13      1.00
   1.33734   2.52963   2.22849   -71.000    68.717     3.524   -152.83    102.76      1.00
   1.50541   2.40377   1.46191   -63.289    74.780     2.158   -152.83    103.25      1.00
   2.42996   1.11152   0.81028   -84.310    53.343   -39.332   -152.79    110.77      1.00
   1.51188   1.10806   0.29148   -79.754    84.324    -6.638   -152.78    119.82      1.00
   5.87708   0.47292   0.41863   -49.599    51.581   -31.838   -152.77     77.90      1.00
   5.95354   0.71575   2.03570   -80.670    48.763   -43.242   -152.75    106.87      1.00
   5.92560   1.44719   1.38539   -88.312    56.104   -10.766   -152.72    107.35      1.00
   3.31132   1.84915   6.07105   -97.258    58.056   -12.986   -152.70    114.22      1.00
   0.19163   2.62640   5.67958   -56.911    79.587    -2.763   -152.69    101.50      1.00
   1.47204   1.99340   4.74543   -57.096    60.818     2.951   -152.65     83.10      1.00
   2.78906   2.16467   4.53913   -43.648    63.579   -27.619   -152.64     83.98      1.00
  -0.00984   1.24916   1.97733   -88.224    47.159   -24.666   -152.63    106.00      1.00
   5.32291   1.34771   0.79404   -77.275    49.245     1.161   -152.60     92.03      1.00
   2.57565   0.95640   4.22666   -59.597    43.834   -35.060   -152.58     83.26      1.00
   4.84295   1.15906   1.50161   -87.515    56.015   -35.757   -152.55    110.29      1.00
   0.01833   1.59451   5.70210   -92.686    70.502   -28.995   -152.54    119.79      1.00
   6.04434   2.38668   3.77250   -68.643    66.396     5.380   -152.51     97.80      1.00
   0.53858   2.35511   5.90611   -75.168    44.570   -10.125   -152.50     90.48      1.00
   5.78119   2.68623   0.36922   -51.561    56.854    -2.640   -152.49     80.24      1.00
   0.62396   0.81906   5.10456   -65.457    90.120   -27.773   -152.48    113.64      1.00
   2.95139   2.80218   5.30383   -73.923    42.516   -10.948   -152.48     85.54      1.00
   2.79765   2.16268   4.54260   -43.679    63.668   -27.541   -152.46     84.05      1.00
   4.45151   2.08500   4.07948   -76.954    86.573   -20.860   -152.44    121.93      1.00
   3.56477   1.63109   0.75312   -86.776    54.645    -4.014   -152.43    103.36      1.00
   0.33972   0.99221   5.26708   -65.368    88.648   -31.538   -152.43    113.43      1.00
   1.58846   0.62573   5.43529   -57.119    46.030   -32.604   -152.42     81.45      1.00
   3.24527   1.16116   3.89830   -48.886    42.445   -23.338   -152.39     72.02      1.00
   1.02666   0.45192   5.32336   -54.341    51.417   -33.750   -152.37     81.66      1.00
   5.85414   0.55702   5.50893   -87.586    49.596   -14.090   -152.36    100.26      1.00
   2.66744   1.92597   1.99574   -50.213    51.323   -33.493   -152.35     83.58      1.00
   3.09437   2.66491   3.23687   -73.692    79.006    -1.576   -152.34    112.59      1.00
   1.76861   2.02258   0.85377   -84.205    48.880   -13.604   -152.33    102.42      1.00
   5.28539   0.84096   2.77956   -83.421    67.812   -42.650   -152.32    119.19      1.00
   5.91354   2.24574   4.55460   -83.825    54.629   -43.789   -152.32    109.84      1.00
   0.14441   2.65707   5.61747   -57.035    79.199    -2.849   -152.30    101.30      1.00
   1.23521   1.27148   4.49336   -91.972    58.695   -14.393   -152.29    108.57      1.00
   2.84905   2.06437   4.37654   -45.254    65.012   -28.422   -152.29     86.65      1.00
   1.51574   1.10079   0.28869   -79.894    84.102    -6.619   -152.27    119.76      1.00
   0.88908   1.21742   4.62508   -90.277    57.519    -8.413   -152.25    105.96      1.00
   2.02530   2.18270   0.21484   -56.077    46.680    -4.463   -152.25     76.01      1.00
  -0.15535   2.53092   0.58612   -54.843    55.778    -0.164   -152.24     81.84      1.00
   1.34681   2.03317   5.77096   -78.302    73.114   -45.033   -152.23    116.77      1.00
   4.75740   1.40973   2.72580   -57.709    82.752   -30.486   -152.18    108.56      1.00
   3.24768   0.16986   5.54675   -60.890    69.307     4.331   -152.18     97.38      1.00
   3.89221   2.09793   4.05208   -87.183    52.693   -36.101   -152.15    110.95      1.00
   1.58061   0.97493   0.78265   -87.316    49.590   -27.598   -152.15    108.32      1.00
   4.78365   1.94589   6.03085   -60.375    48.603   -42.431   -152.15     88.25      1.00
   5.09762   2.17802   4.12930   -70.259    74.565     5.663   -152.11    106.94      1.00
   3.39351   1.08121   2.62068   -59.449    84.821   -20.284   -152.10    107.72      1.00
   5.09129   2.06447   2.66878   -56.665    39.760   -20.782   -152.05     74.51      1.00
   5.83169   2.56022   4.30531   -69.956    72.920     3.282   -152.00    104.14      1.00
   5.80246   0.55541   4.69060   -64.073    38.684   -10.887   -151.97     76.29      1.00
   3.85967   2.10867   4.01767   -86.739    52.187   -36.445   -151.96    110.47      1.00
   1.75822   1.73526   5.27275   -61.800    52.239     0.570   -151.96     81.07      1.00
   0.65761   0.87474   0.13445   -88.058    51.879    -7.509   -151.95    104.35      1.00
   3.68415   1.82818   1.80627   -88.573    44.662   -20.804   -151.94    103.55      1.00
   0.29607   1.32423   3.05060   -43.864    51.283   -26.476   -151.93     75.56      1.00
   4.26057   1.90755   5.57180   -61.909    45.430   -36.827   -151.92     86.10      1.00
   0.89197   1.89412   3.35701   -71.802    77.221     1.346   -151.89    106.77      1.00
   1.56027   2.26948  -0.54348   -60.542    44.431    -9.169   -151.88     76.94      1.00
   3.61790   1.87985   0.99179   -85.838    50.125   -29.863   -151.87    104.74      1.00
   0.98782   2.83713   3.48901   -53.264    75.872    -2.787   -151.87     93.62      1.00
   3.14418   2.35278   1.35169   -48.118    51.712   -33.236   -151.87     80.69      1.00
   0.16220   2.61465   5.67917   -56.591    80.185    -3.371   -151.86    101.81      1.00
   0.64992   0.29094   1.78273   -58.760    68.959     4.181   -151.81     96.21      1.00
  -0.16276   0.36948   2.80317   -60.182    79.231   -33.213   -151.80    109.84      1.00
  -0.93806   3.33013   3.82549   -91.227    45.797   -17.467   -151.79    106.29      1.00
   4.39017   1.97215   1.70453   -91.085    71.177   -28.658   -151.73    119.98      1.00
   4.85465   2.28979   4.45873   -68.857    81.963   -31.539   -151.73    115.09      1.00
   1.84608   2.14036   0.86652   -91.347    55.867   -23.133   -151.73    113.38      1.00
   5.36126   1.91760   0.30391   -60.125    49.692    -2.217   -151.71     79.07      1.00
   0.92530   0.96226   5.52236   -73.061    38.892   -10.511   -151.70     83.28      1.00
   5.01697   1.83591   4.94952   -86.309    83.431   -28.615   -151.68    125.48      1.00
   5.55708   2.67476   2.93580   -94.643    68.500   -31.291   -151.67    121.41      1.00
   2.88132   2.05464   4.31743   -45.630    65.171   -28.389   -151.65     87.14      1.00
   6.28235   0.61441   0.66547   -65.888    71.721     5.413   -151.62     99.33      1.00
   0.79041   1.56504   1.92368   -58.116    83.158   -28.443   -151.61    109.78      1.00
   5.48005   1.83930   2.59337   -90.831    67.764   -13.995   -151.60    116.52      1.00
   3.21806   2.70450   3.33400   -73.424    78.576    -1.226   -151.59    112.12      1.00
   0.29202   2.12880   3.49413   -62.666    68.936     4.383   -151.56     94.87      1.00
   0.79246   1.86723   2.56076   -58.650    51.201   -43.269   -151.55     90.83      1.00
   6.16267   1.56164   5.11571   -91.035    51.317   -23.553   -151.55    106.59      1.00
   4.73847   1.36972   2.78104   -56.959    82.251   -30.230   -151.54    107.84      1.00
   1.47702   2.86908   1.50751   -68.447    73.270     1.830   -151.54    105.13      1.00
   1.03927   2.89345   6.45791   -90.346    50.420   -13.451   -151.53    107.74      1.00
   2.50151   1.24939   0.67208   -89.262    56.555   -29.692   -151.52    113.03      1.00
   6.11965   1.29552   1.33740   -89.403    55.502   -24.387   -151.52    110.23      1.00
   5.71211   2.06026   5.23020   -49.425    74.491   -11.960   -151.51     92.89      1.00
   0.08895   2.31867   1.65488   -62.453    40.646    -8.293   -151.49     77.27      1.00
   3.53190   1.69437   4.10343   -73.115    84.183   -32.436   -151.49    119.75      1.00
   4.39438   2.02223   4.34513   -93.268    66.580   -32.606   -151.45    122.06      1.00
   3.49112   0.58078   5.99967   -52.140    49.338   -33.067   -151.45     82.98      1.00
   0.75752   2.31967   2.96531   -58.424    67.153     3.805   -151.45     91.23      1.00
   0.49685   0.88259   3.31418   -60.039    45.227    -5.855   -151.44     77.87      1.00
   5.01823   1.93408   5.10784   -84.888    84.478   -29.347   -151.43    125.22      1.00
   2.64572   1.22765   0.77173   -68.217    85.899   -28.237   -151.42    116.72      1.00
   1.53519   1.10121   0.25781   -80.203    84.033    -6.554   -151.42    119.86      1.00
   4.76495   1.92387   4.45829   -89.400    55.158   -33.602   -151.41    112.63      1.00
   2.16087   2.92518   0.68094   -91.554    46.288   -17.785   -151.41    106.92      1.00
  -0.13290   0.54691   5.43225   -54.250    40.055   -23.013   -151.41     70.01      1.00
   0.15401   1.57809   0.28432   -66.431    46.821    -5.723   -151.39     83.51      1.00
   1.48276   0.98415   3.87931   -71.609    86.251   -26.363   -151.38    114.88      1.00
   1.83963   1.58545   2.89407   -54.419    68.579     2.871   -151.37     90.76      1.00
   3.07765   0.95038   1.73404   -66.121    87.560   -16.710   -151.32    112.86      1.00
   1.47267   1.59801   4.18843   -45.314    57.987   -27.183   -151.29     78.11      1.00
   4.25534   1.50445   4.20831   -93.484    57.455   -26.337   -151.27    116.05      1.00
   0.29188   1.35839   2.98515   -43.565    52.015   -26.651   -151.27     76.04      1.00
   1.59957   3.07125   3.86998   -75.207    41.970   -12.580   -151.25     86.69      1.00
   0.92881   1.02511   5.53757   -73.586    39.318   -10.498   -151.24     84.00      1.00
   2.32943   1.81334   3.57113   -61.918    78.981   -35.422   -151.22    108.57      1.00
   5.82860   1.95410   3.76884   -65.657    36.404   -27.183   -151.21     81.00      1.00
  -0.09306   0.89429   1.06266   -84.846    58.717   -43.159   -151.21    113.55      1.00
   2.59397   0.84841   3.47861   -70.996    41.490    -7.441   -151.21     82.94      1.00
   5.13404   3.21722   1.14120   -75.028    42.336   -12.277   -151.20     86.65      1.00
   5.66204   0.67735   5.77659   -88.442    51.248   -13.978   -151.18    101.83      1.00
   5.93109   2.24958   4.58249   -83.850    54.914   -43.746   -151.16    109.98      1.00
   1.56656   2.25454   5.74028   -60.514    44.462    -9.295   -151.14     76.93      1.00
   4.76918   1.43260   2.76918   -56.993    82.344   -30.319   -151.13    107.89      1.00
   1.80883   1.01316   0.75429   -88.600    50.202   -25.044   -151.12    108.99      1.00
   5.83687   2.65884   3.62119   -58.041    73.745     0.986   -151.11     95.98      1.00
   2.84780   1.99290   6.16065   -51.817    47.982   -41.620   -151.09     83.35      1.00
   5.68427   0.67985   5.75613   -88.460    51.220   -14.077   -151.09    101.84      1.00
   3.06559   1.94336   0.86752   -88.509    52.636   -27.277   -151.08    108.50      1.00
  -0.16899   0.68580   1.84440   -80.803    49.343   -42.314   -151.07    106.91      1.00
   4.83218   1.83165   3.91866   -67.765    81.955   -27.619   -151.06    113.91      1.00
   0.49323   0.64953   1.70384   -89.845    49.935   -20.929   -151.06    109.05      1.00
   3.11043   1.68596   1.92845   -57.759    76.891   -35.168   -151.06    105.67      1.00
   1.17074   0.46955   5.43730   -58.469    44.106   -29.752   -151.04     79.25      1.00
   0.04388   1.69343   0.42498   -58.035    49.038    -3.608   -151.03     78.52      1.00
   2.06001   1.21337   0.83732   -90.305    54.064   -22.093   -151.02    111.49      1.00
   0.47905   2.05480   3.46924   -60.864    67.896     4.616   -151.00     92.88      1.00
   3.82301   1.46287   1.33282   -86.615    55.946   -37.368   -150.96    110.52      1.00
   2.71675   0.75387   2.85356   -58.616    43.273    -7.541   -150.94     73.93      1.00
  -0.13220   2.55390   4.24869   -60.421    84.562   -36.627   -150.91    111.12      1.00
   4.46490   1.74717   3.50194   -57.139    77.873   -30.522   -150.91    105.69      1.00
   5.56918   1.56375   4.83948   -48.485    66.819   -10.351   -150.90     85.85      1.00
   1.29590   2.78480   2.30277   -62.398    78.986    -0.525   -150.90    104.46      1.00
   4.33180   1.31862   5.81626   -48.638    55.652   -33.823   -150.90     82.99      1.00
   4.24112   1.46554   5.40875   -53.545    60.466   -40.128   -150.89     92.54      1.00
   4.54932   2.27874   2.23616   -51.460    50.315   -33.024   -150.87     80.66      1.00
   4.53307   1.55071   4.65573   -92.390    66.776   -10.873   -150.86    117.31      1.00
   4.03051   2.03156   2.66876   -56.006    81.096   -28.168   -150.86    105.99      1.00
   2.46527   1.05648   0.82097   -79.295    59.767   -49.338   -150.84    114.49      1.00
   4.85086   2.21380   2.26564   -63.213    45.564   -41.622   -150.84     89.18      1.00
   6.00257   2.65001   5.44115   -49.364    73.459    -5.852   -150.80     92.71      1.00
   5.12257   0.61831   5.97584   -48.144    43.981   -21.204   -150.79     68.46      1.00
   4.73469   1.41258   2.78898   -56.960    82.279   -29.930   -150.79    107.78      1.00
   2.60201   2.18045   1.29103   -91.600    53.039   -27.295   -150.78    112.76      1.00
   3.95229   2.42652   3.68687   -73.623    77.676     0.504   -150.78    111.76      1.00
   0.50094   1.44255   5.79790   -73.824    43.789    -6.678   -150.77     86.67      1.00
   1.64752   1.49836   0.27891   -86.144    55.642    -6.973   -150.77    106.22      1.00
   4.27043   1.50742   4.23921   -93.437    57.803   -26.109   -150.76    116.10      1.00
   3.17264   1.08927   0.77676   -64.277    82.941   -32.411   -150.70    112.24      1.00
   1.89026   3.00873  -0.29462   -67.299    35.744   -14.628   -150.65     79.08      1.00
   2.57418  -0.23641   5.31645   -77.411    50.685   -46.048   -150.65    106.85      1.00
   2.15906   0.54927   4.27105   -56.308    55.928   -40.512   -150.65     89.56      1.00
   1.88471   1.87410   1.99708   -54.782    52.110   -39.555   -150.62     89.71      1.00
   4.88475   1.54716   2.63108   -59.400    83.829   -32.035   -150.61    110.40      1.00
  -0.00890   1.66138   0.26188   -64.247    48.711    -2.878   -150.61     82.67      1.00
   0.90152   0.97744   3.26144   -66.982    44.840    -5.517   -150.53     82.14      1.00
   5.95934   2.63576   3.79236   -57.206    73.506     0.654   -150.52     95.26      1.00
   3.20613   1.47977   4.06698   -91.905    58.213   -18.587   -150.52    112.50      1.00
   0.77815   0.66389   3.33753   -65.444    84.790   -20.426   -150.46    111.24      1.00
   0.74805   0.96538   5.12657   -87.291    42.304   -10.549   -150.46     96.35      1.00
  -0.05338   1.35531   4.88706   -88.930    48.287   -23.509   -150.46    102.97      1.00
   3.53605   2.42652   1.41282   -85.004    42.587   -18.020   -150.45     98.80      1.00
   3.15704   2.68617   3.30196   -73.412    78.687    -1.483   -150.45    112.16      1.00
   1.02101   1.99109   0.35789   -66.564    88.133   -16.057   -150.45    114.93      1.00
   3.03154   2.25155   3.42916   -66.359    80.804   -38.397   -150.44    115.22      1.00
   4.15397   2.22286   5.45649   -59.258    42.849   -33.934   -150.42     81.68      1.00
   3.36807   2.65576   1.25115   -87.821    63.441    -4.280   -150.42    110.44      1.00
   5.61423   0.96934   1.56051   -88.218    59.954   -37.627   -150.41    114.77      1.00
   2.00049   1.08277   1.36957   -89.566    72.078   -26.894   -150.36    122.10      1.00
   3.46791   1.52720   5.29828   -57.525    53.462   -41.109   -150.35     91.15      1.00
   1.51531   2.59313   3.09459   -69.608    37.964   -10.035   -150.35     80.93      1.00
   0.95183   1.02792   5.47154   -73.491    39.089   -10.623   -150.33     83.69      1.00
   3.09613   2.47674   5.55562   -61.722    83.769   -21.755   -150.32    106.51      1.00
   1.84235   1.48364   5.11830   -89.002    75.660   -30.843   -150.30    120.66      1.00
   1.28547   1.79189   2.41526   -53.379    46.673   -32.277   -150.29     81.18      1.00
   1.53506   1.24317   1.71185   -84.021    81.868   -20.047   -150.26    123.56      1.00
   5.18678   1.61831   0.08052   -56.181    48.308   -37.605   -150.25     82.40      1.00
   5.20917   0.94083   4.79287   -58.413    43.826   -39.408   -150.25     84.53      1.00
   2.80191   1.94341   5.00361   -68.606    86.250   -23.030   -150.24    113.55      1.00
   5.54074   1.46178   0.99804   -79.338    51.289     0.154   -150.22     95.61      1.00
   1.77801   1.28282   4.41395   -92.983    61.494   -22.430   -150.19    112.77      1.00
   2.04436   1.37880   5.45947   -42.849    54.187   -21.725   -150.18     73.86      1.00
   4.60279   1.54952   3.83310   -90.139    58.060    -5.437   -150.15    111.33      1.00
   4.08281   1.82301   4.88696   -90.688    71.874   -24.298   -150.15    120.40      1.00
   3.66853   2.22695   1.39493   -85.328    43.576   -19.720   -150.14     99.52      1.00
   3.91473   3.42316   1.69797   -61.365    88.116   -29.422   -150.11    111.87      1.00
   6.03088   1.80493   2.33832   -88.653    46.379   -20.967   -150.10    103.87      1.00
   3.86589   2.38794   3.56972   -73.827    78.005     0.547   -150.04    112.15      1.00
   4.17132   1.46001   3.18172   -63.708    44.155    -6.193   -150.02     81.87      1.00
   0.91697   1.14040  -0.05785   -68.377    46.624    -4.849   -149.99     84.96      1.00
   2.84986   1.21820   2.49262   -62.682    82.835   -24.184   -149.99    109.30      1.00
   2.18748   0.85817   4.79291   -63.044    49.834   -42.400   -149.96     91.98      1.00
   5.49878   1.05947   4.48619   -60.635    83.791   -21.089   -149.95    108.37      1.00
   2.70926   1.76562   1.97142   -48.515    51.069   -32.189   -149.93     81.66      1.00
   2.80472   1.91562   5.06589   -68.253    86.229   -22.613   -149.89    113.24      1.00
   0.39853   1.09104   4.49591   -44.936    55.916   -10.044   -149.86     72.57      1.00
   1.94404   0.66736   5.78874   -58.569    42.427    -3.460   -149.84     75.48      1.00
   0.71943   1.03393   5.70753   -72.649    40.588    -8.898   -149.82     83.75      1.00
   4.87383   1.62957   2.63275   -59.254    83.989   -31.034   -149.81    110.09      1.00
   1.51353   2.24700   2.54939   -61.694    66.795     3.582   -149.79     94.95      1.00
   5.66051   1.08163   2.09317   -85.887    48.969   -33.967   -149.78    107.12      1.00
   1.72814   1.53048   1.55072   -85.922    80.380   -35.061   -149.77    127.21      1.00
   2.27487   1.27146   3.77250   -45.815    61.765   -10.264   -149.75     78.86      1.00
   2.39166   2.49729   4.31032   -71.119    40.181    -8.095   -149.74     82.12      1.00
   4.55909  -0.03924   0.26026   -71.871    42.507    -9.736   -149.74     83.62      1.00
   3.52316   1.27587   1.03899   -90.070    53.954    -6.144   -149.74    106.02      1.00
   1.48414   0.67344   3.55803   -76.564    39.652   -14.467   -149.71     86.65      1.00
   2.13133   2.19226   1.26588   -65.405    84.111   -32.255   -149.69    115.57      1.00
   3.77616   0.66573   4.96280   -63.840    36.072    -5.606   -149.69     77.46      1.00
   6.08112   0.86936   0.13594   -62.536    41.498   -29.635   -149.69     80.11      1.00
   2.25625   0.64013   2.78369   -69.395    85.884   -21.892   -149.67    113.63      1.00
   0.91688   0.46487   5.36552   -68.182    36.904   -10.393   -149.67     77.76      1.00
   1.45972   1.58623   4.17640   -45.262    58.013   -27.275   -149.61     78.14      1.00
   3.28243   2.46562   6.14282   -62.649    45.955    -7.394   -149.59     78.20      1.00
   1.52708   1.22346   3.30406   -77.027    85.490   -21.388   -149.58    118.05      1.00
   4.63075   2.07421   3.98758   -78.899    85.925   -18.519   -149.56    122.30      1.00
   0.76706   0.85897   4.97884   -84.946    41.357   -10.410   -149.55     93.62      1.00
   2.85459   2.12098   4.36634   -44.606    65.270   -28.013   -149.55     86.41      1.00
   3.54275   2.21870   0.11674   -58.757    45.552    -8.763   -149.54     75.30      1.00
   2.96541   1.56374   5.23586   -56.904    53.820   -43.734   -149.54     91.80      1.00
   4.82124   0.82772   5.56604   -50.429    56.420   -35.162   -149.54     84.90      1.00
   5.13906   1.09724   4.44290   -67.126    85.019   -22.327   -149.53    114.11      1.00
   5.34407   1.11807   3.17050   -69.695    84.947   -15.532   -149.53    115.46      1.00
   2.62943   1.89083   0.96937   -88.865    52.311   -30.834   -149.48    110.68      1.00
   3.39093   0.45020  -0.19244   -52.132    49.804   -34.352   -149.47     84.01      1.00
   0.43040   1.49601   0.49967   -66.609    50.940     1.700   -149.47     87.05      1.00
   4.72143   2.56723   3.46631   -57.821    80.561   -34.746   -149.45    108.28      1.00
   4.04475   2.35061   2.15892   -52.190    51.334   -35.329   -149.45     83.49      1.00
   1.85272   1.19387   3.37468   -70.819    46.993    -0.844   -149.44     85.19      1.00
   1.68374   2.17071   5.75007   -61.327    43.532   -10.876   -149.43     77.14      1.00
   1.73369   2.03136   5.90005   -51.917    46.894   -32.659   -149.42     78.40      1.00
   4.86740   2.08573   0.03657   -66.998    46.245    -7.046   -149.42     82.15      1.00
   3.68473   1.75783   1.91055   -89.631    45.018   -21.146   -149.39    104.78      1.00
   1.03485   2.10221   0.97672   -72.090    87.242   -30.731   -149.39    121.24      1.00
   0.73746   0.62301   1.62517   -90.905    51.234   -18.868   -149.35    110.29      1.00
   2.33773   2.36138   5.71254   -58.180    46.851    -8.022   -149.35     75.60      1.00
   0.46536   0.99461   1.13038   -70.588    84.820   -23.358   -149.33    116.51      1.00
   5.63045   0.66569   5.79996   -88.307    51.195   -13.858   -149.32    101.67      1.00
   1.35944   1.67448   1.19411   -89.164    51.201   -24.399   -149.27    109.85      1.00
   3.40497   1.22079   2.58488   -58.785    85.146   -18.931   -149.25    107.69      1.00
   5.39508   1.86803   0.30259   -60.474    49.408    -2.351   -149.25     79.11      1.00
   4.99130   1.94476   5.16898   -84.196    84.831   -29.667   -149.24    124.99      1.00
   4.63856   1.67473   1.64942   -84.022    49.140   -36.637   -149.21    104.55      1.00
  -0.10946   1.43974   1.33000   -88.994    79.001   -19.318   -149.18    123.03      1.00
   2.70610   0.95899   2.12675   -62.576    83.948   -19.101   -149.18    108.81      1.00
   5.17799   1.51172   3.34620   -59.390    42.822   -10.694   -149.18     78.12      1.00
   2.97661   1.44149   4.97505   -52.845    47.652   -29.052   -149.17     79.36      1.00
   0.69077   2.33604   2.93915   -58.765    67.083     4.113   -149.16     91.39      1.00
   0.10854   1.61457   0.37187   -65.250    48.662    -2.898   -149.15     83.74      1.00
   0.18479   2.19242   2.69129   -82.828    43.422   -12.209   -149.10     95.14      1.00
   1.04364   1.92411   0.03206   -50.402    42.281   -13.684   -149.07     70.08      1.00
   3.26794   1.13511   3.90277   -49.037    42.716   -24.311   -149.05     72.67      1.00
   0.16120   2.19013   2.67316   -82.820    43.609   -12.092   -149.03     95.24      1.00
   0.59053   0.57400   1.45020   -65.507    85.818   -24.128   -148.96    115.35      1.00
   3.75808   2.53151   1.60649   -85.602    41.799   -16.732   -148.95     98.70      1.00
   4.09235   0.76937   1.05992   -55.283    61.360     2.554   -148.94     82.70      1.00
   0.76337   1.00949   5.65700   -72.626    39.980    -9.049   -148.94     83.37      1.00
   3.35462   2.35066   0.09841   -94.448    58.621   -14.181   -148.93    111.87      1.00
   2.98964   1.21268   2.38540   -57.495    71.123   -38.546   -148.93    101.92      1.00
   5.83971   1.52208   1.36379   -87.098    54.923    -9.297   -148.90    105.33      1.00
   4.84067   1.61604   2.64512   -59.158    84.335   -30.304   -148.87    110.18      1.00
   2.47713   2.39030   5.95035   -57.179    45.769    -8.613   -148.86     74.49      1.00
  -0.43986   0.18263   4.70320   -83.391    86.957   -13.374   -148.84    122.23      1.00
   2.11170   0.57543   5.72158   -59.013    41.035    -4.197   -148.83     75.39      1.00
   3.53341   0.57535   6.00331   -52.520    49.009   -33.016   -148.80     82.90      1.00
   1.21401   1.24885   4.50705   -91.807    58.542   -14.063   -148.80    108.30      1.00
   2.37249   2.47051   4.22341   -70.679    39.743    -7.605   -148.79     81.59      1.00
   3.79765   1.58872   5.16345   -56.385    54.439   -40.116   -148.79     90.73      1.00
   3.40813   2.17588   3.95896   -84.690    52.290   -39.718   -148.77    109.57      1.00
   5.38308   1.01754   1.68137   -88.100    60.581   -36.929   -148.77    114.64      1.00
   3.85441   2.31782   1.98980   -49.557    49.824   -30.636   -148.77     79.05      1.00
   2.97056   1.22997   2.41085   -57.794    70.889   -38.600   -148.72    101.99      1.00
   2.99624   1.36772   5.58179   -52.542    50.702   -32.569   -148.67     82.74      1.00
   3.52065   1.37931   3.80438   -88.544    53.878   -13.273   -148.67    107.40      1.00
   4.98386   1.68054   1.05610   -93.029    59.482   -19.420   -148.66    111.91      1.00
   4.97508   1.95652   5.09245   -85.029    84.652   -29.919   -148.66    125.63      1.00
   3.54729   1.55456   4.96579   -59.373    51.352   -41.128   -148.64     91.36      1.00
   4.50058   1.18419   0.63011   -62.543    73.494     3.397   -148.59     96.37      1.00
   5.52993   0.87264   0.73040   -48.084    53.369   -36.321   -148.59     79.95      1.00
   2.99610   2.10711   5.04305   -67.504    86.913   -18.273   -148.58    112.62      1.00
   5.54800   2.55896   4.08996   -70.677    74.140     2.719   -148.58    105.85      1.00
   2.06188   1.60872   2.17080   -57.868    43.269   -31.545   -148.58     82.78      1.00
   1.16041   0.27304   1.38657   -57.532    69.989     3.146   -148.56     96.13      1.00
   5.13274   2.10828   2.67319   -56.555    40.056   -21.774   -148.55     74.71      1.00
   1.73590   0.85825   0.91615   -85.021    56.227   -40.171   -148.54    113.77      1.00
   1.83951   1.00552   3.67854   -70.054    85.528   -23.624   -148.53    113.29      1.00
   1.94439   2.38317   6.15565   -62.999    42.877    -9.659   -148.50     78.71      1.00
   3.34869   1.24098   1.20946   -64.778    85.801   -23.500   -148.50    111.78      1.00
   2.03386   1.41475   1.64285   -90.319    70.611   -12.670   -148.50    119.36      1.00
   2.93839   2.29104   0.15522   -90.527    59.839    -8.861   -148.48    109.51      1.00
   5.92486   1.25574   2.50924   -89.609    70.848   -27.602   -148.48    120.64      1.00
   1.13570   2.11152   3.26563   -63.618    74.407     0.712   -148.47     99.57      1.00
   2.23898   2.06147   6.13211   -56.663    47.481    -4.939   -148.47     75.87      1.00
  -0.09798   1.48435   4.97489   -89.963    49.575   -23.376   -148.44    104.66      1.00
   4.08401   1.85848   4.90670   -90.698    71.773   -25.326   -148.43    120.48      1.00
   1.20263   0.30619   5.10108   -67.494    36.254   -11.421   -148.38     77.16      1.00
   4.84978   2.17590   0.31601   -70.852    85.114   -28.976   -148.37    114.41      1.00
   1.03600   2.06483   0.95494   -72.539    87.157   -30.664   -148.33    121.43      1.00
   1.25494   2.58157   0.51252   -88.426    50.655   -13.833   -148.32    106.44      1.00
   3.25653   1.71287   5.96254   -96.607    56.056   -11.773   -148.31    112.80      1.00
   3.08476   1.88596   3.56749   -75.280    84.929   -33.003   -148.28    121.59      1.00
   1.95622   1.77442   2.19616   -57.065    44.445   -33.177   -148.28     83.59      1.00
   5.11477   2.13213   3.99164   -68.992    73.508     5.894   -148.28    105.33      1.00
   1.49338   1.31764  -0.41470   -55.348    45.780    -7.105   -148.27     73.97      1.00
   4.64799   1.85491   3.55958   -56.952    77.808   -32.596   -148.27    105.92      1.00
   1.74907   0.79083   4.41145   -87.726    42.020   -19.992   -148.26     98.47      1.00
   4.27830   0.04840   0.60369   -72.502    42.118    -9.482   -148.24     83.81      1.00
   4.08697   2.24680   5.83390   -57.653    76.992     2.307   -148.23     97.69      1.00
   1.49289   0.54280   0.01860   -58.370    41.940    -3.453   -148.22     75.66      1.00
   4.50587   1.17195   0.62515   -62.669    73.298     3.528   -148.22     96.30      1.00
   0.35976   0.92836   1.81472   -61.388    83.650   -26.288   -148.18    111.65      1.00
   4.03963   2.67464   3.76026   -72.134    76.888     0.828   -148.18    110.20      1.00
   5.82321   0.97252   3.37380   -58.683    50.345     0.387   -148.15     81.92      1.00
   1.49001   1.97234   4.76723   -56.812    60.778     3.107   -148.14     82.88      1.00
   3.18403   1.58843   4.17377   -92.247    57.705   -20.698   -148.14    112.71      1.00
   0.68093   2.69600   4.95300   -59.354    86.789   -30.053   -148.12    110.02      1.00
   0.82922   1.58454   1.66399   -61.404    85.320   -28.682   -148.12    113.45      1.00
   1.71350   1.57379   1.54793   -86.379    80.352   -34.553   -148.10    127.38      1.00
   1.70146   0.71571   5.20014   -60.883    87.354   -25.129   -148.09    110.08      1.00
   4.19434   1.40139   2.41990   -88.097    66.417   -38.188   -148.08    119.14      1.00
   4.15668   1.82860   5.75851   -63.681    42.837   -33.359   -148.08     84.32      1.00
   6.14520   2.04559   4.97705   -56.496    75.330    -1.597   -148.08     96.36      1.00
   1.56075   1.07788   3.68258   -70.877    84.869   -25.375   -148.07    113.59      1.00
   4.70971   1.35954   2.83481   -56.327    81.592   -29.783   -148.07    106.98      1.00
   5.13262   0.73656  -0.33744   -48.452    44.958   -19.953   -148.07     68.97      1.00
   5.39926   1.85349   0.28933   -60.545    49.262    -2.402   -148.06     79.06      1.00
   0.66471   1.11196   6.52757   -87.440    54.269    -6.173   -148.04    105.42      1.00
   1.90276   1.98131   0.87137   -91.190    55.969   -24.142   -148.03    113.56      1.00
   0.82759   1.94808   3.38123   -71.666    78.738     0.480   -148.00    107.72      1.00
   2.67589   1.20042   4.99007   -54.821    47.633   -31.777   -148.00     81.56      1.00
   0.39858   2.26672   5.17507   -65.004    77.962     1.006   -147.99    103.26      1.00
  -0.06692  -0.20615   3.18592   -71.682    75.533     4.463   -147.99    108.32      1.00
   3.65224   2.11434   2.16853   -54.995    53.092   -42.002   -147.98     90.13      1.00
   4.30291   2.97870   6.25641   -74.091    43.184   -10.480   -147.96     86.43      1.00
   1.96441   1.59392   0.29044   -84.994    54.615    -6.508   -147.96    104.49      1.00
   2.31299   1.25076   3.57713   -45.491    62.909    -8.755   -147.95     79.69      1.00
   2.00403   2.99304  -0.11032   -68.240    36.081   -14.910   -147.93     80.26      1.00
   5.09467   1.51411   3.27396   -59.459    42.448   -10.663   -147.93     78.00      1.00
   5.59674   2.41970   1.77502   -86.436    49.302   -16.766   -147.89    101.17      1.00
   4.14090   0.66875   2.23156   -91.561    75.344   -22.976   -147.89    121.95      1.00
   5.32675   0.65338   4.27461   -63.095    83.630   -23.946   -147.85    111.27      1.00
   3.09445   1.68268   1.91381   -57.615    77.046   -34.894   -147.84    105.63      1.00
   2.30533   1.81504   3.50276   -61.892    79.044   -35.315   -147.83    108.66      1.00
   4.55352   1.12863   0.61474   -63.727    73.904     3.356   -147.83     97.38      1.00
   4.84044   2.27529   4.44111   -68.995    82.159   -31.490   -147.80    115.33      1.00
   5.81043   0.39226   0.56234   -49.241    51.275   -31.632   -147.77     77.62      1.00
   5.41545   0.89246   5.74963   -57.174    46.092   -33.429   -147.75     79.89      1.00
   0.39458   1.44871   5.74690   -72.807    43.615    -5.868   -147.73     85.50      1.00
   4.92810   2.20739   2.32913   -63.439    45.576   -41.368   -147.68     89.24      1.00
   1.29377   2.53583   2.36445   -62.121    78.398    -0.474   -147.64    103.95      1.00
   4.59317   2.29344   2.26790   -51.549    50.129   -32.944   -147.64     80.54      1.00
   4.00510   1.50454   0.65559   -77.877    54.947   -48.221   -147.63    106.76      1.00
   4.27099   3.40362   3.39081   -90.053    50.565   -13.694   -147.63    107.60      1.00
  -0.08393   1.50712   5.09720   -90.684    50.532   -23.750   -147.61    105.81      1.00
   0.96624   1.03817   5.46302   -73.691    39.057   -10.682   -147.60     83.86      1.00
   1.71563   3.00631   5.82918   -67.620    36.070   -14.073   -147.54     79.43      1.00
   0.66241   2.33906  -0.20885   -75.542    44.725   -10.586   -147.54     91.13      1.00
   1.02326   1.92436   0.01226   -50.033    42.388   -14.021   -147.54     69.87      1.00
   2.51803   1.44726   6.03686   -52.691    51.721   -37.652   -147.48     85.62      1.00
   2.79055   2.01672   4.21932   -87.954    57.941   -40.448   -147.47    113.71      1.00
   4.17498   2.21081   5.47609   -59.104    43.104   -33.550   -147.46     81.54      1.00
   1.70051   1.64180   1.57967   -86.580    80.508   -34.281   -147.45    127.53      1.00
   5.12700   2.92449   5.31646   -52.780    67.389    -1.427   -147.41     90.34      1.00
   3.04167   1.31482   2.11083   -83.228    67.014   -45.496   -147.40    118.62      1.00
   3.97812   2.16934   0.22220   -74.347    49.399    -5.310   -147.39     89.28      1.00
   2.96531  -0.31683   3.45432   -55.142    43.753   -28.742   -147.38     76.00      1.00
   0.81553   2.74757   4.94238   -60.936    87.940   -29.146   -147.35    111.38      1.00
   0.88500   0.55627   5.39455   -53.612    51.779   -32.085   -147.34     80.49      1.00
   5.56462   1.58739   4.89465   -48.293    66.815   -10.412   -147.32     85.69      1.00
   5.71321   1.84785   4.68899   -91.138    52.247   -22.361   -147.31    108.33      1.00
   5.55720   2.02690   2.46016   -46.928    49.771   -25.339   -147.30     74.52      1.00
   1.95469   0.99618   6.09707   -82.881    50.962    -3.709   -147.28    100.30      1.00
   2.25548   2.41350   4.69466   -46.303    72.710   -14.931   -147.24     88.04      1.00
   2.54164   1.81480   3.33134   -70.522    82.883   -32.389   -147.24    116.34      1.00
   1.70486   2.96447   5.80658   -67.743    36.064   -14.614   -147.22     79.55      1.00
   0.82121   2.75200   4.94351   -60.989    87.927   -29.152   -147.22    111.40      1.00
  -0.29253   0.91923   1.86749   -87.415    52.670   -33.499   -147.20    110.40      1.00
   5.38817   1.22161  -0.00454   -88.468    51.260   -10.491   -147.19    101.98      1.00
   2.55621   1.70402   4.06485   -46.064    60.511   -24.398   -147.18     81.98      1.00
   3.36731   0.67442   3.17561   -73.161    39.430   -11.814   -147.17     85.41      1.00
   5.70152   1.78235   4.75486   -72.699    86.428   -24.501   -147.15    117.26      1.00
   6.31937   0.52596   5.03507   -87.309    48.511   -15.297   -147.09     99.60      1.00
   3.59577   1.54485   2.05358   -56.946    85.294   -24.099   -147.08    107.71      1.00
   2.82377   2.01885   2.44462   -92.239    72.459   -34.480   -147.00    125.96      1.00
   5.54964   1.81064   2.00379   -89.732    52.132   -31.069   -147.00    109.41      1.00
   3.76194   1.65815   4.63044   -66.464    85.219   -30.974   -146.98    115.97      1.00
   0.18152   2.17826   2.76707   -83.799    43.932   -12.392   -146.92     96.19      1.00
   4.05759   1.28625   4.01748   -56.379    62.303   -42.598   -146.91     98.52      1.00
   0.47423   2.78687   4.66591   -60.404    86.896   -31.238   -146.91    111.01      1.00
   0.45429   2.81029   4.62457   -60.547    86.989   -31.258   -146.91    111.16      1.00
   2.43673   1.84705   1.21320   -87.458    74.911    -7.734   -146.91    119.17      1.00
   0.70370   2.02315   3.53550   -69.532    76.789     1.506   -146.90    104.61      1.00
   1.87843   1.56140   2.83346   -54.115    68.937     3.204   -146.89     91.00      1.00
   4.35275   2.12010   4.03326   -76.554    86.397   -22.006   -146.87    121.78      1.00
   2.26248  -0.18015   5.58204   -76.960    50.644   -46.181   -146.86    106.52      1.00
   1.15685   1.04418   4.11304   -82.926    52.142    -3.081   -146.85     96.76      1.00
   1.75815   1.26385   2.72800   -59.831    79.552   -30.292   -146.81    107.06      1.00
   1.03269   1.82062   2.45566   -47.547    49.127   -25.808   -146.80     76.56      1.00
   3.63584   1.60674   2.20328   -58.128    85.203   -23.893   -146.77    108.53      1.00
   4.65264   2.95370   6.15583   -54.299    82.257    -2.327   -146.73    101.01      1.00
   1.29319   2.11631   1.35712   -61.702    35.630    -8.436   -146.72     76.49      1.00
   4.00641   1.91689   1.31536   -89.179    55.969   -29.369   -146.72    110.00      1.00
   0.70375   1.91929   3.84852   -74.398    75.050     2.483   -146.71    106.14      1.00
   1.28938   1.89562   5.13036   -58.552    59.513     2.815   -146.70     83.53      1.00
   1.42303   1.05151   4.04404   -47.214    64.041    -9.727   -146.70     80.01      1.00
   4.82426   2.57331   3.65482   -57.256    79.259   -35.528   -146.67    107.24      1.00
   5.65570   0.66789   5.75237   -88.061    50.903   -13.979   -146.65    101.34      1.00
   3.39306   1.04636   2.68755   -67.549    46.592    -2.346   -146.65     83.87      1.00
   0.08552   1.33759   1.75304   -61.292    78.931   -35.749   -146.64    109.32      1.00
   4.03895   2.35177   2.15984   -52.171    51.306   -35.385   -146.63     83.50      1.00
   3.21560   2.42873   1.40285   -48.468    51.146   -32.969   -146.62     80.30      1.00
   5.55490   1.83595   2.00281   -89.979    52.438   -31.042   -146.59    109.70      1.00
   5.44453   1.84654   5.11641   -47.382    66.626   -12.550   -146.59     85.51      1.00
   4.38278   1.09964   5.97237   -46.157    54.025   -30.145   -146.58     78.79      1.00
   5.87767   1.52202   4.12737   -87.313    53.251    -6.416   -146.58    104.03      1.00
   4.22394   1.00803   1.60581   -89.974    49.002   -14.177   -146.57    103.93      1.00
   4.10336   0.54505   2.79676   -74.133    39.496   -11.700   -146.56     87.00      1.00
   6.11007   1.45689   0.83988   -91.289    56.755   -17.806   -146.53    110.47      1.00
   4.36419   1.18028   3.99155   -87.707    58.115    -3.570   -146.52    109.27      1.00
   4.63867   2.04691   3.97258   -78.925    85.460   -18.062   -146.51    121.92      1.00
   4.73552   1.59064   2.54711   -59.595    85.494   -29.944   -146.50    111.07      1.00
   0.43810  -0.03069   4.63390   -76.117    41.204   -10.963   -146.50     86.39      1.00
   3.13749   1.18389   3.93564   -49.007    42.675   -22.612   -146.50     71.78      1.00
   1.06526   1.71551   0.63545   -76.160    86.078   -31.876   -146.47    122.76      1.00
   4.86125   2.20067   0.32153   -70.882    84.945   -29.221   -146.47    114.39      1.00
   1.94710   1.98285   4.26128   -82.665    54.055   -46.609   -146.46    108.40      1.00
   3.77037   1.61420   3.12198   -55.240    80.115   -22.637   -146.46    104.03      1.00
   5.69381   2.04605   5.25756   -49.214    74.356   -12.179   -146.46     92.66      1.00
   5.99329   0.67954   1.57919   -58.858    79.548    -0.987   -146.44    102.55      1.00
   5.87332   1.76194   1.37581   -43.880    61.334    -6.160   -146.43     78.26      1.00
   6.06411   1.39245   1.34251   -89.362    78.199   -19.558   -146.42    122.61      1.00
   3.08088   1.35615  -0.18047   -64.371    43.643   -34.842   -146.42     87.64      1.00
   3.19028   2.00068   3.61497   -77.022    84.417   -12.232   -146.41    118.56      1.00
   0.98482   2.81433   5.02764   -61.495    88.563   -28.366   -146.39    111.94      1.00
  -0.09047   1.50678   1.34866   -88.779    79.424   -19.393   -146.39    123.16      1.00
   5.65163   2.04273   2.72353   -48.937    47.976   -26.536   -146.37     75.09      1.00
   5.85673   2.36446   1.19987   -67.138    44.638    -6.851   -146.37     82.44      1.00
   5.83082   1.01370   3.38876   -58.723    49.998     0.433   -146.31     81.63      1.00
   5.95621   2.24958   4.65406   -84.423    55.266   -43.841   -146.31    110.61      1.00
   1.45052   1.21976   5.83125   -54.712    45.091    -7.996   -146.28     73.02      1.00
   5.32568   2.00496   0.35140   -60.336    49.996    -1.849   -146.27     79.49      1.00
   2.78394   1.07413   0.17475   -50.575    53.608   -37.315   -146.25     86.49      1.00
   0.34829   2.70778   4.65065   -59.564    86.152   -32.076   -146.22    110.30      1.00
   3.67033   1.40326   1.29567   -86.441    55.755   -38.204   -146.20    110.77      1.00
   2.19638   0.56670   5.62769   -58.928    40.964    -3.819   -146.18     75.22      1.00
   3.29926   2.89638   1.37886   -84.856    41.950   -15.093   -146.12     98.10      1.00
   5.54552   0.53401   0.70466   -48.925    53.153   -34.521   -146.12     79.62      1.00
   3.81748   1.62377   4.64721   -66.717    85.837   -30.021   -146.11    116.40      1.00
   1.55488   1.18225   1.70566   -84.026    81.786   -20.660   -146.11    123.58      1.00
   2.87955   2.02907   5.00025   -68.114    86.754   -19.120   -146.10    112.94      1.00
   4.98383   1.09800   0.98030   -63.008    87.043   -31.122   -146.10    111.37      1.00
   2.94094   2.15451   4.39340   -44.833    66.521   -27.219   -146.09     87.41      1.00
   5.54331   1.77670   5.37235   -90.127    75.159   -22.691   -146.07    120.27      1.00
   0.60981   0.29369   2.75010   -57.611    84.461   -21.205   -146.05    108.92      1.00
   5.35799   2.78466   4.51505   -55.039    70.429    -0.154   -146.03     93.81      1.00
   0.53536   1.54795   4.37726   -94.693    61.890   -23.929   -146.02    114.47      1.00
   1.25426   1.70595   4.70750   -87.361    60.917   -41.485   -146.01    112.83      1.00
   4.52270   1.77325   5.80185   -62.571    48.579   -41.478   -146.01     89.76      1.00
   5.25775   1.05260   5.89101   -54.686    45.111   -27.140   -146.01     75.41      1.00
   3.65949   2.05190   0.97734   -86.397    48.515   -26.000   -146.00    103.27      1.00
   3.77311   1.78507   1.30606   -87.590    49.327   -19.206   -145.92    103.49      1.00
   1.90533   1.74606   2.54993   -57.558    42.580   -30.117   -145.92     80.91      1.00
   1.71363   2.11476  -0.01756   -54.641    46.828    -6.278   -145.92     74.91      1.00
   5.56292   1.41802   6.29448   -64.648    44.976    -2.707   -145.92     79.01      1.00
   3.01344   0.85269   4.88308   -69.724    86.918    -7.639   -145.90    114.76      1.00
   1.24537   2.70848   2.37759   -61.695    78.092    -0.575   -145.87    103.16      1.00
   5.16115   0.29757   0.99173   -47.092    58.439   -35.533   -145.87     82.71      1.00
   5.50659   1.55660   3.86653   -91.419    55.844   -10.032   -145.86    110.19      1.00
   4.04465   2.23763   5.83202   -61.080    79.100     3.443   -145.85    101.31      1.00
   5.12664   2.50080   2.89683   -59.989    75.171     2.439   -145.82     98.85      1.00
   0.66743   1.28077   5.80175   -73.812    43.064    -8.284   -145.81     86.33      1.00
   2.32869   1.63136   6.18957   -53.413    50.029   -38.947   -145.80     85.42      1.00
   5.54135   0.39918   1.52198   -67.356    74.672     3.914   -145.80    102.85      1.00
   1.76694   0.78054   5.90501   -58.407    43.466    -3.778   -145.79     75.79      1.00
   4.10077   0.42492   2.78279   -74.067    39.579   -11.364   -145.78     86.74      1.00
   1.18194   1.88353   5.71460   -79.781    74.804   -42.890   -145.78    117.86      1.00
   6.14841   1.54702   4.92996   -89.958    49.800   -23.185   -145.76    104.90      1.00
   2.15716   2.42289   4.03886   -72.185    40.267    -6.675   -145.73     82.97      1.00
   0.04589   0.80870   3.19087   -66.440    45.415    -3.300   -145.73     84.15      1.00
   5.45020   1.08040   3.01666   -65.931    52.069     4.319   -145.73     88.93      1.00
   5.95542   1.72288   0.48837   -67.096    49.024    -2.278   -145.73     84.81      1.00
   3.83722   2.16031  -0.13578   -71.251    47.067    -4.010   -145.71     85.56      1.00
   5.76103   2.23627   3.89375   -60.770    66.378     4.738   -145.71     93.23      1.00
   4.41919   1.73640   3.53897   -57.401    77.600   -29.786   -145.69    105.49      1.00
   4.16417   1.99456  -0.31735   -56.723    75.291     3.981   -145.68     95.70      1.00
   3.48772   1.46620   5.39327   -59.980    46.698   -33.562   -145.65     85.49      1.00
   1.89319   1.20036   3.34809   -70.383    46.638    -0.865   -145.65     84.71      1.00
   0.88603   1.95779   0.35825   -66.440    88.541   -14.822   -145.57    114.95      1.00
   1.53123   1.26016   4.37264   -92.266    57.973   -22.212   -145.56    109.89      1.00
   1.97885   2.04752   4.37927   -82.069    54.478   -47.042   -145.56    108.30      1.00
   4.53336   2.10360   4.42633   -93.049    66.922   -32.304   -145.56    121.86      1.00
   4.14799   1.46888   1.40518   -85.442    51.937   -36.453   -145.54    106.91      1.00
   3.19793   2.85878   1.33017   -85.476    42.558   -15.795   -145.50     99.14      1.00
   4.00753   1.74065   3.05806   -52.172    77.598   -28.054   -145.50    101.73      1.00
   1.77144   0.38146   3.85782   -64.647    35.403   -12.609   -145.49     73.86      1.00
   0.39801   2.66080   5.73887   -65.272    82.524    -1.400   -145.49    108.67      1.00
   2.84361   2.09283   1.27934   -90.148    51.343   -28.716   -145.48    110.68      1.00
   4.69599   1.58208   3.79190   -88.459    56.445    -4.429   -145.43    109.02      1.00
   3.02622   0.85668   4.86441   -69.930    86.847    -7.560   -145.42    114.83      1.00
   1.77374   0.79273   5.90476   -58.591    43.539    -3.912   -145.41     75.98      1.00
  -0.08553   2.24610   0.74500   -66.333    87.139   -22.058   -145.39    114.08      1.00
   5.75095   2.23776   3.88604   -60.808    66.407     4.770   -145.39     93.30      1.00
   5.41529   1.60851   4.51712   -49.686    67.409    -9.810   -145.37     87.86      1.00
   4.13141   0.23816   2.17174   -45.528    57.742   -33.958   -145.35     81.36      1.00
   1.46724   0.27122   2.77706   -57.882    81.173   -21.550   -145.34    104.30      1.00
   4.49256   3.02985   5.64675   -56.265    56.369     0.740   -145.33     82.66      1.00
   4.95519   2.62640   3.71913   -58.109    80.158   -35.807   -145.33    108.26      1.00
   3.96158   2.72952   4.45899   -57.242    82.321    -4.161   -145.32    104.76      1.00
   0.73996   2.35783   6.16331   -76.171    45.319   -11.010   -145.29     92.16      1.00
   1.79995   1.74845   5.28674   -62.294    51.996     0.326   -145.27     81.33      1.00
   2.06426   2.43477   0.03377   -63.353    42.568    -9.626   -145.25     79.04      1.00
   5.88927   1.04903   5.13715   -70.388    88.197   -29.187   -145.21    116.43      1.00
   0.62260   0.61691   1.03791   -82.453    57.208   -43.958   -145.18    112.99      1.00
   1.54535   0.36744   1.74633   -58.084    81.638     0.175   -145.17    105.03      1.00
   0.28684   1.28891   2.35564   -73.691    37.009   -12.521   -145.14     86.71      1.00
   4.90090   2.29464   4.52809   -68.837    82.072   -31.015   -145.14    114.93      1.00
   2.91130   1.50713   1.02677   -85.246    50.840   -35.066   -145.13    107.87      1.00
   0.57560   0.91147   5.01041   -66.321    89.684   -28.100   -145.13    113.87      1.00
   3.17237   1.08517   3.83859   -47.462    43.376   -21.808   -145.11     70.86      1.00
   1.25153   1.91026   5.83156   -79.036    75.126   -42.992   -145.11    117.92      1.00
   5.08212   1.44010   5.16415   -84.795    81.208    -4.042   -145.11    119.23      1.00
   3.87547   2.04783   5.18106   -63.013    44.553   -41.528   -145.09     89.02      1.00
   4.52374   1.35315   3.48618   -79.035    46.850    -6.339   -145.09     96.27      1.00
   5.08678   1.44389   5.18511   -84.626    81.327    -4.015   -145.08    119.15      1.00
   2.90642   0.42755   1.51597   -55.191    56.537     2.622   -145.05     80.79      1.00
   3.17474   1.08237   3.85610   -47.568    43.353   -21.858   -145.03     70.95      1.00
   5.49285   0.11619   1.04844   -47.966    50.139   -30.118   -145.02     76.11      1.00
   0.01507   1.29730   2.84633   -77.439    85.816   -19.542   -145.00    120.63      1.00
   4.44411   3.03219   5.58947   -56.282    56.370     0.737   -145.00     82.70      1.00
   1.91960   0.96391   3.43779   -70.456    84.347   -24.610   -144.99    113.24      1.00
  -0.02507   3.19693   4.11193   -67.545    35.660   -14.206   -144.97     79.39      1.00
   4.12632   2.94900   4.46915   -51.835    67.796    -2.493   -144.91     90.16      1.00
   2.68795   1.78833   6.28838   -94.801    60.064   -24.934   -144.85    116.42      1.00
   1.97230   1.50238   4.27404   -86.415    45.519   -29.560   -144.81    101.25      1.00
   3.26076   1.14950   1.55950   -65.636    88.217   -18.392   -144.78    113.34      1.00
   4.15863   2.28052   2.14452   -83.852    83.003   -24.360   -144.75    122.66      1.00
   2.97513   2.23919   6.21654   -91.622    57.342   -10.214   -144.75    108.82      1.00
   0.25970   1.56764   2.68692   -43.073    54.961   -26.832   -144.75     77.99      1.00
   0.00297  -0.07883   2.41736   -61.603    69.271     4.446   -144.74     97.93      1.00
   5.41508   1.24524   0.04679   -88.842    51.980   -10.417   -144.74    102.72      1.00
   2.96471   2.04326   5.33346   -43.252    70.785   -27.996   -144.70     89.02      1.00
   3.74987   0.68590   5.00451   -64.086    36.369    -5.529   -144.67     77.75      1.00
   1.10550   2.13198   1.15553   -70.600    87.322   -31.505   -144.65    120.79      1.00
   2.33648   0.14103   0.22735   -59.618    69.066     3.957   -144.65     96.49      1.00
   4.31206   1.49719   5.57371   -52.259    61.264   -40.164   -144.65     91.91      1.00
   5.14321   1.08282   4.87271   -66.432    86.633   -23.324   -144.64    114.14      1.00
  -0.07489   2.23685   0.74557   -66.436    87.131   -22.051   -144.61    114.15      1.00
   4.89411   2.29865   4.49064   -69.038    82.681   -31.184   -144.61    115.59      1.00
   5.78092   0.62639   0.67622   -73.351    46.503   -41.720   -144.59     96.26      1.00
   5.22102   2.65256   4.41431   -54.292    70.488    -0.862   -144.59     93.45      1.00
   5.50580   1.62267   3.95962   -91.894    56.456   -10.339   -144.58    110.81      1.00
   0.97592   2.20586   1.45283   -83.324    41.930   -13.680   -144.57     97.72      1.00
   5.71851   2.02381   5.29286   -49.278    74.954   -12.444   -144.57     93.11      1.00
   2.94183   2.33188   5.68138   -71.197    47.991    -3.757   -144.57     85.95      1.00
   3.01882   2.21286   3.69095   -76.475    86.058   -12.409   -144.54    119.18      1.00
   5.34662   0.11183   1.20728   -47.993    49.973   -30.186   -144.54     76.10      1.00
   4.02808   1.43880  -0.55386   -54.604    45.990   -28.219   -144.53     78.63      1.00
  -1.06542   0.29544   7.21301   -47.115    58.385   -35.519   -144.53     82.65      1.00
   4.93768   1.93270   2.96608   -56.902    81.498   -33.515   -144.52    107.72      1.00
   0.61815   1.68793   1.85750   -58.161    84.204   -26.659   -144.50    109.85      1.00
   4.78093   1.48695   3.49040   -88.239    53.744    -2.625   -144.50    107.43      1.00
   4.53779   0.44515   3.84055   -72.763    63.629     7.012   -144.49    101.67      1.00
   5.06250   1.02794   0.91441   -62.474    87.056   -31.253   -144.46    111.07      1.00
  -0.20639   2.45079   0.28446   -53.598    59.182     0.355   -144.45     83.55      1.00
   2.10357   0.51855   5.66921   -57.958    40.918    -4.069   -144.45     74.42      1.00
   1.48269   1.63317   2.27539   -61.738    41.834   -34.828   -144.44     85.57      1.00
   3.38007   0.95507   2.86050   -68.956    46.760    -2.461   -144.43     85.03      1.00
   0.53243   0.85027   0.20067   -87.444    51.341    -6.737   -144.42    103.41      1.00
   2.93134   2.05796   1.84230   -49.349    51.936   -32.687   -144.41     82.71      1.00
   1.06434   2.82415   5.08639   -61.676    88.818   -28.034   -144.38    112.14      1.00
   0.25740   0.98302   3.07259   -43.984    52.626   -24.661   -144.37     76.77      1.00
   3.87038   1.99793   4.06536   -87.842    52.554   -35.590   -144.37    111.24      1.00
   1.59818   1.93314  -0.12391   -79.362    47.803    -8.063   -144.36     95.29      1.00
   0.35252   2.79190   4.54595   -60.805    86.758   -31.693   -144.35    111.28      1.00
   3.98397   2.30760   0.10907   -73.156    48.815    -4.977   -144.29     87.94      1.00
   5.64687   2.59533   2.85756   -78.167    41.203    -8.233   -144.26     89.81      1.00
   0.65302   1.08288   5.23502   -88.619    43.299    -9.932   -144.24     98.09      1.00
   1.82410   0.70712   4.24920   -86.876    41.100   -19.196   -144.23     97.19      1.00
   3.98431   2.25479   5.23994   -59.266    41.511   -32.615   -144.21     80.72      1.00
   2.74372   1.08267   3.04692   -53.864    41.402   -13.496   -144.20     70.91      1.00
   5.24917   1.07704   5.89574   -54.584    45.125   -26.816   -144.20     75.26      1.00
   2.43961   1.91538   1.23530   -87.093    75.084    -7.601   -144.16    119.04      1.00
   0.18512   2.43591   0.22675   -73.969    40.672   -12.638   -144.15     88.13      1.00
   3.18500   2.16112   0.30702   -91.900    59.021   -11.421   -144.15    110.38      1.00
   2.37539   1.52556   6.02683   -52.353    50.709   -37.019   -144.15     84.25      1.00
   3.04344   2.20630  -0.09693   -92.941    57.389   -10.534   -144.14    109.88      1.00
   2.93691   0.59924   2.21140   -54.358    67.486   -41.016   -144.14     97.14      1.00
   2.12515   0.24630   2.52697   -71.730    41.520   -10.288   -144.13     83.69      1.00
   1.95847   1.88990   0.09800   -54.141    44.256    -6.249   -144.13     73.19      1.00
   5.17074   1.34117   0.90104   -84.929    51.791    -6.391   -144.06     99.75      1.00
   2.56857   0.74360   5.46843   -88.384    50.452    -7.985   -144.05    104.81      1.00
   3.12516   1.06419   3.90009   -47.836    43.329   -21.399   -144.05     70.86      1.00
   5.43215   1.81767   5.11579   -47.217    66.968   -12.570   -144.03     85.68      1.00
   1.32749   2.13472   1.37721   -61.967    35.699    -8.016   -144.02     76.71      1.00
   5.11404   1.62144   0.05930   -57.082    48.071   -37.571   -144.02     82.87      1.00
   1.57767   1.94412   4.66088   -57.142    59.715     3.491   -144.02     82.31      1.00
   2.37497   0.14797   0.20028   -59.900    68.829     4.049   -144.02     96.47      1.00
   0.54867   1.28261   0.88796   -72.043    85.652   -23.910   -144.01    117.76      1.00
   3.21114   0.09584   5.43982   -63.088    69.093     4.751   -144.00     98.72      1.00
   0.17859   2.25448   3.23439   -63.398    70.991     3.675   -143.99     96.96      1.00
   3.57950   1.77731   4.09121   -72.494    83.949   -31.969   -143.95    119.15      1.00
   5.96142   2.24239   4.65703   -84.454    54.852   -43.371   -143.95    110.23      1.00
   3.21425   2.53650   3.18586   -74.628    79.252    -2.342   -143.94    113.50      1.00
   5.03630   2.27957   2.82530   -61.269    43.284   -35.116   -143.93     84.42      1.00
  -0.09497   0.36692   3.03119   -57.634    83.753   -22.522   -143.92    109.16      1.00
   3.62372   1.53758   5.63767   -50.684    52.469   -33.738   -143.91     82.78      1.00
   0.14934   1.52994   5.79612   -71.511    44.227    -3.920   -143.90     84.80      1.00
   4.09702   1.78693   5.48497   -52.915    46.118   -26.351   -143.90     76.93      1.00
   2.90558   0.63159   2.23349   -54.522    67.531   -41.274   -143.88     97.48      1.00
   1.31653   1.91363   5.81628   -78.877    74.231   -44.064   -143.88    117.60      1.00
   1.00891   2.01486   0.90167   -72.900    87.101   -30.066   -143.87    121.39      1.00
   6.21283   1.42533   4.97499   -89.489    49.399   -23.549   -143.86    104.08      1.00
   5.22709   2.69605   0.20572   -59.361    49.420    -4.108   -143.85     79.38      1.00
   2.40187   1.82229   2.13304   -47.304    55.185   -34.248   -143.85     84.92      1.00
  -0.36331   2.24145   0.95573   -62.388    47.833    -3.323   -143.83     80.88      1.00
   3.94991   0.61065   1.08524   -55.544    60.275     1.995   -143.82     82.16      1.00
   1.37140   2.07166   5.76853   -78.512    72.869   -45.445   -143.82    116.91      1.00
   0.93879   2.11390   0.33488   -58.929    83.301   -23.035   -143.82    107.79      1.00
   2.69109   0.98561   2.08300   -62.959    84.585   -18.610   -143.81    109.58      1.00
   2.17547   2.43924   4.64761   -45.892    72.087   -14.606   -143.76     87.19      1.00
   0.02204   0.60384   5.32048   -54.111    40.054   -22.821   -143.74     69.78      1.00
   3.44279   0.96379   2.80062   -68.436    46.878    -2.571   -143.69     84.73      1.00
   2.94674   1.95792   5.01715   -68.681    87.010   -18.274   -143.69    113.53      1.00
   5.85401   1.89733   4.76563   -91.435    52.050   -22.829   -143.69    108.37      1.00
   3.68360   2.03891   1.53798   -85.666    43.117   -20.523   -143.67     99.98      1.00
   0.56747   1.44647   5.83006   -74.323    43.847    -7.021   -143.66     87.28      1.00
   3.23157   2.50941   3.18037   -74.621    79.461    -2.466   -143.65    113.65      1.00
   1.90454   1.36322   0.93016   -89.431    53.534   -21.404   -143.65    110.55      1.00
   1.20785   1.04228   4.09921   -83.258    52.219    -3.419   -143.63     97.08      1.00
   0.89412   1.28241   4.66248   -91.050    57.441    -8.966   -143.59    106.64      1.00
   3.19986   1.61785   0.04780   -48.222    51.976   -39.196   -143.59     83.18      1.00
   4.06441   2.03107   3.63652   -88.651    52.792    -9.662   -143.58    107.47      1.00
   5.49600   1.80391   5.37594   -90.092    75.664   -22.771   -143.57    120.67      1.00
   2.98755  -0.31173   1.16666   -64.085    85.881   -18.828   -143.57    110.68      1.00
   1.08305   1.66513   0.69009   -75.453    86.300   -31.509   -143.54    122.52      1.00
   5.24364   1.78868   2.75694   -85.442    79.668   -28.732   -143.54    122.77      1.00
   1.71886   2.46682   2.57060   -70.722    69.000     5.158   -143.53    102.75      1.00
   1.57666   1.21630   5.59725   -53.997    50.178   -34.958   -143.53     82.51      1.00
   1.35417   2.94666   5.45348   -67.700    36.046   -13.853   -143.50     79.30      1.00
   1.31886   1.90906   5.81608   -78.915    74.301   -44.058   -143.50    117.67      1.00
  -0.10823   2.49244   5.85983   -82.160    74.406   -42.597   -143.49    120.56      1.00
   1.28388   0.97171   1.94844   -91.451    44.544   -12.003   -143.45    105.83      1.00
   5.37166   1.06704   3.22403   -66.707    52.747     4.619   -143.44     90.01      1.00
   1.55506   0.02017   3.44663   -75.406    41.563   -10.954   -143.43     86.00      1.00
   1.85931   2.19256   4.70810   -46.907    72.306   -13.126   -143.43     87.13      1.00
   0.13770   2.49365   0.10764   -73.220    40.337   -12.070   -143.43     87.30      1.00
   4.90916   1.50508   4.61753   -48.790    71.171    -6.804   -143.42     91.05      1.00
   5.79389   1.89752   5.35455   -61.165    54.300     6.191   -143.41     84.43      1.00
   0.77614   1.15052  -0.52622   -73.975    41.664    -9.317   -143.41     85.76      1.00
   3.69924   1.37400  -0.20085   -63.337    43.381   -32.944   -143.40     85.02      1.00
   2.38313   1.13618   1.35255   -60.711    81.334   -35.000   -143.39    111.50      1.00
   5.46802   1.83788   5.12152   -47.358    66.793   -12.200   -143.39     85.53      1.00
   3.18329   1.11625   3.78870   -47.231    43.638   -21.968   -143.38     70.95      1.00
   4.72096   1.94091   1.46489   -84.253    48.108   -36.084   -143.38    103.52      1.00
   4.88613   2.15390   6.03793   -58.936    47.028   -42.094   -143.37     86.42      1.00
   5.88862   1.07048   5.17857   -69.965    88.285   -29.467   -143.36    116.27      1.00
   5.79589   1.93591   5.36489   -61.493    54.594     6.079   -143.35     84.94      1.00
   2.93199   2.07569   5.32202   -43.114    70.586   -28.126   -143.34     88.74      1.00
   6.29044   2.48931   6.25965   -73.235    40.460   -12.370   -143.33     87.26      1.00
   1.95676  -0.02363   2.72040   -72.970    41.928    -9.819   -143.33     84.46      1.00
   2.61882   1.20032   0.80304   -67.662    86.081   -27.238   -143.32    116.37      1.00
   4.98332   2.18824   6.13665   -58.231    46.804   -41.807   -143.30     85.63      1.00
   4.89359   2.17217   5.16501   -45.456    59.761   -23.905   -143.29     82.02      1.00
   0.67867   0.82046   5.08217   -65.250    90.369   -27.140   -143.28    113.58      1.00
   1.66464   2.57432   3.02733   -80.764    81.056   -40.411   -143.25    122.93      1.00
   3.64753   0.59944   5.14772   -64.260    36.703    -4.701   -143.25     78.07      1.00
   3.88852   2.01066   3.21136   -75.672    80.401    -0.911   -143.24    114.92      1.00
   0.44242   1.03978   1.99043   -90.508    67.039   -28.297   -143.23    119.97      1.00
   0.32575   2.33289   5.68274   -74.369    43.776    -9.212   -143.22     89.04      1.00
   5.64926   2.54012   2.77261   -77.057    40.657    -7.729   -143.21     88.55      1.00
   0.22900   1.61903   2.34763   -59.630    75.706   -38.874   -143.18    106.64      1.00
   4.45306   0.75803   2.80878   -55.974    81.140   -27.280   -143.18    105.42      1.00
  -0.28714   2.35424   0.98524   -61.406    48.436    -2.966   -143.18     80.68      1.00
   5.90490   2.78961   5.45230   -49.284    72.702    -4.986   -143.16     92.41      1.00
   2.19447   1.66273   1.90645   -58.748    43.099   -32.625   -143.14     84.07      1.00
   5.11291   1.63925   5.93026   -47.142    53.409   -26.929   -143.13     76.79      1.00
   0.96661   1.12937   4.49295   -88.887    56.901    -8.374   -143.13    104.41      1.00
   6.02898   1.62159   4.38133   -65.340    81.597   -36.097   -143.12    111.48      1.00
   0.67490   1.12679   2.62157   -54.215    79.432   -29.885   -143.11    104.77      1.00
   0.49066   1.43158   2.53260   -72.104    38.455   -12.088   -143.11     85.41      1.00
   5.10139   1.82920   1.52679   -43.177    57.194   -21.053   -143.10     75.32      1.00
   4.72857   1.79640   5.99058   -60.590    49.870   -42.431   -143.10     89.13      1.00
   4.94449   2.14786   1.04773   -78.695    50.192    -6.038   -143.09     93.68      1.00
   0.93811   2.10501   0.32574   -58.927    83.187   -23.013   -143.09    107.66      1.00
   1.59061   1.20373   1.63714   -84.273    81.596   -20.581   -143.09    123.66      1.00
   2.15137   1.57300   3.75538   -48.566    66.684    -7.496   -143.07     84.32      1.00
   1.74741   1.62858   2.80310   -55.746    68.041     4.372   -143.07     91.49      1.00
   3.65053   0.43455   5.90299   -52.201    49.359   -34.197   -143.06     83.51      1.00
   5.72601   0.60571   3.16393   -60.359    78.696   -30.422   -143.06    108.51      1.00
   4.24845   1.62849   0.07217   -83.901    84.787    -6.933   -143.06    119.42      1.00
   6.30754   0.69084   0.60140   -65.668    71.951     5.564   -143.04     99.28      1.00
   2.80494   1.98591   1.99602   -50.276    52.042   -33.409   -143.02     83.93      1.00
   5.57201   1.65875   2.60794   -89.622    72.071   -13.172   -143.02    118.52      1.00
   6.03449   1.62006   4.38297   -65.344    81.591   -36.027   -142.98    111.44      1.00
  -0.04382   1.61144   5.71497   -92.709    71.143   -28.202   -142.96    120.05      1.00
  -0.16989   2.62788   5.33417   -56.931    78.846    -3.745   -142.95    100.99      1.00
   5.23511   1.78030   2.73513   -85.538    79.666   -28.596   -142.94    122.80      1.00
   5.23219   1.78635   2.74243   -85.533    79.621   -28.551   -142.93    122.76      1.00
   5.79365   0.36845   3.03798   -61.341    79.473   -32.461   -142.92    110.45      1.00
   5.97479   1.20263   5.08033   -87.962    69.169     0.007   -142.91    111.94      1.00
   5.94207   2.22260   2.36822   -89.507    48.967   -20.092   -142.91    104.68      1.00
   0.18510   1.60901   5.65684   -92.708    69.194   -32.050   -142.82    119.78      1.00
   4.79060   2.69417   3.54144   -57.042    80.450   -34.574   -142.79    107.58      1.00
  -0.11695   2.48600   5.82645   -82.363    74.243   -42.593   -142.78    120.57      1.00
   2.02045   1.84323   3.43828   -80.360    82.040     0.446   -142.76    116.29      1.00
   4.77273   1.03549   5.76267   -50.580    55.459   -34.902   -142.75     83.73      1.00
   1.89657   1.62448   4.97641   -77.127    40.679    -9.056   -142.74     87.26      1.00
  -0.29752   2.33577   3.67968   -68.332    66.647     6.187   -142.73     97.95      1.00
   1.51525   2.66470   2.17824   -71.799    67.566     4.200   -142.71    102.81      1.00
   2.35338   1.79322   5.80273   -84.541    53.637    -1.577   -142.69    101.10      1.00
   4.48012   1.84835   5.95872   -63.631    44.686   -36.991   -142.69     86.16      1.00
   4.30785   2.08859   4.05352   -76.106    86.539   -22.702   -142.68    121.73      1.00
   0.72718   1.21623   5.76483   -73.863    42.228    -8.731   -142.67     85.90      1.00
  -0.07322   0.82099   4.91016   -53.843    43.922   -29.669   -142.65     74.77      1.00
   6.09384   1.80724   0.64927   -61.321    46.799    -5.389   -142.65     79.53      1.00
   0.85018   2.84987   0.31523   -56.815    79.105    -1.959   -142.64    102.01      1.00
  -0.17930   1.55662   4.93226   -90.280    49.976   -22.585   -142.63    105.22      1.00
   3.44679   0.16063   3.68354   -60.726    86.412   -21.689   -142.63    110.02      1.00
   3.47566   1.60909   3.36613   -67.177    83.052   -25.590   -142.63    113.75      1.00
   0.17813   1.62567   5.68446   -92.429    69.613   -32.127   -142.62    119.89      1.00
   1.92112   2.19151   4.72362   -47.153    72.526   -12.678   -142.62     87.44      1.00
   1.57084   2.64769   2.20112   -71.455    67.790     4.189   -142.58    102.78      1.00
   1.36368   1.98335   4.46924   -57.367    60.497     2.609   -142.58     83.04      1.00
   2.78921   0.78323   2.82457   -58.043    43.518    -7.530   -142.58     73.75      1.00
   2.12990  -0.06720   2.55418   -72.883    41.780    -9.199   -142.55     84.17      1.00
   5.77165   1.93638   5.35086   -61.336    54.843     6.199   -142.55     85.04      1.00
   4.07923   1.79589   4.81799   -91.587    71.521   -23.626   -142.55    120.88      1.00
   4.11367   2.48902   4.36760   -51.905    70.908    -3.249   -142.53     92.78      1.00
   4.91340   1.94605   2.97295   -56.744    81.393   -33.321   -142.51    107.52      1.00
  -0.18250   0.92748   1.23767   -89.567    61.365   -36.066   -142.50    116.46      1.00
   0.70820   0.52403   5.72490   -59.638    45.010   -32.646   -142.44     81.23      1.00
   0.12965   2.00627   1.53486   -53.782    41.597    -9.530   -142.44     71.88      1.00
   4.39404   1.17283   4.03340   -87.719    58.494    -3.239   -142.43    109.46      1.00
   5.00598   1.51170   4.29338   -70.849    85.796   -23.828   -142.43    117.52      1.00
   3.49653   2.88743   1.57944   -84.735    41.824   -14.675   -142.43     97.91      1.00
  -0.05724   0.84568   4.87953   -53.799    43.896   -29.474   -142.43     74.67      1.00
   0.69154   1.10971   2.64656   -54.069    79.080   -30.050   -142.42    104.42      1.00
   2.88742   1.72876   6.40198   -50.072    49.007   -38.909   -142.42     82.43      1.00
   4.10209   1.56419   1.36423   -79.940    50.304   -44.152   -142.41    104.75      1.00
   1.36910   0.54039   0.18961   -58.467    41.393    -3.938   -142.41     75.65      1.00
   3.74137   2.72452   4.30235   -56.633    82.130    -5.221   -142.40    104.27      1.00
   3.38235   2.59303   0.47009   -91.769    53.066   -28.190   -142.40    109.73      1.00
   2.88520   0.28783   3.67600   -47.814    51.839   -31.560   -142.39     78.23      1.00
   0.52282   1.27938   0.91893   -71.824    85.803   -23.604   -142.38    117.69      1.00
   5.59267   1.52143   2.64176   -89.839    71.764   -15.116   -142.32    118.99      1.00
   5.60520   1.64360   3.90315   -91.572    55.206    -9.747   -142.31    109.68      1.00
   4.57388   1.19055   2.45299   -86.216    65.977   -40.326   -142.30    118.21      1.00
   2.59847   2.76425   5.41921   -61.814    39.423   -16.588   -142.28     74.82      1.00
   1.56356   1.18543   5.66044   -54.405    49.850   -35.109   -142.26     82.82      1.00
   4.13696   1.29934   3.93604   -56.203    62.708   -42.925   -142.23     98.85      1.00
   0.93323   0.77460   5.58742   -61.663    40.788   -24.853   -142.22     77.83      1.00
   4.40962   0.83544   2.91894   -54.825    80.946   -26.567   -142.21    104.72      1.00
   3.92350   2.41389   3.89100   -81.724    51.979   -44.683   -142.17    109.57      1.00
   4.12596   0.71899   5.91422   -70.695    69.764     5.606   -142.16    101.41      1.00
   0.71367   1.89714   3.09802   -78.755    44.438    -6.219   -142.16     91.48      1.00
   4.78873   1.98879   0.78218   -82.245    50.867    -8.260   -142.15     96.80      1.00
   5.78069   2.18976   3.92319   -60.561    66.497     5.026   -142.14     93.21      1.00
   5.36144   2.05879   2.69807   -53.436    41.670   -20.039   -142.13     72.71      1.00
   2.75153   1.01038   2.05936   -63.076    84.314   -19.384   -142.12    109.55      1.00
   0.80009  -0.17326   6.32279   -61.195    86.535   -21.497   -142.12    110.38      1.00
   4.76143   0.87614   5.76199   -51.109    54.249   -35.461   -142.12     83.54      1.00
   3.49955   1.91557   4.20036   -90.497    57.154   -33.446   -142.11    114.46      1.00
   3.11806   1.25361   3.68793   -90.130    51.443   -18.676   -142.11    107.40      1.00
   3.86068   2.31582   0.18601   -74.678    49.393    -4.014   -142.07     89.48      1.00
   5.57534   0.99634   2.94813   -64.977    53.195     5.082   -142.05     89.06      1.00
   1.81156   1.87303   3.55108   -65.238    81.112   -28.836   -142.01    109.23      1.00
   1.61772   0.24587   1.68005   -59.018    82.048     0.662   -142.00    105.76      1.00
   3.49473   1.26253   5.47286   -52.085    53.182   -33.688   -141.96     84.92      1.00
   5.94250   1.38006   1.38248   -88.876    56.183   -11.162   -141.96    107.99      1.00
   0.90322   1.75643   5.34848   -53.069    61.093     0.679   -141.94     81.37      1.00
   0.92876   1.74437   5.35857   -53.088    60.904     0.751   -141.93     81.23      1.00
   6.18133   1.46605   4.92312   -89.638    48.690   -23.206   -141.93    103.92      1.00
   0.01927   2.32724   5.38657   -73.095    43.271    -8.083   -141.91     87.49      1.00
   4.90794   1.35780   4.52565   -89.698    62.771    -4.826   -141.90    112.44      1.00
   4.86412   0.65455   0.85311   -70.276    78.117     2.927   -141.90    104.63      1.00
   5.47649   2.63091   0.83545   -62.439    44.220   -10.226   -141.89     78.27      1.00
   1.90433   1.47014   0.77588   -89.814    56.183   -23.902   -141.87    112.61      1.00
   1.29226   2.09947   1.29841   -61.546    36.247    -8.321   -141.85     76.70      1.00
   3.25439   1.69291   6.00732   -96.124    56.088   -11.578   -141.85    112.44      1.00
   4.39283   2.86111   4.93120   -78.780    66.558   -49.171   -141.84    116.24      1.00
   2.01149   2.55051   5.03644   -43.194    65.104   -20.620   -141.83     80.73      1.00
   1.30241   1.26309   4.50283   -91.446    57.435   -13.977   -141.81    107.44      1.00
   0.64738   0.67057   0.93545   -82.492    56.446   -44.232   -141.81    112.55      1.00
   3.38385   0.69793   3.13669   -72.858    39.250   -12.162   -141.77     85.13      1.00
   0.07040   1.37464   1.76875   -61.597    78.582   -36.164   -141.74    109.29      1.00
   2.82866   1.13169  -0.17827   -52.427    48.527   -31.845   -141.72     81.81      1.00
   3.78007   3.41606   3.42650   -51.198    71.208    -1.488   -141.72     92.57      1.00
   1.24167   2.18776   1.26624   -61.509    36.218    -8.799   -141.71     76.61      1.00
  -0.10035  -0.07179   1.59075   -75.342    49.498   -45.982   -141.69    104.56      1.00
   2.73155   1.87099   1.53811   -89.780    71.630   -15.697   -141.65    119.42      1.00
   3.46898   1.17644   4.92702   -68.301    81.702     0.633   -141.61    109.79      1.00
   0.74924   1.85174   3.09559   -78.455    44.586    -5.609   -141.61     91.32      1.00
  -0.78650  -0.01947   5.65972   -70.519    41.127    -8.246   -141.59     81.54      1.00
   4.23420   1.59093   0.08258   -83.857    84.876    -6.266   -141.57    119.43      1.00
   1.24532   0.96898   2.02831   -91.864    44.805   -11.941   -141.56    106.17      1.00
   1.50834   1.61400   2.17707   -60.600    41.491   -34.161   -141.56     84.56      1.00
   1.34201   0.83568   5.13737   -64.887    47.018   -42.125   -141.56     90.11      1.00
   6.31996   2.34475   1.57747   -61.844    41.175    -8.298   -141.53     77.02      1.00
   5.70363   0.66759   5.72354   -88.835    50.999   -14.071   -141.52    102.04      1.00
   3.07571   1.98441   5.33242   -43.474    71.801   -27.577   -141.51     90.11      1.00
   4.61136  -0.04407   0.26899   -73.184    41.903   -10.171   -141.50     84.36      1.00
   1.39367   1.75204   5.97236   -75.932    47.164    -6.717   -141.48     91.50      1.00
   4.28781   1.76455   0.14726   -83.457    85.620    -8.240   -141.47    119.67      1.00
   0.66410   1.51754   1.86510   -58.199    84.229   -26.969   -141.45    110.26      1.00
  -0.07966   0.34566   6.13568   -50.489    57.458   -36.900   -141.44     84.10      1.00
   0.92547   0.77382   4.36827   -47.633    67.304    -5.845   -141.43     82.28      1.00
   4.65033   1.22135   3.51405   -63.048    81.857   -22.238   -141.43    110.39      1.00
   0.01904   0.94161   3.47712   -69.740    46.494    -3.064   -141.41     86.56      1.00
   0.73536   0.93038   1.52498   -90.294    63.409   -28.566   -141.41    118.15      1.00
   4.43123   2.34373   2.23785   -49.042    48.253   -28.568   -141.35     76.29      1.00
   0.55895   1.94712   2.77621   -59.662    43.797   -35.089   -141.32     82.91      1.00
   4.64782   1.23157   3.51906   -63.075    81.822   -22.125   -141.27    110.35      1.00
   5.12014   1.65133   0.93440   -77.603    49.794    -2.714   -141.26     92.53      1.00
   2.02605   0.89740   1.76244   -75.053    77.985   -43.880   -141.25    120.49      1.00
   1.61439   2.62876   3.40452   -70.226    38.804   -10.159   -141.23     81.35      1.00
   5.31581   0.51896   0.81975   -65.166    80.675     0.572   -141.23    103.56      1.00
   0.39154   0.71750   3.45555   -62.387    45.994    -5.189   -141.22     79.99      1.00
   1.69374   0.44857   1.75796   -55.430    81.931    -1.715   -141.21    103.62      1.00
   2.13483   0.41635   3.67919   -65.282    34.859   -13.508   -141.20     74.62      1.00
   2.84803   1.03164   3.45090   -63.093    82.810   -23.066   -141.19    108.53      1.00
   4.13598   2.28593   2.16055   -83.689    82.995   -24.083   -141.19    122.57      1.00
   3.15814   1.57612  -0.01994   -48.652    52.788   -39.343   -141.18     84.17      1.00
   4.23521   1.61470   0.09722   -83.768    84.996    -6.503   -141.18    119.45      1.00
   4.48404   1.35918   3.57329   -79.632    47.639    -6.412   -141.17     97.18      1.00
   3.93311   1.03063   2.86698   -77.454    41.649   -10.480   -141.17     91.23      1.00
   2.83781   2.04919   2.52334   -92.250    73.250   -34.418   -141.15    126.43      1.00
   1.18159   2.80818   3.65916   -53.237    75.862    -3.209   -141.12     93.57      1.00
   2.95053   2.52564   2.80663   -95.107    56.173   -24.138   -141.12    116.62      1.00
   3.57421   2.31621   0.21912   -72.550    48.144    -5.453   -141.10     87.34      1.00
   2.75077   2.03068   4.96716   -67.785    85.620   -23.206   -141.09    112.44      1.00
   1.10904   2.45063   2.69067   -68.431    37.266   -10.707   -141.09     80.07      1.00
   0.62888   2.05733   3.40855   -57.532    67.161     3.838   -141.07     90.15      1.00
   4.24290   1.38554   5.34479   -54.054    61.326   -39.485   -141.04     93.37      1.00
   4.98450   1.67556   1.64535   -87.541    48.755   -24.133   -141.02    103.82      1.00
   1.13754   0.96638   2.30959   -55.105    82.539   -26.299   -140.98    107.30      1.00
  -0.00913   0.73057   2.89253   -57.749    75.540   -33.126   -140.98    105.11      1.00
   5.79823   1.95921   5.37427   -61.697    54.685     6.037   -140.98     85.20      1.00
   2.10988   0.60627   2.78257   -71.004    86.814   -19.529   -140.96    114.97      1.00
   5.54729   1.66628   3.94538   -91.383    55.595    -8.685   -140.96    109.75      1.00
   3.62315   2.30242   5.11163   -85.748    76.291   -36.879   -140.93    121.45      1.00
   4.72140  -0.34412   1.77294   -56.838    51.433   -37.673   -140.92     85.58      1.00
   3.03659   0.85811   4.86026   -69.681    87.070    -7.521   -140.91    114.87      1.00
   0.61677   2.11705   3.38051   -58.118    66.838     3.847   -140.90     90.26      1.00
   2.66615   2.21465   3.06943   -63.492    81.213   -37.103   -140.89    113.50      1.00
   1.68266   0.84997   3.34234   -75.959    47.657    -3.870   -140.89     89.57      1.00
   4.50972   1.67630   5.85535   -62.447    49.179   -41.639   -140.88     90.03      1.00
   1.13386   0.94990   2.30206   -55.085    82.562   -26.077   -140.86    107.28      1.00
   5.10541   1.20145   5.86475   -55.115    45.761   -28.112   -140.86     76.80      1.00
   6.04975   0.89881   1.41827   -89.689    62.738   -35.708   -140.86    117.50      1.00
   1.04725   0.57774   3.87477   -76.466    40.400   -14.393   -140.85     86.70      1.00
   5.91776   0.51421  -0.36799   -50.225    59.885   -37.011   -140.84     85.30      1.00
   0.90832   2.94299   0.56873   -51.520    71.548    -0.919   -140.83     93.19      1.00
   5.54249   1.04157   2.94192   -65.140    52.541     4.623   -140.82     88.68      1.00
   1.57575   2.63856   4.97112   -86.900    45.556   -13.478   -140.80     98.62      1.00
   0.89365   2.25116   2.36265   -46.557    57.240   -34.935   -140.80     84.29      1.00
   0.87101   0.84332   3.35205   -67.612    44.862    -5.418   -140.80     82.45      1.00
   5.33725   0.52209   3.71230   -65.797    88.210   -16.775   -140.79    116.23      1.00
   0.00945   2.48450   6.00502   -81.718    74.716   -42.946   -140.79    120.63      1.00
   4.27855   1.39644   3.55729   -59.786    80.934   -22.456   -140.79    107.77      1.00
   0.83507   1.33074   4.01060   -42.571    56.513   -19.665   -140.77     73.69      1.00
   1.45030   0.55425   0.08217   -58.214    41.651    -3.207   -140.76     75.43      1.00
   0.37868   1.33270   2.07932   -86.091    76.951   -26.784   -140.74    122.11      1.00
   3.63536   1.99578   2.21502   -51.658    46.117   -28.642   -140.74     78.18      1.00
   4.95839   1.14015   0.94515   -63.940    86.648   -31.006   -140.70    111.51      1.00
   3.87326   1.91277   3.24759   -78.769    48.282    -3.854   -140.69     96.47      1.00
   4.16993   1.14255   1.46744   -87.209    54.227   -36.407   -140.69    109.30      1.00
   5.33012   2.49298   4.58131   -53.104    70.217    -2.266   -140.69     92.37      1.00
   4.78567   3.18603   2.56339   -66.807    35.626   -13.933   -140.68     78.45      1.00
   3.09090   1.45388   5.05871   -59.274    47.132   -35.719   -140.68     86.13      1.00
   5.11833   2.50527   4.18710   -71.597    74.510     3.187   -140.67    107.60      1.00
   3.00981   1.99544   5.48406   -42.482    68.886   -27.884   -140.66     87.13      1.00
   4.39552   0.84887   2.90013   -55.112    81.295   -26.405   -140.65    105.05      1.00
   1.65987   0.75243   5.30858   -60.243    87.130   -25.379   -140.64    109.69      1.00
   4.92892   2.03412   4.37828   -92.760    59.583   -29.980   -140.57    116.73      1.00
   1.74655   1.83762   2.06861   -52.909    54.185   -39.427   -140.57     89.72      1.00
   0.68030   1.92508   2.80850   -60.143    43.601   -34.475   -140.57     82.95      1.00
   1.38080  -0.08627   0.08134   -75.577    49.753   -46.560   -140.56    105.09      1.00
   0.95845   2.15807   1.48860   -84.158    42.134   -14.111   -140.56     98.56      1.00
   1.10297   2.62868   1.01491   -74.636    78.706   -45.507   -140.56    121.00      1.00
   2.81639   1.12892  -0.14964   -52.444    48.314   -31.824   -140.55     81.70      1.00
   4.58283   2.25367   2.25230   -51.368    49.919   -32.518   -140.54     80.15      1.00
   4.06671   2.41443   2.22521   -56.464    49.951   -39.001   -140.51     87.05      1.00
   1.19047   1.97106   3.39851   -56.962    67.469     2.198   -140.50     89.92      1.00
   3.14659   1.67445   5.12496   -59.259    41.127   -23.366   -140.48     77.68      1.00
   3.38176   1.01796   2.69645   -58.997    83.814   -21.937   -140.44    106.91      1.00
   6.32976   1.29408   1.42939   -62.084    79.415   -35.341   -140.42    109.57      1.00
   5.41297   1.75042   4.18775   -72.292    84.087   -28.346   -140.41    117.22      1.00
   2.15590   0.85438   2.46700   -54.762    78.025   -27.736   -140.39    101.97      1.00
   1.59549   1.13830   1.62612   -84.203    81.913   -20.472   -140.38    123.79      1.00
   5.16687   2.74934   0.17287   -59.100    49.805    -3.715   -140.35     79.44      1.00
   1.06519   2.79669   3.40860   -53.855    76.850    -2.950   -140.33     95.00      1.00
   0.89854   1.74523   5.36729   -52.983    60.873     0.727   -140.31     81.18      1.00
   1.52997   1.46752   5.85069   -55.713    46.566    -6.801   -140.30     74.63      1.00
   0.38664   1.32737   2.07669   -86.107    76.875   -26.877   -140.28    122.11      1.00
   0.53896   1.38074   0.82722   -71.526    85.408   -24.070   -140.26    117.14      1.00
   1.85515   0.66532   4.18765   -86.425    40.897   -18.656   -140.26     96.62      1.00
   3.40384   1.07238   4.90232   -67.475    81.810     0.432   -140.25    109.45      1.00
   5.22702   2.49832   2.31192   -83.692    43.830   -13.055   -140.25     96.30      1.00
   3.05674   2.40025  -0.22534   -70.718    48.542    -3.848   -140.23     86.01      1.00
   4.38494   1.76656   0.34236   -59.417    47.351    -4.346   -140.19     76.22      1.00
   2.80664   1.03168   3.50487   -63.102    82.950   -23.259   -140.18    108.62      1.00
   2.75427   1.97300   2.29401   -91.719    71.668   -35.379   -140.18    125.36      1.00
   5.53863   1.49529   0.08387   -63.860    46.876    -2.901   -140.16     79.64      1.00
   5.76134   0.49568   1.36930   -61.759    80.611    -0.285   -140.15    103.85      1.00
   1.19976   1.20289   0.13028   -53.601    43.818    -7.939   -140.13     72.90      1.00
   4.09053   1.28361   5.41737   -53.378    59.644   -38.276   -140.12     91.51      1.00
   5.56545   0.73045   4.57935   -61.598    85.018   -19.269   -140.11    109.25      1.00
   5.10577   1.05008   0.86474   -62.822    86.660   -31.982   -140.09    111.12      1.00
   2.77174   0.99396   0.28549   -50.591    52.781   -36.992   -140.09     85.99      1.00
   0.67828   1.69273   1.38613   -66.166    85.590   -26.775   -140.09    115.51      1.00
   3.44061   0.99628   2.64652   -66.385    47.439    -1.665   -140.08     83.28      1.00
   5.95938   2.65908   1.66385   -67.925    41.550   -10.209   -140.07     81.06      1.00
   3.07626   2.94197   3.96237   -58.041    82.972    -4.228   -140.06    105.18      1.00
   0.78476   2.92732   0.43674   -51.239    71.515    -0.943   -140.04     92.96      1.00
   1.60434   0.37888  -0.04745   -58.362    40.483    -4.718   -140.01     75.07      1.00
   6.07320   0.72630   5.83320   -57.474    52.003   -39.246   -139.99     85.43      1.00
   1.83911   1.00710   2.57474   -46.773    47.430   -12.413   -139.98     70.95      1.00
   2.09100   3.26892   4.41647   -74.442    42.569   -12.284   -139.97     86.38      1.00
   2.92091   1.92433   3.07025   -94.787    55.418   -27.182   -139.95    115.88      1.00
   4.95079   2.20505   5.22592   -45.273    60.274   -23.926   -139.94     82.23      1.00
   1.49316   2.35975   0.10351   -66.047    86.873    -1.589   -139.94    112.00      1.00
   5.55758   1.20387   0.43417   -93.432    59.336   -16.969   -139.88    111.58      1.00
   6.29107   1.01357   5.04169   -88.508    65.008    -1.937   -139.85    109.08      1.00
   3.41800   1.87825   1.93763   -87.675    74.911   -31.433   -139.83    122.33      1.00
   1.47826   1.03453   0.27744   -80.620    83.362    -5.390   -139.82    119.65      1.00
  -0.26218   2.92416   1.14949   -61.642    49.857    -1.201   -139.82     81.47      1.00
   5.31934   0.80619   3.29032   -83.681    68.851   -43.433   -139.78    120.47      1.00
   4.66568   2.34014   4.27441   -84.807    54.113   -42.529   -139.78    111.75      1.00
   5.55146   2.13581   3.28461   -88.191    80.682   -30.605   -139.77    125.15      1.00
   2.34725   0.86592   2.53096   -61.464    83.282   -20.636   -139.77    107.67      1.00
   5.00631   1.37684   2.11371   -72.609    39.221    -3.993   -139.74     85.20      1.00
   4.96064   2.72723   4.26209   -69.596    76.479     1.114   -139.74    107.87      1.00
   2.98110   1.20949   2.66072   -63.022    86.042   -16.865   -139.73    110.46      1.00
   1.68720   0.82076   3.31208   -75.795    47.609    -3.673   -139.73     89.43      1.00
   5.67638   2.36678   1.31213   -71.257    45.384    -6.267   -139.72     85.78      1.00
   3.16052   1.43608   6.29646   -48.499    53.902   -39.031   -139.70     85.00      1.00
   4.82430   2.10430   0.01968   -66.986    46.585    -6.783   -139.68     82.32      1.00
   3.19791   1.11737   1.68246   -64.174    87.790   -18.170   -139.66    112.22      1.00
   1.79830   0.78204   5.02053   -62.342    41.632   -29.987   -139.66     81.29      1.00
   2.83232   2.07629   2.51782   -92.541    73.379   -34.037   -139.64    126.65      1.00
   0.17873   1.61909   5.61192   -92.838    68.585   -31.861   -139.63    119.44      1.00
   5.12973   1.08162   4.93771   -65.773    86.454   -23.559   -139.63    113.54      1.00
  -0.30748   1.60239   4.35097   -65.382    81.560   -35.880   -139.61    111.58      1.00
   3.27208   2.63041   5.53349   -61.307    40.758   -16.335   -139.60     75.40      1.00
   1.10360   2.10726   3.20879   -62.409    74.659     0.765   -139.58     99.17      1.00
   5.19241   2.78387   4.35626   -55.510    70.409     0.024   -139.57     94.17      1.00
   2.03582   1.95028   3.46226   -80.347    81.584     0.925   -139.57    116.03      1.00
   6.07225   2.18637   0.85271   -63.944    86.327   -19.353   -139.56    111.31      1.00
   0.97629   2.19230   1.53749   -84.444    42.140   -13.736   -139.56     98.70      1.00
   0.57732   1.25699   0.87359   -71.900    85.713   -24.215   -139.56    117.81      1.00
   1.54928   2.51071   3.22393   -70.583    38.855    -8.859   -139.55     81.85      1.00
   2.96772   1.58046   1.62959   -85.600    52.075   -43.875   -139.52    112.21      1.00
   0.61595   0.89452   1.31286   -90.913    62.404   -29.893   -139.50    118.15      1.00
   3.99247   2.09138   5.77882   -57.285    76.745     2.201   -139.49     97.32      1.00
   5.16083   2.83316   4.90710   -49.941    71.797    -4.783   -139.49     92.40      1.00
   5.78785   0.99516  -0.04809   -50.448    55.565   -38.042   -139.48     82.97      1.00
   3.41926   1.28632   1.03930   -88.888    52.870    -5.112   -139.47    104.63      1.00
   2.81160   3.60055   4.01489   -59.884    48.720    -3.007   -139.46     79.80      1.00
   2.56657   0.24853   0.02098   -73.520    79.741     2.944   -139.46    113.11      1.00
   4.10257   0.68847   1.71782   -91.492    49.069   -16.691   -139.46    105.35      1.00
   1.73101   1.15320   1.62449   -45.373    49.928   -22.730   -139.45     76.63      1.00
   5.52853   1.85734   4.74073   -92.447    62.123   -27.104   -139.44    115.85      1.00
   5.41726   1.59104   1.38155   -87.806    54.652   -13.211   -139.43    105.29      1.00
   2.99146   2.17882   3.42301   -65.598    79.955   -38.848   -139.41    114.24      1.00
   6.13108   1.53128   4.08475   -66.307    81.147   -35.551   -139.38    111.71      1.00
   2.37194   1.14379   1.30525   -60.970    81.772   -35.343   -139.38    112.12      1.00
   5.16788   1.98440   5.02386   -47.230    66.148   -15.063   -139.37     86.07      1.00
   1.33960   2.59155   0.65973   -63.270    82.427    -1.339   -139.36    108.36      1.00
   3.68036   2.43747   5.24977   -84.349    77.027   -38.382   -139.33    121.11      1.00
   4.40054   1.81835   3.63042   -78.546    48.390    -4.097   -139.33     96.54      1.00
   3.55254   2.77194   3.59397   -72.594    79.312    -0.685   -139.30    112.16      1.00
   0.37954   1.09100   1.59903   -63.436    84.607   -26.395   -139.30    113.23      1.00
   5.46012   1.73320   3.46663   -73.930    85.219   -13.588   -139.30    117.06      1.00
   4.51407   2.30995   5.10264   -88.417    73.293   -35.366   -139.29    121.91      1.00
   1.74426   0.94676   2.90473   -57.416    44.905    -6.340   -139.28     74.78      1.00
   0.11334   1.99242   1.49162   -53.550    41.783    -9.428   -139.27     71.81      1.00
   0.27944   1.31558   3.86111   -45.020    65.105    -4.519   -139.26     81.51      1.00
   1.89178   1.59253   5.69491   -71.442    49.235    -0.853   -139.25     88.00      1.00
   3.58574   2.15367   1.44834   -85.495    42.624   -20.217   -139.24     99.61      1.00
   1.17080   1.00622   2.31679   -55.121    82.081   -26.590   -139.21    106.96      1.00
   1.21881   0.93445   5.19508   -64.230    47.525   -40.309   -139.21     88.85      1.00
   0.02076   2.32009   6.00743   -61.020    82.917   -27.831   -139.21    108.93      1.00
   1.97941   1.36576   3.96460   -89.603    51.641   -30.689   -139.18    107.28      1.00
   5.19584   2.10577   2.44877   -46.972    49.798   -25.011   -139.10     74.46      1.00
   4.17879   2.21690   2.54651   -57.390    43.567   -32.571   -139.10     81.92      1.00
   4.19916   2.30438   2.15238   -50.702    51.023   -33.666   -139.08     81.35      1.00
  -0.17228   0.46374   0.79663   -66.328    68.723     6.236   -139.08     97.38      1.00
   1.15166   1.92137   3.98915   -74.062    46.134   -46.759   -139.07     97.49      1.00
   0.79615   2.88170   0.23674   -56.819    79.407    -2.062   -139.05    102.24      1.00
   0.00492   1.63552   6.17189   -67.158    50.938     2.073   -139.04     85.91      1.00
   1.73297   1.17239   1.64258   -45.504    49.823   -22.788   -139.04     76.64      1.00
   4.36728   0.82348   2.88166   -55.677    81.570   -26.373   -139.03    105.46      1.00
   3.68964   2.35447   5.11306   -85.639    76.052   -37.129   -139.02    121.33      1.00
   4.49384   1.16694   2.48775   -86.231    66.394   -40.287   -139.02    118.49      1.00
   3.86456   3.07441   4.07762   -52.444    68.852    -1.182   -139.02     91.55      1.00
  -0.21395   0.36742   6.24073   -51.151    56.889   -37.044   -139.00     84.13      1.00
   2.11356   1.47196   0.48346   -91.995    60.476   -24.193   -139.00    116.16      1.00
   1.65981   2.54025   2.97650   -81.174    80.516   -40.737   -138.99    123.06      1.00
   4.18140   0.44191   2.69673   -74.069    39.572   -11.268   -138.99     86.74      1.00
   2.92924   1.79273   0.10556   -49.574    48.511   -38.706   -138.97     81.52      1.00
   1.05236   1.39509   0.82630   -92.810    62.643   -15.955   -138.95    117.11      1.00
   6.24636   2.49697   2.34264   -81.660    43.519   -13.189   -138.95     93.88      1.00
   5.98773   0.62732   5.36173   -88.162    49.367   -15.278   -138.93    100.78      1.00
   4.39022   2.93123   4.78742   -51.280    67.152    -2.445   -138.92     89.20      1.00
   4.11257   1.83746   4.96546   -90.746    72.267   -25.801   -138.91    120.82      1.00
   1.96433   2.53730   4.99422   -43.240    64.938   -20.774   -138.90     80.63      1.00
   3.75575   3.09928   1.55783   -67.005    35.597   -13.769   -138.90     78.73      1.00
   1.23213   2.14475   5.42479   -52.337    55.213    -3.063   -138.89     76.95      1.00
   3.46134   1.40909   5.42240   -51.401    53.063   -33.404   -138.85     84.04      1.00
   1.07931   2.02319   0.87176   -73.605    87.192   -30.977   -138.84    122.13      1.00
   1.31225   2.81995   3.78821   -65.696    81.417    -0.358   -138.84    105.13      1.00
   1.96329   1.16523   5.19547   -63.373    46.644   -41.037   -138.83     89.62      1.00
   3.45047   1.22392   6.09521   -55.389    80.468   -33.587   -138.82    105.89      1.00
   1.55506   0.58167  -0.05483   -58.689    42.304    -3.351   -138.78     76.01      1.00
  -0.39487   3.02724   1.95785   -75.037    42.404   -12.747   -138.76     86.86      1.00
   5.77363   0.99005   3.93254   -80.146    56.598     4.147   -138.75    101.03      1.00
   0.81881   2.31049   0.12187   -77.169    45.874   -11.362   -138.75     93.64      1.00
   1.28180   1.90278   0.20703   -51.466    41.294   -11.413   -138.73     70.48      1.00
   0.08355  -0.15796   0.71000   -61.267    87.088   -21.493   -138.70    110.64      1.00
   1.80391   2.00710   3.48821   -80.578    82.992    -0.121   -138.67    116.86      1.00
   1.01336   1.93591   0.78996   -74.442    86.723   -29.705   -138.67    121.84      1.00
   1.77862   1.45236   0.18037   -87.385    55.963    -7.945   -138.67    107.26      1.00
   4.93558   1.85149   4.12317   -67.116    80.749   -30.501   -138.67    113.05      1.00
   2.83318   0.61077   2.26070   -54.389    67.653   -40.897   -138.67     97.34      1.00
   3.06082   1.35709   2.17000   -83.761    66.968   -45.796   -138.66    119.16      1.00
   3.96073   2.07723   4.33749   -68.770    85.703   -28.647   -138.65    117.45      1.00
   2.54399   0.58813   4.47597   -59.324    40.734   -28.397   -138.64     79.07      1.00
   5.62938   1.25625   6.14940   -65.662    42.581    -3.103   -138.63     78.18      1.00
   0.36619   1.56728   6.12383   -72.377    87.440   -10.752   -138.59    115.22      1.00
   5.37874   3.35127   6.23763   -59.607    83.878    -4.321   -138.54    106.95      1.00
   2.94313   0.76785   2.71583   -57.446    44.576    -6.138   -138.53     73.84      1.00
   5.91855   0.90788   3.40695   -57.355    50.175    -0.571   -138.53     80.70      1.00
   3.24362   1.18425   0.62484   -64.617    83.660   -31.574   -138.52    112.53      1.00
   2.02718   1.82905   2.18393   -45.047    57.325   -32.610   -138.50     84.65      1.00
   4.80690   1.67252   3.27834   -87.041    49.856    -2.680   -138.50    104.26      1.00
   1.74087   0.93319   2.89073   -57.654    45.116    -6.196   -138.49     75.11      1.00
   5.53776   1.80988   4.19796   -57.274    70.377     3.848   -138.47     94.68      1.00
   4.15444   2.26571   2.48414   -64.159    37.537   -27.716   -138.47     82.19      1.00
   4.89489   1.99647   0.89315   -82.664    51.903    -8.695   -138.46     97.87      1.00
   4.94960   1.35993   2.19499   -73.585    38.943    -4.495   -138.46     86.07      1.00
  -0.08563   1.63874   2.49086   -88.222    45.098   -16.000   -138.46    102.51      1.00
   1.51318   1.59490   2.22156   -61.258    41.395   -34.041   -138.44     84.84      1.00
   5.39556   2.98322   1.44020   -74.304    42.586   -12.549   -138.43     86.34      1.00
   3.79238   2.16094  -0.19795   -70.941    46.754    -3.527   -138.42     85.15      1.00
   1.99590   2.09166   4.37039   -81.762    54.604   -47.360   -138.42    108.29      1.00
   0.06944   0.32473   4.91230   -68.402    85.790   -30.766   -138.41    113.51      1.00
   2.86640   1.27429   4.74625   -62.137    45.487   -38.682   -138.41     88.38      1.00
   2.81575   2.15523   2.18116   -62.391    82.825   -32.520   -138.40    113.03      1.00
   0.17780   0.63439   3.95167   -47.740    44.957   -26.656   -138.38     72.42      1.00
  -0.07110   2.23354   0.66307   -67.363    87.454   -21.624   -138.34    114.89      1.00
   4.08438   1.05915   1.25371   -75.316    41.983    -6.052   -138.33     86.60      1.00
   3.75239   1.57667   3.01356   -55.603    81.543   -21.375   -138.33    104.91      1.00
   1.55846   0.87692   6.04544   -58.176    43.873    -4.572   -138.32     75.80      1.00
   0.08367   2.37384   4.76939   -65.016    78.478     0.891   -138.31    104.03      1.00
   2.43039   1.95940   1.23701   -87.287    74.902    -7.233   -138.28    119.07      1.00
   1.77653   1.36867   5.56981   -78.435    77.714   -45.469   -138.28    120.23      1.00
   0.17156   0.62562   3.96480   -47.762    44.914   -26.585   -138.27     72.36      1.00
   1.34573   0.48852   2.50851   -54.565    51.208    -0.714   -138.27     78.31      1.00
   2.38705   2.14037   0.86094   -86.229    61.771    -0.847   -138.25    109.44      1.00
   1.90116   1.31118   5.86818   -75.250    50.775     1.701   -138.23     92.78      1.00
   1.49367   1.21987   3.41688   -76.412    85.507   -22.175   -138.23    117.52      1.00
   5.07957   1.17635   6.02262   -59.106    44.658   -31.527   -138.23     79.91      1.00
   0.17180   0.63337   3.95200   -47.707    44.981   -26.632   -138.21     72.42      1.00
   3.79370   1.28104   0.97248   -88.220    46.896   -22.824   -138.21    102.88      1.00
   1.76548   2.17327  -0.40517   -62.308    43.990   -11.720   -138.20     78.57      1.00
   2.07672   1.57087   2.24977   -58.704    82.224   -33.789   -138.19    110.81      1.00
   1.74463   0.38647   1.67173   -56.524    82.297    -1.030   -138.19    104.49      1.00
   1.62562   2.67454   3.18708   -68.992    37.423   -10.875   -138.19     80.20      1.00
   1.78259   1.42625   5.96142   -74.303    51.837     2.586   -138.18     92.70      1.00
   2.76357   0.76216   1.75913   -67.858    89.212   -13.624   -138.16    115.07      1.00
   0.19260   1.59282   0.32309   -66.493    47.299    -5.233   -138.15     83.99      1.00
   1.35459   0.85334   0.52616   -79.422    82.657    -1.120   -138.15    118.76      1.00
   0.28211   2.40123   1.06952   -48.782    49.799    -4.521   -138.15     73.96      1.00
   2.61043   1.37208   4.45283   -92.780    57.884   -31.757   -138.15    114.66      1.00
   1.27037   0.33896   2.99856   -57.552    80.951   -21.191   -138.14    103.79      1.00
   3.14734   1.88051   1.64095   -86.786    74.740   -32.575   -138.12    121.94      1.00
   2.98971   1.34792   5.19032   -63.965    45.293   -38.563   -138.12     89.68      1.00
   2.42395   0.25537   2.19074   -71.005    41.918    -9.937   -138.09     83.40      1.00
   4.99276   1.01699   0.98648   -62.162    87.470   -30.549   -138.08    111.08      1.00
   1.88380   0.62151   5.91418   -73.279    45.685    -2.063   -138.08     89.47      1.00
   0.91646   0.48958   2.72021   -67.252    87.680   -14.298   -138.07    115.17      1.00
   1.85803   0.46634   1.77885   -56.345    83.721   -24.813   -138.06    108.15      1.00
   0.81198   1.08275   1.74472   -91.187    64.624   -27.744   -138.02    119.23      1.00
   5.36242   0.34760   1.67667   -68.790    73.857     4.364   -138.02    103.19      1.00
   1.25611   0.34717   1.98125   -58.946    80.824     1.831   -138.01    104.97      1.00
   2.88690   2.09594   5.30362   -43.188    70.651   -27.965   -138.01     88.68      1.00
   5.69947   1.14096   2.85839   -45.616    71.554   -10.947   -138.01     90.40      1.00
   4.59918   3.53800   3.63648   -92.505    51.519   -16.963   -137.99    110.61      1.00
   3.76790   1.35247   1.01551   -88.119    47.244   -22.351   -137.99    102.97      1.00
   0.92342   2.23331   4.12849   -86.055    45.520   -10.250   -137.96     97.05      1.00
   4.03094   1.83782   3.15070   -57.499    82.180   -23.291   -137.95    107.30      1.00
   0.84468   1.32841   3.98271   -42.451    56.987   -19.812   -137.93     74.09      1.00
   3.51360   1.99163   2.77331   -45.352    51.224   -33.974   -137.92     80.48      1.00
  -0.08190   0.85271   3.25745   -55.793    49.770    -1.980   -137.90     79.17      1.00
   4.44848   0.74352   2.78265   -56.407    81.445   -27.307   -137.90    105.81      1.00
   1.72723   1.79437   2.01379   -52.536    54.600   -39.333   -137.89     89.80      1.00
   5.51480   1.43588   3.73613   -41.883    62.186   -29.689   -137.87     84.24      1.00
   4.67162   1.27218   0.40124   -57.160    43.384    -4.202   -137.87     71.69      1.00
   1.49600   0.95328   2.95987   -58.845    44.393    -6.377   -137.86     75.69      1.00
   1.96218   2.31209   0.88315   -91.588    52.881   -21.844   -137.85    111.67      1.00
   0.04249   2.20391   1.13561   -52.839    42.975   -38.764   -137.83     79.72      1.00
   3.35679   0.87321   5.89467   -51.641    49.294   -31.780   -137.83     81.97      1.00
   2.89014   1.16560   1.56577   -83.643    74.806   -37.565   -137.82    120.85      1.00
   0.79023  -0.45890   6.11484   -74.683    39.609   -11.852   -137.82     87.43      1.00
   5.46703   2.25400   2.43019   -88.000    71.560    -5.740   -137.81    115.13      1.00
   4.61445   1.43937   2.98822   -55.242    45.804    -7.280   -137.77     76.38      1.00
   0.29555   2.37512   1.07797   -48.831    49.795    -4.246   -137.77     74.01      1.00
   0.45027  -0.14919   2.03266   -61.368    69.030     4.783   -137.75     97.55      1.00
   0.73669   2.14108   4.94491   -86.311    59.381   -43.127   -137.74    112.54      1.00
   1.52519   0.96844   2.20640   -55.210    80.045   -30.054   -137.71    106.16      1.00
   5.41603   1.04991   1.31435   -75.728    77.012     4.752   -137.70    109.61      1.00
   1.98976   0.86003   5.63379   -68.371    37.738   -21.509   -137.69     83.36      1.00
   4.80574   1.37993   0.47911   -74.519    42.497   -33.582   -137.69     91.08      1.00
   1.07194   1.30973   5.14628   -90.067    76.387   -24.048   -137.69    119.62      1.00
   0.16164   1.84644   4.76659   -89.859    57.384   -34.752   -137.69    111.54      1.00
   0.29204   2.91549   0.00758   -97.063    59.748   -19.558   -137.68    118.82      1.00
   1.80752   1.55715   5.72896   -70.506    49.856     0.385   -137.67     87.69      1.00
   5.67007   1.14593   5.73332   -59.569    49.230   -42.023   -137.66     86.78      1.00
   3.42580   1.27922   5.99446   -62.919    44.088   -34.717   -137.66     86.53      1.00
   4.54719   0.77611   2.78567   -55.364    80.887   -28.140   -137.66    105.22      1.00
   5.67659   1.76859   4.70184   -73.230    85.918   -24.383   -137.66    117.27      1.00
   0.32232   2.33865   1.09425   -48.913    49.830    -3.918   -137.64     74.13      1.00
   1.76761   2.63308   3.35203   -69.590    37.804    -9.772   -137.62     80.65      1.00
   4.86104   1.48683   0.58099   -59.269    44.576    -1.869   -137.62     74.14      1.00
   2.94557   1.89538   0.76584   -88.490    52.540   -26.972   -137.62    108.50      1.00
   2.86258   0.62545   2.19656   -54.318    68.087   -40.941   -137.61     97.70      1.00
   1.16055   0.56760   5.04013   -58.897    46.585   -36.038   -137.61     82.55      1.00
   2.19111   2.92508   6.39123   -68.675    36.524   -15.416   -137.59     81.04      1.00
  -0.17885   2.92904   1.26414   -61.705    49.717    -1.280   -137.54     81.38      1.00
   3.05069   1.87357   1.64269   -88.588    74.824   -18.579   -137.54    120.49      1.00
   1.74119   1.75395   1.94993   -52.385    54.510   -39.600   -137.53     89.86      1.00
   2.05539   1.83993   2.28327   -44.609    56.336   -32.552   -137.53     83.56      1.00
   0.22900   1.52934   5.81194   -72.207    44.100    -4.196   -137.51     85.39      1.00
   3.85376   2.05988   3.23440   -75.713    80.094    -0.670   -137.49    114.76      1.00
   1.40178   1.79838   1.13897   -88.427    50.748   -23.127   -137.49    108.72      1.00
   4.59177   1.36110   3.50585   -78.186    46.564    -5.945   -137.46     95.40      1.00
   1.72100   2.26603   4.70054   -45.809    71.565   -13.833   -137.46     85.94      1.00
   0.07968   0.85614   4.78312   -45.205    61.060    -9.164   -137.46     76.82      1.00
   4.79306   1.37996   0.43203   -57.674    44.276    -3.092   -137.43     72.63      1.00
   1.59214   0.53710   1.83959   -54.861    81.484    -1.291   -137.42    103.08      1.00
   1.03730   2.01737   3.39184   -57.813    66.639     2.938   -137.40     89.81      1.00
   2.99634   0.13106   4.13612   -60.826    86.563   -22.081   -137.40    110.18      1.00
   0.72533   2.36923   0.04512   -77.452    45.936   -10.672   -137.39     93.78      1.00
   3.36046   2.50526   3.52414   -80.328    50.705   -45.559   -137.39    108.23      1.00
   0.42457   1.65213   0.87086   -70.537    86.887   -22.995   -137.33    117.33      1.00
   6.06015   1.71317   2.08456   -91.964    67.276   -15.326   -137.33    117.32      1.00
   3.67912   2.21211   1.11728   -87.571    50.553   -26.825   -137.30    105.60      1.00
   5.54231   1.06265   3.25713   -62.214    49.351    -0.544   -137.29     84.14      1.00
   1.05107   2.05120   3.25562   -57.505    67.637     2.677   -137.28     90.72      1.00
   5.17743   1.65483   0.78700   -90.071    55.897   -13.831   -137.26    106.69      1.00
   3.20282   1.08008   3.24608   -73.222    62.346   -52.027   -137.26    111.70      1.00
   0.85771   1.54686   2.78466   -58.516    41.763   -27.899   -137.24     79.17      1.00
   1.93214   0.47417   1.51828   -54.490    82.519    -3.303   -137.24    103.59      1.00
   1.65253   0.85632   3.38058   -76.236    47.757    -3.845   -137.22     89.79      1.00
   4.38491   1.18628   4.08946   -88.170    58.894    -3.540   -137.22    110.00      1.00
   0.90364   2.28719   4.14312   -86.674    45.696   -10.883   -137.21     97.79      1.00
   4.27436   1.98209   4.56284   -50.708    72.372    -5.670   -137.21     93.28      1.00
   3.43389   1.25740  -0.25860   -63.192    43.920   -34.846   -137.20     86.70      1.00
   5.23527   1.47218   4.97031   -91.194    69.995    -9.993   -137.20    116.87      1.00
   0.14960   1.96430   1.60342   -54.334    41.296    -9.145   -137.20     72.16      1.00
   1.12803   1.94281   3.96696   -73.707    46.488   -46.720   -137.16     97.39      1.00
   5.68778   2.72332   3.55452   -57.251    73.977     1.672   -137.15     95.85      1.00
  -0.20472   1.20084   0.19624   -48.340    51.744   -37.462   -137.14     79.61      1.00
   1.19952   1.93144   4.00886   -74.109    46.360   -47.252   -137.11     97.87      1.00
   3.93982  -0.10701   2.81692   -45.940    53.036   -32.273   -137.11     78.12      1.00
   4.12711   1.89296   4.29031   -91.358    56.359   -25.465   -137.10    113.22      1.00
   2.22635   1.97788   5.25329   -66.506    49.277    -1.424   -137.09     82.87      1.00
   4.45348   2.57903   5.14013   -87.684    73.244   -37.599   -137.09    121.99      1.00
   4.87207   1.99805   1.01596   -83.741    53.070    -8.834   -137.06     99.49      1.00
   1.59809   2.13761   1.98753   -51.776    54.002   -38.418   -137.05     88.32      1.00
   3.29940   1.37827   1.76604   -86.384    73.180   -36.291   -137.03    120.99      1.00
   0.97320   2.22707   1.35196   -82.007    42.055   -13.628   -137.01     96.72      1.00
   5.34175   2.19046   1.55023   -89.166    54.237   -15.746   -137.00    105.94      1.00
   3.90732  -0.11812   2.84474   -45.961    53.028   -32.248   -136.98     78.08      1.00
   3.81664   2.67967   6.11133   -68.980    44.983    -9.089   -136.97     82.71      1.00
   2.54856   0.38381   1.32990   -81.929    70.831   -43.093   -136.97    118.98      1.00
   4.26863   0.72052   2.11825   -91.514    75.111   -22.090   -136.96    121.61      1.00
   0.58542   0.83580   1.32312   -45.130    40.824   -29.663   -136.94     72.10      1.00
   4.20304   0.68446   2.21617   -91.307    75.958   -22.875   -136.93    122.20      1.00
   3.14485   1.41431   5.74554   -63.606    44.645   -35.946   -136.91     87.87      1.00
   2.76743   1.70992   2.15478   -48.377    51.664   -34.025   -136.90     82.59      1.00
   1.30541   2.13170   1.24245   -60.397    36.177    -8.194   -136.89     75.72      1.00
  -0.14358   1.57291   4.31814   -65.808    82.080   -35.062   -136.88    111.62      1.00
   0.15373   1.78228   4.78670   -89.613    57.570   -34.314   -136.78    111.23      1.00
   3.69904   0.47697   0.61449   -64.307    77.135     2.191   -136.78    101.80      1.00
   1.65726   0.80313   3.34269   -76.147    47.601    -3.426   -136.76     89.64      1.00
   1.98294   1.21095   1.02458   -91.033    66.023   -24.041   -136.75    119.14      1.00
   0.09028   1.39099   3.92291   -46.461    65.652    -2.604   -136.75     82.97      1.00
   3.32067   1.17128   5.47293   -52.708    53.147   -33.584   -136.75     85.45      1.00
   2.70368   0.02496   2.44749   -77.255    40.893   -10.718   -136.75     87.12      1.00
   2.75886   2.67167   1.77573   -88.793    49.075   -16.116   -136.74    106.55      1.00
   3.78086   2.40694   3.81076   -81.479    51.193   -44.439   -136.73    108.91      1.00
   1.03672   1.77630   3.07015   -61.561    41.748   -34.013   -136.72     82.53      1.00
   2.21495   1.46236   5.70913   -52.908    51.426   -35.537   -136.72     83.83      1.00
   3.50825   1.90893   2.83529   -45.417    50.405   -33.180   -136.70     79.61      1.00
  -0.37111   1.68248   3.73196   -90.349    53.712    -8.305   -136.68    107.25      1.00
   2.60682   2.08341   1.70505   -85.964    48.963    -9.831   -136.66    103.32      1.00
   5.51801   2.08456   2.09145   -91.640    54.323   -28.591   -136.65    111.00      1.00
   1.28880   2.10282   6.05451   -74.760    44.306    -9.947   -136.65     89.67      1.00
   1.02913   2.18635   1.11250   -70.589    87.189   -31.433   -136.65    120.54      1.00
   1.15002   2.50242   2.75095   -68.529    37.573   -11.059   -136.65     80.22      1.00
   3.00218   2.12669   1.77661   -50.246    52.009   -34.351   -136.65     83.79      1.00
   0.74952   1.87333   3.88281   -73.627    75.210     3.029   -136.64    105.66      1.00
   5.58943   2.26520   3.72594   -61.649    67.088     5.028   -136.63     94.60      1.00
   1.67992   1.09443   1.01289   -90.384    54.082   -16.839   -136.62    110.99      1.00
   3.85021   2.21817   2.36524   -64.126    38.933   -29.602   -136.61     83.76      1.00
   5.84425   2.11285   4.07059   -60.201    65.829     5.389   -136.60     92.44      1.00
   5.61368   1.24621   6.22188   -65.549    42.654    -3.170   -136.59     78.12      1.00
   4.86061   2.68784   5.13361   -43.877    63.590   -25.167   -136.59     85.10      1.00
   0.80110   1.86429   5.78697   -52.645    55.922    -1.199   -136.59     78.48      1.00
   3.00486   1.53947   0.29203   -92.004    61.420   -33.223   -136.58    117.24      1.00
   3.14576   2.04870   3.96289   -85.905    52.483   -39.759   -136.58    110.21      1.00
   4.25531   1.22098   2.75546   -77.672    75.016   -40.781   -136.55    118.37      1.00
   5.44712   1.54830   0.18732   -61.987    47.102    -2.005   -136.53     78.33      1.00
   5.29773   2.03990   4.57707   -92.389    56.232   -26.588   -136.51    113.23      1.00
   0.25429   1.64898   5.57687   -92.474    68.402   -33.292   -136.50    119.44      1.00
  -0.01306   2.54228  -0.30880   -81.841    74.294   -43.163   -136.49    120.64      1.00
   0.72135   2.22780   3.11308   -59.616    66.035     4.574   -136.49     90.99      1.00
   2.14491   2.58382   5.21329   -43.099    65.342   -19.909   -136.49     80.75      1.00
   4.47480   0.50575   3.89463   -74.189    62.954     6.700   -136.49    102.21      1.00
   0.73453   1.03664   2.62269   -54.670    79.024   -30.727   -136.48    104.98      1.00
   3.64226   0.70581   5.07723   -64.348    36.784    -4.560   -136.47     78.03      1.00
   1.38741   1.82636   5.25034   -88.198    75.575   -34.080   -136.46    120.53      1.00
   5.03574   2.66465   2.19949   -84.185    43.945   -14.366   -136.44     96.78      1.00
   0.58611   2.90650   3.15421   -67.279    82.186    -0.792   -136.43    106.77      1.00
  -0.01923   2.35209   5.35097   -73.096    42.913    -7.962   -136.42     87.36      1.00
   0.72450   2.01880   4.94084   -41.536    58.737   -26.986   -136.42     76.48      1.00
   4.39468   1.82107   0.33635   -59.244    47.507    -3.931   -136.37     76.19      1.00
   1.15040   2.71748   5.18837   -61.491    88.969   -27.211   -136.35    111.88      1.00
   5.33285   0.35119   3.98486   -62.839    87.880   -18.501   -136.34    114.30      1.00
   0.14487   0.88899   0.80827   -93.389    62.779   -31.118   -136.32    118.74      1.00
   5.46180   1.84551   5.12772   -47.333    66.591   -11.783   -136.31     85.33      1.00
   4.82280   0.47773   4.19479   -89.293    47.842   -40.182   -136.31    112.07      1.00
   5.72206   0.28235   3.49155   -75.482    75.537   -42.842   -136.31    119.07      1.00
   2.63413   2.10364   1.39241   -84.457    48.091   -11.637   -136.29    101.57      1.00
   0.20949   2.34314   2.11086   -80.708    57.875     2.276   -136.28    101.35      1.00
   5.29965   1.96950   4.23452   -61.167    72.036     5.059   -136.28     98.86      1.00
   3.02996   1.47041   0.30928   -91.726    61.544   -33.785   -136.25    117.31      1.00
   0.29138   0.89176   3.82628   -48.341    45.106   -28.407   -136.24     73.29      1.00
   5.59988   1.22499   3.47191   -60.533    48.810     1.227   -136.20     82.20      1.00
   0.95548   1.72000   5.39539   -52.949    60.224     0.859   -136.17     80.66      1.00
   4.15076   0.41065   1.05762   -75.257    41.535    -8.205   -136.17     85.72      1.00
   5.61819   1.81034   4.75655   -72.137    85.343   -26.051   -136.13    116.59      1.00
   0.40922   3.21261   4.60570   -68.223    35.289   -13.882   -136.13     79.93      1.00
   4.41439   2.03693   5.04980   -46.790    52.169   -18.348   -136.12     75.93      1.00
   0.90357   1.91015   1.56088   -86.540    42.135   -16.185   -136.11    101.00      1.00
   5.49148   1.77394   5.10276   -47.743    66.821   -11.399   -136.11     85.57      1.00
   2.84420   2.45462   2.54269   -94.567    53.774   -24.418   -136.10    115.17      1.00
   0.96403   1.71735   4.65697   -87.452    58.613   -41.184   -136.07    111.46      1.00
   0.14723   2.35164   2.08456   -80.679    57.788     2.163   -136.07    101.21      1.00
   4.07317   1.68883   3.38166   -58.726    82.166   -21.742   -136.05    107.86      1.00
   1.30400   1.47470   0.33154   -78.052    85.369   -33.442   -136.04    123.45      1.00
   3.01575   0.31639   3.56417   -47.866    51.250   -31.860   -136.03     78.12      1.00
   3.15555   1.52203   3.27175   -74.560    48.261     1.780   -136.01     91.40      1.00
   5.23966   1.81757   2.73397   -85.590    79.501   -29.198   -136.01    122.78      1.00
   5.07633   1.37061   4.39771   -89.946    61.804    -3.460   -136.00    112.07      1.00
   2.45008   1.70104   5.07766   -57.269    47.520   -39.919   -135.94     85.35      1.00
   1.72987   2.28675   2.71138   -60.021    67.502     3.598   -135.94     94.31      1.00
   4.49753   1.29784   2.99540   -74.239    44.483    -4.999   -135.94     90.56      1.00
   5.53043   0.05097   2.97512   -65.628    85.990   -23.271   -135.93    115.61      1.00
   0.41671   0.91735   6.06017   -68.359    45.265   -38.520   -135.92     90.29      1.00
   5.42643   1.42814   3.43711   -90.388    69.687   -39.851   -135.91    123.54      1.00
   4.74067   1.78971   4.47400   -90.267    55.073   -33.120   -135.91    113.12      1.00
   6.13490   2.27974   0.31576   -92.080    50.029   -22.268   -135.85    108.56      1.00
   1.79152   1.26434   1.32457   -43.832    58.160   -16.960   -135.84     80.43      1.00
   0.31776   1.56864   3.17197   -63.965    79.867   -35.655   -135.83    110.14      1.00
   0.39467   0.60502   3.49585   -57.664    78.522   -25.533   -135.81    103.48      1.00
   4.91908   0.64953   3.43549   -49.909    41.762   -37.122   -135.79     79.33      1.00
   0.82257   1.90118   5.17000   -53.884    62.875     0.461   -135.78     83.26      1.00
   1.61389   1.50895   1.53916   -85.626    81.642   -34.288   -135.78    127.68      1.00
   3.64339   2.49802   3.11471   -69.196    84.433   -29.479   -135.77    117.49      1.00
   5.78751   2.06092   4.07636   -60.389    66.612     5.372   -135.76     93.29      1.00
   4.39758   1.18293   4.12069   -87.872    59.110    -3.357   -135.76    109.86      1.00
   1.06261   0.44501   2.60662   -66.992    87.769   -15.026   -135.76    115.14      1.00
   1.87713   1.35625   4.98532   -56.403    55.108   -44.949   -135.75     90.92      1.00
   1.25420   1.77228   2.79138   -49.174    45.089   -25.628   -135.74     74.13      1.00
   3.45509   1.68346   5.13237   -58.520    51.094   -40.430   -135.70     89.85      1.00
   4.85261  -0.04880   1.94562   -45.628    52.728   -31.977   -135.69     77.83      1.00
   0.05885   0.93605   4.69731   -52.700    44.009   -29.232   -135.68     74.00      1.00
   3.85944   1.48252   3.11784   -54.258    79.894   -23.398   -135.68    103.35      1.00
   0.06248   1.99156   0.68810   -93.207    58.246   -32.620   -135.68    116.08      1.00
   1.94559   1.65504   2.92306   -52.937    68.135     1.081   -135.67     89.55      1.00
   2.97591   1.92340   3.12178   -94.953    55.651   -26.444   -135.67    115.98      1.00
   3.45392   1.12643   3.84984   -48.819    41.952   -25.938   -135.62     73.00      1.00
   0.27905   1.88872   0.31652   -55.308    42.676   -12.328   -135.60     73.59      1.00
   3.12345   1.53322   3.26976   -75.014    48.414     1.862   -135.60     91.82      1.00
   0.11322   3.03733   2.46308   -98.778    54.444   -21.021   -135.59    113.94      1.00
   1.16828   1.91033   3.99983   -51.180    65.150    -2.356   -135.54     83.16      1.00
   3.58026   1.61733   1.97180   -90.185    45.448   -22.169   -135.52    105.66      1.00
   1.20651   1.23855   3.59394   -69.675    83.147   -28.640   -135.52    112.64      1.00
   1.60210   2.18102   2.58327   -64.998    67.152     5.093   -135.49     97.44      1.00
   6.11124   1.55425   5.69345   -92.767    71.566   -24.044   -135.45    119.39      1.00
   2.04527   0.53042   5.75515   -73.382    44.646    -2.490   -135.45     89.06      1.00
  -0.15932   1.60655   4.37703   -65.803    82.518   -35.454   -135.41    112.02      1.00
   1.47691   1.00366   0.22523   -80.929    83.047    -5.006   -135.41    119.51      1.00
   0.18757   0.03912   2.03602   -65.517    86.026   -23.643   -135.39    115.64      1.00
   4.12139   2.62150   5.25205   -82.607    71.869   -43.522   -135.39    118.85      1.00
   1.05819   1.52306   0.53860   -77.235    85.956   -29.071   -135.37    122.50      1.00
   0.02261  -0.28433   1.39808   -73.268    48.356   -45.855   -135.36    102.29      1.00
   3.29996   1.52556  -0.04634   -47.567    53.526   -38.114   -135.36     83.41      1.00
   5.11561   0.46559   5.91900   -47.489    43.990   -22.467   -135.35     68.62      1.00
   0.86323   1.85378   1.99135   -65.656    36.542    -8.590   -135.35     79.26      1.00
   2.64662   0.95765   1.69872   -58.018    79.750   -29.484   -135.34    106.08      1.00
   1.19799   1.23505   3.58264   -69.734    83.153   -28.625   -135.33    112.71      1.00
   0.01018   0.91203   4.66513   -52.496    44.219   -29.299   -135.31     74.19      1.00
   3.20569   0.29797   5.84562   -65.135    70.057     5.328   -135.26    100.35      1.00
   4.11061   1.01251   3.88522   -68.308    84.644   -23.734   -135.23    115.85      1.00
   3.30188   2.05591   3.29257   -75.204    81.875    -3.450   -135.23    115.41      1.00
   4.15854   0.89025   0.12279   -57.878    76.802     0.726   -135.20     97.28      1.00
   3.93816   2.79091   4.76830   -78.580    66.473   -49.455   -135.19    115.82      1.00
   4.58601   1.91828   2.02369   -44.429    52.985   -18.889   -135.16     73.29      1.00
   4.93399   0.40581   4.18375   -61.254    84.317   -23.336   -135.14    111.65      1.00
   4.79895   1.07247   1.55453   -52.290    59.862     1.582   -135.14     80.45      1.00
   4.22923   1.89667   5.03312   -90.851    72.826   -27.796   -135.14    121.52      1.00
   0.04607   2.12352   1.25771   -53.841    43.005   -39.891   -135.13     80.90      1.00
   0.60055   1.03063   1.11680   -92.365    62.440   -12.329   -135.10    116.11      1.00
  -0.10544   2.06387   0.73797   -55.050    49.754    -4.354   -135.09     77.26      1.00
   4.35910   1.82721   0.32865   -59.105    47.626    -4.123   -135.09     76.18      1.00
   0.99202   0.94879   6.00516   -90.370    50.752    -9.107   -135.08    105.38      1.00
   3.68602   0.22540   2.58961   -45.519    57.841   -33.443   -135.03     81.26      1.00
   6.09435   1.54980   5.71410   -92.629    71.899   -24.062   -135.01    119.49      1.00
   3.23240   2.16223   4.05106   -85.916    53.917   -40.494   -135.01    111.17      1.00
   4.57242   0.69299   2.70851   -56.270    80.921   -28.510   -135.01    105.64      1.00
   0.53418   1.00528   5.15963   -65.538    90.300   -28.880   -135.00    114.12      1.00
   4.84769   1.57031   0.58147   -58.880    45.043    -1.840   -135.00     74.19      1.00
   4.77218   1.35677   2.52516   -60.132    86.001   -29.343   -134.98    111.72      1.00
   4.98289   1.51500   3.70950   -68.378    84.176   -21.332   -134.96    114.83      1.00
   1.22075   0.90543   2.44625   -53.531    76.327   -35.118   -134.94    103.71      1.00
   4.74421   1.72740   2.52359   -59.498    85.766   -30.232   -134.93    111.12      1.00
   6.05733   1.24638   5.04456   -88.689    67.555     0.010   -134.93    111.48      1.00
   5.04351   2.79780   4.35730   -69.517    75.875     1.656   -134.92    107.37      1.00
   2.30035   0.60644   3.60271   -42.155    57.422   -10.596   -134.92     72.37      1.00
   0.02415   2.01465   0.18653   -60.146    54.453     2.131   -134.86     84.14      1.00
   2.61233   2.24407   3.01644   -63.189    81.554   -36.718   -134.86    113.50      1.00
   0.91926   0.77401   4.34345   -47.602    67.226    -6.409   -134.86     82.29      1.00
   2.22912   1.33921   0.41202   -90.105    56.420   -12.465   -134.85    110.38      1.00
   4.82276   0.64918   0.23190   -76.556    37.148   -23.905   -134.84     87.30      1.00
   5.46034   0.63498   1.40543   -65.282    83.789    -0.034   -134.84    107.85      1.00
   5.68098   0.89325   2.86192   -55.338    48.531    -3.495   -134.83     78.82      1.00
   5.27900   1.97046   4.21625   -61.280    71.933     5.292   -134.77     98.92      1.00
   5.34023   2.53991   2.14021   -81.455    42.458   -13.010   -134.77     93.30      1.00
   0.93279   1.96074   0.33782   -67.807    88.675   -16.233   -134.74    116.01      1.00
   5.52497   1.60560   2.59266   -89.989    71.323   -14.276   -134.74    118.55      1.00
   1.20858   1.94888   0.45960   -67.304    87.406   -21.158   -134.74    115.80      1.00
   4.12352   2.21964   2.48651   -57.106    44.019   -32.718   -134.73     82.01      1.00
   1.81301   2.46965   3.14684   -81.321    80.578   -40.576   -134.72    123.09      1.00
   1.27572   2.67992   2.92025   -56.457    77.110    -1.526   -134.70     98.20      1.00
   4.04503   3.00454   5.97081   -74.017    42.981   -10.059   -134.67     86.26      1.00
   0.12491   0.57091  -0.01417   -53.270    43.021   -20.938   -134.66     71.42      1.00
   1.42605   2.18675   4.67159   -44.546    53.705   -24.096   -134.66     73.24      1.00
   4.80254   0.73300   5.54916   -54.071    51.272   -36.863   -134.62     84.46      1.00
   3.04708   1.03438   2.42428   -75.259    73.632   -44.435   -134.62    116.21      1.00
   3.11471   0.79051   2.39054   -54.168    51.401    -0.690   -134.61     75.70      1.00
   1.52467   2.23171   2.59895   -62.925    66.931     4.071   -134.61     95.75      1.00
   1.33979   0.88825  -0.13985   -56.618    43.803    -5.477   -134.61     74.47      1.00
   2.20571   0.84477   5.75514   -77.079    47.457    -1.472   -134.61     93.28      1.00
   3.13036   2.22789  -0.22431   -97.809    60.105   -15.678   -134.60    115.67      1.00
   5.53273   2.13188   3.33040   -87.940    81.210   -30.892   -134.58    125.47      1.00
   3.50025   1.30286   1.92395   -87.379    47.269   -37.752   -134.57    108.05      1.00
   2.55514   1.97277   5.99081   -87.423    55.137    -4.656   -134.57    104.30      1.00
   0.89388   1.81174   2.02458   -66.066    36.491    -8.052   -134.55     79.56      1.00
   3.28345   2.04752   3.27166   -75.233    82.007    -3.575   -134.53    115.51      1.00
   2.83719   1.01706   0.08939   -50.356    54.400   -36.813   -134.50     86.70      1.00
   0.42739   1.76353   0.32704   -64.710    53.181     2.458   -134.49     86.99      1.00
   2.32589   1.96793   5.32721   -66.131    48.689    -1.610   -134.47     82.37      1.00
   1.47407   0.95093   1.82583   -90.864    44.551    -9.575   -134.47    105.11      1.00
   3.07693   0.48649   1.66557   -72.492    41.984    -7.340   -134.46     84.54      1.00
   0.12642  -0.16795   0.44519   -81.553    64.648     4.829   -134.45    105.63      1.00
  -0.14716   0.88276   1.30718   -89.568    62.203   -36.104   -134.42    117.20      1.00
   2.64364   0.82528   1.92499   -67.233    88.507   -13.548   -134.40    114.30      1.00
   5.96237   0.44446   2.22765   -90.945    55.679   -31.918   -134.39    115.20      1.00
   2.54357   0.59537   1.40167   -82.970    71.592   -41.683   -134.39    119.82      1.00
   4.49489   1.22059   3.66203   -65.044    84.071   -18.780   -134.37    112.75      1.00
   2.08612   0.89030   5.90528   -76.609    48.665    -0.992   -134.37     93.62      1.00
   3.39000   0.86192   5.83146   -51.547    49.466   -31.624   -134.35     82.00      1.00
   0.45978   1.22437   1.06455   -70.824    85.555   -23.155   -134.32    116.96      1.00
   0.67046   0.32695   6.00304   -59.391    86.793   -30.256   -134.27    109.82      1.00
   2.99238   0.68599   2.31405   -58.289    51.754     0.594   -134.27     78.70      1.00
   0.41446   2.17625   3.43525   -60.150    65.553     5.219   -134.27     90.68      1.00
   4.25884   2.00991   4.07443   -75.262    86.006   -24.524   -134.26    121.14      1.00
   5.36409   0.87453   5.82679   -54.398    44.974   -28.536   -134.25     75.46      1.00
   1.88250   0.75835   5.96682   -74.242    47.029    -1.402   -134.24     90.90      1.00
   4.59170   2.59174   3.29487   -57.770    81.477   -33.877   -134.21    108.68      1.00
   5.06956   2.46862   1.34655   -45.183    44.059   -25.021   -134.18     67.99      1.00
   3.23427   2.50858   5.71747   -61.599    84.032   -21.543   -134.17    106.55      1.00
   0.09226   0.38591   3.22791   -63.263    88.961   -16.115   -134.17    114.69      1.00
   5.97258   1.04128   0.36761   -61.207    85.600   -32.568   -134.17    109.94      1.00
   0.41702   0.61981   3.48995   -57.534    78.369   -25.185   -134.17    103.16      1.00
   4.75338   0.29474   1.52907   -45.557    58.213   -34.678   -134.15     81.74      1.00
   1.75990   1.81242   5.19038   -62.424    52.951     1.600   -134.15     81.85      1.00
   4.66501   2.41583   2.25329   -51.120    51.116   -34.364   -134.14     81.16      1.00
   6.61324   1.55085   3.14044   -63.509    79.875   -35.197   -134.13    109.85      1.00
   1.50291   2.41839   2.08472   -63.755    84.557   -35.838   -134.11    115.81      1.00
   4.31687   1.33819   3.61915   -60.238    80.947   -22.315   -134.11    108.07      1.00
   3.45676   1.27617   6.09359   -55.275    80.168   -34.051   -134.09    105.62      1.00
   0.80459   1.22640   0.70963   -84.980    55.861    -3.472   -134.08    105.56      1.00
   6.00198   1.53112   0.75247   -91.633    55.786   -16.355   -134.07    109.68      1.00
   4.90532   1.21778   1.05989   -50.670    75.130    -5.398   -134.03     90.82      1.00
   1.36969   2.67767   3.07677   -57.266    78.026    -1.909   -134.03     99.19      1.00
   5.49707   2.16162   0.41594   -59.951    50.739    -1.503   -134.02     80.21      1.00
   5.29958   1.75939   2.47116   -90.671    70.655   -22.092   -133.98    119.27      1.00
   1.21889   1.10491   1.78532   -85.812    79.743   -24.246   -133.97    124.10      1.00
   3.86756   1.96495   3.21288   -78.812    48.006    -4.301   -133.97     96.40      1.00
   2.34386   0.71026   3.51603   -42.473    58.922   -10.268   -133.96     73.97      1.00
   0.29637   1.94063   0.76922   -56.853    84.704   -19.584   -133.96    106.95      1.00
   4.13174   2.21170   2.50933   -57.168    43.936   -32.566   -133.93     81.98      1.00
   0.27363   0.01288  -0.06967   -53.906    41.247   -24.093   -133.93     72.45      1.00
   4.26799   2.21376   4.29943   -89.252    54.861   -35.589   -133.92    113.30      1.00
   1.46456   2.48890   5.45063   -68.648    36.806   -15.737   -133.91     80.12      1.00
   3.47845   2.07272   4.28280   -46.030    59.456   -12.740   -133.91     80.40      1.00
   3.97586   1.91726  -0.13447   -71.011    45.241    -5.523   -133.89     84.56      1.00
   3.46858   2.17932   3.37872   -74.492    81.292    -2.011   -133.89    114.73      1.00
   5.54849   1.52823   2.61040   -89.845    71.153   -14.714   -133.88    118.54      1.00
   5.02650   0.33568   5.59511   -82.819    88.466   -15.348   -133.88    122.82      1.00
   1.56175   1.35077   3.16454   -61.236    78.917   -30.678   -133.86    106.32      1.00
   0.14218   1.37639   3.88011   -45.860    65.693    -2.922   -133.85     82.66      1.00
   2.97206   1.50880   3.21648   -77.539    49.046     1.542   -133.85     93.94      1.00
   1.37405   1.09797   4.90448   -62.389    41.953   -37.470   -133.84     83.09      1.00
   5.74918   1.19420   2.92179   -44.695    70.342   -11.584   -133.84     88.92      1.00
   0.44472   1.61885   5.35731   -93.727    65.721   -31.984   -133.83    118.24      1.00
   3.15316   2.48353   0.34623   -93.170    56.209   -30.041   -133.80    113.16      1.00
   0.31722   0.28869   4.62767   -68.284    85.527   -29.973   -133.77    113.19      1.00
   1.49605   2.23075   2.54093   -63.296    66.752     4.423   -133.76     95.99      1.00
   1.90336   0.48125   3.97066   -84.233    39.722   -16.395   -133.75     93.72      1.00
   0.63124   1.36231   0.49388   -54.476    42.439   -11.434   -133.74     73.18      1.00
   1.36747  -0.13655   3.43963   -68.882    41.898    -8.281   -133.73     80.65      1.00
   1.86930   3.01808   4.09710   -67.939    40.333   -12.421   -133.72     79.83      1.00
   5.93955   1.94002   2.71966   -57.908    40.586   -26.081   -133.71     76.83      1.00
   3.18963   1.21731   6.11628   -48.618    56.280   -37.942   -133.69     86.69      1.00
   3.20059   2.52457   0.05801   -86.449    55.931    -3.795   -133.67    103.02      1.00
   3.70536   2.46406   5.27653   -85.969    43.366    -4.572   -133.66     96.61      1.00
   3.34563   2.34743   5.36838   -81.837    78.436   -39.467   -133.63    120.20      1.00
   4.45690   1.15946   4.09640   -87.852    59.179    -2.904   -133.61    109.91      1.00
   5.66588   0.94312   0.14142   -52.435    51.363   -35.117   -133.59     80.26      1.00
   0.51398   1.83123   0.07800   -58.985    47.278    -5.000   -133.58     78.50      1.00
   1.82864   1.01879   3.11482   -69.540    83.470   -25.038   -133.58    112.89      1.00
   1.33263   1.54241   5.70648   -58.203    41.770   -16.162   -133.55     74.41      1.00
   4.07277   0.61003   2.80760   -73.394    39.318   -12.182   -133.55     86.38      1.00
   4.53511   1.44860   0.46453   -73.872    42.222   -32.755   -133.53     90.36      1.00
   0.21098   1.55167   4.84460   -93.360    63.380   -20.741   -133.53    114.03      1.00
   0.55137   1.40399   0.81676   -71.709    85.397   -24.661   -133.53    117.36      1.00
   1.57481   2.08891   2.42617   -64.342    67.394     5.486   -133.49     97.57      1.00
   1.31240   2.09759  -0.26944   -73.944    44.594   -10.175   -133.49     89.02      1.00
   3.56259   1.68834   5.57567   -52.888    53.027   -38.530   -133.48     86.25      1.00
   4.92397   2.00895   4.34672   -93.067    59.392   -29.443   -133.48    116.78      1.00
   0.40903   2.28936   0.16168   -56.764    39.045   -15.174   -133.46     73.61      1.00
   4.01689   1.82415   2.02216   -59.758    38.554   -31.993   -133.45     80.08      1.00
   5.57055   1.69778   0.17781   -52.486    47.808   -37.479   -133.44     79.84      1.00
   3.19237   1.22370  -0.17680   -48.634    56.267   -37.890   -133.42     86.65      1.00
   3.16401   1.09666   3.61125   -90.656    50.111   -17.177   -133.41    106.90      1.00
   3.03618   0.79316   0.01404   -50.490    48.287   -30.461   -133.41     80.36      1.00
   4.36720   0.02053   4.11773   -65.722    86.269   -23.485   -133.40    115.88      1.00
   3.87062   2.26773   0.04674   -72.852    48.906    -4.060   -133.39     87.75      1.00
   3.55424   1.63504   1.97449   -90.244    45.455   -22.387   -133.37    105.82      1.00
   3.18369   1.06922   1.65494   -62.528    84.944   -22.120   -133.36    109.75      1.00
   3.02838   1.59689   0.56000   -81.652    47.292   -37.784   -133.36    103.67      1.00
   3.35990   2.20469   5.41379   -92.031    47.930    -6.513   -133.36    103.75      1.00
   0.42195   2.30727   3.27623   -61.340    71.448     2.528   -133.35     95.65      1.00
   5.65780   2.07941   5.64339   -68.263    39.299   -12.348   -133.35     81.18      1.00
   2.64328   0.14298   5.73910   -61.515    70.415     4.094   -133.33     98.43      1.00
  -0.05794   1.59976   5.70753   -92.668    71.291   -27.636   -133.33    119.96      1.00
   0.41516   0.91604   0.28796   -86.448    51.487    -5.333   -133.31    102.58      1.00
   0.36422   0.87729   1.32404   -69.589    85.466   -22.201   -133.27    116.40      1.00
   4.28347   1.19510   5.06623   -60.103    61.838   -44.444   -133.27    100.01      1.00
   4.34524   1.19399   5.00867   -60.311    62.208   -44.684   -133.26    100.51      1.00
   6.24368   1.42393   1.73582   -90.222    53.698   -30.513   -133.24    111.74      1.00
   2.40420   2.40476   4.50478   -70.579    41.554    -7.201   -133.23     82.06      1.00
   4.53846   1.19304   4.39055   -88.114    62.323    -3.107   -133.23    111.52      1.00
   6.00924   1.52866   0.88898   -92.314    76.428   -16.388   -133.22    122.42      1.00
   4.04275   0.60934   1.77079   -91.894    48.944   -17.428   -133.22    105.68      1.00
   0.26773   2.04295   2.63483   -58.915    43.120   -33.694   -133.21     81.32      1.00
   4.87557   2.19549   2.48834   -59.725    86.208   -32.445   -133.20    111.41      1.00
   5.44062   2.30919   5.77508   -60.554    81.968   -30.840   -133.18    108.51      1.00
   5.76647   2.56559  -0.05908   -52.606    60.143    -0.751   -133.17     83.66      1.00
   6.09617   2.44230   5.91693   -81.696    76.263   -41.604   -133.16    120.98      1.00
   4.81258   1.00253   2.41147   -53.333    56.072    -0.086   -133.14     80.67      1.00
   5.60845   1.61370   4.97938   -92.555    72.260   -21.109   -133.13    120.11      1.00
   4.30959   1.81529   4.90213   -91.670    71.819   -19.688   -133.13    120.33      1.00
   5.04026   2.27861   2.53406   -65.314    45.090   -41.139   -133.11     90.31      1.00
   4.39670   1.11881   5.84740   -47.513    55.531   -33.246   -133.11     82.05      1.00
   5.48339   0.31347   5.52550   -47.969    43.015   -25.283   -133.09     69.36      1.00
   0.64815   0.73696   2.14925   -66.059    91.421   -11.983   -133.09    118.61      1.00
   5.62895   1.81753   4.91171   -70.898    86.085   -25.978   -133.04    116.21      1.00
   4.92156   1.90368   3.61240   -58.678    78.807   -34.625   -133.04    107.82      1.00
  -0.17800   2.85526   4.93405   -67.658    41.811    -8.292   -133.03     83.21      1.00
   4.25624   0.53266   5.30873   -56.860    39.009   -29.792   -133.01     78.39      1.00
   0.23916   1.94866   4.71789   -90.114    56.627   -34.925   -133.01    111.45      1.00
   4.20747   1.94895   4.99715   -90.299    73.811   -28.907   -132.98    122.04      1.00
   3.92528   2.71367   3.82227   -72.421    78.331     0.430   -132.98    111.38      1.00
   5.19135   0.76371   1.74440   -64.432    83.187     1.565   -132.97    107.23      1.00
   0.08249   2.43899   2.43615   -81.142    42.945   -12.037   -132.97     93.14      1.00
   1.35784   0.12145   1.05102   -60.488    69.783     4.294   -132.96     97.72      1.00
   1.99818   0.94708   3.56967   -68.796    86.134   -22.726   -132.96    113.02      1.00
   2.97936  -0.00526   3.78707   -45.413    52.970   -32.498   -132.93     78.02      1.00
   4.87438   0.54208   4.14196   -89.199    47.629   -40.979   -132.93    112.13      1.00
   3.21657   1.55897   0.49161   -80.420    46.824   -38.082   -132.92    102.16      1.00
   0.50978   1.81524   1.69582   -58.719    85.546   -24.759   -132.88    110.51      1.00
   2.15963   0.60857   3.72679   -42.679    57.874   -10.087   -132.86     72.80      1.00
   4.75013   0.54521   3.70804   -72.546    62.122     7.341   -132.81    100.66      1.00
   3.24081   2.90917   5.02136   -51.336    79.423    -5.101   -132.81     96.58      1.00
   3.25560   1.05050   5.52497   -75.713    32.570   -19.468   -132.78     87.11      1.00
   2.20400   0.41860   1.89173   -54.903    60.294     3.048   -132.78     84.47      1.00
   2.80667   0.96209   1.25361   -62.166    82.890   -28.981   -132.77    110.69      1.00
   4.53551   0.89562   3.97017   -50.027    42.146   -37.602   -132.76     79.88      1.00
   1.89034   0.94322   3.14494   -73.395    46.899    -3.448   -132.75     87.46      1.00
   3.44817   2.73986   4.24648   -55.926    82.690    -5.950   -132.75    104.00      1.00
   3.14036   1.29513   6.16939   -48.988    55.400   -37.977   -132.75     86.16      1.00
   4.07230   0.74874   5.98375   -70.277    69.704     6.070   -132.73    101.03      1.00
   4.49576   1.12982   5.00221   -95.724    67.872   -29.511   -132.72    122.92      1.00
   4.14791   0.93747   0.04512   -57.652    77.115     0.667   -132.69     97.55      1.00
   1.29778   2.15399   0.19556   -63.539    84.388     0.918   -132.64    108.95      1.00
   5.35310   2.31184   0.37052   -54.752    45.340   -39.418   -132.58     81.33      1.00
   0.72500   1.12999   3.92673   -41.556    58.297   -18.043   -132.56     74.68      1.00
   4.79016   2.26796   2.40988   -60.134    86.960   -32.316   -132.56    112.05      1.00
   3.01223   0.96038   6.11686   -51.084    48.824   -30.192   -132.55     80.75      1.00
   3.72617   1.70747   0.99381   -84.300    48.899   -34.472   -132.53    104.10      1.00
   0.81912   1.63361   5.93965   -77.550    45.646    -7.453   -132.53     91.74      1.00
   2.85929   1.98780   3.76544   -48.887    65.512    -2.176   -132.48     85.27      1.00
   3.41011   0.89965   6.14059   -48.312    56.000   -36.311   -132.48     85.97      1.00
   1.17001   0.95083   2.46707   -53.196    76.423   -34.914   -132.47    103.55      1.00
   1.75796   1.25090   1.35959   -44.057    57.729   -17.045   -132.47     80.27      1.00
   0.85976   1.04889   4.37947   -44.435    49.509   -14.167   -132.45     67.41      1.00
   1.11029   1.04365   2.34777   -55.186    82.155   -26.230   -132.45    106.94      1.00
   2.63095   1.08663   4.81954   -62.852    49.081   -41.806   -132.42     92.08      1.00
   2.23117   1.89907   1.25546   -87.465    51.080   -20.060   -132.42    107.25      1.00
   3.97957   2.67555   5.14233   -82.508    71.585   -43.529   -132.42    118.62      1.00
   0.43797   1.60564   5.62899   -74.955    42.531    -5.881   -132.41     86.92      1.00
   4.72252   2.35324   1.34770   -86.804    59.518   -49.449   -132.40    115.59      1.00
   6.39423   0.56530   1.41976   -83.188    60.936   -45.334   -132.40    115.82      1.00
   3.02985   0.78222   0.06984   -50.631    47.951   -30.483   -132.36     80.24      1.00
   1.42593   1.03943   1.85917   -89.879    44.195    -9.377   -132.36    104.12      1.00
   4.95597   1.40126   4.40445   -70.554    86.772   -23.251   -132.34    117.94      1.00
   1.71561   0.71774   4.09264   -47.426    43.159   -22.693   -132.34     67.55      1.00
   6.07023   2.44056   5.87260   -81.931    76.249   -41.473   -132.32    121.07      1.00
  -0.12378   2.58203   1.91820   -68.966    41.349    -9.526   -132.29     81.90      1.00
   3.19915   2.14908   3.92261   -76.336    86.152   -11.069   -132.28    118.95      1.00
   5.58111   2.76140   1.09183   -70.660    85.063   -34.128   -132.27    116.25      1.00
   5.74654   1.17776   0.51857   -92.339    55.394   -11.339   -132.26    108.48      1.00
   6.12597   2.07353   0.64222   -55.511    50.196    -3.646   -132.24     77.76      1.00
   1.10066   1.80766   5.66302   -81.257    75.041   -42.588   -132.23    118.72      1.00
   4.67124   1.87535   3.44893   -57.871    79.558   -32.187   -132.22    107.51      1.00
   0.15355   0.59200   4.05452   -48.417    43.925   -26.377   -132.22     71.86      1.00
  -0.28998   0.14741   1.70621   -75.743    50.633   -45.900   -132.22    105.21      1.00
  -0.71051   0.24472   3.79970   -61.741    87.391   -20.080   -132.20    113.55      1.00
   4.70767   1.56749   2.25611   -91.709    66.724   -19.328   -132.19    117.30      1.00
   0.61362   1.34125   5.41137   -89.360    77.758   -18.263   -132.18    119.27      1.00
   5.14133   0.45051   3.83167   -46.334    76.520    -8.985   -132.17     95.60      1.00
   5.69553   1.83920   4.61199   -92.557    58.780   -27.167   -132.17    113.92      1.00
   3.54846   2.53419   2.99482   -68.820    84.568   -29.198   -132.16    117.29      1.00
   1.74431   1.97772   1.09631   -90.164    66.797    -8.635   -132.14    116.98      1.00
  -0.10429   2.87399   4.99434   -67.591    41.929    -8.353   -132.14     83.22      1.00
   4.89863   1.30790   1.16173   -69.067    71.903     7.132   -132.12    100.38      1.00
   2.88859   1.24995  -0.05016   -52.145    50.952   -37.062   -132.12     85.09      1.00
   5.09344   2.10085   5.23696   -45.832    66.596   -19.496   -132.11     86.34      1.00
   4.03164   1.90604   3.73007   -90.708    57.368   -11.135   -132.08    111.67      1.00
   3.18369   1.17616   1.72685   -63.409    87.839   -17.852   -132.05    111.89      1.00
   2.55947   3.12503   3.69588   -56.249    56.535     1.212   -132.03     82.95      1.00
   0.04133   2.75125   1.24138   -53.253    49.129    -4.651   -132.02     75.65      1.00
   3.94038   0.46579   5.16019   -42.658    63.666   -17.941   -132.01     84.03      1.00
   4.13805   1.36972   1.12021   -48.295    61.632    -1.350   -131.98     78.74      1.00
   2.18021   1.94848   5.32871   -66.128    50.082    -1.050   -131.98     83.16      1.00
   2.26736   1.61015   4.79390   -57.980    45.163   -39.204   -131.97     83.80      1.00
   0.73626   2.53192   1.18321   -78.434    71.533     3.832   -131.96    110.42      1.00
   3.98918   3.38552   0.24517   -66.541    81.797    -0.502   -131.96    105.99      1.00
   1.78264   0.91652   0.63012   -92.055    60.741   -13.923   -131.95    115.30      1.00
   3.27401   1.27275   3.68607   -89.822    51.392   -16.419   -131.94    107.09      1.00
   3.51426   1.65642   4.11486   -89.080    48.292   -21.020   -131.93    105.96      1.00
   4.56608   0.46517   4.99545   -56.762    39.523   -31.675   -131.89     79.38      1.00
   4.77400   1.20555   0.14324   -65.638    54.739   -49.280   -131.89     97.75      1.00
   5.63846   2.41401   2.95778   -80.670    41.363    -6.578   -131.88     92.40      1.00
   5.31175   1.83836   1.11749   -74.047    88.884   -25.152   -131.87    118.59      1.00
   0.16038   0.57393   1.66043   -84.186    41.919   -29.170   -131.84    102.19      1.00
   0.92886   2.09693   4.42156   -81.911    55.411   -46.354   -131.83    107.69      1.00
   5.06691   3.02426   5.39231   -51.738    67.314    -1.494   -131.82     89.67      1.00
   2.99057   2.10293   1.84445   -52.952    58.686   -43.288   -131.82     93.77      1.00
   4.21896   0.94931  -0.05419   -58.241    77.738     1.088   -131.81     98.45      1.00
   2.77156   0.15738   4.29405   -61.284    87.394   -21.855   -131.81    110.85      1.00
   2.43792   2.94237   0.43256   -69.234    36.873   -15.762   -131.77     81.97      1.00
   1.78966   2.36462   2.82895   -59.788    66.726     3.020   -131.74     93.35      1.00
   3.35988   1.17000   1.37830   -77.265    77.020   -44.024   -131.73    119.28      1.00
  -0.24734   0.45719   2.71764   -82.493    82.778   -32.865   -131.72    125.86      1.00
   4.30235   1.47739   3.47851   -59.276    81.583   -22.686   -131.72    107.98      1.00
  -0.04878   1.15966   5.29576   -71.219    84.975    -2.659   -131.70    110.75      1.00
  -0.17490   0.67234   3.84545   -60.108    81.094   -21.370   -131.70    106.30      1.00
   1.21698   2.28035   4.44711   -43.062    53.310   -22.367   -131.70     71.63      1.00
   1.49275   0.06977   0.11368   -60.701    75.954     2.195   -131.69    101.39      1.00
   0.60826   2.17695   5.46322   -62.554    57.349     3.555   -131.67     86.82      1.00
   0.33340   1.97069   3.99887   -74.686    74.827     2.714   -131.65    106.66      1.00
   5.89982   1.78253   1.27083   -43.891    63.326    -5.603   -131.63     79.83      1.00
   3.44290   1.30867   4.94327   -69.552    82.425    -0.411   -131.63    110.86      1.00
   2.20204   1.95139   1.31489   -87.667    51.022   -20.100   -131.62    107.46      1.00
   2.48196   2.00012   5.80899   -94.964    54.732   -23.417   -131.55    112.56      1.00
   2.59866   0.34639   4.69836   -84.912    70.220     1.438   -131.54    112.40      1.00
   1.83476   1.21969   3.29588   -69.828    82.389   -25.321   -131.51    112.13      1.00
   1.02084   2.20357   2.33211   -73.147    59.255     5.941   -131.49     97.64      1.00
   5.46790   2.58721   1.04174   -70.082    84.346   -32.241   -131.46    114.69      1.00
   0.43183   1.29539   4.16675   -43.192    58.081   -19.191   -131.43     75.46      1.00
   1.85174   0.55021  -0.14947   -87.530    52.589    -8.238   -131.43    105.86      1.00
   3.08127   1.11414   3.46622   -66.460    63.296   -49.783   -131.40    106.84      1.00
   3.86288   1.92932   3.19625   -78.306    47.978    -4.069   -131.36     95.93      1.00
   0.48786   2.48390   5.32161   -58.075    85.258   -31.157   -131.35    109.02      1.00
   1.11892   0.99841   2.47554   -53.307    76.942   -34.377   -131.35    103.85      1.00
   0.69936   1.81920   4.43416   -73.233    71.332     6.662   -131.34    102.45      1.00
   0.27930   1.84794   0.36900   -55.657    42.587   -12.829   -131.34     73.88      1.00
   6.25215   2.24368   3.51370   -62.254    67.622     5.631   -131.34     94.05      1.00
   5.17765   1.52229   4.62849   -73.962    86.215    -0.464   -131.31    116.96      1.00
   0.22039   1.82298   1.73819   -84.497    43.473   -16.376   -131.29     98.85      1.00
   3.67921   1.24829   0.88605   -91.448    53.775    -7.858   -131.28    106.83      1.00
   4.09848   1.83272   4.81451   -91.613    71.669   -22.805   -131.27    120.83      1.00
   3.06315   1.51244   1.74570   -85.278    51.316   -43.808   -131.25    111.37      1.00
   5.43426   2.48567   0.94249   -70.380    84.445   -31.224   -131.25    114.68      1.00
   1.13723   1.00720   2.30025   -55.508    82.219   -25.978   -131.22    107.18      1.00
   5.67504   1.17650   3.62146   -59.368    48.555     0.272   -131.20     80.89      1.00
   1.17055   2.35765   4.43854   -42.713    53.209   -21.781   -131.18     71.24      1.00
   1.40265   2.45105   5.01419   -66.872    36.177   -15.606   -131.17     77.43      1.00
   4.84872   1.44400   0.61921   -59.915    43.789    -1.869   -131.15     74.15      1.00
   0.95926   0.91570   5.06988   -88.278    42.426   -12.362   -131.14     97.58      1.00
   2.22381   0.60767   0.45580   -60.652    40.120    -0.369   -131.13     77.35      1.00
   0.04641   0.91890   2.26556   -88.639    45.359   -18.011   -131.13    104.84      1.00
   0.01113   2.78183   1.21368   -53.035    49.140    -4.828   -131.12     75.48      1.00
   3.50234   0.95596   4.16108   -86.272    62.879     0.330   -131.11    109.77      1.00
   0.57883   1.04315   4.35610   -44.045    55.296   -10.239   -131.08     71.51      1.00
   2.84005   0.23720  -0.03565   -64.101    69.568     5.273   -131.07     99.44      1.00
   2.99036   2.17501   2.76796   -93.787    75.331   -31.896   -131.06    128.22      1.00
   4.78577   0.96511   4.18365   -52.049    42.507   -38.245   -131.04     81.24      1.00
   3.32178   1.15270   5.50802   -52.983    53.229   -34.080   -130.97     85.90      1.00
  -0.02991   2.52223   0.11025   -77.012    78.622   -42.138   -130.95    119.93      1.00
   5.23506   2.29551   1.48583   -89.240    54.322   -13.831   -130.92    105.61      1.00
   0.78664   1.21350   3.92642   -41.478    57.297   -18.687   -130.92     73.84      1.00
   2.07598   1.92776   2.58197   -44.042    53.686   -32.263   -130.91     80.83      1.00
   3.37769   2.92838   4.34197   -57.227    81.986    -4.135   -130.91    103.71      1.00
   0.06344   0.61058   3.34325   -72.650    87.564    -9.166   -130.91    117.92      1.00
   0.19132   1.98190   3.89795   -44.179    67.931   -22.121   -130.88     84.97      1.00
   5.39135   2.10071   3.11099   -87.392    80.194   -31.147   -130.88    124.60      1.00
   0.95483   0.96481   6.01736   -90.291    50.670    -8.892   -130.86    105.22      1.00
   2.14792   2.60246   4.97470   -63.904    38.988   -15.560   -130.83     75.95      1.00
   2.46689   2.47298   5.20234   -62.746    39.063   -17.450   -130.82     75.63      1.00
   6.02770   0.30963  -0.00470   -51.449    56.709   -37.109   -130.82     84.28      1.00
   3.98010   2.04713   2.55267   -56.837    82.400   -27.269   -130.81    107.08      1.00
   5.82506   1.75807   4.35980   -68.589    41.243    -3.040   -130.81     82.08      1.00
   1.17143   1.22202   3.73014   -69.690    84.363   -28.543   -130.80    113.22      1.00
   6.02667   1.42304   5.81746   -70.056    43.853    -2.058   -130.79     82.96      1.00
   4.96331   3.29242   1.13606   -98.180    55.283   -18.110   -130.79    113.21      1.00
   0.92006   2.81216   3.43295   -66.315    81.927    -1.057   -130.79    106.02      1.00
   4.16345   0.92797   1.42307   -87.091    53.648   -37.777   -130.78    109.14      1.00
  -0.38162   1.42587   5.83890   -69.509    45.675     0.053   -130.77     83.53      1.00
   5.85033   2.12489   5.21654   -74.838    88.055    -8.350   -130.76    118.18      1.00
   5.22976   1.56074   5.20888   -91.648    71.917   -10.534   -130.73    118.09      1.00
   0.38402   1.02718   2.99283   -43.428    52.396   -26.236   -130.73     76.72      1.00
   2.00820   0.94262   3.70883   -66.585    85.922   -23.884   -130.73    111.64      1.00
   4.15475   1.85777   5.02190   -90.882    72.650   -26.399   -130.72    121.16      1.00
   5.41693   2.65505   5.61743   -77.873    67.464   -48.593   -130.71    115.63      1.00
   1.11384   2.25288   1.35987   -81.363    41.861   -12.566   -130.68     96.13      1.00
   6.02211   1.03351   5.27101   -63.272    73.924     9.621   -130.68     98.13      1.00
   1.44618   2.55446   5.32521   -67.502    36.132   -15.774   -130.68     78.63      1.00
   0.44255   1.19075   4.08895   -75.354    87.699   -26.875   -130.65    118.79      1.00
   5.33810   1.65602   1.17182   -74.736    84.737    -3.205   -130.64    113.92      1.00
   4.01598   2.32471   5.83427   -57.914    77.538     2.253   -130.62     98.17      1.00
   0.80568   1.48274   2.04522   -57.114    81.643   -29.180   -130.60    108.25      1.00
   2.25919   2.32772   5.12581   -45.444    70.437   -16.254   -130.59     85.57      1.00
   5.29165   1.74119   3.81968   -78.056    84.376   -19.285   -130.57    119.99      1.00
   4.72487   2.31015   2.33764   -60.045    87.267   -31.778   -130.57    111.99      1.00
   3.16889   1.70110   1.40358   -59.232    80.047   -35.033   -130.56    108.14      1.00
   2.88940   2.87045   1.53314   -91.872    46.883   -17.837   -130.56    107.85      1.00
   0.25933   2.14943   1.27817   -63.410    86.370   -23.388   -130.52    112.70      1.00
   1.77902   2.05420   1.86114   -49.768    55.114   -36.675   -130.50     87.50      1.00
   3.78929   0.97172   3.46193   -73.919    63.497   -49.865   -130.50    112.72      1.00
   4.38371   0.54638   4.58646   -89.090    47.858   -40.139   -130.48    111.88      1.00
   0.05215   0.10197   0.25154   -56.597    41.671   -27.776   -130.48     76.13      1.00
   2.72600   0.76908   5.24910   -88.072    48.894    -8.846   -130.48    103.70      1.00
   5.61992   1.11520   0.60196   -94.063    59.879   -17.500   -130.47    112.80      1.00
   3.16036   0.37374   0.08290   -52.590    49.909   -36.107   -130.46     85.18      1.00
  -0.79168   0.23582   3.42175   -62.227    88.447   -19.690   -130.45    115.10      1.00
   4.40427   0.44445   4.56883   -89.301    47.900   -39.030   -130.42    111.78      1.00
   2.42320   1.07041   3.15783   -64.846    82.439   -24.673   -130.40    109.35      1.00
   5.68677   0.61366   5.87489   -89.436    52.666   -14.441   -130.38    103.41      1.00
   4.97423   2.26733   0.19696   -74.683    40.529   -15.658   -130.37     86.36      1.00
   4.57526   0.48260   4.46147   -89.629    48.329   -39.807   -130.37    112.39      1.00
   1.02867   1.62497   4.37029   -86.974    46.560   -29.876   -130.35    101.38      1.00
   3.46603   1.17564   1.93400   -85.209    46.457   -39.901   -130.33    106.51      1.00
   4.14496   0.66747   1.71320   -91.941    49.427   -16.781   -130.33    105.92      1.00
   2.43164   0.97558   5.88978   -92.271    56.121   -11.748   -130.31    111.32      1.00
   1.77858   0.77051   3.92230   -46.110    43.473   -23.180   -130.26     67.24      1.00
   5.33281   0.93472   5.11923   -66.073    85.484   -29.014   -130.25    113.12      1.00
   3.57298   2.02852   4.41142   -46.083    58.422   -13.420   -130.24     79.71      1.00
   0.71270   2.60057   6.35195   -63.607    83.381    -1.111   -130.22    108.86      1.00
   0.29093   1.87911   0.33397   -55.875    42.681   -11.942   -130.20     74.01      1.00
   0.97008   1.80294   2.88713   -59.538    43.531   -33.903   -130.20     82.48      1.00
   5.42729   1.08127   3.88264   -46.974    73.306    -7.540   -130.19     92.34      1.00
   4.54491   0.46153   4.45469   -89.481    48.022   -39.775   -130.19    112.19      1.00
   3.47963   1.56350   3.96949   -90.775    56.346   -16.201   -130.18    110.80      1.00
   3.89067   0.97743   3.46936   -74.009    64.142   -49.293   -130.13    113.05      1.00
   2.37538   1.85637   3.60540   -62.018    79.798   -35.132   -130.12    109.22      1.00
   4.28148   1.22711   5.09815   -59.945    61.492   -44.445   -130.12     99.60      1.00
   5.61831   2.08843   4.30176   -87.604    61.454   -44.990   -130.10    117.16      1.00
   1.91606   1.10314   0.15609   -67.871    81.588   -40.186   -130.09    116.97      1.00
   2.13735   2.03565   3.77483   -79.463    57.959   -51.023   -130.09    111.16      1.00
   0.09911   0.95691   4.49749   -51.853    44.687   -29.828   -130.07     74.39      1.00
   5.45732   3.12484   1.19965   -76.145    39.969   -13.167   -130.06     86.82      1.00
   3.24190   0.04927   4.37098   -68.164    40.974    -5.935   -130.04     83.20      1.00
   4.85155   2.33858   1.52489   -86.631    60.168   -49.906   -130.03    116.10      1.00
   2.99509   2.59681   1.24204   -86.072    43.861   -17.766   -130.03    100.93      1.00
   3.12934   1.61442   4.44274   -61.350    43.756   -38.394   -130.03     86.90      1.00
   4.92616   1.12446   0.92279   -64.400    86.903   -30.499   -130.03    111.80      1.00
   4.04309   2.02156   4.34228   -70.877    86.402   -27.380   -130.02    119.00      1.00
   2.07232   0.54825   1.59726   -56.743    83.725   -26.067   -129.95    108.62      1.00
   4.91828   2.68649   5.18018   -43.834    64.004   -25.334   -129.94     85.42      1.00
   3.62532   1.87435   6.14078   -99.020    57.838   -16.073   -129.93    115.62      1.00
  -0.33545   2.99341   0.62992   -49.410    56.724    -4.341   -129.89     79.05      1.00
   3.89211   1.74399   5.55313   -77.386    87.837   -22.843   -129.87    120.72      1.00
   3.11272   2.30127   1.30616   -48.176    54.898   -35.412   -129.85     83.75      1.00
   3.12744   0.74962   3.71557   -50.173    40.606   -23.094   -129.84     70.78      1.00
   3.12127   1.59950   3.44635   -70.648    82.954   -31.773   -129.83    116.82      1.00
   1.80690   0.53082   2.37313   -55.786    80.098   -25.439   -129.81    103.87      1.00
   5.29531   2.80317   4.61879   -69.764    77.113     1.201   -129.81    108.32      1.00
   3.08154   2.19982   2.08535   -58.037    53.562   -44.763   -129.78     94.47      1.00
   4.69075   1.26202   2.95156   -72.626    45.008    -2.835   -129.76     89.49      1.00
   6.03227   0.03300   5.01363   -68.686    41.582    -7.807   -129.75     80.34      1.00
   2.35095   2.25803   3.19795   -76.105    77.761     3.428   -129.73    111.98      1.00
   5.58584   1.97880   4.19377   -88.854    60.497   -44.515   -129.72    117.46      1.00
   1.48452   1.44142   5.91753   -66.831    49.142    -1.150   -129.71     84.81      1.00
   4.70751   0.45237   2.32979   -61.364    38.200   -10.317   -129.69     75.43      1.00
   0.79781   2.04154   4.91677   -41.564    59.669   -26.352   -129.66     76.96      1.00
  -0.40083   2.75384  -0.03676   -64.761    35.953   -13.120   -129.65     77.96      1.00
   2.27518   1.65693   1.25573   -50.933    43.119   -30.197   -129.65     77.87      1.00
   2.74885   0.72746   5.58442   -72.326    33.052   -21.147   -129.64     85.60      1.00
  -0.18642   2.97038   2.19854   -75.101    42.414   -12.250   -129.64     86.91      1.00
   1.01427   1.36375   5.18329   -89.777    76.383   -25.036   -129.64    119.63      1.00
   0.78312   1.42230   4.04199   -42.308    55.782   -18.795   -129.62     72.72      1.00
   3.17272   2.39238   0.43945   -90.992    52.368   -24.856   -129.62    108.48      1.00
   0.17681   2.81186  -0.06241   -97.070    59.642   -18.828   -129.57    118.47      1.00
   4.48209   0.93491   0.39819   -68.596    54.810   -48.614   -129.53     99.81      1.00
   4.00378   2.86765   4.23399   -71.908    79.066     0.858   -129.52    111.24      1.00
   1.63717   2.51925  -0.01943   -81.599    68.702     3.222   -129.51    109.28      1.00
   0.90698   2.04100   2.76519   -58.059    83.720   -25.021   -129.51    107.44      1.00
   1.70380   0.76205   3.86756   -83.779    52.327    -3.529   -129.49     97.85      1.00
   2.90711   1.24810  -0.04043   -52.151    50.839   -36.894   -129.48     84.94      1.00
   2.95909   0.97730   3.43046   -61.222    83.000   -23.606   -129.45    107.81      1.00
   0.77874   2.61904   0.12395   -63.762    83.616    -1.236   -129.45    109.19      1.00
   0.42012   1.01005   1.62972   -63.103    83.973   -26.684   -129.44    112.79      1.00
   4.74935   1.03852   1.59036   -52.528    59.254     1.629   -129.42     80.15      1.00
   0.50567   1.29410   2.16004   -86.812    76.757   -26.182   -129.41    122.45      1.00
   5.14174   1.03762   4.34743   -67.692    84.533   -22.053   -129.38    114.23      1.00
   2.16850   3.06710   0.17729   -69.597    35.715   -14.608   -129.36     81.53      1.00
   1.22103   0.40469   3.07499   -58.136    80.015   -23.155   -129.36    103.71      1.00
   0.69482   1.04771   1.44744   -61.656    86.752   -25.267   -129.35    114.07      1.00
   4.38112   0.54313   5.16694   -56.531    39.134   -30.051   -129.35     78.34      1.00
   2.17252   0.30202   5.13862   -84.288    71.082     2.054   -129.35    112.49      1.00
   1.98627   2.88979   2.55476   -63.054    75.334     0.994   -129.33    102.70      1.00
   4.42700   1.99980   5.98114   -63.905    43.228   -36.644   -129.32     85.40      1.00
   2.05581   2.16019   4.39301   -81.629    54.979   -47.857   -129.31    108.64      1.00
   3.16622   0.50152   1.44118   -55.456    57.880     2.989   -129.31     81.49      1.00
  -0.00843   1.92520   5.25747   -60.997    82.455   -37.404   -129.31    109.56      1.00
   2.56641   1.45125   1.22500   -69.540    87.708   -10.043   -129.30    115.99      1.00
   5.81937   2.24836   3.13316   -80.103    43.234    -4.613   -129.29     92.83      1.00
   4.29972   1.71932   4.00231   -74.193    84.352   -29.427   -129.26    120.44      1.00
   2.17044   0.67647   0.92974   -52.672    71.610    -0.475   -129.25     93.83      1.00
   3.64269   1.89625   0.71445   -86.102    47.147   -27.068   -129.25    102.34      1.00
  -0.25899   1.00497   0.38480   -60.335    85.880   -32.607   -129.24    109.78      1.00
   1.70946   0.37992   2.14074   -54.877    51.580     0.337   -129.24     78.74      1.00
   5.69064   1.42794   4.87051   -47.593    65.985   -11.346   -129.24     84.29      1.00
   2.32952   2.24149   3.15538   -76.422    77.743     3.313   -129.22    112.22      1.00
  -0.12939   0.77197   5.69477   -57.017    52.753   -38.949   -129.21     85.43      1.00
   4.83606   0.59586   4.24712   -66.592    89.089   -18.151   -129.19    117.42      1.00
   1.47301   2.15628   2.65839   -62.925    66.627     4.679   -129.18     95.37      1.00
   4.82566   0.89482   1.39623   -89.322    45.979   -10.000   -129.17    101.45      1.00
   0.48078   1.55832   5.61250   -88.016    78.202   -28.700   -129.15    121.00      1.00
   1.12279   1.93915   3.96861   -51.509    65.134    -1.813   -129.11     83.42      1.00
   1.93819   0.91634   1.63874   -89.995    45.637    -5.428   -129.10    104.18      1.00
   5.38951   2.25556   3.46701   -62.599    68.215     5.436   -129.10     96.28      1.00
   3.56491   1.31811   4.73362   -67.673    36.988    -3.304   -129.06     79.92      1.00
   4.30957   1.62493   0.34884   -59.221    46.110    -4.974   -129.02     75.35      1.00
   0.85463   2.09517   2.72945   -57.984    84.292   -24.475   -129.01    107.69      1.00
   3.75794   2.52321   5.72419   -79.407    42.152    -8.109   -129.01     90.07      1.00
   4.57236   1.42264   0.43505   -73.769    42.097   -32.919   -128.99     90.24      1.00
   3.05286   1.83205   5.64298   -42.382    69.468   -27.982   -128.97     87.91      1.00
   1.82113   0.51581   1.90997   -55.676    82.593   -25.072   -128.96    106.82      1.00
   1.62731   1.79966   2.07412   -51.474    55.066   -38.767   -128.92     89.11      1.00
   2.10092   1.11576   4.13170   -92.558    60.229   -14.492   -128.92    110.97      1.00
   1.20455   0.77408   5.07693   -51.164    52.076   -32.114   -128.91     79.05      1.00
   0.58379   3.01336   5.14976   -90.250    43.666   -14.525   -128.89    103.48      1.00
   6.00131   1.95966   5.64626   -67.581    42.779    -7.558   -128.85     81.82      1.00
   0.67040   0.29253  -0.22973   -58.998    86.314   -30.026   -128.85    109.33      1.00
   0.20152   1.16912   2.67363   -88.931    77.385   -20.806   -128.85    123.03      1.00
   0.40811  -0.07477   0.93270   -68.341    40.773    -6.027   -128.84     83.28      1.00
   5.43892   2.22566   3.60342   -62.311    67.845     5.537   -128.84     95.90      1.00
   1.97358   2.87689   2.56490   -63.134    75.629     0.880   -128.81    102.94      1.00
   0.14218   1.99451   5.67575   -57.977    80.195   -35.888   -128.80    106.02      1.00
   2.79604   1.48694   0.02621   -66.778    41.600   -35.932   -128.74     89.00      1.00
   1.62190   2.92286   5.58159   -61.455    88.992   -27.134   -128.73    112.00      1.00
   0.13086   0.98418   4.46511   -51.830    44.687   -30.262   -128.71     74.53      1.00
   2.98631   1.39117   4.79927   -92.088    71.799   -16.659   -128.71    119.55      1.00
   3.31507   1.54528   0.39143   -79.502    46.516   -38.026   -128.70    101.02      1.00
   5.89430   2.13080   3.31514   -59.457    65.789     7.297   -128.70     91.86      1.00
   0.59061   2.31240   5.53983   -75.872    41.193   -10.068   -128.68     88.66      1.00
   4.19271   0.87337   0.38058   -74.926    37.664   -24.621   -128.66     87.20      1.00
   4.43087   2.42210   2.61054   -62.724    36.961   -26.605   -128.66     80.06      1.00
  -0.05868  -0.05114   5.95316   -51.832    63.092   -38.171   -128.66     89.79      1.00
   2.86891   1.91994   2.94341   -94.439    54.277   -28.069   -128.64    115.32      1.00
   0.30209   1.93739   4.01605   -44.725    67.712   -22.921   -128.64     84.98      1.00
   3.69094   1.58703   5.75859   -50.387    53.780   -35.784   -128.62     84.02      1.00
   4.46617   1.18611   4.97040   -95.626    67.109   -30.142   -128.61    122.63      1.00
   3.61162   2.05599   0.76851   -57.853    39.307   -14.507   -128.61     72.49      1.00
   2.73634   0.77425   1.87777   -63.092    86.789   -17.445   -128.61    110.91      1.00
   1.18917   1.62636   3.29832   -58.617    78.370   -31.265   -128.53    104.17      1.00
   4.37895   0.46403   6.08852   -75.207    74.642     3.802   -128.52    107.10      1.00
   4.08272   1.19635   2.79342   -76.754    42.211    -8.087   -128.52     90.96      1.00
   4.64742   2.46787   2.48406   -59.105    52.596   -44.413   -128.46     91.98      1.00
   2.35342   0.53600   2.77284   -68.165    86.460   -22.877   -128.46    113.23      1.00
   6.25091   2.14393   2.64426   -61.776    51.220   -45.931   -128.46     92.62      1.00
   2.37275   0.93021   2.79418   -52.113    41.889   -13.635   -128.46     69.76      1.00
   2.87206   2.93739   3.35565   -55.755    80.664    -4.505   -128.46    102.83      1.00
   3.48868   2.32431   4.50661   -69.306    72.489     6.845   -128.46    103.42      1.00
   1.96769   0.64081   6.10663   -88.928    53.795    -8.072   -128.45    107.61      1.00
   3.89475   0.44727   5.21792   -42.495    63.780   -18.115   -128.43     84.07      1.00
   2.16879   0.47981   1.21868   -55.407    83.668    -3.606   -128.38    105.00      1.00
   3.75625   3.34906   5.59497   -54.170    81.529    -2.793   -128.33    100.01      1.00
   5.83632   1.76425   5.82246   -93.082    50.289   -25.147   -128.32    108.64      1.00
   3.87584   1.92581   4.39280   -91.990    59.267   -27.276   -128.32    115.31      1.00
   2.30047   1.71022   4.52833   -61.715    74.426   -41.549   -128.29    105.85      1.00
   4.02935   2.10155   5.92812   -61.552    69.532   -50.730   -128.26    106.20      1.00
   5.62304   0.58883   2.41515   -56.989    80.821    -0.823   -128.25    103.70      1.00
   1.67490   2.71516   5.49878   -65.982    35.678   -16.364   -128.20     77.39      1.00
   1.39043   2.33643   1.91615   -63.985    84.910   -35.082   -128.18    116.10      1.00
   4.65192   1.06512   1.35733   -50.783    61.335     0.122   -128.18     79.98      1.00
  -0.03265   0.47755   4.24820   -48.069    44.301   -26.259   -128.16     71.89      1.00
   2.67127   0.38572   4.61678   -85.017    70.033     1.166   -128.16    112.32      1.00
   2.01098   1.96770   3.38523   -52.297    67.312    -1.182   -128.15     87.80      1.00
   2.19217   2.12681   3.87166   -78.624    58.683   -51.705   -128.15    111.22      1.00
   4.40652   2.16724  -0.05539   -57.366    73.648     6.280   -128.14     94.68      1.00
   6.10730   0.93496   1.09527   -92.947    63.387   -29.525   -128.13    118.22      1.00
   5.12265   1.27841   5.81126   -54.507    44.986   -26.937   -128.13     75.64      1.00
   4.27007   0.08929   3.31254   -67.730    40.583    -6.672   -128.12     82.69      1.00
   4.44428   1.65818   5.79182   -61.089    51.813   -44.348   -128.10     92.11      1.00
   2.71058   0.92519   1.97458   -66.662    87.509   -14.597   -128.08    113.32      1.00
   0.92168   1.24664   3.88394   -73.880    86.580   -29.543   -128.05    117.42      1.00
   5.32810   0.33749   1.54169   -70.186    72.639     4.789   -128.04    102.79      1.00
   0.26400   1.73755   4.98892   -87.480    83.342   -29.548   -127.98    123.98      1.00
   5.15627   0.63199   3.83389   -67.730    88.273   -16.218   -127.98    117.30      1.00
   5.03715   0.50571   0.23481   -67.134    68.721     6.412   -127.97     95.64      1.00
   5.27534   0.85856   1.77875   -51.957    59.239     0.466   -127.97     81.25      1.00
   2.75121   2.93105   2.05128   -97.590    54.464   -23.436   -127.96    117.76      1.00
   0.03340  -0.05087   5.86592   -51.817    63.030   -38.212   -127.95     89.76      1.00
   4.06309   3.05367   2.11320   -69.865    35.971   -14.095   -127.92     82.00      1.00
   1.17654   0.80301   1.82712   -65.073    34.960    -9.068   -127.91     78.95      1.00
   5.83086   1.04691   3.78036   -56.610    48.025    -1.161   -127.90     78.04      1.00
   5.80309   2.67285   6.42938   -51.204    59.719    -2.165   -127.87     82.50      1.00
   4.50052   1.58275   0.55846   -74.429    42.087   -32.521   -127.86     90.72      1.00
  -0.06097   1.53962   0.23486   -69.297    50.704     0.801   -127.86     87.58      1.00
   1.36122   0.40318   2.32394   -54.719    51.134    -0.812   -127.84     78.78      1.00
   0.08427   0.44547   0.69233   -68.099    71.225     5.316   -127.83    100.71      1.00
   3.31856   2.67680   4.37827   -77.987    65.296   -50.794   -127.82    115.13      1.00
   0.33346   1.94632  -0.04935   -56.756    59.907     3.442   -127.80     85.52      1.00
   6.49837   2.10878   0.48453   -62.181    54.848     2.322   -127.79     86.55      1.00
   0.21979   2.80709   1.40761   -52.903    48.925    -4.475   -127.79     75.35      1.00
  -0.06797   2.23967   3.45934   -62.470    68.024     5.675   -127.78     94.57      1.00
   1.93249   1.77031   3.18340   -60.296    79.590   -33.739   -127.77    107.79      1.00
   0.62318   2.85175   1.61635   -63.214    78.716     2.126   -127.77    104.70      1.00
   3.48633   0.60189   1.23462   -66.007    40.789    -8.195   -127.75     78.59      1.00
   1.13952   2.51374   1.47446   -56.478    73.131   -43.128   -127.74    105.65      1.00
   5.95316   0.75489   5.08099   -53.525    44.162   -29.891   -127.71     75.00      1.00
   5.60014   2.69072   3.71181   -58.917    85.094   -34.500   -127.70    110.62      1.00
   3.28639   0.99079   3.23201   -74.741    61.635   -51.358   -127.69    111.93      1.00
   3.06184   2.08885   3.63561   -64.655    80.207   -38.749   -127.69    113.65      1.00
   1.46378   0.65928   2.07627   -96.223    49.530   -15.779   -127.69    111.98      1.00
   2.86803   0.14055   0.17627   -72.374    75.088     4.672   -127.67    108.68      1.00
   2.90643   2.36738   0.90925   -46.905    53.536   -34.494   -127.67     81.29      1.00
   2.87750   0.75503   1.15659   -60.365    81.698   -37.446   -127.67    111.25      1.00
   1.15548   2.08445   6.36261   -62.672    84.088     1.363   -127.61    107.96      1.00
   2.30947   2.33684  -0.33233   -78.133    45.669    -8.228   -127.59     91.63      1.00
   4.22710   1.90509   5.16601   -90.620    73.891   -12.827   -127.58    119.34      1.00
   1.80828   1.58920   3.88335   -44.113    59.281   -24.237   -127.56     78.51      1.00
   0.34025   0.60920   1.67463   -88.637    46.676   -20.455   -127.55    106.30      1.00
   4.94195   0.43515   4.13741   -89.519    48.196   -40.029   -127.51    112.31      1.00
   4.27710   1.08161   4.35695   -56.662    59.563   -43.665   -127.49     97.32      1.00
   3.28611   2.61852   4.50693   -77.565    65.114   -50.843   -127.45    114.48      1.00
   2.65941   3.27638   0.34757   -64.029    90.982   -27.845   -127.41    115.43      1.00
   0.82493   0.65925   5.40815   -68.297    45.743   -42.767   -127.41     91.79      1.00
   5.86093   1.71468   6.74656   -66.556    48.545    -1.275   -127.40     83.89      1.00
   2.23225   2.72692   0.46564   -62.026    44.457    -6.990   -127.39     79.43      1.00
   4.70935   0.25523   4.18814   -67.890    64.132     6.388   -127.37     98.48      1.00
   5.50343   2.31567   1.78770   -45.430    43.673   -21.243   -127.37     67.27      1.00
   5.03851   1.42639   5.31036   -83.101    81.784    -3.668   -127.37    118.17      1.00
   0.17765   0.76349   3.24685   -59.964    43.190    -6.621   -127.36     77.63      1.00
  -0.26385   0.46728   3.43743   -55.336    82.095   -21.353   -127.36    105.94      1.00
  -0.35192   1.90532   2.11566   -85.734    69.902    -2.383   -127.34    112.99      1.00
   2.13792   2.26842   4.99195   -45.571    70.843   -16.734   -127.32     86.00      1.00
   0.02379   1.56089   4.74479   -90.750    56.894   -31.781   -127.28    110.95      1.00
   2.52707   0.91348   5.67903   -90.322    52.631    -8.101   -127.27    107.42      1.00
   2.92001   1.35237   6.25736   -50.261    54.131   -38.836   -127.26     86.53      1.00
   5.71224   2.25317   1.68579   -72.110    87.565    -6.947   -127.19    115.08      1.00
   5.06473   1.45467   5.32444   -83.142    81.925    -3.798   -127.19    118.27      1.00
   1.87289   1.47046   1.00898   -70.989    88.488   -29.095   -127.18    121.65      1.00
   1.54471   1.61506   5.24821   -93.479    67.235   -31.666   -127.18    119.05      1.00
   1.35967   0.87491   3.27545   -78.226    82.146     3.633   -127.17    114.49      1.00
   1.68743   2.13673   1.20504   -87.333    61.638    -4.096   -127.14    111.53      1.00
   5.62128   1.31654   4.39721   -71.212    38.501    -8.624   -127.14     83.10      1.00
   3.53549   0.91771   1.24181   -50.073    80.467    -8.181   -127.12     96.39      1.00
   0.73936   0.52162   4.45822   -45.908    68.943    -5.341   -127.12     82.81      1.00
   3.29834   2.14558   1.94256   -90.289    45.928   -22.036   -127.09    106.86      1.00
   1.16200   2.06848   1.28404   -67.980    87.608   -31.651   -127.09    119.67      1.00
   3.24376   0.48560   5.46775   -64.756    36.507    -4.502   -127.07     78.54      1.00
  -0.26526   2.21189   2.50149   -58.633    47.365   -39.226   -127.06     85.24      1.00
   3.54517   2.37716   5.87585   -67.634    48.664    -0.062   -127.06     83.51      1.00
  -0.01669   0.67404   0.34271   -65.333    43.245   -36.062   -127.06     86.43      1.00
   0.34766   1.98407   2.85168   -87.310    44.989   -12.965   -127.05     99.96      1.00
   0.30938   1.50599   1.26864   -86.531    55.116    -7.954   -127.05    106.36      1.00
   2.90410   0.74768   5.08176   -70.610    77.023   -47.795   -127.02    118.23      1.00
   1.05219   2.32880   1.11146   -80.092    41.221   -12.505   -127.01     94.75      1.00
   2.88744   1.47950   3.17449   -78.235    48.639     0.853   -127.00     94.12      1.00
   0.47298   0.87914   2.60281   -57.521    82.988   -26.355   -126.99    108.90      1.00
   2.28328   1.96510   2.90276   -59.710    79.583   -37.559   -126.97    109.98      1.00
   1.17311   0.29906   2.08472   -59.352    81.135     1.988   -126.93    105.39      1.00
   3.36978   2.04893   5.10042   -87.441    76.258   -34.748   -126.88    122.02      1.00
   3.73809   2.99231   5.32071   -53.337    81.088    -3.986   -126.88     99.43      1.00
   3.79169   0.28444   4.95213   -53.341    72.578     2.797   -126.88     95.34      1.00
   3.40695   0.82520   4.16718   -85.924    62.534     0.719   -126.87    109.14      1.00
   2.95965   2.26266   5.07766   -66.343    86.372   -19.404   -126.82    111.41      1.00
   3.45739   1.76370   4.20253   -71.028    84.313   -33.364   -126.80    118.62      1.00
   2.35378   2.01547   2.92545   -59.937    79.909   -37.814   -126.80    110.52      1.00
   0.30449   2.13308   2.02413   -80.955    59.210     2.089   -126.79    103.03      1.00
   1.00339   1.28869   4.06146   -67.784    85.553   -30.028   -126.77    112.72      1.00
   3.30263   2.23674   2.18349   -65.656    42.729   -40.221   -126.74     91.49      1.00
   3.07008   1.99990   2.36966   -47.362    54.107   -35.808   -126.74     84.47      1.00
   5.23197   0.30098   1.69315   -64.358    63.406     6.197   -126.73     92.43      1.00
   4.28854   1.91465   5.17940   -90.840    73.744   -13.204   -126.73    119.45      1.00
   0.34650   1.00997   4.63888   -44.581    53.021   -11.363   -126.72     70.07      1.00
   0.68426   1.25666   2.65846   -52.617    78.668   -30.279   -126.66    103.20      1.00
   0.61625   2.41717   5.36299   -58.849    86.121   -29.716   -126.66    109.49      1.00
   4.61832   1.48313   2.57349   -57.020    84.428   -29.237   -126.66    108.78      1.00
   3.33106  -0.28843   0.35717   -69.739    88.531   -11.994   -126.62    116.60      1.00
   1.54238   1.80676   5.18370   -60.705    52.931     1.066   -126.62     80.49      1.00
   0.48492   2.90143   3.05701   -67.190    82.452    -0.992   -126.61    106.95      1.00
   3.70353   0.10694   3.92770   -68.552    40.575    -6.264   -126.58     83.40      1.00
   4.86218   0.90746   1.44750   -89.914    46.705    -9.812   -126.56    102.47      1.00
   4.99812   0.82880   0.62960   -71.297    76.491     2.350   -126.56    104.06      1.00
   2.01919   1.40157   5.80486   -78.191    50.806     0.665   -126.54     94.96      1.00
   0.29416   1.96561   4.62199   -65.828    72.851     4.791   -126.52     99.36      1.00
   4.47684   0.99840   1.37189   -88.751    48.764   -11.451   -126.49    102.06      1.00
   4.05770   0.78844  -0.23355   -71.414    70.560     6.093   -126.48    102.23      1.00
   5.13593   2.68854   2.25582   -84.465    44.485   -14.447   -126.47     97.18      1.00
   1.31482   2.30478   4.16623   -49.438    75.123    -7.668   -126.40     90.44      1.00
   3.48618   0.93238  -0.07847   -47.993    54.297   -35.667   -126.33     84.08      1.00
   3.60298   2.00985   3.55841   -93.695    57.230   -16.277   -126.32    114.37      1.00
   1.18142   0.60995   5.16601   -60.296    46.336   -36.386   -126.32     83.78      1.00
   1.00646   1.71379   4.48896   -88.951    56.594   -37.794   -126.32    110.35      1.00
   4.27820   1.90357   5.18247   -90.930    73.664   -12.971   -126.31    119.43      1.00
   5.44361   1.45216   3.41790   -90.140    70.114   -39.347   -126.30    123.41      1.00
   4.21552   0.85328   0.33493   -74.596    37.430   -24.556   -126.29     86.80      1.00
   1.10700   2.33452   1.16829   -80.373    41.259   -12.012   -126.29     94.99      1.00
  -0.19851   1.59225   4.44085   -90.770    52.121   -22.594   -126.25    107.16      1.00
   3.93355   1.63050   1.77218   -56.513    38.620   -32.034   -126.25     77.24      1.00
   3.55336   0.57024   5.30881   -65.297    36.816    -4.077   -126.24     78.91      1.00
   3.25765   0.65284   3.25617   -72.886    39.653   -11.517   -126.24     85.07      1.00
   1.28956   1.98176   4.84091   -43.398    62.877   -22.660   -126.24     79.09      1.00
   5.07822   0.22310   1.03523   -72.471    65.942     6.033   -126.23     97.97      1.00
   5.91051   1.79545   1.98948   -85.764    71.855    -2.592   -126.22    114.45      1.00
   4.13933   1.94936   5.69131   -66.902    76.422     5.984   -126.19    103.29      1.00
   0.96849   1.75187   5.53079   -83.142    74.676   -42.051   -126.18    119.21      1.00
   4.30112   1.79006   0.19963   -83.386    86.334    -8.624   -126.17    120.11      1.00
   4.56996   0.62049   6.39826   -63.665    76.282     2.220   -126.16     99.62      1.00
   5.05783   1.56233   6.03153   -46.413    52.674   -26.265   -126.16     75.39      1.00
   2.72669   2.45272   2.46740   -94.733    54.497   -25.513   -126.15    115.90      1.00
   2.77413   1.86650   1.60313   -89.555    72.091   -16.696   -126.12    119.65      1.00
   4.56861   1.82047   0.27031   -60.694    80.797   -34.841   -126.09    106.62      1.00
   6.24800   2.11492   4.87878   -58.120    73.875    -0.243   -126.09     96.09      1.00
   3.49082   1.01967   3.62161   -88.735    50.041   -11.143   -126.08    105.05      1.00
   0.11567  -0.08904   3.57893   -80.147    68.999   -45.538   -126.07    117.54      1.00
   0.69861   0.91319   3.42185   -65.311    83.413   -23.960   -126.07    110.53      1.00
   1.33103   0.83052   3.29255   -78.417    82.641     3.411   -126.05    114.94      1.00
  -0.18553   2.74842   3.47706   -95.900    69.574   -29.131   -126.05    122.17      1.00
   0.80290   2.32537   4.01964   -41.309    51.182   -19.545   -126.05     68.64      1.00
   4.77412   0.71024   3.28032   -78.084    88.139   -12.433   -126.04    122.97      1.00
   5.43285   1.38728   3.47429   -91.176    69.378   -39.791   -126.04    123.94      1.00
   5.10137   1.05993   0.56924   -71.379    78.267     1.970   -126.00    105.59      1.00
   4.49581   2.81277   0.65815   -82.103    48.211    -8.855   -125.99     95.26      1.00
   3.41646   1.21190   1.99551   -86.236    47.389   -40.317   -125.99    108.07      1.00
   0.97840   1.85149   4.33631   -90.089    52.670   -32.993   -125.97    107.87      1.00
   4.21633   1.92561   5.39136   -60.322    51.682   -44.994   -125.95     92.66      1.00
   1.15367   2.40344   5.68469   -68.770    38.507   -14.915   -125.92     81.76      1.00
   0.02846   2.00632   6.08638   -89.624    72.183   -39.041   -125.92    122.33      1.00
   2.14560   1.88291   3.89136   -80.779    57.315   -50.016   -125.90    111.12      1.00
   0.89742   2.81740   5.09480   -79.504    64.418     3.402   -125.88    104.00      1.00
   2.53055   1.67899   5.09829   -57.354    48.450   -41.053   -125.83     86.68      1.00
   3.15005   2.60118   3.49458   -65.592    83.446   -37.466   -125.82    116.50      1.00
   5.14016   0.75844   4.79219   -58.940    43.157   -39.608   -125.81     84.93      1.00
   3.64422   1.31101   2.76509   -58.956    85.654   -19.481   -125.81    108.79      1.00
   3.18394   0.27044   0.46111   -66.706    78.264     3.638   -125.80    106.07      1.00
   4.49471   1.28534   3.63599   -61.063    81.922   -22.029   -125.72    109.32      1.00
  -0.06463   1.23070   5.18555   -72.367    84.971    -3.475   -125.71    111.68      1.00
   1.61962   2.49785   0.11428   -67.090    88.148    -2.402   -125.71    113.51      1.00
   1.47234   0.78544   3.52017   -77.613    48.820    -3.003   -125.70     91.26      1.00
   0.92250   1.30853   4.06272   -67.991    85.299   -30.881   -125.61    112.90      1.00
   2.72715   2.53581   2.56970   -95.030    55.995   -25.475   -125.61    116.81      1.00
   5.35315   2.97394   3.04560   -64.172    90.902   -28.407   -125.60    115.67      1.00
   5.11480   1.79743   5.07395   -46.210    63.381   -15.646   -125.58     83.18      1.00
   6.02417   1.55815   3.24125   -42.014    64.115   -14.936   -125.58     81.68      1.00
   5.32881   1.59827   3.40540   -57.937    41.898   -11.977   -125.57     76.30      1.00
   0.05615   1.98095   6.10480   -89.472    72.211   -39.029   -125.54    122.22      1.00
   0.41651   2.05313   3.70913   -41.617    56.401   -18.256   -125.54     73.34      1.00
   4.54031   1.59826   2.52489   -56.902    85.344   -29.212   -125.52    109.29      1.00
   5.42456   1.35861   5.59316   -71.189    40.976   -10.680   -125.49     82.79      1.00
   1.30955   2.10684   3.70052   -53.289    66.667    -0.182   -125.48     86.31      1.00
   5.87598   2.74603   0.85360   -53.325    48.899    -5.902   -125.46     75.21      1.00
  -0.14446   1.07944   1.91785   -68.853    87.368   -21.182   -125.44    117.03      1.00
   5.55272   0.19028   4.37499   -70.223    89.388   -12.944   -125.44    117.62      1.00
   0.43629   0.78380   1.58479   -61.453    36.731   -10.407   -125.44     77.12      1.00
   5.88498   1.08035   4.98414   -88.126    68.578    -1.103   -125.44    111.77      1.00
   3.11527   1.49152   2.19294   -84.707    67.312   -45.600   -125.41    120.19      1.00
   5.44351   1.72406   1.19994   -72.717    88.470   -26.448   -125.40    118.00      1.00
   1.44979   1.89099   0.18905   -64.352    84.212     2.478   -125.39    109.14      1.00
   4.02967   1.83901   3.76692   -90.992    57.852   -10.719   -125.38    112.10      1.00
   3.62794   0.85924   0.58393   -54.314    73.212    -0.861   -125.34     92.82      1.00
   0.49461   1.56985   4.44596   -94.104    61.833   -24.414   -125.32    114.10      1.00
   4.34997   0.85587   3.02813   -53.769    80.485   -26.091   -125.29    103.85      1.00
   5.76813   2.26546   1.73308   -72.174    87.251    -6.957   -125.26    114.94      1.00
   4.15545   2.22855   5.33455   -59.420    42.822   -35.204   -125.23     82.53      1.00
   0.23412   1.92135   2.85690   -88.347    47.524   -14.857   -125.19    102.45      1.00
   6.06337   1.56559   3.35569   -41.877    63.091   -15.135   -125.18     80.62      1.00
   1.35675   0.84309   2.85728   -63.835    52.562     5.151   -125.17     85.05      1.00
   6.24997   0.75503   4.80731   -54.492    45.637   -34.242   -125.16     78.18      1.00
   3.60506   1.76422   0.64502   -87.289    55.068    -4.132   -125.16    103.82      1.00
   5.68597   1.49573   6.01581   -93.328    53.151   -21.391   -125.15    108.93      1.00
   4.87878   1.56816   2.89284   -57.206    81.913   -30.898   -125.15    107.92      1.00
   0.31947   1.96073   4.00012   -74.355    75.074     2.904   -125.12    106.65      1.00
   0.02393   2.53318   4.67848   -66.380    74.027     1.543   -125.12    101.83      1.00
   0.30754   2.12277   1.70076   -83.843    42.767   -15.083   -125.12     97.38      1.00
   1.96462   1.75534   4.64272   -87.214    45.452   -37.030   -125.10    104.22      1.00
   0.01365   1.67149   1.42928   -89.024    79.613   -18.578   -125.06    123.48      1.00
   4.77783   2.68594   0.64487   -69.688    84.300     0.154   -125.04    110.00      1.00
   3.51212   0.59358   5.21137   -63.515    36.959    -3.784   -125.01     77.54      1.00
   2.71612   1.90614   3.48422   -43.284    59.639   -21.394   -125.01     80.42      1.00
   2.03654   1.95167   5.33499   -75.649    82.465   -39.525   -124.99    118.58      1.00
   0.68292   0.92131   2.02549   -87.516    77.978   -21.198   -124.96    123.48      1.00
   3.98296   1.45971  -0.05126   -84.050    82.924    -2.800   -124.92    118.52      1.00
   5.22128   2.80720   4.40342   -58.819    71.740     0.720   -124.91     97.25      1.00
   5.01806   1.31079   0.98410   -64.325    85.669   -33.647   -124.88    111.79      1.00
   2.24525   2.61134   2.29468   -95.977    66.610   -27.835   -124.88    123.71      1.00
   0.71308   1.73241   5.82322   -61.393    56.575     3.977   -124.87     85.20      1.00
   6.23163   1.60787   0.28639   -64.028    47.606    -3.749   -124.87     81.69      1.00
   3.17466   0.58877   1.47827   -70.919    42.269    -5.730   -124.84     83.50      1.00
   4.74355  -0.11432  -0.46785   -62.780    87.179   -16.401   -124.84    110.62      1.00
   3.54604   0.95788   1.19526   -50.093    80.967    -8.557   -124.83     96.88      1.00
   3.61549   0.85951   0.60252   -54.239    73.182    -0.940   -124.82     92.75      1.00
   3.88017   2.06353   0.61419   -57.034    40.771   -12.382   -124.80     71.66      1.00
   2.20655   0.67799   3.98057   -57.980    37.385    -9.631   -124.79     69.54      1.00
   4.26663   0.87684   0.31750   -74.851    37.593   -24.604   -124.79     87.00      1.00
   3.71544   3.06167   1.19808   -52.365    52.353     0.138   -124.78     75.46      1.00
   3.92431   0.56668  -0.31344   -67.910    68.434     5.731   -124.75     99.12      1.00
  -0.13479   1.06736   5.01212   -89.223    65.042    -3.080   -124.75    109.95      1.00
   5.67693   2.66498   6.04766   -73.572    79.568   -42.567   -124.73    118.49      1.00
   3.79398   0.34172   5.75714   -67.427    66.218     6.015   -124.71     98.32      1.00
   0.52280   0.57718   3.13998   -62.740    50.931     0.386   -124.70     84.03      1.00
  -0.11449   2.30981   0.35919   -92.389    49.770   -22.154   -124.69    108.77      1.00
   3.41762   0.70296   4.76071   -71.428    89.355   -25.949   -124.68    121.28      1.00
   1.82824   0.53877   2.43873   -54.637    80.125   -24.820   -124.68    102.94      1.00
   6.18877   2.18888   6.25189   -58.891    79.676   -32.881   -124.66    106.19      1.00
   5.11360   1.95132   5.43178   -44.924    58.225   -21.753   -124.66     79.13      1.00
   5.06472   2.17550   2.16149   -63.035    63.782     9.064   -124.58     92.36      1.00
   4.72198   2.18974   0.59084   -52.895    44.977    -7.581   -124.56     70.25      1.00
   1.51389   1.93649   2.54150   -43.797    50.887   -27.644   -124.53     76.51      1.00
   4.20790   0.58706   5.22987   -63.655    90.625   -21.484   -124.52    116.77      1.00
   5.90623   1.33909   4.89944   -47.929    65.739    -7.474   -124.51     83.28      1.00
   1.28145   2.23702   1.76529   -84.677    41.601    -9.681   -124.48     98.32      1.00
   3.41196   1.28395   2.79475   -89.439    78.500   -18.379   -124.48    122.99      1.00
   3.97929   2.23283   3.06008   -58.791    80.100   -32.594   -124.42    108.70      1.00
   1.23534   0.75311   2.92186   -65.394    53.075     4.413   -124.38     86.47      1.00
   3.97617   0.56004   1.78479   -91.659    48.374   -17.975   -124.35    105.20      1.00
   5.32327   1.37925   3.96694   -86.991    56.544    -0.477   -124.34    107.03      1.00
   0.73884   2.32085   4.02451   -87.047    45.808   -11.403   -124.32     98.41      1.00
   5.46415   1.61382   4.16855   -92.900    59.845    -8.609   -124.31    113.23      1.00
   0.79114   2.01199   4.12141   -76.845    43.697   -42.334   -124.31     96.45      1.00
   4.93741   2.24026   4.61993   -93.050    61.661   -30.560   -124.27    118.05      1.00
  -0.22953   1.43160   3.21454   -64.316    80.676   -34.401   -124.22    111.40      1.00
   0.00000   1.83403   3.70903   -55.583    65.713     5.790   -124.22     88.82      1.00
   2.22237   1.78739   2.55716   -60.099    41.756   -32.507   -124.21     83.39      1.00
   4.12539   2.65293   0.85058   -89.657    48.910   -34.358   -124.21    107.16      1.00
   5.05941   1.43990   5.33562   -82.904    81.859    -3.798   -124.20    118.03      1.00
   5.77471   2.30648   3.45815   -68.982    67.725     6.430   -124.18     99.51      1.00
   5.97706   1.64263   4.05331   -65.037    80.883   -35.455   -124.18    111.09      1.00
   0.60282   2.33940   3.84576   -40.734    51.226   -17.594   -124.16     68.15      1.00
   3.44813   1.20404   1.32172   -62.337    85.809   -24.865   -124.14    110.46      1.00
   5.99290   0.39497   4.63625   -48.726    44.999   -27.255   -124.11     72.76      1.00
   2.72487   2.26339   3.10577   -63.779    81.444   -37.462   -124.10    114.00      1.00
   1.27842   1.69957   5.58827   -56.949    55.160     1.246   -124.10     80.14      1.00
   5.19928   2.81039   4.36977   -58.926    71.735     0.751   -124.06     97.31      1.00
   2.47500   2.32963   3.30978   -75.111    77.304     4.044   -124.05    111.05      1.00
   6.37133   2.53811   4.58199   -62.164    43.491    -0.931   -124.05     78.01      1.00
   5.61195   1.94751   4.56986   -89.406    55.437   -37.129   -124.04    112.49      1.00
   1.06952   2.14615   5.07898   -86.247    60.523   -45.476   -124.00    113.97      1.00
   0.09862   0.54184   1.81467   -90.108    58.856   -33.175   -124.00    116.51      1.00
   4.73115   0.97784   1.64163   -52.707    58.803     1.592   -123.97     79.99      1.00
   3.46811   1.73027   5.47559   -53.122    51.564   -36.841   -123.93     84.73      1.00
   1.88130   1.47307   0.96509   -87.069    48.956   -12.556   -123.92    104.90      1.00
   5.38495   0.66236   2.98534   -70.839    88.617   -12.864   -123.91    119.06      1.00
   6.74921   2.68639   3.11751   -99.884    59.940   -26.864   -123.91    118.81      1.00
   2.99644   1.47862   3.06757   -76.381    48.283     0.838   -123.91     92.64      1.00
   4.18914   2.19366   1.83566   -90.535    59.781   -10.123   -123.90    110.72      1.00
   0.66050   0.99028   2.63011   -54.890    80.215   -29.496   -123.90    105.79      1.00
   2.77876   1.19932   3.91545   -90.072    49.998   -22.320   -123.86    106.53      1.00
   4.85612   1.02817   5.58668   -57.258    58.087   -43.029   -123.85     93.01      1.00
   1.92960   0.90242   3.87501   -65.442    86.221   -24.678   -123.85    111.11      1.00
   5.90785   0.74458   5.06551   -52.992    44.355   -29.908   -123.84     74.91      1.00
   4.69407   1.19267   5.54151   -52.956    57.973   -38.962   -123.84     89.12      1.00
  -0.07050   1.52884   4.63086   -86.945    44.694   -26.143   -123.83    100.58      1.00
   0.58757   1.69822   3.43638   -65.204    43.081    -3.102   -123.74     79.23      1.00
   1.49294   2.12887   3.68172   -52.955    67.394    -0.826   -123.74     86.88      1.00
   5.37685   2.78541   0.38215   -53.207    84.494    -0.520   -123.73    102.72      1.00
   5.05693   1.89656   6.12863   -57.986    49.954   -44.106   -123.71     88.02      1.00
   1.89750   1.82755   3.95858   -66.362    84.123   -27.225   -123.71    110.99      1.00
   0.19462   2.04494   4.51862   -55.070    72.144    -1.315   -123.70     92.12      1.00
   4.52900   0.94599   1.38595   -89.517    49.400   -11.355   -123.69    103.04      1.00
   1.29003   1.73342   3.28848   -59.391    79.003   -31.178   -123.68    105.10      1.00
   3.35814   0.20579   2.96557   -45.692    57.229   -33.100   -123.67     80.84      1.00
   5.34928   2.07275   3.01528   -87.244    79.990   -31.175   -123.65    124.40      1.00
   4.36491   0.21009   4.12168   -78.068    39.807    -8.821   -123.65     92.26      1.00
   3.41764   1.26259   4.39960   -86.812    45.252   -13.176   -123.65    101.15      1.00
   1.45406   1.06084   4.87414   -62.525    42.525   -38.566   -123.64     84.11      1.00
   0.58090   1.38345   4.02987   -75.428    89.605   -24.555   -123.63    119.64      1.00
   3.89525  -0.09939   2.18752   -49.969    60.963   -36.872   -123.62     86.59      1.00
   3.22553   1.12454   0.17055   -47.862    49.930   -33.855   -123.58     80.23      1.00
   5.08151   1.76269   5.15113   -90.231    73.065   -34.306   -123.58    122.16      1.00
   5.58019   2.15502   3.23347   -88.329    80.591   -31.089   -123.57    125.17      1.00
   4.92009   2.36122   0.11478   -74.560    40.115   -15.037   -123.57     86.07      1.00
   0.76906   0.40165   1.34888   -65.089    86.066   -24.677   -123.55    115.54      1.00
   5.93269   1.77758   4.11417   -94.958    62.630   -33.360   -123.54    119.19      1.00
   1.14313   3.00883   2.36803   -60.490    84.404   -34.566   -123.45    111.75      1.00
   3.49481   2.54486   0.33783   -67.229    42.398    -8.841   -123.44     80.22      1.00
   0.87593   0.49712   4.35876   -45.586    68.307    -5.938   -123.43     82.13      1.00
   5.31606   1.93674   5.49313   -92.905    69.400   -28.570   -123.35    120.11      1.00
   5.24138   1.49067   4.59319   -49.868    70.842    -4.372   -123.34     90.73      1.00
   4.44300   2.82460   3.69472   -60.479    73.102     1.587   -123.30     99.69      1.00
   3.53901   0.83899   1.08120   -69.712    43.434    -2.670   -123.29     82.91      1.00
   4.24999   2.13173   5.19670   -47.590    49.644   -21.883   -123.29     75.03      1.00
   4.92674   1.06177   0.92386   -63.514    87.492   -30.088   -123.28    111.64      1.00
   1.03754   1.73503   2.96030   -60.881    42.181   -33.106   -123.25     82.28      1.00
   5.45238   1.80776   0.57830   -44.810    50.675   -31.022   -123.25     74.43      1.00
   3.25487   1.52412   2.40583   -55.656    74.119   -37.396   -123.24    103.14      1.00
   3.77846   2.40096   1.17022   -54.330    50.778     1.649   -123.23     75.81      1.00
   1.56093   0.89543   3.95558   -69.283    86.902   -26.108   -123.23    113.82      1.00
   4.40447   2.51177   0.26574   -65.440    45.271    -8.083   -123.22     80.06      1.00
   4.86551   1.45068   3.40799   -70.767    48.987     1.027   -123.21     90.59      1.00
   2.39547   0.58971   0.78431   -54.267    71.058     1.066   -123.12     94.04      1.00
   4.00241   2.56727   6.11016   -81.957    44.049   -10.065   -123.10     93.16      1.00
   4.15477   2.00926   1.54225   -86.162    43.783   -21.251   -123.05    100.04      1.00
   1.81766   1.41214   1.24865   -69.149    88.931   -28.724   -123.04    121.06      1.00
   4.07287   2.30045   3.07744   -58.572    80.280   -32.988   -123.02    108.72      1.00
   4.48155   1.93480   5.84599   -61.296    45.350   -37.223   -123.00     85.18      1.00
   0.54192   1.23854   4.15186   -45.280    61.335    -7.262   -122.99     77.33      1.00
   4.10860   1.22617   2.90646   -56.581    43.599    -8.225   -122.98     75.43      1.00
   2.88091   0.83982   4.78068   -66.193    48.231   -44.285   -122.97     95.90      1.00
   0.15525   2.74942   0.90215   -49.702    58.416    -2.014   -122.97     80.93      1.00
  -0.10250   3.03069   5.55668   -91.290    52.355   -11.646   -122.95    109.40      1.00
   1.71543   2.69421   5.41575   -65.589    36.161   -16.273   -122.94     77.01      1.00
   4.76382   2.13027   2.90076   -56.100    83.574   -32.814   -122.93    108.58      1.00
   1.18800   1.21106   3.56944   -70.603    83.375   -28.568   -122.93    113.42      1.00
   0.57164   1.24444   4.14961   -45.284    60.998    -7.545   -122.93     77.02      1.00
   4.17219   1.51093   1.10777   -47.104    62.187    -2.381   -122.89     78.50      1.00
   1.37205   1.61267   1.21230   -86.162    62.803    -1.098   -122.88    111.39      1.00
   1.04540   2.69123   5.34879   -80.271    68.117     3.625   -122.86    106.98      1.00
   1.50320   1.95140   5.58270   -68.057    44.568    -6.578   -122.85     82.43      1.00
   1.38878   2.82691   3.96402   -64.742    81.941    -0.272   -122.84    104.81      1.00
   4.28996   1.88090   1.35519   -45.067    65.098   -24.881   -122.83     83.38      1.00
   3.64066   1.18130   3.80610   -48.821    41.382   -28.260   -122.83     73.89      1.00
   5.32613   0.38817   0.41651   -81.370    42.318    -3.544   -122.82     90.93      1.00
   4.82448   1.59248   3.51333   -72.079    48.387    -0.306   -122.82     91.22      1.00
   5.56679   0.92133   4.68924   -67.065    39.657    -8.060   -122.82     79.56      1.00
   4.01373   0.83997   2.40697   -58.834    48.909    -0.682   -122.80     78.21      1.00
   4.89629   0.90794   5.54315   -45.512    48.641   -19.001   -122.80     71.03      1.00
   3.37703   2.53513   6.76790   -90.599    60.416    -9.471   -122.78    109.60      1.00
   3.07800   0.57922   3.81396   -59.108    85.167   -21.648   -122.78    107.91      1.00
   5.52389   1.47564   5.43084   -89.132    75.922    -8.641   -122.75    117.90      1.00
   2.17313   0.81835   0.43320   -59.101    41.085     1.720   -122.71     76.55      1.00
   3.89641   2.03298   5.38811   -62.509    42.324   -35.266   -122.71     84.42      1.00
   1.88893   3.37005   1.66755   -50.441    71.589    -3.571   -122.69     92.60      1.00
   3.99433   0.21084   6.05329   -82.550    83.318   -35.265   -122.67    124.73      1.00
   5.30381   2.40742   1.48412   -43.664    44.502   -22.256   -122.62     66.66      1.00
   1.11332   1.91502   2.98481   -59.594    83.132   -26.656   -122.62    107.93      1.00
  -0.23447  -0.07077   0.72605   -45.498    53.117   -32.659   -122.61     78.35      1.00
   3.51364   0.22476   4.94959   -78.805    40.924    -7.349   -122.57     93.16      1.00
   1.04180   2.36704   0.45346   -62.663    86.864   -21.359   -122.53    112.85      1.00
   3.48373   0.67369   2.81589   -73.359    35.950   -15.360   -122.53     84.29      1.00
   5.05922   2.69960   5.72664   -88.558    74.327   -38.442   -122.52    123.34      1.00
   5.85355   0.70696   2.00990   -56.703    79.990    -1.191   -122.49    102.41      1.00
   5.78926   0.95482   6.03691   -57.179    51.989   -40.539   -122.46     85.89      1.00
   2.50435   2.14405   4.20584   -43.622    65.481   -26.556   -122.43     85.06      1.00
   6.01334   1.17472   2.60851   -89.543    74.125   -11.154   -122.41    120.55      1.00
   2.97738   2.53189   2.40324   -90.723    52.397   -15.650   -122.39    109.91      1.00
   4.84891   2.37050   4.70006   -70.967    81.708     3.717   -122.38    112.53      1.00
   5.03872   1.55987   4.20256   -73.517    85.272   -23.451   -122.37    118.71      1.00
   2.98068   3.18755   0.45657   -51.911    52.795    -0.148   -122.37     75.41      1.00
   2.76704   1.50434   3.29259   -91.508    74.829   -30.546   -122.30    124.23      1.00
   4.14997   1.12074   2.01347   -71.270    53.464     7.171   -122.29     90.85      1.00
   3.42057   1.34619   1.82210   -62.323    88.732   -18.752   -122.27    112.03      1.00
   5.79679   1.36746   5.68159   -67.872    44.992     0.372   -122.25     81.70      1.00
   5.40195   1.03961   4.92158   -68.476    85.345   -28.715   -122.25    114.65      1.00
   4.82266   1.25577   3.08684   -72.085    47.291    -0.385   -122.23     90.53      1.00
   4.49628   0.47087   5.61064   -71.671    69.976     6.278   -122.22    102.44      1.00
   0.56996   2.62449   3.12378   -99.987    58.478   -25.996   -122.22    118.01      1.00
   3.51766   1.68458   1.94301   -60.614    87.788   -21.699   -122.18    111.36      1.00
   5.02261   2.50813   2.08893   -93.833    65.799   -34.435   -122.13    119.90      1.00
  -0.07889   2.88948   2.69053   -99.391    61.586   -29.058   -122.12    119.70      1.00
   1.91525   1.83956   3.81850   -67.740    83.741   -25.963   -122.12    111.52      1.00
   3.44833   2.09135   2.60338   -66.627    43.633   -37.953   -122.10     91.83      1.00
   0.22943   1.84807   4.49042   -54.068    73.468    -3.252   -122.07     92.34      1.00
   5.91604   1.98304   6.10907   -57.410    78.713   -35.708   -122.07    104.70      1.00
   2.75968   2.16357   0.98039   -47.512    55.792   -36.205   -122.03     84.61      1.00
   3.02506   0.95492   4.04309   -59.010    48.350   -42.162   -122.01     89.64      1.00
   4.46068   0.70307   4.67851   -65.740    89.845   -20.490   -121.94    117.64      1.00
   1.40310   2.13423   4.23840   -49.279    74.367    -9.226   -121.93     89.72      1.00
   5.70852   2.12445   1.78920   -80.643    45.596   -10.174   -121.88     94.36      1.00
   4.52572   1.81304   1.24527   -88.001    64.743   -45.609   -121.86    118.05      1.00
   3.00231   1.85101   2.45565   -92.874    49.160   -26.309   -121.86    111.49      1.00
  -0.10437   2.95934   4.85993   -70.414    37.168   -13.399   -121.84     83.67      1.00
  -0.00120   3.00955   1.85698   -51.745    79.107    -2.539   -121.83     96.55      1.00
   1.57385   1.44584   1.94979   -80.696    84.543   -24.706   -121.82    123.81      1.00
   2.68061   1.10464   3.33845   -93.524    56.635   -14.133   -121.82    111.11      1.00
   3.86500   1.55466   0.66547   -58.441    38.179   -14.026   -121.79     71.88      1.00
   4.09189   1.50893   0.07412   -83.396    84.188    -3.593   -121.79    118.69      1.00
   0.49736   0.85944   2.62639   -57.315    82.436   -27.165   -121.70    108.51      1.00
   5.14895   1.92225   2.15009   -47.866    43.554   -14.210   -121.69     68.19      1.00
   0.36466   1.12535   1.27836   -85.113    46.638   -33.900   -121.68    105.84      1.00
   6.10578   2.24424   2.71415   -60.320    52.181   -45.084   -121.68     91.60      1.00
   5.82063   2.72080   0.96529   -67.096    38.884   -14.509   -121.66     79.99      1.00
   0.21841   2.02504   0.45876   -49.325    50.705    -4.334   -121.65     74.39      1.00
   0.21338   1.84603   1.06513   -69.938    39.119   -12.239   -121.64     83.92      1.00
   5.51657   1.26950   5.89168   -60.126    47.658   -40.201   -121.63     85.57      1.00
   2.53561   0.45514   5.49388   -88.965    51.210   -10.748   -121.62    106.52      1.00
  -0.00024  -0.09641   5.56437   -78.858    40.195   -10.671   -121.59     88.28      1.00
   4.63178   1.77404   0.97641   -92.268    59.143   -14.015   -121.59    110.17      1.00
   1.38134   0.52362   2.87192   -59.028    80.528   -21.981   -121.58    104.67      1.00
   4.32585   1.37622   2.79992   -78.784    75.562   -41.567   -121.58    119.91      1.00
   5.24927   2.82202   3.97122   -57.515    81.553   -34.173   -121.58    108.20      1.00
   3.83269   1.13931   0.93266   -88.961    46.373   -24.043   -121.57    103.38      1.00
   3.41485   1.05527   4.98650   -66.584    82.067     0.912   -121.55    109.12      1.00
   2.16582   0.21361   3.41035   -64.655    35.845   -11.595   -121.54     74.04      1.00
   0.74511   1.52143   3.59441   -67.609    83.342   -31.897   -121.52    112.55      1.00
   5.89226   1.62828   5.10541   -43.405    57.702   -29.374   -121.52     78.72      1.00
   4.22657   0.45598   1.68566   -61.947    87.454   -29.184   -121.52    111.07      1.00
   1.19337   2.27395   4.49975   -86.067    45.325   -10.077   -121.47     96.91      1.00
   0.31553   2.13130   2.79106   -59.690    50.304   -44.107   -121.45     89.93      1.00
   1.70209   1.53828   1.75534   -82.902    83.739   -26.075   -121.43    125.19      1.00
   4.67706   1.85677   3.37010   -58.487    80.554   -32.141   -121.41    108.53      1.00
   2.26951   0.15521   4.17687   -55.829    51.869   -39.465   -121.41     86.21      1.00
   2.55663   1.81635   1.69169   -90.671    69.301   -21.860   -121.41    119.96      1.00
   4.37572   1.80301   3.56244   -60.941    74.988     3.644   -121.35    101.75      1.00
   3.67413   2.09839   1.68602   -90.596    49.382   -26.159   -121.34    108.58      1.00
  -0.08230   0.32541   3.65182   -71.551    88.676   -11.089   -121.32    117.94      1.00
   0.08209   1.65141   2.08696   -45.349    52.177   -21.368   -121.30     75.76      1.00
   4.35544   0.87856   0.39218   -60.659    73.882     2.152   -121.23     95.78      1.00
   3.60928   1.45946   4.83455   -70.519    36.946    -3.374   -121.21     82.01      1.00
   4.04123   0.44149   1.84581   -62.115    87.575   -28.157   -121.21    111.09      1.00
   5.08709   3.00686   5.55237   -69.792    79.179     2.341   -121.15    109.64      1.00
   4.64789   1.12357   2.59295   -86.172    67.971   -40.244   -121.12    119.64      1.00
   5.26711   1.58616   5.45852   -45.459    54.824   -18.449   -121.12     75.31      1.00
   4.64618   1.70616   4.64083   -49.892    72.211    -3.929   -121.10     92.58      1.00
   0.93182   1.16532   3.69795   -67.430    73.287     7.802   -121.08    100.71      1.00
   3.89489   1.97158   3.28041   -79.591    48.336    -4.667   -121.07     97.26      1.00
   1.07496   2.18596   1.81659   -87.217    41.963   -12.309   -121.07    100.58      1.00
   0.72785   1.52672   3.63866   -85.081    50.329    -5.289   -121.07     98.90      1.00
   5.66312   2.70770   4.69863   -72.624    73.568     3.256   -121.06    107.27      1.00
   0.73527   1.68433   0.87789   -92.896    58.304   -23.622   -121.05    115.51      1.00
   0.43569   1.87455   0.31579   -59.824    81.684   -27.099   -121.04    107.10      1.00
   3.17031   2.13558   2.89516   -94.465    75.563   -30.683   -120.96    128.56      1.00
   5.18868   1.13751   0.48451   -71.617    79.364     1.470   -120.89    106.63      1.00
   6.12773   1.45909   3.03092   -67.277    78.710     6.173   -120.86    107.68      1.00
   3.63054   1.15329   0.92931   -92.376    53.335    -8.207   -120.83    107.48      1.00
   2.23675   0.63454   0.85570   -53.416    71.581    -0.188   -120.80     94.17      1.00
   2.25145   0.10437   6.20183   -61.728    68.956     4.259   -120.77     97.63      1.00
   1.26236   1.65023   5.14789   -56.255    59.310     3.290   -120.77     81.66      1.00
   1.28153   1.45071   2.03202   -58.610    84.406   -28.818   -120.69    111.51      1.00
   3.36088   1.13481   5.80411   -41.067    69.511   -20.893   -120.66     87.13      1.00
   6.11087   2.02828   4.09816   -41.337    61.104   -26.017   -120.64     79.60      1.00
  -0.09989   2.54635   2.64443   -61.014    77.970     0.636   -120.62    100.45      1.00
   3.39350   1.33781   5.78680   -60.751    45.055   -33.910   -120.61     85.26      1.00
   0.50908   1.62639   3.49068   -65.729    43.511    -3.190   -120.60     79.95      1.00
   3.63530   1.58165   2.08243   -56.859    84.801   -25.212   -120.57    107.58      1.00
   2.31443   1.31764   3.08198   -59.801    79.123   -31.026   -120.55    106.25      1.00
   5.20075   1.95012   5.43490   -86.585    81.621   -26.413   -120.44    123.13      1.00
   3.11162   1.22399   4.06806   -49.537    41.471   -22.149   -120.39     71.25      1.00
   3.63980   0.91443   4.09921   -70.376    87.258   -24.007   -120.38    118.53      1.00
   3.24129   2.56549   1.56745   -91.098    45.207   -21.628   -120.35    106.77      1.00
   0.42391   1.86764   5.79842   -78.486    44.247    -6.754   -120.34     91.72      1.00
   4.41245   0.81534   3.85330   -69.403    86.194   -20.679   -120.33    117.35      1.00
   0.01177  -0.25525   3.56510   -59.916    70.780     4.393   -120.30     96.40      1.00
   5.97780   0.94553   0.68521   -93.211    76.123   -13.780   -120.27    122.03      1.00
   1.73325   2.23223   5.60769   -75.988    71.586   -48.022   -120.25    114.93      1.00
   5.10987   1.58601   3.15712   -88.084    68.536   -42.531   -120.24    122.25      1.00
   2.14120   0.94197  -0.08663   -91.584    56.763    -8.633   -120.22    111.24      1.00
   1.36479   1.51209   1.19430   -86.710    62.665    -1.711   -120.18    111.75      1.00
   5.85450   1.02158   5.20117   -71.140    88.854   -29.138   -120.10    117.30      1.00
   4.72830   1.22343   0.19079   -57.724    44.083    -3.890   -120.09     72.62      1.00
   4.14451   0.12419   1.22657   -76.133    40.104    -9.705   -120.07     85.67      1.00
   0.55562   0.69533   0.88153   -62.813    40.838    -5.811   -120.04     79.05      1.00
   1.42907   2.58383   1.77955   -55.662    72.678   -44.452   -119.99    105.57      1.00
   5.78250   1.19309   3.12174   -43.495    67.931   -12.088   -119.99     86.37      1.00
   6.24043   2.00467   3.97704   -42.208    63.282   -27.183   -119.97     81.87      1.00
   0.53484   1.44467   2.11208   -88.435    76.521   -25.805   -119.92    123.20      1.00
   4.02699   3.03145   5.21118   -57.114    84.659    -2.700   -119.91    105.31      1.00
   0.41366   2.28271   4.21129   -68.389    73.870     3.401   -119.91    101.61      1.00
   3.97230   1.54002   2.27400   -83.822    69.296   -42.961   -119.91    119.21      1.00
   0.55613   2.37699   0.27546   -77.402    77.709   -43.397   -119.85    120.35      1.00
   5.38756   1.83454   5.69545   -66.164    38.885   -12.698   -119.80     78.59      1.00
   5.49343   1.60693  -0.02341   -89.654    51.067   -11.784   -119.80    103.61      1.00
   4.35932   1.42645   1.08656   -76.719    48.795   -43.415   -119.79    100.48      1.00
   4.55706   1.00162   0.05316   -67.943    54.598   -48.626   -119.76     99.41      1.00
   4.19910   2.53650   0.26477   -73.786    48.915    -4.949   -119.74     88.50      1.00
   4.82617   0.53969   1.04135   -62.111    60.820     6.592   -119.73     86.89      1.00
   3.75392   1.48061   0.31475   -78.709    57.143   -50.065   -119.73    109.89      1.00
   5.87452   1.02085   4.13750   -43.689    67.232   -14.011   -119.71     84.79      1.00
   6.06063   1.45073   3.22903   -64.374    80.518   -34.290   -119.70    111.22      1.00
   3.28264   1.89775   5.99590   -98.191    57.025   -15.286   -119.68    114.69      1.00
   2.28105   0.85777   4.18106   -90.150    45.703   -21.324   -119.67    103.35      1.00
   3.81977   1.50275   4.44412   -71.043    84.920   -30.641   -119.66    118.72      1.00
   5.69500   1.88763   0.23889   -51.637    45.434   -37.030   -119.64     78.10      1.00
   3.24257   2.80871   4.53098   -56.073    83.525    -4.457   -119.60    103.62      1.00
   0.67225   1.73194   0.81592   -92.885    57.614   -23.102   -119.57    114.86      1.00
   4.43362   2.47859   3.33520   -57.281    79.483   -34.128   -119.53    107.41      1.00
   0.27239   1.32827   3.99044   -74.670    86.615   -28.160   -119.52    118.30      1.00
   3.11235   0.16292   1.11165   -58.069    81.804   -23.525   -119.51    105.19      1.00
   3.05594   2.22081   5.59167   -40.380    66.131   -26.714   -119.49     83.06      1.00
   5.43836   1.37207   1.18917   -75.016    85.464    -4.988   -119.49    114.87      1.00
   1.45853   0.87809   2.75787   -62.929    52.346     5.560   -119.48     84.42      1.00
   3.06580   1.78793   2.96832   -74.598    82.744    -2.970   -119.46    115.11      1.00
  -0.32417   1.46789   5.86994   -70.238    45.972     0.282   -119.44     84.44      1.00
   1.13442   1.55612   3.28019   -58.597    78.668   -31.116   -119.40    104.43      1.00
   4.13803   0.28113   0.09252   -60.079    85.131   -21.936   -119.37    108.25      1.00
   2.77529   1.20059   2.34364   -56.398    72.725   -36.828   -119.37    102.01      1.00
   1.09916   1.00596   2.49771   -52.609    76.934   -34.141   -119.33    103.38      1.00
   2.76832   2.60674   2.00417   -90.258    50.793   -16.667   -119.28    108.86      1.00
   0.87290   2.32837   2.58326   -59.870    86.443   -23.561   -119.24    110.24      1.00
   0.70924   0.96081   2.56735   -54.222    80.369   -29.448   -119.23    105.69      1.00
   5.78921   1.89954   5.80138   -91.377    49.513   -16.142   -119.20    105.68      1.00
   4.21669   1.20243   5.23869   -58.771    60.822   -43.880   -119.20     98.06      1.00
   5.30069   2.99557   2.98967   -64.121    90.789   -28.441   -119.19    115.54      1.00
   2.52382   1.59161   4.60140   -68.505    42.112    -2.973   -119.16     80.91      1.00
   4.19150   0.23692   6.30652   -60.245    85.134   -21.522   -119.16    108.32      1.00
   2.27520   0.46203   4.26002   -61.350    88.642   -22.690   -119.16    110.76      1.00
   0.75910   0.91078   4.21563   -83.877    51.385    -4.694   -119.15     97.36      1.00
   4.56208   2.38686   5.50145   -68.535    36.355   -11.692   -119.14     79.78      1.00
   4.55601   0.33152   4.22202   -65.291    32.694   -11.655   -119.13     78.27      1.00
   1.30831   1.01823   3.60509   -80.882    88.910   -12.526   -119.13    121.07      1.00
   4.20337   0.53849   0.33158   -62.726    76.676     1.369   -119.05     99.75      1.00
   0.28994   1.56838   2.89645   -63.361    81.588   -33.438   -119.05    110.99      1.00
   0.01043   1.26955   4.88535   -47.920    70.150   -26.202   -119.01     88.87      1.00
   1.19724   0.52093   4.17051   -44.900    65.829    -7.118   -118.95     79.73      1.00
   0.84791   1.32978   3.83970   -74.288    86.462   -29.340   -118.92    117.66      1.00
   0.60532   1.33724   4.14336   -66.581    84.554   -32.193   -118.91    112.03      1.00
   3.35923   2.81902   4.66045   -80.657    72.288   -45.254   -118.90    118.37      1.00
   5.96995   2.03566   6.20503   -57.149    78.440   -35.292   -118.84    104.40      1.00
   1.36566   1.44602   4.67479   -91.820    61.472   -31.379   -118.83    113.49      1.00
   0.64826   1.57106   3.73666   -71.567    72.738     5.894   -118.82    103.16      1.00
   0.11042   1.45758   0.39449   -72.208    49.938    -0.742   -118.76     89.91      1.00
  -0.03015   2.96623   6.15379   -50.145    68.198    -2.239   -118.75     89.63      1.00
   3.05002   0.99043   1.80964   -62.825    85.170   -21.216   -118.71    110.00      1.00
   0.55843   1.89845   2.33323   -64.407    72.707   -47.275   -118.70    110.09      1.00
   1.30484   0.68856   0.52455   -80.131    81.105     0.628   -118.69    118.13      1.00
   0.51698   0.53115   2.81984   -52.259    82.066   -22.670   -118.68    104.55      1.00
   6.17137   2.23544   2.05542   -42.593    57.742   -28.820   -118.65     78.88      1.00
   0.09194   1.90046   5.31859   -60.941    84.347   -35.334   -118.65    110.21      1.00
   3.37462   2.72058   4.68835   -81.173    72.060   -45.310   -118.61    118.61      1.00
   0.75509   1.54105   3.57264   -89.717    50.874    -7.776   -118.59    103.26      1.00
   3.67829   1.18737   1.46293   -64.539    89.283   -22.144   -118.55    113.40      1.00
   3.23032   2.01199   2.78743   -94.959    72.425   -31.724   -118.55    127.21      1.00
   0.02552   0.64948   4.58976   -57.682    87.296   -11.265   -118.51    105.98      1.00
   2.05936   2.11324   0.60907   -85.363    68.200     0.952   -118.50    112.70      1.00
   4.47496   1.36869   4.89759   -95.125    65.095   -31.661   -118.47    121.49      1.00
   5.24320   1.45280   5.86260   -47.387    54.220   -26.742   -118.40     77.19      1.00
   6.00156   2.50775   5.17224   -68.463    39.487   -12.395   -118.38     82.58      1.00
   5.89598   2.33935   5.15139   -50.956    73.813    -6.139   -118.37     93.15      1.00
   1.52905   2.14961   5.24633   -59.395    39.969   -37.427   -118.32     80.38      1.00
   1.08741   0.76656   3.42603   -63.393    38.773   -11.472   -118.31     75.61      1.00
   1.67564   2.15312   1.57434   -63.633    37.468    -3.653   -118.29     78.82      1.00
   1.25604   1.28709   4.73759   -92.113    62.597   -24.022   -118.27    112.58      1.00
   0.00120   2.99031   0.20144   -62.952    36.321    -9.841   -118.25     76.92      1.00
   6.08380   1.74583   2.08835   -86.587    67.981    -3.970   -118.23    112.92      1.00
   2.09633   1.68892   2.98846   -76.234    38.263   -29.002   -118.23     91.53      1.00
   2.41533   1.09636   3.12469   -65.064    81.769   -24.323   -118.22    108.98      1.00
   2.78200   1.32055   3.91970   -90.503    51.721   -20.893   -118.21    107.46      1.00
   3.04004   1.20797   3.70077   -89.779    50.889   -19.220   -118.19    106.72      1.00
   4.17857   0.51743   1.79826   -60.496    87.458   -29.023   -118.18    110.42      1.00
   0.27011   1.96227   0.46612   -48.875    50.859    -3.881   -118.16     74.18      1.00
   6.17574   1.30676   5.52080   -93.299    52.852   -22.470   -118.16    108.62      1.00
   3.28032   1.67664   5.87399   -71.089    38.780   -25.411   -118.15     86.02      1.00
   2.04324   0.89655   5.12184   -65.569    42.510   -33.817   -118.07     86.41      1.00
   4.02076   2.24941   4.14078   -88.596    52.990   -35.464   -118.07    111.89      1.00
   4.22496   2.37625   2.63819   -65.695    38.079   -28.485   -118.03     84.02      1.00
   1.99479   0.52930   1.03718   -45.941    67.624    -5.575   -118.00     87.40      1.00
  -0.02249   2.35183   2.46242   -55.073    39.825   -28.138   -117.99     74.07      1.00
   1.63238   2.22200   2.77603   -62.075    67.231     4.215   -117.97     95.12      1.00
   4.21065  -0.25402   4.06570   -58.512    36.760    -6.595   -117.85     74.31      1.00
   1.84334   2.24847   2.63904   -57.573    66.623     4.108   -117.83     92.45      1.00
   0.10450  -0.14129   3.06205   -66.173    64.634     5.374   -117.79     96.82      1.00
   0.83161   2.16363   0.66158   -80.144    58.489     2.111   -117.76    103.39      1.00
   5.79538   1.83631   2.84100   -91.401    68.381   -12.578   -117.66    117.10      1.00
   5.53903   1.37958   4.77597   -94.843    70.751   -19.742   -117.66    120.87      1.00
   1.70407   0.98521   6.00058   -73.487    47.922    -0.184   -117.66     90.32      1.00
   5.13053   0.37344   0.57252   -65.365    60.221     7.702   -117.63     88.56      1.00
   3.46145   0.71515   0.33824   -52.937    80.192    -3.676   -117.63     98.92      1.00
   3.92809   1.40693   0.25811   -59.022    73.280     3.865   -117.63     94.95      1.00
   3.25745   2.68816   4.16743   -84.959    71.702   -44.546   -117.61    121.62      1.00
   0.36906   2.44425   4.21245   -68.556    74.147     3.191   -117.56    102.07      1.00
   4.33448   1.10873   5.00476   -60.519    62.604   -44.751   -117.50    101.04      1.00
   5.37345   1.12319   3.47679   -87.598    50.001   -45.375   -117.49    113.15      1.00
   5.73508   0.87128   6.41363   -94.086    55.405   -20.224   -117.47    110.17      1.00
   0.47412   1.27509   2.97214   -64.272    44.542    -2.928   -117.45     81.17      1.00
   1.26288   1.26312   4.53665   -91.393    56.772   -12.791   -117.43    106.89      1.00
   5.83648   1.20809   1.90137   -88.837    50.948    -9.889   -117.39    105.94      1.00
   4.81452   0.91295   5.25258   -62.542    85.730   -26.935   -117.36    111.82      1.00
   0.78442   1.52547   1.16461   -75.131    91.481    -6.388   -117.33    123.10      1.00
   4.16192   2.07104   1.39470   -86.745    46.057   -30.268   -117.25    103.40      1.00
   1.41064   1.70352   1.36912   -88.408    65.820    -7.451   -117.23    115.13      1.00
   0.42010   2.24019   2.41079   -80.937    59.028     2.945   -117.23    102.29      1.00
   4.75567   1.66839   3.53888   -72.307    48.047    -1.067   -117.22     91.20      1.00
   1.35195   2.15567  -0.09520   -55.790    85.069   -21.901   -117.21    106.06      1.00
   1.58263   2.32542   4.64313   -45.149    70.897   -15.001   -117.16     85.19      1.00
   2.54698   1.43454   3.48525   -90.679    75.584   -34.316   -117.14    124.41      1.00
   4.90282   0.73902   0.05795   -83.247    47.715    -7.140   -117.13     95.25      1.00
  -0.10508   0.98389   0.24925   -47.475    52.307   -36.716   -117.13     79.24      1.00
   3.02297   2.46786   1.49376   -91.814    46.686   -24.110   -117.11    108.83      1.00
   4.09447   1.13636   1.23586   -73.868    41.724    -5.531   -117.11     85.24      1.00
   3.49784   1.02798   5.53247   -77.692    31.844   -21.021   -117.10     88.74      1.00
   5.26518   2.90354   5.23890   -71.262    81.910     1.274   -117.09    112.98      1.00
   3.58909   1.41640   4.70776   -90.618    73.631    -8.852   -117.03    119.69      1.00
   0.62182   1.72514   1.32783   -72.290    90.582    -5.333   -116.99    120.45      1.00
   0.45115   2.62084   1.30919   -51.915    38.975   -32.368   -116.98     74.82      1.00
   5.55413   2.66548   2.52053   -47.861    59.202   -36.392   -116.94     84.34      1.00
   0.45895   1.61682   1.70480   -43.182    54.544    -7.435   -116.94     74.97      1.00
   0.93180   1.30151   3.53256   -70.738    81.701   -31.055   -116.90    113.11      1.00
   2.88932   0.27895   4.89632   -88.345    47.973   -10.672   -116.89    104.33      1.00
   4.02458   1.94850   0.59405   -70.866    87.815   -26.859   -116.89    115.83      1.00
   2.73517   2.47640   0.18475   -53.352    57.995     5.138   -116.88     80.27      1.00
   3.67206   2.52795   0.59075   -90.752    51.297   -32.019   -116.86    108.83      1.00
   0.90615   2.54095   4.12295   -87.629    44.741   -13.475   -116.76     98.62      1.00
   4.04384   2.90393   1.25540   -88.438    46.946   -20.311   -116.71    102.46      1.00
   5.10746   2.76229   3.50284   -57.618    83.602   -33.197   -116.71    109.12      1.00
   5.28215   2.56836   2.45564   -79.218    40.325    -9.284   -116.70     90.48      1.00
   2.06865   2.10930   0.48653   -56.828    44.399    -4.372   -116.69     75.87      1.00
   5.11461   1.05404   4.47317   -67.719    84.697   -22.782   -116.61    114.29      1.00
   5.26079   1.90842   4.15374   -70.666    83.787   -27.746   -116.56    116.19      1.00
   1.98877   2.44128   4.17971   -58.554    77.067    -0.223   -116.55     97.58      1.00
   5.43430   1.27351   4.32260   -48.426    70.071    -5.756   -116.53     89.45      1.00
   1.07964   1.60919   2.44985   -58.335    52.131   -45.406   -116.47     93.14      1.00
   3.45287   2.32479   3.26356   -93.995    55.433   -18.315   -116.41    114.21      1.00
   1.07856   1.89721   4.98736   -57.242    38.928   -31.948   -116.37     75.30      1.00
   1.98205   3.22865   2.19136   -63.257    36.196    -9.164   -116.37     77.03      1.00
   4.03542   3.32085   0.33293   -65.976    81.427     0.281   -116.36    105.28      1.00
   0.13588   1.99118   1.40404   -59.989    86.398   -21.148   -116.36    110.23      1.00
   4.85667   2.91705   2.10228   -55.481    82.189     0.415   -116.36    100.14      1.00
   4.33177   0.87165   2.99677   -61.909    87.128   -18.592   -116.31    112.03      1.00
   4.94080   2.40767   0.21760   -57.723    57.951     4.596   -116.27     83.51      1.00
   4.98281   1.59090   2.79548   -87.100    47.213    -2.341   -116.18    102.58      1.00
   3.74341   1.14064   4.03979   -68.536    83.174   -30.161   -116.17    116.00      1.00
   2.62713   1.31202   2.92628   -55.756    42.398   -39.338   -116.16     82.68      1.00
   3.07483   1.44930   2.54255   -56.290    73.103   -35.613   -116.14    102.12      1.00
   1.22622   2.18505   4.87153   -86.258    45.847   -41.109   -116.12    104.86      1.00
   4.67955   0.56311   2.84459   -37.230    67.744   -12.890   -116.11     82.20      1.00
   4.42828   1.55019   2.91739   -36.977    68.993   -21.794   -116.11     85.06      1.00
   4.90562   2.20189   5.48576   -45.393    53.204   -26.752   -116.10     77.30      1.00
   2.78949   0.45190   1.43065   -80.220    70.622   -44.451   -116.09    117.55      1.00
   0.22813   2.19212   3.06313   -87.264    45.021   -13.440   -116.09     99.47      1.00
   1.38090   0.54956   2.95172   -57.491    65.034   -46.155   -116.08    100.17      1.00
   3.08849   1.99091   2.18779   -92.682    48.295   -24.754   -116.03    110.77      1.00
   0.75838   2.42488   2.51028   -59.707    86.986   -22.392   -116.02    110.17      1.00
   3.08189   0.85812   0.84738   -62.673    84.493   -28.781   -116.02    111.81      1.00
   4.74865   1.22172   4.90470   -44.924    68.228   -10.614   -116.00     86.60      1.00
   1.12248   1.89370   2.96905   -59.716    83.426   -26.891   -115.95    108.36      1.00
   0.40864   2.57990   3.30604   -66.597    58.813     5.851   -115.92     89.96      1.00
   0.87494   2.24459   6.05154   -78.769    44.065   -10.627   -115.89     93.32      1.00
   0.28787   2.02029   3.61954   -70.490    89.334   -28.509   -115.88    117.85      1.00
   5.92000   1.94099   5.65248   -91.342    69.523   -35.384   -115.83    120.47      1.00
   1.85421   0.29983   2.56879   -40.324    69.225   -11.832   -115.82     83.55      1.00
   2.68841   2.40382   3.65309   -84.183    54.218   -46.080   -115.80    111.76      1.00
  -0.03089   1.99771   3.94072   -42.286    63.562   -27.223   -115.80     82.15      1.00
   4.34307   0.22253   1.11304   -54.172    67.747   -40.739   -115.66     95.46      1.00
   4.42104   0.69199   2.37088   -58.652    36.793   -13.589   -115.65     72.64      1.00
   3.44304   2.80307   1.75489   -87.597    42.699   -15.698   -115.59    101.47      1.00
   1.58428   1.00949   1.40995   -84.810    81.673   -33.486   -115.58    126.95      1.00
   2.75849   1.79549   3.25115   -91.393    53.302   -34.165   -115.45    113.32      1.00
   2.30161   2.27424   0.58259   -85.619    73.051     0.056   -115.44    115.38      1.00
   4.60483   2.13519   3.20920   -54.794    72.679     3.054   -115.43     95.60      1.00
   1.56887   1.08969   1.25481   -91.459    69.602   -23.577   -115.42    121.79      1.00
   0.14421   1.07147   0.82880   -61.741    44.949    -2.069   -115.39     79.35      1.00
   0.44940   0.77072   0.15367   -86.819    49.130    -5.399   -115.30    101.35      1.00
   2.74568   1.50148   3.07870   -41.197    60.024   -25.115   -115.24     80.46      1.00
   3.38904   0.10388   0.89544   -62.266    87.780   -17.419   -115.24    110.84      1.00
   1.55849   0.82933   0.07273   -81.927    50.591    -0.360   -115.22     99.66      1.00
   2.98090   1.55331   5.79425   -42.781    68.516   -27.234   -115.20     87.75      1.00
   5.01634   1.30011   2.92213   -69.384    47.221     1.389   -115.15     88.21      1.00
   3.29888   1.15809   0.19146   -47.291    48.537   -33.116   -115.14     78.45      1.00
   1.86241   1.82236   3.88708   -67.127    84.246   -26.769   -115.12    111.50      1.00
   3.48555   0.36012   0.71609   -65.141    76.135     3.375   -115.06    101.98      1.00
   1.70574   1.80357   3.84937   -68.140    83.288   -30.654   -114.93    112.15      1.00
   2.91354   2.03268   0.63159   -64.106    75.454    12.496   -114.91    101.64      1.00
   1.58476   2.40652   5.98218   -83.090    87.092   -15.175   -114.90    122.76      1.00
   5.33065   1.46578   3.65550   -90.815    70.326   -41.625   -114.90    124.76      1.00
   2.26634   0.73546   3.44501   -77.663    50.160    -1.424   -114.88     92.18      1.00
   5.38799   1.09566   4.91743   -69.001    85.568   -28.887   -114.85    115.22      1.00
   4.77995   2.69589   2.61471   -61.793    89.365   -30.024   -114.84    114.17      1.00
   4.32710   0.71076   0.88276   -56.136    61.716     4.306   -114.84     83.36      1.00
   5.85261   1.14840   3.80118   -72.673    50.772     3.446   -114.84     91.75      1.00
   0.28129   0.87646   3.87087   -49.310    44.292   -28.192   -114.83     73.20      1.00
   4.94530   2.28674   3.25169   -60.408    49.039     5.341   -114.82     82.05      1.00
   1.00783   2.26338   3.33179   -69.958    70.435     4.317   -114.81    100.51      1.00
   3.14225   1.18225   3.40288   -65.545    63.819   -49.458   -114.79    106.63      1.00
   4.91994   0.54552   1.16594   -61.637    61.155     6.431   -114.77     87.08      1.00
   4.10539   2.37638   0.38847   -55.103    42.847   -10.516   -114.60     70.77      1.00
   2.96898   2.57043   0.29284   -66.118    39.417   -10.610   -114.59     78.67      1.00
   0.04122   2.05523   4.20045   -42.064    64.558   -24.833   -114.59     81.88      1.00
   0.57143   1.57332   4.62485   -93.123    60.318   -24.219   -114.56    112.33      1.00
   6.11461   2.01878   3.91507   -42.794    66.794   -25.528   -114.53     84.82      1.00
   2.39952   1.30744   2.74003   -59.438    68.028   -47.303   -114.51    104.74      1.00
   1.09402   0.27961   4.41196   -63.160    35.238    -9.201   -114.51     71.74      1.00
   5.97194   1.59119   3.43860   -44.003    67.467   -12.013   -114.50     84.95      1.00
   2.29727   1.81176   2.67302   -61.125    41.149   -32.766   -114.44     83.76      1.00
   0.01986   2.90583   1.32132   -59.882    84.269   -31.734   -114.42    110.20      1.00
   0.46082   2.12781   0.17239   -57.903    39.152   -15.165   -114.41     74.38      1.00
   4.55603   1.88635   0.92443   -91.802    58.714   -12.589   -114.39    109.36      1.00
   3.19653   1.45713   3.50454   -63.336    83.250   -24.201   -114.37    110.73      1.00
   4.01193   0.61407   5.48080   -56.915    38.208   -28.003   -114.37     77.40      1.00
   3.71384   2.48522   4.33294   -61.409    37.158    -4.712   -114.34     75.06      1.00
   3.14666   2.28306   4.36416   -46.782    75.141   -30.836   -114.28     96.86      1.00
   2.79380   1.50442   3.09797   -41.347    59.902   -25.551   -114.24     80.61      1.00
   0.43576   1.53269   4.94558   -56.148    42.906   -31.489   -114.23     76.19      1.00
  -0.00429  -0.13706   0.91268   -58.422    84.561   -23.855   -114.23    107.81      1.00
   2.67079   1.50373   1.64373   -57.190    79.825   -35.120   -114.21    108.09      1.00
   4.31999   2.53006   0.49810   -74.658    49.553    -5.059   -114.19     89.58      1.00
   4.00666   1.59875   4.45448   -70.686    86.141   -29.156   -114.16    119.13      1.00
   4.77923   0.62650   1.70934   -67.495    78.342     4.927   -114.14    104.50      1.00
   2.31664   2.07257   2.96786   -47.315    65.418    -3.022   -114.14     85.09      1.00
   2.71518   2.69981   4.27708   -71.968    36.860    -8.965   -114.06     81.92      1.00
   3.70038   2.66333   5.35747   -97.131    48.122   -14.679   -114.06    109.08      1.00
   4.79943   0.51156   2.13849   -73.803    39.860    -6.951   -114.03     86.32      1.00
   0.43008   2.57477   3.26946   -66.063    59.615     5.769   -114.01     90.13      1.00
   1.51047   1.92047   5.17270   -61.046    53.381     1.303   -113.96     81.07      1.00
   3.14084   2.79674   3.44159   -65.059    84.896   -36.071   -113.90    116.84      1.00
   3.11425   0.15543   2.61374   -74.024    53.066     4.559   -113.90     90.57      1.00
   3.96342   1.09589   1.52556   -48.812    82.601    -7.318   -113.89     96.84      1.00
   6.08633   0.79211   5.09605   -61.469    38.920    -3.691   -113.85     72.28      1.00
   3.28755   2.13076   2.55775   -45.444    53.181   -34.635   -113.82     82.27      1.00
   0.94979   2.22775   4.12672   -41.501    50.779   -20.856   -113.78     68.63      1.00
  -0.18792   1.59018   3.45915   -41.922    62.357   -15.393   -113.72     79.87      1.00
   6.35283  -0.08139   4.19815   -63.543    87.660   -17.088   -113.71    111.45      1.00
   0.57761   1.85573   4.92593   -83.772    55.467   -45.771   -113.68    109.22      1.00
   4.36143   1.40632   1.77723   -87.201    40.063   -17.248   -113.68     98.74      1.00
   4.02023   0.63498   5.06646   -90.916    49.101   -38.131   -113.62    112.89      1.00
   1.00876   2.00000   4.05776   -96.754    57.782   -17.432   -113.43    112.84      1.00
   2.48004   2.83822   6.14103   -92.607    51.310   -21.702   -113.32    108.39      1.00
   4.15229   2.68887   6.25511   -70.182    42.067   -10.831   -113.31     82.42      1.00
   1.94296   2.46493   5.81061   -59.817    86.902   -24.896   -113.26    108.80      1.00
   4.64831   2.23062   3.33426   -78.521    61.483     8.688   -113.26    104.41      1.00
   1.44776   2.36998   3.55505   -53.934    69.479   -46.149   -113.20     99.78      1.00
   1.52666   0.68424   1.23943   -57.525    81.282     0.189   -113.03    104.99      1.00
   2.55209   2.54831   3.45765   -53.729    77.560    -7.222   -112.98     98.56      1.00
   0.92063   3.17010   1.07915   -62.472    35.935    -8.406   -112.96     76.36      1.00
   3.21224   2.60313   2.13775   -71.448    35.112   -24.283   -112.96     86.88      1.00
   2.66029   0.96425   0.49923   -51.008    52.027   -37.529   -112.92     86.17      1.00
   1.40364   0.27286   1.77575   -59.222    88.610   -21.138   -112.91    113.52      1.00
  -0.03472   2.32083   2.55344   -59.293    50.756   -43.899   -112.91     89.50      1.00
   4.39505   1.38035   3.03733   -93.055    70.186   -36.686   -112.90    125.64      1.00
   1.43131   1.80523   3.93595   -52.054    77.867    -7.586   -112.88     94.42      1.00
  -0.00460   0.87047   2.69688   -93.650    67.735   -16.535   -112.87    120.49      1.00
   0.45991   1.58088   3.70264   -83.294    49.716    -4.024   -112.85     97.38      1.00
   4.98274   1.73099   1.97612   -65.005    71.560     8.504   -112.76     99.27      1.00
   1.02046   2.58997   5.91718   -72.632    57.212     4.284   -112.73     95.52      1.00
   0.05616   2.83628   3.34292   -61.615    35.126   -11.920   -112.73     72.22      1.00
   1.73116   1.98066   0.32447   -56.288    43.560    -6.120   -112.73     75.14      1.00
   2.23362   1.99518   2.73493   -59.092    79.972   -37.463   -112.72    110.19      1.00
   0.01273   1.20800   2.25660   -86.873    77.240   -11.796   -112.70    120.75      1.00
   0.36026   2.13654   3.48833   -64.825    84.486   -33.229   -112.68    111.90      1.00
   2.80559   0.08301   0.75200   -60.125    70.167     5.883   -112.66     96.34      1.00
   2.04777   2.54245   4.50247   -51.177    56.949    -2.259   -112.62     77.04      1.00
   1.07853   1.57207   2.38918   -57.425    52.395   -44.483   -112.62     92.50      1.00
   5.13194   0.18041   0.03702   -51.404    66.750   -37.789   -112.60     91.99      1.00
   3.78531   2.19743   4.49871   -69.064    70.804     7.449   -112.59    102.70      1.00
   3.93506   1.47093   2.02120   -89.938    40.427   -22.974   -112.56    103.12      1.00
   5.63439   2.35175   2.56425   -87.881    70.922    -4.268   -112.55    114.40      1.00
   1.48854   1.59962   2.82786   -62.157    68.817     6.661   -112.49     96.08      1.00
   3.70773   2.65944   2.69364   -74.507    46.424   -45.812   -112.46    102.10      1.00
   3.95999   1.11925   3.78679   -72.332    87.321   -20.607   -112.46    119.52      1.00
   2.14261   2.59494   3.64401   -70.465    37.744    -7.774   -112.44     81.19      1.00
   3.14747   0.57131   3.98333   -58.928    40.005   -31.091   -112.37     80.15      1.00
   4.06849   0.63063   4.24407   -71.944    90.650   -20.458   -112.29    122.12      1.00
   4.49736   1.61520   1.86176   -86.948    41.112   -15.099   -112.29     98.86      1.00
   5.06649   2.09677   0.96409   -79.913    50.478    -6.744   -112.07     94.91      1.00
   4.36697   2.67861   2.94586   -57.271    83.536   -32.058   -112.06    109.26      1.00
   0.91523   2.90211   3.73026   -50.536    64.848   -40.689   -111.97     91.17      1.00
   3.53776   2.34140   5.31801   -84.378    43.586    -2.802   -111.94     95.09      1.00
   3.00002   1.32332   1.33210   -92.729    57.170   -24.841   -111.94    113.96      1.00
   4.06615   2.85240   2.28153   -71.710    36.056   -12.854   -111.93     84.01      1.00
   2.58855   1.49274   2.97594   -44.068    66.251    -9.797   -111.93     83.51      1.00
   2.66977   1.04115   0.22055   -50.612    54.275   -38.984   -111.82     87.88      1.00
   0.69272   2.30460   1.14369   -80.589    40.707   -12.949   -111.73     94.41      1.00
   1.13849   2.20123   3.49392   -55.108    66.592     0.713   -111.70     87.75      1.00
   5.93458   2.50469   4.70271   -63.895    75.709     0.985   -111.69    102.27      1.00
   2.19399   1.93764   2.95272   -69.106    42.219   -38.583   -111.63     91.89      1.00
   2.69686   2.82213   3.32800   -53.129    79.830    -6.254   -111.50    100.65      1.00
   0.25932   2.41111   1.97028   -84.227    42.897   -12.939   -111.48     96.57      1.00
   0.61520   1.27608   1.97838   -82.546    85.527   -19.759   -111.45    124.77      1.00
   3.57180   2.65309   2.52401   -73.251    46.314   -46.200   -111.37    101.30      1.00
   5.64933   2.73958   5.64843   -79.968    75.063   -45.688   -111.24    121.07      1.00
   1.01490   0.52005   2.73372   -54.332    44.910   -38.064   -111.15     83.04      1.00
   2.15583   2.85141   4.48428   -66.435    79.340     2.738   -111.14    104.02      1.00
   0.12582   0.24611   0.95948   -63.819    67.306     5.718   -111.13     95.86      1.00
   1.60791   1.77770   3.81169   -68.007    83.266   -32.641   -111.12    112.54      1.00
   5.13200   2.95080   3.72517   -57.121    84.174   -31.095   -111.10    109.00      1.00
   5.70929   2.14275   0.09214   -50.755    77.854     0.024   -111.03     95.61      1.00
   0.94511   2.81888   3.98317   -39.774    61.242   -29.190   -110.89     78.47      1.00
  -0.14826   2.60878   3.04482   -59.881    37.145    -8.098   -110.86     71.73      1.00
   3.22378   3.14573   1.60104   -57.831    86.328   -27.961   -110.85    109.80      1.00
   5.11485   0.25141   5.28475   -58.032    83.937   -21.288   -110.83    106.34      1.00
   3.96912   1.69318   0.36162   -69.979    85.013   -29.572   -110.82    114.11      1.00
   4.07891   1.40219   1.63613   -54.168    37.638   -29.579   -110.80     73.38      1.00
   3.86900   1.06594   5.00872   -60.468    42.405     4.480   -110.79     77.51      1.00
   1.07404   1.46142   2.64014   -57.365    83.185   -27.157   -110.63    108.23      1.00
   5.55237   1.87618   5.79287   -65.311    39.275   -13.432   -110.62     78.22      1.00
   3.65729   2.70076   2.64036   -74.430    46.533   -46.008   -110.58    102.16      1.00
   3.00852   3.18342   4.28145   -65.422    75.969     2.816   -110.56    103.06      1.00
   4.55235   0.88706   0.10942   -73.349    44.365    -3.291   -110.56     85.40      1.00
   4.14827   1.69683   4.40679   -93.459    66.856   -11.591   -110.53    118.65      1.00
   2.93153   0.42379   4.43523   -85.366    70.988     1.115   -110.48    113.46      1.00
  -0.09574   2.76300   3.08357   -71.401    56.871     5.893   -110.47     92.38      1.00
   1.13844   1.87217   1.47779   -87.181    84.437   -26.893   -110.38    128.56      1.00
   5.67244   1.52130   5.45534   -90.369    75.080    -9.988   -110.37    118.28      1.00
   5.80714   1.24296   5.14919   -88.852    68.959    -2.359   -110.33    112.68      1.00
   1.73304   2.31038   3.93584   -56.694    68.486   -49.083   -110.17    101.61      1.00
   1.98558   1.79836   3.02228   -59.847    79.991   -35.388   -110.15    108.88      1.00
   4.05464   0.52354   5.86605   -66.525    62.596     8.084   -110.07     94.23      1.00
   5.43438   1.24923   4.74530   -62.902    44.219    -0.960   -110.03     79.05      1.00
   3.77387   2.23019   2.90539   -71.752    38.039   -30.550   -110.01     90.36      1.00
   3.40692   0.73493   2.34939   -61.792    87.130   -22.921   -110.00    110.30      1.00
   2.62996   1.51704   3.48079   -90.977    75.810   -32.313   -109.87    124.48      1.00
   4.56072   1.12681   0.91055   -67.306    89.382   -27.909   -109.79    114.80      1.00
   1.01475   2.51740   4.56976   -67.880    36.206   -12.550   -109.79     77.72      1.00
   6.04368   2.05748   4.59585   -60.633    72.962   -53.107   -109.68    108.98      1.00
   2.79173   1.89004   3.05248   -94.337    55.313   -29.556   -109.65    115.85      1.00
  -0.02316   0.25627   0.56465   -45.548    50.340   -30.710   -109.64     75.47      1.00
   3.66689   1.64306   3.47692   -61.636    82.335   -26.595   -109.62    110.50      1.00
  -0.07906   2.51372   3.35117   -74.770    40.414    -7.388   -109.58     86.05      1.00
   4.00742   0.92602   3.93168   -76.476    41.302    -7.927   -109.50     91.02      1.00
   3.18581   0.32852   5.19306   -71.580    78.112   -46.907   -109.46    120.13      1.00
   5.98838   1.31597   4.20205   -73.570    85.327   -29.053   -109.38    117.79      1.00
   3.67152   0.71273   4.70124   -59.634    35.886    -4.998   -109.37     73.89      1.00
   3.67245   2.80780   6.05202   -66.656    74.570   -46.549   -109.33    109.78      1.00
   4.16105   0.57480  -0.21522   -72.806    74.616     4.746   -109.07    105.99      1.00
   1.89978   1.77565   2.97115   -59.278    80.346   -33.899   -108.86    108.39      1.00
   5.33793   1.32962   5.00743   -45.986    55.642   -11.332   -108.84     75.66      1.00
   4.27342   0.96333   3.15673   -52.613    80.203   -25.648   -108.62    103.16      1.00
   5.92209   2.20540   3.18718   -68.842    42.931   -40.389   -108.47     90.82      1.00
   1.44512   0.52106   0.00713   -84.930    51.105    -6.851   -108.46    102.56      1.00
   4.96506   1.22535   1.27953   -51.796    64.129     2.017   -108.44     83.12      1.00
   4.30105   2.42951   1.26913   -90.308    60.570   -11.534   -108.20    109.66      1.00
   1.19100   3.04706   5.84840   -58.250    86.761   -27.442   -108.19    110.13      1.00
   2.47116   0.63923   3.16038   -77.090    49.889    -0.523   -108.09     91.67      1.00
   0.83516   2.34475   3.64182   -40.212    62.949   -18.630   -108.08     77.69      1.00
   3.55455   1.36251   2.67254   -94.138    69.253   -24.435   -108.06    122.05      1.00
   4.10796   1.27657   1.36844   -87.053    56.770   -38.330   -108.02    111.11      1.00
   6.30594   1.71926   3.30420   -40.879    61.574   -13.423   -107.83     78.01      1.00
   1.19604   1.20075   1.79717   -92.920    63.336   -28.003   -107.79    119.83      1.00
   4.50249   0.78409   2.76778   -37.611    70.304   -11.707   -107.71     83.93      1.00
   3.09358   0.74943   4.46876   -71.946    73.744   -47.514   -107.71    116.48      1.00
   1.32709   1.31260   5.16511   -90.771    72.444    -7.605   -107.64    115.88      1.00
   1.07327   0.89236   3.91733   -79.029    90.829   -15.687   -107.62    121.16      1.00
   2.76992   2.68892   2.50127   -97.571    60.339   -24.912   -107.56    121.11      1.00
   5.26197   1.98991   5.43322   -68.367    90.136   -14.925   -107.48    116.34      1.00
   0.84544   1.66926   2.84906   -56.851    42.009   -28.558   -107.31     78.01      1.00
   5.74471   0.97355   4.78223   -42.547    54.723    -8.039   -107.30     71.95      1.00
   3.57253   1.25431   0.81614   -58.159    37.361   -16.461   -107.13     72.48      1.00
   1.16806   1.63472   4.41387   -88.408    47.940   -31.060   -106.95    103.56      1.00
  -0.13712   1.32737   2.98400   -67.247    80.256     6.657   -106.81    109.18      1.00
   5.71055  -0.00601   2.14868   -85.147    46.507    -7.637   -106.78    101.02      1.00
   4.23930   0.89180   2.07615   -48.462    65.009     2.185   -106.76     82.38      1.00
   0.58446   2.72333   1.77981   -53.290    48.361    -2.886   -106.72     75.41      1.00
   4.01520   1.10330   0.24166   -61.754    83.721   -29.626   -106.64    109.06      1.00
   0.60725   1.14085   5.74510   -85.705    45.834    -6.096   -106.61     97.50      1.00
   0.02580   0.20424   1.12616   -64.431    66.779     5.974   -106.39     96.12      1.00
   4.72141   1.87259   4.17936   -97.304    64.034   -23.000   -106.38    121.82      1.00
   4.42924   2.46601   3.26767   -57.407    80.183   -34.546   -106.38    108.07      1.00
   5.55773   1.13244   4.54214   -69.521    85.328   -27.677   -106.28    115.55      1.00
   3.80768   0.44823   3.95981   -75.023    67.129     7.251   -106.13    104.68      1.00
   3.10860   2.27233   4.84319   -68.532    36.545    -8.330   -106.09     78.70      1.00
   0.30969   0.78542   4.30464   -52.049    46.791   -36.352   -106.09     78.62      1.00
   0.82566   2.37002   1.57554   -53.836    36.745   -32.265   -106.06     75.57      1.00
   4.24861   0.44318   4.51709   -87.412    45.305   -38.768   -105.97    109.23      1.00
   3.18630   2.90840   0.88375   -51.121    57.315     2.099   -105.93     78.64      1.00
   4.35062   0.97335   3.13214   -52.482    80.091   -26.167   -105.75    103.19      1.00
   3.86160   0.75215   0.28965   -57.493    86.111    -5.518   -105.72    105.35      1.00
  -0.13450   0.56039   1.12938   -51.756    76.128    -1.482   -105.69     94.74      1.00
   1.51537   1.99846   0.78687   -94.839    60.781   -25.231   -105.61    119.28      1.00
   3.58416   0.82155   0.25238   -53.681    80.103    -3.420   -105.52     98.92      1.00
   1.66996   0.33398   0.34258   -79.440    80.548     2.560   -105.38    117.53      1.00
   3.98917   0.66617   0.35098   -61.275    37.900   -11.846   -105.04     73.80      1.00
   4.60075   0.79127   4.29446   -68.165    88.489   -20.111   -105.01    118.20      1.00
   1.20992   1.24789   3.75510   -70.397    85.450   -27.505   -104.76    114.14      1.00
   5.27646   0.32831   0.20347   -77.817    41.611    -3.815   -104.71     87.23      1.00
   2.55681   2.65158  -0.09082   -58.882    41.516   -11.938   -104.57     73.87      1.00
   1.35913   2.89767   3.81899   -68.484    87.056   -27.049   -104.54    113.92      1.00
   3.10749   0.80896   1.74808   -58.637    84.876   -21.639   -104.39    107.13      1.00
   1.82400  -0.04101   0.91188   -66.146    66.459     6.885   -104.37     98.95      1.00
   4.43265   1.35399   5.18887   -43.507    69.054   -13.778   -104.29     86.66      1.00
   5.01801   2.59284   3.62113   -80.160    84.559   -25.490   -104.20    122.25      1.00
   4.91236   1.09932   5.19242   -64.306    87.047   -25.557   -103.94    113.41      1.00
   5.28461   0.17992   4.56472   -69.184    77.028     6.654   -103.87    107.11      1.00
   5.92103   2.73644   4.66665   -61.992    37.141   -14.369   -103.74     76.46      1.00
   1.26028   2.49486   4.45632   -85.098    43.967   -11.511   -103.65     95.68      1.00
   2.73323   0.84631   3.99467   -43.134    61.848   -28.175   -103.62     82.40      1.00
   3.20465   1.89604   2.44226   -94.063    70.274   -26.735   -103.53    123.89      1.00
   4.56541   1.01618   3.07936   -55.016    81.117   -27.128   -103.51    105.74      1.00
   4.69012   1.55555   1.62083   -88.171    48.276   -28.087   -103.29    105.05      1.00
   4.41396   1.83675   5.59451   -72.574    66.295     9.220   -103.26    100.37      1.00
   3.87167   1.45547   2.08366   -60.038    86.936   -27.504   -103.09    111.11      1.00
   4.06227   0.93961   3.79266   -75.332    41.095    -7.996   -102.76     89.99      1.00
   2.87146   1.63086   5.43912   -64.913    41.465    -2.714   -102.72     78.37      1.00
   1.25076   2.87309   3.73137   -68.058    86.817   -27.446   -102.51    113.57      1.00
   0.74089   1.83955   1.20107   -73.282    90.057    -2.331   -102.50    120.69      1.00
   2.75522   0.28827   4.76535   -86.282    45.571    -9.519   -102.45    100.79      1.00
   2.36737   2.20478   2.61532   -63.822    85.452   -33.526   -102.14    116.13      1.00
   2.63753   0.92242   5.21829   -80.562    44.883    -1.479   -102.08     94.35      1.00
   3.61651   1.72275   0.18063   -96.393    80.458   -18.718   -102.03    127.13      1.00
   4.51409   1.16665   5.34922   -49.975    60.331     5.116   -101.54     81.80      1.00
   0.90283   0.98236   2.79671   -58.303    82.464   -26.620   -101.47    108.03      1.00
   3.32143   0.83702   3.28892   -59.245    86.194   -19.257   -101.32    108.57      1.00
   3.27087   0.74077   4.59104   -78.293    42.202    -3.987   -101.31     91.97      1.00
   2.60135   0.33005   5.90175   -74.775    31.949   -25.612   -101.30     89.15      1.00
   1.37867   2.17657   3.97306   -39.669    53.213   -24.265   -101.17     70.92      1.00
   3.37524   2.70434   2.38492   -73.639    47.161   -47.457   -100.99    102.61      1.00
   0.16618   0.36017   3.88559   -55.441    82.490   -20.368   -100.88    104.00      1.00
   6.09307   1.08505   4.03839   -77.550    49.416    -2.689   -100.71     93.48      1.00
  -0.08310   0.50630   1.19816   -88.884    53.085   -36.519   -100.25    112.25      1.00
   1.84198   1.35977   5.34229   -51.494    51.314   -35.797   -100.17     81.75      1.00
   2.81596   1.97710   2.17474   -92.116    73.311   -27.356   -100.11    124.62      1.00
   3.90870   2.17068   2.11048   -93.646    59.482    -9.233    -99.77    114.10      1.00
   3.71373   0.72032   3.65667   -48.975    42.891   -31.791    -97.48     75.95      1.00
   2.47827   1.34331   3.83506   -92.953    54.907   -30.049    -96.96    112.60      1.00
   2.93647   2.80384  -0.11650   -41.764    62.518   -18.193    -96.90     77.56      1.00
   3.80220   0.30789   3.36946   -56.997    83.733   -25.132    -96.72    106.90      1.00
   3.59455   0.31028   3.71947   -44.943    48.624   -31.866    -94.55     76.46      1.00
   4.43512   1.02660   2.32139   -57.077    86.546   -28.139    -94.05    109.41      1.00
   3.05585   1.23353   0.95394   -63.132    82.636   -37.580    -93.96    113.20      1.00
   4.29204   2.60640   0.61859   -67.267    86.498   -28.377    -93.28    112.81      1.00
   3.01791   0.40127   4.84866   -81.466    43.876    -6.583    -90.92     96.04      1.00
   5.18422   0.35199   2.15659   -56.274    81.693   -29.727    -89.31    106.29      1.00
   2.69485   1.52461   3.87829   -83.103    42.441   -39.928    -89.17    102.58      1.00
   4.40053   0.45633   3.57558   -64.203    83.300     1.313    -85.56    109.76      1.00
   5.38107   0.24495   2.05280   -85.680    44.347    -6.928    -84.98     99.79      1.00
