atom_i,atom_j,is_disulfide
0,1,False
0,2,False
0,3,False
4,5,False
8,9,False
8,10,False
8,11,False
12,13,False
14,15,False
18,19,False
18,20,False
21,22,False
21,23,False
26,27,False
26,28,False
29,30,False
31,32,False
35,36,False
35,37,False
38,39,False
38,40,False
45,46,False
49,50,False
49,51,False
52,53,False
52,54,False
55,56,False
55,57,False
58,59,False
60,61,False
64,65,False
66,67,False
66,68,False
66,69,False
70,71,False
70,72,False
70,73,False
74,75,False
76,77,False
80,81,False
80,82,False
83,84,False
83,85,False
86,87,False
86,88,False
89,90,False
89,91,False
92,93,False
92,94,False
92,95,False
96,97,False
98,99,False
98,100,False
104,105,False
108,109,False
108,110,False
111,112,False
111,113,False
114,115,False
114,116,False
117,118,False
119,120,False
123,124,False
125,126,False
125,127,False
125,128,False
129,130,False
129,131,False
129,132,False
133,134,False
135,136,False
139,140,False
139,141,False
142,143,False
144,145,False
146,147,False
150,151,False
152,153,False
154,155,False
154,156,False
154,157,False
158,159,False
160,161,False
164,165,False
164,166,False
167,168,False
167,169,False
170,171,False
170,172,False
173,174,False
173,175,False
176,177,False
176,178,False
176,179,False
181,182,False
185,186,False
185,187,False
188,189,False
188,190,False
191,192,False
191,193,False
194,195,False
196,197,False
196,198,False
201,202,False
203,204,False
207,208,False
207,209,False
210,211,False
212,213,False
214,215,False
218,219,False
218,220,False
223,224,False
227,228,False
227,229,False
230,231,False
230,232,False
233,234,False
233,235,False
236,237,False
238,239,False
242,243,False
244,245,False
244,246,False
247,248,False
247,249,False
247,250,False
251,252,False
251,253,False
251,254,False
255,256,False
257,258,False
261,262,False
263,264,False
263,265,False
266,267,False
266,268,False
266,269,False
270,271,False
270,272,False
270,273,False
274,275,False
276,277,False
280,281,False
280,282,False
283,284,False
285,286,False
285,287,False
285,288,False
289,290,False
289,291,False
289,292,False
293,294,False
295,296,False
299,300,False
301,302,False
301,303,False
304,305,False
304,306,False
304,307,False
308,309,False
308,310,False
308,311,False
312,313,False
314,315,False
318,319,False
318,320,False
321,322,False
321,323,False
324,325,False
324,326,False
327,328,False
330,331,False
330,332,False
333,334,False
333,335,False
336,337,False
338,339,False
342,343,False
342,344,False
346,347,False
348,349,False
352,353,False
352,354,False
352,355,False
356,357,False
358,359,False
362,363,False
362,364,False
365,366,False
365,367,False
369,370,False
369,371,False
369,372,False
373,374,False
375,376,False
379,380,False
379,381,False
382,383,False
384,385,False
384,386,False
384,387,False
388,389,False
388,390,False
388,391,False
392,393,False
394,395,False
398,399,False
398,400,False
403,404,False
403,405,False
407,408,False
411,412,False
411,413,False
414,415,False
414,416,False
417,418,False
417,419,False
421,422,False
425,426,False
425,427,False
428,429,False
428,430,False
431,432,False
431,433,False
434,435,False
436,437,False
440,441,False
440,442,False
445,446,False
445,447,False
448,449,False
450,451,False
454,455,False
454,456,False
457,458,False
457,459,False
460,461,False
460,462,False
463,464,False
466,467,False
466,468,False
469,470,False
469,471,False
472,473,False
474,475,False
478,479,False
478,480,False
482,483,False
484,485,False
488,489,False
488,490,False
491,492,False
493,494,False
493,495,False
493,496,False
497,498,False
497,499,False
497,500,False
501,502,False
503,504,False
507,508,False
507,509,False
510,511,False
510,512,False
513,514,False
513,515,False
516,517,False
516,518,False
519,520,False
519,521,False
519,522,False
523,524,False
525,526,False
529,530,False
529,531,False
535,536,False
537,538,False
541,542,False
543,544,False
545,546,False
545,547,False
545,548,False
549,550,False
551,552,False
555,556,False
555,557,False
561,562,False
563,564,False
567,568,False
567,569,False
572,573,False
576,577,False
576,578,False
579,580,False
579,581,False
582,583,False
582,584,False
585,586,False
587,588,False
587,589,False
592,593,False
594,595,False
598,599,False
600,601,False
600,602,False
603,604,False
603,605,False
603,606,False
607,608,False
607,609,False
607,610,False
611,612,False
613,614,False
617,618,False
617,619,False
620,621,False
620,622,False
623,624,False
623,625,False
626,627,False
626,628,False
629,630,False
629,631,False
629,632,False
633,634,False
635,636,False
639,640,False
639,641,False
642,643,False
642,644,False
645,646,False
645,647,False
648,649,False
648,650,False
651,652,False
651,653,False
651,654,False
655,656,False
657,658,False
661,662,False
661,663,False
665,666,False
667,668,False
671,672,False
671,673,False
675,676,False
677,678,False
681,682,False
681,683,False
684,685,False
684,686,False
690,691,False
692,693,False
692,694,False
697,698,False
699,700,False
703,704,False
703,705,False
706,707,False
708,709,False
710,711,False
714,715,False
714,716,False
718,719,False
720,721,False
720,722,False
725,726,False
727,728,False
731,732,False
731,733,False
734,735,False
734,736,False
738,739,False
738,740,False
738,741,False
742,743,False
744,745,False
748,749,False
748,750,False
748,751,False
752,753,False
754,755,False
758,759,False
758,760,False
762,763,False
764,765,False
768,769,False
768,770,False
772,773,False
774,775,False
776,777,False
778,779,False
780,781,False
782,783,False
784,785,False
788,789,False
790,791,False
790,792,False
790,793,False
794,795,False
794,796,False
794,797,False
799,800,False
803,804,False
803,805,False
806,807,False
806,808,False
809,810,False
809,811,False
812,813,False
814,815,False
818,819,False
818,820,False
821,822,False
821,823,False
826,827,False
826,828,False
6,4,False
6,7,False
4,8,False
4,0,False
6,12,False
16,14,False
16,17,False
14,18,False
14,12,False
18,21,False
24,21,False
24,26,False
24,25,False
16,29,False
33,31,False
33,34,False
31,35,False
31,29,False
35,38,False
41,38,False
41,42,False
41,43,False
33,44,False
47,45,False
47,48,False
45,49,False
45,44,False
49,52,False
55,52,False
55,44,False
47,58,False
62,60,False
62,63,False
60,64,False
60,58,False
64,66,False
64,70,False
62,74,False
78,76,False
78,79,False
76,80,False
76,74,False
80,83,False
86,89,False
86,83,False
89,92,False
78,96,False
101,98,False
101,102,False
98,96,False
101,103,False
106,104,False
106,107,False
104,108,False
104,103,False
108,111,False
114,111,False
114,103,False
106,117,False
121,119,False
121,122,False
119,123,False
119,117,False
123,125,False
123,129,False
121,133,False
137,135,False
137,138,False
135,139,False
135,133,False
139,142,False
137,144,False
148,146,False
148,149,False
146,150,False
146,144,False
150,154,False
150,152,False
148,158,False
162,160,False
162,163,False
160,164,False
160,158,False
164,167,False
170,173,False
170,167,False
173,176,False
162,180,False
183,181,False
183,184,False
181,185,False
181,180,False
185,188,False
191,188,False
191,180,False
183,194,False
199,196,False
199,200,False
196,194,False
199,201,False
205,203,False
205,206,False
203,207,False
203,201,False
207,210,False
205,212,False
216,214,False
216,217,False
214,218,False
214,212,False
218,221,False
216,222,False
225,223,False
225,226,False
223,227,False
223,222,False
227,230,False
233,230,False
233,222,False
225,236,False
240,238,False
240,241,False
238,242,False
238,236,False
242,244,False
242,247,False
251,244,False
240,255,False
259,257,False
259,260,False
257,261,False
257,255,False
261,263,False
261,266,False
270,263,False
259,274,False
278,276,False
278,279,False
276,280,False
276,274,False
280,283,False
285,283,False
289,283,False
278,293,False
297,295,False
297,298,False
295,299,False
295,293,False
299,301,False
299,304,False
308,301,False
297,312,False
316,314,False
316,317,False
314,318,False
314,312,False
318,321,False
324,321,False
324,327,False
329,327,False
329,330,False
329,333,False
316,336,False
340,338,False
340,341,False
338,342,False
338,336,False
342,345,False
340,346,False
350,348,False
350,351,False
348,352,False
348,346,False
350,356,False
360,358,False
360,361,False
358,362,False
358,356,False
362,365,False
369,368,False
365,368,False
360,373,False
377,375,False
377,378,False
375,379,False
375,373,False
379,382,False
384,382,False
388,382,False
377,392,False
396,394,False
396,397,False
394,398,False
394,392,False
398,401,False
401,403,False
401,402,False
396,406,False
409,407,False
409,410,False
407,411,False
407,406,False
411,414,False
417,414,False
417,406,False
409,420,False
423,421,False
423,424,False
421,425,False
421,420,False
425,428,False
431,428,False
431,420,False
423,434,False
438,436,False
438,439,False
436,440,False
436,434,False
440,443,False
443,445,False
443,444,False
438,448,False
452,450,False
452,453,False
450,454,False
450,448,False
454,457,False
460,457,False
460,463,False
465,463,False
465,466,False
465,469,False
452,472,False
476,474,False
476,477,False
474,478,False
474,472,False
478,481,False
476,482,False
486,484,False
486,487,False
484,488,False
484,482,False
488,491,False
493,491,False
497,491,False
486,501,False
505,503,False
505,506,False
503,507,False
503,501,False
507,510,False
513,516,False
513,510,False
516,519,False
505,523,False
527,525,False
527,528,False
525,529,False
525,523,False
529,532,False
532,533,False
532,534,False
527,535,False
539,537,False
539,540,False
537,541,False
537,535,False
541,545,False
541,543,False
539,549,False
553,551,False
553,554,False
551,555,False
551,549,False
555,558,False
558,559,False
558,560,False
553,561,False
565,563,False
565,566,False
563,567,False
563,561,False
567,570,False
565,571,False
574,572,False
574,575,False
572,576,False
572,571,False
576,579,False
582,579,False
582,571,False
574,585,False
590,587,False
590,591,False
587,585,False
590,592,False
596,594,False
596,597,False
594,598,False
594,592,False
598,600,False
598,603,False
607,600,False
596,611,False
615,613,False
615,616,False
613,617,False
613,611,False
617,620,False
623,626,False
623,620,False
626,629,False
615,633,False
637,635,False
637,638,False
635,639,False
635,633,False
639,642,False
645,648,False
645,642,False
648,651,False
637,655,False
659,657,False
659,660,False
657,661,False
657,655,False
661,664,False
659,665,False
669,667,False
669,670,False
667,671,False
667,665,False
671,674,False
669,675,False
679,677,False
679,680,False
677,681,False
677,675,False
681,684,False
687,684,False
687,688,False
687,689,False
679,690,False
695,692,False
695,696,False
692,690,False
695,697,False
701,699,False
701,702,False
699,703,False
699,697,False
703,706,False
701,708,False
712,710,False
712,713,False
710,714,False
710,708,False
714,717,False
712,718,False
723,720,False
723,724,False
720,718,False
723,725,False
729,727,False
729,730,False
727,731,False
727,725,False
731,734,False
738,737,False
734,737,False
729,742,False
746,744,False
746,747,False
744,748,False
744,742,False
746,752,False
756,754,False
756,757,False
754,758,False
754,752,False
758,761,False
756,762,False
766,764,False
766,767,False
764,768,False
764,762,False
768,771,False
772,776,False
772,771,False
774,778,False
774,771,False
776,780,False
778,780,False
766,782,False
786,784,False
786,787,False
784,788,False
784,782,False
788,790,False
788,794,False
786,798,False
801,799,False
801,802,False
799,803,False
799,798,False
803,806,False
809,806,False
809,798,False
801,812,False
816,814,False
816,817,False
816,829,False
814,818,False
814,812,False
818,821,False
824,821,False
824,826,False
824,825,False
664,481,True
674,221,True
717,345,True
761,570,True
830,831,False
830,832,False
833,834,False
833,835,False
836,837,False
836,838,False
839,840,False
839,841,False
842,843,False
842,844,False
845,846,False
845,847,False
848,849,False
848,850,False
851,852,False
851,853,False
854,855,False
854,856,False
857,858,False
857,859,False
860,861,False
860,862,False
863,864,False
863,865,False
866,867,False
866,868,False
869,870,False
869,871,False
872,873,False
872,874,False
875,876,False
875,877,False
878,879,False
878,880,False
881,882,False
881,883,False
884,885,False
884,886,False
887,888,False
887,889,False
890,891,False
890,892,False
893,894,False
893,895,False
896,897,False
896,898,False
899,900,False
899,901,False
902,903,False
902,904,False
905,906,False
905,907,False
908,909,False
908,910,False
911,912,False
911,913,False
914,915,False
914,916,False
917,918,False
917,919,False
920,921,False
920,922,False
923,924,False
923,925,False
926,927,False
926,928,False
929,930,False
929,931,False
932,933,False
932,934,False
935,936,False
935,937,False
938,939,False
938,940,False
941,942,False
941,943,False
944,945,False
944,946,False
947,948,False
947,949,False
950,951,False
950,952,False
953,954,False
953,955,False
956,957,False
956,958,False
959,960,False
959,961,False
962,963,False
962,964,False
965,966,False
965,967,False
968,969,False
968,970,False
971,972,False
971,973,False
974,975,False
974,976,False
977,978,False
977,979,False
980,981,False
980,982,False
983,984,False
983,985,False
986,987,False
986,988,False
989,990,False
989,991,False
992,993,False
992,994,False
995,996,False
995,997,False
998,999,False
998,1000,False
1001,1002,False
1001,1003,False
1004,1005,False
1004,1006,False
1007,1008,False
1007,1009,False
1010,1011,False
1010,1012,False
1013,1014,False
1013,1015,False
1016,1017,False
1016,1018,False
1019,1020,False
1019,1021,False
1022,1023,False
1022,1024,False
1025,1026,False
1025,1027,False
1028,1029,False
1028,1030,False
1031,1032,False
1031,1033,False
1034,1035,False
1034,1036,False
1037,1038,False
1037,1039,False
1040,1041,False
1040,1042,False
1043,1044,False
1043,1045,False
1046,1047,False
1046,1048,False
1049,1050,False
1049,1051,False
1052,1053,False
1052,1054,False
1055,1056,False
1055,1057,False
1058,1059,False
1058,1060,False
1061,1062,False
1061,1063,False
1064,1065,False
1064,1066,False
1067,1068,False
1067,1069,False
1070,1071,False
1070,1072,False
1073,1074,False
1073,1075,False
1076,1077,False
1076,1078,False
1079,1080,False
1079,1081,False
1082,1083,False
1082,1084,False
1085,1086,False
1085,1087,False
1088,1089,False
1088,1090,False
1091,1092,False
1091,1093,False
1094,1095,False
1094,1096,False
1097,1098,False
1097,1099,False
1100,1101,False
1100,1102,False
1103,1104,False
1103,1105,False
1106,1107,False
1106,1108,False
1109,1110,False
1109,1111,False
1112,1113,False
1112,1114,False
1115,1116,False
1115,1117,False
1118,1119,False
1118,1120,False
1121,1122,False
1121,1123,False
1124,1125,False
1124,1126,False
1127,1128,False
1127,1129,False
1130,1131,False
1130,1132,False
1133,1134,False
1133,1135,False
1136,1137,False
1136,1138,False
1139,1140,False
1139,1141,False
1142,1143,False
1142,1144,False
1145,1146,False
1145,1147,False
1148,1149,False
1148,1150,False
1151,1152,False
1151,1153,False
1154,1155,False
1154,1156,False
1157,1158,False
1157,1159,False
1160,1161,False
1160,1162,False
1163,1164,False
1163,1165,False
1166,1167,False
1166,1168,False
1169,1170,False
1169,1171,False
1172,1173,False
1172,1174,False
1175,1176,False
1175,1177,False
1178,1179,False
1178,1180,False
1181,1182,False
1181,1183,False
1184,1185,False
1184,1186,False
1187,1188,False
1187,1189,False
1190,1191,False
1190,1192,False
1193,1194,False
1193,1195,False
1196,1197,False
1196,1198,False
1199,1200,False
1199,1201,False
1202,1203,False
1202,1204,False
1205,1206,False
1205,1207,False
1208,1209,False
1208,1210,False
1211,1212,False
1211,1213,False
1214,1215,False
1214,1216,False
1217,1218,False
1217,1219,False
1220,1221,False
1220,1222,False
1223,1224,False
1223,1225,False
1226,1227,False
1226,1228,False
1229,1230,False
1229,1231,False
1232,1233,False
1232,1234,False
1235,1236,False
1235,1237,False
1238,1239,False
1238,1240,False
1241,1242,False
1241,1243,False
1244,1245,False
1244,1246,False
1247,1248,False
1247,1249,False
1250,1251,False
1250,1252,False
1253,1254,False
1253,1255,False
1256,1257,False
1256,1258,False
1259,1260,False
1259,1261,False
1262,1263,False
1262,1264,False
1265,1266,False
1265,1267,False
1268,1269,False
1268,1270,False
1271,1272,False
1271,1273,False
1274,1275,False
1274,1276,False
1277,1278,False
1277,1279,False
1280,1281,False
1280,1282,False
1283,1284,False
1283,1285,False
1286,1287,False
1286,1288,False
1289,1290,False
1289,1291,False
1292,1293,False
1292,1294,False
1295,1296,False
1295,1297,False
1298,1299,False
1298,1300,False
1301,1302,False
1301,1303,False
1304,1305,False
1304,1306,False
1307,1308,False
1307,1309,False
1310,1311,False
1310,1312,False
1313,1314,False
1313,1315,False
1316,1317,False
1316,1318,False
1319,1320,False
1319,1321,False
1322,1323,False
1322,1324,False
1325,1326,False
1325,1327,False
1328,1329,False
1328,1330,False
1331,1332,False
1331,1333,False
1334,1335,False
1334,1336,False
1337,1338,False
1337,1339,False
1340,1341,False
1340,1342,False
1343,1344,False
1343,1345,False
1346,1347,False
1346,1348,False
1349,1350,False
1349,1351,False
1352,1353,False
1352,1354,False
1355,1356,False
1355,1357,False
1358,1359,False
1358,1360,False
1361,1362,False
1361,1363,False
1364,1365,False
1364,1366,False
1367,1368,False
1367,1369,False
1370,1371,False
1370,1372,False
1373,1374,False
1373,1375,False
1376,1377,False
1376,1378,False
1379,1380,False
1379,1381,False
1382,1383,False
1382,1384,False
1385,1386,False
1385,1387,False
1388,1389,False
1388,1390,False
1391,1392,False
1391,1393,False
1394,1395,False
1394,1396,False
1397,1398,False
1397,1399,False
1400,1401,False
1400,1402,False
1403,1404,False
1403,1405,False
1406,1407,False
1406,1408,False
1409,1410,False
1409,1411,False
1412,1413,False
1412,1414,False
1415,1416,False
1415,1417,False
1418,1419,False
1418,1420,False
1421,1422,False
1421,1423,False
1424,1425,False
1424,1426,False
1427,1428,False
1427,1429,False
1430,1431,False
1430,1432,False
1433,1434,False
1433,1435,False
1436,1437,False
1436,1438,False
1439,1440,False
1439,1441,False
1442,1443,False
1442,1444,False
1445,1446,False
1445,1447,False
1448,1449,False
1448,1450,False
1451,1452,False
1451,1453,False
1454,1455,False
1454,1456,False
1457,1458,False
1457,1459,False
1460,1461,False
1460,1462,False
1463,1464,False
1463,1465,False
1466,1467,False
1466,1468,False
1469,1470,False
1469,1471,False
1472,1473,False
1472,1474,False
1475,1476,False
1475,1477,False
1478,1479,False
1478,1480,False
1481,1482,False
1481,1483,False
1484,1485,False
1484,1486,False
1487,1488,False
1487,1489,False
1490,1491,False
1490,1492,False
1493,1494,False
1493,1495,False
1496,1497,False
1496,1498,False
1499,1500,False
1499,1501,False
1502,1503,False
1502,1504,False
1505,1506,False
1505,1507,False
1508,1509,False
1508,1510,False
1511,1512,False
1511,1513,False
1514,1515,False
1514,1516,False
1517,1518,False
1517,1519,False
1520,1521,False
1520,1522,False
1523,1524,False
1523,1525,False
1526,1527,False
1526,1528,False
1529,1530,False
1529,1531,False
1532,1533,False
1532,1534,False
1535,1536,False
1535,1537,False
1538,1539,False
1538,1540,False
1541,1542,False
1541,1543,False
1544,1545,False
1544,1546,False
1547,1548,False
1547,1549,False
1550,1551,False
1550,1552,False
1553,1554,False
1553,1555,False
1556,1557,False
1556,1558,False
1559,1560,False
1559,1561,False
1562,1563,False
1562,1564,False
1565,1566,False
1565,1567,False
1568,1569,False
1568,1570,False
1571,1572,False
1571,1573,False
1574,1575,False
1574,1576,False
1577,1578,False
1577,1579,False
1580,1581,False
1580,1582,False
1583,1584,False
1583,1585,False
1586,1587,False
1586,1588,False
1589,1590,False
1589,1591,False
1592,1593,False
1592,1594,False
1595,1596,False
1595,1597,False
1598,1599,False
1598,1600,False
1601,1602,False
1601,1603,False
1604,1605,False
1604,1606,False
1607,1608,False
1607,1609,False
1610,1611,False
1610,1612,False
1613,1614,False
1613,1615,False
1616,1617,False
1616,1618,False
1619,1620,False
1619,1621,False
1622,1623,False
1622,1624,False
1625,1626,False
1625,1627,False
1628,1629,False
1628,1630,False
1631,1632,False
1631,1633,False
1634,1635,False
1634,1636,False
1637,1638,False
1637,1639,False
1640,1641,False
1640,1642,False
1643,1644,False
1643,1645,False
1646,1647,False
1646,1648,False
1649,1650,False
1649,1651,False
1652,1653,False
1652,1654,False
1655,1656,False
1655,1657,False
1658,1659,False
1658,1660,False
1661,1662,False
1661,1663,False
1664,1665,False
1664,1666,False
1667,1668,False
1667,1669,False
1670,1671,False
1670,1672,False
1673,1674,False
1673,1675,False
1676,1677,False
1676,1678,False
1679,1680,False
1679,1681,False
1682,1683,False
1682,1684,False
1685,1686,False
1685,1687,False
1688,1689,False
1688,1690,False
1691,1692,False
1691,1693,False
1694,1695,False
1694,1696,False
1697,1698,False
1697,1699,False
1700,1701,False
1700,1702,False
1703,1704,False
1703,1705,False
1706,1707,False
1706,1708,False
1709,1710,False
1709,1711,False
1712,1713,False
1712,1714,False
1715,1716,False
1715,1717,False
1718,1719,False
1718,1720,False
1721,1722,False
1721,1723,False
1724,1725,False
1724,1726,False
1727,1728,False
1727,1729,False
1730,1731,False
1730,1732,False
1733,1734,False
1733,1735,False
1736,1737,False
1736,1738,False
1739,1740,False
1739,1741,False
1742,1743,False
1742,1744,False
1745,1746,False
1745,1747,False
1748,1749,False
1748,1750,False
1751,1752,False
1751,1753,False
1754,1755,False
1754,1756,False
1757,1758,False
1757,1759,False
1760,1761,False
1760,1762,False
1763,1764,False
1763,1765,False
1766,1767,False
1766,1768,False
1769,1770,False
1769,1771,False
1772,1773,False
1772,1774,False
1775,1776,False
1775,1777,False
1778,1779,False
1778,1780,False
1781,1782,False
1781,1783,False
1784,1785,False
1784,1786,False
1787,1788,False
1787,1789,False
1790,1791,False
1790,1792,False
1793,1794,False
1793,1795,False
1796,1797,False
1796,1798,False
1799,1800,False
1799,1801,False
1802,1803,False
1802,1804,False
1805,1806,False
1805,1807,False
1808,1809,False
1808,1810,False
1811,1812,False
1811,1813,False
1814,1815,False
1814,1816,False
1817,1818,False
1817,1819,False
1820,1821,False
1820,1822,False
1823,1824,False
1823,1825,False
1826,1827,False
1826,1828,False
1829,1830,False
1829,1831,False
1832,1833,False
1832,1834,False
1835,1836,False
1835,1837,False
1838,1839,False
1838,1840,False
1841,1842,False
1841,1843,False
1844,1845,False
1844,1846,False
1847,1848,False
1847,1849,False
1850,1851,False
1850,1852,False
1853,1854,False
1853,1855,False
1856,1857,False
1856,1858,False
1859,1860,False
1859,1861,False
1862,1863,False
1862,1864,False
1865,1866,False
1865,1867,False
1868,1869,False
1868,1870,False
1871,1872,False
1871,1873,False
1874,1875,False
1874,1876,False
1877,1878,False
1877,1879,False
1880,1881,False
1880,1882,False
1883,1884,False
1883,1885,False
1886,1887,False
1886,1888,False
1889,1890,False
1889,1891,False
1892,1893,False
1892,1894,False
1895,1896,False
1895,1897,False
1898,1899,False
1898,1900,False
1901,1902,False
1901,1903,False
1904,1905,False
1904,1906,False
1907,1908,False
1907,1909,False
1910,1911,False
1910,1912,False
1913,1914,False
1913,1915,False
1916,1917,False
1916,1918,False
1919,1920,False
1919,1921,False
1922,1923,False
1922,1924,False
1925,1926,False
1925,1927,False
1928,1929,False
1928,1930,False
1931,1932,False
1931,1933,False
1934,1935,False
1934,1936,False
1937,1938,False
1937,1939,False
1940,1941,False
1940,1942,False
1943,1944,False
1943,1945,False
1946,1947,False
1946,1948,False
1949,1950,False
1949,1951,False
1952,1953,False
1952,1954,False
1955,1956,False
1955,1957,False
1958,1959,False
1958,1960,False
1961,1962,False
1961,1963,False
1964,1965,False
1964,1966,False
1967,1968,False
1967,1969,False
1970,1971,False
1970,1972,False
1973,1974,False
1973,1975,False
1976,1977,False
1976,1978,False
1979,1980,False
1979,1981,False
1982,1983,False
1982,1984,False
1985,1986,False
1985,1987,False
1988,1989,False
1988,1990,False
1991,1992,False
1991,1993,False
1994,1995,False
1994,1996,False
1997,1998,False
1997,1999,False
2000,2001,False
2000,2002,False
2003,2004,False
2003,2005,False
2006,2007,False
2006,2008,False
2009,2010,False
2009,2011,False
2012,2013,False
2012,2014,False
2015,2016,False
2015,2017,False
2018,2019,False
2018,2020,False
2021,2022,False
2021,2023,False
2024,2025,False
2024,2026,False
2027,2028,False
2027,2029,False
2030,2031,False
2030,2032,False
2033,2034,False
2033,2035,False
2036,2037,False
2036,2038,False
2039,2040,False
2039,2041,False
2042,2043,False
2042,2044,False
2045,2046,False
2045,2047,False
2048,2049,False
2048,2050,False
2051,2052,False
2051,2053,False
2054,2055,False
2054,2056,False
2057,2058,False
2057,2059,False
2060,2061,False
2060,2062,False
2063,2064,False
2063,2065,False
2066,2067,False
2066,2068,False
2069,2070,False
2069,2071,False
2072,2073,False
2072,2074,False
2075,2076,False
2075,2077,False
2078,2079,False
2078,2080,False
2081,2082,False
2081,2083,False
2084,2085,False
2084,2086,False
2087,2088,False
2087,2089,False
2090,2091,False
2090,2092,False
2093,2094,False
2093,2095,False
2096,2097,False
2096,2098,False
2099,2100,False
2099,2101,False
2102,2103,False
2102,2104,False
2105,2106,False
2105,2107,False
2108,2109,False
2108,2110,False
2111,2112,False
2111,2113,False
2114,2115,False
2114,2116,False
2117,2118,False
2117,2119,False
2120,2121,False
2120,2122,False
2123,2124,False
2123,2125,False
2126,2127,False
2126,2128,False
2129,2130,False
2129,2131,False
2132,2133,False
2132,2134,False
2135,2136,False
2135,2137,False
2138,2139,False
2138,2140,False
2141,2142,False
2141,2143,False
2144,2145,False
2144,2146,False
2147,2148,False
2147,2149,False
2150,2151,False
2150,2152,False
2153,2154,False
2153,2155,False
2156,2157,False
2156,2158,False
2159,2160,False
2159,2161,False
2162,2163,False
2162,2164,False
2165,2166,False
2165,2167,False
2168,2169,False
2168,2170,False
2171,2172,False
2171,2173,False
2174,2175,False
2174,2176,False
2177,2178,False
2177,2179,False
2180,2181,False
2180,2182,False
2183,2184,False
2183,2185,False
2186,2187,False
2186,2188,False
2189,2190,False
2189,2191,False
2192,2193,False
2192,2194,False
2195,2196,False
2195,2197,False
2198,2199,False
2198,2200,False
2201,2202,False
2201,2203,False
2204,2205,False
2204,2206,False
2207,2208,False
2207,2209,False
2210,2211,False
2210,2212,False
2213,2214,False
2213,2215,False
2216,2217,False
2216,2218,False
2219,2220,False
2219,2221,False
2222,2223,False
2222,2224,False
2225,2226,False
2225,2227,False
2228,2229,False
2228,2230,False
2231,2232,False
2231,2233,False
2234,2235,False
2234,2236,False
2237,2238,False
2237,2239,False
2240,2241,False
2240,2242,False
2243,2244,False
2243,2245,False
2246,2247,False
2246,2248,False
2249,2250,False
2249,2251,False
2252,2253,False
2252,2254,False
2255,2256,False
2255,2257,False
2258,2259,False
2258,2260,False
2261,2262,False
2261,2263,False
2264,2265,False
2264,2266,False
2267,2268,False
2267,2269,False
2270,2271,False
2270,2272,False
2273,2274,False
2273,2275,False
2276,2277,False
2276,2278,False
2279,2280,False
2279,2281,False
2282,2283,False
2282,2284,False
2285,2286,False
2285,2287,False
2288,2289,False
2288,2290,False
2291,2292,False
2291,2293,False
2294,2295,False
2294,2296,False
2297,2298,False
2297,2299,False
2300,2301,False
2300,2302,False
2303,2304,False
2303,2305,False
2306,2307,False
2306,2308,False
2309,2310,False
2309,2311,False
2312,2313,False
2312,2314,False
2315,2316,False
2315,2317,False
2318,2319,False
2318,2320,False
2321,2322,False
2321,2323,False
2324,2325,False
2324,2326,False
2327,2328,False
2327,2329,False
2330,2331,False
2330,2332,False
2333,2334,False
2333,2335,False
2336,2337,False
2336,2338,False
2339,2340,False
2339,2341,False
2342,2343,False
2342,2344,False
2345,2346,False
2345,2347,False
2348,2349,False
2348,2350,False
2351,2352,False
2351,2353,False
2354,2355,False
2354,2356,False
2357,2358,False
2357,2359,False
2360,2361,False
2360,2362,False
2363,2364,False
2363,2365,False
2366,2367,False
2366,2368,False
2369,2370,False
2369,2371,False
2372,2373,False
2372,2374,False
2375,2376,False
2375,2377,False
2378,2379,False
2378,2380,False
2381,2382,False
2381,2383,False
2384,2385,False
2384,2386,False
2387,2388,False
2387,2389,False
2390,2391,False
2390,2392,False
2393,2394,False
2393,2395,False
2396,2397,False
2396,2398,False
2399,2400,False
2399,2401,False
2402,2403,False
2402,2404,False
2405,2406,False
2405,2407,False
2408,2409,False
2408,2410,False
2411,2412,False
2411,2413,False
2414,2415,False
2414,2416,False
2417,2418,False
2417,2419,False
2420,2421,False
2420,2422,False
2423,2424,False
2423,2425,False
2426,2427,False
2426,2428,False
2429,2430,False
2429,2431,False
2432,2433,False
2432,2434,False
2435,2436,False
2435,2437,False
2438,2439,False
2438,2440,False
2441,2442,False
2441,2443,False
2444,2445,False
2444,2446,False
2447,2448,False
2447,2449,False
2450,2451,False
2450,2452,False
2453,2454,False
2453,2455,False
2456,2457,False
2456,2458,False
2459,2460,False
2459,2461,False
2462,2463,False
2462,2464,False
2465,2466,False
2465,2467,False
2468,2469,False
2468,2470,False
2471,2472,False
2471,2473,False
2474,2475,False
2474,2476,False
2477,2478,False
2477,2479,False
2480,2481,False
2480,2482,False
2483,2484,False
2483,2485,False
2486,2487,False
2486,2488,False
2489,2490,False
2489,2491,False
2492,2493,False
2492,2494,False
2495,2496,False
2495,2497,False
2498,2499,False
2498,2500,False
2501,2502,False
2501,2503,False
2504,2505,False
2504,2506,False
2507,2508,False
2507,2509,False
2510,2511,False
2510,2512,False
2513,2514,False
2513,2515,False
2516,2517,False
2516,2518,False
2519,2520,False
2519,2521,False
2522,2523,False
2522,2524,False
2525,2526,False
2525,2527,False
2528,2529,False
2528,2530,False
2531,2532,False
2531,2533,False
2534,2535,False
2534,2536,False
2537,2538,False
2537,2539,False
2540,2541,False
2540,2542,False
2543,2544,False
2543,2545,False
2546,2547,False
2546,2548,False
2549,2550,False
2549,2551,False
2552,2553,False
2552,2554,False
2555,2556,False
2555,2557,False
2558,2559,False
2558,2560,False
2561,2562,False
2561,2563,False
2564,2565,False
2564,2566,False
2567,2568,False
2567,2569,False
2570,2571,False
2570,2572,False
2573,2574,False
2573,2575,False
2576,2577,False
2576,2578,False
2579,2580,False
2579,2581,False
2582,2583,False
2582,2584,False
2585,2586,False
2585,2587,False
2588,2589,False
2588,2590,False
2591,2592,False
2591,2593,False
2594,2595,False
2594,2596,False
2597,2598,False
2597,2599,False
2600,2601,False
2600,2602,False
2603,2604,False
2603,2605,False
2606,2607,False
2606,2608,False
2609,2610,False
2609,2611,False
2612,2613,False
2612,2614,False
2615,2616,False
2615,2617,False
2618,2619,False
2618,2620,False
2621,2622,False
2621,2623,False
2624,2625,False
2624,2626,False
2627,2628,False
2627,2629,False
2630,2631,False
2630,2632,False
2633,2634,False
2633,2635,False
2636,2637,False
2636,2638,False
2639,2640,False
2639,2641,False
2642,2643,False
2642,2644,False
2645,2646,False
2645,2647,False
2648,2649,False
2648,2650,False
2651,2652,False
2651,2653,False
2654,2655,False
2654,2656,False
2657,2658,False
2657,2659,False
2660,2661,False
2660,2662,False
2663,2664,False
2663,2665,False
2666,2667,False
2666,2668,False
2669,2670,False
2669,2671,False
2672,2673,False
2672,2674,False
2675,2676,False
2675,2677,False
2678,2679,False
2678,2680,False
2681,2682,False
2681,2683,False
2684,2685,False
2684,2686,False
2687,2688,False
2687,2689,False
2690,2691,False
2690,2692,False
2693,2694,False
2693,2695,False
2696,2697,False
2696,2698,False
2699,2700,False
2699,2701,False
2702,2703,False
2702,2704,False
2705,2706,False
2705,2707,False
2708,2709,False
2708,2710,False
2711,2712,False
2711,2713,False
2714,2715,False
2714,2716,False
2717,2718,False
2717,2719,False
2720,2721,False
2720,2722,False
2723,2724,False
2723,2725,False
2726,2727,False
2726,2728,False
2729,2730,False
2729,2731,False
2732,2733,False
2732,2734,False
2735,2736,False
2735,2737,False
2738,2739,False
2738,2740,False
2741,2742,False
2741,2743,False
2744,2745,False
2744,2746,False
2747,2748,False
2747,2749,False
2750,2751,False
2750,2752,False
2753,2754,False
2753,2755,False
2756,2757,False
2756,2758,False
2759,2760,False
2759,2761,False
2762,2763,False
2762,2764,False
2765,2766,False
2765,2767,False
2768,2769,False
2768,2770,False
2771,2772,False
2771,2773,False
2774,2775,False
2774,2776,False
2777,2778,False
2777,2779,False
2780,2781,False
2780,2782,False
2783,2784,False
2783,2785,False
2786,2787,False
2786,2788,False
2789,2790,False
2789,2791,False
2792,2793,False
2792,2794,False
2795,2796,False
2795,2797,False
2798,2799,False
2798,2800,False
2801,2802,False
2801,2803,False
2804,2805,False
2804,2806,False
2807,2808,False
2807,2809,False
2810,2811,False
2810,2812,False
2813,2814,False
2813,2815,False
2816,2817,False
2816,2818,False
2819,2820,False
2819,2821,False
2822,2823,False
2822,2824,False
2825,2826,False
2825,2827,False
2828,2829,False
2828,2830,False
2831,2832,False
2831,2833,False
2834,2835,False
2834,2836,False
2837,2838,False
2837,2839,False
2840,2841,False
2840,2842,False
2843,2844,False
2843,2845,False
2846,2847,False
2846,2848,False
2849,2850,False
2849,2851,False
2852,2853,False
2852,2854,False
2855,2856,False
2855,2857,False
2858,2859,False
2858,2860,False
2861,2862,False
2861,2863,False
2864,2865,False
2864,2866,False
2867,2868,False
2867,2869,False
2870,2871,False
2870,2872,False
2873,2874,False
2873,2875,False
2876,2877,False
2876,2878,False
2879,2880,False
2879,2881,False
2882,2883,False
2882,2884,False
2885,2886,False
2885,2887,False
2888,2889,False
2888,2890,False
2891,2892,False
2891,2893,False
2894,2895,False
2894,2896,False
2897,2898,False
2897,2899,False
2900,2901,False
2900,2902,False
2903,2904,False
2903,2905,False
2906,2907,False
2906,2908,False
2909,2910,False
2909,2911,False
2912,2913,False
2912,2914,False
2915,2916,False
2915,2917,False
2918,2919,False
2918,2920,False
2921,2922,False
2921,2923,False
2924,2925,False
2924,2926,False
2927,2928,False
2927,2929,False
2930,2931,False
2930,2932,False
2933,2934,False
2933,2935,False
2936,2937,False
2936,2938,False
2939,2940,False
2939,2941,False
2942,2943,False
2942,2944,False
2945,2946,False
2945,2947,False
2948,2949,False
2948,2950,False
2951,2952,False
2951,2953,False
2954,2955,False
2954,2956,False
2957,2958,False
2957,2959,False
2960,2961,False
2960,2962,False
2963,2964,False
2963,2965,False
2966,2967,False
2966,2968,False
2969,2970,False
2969,2971,False
2972,2973,False
2972,2974,False
2975,2976,False
2975,2977,False
2978,2979,False
2978,2980,False
2981,2982,False
2981,2983,False
2984,2985,False
2984,2986,False
2987,2988,False
2987,2989,False
2990,2991,False
2990,2992,False
2993,2994,False
2993,2995,False
2996,2997,False
2996,2998,False
2999,3000,False
2999,3001,False
3002,3003,False
3002,3004,False
3005,3006,False
3005,3007,False
3008,3009,False
3008,3010,False
3011,3012,False
3011,3013,False
3014,3015,False
3014,3016,False
3017,3018,False
3017,3019,False
3020,3021,False
3020,3022,False
3023,3024,False
3023,3025,False
3026,3027,False
3026,3028,False
3029,3030,False
3029,3031,False
3032,3033,False
3032,3034,False
3035,3036,False
3035,3037,False
3038,3039,False
3038,3040,False
3041,3042,False
3041,3043,False
3044,3045,False
3044,3046,False
3047,3048,False
3047,3049,False
3050,3051,False
3050,3052,False
3053,3054,False
3053,3055,False
3056,3057,False
3056,3058,False
3059,3060,False
3059,3061,False
3062,3063,False
3062,3064,False
3065,3066,False
3065,3067,False
3068,3069,False
3068,3070,False
3071,3072,False
3071,3073,False
3074,3075,False
3074,3076,False
3077,3078,False
3077,3079,False
3080,3081,False
3080,3082,False
3083,3084,False
3083,3085,False
3086,3087,False
3086,3088,False
3089,3090,False
3089,3091,False
3092,3093,False
3092,3094,False
3095,3096,False
3095,3097,False
3098,3099,False
3098,3100,False
3101,3102,False
3101,3103,False
3104,3105,False
3104,3106,False
3107,3108,False
3107,3109,False
3110,3111,False
3110,3112,False
3113,3114,False
3113,3115,False
3116,3117,False
3116,3118,False
3119,3120,False
3119,3121,False
3122,3123,False
3122,3124,False
3125,3126,False
3125,3127,False
3128,3129,False
3128,3130,False
3131,3132,False
3131,3133,False
3134,3135,False
3134,3136,False
3137,3138,False
3137,3139,False
3140,3141,False
3140,3142,False
3143,3144,False
3143,3145,False
3146,3147,False
3146,3148,False
3149,3150,False
3149,3151,False
3152,3153,False
3152,3154,False
3155,3156,False
3155,3157,False
3158,3159,False
3158,3160,False
3161,3162,False
3161,3163,False
3164,3165,False
3164,3166,False
3167,3168,False
3167,3169,False
3170,3171,False
3170,3172,False
3173,3174,False
3173,3175,False
3176,3177,False
3176,3178,False
3179,3180,False
3179,3181,False
3182,3183,False
3182,3184,False
3185,3186,False
3185,3187,False
3188,3189,False
3188,3190,False
3191,3192,False
3191,3193,False
3194,3195,False
3194,3196,False
3197,3198,False
3197,3199,False
3200,3201,False
3200,3202,False
3203,3204,False
3203,3205,False
3206,3207,False
3206,3208,False
3209,3210,False
3209,3211,False
3212,3213,False
3212,3214,False
3215,3216,False
3215,3217,False
3218,3219,False
3218,3220,False
3221,3222,False
3221,3223,False
3224,3225,False
3224,3226,False
3227,3228,False
3227,3229,False
3230,3231,False
3230,3232,False
3233,3234,False
3233,3235,False
3236,3237,False
3236,3238,False
3239,3240,False
3239,3241,False
3242,3243,False
3242,3244,False
3245,3246,False
3245,3247,False
3248,3249,False
3248,3250,False
3251,3252,False
3251,3253,False
3254,3255,False
3254,3256,False
3257,3258,False
3257,3259,False
3260,3261,False
3260,3262,False
3263,3264,False
3263,3265,False
3266,3267,False
3266,3268,False
3269,3270,False
3269,3271,False
3272,3273,False
3272,3274,False
3275,3276,False
3275,3277,False
3278,3279,False
3278,3280,False
3281,3282,False
3281,3283,False
3284,3285,False
3284,3286,False
3287,3288,False
3287,3289,False
3290,3291,False
3290,3292,False
3293,3294,False
3293,3295,False
3296,3297,False
3296,3298,False
3299,3300,False
3299,3301,False
3302,3303,False
3302,3304,False
3305,3306,False
3305,3307,False
3308,3309,False
3308,3310,False
3311,3312,False
3311,3313,False
3314,3315,False
3314,3316,False
3317,3318,False
3317,3319,False
3320,3321,False
3320,3322,False
3323,3324,False
3323,3325,False
3326,3327,False
3326,3328,False
3329,3330,False
3329,3331,False
3332,3333,False
3332,3334,False
3335,3336,False
3335,3337,False
3338,3339,False
3338,3340,False
3341,3342,False
3341,3343,False
3344,3345,False
3344,3346,False
3347,3348,False
3347,3349,False
3350,3351,False
3350,3352,False
3353,3354,False
3353,3355,False
3356,3357,False
3356,3358,False
3359,3360,False
3359,3361,False
3362,3363,False
3362,3364,False
3365,3366,False
3365,3367,False
3368,3369,False
3368,3370,False
3371,3372,False
3371,3373,False
3374,3375,False
3374,3376,False
3377,3378,False
3377,3379,False
3380,3381,False
3380,3382,False
3383,3384,False
3383,3385,False
3386,3387,False
3386,3388,False
3389,3390,False
3389,3391,False
3392,3393,False
3392,3394,False
3395,3396,False
3395,3397,False
3398,3399,False
3398,3400,False
3401,3402,False
3401,3403,False
3404,3405,False
3404,3406,False
3407,3408,False
3407,3409,False
3410,3411,False
3410,3412,False
3413,3414,False
3413,3415,False
3416,3417,False
3416,3418,False
3419,3420,False
3419,3421,False
3422,3423,False
3422,3424,False
3425,3426,False
3425,3427,False
3428,3429,False
3428,3430,False
3431,3432,False
3431,3433,False
3434,3435,False
3434,3436,False
3437,3438,False
3437,3439,False
3440,3441,False
3440,3442,False
3443,3444,False
3443,3445,False
3446,3447,False
3446,3448,False
3449,3450,False
3449,3451,False
3452,3453,False
3452,3454,False
3455,3456,False
3455,3457,False
3458,3459,False
3458,3460,False
3461,3462,False
3461,3463,False
3464,3465,False
3464,3466,False
3467,3468,False
3467,3469,False
3470,3471,False
3470,3472,False
3473,3474,False
3473,3475,False
3476,3477,False
3476,3478,False
3479,3480,False
3479,3481,False
3482,3483,False
3482,3484,False
3485,3486,False
3485,3487,False
3488,3489,False
3488,3490,False
3491,3492,False
3491,3493,False
3494,3495,False
3494,3496,False
3497,3498,False
3497,3499,False
3500,3501,False
3500,3502,False
3503,3504,False
3503,3505,False
3506,3507,False
3506,3508,False
3509,3510,False
3509,3511,False
3512,3513,False
3512,3514,False
3515,3516,False
3515,3517,False
3518,3519,False
3518,3520,False
3521,3522,False
3521,3523,False
3524,3525,False
3524,3526,False
3527,3528,False
3527,3529,False
3530,3531,False
3530,3532,False
3533,3534,False
3533,3535,False
3536,3537,False
3536,3538,False
3539,3540,False
3539,3541,False
3542,3543,False
3542,3544,False
3545,3546,False
3545,3547,False
3548,3549,False
3548,3550,False
3551,3552,False
3551,3553,False
3554,3555,False
3554,3556,False
3557,3558,False
3557,3559,False
3560,3561,False
3560,3562,False
3563,3564,False
3563,3565,False
3566,3567,False
3566,3568,False
3569,3570,False
3569,3571,False
3572,3573,False
3572,3574,False
3575,3576,False
3575,3577,False
3578,3579,False
3578,3580,False
3581,3582,False
3581,3583,False
3584,3585,False
3584,3586,False
3587,3588,False
3587,3589,False
3590,3591,False
3590,3592,False
3593,3594,False
3593,3595,False
3596,3597,False
3596,3598,False
3599,3600,False
3599,3601,False
3602,3603,False
3602,3604,False
3605,3606,False
3605,3607,False
3608,3609,False
3608,3610,False
3611,3612,False
3611,3613,False
3614,3615,False
3614,3616,False
3617,3618,False
3617,3619,False
3620,3621,False
3620,3622,False
3623,3624,False
3623,3625,False
3626,3627,False
3626,3628,False
3629,3630,False
3629,3631,False
3632,3633,False
3632,3634,False
3635,3636,False
3635,3637,False
3638,3639,False
3638,3640,False
3641,3642,False
3641,3643,False
3644,3645,False
3644,3646,False
3647,3648,False
3647,3649,False
3650,3651,False
3650,3652,False
3653,3654,False
3653,3655,False
3656,3657,False
3656,3658,False
3659,3660,False
3659,3661,False
3662,3663,False
3662,3664,False
3665,3666,False
3665,3667,False
3668,3669,False
3668,3670,False
3671,3672,False
3671,3673,False
3674,3675,False
3674,3676,False
3677,3678,False
3677,3679,False
3680,3681,False
3680,3682,False
3683,3684,False
3683,3685,False
3686,3687,False
3686,3688,False
3689,3690,False
3689,3691,False
3692,3693,False
3692,3694,False
3695,3696,False
3695,3697,False
3698,3699,False
3698,3700,False
3701,3702,False
3701,3703,False
3704,3705,False
3704,3706,False
3707,3708,False
3707,3709,False
3710,3711,False
3710,3712,False
3713,3714,False
3713,3715,False
3716,3717,False
3716,3718,False
3719,3720,False
3719,3721,False
3722,3723,False
3722,3724,False
3725,3726,False
3725,3727,False
3728,3729,False
3728,3730,False
3731,3732,False
3731,3733,False
3734,3735,False
3734,3736,False
3737,3738,False
3737,3739,False
3740,3741,False
3740,3742,False
3743,3744,False
3743,3745,False
3746,3747,False
3746,3748,False
3749,3750,False
3749,3751,False
3752,3753,False
3752,3754,False
3755,3756,False
3755,3757,False
3758,3759,False
3758,3760,False
3761,3762,False
3761,3763,False
3764,3765,False
3764,3766,False
3767,3768,False
3767,3769,False
3770,3771,False
3770,3772,False
3773,3774,False
3773,3775,False
3776,3777,False
3776,3778,False
3779,3780,False
3779,3781,False
3782,3783,False
3782,3784,False
3785,3786,False
3785,3787,False
3788,3789,False
3788,3790,False
3791,3792,False
3791,3793,False
3794,3795,False
3794,3796,False
3797,3798,False
3797,3799,False
3800,3801,False
3800,3802,False
3803,3804,False
3803,3805,False
3806,3807,False
3806,3808,False
3809,3810,False
3809,3811,False
3812,3813,False
3812,3814,False
3815,3816,False
3815,3817,False
3818,3819,False
3818,3820,False
3821,3822,False
3821,3823,False
3824,3825,False
3824,3826,False
3827,3828,False
3827,3829,False
3830,3831,False
3830,3832,False
3833,3834,False
3833,3835,False
3836,3837,False
3836,3838,False
3839,3840,False
3839,3841,False
3842,3843,False
3842,3844,False
3845,3846,False
3845,3847,False
3848,3849,False
3848,3850,False
3851,3852,False
3851,3853,False
3854,3855,False
3854,3856,False
3857,3858,False
3857,3859,False
3860,3861,False
3860,3862,False
3863,3864,False
3863,3865,False
3866,3867,False
3866,3868,False
3869,3870,False
3869,3871,False
3872,3873,False
3872,3874,False
3875,3876,False
3875,3877,False
3878,3879,False
3878,3880,False
3881,3882,False
3881,3883,False
3884,3885,False
3884,3886,False
3887,3888,False
3887,3889,False
3890,3891,False
3890,3892,False
3893,3894,False
3893,3895,False
3896,3897,False
3896,3898,False
3899,3900,False
3899,3901,False
3902,3903,False
3902,3904,False
3905,3906,False
3905,3907,False
3908,3909,False
3908,3910,False
3911,3912,False
3911,3913,False
3914,3915,False
3914,3916,False
3917,3918,False
3917,3919,False
3920,3921,False
3920,3922,False
3923,3924,False
3923,3925,False
3926,3927,False
3926,3928,False
3929,3930,False
3929,3931,False
3932,3933,False
3932,3934,False
3935,3936,False
3935,3937,False
3938,3939,False
3938,3940,False
3941,3942,False
3941,3943,False
3944,3945,False
3944,3946,False
3947,3948,False
3947,3949,False
3950,3951,False
3950,3952,False
3953,3954,False
3953,3955,False
3956,3957,False
3956,3958,False
3959,3960,False
3959,3961,False
3962,3963,False
3962,3964,False
3965,3966,False
3965,3967,False
3968,3969,False
3968,3970,False
3971,3972,False
3971,3973,False
3974,3975,False
3974,3976,False
3977,3978,False
3977,3979,False
3980,3981,False
3980,3982,False
3983,3984,False
3983,3985,False
3986,3987,False
3986,3988,False
3989,3990,False
3989,3991,False
3992,3993,False
3992,3994,False
3995,3996,False
3995,3997,False
3998,3999,False
3998,4000,False
4001,4002,False
4001,4003,False
4004,4005,False
4004,4006,False
4007,4008,False
4007,4009,False
4010,4011,False
4010,4012,False
4013,4014,False
4013,4015,False
4016,4017,False
4016,4018,False
4019,4020,False
4019,4021,False
4022,4023,False
4022,4024,False
4025,4026,False
4025,4027,False
4028,4029,False
4028,4030,False
4031,4032,False
4031,4033,False
4034,4035,False
4034,4036,False
4037,4038,False
4037,4039,False
4040,4041,False
4040,4042,False
4043,4044,False
4043,4045,False
4046,4047,False
4046,4048,False
4049,4050,False
4049,4051,False
4052,4053,False
4052,4054,False
4055,4056,False
4055,4057,False
4058,4059,False
4058,4060,False
4061,4062,False
4061,4063,False
4064,4065,False
4064,4066,False
4067,4068,False
4067,4069,False
4070,4071,False
4070,4072,False
4073,4074,False
4073,4075,False
4076,4077,False
4076,4078,False
4079,4080,False
4079,4081,False
4082,4083,False
4082,4084,False
4085,4086,False
4085,4087,False
4088,4089,False
4088,4090,False
4091,4092,False
4091,4093,False
4094,4095,False
4094,4096,False
4097,4098,False
4097,4099,False
4100,4101,False
4100,4102,False
4103,4104,False
4103,4105,False
4106,4107,False
4106,4108,False
4109,4110,False
4109,4111,False
4112,4113,False
4112,4114,False
4115,4116,False
4115,4117,False
4118,4119,False
4118,4120,False
4121,4122,False
4121,4123,False
4124,4125,False
4124,4126,False
4127,4128,False
4127,4129,False
4130,4131,False
4130,4132,False
4133,4134,False
4133,4135,False
4136,4137,False
4136,4138,False
4139,4140,False
4139,4141,False
4142,4143,False
4142,4144,False
4145,4146,False
4145,4147,False
4148,4149,False
4148,4150,False
4151,4152,False
4151,4153,False
4154,4155,False
4154,4156,False
4157,4158,False
4157,4159,False
4160,4161,False
4160,4162,False
4163,4164,False
4163,4165,False
4166,4167,False
4166,4168,False
4169,4170,False
4169,4171,False
4172,4173,False
4172,4174,False
4175,4176,False
4175,4177,False
4178,4179,False
4178,4180,False
4181,4182,False
4181,4183,False
4184,4185,False
4184,4186,False
4187,4188,False
4187,4189,False
4190,4191,False
4190,4192,False
4193,4194,False
4193,4195,False
4196,4197,False
4196,4198,False
4199,4200,False
4199,4201,False
4202,4203,False
4202,4204,False
4205,4206,False
4205,4207,False
4208,4209,False
4208,4210,False
4211,4212,False
4211,4213,False
4214,4215,False
4214,4216,False
4217,4218,False
4217,4219,False
4220,4221,False
4220,4222,False
4223,4224,False
4223,4225,False
4226,4227,False
4226,4228,False
4229,4230,False
4229,4231,False
4232,4233,False
4232,4234,False
4235,4236,False
4235,4237,False
4238,4239,False
4238,4240,False
4241,4242,False
4241,4243,False
4244,4245,False
4244,4246,False
4247,4248,False
4247,4249,False
4250,4251,False
4250,4252,False
4253,4254,False
4253,4255,False
4256,4257,False
4256,4258,False
4259,4260,False
4259,4261,False
4262,4263,False
4262,4264,False
4265,4266,False
4265,4267,False
4268,4269,False
4268,4270,False
4271,4272,False
4271,4273,False
4274,4275,False
4274,4276,False
4277,4278,False
4277,4279,False
4280,4281,False
4280,4282,False
4283,4284,False
4283,4285,False
4286,4287,False
4286,4288,False
4289,4290,False
4289,4291,False
4292,4293,False
4292,4294,False
4295,4296,False
4295,4297,False
4298,4299,False
4298,4300,False
4301,4302,False
4301,4303,False
4304,4305,False
4304,4306,False
4307,4308,False
4307,4309,False
4310,4311,False
4310,4312,False
4313,4314,False
4313,4315,False
4316,4317,False
4316,4318,False
4319,4320,False
4319,4321,False
4322,4323,False
4322,4324,False
4325,4326,False
4325,4327,False
4328,4329,False
4328,4330,False
4331,4332,False
4331,4333,False
4334,4335,False
4334,4336,False
4337,4338,False
4337,4339,False
4340,4341,False
4340,4342,False
4343,4344,False
4343,4345,False
4346,4347,False
4346,4348,False
4349,4350,False
4349,4351,False
4352,4353,False
4352,4354,False
4355,4356,False
4355,4357,False
4358,4359,False
4358,4360,False
4361,4362,False
4361,4363,False
4364,4365,False
4364,4366,False
4367,4368,False
4367,4369,False
4370,4371,False
4370,4372,False
4373,4374,False
4373,4375,False
4376,4377,False
4376,4378,False
4379,4380,False
4379,4381,False
4382,4383,False
4382,4384,False
4385,4386,False
4385,4387,False
4388,4389,False
4388,4390,False
4391,4392,False
4391,4393,False
4394,4395,False
4394,4396,False
4397,4398,False
4397,4399,False
4400,4401,False
4400,4402,False
4403,4404,False
4403,4405,False
4406,4407,False
4406,4408,False
4409,4410,False
4409,4411,False
4412,4413,False
4412,4414,False
4415,4416,False
4415,4417,False
4418,4419,False
4418,4420,False
4421,4422,False
4421,4423,False
4424,4425,False
4424,4426,False
4427,4428,False
4427,4429,False
4430,4431,False
4430,4432,False
4433,4434,False
4433,4435,False
4436,4437,False
4436,4438,False
4439,4440,False
4439,4441,False
4442,4443,False
4442,4444,False
4445,4446,False
4445,4447,False
4448,4449,False
4448,4450,False
4451,4452,False
4451,4453,False
4454,4455,False
4454,4456,False
4457,4458,False
4457,4459,False
4460,4461,False
4460,4462,False
4463,4464,False
4463,4465,False
4466,4467,False
4466,4468,False
4469,4470,False
4469,4471,False
4472,4473,False
4472,4474,False
4475,4476,False
4475,4477,False
4478,4479,False
4478,4480,False
4481,4482,False
4481,4483,False
4484,4485,False
4484,4486,False
4487,4488,False
4487,4489,False
4490,4491,False
4490,4492,False
4493,4494,False
4493,4495,False
4496,4497,False
4496,4498,False
4499,4500,False
4499,4501,False
4502,4503,False
4502,4504,False
4505,4506,False
4505,4507,False
4508,4509,False
4508,4510,False
4511,4512,False
4511,4513,False
4514,4515,False
4514,4516,False
4517,4518,False
4517,4519,False
4520,4521,False
4520,4522,False
4523,4524,False
4523,4525,False
4526,4527,False
4526,4528,False
4529,4530,False
4529,4531,False
4532,4533,False
4532,4534,False
4535,4536,False
4535,4537,False
4538,4539,False
4538,4540,False
4541,4542,False
4541,4543,False
4544,4545,False
4544,4546,False
4547,4548,False
4547,4549,False
4550,4551,False
4550,4552,False
4553,4554,False
4553,4555,False
4556,4557,False
4556,4558,False
4559,4560,False
4559,4561,False
4562,4563,False
4562,4564,False
4565,4566,False
4565,4567,False
4568,4569,False
4568,4570,False
4571,4572,False
4571,4573,False
4574,4575,False
4574,4576,False
4577,4578,False
4577,4579,False
4580,4581,False
4580,4582,False
4583,4584,False
4583,4585,False
4586,4587,False
4586,4588,False
4589,4590,False
4589,4591,False
4592,4593,False
4592,4594,False
4595,4596,False
4595,4597,False
4598,4599,False
4598,4600,False
4601,4602,False
4601,4603,False
4604,4605,False
4604,4606,False
4607,4608,False
4607,4609,False
4610,4611,False
4610,4612,False
4613,4614,False
4613,4615,False
4616,4617,False
4616,4618,False
4619,4620,False
4619,4621,False
4622,4623,False
4622,4624,False
4625,4626,False
4625,4627,False
4628,4629,False
4628,4630,False
4631,4632,False
4631,4633,False
4634,4635,False
4634,4636,False
4637,4638,False
4637,4639,False
4640,4641,False
4640,4642,False
4643,4644,False
4643,4645,False
4646,4647,False
4646,4648,False
4649,4650,False
4649,4651,False
4652,4653,False
4652,4654,False
4655,4656,False
4655,4657,False
4658,4659,False
4658,4660,False
4661,4662,False
4661,4663,False
4664,4665,False
4664,4666,False
4667,4668,False
4667,4669,False
4670,4671,False
4670,4672,False
4673,4674,False
4673,4675,False
4676,4677,False
4676,4678,False
4679,4680,False
4679,4681,False
4682,4683,False
4682,4684,False
4685,4686,False
4685,4687,False
4688,4689,False
4688,4690,False
4691,4692,False
4691,4693,False
4694,4695,False
4694,4696,False
4697,4698,False
4697,4699,False
4700,4701,False
4700,4702,False
4703,4704,False
4703,4705,False
4706,4707,False
4706,4708,False
4709,4710,False
4709,4711,False
4712,4713,False
4712,4714,False
4715,4716,False
4715,4717,False
4718,4719,False
4718,4720,False
4721,4722,False
4721,4723,False
4724,4725,False
4724,4726,False
4727,4728,False
4727,4729,False
4730,4731,False
4730,4732,False
4733,4734,False
4733,4735,False
4736,4737,False
4736,4738,False
4739,4740,False
4739,4741,False
4742,4743,False
4742,4744,False
4745,4746,False
4745,4747,False
4748,4749,False
4748,4750,False
4751,4752,False
4751,4753,False
4754,4755,False
4754,4756,False
4757,4758,False
4757,4759,False
4760,4761,False
4760,4762,False
4763,4764,False
4763,4765,False
4766,4767,False
4766,4768,False
4769,4770,False
4769,4771,False
4772,4773,False
4772,4774,False
4775,4776,False
4775,4777,False
4778,4779,False
4778,4780,False
4781,4782,False
4781,4783,False
4784,4785,False
4784,4786,False
4787,4788,False
4787,4789,False
4790,4791,False
4790,4792,False
4793,4794,False
4793,4795,False
4796,4797,False
4796,4798,False
4799,4800,False
4799,4801,False
4802,4803,False
4802,4804,False
4805,4806,False
4805,4807,False
4808,4809,False
4808,4810,False
4811,4812,False
4811,4813,False
4814,4815,False
4814,4816,False
4817,4818,False
4817,4819,False
4820,4821,False
4820,4822,False
4823,4824,False
4823,4825,False
4826,4827,False
4826,4828,False
4829,4830,False
4829,4831,False
4832,4833,False
4832,4834,False
4835,4836,False
4835,4837,False
4838,4839,False
4838,4840,False
4841,4842,False
4841,4843,False
4844,4845,False
4844,4846,False
4847,4848,False
4847,4849,False
4850,4851,False
4850,4852,False
4853,4854,False
4853,4855,False
4856,4857,False
4856,4858,False
4859,4860,False
4859,4861,False
4862,4863,False
4862,4864,False
4865,4866,False
4865,4867,False
4868,4869,False
4868,4870,False
4871,4872,False
4871,4873,False
4874,4875,False
4874,4876,False
4877,4878,False
4877,4879,False
4880,4881,False
4880,4882,False
4883,4884,False
4883,4885,False
4886,4887,False
4886,4888,False
4889,4890,False
4889,4891,False
4892,4893,False
4892,4894,False
4895,4896,False
4895,4897,False
4898,4899,False
4898,4900,False
4901,4902,False
4901,4903,False
4904,4905,False
4904,4906,False
4907,4908,False
4907,4909,False
4910,4911,False
4910,4912,False
4913,4914,False
4913,4915,False
4916,4917,False
4916,4918,False
4919,4920,False
4919,4921,False
4922,4923,False
4922,4924,False
4925,4926,False
4925,4927,False
4928,4929,False
4928,4930,False
4931,4932,False
4931,4933,False
4934,4935,False
4934,4936,False
4937,4938,False
4937,4939,False
4940,4941,False
4940,4942,False
4943,4944,False
4943,4945,False
4946,4947,False
4946,4948,False
4949,4950,False
4949,4951,False
4952,4953,False
4952,4954,False
4955,4956,False
4955,4957,False
4958,4959,False
4958,4960,False
4961,4962,False
4961,4963,False
4964,4965,False
4964,4966,False
4967,4968,False
4967,4969,False
4970,4971,False
4970,4972,False
4973,4974,False
4973,4975,False
4976,4977,False
4976,4978,False
4979,4980,False
4979,4981,False
4982,4983,False
4982,4984,False
4985,4986,False
4985,4987,False
4988,4989,False
4988,4990,False
4991,4992,False
4991,4993,False
4994,4995,False
4994,4996,False
4997,4998,False
4997,4999,False
5000,5001,False
5000,5002,False
5003,5004,False
5003,5005,False
5006,5007,False
5006,5008,False
5009,5010,False
5009,5011,False
5012,5013,False
5012,5014,False
5015,5016,False
5015,5017,False
5018,5019,False
5018,5020,False
5021,5022,False
5021,5023,False
5024,5025,False
5024,5026,False
5027,5028,False
5027,5029,False
5030,5031,False
5030,5032,False
5033,5034,False
5033,5035,False
5036,5037,False
5036,5038,False
5039,5040,False
5039,5041,False
5042,5043,False
5042,5044,False
5045,5046,False
5045,5047,False
5048,5049,False
5048,5050,False
5051,5052,False
5051,5053,False
5054,5055,False
5054,5056,False
5057,5058,False
5057,5059,False
5060,5061,False
5060,5062,False
5063,5064,False
5063,5065,False
5066,5067,False
5066,5068,False
5069,5070,False
5069,5071,False
5072,5073,False
5072,5074,False
5075,5076,False
5075,5077,False
5078,5079,False
5078,5080,False
5081,5082,False
5081,5083,False
5084,5085,False
5084,5086,False
5087,5088,False
5087,5089,False
5090,5091,False
5090,5092,False
5093,5094,False
5093,5095,False
5096,5097,False
5096,5098,False
5099,5100,False
5099,5101,False
5102,5103,False
5102,5104,False
5105,5106,False
5105,5107,False
5108,5109,False
5108,5110,False
5111,5112,False
5111,5113,False
5114,5115,False
5114,5116,False
5117,5118,False
5117,5119,False
5120,5121,False
5120,5122,False
5123,5124,False
5123,5125,False
5126,5127,False
5126,5128,False
5129,5130,False
5129,5131,False
5132,5133,False
5132,5134,False
5135,5136,False
5135,5137,False
5138,5139,False
5138,5140,False
5141,5142,False
5141,5143,False
5144,5145,False
5144,5146,False
5147,5148,False
5147,5149,False
5150,5151,False
5150,5152,False
5153,5154,False
5153,5155,False
5156,5157,False
5156,5158,False
5159,5160,False
5159,5161,False
5162,5163,False
5162,5164,False
5165,5166,False
5165,5167,False
5168,5169,False
5168,5170,False
5171,5172,False
5171,5173,False
5174,5175,False
5174,5176,False
5177,5178,False
5177,5179,False
5180,5181,False
5180,5182,False
5183,5184,False
5183,5185,False
5186,5187,False
5186,5188,False
5189,5190,False
5189,5191,False
5192,5193,False
5192,5194,False
5195,5196,False
5195,5197,False
5198,5199,False
5198,5200,False
5201,5202,False
5201,5203,False
5204,5205,False
5204,5206,False
5207,5208,False
5207,5209,False
5210,5211,False
5210,5212,False
5213,5214,False
5213,5215,False
5216,5217,False
5216,5218,False
5219,5220,False
5219,5221,False
5222,5223,False
5222,5224,False
5225,5226,False
5225,5227,False
5228,5229,False
5228,5230,False
5231,5232,False
5231,5233,False
5234,5235,False
5234,5236,False
5237,5238,False
5237,5239,False
5240,5241,False
5240,5242,False
5243,5244,False
5243,5245,False
5246,5247,False
5246,5248,False
5249,5250,False
5249,5251,False
5252,5253,False
5252,5254,False
5255,5256,False
5255,5257,False
5258,5259,False
5258,5260,False
5261,5262,False
5261,5263,False
5264,5265,False
5264,5266,False
5267,5268,False
5267,5269,False
5270,5271,False
5270,5272,False
5273,5274,False
5273,5275,False
5276,5277,False
5276,5278,False
5279,5280,False
5279,5281,False
5282,5283,False
5282,5284,False
5285,5286,False
5285,5287,False
5288,5289,False
5288,5290,False
5291,5292,False
5291,5293,False
5294,5295,False
5294,5296,False
5297,5298,False
5297,5299,False
5300,5301,False
5300,5302,False
5303,5304,False
5303,5305,False
5306,5307,False
5306,5308,False
5309,5310,False
5309,5311,False
5312,5313,False
5312,5314,False
5315,5316,False
5315,5317,False
5318,5319,False
5318,5320,False
5321,5322,False
5321,5323,False
5324,5325,False
5324,5326,False
5327,5328,False
5327,5329,False
5330,5331,False
5330,5332,False
5333,5334,False
5333,5335,False
5336,5337,False
5336,5338,False
5339,5340,False
5339,5341,False
5342,5343,False
5342,5344,False
5345,5346,False
5345,5347,False
5348,5349,False
5348,5350,False
5351,5352,False
5351,5353,False
5354,5355,False
5354,5356,False
5357,5358,False
5357,5359,False
5360,5361,False
5360,5362,False
5363,5364,False
5363,5365,False
5366,5367,False
5366,5368,False
5369,5370,False
5369,5371,False
5372,5373,False
5372,5374,False
5375,5376,False
5375,5377,False
5378,5379,False
5378,5380,False
5381,5382,False
5381,5383,False
5384,5385,False
5384,5386,False
5387,5388,False
5387,5389,False
5390,5391,False
5390,5392,False
5393,5394,False
5393,5395,False
5396,5397,False
5396,5398,False
5399,5400,False
5399,5401,False
5402,5403,False
5402,5404,False
5405,5406,False
5405,5407,False
5408,5409,False
5408,5410,False
5411,5412,False
5411,5413,False
5414,5415,False
5414,5416,False
5417,5418,False
5417,5419,False
5420,5421,False
5420,5422,False
5423,5424,False
5423,5425,False
5426,5427,False
5426,5428,False
5429,5430,False
5429,5431,False
5432,5433,False
5432,5434,False
5435,5436,False
5435,5437,False
5438,5439,False
5438,5440,False
5441,5442,False
5441,5443,False
5444,5445,False
5444,5446,False
5447,5448,False
5447,5449,False
5450,5451,False
5450,5452,False
5453,5454,False
5453,5455,False
5456,5457,False
5456,5458,False
5459,5460,False
5459,5461,False
5462,5463,False
5462,5464,False
5465,5466,False
5465,5467,False
5468,5469,False
5468,5470,False
5471,5472,False
5471,5473,False
5474,5475,False
5474,5476,False
5477,5478,False
5477,5479,False
5480,5481,False
5480,5482,False
5483,5484,False
5483,5485,False
5486,5487,False
5486,5488,False
5489,5490,False
5489,5491,False
5492,5493,False
5492,5494,False
5495,5496,False
5495,5497,False
5498,5499,False
5498,5500,False
5501,5502,False
5501,5503,False
5504,5505,False
5504,5506,False
5507,5508,False
5507,5509,False
5510,5511,False
5510,5512,False
5513,5514,False
5513,5515,False
5516,5517,False
5516,5518,False
5519,5520,False
5519,5521,False
5522,5523,False
5522,5524,False
5525,5526,False
5525,5527,False
5528,5529,False
5528,5530,False
5531,5532,False
5531,5533,False
5534,5535,False
5534,5536,False
5537,5538,False
5537,5539,False
5540,5541,False
5540,5542,False
5543,5544,False
5543,5545,False
5546,5547,False
5546,5548,False
5549,5550,False
5549,5551,False
5552,5553,False
5552,5554,False
5555,5556,False
5555,5557,False
5558,5559,False
5558,5560,False
5561,5562,False
5561,5563,False
5564,5565,False
5564,5566,False
5567,5568,False
5567,5569,False
5570,5571,False
5570,5572,False
5573,5574,False
5573,5575,False
5576,5577,False
5576,5578,False
5579,5580,False
5579,5581,False
5582,5583,False
5582,5584,False
5585,5586,False
5585,5587,False
5588,5589,False
5588,5590,False
5591,5592,False
5591,5593,False
5594,5595,False
5594,5596,False
5597,5598,False
5597,5599,False
5600,5601,False
5600,5602,False
5603,5604,False
5603,5605,False
5606,5607,False
5606,5608,False
5609,5610,False
5609,5611,False
5612,5613,False
5612,5614,False
5615,5616,False
5615,5617,False
5618,5619,False
5618,5620,False
5621,5622,False
5621,5623,False
5624,5625,False
5624,5626,False
5627,5628,False
5627,5629,False
5630,5631,False
5630,5632,False
5633,5634,False
5633,5635,False
5636,5637,False
5636,5638,False
5639,5640,False
5639,5641,False
5642,5643,False
5642,5644,False
5645,5646,False
5645,5647,False
5648,5649,False
5648,5650,False
5651,5652,False
5651,5653,False
5654,5655,False
5654,5656,False
5657,5658,False
5657,5659,False
5660,5661,False
5660,5662,False
5663,5664,False
5663,5665,False
5666,5667,False
5666,5668,False
5669,5670,False
5669,5671,False
5672,5673,False
5672,5674,False
5675,5676,False
5675,5677,False
5678,5679,False
5678,5680,False
5681,5682,False
5681,5683,False
5684,5685,False
5684,5686,False
5687,5688,False
5687,5689,False
5690,5691,False
5690,5692,False
5693,5694,False
5693,5695,False
5696,5697,False
5696,5698,False
5699,5700,False
5699,5701,False
5702,5703,False
5702,5704,False
5705,5706,False
5705,5707,False
5708,5709,False
5708,5710,False
5711,5712,False
5711,5713,False
5714,5715,False
5714,5716,False
5717,5718,False
5717,5719,False
5720,5721,False
5720,5722,False
5723,5724,False
5723,5725,False
5726,5727,False
5726,5728,False
5729,5730,False
5729,5731,False
5732,5733,False
5732,5734,False
5735,5736,False
5735,5737,False
5738,5739,False
5738,5740,False
5741,5742,False
5741,5743,False
5744,5745,False
5744,5746,False
5747,5748,False
5747,5749,False
5750,5751,False
5750,5752,False
5753,5754,False
5753,5755,False
5756,5757,False
5756,5758,False
5759,5760,False
5759,5761,False
5762,5763,False
5762,5764,False
5765,5766,False
5765,5767,False
5768,5769,False
5768,5770,False
5771,5772,False
5771,5773,False
5774,5775,False
5774,5776,False
5777,5778,False
5777,5779,False
5780,5781,False
5780,5782,False
5783,5784,False
5783,5785,False
5786,5787,False
5786,5788,False
5789,5790,False
5789,5791,False
5792,5793,False
5792,5794,False
5795,5796,False
5795,5797,False
5798,5799,False
5798,5800,False
5801,5802,False
5801,5803,False
5804,5805,False
5804,5806,False
5807,5808,False
5807,5809,False
5810,5811,False
5810,5812,False
5813,5814,False
5813,5815,False
5816,5817,False
5816,5818,False
5819,5820,False
5819,5821,False
5822,5823,False
5822,5824,False
5825,5826,False
5825,5827,False
5828,5829,False
5828,5830,False
5831,5832,False
5831,5833,False
5834,5835,False
5834,5836,False
5837,5838,False
5837,5839,False
5840,5841,False
5840,5842,False
5843,5844,False
5843,5845,False
5846,5847,False
5846,5848,False
5849,5850,False
5849,5851,False
5852,5853,False
5852,5854,False
5855,5856,False
5855,5857,False
5858,5859,False
5858,5860,False
5861,5862,False
5861,5863,False
5864,5865,False
5864,5866,False
5867,5868,False
5867,5869,False
5870,5871,False
5870,5872,False
5873,5874,False
5873,5875,False
5876,5877,False
5876,5878,False
5879,5880,False
5879,5881,False
5882,5883,False
5882,5884,False
5885,5886,False
5885,5887,False
5888,5889,False
5888,5890,False
5891,5892,False
5891,5893,False
5894,5895,False
5894,5896,False
5897,5898,False
5897,5899,False
5900,5901,False
5900,5902,False
5903,5904,False
5903,5905,False
5906,5907,False
5906,5908,False
5909,5910,False
5909,5911,False
5912,5913,False
5912,5914,False
5915,5916,False
5915,5917,False
5918,5919,False
5918,5920,False
5921,5922,False
5921,5923,False
5924,5925,False
5924,5926,False
5927,5928,False
5927,5929,False
5930,5931,False
5930,5932,False
5933,5934,False
5933,5935,False
5936,5937,False
5936,5938,False
5939,5940,False
5939,5941,False
5942,5943,False
5942,5944,False
5945,5946,False
5945,5947,False
5948,5949,False
5948,5950,False
5951,5952,False
5951,5953,False
5954,5955,False
5954,5956,False
5957,5958,False
5957,5959,False
5960,5961,False
5960,5962,False
5963,5964,False
5963,5965,False
5966,5967,False
5966,5968,False
5969,5970,False
5969,5971,False
5972,5973,False
5972,5974,False
5975,5976,False
5975,5977,False
5978,5979,False
5978,5980,False
5981,5982,False
5981,5983,False
5984,5985,False
5984,5986,False
5987,5988,False
5987,5989,False
5990,5991,False
5990,5992,False
5993,5994,False
5993,5995,False
5996,5997,False
5996,5998,False
5999,6000,False
5999,6001,False
6002,6003,False
6002,6004,False
6005,6006,False
6005,6007,False
6008,6009,False
6008,6010,False
6011,6012,False
6011,6013,False
6014,6015,False
6014,6016,False
6017,6018,False
6017,6019,False
6020,6021,False
6020,6022,False
6023,6024,False
6023,6025,False
6026,6027,False
6026,6028,False
6029,6030,False
6029,6031,False
6032,6033,False
6032,6034,False
6035,6036,False
6035,6037,False
6038,6039,False
6038,6040,False
6041,6042,False
6041,6043,False
6044,6045,False
6044,6046,False
6047,6048,False
6047,6049,False
6050,6051,False
6050,6052,False
6053,6054,False
6053,6055,False
6056,6057,False
6056,6058,False
6059,6060,False
6059,6061,False
6062,6063,False
6062,6064,False
6065,6066,False
6065,6067,False
6068,6069,False
6068,6070,False
6071,6072,False
6071,6073,False
6074,6075,False
6074,6076,False
6077,6078,False
6077,6079,False
6080,6081,False
6080,6082,False
6083,6084,False
6083,6085,False
6086,6087,False
6086,6088,False
6089,6090,False
6089,6091,False
6092,6093,False
6092,6094,False
6095,6096,False
6095,6097,False
6098,6099,False
6098,6100,False
6101,6102,False
6101,6103,False
6104,6105,False
6104,6106,False
6107,6108,False
6107,6109,False
6110,6111,False
6110,6112,False
6113,6114,False
6113,6115,False
6116,6117,False
6116,6118,False
6119,6120,False
6119,6121,False
6122,6123,False
6122,6124,False
6125,6126,False
6125,6127,False
6128,6129,False
6128,6130,False
6131,6132,False
6131,6133,False
6134,6135,False
6134,6136,False
6137,6138,False
6137,6139,False
6140,6141,False
6140,6142,False
6143,6144,False
6143,6145,False
6146,6147,False
6146,6148,False
6149,6150,False
6149,6151,False
6152,6153,False
6152,6154,False
6155,6156,False
6155,6157,False
6158,6159,False
6158,6160,False
6161,6162,False
6161,6163,False
6164,6165,False
6164,6166,False
6167,6168,False
6167,6169,False
6170,6171,False
6170,6172,False
6173,6174,False
6173,6175,False
6176,6177,False
6176,6178,False
6179,6180,False
6179,6181,False
6182,6183,False
6182,6184,False
6185,6186,False
6185,6187,False
6188,6189,False
6188,6190,False
6191,6192,False
6191,6193,False
6194,6195,False
6194,6196,False
6197,6198,False
6197,6199,False
6200,6201,False
6200,6202,False
6203,6204,False
6203,6205,False
6206,6207,False
6206,6208,False
6209,6210,False
6209,6211,False
6212,6213,False
6212,6214,False
6215,6216,False
6215,6217,False
6218,6219,False
6218,6220,False
6221,6222,False
6221,6223,False
6224,6225,False
6224,6226,False
6227,6228,False
6227,6229,False
6230,6231,False
6230,6232,False
6233,6234,False
6233,6235,False
6236,6237,False
6236,6238,False
6239,6240,False
6239,6241,False
6242,6243,False
6242,6244,False
6245,6246,False
6245,6247,False
6248,6249,False
6248,6250,False
6251,6252,False
6251,6253,False
6254,6255,False
6254,6256,False
6257,6258,False
6257,6259,False
6260,6261,False
6260,6262,False
6263,6264,False
6263,6265,False
6266,6267,False
6266,6268,False
6269,6270,False
6269,6271,False
6272,6273,False
6272,6274,False
6275,6276,False
6275,6277,False
6278,6279,False
6278,6280,False
6281,6282,False
6281,6283,False
6284,6285,False
6284,6286,False
6287,6288,False
6287,6289,False
6290,6291,False
6290,6292,False
6293,6294,False
6293,6295,False
6296,6297,False
6296,6298,False
6299,6300,False
6299,6301,False
6302,6303,False
6302,6304,False
6305,6306,False
6305,6307,False
6308,6309,False
6308,6310,False
6311,6312,False
6311,6313,False
6314,6315,False
6314,6316,False
6317,6318,False
6317,6319,False
6320,6321,False
6320,6322,False
6323,6324,False
6323,6325,False
6326,6327,False
6326,6328,False
6329,6330,False
6329,6331,False
6332,6333,False
6332,6334,False
6335,6336,False
6335,6337,False
6338,6339,False
6338,6340,False
6341,6342,False
6341,6343,False
6344,6345,False
6344,6346,False
6347,6348,False
6347,6349,False
6350,6351,False
6350,6352,False
6353,6354,False
6353,6355,False
6356,6357,False
6356,6358,False
6359,6360,False
6359,6361,False
6362,6363,False
6362,6364,False
6365,6366,False
6365,6367,False
6368,6369,False
6368,6370,False
6371,6372,False
6371,6373,False
6374,6375,False
6374,6376,False
6377,6378,False
6377,6379,False
6380,6381,False
6380,6382,False
6383,6384,False
6383,6385,False
6386,6387,False
6386,6388,False
6389,6390,False
6389,6391,False
6392,6393,False
6392,6394,False
6395,6396,False
6395,6397,False
6398,6399,False
6398,6400,False
6401,6402,False
6401,6403,False
6404,6405,False
6404,6406,False
6407,6408,False
6407,6409,False
6410,6411,False
6410,6412,False
6413,6414,False
6413,6415,False
6416,6417,False
6416,6418,False
6419,6420,False
6419,6421,False
6422,6423,False
6422,6424,False
6425,6426,False
6425,6427,False
6428,6429,False
6428,6430,False
6431,6432,False
6431,6433,False
6434,6435,False
6434,6436,False
6437,6438,False
6437,6439,False
6440,6441,False
6440,6442,False
6443,6444,False
6443,6445,False
6446,6447,False
6446,6448,False
6449,6450,False
6449,6451,False
6452,6453,False
6452,6454,False
6455,6456,False
6455,6457,False
6458,6459,False
6458,6460,False
6461,6462,False
6461,6463,False
6464,6465,False
6464,6466,False
6467,6468,False
6467,6469,False
6470,6471,False
6470,6472,False
6473,6474,False
6473,6475,False
6476,6477,False
6476,6478,False
6479,6480,False
6479,6481,False
6482,6483,False
6482,6484,False
6485,6486,False
6485,6487,False
6488,6489,False
6488,6490,False
6491,6492,False
6491,6493,False
6494,6495,False
6494,6496,False
6497,6498,False
6497,6499,False
6500,6501,False
6500,6502,False
6503,6504,False
6503,6505,False
6506,6507,False
6506,6508,False
6509,6510,False
6509,6511,False
6512,6513,False
6512,6514,False
6515,6516,False
6515,6517,False
6518,6519,False
6518,6520,False
6521,6522,False
6521,6523,False
6524,6525,False
6524,6526,False
6527,6528,False
6527,6529,False
6530,6531,False
6530,6532,False
6533,6534,False
6533,6535,False
6536,6537,False
6536,6538,False
6539,6540,False
6539,6541,False
6542,6543,False
6542,6544,False
6545,6546,False
6545,6547,False
6548,6549,False
6548,6550,False
6551,6552,False
6551,6553,False
6554,6555,False
6554,6556,False
6557,6558,False
6557,6559,False
6560,6561,False
6560,6562,False
6563,6564,False
6563,6565,False
6566,6567,False
6566,6568,False
6569,6570,False
6569,6571,False
6572,6573,False
6572,6574,False
6575,6576,False
6575,6577,False
6578,6579,False
6578,6580,False
6581,6582,False
6581,6583,False
6584,6585,False
6584,6586,False
6587,6588,False
6587,6589,False
6590,6591,False
6590,6592,False
6593,6594,False
6593,6595,False
6596,6597,False
6596,6598,False
6599,6600,False
6599,6601,False
6602,6603,False
6602,6604,False
6605,6606,False
6605,6607,False
6608,6609,False
6608,6610,False
6611,6612,False
6611,6613,False
6614,6615,False
6614,6616,False
6617,6618,False
6617,6619,False
6620,6621,False
6620,6622,False
6623,6624,False
6623,6625,False
6626,6627,False
6626,6628,False
6629,6630,False
6629,6631,False
6632,6633,False
6632,6634,False
6635,6636,False
6635,6637,False
6638,6639,False
6638,6640,False
6641,6642,False
6641,6643,False
6644,6645,False
6644,6646,False
6647,6648,False
6647,6649,False
6650,6651,False
6650,6652,False
6653,6654,False
6653,6655,False
6656,6657,False
6656,6658,False
6659,6660,False
6659,6661,False
6662,6663,False
6662,6664,False
6665,6666,False
6665,6667,False
6668,6669,False
6668,6670,False
6671,6672,False
6671,6673,False
6674,6675,False
6674,6676,False
6677,6678,False
6677,6679,False
6680,6681,False
6680,6682,False
6683,6684,False
6683,6685,False
6686,6687,False
6686,6688,False
6689,6690,False
6689,6691,False
6692,6693,False
6692,6694,False
6695,6696,False
6695,6697,False
6698,6699,False
6698,6700,False
6701,6702,False
6701,6703,False
6704,6705,False
6704,6706,False
6707,6708,False
6707,6709,False
6710,6711,False
6710,6712,False
6713,6714,False
6713,6715,False
6716,6717,False
6716,6718,False
6719,6720,False
6719,6721,False
6722,6723,False
6722,6724,False
6725,6726,False
6725,6727,False
6728,6729,False
6728,6730,False
6731,6732,False
6731,6733,False
6734,6735,False
6734,6736,False
6737,6738,False
6737,6739,False
6740,6741,False
6740,6742,False
6743,6744,False
6743,6745,False
6746,6747,False
6746,6748,False
6749,6750,False
6749,6751,False
6752,6753,False
6752,6754,False
6755,6756,False
6755,6757,False
6758,6759,False
6758,6760,False
6761,6762,False
6761,6763,False
6764,6765,False
6764,6766,False
6767,6768,False
6767,6769,False
6770,6771,False
6770,6772,False
6773,6774,False
6773,6775,False
6776,6777,False
6776,6778,False
6779,6780,False
6779,6781,False
6782,6783,False
6782,6784,False
6785,6786,False
6785,6787,False
6788,6789,False
6788,6790,False
6791,6792,False
6791,6793,False
6794,6795,False
6794,6796,False
6797,6798,False
6797,6799,False
6800,6801,False
6800,6802,False
6803,6804,False
6803,6805,False
6806,6807,False
6806,6808,False
6809,6810,False
6809,6811,False
6812,6813,False
6812,6814,False
6815,6816,False
6815,6817,False
6818,6819,False
6818,6820,False
6821,6822,False
6821,6823,False
6824,6825,False
6824,6826,False
6827,6828,False
6827,6829,False
6830,6831,False
6830,6832,False
6833,6834,False
6833,6835,False
6836,6837,False
6836,6838,False
6839,6840,False
6839,6841,False
6842,6843,False
6842,6844,False
6845,6846,False
6845,6847,False
6848,6849,False
6848,6850,False
6851,6852,False
6851,6853,False
6854,6855,False
6854,6856,False
6857,6858,False
6857,6859,False
6860,6861,False
6860,6862,False
6863,6864,False
6863,6865,False
6866,6867,False
6866,6868,False
6869,6870,False
6869,6871,False
6872,6873,False
6872,6874,False
6875,6876,False
6875,6877,False
6878,6879,False
6878,6880,False
6881,6882,False
6881,6883,False
6884,6885,False
6884,6886,False
6887,6888,False
6887,6889,False
6890,6891,False
6890,6892,False
6893,6894,False
6893,6895,False
6896,6897,False
6896,6898,False
6899,6900,False
6899,6901,False
6902,6903,False
6902,6904,False
6905,6906,False
6905,6907,False
6908,6909,False
6908,6910,False
6911,6912,False
6911,6913,False
6914,6915,False
6914,6916,False
6917,6918,False
6917,6919,False
6920,6921,False
6920,6922,False
6923,6924,False
6923,6925,False
6926,6927,False
6926,6928,False
6929,6930,False
6929,6931,False
6932,6933,False
6932,6934,False
6935,6936,False
6935,6937,False
6938,6939,False
6938,6940,False
6941,6942,False
6941,6943,False
6944,6945,False
6944,6946,False
6947,6948,False
6947,6949,False
6950,6951,False
6950,6952,False
6953,6954,False
6953,6955,False
6956,6957,False
6956,6958,False
6959,6960,False
6959,6961,False
6962,6963,False
6962,6964,False
6965,6966,False
6965,6967,False
6968,6969,False
6968,6970,False
6971,6972,False
6971,6973,False
6974,6975,False
6974,6976,False
6977,6978,False
6977,6979,False
6980,6981,False
6980,6982,False
6983,6984,False
6983,6985,False
6986,6987,False
6986,6988,False
6989,6990,False
6989,6991,False
6992,6993,False
6992,6994,False
6995,6996,False
6995,6997,False
6998,6999,False
6998,7000,False
7001,7002,False
7001,7003,False
7004,7005,False
7004,7006,False
7007,7008,False
7007,7009,False
7010,7011,False
7010,7012,False
7013,7014,False
7013,7015,False
7016,7017,False
7016,7018,False
7019,7020,False
7019,7021,False
7022,7023,False
7022,7024,False
7025,7026,False
7025,7027,False
7028,7029,False
7028,7030,False
7031,7032,False
7031,7033,False
7034,7035,False
7034,7036,False
7037,7038,False
7037,7039,False
7040,7041,False
7040,7042,False
7043,7044,False
7043,7045,False
7046,7047,False
7046,7048,False
7049,7050,False
7049,7051,False
7052,7053,False
7052,7054,False
7055,7056,False
7055,7057,False
7058,7059,False
7058,7060,False
7061,7062,False
7061,7063,False
7064,7065,False
7064,7066,False
7067,7068,False
7067,7069,False
7070,7071,False
7070,7072,False
7073,7074,False
7073,7075,False
7076,7077,False
7076,7078,False
7079,7080,False
7079,7081,False
7082,7083,False
7082,7084,False
7085,7086,False
7085,7087,False
7088,7089,False
7088,7090,False
7091,7092,False
7091,7093,False
7094,7095,False
7094,7096,False
7097,7098,False
7097,7099,False
7100,7101,False
7100,7102,False
7103,7104,False
7103,7105,False
7106,7107,False
7106,7108,False
7109,7110,False
7109,7111,False
7112,7113,False
7112,7114,False
7115,7116,False
7115,7117,False
7118,7119,False
7118,7120,False
7121,7122,False
7121,7123,False
7124,7125,False
7124,7126,False
7127,7128,False
7127,7129,False
7130,7131,False
7130,7132,False
7133,7134,False
7133,7135,False
7136,7137,False
7136,7138,False
7139,7140,False
7139,7141,False
7142,7143,False
7142,7144,False
7145,7146,False
7145,7147,False
7148,7149,False
7148,7150,False
7151,7152,False
7151,7153,False
7154,7155,False
7154,7156,False
7157,7158,False
7157,7159,False
7160,7161,False
7160,7162,False
7163,7164,False
7163,7165,False
7166,7167,False
7166,7168,False
7169,7170,False
7169,7171,False
7172,7173,False
7172,7174,False
7175,7176,False
7175,7177,False
7178,7179,False
7178,7180,False
7181,7182,False
7181,7183,False
7184,7185,False
7184,7186,False
7187,7188,False
7187,7189,False
7190,7191,False
7190,7192,False
7193,7194,False
7193,7195,False
7196,7197,False
7196,7198,False
7199,7200,False
7199,7201,False
7202,7203,False
7202,7204,False
7205,7206,False
7205,7207,False
7208,7209,False
7208,7210,False
7211,7212,False
7211,7213,False
7214,7215,False
7214,7216,False
7217,7218,False
7217,7219,False
7220,7221,False
7220,7222,False
7223,7224,False
7223,7225,False
7226,7227,False
7226,7228,False
7229,7230,False
7229,7231,False
7232,7233,False
7232,7234,False
7235,7236,False
7235,7237,False
7238,7239,False
7238,7240,False
7241,7242,False
7241,7243,False
7244,7245,False
7244,7246,False
7247,7248,False
7247,7249,False
7250,7251,False
7250,7252,False
7253,7254,False
7253,7255,False
7256,7257,False
7256,7258,False
7259,7260,False
7259,7261,False
7262,7263,False
7262,7264,False
7265,7266,False
7265,7267,False
7268,7269,False
7268,7270,False
7271,7272,False
7271,7273,False
7274,7275,False
7274,7276,False
7277,7278,False
7277,7279,False
7280,7281,False
7280,7282,False
7283,7284,False
7283,7285,False
7286,7287,False
7286,7288,False
7289,7290,False
7289,7291,False
7292,7293,False
7292,7294,False
7295,7296,False
7295,7297,False
7298,7299,False
7298,7300,False
7301,7302,False
7301,7303,False
7304,7305,False
7304,7306,False
7307,7308,False
7307,7309,False
7310,7311,False
7310,7312,False
7313,7314,False
7313,7315,False
7316,7317,False
7316,7318,False
7319,7320,False
7319,7321,False
7322,7323,False
7322,7324,False
7325,7326,False
7325,7327,False
7328,7329,False
7328,7330,False
7331,7332,False
7331,7333,False
7334,7335,False
7334,7336,False
7337,7338,False
7337,7339,False
7340,7341,False
7340,7342,False
7343,7344,False
7343,7345,False
7346,7347,False
7346,7348,False
7349,7350,False
7349,7351,False
7352,7353,False
7352,7354,False
7355,7356,False
7355,7357,False
7358,7359,False
7358,7360,False
7361,7362,False
7361,7363,False
7364,7365,False
7364,7366,False
7367,7368,False
7367,7369,False
7370,7371,False
7370,7372,False
7373,7374,False
7373,7375,False
7376,7377,False
7376,7378,False
7379,7380,False
7379,7381,False
7382,7383,False
7382,7384,False
7385,7386,False
7385,7387,False
7388,7389,False
7388,7390,False
7391,7392,False
7391,7393,False
7394,7395,False
7394,7396,False
7397,7398,False
7397,7399,False
7400,7401,False
7400,7402,False
7403,7404,False
7403,7405,False
7406,7407,False
7406,7408,False
7409,7410,False
7409,7411,False
7412,7413,False
7412,7414,False
7415,7416,False
7415,7417,False
7418,7419,False
7418,7420,False
7421,7422,False
7421,7423,False
7424,7425,False
7424,7426,False
7427,7428,False
7427,7429,False
7430,7431,False
7430,7432,False
7433,7434,False
7433,7435,False
7436,7437,False
7436,7438,False
7439,7440,False
7439,7441,False
7442,7443,False
7442,7444,False
7445,7446,False
7445,7447,False
7448,7449,False
7448,7450,False
7451,7452,False
7451,7453,False
7454,7455,False
7454,7456,False
7457,7458,False
7457,7459,False
7460,7461,False
7460,7462,False
7463,7464,False
7463,7465,False
7466,7467,False
7466,7468,False
7469,7470,False
7469,7471,False
7472,7473,False
7472,7474,False
7475,7476,False
7475,7477,False
7478,7479,False
7478,7480,False
7481,7482,False
7481,7483,False
7484,7485,False
7484,7486,False
7487,7488,False
7487,7489,False
7490,7491,False
7490,7492,False
7493,7494,False
7493,7495,False
7496,7497,False
7496,7498,False
7499,7500,False
7499,7501,False
7502,7503,False
7502,7504,False
7505,7506,False
7505,7507,False
7508,7509,False
7508,7510,False
7511,7512,False
7511,7513,False
7514,7515,False
7514,7516,False
7517,7518,False
7517,7519,False
7520,7521,False
7520,7522,False
7523,7524,False
7523,7525,False
7526,7527,False
7526,7528,False
7529,7530,False
7529,7531,False
7532,7533,False
7532,7534,False
7535,7536,False
7535,7537,False
7538,7539,False
7538,7540,False
7541,7542,False
7541,7543,False
7544,7545,False
7544,7546,False
7547,7548,False
7547,7549,False
7550,7551,False
7550,7552,False
7553,7554,False
7553,7555,False
7556,7557,False
7556,7558,False
7559,7560,False
7559,7561,False
7562,7563,False
7562,7564,False
7565,7566,False
7565,7567,False
7568,7569,False
7568,7570,False
7571,7572,False
7571,7573,False
7574,7575,False
7574,7576,False
7577,7578,False
7577,7579,False
7580,7581,False
7580,7582,False
7583,7584,False
7583,7585,False
7586,7587,False
7586,7588,False
7589,7590,False
7589,7591,False
7592,7593,False
7592,7594,False
7595,7596,False
7595,7597,False
7598,7599,False
7598,7600,False
7601,7602,False
7601,7603,False
7604,7605,False
7604,7606,False
7607,7608,False
7607,7609,False
7610,7611,False
7610,7612,False
7613,7614,False
7613,7615,False
7616,7617,False
7616,7618,False
7619,7620,False
7619,7621,False
7622,7623,False
7622,7624,False
7625,7626,False
7625,7627,False
7628,7629,False
7628,7630,False
7631,7632,False
7631,7633,False
7634,7635,False
7634,7636,False
7637,7638,False
7637,7639,False
7640,7641,False
7640,7642,False
7643,7644,False
7643,7645,False
7646,7647,False
7646,7648,False
7649,7650,False
7649,7651,False
7652,7653,False
7652,7654,False
7655,7656,False
7655,7657,False
7658,7659,False
7658,7660,False
7661,7662,False
7661,7663,False
7664,7665,False
7664,7666,False
7667,7668,False
7667,7669,False
7670,7671,False
7670,7672,False
7673,7674,False
7673,7675,False
7676,7677,False
7676,7678,False
7679,7680,False
7679,7681,False
7682,7683,False
7682,7684,False
7685,7686,False
7685,7687,False
7688,7689,False
7688,7690,False
7691,7692,False
7691,7693,False
7694,7695,False
7694,7696,False
7697,7698,False
7697,7699,False
7700,7701,False
7700,7702,False
7703,7704,False
7703,7705,False
7706,7707,False
7706,7708,False
7709,7710,False
7709,7711,False
7712,7713,False
7712,7714,False
7715,7716,False
7715,7717,False
7718,7719,False
7718,7720,False
7721,7722,False
7721,7723,False
7724,7725,False
7724,7726,False
7727,7728,False
7727,7729,False
7730,7731,False
7730,7732,False
7733,7734,False
7733,7735,False
7736,7737,False
7736,7738,False
7739,7740,False
7739,7741,False
7742,7743,False
7742,7744,False
7745,7746,False
7745,7747,False
7748,7749,False
7748,7750,False
7751,7752,False
7751,7753,False
7754,7755,False
7754,7756,False
7757,7758,False
7757,7759,False
7760,7761,False
7760,7762,False
7763,7764,False
7763,7765,False
7766,7767,False
7766,7768,False
7769,7770,False
7769,7771,False
7772,7773,False
7772,7774,False
7775,7776,False
7775,7777,False
7778,7779,False
7778,7780,False
7781,7782,False
7781,7783,False
7784,7785,False
7784,7786,False
7787,7788,False
7787,7789,False
7790,7791,False
7790,7792,False
7793,7794,False
7793,7795,False
7796,7797,False
7796,7798,False
7799,7800,False
7799,7801,False
7802,7803,False
7802,7804,False
7805,7806,False
7805,7807,False
7808,7809,False
7808,7810,False
7811,7812,False
7811,7813,False
7814,7815,False
7814,7816,False
7817,7818,False
7817,7819,False
7820,7821,False
7820,7822,False
7823,7824,False
7823,7825,False
7826,7827,False
7826,7828,False
7829,7830,False
7829,7831,False
7832,7833,False
7832,7834,False
7835,7836,False
7835,7837,False
7838,7839,False
7838,7840,False
7841,7842,False
7841,7843,False
7844,7845,False
7844,7846,False
7847,7848,False
7847,7849,False
7850,7851,False
7850,7852,False
7853,7854,False
7853,7855,False
7856,7857,False
7856,7858,False
7859,7860,False
7859,7861,False
7862,7863,False
7862,7864,False
7865,7866,False
7865,7867,False
7868,7869,False
7868,7870,False
7871,7872,False
7871,7873,False
7874,7875,False
7874,7876,False
7877,7878,False
7877,7879,False
7880,7881,False
7880,7882,False
7883,7884,False
7883,7885,False
7886,7887,False
7886,7888,False
7889,7890,False
7889,7891,False
7892,7893,False
7892,7894,False
7895,7896,False
7895,7897,False
7898,7899,False
7898,7900,False
7901,7902,False
7901,7903,False
7904,7905,False
7904,7906,False
7907,7908,False
7907,7909,False
7910,7911,False
7910,7912,False
7913,7914,False
7913,7915,False
7916,7917,False
7916,7918,False
7919,7920,False
7919,7921,False
7922,7923,False
7922,7924,False
7925,7926,False
7925,7927,False
7928,7929,False
7928,7930,False
7931,7932,False
7931,7933,False
7934,7935,False
7934,7936,False
7937,7938,False
7937,7939,False
7940,7941,False
7940,7942,False
7943,7944,False
7943,7945,False
7946,7947,False
7946,7948,False
7949,7950,False
7949,7951,False
7952,7953,False
7952,7954,False
7955,7956,False
7955,7957,False
7958,7959,False
7958,7960,False
7961,7962,False
7961,7963,False
7964,7965,False
7964,7966,False
7967,7968,False
7967,7969,False
7970,7971,False
7970,7972,False
7973,7974,False
7973,7975,False
7976,7977,False
7976,7978,False
7979,7980,False
7979,7981,False
7982,7983,False
7982,7984,False
7985,7986,False
7985,7987,False
7988,7989,False
7988,7990,False
7991,7992,False
7991,7993,False
7994,7995,False
7994,7996,False
7997,7998,False
7997,7999,False
8000,8001,False
8000,8002,False
8003,8004,False
8003,8005,False
8006,8007,False
8006,8008,False
8009,8010,False
8009,8011,False
8012,8013,False
8012,8014,False
8015,8016,False
8015,8017,False
8018,8019,False
8018,8020,False
8021,8022,False
8021,8023,False
8024,8025,False
8024,8026,False
8027,8028,False
8027,8029,False
8030,8031,False
8030,8032,False
8033,8034,False
8033,8035,False
8036,8037,False
8036,8038,False
8039,8040,False
8039,8041,False
8042,8043,False
8042,8044,False
8045,8046,False
8045,8047,False
8048,8049,False
8048,8050,False
8051,8052,False
8051,8053,False
8054,8055,False
8054,8056,False
8057,8058,False
8057,8059,False
8060,8061,False
8060,8062,False
8063,8064,False
8063,8065,False
8066,8067,False
8066,8068,False
8069,8070,False
8069,8071,False
8072,8073,False
8072,8074,False
8075,8076,False
8075,8077,False
8078,8079,False
8078,8080,False
8081,8082,False
8081,8083,False
8084,8085,False
8084,8086,False
8087,8088,False
8087,8089,False
8090,8091,False
8090,8092,False
8093,8094,False
8093,8095,False
8096,8097,False
8096,8098,False
8099,8100,False
8099,8101,False
8102,8103,False
8102,8104,False
8105,8106,False
8105,8107,False
8108,8109,False
8108,8110,False
8111,8112,False
8111,8113,False
8114,8115,False
8114,8116,False
8117,8118,False
8117,8119,False
8120,8121,False
8120,8122,False
8123,8124,False
8123,8125,False
8126,8127,False
8126,8128,False
8129,8130,False
8129,8131,False
8132,8133,False
8132,8134,False
8135,8136,False
8135,8137,False
8138,8139,False
8138,8140,False
8141,8142,False
8141,8143,False
8144,8145,False
8144,8146,False
8147,8148,False
8147,8149,False
8150,8151,False
8150,8152,False
8153,8154,False
8153,8155,False
8156,8157,False
8156,8158,False
8159,8160,False
8159,8161,False
8162,8163,False
8162,8164,False
8165,8166,False
8165,8167,False
8168,8169,False
8168,8170,False
8171,8172,False
8171,8173,False
8174,8175,False
8174,8176,False
8177,8178,False
8177,8179,False
8180,8181,False
8180,8182,False
8183,8184,False
8183,8185,False
8186,8187,False
8186,8188,False
8189,8190,False
8189,8191,False
8192,8193,False
8192,8194,False
8195,8196,False
8195,8197,False
8198,8199,False
8198,8200,False
8201,8202,False
8201,8203,False
8204,8205,False
8204,8206,False
8207,8208,False
8207,8209,False
8210,8211,False
8210,8212,False
8213,8214,False
8213,8215,False
8216,8217,False
8216,8218,False
8219,8220,False
8219,8221,False
8222,8223,False
8222,8224,False
8225,8226,False
8225,8227,False
8228,8229,False
8228,8230,False
8231,8232,False
8231,8233,False
8234,8235,False
8234,8236,False
8237,8238,False
8237,8239,False
8240,8241,False
8240,8242,False
8243,8244,False
8243,8245,False
8246,8247,False
8246,8248,False
8249,8250,False
8249,8251,False
8252,8253,False
8252,8254,False
8255,8256,False
8255,8257,False
8258,8259,False
8258,8260,False
8261,8262,False
8261,8263,False
8264,8265,False
8264,8266,False
8267,8268,False
8267,8269,False
8270,8271,False
8270,8272,False
8273,8274,False
8273,8275,False
8276,8277,False
8276,8278,False
8279,8280,False
8279,8281,False
8282,8283,False
8282,8284,False
8285,8286,False
8285,8287,False
8288,8289,False
8288,8290,False
8291,8292,False
8291,8293,False
8294,8295,False
8294,8296,False
8297,8298,False
8297,8299,False
8300,8301,False
8300,8302,False
8303,8304,False
8303,8305,False
8306,8307,False
8306,8308,False
8309,8310,False
8309,8311,False
8312,8313,False
8312,8314,False
8315,8316,False
8315,8317,False
8318,8319,False
8318,8320,False
8321,8322,False
8321,8323,False
8324,8325,False
8324,8326,False
8327,8328,False
8327,8329,False
8330,8331,False
8330,8332,False
8333,8334,False
8333,8335,False
8336,8337,False
8336,8338,False
8339,8340,False
8339,8341,False
8342,8343,False
8342,8344,False
8345,8346,False
8345,8347,False
8348,8349,False
8348,8350,False
8351,8352,False
8351,8353,False
8354,8355,False
8354,8356,False
8357,8358,False
8357,8359,False
8360,8361,False
8360,8362,False
8363,8364,False
8363,8365,False
8366,8367,False
8366,8368,False
8369,8370,False
8369,8371,False
8372,8373,False
8372,8374,False
8375,8376,False
8375,8377,False
8378,8379,False
8378,8380,False
8381,8382,False
8381,8383,False
8384,8385,False
8384,8386,False
8387,8388,False
8387,8389,False
8390,8391,False
8390,8392,False
8393,8394,False
8393,8395,False
8396,8397,False
8396,8398,False
8399,8400,False
8399,8401,False
8402,8403,False
8402,8404,False
8405,8406,False
8405,8407,False
8408,8409,False
8408,8410,False
8411,8412,False
8411,8413,False
8414,8415,False
8414,8416,False
8417,8418,False
8417,8419,False
8420,8421,False
8420,8422,False
8423,8424,False
8423,8425,False
8426,8427,False
8426,8428,False
8429,8430,False
8429,8431,False
8432,8433,False
8432,8434,False
8435,8436,False
8435,8437,False
8438,8439,False
8438,8440,False
8441,8442,False
8441,8443,False
8444,8445,False
8444,8446,False
8447,8448,False
8447,8449,False
8450,8451,False
8450,8452,False
8453,8454,False
8453,8455,False
8456,8457,False
8456,8458,False
8459,8460,False
8459,8461,False
8462,8463,False
8462,8464,False
8465,8466,False
8465,8467,False
8468,8469,False
8468,8470,False
8471,8472,False
8471,8473,False
8474,8475,False
8474,8476,False
8477,8478,False
8477,8479,False
8480,8481,False
8480,8482,False
8483,8484,False
8483,8485,False
8486,8487,False
8486,8488,False
8489,8490,False
8489,8491,False
8492,8493,False
8492,8494,False
8495,8496,False
8495,8497,False
8498,8499,False
8498,8500,False
8501,8502,False
8501,8503,False
8504,8505,False
8504,8506,False
8507,8508,False
8507,8509,False
8510,8511,False
8510,8512,False
8513,8514,False
8513,8515,False
8516,8517,False
8516,8518,False
8519,8520,False
8519,8521,False
8522,8523,False
8522,8524,False
8525,8526,False
8525,8527,False
8528,8529,False
8528,8530,False
8531,8532,False
8531,8533,False
8534,8535,False
8534,8536,False
8537,8538,False
8537,8539,False
8540,8541,False
8540,8542,False
8543,8544,False
8543,8545,False
8546,8547,False
8546,8548,False
8549,8550,False
8549,8551,False
8552,8553,False
8552,8554,False
8555,8556,False
8555,8557,False
8558,8559,False
8558,8560,False
8561,8562,False
8561,8563,False
8564,8565,False
8564,8566,False
8567,8568,False
8567,8569,False
8570,8571,False
8570,8572,False
8573,8574,False
8573,8575,False
8576,8577,False
8576,8578,False
8579,8580,False
8579,8581,False
8582,8583,False
8582,8584,False
8585,8586,False
8585,8587,False
8588,8589,False
8588,8590,False
8591,8592,False
8591,8593,False
8594,8595,False
8594,8596,False
8597,8598,False
8597,8599,False
8600,8601,False
8600,8602,False
8603,8604,False
8603,8605,False
8606,8607,False
8606,8608,False
8609,8610,False
8609,8611,False
8612,8613,False
8612,8614,False
8615,8616,False
8615,8617,False
8618,8619,False
8618,8620,False
8621,8622,False
8621,8623,False
8624,8625,False
8624,8626,False
8627,8628,False
8627,8629,False
8630,8631,False
8630,8632,False
8633,8634,False
8633,8635,False
8636,8637,False
8636,8638,False
8639,8640,False
8639,8641,False
8642,8643,False
8642,8644,False
8645,8646,False
8645,8647,False
8648,8649,False
8648,8650,False
8651,8652,False
8651,8653,False
8654,8655,False
8654,8656,False
8657,8658,False
8657,8659,False
8660,8661,False
8660,8662,False
8663,8664,False
8663,8665,False
8666,8667,False
8666,8668,False
8669,8670,False
8669,8671,False
8672,8673,False
8672,8674,False
8675,8676,False
8675,8677,False
8678,8679,False
8678,8680,False
8681,8682,False
8681,8683,False
8684,8685,False
8684,8686,False
8687,8688,False
8687,8689,False
8690,8691,False
8690,8692,False
8693,8694,False
8693,8695,False
8696,8697,False
8696,8698,False
8699,8700,False
8699,8701,False
8702,8703,False
8702,8704,False
8705,8706,False
8705,8707,False
8708,8709,False
8708,8710,False
8711,8712,False
8711,8713,False
8714,8715,False
8714,8716,False
8717,8718,False
8717,8719,False
8720,8721,False
8720,8722,False
8723,8724,False
8723,8725,False
8726,8727,False
8726,8728,False
8729,8730,False
8729,8731,False
8732,8733,False
8732,8734,False
8735,8736,False
8735,8737,False
8738,8739,False
8738,8740,False
8741,8742,False
8741,8743,False
8744,8745,False
8744,8746,False
8747,8748,False
8747,8749,False
8750,8751,False
8750,8752,False
8753,8754,False
8753,8755,False
8756,8757,False
8756,8758,False
8759,8760,False
8759,8761,False
8762,8763,False
8762,8764,False
8765,8766,False
8765,8767,False
8768,8769,False
8768,8770,False
8771,8772,False
8771,8773,False
8774,8775,False
8774,8776,False
8777,8778,False
8777,8779,False
8780,8781,False
8780,8782,False
8783,8784,False
8783,8785,False
8786,8787,False
8786,8788,False
8789,8790,False
8789,8791,False
8792,8793,False
8792,8794,False
8795,8796,False
8795,8797,False
8798,8799,False
8798,8800,False
8801,8802,False
8801,8803,False
8804,8805,False
8804,8806,False
8807,8808,False
8807,8809,False
8810,8811,False
8810,8812,False
8813,8814,False
8813,8815,False
8816,8817,False
8816,8818,False
8819,8820,False
8819,8821,False
8822,8823,False
8822,8824,False
8825,8826,False
8825,8827,False
8828,8829,False
8828,8830,False
8831,8832,False
8831,8833,False
8834,8835,False
8834,8836,False
8837,8838,False
8837,8839,False
8840,8841,False
8840,8842,False
8843,8844,False
8843,8845,False
8846,8847,False
8846,8848,False
8849,8850,False
8849,8851,False
8852,8853,False
8852,8854,False
8855,8856,False
8855,8857,False
8858,8859,False
8858,8860,False
8861,8862,False
8861,8863,False
8864,8865,False
8864,8866,False
8867,8868,False
8867,8869,False
8870,8871,False
8870,8872,False
8873,8874,False
8873,8875,False
8876,8877,False
8876,8878,False
8879,8880,False
8879,8881,False
8882,8883,False
8882,8884,False
8885,8886,False
8885,8887,False
8888,8889,False
8888,8890,False
8891,8892,False
8891,8893,False
8894,8895,False
8894,8896,False
8897,8898,False
8897,8899,False
8900,8901,False
8900,8902,False
8903,8904,False
8903,8905,False
8906,8907,False
8906,8908,False
8909,8910,False
8909,8911,False
8912,8913,False
8912,8914,False
8915,8916,False
8915,8917,False
8918,8919,False
8918,8920,False
8921,8922,False
8921,8923,False
8924,8925,False
8924,8926,False
8927,8928,False
8927,8929,False
8930,8931,False
8930,8932,False
8933,8934,False
8933,8935,False
8936,8937,False
8936,8938,False
8939,8940,False
8939,8941,False
8942,8943,False
8942,8944,False
8945,8946,False
8945,8947,False
8948,8949,False
8948,8950,False
8951,8952,False
8951,8953,False
8954,8955,False
8954,8956,False
8957,8958,False
8957,8959,False
8960,8961,False
8960,8962,False
8963,8964,False
8963,8965,False
8966,8967,False
8966,8968,False
8969,8970,False
8969,8971,False
8972,8973,False
8972,8974,False
8975,8976,False
8975,8977,False
8978,8979,False
8978,8980,False
8981,8982,False
8981,8983,False
8984,8985,False
8984,8986,False
8987,8988,False
8987,8989,False
8990,8991,False
8990,8992,False
8993,8994,False
8993,8995,False
8996,8997,False
8996,8998,False
8999,9000,False
8999,9001,False
9002,9003,False
9002,9004,False
9005,9006,False
9005,9007,False
9008,9009,False
9008,9010,False
9011,9012,False
9011,9013,False
9014,9015,False
9014,9016,False
9017,9018,False
9017,9019,False
9020,9021,False
9020,9022,False
9023,9024,False
9023,9025,False
9026,9027,False
9026,9028,False
9029,9030,False
9029,9031,False
9032,9033,False
9032,9034,False
9035,9036,False
9035,9037,False
9038,9039,False
9038,9040,False
9041,9042,False
9041,9043,False
9044,9045,False
9044,9046,False
9047,9048,False
9047,9049,False
9050,9051,False
9050,9052,False
9053,9054,False
9053,9055,False
9056,9057,False
9056,9058,False
9059,9060,False
9059,9061,False
9062,9063,False
9062,9064,False
9065,9066,False
9065,9067,False
9068,9069,False
9068,9070,False
9071,9072,False
9071,9073,False
9074,9075,False
9074,9076,False
9077,9078,False
9077,9079,False
9080,9081,False
9080,9082,False
9083,9084,False
9083,9085,False
9086,9087,False
9086,9088,False
9089,9090,False
9089,9091,False
9092,9093,False
9092,9094,False
9095,9096,False
9095,9097,False
9098,9099,False
9098,9100,False
9101,9102,False
9101,9103,False
9104,9105,False
9104,9106,False
9107,9108,False
9107,9109,False
9110,9111,False
9110,9112,False
9113,9114,False
9113,9115,False
9116,9117,False
9116,9118,False
9119,9120,False
9119,9121,False
9122,9123,False
9122,9124,False
9125,9126,False
9125,9127,False
9128,9129,False
9128,9130,False
9131,9132,False
9131,9133,False
9134,9135,False
9134,9136,False
9137,9138,False
9137,9139,False
9140,9141,False
9140,9142,False
9143,9144,False
9143,9145,False
9146,9147,False
9146,9148,False
9149,9150,False
9149,9151,False
9152,9153,False
9152,9154,False
9155,9156,False
9155,9157,False
9158,9159,False
9158,9160,False
9161,9162,False
9161,9163,False
9164,9165,False
9164,9166,False
9167,9168,False
9167,9169,False
9170,9171,False
9170,9172,False
9173,9174,False
9173,9175,False
9176,9177,False
9176,9178,False
9179,9180,False
9179,9181,False
9182,9183,False
9182,9184,False
9185,9186,False
9185,9187,False
9188,9189,False
9188,9190,False
9191,9192,False
9191,9193,False
9194,9195,False
9194,9196,False
9197,9198,False
9197,9199,False
9200,9201,False
9200,9202,False
9203,9204,False
9203,9205,False
9206,9207,False
9206,9208,False
9209,9210,False
9209,9211,False
9212,9213,False
9212,9214,False
9215,9216,False
9215,9217,False
9218,9219,False
9218,9220,False
9221,9222,False
9221,9223,False
9224,9225,False
9224,9226,False
9227,9228,False
9227,9229,False
9230,9231,False
9230,9232,False
9233,9234,False
9233,9235,False
9236,9237,False
9236,9238,False
9239,9240,False
9239,9241,False
9242,9243,False
9242,9244,False
9245,9246,False
9245,9247,False
9248,9249,False
9248,9250,False
9251,9252,False
9251,9253,False
9254,9255,False
9254,9256,False
9257,9258,False
9257,9259,False
9260,9261,False
9260,9262,False
9263,9264,False
9263,9265,False
9266,9267,False
9266,9268,False
9269,9270,False
9269,9271,False
9272,9273,False
9272,9274,False
9275,9276,False
9275,9277,False
9278,9279,False
9278,9280,False
9281,9282,False
9281,9283,False
9284,9285,False
9284,9286,False
9287,9288,False
9287,9289,False
9290,9291,False
9290,9292,False
9293,9294,False
9293,9295,False
9296,9297,False
9296,9298,False
9299,9300,False
9299,9301,False
9302,9303,False
9302,9304,False
9305,9306,False
9305,9307,False
9308,9309,False
9308,9310,False
9311,9312,False
9311,9313,False
9314,9315,False
9314,9316,False
9317,9318,False
9317,9319,False
9320,9321,False
9320,9322,False
9323,9324,False
9323,9325,False
9326,9327,False
9326,9328,False
9329,9330,False
9329,9331,False
9332,9333,False
9332,9334,False
9335,9336,False
9335,9337,False
9338,9339,False
9338,9340,False
9341,9342,False
9341,9343,False
9344,9345,False
9344,9346,False
9347,9348,False
9347,9349,False
9350,9351,False
9350,9352,False
9353,9354,False
9353,9355,False
9356,9357,False
9356,9358,False
9359,9360,False
9359,9361,False
9362,9363,False
9362,9364,False
9365,9366,False
9365,9367,False
9368,9369,False
9368,9370,False
9371,9372,False
9371,9373,False
9374,9375,False
9374,9376,False
9377,9378,False
9377,9379,False
9380,9381,False
9380,9382,False
9383,9384,False
9383,9385,False
9386,9387,False
9386,9388,False
9389,9390,False
9389,9391,False
9392,9393,False
9392,9394,False
9395,9396,False
9395,9397,False
9398,9399,False
9398,9400,False
9401,9402,False
9401,9403,False
9404,9405,False
9404,9406,False
9407,9408,False
9407,9409,False
9410,9411,False
9410,9412,False
9413,9414,False
9413,9415,False
9416,9417,False
9416,9418,False
9419,9420,False
9419,9421,False
9422,9423,False
9422,9424,False
9425,9426,False
9425,9427,False
9428,9429,False
9428,9430,False
9431,9432,False
9431,9433,False
9434,9435,False
9434,9436,False
9437,9438,False
9437,9439,False
9440,9441,False
9440,9442,False
9443,9444,False
9443,9445,False
9446,9447,False
9446,9448,False
9449,9450,False
9449,9451,False
9452,9453,False
9452,9454,False
9455,9456,False
9455,9457,False
9458,9459,False
9458,9460,False
9461,9462,False
9461,9463,False
9464,9465,False
9464,9466,False
9467,9468,False
9467,9469,False
9470,9471,False
9470,9472,False
9473,9474,False
9473,9475,False
9476,9477,False
9476,9478,False
9479,9480,False
9479,9481,False
9482,9483,False
9482,9484,False
9485,9486,False
9485,9487,False
9488,9489,False
9488,9490,False
9491,9492,False
9491,9493,False
9494,9495,False
9494,9496,False
9497,9498,False
9497,9499,False
9500,9501,False
9500,9502,False
9503,9504,False
9503,9505,False
9506,9507,False
9506,9508,False
9509,9510,False
9509,9511,False
9512,9513,False
9512,9514,False
9515,9516,False
9515,9517,False
9518,9519,False
9518,9520,False
9521,9522,False
9521,9523,False
9524,9525,False
9524,9526,False
9527,9528,False
9527,9529,False
9530,9531,False
9530,9532,False
9533,9534,False
9533,9535,False
9536,9537,False
9536,9538,False
9539,9540,False
9539,9541,False
9542,9543,False
9542,9544,False
9545,9546,False
9545,9547,False
9548,9549,False
9548,9550,False
9551,9552,False
9551,9553,False
9554,9555,False
9554,9556,False
9557,9558,False
9557,9559,False
9560,9561,False
9560,9562,False
9563,9564,False
9563,9565,False
9566,9567,False
9566,9568,False
9569,9570,False
9569,9571,False
9572,9573,False
9572,9574,False
9575,9576,False
9575,9577,False
9578,9579,False
9578,9580,False
9581,9582,False
9581,9583,False
9584,9585,False
9584,9586,False
9587,9588,False
9587,9589,False
9590,9591,False
9590,9592,False
9593,9594,False
9593,9595,False
9596,9597,False
9596,9598,False
9599,9600,False
9599,9601,False
9602,9603,False
9602,9604,False
9605,9606,False
9605,9607,False
9608,9609,False
9608,9610,False
9611,9612,False
9611,9613,False
9614,9615,False
9614,9616,False
9617,9618,False
9617,9619,False
9620,9621,False
9620,9622,False
9623,9624,False
9623,9625,False
9626,9627,False
9626,9628,False
9629,9630,False
9629,9631,False
9632,9633,False
9632,9634,False
9635,9636,False
9635,9637,False
9638,9639,False
9638,9640,False
9641,9642,False
9641,9643,False
9644,9645,False
9644,9646,False
9647,9648,False
9647,9649,False
9650,9651,False
9650,9652,False
9653,9654,False
9653,9655,False
9656,9657,False
9656,9658,False
9659,9660,False
9659,9661,False
9662,9663,False
9662,9664,False
9665,9666,False
9665,9667,False
9668,9669,False
9668,9670,False
9671,9672,False
9671,9673,False
9674,9675,False
9674,9676,False
9677,9678,False
9677,9679,False
9680,9681,False
9680,9682,False
9683,9684,False
9683,9685,False
9686,9687,False
9686,9688,False
9689,9690,False
9689,9691,False
9692,9693,False
9692,9694,False
9695,9696,False
9695,9697,False
9698,9699,False
9698,9700,False
9701,9702,False
9701,9703,False
9704,9705,False
9704,9706,False
9707,9708,False
9707,9709,False
9710,9711,False
9710,9712,False
9713,9714,False
9713,9715,False
9716,9717,False
9716,9718,False
9719,9720,False
9719,9721,False
9722,9723,False
9722,9724,False
9725,9726,False
9725,9727,False
9728,9729,False
9728,9730,False
9731,9732,False
9731,9733,False
9734,9735,False
9734,9736,False
9737,9738,False
9737,9739,False
9740,9741,False
9740,9742,False
9743,9744,False
9743,9745,False
9746,9747,False
9746,9748,False
9749,9750,False
9749,9751,False
9752,9753,False
9752,9754,False
9755,9756,False
9755,9757,False
9758,9759,False
9758,9760,False
9761,9762,False
9761,9763,False
9764,9765,False
9764,9766,False
9767,9768,False
9767,9769,False
9770,9771,False
9770,9772,False
9773,9774,False
9773,9775,False
9776,9777,False
9776,9778,False
9779,9780,False
9779,9781,False
9782,9783,False
9782,9784,False
9785,9786,False
9785,9787,False
9788,9789,False
9788,9790,False
9791,9792,False
9791,9793,False
9794,9795,False
9794,9796,False
9797,9798,False
9797,9799,False
9800,9801,False
9800,9802,False
9803,9804,False
9803,9805,False
9806,9807,False
9806,9808,False
9809,9810,False
9809,9811,False
9812,9813,False
9812,9814,False
9815,9816,False
9815,9817,False
9818,9819,False
9818,9820,False
9821,9822,False
9821,9823,False
9824,9825,False
9824,9826,False
9827,9828,False
9827,9829,False
9830,9831,False
9830,9832,False
9833,9834,False
9833,9835,False
9836,9837,False
9836,9838,False
9839,9840,False
9839,9841,False
9842,9843,False
9842,9844,False
9845,9846,False
9845,9847,False
9848,9849,False
9848,9850,False
9851,9852,False
9851,9853,False
9854,9855,False
9854,9856,False
9857,9858,False
9857,9859,False
9860,9861,False
9860,9862,False
9863,9864,False
9863,9865,False
9866,9867,False
9866,9868,False
9869,9870,False
9869,9871,False
9872,9873,False
9872,9874,False
9875,9876,False
9875,9877,False
9878,9879,False
9878,9880,False
9881,9882,False
9881,9883,False
9884,9885,False
9884,9886,False
9887,9888,False
9887,9889,False
9890,9891,False
9890,9892,False
9893,9894,False
9893,9895,False
9896,9897,False
9896,9898,False
9899,9900,False
9899,9901,False
9902,9903,False
9902,9904,False
9905,9906,False
9905,9907,False
9908,9909,False
9908,9910,False
9911,9912,False
9911,9913,False
9914,9915,False
9914,9916,False
9917,9918,False
9917,9919,False
9920,9921,False
9920,9922,False
9923,9924,False
9923,9925,False
9926,9927,False
9926,9928,False
9929,9930,False
9929,9931,False
9932,9933,False
9932,9934,False
9935,9936,False
9935,9937,False
9938,9939,False
9938,9940,False
9941,9942,False
9941,9943,False
9944,9945,False
9944,9946,False
9947,9948,False
9947,9949,False
9950,9951,False
9950,9952,False
9953,9954,False
9953,9955,False
9956,9957,False
9956,9958,False
9959,9960,False
9959,9961,False
9962,9963,False
9962,9964,False
9965,9966,False
9965,9967,False
9968,9969,False
9968,9970,False
9971,9972,False
9971,9973,False
9974,9975,False
9974,9976,False
9977,9978,False
9977,9979,False
9980,9981,False
9980,9982,False
9983,9984,False
9983,9985,False
9986,9987,False
9986,9988,False
9989,9990,False
9989,9991,False
9992,9993,False
9992,9994,False
9995,9996,False
9995,9997,False
9998,9999,False
9998,10000,False
10001,10002,False
10001,10003,False
10004,10005,False
10004,10006,False
10007,10008,False
10007,10009,False
10010,10011,False
10010,10012,False
10013,10014,False
10013,10015,False
10016,10017,False
10016,10018,False
10019,10020,False
10019,10021,False
10022,10023,False
10022,10024,False
10025,10026,False
10025,10027,False
10028,10029,False
10028,10030,False
10031,10032,False
10031,10033,False
10034,10035,False
10034,10036,False
10037,10038,False
10037,10039,False
10040,10041,False
10040,10042,False
10043,10044,False
10043,10045,False
10046,10047,False
10046,10048,False
10049,10050,False
10049,10051,False
10052,10053,False
10052,10054,False
10055,10056,False
10055,10057,False
10058,10059,False
10058,10060,False
10061,10062,False
10061,10063,False
10064,10065,False
10064,10066,False
10067,10068,False
10067,10069,False
10070,10071,False
10070,10072,False
10073,10074,False
10073,10075,False
10076,10077,False
10076,10078,False
10079,10080,False
10079,10081,False
10082,10083,False
10082,10084,False
10085,10086,False
10085,10087,False
10088,10089,False
10088,10090,False
10091,10092,False
10091,10093,False
10094,10095,False
10094,10096,False
10097,10098,False
10097,10099,False
10100,10101,False
10100,10102,False
10103,10104,False
10103,10105,False
10106,10107,False
10106,10108,False
10109,10110,False
10109,10111,False
10112,10113,False
10112,10114,False
10115,10116,False
10115,10117,False
10118,10119,False
10118,10120,False
10121,10122,False
10121,10123,False
10124,10125,False
10124,10126,False
10127,10128,False
10127,10129,False
10130,10131,False
10130,10132,False
10133,10134,False
10133,10135,False
10136,10137,False
10136,10138,False
10139,10140,False
10139,10141,False
10142,10143,False
10142,10144,False
10145,10146,False
10145,10147,False
10148,10149,False
10148,10150,False
10151,10152,False
10151,10153,False
10154,10155,False
10154,10156,False
10157,10158,False
10157,10159,False
10160,10161,False
10160,10162,False
10163,10164,False
10163,10165,False
10166,10167,False
10166,10168,False
10169,10170,False
10169,10171,False
10172,10173,False
10172,10174,False
10175,10176,False
10175,10177,False
10178,10179,False
10178,10180,False
10181,10182,False
10181,10183,False
10184,10185,False
10184,10186,False
10187,10188,False
10187,10189,False
10190,10191,False
10190,10192,False
10193,10194,False
10193,10195,False
10196,10197,False
10196,10198,False
10199,10200,False
10199,10201,False
10202,10203,False
10202,10204,False
10205,10206,False
10205,10207,False
10208,10209,False
10208,10210,False
10211,10212,False
10211,10213,False
10214,10215,False
10214,10216,False
10217,10218,False
10217,10219,False
10220,10221,False
10220,10222,False
10223,10224,False
10223,10225,False
10226,10227,False
10226,10228,False
10229,10230,False
10229,10231,False
10232,10233,False
10232,10234,False
10235,10236,False
10235,10237,False
10238,10239,False
10238,10240,False
10241,10242,False
10241,10243,False
10244,10245,False
10244,10246,False
10247,10248,False
10247,10249,False
10250,10251,False
10250,10252,False
10253,10254,False
10253,10255,False
10256,10257,False
10256,10258,False
10259,10260,False
10259,10261,False
10262,10263,False
10262,10264,False
10265,10266,False
10265,10267,False
10268,10269,False
10268,10270,False
10271,10272,False
10271,10273,False
10274,10275,False
10274,10276,False
10277,10278,False
10277,10279,False
10280,10281,False
10280,10282,False
10283,10284,False
10283,10285,False
10286,10287,False
10286,10288,False
10289,10290,False
10289,10291,False
10292,10293,False
10292,10294,False
10295,10296,False
10295,10297,False
10298,10299,False
10298,10300,False
10301,10302,False
10301,10303,False
10304,10305,False
10304,10306,False
10307,10308,False
10307,10309,False
10310,10311,False
10310,10312,False
10313,10314,False
10313,10315,False
10316,10317,False
10316,10318,False
10319,10320,False
10319,10321,False
10322,10323,False
10322,10324,False
10325,10326,False
10325,10327,False
10328,10329,False
10328,10330,False
10331,10332,False
10331,10333,False
10334,10335,False
10334,10336,False
10337,10338,False
10337,10339,False
10340,10341,False
10340,10342,False
10343,10344,False
10343,10345,False
10346,10347,False
10346,10348,False
10349,10350,False
10349,10351,False
10352,10353,False
10352,10354,False
10355,10356,False
10355,10357,False
10358,10359,False
10358,10360,False
10361,10362,False
10361,10363,False
10364,10365,False
10364,10366,False
10367,10368,False
10367,10369,False
10370,10371,False
10370,10372,False
10373,10374,False
10373,10375,False
10376,10377,False
10376,10378,False
10379,10380,False
10379,10381,False
10382,10383,False
10382,10384,False
10385,10386,False
10385,10387,False
10388,10389,False
10388,10390,False
10391,10392,False
10391,10393,False
10394,10395,False
10394,10396,False
10397,10398,False
10397,10399,False
10400,10401,False
10400,10402,False
10403,10404,False
10403,10405,False
10406,10407,False
10406,10408,False
10409,10410,False
10409,10411,False
10412,10413,False
10412,10414,False
10415,10416,False
10415,10417,False
10418,10419,False
10418,10420,False
10421,10422,False
10421,10423,False
10424,10425,False
10424,10426,False
10427,10428,False
10427,10429,False
10430,10431,False
10430,10432,False
10433,10434,False
10433,10435,False
10436,10437,False
10436,10438,False
10439,10440,False
10439,10441,False
10442,10443,False
10442,10444,False
10445,10446,False
10445,10447,False
10448,10449,False
10448,10450,False
10451,10452,False
10451,10453,False
10454,10455,False
10454,10456,False
10457,10458,False
10457,10459,False
10460,10461,False
10460,10462,False
10463,10464,False
10463,10465,False
10466,10467,False
10466,10468,False
10469,10470,False
10469,10471,False
10472,10473,False
10472,10474,False
10475,10476,False
10475,10477,False
10478,10479,False
10478,10480,False
10481,10482,False
10481,10483,False
10484,10485,False
10484,10486,False
10487,10488,False
10487,10489,False
10490,10491,False
10490,10492,False
10493,10494,False
10493,10495,False
10496,10497,False
10496,10498,False
10499,10500,False
10499,10501,False
10502,10503,False
10502,10504,False
10505,10506,False
10505,10507,False
10508,10509,False
10508,10510,False
10511,10512,False
10511,10513,False
10514,10515,False
10514,10516,False
10517,10518,False
10517,10519,False
10520,10521,False
10520,10522,False
10523,10524,False
10523,10525,False
10526,10527,False
10526,10528,False
10529,10530,False
10529,10531,False
10532,10533,False
10532,10534,False
10535,10536,False
10535,10537,False
10538,10539,False
10538,10540,False
10541,10542,False
10541,10543,False
10544,10545,False
10544,10546,False
10547,10548,False
10547,10549,False
10550,10551,False
10550,10552,False
10553,10554,False
10553,10555,False
10556,10557,False
10556,10558,False
10559,10560,False
10559,10561,False
10562,10563,False
10562,10564,False
10565,10566,False
10565,10567,False
10568,10569,False
10568,10570,False
10571,10572,False
10571,10573,False
10574,10575,False
10574,10576,False
10577,10578,False
10577,10579,False
10580,10581,False
10580,10582,False
10583,10584,False
10583,10585,False
10586,10587,False
10586,10588,False
10589,10590,False
10589,10591,False
10592,10593,False
10592,10594,False
10595,10596,False
10595,10597,False
10598,10599,False
10598,10600,False
10601,10602,False
10601,10603,False
10604,10605,False
10604,10606,False
10607,10608,False
10607,10609,False
10610,10611,False
10610,10612,False
10613,10614,False
10613,10615,False
10616,10617,False
10616,10618,False
10619,10620,False
10619,10621,False
10622,10623,False
10622,10624,False
10625,10626,False
10625,10627,False
10628,10629,False
10628,10630,False
10631,10632,False
10631,10633,False
10634,10635,False
10634,10636,False
10637,10638,False
10637,10639,False
10640,10641,False
10640,10642,False
10643,10644,False
10643,10645,False
10646,10647,False
10646,10648,False
10649,10650,False
10649,10651,False
10652,10653,False
10652,10654,False
10655,10656,False
10655,10657,False
10658,10659,False
10658,10660,False
10661,10662,False
10661,10663,False
10664,10665,False
10664,10666,False
10667,10668,False
10667,10669,False
10670,10671,False
10670,10672,False
10673,10674,False
10673,10675,False
10676,10677,False
10676,10678,False
10679,10680,False
10679,10681,False
10682,10683,False
10682,10684,False
10685,10686,False
10685,10687,False
10688,10689,False
10688,10690,False
10691,10692,False
10691,10693,False
10694,10695,False
10694,10696,False
10697,10698,False
10697,10699,False
10700,10701,False
10700,10702,False
10703,10704,False
10703,10705,False
10706,10707,False
10706,10708,False
10709,10710,False
10709,10711,False
10712,10713,False
10712,10714,False
10715,10716,False
10715,10717,False
10718,10719,False
10718,10720,False
10721,10722,False
10721,10723,False
10724,10725,False
10724,10726,False
10727,10728,False
10727,10729,False
10730,10731,False
10730,10732,False
10733,10734,False
10733,10735,False
10736,10737,False
10736,10738,False
10739,10740,False
10739,10741,False
10742,10743,False
10742,10744,False
10745,10746,False
10745,10747,False
10748,10749,False
10748,10750,False
10751,10752,False
10751,10753,False
10754,10755,False
10754,10756,False
10757,10758,False
10757,10759,False
10760,10761,False
10760,10762,False
10763,10764,False
10763,10765,False
10766,10767,False
10766,10768,False
10769,10770,False
10769,10771,False
10772,10773,False
10772,10774,False
10775,10776,False
10775,10777,False
10778,10779,False
10778,10780,False
10781,10782,False
10781,10783,False
10784,10785,False
10784,10786,False
10787,10788,False
10787,10789,False
10790,10791,False
10790,10792,False
10793,10794,False
10793,10795,False
10796,10797,False
10796,10798,False
10799,10800,False
10799,10801,False
10802,10803,False
10802,10804,False
10805,10806,False
10805,10807,False
10808,10809,False
10808,10810,False
10811,10812,False
10811,10813,False
10814,10815,False
10814,10816,False
10817,10818,False
10817,10819,False
10820,10821,False
10820,10822,False
10823,10824,False
10823,10825,False
10826,10827,False
10826,10828,False
10829,10830,False
10829,10831,False
10832,10833,False
10832,10834,False
10835,10836,False
10835,10837,False
10838,10839,False
10838,10840,False
10841,10842,False
10841,10843,False
10844,10845,False
10844,10846,False
10847,10848,False
10847,10849,False
10850,10851,False
10850,10852,False
10853,10854,False
10853,10855,False
10856,10857,False
10856,10858,False
10859,10860,False
10859,10861,False
10862,10863,False
10862,10864,False
10865,10866,False
10865,10867,False
10868,10869,False
10868,10870,False
10871,10872,False
10871,10873,False
10874,10875,False
10874,10876,False
10877,10878,False
10877,10879,False
10880,10881,False
10880,10882,False
10883,10884,False
10883,10885,False
10886,10887,False
10886,10888,False
10889,10890,False
10889,10891,False
10892,10893,False
10892,10894,False
10895,10896,False
10895,10897,False
10898,10899,False
10898,10900,False
10901,10902,False
10901,10903,False
10904,10905,False
10904,10906,False
10907,10908,False
10907,10909,False
10910,10911,False
10910,10912,False
10913,10914,False
10913,10915,False
10916,10917,False
10916,10918,False
10919,10920,False
10919,10921,False
10922,10923,False
10922,10924,False
10925,10926,False
10925,10927,False
10928,10929,False
10928,10930,False
10931,10932,False
10931,10933,False
10934,10935,False
10934,10936,False
10937,10938,False
10937,10939,False
10940,10941,False
10940,10942,False
10943,10944,False
10943,10945,False
10946,10947,False
10946,10948,False
10949,10950,False
10949,10951,False
10952,10953,False
10952,10954,False
10955,10956,False
10955,10957,False
10958,10959,False
10958,10960,False
10961,10962,False
10961,10963,False
10964,10965,False
10964,10966,False
10967,10968,False
10967,10969,False
10970,10971,False
10970,10972,False
10973,10974,False
10973,10975,False
10976,10977,False
10976,10978,False
10979,10980,False
10979,10981,False
10982,10983,False
10982,10984,False
10985,10986,False
10985,10987,False
10988,10989,False
10988,10990,False
10991,10992,False
10991,10993,False
10994,10995,False
10994,10996,False
10997,10998,False
10997,10999,False
11000,11001,False
11000,11002,False
11003,11004,False
11003,11005,False
11006,11007,False
11006,11008,False
11009,11010,False
11009,11011,False
11012,11013,False
11012,11014,False
11015,11016,False
11015,11017,False
11018,11019,False
11018,11020,False
11021,11022,False
11021,11023,False
11024,11025,False
11024,11026,False
11027,11028,False
11027,11029,False
11030,11031,False
11030,11032,False
11033,11034,False
11033,11035,False
11036,11037,False
11036,11038,False
11039,11040,False
11039,11041,False
11042,11043,False
11042,11044,False
11045,11046,False
11045,11047,False
11048,11049,False
11048,11050,False
11051,11052,False
11051,11053,False
11054,11055,False
11054,11056,False
11057,11058,False
11057,11059,False
11060,11061,False
11060,11062,False
11063,11064,False
11063,11065,False
11066,11067,False
11066,11068,False
11069,11070,False
11069,11071,False
11072,11073,False
11072,11074,False
11075,11076,False
11075,11077,False
11078,11079,False
11078,11080,False
11081,11082,False
11081,11083,False
11084,11085,False
11084,11086,False
11087,11088,False
11087,11089,False
11090,11091,False
11090,11092,False
11093,11094,False
11093,11095,False
11096,11097,False
11096,11098,False
11099,11100,False
11099,11101,False
11102,11103,False
11102,11104,False
11105,11106,False
11105,11107,False
11108,11109,False
11108,11110,False
11111,11112,False
11111,11113,False
11114,11115,False
11114,11116,False
11117,11118,False
11117,11119,False
11120,11121,False
11120,11122,False
11123,11124,False
11123,11125,False
11126,11127,False
11126,11128,False
11129,11130,False
11129,11131,False
11132,11133,False
11132,11134,False
11135,11136,False
11135,11137,False
11138,11139,False
11138,11140,False
11141,11142,False
11141,11143,False
11144,11145,False
11144,11146,False
11147,11148,False
11147,11149,False
11150,11151,False
11150,11152,False
11153,11154,False
11153,11155,False
11156,11157,False
11156,11158,False
11159,11160,False
11159,11161,False
11162,11163,False
11162,11164,False
11165,11166,False
11165,11167,False
11168,11169,False
11168,11170,False
11171,11172,False
11171,11173,False
11174,11175,False
11174,11176,False
11177,11178,False
11177,11179,False
11180,11181,False
11180,11182,False
11183,11184,False
11183,11185,False
11186,11187,False
11186,11188,False
11189,11190,False
11189,11191,False
11192,11193,False
11192,11194,False
11195,11196,False
11195,11197,False
11198,11199,False
11198,11200,False
11201,11202,False
11201,11203,False
11204,11205,False
11204,11206,False
11207,11208,False
11207,11209,False
11210,11211,False
11210,11212,False
11213,11214,False
11213,11215,False
11216,11217,False
11216,11218,False
11219,11220,False
11219,11221,False
11222,11223,False
11222,11224,False
11225,11226,False
11225,11227,False
11228,11229,False
11228,11230,False
11231,11232,False
11231,11233,False
11234,11235,False
11234,11236,False
11237,11238,False
11237,11239,False
11240,11241,False
11240,11242,False
11243,11244,False
11243,11245,False
11246,11247,False
11246,11248,False
11249,11250,False
11249,11251,False
11252,11253,False
11252,11254,False
11255,11256,False
11255,11257,False
11258,11259,False
11258,11260,False
11261,11262,False
11261,11263,False
11264,11265,False
11264,11266,False
11267,11268,False
11267,11269,False
11270,11271,False
11270,11272,False
11273,11274,False
11273,11275,False
11276,11277,False
11276,11278,False
11279,11280,False
11279,11281,False
11282,11283,False
11282,11284,False
11285,11286,False
11285,11287,False
11288,11289,False
11288,11290,False
11291,11292,False
11291,11293,False
11294,11295,False
11294,11296,False
11297,11298,False
11297,11299,False
11300,11301,False
11300,11302,False
11303,11304,False
11303,11305,False
11306,11307,False
11306,11308,False
11309,11310,False
11309,11311,False
11312,11313,False
11312,11314,False
11315,11316,False
11315,11317,False
11318,11319,False
11318,11320,False
11321,11322,False
11321,11323,False
11324,11325,False
11324,11326,False
11327,11328,False
11327,11329,False
11330,11331,False
11330,11332,False
11333,11334,False
11333,11335,False
11336,11337,False
11336,11338,False
11339,11340,False
11339,11341,False
11342,11343,False
11342,11344,False
11345,11346,False
11345,11347,False
11348,11349,False
11348,11350,False
11351,11352,False
11351,11353,False
11354,11355,False
11354,11356,False
11357,11358,False
11357,11359,False
11360,11361,False
11360,11362,False
11363,11364,False
11363,11365,False
11366,11367,False
11366,11368,False
11369,11370,False
11369,11371,False
11372,11373,False
11372,11374,False
11375,11376,False
11375,11377,False
11378,11379,False
11378,11380,False
11381,11382,False
11381,11383,False
11384,11385,False
11384,11386,False
11387,11388,False
11387,11389,False
11390,11391,False
11390,11392,False
11393,11394,False
11393,11395,False
11396,11397,False
11396,11398,False
11399,11400,False
11399,11401,False
11402,11403,False
11402,11404,False
11405,11406,False
11405,11407,False
11408,11409,False
11408,11410,False
11411,11412,False
11411,11413,False
11414,11415,False
11414,11416,False
11417,11418,False
11417,11419,False
11420,11421,False
11420,11422,False
11423,11424,False
11423,11425,False
11426,11427,False
11426,11428,False
11429,11430,False
11429,11431,False
11432,11433,False
11432,11434,False
11435,11436,False
11435,11437,False
11438,11439,False
11438,11440,False
11441,11442,False
11441,11443,False
11444,11445,False
11444,11446,False
11447,11448,False
11447,11449,False
11450,11451,False
11450,11452,False
11453,11454,False
11453,11455,False
11456,11457,False
11456,11458,False
11459,11460,False
11459,11461,False
11462,11463,False
11462,11464,False
11465,11466,False
11465,11467,False
11468,11469,False
11468,11470,False
11471,11472,False
11471,11473,False
11474,11475,False
11474,11476,False
11477,11478,False
11477,11479,False
11480,11481,False
11480,11482,False
11483,11484,False
11483,11485,False
11486,11487,False
11486,11488,False
11489,11490,False
11489,11491,False
11492,11493,False
11492,11494,False
11495,11496,False
11495,11497,False
11498,11499,False
11498,11500,False
11501,11502,False
11501,11503,False
11504,11505,False
11504,11506,False
11507,11508,False
11507,11509,False
11510,11511,False
11510,11512,False
11513,11514,False
11513,11515,False
11516,11517,False
11516,11518,False
11519,11520,False
11519,11521,False
11522,11523,False
11522,11524,False
11525,11526,False
11525,11527,False
11528,11529,False
11528,11530,False
11531,11532,False
11531,11533,False
11534,11535,False
11534,11536,False
11537,11538,False
11537,11539,False
11540,11541,False
11540,11542,False
11543,11544,False
11543,11545,False
11546,11547,False
11546,11548,False
11549,11550,False
11549,11551,False
11552,11553,False
11552,11554,False
11555,11556,False
11555,11557,False
11558,11559,False
11558,11560,False
11561,11562,False
11561,11563,False
11564,11565,False
11564,11566,False
11567,11568,False
11567,11569,False
11570,11571,False
11570,11572,False
11573,11574,False
11573,11575,False
11576,11577,False
11576,11578,False
11579,11580,False
11579,11581,False
11582,11583,False
11582,11584,False
11585,11586,False
11585,11587,False
11588,11589,False
11588,11590,False
11591,11592,False
11591,11593,False
11594,11595,False
11594,11596,False
11597,11598,False
11597,11599,False
11600,11601,False
11600,11602,False
11603,11604,False
11603,11605,False
11606,11607,False
11606,11608,False
11609,11610,False
11609,11611,False
11612,11613,False
11612,11614,False
11615,11616,False
11615,11617,False
11618,11619,False
11618,11620,False
11621,11622,False
11621,11623,False
11624,11625,False
11624,11626,False
11627,11628,False
11627,11629,False
11630,11631,False
11630,11632,False
11633,11634,False
11633,11635,False
11636,11637,False
11636,11638,False
11639,11640,False
11639,11641,False
11642,11643,False
11642,11644,False
11645,11646,False
11645,11647,False
11648,11649,False
11648,11650,False
11651,11652,False
11651,11653,False
11654,11655,False
11654,11656,False
11657,11658,False
11657,11659,False
11660,11661,False
11660,11662,False
11663,11664,False
11663,11665,False
11666,11667,False
11666,11668,False
11669,11670,False
11669,11671,False
11672,11673,False
11672,11674,False
11675,11676,False
11675,11677,False
11678,11679,False
11678,11680,False
11681,11682,False
11681,11683,False
11684,11685,False
11684,11686,False
11687,11688,False
11687,11689,False
11690,11691,False
11690,11692,False
11693,11694,False
11693,11695,False
11696,11697,False
11696,11698,False
11699,11700,False
11699,11701,False
11702,11703,False
11702,11704,False
11705,11706,False
11705,11707,False
11708,11709,False
11708,11710,False
11711,11712,False
11711,11713,False
11714,11715,False
11714,11716,False
11717,11718,False
11717,11719,False
11720,11721,False
11720,11722,False
11723,11724,False
11723,11725,False
11726,11727,False
11726,11728,False
11729,11730,False
11729,11731,False
11732,11733,False
11732,11734,False
11735,11736,False
11735,11737,False
11738,11739,False
11738,11740,False
11741,11742,False
11741,11743,False
11744,11745,False
11744,11746,False
11747,11748,False
11747,11749,False
11750,11751,False
11750,11752,False
11753,11754,False
11753,11755,False
11756,11757,False
11756,11758,False
11759,11760,False
11759,11761,False
11762,11763,False
11762,11764,False
11765,11766,False
11765,11767,False
11768,11769,False
11768,11770,False
11771,11772,False
11771,11773,False
11774,11775,False
11774,11776,False
11777,11778,False
11777,11779,False
11780,11781,False
11780,11782,False
11783,11784,False
11783,11785,False
11786,11787,False
11786,11788,False
11789,11790,False
11789,11791,False
11792,11793,False
11792,11794,False
11795,11796,False
11795,11797,False
11798,11799,False
11798,11800,False
11801,11802,False
11801,11803,False
11804,11805,False
11804,11806,False
11807,11808,False
11807,11809,False
11810,11811,False
11810,11812,False
11813,11814,False
11813,11815,False
11816,11817,False
11816,11818,False
11819,11820,False
11819,11821,False
11822,11823,False
11822,11824,False
11825,11826,False
11825,11827,False
11828,11829,False
11828,11830,False
11831,11832,False
11831,11833,False
11834,11835,False
11834,11836,False
11837,11838,False
11837,11839,False
11840,11841,False
11840,11842,False
11843,11844,False
11843,11845,False
11846,11847,False
11846,11848,False
11849,11850,False
11849,11851,False
11852,11853,False
11852,11854,False
11855,11856,False
11855,11857,False
11858,11859,False
11858,11860,False
11861,11862,False
11861,11863,False
11864,11865,False
11864,11866,False
11867,11868,False
11867,11869,False
11870,11871,False
11870,11872,False
11873,11874,False
11873,11875,False
11876,11877,False
11876,11878,False
11879,11880,False
11879,11881,False
11882,11883,False
11882,11884,False
11885,11886,False
11885,11887,False
11888,11889,False
11888,11890,False
11891,11892,False
11891,11893,False
11894,11895,False
11894,11896,False
11897,11898,False
11897,11899,False
11900,11901,False
11900,11902,False
11903,11904,False
11903,11905,False
11906,11907,False
11906,11908,False
11909,11910,False
11909,11911,False
11912,11913,False
11912,11914,False
11915,11916,False
11915,11917,False
11918,11919,False
11918,11920,False
11921,11922,False
11921,11923,False
11924,11925,False
11924,11926,False
11927,11928,False
11927,11929,False
11930,11931,False
11930,11932,False
11933,11934,False
11933,11935,False
11936,11937,False
11936,11938,False
11939,11940,False
11939,11941,False
11942,11943,False
11942,11944,False
11945,11946,False
11945,11947,False
11948,11949,False
11948,11950,False
11951,11952,False
11951,11953,False
11954,11955,False
11954,11956,False
11957,11958,False
11957,11959,False
11960,11961,False
11960,11962,False
11963,11964,False
11963,11965,False
11966,11967,False
11966,11968,False
11969,11970,False
11969,11971,False
11972,11973,False
11972,11974,False
11975,11976,False
11975,11977,False
11978,11979,False
11978,11980,False
11981,11982,False
11981,11983,False
11984,11985,False
11984,11986,False
11987,11988,False
11987,11989,False
11990,11991,False
11990,11992,False
11993,11994,False
11993,11995,False
11996,11997,False
11996,11998,False
11999,12000,False
11999,12001,False
12002,12003,False
12002,12004,False
12005,12006,False
12005,12007,False
12008,12009,False
12008,12010,False
12011,12012,False
12011,12013,False
12014,12015,False
12014,12016,False
12017,12018,False
12017,12019,False
12020,12021,False
12020,12022,False
12023,12024,False
12023,12025,False
12026,12027,False
12026,12028,False
12029,12030,False
12029,12031,False
12032,12033,False
12032,12034,False
12035,12036,False
12035,12037,False
12038,12039,False
12038,12040,False
12041,12042,False
12041,12043,False
12044,12045,False
12044,12046,False
12047,12048,False
12047,12049,False
12050,12051,False
12050,12052,False
12053,12054,False
12053,12055,False
12056,12057,False
12056,12058,False
12059,12060,False
12059,12061,False
12062,12063,False
12062,12064,False
12065,12066,False
12065,12067,False
12068,12069,False
12068,12070,False
12071,12072,False
12071,12073,False
12074,12075,False
12074,12076,False
12077,12078,False
12077,12079,False
12080,12081,False
12080,12082,False
12083,12084,False
12083,12085,False
12086,12087,False
12086,12088,False
12089,12090,False
12089,12091,False
12092,12093,False
12092,12094,False
12095,12096,False
12095,12097,False
12098,12099,False
12098,12100,False
12101,12102,False
12101,12103,False
12104,12105,False
12104,12106,False
12107,12108,False
12107,12109,False
12110,12111,False
12110,12112,False
12113,12114,False
12113,12115,False
12116,12117,False
12116,12118,False
12119,12120,False
12119,12121,False
12122,12123,False
12122,12124,False
12125,12126,False
12125,12127,False
12128,12129,False
12128,12130,False
12131,12132,False
12131,12133,False
12134,12135,False
12134,12136,False
12137,12138,False
12137,12139,False
12140,12141,False
12140,12142,False
12143,12144,False
12143,12145,False
12146,12147,False
12146,12148,False
12149,12150,False
12149,12151,False
12152,12153,False
12152,12154,False
12155,12156,False
12155,12157,False
12158,12159,False
12158,12160,False
12161,12162,False
12161,12163,False
12164,12165,False
12164,12166,False
12167,12168,False
12167,12169,False
12170,12171,False
12170,12172,False
12173,12174,False
12173,12175,False
12176,12177,False
12176,12178,False
12179,12180,False
12179,12181,False
12182,12183,False
12182,12184,False
12185,12186,False
12185,12187,False
12188,12189,False
12188,12190,False
12191,12192,False
12191,12193,False
12194,12195,False
12194,12196,False
12197,12198,False
12197,12199,False
12200,12201,False
12200,12202,False
12203,12204,False
12203,12205,False
12206,12207,False
12206,12208,False
12209,12210,False
12209,12211,False
12212,12213,False
12212,12214,False
12215,12216,False
12215,12217,False
12218,12219,False
12218,12220,False
12221,12222,False
12221,12223,False
12224,12225,False
12224,12226,False
12227,12228,False
12227,12229,False
12230,12231,False
12230,12232,False
12233,12234,False
12233,12235,False
12236,12237,False
12236,12238,False
12239,12240,False
12239,12241,False
12242,12243,False
12242,12244,False
12245,12246,False
12245,12247,False
12248,12249,False
12248,12250,False
12251,12252,False
12251,12253,False
12254,12255,False
12254,12256,False
12257,12258,False
12257,12259,False
12260,12261,False
12260,12262,False
12263,12264,False
12263,12265,False
12266,12267,False
12266,12268,False
12269,12270,False
12269,12271,False
12272,12273,False
12272,12274,False
12275,12276,False
12275,12277,False
12278,12279,False
12278,12280,False
12281,12282,False
12281,12283,False
12284,12285,False
12284,12286,False
12287,12288,False
12287,12289,False
12290,12291,False
12290,12292,False
12293,12294,False
12293,12295,False
12296,12297,False
12296,12298,False
12299,12300,False
12299,12301,False
12302,12303,False
12302,12304,False
12305,12306,False
12305,12307,False
12308,12309,False
12308,12310,False
12311,12312,False
12311,12313,False
12314,12315,False
12314,12316,False
12317,12318,False
12317,12319,False
12320,12321,False
12320,12322,False
12323,12324,False
12323,12325,False
12326,12327,False
12326,12328,False
12329,12330,False
12329,12331,False
12332,12333,False
12332,12334,False
12335,12336,False
12335,12337,False
12338,12339,False
12338,12340,False
12341,12342,False
12341,12343,False
12344,12345,False
12344,12346,False
12347,12348,False
12347,12349,False
12350,12351,False
12350,12352,False
12353,12354,False
12353,12355,False
12356,12357,False
12356,12358,False
12359,12360,False
12359,12361,False
12362,12363,False
12362,12364,False
12365,12366,False
12365,12367,False
12368,12369,False
12368,12370,False
12371,12372,False
12371,12373,False
12374,12375,False
12374,12376,False
12377,12378,False
12377,12379,False
12380,12381,False
12380,12382,False
12383,12384,False
12383,12385,False
12386,12387,False
12386,12388,False
12389,12390,False
12389,12391,False
12392,12393,False
12392,12394,False
12395,12396,False
12395,12397,False
12398,12399,False
12398,12400,False
12401,12402,False
12401,12403,False
12404,12405,False
12404,12406,False
12407,12408,False
12407,12409,False
12410,12411,False
12410,12412,False
12413,12414,False
12413,12415,False
12416,12417,False
12416,12418,False
12419,12420,False
12419,12421,False
12422,12423,False
12422,12424,False
12425,12426,False
12425,12427,False
12428,12429,False
12428,12430,False
12431,12432,False
12431,12433,False
12434,12435,False
12434,12436,False
12437,12438,False
12437,12439,False
12440,12441,False
12440,12442,False
12443,12444,False
12443,12445,False
12446,12447,False
12446,12448,False
12449,12450,False
12449,12451,False
12452,12453,False
12452,12454,False
12455,12456,False
12455,12457,False
12458,12459,False
12458,12460,False
12461,12462,False
12461,12463,False
12464,12465,False
12464,12466,False
12467,12468,False
12467,12469,False
12470,12471,False
12470,12472,False
12473,12474,False
12473,12475,False
12476,12477,False
12476,12478,False
12479,12480,False
12479,12481,False
12482,12483,False
12482,12484,False
12485,12486,False
12485,12487,False
12488,12489,False
12488,12490,False
12491,12492,False
12491,12493,False
12494,12495,False
12494,12496,False
12497,12498,False
12497,12499,False
12500,12501,False
12500,12502,False
12503,12504,False
12503,12505,False
12506,12507,False
12506,12508,False
12509,12510,False
12509,12511,False
12512,12513,False
12512,12514,False
12515,12516,False
12515,12517,False
12518,12519,False
12518,12520,False
12521,12522,False
12521,12523,False
12524,12525,False
12524,12526,False
12527,12528,False
12527,12529,False
12530,12531,False
12530,12532,False
12533,12534,False
12533,12535,False
12536,12537,False
12536,12538,False
12539,12540,False
12539,12541,False
12542,12543,False
12542,12544,False
12545,12546,False
12545,12547,False
12548,12549,False
12548,12550,False
12551,12552,False
12551,12553,False
12554,12555,False
12554,12556,False
12557,12558,False
12557,12559,False
12560,12561,False
12560,12562,False
12563,12564,False
12563,12565,False
12566,12567,False
12566,12568,False
12569,12570,False
12569,12571,False
12572,12573,False
12572,12574,False
12575,12576,False
12575,12577,False
12578,12579,False
12578,12580,False
12581,12582,False
12581,12583,False
12584,12585,False
12584,12586,False
12587,12588,False
12587,12589,False
12590,12591,False
12590,12592,False
12593,12594,False
12593,12595,False
12596,12597,False
12596,12598,False
12599,12600,False
12599,12601,False
12602,12603,False
12602,12604,False
12605,12606,False
12605,12607,False
12608,12609,False
12608,12610,False
12611,12612,False
12611,12613,False
12614,12615,False
12614,12616,False
12617,12618,False
12617,12619,False
12620,12621,False
12620,12622,False
12623,12624,False
12623,12625,False
12626,12627,False
12626,12628,False
12629,12630,False
12629,12631,False
12632,12633,False
12632,12634,False
12635,12636,False
12635,12637,False
12638,12639,False
12638,12640,False
12641,12642,False
12641,12643,False
12644,12645,False
12644,12646,False
12647,12648,False
12647,12649,False
12650,12651,False
12650,12652,False
12653,12654,False
12653,12655,False
12656,12657,False
12656,12658,False
12659,12660,False
12659,12661,False
12662,12663,False
12662,12664,False
12665,12666,False
12665,12667,False
12668,12669,False
12668,12670,False
12671,12672,False
12671,12673,False
12674,12675,False
12674,12676,False
12677,12678,False
12677,12679,False
12680,12681,False
12680,12682,False
12683,12684,False
12683,12685,False
12686,12687,False
12686,12688,False
12689,12690,False
12689,12691,False
12692,12693,False
12692,12694,False
12695,12696,False
12695,12697,False
12698,12699,False
12698,12700,False
12701,12702,False
12701,12703,False
12704,12705,False
12704,12706,False
12707,12708,False
12707,12709,False
12710,12711,False
12710,12712,False
12713,12714,False
12713,12715,False
12716,12717,False
12716,12718,False
12719,12720,False
12719,12721,False
12722,12723,False
12722,12724,False
12725,12726,False
12725,12727,False
12728,12729,False
12728,12730,False
12731,12732,False
12731,12733,False
12734,12735,False
12734,12736,False
12737,12738,False
12737,12739,False
12740,12741,False
12740,12742,False
12743,12744,False
12743,12745,False
12746,12747,False
12746,12748,False
12749,12750,False
12749,12751,False
12752,12753,False
12752,12754,False
12755,12756,False
12755,12757,False
12758,12759,False
12758,12760,False
12761,12762,False
12761,12763,False
12764,12765,False
12764,12766,False
12767,12768,False
12767,12769,False
12770,12771,False
12770,12772,False
12773,12774,False
12773,12775,False
12776,12777,False
12776,12778,False
12779,12780,False
12779,12781,False
12782,12783,False
12782,12784,False
12785,12786,False
12785,12787,False
12788,12789,False
12788,12790,False
12791,12792,False
12791,12793,False
12794,12795,False
12794,12796,False
12797,12798,False
12797,12799,False
12800,12801,False
12800,12802,False
12803,12804,False
12803,12805,False
12806,12807,False
12806,12808,False
12809,12810,False
12809,12811,False
12812,12813,False
12812,12814,False
12815,12816,False
12815,12817,False
12818,12819,False
12818,12820,False
12821,12822,False
12821,12823,False
12824,12825,False
12824,12826,False
12827,12828,False
12827,12829,False
12830,12831,False
12830,12832,False
12833,12834,False
12833,12835,False
12836,12837,False
12836,12838,False
12839,12840,False
12839,12841,False
12842,12843,False
12842,12844,False
12845,12846,False
12845,12847,False
12848,12849,False
12848,12850,False
12851,12852,False
12851,12853,False
