index,chain,residue_id,residue,atom,element,mass_Da,charge_e,sigma_nm,epsilon_kJ_mol
0,A,1,ALA,N,N,14.01,0.1414,0.3249998523775958,0.7112800000000001
1,A,1,ALA,H,H,1.008,0.1997,0.10690784617684071,0.06568879999999999
2,A,1,ALA,H2,H,1.008,0.1997,0.10690784617684071,0.06568879999999999
3,A,1,ALA,H3,H,1.008,0.1997,0.10690784617684071,0.06568879999999999
4,A,1,ALA,CA,C,12.01,0.0962,0.3399669508423535,0.4577296
5,A,1,ALA,HA,H,1.008,0.0889,0.19599771799087468,0.06568879999999999
6,A,1,ALA,C,C,12.01,0.6163,0.3399669508423535,0.359824
7,A,1,ALA,O,O,16.0,-0.5722,0.2959921901149463,0.87864
8,A,1,ALA,CB,C,12.01,-0.0597,0.3399669508423535,0.4577296
9,A,1,ALA,HB1,H,1.008,0.03,0.2649532787749369,0.06568879999999999
10,A,1,ALA,HB2,H,1.008,0.03,0.2649532787749369,0.06568879999999999
11,A,1,ALA,HB3,H,1.008,0.03,0.2649532787749369,0.06568879999999999
12,A,2,GLN,N,N,14.01,-0.4157,0.3249998523775958,0.7112800000000001
13,A,2,GLN,H,H,1.008,0.2719,0.10690784617684071,0.06568879999999999
14,A,2,GLN,CA,C,12.01,-0.0031,0.3399669508423535,0.4577296
15,A,2,GLN,HA,H,1.008,0.085,0.2471353044121301,0.06568879999999999
16,A,2,GLN,C,C,12.01,0.5973,0.3399669508423535,0.359824
17,A,2,GLN,O,O,16.0,-0.5679,0.2959921901149463,0.87864
18,A,2,GLN,CB,C,12.01,-0.0036,0.3399669508423535,0.4577296
19,A,2,GLN,HB2,H,1.008,0.0171,0.2649532787749369,0.06568879999999999
20,A,2,GLN,HB3,H,1.008,0.0171,0.2649532787749369,0.06568879999999999
21,A,2,GLN,CG,C,12.01,-0.0645,0.3399669508423535,0.4577296
22,A,2,GLN,HG2,H,1.008,0.0352,0.2649532787749369,0.06568879999999999
23,A,2,GLN,HG3,H,1.008,0.0352,0.2649532787749369,0.06568879999999999
24,A,2,GLN,CD,C,12.01,0.6951,0.3399669508423535,0.359824
25,A,2,GLN,OE1,O,16.0,-0.6086,0.2959921901149463,0.87864
26,A,2,GLN,NE2,N,14.01,-0.9407,0.3249998523775958,0.7112800000000001
27,A,2,GLN,HE21,H,1.008,0.4251,0.10690784617684071,0.06568879999999999
28,A,2,GLN,HE22,H,1.008,0.4251,0.10690784617684071,0.06568879999999999
29,A,3,GLU,N,N,14.01,-0.5163,0.3249998523775958,0.7112800000000001
30,A,3,GLU,H,H,1.008,0.2936,0.10690784617684071,0.06568879999999999
31,A,3,GLU,CA,C,12.01,0.0397,0.3399669508423535,0.4577296
32,A,3,GLU,HA,H,1.008,0.1105,0.2471353044121301,0.06568879999999999
33,A,3,GLU,C,C,12.01,0.5366,0.3399669508423535,0.359824
34,A,3,GLU,O,O,16.0,-0.5819,0.2959921901149463,0.87864
35,A,3,GLU,CB,C,12.01,0.056,0.3399669508423535,0.4577296
36,A,3,GLU,HB2,H,1.008,-0.0173,0.2649532787749369,0.06568879999999999
37,A,3,GLU,HB3,H,1.008,-0.0173,0.2649532787749369,0.06568879999999999
38,A,3,GLU,CG,C,12.01,0.0136,0.3399669508423535,0.4577296
39,A,3,GLU,HG2,H,1.008,-0.0425,0.2649532787749369,0.06568879999999999
40,A,3,GLU,HG3,H,1.008,-0.0425,0.2649532787749369,0.06568879999999999
41,A,3,GLU,CD,C,12.01,0.8054,0.3399669508423535,0.359824
42,A,3,GLU,OE1,O,16.0,-0.8188,0.2959921901149463,0.87864
43,A,3,GLU,OE2,O,16.0,-0.8188,0.2959921901149463,0.87864
44,A,4,PRO,N,N,14.01,-0.2548,0.3249998523775958,0.7112800000000001
45,A,4,PRO,CA,C,12.01,-0.0266,0.3399669508423535,0.4577296
46,A,4,PRO,HA,H,1.008,0.0641,0.2471353044121301,0.06568879999999999
47,A,4,PRO,C,C,12.01,0.5896,0.3399669508423535,0.359824
48,A,4,PRO,O,O,16.0,-0.5748,0.2959921901149463,0.87864
49,A,4,PRO,CB,C,12.01,-0.007,0.3399669508423535,0.4577296
50,A,4,PRO,HB2,H,1.008,0.0253,0.2649532787749369,0.06568879999999999
51,A,4,PRO,HB3,H,1.008,0.0253,0.2649532787749369,0.06568879999999999
52,A,4,PRO,CG,C,12.01,0.0189,0.3399669508423535,0.4577296
53,A,4,PRO,HG2,H,1.008,0.0213,0.2649532787749369,0.06568879999999999
54,A,4,PRO,HG3,H,1.008,0.0213,0.2649532787749369,0.06568879999999999
55,A,4,PRO,CD,C,12.01,0.0192,0.3399669508423535,0.4577296
56,A,4,PRO,HD2,H,1.008,0.0391,0.2471353044121301,0.06568879999999999
57,A,4,PRO,HD3,H,1.008,0.0391,0.2471353044121301,0.06568879999999999
58,A,5,VAL,N,N,14.01,-0.4157,0.3249998523775958,0.7112800000000001
59,A,5,VAL,H,H,1.008,0.2719,0.10690784617684071,0.06568879999999999
60,A,5,VAL,CA,C,12.01,-0.0875,0.3399669508423535,0.4577296
61,A,5,VAL,HA,H,1.008,0.0969,0.2471353044121301,0.06568879999999999
62,A,5,VAL,C,C,12.01,0.5973,0.3399669508423535,0.359824
63,A,5,VAL,O,O,16.0,-0.5679,0.2959921901149463,0.87864
64,A,5,VAL,CB,C,12.01,0.2985,0.3399669508423535,0.4577296
65,A,5,VAL,HB,H,1.008,-0.0297,0.2649532787749369,0.06568879999999999
66,A,5,VAL,CG1,C,12.01,-0.3192,0.3399669508423535,0.4577296
67,A,5,VAL,HG11,H,1.008,0.0791,0.2649532787749369,0.06568879999999999
68,A,5,VAL,HG12,H,1.008,0.0791,0.2649532787749369,0.06568879999999999
69,A,5,VAL,HG13,H,1.008,0.0791,0.2649532787749369,0.06568879999999999
70,A,5,VAL,CG2,C,12.01,-0.3192,0.3399669508423535,0.4577296
71,A,5,VAL,HG21,H,1.008,0.0791,0.2649532787749369,0.06568879999999999
72,A,5,VAL,HG22,H,1.008,0.0791,0.2649532787749369,0.06568879999999999
73,A,5,VAL,HG23,H,1.008,0.0791,0.2649532787749369,0.06568879999999999
74,A,6,LYS,N,N,14.01,-0.3479,0.3249998523775958,0.7112800000000001
75,A,6,LYS,H,H,1.008,0.2747,0.10690784617684071,0.06568879999999999
76,A,6,LYS,CA,C,12.01,-0.24,0.3399669508423535,0.4577296
77,A,6,LYS,HA,H,1.008,0.1426,0.2471353044121301,0.06568879999999999
78,A,6,LYS,C,C,12.01,0.7341,0.3399669508423535,0.359824
79,A,6,LYS,O,O,16.0,-0.5894,0.2959921901149463,0.87864
80,A,6,LYS,CB,C,12.01,-0.0094,0.3399669508423535,0.4577296
81,A,6,LYS,HB2,H,1.008,0.0362,0.2649532787749369,0.06568879999999999
82,A,6,LYS,HB3,H,1.008,0.0362,0.2649532787749369,0.06568879999999999
83,A,6,LYS,CG,C,12.01,0.0187,0.3399669508423535,0.4577296
84,A,6,LYS,HG2,H,1.008,0.0103,0.2649532787749369,0.06568879999999999
85,A,6,LYS,HG3,H,1.008,0.0103,0.2649532787749369,0.06568879999999999
86,A,6,LYS,CD,C,12.01,-0.0479,0.3399669508423535,0.4577296
87,A,6,LYS,HD2,H,1.008,0.0621,0.2649532787749369,0.06568879999999999
88,A,6,LYS,HD3,H,1.008,0.0621,0.2649532787749369,0.06568879999999999
89,A,6,LYS,CE,C,12.01,-0.0143,0.3399669508423535,0.4577296
90,A,6,LYS,HE2,H,1.008,0.1135,0.19599771799087468,0.06568879999999999
91,A,6,LYS,HE3,H,1.008,0.1135,0.19599771799087468,0.06568879999999999
92,A,6,LYS,NZ,N,14.01,-0.3854,0.3249998523775958,0.7112800000000001
93,A,6,LYS,HZ1,H,1.008,0.34,0.10690784617684071,0.06568879999999999
94,A,6,LYS,HZ2,H,1.008,0.34,0.10690784617684071,0.06568879999999999
95,A,6,LYS,HZ3,H,1.008,0.34,0.10690784617684071,0.06568879999999999
96,A,7,GLY,N,N,14.01,-0.4157,0.3249998523775958,0.7112800000000001
97,A,7,GLY,H,H,1.008,0.2719,0.10690784617684071,0.06568879999999999
98,A,7,GLY,CA,C,12.01,-0.0252,0.3399669508423535,0.4577296
99,A,7,GLY,HA2,H,1.008,0.0698,0.2471353044121301,0.06568879999999999
100,A,7,GLY,HA3,H,1.008,0.0698,0.2471353044121301,0.06568879999999999
101,A,7,GLY,C,C,12.01,0.5973,0.3399669508423535,0.359824
102,A,7,GLY,O,O,16.0,-0.5679,0.2959921901149463,0.87864
103,A,8,PRO,N,N,14.01,-0.2548,0.3249998523775958,0.7112800000000001
104,A,8,PRO,CA,C,12.01,-0.0266,0.3399669508423535,0.4577296
105,A,8,PRO,HA,H,1.008,0.0641,0.2471353044121301,0.06568879999999999
106,A,8,PRO,C,C,12.01,0.5896,0.3399669508423535,0.359824
107,A,8,PRO,O,O,16.0,-0.5748,0.2959921901149463,0.87864
108,A,8,PRO,CB,C,12.01,-0.007,0.3399669508423535,0.4577296
109,A,8,PRO,HB2,H,1.008,0.0253,0.2649532787749369,0.06568879999999999
110,A,8,PRO,HB3,H,1.008,0.0253,0.2649532787749369,0.06568879999999999
111,A,8,PRO,CG,C,12.01,0.0189,0.3399669508423535,0.4577296
112,A,8,PRO,HG2,H,1.008,0.0213,0.2649532787749369,0.06568879999999999
113,A,8,PRO,HG3,H,1.008,0.0213,0.2649532787749369,0.06568879999999999
114,A,8,PRO,CD,C,12.01,0.0192,0.3399669508423535,0.4577296
115,A,8,PRO,HD2,H,1.008,0.0391,0.2471353044121301,0.06568879999999999
116,A,8,PRO,HD3,H,1.008,0.0391,0.2471353044121301,0.06568879999999999
117,A,9,VAL,N,N,14.01,-0.4157,0.3249998523775958,0.7112800000000001
118,A,9,VAL,H,H,1.008,0.2719,0.10690784617684071,0.06568879999999999
119,A,9,VAL,CA,C,12.01,-0.0875,0.3399669508423535,0.4577296
120,A,9,VAL,HA,H,1.008,0.0969,0.2471353044121301,0.06568879999999999
121,A,9,VAL,C,C,12.01,0.5973,0.3399669508423535,0.359824
122,A,9,VAL,O,O,16.0,-0.5679,0.2959921901149463,0.87864
123,A,9,VAL,CB,C,12.01,0.2985,0.3399669508423535,0.4577296
124,A,9,VAL,HB,H,1.008,-0.0297,0.2649532787749369,0.06568879999999999
125,A,9,VAL,CG1,C,12.01,-0.3192,0.3399669508423535,0.4577296
126,A,9,VAL,HG11,H,1.008,0.0791,0.2649532787749369,0.06568879999999999
127,A,9,VAL,HG12,H,1.008,0.0791,0.2649532787749369,0.06568879999999999
128,A,9,VAL,HG13,H,1.008,0.0791,0.2649532787749369,0.06568879999999999
129,A,9,VAL,CG2,C,12.01,-0.3192,0.3399669508423535,0.4577296
130,A,9,VAL,HG21,H,1.008,0.0791,0.2649532787749369,0.06568879999999999
131,A,9,VAL,HG22,H,1.008,0.0791,0.2649532787749369,0.06568879999999999
132,A,9,VAL,HG23,H,1.008,0.0791,0.2649532787749369,0.06568879999999999
133,A,10,SER,N,N,14.01,-0.4157,0.3249998523775958,0.7112800000000001
134,A,10,SER,H,H,1.008,0.2719,0.10690784617684071,0.06568879999999999
135,A,10,SER,CA,C,12.01,-0.0249,0.3399669508423535,0.4577296
136,A,10,SER,HA,H,1.008,0.0843,0.2471353044121301,0.06568879999999999
137,A,10,SER,C,C,12.01,0.5973,0.3399669508423535,0.359824
138,A,10,SER,O,O,16.0,-0.5679,0.2959921901149463,0.87864
139,A,10,SER,CB,C,12.01,0.2117,0.3399669508423535,0.4577296
140,A,10,SER,HB2,H,1.008,0.0352,0.2471353044121301,0.06568879999999999
141,A,10,SER,HB3,H,1.008,0.0352,0.2471353044121301,0.06568879999999999
142,A,10,SER,OG,O,16.0,-0.6546,0.3066473387839048,0.8803136
143,A,10,SER,HG,H,1.008,0.4275,1.0,0.0
144,A,11,THR,N,N,14.01,-0.4157,0.3249998523775958,0.7112800000000001
145,A,11,THR,H,H,1.008,0.2719,0.10690784617684071,0.06568879999999999
146,A,11,THR,CA,C,12.01,-0.0389,0.3399669508423535,0.4577296
147,A,11,THR,HA,H,1.008,0.1007,0.2471353044121301,0.06568879999999999
148,A,11,THR,C,C,12.01,0.5973,0.3399669508423535,0.359824
149,A,11,THR,O,O,16.0,-0.5679,0.2959921901149463,0.87864
150,A,11,THR,CB,C,12.01,0.3654,0.3399669508423535,0.4577296
151,A,11,THR,HB,H,1.008,0.0043,0.2471353044121301,0.06568879999999999
152,A,11,THR,OG1,O,16.0,-0.6761,0.3066473387839048,0.8803136
153,A,11,THR,HG1,H,1.008,0.4102,1.0,0.0
154,A,11,THR,CG2,C,12.01,-0.2438,0.3399669508423535,0.4577296
155,A,11,THR,HG21,H,1.008,0.0642,0.2649532787749369,0.06568879999999999
156,A,11,THR,HG22,H,1.008,0.0642,0.2649532787749369,0.06568879999999999
157,A,11,THR,HG23,H,1.008,0.0642,0.2649532787749369,0.06568879999999999
158,A,12,LYS,N,N,14.01,-0.3479,0.3249998523775958,0.7112800000000001
159,A,12,LYS,H,H,1.008,0.2747,0.10690784617684071,0.06568879999999999
160,A,12,LYS,CA,C,12.01,-0.24,0.3399669508423535,0.4577296
161,A,12,LYS,HA,H,1.008,0.1426,0.2471353044121301,0.06568879999999999
162,A,12,LYS,C,C,12.01,0.7341,0.3399669508423535,0.359824
163,A,12,LYS,O,O,16.0,-0.5894,0.2959921901149463,0.87864
164,A,12,LYS,CB,C,12.01,-0.0094,0.3399669508423535,0.4577296
165,A,12,LYS,HB2,H,1.008,0.0362,0.2649532787749369,0.06568879999999999
166,A,12,LYS,HB3,H,1.008,0.0362,0.2649532787749369,0.06568879999999999
167,A,12,LYS,CG,C,12.01,0.0187,0.3399669508423535,0.4577296
168,A,12,LYS,HG2,H,1.008,0.0103,0.2649532787749369,0.06568879999999999
169,A,12,LYS,HG3,H,1.008,0.0103,0.2649532787749369,0.06568879999999999
170,A,12,LYS,CD,C,12.01,-0.0479,0.3399669508423535,0.4577296
171,A,12,LYS,HD2,H,1.008,0.0621,0.2649532787749369,0.06568879999999999
172,A,12,LYS,HD3,H,1.008,0.0621,0.2649532787749369,0.06568879999999999
173,A,12,LYS,CE,C,12.01,-0.0143,0.3399669508423535,0.4577296
174,A,12,LYS,HE2,H,1.008,0.1135,0.19599771799087468,0.06568879999999999
175,A,12,LYS,HE3,H,1.008,0.1135,0.19599771799087468,0.06568879999999999
176,A,12,LYS,NZ,N,14.01,-0.3854,0.3249998523775958,0.7112800000000001
177,A,12,LYS,HZ1,H,1.008,0.34,0.10690784617684071,0.06568879999999999
178,A,12,LYS,HZ2,H,1.008,0.34,0.10690784617684071,0.06568879999999999
179,A,12,LYS,HZ3,H,1.008,0.34,0.10690784617684071,0.06568879999999999
180,A,13,PRO,N,N,14.01,-0.2548,0.3249998523775958,0.7112800000000001
181,A,13,PRO,CA,C,12.01,-0.0266,0.3399669508423535,0.4577296
182,A,13,PRO,HA,H,1.008,0.0641,0.2471353044121301,0.06568879999999999
183,A,13,PRO,C,C,12.01,0.5896,0.3399669508423535,0.359824
184,A,13,PRO,O,O,16.0,-0.5748,0.2959921901149463,0.87864
185,A,13,PRO,CB,C,12.01,-0.007,0.3399669508423535,0.4577296
186,A,13,PRO,HB2,H,1.008,0.0253,0.2649532787749369,0.06568879999999999
187,A,13,PRO,HB3,H,1.008,0.0253,0.2649532787749369,0.06568879999999999
188,A,13,PRO,CG,C,12.01,0.0189,0.3399669508423535,0.4577296
189,A,13,PRO,HG2,H,1.008,0.0213,0.2649532787749369,0.06568879999999999
190,A,13,PRO,HG3,H,1.008,0.0213,0.2649532787749369,0.06568879999999999
191,A,13,PRO,CD,C,12.01,0.0192,0.3399669508423535,0.4577296
192,A,13,PRO,HD2,H,1.008,0.0391,0.2471353044121301,0.06568879999999999
193,A,13,PRO,HD3,H,1.008,0.0391,0.2471353044121301,0.06568879999999999
194,A,14,GLY,N,N,14.01,-0.4157,0.3249998523775958,0.7112800000000001
195,A,14,GLY,H,H,1.008,0.2719,0.10690784617684071,0.06568879999999999
196,A,14,GLY,CA,C,12.01,-0.0252,0.3399669508423535,0.4577296
197,A,14,GLY,HA2,H,1.008,0.0698,0.2471353044121301,0.06568879999999999
198,A,14,GLY,HA3,H,1.008,0.0698,0.2471353044121301,0.06568879999999999
199,A,14,GLY,C,C,12.01,0.5973,0.3399669508423535,0.359824
200,A,14,GLY,O,O,16.0,-0.5679,0.2959921901149463,0.87864
201,A,15,SER,N,N,14.01,-0.4157,0.3249998523775958,0.7112800000000001
202,A,15,SER,H,H,1.008,0.2719,0.10690784617684071,0.06568879999999999
203,A,15,SER,CA,C,12.01,-0.0249,0.3399669508423535,0.4577296
204,A,15,SER,HA,H,1.008,0.0843,0.2471353044121301,0.06568879999999999
205,A,15,SER,C,C,12.01,0.5973,0.3399669508423535,0.359824
206,A,15,SER,O,O,16.0,-0.5679,0.2959921901149463,0.87864
207,A,15,SER,CB,C,12.01,0.2117,0.3399669508423535,0.4577296
208,A,15,SER,HB2,H,1.008,0.0352,0.2471353044121301,0.06568879999999999
209,A,15,SER,HB3,H,1.008,0.0352,0.2471353044121301,0.06568879999999999
210,A,15,SER,OG,O,16.0,-0.6546,0.3066473387839048,0.8803136
211,A,15,SER,HG,H,1.008,0.4275,1.0,0.0
212,A,16,CYS,N,N,14.01,-0.4157,0.3249998523775958,0.7112800000000001
213,A,16,CYS,H,H,1.008,0.2719,0.10690784617684071,0.06568879999999999
214,A,16,CYS,CA,C,12.01,0.0429,0.3399669508423535,0.4577296
215,A,16,CYS,HA,H,1.008,0.0766,0.2471353044121301,0.06568879999999999
216,A,16,CYS,C,C,12.01,0.5973,0.3399669508423535,0.359824
217,A,16,CYS,O,O,16.0,-0.5679,0.2959921901149463,0.87864
218,A,16,CYS,CB,C,12.01,-0.079,0.3399669508423535,0.4577296
219,A,16,CYS,HB2,H,1.008,0.091,0.2471353044121301,0.06568879999999999
220,A,16,CYS,HB3,H,1.008,0.091,0.2471353044121301,0.06568879999999999
221,A,16,CYS,SG,S,32.06,-0.1081,0.35635948725613575,1.046
222,A,17,PRO,N,N,14.01,-0.2548,0.3249998523775958,0.7112800000000001
223,A,17,PRO,CA,C,12.01,-0.0266,0.3399669508423535,0.4577296
224,A,17,PRO,HA,H,1.008,0.0641,0.2471353044121301,0.06568879999999999
225,A,17,PRO,C,C,12.01,0.5896,0.3399669508423535,0.359824
226,A,17,PRO,O,O,16.0,-0.5748,0.2959921901149463,0.87864
227,A,17,PRO,CB,C,12.01,-0.007,0.3399669508423535,0.4577296
228,A,17,PRO,HB2,H,1.008,0.0253,0.2649532787749369,0.06568879999999999
229,A,17,PRO,HB3,H,1.008,0.0253,0.2649532787749369,0.06568879999999999
230,A,17,PRO,CG,C,12.01,0.0189,0.3399669508423535,0.4577296
231,A,17,PRO,HG2,H,1.008,0.0213,0.2649532787749369,0.06568879999999999
232,A,17,PRO,HG3,H,1.008,0.0213,0.2649532787749369,0.06568879999999999
233,A,17,PRO,CD,C,12.01,0.0192,0.3399669508423535,0.4577296
234,A,17,PRO,HD2,H,1.008,0.0391,0.2471353044121301,0.06568879999999999
235,A,17,PRO,HD3,H,1.008,0.0391,0.2471353044121301,0.06568879999999999
236,A,18,ILE,N,N,14.01,-0.4157,0.3249998523775958,0.7112800000000001
237,A,18,ILE,H,H,1.008,0.2719,0.10690784617684071,0.06568879999999999
238,A,18,ILE,CA,C,12.01,-0.0597,0.3399669508423535,0.4577296
239,A,18,ILE,HA,H,1.008,0.0869,0.2471353044121301,0.06568879999999999
240,A,18,ILE,C,C,12.01,0.5973,0.3399669508423535,0.359824
241,A,18,ILE,O,O,16.0,-0.5679,0.2959921901149463,0.87864
242,A,18,ILE,CB,C,12.01,0.1303,0.3399669508423535,0.4577296
243,A,18,ILE,HB,H,1.008,0.0187,0.2649532787749369,0.06568879999999999
244,A,18,ILE,CG1,C,12.01,-0.043,0.3399669508423535,0.4577296
245,A,18,ILE,HG12,H,1.008,0.0236,0.2649532787749369,0.06568879999999999
246,A,18,ILE,HG13,H,1.008,0.0236,0.2649532787749369,0.06568879999999999
247,A,18,ILE,CG2,C,12.01,-0.3204,0.3399669508423535,0.4577296
248,A,18,ILE,HG21,H,1.008,0.0882,0.2649532787749369,0.06568879999999999
249,A,18,ILE,HG22,H,1.008,0.0882,0.2649532787749369,0.06568879999999999
250,A,18,ILE,HG23,H,1.008,0.0882,0.2649532787749369,0.06568879999999999
251,A,18,ILE,CD1,C,12.01,-0.066,0.3399669508423535,0.4577296
252,A,18,ILE,HD11,H,1.008,0.0186,0.2649532787749369,0.06568879999999999
253,A,18,ILE,HD12,H,1.008,0.0186,0.2649532787749369,0.06568879999999999
254,A,18,ILE,HD13,H,1.008,0.0186,0.2649532787749369,0.06568879999999999
255,A,19,ILE,N,N,14.01,-0.4157,0.3249998523775958,0.7112800000000001
256,A,19,ILE,H,H,1.008,0.2719,0.10690784617684071,0.06568879999999999
257,A,19,ILE,CA,C,12.01,-0.0597,0.3399669508423535,0.4577296
258,A,19,ILE,HA,H,1.008,0.0869,0.2471353044121301,0.06568879999999999
259,A,19,ILE,C,C,12.01,0.5973,0.3399669508423535,0.359824
260,A,19,ILE,O,O,16.0,-0.5679,0.2959921901149463,0.87864
261,A,19,ILE,CB,C,12.01,0.1303,0.3399669508423535,0.4577296
262,A,19,ILE,HB,H,1.008,0.0187,0.2649532787749369,0.06568879999999999
263,A,19,ILE,CG1,C,12.01,-0.043,0.3399669508423535,0.4577296
264,A,19,ILE,HG12,H,1.008,0.0236,0.2649532787749369,0.06568879999999999
265,A,19,ILE,HG13,H,1.008,0.0236,0.2649532787749369,0.06568879999999999
266,A,19,ILE,CG2,C,12.01,-0.3204,0.3399669508423535,0.4577296
267,A,19,ILE,HG21,H,1.008,0.0882,0.2649532787749369,0.06568879999999999
268,A,19,ILE,HG22,H,1.008,0.0882,0.2649532787749369,0.06568879999999999
269,A,19,ILE,HG23,H,1.008,0.0882,0.2649532787749369,0.06568879999999999
270,A,19,ILE,CD1,C,12.01,-0.066,0.3399669508423535,0.4577296
271,A,19,ILE,HD11,H,1.008,0.0186,0.2649532787749369,0.06568879999999999
272,A,19,ILE,HD12,H,1.008,0.0186,0.2649532787749369,0.06568879999999999
273,A,19,ILE,HD13,H,1.008,0.0186,0.2649532787749369,0.06568879999999999
274,A,20,LEU,N,N,14.01,-0.4157,0.3249998523775958,0.7112800000000001
275,A,20,LEU,H,H,1.008,0.2719,0.10690784617684071,0.06568879999999999
276,A,20,LEU,CA,C,12.01,-0.0518,0.3399669508423535,0.4577296
277,A,20,LEU,HA,H,1.008,0.0922,0.2471353044121301,0.06568879999999999
278,A,20,LEU,C,C,12.01,0.5973,0.3399669508423535,0.359824
279,A,20,LEU,O,O,16.0,-0.5679,0.2959921901149463,0.87864
280,A,20,LEU,CB,C,12.01,-0.1102,0.3399669508423535,0.4577296
281,A,20,LEU,HB2,H,1.008,0.0457,0.2649532787749369,0.06568879999999999
282,A,20,LEU,HB3,H,1.008,0.0457,0.2649532787749369,0.06568879999999999
283,A,20,LEU,CG,C,12.01,0.3531,0.3399669508423535,0.4577296
284,A,20,LEU,HG,H,1.008,-0.0361,0.2649532787749369,0.06568879999999999
285,A,20,LEU,CD1,C,12.01,-0.4121,0.3399669508423535,0.4577296
286,A,20,LEU,HD11,H,1.008,0.1,0.2649532787749369,0.06568879999999999
287,A,20,LEU,HD12,H,1.008,0.1,0.2649532787749369,0.06568879999999999
288,A,20,LEU,HD13,H,1.008,0.1,0.2649532787749369,0.06568879999999999
289,A,20,LEU,CD2,C,12.01,-0.4121,0.3399669508423535,0.4577296
290,A,20,LEU,HD21,H,1.008,0.1,0.2649532787749369,0.06568879999999999
291,A,20,LEU,HD22,H,1.008,0.1,0.2649532787749369,0.06568879999999999
292,A,20,LEU,HD23,H,1.008,0.1,0.2649532787749369,0.06568879999999999
293,A,21,ILE,N,N,14.01,-0.4157,0.3249998523775958,0.7112800000000001
294,A,21,ILE,H,H,1.008,0.2719,0.10690784617684071,0.06568879999999999
295,A,21,ILE,CA,C,12.01,-0.0597,0.3399669508423535,0.4577296
296,A,21,ILE,HA,H,1.008,0.0869,0.2471353044121301,0.06568879999999999
297,A,21,ILE,C,C,12.01,0.5973,0.3399669508423535,0.359824
298,A,21,ILE,O,O,16.0,-0.5679,0.2959921901149463,0.87864
299,A,21,ILE,CB,C,12.01,0.1303,0.3399669508423535,0.4577296
300,A,21,ILE,HB,H,1.008,0.0187,0.2649532787749369,0.06568879999999999
301,A,21,ILE,CG1,C,12.01,-0.043,0.3399669508423535,0.4577296
302,A,21,ILE,HG12,H,1.008,0.0236,0.2649532787749369,0.06568879999999999
303,A,21,ILE,HG13,H,1.008,0.0236,0.2649532787749369,0.06568879999999999
304,A,21,ILE,CG2,C,12.01,-0.3204,0.3399669508423535,0.4577296
305,A,21,ILE,HG21,H,1.008,0.0882,0.2649532787749369,0.06568879999999999
306,A,21,ILE,HG22,H,1.008,0.0882,0.2649532787749369,0.06568879999999999
307,A,21,ILE,HG23,H,1.008,0.0882,0.2649532787749369,0.06568879999999999
308,A,21,ILE,CD1,C,12.01,-0.066,0.3399669508423535,0.4577296
309,A,21,ILE,HD11,H,1.008,0.0186,0.2649532787749369,0.06568879999999999
310,A,21,ILE,HD12,H,1.008,0.0186,0.2649532787749369,0.06568879999999999
311,A,21,ILE,HD13,H,1.008,0.0186,0.2649532787749369,0.06568879999999999
312,A,22,ARG,N,N,14.01,-0.3479,0.3249998523775958,0.7112800000000001
313,A,22,ARG,H,H,1.008,0.2747,0.10690784617684071,0.06568879999999999
314,A,22,ARG,CA,C,12.01,-0.2637,0.3399669508423535,0.4577296
315,A,22,ARG,HA,H,1.008,0.156,0.2471353044121301,0.06568879999999999
316,A,22,ARG,C,C,12.01,0.7341,0.3399669508423535,0.359824
317,A,22,ARG,O,O,16.0,-0.5894,0.2959921901149463,0.87864
318,A,22,ARG,CB,C,12.01,-0.0007,0.3399669508423535,0.4577296
319,A,22,ARG,HB2,H,1.008,0.0327,0.2649532787749369,0.06568879999999999
320,A,22,ARG,HB3,H,1.008,0.0327,0.2649532787749369,0.06568879999999999
321,A,22,ARG,CG,C,12.01,0.039,0.3399669508423535,0.4577296
322,A,22,ARG,HG2,H,1.008,0.0285,0.2649532787749369,0.06568879999999999
323,A,22,ARG,HG3,H,1.008,0.0285,0.2649532787749369,0.06568879999999999
324,A,22,ARG,CD,C,12.01,0.0486,0.3399669508423535,0.4577296
325,A,22,ARG,HD2,H,1.008,0.0687,0.2471353044121301,0.06568879999999999
326,A,22,ARG,HD3,H,1.008,0.0687,0.2471353044121301,0.06568879999999999
327,A,22,ARG,NE,N,14.01,-0.5295,0.3249998523775958,0.7112800000000001
328,A,22,ARG,HE,H,1.008,0.3456,0.10690784617684071,0.06568879999999999
329,A,22,ARG,CZ,C,12.01,0.8076,0.3399669508423535,0.359824
330,A,22,ARG,NH1,N,14.01,-0.8627,0.3249998523775958,0.7112800000000001
331,A,22,ARG,HH11,H,1.008,0.4478,0.10690784617684071,0.06568879999999999
332,A,22,ARG,HH12,H,1.008,0.4478,0.10690784617684071,0.06568879999999999
333,A,22,ARG,NH2,N,14.01,-0.8627,0.3249998523775958,0.7112800000000001
334,A,22,ARG,HH21,H,1.008,0.4478,0.10690784617684071,0.06568879999999999
335,A,22,ARG,HH22,H,1.008,0.4478,0.10690784617684071,0.06568879999999999
336,A,23,CYS,N,N,14.01,-0.4157,0.3249998523775958,0.7112800000000001
337,A,23,CYS,H,H,1.008,0.2719,0.10690784617684071,0.06568879999999999
338,A,23,CYS,CA,C,12.01,0.0429,0.3399669508423535,0.4577296
339,A,23,CYS,HA,H,1.008,0.0766,0.2471353044121301,0.06568879999999999
340,A,23,CYS,C,C,12.01,0.5973,0.3399669508423535,0.359824
341,A,23,CYS,O,O,16.0,-0.5679,0.2959921901149463,0.87864
342,A,23,CYS,CB,C,12.01,-0.079,0.3399669508423535,0.4577296
343,A,23,CYS,HB2,H,1.008,0.091,0.2471353044121301,0.06568879999999999
344,A,23,CYS,HB3,H,1.008,0.091,0.2471353044121301,0.06568879999999999
345,A,23,CYS,SG,S,32.06,-0.1081,0.35635948725613575,1.046
346,A,24,ALA,N,N,14.01,-0.4157,0.3249998523775958,0.7112800000000001
347,A,24,ALA,H,H,1.008,0.2719,0.10690784617684071,0.06568879999999999
348,A,24,ALA,CA,C,12.01,0.0337,0.3399669508423535,0.4577296
349,A,24,ALA,HA,H,1.008,0.0823,0.2471353044121301,0.06568879999999999
350,A,24,ALA,C,C,12.01,0.5973,0.3399669508423535,0.359824
351,A,24,ALA,O,O,16.0,-0.5679,0.2959921901149463,0.87864
352,A,24,ALA,CB,C,12.01,-0.1825,0.3399669508423535,0.4577296
353,A,24,ALA,HB1,H,1.008,0.0603,0.2649532787749369,0.06568879999999999
354,A,24,ALA,HB2,H,1.008,0.0603,0.2649532787749369,0.06568879999999999
355,A,24,ALA,HB3,H,1.008,0.0603,0.2649532787749369,0.06568879999999999
356,A,25,MET,N,N,14.01,-0.4157,0.3249998523775958,0.7112800000000001
357,A,25,MET,H,H,1.008,0.2719,0.10690784617684071,0.06568879999999999
358,A,25,MET,CA,C,12.01,-0.0237,0.3399669508423535,0.4577296
359,A,25,MET,HA,H,1.008,0.088,0.2471353044121301,0.06568879999999999
360,A,25,MET,C,C,12.01,0.5973,0.3399669508423535,0.359824
361,A,25,MET,O,O,16.0,-0.5679,0.2959921901149463,0.87864
362,A,25,MET,CB,C,12.01,0.0342,0.3399669508423535,0.4577296
363,A,25,MET,HB2,H,1.008,0.0241,0.2649532787749369,0.06568879999999999
364,A,25,MET,HB3,H,1.008,0.0241,0.2649532787749369,0.06568879999999999
365,A,25,MET,CG,C,12.01,0.0018,0.3399669508423535,0.4577296
366,A,25,MET,HG2,H,1.008,0.044,0.2471353044121301,0.06568879999999999
367,A,25,MET,HG3,H,1.008,0.044,0.2471353044121301,0.06568879999999999
368,A,25,MET,SD,S,32.06,-0.2737,0.35635948725613575,1.046
369,A,25,MET,CE,C,12.01,-0.0536,0.3399669508423535,0.4577296
370,A,25,MET,HE1,H,1.008,0.0684,0.2471353044121301,0.06568879999999999
371,A,25,MET,HE2,H,1.008,0.0684,0.2471353044121301,0.06568879999999999
372,A,25,MET,HE3,H,1.008,0.0684,0.2471353044121301,0.06568879999999999
373,A,26,LEU,N,N,14.01,-0.4157,0.3249998523775958,0.7112800000000001
374,A,26,LEU,H,H,1.008,0.2719,0.10690784617684071,0.06568879999999999
375,A,26,LEU,CA,C,12.01,-0.0518,0.3399669508423535,0.4577296
376,A,26,LEU,HA,H,1.008,0.0922,0.2471353044121301,0.06568879999999999
377,A,26,LEU,C,C,12.01,0.5973,0.3399669508423535,0.359824
378,A,26,LEU,O,O,16.0,-0.5679,0.2959921901149463,0.87864
379,A,26,LEU,CB,C,12.01,-0.1102,0.3399669508423535,0.4577296
380,A,26,LEU,HB2,H,1.008,0.0457,0.2649532787749369,0.06568879999999999
381,A,26,LEU,HB3,H,1.008,0.0457,0.2649532787749369,0.06568879999999999
382,A,26,LEU,CG,C,12.01,0.3531,0.3399669508423535,0.4577296
383,A,26,LEU,HG,H,1.008,-0.0361,0.2649532787749369,0.06568879999999999
384,A,26,LEU,CD1,C,12.01,-0.4121,0.3399669508423535,0.4577296
385,A,26,LEU,HD11,H,1.008,0.1,0.2649532787749369,0.06568879999999999
386,A,26,LEU,HD12,H,1.008,0.1,0.2649532787749369,0.06568879999999999
387,A,26,LEU,HD13,H,1.008,0.1,0.2649532787749369,0.06568879999999999
388,A,26,LEU,CD2,C,12.01,-0.4121,0.3399669508423535,0.4577296
389,A,26,LEU,HD21,H,1.008,0.1,0.2649532787749369,0.06568879999999999
390,A,26,LEU,HD22,H,1.008,0.1,0.2649532787749369,0.06568879999999999
391,A,26,LEU,HD23,H,1.008,0.1,0.2649532787749369,0.06568879999999999
392,A,27,ASN,N,N,14.01,-0.4157,0.3249998523775958,0.7112800000000001
393,A,27,ASN,H,H,1.008,0.2719,0.10690784617684071,0.06568879999999999
394,A,27,ASN,CA,C,12.01,0.0143,0.3399669508423535,0.4577296
395,A,27,ASN,HA,H,1.008,0.1048,0.2471353044121301,0.06568879999999999
396,A,27,ASN,C,C,12.01,0.5973,0.3399669508423535,0.359824
397,A,27,ASN,O,O,16.0,-0.5679,0.2959921901149463,0.87864
398,A,27,ASN,CB,C,12.01,-0.2041,0.3399669508423535,0.4577296
399,A,27,ASN,HB2,H,1.008,0.0797,0.2649532787749369,0.06568879999999999
400,A,27,ASN,HB3,H,1.008,0.0797,0.2649532787749369,0.06568879999999999
401,A,27,ASN,CG,C,12.01,0.713,0.3399669508423535,0.359824
402,A,27,ASN,OD1,O,16.0,-0.5931,0.2959921901149463,0.87864
403,A,27,ASN,ND2,N,14.01,-0.9191,0.3249998523775958,0.7112800000000001
404,A,27,ASN,HD21,H,1.008,0.4196,0.10690784617684071,0.06568879999999999
405,A,27,ASN,HD22,H,1.008,0.4196,0.10690784617684071,0.06568879999999999
406,A,28,PRO,N,N,14.01,-0.2548,0.3249998523775958,0.7112800000000001
407,A,28,PRO,CA,C,12.01,-0.0266,0.3399669508423535,0.4577296
408,A,28,PRO,HA,H,1.008,0.0641,0.2471353044121301,0.06568879999999999
409,A,28,PRO,C,C,12.01,0.5896,0.3399669508423535,0.359824
410,A,28,PRO,O,O,16.0,-0.5748,0.2959921901149463,0.87864
411,A,28,PRO,CB,C,12.01,-0.007,0.3399669508423535,0.4577296
412,A,28,PRO,HB2,H,1.008,0.0253,0.2649532787749369,0.06568879999999999
413,A,28,PRO,HB3,H,1.008,0.0253,0.2649532787749369,0.06568879999999999
414,A,28,PRO,CG,C,12.01,0.0189,0.3399669508423535,0.4577296
415,A,28,PRO,HG2,H,1.008,0.0213,0.2649532787749369,0.06568879999999999
416,A,28,PRO,HG3,H,1.008,0.0213,0.2649532787749369,0.06568879999999999
417,A,28,PRO,CD,C,12.01,0.0192,0.3399669508423535,0.4577296
418,A,28,PRO,HD2,H,1.008,0.0391,0.2471353044121301,0.06568879999999999
419,A,28,PRO,HD3,H,1.008,0.0391,0.2471353044121301,0.06568879999999999
420,A,29,PRO,N,N,14.01,-0.2548,0.3249998523775958,0.7112800000000001
421,A,29,PRO,CA,C,12.01,-0.0266,0.3399669508423535,0.4577296
422,A,29,PRO,HA,H,1.008,0.0641,0.2471353044121301,0.06568879999999999
423,A,29,PRO,C,C,12.01,0.5896,0.3399669508423535,0.359824
424,A,29,PRO,O,O,16.0,-0.5748,0.2959921901149463,0.87864
425,A,29,PRO,CB,C,12.01,-0.007,0.3399669508423535,0.4577296
426,A,29,PRO,HB2,H,1.008,0.0253,0.2649532787749369,0.06568879999999999
427,A,29,PRO,HB3,H,1.008,0.0253,0.2649532787749369,0.06568879999999999
428,A,29,PRO,CG,C,12.01,0.0189,0.3399669508423535,0.4577296
429,A,29,PRO,HG2,H,1.008,0.0213,0.2649532787749369,0.06568879999999999
430,A,29,PRO,HG3,H,1.008,0.0213,0.2649532787749369,0.06568879999999999
431,A,29,PRO,CD,C,12.01,0.0192,0.3399669508423535,0.4577296
432,A,29,PRO,HD2,H,1.008,0.0391,0.2471353044121301,0.06568879999999999
433,A,29,PRO,HD3,H,1.008,0.0391,0.2471353044121301,0.06568879999999999
434,A,30,ASN,N,N,14.01,-0.4157,0.3249998523775958,0.7112800000000001
435,A,30,ASN,H,H,1.008,0.2719,0.10690784617684071,0.06568879999999999
436,A,30,ASN,CA,C,12.01,0.0143,0.3399669508423535,0.4577296
437,A,30,ASN,HA,H,1.008,0.1048,0.2471353044121301,0.06568879999999999
438,A,30,ASN,C,C,12.01,0.5973,0.3399669508423535,0.359824
439,A,30,ASN,O,O,16.0,-0.5679,0.2959921901149463,0.87864
440,A,30,ASN,CB,C,12.01,-0.2041,0.3399669508423535,0.4577296
441,A,30,ASN,HB2,H,1.008,0.0797,0.2649532787749369,0.06568879999999999
442,A,30,ASN,HB3,H,1.008,0.0797,0.2649532787749369,0.06568879999999999
443,A,30,ASN,CG,C,12.01,0.713,0.3399669508423535,0.359824
444,A,30,ASN,OD1,O,16.0,-0.5931,0.2959921901149463,0.87864
445,A,30,ASN,ND2,N,14.01,-0.9191,0.3249998523775958,0.7112800000000001
446,A,30,ASN,HD21,H,1.008,0.4196,0.10690784617684071,0.06568879999999999
447,A,30,ASN,HD22,H,1.008,0.4196,0.10690784617684071,0.06568879999999999
448,A,31,ARG,N,N,14.01,-0.3479,0.3249998523775958,0.7112800000000001
449,A,31,ARG,H,H,1.008,0.2747,0.10690784617684071,0.06568879999999999
450,A,31,ARG,CA,C,12.01,-0.2637,0.3399669508423535,0.4577296
451,A,31,ARG,HA,H,1.008,0.156,0.2471353044121301,0.06568879999999999
452,A,31,ARG,C,C,12.01,0.7341,0.3399669508423535,0.359824
453,A,31,ARG,O,O,16.0,-0.5894,0.2959921901149463,0.87864
454,A,31,ARG,CB,C,12.01,-0.0007,0.3399669508423535,0.4577296
455,A,31,ARG,HB2,H,1.008,0.0327,0.2649532787749369,0.06568879999999999
456,A,31,ARG,HB3,H,1.008,0.0327,0.2649532787749369,0.06568879999999999
457,A,31,ARG,CG,C,12.01,0.039,0.3399669508423535,0.4577296
458,A,31,ARG,HG2,H,1.008,0.0285,0.2649532787749369,0.06568879999999999
459,A,31,ARG,HG3,H,1.008,0.0285,0.2649532787749369,0.06568879999999999
460,A,31,ARG,CD,C,12.01,0.0486,0.3399669508423535,0.4577296
461,A,31,ARG,HD2,H,1.008,0.0687,0.2471353044121301,0.06568879999999999
462,A,31,ARG,HD3,H,1.008,0.0687,0.2471353044121301,0.06568879999999999
463,A,31,ARG,NE,N,14.01,-0.5295,0.3249998523775958,0.7112800000000001
464,A,31,ARG,HE,H,1.008,0.3456,0.10690784617684071,0.06568879999999999
465,A,31,ARG,CZ,C,12.01,0.8076,0.3399669508423535,0.359824
466,A,31,ARG,NH1,N,14.01,-0.8627,0.3249998523775958,0.7112800000000001
467,A,31,ARG,HH11,H,1.008,0.4478,0.10690784617684071,0.06568879999999999
468,A,31,ARG,HH12,H,1.008,0.4478,0.10690784617684071,0.06568879999999999
469,A,31,ARG,NH2,N,14.01,-0.8627,0.3249998523775958,0.7112800000000001
470,A,31,ARG,HH21,H,1.008,0.4478,0.10690784617684071,0.06568879999999999
471,A,31,ARG,HH22,H,1.008,0.4478,0.10690784617684071,0.06568879999999999
472,A,32,CYS,N,N,14.01,-0.4157,0.3249998523775958,0.7112800000000001
473,A,32,CYS,H,H,1.008,0.2719,0.10690784617684071,0.06568879999999999
474,A,32,CYS,CA,C,12.01,0.0429,0.3399669508423535,0.4577296
475,A,32,CYS,HA,H,1.008,0.0766,0.2471353044121301,0.06568879999999999
476,A,32,CYS,C,C,12.01,0.5973,0.3399669508423535,0.359824
477,A,32,CYS,O,O,16.0,-0.5679,0.2959921901149463,0.87864
478,A,32,CYS,CB,C,12.01,-0.079,0.3399669508423535,0.4577296
479,A,32,CYS,HB2,H,1.008,0.091,0.2471353044121301,0.06568879999999999
480,A,32,CYS,HB3,H,1.008,0.091,0.2471353044121301,0.06568879999999999
481,A,32,CYS,SG,S,32.06,-0.1081,0.35635948725613575,1.046
482,A,33,LEU,N,N,14.01,-0.4157,0.3249998523775958,0.7112800000000001
483,A,33,LEU,H,H,1.008,0.2719,0.10690784617684071,0.06568879999999999
484,A,33,LEU,CA,C,12.01,-0.0518,0.3399669508423535,0.4577296
485,A,33,LEU,HA,H,1.008,0.0922,0.2471353044121301,0.06568879999999999
486,A,33,LEU,C,C,12.01,0.5973,0.3399669508423535,0.359824
487,A,33,LEU,O,O,16.0,-0.5679,0.2959921901149463,0.87864
488,A,33,LEU,CB,C,12.01,-0.1102,0.3399669508423535,0.4577296
489,A,33,LEU,HB2,H,1.008,0.0457,0.2649532787749369,0.06568879999999999
490,A,33,LEU,HB3,H,1.008,0.0457,0.2649532787749369,0.06568879999999999
491,A,33,LEU,CG,C,12.01,0.3531,0.3399669508423535,0.4577296
492,A,33,LEU,HG,H,1.008,-0.0361,0.2649532787749369,0.06568879999999999
493,A,33,LEU,CD1,C,12.01,-0.4121,0.3399669508423535,0.4577296
494,A,33,LEU,HD11,H,1.008,0.1,0.2649532787749369,0.06568879999999999
495,A,33,LEU,HD12,H,1.008,0.1,0.2649532787749369,0.06568879999999999
496,A,33,LEU,HD13,H,1.008,0.1,0.2649532787749369,0.06568879999999999
497,A,33,LEU,CD2,C,12.01,-0.4121,0.3399669508423535,0.4577296
498,A,33,LEU,HD21,H,1.008,0.1,0.2649532787749369,0.06568879999999999
499,A,33,LEU,HD22,H,1.008,0.1,0.2649532787749369,0.06568879999999999
500,A,33,LEU,HD23,H,1.008,0.1,0.2649532787749369,0.06568879999999999
501,A,34,LYS,N,N,14.01,-0.3479,0.3249998523775958,0.7112800000000001
502,A,34,LYS,H,H,1.008,0.2747,0.10690784617684071,0.06568879999999999
503,A,34,LYS,CA,C,12.01,-0.24,0.3399669508423535,0.4577296
504,A,34,LYS,HA,H,1.008,0.1426,0.2471353044121301,0.06568879999999999
505,A,34,LYS,C,C,12.01,0.7341,0.3399669508423535,0.359824
506,A,34,LYS,O,O,16.0,-0.5894,0.2959921901149463,0.87864
507,A,34,LYS,CB,C,12.01,-0.0094,0.3399669508423535,0.4577296
508,A,34,LYS,HB2,H,1.008,0.0362,0.2649532787749369,0.06568879999999999
509,A,34,LYS,HB3,H,1.008,0.0362,0.2649532787749369,0.06568879999999999
510,A,34,LYS,CG,C,12.01,0.0187,0.3399669508423535,0.4577296
511,A,34,LYS,HG2,H,1.008,0.0103,0.2649532787749369,0.06568879999999999
512,A,34,LYS,HG3,H,1.008,0.0103,0.2649532787749369,0.06568879999999999
513,A,34,LYS,CD,C,12.01,-0.0479,0.3399669508423535,0.4577296
514,A,34,LYS,HD2,H,1.008,0.0621,0.2649532787749369,0.06568879999999999
515,A,34,LYS,HD3,H,1.008,0.0621,0.2649532787749369,0.06568879999999999
516,A,34,LYS,CE,C,12.01,-0.0143,0.3399669508423535,0.4577296
517,A,34,LYS,HE2,H,1.008,0.1135,0.19599771799087468,0.06568879999999999
518,A,34,LYS,HE3,H,1.008,0.1135,0.19599771799087468,0.06568879999999999
519,A,34,LYS,NZ,N,14.01,-0.3854,0.3249998523775958,0.7112800000000001
520,A,34,LYS,HZ1,H,1.008,0.34,0.10690784617684071,0.06568879999999999
521,A,34,LYS,HZ2,H,1.008,0.34,0.10690784617684071,0.06568879999999999
522,A,34,LYS,HZ3,H,1.008,0.34,0.10690784617684071,0.06568879999999999
523,A,35,ASP,N,N,14.01,-0.5163,0.3249998523775958,0.7112800000000001
524,A,35,ASP,H,H,1.008,0.2936,0.10690784617684071,0.06568879999999999
525,A,35,ASP,CA,C,12.01,0.0381,0.3399669508423535,0.4577296
526,A,35,ASP,HA,H,1.008,0.088,0.2471353044121301,0.06568879999999999
527,A,35,ASP,C,C,12.01,0.5366,0.3399669508423535,0.359824
528,A,35,ASP,O,O,16.0,-0.5819,0.2959921901149463,0.87864
529,A,35,ASP,CB,C,12.01,-0.0303,0.3399669508423535,0.4577296
530,A,35,ASP,HB2,H,1.008,-0.0122,0.2649532787749369,0.06568879999999999
531,A,35,ASP,HB3,H,1.008,-0.0122,0.2649532787749369,0.06568879999999999
532,A,35,ASP,CG,C,12.01,0.7994,0.3399669508423535,0.359824
533,A,35,ASP,OD1,O,16.0,-0.8014,0.2959921901149463,0.87864
534,A,35,ASP,OD2,O,16.0,-0.8014,0.2959921901149463,0.87864
535,A,36,THR,N,N,14.01,-0.4157,0.3249998523775958,0.7112800000000001
536,A,36,THR,H,H,1.008,0.2719,0.10690784617684071,0.06568879999999999
537,A,36,THR,CA,C,12.01,-0.0389,0.3399669508423535,0.4577296
538,A,36,THR,HA,H,1.008,0.1007,0.2471353044121301,0.06568879999999999
539,A,36,THR,C,C,12.01,0.5973,0.3399669508423535,0.359824
540,A,36,THR,O,O,16.0,-0.5679,0.2959921901149463,0.87864
541,A,36,THR,CB,C,12.01,0.3654,0.3399669508423535,0.4577296
542,A,36,THR,HB,H,1.008,0.0043,0.2471353044121301,0.06568879999999999
543,A,36,THR,OG1,O,16.0,-0.6761,0.3066473387839048,0.8803136
544,A,36,THR,HG1,H,1.008,0.4102,1.0,0.0
545,A,36,THR,CG2,C,12.01,-0.2438,0.3399669508423535,0.4577296
546,A,36,THR,HG21,H,1.008,0.0642,0.2649532787749369,0.06568879999999999
547,A,36,THR,HG22,H,1.008,0.0642,0.2649532787749369,0.06568879999999999
548,A,36,THR,HG23,H,1.008,0.0642,0.2649532787749369,0.06568879999999999
549,A,37,ASP,N,N,14.01,-0.5163,0.3249998523775958,0.7112800000000001
550,A,37,ASP,H,H,1.008,0.2936,0.10690784617684071,0.06568879999999999
551,A,37,ASP,CA,C,12.01,0.0381,0.3399669508423535,0.4577296
552,A,37,ASP,HA,H,1.008,0.088,0.2471353044121301,0.06568879999999999
553,A,37,ASP,C,C,12.01,0.5366,0.3399669508423535,0.359824
554,A,37,ASP,O,O,16.0,-0.5819,0.2959921901149463,0.87864
555,A,37,ASP,CB,C,12.01,-0.0303,0.3399669508423535,0.4577296
556,A,37,ASP,HB2,H,1.008,-0.0122,0.2649532787749369,0.06568879999999999
557,A,37,ASP,HB3,H,1.008,-0.0122,0.2649532787749369,0.06568879999999999
558,A,37,ASP,CG,C,12.01,0.7994,0.3399669508423535,0.359824
559,A,37,ASP,OD1,O,16.0,-0.8014,0.2959921901149463,0.87864
560,A,37,ASP,OD2,O,16.0,-0.8014,0.2959921901149463,0.87864
561,A,38,CYS,N,N,14.01,-0.4157,0.3249998523775958,0.7112800000000001
562,A,38,CYS,H,H,1.008,0.2719,0.10690784617684071,0.06568879999999999
563,A,38,CYS,CA,C,12.01,0.0429,0.3399669508423535,0.4577296
564,A,38,CYS,HA,H,1.008,0.0766,0.2471353044121301,0.06568879999999999
565,A,38,CYS,C,C,12.01,0.5973,0.3399669508423535,0.359824
566,A,38,CYS,O,O,16.0,-0.5679,0.2959921901149463,0.87864
567,A,38,CYS,CB,C,12.01,-0.079,0.3399669508423535,0.4577296
568,A,38,CYS,HB2,H,1.008,0.091,0.2471353044121301,0.06568879999999999
569,A,38,CYS,HB3,H,1.008,0.091,0.2471353044121301,0.06568879999999999
570,A,38,CYS,SG,S,32.06,-0.1081,0.35635948725613575,1.046
571,A,39,PRO,N,N,14.01,-0.2548,0.3249998523775958,0.7112800000000001
572,A,39,PRO,CA,C,12.01,-0.0266,0.3399669508423535,0.4577296
573,A,39,PRO,HA,H,1.008,0.0641,0.2471353044121301,0.06568879999999999
574,A,39,PRO,C,C,12.01,0.5896,0.3399669508423535,0.359824
575,A,39,PRO,O,O,16.0,-0.5748,0.2959921901149463,0.87864
576,A,39,PRO,CB,C,12.01,-0.007,0.3399669508423535,0.4577296
577,A,39,PRO,HB2,H,1.008,0.0253,0.2649532787749369,0.06568879999999999
578,A,39,PRO,HB3,H,1.008,0.0253,0.2649532787749369,0.06568879999999999
579,A,39,PRO,CG,C,12.01,0.0189,0.3399669508423535,0.4577296
580,A,39,PRO,HG2,H,1.008,0.0213,0.2649532787749369,0.06568879999999999
581,A,39,PRO,HG3,H,1.008,0.0213,0.2649532787749369,0.06568879999999999
582,A,39,PRO,CD,C,12.01,0.0192,0.3399669508423535,0.4577296
583,A,39,PRO,HD2,H,1.008,0.0391,0.2471353044121301,0.06568879999999999
584,A,39,PRO,HD3,H,1.008,0.0391,0.2471353044121301,0.06568879999999999
585,A,40,GLY,N,N,14.01,-0.4157,0.3249998523775958,0.7112800000000001
586,A,40,GLY,H,H,1.008,0.2719,0.10690784617684071,0.06568879999999999
587,A,40,GLY,CA,C,12.01,-0.0252,0.3399669508423535,0.4577296
588,A,40,GLY,HA2,H,1.008,0.0698,0.2471353044121301,0.06568879999999999
589,A,40,GLY,HA3,H,1.008,0.0698,0.2471353044121301,0.06568879999999999
590,A,40,GLY,C,C,12.01,0.5973,0.3399669508423535,0.359824
591,A,40,GLY,O,O,16.0,-0.5679,0.2959921901149463,0.87864
592,A,41,ILE,N,N,14.01,-0.4157,0.3249998523775958,0.7112800000000001
593,A,41,ILE,H,H,1.008,0.2719,0.10690784617684071,0.06568879999999999
594,A,41,ILE,CA,C,12.01,-0.0597,0.3399669508423535,0.4577296
595,A,41,ILE,HA,H,1.008,0.0869,0.2471353044121301,0.06568879999999999
596,A,41,ILE,C,C,12.01,0.5973,0.3399669508423535,0.359824
597,A,41,ILE,O,O,16.0,-0.5679,0.2959921901149463,0.87864
598,A,41,ILE,CB,C,12.01,0.1303,0.3399669508423535,0.4577296
599,A,41,ILE,HB,H,1.008,0.0187,0.2649532787749369,0.06568879999999999
600,A,41,ILE,CG1,C,12.01,-0.043,0.3399669508423535,0.4577296
601,A,41,ILE,HG12,H,1.008,0.0236,0.2649532787749369,0.06568879999999999
602,A,41,ILE,HG13,H,1.008,0.0236,0.2649532787749369,0.06568879999999999
603,A,41,ILE,CG2,C,12.01,-0.3204,0.3399669508423535,0.4577296
604,A,41,ILE,HG21,H,1.008,0.0882,0.2649532787749369,0.06568879999999999
605,A,41,ILE,HG22,H,1.008,0.0882,0.2649532787749369,0.06568879999999999
606,A,41,ILE,HG23,H,1.008,0.0882,0.2649532787749369,0.06568879999999999
607,A,41,ILE,CD1,C,12.01,-0.066,0.3399669508423535,0.4577296
608,A,41,ILE,HD11,H,1.008,0.0186,0.2649532787749369,0.06568879999999999
609,A,41,ILE,HD12,H,1.008,0.0186,0.2649532787749369,0.06568879999999999
610,A,41,ILE,HD13,H,1.008,0.0186,0.2649532787749369,0.06568879999999999
611,A,42,LYS,N,N,14.01,-0.3479,0.3249998523775958,0.7112800000000001
612,A,42,LYS,H,H,1.008,0.2747,0.10690784617684071,0.06568879999999999
613,A,42,LYS,CA,C,12.01,-0.24,0.3399669508423535,0.4577296
614,A,42,LYS,HA,H,1.008,0.1426,0.2471353044121301,0.06568879999999999
615,A,42,LYS,C,C,12.01,0.7341,0.3399669508423535,0.359824
616,A,42,LYS,O,O,16.0,-0.5894,0.2959921901149463,0.87864
617,A,42,LYS,CB,C,12.01,-0.0094,0.3399669508423535,0.4577296
618,A,42,LYS,HB2,H,1.008,0.0362,0.2649532787749369,0.06568879999999999
619,A,42,LYS,HB3,H,1.008,0.0362,0.2649532787749369,0.06568879999999999
620,A,42,LYS,CG,C,12.01,0.0187,0.3399669508423535,0.4577296
621,A,42,LYS,HG2,H,1.008,0.0103,0.2649532787749369,0.06568879999999999
622,A,42,LYS,HG3,H,1.008,0.0103,0.2649532787749369,0.06568879999999999
623,A,42,LYS,CD,C,12.01,-0.0479,0.3399669508423535,0.4577296
624,A,42,LYS,HD2,H,1.008,0.0621,0.2649532787749369,0.06568879999999999
625,A,42,LYS,HD3,H,1.008,0.0621,0.2649532787749369,0.06568879999999999
626,A,42,LYS,CE,C,12.01,-0.0143,0.3399669508423535,0.4577296
627,A,42,LYS,HE2,H,1.008,0.1135,0.19599771799087468,0.06568879999999999
628,A,42,LYS,HE3,H,1.008,0.1135,0.19599771799087468,0.06568879999999999
629,A,42,LYS,NZ,N,14.01,-0.3854,0.3249998523775958,0.7112800000000001
630,A,42,LYS,HZ1,H,1.008,0.34,0.10690784617684071,0.06568879999999999
631,A,42,LYS,HZ2,H,1.008,0.34,0.10690784617684071,0.06568879999999999
632,A,42,LYS,HZ3,H,1.008,0.34,0.10690784617684071,0.06568879999999999
633,A,43,LYS,N,N,14.01,-0.3479,0.3249998523775958,0.7112800000000001
634,A,43,LYS,H,H,1.008,0.2747,0.10690784617684071,0.06568879999999999
635,A,43,LYS,CA,C,12.01,-0.24,0.3399669508423535,0.4577296
636,A,43,LYS,HA,H,1.008,0.1426,0.2471353044121301,0.06568879999999999
637,A,43,LYS,C,C,12.01,0.7341,0.3399669508423535,0.359824
638,A,43,LYS,O,O,16.0,-0.5894,0.2959921901149463,0.87864
639,A,43,LYS,CB,C,12.01,-0.0094,0.3399669508423535,0.4577296
640,A,43,LYS,HB2,H,1.008,0.0362,0.2649532787749369,0.06568879999999999
641,A,43,LYS,HB3,H,1.008,0.0362,0.2649532787749369,0.06568879999999999
642,A,43,LYS,CG,C,12.01,0.0187,0.3399669508423535,0.4577296
643,A,43,LYS,HG2,H,1.008,0.0103,0.2649532787749369,0.06568879999999999
644,A,43,LYS,HG3,H,1.008,0.0103,0.2649532787749369,0.06568879999999999
645,A,43,LYS,CD,C,12.01,-0.0479,0.3399669508423535,0.4577296
646,A,43,LYS,HD2,H,1.008,0.0621,0.2649532787749369,0.06568879999999999
647,A,43,LYS,HD3,H,1.008,0.0621,0.2649532787749369,0.06568879999999999
648,A,43,LYS,CE,C,12.01,-0.0143,0.3399669508423535,0.4577296
649,A,43,LYS,HE2,H,1.008,0.1135,0.19599771799087468,0.06568879999999999
650,A,43,LYS,HE3,H,1.008,0.1135,0.19599771799087468,0.06568879999999999
651,A,43,LYS,NZ,N,14.01,-0.3854,0.3249998523775958,0.7112800000000001
652,A,43,LYS,HZ1,H,1.008,0.34,0.10690784617684071,0.06568879999999999
653,A,43,LYS,HZ2,H,1.008,0.34,0.10690784617684071,0.06568879999999999
654,A,43,LYS,HZ3,H,1.008,0.34,0.10690784617684071,0.06568879999999999
655,A,44,CYS,N,N,14.01,-0.4157,0.3249998523775958,0.7112800000000001
656,A,44,CYS,H,H,1.008,0.2719,0.10690784617684071,0.06568879999999999
657,A,44,CYS,CA,C,12.01,0.0429,0.3399669508423535,0.4577296
658,A,44,CYS,HA,H,1.008,0.0766,0.2471353044121301,0.06568879999999999
659,A,44,CYS,C,C,12.01,0.5973,0.3399669508423535,0.359824
660,A,44,CYS,O,O,16.0,-0.5679,0.2959921901149463,0.87864
661,A,44,CYS,CB,C,12.01,-0.079,0.3399669508423535,0.4577296
662,A,44,CYS,HB2,H,1.008,0.091,0.2471353044121301,0.06568879999999999
663,A,44,CYS,HB3,H,1.008,0.091,0.2471353044121301,0.06568879999999999
664,A,44,CYS,SG,S,32.06,-0.1081,0.35635948725613575,1.046
665,A,45,CYS,N,N,14.01,-0.4157,0.3249998523775958,0.7112800000000001
666,A,45,CYS,H,H,1.008,0.2719,0.10690784617684071,0.06568879999999999
667,A,45,CYS,CA,C,12.01,0.0429,0.3399669508423535,0.4577296
668,A,45,CYS,HA,H,1.008,0.0766,0.2471353044121301,0.06568879999999999
669,A,45,CYS,C,C,12.01,0.5973,0.3399669508423535,0.359824
670,A,45,CYS,O,O,16.0,-0.5679,0.2959921901149463,0.87864
671,A,45,CYS,CB,C,12.01,-0.079,0.3399669508423535,0.4577296
672,A,45,CYS,HB2,H,1.008,0.091,0.2471353044121301,0.06568879999999999
673,A,45,CYS,HB3,H,1.008,0.091,0.2471353044121301,0.06568879999999999
674,A,45,CYS,SG,S,32.06,-0.1081,0.35635948725613575,1.046
675,A,46,GLU,N,N,14.01,-0.5163,0.3249998523775958,0.7112800000000001
676,A,46,GLU,H,H,1.008,0.2936,0.10690784617684071,0.06568879999999999
677,A,46,GLU,CA,C,12.01,0.0397,0.3399669508423535,0.4577296
678,A,46,GLU,HA,H,1.008,0.1105,0.2471353044121301,0.06568879999999999
679,A,46,GLU,C,C,12.01,0.5366,0.3399669508423535,0.359824
680,A,46,GLU,O,O,16.0,-0.5819,0.2959921901149463,0.87864
681,A,46,GLU,CB,C,12.01,0.056,0.3399669508423535,0.4577296
682,A,46,GLU,HB2,H,1.008,-0.0173,0.2649532787749369,0.06568879999999999
683,A,46,GLU,HB3,H,1.008,-0.0173,0.2649532787749369,0.06568879999999999
684,A,46,GLU,CG,C,12.01,0.0136,0.3399669508423535,0.4577296
685,A,46,GLU,HG2,H,1.008,-0.0425,0.2649532787749369,0.06568879999999999
686,A,46,GLU,HG3,H,1.008,-0.0425,0.2649532787749369,0.06568879999999999
687,A,46,GLU,CD,C,12.01,0.8054,0.3399669508423535,0.359824
688,A,46,GLU,OE1,O,16.0,-0.8188,0.2959921901149463,0.87864
689,A,46,GLU,OE2,O,16.0,-0.8188,0.2959921901149463,0.87864
690,A,47,GLY,N,N,14.01,-0.4157,0.3249998523775958,0.7112800000000001
691,A,47,GLY,H,H,1.008,0.2719,0.10690784617684071,0.06568879999999999
692,A,47,GLY,CA,C,12.01,-0.0252,0.3399669508423535,0.4577296
693,A,47,GLY,HA2,H,1.008,0.0698,0.2471353044121301,0.06568879999999999
694,A,47,GLY,HA3,H,1.008,0.0698,0.2471353044121301,0.06568879999999999
695,A,47,GLY,C,C,12.01,0.5973,0.3399669508423535,0.359824
696,A,47,GLY,O,O,16.0,-0.5679,0.2959921901149463,0.87864
697,A,48,SER,N,N,14.01,-0.4157,0.3249998523775958,0.7112800000000001
698,A,48,SER,H,H,1.008,0.2719,0.10690784617684071,0.06568879999999999
699,A,48,SER,CA,C,12.01,-0.0249,0.3399669508423535,0.4577296
700,A,48,SER,HA,H,1.008,0.0843,0.2471353044121301,0.06568879999999999
701,A,48,SER,C,C,12.01,0.5973,0.3399669508423535,0.359824
702,A,48,SER,O,O,16.0,-0.5679,0.2959921901149463,0.87864
703,A,48,SER,CB,C,12.01,0.2117,0.3399669508423535,0.4577296
704,A,48,SER,HB2,H,1.008,0.0352,0.2471353044121301,0.06568879999999999
705,A,48,SER,HB3,H,1.008,0.0352,0.2471353044121301,0.06568879999999999
706,A,48,SER,OG,O,16.0,-0.6546,0.3066473387839048,0.8803136
707,A,48,SER,HG,H,1.008,0.4275,1.0,0.0
708,A,49,CYS,N,N,14.01,-0.4157,0.3249998523775958,0.7112800000000001
709,A,49,CYS,H,H,1.008,0.2719,0.10690784617684071,0.06568879999999999
710,A,49,CYS,CA,C,12.01,0.0429,0.3399669508423535,0.4577296
711,A,49,CYS,HA,H,1.008,0.0766,0.2471353044121301,0.06568879999999999
712,A,49,CYS,C,C,12.01,0.5973,0.3399669508423535,0.359824
713,A,49,CYS,O,O,16.0,-0.5679,0.2959921901149463,0.87864
714,A,49,CYS,CB,C,12.01,-0.079,0.3399669508423535,0.4577296
715,A,49,CYS,HB2,H,1.008,0.091,0.2471353044121301,0.06568879999999999
716,A,49,CYS,HB3,H,1.008,0.091,0.2471353044121301,0.06568879999999999
717,A,49,CYS,SG,S,32.06,-0.1081,0.35635948725613575,1.046
718,A,50,GLY,N,N,14.01,-0.4157,0.3249998523775958,0.7112800000000001
719,A,50,GLY,H,H,1.008,0.2719,0.10690784617684071,0.06568879999999999
720,A,50,GLY,CA,C,12.01,-0.0252,0.3399669508423535,0.4577296
721,A,50,GLY,HA2,H,1.008,0.0698,0.2471353044121301,0.06568879999999999
722,A,50,GLY,HA3,H,1.008,0.0698,0.2471353044121301,0.06568879999999999
723,A,50,GLY,C,C,12.01,0.5973,0.3399669508423535,0.359824
724,A,50,GLY,O,O,16.0,-0.5679,0.2959921901149463,0.87864
725,A,51,MET,N,N,14.01,-0.4157,0.3249998523775958,0.7112800000000001
726,A,51,MET,H,H,1.008,0.2719,0.10690784617684071,0.06568879999999999
727,A,51,MET,CA,C,12.01,-0.0237,0.3399669508423535,0.4577296
728,A,51,MET,HA,H,1.008,0.088,0.2471353044121301,0.06568879999999999
729,A,51,MET,C,C,12.01,0.5973,0.3399669508423535,0.359824
730,A,51,MET,O,O,16.0,-0.5679,0.2959921901149463,0.87864
731,A,51,MET,CB,C,12.01,0.0342,0.3399669508423535,0.4577296
732,A,51,MET,HB2,H,1.008,0.0241,0.2649532787749369,0.06568879999999999
733,A,51,MET,HB3,H,1.008,0.0241,0.2649532787749369,0.06568879999999999
734,A,51,MET,CG,C,12.01,0.0018,0.3399669508423535,0.4577296
735,A,51,MET,HG2,H,1.008,0.044,0.2471353044121301,0.06568879999999999
736,A,51,MET,HG3,H,1.008,0.044,0.2471353044121301,0.06568879999999999
737,A,51,MET,SD,S,32.06,-0.2737,0.35635948725613575,1.046
738,A,51,MET,CE,C,12.01,-0.0536,0.3399669508423535,0.4577296
739,A,51,MET,HE1,H,1.008,0.0684,0.2471353044121301,0.06568879999999999
740,A,51,MET,HE2,H,1.008,0.0684,0.2471353044121301,0.06568879999999999
741,A,51,MET,HE3,H,1.008,0.0684,0.2471353044121301,0.06568879999999999
742,A,52,ALA,N,N,14.01,-0.4157,0.3249998523775958,0.7112800000000001
743,A,52,ALA,H,H,1.008,0.2719,0.10690784617684071,0.06568879999999999
744,A,52,ALA,CA,C,12.01,0.0337,0.3399669508423535,0.4577296
745,A,52,ALA,HA,H,1.008,0.0823,0.2471353044121301,0.06568879999999999
746,A,52,ALA,C,C,12.01,0.5973,0.3399669508423535,0.359824
747,A,52,ALA,O,O,16.0,-0.5679,0.2959921901149463,0.87864
748,A,52,ALA,CB,C,12.01,-0.1825,0.3399669508423535,0.4577296
749,A,52,ALA,HB1,H,1.008,0.0603,0.2649532787749369,0.06568879999999999
750,A,52,ALA,HB2,H,1.008,0.0603,0.2649532787749369,0.06568879999999999
751,A,52,ALA,HB3,H,1.008,0.0603,0.2649532787749369,0.06568879999999999
752,A,53,CYS,N,N,14.01,-0.4157,0.3249998523775958,0.7112800000000001
753,A,53,CYS,H,H,1.008,0.2719,0.10690784617684071,0.06568879999999999
754,A,53,CYS,CA,C,12.01,0.0429,0.3399669508423535,0.4577296
755,A,53,CYS,HA,H,1.008,0.0766,0.2471353044121301,0.06568879999999999
756,A,53,CYS,C,C,12.01,0.5973,0.3399669508423535,0.359824
757,A,53,CYS,O,O,16.0,-0.5679,0.2959921901149463,0.87864
758,A,53,CYS,CB,C,12.01,-0.079,0.3399669508423535,0.4577296
759,A,53,CYS,HB2,H,1.008,0.091,0.2471353044121301,0.06568879999999999
760,A,53,CYS,HB3,H,1.008,0.091,0.2471353044121301,0.06568879999999999
761,A,53,CYS,SG,S,32.06,-0.1081,0.35635948725613575,1.046
762,A,54,PHE,N,N,14.01,-0.4157,0.3249998523775958,0.7112800000000001
763,A,54,PHE,H,H,1.008,0.2719,0.10690784617684071,0.06568879999999999
764,A,54,PHE,CA,C,12.01,-0.0024,0.3399669508423535,0.4577296
765,A,54,PHE,HA,H,1.008,0.0978,0.2471353044121301,0.06568879999999999
766,A,54,PHE,C,C,12.01,0.5973,0.3399669508423535,0.359824
767,A,54,PHE,O,O,16.0,-0.5679,0.2959921901149463,0.87864
768,A,54,PHE,CB,C,12.01,-0.0343,0.3399669508423535,0.4577296
769,A,54,PHE,HB2,H,1.008,0.0295,0.2649532787749369,0.06568879999999999
770,A,54,PHE,HB3,H,1.008,0.0295,0.2649532787749369,0.06568879999999999
771,A,54,PHE,CG,C,12.01,0.0118,0.3399669508423535,0.359824
772,A,54,PHE,CD1,C,12.01,-0.1256,0.3399669508423535,0.359824
773,A,54,PHE,HD1,H,1.008,0.133,0.25996424595335105,0.06276
774,A,54,PHE,CD2,C,12.01,-0.1256,0.3399669508423535,0.359824
775,A,54,PHE,HD2,H,1.008,0.133,0.25996424595335105,0.06276
776,A,54,PHE,CE1,C,12.01,-0.1704,0.3399669508423535,0.359824
777,A,54,PHE,HE1,H,1.008,0.143,0.25996424595335105,0.06276
778,A,54,PHE,CE2,C,12.01,-0.1704,0.3399669508423535,0.359824
779,A,54,PHE,HE2,H,1.008,0.143,0.25996424595335105,0.06276
780,A,54,PHE,CZ,C,12.01,-0.1072,0.3399669508423535,0.359824
781,A,54,PHE,HZ,H,1.008,0.1297,0.25996424595335105,0.06276
782,A,55,VAL,N,N,14.01,-0.4157,0.3249998523775958,0.7112800000000001
783,A,55,VAL,H,H,1.008,0.2719,0.10690784617684071,0.06568879999999999
784,A,55,VAL,CA,C,12.01,-0.0875,0.3399669508423535,0.4577296
785,A,55,VAL,HA,H,1.008,0.0969,0.2471353044121301,0.06568879999999999
786,A,55,VAL,C,C,12.01,0.5973,0.3399669508423535,0.359824
787,A,55,VAL,O,O,16.0,-0.5679,0.2959921901149463,0.87864
788,A,55,VAL,CB,C,12.01,0.2985,0.3399669508423535,0.4577296
789,A,55,VAL,HB,H,1.008,-0.0297,0.2649532787749369,0.06568879999999999
790,A,55,VAL,CG1,C,12.01,-0.3192,0.3399669508423535,0.4577296
791,A,55,VAL,HG11,H,1.008,0.0791,0.2649532787749369,0.06568879999999999
792,A,55,VAL,HG12,H,1.008,0.0791,0.2649532787749369,0.06568879999999999
793,A,55,VAL,HG13,H,1.008,0.0791,0.2649532787749369,0.06568879999999999
794,A,55,VAL,CG2,C,12.01,-0.3192,0.3399669508423535,0.4577296
795,A,55,VAL,HG21,H,1.008,0.0791,0.2649532787749369,0.06568879999999999
796,A,55,VAL,HG22,H,1.008,0.0791,0.2649532787749369,0.06568879999999999
797,A,55,VAL,HG23,H,1.008,0.0791,0.2649532787749369,0.06568879999999999
798,A,56,PRO,N,N,14.01,-0.2548,0.3249998523775958,0.7112800000000001
799,A,56,PRO,CA,C,12.01,-0.0266,0.3399669508423535,0.4577296
800,A,56,PRO,HA,H,1.008,0.0641,0.2471353044121301,0.06568879999999999
801,A,56,PRO,C,C,12.01,0.5896,0.3399669508423535,0.359824
802,A,56,PRO,O,O,16.0,-0.5748,0.2959921901149463,0.87864
803,A,56,PRO,CB,C,12.01,-0.007,0.3399669508423535,0.4577296
804,A,56,PRO,HB2,H,1.008,0.0253,0.2649532787749369,0.06568879999999999
805,A,56,PRO,HB3,H,1.008,0.0253,0.2649532787749369,0.06568879999999999
806,A,56,PRO,CG,C,12.01,0.0189,0.3399669508423535,0.4577296
807,A,56,PRO,HG2,H,1.008,0.0213,0.2649532787749369,0.06568879999999999
808,A,56,PRO,HG3,H,1.008,0.0213,0.2649532787749369,0.06568879999999999
809,A,56,PRO,CD,C,12.01,0.0192,0.3399669508423535,0.4577296
810,A,56,PRO,HD2,H,1.008,0.0391,0.2471353044121301,0.06568879999999999
811,A,56,PRO,HD3,H,1.008,0.0391,0.2471353044121301,0.06568879999999999
812,A,57,GLN,N,N,14.01,-0.3821,0.3249998523775958,0.7112800000000001
813,A,57,GLN,H,H,1.008,0.2681,0.10690784617684071,0.06568879999999999
814,A,57,GLN,CA,C,12.01,-0.2248,0.3399669508423535,0.4577296
815,A,57,GLN,HA,H,1.008,0.1232,0.2471353044121301,0.06568879999999999
816,A,57,GLN,C,C,12.01,0.7775,0.3399669508423535,0.359824
817,A,57,GLN,O,O,16.0,-0.8042,0.2959921901149463,0.87864
818,A,57,GLN,CB,C,12.01,-0.0664,0.3399669508423535,0.4577296
819,A,57,GLN,HB2,H,1.008,0.0452,0.2649532787749369,0.06568879999999999
820,A,57,GLN,HB3,H,1.008,0.0452,0.2649532787749369,0.06568879999999999
821,A,57,GLN,CG,C,12.01,-0.021,0.3399669508423535,0.4577296
822,A,57,GLN,HG2,H,1.008,0.0203,0.2649532787749369,0.06568879999999999
823,A,57,GLN,HG3,H,1.008,0.0203,0.2649532787749369,0.06568879999999999
824,A,57,GLN,CD,C,12.01,0.7093,0.3399669508423535,0.359824
825,A,57,GLN,OE1,O,16.0,-0.6098,0.2959921901149463,0.87864
826,A,57,GLN,NE2,N,14.01,-0.9574,0.3249998523775958,0.7112800000000001
827,A,57,GLN,HE21,H,1.008,0.4304,0.10690784617684071,0.06568879999999999
828,A,57,GLN,HE22,H,1.008,0.4304,0.10690784617684071,0.06568879999999999
829,A,57,GLN,OXT,O,16.0,-0.8042,0.2959921901149463,0.87864
830,2,58,HOH,O,O,15.99943,-0.848448690103,0.317796456355,0.652143528104
831,2,58,HOH,H1,H,1.007947,0.4242243450515,1.0,0.0
832,2,58,HOH,H2,H,1.007947,0.4242243450515,1.0,0.0
833,2,59,HOH,O,O,15.99943,-0.848448690103,0.317796456355,0.652143528104
834,2,59,HOH,H1,H,1.007947,0.4242243450515,1.0,0.0
835,2,59,HOH,H2,H,1.007947,0.4242243450515,1.0,0.0
836,2,60,HOH,O,O,15.99943,-0.848448690103,0.317796456355,0.652143528104
837,2,60,HOH,H1,H,1.007947,0.4242243450515,1.0,0.0
838,2,60,HOH,H2,H,1.007947,0.4242243450515,1.0,0.0
839,2,61,HOH,O,O,15.99943,-0.848448690103,0.317796456355,0.652143528104
840,2,61,HOH,H1,H,1.007947,0.4242243450515,1.0,0.0
841,2,61,HOH,H2,H,1.007947,0.4242243450515,1.0,0.0
842,2,62,HOH,O,O,15.99943,-0.848448690103,0.317796456355,0.652143528104
843,2,62,HOH,H1,H,1.007947,0.4242243450515,1.0,0.0
844,2,62,HOH,H2,H,1.007947,0.4242243450515,1.0,0.0
845,2,63,HOH,O,O,15.99943,-0.848448690103,0.317796456355,0.652143528104
846,2,63,HOH,H1,H,1.007947,0.4242243450515,1.0,0.0
847,2,63,HOH,H2,H,1.007947,0.4242243450515,1.0,0.0
848,2,64,HOH,O,O,15.99943,-0.848448690103,0.317796456355,0.652143528104
849,2,64,HOH,H1,H,1.007947,0.4242243450515,1.0,0.0
850,2,64,HOH,H2,H,1.007947,0.4242243450515,1.0,0.0
851,2,65,HOH,O,O,15.99943,-0.848448690103,0.317796456355,0.652143528104
852,2,65,HOH,H1,H,1.007947,0.4242243450515,1.0,0.0
853,2,65,HOH,H2,H,1.007947,0.4242243450515,1.0,0.0
854,2,66,HOH,O,O,15.99943,-0.848448690103,0.317796456355,0.652143528104
855,2,66,HOH,H1,H,1.007947,0.4242243450515,1.0,0.0
856,2,66,HOH,H2,H,1.007947,0.4242243450515,1.0,0.0
857,2,67,HOH,O,O,15.99943,-0.848448690103,0.317796456355,0.652143528104
858,2,67,HOH,H1,H,1.007947,0.4242243450515,1.0,0.0
859,2,67,HOH,H2,H,1.007947,0.4242243450515,1.0,0.0
860,2,68,HOH,O,O,15.99943,-0.848448690103,0.317796456355,0.652143528104
861,2,68,HOH,H1,H,1.007947,0.4242243450515,1.0,0.0
862,2,68,HOH,H2,H,1.007947,0.4242243450515,1.0,0.0
863,2,69,HOH,O,O,15.99943,-0.848448690103,0.317796456355,0.652143528104
864,2,69,HOH,H1,H,1.007947,0.4242243450515,1.0,0.0
865,2,69,HOH,H2,H,1.007947,0.4242243450515,1.0,0.0
866,2,70,HOH,O,O,15.99943,-0.848448690103,0.317796456355,0.652143528104
867,2,70,HOH,H1,H,1.007947,0.4242243450515,1.0,0.0
868,2,70,HOH,H2,H,1.007947,0.4242243450515,1.0,0.0
869,2,71,HOH,O,O,15.99943,-0.848448690103,0.317796456355,0.652143528104
870,2,71,HOH,H1,H,1.007947,0.4242243450515,1.0,0.0
871,2,71,HOH,H2,H,1.007947,0.4242243450515,1.0,0.0
872,2,72,HOH,O,O,15.99943,-0.848448690103,0.317796456355,0.652143528104
873,2,72,HOH,H1,H,1.007947,0.4242243450515,1.0,0.0
874,2,72,HOH,H2,H,1.007947,0.4242243450515,1.0,0.0
875,2,73,HOH,O,O,15.99943,-0.848448690103,0.317796456355,0.652143528104
876,2,73,HOH,H1,H,1.007947,0.4242243450515,1.0,0.0
877,2,73,HOH,H2,H,1.007947,0.4242243450515,1.0,0.0
878,2,74,HOH,O,O,15.99943,-0.848448690103,0.317796456355,0.652143528104
879,2,74,HOH,H1,H,1.007947,0.4242243450515,1.0,0.0
880,2,74,HOH,H2,H,1.007947,0.4242243450515,1.0,0.0
881,2,75,HOH,O,O,15.99943,-0.848448690103,0.317796456355,0.652143528104
882,2,75,HOH,H1,H,1.007947,0.4242243450515,1.0,0.0
883,2,75,HOH,H2,H,1.007947,0.4242243450515,1.0,0.0
884,2,76,HOH,O,O,15.99943,-0.848448690103,0.317796456355,0.652143528104
885,2,76,HOH,H1,H,1.007947,0.4242243450515,1.0,0.0
886,2,76,HOH,H2,H,1.007947,0.4242243450515,1.0,0.0
887,2,77,HOH,O,O,15.99943,-0.848448690103,0.317796456355,0.652143528104
888,2,77,HOH,H1,H,1.007947,0.4242243450515,1.0,0.0
889,2,77,HOH,H2,H,1.007947,0.4242243450515,1.0,0.0
890,2,78,HOH,O,O,15.99943,-0.848448690103,0.317796456355,0.652143528104
891,2,78,HOH,H1,H,1.007947,0.4242243450515,1.0,0.0
892,2,78,HOH,H2,H,1.007947,0.4242243450515,1.0,0.0
893,2,79,HOH,O,O,15.99943,-0.848448690103,0.317796456355,0.652143528104
894,2,79,HOH,H1,H,1.007947,0.4242243450515,1.0,0.0
895,2,79,HOH,H2,H,1.007947,0.4242243450515,1.0,0.0
896,2,80,HOH,O,O,15.99943,-0.848448690103,0.317796456355,0.652143528104
897,2,80,HOH,H1,H,1.007947,0.4242243450515,1.0,0.0
898,2,80,HOH,H2,H,1.007947,0.4242243450515,1.0,0.0
899,2,81,HOH,O,O,15.99943,-0.848448690103,0.317796456355,0.652143528104
900,2,81,HOH,H1,H,1.007947,0.4242243450515,1.0,0.0
901,2,81,HOH,H2,H,1.007947,0.4242243450515,1.0,0.0
902,2,82,HOH,O,O,15.99943,-0.848448690103,0.317796456355,0.652143528104
903,2,82,HOH,H1,H,1.007947,0.4242243450515,1.0,0.0
904,2,82,HOH,H2,H,1.007947,0.4242243450515,1.0,0.0
905,2,83,HOH,O,O,15.99943,-0.848448690103,0.317796456355,0.652143528104
906,2,83,HOH,H1,H,1.007947,0.4242243450515,1.0,0.0
907,2,83,HOH,H2,H,1.007947,0.4242243450515,1.0,0.0
908,2,84,HOH,O,O,15.99943,-0.848448690103,0.317796456355,0.652143528104
909,2,84,HOH,H1,H,1.007947,0.4242243450515,1.0,0.0
910,2,84,HOH,H2,H,1.007947,0.4242243450515,1.0,0.0
911,2,85,HOH,O,O,15.99943,-0.848448690103,0.317796456355,0.652143528104
912,2,85,HOH,H1,H,1.007947,0.4242243450515,1.0,0.0
913,2,85,HOH,H2,H,1.007947,0.4242243450515,1.0,0.0
914,2,86,HOH,O,O,15.99943,-0.848448690103,0.317796456355,0.652143528104
915,2,86,HOH,H1,H,1.007947,0.4242243450515,1.0,0.0
916,2,86,HOH,H2,H,1.007947,0.4242243450515,1.0,0.0
917,2,87,HOH,O,O,15.99943,-0.848448690103,0.317796456355,0.652143528104
918,2,87,HOH,H1,H,1.007947,0.4242243450515,1.0,0.0
919,2,87,HOH,H2,H,1.007947,0.4242243450515,1.0,0.0
920,2,88,HOH,O,O,15.99943,-0.848448690103,0.317796456355,0.652143528104
921,2,88,HOH,H1,H,1.007947,0.4242243450515,1.0,0.0
922,2,88,HOH,H2,H,1.007947,0.4242243450515,1.0,0.0
923,2,89,HOH,O,O,15.99943,-0.848448690103,0.317796456355,0.652143528104
924,2,89,HOH,H1,H,1.007947,0.4242243450515,1.0,0.0
925,2,89,HOH,H2,H,1.007947,0.4242243450515,1.0,0.0
926,2,90,HOH,O,O,15.99943,-0.848448690103,0.317796456355,0.652143528104
927,2,90,HOH,H1,H,1.007947,0.4242243450515,1.0,0.0
928,2,90,HOH,H2,H,1.007947,0.4242243450515,1.0,0.0
929,2,91,HOH,O,O,15.99943,-0.848448690103,0.317796456355,0.652143528104
930,2,91,HOH,H1,H,1.007947,0.4242243450515,1.0,0.0
931,2,91,HOH,H2,H,1.007947,0.4242243450515,1.0,0.0
932,2,92,HOH,O,O,15.99943,-0.848448690103,0.317796456355,0.652143528104
933,2,92,HOH,H1,H,1.007947,0.4242243450515,1.0,0.0
934,2,92,HOH,H2,H,1.007947,0.4242243450515,1.0,0.0
935,2,93,HOH,O,O,15.99943,-0.848448690103,0.317796456355,0.652143528104
936,2,93,HOH,H1,H,1.007947,0.4242243450515,1.0,0.0
937,2,93,HOH,H2,H,1.007947,0.4242243450515,1.0,0.0
938,2,94,HOH,O,O,15.99943,-0.848448690103,0.317796456355,0.652143528104
939,2,94,HOH,H1,H,1.007947,0.4242243450515,1.0,0.0
940,2,94,HOH,H2,H,1.007947,0.4242243450515,1.0,0.0
941,2,95,HOH,O,O,15.99943,-0.848448690103,0.317796456355,0.652143528104
942,2,95,HOH,H1,H,1.007947,0.4242243450515,1.0,0.0
943,2,95,HOH,H2,H,1.007947,0.4242243450515,1.0,0.0
944,2,96,HOH,O,O,15.99943,-0.848448690103,0.317796456355,0.652143528104
945,2,96,HOH,H1,H,1.007947,0.4242243450515,1.0,0.0
946,2,96,HOH,H2,H,1.007947,0.4242243450515,1.0,0.0
947,2,97,HOH,O,O,15.99943,-0.848448690103,0.317796456355,0.652143528104
948,2,97,HOH,H1,H,1.007947,0.4242243450515,1.0,0.0
949,2,97,HOH,H2,H,1.007947,0.4242243450515,1.0,0.0
950,2,98,HOH,O,O,15.99943,-0.848448690103,0.317796456355,0.652143528104
951,2,98,HOH,H1,H,1.007947,0.4242243450515,1.0,0.0
952,2,98,HOH,H2,H,1.007947,0.4242243450515,1.0,0.0
953,2,99,HOH,O,O,15.99943,-0.848448690103,0.317796456355,0.652143528104
954,2,99,HOH,H1,H,1.007947,0.4242243450515,1.0,0.0
955,2,99,HOH,H2,H,1.007947,0.4242243450515,1.0,0.0
956,2,100,HOH,O,O,15.99943,-0.848448690103,0.317796456355,0.652143528104
957,2,100,HOH,H1,H,1.007947,0.4242243450515,1.0,0.0
958,2,100,HOH,H2,H,1.007947,0.4242243450515,1.0,0.0
959,2,101,HOH,O,O,15.99943,-0.848448690103,0.317796456355,0.652143528104
960,2,101,HOH,H1,H,1.007947,0.4242243450515,1.0,0.0
961,2,101,HOH,H2,H,1.007947,0.4242243450515,1.0,0.0
962,2,102,HOH,O,O,15.99943,-0.848448690103,0.317796456355,0.652143528104
963,2,102,HOH,H1,H,1.007947,0.4242243450515,1.0,0.0
964,2,102,HOH,H2,H,1.007947,0.4242243450515,1.0,0.0
965,2,103,HOH,O,O,15.99943,-0.848448690103,0.317796456355,0.652143528104
966,2,103,HOH,H1,H,1.007947,0.4242243450515,1.0,0.0
967,2,103,HOH,H2,H,1.007947,0.4242243450515,1.0,0.0
968,2,104,HOH,O,O,15.99943,-0.848448690103,0.317796456355,0.652143528104
969,2,104,HOH,H1,H,1.007947,0.4242243450515,1.0,0.0
970,2,104,HOH,H2,H,1.007947,0.4242243450515,1.0,0.0
971,2,105,HOH,O,O,15.99943,-0.848448690103,0.317796456355,0.652143528104
972,2,105,HOH,H1,H,1.007947,0.4242243450515,1.0,0.0
973,2,105,HOH,H2,H,1.007947,0.4242243450515,1.0,0.0
974,2,106,HOH,O,O,15.99943,-0.848448690103,0.317796456355,0.652143528104
975,2,106,HOH,H1,H,1.007947,0.4242243450515,1.0,0.0
976,2,106,HOH,H2,H,1.007947,0.4242243450515,1.0,0.0
977,2,107,HOH,O,O,15.99943,-0.848448690103,0.317796456355,0.652143528104
978,2,107,HOH,H1,H,1.007947,0.4242243450515,1.0,0.0
979,2,107,HOH,H2,H,1.007947,0.4242243450515,1.0,0.0
980,2,108,HOH,O,O,15.99943,-0.848448690103,0.317796456355,0.652143528104
981,2,108,HOH,H1,H,1.007947,0.4242243450515,1.0,0.0
982,2,108,HOH,H2,H,1.007947,0.4242243450515,1.0,0.0
983,2,109,HOH,O,O,15.99943,-0.848448690103,0.317796456355,0.652143528104
984,2,109,HOH,H1,H,1.007947,0.4242243450515,1.0,0.0
985,2,109,HOH,H2,H,1.007947,0.4242243450515,1.0,0.0
986,2,110,HOH,O,O,15.99943,-0.848448690103,0.317796456355,0.652143528104
987,2,110,HOH,H1,H,1.007947,0.4242243450515,1.0,0.0
988,2,110,HOH,H2,H,1.007947,0.4242243450515,1.0,0.0
989,2,111,HOH,O,O,15.99943,-0.848448690103,0.317796456355,0.652143528104
990,2,111,HOH,H1,H,1.007947,0.4242243450515,1.0,0.0
991,2,111,HOH,H2,H,1.007947,0.4242243450515,1.0,0.0
992,2,112,HOH,O,O,15.99943,-0.848448690103,0.317796456355,0.652143528104
993,2,112,HOH,H1,H,1.007947,0.4242243450515,1.0,0.0
994,2,112,HOH,H2,H,1.007947,0.4242243450515,1.0,0.0
995,2,113,HOH,O,O,15.99943,-0.848448690103,0.317796456355,0.652143528104
996,2,113,HOH,H1,H,1.007947,0.4242243450515,1.0,0.0
997,2,113,HOH,H2,H,1.007947,0.4242243450515,1.0,0.0
998,2,114,HOH,O,O,15.99943,-0.848448690103,0.317796456355,0.652143528104
999,2,114,HOH,H1,H,1.007947,0.4242243450515,1.0,0.0
1000,2,114,HOH,H2,H,1.007947,0.4242243450515,1.0,0.0
1001,2,115,HOH,O,O,15.99943,-0.848448690103,0.317796456355,0.652143528104
1002,2,115,HOH,H1,H,1.007947,0.4242243450515,1.0,0.0
1003,2,115,HOH,H2,H,1.007947,0.4242243450515,1.0,0.0
1004,2,116,HOH,O,O,15.99943,-0.848448690103,0.317796456355,0.652143528104
1005,2,116,HOH,H1,H,1.007947,0.4242243450515,1.0,0.0
1006,2,116,HOH,H2,H,1.007947,0.4242243450515,1.0,0.0
1007,2,117,HOH,O,O,15.99943,-0.848448690103,0.317796456355,0.652143528104
1008,2,117,HOH,H1,H,1.007947,0.4242243450515,1.0,0.0
1009,2,117,HOH,H2,H,1.007947,0.4242243450515,1.0,0.0
1010,2,118,HOH,O,O,15.99943,-0.848448690103,0.317796456355,0.652143528104
1011,2,118,HOH,H1,H,1.007947,0.4242243450515,1.0,0.0
1012,2,118,HOH,H2,H,1.007947,0.4242243450515,1.0,0.0
1013,2,119,HOH,O,O,15.99943,-0.848448690103,0.317796456355,0.652143528104
1014,2,119,HOH,H1,H,1.007947,0.4242243450515,1.0,0.0
1015,2,119,HOH,H2,H,1.007947,0.4242243450515,1.0,0.0
1016,2,120,HOH,O,O,15.99943,-0.848448690103,0.317796456355,0.652143528104
1017,2,120,HOH,H1,H,1.007947,0.4242243450515,1.0,0.0
1018,2,120,HOH,H2,H,1.007947,0.4242243450515,1.0,0.0
1019,2,121,HOH,O,O,15.99943,-0.848448690103,0.317796456355,0.652143528104
1020,2,121,HOH,H1,H,1.007947,0.4242243450515,1.0,0.0
1021,2,121,HOH,H2,H,1.007947,0.4242243450515,1.0,0.0
1022,2,122,HOH,O,O,15.99943,-0.848448690103,0.317796456355,0.652143528104
1023,2,122,HOH,H1,H,1.007947,0.4242243450515,1.0,0.0
1024,2,122,HOH,H2,H,1.007947,0.4242243450515,1.0,0.0
1025,2,123,HOH,O,O,15.99943,-0.848448690103,0.317796456355,0.652143528104
1026,2,123,HOH,H1,H,1.007947,0.4242243450515,1.0,0.0
1027,2,123,HOH,H2,H,1.007947,0.4242243450515,1.0,0.0
1028,2,124,HOH,O,O,15.99943,-0.848448690103,0.317796456355,0.652143528104
1029,2,124,HOH,H1,H,1.007947,0.4242243450515,1.0,0.0
1030,2,124,HOH,H2,H,1.007947,0.4242243450515,1.0,0.0
1031,2,125,HOH,O,O,15.99943,-0.848448690103,0.317796456355,0.652143528104
1032,2,125,HOH,H1,H,1.007947,0.4242243450515,1.0,0.0
1033,2,125,HOH,H2,H,1.007947,0.4242243450515,1.0,0.0
1034,2,126,HOH,O,O,15.99943,-0.848448690103,0.317796456355,0.652143528104
1035,2,126,HOH,H1,H,1.007947,0.4242243450515,1.0,0.0
1036,2,126,HOH,H2,H,1.007947,0.4242243450515,1.0,0.0
1037,2,127,HOH,O,O,15.99943,-0.848448690103,0.317796456355,0.652143528104
1038,2,127,HOH,H1,H,1.007947,0.4242243450515,1.0,0.0
1039,2,127,HOH,H2,H,1.007947,0.4242243450515,1.0,0.0
1040,2,128,HOH,O,O,15.99943,-0.848448690103,0.317796456355,0.652143528104
1041,2,128,HOH,H1,H,1.007947,0.4242243450515,1.0,0.0
1042,2,128,HOH,H2,H,1.007947,0.4242243450515,1.0,0.0
1043,2,129,HOH,O,O,15.99943,-0.848448690103,0.317796456355,0.652143528104
1044,2,129,HOH,H1,H,1.007947,0.4242243450515,1.0,0.0
1045,2,129,HOH,H2,H,1.007947,0.4242243450515,1.0,0.0
1046,2,130,HOH,O,O,15.99943,-0.848448690103,0.317796456355,0.652143528104
1047,2,130,HOH,H1,H,1.007947,0.4242243450515,1.0,0.0
1048,2,130,HOH,H2,H,1.007947,0.4242243450515,1.0,0.0
1049,2,131,HOH,O,O,15.99943,-0.848448690103,0.317796456355,0.652143528104
1050,2,131,HOH,H1,H,1.007947,0.4242243450515,1.0,0.0
1051,2,131,HOH,H2,H,1.007947,0.4242243450515,1.0,0.0
1052,2,132,HOH,O,O,15.99943,-0.848448690103,0.317796456355,0.652143528104
1053,2,132,HOH,H1,H,1.007947,0.4242243450515,1.0,0.0
1054,2,132,HOH,H2,H,1.007947,0.4242243450515,1.0,0.0
1055,2,133,HOH,O,O,15.99943,-0.848448690103,0.317796456355,0.652143528104
1056,2,133,HOH,H1,H,1.007947,0.4242243450515,1.0,0.0
1057,2,133,HOH,H2,H,1.007947,0.4242243450515,1.0,0.0
1058,2,134,HOH,O,O,15.99943,-0.848448690103,0.317796456355,0.652143528104
1059,2,134,HOH,H1,H,1.007947,0.4242243450515,1.0,0.0
1060,2,134,HOH,H2,H,1.007947,0.4242243450515,1.0,0.0
1061,2,135,HOH,O,O,15.99943,-0.848448690103,0.317796456355,0.652143528104
1062,2,135,HOH,H1,H,1.007947,0.4242243450515,1.0,0.0
1063,2,135,HOH,H2,H,1.007947,0.4242243450515,1.0,0.0
1064,2,136,HOH,O,O,15.99943,-0.848448690103,0.317796456355,0.652143528104
1065,2,136,HOH,H1,H,1.007947,0.4242243450515,1.0,0.0
1066,2,136,HOH,H2,H,1.007947,0.4242243450515,1.0,0.0
1067,2,137,HOH,O,O,15.99943,-0.848448690103,0.317796456355,0.652143528104
1068,2,137,HOH,H1,H,1.007947,0.4242243450515,1.0,0.0
1069,2,137,HOH,H2,H,1.007947,0.4242243450515,1.0,0.0
1070,2,138,HOH,O,O,15.99943,-0.848448690103,0.317796456355,0.652143528104
1071,2,138,HOH,H1,H,1.007947,0.4242243450515,1.0,0.0
1072,2,138,HOH,H2,H,1.007947,0.4242243450515,1.0,0.0
1073,2,139,HOH,O,O,15.99943,-0.848448690103,0.317796456355,0.652143528104
1074,2,139,HOH,H1,H,1.007947,0.4242243450515,1.0,0.0
1075,2,139,HOH,H2,H,1.007947,0.4242243450515,1.0,0.0
1076,2,140,HOH,O,O,15.99943,-0.848448690103,0.317796456355,0.652143528104
1077,2,140,HOH,H1,H,1.007947,0.4242243450515,1.0,0.0
1078,2,140,HOH,H2,H,1.007947,0.4242243450515,1.0,0.0
1079,2,141,HOH,O,O,15.99943,-0.848448690103,0.317796456355,0.652143528104
1080,2,141,HOH,H1,H,1.007947,0.4242243450515,1.0,0.0
1081,2,141,HOH,H2,H,1.007947,0.4242243450515,1.0,0.0
1082,2,142,HOH,O,O,15.99943,-0.848448690103,0.317796456355,0.652143528104
1083,2,142,HOH,H1,H,1.007947,0.4242243450515,1.0,0.0
1084,2,142,HOH,H2,H,1.007947,0.4242243450515,1.0,0.0
1085,2,143,HOH,O,O,15.99943,-0.848448690103,0.317796456355,0.652143528104
1086,2,143,HOH,H1,H,1.007947,0.4242243450515,1.0,0.0
1087,2,143,HOH,H2,H,1.007947,0.4242243450515,1.0,0.0
1088,2,144,HOH,O,O,15.99943,-0.848448690103,0.317796456355,0.652143528104
1089,2,144,HOH,H1,H,1.007947,0.4242243450515,1.0,0.0
1090,2,144,HOH,H2,H,1.007947,0.4242243450515,1.0,0.0
1091,2,145,HOH,O,O,15.99943,-0.848448690103,0.317796456355,0.652143528104
1092,2,145,HOH,H1,H,1.007947,0.4242243450515,1.0,0.0
1093,2,145,HOH,H2,H,1.007947,0.4242243450515,1.0,0.0
1094,2,146,HOH,O,O,15.99943,-0.848448690103,0.317796456355,0.652143528104
1095,2,146,HOH,H1,H,1.007947,0.4242243450515,1.0,0.0
1096,2,146,HOH,H2,H,1.007947,0.4242243450515,1.0,0.0
1097,2,147,HOH,O,O,15.99943,-0.848448690103,0.317796456355,0.652143528104
1098,2,147,HOH,H1,H,1.007947,0.4242243450515,1.0,0.0
1099,2,147,HOH,H2,H,1.007947,0.4242243450515,1.0,0.0
1100,2,148,HOH,O,O,15.99943,-0.848448690103,0.317796456355,0.652143528104
1101,2,148,HOH,H1,H,1.007947,0.4242243450515,1.0,0.0
1102,2,148,HOH,H2,H,1.007947,0.4242243450515,1.0,0.0
1103,2,149,HOH,O,O,15.99943,-0.848448690103,0.317796456355,0.652143528104
1104,2,149,HOH,H1,H,1.007947,0.4242243450515,1.0,0.0
1105,2,149,HOH,H2,H,1.007947,0.4242243450515,1.0,0.0
1106,2,150,HOH,O,O,15.99943,-0.848448690103,0.317796456355,0.652143528104
1107,2,150,HOH,H1,H,1.007947,0.4242243450515,1.0,0.0
1108,2,150,HOH,H2,H,1.007947,0.4242243450515,1.0,0.0
1109,2,151,HOH,O,O,15.99943,-0.848448690103,0.317796456355,0.652143528104
1110,2,151,HOH,H1,H,1.007947,0.4242243450515,1.0,0.0
1111,2,151,HOH,H2,H,1.007947,0.4242243450515,1.0,0.0
1112,2,152,HOH,O,O,15.99943,-0.848448690103,0.317796456355,0.652143528104
1113,2,152,HOH,H1,H,1.007947,0.4242243450515,1.0,0.0
1114,2,152,HOH,H2,H,1.007947,0.4242243450515,1.0,0.0
1115,2,153,HOH,O,O,15.99943,-0.848448690103,0.317796456355,0.652143528104
1116,2,153,HOH,H1,H,1.007947,0.4242243450515,1.0,0.0
1117,2,153,HOH,H2,H,1.007947,0.4242243450515,1.0,0.0
1118,2,154,HOH,O,O,15.99943,-0.848448690103,0.317796456355,0.652143528104
1119,2,154,HOH,H1,H,1.007947,0.4242243450515,1.0,0.0
1120,2,154,HOH,H2,H,1.007947,0.4242243450515,1.0,0.0
1121,2,155,HOH,O,O,15.99943,-0.848448690103,0.317796456355,0.652143528104
1122,2,155,HOH,H1,H,1.007947,0.4242243450515,1.0,0.0
1123,2,155,HOH,H2,H,1.007947,0.4242243450515,1.0,0.0
1124,2,156,HOH,O,O,15.99943,-0.848448690103,0.317796456355,0.652143528104
1125,2,156,HOH,H1,H,1.007947,0.4242243450515,1.0,0.0
1126,2,156,HOH,H2,H,1.007947,0.4242243450515,1.0,0.0
1127,2,157,HOH,O,O,15.99943,-0.848448690103,0.317796456355,0.652143528104
1128,2,157,HOH,H1,H,1.007947,0.4242243450515,1.0,0.0
1129,2,157,HOH,H2,H,1.007947,0.4242243450515,1.0,0.0
1130,2,159,HOH,O,O,15.99943,-0.848448690103,0.317796456355,0.652143528104
1131,2,159,HOH,H1,H,1.007947,0.4242243450515,1.0,0.0
1132,2,159,HOH,H2,H,1.007947,0.4242243450515,1.0,0.0
1133,2,160,HOH,O,O,15.99943,-0.848448690103,0.317796456355,0.652143528104
1134,2,160,HOH,H1,H,1.007947,0.4242243450515,1.0,0.0
1135,2,160,HOH,H2,H,1.007947,0.4242243450515,1.0,0.0
1136,2,161,HOH,O,O,15.99943,-0.848448690103,0.317796456355,0.652143528104
1137,2,161,HOH,H1,H,1.007947,0.4242243450515,1.0,0.0
1138,2,161,HOH,H2,H,1.007947,0.4242243450515,1.0,0.0
1139,2,162,HOH,O,O,15.99943,-0.848448690103,0.317796456355,0.652143528104
1140,2,162,HOH,H1,H,1.007947,0.4242243450515,1.0,0.0
1141,2,162,HOH,H2,H,1.007947,0.4242243450515,1.0,0.0
1142,2,163,HOH,O,O,15.99943,-0.848448690103,0.317796456355,0.652143528104
1143,2,163,HOH,H1,H,1.007947,0.4242243450515,1.0,0.0
1144,2,163,HOH,H2,H,1.007947,0.4242243450515,1.0,0.0
1145,2,164,HOH,O,O,15.99943,-0.848448690103,0.317796456355,0.652143528104
1146,2,164,HOH,H1,H,1.007947,0.4242243450515,1.0,0.0
1147,2,164,HOH,H2,H,1.007947,0.4242243450515,1.0,0.0
1148,2,165,HOH,O,O,15.99943,-0.848448690103,0.317796456355,0.652143528104
1149,2,165,HOH,H1,H,1.007947,0.4242243450515,1.0,0.0
1150,2,165,HOH,H2,H,1.007947,0.4242243450515,1.0,0.0
1151,2,166,HOH,O,O,15.99943,-0.848448690103,0.317796456355,0.652143528104
1152,2,166,HOH,H1,H,1.007947,0.4242243450515,1.0,0.0
1153,2,166,HOH,H2,H,1.007947,0.4242243450515,1.0,0.0
1154,2,167,HOH,O,O,15.99943,-0.848448690103,0.317796456355,0.652143528104
1155,2,167,HOH,H1,H,1.007947,0.4242243450515,1.0,0.0
1156,2,167,HOH,H2,H,1.007947,0.4242243450515,1.0,0.0
1157,2,168,HOH,O,O,15.99943,-0.848448690103,0.317796456355,0.652143528104
1158,2,168,HOH,H1,H,1.007947,0.4242243450515,1.0,0.0
1159,2,168,HOH,H2,H,1.007947,0.4242243450515,1.0,0.0
1160,2,169,HOH,O,O,15.99943,-0.848448690103,0.317796456355,0.652143528104
1161,2,169,HOH,H1,H,1.007947,0.4242243450515,1.0,0.0
1162,2,169,HOH,H2,H,1.007947,0.4242243450515,1.0,0.0
1163,2,170,HOH,O,O,15.99943,-0.848448690103,0.317796456355,0.652143528104
1164,2,170,HOH,H1,H,1.007947,0.4242243450515,1.0,0.0
1165,2,170,HOH,H2,H,1.007947,0.4242243450515,1.0,0.0
1166,2,171,HOH,O,O,15.99943,-0.848448690103,0.317796456355,0.652143528104
1167,2,171,HOH,H1,H,1.007947,0.4242243450515,1.0,0.0
1168,2,171,HOH,H2,H,1.007947,0.4242243450515,1.0,0.0
1169,2,172,HOH,O,O,15.99943,-0.848448690103,0.317796456355,0.652143528104
1170,2,172,HOH,H1,H,1.007947,0.4242243450515,1.0,0.0
1171,2,172,HOH,H2,H,1.007947,0.4242243450515,1.0,0.0
1172,2,173,HOH,O,O,15.99943,-0.848448690103,0.317796456355,0.652143528104
1173,2,173,HOH,H1,H,1.007947,0.4242243450515,1.0,0.0
1174,2,173,HOH,H2,H,1.007947,0.4242243450515,1.0,0.0
1175,2,174,HOH,O,O,15.99943,-0.848448690103,0.317796456355,0.652143528104
1176,2,174,HOH,H1,H,1.007947,0.4242243450515,1.0,0.0
1177,2,174,HOH,H2,H,1.007947,0.4242243450515,1.0,0.0
1178,2,175,HOH,O,O,15.99943,-0.848448690103,0.317796456355,0.652143528104
1179,2,175,HOH,H1,H,1.007947,0.4242243450515,1.0,0.0
1180,2,175,HOH,H2,H,1.007947,0.4242243450515,1.0,0.0
1181,2,176,HOH,O,O,15.99943,-0.848448690103,0.317796456355,0.652143528104
1182,2,176,HOH,H1,H,1.007947,0.4242243450515,1.0,0.0
1183,2,176,HOH,H2,H,1.007947,0.4242243450515,1.0,0.0
1184,2,177,HOH,O,O,15.99943,-0.848448690103,0.317796456355,0.652143528104
1185,2,177,HOH,H1,H,1.007947,0.4242243450515,1.0,0.0
1186,2,177,HOH,H2,H,1.007947,0.4242243450515,1.0,0.0
1187,2,178,HOH,O,O,15.99943,-0.848448690103,0.317796456355,0.652143528104
1188,2,178,HOH,H1,H,1.007947,0.4242243450515,1.0,0.0
1189,2,178,HOH,H2,H,1.007947,0.4242243450515,1.0,0.0
1190,2,179,HOH,O,O,15.99943,-0.848448690103,0.317796456355,0.652143528104
1191,2,179,HOH,H1,H,1.007947,0.4242243450515,1.0,0.0
1192,2,179,HOH,H2,H,1.007947,0.4242243450515,1.0,0.0
1193,2,180,HOH,O,O,15.99943,-0.848448690103,0.317796456355,0.652143528104
1194,2,180,HOH,H1,H,1.007947,0.4242243450515,1.0,0.0
1195,2,180,HOH,H2,H,1.007947,0.4242243450515,1.0,0.0
1196,2,181,HOH,O,O,15.99943,-0.848448690103,0.317796456355,0.652143528104
1197,2,181,HOH,H1,H,1.007947,0.4242243450515,1.0,0.0
1198,2,181,HOH,H2,H,1.007947,0.4242243450515,1.0,0.0
1199,2,182,HOH,O,O,15.99943,-0.848448690103,0.317796456355,0.652143528104
1200,2,182,HOH,H1,H,1.007947,0.4242243450515,1.0,0.0
1201,2,182,HOH,H2,H,1.007947,0.4242243450515,1.0,0.0
1202,2,183,HOH,O,O,15.99943,-0.848448690103,0.317796456355,0.652143528104
1203,2,183,HOH,H1,H,1.007947,0.4242243450515,1.0,0.0
1204,2,183,HOH,H2,H,1.007947,0.4242243450515,1.0,0.0
1205,2,184,HOH,O,O,15.99943,-0.848448690103,0.317796456355,0.652143528104
1206,2,184,HOH,H1,H,1.007947,0.4242243450515,1.0,0.0
1207,2,184,HOH,H2,H,1.007947,0.4242243450515,1.0,0.0
1208,2,185,HOH,O,O,15.99943,-0.848448690103,0.317796456355,0.652143528104
1209,2,185,HOH,H1,H,1.007947,0.4242243450515,1.0,0.0
1210,2,185,HOH,H2,H,1.007947,0.4242243450515,1.0,0.0
1211,2,186,HOH,O,O,15.99943,-0.848448690103,0.317796456355,0.652143528104
1212,2,186,HOH,H1,H,1.007947,0.4242243450515,1.0,0.0
1213,2,186,HOH,H2,H,1.007947,0.4242243450515,1.0,0.0
1214,2,187,HOH,O,O,15.99943,-0.848448690103,0.317796456355,0.652143528104
1215,2,187,HOH,H1,H,1.007947,0.4242243450515,1.0,0.0
1216,2,187,HOH,H2,H,1.007947,0.4242243450515,1.0,0.0
1217,2,188,HOH,O,O,15.99943,-0.848448690103,0.317796456355,0.652143528104
1218,2,188,HOH,H1,H,1.007947,0.4242243450515,1.0,0.0
1219,2,188,HOH,H2,H,1.007947,0.4242243450515,1.0,0.0
1220,2,189,HOH,O,O,15.99943,-0.848448690103,0.317796456355,0.652143528104
1221,2,189,HOH,H1,H,1.007947,0.4242243450515,1.0,0.0
1222,2,189,HOH,H2,H,1.007947,0.4242243450515,1.0,0.0
1223,2,190,HOH,O,O,15.99943,-0.848448690103,0.317796456355,0.652143528104
1224,2,190,HOH,H1,H,1.007947,0.4242243450515,1.0,0.0
1225,2,190,HOH,H2,H,1.007947,0.4242243450515,1.0,0.0
1226,2,191,HOH,O,O,15.99943,-0.848448690103,0.317796456355,0.652143528104
1227,2,191,HOH,H1,H,1.007947,0.4242243450515,1.0,0.0
1228,2,191,HOH,H2,H,1.007947,0.4242243450515,1.0,0.0
1229,2,192,HOH,O,O,15.99943,-0.848448690103,0.317796456355,0.652143528104
1230,2,192,HOH,H1,H,1.007947,0.4242243450515,1.0,0.0
1231,2,192,HOH,H2,H,1.007947,0.4242243450515,1.0,0.0
1232,2,193,HOH,O,O,15.99943,-0.848448690103,0.317796456355,0.652143528104
1233,2,193,HOH,H1,H,1.007947,0.4242243450515,1.0,0.0
1234,2,193,HOH,H2,H,1.007947,0.4242243450515,1.0,0.0
1235,2,194,HOH,O,O,15.99943,-0.848448690103,0.317796456355,0.652143528104
1236,2,194,HOH,H1,H,1.007947,0.4242243450515,1.0,0.0
1237,2,194,HOH,H2,H,1.007947,0.4242243450515,1.0,0.0
1238,2,195,HOH,O,O,15.99943,-0.848448690103,0.317796456355,0.652143528104
1239,2,195,HOH,H1,H,1.007947,0.4242243450515,1.0,0.0
1240,2,195,HOH,H2,H,1.007947,0.4242243450515,1.0,0.0
1241,2,196,HOH,O,O,15.99943,-0.848448690103,0.317796456355,0.652143528104
1242,2,196,HOH,H1,H,1.007947,0.4242243450515,1.0,0.0
1243,2,196,HOH,H2,H,1.007947,0.4242243450515,1.0,0.0
1244,2,197,HOH,O,O,15.99943,-0.848448690103,0.317796456355,0.652143528104
1245,2,197,HOH,H1,H,1.007947,0.4242243450515,1.0,0.0
1246,2,197,HOH,H2,H,1.007947,0.4242243450515,1.0,0.0
1247,2,198,HOH,O,O,15.99943,-0.848448690103,0.317796456355,0.652143528104
1248,2,198,HOH,H1,H,1.007947,0.4242243450515,1.0,0.0
1249,2,198,HOH,H2,H,1.007947,0.4242243450515,1.0,0.0
1250,2,199,HOH,O,O,15.99943,-0.848448690103,0.317796456355,0.652143528104
1251,2,199,HOH,H1,H,1.007947,0.4242243450515,1.0,0.0
1252,2,199,HOH,H2,H,1.007947,0.4242243450515,1.0,0.0
1253,2,200,HOH,O,O,15.99943,-0.848448690103,0.317796456355,0.652143528104
1254,2,200,HOH,H1,H,1.007947,0.4242243450515,1.0,0.0
1255,2,200,HOH,H2,H,1.007947,0.4242243450515,1.0,0.0
1256,2,201,HOH,O,O,15.99943,-0.848448690103,0.317796456355,0.652143528104
1257,2,201,HOH,H1,H,1.007947,0.4242243450515,1.0,0.0
1258,2,201,HOH,H2,H,1.007947,0.4242243450515,1.0,0.0
1259,2,202,HOH,O,O,15.99943,-0.848448690103,0.317796456355,0.652143528104
1260,2,202,HOH,H1,H,1.007947,0.4242243450515,1.0,0.0
1261,2,202,HOH,H2,H,1.007947,0.4242243450515,1.0,0.0
1262,2,203,HOH,O,O,15.99943,-0.848448690103,0.317796456355,0.652143528104
1263,2,203,HOH,H1,H,1.007947,0.4242243450515,1.0,0.0
1264,2,203,HOH,H2,H,1.007947,0.4242243450515,1.0,0.0
1265,2,204,HOH,O,O,15.99943,-0.848448690103,0.317796456355,0.652143528104
1266,2,204,HOH,H1,H,1.007947,0.4242243450515,1.0,0.0
1267,2,204,HOH,H2,H,1.007947,0.4242243450515,1.0,0.0
1268,2,205,HOH,O,O,15.99943,-0.848448690103,0.317796456355,0.652143528104
1269,2,205,HOH,H1,H,1.007947,0.4242243450515,1.0,0.0
1270,2,205,HOH,H2,H,1.007947,0.4242243450515,1.0,0.0
1271,2,206,HOH,O,O,15.99943,-0.848448690103,0.317796456355,0.652143528104
1272,2,206,HOH,H1,H,1.007947,0.4242243450515,1.0,0.0
1273,2,206,HOH,H2,H,1.007947,0.4242243450515,1.0,0.0
1274,2,207,HOH,O,O,15.99943,-0.848448690103,0.317796456355,0.652143528104
1275,2,207,HOH,H1,H,1.007947,0.4242243450515,1.0,0.0
1276,2,207,HOH,H2,H,1.007947,0.4242243450515,1.0,0.0
1277,2,208,HOH,O,O,15.99943,-0.848448690103,0.317796456355,0.652143528104
1278,2,208,HOH,H1,H,1.007947,0.4242243450515,1.0,0.0
1279,2,208,HOH,H2,H,1.007947,0.4242243450515,1.0,0.0
1280,2,209,HOH,O,O,15.99943,-0.848448690103,0.317796456355,0.652143528104
1281,2,209,HOH,H1,H,1.007947,0.4242243450515,1.0,0.0
1282,2,209,HOH,H2,H,1.007947,0.4242243450515,1.0,0.0
1283,2,210,HOH,O,O,15.99943,-0.848448690103,0.317796456355,0.652143528104
1284,2,210,HOH,H1,H,1.007947,0.4242243450515,1.0,0.0
1285,2,210,HOH,H2,H,1.007947,0.4242243450515,1.0,0.0
1286,2,211,HOH,O,O,15.99943,-0.848448690103,0.317796456355,0.652143528104
1287,2,211,HOH,H1,H,1.007947,0.4242243450515,1.0,0.0
1288,2,211,HOH,H2,H,1.007947,0.4242243450515,1.0,0.0
1289,2,212,HOH,O,O,15.99943,-0.848448690103,0.317796456355,0.652143528104
1290,2,212,HOH,H1,H,1.007947,0.4242243450515,1.0,0.0
1291,2,212,HOH,H2,H,1.007947,0.4242243450515,1.0,0.0
1292,2,213,HOH,O,O,15.99943,-0.848448690103,0.317796456355,0.652143528104
1293,2,213,HOH,H1,H,1.007947,0.4242243450515,1.0,0.0
1294,2,213,HOH,H2,H,1.007947,0.4242243450515,1.0,0.0
1295,2,214,HOH,O,O,15.99943,-0.848448690103,0.317796456355,0.652143528104
1296,2,214,HOH,H1,H,1.007947,0.4242243450515,1.0,0.0
1297,2,214,HOH,H2,H,1.007947,0.4242243450515,1.0,0.0
1298,2,215,HOH,O,O,15.99943,-0.848448690103,0.317796456355,0.652143528104
1299,2,215,HOH,H1,H,1.007947,0.4242243450515,1.0,0.0
1300,2,215,HOH,H2,H,1.007947,0.4242243450515,1.0,0.0
1301,2,216,HOH,O,O,15.99943,-0.848448690103,0.317796456355,0.652143528104
1302,2,216,HOH,H1,H,1.007947,0.4242243450515,1.0,0.0
1303,2,216,HOH,H2,H,1.007947,0.4242243450515,1.0,0.0
1304,2,217,HOH,O,O,15.99943,-0.848448690103,0.317796456355,0.652143528104
1305,2,217,HOH,H1,H,1.007947,0.4242243450515,1.0,0.0
1306,2,217,HOH,H2,H,1.007947,0.4242243450515,1.0,0.0
1307,2,218,HOH,O,O,15.99943,-0.848448690103,0.317796456355,0.652143528104
1308,2,218,HOH,H1,H,1.007947,0.4242243450515,1.0,0.0
1309,2,218,HOH,H2,H,1.007947,0.4242243450515,1.0,0.0
1310,2,219,HOH,O,O,15.99943,-0.848448690103,0.317796456355,0.652143528104
1311,2,219,HOH,H1,H,1.007947,0.4242243450515,1.0,0.0
1312,2,219,HOH,H2,H,1.007947,0.4242243450515,1.0,0.0
1313,2,220,HOH,O,O,15.99943,-0.848448690103,0.317796456355,0.652143528104
1314,2,220,HOH,H1,H,1.007947,0.4242243450515,1.0,0.0
1315,2,220,HOH,H2,H,1.007947,0.4242243450515,1.0,0.0
1316,2,221,HOH,O,O,15.99943,-0.848448690103,0.317796456355,0.652143528104
1317,2,221,HOH,H1,H,1.007947,0.4242243450515,1.0,0.0
1318,2,221,HOH,H2,H,1.007947,0.4242243450515,1.0,0.0
1319,2,222,HOH,O,O,15.99943,-0.848448690103,0.317796456355,0.652143528104
1320,2,222,HOH,H1,H,1.007947,0.4242243450515,1.0,0.0
1321,2,222,HOH,H2,H,1.007947,0.4242243450515,1.0,0.0
1322,2,223,HOH,O,O,15.99943,-0.848448690103,0.317796456355,0.652143528104
1323,2,223,HOH,H1,H,1.007947,0.4242243450515,1.0,0.0
1324,2,223,HOH,H2,H,1.007947,0.4242243450515,1.0,0.0
1325,2,224,HOH,O,O,15.99943,-0.848448690103,0.317796456355,0.652143528104
1326,2,224,HOH,H1,H,1.007947,0.4242243450515,1.0,0.0
1327,2,224,HOH,H2,H,1.007947,0.4242243450515,1.0,0.0
1328,2,225,HOH,O,O,15.99943,-0.848448690103,0.317796456355,0.652143528104
1329,2,225,HOH,H1,H,1.007947,0.4242243450515,1.0,0.0
1330,2,225,HOH,H2,H,1.007947,0.4242243450515,1.0,0.0
1331,2,226,HOH,O,O,15.99943,-0.848448690103,0.317796456355,0.652143528104
1332,2,226,HOH,H1,H,1.007947,0.4242243450515,1.0,0.0
1333,2,226,HOH,H2,H,1.007947,0.4242243450515,1.0,0.0
1334,2,227,HOH,O,O,15.99943,-0.848448690103,0.317796456355,0.652143528104
1335,2,227,HOH,H1,H,1.007947,0.4242243450515,1.0,0.0
1336,2,227,HOH,H2,H,1.007947,0.4242243450515,1.0,0.0
1337,2,228,HOH,O,O,15.99943,-0.848448690103,0.317796456355,0.652143528104
1338,2,228,HOH,H1,H,1.007947,0.4242243450515,1.0,0.0
1339,2,228,HOH,H2,H,1.007947,0.4242243450515,1.0,0.0
1340,2,229,HOH,O,O,15.99943,-0.848448690103,0.317796456355,0.652143528104
1341,2,229,HOH,H1,H,1.007947,0.4242243450515,1.0,0.0
1342,2,229,HOH,H2,H,1.007947,0.4242243450515,1.0,0.0
1343,2,230,HOH,O,O,15.99943,-0.848448690103,0.317796456355,0.652143528104
1344,2,230,HOH,H1,H,1.007947,0.4242243450515,1.0,0.0
1345,2,230,HOH,H2,H,1.007947,0.4242243450515,1.0,0.0
1346,2,231,HOH,O,O,15.99943,-0.848448690103,0.317796456355,0.652143528104
1347,2,231,HOH,H1,H,1.007947,0.4242243450515,1.0,0.0
1348,2,231,HOH,H2,H,1.007947,0.4242243450515,1.0,0.0
1349,2,232,HOH,O,O,15.99943,-0.848448690103,0.317796456355,0.652143528104
1350,2,232,HOH,H1,H,1.007947,0.4242243450515,1.0,0.0
1351,2,232,HOH,H2,H,1.007947,0.4242243450515,1.0,0.0
1352,2,233,HOH,O,O,15.99943,-0.848448690103,0.317796456355,0.652143528104
1353,2,233,HOH,H1,H,1.007947,0.4242243450515,1.0,0.0
1354,2,233,HOH,H2,H,1.007947,0.4242243450515,1.0,0.0
1355,2,234,HOH,O,O,15.99943,-0.848448690103,0.317796456355,0.652143528104
1356,2,234,HOH,H1,H,1.007947,0.4242243450515,1.0,0.0
1357,2,234,HOH,H2,H,1.007947,0.4242243450515,1.0,0.0
1358,2,235,HOH,O,O,15.99943,-0.848448690103,0.317796456355,0.652143528104
1359,2,235,HOH,H1,H,1.007947,0.4242243450515,1.0,0.0
1360,2,235,HOH,H2,H,1.007947,0.4242243450515,1.0,0.0
1361,2,236,HOH,O,O,15.99943,-0.848448690103,0.317796456355,0.652143528104
1362,2,236,HOH,H1,H,1.007947,0.4242243450515,1.0,0.0
1363,2,236,HOH,H2,H,1.007947,0.4242243450515,1.0,0.0
1364,2,237,HOH,O,O,15.99943,-0.848448690103,0.317796456355,0.652143528104
1365,2,237,HOH,H1,H,1.007947,0.4242243450515,1.0,0.0
1366,2,237,HOH,H2,H,1.007947,0.4242243450515,1.0,0.0
1367,2,238,HOH,O,O,15.99943,-0.848448690103,0.317796456355,0.652143528104
1368,2,238,HOH,H1,H,1.007947,0.4242243450515,1.0,0.0
1369,2,238,HOH,H2,H,1.007947,0.4242243450515,1.0,0.0
1370,2,239,HOH,O,O,15.99943,-0.848448690103,0.317796456355,0.652143528104
1371,2,239,HOH,H1,H,1.007947,0.4242243450515,1.0,0.0
1372,2,239,HOH,H2,H,1.007947,0.4242243450515,1.0,0.0
1373,2,240,HOH,O,O,15.99943,-0.848448690103,0.317796456355,0.652143528104
1374,2,240,HOH,H1,H,1.007947,0.4242243450515,1.0,0.0
1375,2,240,HOH,H2,H,1.007947,0.4242243450515,1.0,0.0
1376,2,241,HOH,O,O,15.99943,-0.848448690103,0.317796456355,0.652143528104
1377,2,241,HOH,H1,H,1.007947,0.4242243450515,1.0,0.0
1378,2,241,HOH,H2,H,1.007947,0.4242243450515,1.0,0.0
1379,2,242,HOH,O,O,15.99943,-0.848448690103,0.317796456355,0.652143528104
1380,2,242,HOH,H1,H,1.007947,0.4242243450515,1.0,0.0
1381,2,242,HOH,H2,H,1.007947,0.4242243450515,1.0,0.0
1382,2,243,HOH,O,O,15.99943,-0.848448690103,0.317796456355,0.652143528104
1383,2,243,HOH,H1,H,1.007947,0.4242243450515,1.0,0.0
1384,2,243,HOH,H2,H,1.007947,0.4242243450515,1.0,0.0
1385,2,244,HOH,O,O,15.99943,-0.848448690103,0.317796456355,0.652143528104
1386,2,244,HOH,H1,H,1.007947,0.4242243450515,1.0,0.0
1387,2,244,HOH,H2,H,1.007947,0.4242243450515,1.0,0.0
1388,2,245,HOH,O,O,15.99943,-0.848448690103,0.317796456355,0.652143528104
1389,2,245,HOH,H1,H,1.007947,0.4242243450515,1.0,0.0
1390,2,245,HOH,H2,H,1.007947,0.4242243450515,1.0,0.0
1391,2,246,HOH,O,O,15.99943,-0.848448690103,0.317796456355,0.652143528104
1392,2,246,HOH,H1,H,1.007947,0.4242243450515,1.0,0.0
1393,2,246,HOH,H2,H,1.007947,0.4242243450515,1.0,0.0
1394,2,247,HOH,O,O,15.99943,-0.848448690103,0.317796456355,0.652143528104
1395,2,247,HOH,H1,H,1.007947,0.4242243450515,1.0,0.0
1396,2,247,HOH,H2,H,1.007947,0.4242243450515,1.0,0.0
1397,2,248,HOH,O,O,15.99943,-0.848448690103,0.317796456355,0.652143528104
1398,2,248,HOH,H1,H,1.007947,0.4242243450515,1.0,0.0
1399,2,248,HOH,H2,H,1.007947,0.4242243450515,1.0,0.0
1400,2,249,HOH,O,O,15.99943,-0.848448690103,0.317796456355,0.652143528104
1401,2,249,HOH,H1,H,1.007947,0.4242243450515,1.0,0.0
1402,2,249,HOH,H2,H,1.007947,0.4242243450515,1.0,0.0
1403,2,250,HOH,O,O,15.99943,-0.848448690103,0.317796456355,0.652143528104
1404,2,250,HOH,H1,H,1.007947,0.4242243450515,1.0,0.0
1405,2,250,HOH,H2,H,1.007947,0.4242243450515,1.0,0.0
1406,2,251,HOH,O,O,15.99943,-0.848448690103,0.317796456355,0.652143528104
1407,2,251,HOH,H1,H,1.007947,0.4242243450515,1.0,0.0
1408,2,251,HOH,H2,H,1.007947,0.4242243450515,1.0,0.0
1409,2,252,HOH,O,O,15.99943,-0.848448690103,0.317796456355,0.652143528104
1410,2,252,HOH,H1,H,1.007947,0.4242243450515,1.0,0.0
1411,2,252,HOH,H2,H,1.007947,0.4242243450515,1.0,0.0
1412,2,253,HOH,O,O,15.99943,-0.848448690103,0.317796456355,0.652143528104
1413,2,253,HOH,H1,H,1.007947,0.4242243450515,1.0,0.0
1414,2,253,HOH,H2,H,1.007947,0.4242243450515,1.0,0.0
1415,2,254,HOH,O,O,15.99943,-0.848448690103,0.317796456355,0.652143528104
1416,2,254,HOH,H1,H,1.007947,0.4242243450515,1.0,0.0
1417,2,254,HOH,H2,H,1.007947,0.4242243450515,1.0,0.0
1418,2,255,HOH,O,O,15.99943,-0.848448690103,0.317796456355,0.652143528104
1419,2,255,HOH,H1,H,1.007947,0.4242243450515,1.0,0.0
1420,2,255,HOH,H2,H,1.007947,0.4242243450515,1.0,0.0
1421,2,256,HOH,O,O,15.99943,-0.848448690103,0.317796456355,0.652143528104
1422,2,256,HOH,H1,H,1.007947,0.4242243450515,1.0,0.0
1423,2,256,HOH,H2,H,1.007947,0.4242243450515,1.0,0.0
1424,2,257,HOH,O,O,15.99943,-0.848448690103,0.317796456355,0.652143528104
1425,2,257,HOH,H1,H,1.007947,0.4242243450515,1.0,0.0
1426,2,257,HOH,H2,H,1.007947,0.4242243450515,1.0,0.0
1427,2,258,HOH,O,O,15.99943,-0.848448690103,0.317796456355,0.652143528104
1428,2,258,HOH,H1,H,1.007947,0.4242243450515,1.0,0.0
1429,2,258,HOH,H2,H,1.007947,0.4242243450515,1.0,0.0
1430,2,259,HOH,O,O,15.99943,-0.848448690103,0.317796456355,0.652143528104
1431,2,259,HOH,H1,H,1.007947,0.4242243450515,1.0,0.0
1432,2,259,HOH,H2,H,1.007947,0.4242243450515,1.0,0.0
1433,2,260,HOH,O,O,15.99943,-0.848448690103,0.317796456355,0.652143528104
1434,2,260,HOH,H1,H,1.007947,0.4242243450515,1.0,0.0
1435,2,260,HOH,H2,H,1.007947,0.4242243450515,1.0,0.0
1436,2,261,HOH,O,O,15.99943,-0.848448690103,0.317796456355,0.652143528104
1437,2,261,HOH,H1,H,1.007947,0.4242243450515,1.0,0.0
1438,2,261,HOH,H2,H,1.007947,0.4242243450515,1.0,0.0
1439,2,262,HOH,O,O,15.99943,-0.848448690103,0.317796456355,0.652143528104
1440,2,262,HOH,H1,H,1.007947,0.4242243450515,1.0,0.0
1441,2,262,HOH,H2,H,1.007947,0.4242243450515,1.0,0.0
1442,2,263,HOH,O,O,15.99943,-0.848448690103,0.317796456355,0.652143528104
1443,2,263,HOH,H1,H,1.007947,0.4242243450515,1.0,0.0
1444,2,263,HOH,H2,H,1.007947,0.4242243450515,1.0,0.0
1445,2,264,HOH,O,O,15.99943,-0.848448690103,0.317796456355,0.652143528104
1446,2,264,HOH,H1,H,1.007947,0.4242243450515,1.0,0.0
1447,2,264,HOH,H2,H,1.007947,0.4242243450515,1.0,0.0
1448,2,265,HOH,O,O,15.99943,-0.848448690103,0.317796456355,0.652143528104
1449,2,265,HOH,H1,H,1.007947,0.4242243450515,1.0,0.0
1450,2,265,HOH,H2,H,1.007947,0.4242243450515,1.0,0.0
1451,2,266,HOH,O,O,15.99943,-0.848448690103,0.317796456355,0.652143528104
1452,2,266,HOH,H1,H,1.007947,0.4242243450515,1.0,0.0
1453,2,266,HOH,H2,H,1.007947,0.4242243450515,1.0,0.0
1454,2,267,HOH,O,O,15.99943,-0.848448690103,0.317796456355,0.652143528104
1455,2,267,HOH,H1,H,1.007947,0.4242243450515,1.0,0.0
1456,2,267,HOH,H2,H,1.007947,0.4242243450515,1.0,0.0
1457,2,268,HOH,O,O,15.99943,-0.848448690103,0.317796456355,0.652143528104
1458,2,268,HOH,H1,H,1.007947,0.4242243450515,1.0,0.0
1459,2,268,HOH,H2,H,1.007947,0.4242243450515,1.0,0.0
1460,2,269,HOH,O,O,15.99943,-0.848448690103,0.317796456355,0.652143528104
1461,2,269,HOH,H1,H,1.007947,0.4242243450515,1.0,0.0
1462,2,269,HOH,H2,H,1.007947,0.4242243450515,1.0,0.0
1463,2,270,HOH,O,O,15.99943,-0.848448690103,0.317796456355,0.652143528104
1464,2,270,HOH,H1,H,1.007947,0.4242243450515,1.0,0.0
1465,2,270,HOH,H2,H,1.007947,0.4242243450515,1.0,0.0
1466,2,271,HOH,O,O,15.99943,-0.848448690103,0.317796456355,0.652143528104
1467,2,271,HOH,H1,H,1.007947,0.4242243450515,1.0,0.0
1468,2,271,HOH,H2,H,1.007947,0.4242243450515,1.0,0.0
1469,2,272,HOH,O,O,15.99943,-0.848448690103,0.317796456355,0.652143528104
1470,2,272,HOH,H1,H,1.007947,0.4242243450515,1.0,0.0
1471,2,272,HOH,H2,H,1.007947,0.4242243450515,1.0,0.0
1472,2,273,HOH,O,O,15.99943,-0.848448690103,0.317796456355,0.652143528104
1473,2,273,HOH,H1,H,1.007947,0.4242243450515,1.0,0.0
1474,2,273,HOH,H2,H,1.007947,0.4242243450515,1.0,0.0
1475,2,274,HOH,O,O,15.99943,-0.848448690103,0.317796456355,0.652143528104
1476,2,274,HOH,H1,H,1.007947,0.4242243450515,1.0,0.0
1477,2,274,HOH,H2,H,1.007947,0.4242243450515,1.0,0.0
1478,2,275,HOH,O,O,15.99943,-0.848448690103,0.317796456355,0.652143528104
1479,2,275,HOH,H1,H,1.007947,0.4242243450515,1.0,0.0
1480,2,275,HOH,H2,H,1.007947,0.4242243450515,1.0,0.0
1481,2,276,HOH,O,O,15.99943,-0.848448690103,0.317796456355,0.652143528104
1482,2,276,HOH,H1,H,1.007947,0.4242243450515,1.0,0.0
1483,2,276,HOH,H2,H,1.007947,0.4242243450515,1.0,0.0
1484,2,277,HOH,O,O,15.99943,-0.848448690103,0.317796456355,0.652143528104
1485,2,277,HOH,H1,H,1.007947,0.4242243450515,1.0,0.0
1486,2,277,HOH,H2,H,1.007947,0.4242243450515,1.0,0.0
1487,2,278,HOH,O,O,15.99943,-0.848448690103,0.317796456355,0.652143528104
1488,2,278,HOH,H1,H,1.007947,0.4242243450515,1.0,0.0
1489,2,278,HOH,H2,H,1.007947,0.4242243450515,1.0,0.0
1490,2,279,HOH,O,O,15.99943,-0.848448690103,0.317796456355,0.652143528104
1491,2,279,HOH,H1,H,1.007947,0.4242243450515,1.0,0.0
1492,2,279,HOH,H2,H,1.007947,0.4242243450515,1.0,0.0
1493,2,280,HOH,O,O,15.99943,-0.848448690103,0.317796456355,0.652143528104
1494,2,280,HOH,H1,H,1.007947,0.4242243450515,1.0,0.0
1495,2,280,HOH,H2,H,1.007947,0.4242243450515,1.0,0.0
1496,2,281,HOH,O,O,15.99943,-0.848448690103,0.317796456355,0.652143528104
1497,2,281,HOH,H1,H,1.007947,0.4242243450515,1.0,0.0
1498,2,281,HOH,H2,H,1.007947,0.4242243450515,1.0,0.0
1499,2,282,HOH,O,O,15.99943,-0.848448690103,0.317796456355,0.652143528104
1500,2,282,HOH,H1,H,1.007947,0.4242243450515,1.0,0.0
1501,2,282,HOH,H2,H,1.007947,0.4242243450515,1.0,0.0
1502,2,283,HOH,O,O,15.99943,-0.848448690103,0.317796456355,0.652143528104
1503,2,283,HOH,H1,H,1.007947,0.4242243450515,1.0,0.0
1504,2,283,HOH,H2,H,1.007947,0.4242243450515,1.0,0.0
1505,2,284,HOH,O,O,15.99943,-0.848448690103,0.317796456355,0.652143528104
1506,2,284,HOH,H1,H,1.007947,0.4242243450515,1.0,0.0
1507,2,284,HOH,H2,H,1.007947,0.4242243450515,1.0,0.0
1508,2,285,HOH,O,O,15.99943,-0.848448690103,0.317796456355,0.652143528104
1509,2,285,HOH,H1,H,1.007947,0.4242243450515,1.0,0.0
1510,2,285,HOH,H2,H,1.007947,0.4242243450515,1.0,0.0
1511,2,286,HOH,O,O,15.99943,-0.848448690103,0.317796456355,0.652143528104
1512,2,286,HOH,H1,H,1.007947,0.4242243450515,1.0,0.0
1513,2,286,HOH,H2,H,1.007947,0.4242243450515,1.0,0.0
1514,2,287,HOH,O,O,15.99943,-0.848448690103,0.317796456355,0.652143528104
1515,2,287,HOH,H1,H,1.007947,0.4242243450515,1.0,0.0
1516,2,287,HOH,H2,H,1.007947,0.4242243450515,1.0,0.0
1517,2,288,HOH,O,O,15.99943,-0.848448690103,0.317796456355,0.652143528104
1518,2,288,HOH,H1,H,1.007947,0.4242243450515,1.0,0.0
1519,2,288,HOH,H2,H,1.007947,0.4242243450515,1.0,0.0
1520,2,289,HOH,O,O,15.99943,-0.848448690103,0.317796456355,0.652143528104
1521,2,289,HOH,H1,H,1.007947,0.4242243450515,1.0,0.0
1522,2,289,HOH,H2,H,1.007947,0.4242243450515,1.0,0.0
1523,2,290,HOH,O,O,15.99943,-0.848448690103,0.317796456355,0.652143528104
1524,2,290,HOH,H1,H,1.007947,0.4242243450515,1.0,0.0
1525,2,290,HOH,H2,H,1.007947,0.4242243450515,1.0,0.0
1526,2,291,HOH,O,O,15.99943,-0.848448690103,0.317796456355,0.652143528104
1527,2,291,HOH,H1,H,1.007947,0.4242243450515,1.0,0.0
1528,2,291,HOH,H2,H,1.007947,0.4242243450515,1.0,0.0
1529,2,292,HOH,O,O,15.99943,-0.848448690103,0.317796456355,0.652143528104
1530,2,292,HOH,H1,H,1.007947,0.4242243450515,1.0,0.0
1531,2,292,HOH,H2,H,1.007947,0.4242243450515,1.0,0.0
1532,2,293,HOH,O,O,15.99943,-0.848448690103,0.317796456355,0.652143528104
1533,2,293,HOH,H1,H,1.007947,0.4242243450515,1.0,0.0
1534,2,293,HOH,H2,H,1.007947,0.4242243450515,1.0,0.0
1535,2,294,HOH,O,O,15.99943,-0.848448690103,0.317796456355,0.652143528104
1536,2,294,HOH,H1,H,1.007947,0.4242243450515,1.0,0.0
1537,2,294,HOH,H2,H,1.007947,0.4242243450515,1.0,0.0
1538,2,295,HOH,O,O,15.99943,-0.848448690103,0.317796456355,0.652143528104
1539,2,295,HOH,H1,H,1.007947,0.4242243450515,1.0,0.0
1540,2,295,HOH,H2,H,1.007947,0.4242243450515,1.0,0.0
1541,2,296,HOH,O,O,15.99943,-0.848448690103,0.317796456355,0.652143528104
1542,2,296,HOH,H1,H,1.007947,0.4242243450515,1.0,0.0
1543,2,296,HOH,H2,H,1.007947,0.4242243450515,1.0,0.0
1544,2,297,HOH,O,O,15.99943,-0.848448690103,0.317796456355,0.652143528104
1545,2,297,HOH,H1,H,1.007947,0.4242243450515,1.0,0.0
1546,2,297,HOH,H2,H,1.007947,0.4242243450515,1.0,0.0
1547,2,298,HOH,O,O,15.99943,-0.848448690103,0.317796456355,0.652143528104
1548,2,298,HOH,H1,H,1.007947,0.4242243450515,1.0,0.0
1549,2,298,HOH,H2,H,1.007947,0.4242243450515,1.0,0.0
1550,2,299,HOH,O,O,15.99943,-0.848448690103,0.317796456355,0.652143528104
1551,2,299,HOH,H1,H,1.007947,0.4242243450515,1.0,0.0
1552,2,299,HOH,H2,H,1.007947,0.4242243450515,1.0,0.0
1553,2,300,HOH,O,O,15.99943,-0.848448690103,0.317796456355,0.652143528104
1554,2,300,HOH,H1,H,1.007947,0.4242243450515,1.0,0.0
1555,2,300,HOH,H2,H,1.007947,0.4242243450515,1.0,0.0
1556,2,301,HOH,O,O,15.99943,-0.848448690103,0.317796456355,0.652143528104
1557,2,301,HOH,H1,H,1.007947,0.4242243450515,1.0,0.0
1558,2,301,HOH,H2,H,1.007947,0.4242243450515,1.0,0.0
1559,2,302,HOH,O,O,15.99943,-0.848448690103,0.317796456355,0.652143528104
1560,2,302,HOH,H1,H,1.007947,0.4242243450515,1.0,0.0
1561,2,302,HOH,H2,H,1.007947,0.4242243450515,1.0,0.0
1562,2,303,HOH,O,O,15.99943,-0.848448690103,0.317796456355,0.652143528104
1563,2,303,HOH,H1,H,1.007947,0.4242243450515,1.0,0.0
1564,2,303,HOH,H2,H,1.007947,0.4242243450515,1.0,0.0
1565,2,304,HOH,O,O,15.99943,-0.848448690103,0.317796456355,0.652143528104
1566,2,304,HOH,H1,H,1.007947,0.4242243450515,1.0,0.0
1567,2,304,HOH,H2,H,1.007947,0.4242243450515,1.0,0.0
1568,2,305,HOH,O,O,15.99943,-0.848448690103,0.317796456355,0.652143528104
1569,2,305,HOH,H1,H,1.007947,0.4242243450515,1.0,0.0
1570,2,305,HOH,H2,H,1.007947,0.4242243450515,1.0,0.0
1571,2,306,HOH,O,O,15.99943,-0.848448690103,0.317796456355,0.652143528104
1572,2,306,HOH,H1,H,1.007947,0.4242243450515,1.0,0.0
1573,2,306,HOH,H2,H,1.007947,0.4242243450515,1.0,0.0
1574,2,307,HOH,O,O,15.99943,-0.848448690103,0.317796456355,0.652143528104
1575,2,307,HOH,H1,H,1.007947,0.4242243450515,1.0,0.0
1576,2,307,HOH,H2,H,1.007947,0.4242243450515,1.0,0.0
1577,2,308,HOH,O,O,15.99943,-0.848448690103,0.317796456355,0.652143528104
1578,2,308,HOH,H1,H,1.007947,0.4242243450515,1.0,0.0
1579,2,308,HOH,H2,H,1.007947,0.4242243450515,1.0,0.0
1580,2,309,HOH,O,O,15.99943,-0.848448690103,0.317796456355,0.652143528104
1581,2,309,HOH,H1,H,1.007947,0.4242243450515,1.0,0.0
1582,2,309,HOH,H2,H,1.007947,0.4242243450515,1.0,0.0
1583,2,310,HOH,O,O,15.99943,-0.848448690103,0.317796456355,0.652143528104
1584,2,310,HOH,H1,H,1.007947,0.4242243450515,1.0,0.0
1585,2,310,HOH,H2,H,1.007947,0.4242243450515,1.0,0.0
1586,2,311,HOH,O,O,15.99943,-0.848448690103,0.317796456355,0.652143528104
1587,2,311,HOH,H1,H,1.007947,0.4242243450515,1.0,0.0
1588,2,311,HOH,H2,H,1.007947,0.4242243450515,1.0,0.0
1589,2,312,HOH,O,O,15.99943,-0.848448690103,0.317796456355,0.652143528104
1590,2,312,HOH,H1,H,1.007947,0.4242243450515,1.0,0.0
1591,2,312,HOH,H2,H,1.007947,0.4242243450515,1.0,0.0
1592,2,313,HOH,O,O,15.99943,-0.848448690103,0.317796456355,0.652143528104
1593,2,313,HOH,H1,H,1.007947,0.4242243450515,1.0,0.0
1594,2,313,HOH,H2,H,1.007947,0.4242243450515,1.0,0.0
1595,2,314,HOH,O,O,15.99943,-0.848448690103,0.317796456355,0.652143528104
1596,2,314,HOH,H1,H,1.007947,0.4242243450515,1.0,0.0
1597,2,314,HOH,H2,H,1.007947,0.4242243450515,1.0,0.0
1598,2,315,HOH,O,O,15.99943,-0.848448690103,0.317796456355,0.652143528104
1599,2,315,HOH,H1,H,1.007947,0.4242243450515,1.0,0.0
1600,2,315,HOH,H2,H,1.007947,0.4242243450515,1.0,0.0
1601,2,316,HOH,O,O,15.99943,-0.848448690103,0.317796456355,0.652143528104
1602,2,316,HOH,H1,H,1.007947,0.4242243450515,1.0,0.0
1603,2,316,HOH,H2,H,1.007947,0.4242243450515,1.0,0.0
1604,2,317,HOH,O,O,15.99943,-0.848448690103,0.317796456355,0.652143528104
1605,2,317,HOH,H1,H,1.007947,0.4242243450515,1.0,0.0
1606,2,317,HOH,H2,H,1.007947,0.4242243450515,1.0,0.0
1607,2,318,HOH,O,O,15.99943,-0.848448690103,0.317796456355,0.652143528104
1608,2,318,HOH,H1,H,1.007947,0.4242243450515,1.0,0.0
1609,2,318,HOH,H2,H,1.007947,0.4242243450515,1.0,0.0
1610,2,319,HOH,O,O,15.99943,-0.848448690103,0.317796456355,0.652143528104
1611,2,319,HOH,H1,H,1.007947,0.4242243450515,1.0,0.0
1612,2,319,HOH,H2,H,1.007947,0.4242243450515,1.0,0.0
1613,2,320,HOH,O,O,15.99943,-0.848448690103,0.317796456355,0.652143528104
1614,2,320,HOH,H1,H,1.007947,0.4242243450515,1.0,0.0
1615,2,320,HOH,H2,H,1.007947,0.4242243450515,1.0,0.0
1616,2,321,HOH,O,O,15.99943,-0.848448690103,0.317796456355,0.652143528104
1617,2,321,HOH,H1,H,1.007947,0.4242243450515,1.0,0.0
1618,2,321,HOH,H2,H,1.007947,0.4242243450515,1.0,0.0
1619,2,322,HOH,O,O,15.99943,-0.848448690103,0.317796456355,0.652143528104
1620,2,322,HOH,H1,H,1.007947,0.4242243450515,1.0,0.0
1621,2,322,HOH,H2,H,1.007947,0.4242243450515,1.0,0.0
1622,2,323,HOH,O,O,15.99943,-0.848448690103,0.317796456355,0.652143528104
1623,2,323,HOH,H1,H,1.007947,0.4242243450515,1.0,0.0
1624,2,323,HOH,H2,H,1.007947,0.4242243450515,1.0,0.0
1625,2,324,HOH,O,O,15.99943,-0.848448690103,0.317796456355,0.652143528104
1626,2,324,HOH,H1,H,1.007947,0.4242243450515,1.0,0.0
1627,2,324,HOH,H2,H,1.007947,0.4242243450515,1.0,0.0
1628,2,325,HOH,O,O,15.99943,-0.848448690103,0.317796456355,0.652143528104
1629,2,325,HOH,H1,H,1.007947,0.4242243450515,1.0,0.0
1630,2,325,HOH,H2,H,1.007947,0.4242243450515,1.0,0.0
1631,2,326,HOH,O,O,15.99943,-0.848448690103,0.317796456355,0.652143528104
1632,2,326,HOH,H1,H,1.007947,0.4242243450515,1.0,0.0
1633,2,326,HOH,H2,H,1.007947,0.4242243450515,1.0,0.0
1634,2,327,HOH,O,O,15.99943,-0.848448690103,0.317796456355,0.652143528104
1635,2,327,HOH,H1,H,1.007947,0.4242243450515,1.0,0.0
1636,2,327,HOH,H2,H,1.007947,0.4242243450515,1.0,0.0
1637,2,328,HOH,O,O,15.99943,-0.848448690103,0.317796456355,0.652143528104
1638,2,328,HOH,H1,H,1.007947,0.4242243450515,1.0,0.0
1639,2,328,HOH,H2,H,1.007947,0.4242243450515,1.0,0.0
1640,2,329,HOH,O,O,15.99943,-0.848448690103,0.317796456355,0.652143528104
1641,2,329,HOH,H1,H,1.007947,0.4242243450515,1.0,0.0
1642,2,329,HOH,H2,H,1.007947,0.4242243450515,1.0,0.0
1643,2,330,HOH,O,O,15.99943,-0.848448690103,0.317796456355,0.652143528104
1644,2,330,HOH,H1,H,1.007947,0.4242243450515,1.0,0.0
1645,2,330,HOH,H2,H,1.007947,0.4242243450515,1.0,0.0
1646,2,331,HOH,O,O,15.99943,-0.848448690103,0.317796456355,0.652143528104
1647,2,331,HOH,H1,H,1.007947,0.4242243450515,1.0,0.0
1648,2,331,HOH,H2,H,1.007947,0.4242243450515,1.0,0.0
1649,2,332,HOH,O,O,15.99943,-0.848448690103,0.317796456355,0.652143528104
1650,2,332,HOH,H1,H,1.007947,0.4242243450515,1.0,0.0
1651,2,332,HOH,H2,H,1.007947,0.4242243450515,1.0,0.0
1652,2,333,HOH,O,O,15.99943,-0.848448690103,0.317796456355,0.652143528104
1653,2,333,HOH,H1,H,1.007947,0.4242243450515,1.0,0.0
1654,2,333,HOH,H2,H,1.007947,0.4242243450515,1.0,0.0
1655,2,334,HOH,O,O,15.99943,-0.848448690103,0.317796456355,0.652143528104
1656,2,334,HOH,H1,H,1.007947,0.4242243450515,1.0,0.0
1657,2,334,HOH,H2,H,1.007947,0.4242243450515,1.0,0.0
1658,2,335,HOH,O,O,15.99943,-0.848448690103,0.317796456355,0.652143528104
1659,2,335,HOH,H1,H,1.007947,0.4242243450515,1.0,0.0
1660,2,335,HOH,H2,H,1.007947,0.4242243450515,1.0,0.0
1661,2,336,HOH,O,O,15.99943,-0.848448690103,0.317796456355,0.652143528104
1662,2,336,HOH,H1,H,1.007947,0.4242243450515,1.0,0.0
1663,2,336,HOH,H2,H,1.007947,0.4242243450515,1.0,0.0
1664,2,337,HOH,O,O,15.99943,-0.848448690103,0.317796456355,0.652143528104
1665,2,337,HOH,H1,H,1.007947,0.4242243450515,1.0,0.0
1666,2,337,HOH,H2,H,1.007947,0.4242243450515,1.0,0.0
1667,2,338,HOH,O,O,15.99943,-0.848448690103,0.317796456355,0.652143528104
1668,2,338,HOH,H1,H,1.007947,0.4242243450515,1.0,0.0
1669,2,338,HOH,H2,H,1.007947,0.4242243450515,1.0,0.0
1670,2,339,HOH,O,O,15.99943,-0.848448690103,0.317796456355,0.652143528104
1671,2,339,HOH,H1,H,1.007947,0.4242243450515,1.0,0.0
1672,2,339,HOH,H2,H,1.007947,0.4242243450515,1.0,0.0
1673,2,340,HOH,O,O,15.99943,-0.848448690103,0.317796456355,0.652143528104
1674,2,340,HOH,H1,H,1.007947,0.4242243450515,1.0,0.0
1675,2,340,HOH,H2,H,1.007947,0.4242243450515,1.0,0.0
1676,2,341,HOH,O,O,15.99943,-0.848448690103,0.317796456355,0.652143528104
1677,2,341,HOH,H1,H,1.007947,0.4242243450515,1.0,0.0
1678,2,341,HOH,H2,H,1.007947,0.4242243450515,1.0,0.0
1679,2,342,HOH,O,O,15.99943,-0.848448690103,0.317796456355,0.652143528104
1680,2,342,HOH,H1,H,1.007947,0.4242243450515,1.0,0.0
1681,2,342,HOH,H2,H,1.007947,0.4242243450515,1.0,0.0
1682,2,343,HOH,O,O,15.99943,-0.848448690103,0.317796456355,0.652143528104
1683,2,343,HOH,H1,H,1.007947,0.4242243450515,1.0,0.0
1684,2,343,HOH,H2,H,1.007947,0.4242243450515,1.0,0.0
1685,2,344,HOH,O,O,15.99943,-0.848448690103,0.317796456355,0.652143528104
1686,2,344,HOH,H1,H,1.007947,0.4242243450515,1.0,0.0
1687,2,344,HOH,H2,H,1.007947,0.4242243450515,1.0,0.0
1688,2,345,HOH,O,O,15.99943,-0.848448690103,0.317796456355,0.652143528104
1689,2,345,HOH,H1,H,1.007947,0.4242243450515,1.0,0.0
1690,2,345,HOH,H2,H,1.007947,0.4242243450515,1.0,0.0
1691,2,346,HOH,O,O,15.99943,-0.848448690103,0.317796456355,0.652143528104
1692,2,346,HOH,H1,H,1.007947,0.4242243450515,1.0,0.0
1693,2,346,HOH,H2,H,1.007947,0.4242243450515,1.0,0.0
1694,2,347,HOH,O,O,15.99943,-0.848448690103,0.317796456355,0.652143528104
1695,2,347,HOH,H1,H,1.007947,0.4242243450515,1.0,0.0
1696,2,347,HOH,H2,H,1.007947,0.4242243450515,1.0,0.0
1697,2,348,HOH,O,O,15.99943,-0.848448690103,0.317796456355,0.652143528104
1698,2,348,HOH,H1,H,1.007947,0.4242243450515,1.0,0.0
1699,2,348,HOH,H2,H,1.007947,0.4242243450515,1.0,0.0
1700,2,349,HOH,O,O,15.99943,-0.848448690103,0.317796456355,0.652143528104
1701,2,349,HOH,H1,H,1.007947,0.4242243450515,1.0,0.0
1702,2,349,HOH,H2,H,1.007947,0.4242243450515,1.0,0.0
1703,2,350,HOH,O,O,15.99943,-0.848448690103,0.317796456355,0.652143528104
1704,2,350,HOH,H1,H,1.007947,0.4242243450515,1.0,0.0
1705,2,350,HOH,H2,H,1.007947,0.4242243450515,1.0,0.0
1706,2,351,HOH,O,O,15.99943,-0.848448690103,0.317796456355,0.652143528104
1707,2,351,HOH,H1,H,1.007947,0.4242243450515,1.0,0.0
1708,2,351,HOH,H2,H,1.007947,0.4242243450515,1.0,0.0
1709,2,352,HOH,O,O,15.99943,-0.848448690103,0.317796456355,0.652143528104
1710,2,352,HOH,H1,H,1.007947,0.4242243450515,1.0,0.0
1711,2,352,HOH,H2,H,1.007947,0.4242243450515,1.0,0.0
1712,2,353,HOH,O,O,15.99943,-0.848448690103,0.317796456355,0.652143528104
1713,2,353,HOH,H1,H,1.007947,0.4242243450515,1.0,0.0
1714,2,353,HOH,H2,H,1.007947,0.4242243450515,1.0,0.0
1715,2,354,HOH,O,O,15.99943,-0.848448690103,0.317796456355,0.652143528104
1716,2,354,HOH,H1,H,1.007947,0.4242243450515,1.0,0.0
1717,2,354,HOH,H2,H,1.007947,0.4242243450515,1.0,0.0
1718,2,355,HOH,O,O,15.99943,-0.848448690103,0.317796456355,0.652143528104
1719,2,355,HOH,H1,H,1.007947,0.4242243450515,1.0,0.0
1720,2,355,HOH,H2,H,1.007947,0.4242243450515,1.0,0.0
1721,2,356,HOH,O,O,15.99943,-0.848448690103,0.317796456355,0.652143528104
1722,2,356,HOH,H1,H,1.007947,0.4242243450515,1.0,0.0
1723,2,356,HOH,H2,H,1.007947,0.4242243450515,1.0,0.0
1724,2,357,HOH,O,O,15.99943,-0.848448690103,0.317796456355,0.652143528104
1725,2,357,HOH,H1,H,1.007947,0.4242243450515,1.0,0.0
1726,2,357,HOH,H2,H,1.007947,0.4242243450515,1.0,0.0
1727,2,358,HOH,O,O,15.99943,-0.848448690103,0.317796456355,0.652143528104
1728,2,358,HOH,H1,H,1.007947,0.4242243450515,1.0,0.0
1729,2,358,HOH,H2,H,1.007947,0.4242243450515,1.0,0.0
1730,2,359,HOH,O,O,15.99943,-0.848448690103,0.317796456355,0.652143528104
1731,2,359,HOH,H1,H,1.007947,0.4242243450515,1.0,0.0
1732,2,359,HOH,H2,H,1.007947,0.4242243450515,1.0,0.0
1733,2,360,HOH,O,O,15.99943,-0.848448690103,0.317796456355,0.652143528104
1734,2,360,HOH,H1,H,1.007947,0.4242243450515,1.0,0.0
1735,2,360,HOH,H2,H,1.007947,0.4242243450515,1.0,0.0
1736,2,361,HOH,O,O,15.99943,-0.848448690103,0.317796456355,0.652143528104
1737,2,361,HOH,H1,H,1.007947,0.4242243450515,1.0,0.0
1738,2,361,HOH,H2,H,1.007947,0.4242243450515,1.0,0.0
1739,2,362,HOH,O,O,15.99943,-0.848448690103,0.317796456355,0.652143528104
1740,2,362,HOH,H1,H,1.007947,0.4242243450515,1.0,0.0
1741,2,362,HOH,H2,H,1.007947,0.4242243450515,1.0,0.0
1742,2,363,HOH,O,O,15.99943,-0.848448690103,0.317796456355,0.652143528104
1743,2,363,HOH,H1,H,1.007947,0.4242243450515,1.0,0.0
1744,2,363,HOH,H2,H,1.007947,0.4242243450515,1.0,0.0
1745,2,364,HOH,O,O,15.99943,-0.848448690103,0.317796456355,0.652143528104
1746,2,364,HOH,H1,H,1.007947,0.4242243450515,1.0,0.0
1747,2,364,HOH,H2,H,1.007947,0.4242243450515,1.0,0.0
1748,2,365,HOH,O,O,15.99943,-0.848448690103,0.317796456355,0.652143528104
1749,2,365,HOH,H1,H,1.007947,0.4242243450515,1.0,0.0
1750,2,365,HOH,H2,H,1.007947,0.4242243450515,1.0,0.0
1751,2,366,HOH,O,O,15.99943,-0.848448690103,0.317796456355,0.652143528104
1752,2,366,HOH,H1,H,1.007947,0.4242243450515,1.0,0.0
1753,2,366,HOH,H2,H,1.007947,0.4242243450515,1.0,0.0
1754,2,367,HOH,O,O,15.99943,-0.848448690103,0.317796456355,0.652143528104
1755,2,367,HOH,H1,H,1.007947,0.4242243450515,1.0,0.0
1756,2,367,HOH,H2,H,1.007947,0.4242243450515,1.0,0.0
1757,2,368,HOH,O,O,15.99943,-0.848448690103,0.317796456355,0.652143528104
1758,2,368,HOH,H1,H,1.007947,0.4242243450515,1.0,0.0
1759,2,368,HOH,H2,H,1.007947,0.4242243450515,1.0,0.0
1760,2,369,HOH,O,O,15.99943,-0.848448690103,0.317796456355,0.652143528104
1761,2,369,HOH,H1,H,1.007947,0.4242243450515,1.0,0.0
1762,2,369,HOH,H2,H,1.007947,0.4242243450515,1.0,0.0
1763,2,370,HOH,O,O,15.99943,-0.848448690103,0.317796456355,0.652143528104
1764,2,370,HOH,H1,H,1.007947,0.4242243450515,1.0,0.0
1765,2,370,HOH,H2,H,1.007947,0.4242243450515,1.0,0.0
1766,2,371,HOH,O,O,15.99943,-0.848448690103,0.317796456355,0.652143528104
1767,2,371,HOH,H1,H,1.007947,0.4242243450515,1.0,0.0
1768,2,371,HOH,H2,H,1.007947,0.4242243450515,1.0,0.0
1769,2,372,HOH,O,O,15.99943,-0.848448690103,0.317796456355,0.652143528104
1770,2,372,HOH,H1,H,1.007947,0.4242243450515,1.0,0.0
1771,2,372,HOH,H2,H,1.007947,0.4242243450515,1.0,0.0
1772,2,373,HOH,O,O,15.99943,-0.848448690103,0.317796456355,0.652143528104
1773,2,373,HOH,H1,H,1.007947,0.4242243450515,1.0,0.0
1774,2,373,HOH,H2,H,1.007947,0.4242243450515,1.0,0.0
1775,2,374,HOH,O,O,15.99943,-0.848448690103,0.317796456355,0.652143528104
1776,2,374,HOH,H1,H,1.007947,0.4242243450515,1.0,0.0
1777,2,374,HOH,H2,H,1.007947,0.4242243450515,1.0,0.0
1778,2,375,HOH,O,O,15.99943,-0.848448690103,0.317796456355,0.652143528104
1779,2,375,HOH,H1,H,1.007947,0.4242243450515,1.0,0.0
1780,2,375,HOH,H2,H,1.007947,0.4242243450515,1.0,0.0
1781,2,376,HOH,O,O,15.99943,-0.848448690103,0.317796456355,0.652143528104
1782,2,376,HOH,H1,H,1.007947,0.4242243450515,1.0,0.0
1783,2,376,HOH,H2,H,1.007947,0.4242243450515,1.0,0.0
1784,2,377,HOH,O,O,15.99943,-0.848448690103,0.317796456355,0.652143528104
1785,2,377,HOH,H1,H,1.007947,0.4242243450515,1.0,0.0
1786,2,377,HOH,H2,H,1.007947,0.4242243450515,1.0,0.0
1787,2,378,HOH,O,O,15.99943,-0.848448690103,0.317796456355,0.652143528104
1788,2,378,HOH,H1,H,1.007947,0.4242243450515,1.0,0.0
1789,2,378,HOH,H2,H,1.007947,0.4242243450515,1.0,0.0
1790,2,379,HOH,O,O,15.99943,-0.848448690103,0.317796456355,0.652143528104
1791,2,379,HOH,H1,H,1.007947,0.4242243450515,1.0,0.0
1792,2,379,HOH,H2,H,1.007947,0.4242243450515,1.0,0.0
1793,2,380,HOH,O,O,15.99943,-0.848448690103,0.317796456355,0.652143528104
1794,2,380,HOH,H1,H,1.007947,0.4242243450515,1.0,0.0
1795,2,380,HOH,H2,H,1.007947,0.4242243450515,1.0,0.0
1796,2,381,HOH,O,O,15.99943,-0.848448690103,0.317796456355,0.652143528104
1797,2,381,HOH,H1,H,1.007947,0.4242243450515,1.0,0.0
1798,2,381,HOH,H2,H,1.007947,0.4242243450515,1.0,0.0
1799,2,382,HOH,O,O,15.99943,-0.848448690103,0.317796456355,0.652143528104
1800,2,382,HOH,H1,H,1.007947,0.4242243450515,1.0,0.0
1801,2,382,HOH,H2,H,1.007947,0.4242243450515,1.0,0.0
1802,2,383,HOH,O,O,15.99943,-0.848448690103,0.317796456355,0.652143528104
1803,2,383,HOH,H1,H,1.007947,0.4242243450515,1.0,0.0
1804,2,383,HOH,H2,H,1.007947,0.4242243450515,1.0,0.0
1805,2,384,HOH,O,O,15.99943,-0.848448690103,0.317796456355,0.652143528104
1806,2,384,HOH,H1,H,1.007947,0.4242243450515,1.0,0.0
1807,2,384,HOH,H2,H,1.007947,0.4242243450515,1.0,0.0
1808,2,385,HOH,O,O,15.99943,-0.848448690103,0.317796456355,0.652143528104
1809,2,385,HOH,H1,H,1.007947,0.4242243450515,1.0,0.0
1810,2,385,HOH,H2,H,1.007947,0.4242243450515,1.0,0.0
1811,2,386,HOH,O,O,15.99943,-0.848448690103,0.317796456355,0.652143528104
1812,2,386,HOH,H1,H,1.007947,0.4242243450515,1.0,0.0
1813,2,386,HOH,H2,H,1.007947,0.4242243450515,1.0,0.0
1814,2,387,HOH,O,O,15.99943,-0.848448690103,0.317796456355,0.652143528104
1815,2,387,HOH,H1,H,1.007947,0.4242243450515,1.0,0.0
1816,2,387,HOH,H2,H,1.007947,0.4242243450515,1.0,0.0
1817,2,388,HOH,O,O,15.99943,-0.848448690103,0.317796456355,0.652143528104
1818,2,388,HOH,H1,H,1.007947,0.4242243450515,1.0,0.0
1819,2,388,HOH,H2,H,1.007947,0.4242243450515,1.0,0.0
1820,2,389,HOH,O,O,15.99943,-0.848448690103,0.317796456355,0.652143528104
1821,2,389,HOH,H1,H,1.007947,0.4242243450515,1.0,0.0
1822,2,389,HOH,H2,H,1.007947,0.4242243450515,1.0,0.0
1823,2,390,HOH,O,O,15.99943,-0.848448690103,0.317796456355,0.652143528104
1824,2,390,HOH,H1,H,1.007947,0.4242243450515,1.0,0.0
1825,2,390,HOH,H2,H,1.007947,0.4242243450515,1.0,0.0
1826,2,391,HOH,O,O,15.99943,-0.848448690103,0.317796456355,0.652143528104
1827,2,391,HOH,H1,H,1.007947,0.4242243450515,1.0,0.0
1828,2,391,HOH,H2,H,1.007947,0.4242243450515,1.0,0.0
1829,2,392,HOH,O,O,15.99943,-0.848448690103,0.317796456355,0.652143528104
1830,2,392,HOH,H1,H,1.007947,0.4242243450515,1.0,0.0
1831,2,392,HOH,H2,H,1.007947,0.4242243450515,1.0,0.0
1832,2,393,HOH,O,O,15.99943,-0.848448690103,0.317796456355,0.652143528104
1833,2,393,HOH,H1,H,1.007947,0.4242243450515,1.0,0.0
1834,2,393,HOH,H2,H,1.007947,0.4242243450515,1.0,0.0
1835,2,394,HOH,O,O,15.99943,-0.848448690103,0.317796456355,0.652143528104
1836,2,394,HOH,H1,H,1.007947,0.4242243450515,1.0,0.0
1837,2,394,HOH,H2,H,1.007947,0.4242243450515,1.0,0.0
1838,2,395,HOH,O,O,15.99943,-0.848448690103,0.317796456355,0.652143528104
1839,2,395,HOH,H1,H,1.007947,0.4242243450515,1.0,0.0
1840,2,395,HOH,H2,H,1.007947,0.4242243450515,1.0,0.0
1841,2,396,HOH,O,O,15.99943,-0.848448690103,0.317796456355,0.652143528104
1842,2,396,HOH,H1,H,1.007947,0.4242243450515,1.0,0.0
1843,2,396,HOH,H2,H,1.007947,0.4242243450515,1.0,0.0
1844,2,397,HOH,O,O,15.99943,-0.848448690103,0.317796456355,0.652143528104
1845,2,397,HOH,H1,H,1.007947,0.4242243450515,1.0,0.0
1846,2,397,HOH,H2,H,1.007947,0.4242243450515,1.0,0.0
1847,2,398,HOH,O,O,15.99943,-0.848448690103,0.317796456355,0.652143528104
1848,2,398,HOH,H1,H,1.007947,0.4242243450515,1.0,0.0
1849,2,398,HOH,H2,H,1.007947,0.4242243450515,1.0,0.0
1850,2,399,HOH,O,O,15.99943,-0.848448690103,0.317796456355,0.652143528104
1851,2,399,HOH,H1,H,1.007947,0.4242243450515,1.0,0.0
1852,2,399,HOH,H2,H,1.007947,0.4242243450515,1.0,0.0
1853,2,400,HOH,O,O,15.99943,-0.848448690103,0.317796456355,0.652143528104
1854,2,400,HOH,H1,H,1.007947,0.4242243450515,1.0,0.0
1855,2,400,HOH,H2,H,1.007947,0.4242243450515,1.0,0.0
1856,2,401,HOH,O,O,15.99943,-0.848448690103,0.317796456355,0.652143528104
1857,2,401,HOH,H1,H,1.007947,0.4242243450515,1.0,0.0
1858,2,401,HOH,H2,H,1.007947,0.4242243450515,1.0,0.0
1859,2,402,HOH,O,O,15.99943,-0.848448690103,0.317796456355,0.652143528104
1860,2,402,HOH,H1,H,1.007947,0.4242243450515,1.0,0.0
1861,2,402,HOH,H2,H,1.007947,0.4242243450515,1.0,0.0
1862,2,403,HOH,O,O,15.99943,-0.848448690103,0.317796456355,0.652143528104
1863,2,403,HOH,H1,H,1.007947,0.4242243450515,1.0,0.0
1864,2,403,HOH,H2,H,1.007947,0.4242243450515,1.0,0.0
1865,2,404,HOH,O,O,15.99943,-0.848448690103,0.317796456355,0.652143528104
1866,2,404,HOH,H1,H,1.007947,0.4242243450515,1.0,0.0
1867,2,404,HOH,H2,H,1.007947,0.4242243450515,1.0,0.0
1868,2,405,HOH,O,O,15.99943,-0.848448690103,0.317796456355,0.652143528104
1869,2,405,HOH,H1,H,1.007947,0.4242243450515,1.0,0.0
1870,2,405,HOH,H2,H,1.007947,0.4242243450515,1.0,0.0
1871,2,406,HOH,O,O,15.99943,-0.848448690103,0.317796456355,0.652143528104
1872,2,406,HOH,H1,H,1.007947,0.4242243450515,1.0,0.0
1873,2,406,HOH,H2,H,1.007947,0.4242243450515,1.0,0.0
1874,2,407,HOH,O,O,15.99943,-0.848448690103,0.317796456355,0.652143528104
1875,2,407,HOH,H1,H,1.007947,0.4242243450515,1.0,0.0
1876,2,407,HOH,H2,H,1.007947,0.4242243450515,1.0,0.0
1877,2,408,HOH,O,O,15.99943,-0.848448690103,0.317796456355,0.652143528104
1878,2,408,HOH,H1,H,1.007947,0.4242243450515,1.0,0.0
1879,2,408,HOH,H2,H,1.007947,0.4242243450515,1.0,0.0
1880,2,409,HOH,O,O,15.99943,-0.848448690103,0.317796456355,0.652143528104
1881,2,409,HOH,H1,H,1.007947,0.4242243450515,1.0,0.0
1882,2,409,HOH,H2,H,1.007947,0.4242243450515,1.0,0.0
1883,2,410,HOH,O,O,15.99943,-0.848448690103,0.317796456355,0.652143528104
1884,2,410,HOH,H1,H,1.007947,0.4242243450515,1.0,0.0
1885,2,410,HOH,H2,H,1.007947,0.4242243450515,1.0,0.0
1886,2,411,HOH,O,O,15.99943,-0.848448690103,0.317796456355,0.652143528104
1887,2,411,HOH,H1,H,1.007947,0.4242243450515,1.0,0.0
1888,2,411,HOH,H2,H,1.007947,0.4242243450515,1.0,0.0
1889,2,412,HOH,O,O,15.99943,-0.848448690103,0.317796456355,0.652143528104
1890,2,412,HOH,H1,H,1.007947,0.4242243450515,1.0,0.0
1891,2,412,HOH,H2,H,1.007947,0.4242243450515,1.0,0.0
1892,2,413,HOH,O,O,15.99943,-0.848448690103,0.317796456355,0.652143528104
1893,2,413,HOH,H1,H,1.007947,0.4242243450515,1.0,0.0
1894,2,413,HOH,H2,H,1.007947,0.4242243450515,1.0,0.0
1895,2,414,HOH,O,O,15.99943,-0.848448690103,0.317796456355,0.652143528104
1896,2,414,HOH,H1,H,1.007947,0.4242243450515,1.0,0.0
1897,2,414,HOH,H2,H,1.007947,0.4242243450515,1.0,0.0
1898,2,415,HOH,O,O,15.99943,-0.848448690103,0.317796456355,0.652143528104
1899,2,415,HOH,H1,H,1.007947,0.4242243450515,1.0,0.0
1900,2,415,HOH,H2,H,1.007947,0.4242243450515,1.0,0.0
1901,2,416,HOH,O,O,15.99943,-0.848448690103,0.317796456355,0.652143528104
1902,2,416,HOH,H1,H,1.007947,0.4242243450515,1.0,0.0
1903,2,416,HOH,H2,H,1.007947,0.4242243450515,1.0,0.0
1904,2,417,HOH,O,O,15.99943,-0.848448690103,0.317796456355,0.652143528104
1905,2,417,HOH,H1,H,1.007947,0.4242243450515,1.0,0.0
1906,2,417,HOH,H2,H,1.007947,0.4242243450515,1.0,0.0
1907,2,418,HOH,O,O,15.99943,-0.848448690103,0.317796456355,0.652143528104
1908,2,418,HOH,H1,H,1.007947,0.4242243450515,1.0,0.0
1909,2,418,HOH,H2,H,1.007947,0.4242243450515,1.0,0.0
1910,2,419,HOH,O,O,15.99943,-0.848448690103,0.317796456355,0.652143528104
1911,2,419,HOH,H1,H,1.007947,0.4242243450515,1.0,0.0
1912,2,419,HOH,H2,H,1.007947,0.4242243450515,1.0,0.0
1913,2,420,HOH,O,O,15.99943,-0.848448690103,0.317796456355,0.652143528104
1914,2,420,HOH,H1,H,1.007947,0.4242243450515,1.0,0.0
1915,2,420,HOH,H2,H,1.007947,0.4242243450515,1.0,0.0
1916,2,421,HOH,O,O,15.99943,-0.848448690103,0.317796456355,0.652143528104
1917,2,421,HOH,H1,H,1.007947,0.4242243450515,1.0,0.0
1918,2,421,HOH,H2,H,1.007947,0.4242243450515,1.0,0.0
1919,2,422,HOH,O,O,15.99943,-0.848448690103,0.317796456355,0.652143528104
1920,2,422,HOH,H1,H,1.007947,0.4242243450515,1.0,0.0
1921,2,422,HOH,H2,H,1.007947,0.4242243450515,1.0,0.0
1922,2,423,HOH,O,O,15.99943,-0.848448690103,0.317796456355,0.652143528104
1923,2,423,HOH,H1,H,1.007947,0.4242243450515,1.0,0.0
1924,2,423,HOH,H2,H,1.007947,0.4242243450515,1.0,0.0
1925,2,424,HOH,O,O,15.99943,-0.848448690103,0.317796456355,0.652143528104
1926,2,424,HOH,H1,H,1.007947,0.4242243450515,1.0,0.0
1927,2,424,HOH,H2,H,1.007947,0.4242243450515,1.0,0.0
1928,2,425,HOH,O,O,15.99943,-0.848448690103,0.317796456355,0.652143528104
1929,2,425,HOH,H1,H,1.007947,0.4242243450515,1.0,0.0
1930,2,425,HOH,H2,H,1.007947,0.4242243450515,1.0,0.0
1931,2,426,HOH,O,O,15.99943,-0.848448690103,0.317796456355,0.652143528104
1932,2,426,HOH,H1,H,1.007947,0.4242243450515,1.0,0.0
1933,2,426,HOH,H2,H,1.007947,0.4242243450515,1.0,0.0
1934,2,427,HOH,O,O,15.99943,-0.848448690103,0.317796456355,0.652143528104
1935,2,427,HOH,H1,H,1.007947,0.4242243450515,1.0,0.0
1936,2,427,HOH,H2,H,1.007947,0.4242243450515,1.0,0.0
1937,2,428,HOH,O,O,15.99943,-0.848448690103,0.317796456355,0.652143528104
1938,2,428,HOH,H1,H,1.007947,0.4242243450515,1.0,0.0
1939,2,428,HOH,H2,H,1.007947,0.4242243450515,1.0,0.0
1940,2,429,HOH,O,O,15.99943,-0.848448690103,0.317796456355,0.652143528104
1941,2,429,HOH,H1,H,1.007947,0.4242243450515,1.0,0.0
1942,2,429,HOH,H2,H,1.007947,0.4242243450515,1.0,0.0
1943,2,430,HOH,O,O,15.99943,-0.848448690103,0.317796456355,0.652143528104
1944,2,430,HOH,H1,H,1.007947,0.4242243450515,1.0,0.0
1945,2,430,HOH,H2,H,1.007947,0.4242243450515,1.0,0.0
1946,2,431,HOH,O,O,15.99943,-0.848448690103,0.317796456355,0.652143528104
1947,2,431,HOH,H1,H,1.007947,0.4242243450515,1.0,0.0
1948,2,431,HOH,H2,H,1.007947,0.4242243450515,1.0,0.0
1949,2,432,HOH,O,O,15.99943,-0.848448690103,0.317796456355,0.652143528104
1950,2,432,HOH,H1,H,1.007947,0.4242243450515,1.0,0.0
1951,2,432,HOH,H2,H,1.007947,0.4242243450515,1.0,0.0
1952,2,433,HOH,O,O,15.99943,-0.848448690103,0.317796456355,0.652143528104
1953,2,433,HOH,H1,H,1.007947,0.4242243450515,1.0,0.0
1954,2,433,HOH,H2,H,1.007947,0.4242243450515,1.0,0.0
1955,2,434,HOH,O,O,15.99943,-0.848448690103,0.317796456355,0.652143528104
1956,2,434,HOH,H1,H,1.007947,0.4242243450515,1.0,0.0
1957,2,434,HOH,H2,H,1.007947,0.4242243450515,1.0,0.0
1958,2,435,HOH,O,O,15.99943,-0.848448690103,0.317796456355,0.652143528104
1959,2,435,HOH,H1,H,1.007947,0.4242243450515,1.0,0.0
1960,2,435,HOH,H2,H,1.007947,0.4242243450515,1.0,0.0
1961,2,436,HOH,O,O,15.99943,-0.848448690103,0.317796456355,0.652143528104
1962,2,436,HOH,H1,H,1.007947,0.4242243450515,1.0,0.0
1963,2,436,HOH,H2,H,1.007947,0.4242243450515,1.0,0.0
1964,2,437,HOH,O,O,15.99943,-0.848448690103,0.317796456355,0.652143528104
1965,2,437,HOH,H1,H,1.007947,0.4242243450515,1.0,0.0
1966,2,437,HOH,H2,H,1.007947,0.4242243450515,1.0,0.0
1967,2,438,HOH,O,O,15.99943,-0.848448690103,0.317796456355,0.652143528104
1968,2,438,HOH,H1,H,1.007947,0.4242243450515,1.0,0.0
1969,2,438,HOH,H2,H,1.007947,0.4242243450515,1.0,0.0
1970,2,439,HOH,O,O,15.99943,-0.848448690103,0.317796456355,0.652143528104
1971,2,439,HOH,H1,H,1.007947,0.4242243450515,1.0,0.0
1972,2,439,HOH,H2,H,1.007947,0.4242243450515,1.0,0.0
1973,2,440,HOH,O,O,15.99943,-0.848448690103,0.317796456355,0.652143528104
1974,2,440,HOH,H1,H,1.007947,0.4242243450515,1.0,0.0
1975,2,440,HOH,H2,H,1.007947,0.4242243450515,1.0,0.0
1976,2,441,HOH,O,O,15.99943,-0.848448690103,0.317796456355,0.652143528104
1977,2,441,HOH,H1,H,1.007947,0.4242243450515,1.0,0.0
1978,2,441,HOH,H2,H,1.007947,0.4242243450515,1.0,0.0
1979,2,442,HOH,O,O,15.99943,-0.848448690103,0.317796456355,0.652143528104
1980,2,442,HOH,H1,H,1.007947,0.4242243450515,1.0,0.0
1981,2,442,HOH,H2,H,1.007947,0.4242243450515,1.0,0.0
1982,2,443,HOH,O,O,15.99943,-0.848448690103,0.317796456355,0.652143528104
1983,2,443,HOH,H1,H,1.007947,0.4242243450515,1.0,0.0
1984,2,443,HOH,H2,H,1.007947,0.4242243450515,1.0,0.0
1985,2,444,HOH,O,O,15.99943,-0.848448690103,0.317796456355,0.652143528104
1986,2,444,HOH,H1,H,1.007947,0.4242243450515,1.0,0.0
1987,2,444,HOH,H2,H,1.007947,0.4242243450515,1.0,0.0
1988,2,445,HOH,O,O,15.99943,-0.848448690103,0.317796456355,0.652143528104
1989,2,445,HOH,H1,H,1.007947,0.4242243450515,1.0,0.0
1990,2,445,HOH,H2,H,1.007947,0.4242243450515,1.0,0.0
1991,2,446,HOH,O,O,15.99943,-0.848448690103,0.317796456355,0.652143528104
1992,2,446,HOH,H1,H,1.007947,0.4242243450515,1.0,0.0
1993,2,446,HOH,H2,H,1.007947,0.4242243450515,1.0,0.0
1994,2,447,HOH,O,O,15.99943,-0.848448690103,0.317796456355,0.652143528104
1995,2,447,HOH,H1,H,1.007947,0.4242243450515,1.0,0.0
1996,2,447,HOH,H2,H,1.007947,0.4242243450515,1.0,0.0
1997,2,448,HOH,O,O,15.99943,-0.848448690103,0.317796456355,0.652143528104
1998,2,448,HOH,H1,H,1.007947,0.4242243450515,1.0,0.0
1999,2,448,HOH,H2,H,1.007947,0.4242243450515,1.0,0.0
2000,2,449,HOH,O,O,15.99943,-0.848448690103,0.317796456355,0.652143528104
2001,2,449,HOH,H1,H,1.007947,0.4242243450515,1.0,0.0
2002,2,449,HOH,H2,H,1.007947,0.4242243450515,1.0,0.0
2003,2,450,HOH,O,O,15.99943,-0.848448690103,0.317796456355,0.652143528104
2004,2,450,HOH,H1,H,1.007947,0.4242243450515,1.0,0.0
2005,2,450,HOH,H2,H,1.007947,0.4242243450515,1.0,0.0
2006,2,451,HOH,O,O,15.99943,-0.848448690103,0.317796456355,0.652143528104
2007,2,451,HOH,H1,H,1.007947,0.4242243450515,1.0,0.0
2008,2,451,HOH,H2,H,1.007947,0.4242243450515,1.0,0.0
2009,2,452,HOH,O,O,15.99943,-0.848448690103,0.317796456355,0.652143528104
2010,2,452,HOH,H1,H,1.007947,0.4242243450515,1.0,0.0
2011,2,452,HOH,H2,H,1.007947,0.4242243450515,1.0,0.0
2012,2,453,HOH,O,O,15.99943,-0.848448690103,0.317796456355,0.652143528104
2013,2,453,HOH,H1,H,1.007947,0.4242243450515,1.0,0.0
2014,2,453,HOH,H2,H,1.007947,0.4242243450515,1.0,0.0
2015,2,454,HOH,O,O,15.99943,-0.848448690103,0.317796456355,0.652143528104
2016,2,454,HOH,H1,H,1.007947,0.4242243450515,1.0,0.0
2017,2,454,HOH,H2,H,1.007947,0.4242243450515,1.0,0.0
2018,2,455,HOH,O,O,15.99943,-0.848448690103,0.317796456355,0.652143528104
2019,2,455,HOH,H1,H,1.007947,0.4242243450515,1.0,0.0
2020,2,455,HOH,H2,H,1.007947,0.4242243450515,1.0,0.0
2021,2,456,HOH,O,O,15.99943,-0.848448690103,0.317796456355,0.652143528104
2022,2,456,HOH,H1,H,1.007947,0.4242243450515,1.0,0.0
2023,2,456,HOH,H2,H,1.007947,0.4242243450515,1.0,0.0
2024,2,457,HOH,O,O,15.99943,-0.848448690103,0.317796456355,0.652143528104
2025,2,457,HOH,H1,H,1.007947,0.4242243450515,1.0,0.0
2026,2,457,HOH,H2,H,1.007947,0.4242243450515,1.0,0.0
2027,2,458,HOH,O,O,15.99943,-0.848448690103,0.317796456355,0.652143528104
2028,2,458,HOH,H1,H,1.007947,0.4242243450515,1.0,0.0
2029,2,458,HOH,H2,H,1.007947,0.4242243450515,1.0,0.0
2030,2,459,HOH,O,O,15.99943,-0.848448690103,0.317796456355,0.652143528104
2031,2,459,HOH,H1,H,1.007947,0.4242243450515,1.0,0.0
2032,2,459,HOH,H2,H,1.007947,0.4242243450515,1.0,0.0
2033,2,460,HOH,O,O,15.99943,-0.848448690103,0.317796456355,0.652143528104
2034,2,460,HOH,H1,H,1.007947,0.4242243450515,1.0,0.0
2035,2,460,HOH,H2,H,1.007947,0.4242243450515,1.0,0.0
2036,2,461,HOH,O,O,15.99943,-0.848448690103,0.317796456355,0.652143528104
2037,2,461,HOH,H1,H,1.007947,0.4242243450515,1.0,0.0
2038,2,461,HOH,H2,H,1.007947,0.4242243450515,1.0,0.0
2039,2,462,HOH,O,O,15.99943,-0.848448690103,0.317796456355,0.652143528104
2040,2,462,HOH,H1,H,1.007947,0.4242243450515,1.0,0.0
2041,2,462,HOH,H2,H,1.007947,0.4242243450515,1.0,0.0
2042,2,463,HOH,O,O,15.99943,-0.848448690103,0.317796456355,0.652143528104
2043,2,463,HOH,H1,H,1.007947,0.4242243450515,1.0,0.0
2044,2,463,HOH,H2,H,1.007947,0.4242243450515,1.0,0.0
2045,2,464,HOH,O,O,15.99943,-0.848448690103,0.317796456355,0.652143528104
2046,2,464,HOH,H1,H,1.007947,0.4242243450515,1.0,0.0
2047,2,464,HOH,H2,H,1.007947,0.4242243450515,1.0,0.0
2048,2,465,HOH,O,O,15.99943,-0.848448690103,0.317796456355,0.652143528104
2049,2,465,HOH,H1,H,1.007947,0.4242243450515,1.0,0.0
2050,2,465,HOH,H2,H,1.007947,0.4242243450515,1.0,0.0
2051,2,466,HOH,O,O,15.99943,-0.848448690103,0.317796456355,0.652143528104
2052,2,466,HOH,H1,H,1.007947,0.4242243450515,1.0,0.0
2053,2,466,HOH,H2,H,1.007947,0.4242243450515,1.0,0.0
2054,2,467,HOH,O,O,15.99943,-0.848448690103,0.317796456355,0.652143528104
2055,2,467,HOH,H1,H,1.007947,0.4242243450515,1.0,0.0
2056,2,467,HOH,H2,H,1.007947,0.4242243450515,1.0,0.0
2057,2,468,HOH,O,O,15.99943,-0.848448690103,0.317796456355,0.652143528104
2058,2,468,HOH,H1,H,1.007947,0.4242243450515,1.0,0.0
2059,2,468,HOH,H2,H,1.007947,0.4242243450515,1.0,0.0
2060,2,469,HOH,O,O,15.99943,-0.848448690103,0.317796456355,0.652143528104
2061,2,469,HOH,H1,H,1.007947,0.4242243450515,1.0,0.0
2062,2,469,HOH,H2,H,1.007947,0.4242243450515,1.0,0.0
2063,2,471,HOH,O,O,15.99943,-0.848448690103,0.317796456355,0.652143528104
2064,2,471,HOH,H1,H,1.007947,0.4242243450515,1.0,0.0
2065,2,471,HOH,H2,H,1.007947,0.4242243450515,1.0,0.0
2066,2,472,HOH,O,O,15.99943,-0.848448690103,0.317796456355,0.652143528104
2067,2,472,HOH,H1,H,1.007947,0.4242243450515,1.0,0.0
2068,2,472,HOH,H2,H,1.007947,0.4242243450515,1.0,0.0
2069,2,473,HOH,O,O,15.99943,-0.848448690103,0.317796456355,0.652143528104
2070,2,473,HOH,H1,H,1.007947,0.4242243450515,1.0,0.0
2071,2,473,HOH,H2,H,1.007947,0.4242243450515,1.0,0.0
2072,2,474,HOH,O,O,15.99943,-0.848448690103,0.317796456355,0.652143528104
2073,2,474,HOH,H1,H,1.007947,0.4242243450515,1.0,0.0
2074,2,474,HOH,H2,H,1.007947,0.4242243450515,1.0,0.0
2075,2,475,HOH,O,O,15.99943,-0.848448690103,0.317796456355,0.652143528104
2076,2,475,HOH,H1,H,1.007947,0.4242243450515,1.0,0.0
2077,2,475,HOH,H2,H,1.007947,0.4242243450515,1.0,0.0
2078,2,476,HOH,O,O,15.99943,-0.848448690103,0.317796456355,0.652143528104
2079,2,476,HOH,H1,H,1.007947,0.4242243450515,1.0,0.0
2080,2,476,HOH,H2,H,1.007947,0.4242243450515,1.0,0.0
2081,2,477,HOH,O,O,15.99943,-0.848448690103,0.317796456355,0.652143528104
2082,2,477,HOH,H1,H,1.007947,0.4242243450515,1.0,0.0
2083,2,477,HOH,H2,H,1.007947,0.4242243450515,1.0,0.0
2084,2,478,HOH,O,O,15.99943,-0.848448690103,0.317796456355,0.652143528104
2085,2,478,HOH,H1,H,1.007947,0.4242243450515,1.0,0.0
2086,2,478,HOH,H2,H,1.007947,0.4242243450515,1.0,0.0
2087,2,479,HOH,O,O,15.99943,-0.848448690103,0.317796456355,0.652143528104
2088,2,479,HOH,H1,H,1.007947,0.4242243450515,1.0,0.0
2089,2,479,HOH,H2,H,1.007947,0.4242243450515,1.0,0.0
2090,2,480,HOH,O,O,15.99943,-0.848448690103,0.317796456355,0.652143528104
2091,2,480,HOH,H1,H,1.007947,0.4242243450515,1.0,0.0
2092,2,480,HOH,H2,H,1.007947,0.4242243450515,1.0,0.0
2093,2,481,HOH,O,O,15.99943,-0.848448690103,0.317796456355,0.652143528104
2094,2,481,HOH,H1,H,1.007947,0.4242243450515,1.0,0.0
2095,2,481,HOH,H2,H,1.007947,0.4242243450515,1.0,0.0
2096,2,482,HOH,O,O,15.99943,-0.848448690103,0.317796456355,0.652143528104
2097,2,482,HOH,H1,H,1.007947,0.4242243450515,1.0,0.0
2098,2,482,HOH,H2,H,1.007947,0.4242243450515,1.0,0.0
2099,2,483,HOH,O,O,15.99943,-0.848448690103,0.317796456355,0.652143528104
2100,2,483,HOH,H1,H,1.007947,0.4242243450515,1.0,0.0
2101,2,483,HOH,H2,H,1.007947,0.4242243450515,1.0,0.0
2102,2,484,HOH,O,O,15.99943,-0.848448690103,0.317796456355,0.652143528104
2103,2,484,HOH,H1,H,1.007947,0.4242243450515,1.0,0.0
2104,2,484,HOH,H2,H,1.007947,0.4242243450515,1.0,0.0
2105,2,485,HOH,O,O,15.99943,-0.848448690103,0.317796456355,0.652143528104
2106,2,485,HOH,H1,H,1.007947,0.4242243450515,1.0,0.0
2107,2,485,HOH,H2,H,1.007947,0.4242243450515,1.0,0.0
2108,2,486,HOH,O,O,15.99943,-0.848448690103,0.317796456355,0.652143528104
2109,2,486,HOH,H1,H,1.007947,0.4242243450515,1.0,0.0
2110,2,486,HOH,H2,H,1.007947,0.4242243450515,1.0,0.0
2111,2,487,HOH,O,O,15.99943,-0.848448690103,0.317796456355,0.652143528104
2112,2,487,HOH,H1,H,1.007947,0.4242243450515,1.0,0.0
2113,2,487,HOH,H2,H,1.007947,0.4242243450515,1.0,0.0
2114,2,488,HOH,O,O,15.99943,-0.848448690103,0.317796456355,0.652143528104
2115,2,488,HOH,H1,H,1.007947,0.4242243450515,1.0,0.0
2116,2,488,HOH,H2,H,1.007947,0.4242243450515,1.0,0.0
2117,2,489,HOH,O,O,15.99943,-0.848448690103,0.317796456355,0.652143528104
2118,2,489,HOH,H1,H,1.007947,0.4242243450515,1.0,0.0
2119,2,489,HOH,H2,H,1.007947,0.4242243450515,1.0,0.0
2120,2,490,HOH,O,O,15.99943,-0.848448690103,0.317796456355,0.652143528104
2121,2,490,HOH,H1,H,1.007947,0.4242243450515,1.0,0.0
2122,2,490,HOH,H2,H,1.007947,0.4242243450515,1.0,0.0
2123,2,491,HOH,O,O,15.99943,-0.848448690103,0.317796456355,0.652143528104
2124,2,491,HOH,H1,H,1.007947,0.4242243450515,1.0,0.0
2125,2,491,HOH,H2,H,1.007947,0.4242243450515,1.0,0.0
2126,2,492,HOH,O,O,15.99943,-0.848448690103,0.317796456355,0.652143528104
2127,2,492,HOH,H1,H,1.007947,0.4242243450515,1.0,0.0
2128,2,492,HOH,H2,H,1.007947,0.4242243450515,1.0,0.0
2129,2,493,HOH,O,O,15.99943,-0.848448690103,0.317796456355,0.652143528104
2130,2,493,HOH,H1,H,1.007947,0.4242243450515,1.0,0.0
2131,2,493,HOH,H2,H,1.007947,0.4242243450515,1.0,0.0
2132,2,494,HOH,O,O,15.99943,-0.848448690103,0.317796456355,0.652143528104
2133,2,494,HOH,H1,H,1.007947,0.4242243450515,1.0,0.0
2134,2,494,HOH,H2,H,1.007947,0.4242243450515,1.0,0.0
2135,2,495,HOH,O,O,15.99943,-0.848448690103,0.317796456355,0.652143528104
2136,2,495,HOH,H1,H,1.007947,0.4242243450515,1.0,0.0
2137,2,495,HOH,H2,H,1.007947,0.4242243450515,1.0,0.0
2138,2,496,HOH,O,O,15.99943,-0.848448690103,0.317796456355,0.652143528104
2139,2,496,HOH,H1,H,1.007947,0.4242243450515,1.0,0.0
2140,2,496,HOH,H2,H,1.007947,0.4242243450515,1.0,0.0
2141,2,497,HOH,O,O,15.99943,-0.848448690103,0.317796456355,0.652143528104
2142,2,497,HOH,H1,H,1.007947,0.4242243450515,1.0,0.0
2143,2,497,HOH,H2,H,1.007947,0.4242243450515,1.0,0.0
2144,2,498,HOH,O,O,15.99943,-0.848448690103,0.317796456355,0.652143528104
2145,2,498,HOH,H1,H,1.007947,0.4242243450515,1.0,0.0
2146,2,498,HOH,H2,H,1.007947,0.4242243450515,1.0,0.0
2147,2,499,HOH,O,O,15.99943,-0.848448690103,0.317796456355,0.652143528104
2148,2,499,HOH,H1,H,1.007947,0.4242243450515,1.0,0.0
2149,2,499,HOH,H2,H,1.007947,0.4242243450515,1.0,0.0
2150,2,500,HOH,O,O,15.99943,-0.848448690103,0.317796456355,0.652143528104
2151,2,500,HOH,H1,H,1.007947,0.4242243450515,1.0,0.0
2152,2,500,HOH,H2,H,1.007947,0.4242243450515,1.0,0.0
2153,2,501,HOH,O,O,15.99943,-0.848448690103,0.317796456355,0.652143528104
2154,2,501,HOH,H1,H,1.007947,0.4242243450515,1.0,0.0
2155,2,501,HOH,H2,H,1.007947,0.4242243450515,1.0,0.0
2156,2,502,HOH,O,O,15.99943,-0.848448690103,0.317796456355,0.652143528104
2157,2,502,HOH,H1,H,1.007947,0.4242243450515,1.0,0.0
2158,2,502,HOH,H2,H,1.007947,0.4242243450515,1.0,0.0
2159,2,503,HOH,O,O,15.99943,-0.848448690103,0.317796456355,0.652143528104
2160,2,503,HOH,H1,H,1.007947,0.4242243450515,1.0,0.0
2161,2,503,HOH,H2,H,1.007947,0.4242243450515,1.0,0.0
2162,2,504,HOH,O,O,15.99943,-0.848448690103,0.317796456355,0.652143528104
2163,2,504,HOH,H1,H,1.007947,0.4242243450515,1.0,0.0
2164,2,504,HOH,H2,H,1.007947,0.4242243450515,1.0,0.0
2165,2,505,HOH,O,O,15.99943,-0.848448690103,0.317796456355,0.652143528104
2166,2,505,HOH,H1,H,1.007947,0.4242243450515,1.0,0.0
2167,2,505,HOH,H2,H,1.007947,0.4242243450515,1.0,0.0
2168,2,506,HOH,O,O,15.99943,-0.848448690103,0.317796456355,0.652143528104
2169,2,506,HOH,H1,H,1.007947,0.4242243450515,1.0,0.0
2170,2,506,HOH,H2,H,1.007947,0.4242243450515,1.0,0.0
2171,2,507,HOH,O,O,15.99943,-0.848448690103,0.317796456355,0.652143528104
2172,2,507,HOH,H1,H,1.007947,0.4242243450515,1.0,0.0
2173,2,507,HOH,H2,H,1.007947,0.4242243450515,1.0,0.0
2174,2,508,HOH,O,O,15.99943,-0.848448690103,0.317796456355,0.652143528104
2175,2,508,HOH,H1,H,1.007947,0.4242243450515,1.0,0.0
2176,2,508,HOH,H2,H,1.007947,0.4242243450515,1.0,0.0
2177,2,509,HOH,O,O,15.99943,-0.848448690103,0.317796456355,0.652143528104
2178,2,509,HOH,H1,H,1.007947,0.4242243450515,1.0,0.0
2179,2,509,HOH,H2,H,1.007947,0.4242243450515,1.0,0.0
2180,2,510,HOH,O,O,15.99943,-0.848448690103,0.317796456355,0.652143528104
2181,2,510,HOH,H1,H,1.007947,0.4242243450515,1.0,0.0
2182,2,510,HOH,H2,H,1.007947,0.4242243450515,1.0,0.0
2183,2,511,HOH,O,O,15.99943,-0.848448690103,0.317796456355,0.652143528104
2184,2,511,HOH,H1,H,1.007947,0.4242243450515,1.0,0.0
2185,2,511,HOH,H2,H,1.007947,0.4242243450515,1.0,0.0
2186,2,512,HOH,O,O,15.99943,-0.848448690103,0.317796456355,0.652143528104
2187,2,512,HOH,H1,H,1.007947,0.4242243450515,1.0,0.0
2188,2,512,HOH,H2,H,1.007947,0.4242243450515,1.0,0.0
2189,2,513,HOH,O,O,15.99943,-0.848448690103,0.317796456355,0.652143528104
2190,2,513,HOH,H1,H,1.007947,0.4242243450515,1.0,0.0
2191,2,513,HOH,H2,H,1.007947,0.4242243450515,1.0,0.0
2192,2,514,HOH,O,O,15.99943,-0.848448690103,0.317796456355,0.652143528104
2193,2,514,HOH,H1,H,1.007947,0.4242243450515,1.0,0.0
2194,2,514,HOH,H2,H,1.007947,0.4242243450515,1.0,0.0
2195,2,515,HOH,O,O,15.99943,-0.848448690103,0.317796456355,0.652143528104
2196,2,515,HOH,H1,H,1.007947,0.4242243450515,1.0,0.0
2197,2,515,HOH,H2,H,1.007947,0.4242243450515,1.0,0.0
2198,2,516,HOH,O,O,15.99943,-0.848448690103,0.317796456355,0.652143528104
2199,2,516,HOH,H1,H,1.007947,0.4242243450515,1.0,0.0
2200,2,516,HOH,H2,H,1.007947,0.4242243450515,1.0,0.0
2201,2,517,HOH,O,O,15.99943,-0.848448690103,0.317796456355,0.652143528104
2202,2,517,HOH,H1,H,1.007947,0.4242243450515,1.0,0.0
2203,2,517,HOH,H2,H,1.007947,0.4242243450515,1.0,0.0
2204,2,518,HOH,O,O,15.99943,-0.848448690103,0.317796456355,0.652143528104
2205,2,518,HOH,H1,H,1.007947,0.4242243450515,1.0,0.0
2206,2,518,HOH,H2,H,1.007947,0.4242243450515,1.0,0.0
2207,2,519,HOH,O,O,15.99943,-0.848448690103,0.317796456355,0.652143528104
2208,2,519,HOH,H1,H,1.007947,0.4242243450515,1.0,0.0
2209,2,519,HOH,H2,H,1.007947,0.4242243450515,1.0,0.0
2210,2,520,HOH,O,O,15.99943,-0.848448690103,0.317796456355,0.652143528104
2211,2,520,HOH,H1,H,1.007947,0.4242243450515,1.0,0.0
2212,2,520,HOH,H2,H,1.007947,0.4242243450515,1.0,0.0
2213,2,521,HOH,O,O,15.99943,-0.848448690103,0.317796456355,0.652143528104
2214,2,521,HOH,H1,H,1.007947,0.4242243450515,1.0,0.0
2215,2,521,HOH,H2,H,1.007947,0.4242243450515,1.0,0.0
2216,2,522,HOH,O,O,15.99943,-0.848448690103,0.317796456355,0.652143528104
2217,2,522,HOH,H1,H,1.007947,0.4242243450515,1.0,0.0
2218,2,522,HOH,H2,H,1.007947,0.4242243450515,1.0,0.0
2219,2,523,HOH,O,O,15.99943,-0.848448690103,0.317796456355,0.652143528104
2220,2,523,HOH,H1,H,1.007947,0.4242243450515,1.0,0.0
2221,2,523,HOH,H2,H,1.007947,0.4242243450515,1.0,0.0
2222,2,524,HOH,O,O,15.99943,-0.848448690103,0.317796456355,0.652143528104
2223,2,524,HOH,H1,H,1.007947,0.4242243450515,1.0,0.0
2224,2,524,HOH,H2,H,1.007947,0.4242243450515,1.0,0.0
2225,2,525,HOH,O,O,15.99943,-0.848448690103,0.317796456355,0.652143528104
2226,2,525,HOH,H1,H,1.007947,0.4242243450515,1.0,0.0
2227,2,525,HOH,H2,H,1.007947,0.4242243450515,1.0,0.0
2228,2,526,HOH,O,O,15.99943,-0.848448690103,0.317796456355,0.652143528104
2229,2,526,HOH,H1,H,1.007947,0.4242243450515,1.0,0.0
2230,2,526,HOH,H2,H,1.007947,0.4242243450515,1.0,0.0
2231,2,527,HOH,O,O,15.99943,-0.848448690103,0.317796456355,0.652143528104
2232,2,527,HOH,H1,H,1.007947,0.4242243450515,1.0,0.0
2233,2,527,HOH,H2,H,1.007947,0.4242243450515,1.0,0.0
2234,2,528,HOH,O,O,15.99943,-0.848448690103,0.317796456355,0.652143528104
2235,2,528,HOH,H1,H,1.007947,0.4242243450515,1.0,0.0
2236,2,528,HOH,H2,H,1.007947,0.4242243450515,1.0,0.0
2237,2,529,HOH,O,O,15.99943,-0.848448690103,0.317796456355,0.652143528104
2238,2,529,HOH,H1,H,1.007947,0.4242243450515,1.0,0.0
2239,2,529,HOH,H2,H,1.007947,0.4242243450515,1.0,0.0
2240,2,530,HOH,O,O,15.99943,-0.848448690103,0.317796456355,0.652143528104
2241,2,530,HOH,H1,H,1.007947,0.4242243450515,1.0,0.0
2242,2,530,HOH,H2,H,1.007947,0.4242243450515,1.0,0.0
2243,2,531,HOH,O,O,15.99943,-0.848448690103,0.317796456355,0.652143528104
2244,2,531,HOH,H1,H,1.007947,0.4242243450515,1.0,0.0
2245,2,531,HOH,H2,H,1.007947,0.4242243450515,1.0,0.0
2246,2,532,HOH,O,O,15.99943,-0.848448690103,0.317796456355,0.652143528104
2247,2,532,HOH,H1,H,1.007947,0.4242243450515,1.0,0.0
2248,2,532,HOH,H2,H,1.007947,0.4242243450515,1.0,0.0
2249,2,533,HOH,O,O,15.99943,-0.848448690103,0.317796456355,0.652143528104
2250,2,533,HOH,H1,H,1.007947,0.4242243450515,1.0,0.0
2251,2,533,HOH,H2,H,1.007947,0.4242243450515,1.0,0.0
2252,2,534,HOH,O,O,15.99943,-0.848448690103,0.317796456355,0.652143528104
2253,2,534,HOH,H1,H,1.007947,0.4242243450515,1.0,0.0
2254,2,534,HOH,H2,H,1.007947,0.4242243450515,1.0,0.0
2255,2,535,HOH,O,O,15.99943,-0.848448690103,0.317796456355,0.652143528104
2256,2,535,HOH,H1,H,1.007947,0.4242243450515,1.0,0.0
2257,2,535,HOH,H2,H,1.007947,0.4242243450515,1.0,0.0
2258,2,536,HOH,O,O,15.99943,-0.848448690103,0.317796456355,0.652143528104
2259,2,536,HOH,H1,H,1.007947,0.4242243450515,1.0,0.0
2260,2,536,HOH,H2,H,1.007947,0.4242243450515,1.0,0.0
2261,2,537,HOH,O,O,15.99943,-0.848448690103,0.317796456355,0.652143528104
2262,2,537,HOH,H1,H,1.007947,0.4242243450515,1.0,0.0
2263,2,537,HOH,H2,H,1.007947,0.4242243450515,1.0,0.0
2264,2,538,HOH,O,O,15.99943,-0.848448690103,0.317796456355,0.652143528104
2265,2,538,HOH,H1,H,1.007947,0.4242243450515,1.0,0.0
2266,2,538,HOH,H2,H,1.007947,0.4242243450515,1.0,0.0
2267,2,539,HOH,O,O,15.99943,-0.848448690103,0.317796456355,0.652143528104
2268,2,539,HOH,H1,H,1.007947,0.4242243450515,1.0,0.0
2269,2,539,HOH,H2,H,1.007947,0.4242243450515,1.0,0.0
2270,2,540,HOH,O,O,15.99943,-0.848448690103,0.317796456355,0.652143528104
2271,2,540,HOH,H1,H,1.007947,0.4242243450515,1.0,0.0
2272,2,540,HOH,H2,H,1.007947,0.4242243450515,1.0,0.0
2273,2,541,HOH,O,O,15.99943,-0.848448690103,0.317796456355,0.652143528104
2274,2,541,HOH,H1,H,1.007947,0.4242243450515,1.0,0.0
2275,2,541,HOH,H2,H,1.007947,0.4242243450515,1.0,0.0
2276,2,542,HOH,O,O,15.99943,-0.848448690103,0.317796456355,0.652143528104
2277,2,542,HOH,H1,H,1.007947,0.4242243450515,1.0,0.0
2278,2,542,HOH,H2,H,1.007947,0.4242243450515,1.0,0.0
2279,2,543,HOH,O,O,15.99943,-0.848448690103,0.317796456355,0.652143528104
2280,2,543,HOH,H1,H,1.007947,0.4242243450515,1.0,0.0
2281,2,543,HOH,H2,H,1.007947,0.4242243450515,1.0,0.0
2282,2,544,HOH,O,O,15.99943,-0.848448690103,0.317796456355,0.652143528104
2283,2,544,HOH,H1,H,1.007947,0.4242243450515,1.0,0.0
2284,2,544,HOH,H2,H,1.007947,0.4242243450515,1.0,0.0
2285,2,545,HOH,O,O,15.99943,-0.848448690103,0.317796456355,0.652143528104
2286,2,545,HOH,H1,H,1.007947,0.4242243450515,1.0,0.0
2287,2,545,HOH,H2,H,1.007947,0.4242243450515,1.0,0.0
2288,2,546,HOH,O,O,15.99943,-0.848448690103,0.317796456355,0.652143528104
2289,2,546,HOH,H1,H,1.007947,0.4242243450515,1.0,0.0
2290,2,546,HOH,H2,H,1.007947,0.4242243450515,1.0,0.0
2291,2,547,HOH,O,O,15.99943,-0.848448690103,0.317796456355,0.652143528104
2292,2,547,HOH,H1,H,1.007947,0.4242243450515,1.0,0.0
2293,2,547,HOH,H2,H,1.007947,0.4242243450515,1.0,0.0
2294,2,548,HOH,O,O,15.99943,-0.848448690103,0.317796456355,0.652143528104
2295,2,548,HOH,H1,H,1.007947,0.4242243450515,1.0,0.0
2296,2,548,HOH,H2,H,1.007947,0.4242243450515,1.0,0.0
2297,2,549,HOH,O,O,15.99943,-0.848448690103,0.317796456355,0.652143528104
2298,2,549,HOH,H1,H,1.007947,0.4242243450515,1.0,0.0
2299,2,549,HOH,H2,H,1.007947,0.4242243450515,1.0,0.0
2300,2,550,HOH,O,O,15.99943,-0.848448690103,0.317796456355,0.652143528104
2301,2,550,HOH,H1,H,1.007947,0.4242243450515,1.0,0.0
2302,2,550,HOH,H2,H,1.007947,0.4242243450515,1.0,0.0
2303,2,551,HOH,O,O,15.99943,-0.848448690103,0.317796456355,0.652143528104
2304,2,551,HOH,H1,H,1.007947,0.4242243450515,1.0,0.0
2305,2,551,HOH,H2,H,1.007947,0.4242243450515,1.0,0.0
2306,2,552,HOH,O,O,15.99943,-0.848448690103,0.317796456355,0.652143528104
2307,2,552,HOH,H1,H,1.007947,0.4242243450515,1.0,0.0
2308,2,552,HOH,H2,H,1.007947,0.4242243450515,1.0,0.0
2309,2,553,HOH,O,O,15.99943,-0.848448690103,0.317796456355,0.652143528104
2310,2,553,HOH,H1,H,1.007947,0.4242243450515,1.0,0.0
2311,2,553,HOH,H2,H,1.007947,0.4242243450515,1.0,0.0
2312,2,554,HOH,O,O,15.99943,-0.848448690103,0.317796456355,0.652143528104
2313,2,554,HOH,H1,H,1.007947,0.4242243450515,1.0,0.0
2314,2,554,HOH,H2,H,1.007947,0.4242243450515,1.0,0.0
2315,2,555,HOH,O,O,15.99943,-0.848448690103,0.317796456355,0.652143528104
2316,2,555,HOH,H1,H,1.007947,0.4242243450515,1.0,0.0
2317,2,555,HOH,H2,H,1.007947,0.4242243450515,1.0,0.0
2318,2,556,HOH,O,O,15.99943,-0.848448690103,0.317796456355,0.652143528104
2319,2,556,HOH,H1,H,1.007947,0.4242243450515,1.0,0.0
2320,2,556,HOH,H2,H,1.007947,0.4242243450515,1.0,0.0
2321,2,557,HOH,O,O,15.99943,-0.848448690103,0.317796456355,0.652143528104
2322,2,557,HOH,H1,H,1.007947,0.4242243450515,1.0,0.0
2323,2,557,HOH,H2,H,1.007947,0.4242243450515,1.0,0.0
2324,2,558,HOH,O,O,15.99943,-0.848448690103,0.317796456355,0.652143528104
2325,2,558,HOH,H1,H,1.007947,0.4242243450515,1.0,0.0
2326,2,558,HOH,H2,H,1.007947,0.4242243450515,1.0,0.0
2327,2,559,HOH,O,O,15.99943,-0.848448690103,0.317796456355,0.652143528104
2328,2,559,HOH,H1,H,1.007947,0.4242243450515,1.0,0.0
2329,2,559,HOH,H2,H,1.007947,0.4242243450515,1.0,0.0
2330,2,560,HOH,O,O,15.99943,-0.848448690103,0.317796456355,0.652143528104
2331,2,560,HOH,H1,H,1.007947,0.4242243450515,1.0,0.0
2332,2,560,HOH,H2,H,1.007947,0.4242243450515,1.0,0.0
2333,2,561,HOH,O,O,15.99943,-0.848448690103,0.317796456355,0.652143528104
2334,2,561,HOH,H1,H,1.007947,0.4242243450515,1.0,0.0
2335,2,561,HOH,H2,H,1.007947,0.4242243450515,1.0,0.0
2336,2,562,HOH,O,O,15.99943,-0.848448690103,0.317796456355,0.652143528104
2337,2,562,HOH,H1,H,1.007947,0.4242243450515,1.0,0.0
2338,2,562,HOH,H2,H,1.007947,0.4242243450515,1.0,0.0
2339,2,563,HOH,O,O,15.99943,-0.848448690103,0.317796456355,0.652143528104
2340,2,563,HOH,H1,H,1.007947,0.4242243450515,1.0,0.0
2341,2,563,HOH,H2,H,1.007947,0.4242243450515,1.0,0.0
2342,2,564,HOH,O,O,15.99943,-0.848448690103,0.317796456355,0.652143528104
2343,2,564,HOH,H1,H,1.007947,0.4242243450515,1.0,0.0
2344,2,564,HOH,H2,H,1.007947,0.4242243450515,1.0,0.0
2345,2,565,HOH,O,O,15.99943,-0.848448690103,0.317796456355,0.652143528104
2346,2,565,HOH,H1,H,1.007947,0.4242243450515,1.0,0.0
2347,2,565,HOH,H2,H,1.007947,0.4242243450515,1.0,0.0
2348,2,566,HOH,O,O,15.99943,-0.848448690103,0.317796456355,0.652143528104
2349,2,566,HOH,H1,H,1.007947,0.4242243450515,1.0,0.0
2350,2,566,HOH,H2,H,1.007947,0.4242243450515,1.0,0.0
2351,2,567,HOH,O,O,15.99943,-0.848448690103,0.317796456355,0.652143528104
2352,2,567,HOH,H1,H,1.007947,0.4242243450515,1.0,0.0
2353,2,567,HOH,H2,H,1.007947,0.4242243450515,1.0,0.0
2354,2,568,HOH,O,O,15.99943,-0.848448690103,0.317796456355,0.652143528104
2355,2,568,HOH,H1,H,1.007947,0.4242243450515,1.0,0.0
2356,2,568,HOH,H2,H,1.007947,0.4242243450515,1.0,0.0
2357,2,569,HOH,O,O,15.99943,-0.848448690103,0.317796456355,0.652143528104
2358,2,569,HOH,H1,H,1.007947,0.4242243450515,1.0,0.0
2359,2,569,HOH,H2,H,1.007947,0.4242243450515,1.0,0.0
2360,2,570,HOH,O,O,15.99943,-0.848448690103,0.317796456355,0.652143528104
2361,2,570,HOH,H1,H,1.007947,0.4242243450515,1.0,0.0
2362,2,570,HOH,H2,H,1.007947,0.4242243450515,1.0,0.0
2363,2,571,HOH,O,O,15.99943,-0.848448690103,0.317796456355,0.652143528104
2364,2,571,HOH,H1,H,1.007947,0.4242243450515,1.0,0.0
2365,2,571,HOH,H2,H,1.007947,0.4242243450515,1.0,0.0
2366,2,572,HOH,O,O,15.99943,-0.848448690103,0.317796456355,0.652143528104
2367,2,572,HOH,H1,H,1.007947,0.4242243450515,1.0,0.0
2368,2,572,HOH,H2,H,1.007947,0.4242243450515,1.0,0.0
2369,2,573,HOH,O,O,15.99943,-0.848448690103,0.317796456355,0.652143528104
2370,2,573,HOH,H1,H,1.007947,0.4242243450515,1.0,0.0
2371,2,573,HOH,H2,H,1.007947,0.4242243450515,1.0,0.0
2372,2,574,HOH,O,O,15.99943,-0.848448690103,0.317796456355,0.652143528104
2373,2,574,HOH,H1,H,1.007947,0.4242243450515,1.0,0.0
2374,2,574,HOH,H2,H,1.007947,0.4242243450515,1.0,0.0
2375,2,575,HOH,O,O,15.99943,-0.848448690103,0.317796456355,0.652143528104
2376,2,575,HOH,H1,H,1.007947,0.4242243450515,1.0,0.0
2377,2,575,HOH,H2,H,1.007947,0.4242243450515,1.0,0.0
2378,2,576,HOH,O,O,15.99943,-0.848448690103,0.317796456355,0.652143528104
2379,2,576,HOH,H1,H,1.007947,0.4242243450515,1.0,0.0
2380,2,576,HOH,H2,H,1.007947,0.4242243450515,1.0,0.0
2381,2,577,HOH,O,O,15.99943,-0.848448690103,0.317796456355,0.652143528104
2382,2,577,HOH,H1,H,1.007947,0.4242243450515,1.0,0.0
2383,2,577,HOH,H2,H,1.007947,0.4242243450515,1.0,0.0
2384,2,578,HOH,O,O,15.99943,-0.848448690103,0.317796456355,0.652143528104
2385,2,578,HOH,H1,H,1.007947,0.4242243450515,1.0,0.0
2386,2,578,HOH,H2,H,1.007947,0.4242243450515,1.0,0.0
2387,2,579,HOH,O,O,15.99943,-0.848448690103,0.317796456355,0.652143528104
2388,2,579,HOH,H1,H,1.007947,0.4242243450515,1.0,0.0
2389,2,579,HOH,H2,H,1.007947,0.4242243450515,1.0,0.0
2390,2,580,HOH,O,O,15.99943,-0.848448690103,0.317796456355,0.652143528104
2391,2,580,HOH,H1,H,1.007947,0.4242243450515,1.0,0.0
2392,2,580,HOH,H2,H,1.007947,0.4242243450515,1.0,0.0
2393,2,581,HOH,O,O,15.99943,-0.848448690103,0.317796456355,0.652143528104
2394,2,581,HOH,H1,H,1.007947,0.4242243450515,1.0,0.0
2395,2,581,HOH,H2,H,1.007947,0.4242243450515,1.0,0.0
2396,2,582,HOH,O,O,15.99943,-0.848448690103,0.317796456355,0.652143528104
2397,2,582,HOH,H1,H,1.007947,0.4242243450515,1.0,0.0
2398,2,582,HOH,H2,H,1.007947,0.4242243450515,1.0,0.0
2399,2,583,HOH,O,O,15.99943,-0.848448690103,0.317796456355,0.652143528104
2400,2,583,HOH,H1,H,1.007947,0.4242243450515,1.0,0.0
2401,2,583,HOH,H2,H,1.007947,0.4242243450515,1.0,0.0
2402,2,584,HOH,O,O,15.99943,-0.848448690103,0.317796456355,0.652143528104
2403,2,584,HOH,H1,H,1.007947,0.4242243450515,1.0,0.0
2404,2,584,HOH,H2,H,1.007947,0.4242243450515,1.0,0.0
2405,2,585,HOH,O,O,15.99943,-0.848448690103,0.317796456355,0.652143528104
2406,2,585,HOH,H1,H,1.007947,0.4242243450515,1.0,0.0
2407,2,585,HOH,H2,H,1.007947,0.4242243450515,1.0,0.0
2408,2,586,HOH,O,O,15.99943,-0.848448690103,0.317796456355,0.652143528104
2409,2,586,HOH,H1,H,1.007947,0.4242243450515,1.0,0.0
2410,2,586,HOH,H2,H,1.007947,0.4242243450515,1.0,0.0
2411,2,587,HOH,O,O,15.99943,-0.848448690103,0.317796456355,0.652143528104
2412,2,587,HOH,H1,H,1.007947,0.4242243450515,1.0,0.0
2413,2,587,HOH,H2,H,1.007947,0.4242243450515,1.0,0.0
2414,2,588,HOH,O,O,15.99943,-0.848448690103,0.317796456355,0.652143528104
2415,2,588,HOH,H1,H,1.007947,0.4242243450515,1.0,0.0
2416,2,588,HOH,H2,H,1.007947,0.4242243450515,1.0,0.0
2417,2,589,HOH,O,O,15.99943,-0.848448690103,0.317796456355,0.652143528104
2418,2,589,HOH,H1,H,1.007947,0.4242243450515,1.0,0.0
2419,2,589,HOH,H2,H,1.007947,0.4242243450515,1.0,0.0
2420,2,590,HOH,O,O,15.99943,-0.848448690103,0.317796456355,0.652143528104
2421,2,590,HOH,H1,H,1.007947,0.4242243450515,1.0,0.0
2422,2,590,HOH,H2,H,1.007947,0.4242243450515,1.0,0.0
2423,2,591,HOH,O,O,15.99943,-0.848448690103,0.317796456355,0.652143528104
2424,2,591,HOH,H1,H,1.007947,0.4242243450515,1.0,0.0
2425,2,591,HOH,H2,H,1.007947,0.4242243450515,1.0,0.0
2426,2,592,HOH,O,O,15.99943,-0.848448690103,0.317796456355,0.652143528104
2427,2,592,HOH,H1,H,1.007947,0.4242243450515,1.0,0.0
2428,2,592,HOH,H2,H,1.007947,0.4242243450515,1.0,0.0
2429,2,593,HOH,O,O,15.99943,-0.848448690103,0.317796456355,0.652143528104
2430,2,593,HOH,H1,H,1.007947,0.4242243450515,1.0,0.0
2431,2,593,HOH,H2,H,1.007947,0.4242243450515,1.0,0.0
2432,2,594,HOH,O,O,15.99943,-0.848448690103,0.317796456355,0.652143528104
2433,2,594,HOH,H1,H,1.007947,0.4242243450515,1.0,0.0
2434,2,594,HOH,H2,H,1.007947,0.4242243450515,1.0,0.0
2435,2,595,HOH,O,O,15.99943,-0.848448690103,0.317796456355,0.652143528104
2436,2,595,HOH,H1,H,1.007947,0.4242243450515,1.0,0.0
2437,2,595,HOH,H2,H,1.007947,0.4242243450515,1.0,0.0
2438,2,596,HOH,O,O,15.99943,-0.848448690103,0.317796456355,0.652143528104
2439,2,596,HOH,H1,H,1.007947,0.4242243450515,1.0,0.0
2440,2,596,HOH,H2,H,1.007947,0.4242243450515,1.0,0.0
2441,2,597,HOH,O,O,15.99943,-0.848448690103,0.317796456355,0.652143528104
2442,2,597,HOH,H1,H,1.007947,0.4242243450515,1.0,0.0
2443,2,597,HOH,H2,H,1.007947,0.4242243450515,1.0,0.0
2444,2,598,HOH,O,O,15.99943,-0.848448690103,0.317796456355,0.652143528104
2445,2,598,HOH,H1,H,1.007947,0.4242243450515,1.0,0.0
2446,2,598,HOH,H2,H,1.007947,0.4242243450515,1.0,0.0
2447,2,599,HOH,O,O,15.99943,-0.848448690103,0.317796456355,0.652143528104
2448,2,599,HOH,H1,H,1.007947,0.4242243450515,1.0,0.0
2449,2,599,HOH,H2,H,1.007947,0.4242243450515,1.0,0.0
2450,2,600,HOH,O,O,15.99943,-0.848448690103,0.317796456355,0.652143528104
2451,2,600,HOH,H1,H,1.007947,0.4242243450515,1.0,0.0
2452,2,600,HOH,H2,H,1.007947,0.4242243450515,1.0,0.0
2453,2,601,HOH,O,O,15.99943,-0.848448690103,0.317796456355,0.652143528104
2454,2,601,HOH,H1,H,1.007947,0.4242243450515,1.0,0.0
2455,2,601,HOH,H2,H,1.007947,0.4242243450515,1.0,0.0
2456,2,602,HOH,O,O,15.99943,-0.848448690103,0.317796456355,0.652143528104
2457,2,602,HOH,H1,H,1.007947,0.4242243450515,1.0,0.0
2458,2,602,HOH,H2,H,1.007947,0.4242243450515,1.0,0.0
2459,2,603,HOH,O,O,15.99943,-0.848448690103,0.317796456355,0.652143528104
2460,2,603,HOH,H1,H,1.007947,0.4242243450515,1.0,0.0
2461,2,603,HOH,H2,H,1.007947,0.4242243450515,1.0,0.0
2462,2,604,HOH,O,O,15.99943,-0.848448690103,0.317796456355,0.652143528104
2463,2,604,HOH,H1,H,1.007947,0.4242243450515,1.0,0.0
2464,2,604,HOH,H2,H,1.007947,0.4242243450515,1.0,0.0
2465,2,605,HOH,O,O,15.99943,-0.848448690103,0.317796456355,0.652143528104
2466,2,605,HOH,H1,H,1.007947,0.4242243450515,1.0,0.0
2467,2,605,HOH,H2,H,1.007947,0.4242243450515,1.0,0.0
2468,2,606,HOH,O,O,15.99943,-0.848448690103,0.317796456355,0.652143528104
2469,2,606,HOH,H1,H,1.007947,0.4242243450515,1.0,0.0
2470,2,606,HOH,H2,H,1.007947,0.4242243450515,1.0,0.0
2471,2,607,HOH,O,O,15.99943,-0.848448690103,0.317796456355,0.652143528104
2472,2,607,HOH,H1,H,1.007947,0.4242243450515,1.0,0.0
2473,2,607,HOH,H2,H,1.007947,0.4242243450515,1.0,0.0
2474,2,608,HOH,O,O,15.99943,-0.848448690103,0.317796456355,0.652143528104
2475,2,608,HOH,H1,H,1.007947,0.4242243450515,1.0,0.0
2476,2,608,HOH,H2,H,1.007947,0.4242243450515,1.0,0.0
2477,2,609,HOH,O,O,15.99943,-0.848448690103,0.317796456355,0.652143528104
2478,2,609,HOH,H1,H,1.007947,0.4242243450515,1.0,0.0
2479,2,609,HOH,H2,H,1.007947,0.4242243450515,1.0,0.0
2480,2,610,HOH,O,O,15.99943,-0.848448690103,0.317796456355,0.652143528104
2481,2,610,HOH,H1,H,1.007947,0.4242243450515,1.0,0.0
2482,2,610,HOH,H2,H,1.007947,0.4242243450515,1.0,0.0
2483,2,611,HOH,O,O,15.99943,-0.848448690103,0.317796456355,0.652143528104
2484,2,611,HOH,H1,H,1.007947,0.4242243450515,1.0,0.0
2485,2,611,HOH,H2,H,1.007947,0.4242243450515,1.0,0.0
2486,2,612,HOH,O,O,15.99943,-0.848448690103,0.317796456355,0.652143528104
2487,2,612,HOH,H1,H,1.007947,0.4242243450515,1.0,0.0
2488,2,612,HOH,H2,H,1.007947,0.4242243450515,1.0,0.0
2489,2,613,HOH,O,O,15.99943,-0.848448690103,0.317796456355,0.652143528104
2490,2,613,HOH,H1,H,1.007947,0.4242243450515,1.0,0.0
2491,2,613,HOH,H2,H,1.007947,0.4242243450515,1.0,0.0
2492,2,614,HOH,O,O,15.99943,-0.848448690103,0.317796456355,0.652143528104
2493,2,614,HOH,H1,H,1.007947,0.4242243450515,1.0,0.0
2494,2,614,HOH,H2,H,1.007947,0.4242243450515,1.0,0.0
2495,2,615,HOH,O,O,15.99943,-0.848448690103,0.317796456355,0.652143528104
2496,2,615,HOH,H1,H,1.007947,0.4242243450515,1.0,0.0
2497,2,615,HOH,H2,H,1.007947,0.4242243450515,1.0,0.0
2498,2,616,HOH,O,O,15.99943,-0.848448690103,0.317796456355,0.652143528104
2499,2,616,HOH,H1,H,1.007947,0.4242243450515,1.0,0.0
2500,2,616,HOH,H2,H,1.007947,0.4242243450515,1.0,0.0
2501,2,617,HOH,O,O,15.99943,-0.848448690103,0.317796456355,0.652143528104
2502,2,617,HOH,H1,H,1.007947,0.4242243450515,1.0,0.0
2503,2,617,HOH,H2,H,1.007947,0.4242243450515,1.0,0.0
2504,2,618,HOH,O,O,15.99943,-0.848448690103,0.317796456355,0.652143528104
2505,2,618,HOH,H1,H,1.007947,0.4242243450515,1.0,0.0
2506,2,618,HOH,H2,H,1.007947,0.4242243450515,1.0,0.0
2507,2,619,HOH,O,O,15.99943,-0.848448690103,0.317796456355,0.652143528104
2508,2,619,HOH,H1,H,1.007947,0.4242243450515,1.0,0.0
2509,2,619,HOH,H2,H,1.007947,0.4242243450515,1.0,0.0
2510,2,620,HOH,O,O,15.99943,-0.848448690103,0.317796456355,0.652143528104
2511,2,620,HOH,H1,H,1.007947,0.4242243450515,1.0,0.0
2512,2,620,HOH,H2,H,1.007947,0.4242243450515,1.0,0.0
2513,2,621,HOH,O,O,15.99943,-0.848448690103,0.317796456355,0.652143528104
2514,2,621,HOH,H1,H,1.007947,0.4242243450515,1.0,0.0
2515,2,621,HOH,H2,H,1.007947,0.4242243450515,1.0,0.0
2516,2,622,HOH,O,O,15.99943,-0.848448690103,0.317796456355,0.652143528104
2517,2,622,HOH,H1,H,1.007947,0.4242243450515,1.0,0.0
2518,2,622,HOH,H2,H,1.007947,0.4242243450515,1.0,0.0
2519,2,623,HOH,O,O,15.99943,-0.848448690103,0.317796456355,0.652143528104
2520,2,623,HOH,H1,H,1.007947,0.4242243450515,1.0,0.0
2521,2,623,HOH,H2,H,1.007947,0.4242243450515,1.0,0.0
2522,2,624,HOH,O,O,15.99943,-0.848448690103,0.317796456355,0.652143528104
2523,2,624,HOH,H1,H,1.007947,0.4242243450515,1.0,0.0
2524,2,624,HOH,H2,H,1.007947,0.4242243450515,1.0,0.0
2525,2,625,HOH,O,O,15.99943,-0.848448690103,0.317796456355,0.652143528104
2526,2,625,HOH,H1,H,1.007947,0.4242243450515,1.0,0.0
2527,2,625,HOH,H2,H,1.007947,0.4242243450515,1.0,0.0
2528,2,626,HOH,O,O,15.99943,-0.848448690103,0.317796456355,0.652143528104
2529,2,626,HOH,H1,H,1.007947,0.4242243450515,1.0,0.0
2530,2,626,HOH,H2,H,1.007947,0.4242243450515,1.0,0.0
2531,2,627,HOH,O,O,15.99943,-0.848448690103,0.317796456355,0.652143528104
2532,2,627,HOH,H1,H,1.007947,0.4242243450515,1.0,0.0
2533,2,627,HOH,H2,H,1.007947,0.4242243450515,1.0,0.0
2534,2,628,HOH,O,O,15.99943,-0.848448690103,0.317796456355,0.652143528104
2535,2,628,HOH,H1,H,1.007947,0.4242243450515,1.0,0.0
2536,2,628,HOH,H2,H,1.007947,0.4242243450515,1.0,0.0
2537,2,629,HOH,O,O,15.99943,-0.848448690103,0.317796456355,0.652143528104
2538,2,629,HOH,H1,H,1.007947,0.4242243450515,1.0,0.0
2539,2,629,HOH,H2,H,1.007947,0.4242243450515,1.0,0.0
2540,2,630,HOH,O,O,15.99943,-0.848448690103,0.317796456355,0.652143528104
2541,2,630,HOH,H1,H,1.007947,0.4242243450515,1.0,0.0
2542,2,630,HOH,H2,H,1.007947,0.4242243450515,1.0,0.0
2543,2,631,HOH,O,O,15.99943,-0.848448690103,0.317796456355,0.652143528104
2544,2,631,HOH,H1,H,1.007947,0.4242243450515,1.0,0.0
2545,2,631,HOH,H2,H,1.007947,0.4242243450515,1.0,0.0
2546,2,632,HOH,O,O,15.99943,-0.848448690103,0.317796456355,0.652143528104
2547,2,632,HOH,H1,H,1.007947,0.4242243450515,1.0,0.0
2548,2,632,HOH,H2,H,1.007947,0.4242243450515,1.0,0.0
2549,2,633,HOH,O,O,15.99943,-0.848448690103,0.317796456355,0.652143528104
2550,2,633,HOH,H1,H,1.007947,0.4242243450515,1.0,0.0
2551,2,633,HOH,H2,H,1.007947,0.4242243450515,1.0,0.0
2552,2,634,HOH,O,O,15.99943,-0.848448690103,0.317796456355,0.652143528104
2553,2,634,HOH,H1,H,1.007947,0.4242243450515,1.0,0.0
2554,2,634,HOH,H2,H,1.007947,0.4242243450515,1.0,0.0
2555,2,635,HOH,O,O,15.99943,-0.848448690103,0.317796456355,0.652143528104
2556,2,635,HOH,H1,H,1.007947,0.4242243450515,1.0,0.0
2557,2,635,HOH,H2,H,1.007947,0.4242243450515,1.0,0.0
2558,2,636,HOH,O,O,15.99943,-0.848448690103,0.317796456355,0.652143528104
2559,2,636,HOH,H1,H,1.007947,0.4242243450515,1.0,0.0
2560,2,636,HOH,H2,H,1.007947,0.4242243450515,1.0,0.0
2561,2,637,HOH,O,O,15.99943,-0.848448690103,0.317796456355,0.652143528104
2562,2,637,HOH,H1,H,1.007947,0.4242243450515,1.0,0.0
2563,2,637,HOH,H2,H,1.007947,0.4242243450515,1.0,0.0
2564,2,638,HOH,O,O,15.99943,-0.848448690103,0.317796456355,0.652143528104
2565,2,638,HOH,H1,H,1.007947,0.4242243450515,1.0,0.0
2566,2,638,HOH,H2,H,1.007947,0.4242243450515,1.0,0.0
2567,2,639,HOH,O,O,15.99943,-0.848448690103,0.317796456355,0.652143528104
2568,2,639,HOH,H1,H,1.007947,0.4242243450515,1.0,0.0
2569,2,639,HOH,H2,H,1.007947,0.4242243450515,1.0,0.0
2570,2,640,HOH,O,O,15.99943,-0.848448690103,0.317796456355,0.652143528104
2571,2,640,HOH,H1,H,1.007947,0.4242243450515,1.0,0.0
2572,2,640,HOH,H2,H,1.007947,0.4242243450515,1.0,0.0
2573,2,641,HOH,O,O,15.99943,-0.848448690103,0.317796456355,0.652143528104
2574,2,641,HOH,H1,H,1.007947,0.4242243450515,1.0,0.0
2575,2,641,HOH,H2,H,1.007947,0.4242243450515,1.0,0.0
2576,2,642,HOH,O,O,15.99943,-0.848448690103,0.317796456355,0.652143528104
2577,2,642,HOH,H1,H,1.007947,0.4242243450515,1.0,0.0
2578,2,642,HOH,H2,H,1.007947,0.4242243450515,1.0,0.0
2579,2,643,HOH,O,O,15.99943,-0.848448690103,0.317796456355,0.652143528104
2580,2,643,HOH,H1,H,1.007947,0.4242243450515,1.0,0.0
2581,2,643,HOH,H2,H,1.007947,0.4242243450515,1.0,0.0
2582,2,644,HOH,O,O,15.99943,-0.848448690103,0.317796456355,0.652143528104
2583,2,644,HOH,H1,H,1.007947,0.4242243450515,1.0,0.0
2584,2,644,HOH,H2,H,1.007947,0.4242243450515,1.0,0.0
2585,2,645,HOH,O,O,15.99943,-0.848448690103,0.317796456355,0.652143528104
2586,2,645,HOH,H1,H,1.007947,0.4242243450515,1.0,0.0
2587,2,645,HOH,H2,H,1.007947,0.4242243450515,1.0,0.0
2588,2,646,HOH,O,O,15.99943,-0.848448690103,0.317796456355,0.652143528104
2589,2,646,HOH,H1,H,1.007947,0.4242243450515,1.0,0.0
2590,2,646,HOH,H2,H,1.007947,0.4242243450515,1.0,0.0
2591,2,647,HOH,O,O,15.99943,-0.848448690103,0.317796456355,0.652143528104
2592,2,647,HOH,H1,H,1.007947,0.4242243450515,1.0,0.0
2593,2,647,HOH,H2,H,1.007947,0.4242243450515,1.0,0.0
2594,2,648,HOH,O,O,15.99943,-0.848448690103,0.317796456355,0.652143528104
2595,2,648,HOH,H1,H,1.007947,0.4242243450515,1.0,0.0
2596,2,648,HOH,H2,H,1.007947,0.4242243450515,1.0,0.0
2597,2,649,HOH,O,O,15.99943,-0.848448690103,0.317796456355,0.652143528104
2598,2,649,HOH,H1,H,1.007947,0.4242243450515,1.0,0.0
2599,2,649,HOH,H2,H,1.007947,0.4242243450515,1.0,0.0
2600,2,650,HOH,O,O,15.99943,-0.848448690103,0.317796456355,0.652143528104
2601,2,650,HOH,H1,H,1.007947,0.4242243450515,1.0,0.0
2602,2,650,HOH,H2,H,1.007947,0.4242243450515,1.0,0.0
2603,2,651,HOH,O,O,15.99943,-0.848448690103,0.317796456355,0.652143528104
2604,2,651,HOH,H1,H,1.007947,0.4242243450515,1.0,0.0
2605,2,651,HOH,H2,H,1.007947,0.4242243450515,1.0,0.0
2606,2,652,HOH,O,O,15.99943,-0.848448690103,0.317796456355,0.652143528104
2607,2,652,HOH,H1,H,1.007947,0.4242243450515,1.0,0.0
2608,2,652,HOH,H2,H,1.007947,0.4242243450515,1.0,0.0
2609,2,653,HOH,O,O,15.99943,-0.848448690103,0.317796456355,0.652143528104
2610,2,653,HOH,H1,H,1.007947,0.4242243450515,1.0,0.0
2611,2,653,HOH,H2,H,1.007947,0.4242243450515,1.0,0.0
2612,2,654,HOH,O,O,15.99943,-0.848448690103,0.317796456355,0.652143528104
2613,2,654,HOH,H1,H,1.007947,0.4242243450515,1.0,0.0
2614,2,654,HOH,H2,H,1.007947,0.4242243450515,1.0,0.0
2615,2,655,HOH,O,O,15.99943,-0.848448690103,0.317796456355,0.652143528104
2616,2,655,HOH,H1,H,1.007947,0.4242243450515,1.0,0.0
2617,2,655,HOH,H2,H,1.007947,0.4242243450515,1.0,0.0
2618,2,656,HOH,O,O,15.99943,-0.848448690103,0.317796456355,0.652143528104
2619,2,656,HOH,H1,H,1.007947,0.4242243450515,1.0,0.0
2620,2,656,HOH,H2,H,1.007947,0.4242243450515,1.0,0.0
2621,2,657,HOH,O,O,15.99943,-0.848448690103,0.317796456355,0.652143528104
2622,2,657,HOH,H1,H,1.007947,0.4242243450515,1.0,0.0
2623,2,657,HOH,H2,H,1.007947,0.4242243450515,1.0,0.0
2624,2,658,HOH,O,O,15.99943,-0.848448690103,0.317796456355,0.652143528104
2625,2,658,HOH,H1,H,1.007947,0.4242243450515,1.0,0.0
2626,2,658,HOH,H2,H,1.007947,0.4242243450515,1.0,0.0
2627,2,659,HOH,O,O,15.99943,-0.848448690103,0.317796456355,0.652143528104
2628,2,659,HOH,H1,H,1.007947,0.4242243450515,1.0,0.0
2629,2,659,HOH,H2,H,1.007947,0.4242243450515,1.0,0.0
2630,2,660,HOH,O,O,15.99943,-0.848448690103,0.317796456355,0.652143528104
2631,2,660,HOH,H1,H,1.007947,0.4242243450515,1.0,0.0
2632,2,660,HOH,H2,H,1.007947,0.4242243450515,1.0,0.0
2633,2,661,HOH,O,O,15.99943,-0.848448690103,0.317796456355,0.652143528104
2634,2,661,HOH,H1,H,1.007947,0.4242243450515,1.0,0.0
2635,2,661,HOH,H2,H,1.007947,0.4242243450515,1.0,0.0
2636,2,662,HOH,O,O,15.99943,-0.848448690103,0.317796456355,0.652143528104
2637,2,662,HOH,H1,H,1.007947,0.4242243450515,1.0,0.0
2638,2,662,HOH,H2,H,1.007947,0.4242243450515,1.0,0.0
2639,2,663,HOH,O,O,15.99943,-0.848448690103,0.317796456355,0.652143528104
2640,2,663,HOH,H1,H,1.007947,0.4242243450515,1.0,0.0
2641,2,663,HOH,H2,H,1.007947,0.4242243450515,1.0,0.0
2642,2,664,HOH,O,O,15.99943,-0.848448690103,0.317796456355,0.652143528104
2643,2,664,HOH,H1,H,1.007947,0.4242243450515,1.0,0.0
2644,2,664,HOH,H2,H,1.007947,0.4242243450515,1.0,0.0
2645,2,665,HOH,O,O,15.99943,-0.848448690103,0.317796456355,0.652143528104
2646,2,665,HOH,H1,H,1.007947,0.4242243450515,1.0,0.0
2647,2,665,HOH,H2,H,1.007947,0.4242243450515,1.0,0.0
2648,2,666,HOH,O,O,15.99943,-0.848448690103,0.317796456355,0.652143528104
2649,2,666,HOH,H1,H,1.007947,0.4242243450515,1.0,0.0
2650,2,666,HOH,H2,H,1.007947,0.4242243450515,1.0,0.0
2651,2,667,HOH,O,O,15.99943,-0.848448690103,0.317796456355,0.652143528104
2652,2,667,HOH,H1,H,1.007947,0.4242243450515,1.0,0.0
2653,2,667,HOH,H2,H,1.007947,0.4242243450515,1.0,0.0
2654,2,668,HOH,O,O,15.99943,-0.848448690103,0.317796456355,0.652143528104
2655,2,668,HOH,H1,H,1.007947,0.4242243450515,1.0,0.0
2656,2,668,HOH,H2,H,1.007947,0.4242243450515,1.0,0.0
2657,2,669,HOH,O,O,15.99943,-0.848448690103,0.317796456355,0.652143528104
2658,2,669,HOH,H1,H,1.007947,0.4242243450515,1.0,0.0
2659,2,669,HOH,H2,H,1.007947,0.4242243450515,1.0,0.0
2660,2,670,HOH,O,O,15.99943,-0.848448690103,0.317796456355,0.652143528104
2661,2,670,HOH,H1,H,1.007947,0.4242243450515,1.0,0.0
2662,2,670,HOH,H2,H,1.007947,0.4242243450515,1.0,0.0
2663,2,671,HOH,O,O,15.99943,-0.848448690103,0.317796456355,0.652143528104
2664,2,671,HOH,H1,H,1.007947,0.4242243450515,1.0,0.0
2665,2,671,HOH,H2,H,1.007947,0.4242243450515,1.0,0.0
2666,2,672,HOH,O,O,15.99943,-0.848448690103,0.317796456355,0.652143528104
2667,2,672,HOH,H1,H,1.007947,0.4242243450515,1.0,0.0
2668,2,672,HOH,H2,H,1.007947,0.4242243450515,1.0,0.0
2669,2,673,HOH,O,O,15.99943,-0.848448690103,0.317796456355,0.652143528104
2670,2,673,HOH,H1,H,1.007947,0.4242243450515,1.0,0.0
2671,2,673,HOH,H2,H,1.007947,0.4242243450515,1.0,0.0
2672,2,674,HOH,O,O,15.99943,-0.848448690103,0.317796456355,0.652143528104
2673,2,674,HOH,H1,H,1.007947,0.4242243450515,1.0,0.0
2674,2,674,HOH,H2,H,1.007947,0.4242243450515,1.0,0.0
2675,2,675,HOH,O,O,15.99943,-0.848448690103,0.317796456355,0.652143528104
2676,2,675,HOH,H1,H,1.007947,0.4242243450515,1.0,0.0
2677,2,675,HOH,H2,H,1.007947,0.4242243450515,1.0,0.0
2678,2,676,HOH,O,O,15.99943,-0.848448690103,0.317796456355,0.652143528104
2679,2,676,HOH,H1,H,1.007947,0.4242243450515,1.0,0.0
2680,2,676,HOH,H2,H,1.007947,0.4242243450515,1.0,0.0
2681,2,677,HOH,O,O,15.99943,-0.848448690103,0.317796456355,0.652143528104
2682,2,677,HOH,H1,H,1.007947,0.4242243450515,1.0,0.0
2683,2,677,HOH,H2,H,1.007947,0.4242243450515,1.0,0.0
2684,2,678,HOH,O,O,15.99943,-0.848448690103,0.317796456355,0.652143528104
2685,2,678,HOH,H1,H,1.007947,0.4242243450515,1.0,0.0
2686,2,678,HOH,H2,H,1.007947,0.4242243450515,1.0,0.0
2687,2,679,HOH,O,O,15.99943,-0.848448690103,0.317796456355,0.652143528104
2688,2,679,HOH,H1,H,1.007947,0.4242243450515,1.0,0.0
2689,2,679,HOH,H2,H,1.007947,0.4242243450515,1.0,0.0
2690,2,680,HOH,O,O,15.99943,-0.848448690103,0.317796456355,0.652143528104
2691,2,680,HOH,H1,H,1.007947,0.4242243450515,1.0,0.0
2692,2,680,HOH,H2,H,1.007947,0.4242243450515,1.0,0.0
2693,2,681,HOH,O,O,15.99943,-0.848448690103,0.317796456355,0.652143528104
2694,2,681,HOH,H1,H,1.007947,0.4242243450515,1.0,0.0
2695,2,681,HOH,H2,H,1.007947,0.4242243450515,1.0,0.0
2696,2,682,HOH,O,O,15.99943,-0.848448690103,0.317796456355,0.652143528104
2697,2,682,HOH,H1,H,1.007947,0.4242243450515,1.0,0.0
2698,2,682,HOH,H2,H,1.007947,0.4242243450515,1.0,0.0
2699,2,683,HOH,O,O,15.99943,-0.848448690103,0.317796456355,0.652143528104
2700,2,683,HOH,H1,H,1.007947,0.4242243450515,1.0,0.0
2701,2,683,HOH,H2,H,1.007947,0.4242243450515,1.0,0.0
2702,2,684,HOH,O,O,15.99943,-0.848448690103,0.317796456355,0.652143528104
2703,2,684,HOH,H1,H,1.007947,0.4242243450515,1.0,0.0
2704,2,684,HOH,H2,H,1.007947,0.4242243450515,1.0,0.0
2705,2,685,HOH,O,O,15.99943,-0.848448690103,0.317796456355,0.652143528104
2706,2,685,HOH,H1,H,1.007947,0.4242243450515,1.0,0.0
2707,2,685,HOH,H2,H,1.007947,0.4242243450515,1.0,0.0
2708,2,686,HOH,O,O,15.99943,-0.848448690103,0.317796456355,0.652143528104
2709,2,686,HOH,H1,H,1.007947,0.4242243450515,1.0,0.0
2710,2,686,HOH,H2,H,1.007947,0.4242243450515,1.0,0.0
2711,2,687,HOH,O,O,15.99943,-0.848448690103,0.317796456355,0.652143528104
2712,2,687,HOH,H1,H,1.007947,0.4242243450515,1.0,0.0
2713,2,687,HOH,H2,H,1.007947,0.4242243450515,1.0,0.0
2714,2,688,HOH,O,O,15.99943,-0.848448690103,0.317796456355,0.652143528104
2715,2,688,HOH,H1,H,1.007947,0.4242243450515,1.0,0.0
2716,2,688,HOH,H2,H,1.007947,0.4242243450515,1.0,0.0
2717,2,689,HOH,O,O,15.99943,-0.848448690103,0.317796456355,0.652143528104
2718,2,689,HOH,H1,H,1.007947,0.4242243450515,1.0,0.0
2719,2,689,HOH,H2,H,1.007947,0.4242243450515,1.0,0.0
2720,2,690,HOH,O,O,15.99943,-0.848448690103,0.317796456355,0.652143528104
2721,2,690,HOH,H1,H,1.007947,0.4242243450515,1.0,0.0
2722,2,690,HOH,H2,H,1.007947,0.4242243450515,1.0,0.0
2723,2,691,HOH,O,O,15.99943,-0.848448690103,0.317796456355,0.652143528104
2724,2,691,HOH,H1,H,1.007947,0.4242243450515,1.0,0.0
2725,2,691,HOH,H2,H,1.007947,0.4242243450515,1.0,0.0
2726,2,692,HOH,O,O,15.99943,-0.848448690103,0.317796456355,0.652143528104
2727,2,692,HOH,H1,H,1.007947,0.4242243450515,1.0,0.0
2728,2,692,HOH,H2,H,1.007947,0.4242243450515,1.0,0.0
2729,2,693,HOH,O,O,15.99943,-0.848448690103,0.317796456355,0.652143528104
2730,2,693,HOH,H1,H,1.007947,0.4242243450515,1.0,0.0
2731,2,693,HOH,H2,H,1.007947,0.4242243450515,1.0,0.0
2732,2,694,HOH,O,O,15.99943,-0.848448690103,0.317796456355,0.652143528104
2733,2,694,HOH,H1,H,1.007947,0.4242243450515,1.0,0.0
2734,2,694,HOH,H2,H,1.007947,0.4242243450515,1.0,0.0
2735,2,695,HOH,O,O,15.99943,-0.848448690103,0.317796456355,0.652143528104
2736,2,695,HOH,H1,H,1.007947,0.4242243450515,1.0,0.0
2737,2,695,HOH,H2,H,1.007947,0.4242243450515,1.0,0.0
2738,2,696,HOH,O,O,15.99943,-0.848448690103,0.317796456355,0.652143528104
2739,2,696,HOH,H1,H,1.007947,0.4242243450515,1.0,0.0
2740,2,696,HOH,H2,H,1.007947,0.4242243450515,1.0,0.0
2741,2,697,HOH,O,O,15.99943,-0.848448690103,0.317796456355,0.652143528104
2742,2,697,HOH,H1,H,1.007947,0.4242243450515,1.0,0.0
2743,2,697,HOH,H2,H,1.007947,0.4242243450515,1.0,0.0
2744,2,698,HOH,O,O,15.99943,-0.848448690103,0.317796456355,0.652143528104
2745,2,698,HOH,H1,H,1.007947,0.4242243450515,1.0,0.0
2746,2,698,HOH,H2,H,1.007947,0.4242243450515,1.0,0.0
2747,2,699,HOH,O,O,15.99943,-0.848448690103,0.317796456355,0.652143528104
2748,2,699,HOH,H1,H,1.007947,0.4242243450515,1.0,0.0
2749,2,699,HOH,H2,H,1.007947,0.4242243450515,1.0,0.0
2750,2,700,HOH,O,O,15.99943,-0.848448690103,0.317796456355,0.652143528104
2751,2,700,HOH,H1,H,1.007947,0.4242243450515,1.0,0.0
2752,2,700,HOH,H2,H,1.007947,0.4242243450515,1.0,0.0
2753,2,701,HOH,O,O,15.99943,-0.848448690103,0.317796456355,0.652143528104
2754,2,701,HOH,H1,H,1.007947,0.4242243450515,1.0,0.0
2755,2,701,HOH,H2,H,1.007947,0.4242243450515,1.0,0.0
2756,2,702,HOH,O,O,15.99943,-0.848448690103,0.317796456355,0.652143528104
2757,2,702,HOH,H1,H,1.007947,0.4242243450515,1.0,0.0
2758,2,702,HOH,H2,H,1.007947,0.4242243450515,1.0,0.0
2759,2,703,HOH,O,O,15.99943,-0.848448690103,0.317796456355,0.652143528104
2760,2,703,HOH,H1,H,1.007947,0.4242243450515,1.0,0.0
2761,2,703,HOH,H2,H,1.007947,0.4242243450515,1.0,0.0
2762,2,704,HOH,O,O,15.99943,-0.848448690103,0.317796456355,0.652143528104
2763,2,704,HOH,H1,H,1.007947,0.4242243450515,1.0,0.0
2764,2,704,HOH,H2,H,1.007947,0.4242243450515,1.0,0.0
2765,2,705,HOH,O,O,15.99943,-0.848448690103,0.317796456355,0.652143528104
2766,2,705,HOH,H1,H,1.007947,0.4242243450515,1.0,0.0
2767,2,705,HOH,H2,H,1.007947,0.4242243450515,1.0,0.0
2768,2,706,HOH,O,O,15.99943,-0.848448690103,0.317796456355,0.652143528104
2769,2,706,HOH,H1,H,1.007947,0.4242243450515,1.0,0.0
2770,2,706,HOH,H2,H,1.007947,0.4242243450515,1.0,0.0
2771,2,707,HOH,O,O,15.99943,-0.848448690103,0.317796456355,0.652143528104
2772,2,707,HOH,H1,H,1.007947,0.4242243450515,1.0,0.0
2773,2,707,HOH,H2,H,1.007947,0.4242243450515,1.0,0.0
2774,2,708,HOH,O,O,15.99943,-0.848448690103,0.317796456355,0.652143528104
2775,2,708,HOH,H1,H,1.007947,0.4242243450515,1.0,0.0
2776,2,708,HOH,H2,H,1.007947,0.4242243450515,1.0,0.0
2777,2,709,HOH,O,O,15.99943,-0.848448690103,0.317796456355,0.652143528104
2778,2,709,HOH,H1,H,1.007947,0.4242243450515,1.0,0.0
2779,2,709,HOH,H2,H,1.007947,0.4242243450515,1.0,0.0
2780,2,710,HOH,O,O,15.99943,-0.848448690103,0.317796456355,0.652143528104
2781,2,710,HOH,H1,H,1.007947,0.4242243450515,1.0,0.0
2782,2,710,HOH,H2,H,1.007947,0.4242243450515,1.0,0.0
2783,2,711,HOH,O,O,15.99943,-0.848448690103,0.317796456355,0.652143528104
2784,2,711,HOH,H1,H,1.007947,0.4242243450515,1.0,0.0
2785,2,711,HOH,H2,H,1.007947,0.4242243450515,1.0,0.0
2786,2,712,HOH,O,O,15.99943,-0.848448690103,0.317796456355,0.652143528104
2787,2,712,HOH,H1,H,1.007947,0.4242243450515,1.0,0.0
2788,2,712,HOH,H2,H,1.007947,0.4242243450515,1.0,0.0
2789,2,713,HOH,O,O,15.99943,-0.848448690103,0.317796456355,0.652143528104
2790,2,713,HOH,H1,H,1.007947,0.4242243450515,1.0,0.0
2791,2,713,HOH,H2,H,1.007947,0.4242243450515,1.0,0.0
2792,2,714,HOH,O,O,15.99943,-0.848448690103,0.317796456355,0.652143528104
2793,2,714,HOH,H1,H,1.007947,0.4242243450515,1.0,0.0
2794,2,714,HOH,H2,H,1.007947,0.4242243450515,1.0,0.0
2795,2,715,HOH,O,O,15.99943,-0.848448690103,0.317796456355,0.652143528104
2796,2,715,HOH,H1,H,1.007947,0.4242243450515,1.0,0.0
2797,2,715,HOH,H2,H,1.007947,0.4242243450515,1.0,0.0
2798,2,716,HOH,O,O,15.99943,-0.848448690103,0.317796456355,0.652143528104
2799,2,716,HOH,H1,H,1.007947,0.4242243450515,1.0,0.0
2800,2,716,HOH,H2,H,1.007947,0.4242243450515,1.0,0.0
2801,2,717,HOH,O,O,15.99943,-0.848448690103,0.317796456355,0.652143528104
2802,2,717,HOH,H1,H,1.007947,0.4242243450515,1.0,0.0
2803,2,717,HOH,H2,H,1.007947,0.4242243450515,1.0,0.0
2804,2,718,HOH,O,O,15.99943,-0.848448690103,0.317796456355,0.652143528104
2805,2,718,HOH,H1,H,1.007947,0.4242243450515,1.0,0.0
2806,2,718,HOH,H2,H,1.007947,0.4242243450515,1.0,0.0
2807,2,719,HOH,O,O,15.99943,-0.848448690103,0.317796456355,0.652143528104
2808,2,719,HOH,H1,H,1.007947,0.4242243450515,1.0,0.0
2809,2,719,HOH,H2,H,1.007947,0.4242243450515,1.0,0.0
2810,2,720,HOH,O,O,15.99943,-0.848448690103,0.317796456355,0.652143528104
2811,2,720,HOH,H1,H,1.007947,0.4242243450515,1.0,0.0
2812,2,720,HOH,H2,H,1.007947,0.4242243450515,1.0,0.0
2813,2,721,HOH,O,O,15.99943,-0.848448690103,0.317796456355,0.652143528104
2814,2,721,HOH,H1,H,1.007947,0.4242243450515,1.0,0.0
2815,2,721,HOH,H2,H,1.007947,0.4242243450515,1.0,0.0
2816,2,722,HOH,O,O,15.99943,-0.848448690103,0.317796456355,0.652143528104
2817,2,722,HOH,H1,H,1.007947,0.4242243450515,1.0,0.0
2818,2,722,HOH,H2,H,1.007947,0.4242243450515,1.0,0.0
2819,2,723,HOH,O,O,15.99943,-0.848448690103,0.317796456355,0.652143528104
2820,2,723,HOH,H1,H,1.007947,0.4242243450515,1.0,0.0
2821,2,723,HOH,H2,H,1.007947,0.4242243450515,1.0,0.0
2822,2,724,HOH,O,O,15.99943,-0.848448690103,0.317796456355,0.652143528104
2823,2,724,HOH,H1,H,1.007947,0.4242243450515,1.0,0.0
2824,2,724,HOH,H2,H,1.007947,0.4242243450515,1.0,0.0
2825,2,725,HOH,O,O,15.99943,-0.848448690103,0.317796456355,0.652143528104
2826,2,725,HOH,H1,H,1.007947,0.4242243450515,1.0,0.0
2827,2,725,HOH,H2,H,1.007947,0.4242243450515,1.0,0.0
2828,2,726,HOH,O,O,15.99943,-0.848448690103,0.317796456355,0.652143528104
2829,2,726,HOH,H1,H,1.007947,0.4242243450515,1.0,0.0
2830,2,726,HOH,H2,H,1.007947,0.4242243450515,1.0,0.0
2831,2,727,HOH,O,O,15.99943,-0.848448690103,0.317796456355,0.652143528104
2832,2,727,HOH,H1,H,1.007947,0.4242243450515,1.0,0.0
2833,2,727,HOH,H2,H,1.007947,0.4242243450515,1.0,0.0
2834,2,728,HOH,O,O,15.99943,-0.848448690103,0.317796456355,0.652143528104
2835,2,728,HOH,H1,H,1.007947,0.4242243450515,1.0,0.0
2836,2,728,HOH,H2,H,1.007947,0.4242243450515,1.0,0.0
2837,2,729,HOH,O,O,15.99943,-0.848448690103,0.317796456355,0.652143528104
2838,2,729,HOH,H1,H,1.007947,0.4242243450515,1.0,0.0
2839,2,729,HOH,H2,H,1.007947,0.4242243450515,1.0,0.0
2840,2,730,HOH,O,O,15.99943,-0.848448690103,0.317796456355,0.652143528104
2841,2,730,HOH,H1,H,1.007947,0.4242243450515,1.0,0.0
2842,2,730,HOH,H2,H,1.007947,0.4242243450515,1.0,0.0
2843,2,731,HOH,O,O,15.99943,-0.848448690103,0.317796456355,0.652143528104
2844,2,731,HOH,H1,H,1.007947,0.4242243450515,1.0,0.0
2845,2,731,HOH,H2,H,1.007947,0.4242243450515,1.0,0.0
2846,2,732,HOH,O,O,15.99943,-0.848448690103,0.317796456355,0.652143528104
2847,2,732,HOH,H1,H,1.007947,0.4242243450515,1.0,0.0
2848,2,732,HOH,H2,H,1.007947,0.4242243450515,1.0,0.0
2849,2,733,HOH,O,O,15.99943,-0.848448690103,0.317796456355,0.652143528104
2850,2,733,HOH,H1,H,1.007947,0.4242243450515,1.0,0.0
2851,2,733,HOH,H2,H,1.007947,0.4242243450515,1.0,0.0
2852,2,734,HOH,O,O,15.99943,-0.848448690103,0.317796456355,0.652143528104
2853,2,734,HOH,H1,H,1.007947,0.4242243450515,1.0,0.0
2854,2,734,HOH,H2,H,1.007947,0.4242243450515,1.0,0.0
2855,2,735,HOH,O,O,15.99943,-0.848448690103,0.317796456355,0.652143528104
2856,2,735,HOH,H1,H,1.007947,0.4242243450515,1.0,0.0
2857,2,735,HOH,H2,H,1.007947,0.4242243450515,1.0,0.0
2858,2,736,HOH,O,O,15.99943,-0.848448690103,0.317796456355,0.652143528104
2859,2,736,HOH,H1,H,1.007947,0.4242243450515,1.0,0.0
2860,2,736,HOH,H2,H,1.007947,0.4242243450515,1.0,0.0
2861,2,737,HOH,O,O,15.99943,-0.848448690103,0.317796456355,0.652143528104
2862,2,737,HOH,H1,H,1.007947,0.4242243450515,1.0,0.0
2863,2,737,HOH,H2,H,1.007947,0.4242243450515,1.0,0.0
2864,2,738,HOH,O,O,15.99943,-0.848448690103,0.317796456355,0.652143528104
2865,2,738,HOH,H1,H,1.007947,0.4242243450515,1.0,0.0
2866,2,738,HOH,H2,H,1.007947,0.4242243450515,1.0,0.0
2867,2,739,HOH,O,O,15.99943,-0.848448690103,0.317796456355,0.652143528104
2868,2,739,HOH,H1,H,1.007947,0.4242243450515,1.0,0.0
2869,2,739,HOH,H2,H,1.007947,0.4242243450515,1.0,0.0
2870,2,740,HOH,O,O,15.99943,-0.848448690103,0.317796456355,0.652143528104
2871,2,740,HOH,H1,H,1.007947,0.4242243450515,1.0,0.0
2872,2,740,HOH,H2,H,1.007947,0.4242243450515,1.0,0.0
2873,2,741,HOH,O,O,15.99943,-0.848448690103,0.317796456355,0.652143528104
2874,2,741,HOH,H1,H,1.007947,0.4242243450515,1.0,0.0
2875,2,741,HOH,H2,H,1.007947,0.4242243450515,1.0,0.0
2876,2,742,HOH,O,O,15.99943,-0.848448690103,0.317796456355,0.652143528104
2877,2,742,HOH,H1,H,1.007947,0.4242243450515,1.0,0.0
2878,2,742,HOH,H2,H,1.007947,0.4242243450515,1.0,0.0
2879,2,743,HOH,O,O,15.99943,-0.848448690103,0.317796456355,0.652143528104
2880,2,743,HOH,H1,H,1.007947,0.4242243450515,1.0,0.0
2881,2,743,HOH,H2,H,1.007947,0.4242243450515,1.0,0.0
2882,2,744,HOH,O,O,15.99943,-0.848448690103,0.317796456355,0.652143528104
2883,2,744,HOH,H1,H,1.007947,0.4242243450515,1.0,0.0
2884,2,744,HOH,H2,H,1.007947,0.4242243450515,1.0,0.0
2885,2,745,HOH,O,O,15.99943,-0.848448690103,0.317796456355,0.652143528104
2886,2,745,HOH,H1,H,1.007947,0.4242243450515,1.0,0.0
2887,2,745,HOH,H2,H,1.007947,0.4242243450515,1.0,0.0
2888,2,746,HOH,O,O,15.99943,-0.848448690103,0.317796456355,0.652143528104
2889,2,746,HOH,H1,H,1.007947,0.4242243450515,1.0,0.0
2890,2,746,HOH,H2,H,1.007947,0.4242243450515,1.0,0.0
2891,2,747,HOH,O,O,15.99943,-0.848448690103,0.317796456355,0.652143528104
2892,2,747,HOH,H1,H,1.007947,0.4242243450515,1.0,0.0
2893,2,747,HOH,H2,H,1.007947,0.4242243450515,1.0,0.0
2894,2,748,HOH,O,O,15.99943,-0.848448690103,0.317796456355,0.652143528104
2895,2,748,HOH,H1,H,1.007947,0.4242243450515,1.0,0.0
2896,2,748,HOH,H2,H,1.007947,0.4242243450515,1.0,0.0
2897,2,749,HOH,O,O,15.99943,-0.848448690103,0.317796456355,0.652143528104
2898,2,749,HOH,H1,H,1.007947,0.4242243450515,1.0,0.0
2899,2,749,HOH,H2,H,1.007947,0.4242243450515,1.0,0.0
2900,2,750,HOH,O,O,15.99943,-0.848448690103,0.317796456355,0.652143528104
2901,2,750,HOH,H1,H,1.007947,0.4242243450515,1.0,0.0
2902,2,750,HOH,H2,H,1.007947,0.4242243450515,1.0,0.0
2903,2,751,HOH,O,O,15.99943,-0.848448690103,0.317796456355,0.652143528104
2904,2,751,HOH,H1,H,1.007947,0.4242243450515,1.0,0.0
2905,2,751,HOH,H2,H,1.007947,0.4242243450515,1.0,0.0
2906,2,752,HOH,O,O,15.99943,-0.848448690103,0.317796456355,0.652143528104
2907,2,752,HOH,H1,H,1.007947,0.4242243450515,1.0,0.0
2908,2,752,HOH,H2,H,1.007947,0.4242243450515,1.0,0.0
2909,2,753,HOH,O,O,15.99943,-0.848448690103,0.317796456355,0.652143528104
2910,2,753,HOH,H1,H,1.007947,0.4242243450515,1.0,0.0
2911,2,753,HOH,H2,H,1.007947,0.4242243450515,1.0,0.0
2912,2,754,HOH,O,O,15.99943,-0.848448690103,0.317796456355,0.652143528104
2913,2,754,HOH,H1,H,1.007947,0.4242243450515,1.0,0.0
2914,2,754,HOH,H2,H,1.007947,0.4242243450515,1.0,0.0
2915,2,755,HOH,O,O,15.99943,-0.848448690103,0.317796456355,0.652143528104
2916,2,755,HOH,H1,H,1.007947,0.4242243450515,1.0,0.0
2917,2,755,HOH,H2,H,1.007947,0.4242243450515,1.0,0.0
2918,2,756,HOH,O,O,15.99943,-0.848448690103,0.317796456355,0.652143528104
2919,2,756,HOH,H1,H,1.007947,0.4242243450515,1.0,0.0
2920,2,756,HOH,H2,H,1.007947,0.4242243450515,1.0,0.0
2921,2,757,HOH,O,O,15.99943,-0.848448690103,0.317796456355,0.652143528104
2922,2,757,HOH,H1,H,1.007947,0.4242243450515,1.0,0.0
2923,2,757,HOH,H2,H,1.007947,0.4242243450515,1.0,0.0
2924,2,758,HOH,O,O,15.99943,-0.848448690103,0.317796456355,0.652143528104
2925,2,758,HOH,H1,H,1.007947,0.4242243450515,1.0,0.0
2926,2,758,HOH,H2,H,1.007947,0.4242243450515,1.0,0.0
2927,2,759,HOH,O,O,15.99943,-0.848448690103,0.317796456355,0.652143528104
2928,2,759,HOH,H1,H,1.007947,0.4242243450515,1.0,0.0
2929,2,759,HOH,H2,H,1.007947,0.4242243450515,1.0,0.0
2930,2,760,HOH,O,O,15.99943,-0.848448690103,0.317796456355,0.652143528104
2931,2,760,HOH,H1,H,1.007947,0.4242243450515,1.0,0.0
2932,2,760,HOH,H2,H,1.007947,0.4242243450515,1.0,0.0
2933,2,761,HOH,O,O,15.99943,-0.848448690103,0.317796456355,0.652143528104
2934,2,761,HOH,H1,H,1.007947,0.4242243450515,1.0,0.0
2935,2,761,HOH,H2,H,1.007947,0.4242243450515,1.0,0.0
2936,2,762,HOH,O,O,15.99943,-0.848448690103,0.317796456355,0.652143528104
2937,2,762,HOH,H1,H,1.007947,0.4242243450515,1.0,0.0
2938,2,762,HOH,H2,H,1.007947,0.4242243450515,1.0,0.0
2939,2,763,HOH,O,O,15.99943,-0.848448690103,0.317796456355,0.652143528104
2940,2,763,HOH,H1,H,1.007947,0.4242243450515,1.0,0.0
2941,2,763,HOH,H2,H,1.007947,0.4242243450515,1.0,0.0
2942,2,764,HOH,O,O,15.99943,-0.848448690103,0.317796456355,0.652143528104
2943,2,764,HOH,H1,H,1.007947,0.4242243450515,1.0,0.0
2944,2,764,HOH,H2,H,1.007947,0.4242243450515,1.0,0.0
2945,2,765,HOH,O,O,15.99943,-0.848448690103,0.317796456355,0.652143528104
2946,2,765,HOH,H1,H,1.007947,0.4242243450515,1.0,0.0
2947,2,765,HOH,H2,H,1.007947,0.4242243450515,1.0,0.0
2948,2,766,HOH,O,O,15.99943,-0.848448690103,0.317796456355,0.652143528104
2949,2,766,HOH,H1,H,1.007947,0.4242243450515,1.0,0.0
2950,2,766,HOH,H2,H,1.007947,0.4242243450515,1.0,0.0
2951,2,767,HOH,O,O,15.99943,-0.848448690103,0.317796456355,0.652143528104
2952,2,767,HOH,H1,H,1.007947,0.4242243450515,1.0,0.0
2953,2,767,HOH,H2,H,1.007947,0.4242243450515,1.0,0.0
2954,2,768,HOH,O,O,15.99943,-0.848448690103,0.317796456355,0.652143528104
2955,2,768,HOH,H1,H,1.007947,0.4242243450515,1.0,0.0
2956,2,768,HOH,H2,H,1.007947,0.4242243450515,1.0,0.0
2957,2,769,HOH,O,O,15.99943,-0.848448690103,0.317796456355,0.652143528104
2958,2,769,HOH,H1,H,1.007947,0.4242243450515,1.0,0.0
2959,2,769,HOH,H2,H,1.007947,0.4242243450515,1.0,0.0
2960,2,770,HOH,O,O,15.99943,-0.848448690103,0.317796456355,0.652143528104
2961,2,770,HOH,H1,H,1.007947,0.4242243450515,1.0,0.0
2962,2,770,HOH,H2,H,1.007947,0.4242243450515,1.0,0.0
2963,2,771,HOH,O,O,15.99943,-0.848448690103,0.317796456355,0.652143528104
2964,2,771,HOH,H1,H,1.007947,0.4242243450515,1.0,0.0
2965,2,771,HOH,H2,H,1.007947,0.4242243450515,1.0,0.0
2966,2,772,HOH,O,O,15.99943,-0.848448690103,0.317796456355,0.652143528104
2967,2,772,HOH,H1,H,1.007947,0.4242243450515,1.0,0.0
2968,2,772,HOH,H2,H,1.007947,0.4242243450515,1.0,0.0
2969,2,773,HOH,O,O,15.99943,-0.848448690103,0.317796456355,0.652143528104
2970,2,773,HOH,H1,H,1.007947,0.4242243450515,1.0,0.0
2971,2,773,HOH,H2,H,1.007947,0.4242243450515,1.0,0.0
2972,2,774,HOH,O,O,15.99943,-0.848448690103,0.317796456355,0.652143528104
2973,2,774,HOH,H1,H,1.007947,0.4242243450515,1.0,0.0
2974,2,774,HOH,H2,H,1.007947,0.4242243450515,1.0,0.0
2975,2,775,HOH,O,O,15.99943,-0.848448690103,0.317796456355,0.652143528104
2976,2,775,HOH,H1,H,1.007947,0.4242243450515,1.0,0.0
2977,2,775,HOH,H2,H,1.007947,0.4242243450515,1.0,0.0
2978,2,776,HOH,O,O,15.99943,-0.848448690103,0.317796456355,0.652143528104
2979,2,776,HOH,H1,H,1.007947,0.4242243450515,1.0,0.0
2980,2,776,HOH,H2,H,1.007947,0.4242243450515,1.0,0.0
2981,2,777,HOH,O,O,15.99943,-0.848448690103,0.317796456355,0.652143528104
2982,2,777,HOH,H1,H,1.007947,0.4242243450515,1.0,0.0
2983,2,777,HOH,H2,H,1.007947,0.4242243450515,1.0,0.0
2984,2,778,HOH,O,O,15.99943,-0.848448690103,0.317796456355,0.652143528104
2985,2,778,HOH,H1,H,1.007947,0.4242243450515,1.0,0.0
2986,2,778,HOH,H2,H,1.007947,0.4242243450515,1.0,0.0
2987,2,779,HOH,O,O,15.99943,-0.848448690103,0.317796456355,0.652143528104
2988,2,779,HOH,H1,H,1.007947,0.4242243450515,1.0,0.0
2989,2,779,HOH,H2,H,1.007947,0.4242243450515,1.0,0.0
2990,2,780,HOH,O,O,15.99943,-0.848448690103,0.317796456355,0.652143528104
2991,2,780,HOH,H1,H,1.007947,0.4242243450515,1.0,0.0
2992,2,780,HOH,H2,H,1.007947,0.4242243450515,1.0,0.0
2993,2,781,HOH,O,O,15.99943,-0.848448690103,0.317796456355,0.652143528104
2994,2,781,HOH,H1,H,1.007947,0.4242243450515,1.0,0.0
2995,2,781,HOH,H2,H,1.007947,0.4242243450515,1.0,0.0
2996,2,782,HOH,O,O,15.99943,-0.848448690103,0.317796456355,0.652143528104
2997,2,782,HOH,H1,H,1.007947,0.4242243450515,1.0,0.0
2998,2,782,HOH,H2,H,1.007947,0.4242243450515,1.0,0.0
2999,2,783,HOH,O,O,15.99943,-0.848448690103,0.317796456355,0.652143528104
3000,2,783,HOH,H1,H,1.007947,0.4242243450515,1.0,0.0
3001,2,783,HOH,H2,H,1.007947,0.4242243450515,1.0,0.0
3002,2,784,HOH,O,O,15.99943,-0.848448690103,0.317796456355,0.652143528104
3003,2,784,HOH,H1,H,1.007947,0.4242243450515,1.0,0.0
3004,2,784,HOH,H2,H,1.007947,0.4242243450515,1.0,0.0
3005,2,785,HOH,O,O,15.99943,-0.848448690103,0.317796456355,0.652143528104
3006,2,785,HOH,H1,H,1.007947,0.4242243450515,1.0,0.0
3007,2,785,HOH,H2,H,1.007947,0.4242243450515,1.0,0.0
3008,2,786,HOH,O,O,15.99943,-0.848448690103,0.317796456355,0.652143528104
3009,2,786,HOH,H1,H,1.007947,0.4242243450515,1.0,0.0
3010,2,786,HOH,H2,H,1.007947,0.4242243450515,1.0,0.0
3011,2,787,HOH,O,O,15.99943,-0.848448690103,0.317796456355,0.652143528104
3012,2,787,HOH,H1,H,1.007947,0.4242243450515,1.0,0.0
3013,2,787,HOH,H2,H,1.007947,0.4242243450515,1.0,0.0
3014,2,788,HOH,O,O,15.99943,-0.848448690103,0.317796456355,0.652143528104
3015,2,788,HOH,H1,H,1.007947,0.4242243450515,1.0,0.0
3016,2,788,HOH,H2,H,1.007947,0.4242243450515,1.0,0.0
3017,2,789,HOH,O,O,15.99943,-0.848448690103,0.317796456355,0.652143528104
3018,2,789,HOH,H1,H,1.007947,0.4242243450515,1.0,0.0
3019,2,789,HOH,H2,H,1.007947,0.4242243450515,1.0,0.0
3020,2,790,HOH,O,O,15.99943,-0.848448690103,0.317796456355,0.652143528104
3021,2,790,HOH,H1,H,1.007947,0.4242243450515,1.0,0.0
3022,2,790,HOH,H2,H,1.007947,0.4242243450515,1.0,0.0
3023,2,791,HOH,O,O,15.99943,-0.848448690103,0.317796456355,0.652143528104
3024,2,791,HOH,H1,H,1.007947,0.4242243450515,1.0,0.0
3025,2,791,HOH,H2,H,1.007947,0.4242243450515,1.0,0.0
3026,2,792,HOH,O,O,15.99943,-0.848448690103,0.317796456355,0.652143528104
3027,2,792,HOH,H1,H,1.007947,0.4242243450515,1.0,0.0
3028,2,792,HOH,H2,H,1.007947,0.4242243450515,1.0,0.0
3029,2,793,HOH,O,O,15.99943,-0.848448690103,0.317796456355,0.652143528104
3030,2,793,HOH,H1,H,1.007947,0.4242243450515,1.0,0.0
3031,2,793,HOH,H2,H,1.007947,0.4242243450515,1.0,0.0
3032,2,794,HOH,O,O,15.99943,-0.848448690103,0.317796456355,0.652143528104
3033,2,794,HOH,H1,H,1.007947,0.4242243450515,1.0,0.0
3034,2,794,HOH,H2,H,1.007947,0.4242243450515,1.0,0.0
3035,2,795,HOH,O,O,15.99943,-0.848448690103,0.317796456355,0.652143528104
3036,2,795,HOH,H1,H,1.007947,0.4242243450515,1.0,0.0
3037,2,795,HOH,H2,H,1.007947,0.4242243450515,1.0,0.0
3038,2,796,HOH,O,O,15.99943,-0.848448690103,0.317796456355,0.652143528104
3039,2,796,HOH,H1,H,1.007947,0.4242243450515,1.0,0.0
3040,2,796,HOH,H2,H,1.007947,0.4242243450515,1.0,0.0
3041,2,797,HOH,O,O,15.99943,-0.848448690103,0.317796456355,0.652143528104
3042,2,797,HOH,H1,H,1.007947,0.4242243450515,1.0,0.0
3043,2,797,HOH,H2,H,1.007947,0.4242243450515,1.0,0.0
3044,2,798,HOH,O,O,15.99943,-0.848448690103,0.317796456355,0.652143528104
3045,2,798,HOH,H1,H,1.007947,0.4242243450515,1.0,0.0
3046,2,798,HOH,H2,H,1.007947,0.4242243450515,1.0,0.0
3047,2,799,HOH,O,O,15.99943,-0.848448690103,0.317796456355,0.652143528104
3048,2,799,HOH,H1,H,1.007947,0.4242243450515,1.0,0.0
3049,2,799,HOH,H2,H,1.007947,0.4242243450515,1.0,0.0
3050,2,800,HOH,O,O,15.99943,-0.848448690103,0.317796456355,0.652143528104
3051,2,800,HOH,H1,H,1.007947,0.4242243450515,1.0,0.0
3052,2,800,HOH,H2,H,1.007947,0.4242243450515,1.0,0.0
3053,2,801,HOH,O,O,15.99943,-0.848448690103,0.317796456355,0.652143528104
3054,2,801,HOH,H1,H,1.007947,0.4242243450515,1.0,0.0
3055,2,801,HOH,H2,H,1.007947,0.4242243450515,1.0,0.0
3056,2,802,HOH,O,O,15.99943,-0.848448690103,0.317796456355,0.652143528104
3057,2,802,HOH,H1,H,1.007947,0.4242243450515,1.0,0.0
3058,2,802,HOH,H2,H,1.007947,0.4242243450515,1.0,0.0
3059,2,803,HOH,O,O,15.99943,-0.848448690103,0.317796456355,0.652143528104
3060,2,803,HOH,H1,H,1.007947,0.4242243450515,1.0,0.0
3061,2,803,HOH,H2,H,1.007947,0.4242243450515,1.0,0.0
3062,2,804,HOH,O,O,15.99943,-0.848448690103,0.317796456355,0.652143528104
3063,2,804,HOH,H1,H,1.007947,0.4242243450515,1.0,0.0
3064,2,804,HOH,H2,H,1.007947,0.4242243450515,1.0,0.0
3065,2,805,HOH,O,O,15.99943,-0.848448690103,0.317796456355,0.652143528104
3066,2,805,HOH,H1,H,1.007947,0.4242243450515,1.0,0.0
3067,2,805,HOH,H2,H,1.007947,0.4242243450515,1.0,0.0
3068,2,806,HOH,O,O,15.99943,-0.848448690103,0.317796456355,0.652143528104
3069,2,806,HOH,H1,H,1.007947,0.4242243450515,1.0,0.0
3070,2,806,HOH,H2,H,1.007947,0.4242243450515,1.0,0.0
3071,2,807,HOH,O,O,15.99943,-0.848448690103,0.317796456355,0.652143528104
3072,2,807,HOH,H1,H,1.007947,0.4242243450515,1.0,0.0
3073,2,807,HOH,H2,H,1.007947,0.4242243450515,1.0,0.0
3074,2,808,HOH,O,O,15.99943,-0.848448690103,0.317796456355,0.652143528104
3075,2,808,HOH,H1,H,1.007947,0.4242243450515,1.0,0.0
3076,2,808,HOH,H2,H,1.007947,0.4242243450515,1.0,0.0
3077,2,809,HOH,O,O,15.99943,-0.848448690103,0.317796456355,0.652143528104
3078,2,809,HOH,H1,H,1.007947,0.4242243450515,1.0,0.0
3079,2,809,HOH,H2,H,1.007947,0.4242243450515,1.0,0.0
3080,2,810,HOH,O,O,15.99943,-0.848448690103,0.317796456355,0.652143528104
3081,2,810,HOH,H1,H,1.007947,0.4242243450515,1.0,0.0
3082,2,810,HOH,H2,H,1.007947,0.4242243450515,1.0,0.0
3083,2,811,HOH,O,O,15.99943,-0.848448690103,0.317796456355,0.652143528104
3084,2,811,HOH,H1,H,1.007947,0.4242243450515,1.0,0.0
3085,2,811,HOH,H2,H,1.007947,0.4242243450515,1.0,0.0
3086,2,812,HOH,O,O,15.99943,-0.848448690103,0.317796456355,0.652143528104
3087,2,812,HOH,H1,H,1.007947,0.4242243450515,1.0,0.0
3088,2,812,HOH,H2,H,1.007947,0.4242243450515,1.0,0.0
3089,2,813,HOH,O,O,15.99943,-0.848448690103,0.317796456355,0.652143528104
3090,2,813,HOH,H1,H,1.007947,0.4242243450515,1.0,0.0
3091,2,813,HOH,H2,H,1.007947,0.4242243450515,1.0,0.0
3092,2,814,HOH,O,O,15.99943,-0.848448690103,0.317796456355,0.652143528104
3093,2,814,HOH,H1,H,1.007947,0.4242243450515,1.0,0.0
3094,2,814,HOH,H2,H,1.007947,0.4242243450515,1.0,0.0
3095,2,815,HOH,O,O,15.99943,-0.848448690103,0.317796456355,0.652143528104
3096,2,815,HOH,H1,H,1.007947,0.4242243450515,1.0,0.0
3097,2,815,HOH,H2,H,1.007947,0.4242243450515,1.0,0.0
3098,2,816,HOH,O,O,15.99943,-0.848448690103,0.317796456355,0.652143528104
3099,2,816,HOH,H1,H,1.007947,0.4242243450515,1.0,0.0
3100,2,816,HOH,H2,H,1.007947,0.4242243450515,1.0,0.0
3101,2,817,HOH,O,O,15.99943,-0.848448690103,0.317796456355,0.652143528104
3102,2,817,HOH,H1,H,1.007947,0.4242243450515,1.0,0.0
3103,2,817,HOH,H2,H,1.007947,0.4242243450515,1.0,0.0
3104,2,818,HOH,O,O,15.99943,-0.848448690103,0.317796456355,0.652143528104
3105,2,818,HOH,H1,H,1.007947,0.4242243450515,1.0,0.0
3106,2,818,HOH,H2,H,1.007947,0.4242243450515,1.0,0.0
3107,2,819,HOH,O,O,15.99943,-0.848448690103,0.317796456355,0.652143528104
3108,2,819,HOH,H1,H,1.007947,0.4242243450515,1.0,0.0
3109,2,819,HOH,H2,H,1.007947,0.4242243450515,1.0,0.0
3110,2,820,HOH,O,O,15.99943,-0.848448690103,0.317796456355,0.652143528104
3111,2,820,HOH,H1,H,1.007947,0.4242243450515,1.0,0.0
3112,2,820,HOH,H2,H,1.007947,0.4242243450515,1.0,0.0
3113,2,821,HOH,O,O,15.99943,-0.848448690103,0.317796456355,0.652143528104
3114,2,821,HOH,H1,H,1.007947,0.4242243450515,1.0,0.0
3115,2,821,HOH,H2,H,1.007947,0.4242243450515,1.0,0.0
3116,2,822,HOH,O,O,15.99943,-0.848448690103,0.317796456355,0.652143528104
3117,2,822,HOH,H1,H,1.007947,0.4242243450515,1.0,0.0
3118,2,822,HOH,H2,H,1.007947,0.4242243450515,1.0,0.0
3119,2,823,HOH,O,O,15.99943,-0.848448690103,0.317796456355,0.652143528104
3120,2,823,HOH,H1,H,1.007947,0.4242243450515,1.0,0.0
3121,2,823,HOH,H2,H,1.007947,0.4242243450515,1.0,0.0
3122,2,824,HOH,O,O,15.99943,-0.848448690103,0.317796456355,0.652143528104
3123,2,824,HOH,H1,H,1.007947,0.4242243450515,1.0,0.0
3124,2,824,HOH,H2,H,1.007947,0.4242243450515,1.0,0.0
3125,2,825,HOH,O,O,15.99943,-0.848448690103,0.317796456355,0.652143528104
3126,2,825,HOH,H1,H,1.007947,0.4242243450515,1.0,0.0
3127,2,825,HOH,H2,H,1.007947,0.4242243450515,1.0,0.0
3128,2,826,HOH,O,O,15.99943,-0.848448690103,0.317796456355,0.652143528104
3129,2,826,HOH,H1,H,1.007947,0.4242243450515,1.0,0.0
3130,2,826,HOH,H2,H,1.007947,0.4242243450515,1.0,0.0
3131,2,827,HOH,O,O,15.99943,-0.848448690103,0.317796456355,0.652143528104
3132,2,827,HOH,H1,H,1.007947,0.4242243450515,1.0,0.0
3133,2,827,HOH,H2,H,1.007947,0.4242243450515,1.0,0.0
3134,2,828,HOH,O,O,15.99943,-0.848448690103,0.317796456355,0.652143528104
3135,2,828,HOH,H1,H,1.007947,0.4242243450515,1.0,0.0
3136,2,828,HOH,H2,H,1.007947,0.4242243450515,1.0,0.0
3137,2,829,HOH,O,O,15.99943,-0.848448690103,0.317796456355,0.652143528104
3138,2,829,HOH,H1,H,1.007947,0.4242243450515,1.0,0.0
3139,2,829,HOH,H2,H,1.007947,0.4242243450515,1.0,0.0
3140,2,830,HOH,O,O,15.99943,-0.848448690103,0.317796456355,0.652143528104
3141,2,830,HOH,H1,H,1.007947,0.4242243450515,1.0,0.0
3142,2,830,HOH,H2,H,1.007947,0.4242243450515,1.0,0.0
3143,2,831,HOH,O,O,15.99943,-0.848448690103,0.317796456355,0.652143528104
3144,2,831,HOH,H1,H,1.007947,0.4242243450515,1.0,0.0
3145,2,831,HOH,H2,H,1.007947,0.4242243450515,1.0,0.0
3146,2,832,HOH,O,O,15.99943,-0.848448690103,0.317796456355,0.652143528104
3147,2,832,HOH,H1,H,1.007947,0.4242243450515,1.0,0.0
3148,2,832,HOH,H2,H,1.007947,0.4242243450515,1.0,0.0
3149,2,833,HOH,O,O,15.99943,-0.848448690103,0.317796456355,0.652143528104
3150,2,833,HOH,H1,H,1.007947,0.4242243450515,1.0,0.0
3151,2,833,HOH,H2,H,1.007947,0.4242243450515,1.0,0.0
3152,2,834,HOH,O,O,15.99943,-0.848448690103,0.317796456355,0.652143528104
3153,2,834,HOH,H1,H,1.007947,0.4242243450515,1.0,0.0
3154,2,834,HOH,H2,H,1.007947,0.4242243450515,1.0,0.0
3155,2,835,HOH,O,O,15.99943,-0.848448690103,0.317796456355,0.652143528104
3156,2,835,HOH,H1,H,1.007947,0.4242243450515,1.0,0.0
3157,2,835,HOH,H2,H,1.007947,0.4242243450515,1.0,0.0
3158,2,836,HOH,O,O,15.99943,-0.848448690103,0.317796456355,0.652143528104
3159,2,836,HOH,H1,H,1.007947,0.4242243450515,1.0,0.0
3160,2,836,HOH,H2,H,1.007947,0.4242243450515,1.0,0.0
3161,2,837,HOH,O,O,15.99943,-0.848448690103,0.317796456355,0.652143528104
3162,2,837,HOH,H1,H,1.007947,0.4242243450515,1.0,0.0
3163,2,837,HOH,H2,H,1.007947,0.4242243450515,1.0,0.0
3164,2,838,HOH,O,O,15.99943,-0.848448690103,0.317796456355,0.652143528104
3165,2,838,HOH,H1,H,1.007947,0.4242243450515,1.0,0.0
3166,2,838,HOH,H2,H,1.007947,0.4242243450515,1.0,0.0
3167,2,839,HOH,O,O,15.99943,-0.848448690103,0.317796456355,0.652143528104
3168,2,839,HOH,H1,H,1.007947,0.4242243450515,1.0,0.0
3169,2,839,HOH,H2,H,1.007947,0.4242243450515,1.0,0.0
3170,2,840,HOH,O,O,15.99943,-0.848448690103,0.317796456355,0.652143528104
3171,2,840,HOH,H1,H,1.007947,0.4242243450515,1.0,0.0
3172,2,840,HOH,H2,H,1.007947,0.4242243450515,1.0,0.0
3173,2,841,HOH,O,O,15.99943,-0.848448690103,0.317796456355,0.652143528104
3174,2,841,HOH,H1,H,1.007947,0.4242243450515,1.0,0.0
3175,2,841,HOH,H2,H,1.007947,0.4242243450515,1.0,0.0
3176,2,842,HOH,O,O,15.99943,-0.848448690103,0.317796456355,0.652143528104
3177,2,842,HOH,H1,H,1.007947,0.4242243450515,1.0,0.0
3178,2,842,HOH,H2,H,1.007947,0.4242243450515,1.0,0.0
3179,2,843,HOH,O,O,15.99943,-0.848448690103,0.317796456355,0.652143528104
3180,2,843,HOH,H1,H,1.007947,0.4242243450515,1.0,0.0
3181,2,843,HOH,H2,H,1.007947,0.4242243450515,1.0,0.0
3182,2,844,HOH,O,O,15.99943,-0.848448690103,0.317796456355,0.652143528104
3183,2,844,HOH,H1,H,1.007947,0.4242243450515,1.0,0.0
3184,2,844,HOH,H2,H,1.007947,0.4242243450515,1.0,0.0
3185,2,845,HOH,O,O,15.99943,-0.848448690103,0.317796456355,0.652143528104
3186,2,845,HOH,H1,H,1.007947,0.4242243450515,1.0,0.0
3187,2,845,HOH,H2,H,1.007947,0.4242243450515,1.0,0.0
3188,2,846,HOH,O,O,15.99943,-0.848448690103,0.317796456355,0.652143528104
3189,2,846,HOH,H1,H,1.007947,0.4242243450515,1.0,0.0
3190,2,846,HOH,H2,H,1.007947,0.4242243450515,1.0,0.0
3191,2,847,HOH,O,O,15.99943,-0.848448690103,0.317796456355,0.652143528104
3192,2,847,HOH,H1,H,1.007947,0.4242243450515,1.0,0.0
3193,2,847,HOH,H2,H,1.007947,0.4242243450515,1.0,0.0
3194,2,848,HOH,O,O,15.99943,-0.848448690103,0.317796456355,0.652143528104
3195,2,848,HOH,H1,H,1.007947,0.4242243450515,1.0,0.0
3196,2,848,HOH,H2,H,1.007947,0.4242243450515,1.0,0.0
3197,2,849,HOH,O,O,15.99943,-0.848448690103,0.317796456355,0.652143528104
3198,2,849,HOH,H1,H,1.007947,0.4242243450515,1.0,0.0
3199,2,849,HOH,H2,H,1.007947,0.4242243450515,1.0,0.0
3200,2,850,HOH,O,O,15.99943,-0.848448690103,0.317796456355,0.652143528104
3201,2,850,HOH,H1,H,1.007947,0.4242243450515,1.0,0.0
3202,2,850,HOH,H2,H,1.007947,0.4242243450515,1.0,0.0
3203,2,851,HOH,O,O,15.99943,-0.848448690103,0.317796456355,0.652143528104
3204,2,851,HOH,H1,H,1.007947,0.4242243450515,1.0,0.0
3205,2,851,HOH,H2,H,1.007947,0.4242243450515,1.0,0.0
3206,2,852,HOH,O,O,15.99943,-0.848448690103,0.317796456355,0.652143528104
3207,2,852,HOH,H1,H,1.007947,0.4242243450515,1.0,0.0
3208,2,852,HOH,H2,H,1.007947,0.4242243450515,1.0,0.0
3209,2,853,HOH,O,O,15.99943,-0.848448690103,0.317796456355,0.652143528104
3210,2,853,HOH,H1,H,1.007947,0.4242243450515,1.0,0.0
3211,2,853,HOH,H2,H,1.007947,0.4242243450515,1.0,0.0
3212,2,854,HOH,O,O,15.99943,-0.848448690103,0.317796456355,0.652143528104
3213,2,854,HOH,H1,H,1.007947,0.4242243450515,1.0,0.0
3214,2,854,HOH,H2,H,1.007947,0.4242243450515,1.0,0.0
3215,2,856,HOH,O,O,15.99943,-0.848448690103,0.317796456355,0.652143528104
3216,2,856,HOH,H1,H,1.007947,0.4242243450515,1.0,0.0
3217,2,856,HOH,H2,H,1.007947,0.4242243450515,1.0,0.0
3218,2,857,HOH,O,O,15.99943,-0.848448690103,0.317796456355,0.652143528104
3219,2,857,HOH,H1,H,1.007947,0.4242243450515,1.0,0.0
3220,2,857,HOH,H2,H,1.007947,0.4242243450515,1.0,0.0
3221,2,858,HOH,O,O,15.99943,-0.848448690103,0.317796456355,0.652143528104
3222,2,858,HOH,H1,H,1.007947,0.4242243450515,1.0,0.0
3223,2,858,HOH,H2,H,1.007947,0.4242243450515,1.0,0.0
3224,2,859,HOH,O,O,15.99943,-0.848448690103,0.317796456355,0.652143528104
3225,2,859,HOH,H1,H,1.007947,0.4242243450515,1.0,0.0
3226,2,859,HOH,H2,H,1.007947,0.4242243450515,1.0,0.0
3227,2,860,HOH,O,O,15.99943,-0.848448690103,0.317796456355,0.652143528104
3228,2,860,HOH,H1,H,1.007947,0.4242243450515,1.0,0.0
3229,2,860,HOH,H2,H,1.007947,0.4242243450515,1.0,0.0
3230,2,861,HOH,O,O,15.99943,-0.848448690103,0.317796456355,0.652143528104
3231,2,861,HOH,H1,H,1.007947,0.4242243450515,1.0,0.0
3232,2,861,HOH,H2,H,1.007947,0.4242243450515,1.0,0.0
3233,2,862,HOH,O,O,15.99943,-0.848448690103,0.317796456355,0.652143528104
3234,2,862,HOH,H1,H,1.007947,0.4242243450515,1.0,0.0
3235,2,862,HOH,H2,H,1.007947,0.4242243450515,1.0,0.0
3236,2,863,HOH,O,O,15.99943,-0.848448690103,0.317796456355,0.652143528104
3237,2,863,HOH,H1,H,1.007947,0.4242243450515,1.0,0.0
3238,2,863,HOH,H2,H,1.007947,0.4242243450515,1.0,0.0
3239,2,864,HOH,O,O,15.99943,-0.848448690103,0.317796456355,0.652143528104
3240,2,864,HOH,H1,H,1.007947,0.4242243450515,1.0,0.0
3241,2,864,HOH,H2,H,1.007947,0.4242243450515,1.0,0.0
3242,2,865,HOH,O,O,15.99943,-0.848448690103,0.317796456355,0.652143528104
3243,2,865,HOH,H1,H,1.007947,0.4242243450515,1.0,0.0
3244,2,865,HOH,H2,H,1.007947,0.4242243450515,1.0,0.0
3245,2,866,HOH,O,O,15.99943,-0.848448690103,0.317796456355,0.652143528104
3246,2,866,HOH,H1,H,1.007947,0.4242243450515,1.0,0.0
3247,2,866,HOH,H2,H,1.007947,0.4242243450515,1.0,0.0
3248,2,867,HOH,O,O,15.99943,-0.848448690103,0.317796456355,0.652143528104
3249,2,867,HOH,H1,H,1.007947,0.4242243450515,1.0,0.0
3250,2,867,HOH,H2,H,1.007947,0.4242243450515,1.0,0.0
3251,2,868,HOH,O,O,15.99943,-0.848448690103,0.317796456355,0.652143528104
3252,2,868,HOH,H1,H,1.007947,0.4242243450515,1.0,0.0
3253,2,868,HOH,H2,H,1.007947,0.4242243450515,1.0,0.0
3254,2,869,HOH,O,O,15.99943,-0.848448690103,0.317796456355,0.652143528104
3255,2,869,HOH,H1,H,1.007947,0.4242243450515,1.0,0.0
3256,2,869,HOH,H2,H,1.007947,0.4242243450515,1.0,0.0
3257,2,870,HOH,O,O,15.99943,-0.848448690103,0.317796456355,0.652143528104
3258,2,870,HOH,H1,H,1.007947,0.4242243450515,1.0,0.0
3259,2,870,HOH,H2,H,1.007947,0.4242243450515,1.0,0.0
3260,2,871,HOH,O,O,15.99943,-0.848448690103,0.317796456355,0.652143528104
3261,2,871,HOH,H1,H,1.007947,0.4242243450515,1.0,0.0
3262,2,871,HOH,H2,H,1.007947,0.4242243450515,1.0,0.0
3263,2,872,HOH,O,O,15.99943,-0.848448690103,0.317796456355,0.652143528104
3264,2,872,HOH,H1,H,1.007947,0.4242243450515,1.0,0.0
3265,2,872,HOH,H2,H,1.007947,0.4242243450515,1.0,0.0
3266,2,873,HOH,O,O,15.99943,-0.848448690103,0.317796456355,0.652143528104
3267,2,873,HOH,H1,H,1.007947,0.4242243450515,1.0,0.0
3268,2,873,HOH,H2,H,1.007947,0.4242243450515,1.0,0.0
3269,2,874,HOH,O,O,15.99943,-0.848448690103,0.317796456355,0.652143528104
3270,2,874,HOH,H1,H,1.007947,0.4242243450515,1.0,0.0
3271,2,874,HOH,H2,H,1.007947,0.4242243450515,1.0,0.0
3272,2,875,HOH,O,O,15.99943,-0.848448690103,0.317796456355,0.652143528104
3273,2,875,HOH,H1,H,1.007947,0.4242243450515,1.0,0.0
3274,2,875,HOH,H2,H,1.007947,0.4242243450515,1.0,0.0
3275,2,876,HOH,O,O,15.99943,-0.848448690103,0.317796456355,0.652143528104
3276,2,876,HOH,H1,H,1.007947,0.4242243450515,1.0,0.0
3277,2,876,HOH,H2,H,1.007947,0.4242243450515,1.0,0.0
3278,2,877,HOH,O,O,15.99943,-0.848448690103,0.317796456355,0.652143528104
3279,2,877,HOH,H1,H,1.007947,0.4242243450515,1.0,0.0
3280,2,877,HOH,H2,H,1.007947,0.4242243450515,1.0,0.0
3281,2,878,HOH,O,O,15.99943,-0.848448690103,0.317796456355,0.652143528104
3282,2,878,HOH,H1,H,1.007947,0.4242243450515,1.0,0.0
3283,2,878,HOH,H2,H,1.007947,0.4242243450515,1.0,0.0
3284,2,879,HOH,O,O,15.99943,-0.848448690103,0.317796456355,0.652143528104
3285,2,879,HOH,H1,H,1.007947,0.4242243450515,1.0,0.0
3286,2,879,HOH,H2,H,1.007947,0.4242243450515,1.0,0.0
3287,2,880,HOH,O,O,15.99943,-0.848448690103,0.317796456355,0.652143528104
3288,2,880,HOH,H1,H,1.007947,0.4242243450515,1.0,0.0
3289,2,880,HOH,H2,H,1.007947,0.4242243450515,1.0,0.0
3290,2,881,HOH,O,O,15.99943,-0.848448690103,0.317796456355,0.652143528104
3291,2,881,HOH,H1,H,1.007947,0.4242243450515,1.0,0.0
3292,2,881,HOH,H2,H,1.007947,0.4242243450515,1.0,0.0
3293,2,882,HOH,O,O,15.99943,-0.848448690103,0.317796456355,0.652143528104
3294,2,882,HOH,H1,H,1.007947,0.4242243450515,1.0,0.0
3295,2,882,HOH,H2,H,1.007947,0.4242243450515,1.0,0.0
3296,2,883,HOH,O,O,15.99943,-0.848448690103,0.317796456355,0.652143528104
3297,2,883,HOH,H1,H,1.007947,0.4242243450515,1.0,0.0
3298,2,883,HOH,H2,H,1.007947,0.4242243450515,1.0,0.0
3299,2,884,HOH,O,O,15.99943,-0.848448690103,0.317796456355,0.652143528104
3300,2,884,HOH,H1,H,1.007947,0.4242243450515,1.0,0.0
3301,2,884,HOH,H2,H,1.007947,0.4242243450515,1.0,0.0
3302,2,885,HOH,O,O,15.99943,-0.848448690103,0.317796456355,0.652143528104
3303,2,885,HOH,H1,H,1.007947,0.4242243450515,1.0,0.0
3304,2,885,HOH,H2,H,1.007947,0.4242243450515,1.0,0.0
3305,2,886,HOH,O,O,15.99943,-0.848448690103,0.317796456355,0.652143528104
3306,2,886,HOH,H1,H,1.007947,0.4242243450515,1.0,0.0
3307,2,886,HOH,H2,H,1.007947,0.4242243450515,1.0,0.0
3308,2,887,HOH,O,O,15.99943,-0.848448690103,0.317796456355,0.652143528104
3309,2,887,HOH,H1,H,1.007947,0.4242243450515,1.0,0.0
3310,2,887,HOH,H2,H,1.007947,0.4242243450515,1.0,0.0
3311,2,888,HOH,O,O,15.99943,-0.848448690103,0.317796456355,0.652143528104
3312,2,888,HOH,H1,H,1.007947,0.4242243450515,1.0,0.0
3313,2,888,HOH,H2,H,1.007947,0.4242243450515,1.0,0.0
3314,2,889,HOH,O,O,15.99943,-0.848448690103,0.317796456355,0.652143528104
3315,2,889,HOH,H1,H,1.007947,0.4242243450515,1.0,0.0
3316,2,889,HOH,H2,H,1.007947,0.4242243450515,1.0,0.0
3317,2,890,HOH,O,O,15.99943,-0.848448690103,0.317796456355,0.652143528104
3318,2,890,HOH,H1,H,1.007947,0.4242243450515,1.0,0.0
3319,2,890,HOH,H2,H,1.007947,0.4242243450515,1.0,0.0
3320,2,891,HOH,O,O,15.99943,-0.848448690103,0.317796456355,0.652143528104
3321,2,891,HOH,H1,H,1.007947,0.4242243450515,1.0,0.0
3322,2,891,HOH,H2,H,1.007947,0.4242243450515,1.0,0.0
3323,2,892,HOH,O,O,15.99943,-0.848448690103,0.317796456355,0.652143528104
3324,2,892,HOH,H1,H,1.007947,0.4242243450515,1.0,0.0
3325,2,892,HOH,H2,H,1.007947,0.4242243450515,1.0,0.0
3326,2,893,HOH,O,O,15.99943,-0.848448690103,0.317796456355,0.652143528104
3327,2,893,HOH,H1,H,1.007947,0.4242243450515,1.0,0.0
3328,2,893,HOH,H2,H,1.007947,0.4242243450515,1.0,0.0
3329,2,894,HOH,O,O,15.99943,-0.848448690103,0.317796456355,0.652143528104
3330,2,894,HOH,H1,H,1.007947,0.4242243450515,1.0,0.0
3331,2,894,HOH,H2,H,1.007947,0.4242243450515,1.0,0.0
3332,2,895,HOH,O,O,15.99943,-0.848448690103,0.317796456355,0.652143528104
3333,2,895,HOH,H1,H,1.007947,0.4242243450515,1.0,0.0
3334,2,895,HOH,H2,H,1.007947,0.4242243450515,1.0,0.0
3335,2,896,HOH,O,O,15.99943,-0.848448690103,0.317796456355,0.652143528104
3336,2,896,HOH,H1,H,1.007947,0.4242243450515,1.0,0.0
3337,2,896,HOH,H2,H,1.007947,0.4242243450515,1.0,0.0
3338,2,897,HOH,O,O,15.99943,-0.848448690103,0.317796456355,0.652143528104
3339,2,897,HOH,H1,H,1.007947,0.4242243450515,1.0,0.0
3340,2,897,HOH,H2,H,1.007947,0.4242243450515,1.0,0.0
3341,2,898,HOH,O,O,15.99943,-0.848448690103,0.317796456355,0.652143528104
3342,2,898,HOH,H1,H,1.007947,0.4242243450515,1.0,0.0
3343,2,898,HOH,H2,H,1.007947,0.4242243450515,1.0,0.0
3344,2,899,HOH,O,O,15.99943,-0.848448690103,0.317796456355,0.652143528104
3345,2,899,HOH,H1,H,1.007947,0.4242243450515,1.0,0.0
3346,2,899,HOH,H2,H,1.007947,0.4242243450515,1.0,0.0
3347,2,900,HOH,O,O,15.99943,-0.848448690103,0.317796456355,0.652143528104
3348,2,900,HOH,H1,H,1.007947,0.4242243450515,1.0,0.0
3349,2,900,HOH,H2,H,1.007947,0.4242243450515,1.0,0.0
3350,2,901,HOH,O,O,15.99943,-0.848448690103,0.317796456355,0.652143528104
3351,2,901,HOH,H1,H,1.007947,0.4242243450515,1.0,0.0
3352,2,901,HOH,H2,H,1.007947,0.4242243450515,1.0,0.0
3353,2,902,HOH,O,O,15.99943,-0.848448690103,0.317796456355,0.652143528104
3354,2,902,HOH,H1,H,1.007947,0.4242243450515,1.0,0.0
3355,2,902,HOH,H2,H,1.007947,0.4242243450515,1.0,0.0
3356,2,903,HOH,O,O,15.99943,-0.848448690103,0.317796456355,0.652143528104
3357,2,903,HOH,H1,H,1.007947,0.4242243450515,1.0,0.0
3358,2,903,HOH,H2,H,1.007947,0.4242243450515,1.0,0.0
3359,2,904,HOH,O,O,15.99943,-0.848448690103,0.317796456355,0.652143528104
3360,2,904,HOH,H1,H,1.007947,0.4242243450515,1.0,0.0
3361,2,904,HOH,H2,H,1.007947,0.4242243450515,1.0,0.0
3362,2,905,HOH,O,O,15.99943,-0.848448690103,0.317796456355,0.652143528104
3363,2,905,HOH,H1,H,1.007947,0.4242243450515,1.0,0.0
3364,2,905,HOH,H2,H,1.007947,0.4242243450515,1.0,0.0
3365,2,906,HOH,O,O,15.99943,-0.848448690103,0.317796456355,0.652143528104
3366,2,906,HOH,H1,H,1.007947,0.4242243450515,1.0,0.0
3367,2,906,HOH,H2,H,1.007947,0.4242243450515,1.0,0.0
3368,2,907,HOH,O,O,15.99943,-0.848448690103,0.317796456355,0.652143528104
3369,2,907,HOH,H1,H,1.007947,0.4242243450515,1.0,0.0
3370,2,907,HOH,H2,H,1.007947,0.4242243450515,1.0,0.0
3371,2,908,HOH,O,O,15.99943,-0.848448690103,0.317796456355,0.652143528104
3372,2,908,HOH,H1,H,1.007947,0.4242243450515,1.0,0.0
3373,2,908,HOH,H2,H,1.007947,0.4242243450515,1.0,0.0
3374,2,909,HOH,O,O,15.99943,-0.848448690103,0.317796456355,0.652143528104
3375,2,909,HOH,H1,H,1.007947,0.4242243450515,1.0,0.0
3376,2,909,HOH,H2,H,1.007947,0.4242243450515,1.0,0.0
3377,2,910,HOH,O,O,15.99943,-0.848448690103,0.317796456355,0.652143528104
3378,2,910,HOH,H1,H,1.007947,0.4242243450515,1.0,0.0
3379,2,910,HOH,H2,H,1.007947,0.4242243450515,1.0,0.0
3380,2,911,HOH,O,O,15.99943,-0.848448690103,0.317796456355,0.652143528104
3381,2,911,HOH,H1,H,1.007947,0.4242243450515,1.0,0.0
3382,2,911,HOH,H2,H,1.007947,0.4242243450515,1.0,0.0
3383,2,912,HOH,O,O,15.99943,-0.848448690103,0.317796456355,0.652143528104
3384,2,912,HOH,H1,H,1.007947,0.4242243450515,1.0,0.0
3385,2,912,HOH,H2,H,1.007947,0.4242243450515,1.0,0.0
3386,2,913,HOH,O,O,15.99943,-0.848448690103,0.317796456355,0.652143528104
3387,2,913,HOH,H1,H,1.007947,0.4242243450515,1.0,0.0
3388,2,913,HOH,H2,H,1.007947,0.4242243450515,1.0,0.0
3389,2,914,HOH,O,O,15.99943,-0.848448690103,0.317796456355,0.652143528104
3390,2,914,HOH,H1,H,1.007947,0.4242243450515,1.0,0.0
3391,2,914,HOH,H2,H,1.007947,0.4242243450515,1.0,0.0
3392,2,915,HOH,O,O,15.99943,-0.848448690103,0.317796456355,0.652143528104
3393,2,915,HOH,H1,H,1.007947,0.4242243450515,1.0,0.0
3394,2,915,HOH,H2,H,1.007947,0.4242243450515,1.0,0.0
3395,2,916,HOH,O,O,15.99943,-0.848448690103,0.317796456355,0.652143528104
3396,2,916,HOH,H1,H,1.007947,0.4242243450515,1.0,0.0
3397,2,916,HOH,H2,H,1.007947,0.4242243450515,1.0,0.0
3398,2,917,HOH,O,O,15.99943,-0.848448690103,0.317796456355,0.652143528104
3399,2,917,HOH,H1,H,1.007947,0.4242243450515,1.0,0.0
3400,2,917,HOH,H2,H,1.007947,0.4242243450515,1.0,0.0
3401,2,918,HOH,O,O,15.99943,-0.848448690103,0.317796456355,0.652143528104
3402,2,918,HOH,H1,H,1.007947,0.4242243450515,1.0,0.0
3403,2,918,HOH,H2,H,1.007947,0.4242243450515,1.0,0.0
3404,2,919,HOH,O,O,15.99943,-0.848448690103,0.317796456355,0.652143528104
3405,2,919,HOH,H1,H,1.007947,0.4242243450515,1.0,0.0
3406,2,919,HOH,H2,H,1.007947,0.4242243450515,1.0,0.0
3407,2,920,HOH,O,O,15.99943,-0.848448690103,0.317796456355,0.652143528104
3408,2,920,HOH,H1,H,1.007947,0.4242243450515,1.0,0.0
3409,2,920,HOH,H2,H,1.007947,0.4242243450515,1.0,0.0
3410,2,921,HOH,O,O,15.99943,-0.848448690103,0.317796456355,0.652143528104
3411,2,921,HOH,H1,H,1.007947,0.4242243450515,1.0,0.0
3412,2,921,HOH,H2,H,1.007947,0.4242243450515,1.0,0.0
3413,2,922,HOH,O,O,15.99943,-0.848448690103,0.317796456355,0.652143528104
3414,2,922,HOH,H1,H,1.007947,0.4242243450515,1.0,0.0
3415,2,922,HOH,H2,H,1.007947,0.4242243450515,1.0,0.0
3416,2,923,HOH,O,O,15.99943,-0.848448690103,0.317796456355,0.652143528104
3417,2,923,HOH,H1,H,1.007947,0.4242243450515,1.0,0.0
3418,2,923,HOH,H2,H,1.007947,0.4242243450515,1.0,0.0
3419,2,924,HOH,O,O,15.99943,-0.848448690103,0.317796456355,0.652143528104
3420,2,924,HOH,H1,H,1.007947,0.4242243450515,1.0,0.0
3421,2,924,HOH,H2,H,1.007947,0.4242243450515,1.0,0.0
3422,2,925,HOH,O,O,15.99943,-0.848448690103,0.317796456355,0.652143528104
3423,2,925,HOH,H1,H,1.007947,0.4242243450515,1.0,0.0
3424,2,925,HOH,H2,H,1.007947,0.4242243450515,1.0,0.0
3425,2,926,HOH,O,O,15.99943,-0.848448690103,0.317796456355,0.652143528104
3426,2,926,HOH,H1,H,1.007947,0.4242243450515,1.0,0.0
3427,2,926,HOH,H2,H,1.007947,0.4242243450515,1.0,0.0
3428,2,927,HOH,O,O,15.99943,-0.848448690103,0.317796456355,0.652143528104
3429,2,927,HOH,H1,H,1.007947,0.4242243450515,1.0,0.0
3430,2,927,HOH,H2,H,1.007947,0.4242243450515,1.0,0.0
3431,2,928,HOH,O,O,15.99943,-0.848448690103,0.317796456355,0.652143528104
3432,2,928,HOH,H1,H,1.007947,0.4242243450515,1.0,0.0
3433,2,928,HOH,H2,H,1.007947,0.4242243450515,1.0,0.0
3434,2,929,HOH,O,O,15.99943,-0.848448690103,0.317796456355,0.652143528104
3435,2,929,HOH,H1,H,1.007947,0.4242243450515,1.0,0.0
3436,2,929,HOH,H2,H,1.007947,0.4242243450515,1.0,0.0
3437,2,930,HOH,O,O,15.99943,-0.848448690103,0.317796456355,0.652143528104
3438,2,930,HOH,H1,H,1.007947,0.4242243450515,1.0,0.0
3439,2,930,HOH,H2,H,1.007947,0.4242243450515,1.0,0.0
3440,2,931,HOH,O,O,15.99943,-0.848448690103,0.317796456355,0.652143528104
3441,2,931,HOH,H1,H,1.007947,0.4242243450515,1.0,0.0
3442,2,931,HOH,H2,H,1.007947,0.4242243450515,1.0,0.0
3443,2,932,HOH,O,O,15.99943,-0.848448690103,0.317796456355,0.652143528104
3444,2,932,HOH,H1,H,1.007947,0.4242243450515,1.0,0.0
3445,2,932,HOH,H2,H,1.007947,0.4242243450515,1.0,0.0
3446,2,933,HOH,O,O,15.99943,-0.848448690103,0.317796456355,0.652143528104
3447,2,933,HOH,H1,H,1.007947,0.4242243450515,1.0,0.0
3448,2,933,HOH,H2,H,1.007947,0.4242243450515,1.0,0.0
3449,2,934,HOH,O,O,15.99943,-0.848448690103,0.317796456355,0.652143528104
3450,2,934,HOH,H1,H,1.007947,0.4242243450515,1.0,0.0
3451,2,934,HOH,H2,H,1.007947,0.4242243450515,1.0,0.0
3452,2,935,HOH,O,O,15.99943,-0.848448690103,0.317796456355,0.652143528104
3453,2,935,HOH,H1,H,1.007947,0.4242243450515,1.0,0.0
3454,2,935,HOH,H2,H,1.007947,0.4242243450515,1.0,0.0
3455,2,936,HOH,O,O,15.99943,-0.848448690103,0.317796456355,0.652143528104
3456,2,936,HOH,H1,H,1.007947,0.4242243450515,1.0,0.0
3457,2,936,HOH,H2,H,1.007947,0.4242243450515,1.0,0.0
3458,2,937,HOH,O,O,15.99943,-0.848448690103,0.317796456355,0.652143528104
3459,2,937,HOH,H1,H,1.007947,0.4242243450515,1.0,0.0
3460,2,937,HOH,H2,H,1.007947,0.4242243450515,1.0,0.0
3461,2,938,HOH,O,O,15.99943,-0.848448690103,0.317796456355,0.652143528104
3462,2,938,HOH,H1,H,1.007947,0.4242243450515,1.0,0.0
3463,2,938,HOH,H2,H,1.007947,0.4242243450515,1.0,0.0
3464,2,939,HOH,O,O,15.99943,-0.848448690103,0.317796456355,0.652143528104
3465,2,939,HOH,H1,H,1.007947,0.4242243450515,1.0,0.0
3466,2,939,HOH,H2,H,1.007947,0.4242243450515,1.0,0.0
3467,2,940,HOH,O,O,15.99943,-0.848448690103,0.317796456355,0.652143528104
3468,2,940,HOH,H1,H,1.007947,0.4242243450515,1.0,0.0
3469,2,940,HOH,H2,H,1.007947,0.4242243450515,1.0,0.0
3470,2,941,HOH,O,O,15.99943,-0.848448690103,0.317796456355,0.652143528104
3471,2,941,HOH,H1,H,1.007947,0.4242243450515,1.0,0.0
3472,2,941,HOH,H2,H,1.007947,0.4242243450515,1.0,0.0
3473,2,942,HOH,O,O,15.99943,-0.848448690103,0.317796456355,0.652143528104
3474,2,942,HOH,H1,H,1.007947,0.4242243450515,1.0,0.0
3475,2,942,HOH,H2,H,1.007947,0.4242243450515,1.0,0.0
3476,2,943,HOH,O,O,15.99943,-0.848448690103,0.317796456355,0.652143528104
3477,2,943,HOH,H1,H,1.007947,0.4242243450515,1.0,0.0
3478,2,943,HOH,H2,H,1.007947,0.4242243450515,1.0,0.0
3479,2,944,HOH,O,O,15.99943,-0.848448690103,0.317796456355,0.652143528104
3480,2,944,HOH,H1,H,1.007947,0.4242243450515,1.0,0.0
3481,2,944,HOH,H2,H,1.007947,0.4242243450515,1.0,0.0
3482,2,945,HOH,O,O,15.99943,-0.848448690103,0.317796456355,0.652143528104
3483,2,945,HOH,H1,H,1.007947,0.4242243450515,1.0,0.0
3484,2,945,HOH,H2,H,1.007947,0.4242243450515,1.0,0.0
3485,2,946,HOH,O,O,15.99943,-0.848448690103,0.317796456355,0.652143528104
3486,2,946,HOH,H1,H,1.007947,0.4242243450515,1.0,0.0
3487,2,946,HOH,H2,H,1.007947,0.4242243450515,1.0,0.0
3488,2,947,HOH,O,O,15.99943,-0.848448690103,0.317796456355,0.652143528104
3489,2,947,HOH,H1,H,1.007947,0.4242243450515,1.0,0.0
3490,2,947,HOH,H2,H,1.007947,0.4242243450515,1.0,0.0
3491,2,948,HOH,O,O,15.99943,-0.848448690103,0.317796456355,0.652143528104
3492,2,948,HOH,H1,H,1.007947,0.4242243450515,1.0,0.0
3493,2,948,HOH,H2,H,1.007947,0.4242243450515,1.0,0.0
3494,2,949,HOH,O,O,15.99943,-0.848448690103,0.317796456355,0.652143528104
3495,2,949,HOH,H1,H,1.007947,0.4242243450515,1.0,0.0
3496,2,949,HOH,H2,H,1.007947,0.4242243450515,1.0,0.0
3497,2,950,HOH,O,O,15.99943,-0.848448690103,0.317796456355,0.652143528104
3498,2,950,HOH,H1,H,1.007947,0.4242243450515,1.0,0.0
3499,2,950,HOH,H2,H,1.007947,0.4242243450515,1.0,0.0
3500,2,951,HOH,O,O,15.99943,-0.848448690103,0.317796456355,0.652143528104
3501,2,951,HOH,H1,H,1.007947,0.4242243450515,1.0,0.0
3502,2,951,HOH,H2,H,1.007947,0.4242243450515,1.0,0.0
3503,2,952,HOH,O,O,15.99943,-0.848448690103,0.317796456355,0.652143528104
3504,2,952,HOH,H1,H,1.007947,0.4242243450515,1.0,0.0
3505,2,952,HOH,H2,H,1.007947,0.4242243450515,1.0,0.0
3506,2,953,HOH,O,O,15.99943,-0.848448690103,0.317796456355,0.652143528104
3507,2,953,HOH,H1,H,1.007947,0.4242243450515,1.0,0.0
3508,2,953,HOH,H2,H,1.007947,0.4242243450515,1.0,0.0
3509,2,954,HOH,O,O,15.99943,-0.848448690103,0.317796456355,0.652143528104
3510,2,954,HOH,H1,H,1.007947,0.4242243450515,1.0,0.0
3511,2,954,HOH,H2,H,1.007947,0.4242243450515,1.0,0.0
3512,2,955,HOH,O,O,15.99943,-0.848448690103,0.317796456355,0.652143528104
3513,2,955,HOH,H1,H,1.007947,0.4242243450515,1.0,0.0
3514,2,955,HOH,H2,H,1.007947,0.4242243450515,1.0,0.0
3515,2,956,HOH,O,O,15.99943,-0.848448690103,0.317796456355,0.652143528104
3516,2,956,HOH,H1,H,1.007947,0.4242243450515,1.0,0.0
3517,2,956,HOH,H2,H,1.007947,0.4242243450515,1.0,0.0
3518,2,957,HOH,O,O,15.99943,-0.848448690103,0.317796456355,0.652143528104
3519,2,957,HOH,H1,H,1.007947,0.4242243450515,1.0,0.0
3520,2,957,HOH,H2,H,1.007947,0.4242243450515,1.0,0.0
3521,2,958,HOH,O,O,15.99943,-0.848448690103,0.317796456355,0.652143528104
3522,2,958,HOH,H1,H,1.007947,0.4242243450515,1.0,0.0
3523,2,958,HOH,H2,H,1.007947,0.4242243450515,1.0,0.0
3524,2,959,HOH,O,O,15.99943,-0.848448690103,0.317796456355,0.652143528104
3525,2,959,HOH,H1,H,1.007947,0.4242243450515,1.0,0.0
3526,2,959,HOH,H2,H,1.007947,0.4242243450515,1.0,0.0
3527,2,960,HOH,O,O,15.99943,-0.848448690103,0.317796456355,0.652143528104
3528,2,960,HOH,H1,H,1.007947,0.4242243450515,1.0,0.0
3529,2,960,HOH,H2,H,1.007947,0.4242243450515,1.0,0.0
3530,2,961,HOH,O,O,15.99943,-0.848448690103,0.317796456355,0.652143528104
3531,2,961,HOH,H1,H,1.007947,0.4242243450515,1.0,0.0
3532,2,961,HOH,H2,H,1.007947,0.4242243450515,1.0,0.0
3533,2,962,HOH,O,O,15.99943,-0.848448690103,0.317796456355,0.652143528104
3534,2,962,HOH,H1,H,1.007947,0.4242243450515,1.0,0.0
3535,2,962,HOH,H2,H,1.007947,0.4242243450515,1.0,0.0
3536,2,963,HOH,O,O,15.99943,-0.848448690103,0.317796456355,0.652143528104
3537,2,963,HOH,H1,H,1.007947,0.4242243450515,1.0,0.0
3538,2,963,HOH,H2,H,1.007947,0.4242243450515,1.0,0.0
3539,2,964,HOH,O,O,15.99943,-0.848448690103,0.317796456355,0.652143528104
3540,2,964,HOH,H1,H,1.007947,0.4242243450515,1.0,0.0
3541,2,964,HOH,H2,H,1.007947,0.4242243450515,1.0,0.0
3542,2,965,HOH,O,O,15.99943,-0.848448690103,0.317796456355,0.652143528104
3543,2,965,HOH,H1,H,1.007947,0.4242243450515,1.0,0.0
3544,2,965,HOH,H2,H,1.007947,0.4242243450515,1.0,0.0
3545,2,966,HOH,O,O,15.99943,-0.848448690103,0.317796456355,0.652143528104
3546,2,966,HOH,H1,H,1.007947,0.4242243450515,1.0,0.0
3547,2,966,HOH,H2,H,1.007947,0.4242243450515,1.0,0.0
3548,2,967,HOH,O,O,15.99943,-0.848448690103,0.317796456355,0.652143528104
3549,2,967,HOH,H1,H,1.007947,0.4242243450515,1.0,0.0
3550,2,967,HOH,H2,H,1.007947,0.4242243450515,1.0,0.0
3551,2,968,HOH,O,O,15.99943,-0.848448690103,0.317796456355,0.652143528104
3552,2,968,HOH,H1,H,1.007947,0.4242243450515,1.0,0.0
3553,2,968,HOH,H2,H,1.007947,0.4242243450515,1.0,0.0
3554,2,969,HOH,O,O,15.99943,-0.848448690103,0.317796456355,0.652143528104
3555,2,969,HOH,H1,H,1.007947,0.4242243450515,1.0,0.0
3556,2,969,HOH,H2,H,1.007947,0.4242243450515,1.0,0.0
3557,2,970,HOH,O,O,15.99943,-0.848448690103,0.317796456355,0.652143528104
3558,2,970,HOH,H1,H,1.007947,0.4242243450515,1.0,0.0
3559,2,970,HOH,H2,H,1.007947,0.4242243450515,1.0,0.0
3560,2,971,HOH,O,O,15.99943,-0.848448690103,0.317796456355,0.652143528104
3561,2,971,HOH,H1,H,1.007947,0.4242243450515,1.0,0.0
3562,2,971,HOH,H2,H,1.007947,0.4242243450515,1.0,0.0
3563,2,972,HOH,O,O,15.99943,-0.848448690103,0.317796456355,0.652143528104
3564,2,972,HOH,H1,H,1.007947,0.4242243450515,1.0,0.0
3565,2,972,HOH,H2,H,1.007947,0.4242243450515,1.0,0.0
3566,2,973,HOH,O,O,15.99943,-0.848448690103,0.317796456355,0.652143528104
3567,2,973,HOH,H1,H,1.007947,0.4242243450515,1.0,0.0
3568,2,973,HOH,H2,H,1.007947,0.4242243450515,1.0,0.0
3569,2,974,HOH,O,O,15.99943,-0.848448690103,0.317796456355,0.652143528104
3570,2,974,HOH,H1,H,1.007947,0.4242243450515,1.0,0.0
3571,2,974,HOH,H2,H,1.007947,0.4242243450515,1.0,0.0
3572,2,975,HOH,O,O,15.99943,-0.848448690103,0.317796456355,0.652143528104
3573,2,975,HOH,H1,H,1.007947,0.4242243450515,1.0,0.0
3574,2,975,HOH,H2,H,1.007947,0.4242243450515,1.0,0.0
3575,2,976,HOH,O,O,15.99943,-0.848448690103,0.317796456355,0.652143528104
3576,2,976,HOH,H1,H,1.007947,0.4242243450515,1.0,0.0
3577,2,976,HOH,H2,H,1.007947,0.4242243450515,1.0,0.0
3578,2,977,HOH,O,O,15.99943,-0.848448690103,0.317796456355,0.652143528104
3579,2,977,HOH,H1,H,1.007947,0.4242243450515,1.0,0.0
3580,2,977,HOH,H2,H,1.007947,0.4242243450515,1.0,0.0
3581,2,978,HOH,O,O,15.99943,-0.848448690103,0.317796456355,0.652143528104
3582,2,978,HOH,H1,H,1.007947,0.4242243450515,1.0,0.0
3583,2,978,HOH,H2,H,1.007947,0.4242243450515,1.0,0.0
3584,2,979,HOH,O,O,15.99943,-0.848448690103,0.317796456355,0.652143528104
3585,2,979,HOH,H1,H,1.007947,0.4242243450515,1.0,0.0
3586,2,979,HOH,H2,H,1.007947,0.4242243450515,1.0,0.0
3587,2,980,HOH,O,O,15.99943,-0.848448690103,0.317796456355,0.652143528104
3588,2,980,HOH,H1,H,1.007947,0.4242243450515,1.0,0.0
3589,2,980,HOH,H2,H,1.007947,0.4242243450515,1.0,0.0
3590,2,981,HOH,O,O,15.99943,-0.848448690103,0.317796456355,0.652143528104
3591,2,981,HOH,H1,H,1.007947,0.4242243450515,1.0,0.0
3592,2,981,HOH,H2,H,1.007947,0.4242243450515,1.0,0.0
3593,2,982,HOH,O,O,15.99943,-0.848448690103,0.317796456355,0.652143528104
3594,2,982,HOH,H1,H,1.007947,0.4242243450515,1.0,0.0
3595,2,982,HOH,H2,H,1.007947,0.4242243450515,1.0,0.0
3596,2,983,HOH,O,O,15.99943,-0.848448690103,0.317796456355,0.652143528104
3597,2,983,HOH,H1,H,1.007947,0.4242243450515,1.0,0.0
3598,2,983,HOH,H2,H,1.007947,0.4242243450515,1.0,0.0
3599,2,984,HOH,O,O,15.99943,-0.848448690103,0.317796456355,0.652143528104
3600,2,984,HOH,H1,H,1.007947,0.4242243450515,1.0,0.0
3601,2,984,HOH,H2,H,1.007947,0.4242243450515,1.0,0.0
3602,2,985,HOH,O,O,15.99943,-0.848448690103,0.317796456355,0.652143528104
3603,2,985,HOH,H1,H,1.007947,0.4242243450515,1.0,0.0
3604,2,985,HOH,H2,H,1.007947,0.4242243450515,1.0,0.0
3605,2,986,HOH,O,O,15.99943,-0.848448690103,0.317796456355,0.652143528104
3606,2,986,HOH,H1,H,1.007947,0.4242243450515,1.0,0.0
3607,2,986,HOH,H2,H,1.007947,0.4242243450515,1.0,0.0
3608,2,987,HOH,O,O,15.99943,-0.848448690103,0.317796456355,0.652143528104
3609,2,987,HOH,H1,H,1.007947,0.4242243450515,1.0,0.0
3610,2,987,HOH,H2,H,1.007947,0.4242243450515,1.0,0.0
3611,2,988,HOH,O,O,15.99943,-0.848448690103,0.317796456355,0.652143528104
3612,2,988,HOH,H1,H,1.007947,0.4242243450515,1.0,0.0
3613,2,988,HOH,H2,H,1.007947,0.4242243450515,1.0,0.0
3614,2,989,HOH,O,O,15.99943,-0.848448690103,0.317796456355,0.652143528104
3615,2,989,HOH,H1,H,1.007947,0.4242243450515,1.0,0.0
3616,2,989,HOH,H2,H,1.007947,0.4242243450515,1.0,0.0
3617,2,990,HOH,O,O,15.99943,-0.848448690103,0.317796456355,0.652143528104
3618,2,990,HOH,H1,H,1.007947,0.4242243450515,1.0,0.0
3619,2,990,HOH,H2,H,1.007947,0.4242243450515,1.0,0.0
3620,2,991,HOH,O,O,15.99943,-0.848448690103,0.317796456355,0.652143528104
3621,2,991,HOH,H1,H,1.007947,0.4242243450515,1.0,0.0
3622,2,991,HOH,H2,H,1.007947,0.4242243450515,1.0,0.0
3623,2,992,HOH,O,O,15.99943,-0.848448690103,0.317796456355,0.652143528104
3624,2,992,HOH,H1,H,1.007947,0.4242243450515,1.0,0.0
3625,2,992,HOH,H2,H,1.007947,0.4242243450515,1.0,0.0
3626,2,993,HOH,O,O,15.99943,-0.848448690103,0.317796456355,0.652143528104
3627,2,993,HOH,H1,H,1.007947,0.4242243450515,1.0,0.0
3628,2,993,HOH,H2,H,1.007947,0.4242243450515,1.0,0.0
3629,2,994,HOH,O,O,15.99943,-0.848448690103,0.317796456355,0.652143528104
3630,2,994,HOH,H1,H,1.007947,0.4242243450515,1.0,0.0
3631,2,994,HOH,H2,H,1.007947,0.4242243450515,1.0,0.0
3632,2,995,HOH,O,O,15.99943,-0.848448690103,0.317796456355,0.652143528104
3633,2,995,HOH,H1,H,1.007947,0.4242243450515,1.0,0.0
3634,2,995,HOH,H2,H,1.007947,0.4242243450515,1.0,0.0
3635,2,996,HOH,O,O,15.99943,-0.848448690103,0.317796456355,0.652143528104
3636,2,996,HOH,H1,H,1.007947,0.4242243450515,1.0,0.0
3637,2,996,HOH,H2,H,1.007947,0.4242243450515,1.0,0.0
3638,2,997,HOH,O,O,15.99943,-0.848448690103,0.317796456355,0.652143528104
3639,2,997,HOH,H1,H,1.007947,0.4242243450515,1.0,0.0
3640,2,997,HOH,H2,H,1.007947,0.4242243450515,1.0,0.0
3641,2,998,HOH,O,O,15.99943,-0.848448690103,0.317796456355,0.652143528104
3642,2,998,HOH,H1,H,1.007947,0.4242243450515,1.0,0.0
3643,2,998,HOH,H2,H,1.007947,0.4242243450515,1.0,0.0
3644,2,999,HOH,O,O,15.99943,-0.848448690103,0.317796456355,0.652143528104
3645,2,999,HOH,H1,H,1.007947,0.4242243450515,1.0,0.0
3646,2,999,HOH,H2,H,1.007947,0.4242243450515,1.0,0.0
3647,2,1000,HOH,O,O,15.99943,-0.848448690103,0.317796456355,0.652143528104
3648,2,1000,HOH,H1,H,1.007947,0.4242243450515,1.0,0.0
3649,2,1000,HOH,H2,H,1.007947,0.4242243450515,1.0,0.0
3650,2,1001,HOH,O,O,15.99943,-0.848448690103,0.317796456355,0.652143528104
3651,2,1001,HOH,H1,H,1.007947,0.4242243450515,1.0,0.0
3652,2,1001,HOH,H2,H,1.007947,0.4242243450515,1.0,0.0
3653,2,1002,HOH,O,O,15.99943,-0.848448690103,0.317796456355,0.652143528104
3654,2,1002,HOH,H1,H,1.007947,0.4242243450515,1.0,0.0
3655,2,1002,HOH,H2,H,1.007947,0.4242243450515,1.0,0.0
3656,2,1003,HOH,O,O,15.99943,-0.848448690103,0.317796456355,0.652143528104
3657,2,1003,HOH,H1,H,1.007947,0.4242243450515,1.0,0.0
3658,2,1003,HOH,H2,H,1.007947,0.4242243450515,1.0,0.0
3659,2,1004,HOH,O,O,15.99943,-0.848448690103,0.317796456355,0.652143528104
3660,2,1004,HOH,H1,H,1.007947,0.4242243450515,1.0,0.0
3661,2,1004,HOH,H2,H,1.007947,0.4242243450515,1.0,0.0
3662,2,1005,HOH,O,O,15.99943,-0.848448690103,0.317796456355,0.652143528104
3663,2,1005,HOH,H1,H,1.007947,0.4242243450515,1.0,0.0
3664,2,1005,HOH,H2,H,1.007947,0.4242243450515,1.0,0.0
3665,2,1006,HOH,O,O,15.99943,-0.848448690103,0.317796456355,0.652143528104
3666,2,1006,HOH,H1,H,1.007947,0.4242243450515,1.0,0.0
3667,2,1006,HOH,H2,H,1.007947,0.4242243450515,1.0,0.0
3668,2,1007,HOH,O,O,15.99943,-0.848448690103,0.317796456355,0.652143528104
3669,2,1007,HOH,H1,H,1.007947,0.4242243450515,1.0,0.0
3670,2,1007,HOH,H2,H,1.007947,0.4242243450515,1.0,0.0
3671,2,1008,HOH,O,O,15.99943,-0.848448690103,0.317796456355,0.652143528104
3672,2,1008,HOH,H1,H,1.007947,0.4242243450515,1.0,0.0
3673,2,1008,HOH,H2,H,1.007947,0.4242243450515,1.0,0.0
3674,2,1009,HOH,O,O,15.99943,-0.848448690103,0.317796456355,0.652143528104
3675,2,1009,HOH,H1,H,1.007947,0.4242243450515,1.0,0.0
3676,2,1009,HOH,H2,H,1.007947,0.4242243450515,1.0,0.0
3677,2,1010,HOH,O,O,15.99943,-0.848448690103,0.317796456355,0.652143528104
3678,2,1010,HOH,H1,H,1.007947,0.4242243450515,1.0,0.0
3679,2,1010,HOH,H2,H,1.007947,0.4242243450515,1.0,0.0
3680,2,1011,HOH,O,O,15.99943,-0.848448690103,0.317796456355,0.652143528104
3681,2,1011,HOH,H1,H,1.007947,0.4242243450515,1.0,0.0
3682,2,1011,HOH,H2,H,1.007947,0.4242243450515,1.0,0.0
3683,2,1012,HOH,O,O,15.99943,-0.848448690103,0.317796456355,0.652143528104
3684,2,1012,HOH,H1,H,1.007947,0.4242243450515,1.0,0.0
3685,2,1012,HOH,H2,H,1.007947,0.4242243450515,1.0,0.0
3686,2,1013,HOH,O,O,15.99943,-0.848448690103,0.317796456355,0.652143528104
3687,2,1013,HOH,H1,H,1.007947,0.4242243450515,1.0,0.0
3688,2,1013,HOH,H2,H,1.007947,0.4242243450515,1.0,0.0
3689,2,1014,HOH,O,O,15.99943,-0.848448690103,0.317796456355,0.652143528104
3690,2,1014,HOH,H1,H,1.007947,0.4242243450515,1.0,0.0
3691,2,1014,HOH,H2,H,1.007947,0.4242243450515,1.0,0.0
3692,2,1015,HOH,O,O,15.99943,-0.848448690103,0.317796456355,0.652143528104
3693,2,1015,HOH,H1,H,1.007947,0.4242243450515,1.0,0.0
3694,2,1015,HOH,H2,H,1.007947,0.4242243450515,1.0,0.0
3695,2,1016,HOH,O,O,15.99943,-0.848448690103,0.317796456355,0.652143528104
3696,2,1016,HOH,H1,H,1.007947,0.4242243450515,1.0,0.0
3697,2,1016,HOH,H2,H,1.007947,0.4242243450515,1.0,0.0
3698,2,1017,HOH,O,O,15.99943,-0.848448690103,0.317796456355,0.652143528104
3699,2,1017,HOH,H1,H,1.007947,0.4242243450515,1.0,0.0
3700,2,1017,HOH,H2,H,1.007947,0.4242243450515,1.0,0.0
3701,2,1018,HOH,O,O,15.99943,-0.848448690103,0.317796456355,0.652143528104
3702,2,1018,HOH,H1,H,1.007947,0.4242243450515,1.0,0.0
3703,2,1018,HOH,H2,H,1.007947,0.4242243450515,1.0,0.0
3704,2,1019,HOH,O,O,15.99943,-0.848448690103,0.317796456355,0.652143528104
3705,2,1019,HOH,H1,H,1.007947,0.4242243450515,1.0,0.0
3706,2,1019,HOH,H2,H,1.007947,0.4242243450515,1.0,0.0
3707,2,1020,HOH,O,O,15.99943,-0.848448690103,0.317796456355,0.652143528104
3708,2,1020,HOH,H1,H,1.007947,0.4242243450515,1.0,0.0
3709,2,1020,HOH,H2,H,1.007947,0.4242243450515,1.0,0.0
3710,2,1021,HOH,O,O,15.99943,-0.848448690103,0.317796456355,0.652143528104
3711,2,1021,HOH,H1,H,1.007947,0.4242243450515,1.0,0.0
3712,2,1021,HOH,H2,H,1.007947,0.4242243450515,1.0,0.0
3713,2,1022,HOH,O,O,15.99943,-0.848448690103,0.317796456355,0.652143528104
3714,2,1022,HOH,H1,H,1.007947,0.4242243450515,1.0,0.0
3715,2,1022,HOH,H2,H,1.007947,0.4242243450515,1.0,0.0
3716,2,1023,HOH,O,O,15.99943,-0.848448690103,0.317796456355,0.652143528104
3717,2,1023,HOH,H1,H,1.007947,0.4242243450515,1.0,0.0
3718,2,1023,HOH,H2,H,1.007947,0.4242243450515,1.0,0.0
3719,2,1024,HOH,O,O,15.99943,-0.848448690103,0.317796456355,0.652143528104
3720,2,1024,HOH,H1,H,1.007947,0.4242243450515,1.0,0.0
3721,2,1024,HOH,H2,H,1.007947,0.4242243450515,1.0,0.0
3722,2,1025,HOH,O,O,15.99943,-0.848448690103,0.317796456355,0.652143528104
3723,2,1025,HOH,H1,H,1.007947,0.4242243450515,1.0,0.0
3724,2,1025,HOH,H2,H,1.007947,0.4242243450515,1.0,0.0
3725,2,1026,HOH,O,O,15.99943,-0.848448690103,0.317796456355,0.652143528104
3726,2,1026,HOH,H1,H,1.007947,0.4242243450515,1.0,0.0
3727,2,1026,HOH,H2,H,1.007947,0.4242243450515,1.0,0.0
3728,2,1027,HOH,O,O,15.99943,-0.848448690103,0.317796456355,0.652143528104
3729,2,1027,HOH,H1,H,1.007947,0.4242243450515,1.0,0.0
3730,2,1027,HOH,H2,H,1.007947,0.4242243450515,1.0,0.0
3731,2,1028,HOH,O,O,15.99943,-0.848448690103,0.317796456355,0.652143528104
3732,2,1028,HOH,H1,H,1.007947,0.4242243450515,1.0,0.0
3733,2,1028,HOH,H2,H,1.007947,0.4242243450515,1.0,0.0
3734,2,1029,HOH,O,O,15.99943,-0.848448690103,0.317796456355,0.652143528104
3735,2,1029,HOH,H1,H,1.007947,0.4242243450515,1.0,0.0
3736,2,1029,HOH,H2,H,1.007947,0.4242243450515,1.0,0.0
3737,2,1030,HOH,O,O,15.99943,-0.848448690103,0.317796456355,0.652143528104
3738,2,1030,HOH,H1,H,1.007947,0.4242243450515,1.0,0.0
3739,2,1030,HOH,H2,H,1.007947,0.4242243450515,1.0,0.0
3740,2,1031,HOH,O,O,15.99943,-0.848448690103,0.317796456355,0.652143528104
3741,2,1031,HOH,H1,H,1.007947,0.4242243450515,1.0,0.0
3742,2,1031,HOH,H2,H,1.007947,0.4242243450515,1.0,0.0
3743,2,1032,HOH,O,O,15.99943,-0.848448690103,0.317796456355,0.652143528104
3744,2,1032,HOH,H1,H,1.007947,0.4242243450515,1.0,0.0
3745,2,1032,HOH,H2,H,1.007947,0.4242243450515,1.0,0.0
3746,2,1033,HOH,O,O,15.99943,-0.848448690103,0.317796456355,0.652143528104
3747,2,1033,HOH,H1,H,1.007947,0.4242243450515,1.0,0.0
3748,2,1033,HOH,H2,H,1.007947,0.4242243450515,1.0,0.0
3749,2,1034,HOH,O,O,15.99943,-0.848448690103,0.317796456355,0.652143528104
3750,2,1034,HOH,H1,H,1.007947,0.4242243450515,1.0,0.0
3751,2,1034,HOH,H2,H,1.007947,0.4242243450515,1.0,0.0
3752,2,1035,HOH,O,O,15.99943,-0.848448690103,0.317796456355,0.652143528104
3753,2,1035,HOH,H1,H,1.007947,0.4242243450515,1.0,0.0
3754,2,1035,HOH,H2,H,1.007947,0.4242243450515,1.0,0.0
3755,2,1036,HOH,O,O,15.99943,-0.848448690103,0.317796456355,0.652143528104
3756,2,1036,HOH,H1,H,1.007947,0.4242243450515,1.0,0.0
3757,2,1036,HOH,H2,H,1.007947,0.4242243450515,1.0,0.0
3758,2,1037,HOH,O,O,15.99943,-0.848448690103,0.317796456355,0.652143528104
3759,2,1037,HOH,H1,H,1.007947,0.4242243450515,1.0,0.0
3760,2,1037,HOH,H2,H,1.007947,0.4242243450515,1.0,0.0
3761,2,1038,HOH,O,O,15.99943,-0.848448690103,0.317796456355,0.652143528104
3762,2,1038,HOH,H1,H,1.007947,0.4242243450515,1.0,0.0
3763,2,1038,HOH,H2,H,1.007947,0.4242243450515,1.0,0.0
3764,2,1039,HOH,O,O,15.99943,-0.848448690103,0.317796456355,0.652143528104
3765,2,1039,HOH,H1,H,1.007947,0.4242243450515,1.0,0.0
3766,2,1039,HOH,H2,H,1.007947,0.4242243450515,1.0,0.0
3767,2,1040,HOH,O,O,15.99943,-0.848448690103,0.317796456355,0.652143528104
3768,2,1040,HOH,H1,H,1.007947,0.4242243450515,1.0,0.0
3769,2,1040,HOH,H2,H,1.007947,0.4242243450515,1.0,0.0
3770,2,1041,HOH,O,O,15.99943,-0.848448690103,0.317796456355,0.652143528104
3771,2,1041,HOH,H1,H,1.007947,0.4242243450515,1.0,0.0
3772,2,1041,HOH,H2,H,1.007947,0.4242243450515,1.0,0.0
3773,2,1042,HOH,O,O,15.99943,-0.848448690103,0.317796456355,0.652143528104
3774,2,1042,HOH,H1,H,1.007947,0.4242243450515,1.0,0.0
3775,2,1042,HOH,H2,H,1.007947,0.4242243450515,1.0,0.0
3776,2,1043,HOH,O,O,15.99943,-0.848448690103,0.317796456355,0.652143528104
3777,2,1043,HOH,H1,H,1.007947,0.4242243450515,1.0,0.0
3778,2,1043,HOH,H2,H,1.007947,0.4242243450515,1.0,0.0
3779,2,1044,HOH,O,O,15.99943,-0.848448690103,0.317796456355,0.652143528104
3780,2,1044,HOH,H1,H,1.007947,0.4242243450515,1.0,0.0
3781,2,1044,HOH,H2,H,1.007947,0.4242243450515,1.0,0.0
3782,2,1045,HOH,O,O,15.99943,-0.848448690103,0.317796456355,0.652143528104
3783,2,1045,HOH,H1,H,1.007947,0.4242243450515,1.0,0.0
3784,2,1045,HOH,H2,H,1.007947,0.4242243450515,1.0,0.0
3785,2,1046,HOH,O,O,15.99943,-0.848448690103,0.317796456355,0.652143528104
3786,2,1046,HOH,H1,H,1.007947,0.4242243450515,1.0,0.0
3787,2,1046,HOH,H2,H,1.007947,0.4242243450515,1.0,0.0
3788,2,1047,HOH,O,O,15.99943,-0.848448690103,0.317796456355,0.652143528104
3789,2,1047,HOH,H1,H,1.007947,0.4242243450515,1.0,0.0
3790,2,1047,HOH,H2,H,1.007947,0.4242243450515,1.0,0.0
3791,2,1048,HOH,O,O,15.99943,-0.848448690103,0.317796456355,0.652143528104
3792,2,1048,HOH,H1,H,1.007947,0.4242243450515,1.0,0.0
3793,2,1048,HOH,H2,H,1.007947,0.4242243450515,1.0,0.0
3794,2,1049,HOH,O,O,15.99943,-0.848448690103,0.317796456355,0.652143528104
3795,2,1049,HOH,H1,H,1.007947,0.4242243450515,1.0,0.0
3796,2,1049,HOH,H2,H,1.007947,0.4242243450515,1.0,0.0
3797,2,1050,HOH,O,O,15.99943,-0.848448690103,0.317796456355,0.652143528104
3798,2,1050,HOH,H1,H,1.007947,0.4242243450515,1.0,0.0
3799,2,1050,HOH,H2,H,1.007947,0.4242243450515,1.0,0.0
3800,2,1051,HOH,O,O,15.99943,-0.848448690103,0.317796456355,0.652143528104
3801,2,1051,HOH,H1,H,1.007947,0.4242243450515,1.0,0.0
3802,2,1051,HOH,H2,H,1.007947,0.4242243450515,1.0,0.0
3803,2,1052,HOH,O,O,15.99943,-0.848448690103,0.317796456355,0.652143528104
3804,2,1052,HOH,H1,H,1.007947,0.4242243450515,1.0,0.0
3805,2,1052,HOH,H2,H,1.007947,0.4242243450515,1.0,0.0
3806,2,1053,HOH,O,O,15.99943,-0.848448690103,0.317796456355,0.652143528104
3807,2,1053,HOH,H1,H,1.007947,0.4242243450515,1.0,0.0
3808,2,1053,HOH,H2,H,1.007947,0.4242243450515,1.0,0.0
3809,2,1054,HOH,O,O,15.99943,-0.848448690103,0.317796456355,0.652143528104
3810,2,1054,HOH,H1,H,1.007947,0.4242243450515,1.0,0.0
3811,2,1054,HOH,H2,H,1.007947,0.4242243450515,1.0,0.0
3812,2,1055,HOH,O,O,15.99943,-0.848448690103,0.317796456355,0.652143528104
3813,2,1055,HOH,H1,H,1.007947,0.4242243450515,1.0,0.0
3814,2,1055,HOH,H2,H,1.007947,0.4242243450515,1.0,0.0
3815,2,1056,HOH,O,O,15.99943,-0.848448690103,0.317796456355,0.652143528104
3816,2,1056,HOH,H1,H,1.007947,0.4242243450515,1.0,0.0
3817,2,1056,HOH,H2,H,1.007947,0.4242243450515,1.0,0.0
3818,2,1057,HOH,O,O,15.99943,-0.848448690103,0.317796456355,0.652143528104
3819,2,1057,HOH,H1,H,1.007947,0.4242243450515,1.0,0.0
3820,2,1057,HOH,H2,H,1.007947,0.4242243450515,1.0,0.0
3821,2,1058,HOH,O,O,15.99943,-0.848448690103,0.317796456355,0.652143528104
3822,2,1058,HOH,H1,H,1.007947,0.4242243450515,1.0,0.0
3823,2,1058,HOH,H2,H,1.007947,0.4242243450515,1.0,0.0
3824,2,1059,HOH,O,O,15.99943,-0.848448690103,0.317796456355,0.652143528104
3825,2,1059,HOH,H1,H,1.007947,0.4242243450515,1.0,0.0
3826,2,1059,HOH,H2,H,1.007947,0.4242243450515,1.0,0.0
3827,2,1060,HOH,O,O,15.99943,-0.848448690103,0.317796456355,0.652143528104
3828,2,1060,HOH,H1,H,1.007947,0.4242243450515,1.0,0.0
3829,2,1060,HOH,H2,H,1.007947,0.4242243450515,1.0,0.0
3830,2,1061,HOH,O,O,15.99943,-0.848448690103,0.317796456355,0.652143528104
3831,2,1061,HOH,H1,H,1.007947,0.4242243450515,1.0,0.0
3832,2,1061,HOH,H2,H,1.007947,0.4242243450515,1.0,0.0
3833,2,1062,HOH,O,O,15.99943,-0.848448690103,0.317796456355,0.652143528104
3834,2,1062,HOH,H1,H,1.007947,0.4242243450515,1.0,0.0
3835,2,1062,HOH,H2,H,1.007947,0.4242243450515,1.0,0.0
3836,2,1063,HOH,O,O,15.99943,-0.848448690103,0.317796456355,0.652143528104
3837,2,1063,HOH,H1,H,1.007947,0.4242243450515,1.0,0.0
3838,2,1063,HOH,H2,H,1.007947,0.4242243450515,1.0,0.0
3839,2,1064,HOH,O,O,15.99943,-0.848448690103,0.317796456355,0.652143528104
3840,2,1064,HOH,H1,H,1.007947,0.4242243450515,1.0,0.0
3841,2,1064,HOH,H2,H,1.007947,0.4242243450515,1.0,0.0
3842,2,1065,HOH,O,O,15.99943,-0.848448690103,0.317796456355,0.652143528104
3843,2,1065,HOH,H1,H,1.007947,0.4242243450515,1.0,0.0
3844,2,1065,HOH,H2,H,1.007947,0.4242243450515,1.0,0.0
3845,2,1066,HOH,O,O,15.99943,-0.848448690103,0.317796456355,0.652143528104
3846,2,1066,HOH,H1,H,1.007947,0.4242243450515,1.0,0.0
3847,2,1066,HOH,H2,H,1.007947,0.4242243450515,1.0,0.0
3848,2,1067,HOH,O,O,15.99943,-0.848448690103,0.317796456355,0.652143528104
3849,2,1067,HOH,H1,H,1.007947,0.4242243450515,1.0,0.0
3850,2,1067,HOH,H2,H,1.007947,0.4242243450515,1.0,0.0
3851,2,1068,HOH,O,O,15.99943,-0.848448690103,0.317796456355,0.652143528104
3852,2,1068,HOH,H1,H,1.007947,0.4242243450515,1.0,0.0
3853,2,1068,HOH,H2,H,1.007947,0.4242243450515,1.0,0.0
3854,2,1069,HOH,O,O,15.99943,-0.848448690103,0.317796456355,0.652143528104
3855,2,1069,HOH,H1,H,1.007947,0.4242243450515,1.0,0.0
3856,2,1069,HOH,H2,H,1.007947,0.4242243450515,1.0,0.0
3857,2,1070,HOH,O,O,15.99943,-0.848448690103,0.317796456355,0.652143528104
3858,2,1070,HOH,H1,H,1.007947,0.4242243450515,1.0,0.0
3859,2,1070,HOH,H2,H,1.007947,0.4242243450515,1.0,0.0
3860,2,1071,HOH,O,O,15.99943,-0.848448690103,0.317796456355,0.652143528104
3861,2,1071,HOH,H1,H,1.007947,0.4242243450515,1.0,0.0
3862,2,1071,HOH,H2,H,1.007947,0.4242243450515,1.0,0.0
3863,2,1072,HOH,O,O,15.99943,-0.848448690103,0.317796456355,0.652143528104
3864,2,1072,HOH,H1,H,1.007947,0.4242243450515,1.0,0.0
3865,2,1072,HOH,H2,H,1.007947,0.4242243450515,1.0,0.0
3866,2,1073,HOH,O,O,15.99943,-0.848448690103,0.317796456355,0.652143528104
3867,2,1073,HOH,H1,H,1.007947,0.4242243450515,1.0,0.0
3868,2,1073,HOH,H2,H,1.007947,0.4242243450515,1.0,0.0
3869,2,1074,HOH,O,O,15.99943,-0.848448690103,0.317796456355,0.652143528104
3870,2,1074,HOH,H1,H,1.007947,0.4242243450515,1.0,0.0
3871,2,1074,HOH,H2,H,1.007947,0.4242243450515,1.0,0.0
3872,2,1075,HOH,O,O,15.99943,-0.848448690103,0.317796456355,0.652143528104
3873,2,1075,HOH,H1,H,1.007947,0.4242243450515,1.0,0.0
3874,2,1075,HOH,H2,H,1.007947,0.4242243450515,1.0,0.0
3875,2,1076,HOH,O,O,15.99943,-0.848448690103,0.317796456355,0.652143528104
3876,2,1076,HOH,H1,H,1.007947,0.4242243450515,1.0,0.0
3877,2,1076,HOH,H2,H,1.007947,0.4242243450515,1.0,0.0
3878,2,1077,HOH,O,O,15.99943,-0.848448690103,0.317796456355,0.652143528104
3879,2,1077,HOH,H1,H,1.007947,0.4242243450515,1.0,0.0
3880,2,1077,HOH,H2,H,1.007947,0.4242243450515,1.0,0.0
3881,2,1078,HOH,O,O,15.99943,-0.848448690103,0.317796456355,0.652143528104
3882,2,1078,HOH,H1,H,1.007947,0.4242243450515,1.0,0.0
3883,2,1078,HOH,H2,H,1.007947,0.4242243450515,1.0,0.0
3884,2,1079,HOH,O,O,15.99943,-0.848448690103,0.317796456355,0.652143528104
3885,2,1079,HOH,H1,H,1.007947,0.4242243450515,1.0,0.0
3886,2,1079,HOH,H2,H,1.007947,0.4242243450515,1.0,0.0
3887,2,1081,HOH,O,O,15.99943,-0.848448690103,0.317796456355,0.652143528104
3888,2,1081,HOH,H1,H,1.007947,0.4242243450515,1.0,0.0
3889,2,1081,HOH,H2,H,1.007947,0.4242243450515,1.0,0.0
3890,2,1082,HOH,O,O,15.99943,-0.848448690103,0.317796456355,0.652143528104
3891,2,1082,HOH,H1,H,1.007947,0.4242243450515,1.0,0.0
3892,2,1082,HOH,H2,H,1.007947,0.4242243450515,1.0,0.0
3893,2,1083,HOH,O,O,15.99943,-0.848448690103,0.317796456355,0.652143528104
3894,2,1083,HOH,H1,H,1.007947,0.4242243450515,1.0,0.0
3895,2,1083,HOH,H2,H,1.007947,0.4242243450515,1.0,0.0
3896,2,1084,HOH,O,O,15.99943,-0.848448690103,0.317796456355,0.652143528104
3897,2,1084,HOH,H1,H,1.007947,0.4242243450515,1.0,0.0
3898,2,1084,HOH,H2,H,1.007947,0.4242243450515,1.0,0.0
3899,2,1085,HOH,O,O,15.99943,-0.848448690103,0.317796456355,0.652143528104
3900,2,1085,HOH,H1,H,1.007947,0.4242243450515,1.0,0.0
3901,2,1085,HOH,H2,H,1.007947,0.4242243450515,1.0,0.0
3902,2,1086,HOH,O,O,15.99943,-0.848448690103,0.317796456355,0.652143528104
3903,2,1086,HOH,H1,H,1.007947,0.4242243450515,1.0,0.0
3904,2,1086,HOH,H2,H,1.007947,0.4242243450515,1.0,0.0
3905,2,1087,HOH,O,O,15.99943,-0.848448690103,0.317796456355,0.652143528104
3906,2,1087,HOH,H1,H,1.007947,0.4242243450515,1.0,0.0
3907,2,1087,HOH,H2,H,1.007947,0.4242243450515,1.0,0.0
3908,2,1088,HOH,O,O,15.99943,-0.848448690103,0.317796456355,0.652143528104
3909,2,1088,HOH,H1,H,1.007947,0.4242243450515,1.0,0.0
3910,2,1088,HOH,H2,H,1.007947,0.4242243450515,1.0,0.0
3911,2,1089,HOH,O,O,15.99943,-0.848448690103,0.317796456355,0.652143528104
3912,2,1089,HOH,H1,H,1.007947,0.4242243450515,1.0,0.0
3913,2,1089,HOH,H2,H,1.007947,0.4242243450515,1.0,0.0
3914,2,1090,HOH,O,O,15.99943,-0.848448690103,0.317796456355,0.652143528104
3915,2,1090,HOH,H1,H,1.007947,0.4242243450515,1.0,0.0
3916,2,1090,HOH,H2,H,1.007947,0.4242243450515,1.0,0.0
3917,2,1091,HOH,O,O,15.99943,-0.848448690103,0.317796456355,0.652143528104
3918,2,1091,HOH,H1,H,1.007947,0.4242243450515,1.0,0.0
3919,2,1091,HOH,H2,H,1.007947,0.4242243450515,1.0,0.0
3920,2,1092,HOH,O,O,15.99943,-0.848448690103,0.317796456355,0.652143528104
3921,2,1092,HOH,H1,H,1.007947,0.4242243450515,1.0,0.0
3922,2,1092,HOH,H2,H,1.007947,0.4242243450515,1.0,0.0
3923,2,1093,HOH,O,O,15.99943,-0.848448690103,0.317796456355,0.652143528104
3924,2,1093,HOH,H1,H,1.007947,0.4242243450515,1.0,0.0
3925,2,1093,HOH,H2,H,1.007947,0.4242243450515,1.0,0.0
3926,2,1094,HOH,O,O,15.99943,-0.848448690103,0.317796456355,0.652143528104
3927,2,1094,HOH,H1,H,1.007947,0.4242243450515,1.0,0.0
3928,2,1094,HOH,H2,H,1.007947,0.4242243450515,1.0,0.0
3929,2,1095,HOH,O,O,15.99943,-0.848448690103,0.317796456355,0.652143528104
3930,2,1095,HOH,H1,H,1.007947,0.4242243450515,1.0,0.0
3931,2,1095,HOH,H2,H,1.007947,0.4242243450515,1.0,0.0
3932,2,1096,HOH,O,O,15.99943,-0.848448690103,0.317796456355,0.652143528104
3933,2,1096,HOH,H1,H,1.007947,0.4242243450515,1.0,0.0
3934,2,1096,HOH,H2,H,1.007947,0.4242243450515,1.0,0.0
3935,2,1097,HOH,O,O,15.99943,-0.848448690103,0.317796456355,0.652143528104
3936,2,1097,HOH,H1,H,1.007947,0.4242243450515,1.0,0.0
3937,2,1097,HOH,H2,H,1.007947,0.4242243450515,1.0,0.0
3938,2,1098,HOH,O,O,15.99943,-0.848448690103,0.317796456355,0.652143528104
3939,2,1098,HOH,H1,H,1.007947,0.4242243450515,1.0,0.0
3940,2,1098,HOH,H2,H,1.007947,0.4242243450515,1.0,0.0
3941,2,1099,HOH,O,O,15.99943,-0.848448690103,0.317796456355,0.652143528104
3942,2,1099,HOH,H1,H,1.007947,0.4242243450515,1.0,0.0
3943,2,1099,HOH,H2,H,1.007947,0.4242243450515,1.0,0.0
3944,2,1100,HOH,O,O,15.99943,-0.848448690103,0.317796456355,0.652143528104
3945,2,1100,HOH,H1,H,1.007947,0.4242243450515,1.0,0.0
3946,2,1100,HOH,H2,H,1.007947,0.4242243450515,1.0,0.0
3947,2,1101,HOH,O,O,15.99943,-0.848448690103,0.317796456355,0.652143528104
3948,2,1101,HOH,H1,H,1.007947,0.4242243450515,1.0,0.0
3949,2,1101,HOH,H2,H,1.007947,0.4242243450515,1.0,0.0
3950,2,1102,HOH,O,O,15.99943,-0.848448690103,0.317796456355,0.652143528104
3951,2,1102,HOH,H1,H,1.007947,0.4242243450515,1.0,0.0
3952,2,1102,HOH,H2,H,1.007947,0.4242243450515,1.0,0.0
3953,2,1103,HOH,O,O,15.99943,-0.848448690103,0.317796456355,0.652143528104
3954,2,1103,HOH,H1,H,1.007947,0.4242243450515,1.0,0.0
3955,2,1103,HOH,H2,H,1.007947,0.4242243450515,1.0,0.0
3956,2,1104,HOH,O,O,15.99943,-0.848448690103,0.317796456355,0.652143528104
3957,2,1104,HOH,H1,H,1.007947,0.4242243450515,1.0,0.0
3958,2,1104,HOH,H2,H,1.007947,0.4242243450515,1.0,0.0
3959,2,1105,HOH,O,O,15.99943,-0.848448690103,0.317796456355,0.652143528104
3960,2,1105,HOH,H1,H,1.007947,0.4242243450515,1.0,0.0
3961,2,1105,HOH,H2,H,1.007947,0.4242243450515,1.0,0.0
3962,2,1106,HOH,O,O,15.99943,-0.848448690103,0.317796456355,0.652143528104
3963,2,1106,HOH,H1,H,1.007947,0.4242243450515,1.0,0.0
3964,2,1106,HOH,H2,H,1.007947,0.4242243450515,1.0,0.0
3965,2,1107,HOH,O,O,15.99943,-0.848448690103,0.317796456355,0.652143528104
3966,2,1107,HOH,H1,H,1.007947,0.4242243450515,1.0,0.0
3967,2,1107,HOH,H2,H,1.007947,0.4242243450515,1.0,0.0
3968,2,1108,HOH,O,O,15.99943,-0.848448690103,0.317796456355,0.652143528104
3969,2,1108,HOH,H1,H,1.007947,0.4242243450515,1.0,0.0
3970,2,1108,HOH,H2,H,1.007947,0.4242243450515,1.0,0.0
3971,2,1109,HOH,O,O,15.99943,-0.848448690103,0.317796456355,0.652143528104
3972,2,1109,HOH,H1,H,1.007947,0.4242243450515,1.0,0.0
3973,2,1109,HOH,H2,H,1.007947,0.4242243450515,1.0,0.0
3974,2,1110,HOH,O,O,15.99943,-0.848448690103,0.317796456355,0.652143528104
3975,2,1110,HOH,H1,H,1.007947,0.4242243450515,1.0,0.0
3976,2,1110,HOH,H2,H,1.007947,0.4242243450515,1.0,0.0
3977,2,1111,HOH,O,O,15.99943,-0.848448690103,0.317796456355,0.652143528104
3978,2,1111,HOH,H1,H,1.007947,0.4242243450515,1.0,0.0
3979,2,1111,HOH,H2,H,1.007947,0.4242243450515,1.0,0.0
3980,2,1112,HOH,O,O,15.99943,-0.848448690103,0.317796456355,0.652143528104
3981,2,1112,HOH,H1,H,1.007947,0.4242243450515,1.0,0.0
3982,2,1112,HOH,H2,H,1.007947,0.4242243450515,1.0,0.0
3983,2,1113,HOH,O,O,15.99943,-0.848448690103,0.317796456355,0.652143528104
3984,2,1113,HOH,H1,H,1.007947,0.4242243450515,1.0,0.0
3985,2,1113,HOH,H2,H,1.007947,0.4242243450515,1.0,0.0
3986,2,1114,HOH,O,O,15.99943,-0.848448690103,0.317796456355,0.652143528104
3987,2,1114,HOH,H1,H,1.007947,0.4242243450515,1.0,0.0
3988,2,1114,HOH,H2,H,1.007947,0.4242243450515,1.0,0.0
3989,2,1115,HOH,O,O,15.99943,-0.848448690103,0.317796456355,0.652143528104
3990,2,1115,HOH,H1,H,1.007947,0.4242243450515,1.0,0.0
3991,2,1115,HOH,H2,H,1.007947,0.4242243450515,1.0,0.0
3992,2,1116,HOH,O,O,15.99943,-0.848448690103,0.317796456355,0.652143528104
3993,2,1116,HOH,H1,H,1.007947,0.4242243450515,1.0,0.0
3994,2,1116,HOH,H2,H,1.007947,0.4242243450515,1.0,0.0
3995,2,1117,HOH,O,O,15.99943,-0.848448690103,0.317796456355,0.652143528104
3996,2,1117,HOH,H1,H,1.007947,0.4242243450515,1.0,0.0
3997,2,1117,HOH,H2,H,1.007947,0.4242243450515,1.0,0.0
3998,2,1118,HOH,O,O,15.99943,-0.848448690103,0.317796456355,0.652143528104
3999,2,1118,HOH,H1,H,1.007947,0.4242243450515,1.0,0.0
4000,2,1118,HOH,H2,H,1.007947,0.4242243450515,1.0,0.0
4001,2,1119,HOH,O,O,15.99943,-0.848448690103,0.317796456355,0.652143528104
4002,2,1119,HOH,H1,H,1.007947,0.4242243450515,1.0,0.0
4003,2,1119,HOH,H2,H,1.007947,0.4242243450515,1.0,0.0
4004,2,1120,HOH,O,O,15.99943,-0.848448690103,0.317796456355,0.652143528104
4005,2,1120,HOH,H1,H,1.007947,0.4242243450515,1.0,0.0
4006,2,1120,HOH,H2,H,1.007947,0.4242243450515,1.0,0.0
4007,2,1121,HOH,O,O,15.99943,-0.848448690103,0.317796456355,0.652143528104
4008,2,1121,HOH,H1,H,1.007947,0.4242243450515,1.0,0.0
4009,2,1121,HOH,H2,H,1.007947,0.4242243450515,1.0,0.0
4010,2,1122,HOH,O,O,15.99943,-0.848448690103,0.317796456355,0.652143528104
4011,2,1122,HOH,H1,H,1.007947,0.4242243450515,1.0,0.0
4012,2,1122,HOH,H2,H,1.007947,0.4242243450515,1.0,0.0
4013,2,1123,HOH,O,O,15.99943,-0.848448690103,0.317796456355,0.652143528104
4014,2,1123,HOH,H1,H,1.007947,0.4242243450515,1.0,0.0
4015,2,1123,HOH,H2,H,1.007947,0.4242243450515,1.0,0.0
4016,2,1124,HOH,O,O,15.99943,-0.848448690103,0.317796456355,0.652143528104
4017,2,1124,HOH,H1,H,1.007947,0.4242243450515,1.0,0.0
4018,2,1124,HOH,H2,H,1.007947,0.4242243450515,1.0,0.0
4019,2,1125,HOH,O,O,15.99943,-0.848448690103,0.317796456355,0.652143528104
4020,2,1125,HOH,H1,H,1.007947,0.4242243450515,1.0,0.0
4021,2,1125,HOH,H2,H,1.007947,0.4242243450515,1.0,0.0
4022,2,1126,HOH,O,O,15.99943,-0.848448690103,0.317796456355,0.652143528104
4023,2,1126,HOH,H1,H,1.007947,0.4242243450515,1.0,0.0
4024,2,1126,HOH,H2,H,1.007947,0.4242243450515,1.0,0.0
4025,2,1127,HOH,O,O,15.99943,-0.848448690103,0.317796456355,0.652143528104
4026,2,1127,HOH,H1,H,1.007947,0.4242243450515,1.0,0.0
4027,2,1127,HOH,H2,H,1.007947,0.4242243450515,1.0,0.0
4028,2,1128,HOH,O,O,15.99943,-0.848448690103,0.317796456355,0.652143528104
4029,2,1128,HOH,H1,H,1.007947,0.4242243450515,1.0,0.0
4030,2,1128,HOH,H2,H,1.007947,0.4242243450515,1.0,0.0
4031,2,1129,HOH,O,O,15.99943,-0.848448690103,0.317796456355,0.652143528104
4032,2,1129,HOH,H1,H,1.007947,0.4242243450515,1.0,0.0
4033,2,1129,HOH,H2,H,1.007947,0.4242243450515,1.0,0.0
4034,2,1130,HOH,O,O,15.99943,-0.848448690103,0.317796456355,0.652143528104
4035,2,1130,HOH,H1,H,1.007947,0.4242243450515,1.0,0.0
4036,2,1130,HOH,H2,H,1.007947,0.4242243450515,1.0,0.0
4037,2,1131,HOH,O,O,15.99943,-0.848448690103,0.317796456355,0.652143528104
4038,2,1131,HOH,H1,H,1.007947,0.4242243450515,1.0,0.0
4039,2,1131,HOH,H2,H,1.007947,0.4242243450515,1.0,0.0
4040,2,1132,HOH,O,O,15.99943,-0.848448690103,0.317796456355,0.652143528104
4041,2,1132,HOH,H1,H,1.007947,0.4242243450515,1.0,0.0
4042,2,1132,HOH,H2,H,1.007947,0.4242243450515,1.0,0.0
4043,2,1133,HOH,O,O,15.99943,-0.848448690103,0.317796456355,0.652143528104
4044,2,1133,HOH,H1,H,1.007947,0.4242243450515,1.0,0.0
4045,2,1133,HOH,H2,H,1.007947,0.4242243450515,1.0,0.0
4046,2,1134,HOH,O,O,15.99943,-0.848448690103,0.317796456355,0.652143528104
4047,2,1134,HOH,H1,H,1.007947,0.4242243450515,1.0,0.0
4048,2,1134,HOH,H2,H,1.007947,0.4242243450515,1.0,0.0
4049,2,1135,HOH,O,O,15.99943,-0.848448690103,0.317796456355,0.652143528104
4050,2,1135,HOH,H1,H,1.007947,0.4242243450515,1.0,0.0
4051,2,1135,HOH,H2,H,1.007947,0.4242243450515,1.0,0.0
4052,2,1136,HOH,O,O,15.99943,-0.848448690103,0.317796456355,0.652143528104
4053,2,1136,HOH,H1,H,1.007947,0.4242243450515,1.0,0.0
4054,2,1136,HOH,H2,H,1.007947,0.4242243450515,1.0,0.0
4055,2,1137,HOH,O,O,15.99943,-0.848448690103,0.317796456355,0.652143528104
4056,2,1137,HOH,H1,H,1.007947,0.4242243450515,1.0,0.0
4057,2,1137,HOH,H2,H,1.007947,0.4242243450515,1.0,0.0
4058,2,1138,HOH,O,O,15.99943,-0.848448690103,0.317796456355,0.652143528104
4059,2,1138,HOH,H1,H,1.007947,0.4242243450515,1.0,0.0
4060,2,1138,HOH,H2,H,1.007947,0.4242243450515,1.0,0.0
4061,2,1139,HOH,O,O,15.99943,-0.848448690103,0.317796456355,0.652143528104
4062,2,1139,HOH,H1,H,1.007947,0.4242243450515,1.0,0.0
4063,2,1139,HOH,H2,H,1.007947,0.4242243450515,1.0,0.0
4064,2,1140,HOH,O,O,15.99943,-0.848448690103,0.317796456355,0.652143528104
4065,2,1140,HOH,H1,H,1.007947,0.4242243450515,1.0,0.0
4066,2,1140,HOH,H2,H,1.007947,0.4242243450515,1.0,0.0
4067,2,1141,HOH,O,O,15.99943,-0.848448690103,0.317796456355,0.652143528104
4068,2,1141,HOH,H1,H,1.007947,0.4242243450515,1.0,0.0
4069,2,1141,HOH,H2,H,1.007947,0.4242243450515,1.0,0.0
4070,2,1142,HOH,O,O,15.99943,-0.848448690103,0.317796456355,0.652143528104
4071,2,1142,HOH,H1,H,1.007947,0.4242243450515,1.0,0.0
4072,2,1142,HOH,H2,H,1.007947,0.4242243450515,1.0,0.0
4073,2,1143,HOH,O,O,15.99943,-0.848448690103,0.317796456355,0.652143528104
4074,2,1143,HOH,H1,H,1.007947,0.4242243450515,1.0,0.0
4075,2,1143,HOH,H2,H,1.007947,0.4242243450515,1.0,0.0
4076,2,1144,HOH,O,O,15.99943,-0.848448690103,0.317796456355,0.652143528104
4077,2,1144,HOH,H1,H,1.007947,0.4242243450515,1.0,0.0
4078,2,1144,HOH,H2,H,1.007947,0.4242243450515,1.0,0.0
4079,2,1145,HOH,O,O,15.99943,-0.848448690103,0.317796456355,0.652143528104
4080,2,1145,HOH,H1,H,1.007947,0.4242243450515,1.0,0.0
4081,2,1145,HOH,H2,H,1.007947,0.4242243450515,1.0,0.0
4082,2,1146,HOH,O,O,15.99943,-0.848448690103,0.317796456355,0.652143528104
4083,2,1146,HOH,H1,H,1.007947,0.4242243450515,1.0,0.0
4084,2,1146,HOH,H2,H,1.007947,0.4242243450515,1.0,0.0
4085,2,1147,HOH,O,O,15.99943,-0.848448690103,0.317796456355,0.652143528104
4086,2,1147,HOH,H1,H,1.007947,0.4242243450515,1.0,0.0
4087,2,1147,HOH,H2,H,1.007947,0.4242243450515,1.0,0.0
4088,2,1148,HOH,O,O,15.99943,-0.848448690103,0.317796456355,0.652143528104
4089,2,1148,HOH,H1,H,1.007947,0.4242243450515,1.0,0.0
4090,2,1148,HOH,H2,H,1.007947,0.4242243450515,1.0,0.0
4091,2,1149,HOH,O,O,15.99943,-0.848448690103,0.317796456355,0.652143528104
4092,2,1149,HOH,H1,H,1.007947,0.4242243450515,1.0,0.0
4093,2,1149,HOH,H2,H,1.007947,0.4242243450515,1.0,0.0
4094,2,1150,HOH,O,O,15.99943,-0.848448690103,0.317796456355,0.652143528104
4095,2,1150,HOH,H1,H,1.007947,0.4242243450515,1.0,0.0
4096,2,1150,HOH,H2,H,1.007947,0.4242243450515,1.0,0.0
4097,2,1151,HOH,O,O,15.99943,-0.848448690103,0.317796456355,0.652143528104
4098,2,1151,HOH,H1,H,1.007947,0.4242243450515,1.0,0.0
4099,2,1151,HOH,H2,H,1.007947,0.4242243450515,1.0,0.0
4100,2,1152,HOH,O,O,15.99943,-0.848448690103,0.317796456355,0.652143528104
4101,2,1152,HOH,H1,H,1.007947,0.4242243450515,1.0,0.0
4102,2,1152,HOH,H2,H,1.007947,0.4242243450515,1.0,0.0
4103,2,1153,HOH,O,O,15.99943,-0.848448690103,0.317796456355,0.652143528104
4104,2,1153,HOH,H1,H,1.007947,0.4242243450515,1.0,0.0
4105,2,1153,HOH,H2,H,1.007947,0.4242243450515,1.0,0.0
4106,2,1154,HOH,O,O,15.99943,-0.848448690103,0.317796456355,0.652143528104
4107,2,1154,HOH,H1,H,1.007947,0.4242243450515,1.0,0.0
4108,2,1154,HOH,H2,H,1.007947,0.4242243450515,1.0,0.0
4109,2,1155,HOH,O,O,15.99943,-0.848448690103,0.317796456355,0.652143528104
4110,2,1155,HOH,H1,H,1.007947,0.4242243450515,1.0,0.0
4111,2,1155,HOH,H2,H,1.007947,0.4242243450515,1.0,0.0
4112,2,1156,HOH,O,O,15.99943,-0.848448690103,0.317796456355,0.652143528104
4113,2,1156,HOH,H1,H,1.007947,0.4242243450515,1.0,0.0
4114,2,1156,HOH,H2,H,1.007947,0.4242243450515,1.0,0.0
4115,2,1157,HOH,O,O,15.99943,-0.848448690103,0.317796456355,0.652143528104
4116,2,1157,HOH,H1,H,1.007947,0.4242243450515,1.0,0.0
4117,2,1157,HOH,H2,H,1.007947,0.4242243450515,1.0,0.0
4118,2,1158,HOH,O,O,15.99943,-0.848448690103,0.317796456355,0.652143528104
4119,2,1158,HOH,H1,H,1.007947,0.4242243450515,1.0,0.0
4120,2,1158,HOH,H2,H,1.007947,0.4242243450515,1.0,0.0
4121,2,1159,HOH,O,O,15.99943,-0.848448690103,0.317796456355,0.652143528104
4122,2,1159,HOH,H1,H,1.007947,0.4242243450515,1.0,0.0
4123,2,1159,HOH,H2,H,1.007947,0.4242243450515,1.0,0.0
4124,2,1160,HOH,O,O,15.99943,-0.848448690103,0.317796456355,0.652143528104
4125,2,1160,HOH,H1,H,1.007947,0.4242243450515,1.0,0.0
4126,2,1160,HOH,H2,H,1.007947,0.4242243450515,1.0,0.0
4127,2,1161,HOH,O,O,15.99943,-0.848448690103,0.317796456355,0.652143528104
4128,2,1161,HOH,H1,H,1.007947,0.4242243450515,1.0,0.0
4129,2,1161,HOH,H2,H,1.007947,0.4242243450515,1.0,0.0
4130,2,1162,HOH,O,O,15.99943,-0.848448690103,0.317796456355,0.652143528104
4131,2,1162,HOH,H1,H,1.007947,0.4242243450515,1.0,0.0
4132,2,1162,HOH,H2,H,1.007947,0.4242243450515,1.0,0.0
4133,2,1163,HOH,O,O,15.99943,-0.848448690103,0.317796456355,0.652143528104
4134,2,1163,HOH,H1,H,1.007947,0.4242243450515,1.0,0.0
4135,2,1163,HOH,H2,H,1.007947,0.4242243450515,1.0,0.0
4136,2,1164,HOH,O,O,15.99943,-0.848448690103,0.317796456355,0.652143528104
4137,2,1164,HOH,H1,H,1.007947,0.4242243450515,1.0,0.0
4138,2,1164,HOH,H2,H,1.007947,0.4242243450515,1.0,0.0
4139,2,1165,HOH,O,O,15.99943,-0.848448690103,0.317796456355,0.652143528104
4140,2,1165,HOH,H1,H,1.007947,0.4242243450515,1.0,0.0
4141,2,1165,HOH,H2,H,1.007947,0.4242243450515,1.0,0.0
4142,2,1166,HOH,O,O,15.99943,-0.848448690103,0.317796456355,0.652143528104
4143,2,1166,HOH,H1,H,1.007947,0.4242243450515,1.0,0.0
4144,2,1166,HOH,H2,H,1.007947,0.4242243450515,1.0,0.0
4145,2,1167,HOH,O,O,15.99943,-0.848448690103,0.317796456355,0.652143528104
4146,2,1167,HOH,H1,H,1.007947,0.4242243450515,1.0,0.0
4147,2,1167,HOH,H2,H,1.007947,0.4242243450515,1.0,0.0
4148,2,1168,HOH,O,O,15.99943,-0.848448690103,0.317796456355,0.652143528104
4149,2,1168,HOH,H1,H,1.007947,0.4242243450515,1.0,0.0
4150,2,1168,HOH,H2,H,1.007947,0.4242243450515,1.0,0.0
4151,2,1169,HOH,O,O,15.99943,-0.848448690103,0.317796456355,0.652143528104
4152,2,1169,HOH,H1,H,1.007947,0.4242243450515,1.0,0.0
4153,2,1169,HOH,H2,H,1.007947,0.4242243450515,1.0,0.0
4154,2,1170,HOH,O,O,15.99943,-0.848448690103,0.317796456355,0.652143528104
4155,2,1170,HOH,H1,H,1.007947,0.4242243450515,1.0,0.0
4156,2,1170,HOH,H2,H,1.007947,0.4242243450515,1.0,0.0
4157,2,1171,HOH,O,O,15.99943,-0.848448690103,0.317796456355,0.652143528104
4158,2,1171,HOH,H1,H,1.007947,0.4242243450515,1.0,0.0
4159,2,1171,HOH,H2,H,1.007947,0.4242243450515,1.0,0.0
4160,2,1172,HOH,O,O,15.99943,-0.848448690103,0.317796456355,0.652143528104
4161,2,1172,HOH,H1,H,1.007947,0.4242243450515,1.0,0.0
4162,2,1172,HOH,H2,H,1.007947,0.4242243450515,1.0,0.0
4163,2,1173,HOH,O,O,15.99943,-0.848448690103,0.317796456355,0.652143528104
4164,2,1173,HOH,H1,H,1.007947,0.4242243450515,1.0,0.0
4165,2,1173,HOH,H2,H,1.007947,0.4242243450515,1.0,0.0
4166,2,1174,HOH,O,O,15.99943,-0.848448690103,0.317796456355,0.652143528104
4167,2,1174,HOH,H1,H,1.007947,0.4242243450515,1.0,0.0
4168,2,1174,HOH,H2,H,1.007947,0.4242243450515,1.0,0.0
4169,2,1175,HOH,O,O,15.99943,-0.848448690103,0.317796456355,0.652143528104
4170,2,1175,HOH,H1,H,1.007947,0.4242243450515,1.0,0.0
4171,2,1175,HOH,H2,H,1.007947,0.4242243450515,1.0,0.0
4172,2,1176,HOH,O,O,15.99943,-0.848448690103,0.317796456355,0.652143528104
4173,2,1176,HOH,H1,H,1.007947,0.4242243450515,1.0,0.0
4174,2,1176,HOH,H2,H,1.007947,0.4242243450515,1.0,0.0
4175,2,1177,HOH,O,O,15.99943,-0.848448690103,0.317796456355,0.652143528104
4176,2,1177,HOH,H1,H,1.007947,0.4242243450515,1.0,0.0
4177,2,1177,HOH,H2,H,1.007947,0.4242243450515,1.0,0.0
4178,2,1178,HOH,O,O,15.99943,-0.848448690103,0.317796456355,0.652143528104
4179,2,1178,HOH,H1,H,1.007947,0.4242243450515,1.0,0.0
4180,2,1178,HOH,H2,H,1.007947,0.4242243450515,1.0,0.0
4181,2,1179,HOH,O,O,15.99943,-0.848448690103,0.317796456355,0.652143528104
4182,2,1179,HOH,H1,H,1.007947,0.4242243450515,1.0,0.0
4183,2,1179,HOH,H2,H,1.007947,0.4242243450515,1.0,0.0
4184,2,1180,HOH,O,O,15.99943,-0.848448690103,0.317796456355,0.652143528104
4185,2,1180,HOH,H1,H,1.007947,0.4242243450515,1.0,0.0
4186,2,1180,HOH,H2,H,1.007947,0.4242243450515,1.0,0.0
4187,2,1181,HOH,O,O,15.99943,-0.848448690103,0.317796456355,0.652143528104
4188,2,1181,HOH,H1,H,1.007947,0.4242243450515,1.0,0.0
4189,2,1181,HOH,H2,H,1.007947,0.4242243450515,1.0,0.0
4190,2,1182,HOH,O,O,15.99943,-0.848448690103,0.317796456355,0.652143528104
4191,2,1182,HOH,H1,H,1.007947,0.4242243450515,1.0,0.0
4192,2,1182,HOH,H2,H,1.007947,0.4242243450515,1.0,0.0
4193,2,1183,HOH,O,O,15.99943,-0.848448690103,0.317796456355,0.652143528104
4194,2,1183,HOH,H1,H,1.007947,0.4242243450515,1.0,0.0
4195,2,1183,HOH,H2,H,1.007947,0.4242243450515,1.0,0.0
4196,2,1184,HOH,O,O,15.99943,-0.848448690103,0.317796456355,0.652143528104
4197,2,1184,HOH,H1,H,1.007947,0.4242243450515,1.0,0.0
4198,2,1184,HOH,H2,H,1.007947,0.4242243450515,1.0,0.0
4199,2,1185,HOH,O,O,15.99943,-0.848448690103,0.317796456355,0.652143528104
4200,2,1185,HOH,H1,H,1.007947,0.4242243450515,1.0,0.0
4201,2,1185,HOH,H2,H,1.007947,0.4242243450515,1.0,0.0
4202,2,1186,HOH,O,O,15.99943,-0.848448690103,0.317796456355,0.652143528104
4203,2,1186,HOH,H1,H,1.007947,0.4242243450515,1.0,0.0
4204,2,1186,HOH,H2,H,1.007947,0.4242243450515,1.0,0.0
4205,2,1187,HOH,O,O,15.99943,-0.848448690103,0.317796456355,0.652143528104
4206,2,1187,HOH,H1,H,1.007947,0.4242243450515,1.0,0.0
4207,2,1187,HOH,H2,H,1.007947,0.4242243450515,1.0,0.0
4208,2,1188,HOH,O,O,15.99943,-0.848448690103,0.317796456355,0.652143528104
4209,2,1188,HOH,H1,H,1.007947,0.4242243450515,1.0,0.0
4210,2,1188,HOH,H2,H,1.007947,0.4242243450515,1.0,0.0
4211,2,1190,HOH,O,O,15.99943,-0.848448690103,0.317796456355,0.652143528104
4212,2,1190,HOH,H1,H,1.007947,0.4242243450515,1.0,0.0
4213,2,1190,HOH,H2,H,1.007947,0.4242243450515,1.0,0.0
4214,2,1191,HOH,O,O,15.99943,-0.848448690103,0.317796456355,0.652143528104
4215,2,1191,HOH,H1,H,1.007947,0.4242243450515,1.0,0.0
4216,2,1191,HOH,H2,H,1.007947,0.4242243450515,1.0,0.0
4217,2,1192,HOH,O,O,15.99943,-0.848448690103,0.317796456355,0.652143528104
4218,2,1192,HOH,H1,H,1.007947,0.4242243450515,1.0,0.0
4219,2,1192,HOH,H2,H,1.007947,0.4242243450515,1.0,0.0
4220,2,1194,HOH,O,O,15.99943,-0.848448690103,0.317796456355,0.652143528104
4221,2,1194,HOH,H1,H,1.007947,0.4242243450515,1.0,0.0
4222,2,1194,HOH,H2,H,1.007947,0.4242243450515,1.0,0.0
4223,2,1195,HOH,O,O,15.99943,-0.848448690103,0.317796456355,0.652143528104
4224,2,1195,HOH,H1,H,1.007947,0.4242243450515,1.0,0.0
4225,2,1195,HOH,H2,H,1.007947,0.4242243450515,1.0,0.0
4226,2,1196,HOH,O,O,15.99943,-0.848448690103,0.317796456355,0.652143528104
4227,2,1196,HOH,H1,H,1.007947,0.4242243450515,1.0,0.0
4228,2,1196,HOH,H2,H,1.007947,0.4242243450515,1.0,0.0
4229,2,1197,HOH,O,O,15.99943,-0.848448690103,0.317796456355,0.652143528104
4230,2,1197,HOH,H1,H,1.007947,0.4242243450515,1.0,0.0
4231,2,1197,HOH,H2,H,1.007947,0.4242243450515,1.0,0.0
4232,2,1198,HOH,O,O,15.99943,-0.848448690103,0.317796456355,0.652143528104
4233,2,1198,HOH,H1,H,1.007947,0.4242243450515,1.0,0.0
4234,2,1198,HOH,H2,H,1.007947,0.4242243450515,1.0,0.0
4235,2,1199,HOH,O,O,15.99943,-0.848448690103,0.317796456355,0.652143528104
4236,2,1199,HOH,H1,H,1.007947,0.4242243450515,1.0,0.0
4237,2,1199,HOH,H2,H,1.007947,0.4242243450515,1.0,0.0
4238,2,1200,HOH,O,O,15.99943,-0.848448690103,0.317796456355,0.652143528104
4239,2,1200,HOH,H1,H,1.007947,0.4242243450515,1.0,0.0
4240,2,1200,HOH,H2,H,1.007947,0.4242243450515,1.0,0.0
4241,2,1202,HOH,O,O,15.99943,-0.848448690103,0.317796456355,0.652143528104
4242,2,1202,HOH,H1,H,1.007947,0.4242243450515,1.0,0.0
4243,2,1202,HOH,H2,H,1.007947,0.4242243450515,1.0,0.0
4244,2,1203,HOH,O,O,15.99943,-0.848448690103,0.317796456355,0.652143528104
4245,2,1203,HOH,H1,H,1.007947,0.4242243450515,1.0,0.0
4246,2,1203,HOH,H2,H,1.007947,0.4242243450515,1.0,0.0
4247,2,1204,HOH,O,O,15.99943,-0.848448690103,0.317796456355,0.652143528104
4248,2,1204,HOH,H1,H,1.007947,0.4242243450515,1.0,0.0
4249,2,1204,HOH,H2,H,1.007947,0.4242243450515,1.0,0.0
4250,2,1205,HOH,O,O,15.99943,-0.848448690103,0.317796456355,0.652143528104
4251,2,1205,HOH,H1,H,1.007947,0.4242243450515,1.0,0.0
4252,2,1205,HOH,H2,H,1.007947,0.4242243450515,1.0,0.0
4253,2,1206,HOH,O,O,15.99943,-0.848448690103,0.317796456355,0.652143528104
4254,2,1206,HOH,H1,H,1.007947,0.4242243450515,1.0,0.0
4255,2,1206,HOH,H2,H,1.007947,0.4242243450515,1.0,0.0
4256,2,1207,HOH,O,O,15.99943,-0.848448690103,0.317796456355,0.652143528104
4257,2,1207,HOH,H1,H,1.007947,0.4242243450515,1.0,0.0
4258,2,1207,HOH,H2,H,1.007947,0.4242243450515,1.0,0.0
4259,2,1208,HOH,O,O,15.99943,-0.848448690103,0.317796456355,0.652143528104
4260,2,1208,HOH,H1,H,1.007947,0.4242243450515,1.0,0.0
4261,2,1208,HOH,H2,H,1.007947,0.4242243450515,1.0,0.0
4262,2,1209,HOH,O,O,15.99943,-0.848448690103,0.317796456355,0.652143528104
4263,2,1209,HOH,H1,H,1.007947,0.4242243450515,1.0,0.0
4264,2,1209,HOH,H2,H,1.007947,0.4242243450515,1.0,0.0
4265,2,1210,HOH,O,O,15.99943,-0.848448690103,0.317796456355,0.652143528104
4266,2,1210,HOH,H1,H,1.007947,0.4242243450515,1.0,0.0
4267,2,1210,HOH,H2,H,1.007947,0.4242243450515,1.0,0.0
4268,2,1211,HOH,O,O,15.99943,-0.848448690103,0.317796456355,0.652143528104
4269,2,1211,HOH,H1,H,1.007947,0.4242243450515,1.0,0.0
4270,2,1211,HOH,H2,H,1.007947,0.4242243450515,1.0,0.0
4271,2,1212,HOH,O,O,15.99943,-0.848448690103,0.317796456355,0.652143528104
4272,2,1212,HOH,H1,H,1.007947,0.4242243450515,1.0,0.0
4273,2,1212,HOH,H2,H,1.007947,0.4242243450515,1.0,0.0
4274,2,1213,HOH,O,O,15.99943,-0.848448690103,0.317796456355,0.652143528104
4275,2,1213,HOH,H1,H,1.007947,0.4242243450515,1.0,0.0
4276,2,1213,HOH,H2,H,1.007947,0.4242243450515,1.0,0.0
4277,2,1214,HOH,O,O,15.99943,-0.848448690103,0.317796456355,0.652143528104
4278,2,1214,HOH,H1,H,1.007947,0.4242243450515,1.0,0.0
4279,2,1214,HOH,H2,H,1.007947,0.4242243450515,1.0,0.0
4280,2,1215,HOH,O,O,15.99943,-0.848448690103,0.317796456355,0.652143528104
4281,2,1215,HOH,H1,H,1.007947,0.4242243450515,1.0,0.0
4282,2,1215,HOH,H2,H,1.007947,0.4242243450515,1.0,0.0
4283,2,1216,HOH,O,O,15.99943,-0.848448690103,0.317796456355,0.652143528104
4284,2,1216,HOH,H1,H,1.007947,0.4242243450515,1.0,0.0
4285,2,1216,HOH,H2,H,1.007947,0.4242243450515,1.0,0.0
4286,2,1217,HOH,O,O,15.99943,-0.848448690103,0.317796456355,0.652143528104
4287,2,1217,HOH,H1,H,1.007947,0.4242243450515,1.0,0.0
4288,2,1217,HOH,H2,H,1.007947,0.4242243450515,1.0,0.0
4289,2,1218,HOH,O,O,15.99943,-0.848448690103,0.317796456355,0.652143528104
4290,2,1218,HOH,H1,H,1.007947,0.4242243450515,1.0,0.0
4291,2,1218,HOH,H2,H,1.007947,0.4242243450515,1.0,0.0
4292,2,1219,HOH,O,O,15.99943,-0.848448690103,0.317796456355,0.652143528104
4293,2,1219,HOH,H1,H,1.007947,0.4242243450515,1.0,0.0
4294,2,1219,HOH,H2,H,1.007947,0.4242243450515,1.0,0.0
4295,2,1220,HOH,O,O,15.99943,-0.848448690103,0.317796456355,0.652143528104
4296,2,1220,HOH,H1,H,1.007947,0.4242243450515,1.0,0.0
4297,2,1220,HOH,H2,H,1.007947,0.4242243450515,1.0,0.0
4298,2,1221,HOH,O,O,15.99943,-0.848448690103,0.317796456355,0.652143528104
4299,2,1221,HOH,H1,H,1.007947,0.4242243450515,1.0,0.0
4300,2,1221,HOH,H2,H,1.007947,0.4242243450515,1.0,0.0
4301,2,1222,HOH,O,O,15.99943,-0.848448690103,0.317796456355,0.652143528104
4302,2,1222,HOH,H1,H,1.007947,0.4242243450515,1.0,0.0
4303,2,1222,HOH,H2,H,1.007947,0.4242243450515,1.0,0.0
4304,2,1223,HOH,O,O,15.99943,-0.848448690103,0.317796456355,0.652143528104
4305,2,1223,HOH,H1,H,1.007947,0.4242243450515,1.0,0.0
4306,2,1223,HOH,H2,H,1.007947,0.4242243450515,1.0,0.0
4307,2,1224,HOH,O,O,15.99943,-0.848448690103,0.317796456355,0.652143528104
4308,2,1224,HOH,H1,H,1.007947,0.4242243450515,1.0,0.0
4309,2,1224,HOH,H2,H,1.007947,0.4242243450515,1.0,0.0
4310,2,1225,HOH,O,O,15.99943,-0.848448690103,0.317796456355,0.652143528104
4311,2,1225,HOH,H1,H,1.007947,0.4242243450515,1.0,0.0
4312,2,1225,HOH,H2,H,1.007947,0.4242243450515,1.0,0.0
4313,2,1226,HOH,O,O,15.99943,-0.848448690103,0.317796456355,0.652143528104
4314,2,1226,HOH,H1,H,1.007947,0.4242243450515,1.0,0.0
4315,2,1226,HOH,H2,H,1.007947,0.4242243450515,1.0,0.0
4316,2,1227,HOH,O,O,15.99943,-0.848448690103,0.317796456355,0.652143528104
4317,2,1227,HOH,H1,H,1.007947,0.4242243450515,1.0,0.0
4318,2,1227,HOH,H2,H,1.007947,0.4242243450515,1.0,0.0
4319,2,1228,HOH,O,O,15.99943,-0.848448690103,0.317796456355,0.652143528104
4320,2,1228,HOH,H1,H,1.007947,0.4242243450515,1.0,0.0
4321,2,1228,HOH,H2,H,1.007947,0.4242243450515,1.0,0.0
4322,2,1229,HOH,O,O,15.99943,-0.848448690103,0.317796456355,0.652143528104
4323,2,1229,HOH,H1,H,1.007947,0.4242243450515,1.0,0.0
4324,2,1229,HOH,H2,H,1.007947,0.4242243450515,1.0,0.0
4325,2,1230,HOH,O,O,15.99943,-0.848448690103,0.317796456355,0.652143528104
4326,2,1230,HOH,H1,H,1.007947,0.4242243450515,1.0,0.0
4327,2,1230,HOH,H2,H,1.007947,0.4242243450515,1.0,0.0
4328,2,1231,HOH,O,O,15.99943,-0.848448690103,0.317796456355,0.652143528104
4329,2,1231,HOH,H1,H,1.007947,0.4242243450515,1.0,0.0
4330,2,1231,HOH,H2,H,1.007947,0.4242243450515,1.0,0.0
4331,2,1232,HOH,O,O,15.99943,-0.848448690103,0.317796456355,0.652143528104
4332,2,1232,HOH,H1,H,1.007947,0.4242243450515,1.0,0.0
4333,2,1232,HOH,H2,H,1.007947,0.4242243450515,1.0,0.0
4334,2,1233,HOH,O,O,15.99943,-0.848448690103,0.317796456355,0.652143528104
4335,2,1233,HOH,H1,H,1.007947,0.4242243450515,1.0,0.0
4336,2,1233,HOH,H2,H,1.007947,0.4242243450515,1.0,0.0
4337,2,1234,HOH,O,O,15.99943,-0.848448690103,0.317796456355,0.652143528104
4338,2,1234,HOH,H1,H,1.007947,0.4242243450515,1.0,0.0
4339,2,1234,HOH,H2,H,1.007947,0.4242243450515,1.0,0.0
4340,2,1235,HOH,O,O,15.99943,-0.848448690103,0.317796456355,0.652143528104
4341,2,1235,HOH,H1,H,1.007947,0.4242243450515,1.0,0.0
4342,2,1235,HOH,H2,H,1.007947,0.4242243450515,1.0,0.0
4343,2,1236,HOH,O,O,15.99943,-0.848448690103,0.317796456355,0.652143528104
4344,2,1236,HOH,H1,H,1.007947,0.4242243450515,1.0,0.0
4345,2,1236,HOH,H2,H,1.007947,0.4242243450515,1.0,0.0
4346,2,1237,HOH,O,O,15.99943,-0.848448690103,0.317796456355,0.652143528104
4347,2,1237,HOH,H1,H,1.007947,0.4242243450515,1.0,0.0
4348,2,1237,HOH,H2,H,1.007947,0.4242243450515,1.0,0.0
4349,2,1238,HOH,O,O,15.99943,-0.848448690103,0.317796456355,0.652143528104
4350,2,1238,HOH,H1,H,1.007947,0.4242243450515,1.0,0.0
4351,2,1238,HOH,H2,H,1.007947,0.4242243450515,1.0,0.0
4352,2,1239,HOH,O,O,15.99943,-0.848448690103,0.317796456355,0.652143528104
4353,2,1239,HOH,H1,H,1.007947,0.4242243450515,1.0,0.0
4354,2,1239,HOH,H2,H,1.007947,0.4242243450515,1.0,0.0
4355,2,1240,HOH,O,O,15.99943,-0.848448690103,0.317796456355,0.652143528104
4356,2,1240,HOH,H1,H,1.007947,0.4242243450515,1.0,0.0
4357,2,1240,HOH,H2,H,1.007947,0.4242243450515,1.0,0.0
4358,2,1241,HOH,O,O,15.99943,-0.848448690103,0.317796456355,0.652143528104
4359,2,1241,HOH,H1,H,1.007947,0.4242243450515,1.0,0.0
4360,2,1241,HOH,H2,H,1.007947,0.4242243450515,1.0,0.0
4361,2,1242,HOH,O,O,15.99943,-0.848448690103,0.317796456355,0.652143528104
4362,2,1242,HOH,H1,H,1.007947,0.4242243450515,1.0,0.0
4363,2,1242,HOH,H2,H,1.007947,0.4242243450515,1.0,0.0
4364,2,1243,HOH,O,O,15.99943,-0.848448690103,0.317796456355,0.652143528104
4365,2,1243,HOH,H1,H,1.007947,0.4242243450515,1.0,0.0
4366,2,1243,HOH,H2,H,1.007947,0.4242243450515,1.0,0.0
4367,2,1244,HOH,O,O,15.99943,-0.848448690103,0.317796456355,0.652143528104
4368,2,1244,HOH,H1,H,1.007947,0.4242243450515,1.0,0.0
4369,2,1244,HOH,H2,H,1.007947,0.4242243450515,1.0,0.0
4370,2,1245,HOH,O,O,15.99943,-0.848448690103,0.317796456355,0.652143528104
4371,2,1245,HOH,H1,H,1.007947,0.4242243450515,1.0,0.0
4372,2,1245,HOH,H2,H,1.007947,0.4242243450515,1.0,0.0
4373,2,1246,HOH,O,O,15.99943,-0.848448690103,0.317796456355,0.652143528104
4374,2,1246,HOH,H1,H,1.007947,0.4242243450515,1.0,0.0
4375,2,1246,HOH,H2,H,1.007947,0.4242243450515,1.0,0.0
4376,2,1247,HOH,O,O,15.99943,-0.848448690103,0.317796456355,0.652143528104
4377,2,1247,HOH,H1,H,1.007947,0.4242243450515,1.0,0.0
4378,2,1247,HOH,H2,H,1.007947,0.4242243450515,1.0,0.0
4379,2,1248,HOH,O,O,15.99943,-0.848448690103,0.317796456355,0.652143528104
4380,2,1248,HOH,H1,H,1.007947,0.4242243450515,1.0,0.0
4381,2,1248,HOH,H2,H,1.007947,0.4242243450515,1.0,0.0
4382,2,1249,HOH,O,O,15.99943,-0.848448690103,0.317796456355,0.652143528104
4383,2,1249,HOH,H1,H,1.007947,0.4242243450515,1.0,0.0
4384,2,1249,HOH,H2,H,1.007947,0.4242243450515,1.0,0.0
4385,2,1250,HOH,O,O,15.99943,-0.848448690103,0.317796456355,0.652143528104
4386,2,1250,HOH,H1,H,1.007947,0.4242243450515,1.0,0.0
4387,2,1250,HOH,H2,H,1.007947,0.4242243450515,1.0,0.0
4388,2,1251,HOH,O,O,15.99943,-0.848448690103,0.317796456355,0.652143528104
4389,2,1251,HOH,H1,H,1.007947,0.4242243450515,1.0,0.0
4390,2,1251,HOH,H2,H,1.007947,0.4242243450515,1.0,0.0
4391,2,1252,HOH,O,O,15.99943,-0.848448690103,0.317796456355,0.652143528104
4392,2,1252,HOH,H1,H,1.007947,0.4242243450515,1.0,0.0
4393,2,1252,HOH,H2,H,1.007947,0.4242243450515,1.0,0.0
4394,2,1253,HOH,O,O,15.99943,-0.848448690103,0.317796456355,0.652143528104
4395,2,1253,HOH,H1,H,1.007947,0.4242243450515,1.0,0.0
4396,2,1253,HOH,H2,H,1.007947,0.4242243450515,1.0,0.0
4397,2,1254,HOH,O,O,15.99943,-0.848448690103,0.317796456355,0.652143528104
4398,2,1254,HOH,H1,H,1.007947,0.4242243450515,1.0,0.0
4399,2,1254,HOH,H2,H,1.007947,0.4242243450515,1.0,0.0
4400,2,1255,HOH,O,O,15.99943,-0.848448690103,0.317796456355,0.652143528104
4401,2,1255,HOH,H1,H,1.007947,0.4242243450515,1.0,0.0
4402,2,1255,HOH,H2,H,1.007947,0.4242243450515,1.0,0.0
4403,2,1256,HOH,O,O,15.99943,-0.848448690103,0.317796456355,0.652143528104
4404,2,1256,HOH,H1,H,1.007947,0.4242243450515,1.0,0.0
4405,2,1256,HOH,H2,H,1.007947,0.4242243450515,1.0,0.0
4406,2,1257,HOH,O,O,15.99943,-0.848448690103,0.317796456355,0.652143528104
4407,2,1257,HOH,H1,H,1.007947,0.4242243450515,1.0,0.0
4408,2,1257,HOH,H2,H,1.007947,0.4242243450515,1.0,0.0
4409,2,1258,HOH,O,O,15.99943,-0.848448690103,0.317796456355,0.652143528104
4410,2,1258,HOH,H1,H,1.007947,0.4242243450515,1.0,0.0
4411,2,1258,HOH,H2,H,1.007947,0.4242243450515,1.0,0.0
4412,2,1259,HOH,O,O,15.99943,-0.848448690103,0.317796456355,0.652143528104
4413,2,1259,HOH,H1,H,1.007947,0.4242243450515,1.0,0.0
4414,2,1259,HOH,H2,H,1.007947,0.4242243450515,1.0,0.0
4415,2,1260,HOH,O,O,15.99943,-0.848448690103,0.317796456355,0.652143528104
4416,2,1260,HOH,H1,H,1.007947,0.4242243450515,1.0,0.0
4417,2,1260,HOH,H2,H,1.007947,0.4242243450515,1.0,0.0
4418,2,1261,HOH,O,O,15.99943,-0.848448690103,0.317796456355,0.652143528104
4419,2,1261,HOH,H1,H,1.007947,0.4242243450515,1.0,0.0
4420,2,1261,HOH,H2,H,1.007947,0.4242243450515,1.0,0.0
4421,2,1262,HOH,O,O,15.99943,-0.848448690103,0.317796456355,0.652143528104
4422,2,1262,HOH,H1,H,1.007947,0.4242243450515,1.0,0.0
4423,2,1262,HOH,H2,H,1.007947,0.4242243450515,1.0,0.0
4424,2,1263,HOH,O,O,15.99943,-0.848448690103,0.317796456355,0.652143528104
4425,2,1263,HOH,H1,H,1.007947,0.4242243450515,1.0,0.0
4426,2,1263,HOH,H2,H,1.007947,0.4242243450515,1.0,0.0
4427,2,1264,HOH,O,O,15.99943,-0.848448690103,0.317796456355,0.652143528104
4428,2,1264,HOH,H1,H,1.007947,0.4242243450515,1.0,0.0
4429,2,1264,HOH,H2,H,1.007947,0.4242243450515,1.0,0.0
4430,2,1265,HOH,O,O,15.99943,-0.848448690103,0.317796456355,0.652143528104
4431,2,1265,HOH,H1,H,1.007947,0.4242243450515,1.0,0.0
4432,2,1265,HOH,H2,H,1.007947,0.4242243450515,1.0,0.0
4433,2,1266,HOH,O,O,15.99943,-0.848448690103,0.317796456355,0.652143528104
4434,2,1266,HOH,H1,H,1.007947,0.4242243450515,1.0,0.0
4435,2,1266,HOH,H2,H,1.007947,0.4242243450515,1.0,0.0
4436,2,1267,HOH,O,O,15.99943,-0.848448690103,0.317796456355,0.652143528104
4437,2,1267,HOH,H1,H,1.007947,0.4242243450515,1.0,0.0
4438,2,1267,HOH,H2,H,1.007947,0.4242243450515,1.0,0.0
4439,2,1268,HOH,O,O,15.99943,-0.848448690103,0.317796456355,0.652143528104
4440,2,1268,HOH,H1,H,1.007947,0.4242243450515,1.0,0.0
4441,2,1268,HOH,H2,H,1.007947,0.4242243450515,1.0,0.0
4442,2,1269,HOH,O,O,15.99943,-0.848448690103,0.317796456355,0.652143528104
4443,2,1269,HOH,H1,H,1.007947,0.4242243450515,1.0,0.0
4444,2,1269,HOH,H2,H,1.007947,0.4242243450515,1.0,0.0
4445,2,1270,HOH,O,O,15.99943,-0.848448690103,0.317796456355,0.652143528104
4446,2,1270,HOH,H1,H,1.007947,0.4242243450515,1.0,0.0
4447,2,1270,HOH,H2,H,1.007947,0.4242243450515,1.0,0.0
4448,2,1272,HOH,O,O,15.99943,-0.848448690103,0.317796456355,0.652143528104
4449,2,1272,HOH,H1,H,1.007947,0.4242243450515,1.0,0.0
4450,2,1272,HOH,H2,H,1.007947,0.4242243450515,1.0,0.0
4451,2,1273,HOH,O,O,15.99943,-0.848448690103,0.317796456355,0.652143528104
4452,2,1273,HOH,H1,H,1.007947,0.4242243450515,1.0,0.0
4453,2,1273,HOH,H2,H,1.007947,0.4242243450515,1.0,0.0
4454,2,1274,HOH,O,O,15.99943,-0.848448690103,0.317796456355,0.652143528104
4455,2,1274,HOH,H1,H,1.007947,0.4242243450515,1.0,0.0
4456,2,1274,HOH,H2,H,1.007947,0.4242243450515,1.0,0.0
4457,2,1275,HOH,O,O,15.99943,-0.848448690103,0.317796456355,0.652143528104
4458,2,1275,HOH,H1,H,1.007947,0.4242243450515,1.0,0.0
4459,2,1275,HOH,H2,H,1.007947,0.4242243450515,1.0,0.0
4460,2,1276,HOH,O,O,15.99943,-0.848448690103,0.317796456355,0.652143528104
4461,2,1276,HOH,H1,H,1.007947,0.4242243450515,1.0,0.0
4462,2,1276,HOH,H2,H,1.007947,0.4242243450515,1.0,0.0
4463,2,1277,HOH,O,O,15.99943,-0.848448690103,0.317796456355,0.652143528104
4464,2,1277,HOH,H1,H,1.007947,0.4242243450515,1.0,0.0
4465,2,1277,HOH,H2,H,1.007947,0.4242243450515,1.0,0.0
4466,2,1278,HOH,O,O,15.99943,-0.848448690103,0.317796456355,0.652143528104
4467,2,1278,HOH,H1,H,1.007947,0.4242243450515,1.0,0.0
4468,2,1278,HOH,H2,H,1.007947,0.4242243450515,1.0,0.0
4469,2,1279,HOH,O,O,15.99943,-0.848448690103,0.317796456355,0.652143528104
4470,2,1279,HOH,H1,H,1.007947,0.4242243450515,1.0,0.0
4471,2,1279,HOH,H2,H,1.007947,0.4242243450515,1.0,0.0
4472,2,1280,HOH,O,O,15.99943,-0.848448690103,0.317796456355,0.652143528104
4473,2,1280,HOH,H1,H,1.007947,0.4242243450515,1.0,0.0
4474,2,1280,HOH,H2,H,1.007947,0.4242243450515,1.0,0.0
4475,2,1281,HOH,O,O,15.99943,-0.848448690103,0.317796456355,0.652143528104
4476,2,1281,HOH,H1,H,1.007947,0.4242243450515,1.0,0.0
4477,2,1281,HOH,H2,H,1.007947,0.4242243450515,1.0,0.0
4478,2,1282,HOH,O,O,15.99943,-0.848448690103,0.317796456355,0.652143528104
4479,2,1282,HOH,H1,H,1.007947,0.4242243450515,1.0,0.0
4480,2,1282,HOH,H2,H,1.007947,0.4242243450515,1.0,0.0
4481,2,1283,HOH,O,O,15.99943,-0.848448690103,0.317796456355,0.652143528104
4482,2,1283,HOH,H1,H,1.007947,0.4242243450515,1.0,0.0
4483,2,1283,HOH,H2,H,1.007947,0.4242243450515,1.0,0.0
4484,2,1284,HOH,O,O,15.99943,-0.848448690103,0.317796456355,0.652143528104
4485,2,1284,HOH,H1,H,1.007947,0.4242243450515,1.0,0.0
4486,2,1284,HOH,H2,H,1.007947,0.4242243450515,1.0,0.0
4487,2,1285,HOH,O,O,15.99943,-0.848448690103,0.317796456355,0.652143528104
4488,2,1285,HOH,H1,H,1.007947,0.4242243450515,1.0,0.0
4489,2,1285,HOH,H2,H,1.007947,0.4242243450515,1.0,0.0
4490,2,1286,HOH,O,O,15.99943,-0.848448690103,0.317796456355,0.652143528104
4491,2,1286,HOH,H1,H,1.007947,0.4242243450515,1.0,0.0
4492,2,1286,HOH,H2,H,1.007947,0.4242243450515,1.0,0.0
4493,2,1287,HOH,O,O,15.99943,-0.848448690103,0.317796456355,0.652143528104
4494,2,1287,HOH,H1,H,1.007947,0.4242243450515,1.0,0.0
4495,2,1287,HOH,H2,H,1.007947,0.4242243450515,1.0,0.0
4496,2,1288,HOH,O,O,15.99943,-0.848448690103,0.317796456355,0.652143528104
4497,2,1288,HOH,H1,H,1.007947,0.4242243450515,1.0,0.0
4498,2,1288,HOH,H2,H,1.007947,0.4242243450515,1.0,0.0
4499,2,1289,HOH,O,O,15.99943,-0.848448690103,0.317796456355,0.652143528104
4500,2,1289,HOH,H1,H,1.007947,0.4242243450515,1.0,0.0
4501,2,1289,HOH,H2,H,1.007947,0.4242243450515,1.0,0.0
4502,2,1290,HOH,O,O,15.99943,-0.848448690103,0.317796456355,0.652143528104
4503,2,1290,HOH,H1,H,1.007947,0.4242243450515,1.0,0.0
4504,2,1290,HOH,H2,H,1.007947,0.4242243450515,1.0,0.0
4505,2,1291,HOH,O,O,15.99943,-0.848448690103,0.317796456355,0.652143528104
4506,2,1291,HOH,H1,H,1.007947,0.4242243450515,1.0,0.0
4507,2,1291,HOH,H2,H,1.007947,0.4242243450515,1.0,0.0
4508,2,1292,HOH,O,O,15.99943,-0.848448690103,0.317796456355,0.652143528104
4509,2,1292,HOH,H1,H,1.007947,0.4242243450515,1.0,0.0
4510,2,1292,HOH,H2,H,1.007947,0.4242243450515,1.0,0.0
4511,2,1293,HOH,O,O,15.99943,-0.848448690103,0.317796456355,0.652143528104
4512,2,1293,HOH,H1,H,1.007947,0.4242243450515,1.0,0.0
4513,2,1293,HOH,H2,H,1.007947,0.4242243450515,1.0,0.0
4514,2,1294,HOH,O,O,15.99943,-0.848448690103,0.317796456355,0.652143528104
4515,2,1294,HOH,H1,H,1.007947,0.4242243450515,1.0,0.0
4516,2,1294,HOH,H2,H,1.007947,0.4242243450515,1.0,0.0
4517,2,1295,HOH,O,O,15.99943,-0.848448690103,0.317796456355,0.652143528104
4518,2,1295,HOH,H1,H,1.007947,0.4242243450515,1.0,0.0
4519,2,1295,HOH,H2,H,1.007947,0.4242243450515,1.0,0.0
4520,2,1296,HOH,O,O,15.99943,-0.848448690103,0.317796456355,0.652143528104
4521,2,1296,HOH,H1,H,1.007947,0.4242243450515,1.0,0.0
4522,2,1296,HOH,H2,H,1.007947,0.4242243450515,1.0,0.0
4523,2,1297,HOH,O,O,15.99943,-0.848448690103,0.317796456355,0.652143528104
4524,2,1297,HOH,H1,H,1.007947,0.4242243450515,1.0,0.0
4525,2,1297,HOH,H2,H,1.007947,0.4242243450515,1.0,0.0
4526,2,1298,HOH,O,O,15.99943,-0.848448690103,0.317796456355,0.652143528104
4527,2,1298,HOH,H1,H,1.007947,0.4242243450515,1.0,0.0
4528,2,1298,HOH,H2,H,1.007947,0.4242243450515,1.0,0.0
4529,2,1299,HOH,O,O,15.99943,-0.848448690103,0.317796456355,0.652143528104
4530,2,1299,HOH,H1,H,1.007947,0.4242243450515,1.0,0.0
4531,2,1299,HOH,H2,H,1.007947,0.4242243450515,1.0,0.0
4532,2,1300,HOH,O,O,15.99943,-0.848448690103,0.317796456355,0.652143528104
4533,2,1300,HOH,H1,H,1.007947,0.4242243450515,1.0,0.0
4534,2,1300,HOH,H2,H,1.007947,0.4242243450515,1.0,0.0
4535,2,1301,HOH,O,O,15.99943,-0.848448690103,0.317796456355,0.652143528104
4536,2,1301,HOH,H1,H,1.007947,0.4242243450515,1.0,0.0
4537,2,1301,HOH,H2,H,1.007947,0.4242243450515,1.0,0.0
4538,2,1302,HOH,O,O,15.99943,-0.848448690103,0.317796456355,0.652143528104
4539,2,1302,HOH,H1,H,1.007947,0.4242243450515,1.0,0.0
4540,2,1302,HOH,H2,H,1.007947,0.4242243450515,1.0,0.0
4541,2,1303,HOH,O,O,15.99943,-0.848448690103,0.317796456355,0.652143528104
4542,2,1303,HOH,H1,H,1.007947,0.4242243450515,1.0,0.0
4543,2,1303,HOH,H2,H,1.007947,0.4242243450515,1.0,0.0
4544,2,1304,HOH,O,O,15.99943,-0.848448690103,0.317796456355,0.652143528104
4545,2,1304,HOH,H1,H,1.007947,0.4242243450515,1.0,0.0
4546,2,1304,HOH,H2,H,1.007947,0.4242243450515,1.0,0.0
4547,2,1305,HOH,O,O,15.99943,-0.848448690103,0.317796456355,0.652143528104
4548,2,1305,HOH,H1,H,1.007947,0.4242243450515,1.0,0.0
4549,2,1305,HOH,H2,H,1.007947,0.4242243450515,1.0,0.0
4550,2,1306,HOH,O,O,15.99943,-0.848448690103,0.317796456355,0.652143528104
4551,2,1306,HOH,H1,H,1.007947,0.4242243450515,1.0,0.0
4552,2,1306,HOH,H2,H,1.007947,0.4242243450515,1.0,0.0
4553,2,1307,HOH,O,O,15.99943,-0.848448690103,0.317796456355,0.652143528104
4554,2,1307,HOH,H1,H,1.007947,0.4242243450515,1.0,0.0
4555,2,1307,HOH,H2,H,1.007947,0.4242243450515,1.0,0.0
4556,2,1308,HOH,O,O,15.99943,-0.848448690103,0.317796456355,0.652143528104
4557,2,1308,HOH,H1,H,1.007947,0.4242243450515,1.0,0.0
4558,2,1308,HOH,H2,H,1.007947,0.4242243450515,1.0,0.0
4559,2,1309,HOH,O,O,15.99943,-0.848448690103,0.317796456355,0.652143528104
4560,2,1309,HOH,H1,H,1.007947,0.4242243450515,1.0,0.0
4561,2,1309,HOH,H2,H,1.007947,0.4242243450515,1.0,0.0
4562,2,1310,HOH,O,O,15.99943,-0.848448690103,0.317796456355,0.652143528104
4563,2,1310,HOH,H1,H,1.007947,0.4242243450515,1.0,0.0
4564,2,1310,HOH,H2,H,1.007947,0.4242243450515,1.0,0.0
4565,2,1311,HOH,O,O,15.99943,-0.848448690103,0.317796456355,0.652143528104
4566,2,1311,HOH,H1,H,1.007947,0.4242243450515,1.0,0.0
4567,2,1311,HOH,H2,H,1.007947,0.4242243450515,1.0,0.0
4568,2,1312,HOH,O,O,15.99943,-0.848448690103,0.317796456355,0.652143528104
4569,2,1312,HOH,H1,H,1.007947,0.4242243450515,1.0,0.0
4570,2,1312,HOH,H2,H,1.007947,0.4242243450515,1.0,0.0
4571,2,1313,HOH,O,O,15.99943,-0.848448690103,0.317796456355,0.652143528104
4572,2,1313,HOH,H1,H,1.007947,0.4242243450515,1.0,0.0
4573,2,1313,HOH,H2,H,1.007947,0.4242243450515,1.0,0.0
4574,2,1314,HOH,O,O,15.99943,-0.848448690103,0.317796456355,0.652143528104
4575,2,1314,HOH,H1,H,1.007947,0.4242243450515,1.0,0.0
4576,2,1314,HOH,H2,H,1.007947,0.4242243450515,1.0,0.0
4577,2,1315,HOH,O,O,15.99943,-0.848448690103,0.317796456355,0.652143528104
4578,2,1315,HOH,H1,H,1.007947,0.4242243450515,1.0,0.0
4579,2,1315,HOH,H2,H,1.007947,0.4242243450515,1.0,0.0
4580,2,1316,HOH,O,O,15.99943,-0.848448690103,0.317796456355,0.652143528104
4581,2,1316,HOH,H1,H,1.007947,0.4242243450515,1.0,0.0
4582,2,1316,HOH,H2,H,1.007947,0.4242243450515,1.0,0.0
4583,2,1317,HOH,O,O,15.99943,-0.848448690103,0.317796456355,0.652143528104
4584,2,1317,HOH,H1,H,1.007947,0.4242243450515,1.0,0.0
4585,2,1317,HOH,H2,H,1.007947,0.4242243450515,1.0,0.0
4586,2,1318,HOH,O,O,15.99943,-0.848448690103,0.317796456355,0.652143528104
4587,2,1318,HOH,H1,H,1.007947,0.4242243450515,1.0,0.0
4588,2,1318,HOH,H2,H,1.007947,0.4242243450515,1.0,0.0
4589,2,1319,HOH,O,O,15.99943,-0.848448690103,0.317796456355,0.652143528104
4590,2,1319,HOH,H1,H,1.007947,0.4242243450515,1.0,0.0
4591,2,1319,HOH,H2,H,1.007947,0.4242243450515,1.0,0.0
4592,2,1320,HOH,O,O,15.99943,-0.848448690103,0.317796456355,0.652143528104
4593,2,1320,HOH,H1,H,1.007947,0.4242243450515,1.0,0.0
4594,2,1320,HOH,H2,H,1.007947,0.4242243450515,1.0,0.0
4595,2,1321,HOH,O,O,15.99943,-0.848448690103,0.317796456355,0.652143528104
4596,2,1321,HOH,H1,H,1.007947,0.4242243450515,1.0,0.0
4597,2,1321,HOH,H2,H,1.007947,0.4242243450515,1.0,0.0
4598,2,1322,HOH,O,O,15.99943,-0.848448690103,0.317796456355,0.652143528104
4599,2,1322,HOH,H1,H,1.007947,0.4242243450515,1.0,0.0
4600,2,1322,HOH,H2,H,1.007947,0.4242243450515,1.0,0.0
4601,2,1323,HOH,O,O,15.99943,-0.848448690103,0.317796456355,0.652143528104
4602,2,1323,HOH,H1,H,1.007947,0.4242243450515,1.0,0.0
4603,2,1323,HOH,H2,H,1.007947,0.4242243450515,1.0,0.0
4604,2,1324,HOH,O,O,15.99943,-0.848448690103,0.317796456355,0.652143528104
4605,2,1324,HOH,H1,H,1.007947,0.4242243450515,1.0,0.0
4606,2,1324,HOH,H2,H,1.007947,0.4242243450515,1.0,0.0
4607,2,1325,HOH,O,O,15.99943,-0.848448690103,0.317796456355,0.652143528104
4608,2,1325,HOH,H1,H,1.007947,0.4242243450515,1.0,0.0
4609,2,1325,HOH,H2,H,1.007947,0.4242243450515,1.0,0.0
4610,2,1326,HOH,O,O,15.99943,-0.848448690103,0.317796456355,0.652143528104
4611,2,1326,HOH,H1,H,1.007947,0.4242243450515,1.0,0.0
4612,2,1326,HOH,H2,H,1.007947,0.4242243450515,1.0,0.0
4613,2,1327,HOH,O,O,15.99943,-0.848448690103,0.317796456355,0.652143528104
4614,2,1327,HOH,H1,H,1.007947,0.4242243450515,1.0,0.0
4615,2,1327,HOH,H2,H,1.007947,0.4242243450515,1.0,0.0
4616,2,1328,HOH,O,O,15.99943,-0.848448690103,0.317796456355,0.652143528104
4617,2,1328,HOH,H1,H,1.007947,0.4242243450515,1.0,0.0
4618,2,1328,HOH,H2,H,1.007947,0.4242243450515,1.0,0.0
4619,2,1329,HOH,O,O,15.99943,-0.848448690103,0.317796456355,0.652143528104
4620,2,1329,HOH,H1,H,1.007947,0.4242243450515,1.0,0.0
4621,2,1329,HOH,H2,H,1.007947,0.4242243450515,1.0,0.0
4622,2,1330,HOH,O,O,15.99943,-0.848448690103,0.317796456355,0.652143528104
4623,2,1330,HOH,H1,H,1.007947,0.4242243450515,1.0,0.0
4624,2,1330,HOH,H2,H,1.007947,0.4242243450515,1.0,0.0
4625,2,1331,HOH,O,O,15.99943,-0.848448690103,0.317796456355,0.652143528104
4626,2,1331,HOH,H1,H,1.007947,0.4242243450515,1.0,0.0
4627,2,1331,HOH,H2,H,1.007947,0.4242243450515,1.0,0.0
4628,2,1332,HOH,O,O,15.99943,-0.848448690103,0.317796456355,0.652143528104
4629,2,1332,HOH,H1,H,1.007947,0.4242243450515,1.0,0.0
4630,2,1332,HOH,H2,H,1.007947,0.4242243450515,1.0,0.0
4631,2,1333,HOH,O,O,15.99943,-0.848448690103,0.317796456355,0.652143528104
4632,2,1333,HOH,H1,H,1.007947,0.4242243450515,1.0,0.0
4633,2,1333,HOH,H2,H,1.007947,0.4242243450515,1.0,0.0
4634,2,1334,HOH,O,O,15.99943,-0.848448690103,0.317796456355,0.652143528104
4635,2,1334,HOH,H1,H,1.007947,0.4242243450515,1.0,0.0
4636,2,1334,HOH,H2,H,1.007947,0.4242243450515,1.0,0.0
4637,2,1335,HOH,O,O,15.99943,-0.848448690103,0.317796456355,0.652143528104
4638,2,1335,HOH,H1,H,1.007947,0.4242243450515,1.0,0.0
4639,2,1335,HOH,H2,H,1.007947,0.4242243450515,1.0,0.0
4640,2,1336,HOH,O,O,15.99943,-0.848448690103,0.317796456355,0.652143528104
4641,2,1336,HOH,H1,H,1.007947,0.4242243450515,1.0,0.0
4642,2,1336,HOH,H2,H,1.007947,0.4242243450515,1.0,0.0
4643,2,1337,HOH,O,O,15.99943,-0.848448690103,0.317796456355,0.652143528104
4644,2,1337,HOH,H1,H,1.007947,0.4242243450515,1.0,0.0
4645,2,1337,HOH,H2,H,1.007947,0.4242243450515,1.0,0.0
4646,2,1338,HOH,O,O,15.99943,-0.848448690103,0.317796456355,0.652143528104
4647,2,1338,HOH,H1,H,1.007947,0.4242243450515,1.0,0.0
4648,2,1338,HOH,H2,H,1.007947,0.4242243450515,1.0,0.0
4649,2,1339,HOH,O,O,15.99943,-0.848448690103,0.317796456355,0.652143528104
4650,2,1339,HOH,H1,H,1.007947,0.4242243450515,1.0,0.0
4651,2,1339,HOH,H2,H,1.007947,0.4242243450515,1.0,0.0
4652,2,1340,HOH,O,O,15.99943,-0.848448690103,0.317796456355,0.652143528104
4653,2,1340,HOH,H1,H,1.007947,0.4242243450515,1.0,0.0
4654,2,1340,HOH,H2,H,1.007947,0.4242243450515,1.0,0.0
4655,2,1341,HOH,O,O,15.99943,-0.848448690103,0.317796456355,0.652143528104
4656,2,1341,HOH,H1,H,1.007947,0.4242243450515,1.0,0.0
4657,2,1341,HOH,H2,H,1.007947,0.4242243450515,1.0,0.0
4658,2,1342,HOH,O,O,15.99943,-0.848448690103,0.317796456355,0.652143528104
4659,2,1342,HOH,H1,H,1.007947,0.4242243450515,1.0,0.0
4660,2,1342,HOH,H2,H,1.007947,0.4242243450515,1.0,0.0
4661,2,1343,HOH,O,O,15.99943,-0.848448690103,0.317796456355,0.652143528104
4662,2,1343,HOH,H1,H,1.007947,0.4242243450515,1.0,0.0
4663,2,1343,HOH,H2,H,1.007947,0.4242243450515,1.0,0.0
4664,2,1344,HOH,O,O,15.99943,-0.848448690103,0.317796456355,0.652143528104
4665,2,1344,HOH,H1,H,1.007947,0.4242243450515,1.0,0.0
4666,2,1344,HOH,H2,H,1.007947,0.4242243450515,1.0,0.0
4667,2,1345,HOH,O,O,15.99943,-0.848448690103,0.317796456355,0.652143528104
4668,2,1345,HOH,H1,H,1.007947,0.4242243450515,1.0,0.0
4669,2,1345,HOH,H2,H,1.007947,0.4242243450515,1.0,0.0
4670,2,1346,HOH,O,O,15.99943,-0.848448690103,0.317796456355,0.652143528104
4671,2,1346,HOH,H1,H,1.007947,0.4242243450515,1.0,0.0
4672,2,1346,HOH,H2,H,1.007947,0.4242243450515,1.0,0.0
4673,2,1347,HOH,O,O,15.99943,-0.848448690103,0.317796456355,0.652143528104
4674,2,1347,HOH,H1,H,1.007947,0.4242243450515,1.0,0.0
4675,2,1347,HOH,H2,H,1.007947,0.4242243450515,1.0,0.0
4676,2,1348,HOH,O,O,15.99943,-0.848448690103,0.317796456355,0.652143528104
4677,2,1348,HOH,H1,H,1.007947,0.4242243450515,1.0,0.0
4678,2,1348,HOH,H2,H,1.007947,0.4242243450515,1.0,0.0
4679,2,1349,HOH,O,O,15.99943,-0.848448690103,0.317796456355,0.652143528104
4680,2,1349,HOH,H1,H,1.007947,0.4242243450515,1.0,0.0
4681,2,1349,HOH,H2,H,1.007947,0.4242243450515,1.0,0.0
4682,2,1350,HOH,O,O,15.99943,-0.848448690103,0.317796456355,0.652143528104
4683,2,1350,HOH,H1,H,1.007947,0.4242243450515,1.0,0.0
4684,2,1350,HOH,H2,H,1.007947,0.4242243450515,1.0,0.0
4685,2,1351,HOH,O,O,15.99943,-0.848448690103,0.317796456355,0.652143528104
4686,2,1351,HOH,H1,H,1.007947,0.4242243450515,1.0,0.0
4687,2,1351,HOH,H2,H,1.007947,0.4242243450515,1.0,0.0
4688,2,1352,HOH,O,O,15.99943,-0.848448690103,0.317796456355,0.652143528104
4689,2,1352,HOH,H1,H,1.007947,0.4242243450515,1.0,0.0
4690,2,1352,HOH,H2,H,1.007947,0.4242243450515,1.0,0.0
4691,2,1353,HOH,O,O,15.99943,-0.848448690103,0.317796456355,0.652143528104
4692,2,1353,HOH,H1,H,1.007947,0.4242243450515,1.0,0.0
4693,2,1353,HOH,H2,H,1.007947,0.4242243450515,1.0,0.0
4694,2,1354,HOH,O,O,15.99943,-0.848448690103,0.317796456355,0.652143528104
4695,2,1354,HOH,H1,H,1.007947,0.4242243450515,1.0,0.0
4696,2,1354,HOH,H2,H,1.007947,0.4242243450515,1.0,0.0
4697,2,1355,HOH,O,O,15.99943,-0.848448690103,0.317796456355,0.652143528104
4698,2,1355,HOH,H1,H,1.007947,0.4242243450515,1.0,0.0
4699,2,1355,HOH,H2,H,1.007947,0.4242243450515,1.0,0.0
4700,2,1356,HOH,O,O,15.99943,-0.848448690103,0.317796456355,0.652143528104
4701,2,1356,HOH,H1,H,1.007947,0.4242243450515,1.0,0.0
4702,2,1356,HOH,H2,H,1.007947,0.4242243450515,1.0,0.0
4703,2,1357,HOH,O,O,15.99943,-0.848448690103,0.317796456355,0.652143528104
4704,2,1357,HOH,H1,H,1.007947,0.4242243450515,1.0,0.0
4705,2,1357,HOH,H2,H,1.007947,0.4242243450515,1.0,0.0
4706,2,1358,HOH,O,O,15.99943,-0.848448690103,0.317796456355,0.652143528104
4707,2,1358,HOH,H1,H,1.007947,0.4242243450515,1.0,0.0
4708,2,1358,HOH,H2,H,1.007947,0.4242243450515,1.0,0.0
4709,2,1359,HOH,O,O,15.99943,-0.848448690103,0.317796456355,0.652143528104
4710,2,1359,HOH,H1,H,1.007947,0.4242243450515,1.0,0.0
4711,2,1359,HOH,H2,H,1.007947,0.4242243450515,1.0,0.0
4712,2,1360,HOH,O,O,15.99943,-0.848448690103,0.317796456355,0.652143528104
4713,2,1360,HOH,H1,H,1.007947,0.4242243450515,1.0,0.0
4714,2,1360,HOH,H2,H,1.007947,0.4242243450515,1.0,0.0
4715,2,1361,HOH,O,O,15.99943,-0.848448690103,0.317796456355,0.652143528104
4716,2,1361,HOH,H1,H,1.007947,0.4242243450515,1.0,0.0
4717,2,1361,HOH,H2,H,1.007947,0.4242243450515,1.0,0.0
4718,2,1362,HOH,O,O,15.99943,-0.848448690103,0.317796456355,0.652143528104
4719,2,1362,HOH,H1,H,1.007947,0.4242243450515,1.0,0.0
4720,2,1362,HOH,H2,H,1.007947,0.4242243450515,1.0,0.0
4721,2,1363,HOH,O,O,15.99943,-0.848448690103,0.317796456355,0.652143528104
4722,2,1363,HOH,H1,H,1.007947,0.4242243450515,1.0,0.0
4723,2,1363,HOH,H2,H,1.007947,0.4242243450515,1.0,0.0
4724,2,1364,HOH,O,O,15.99943,-0.848448690103,0.317796456355,0.652143528104
4725,2,1364,HOH,H1,H,1.007947,0.4242243450515,1.0,0.0
4726,2,1364,HOH,H2,H,1.007947,0.4242243450515,1.0,0.0
4727,2,1365,HOH,O,O,15.99943,-0.848448690103,0.317796456355,0.652143528104
4728,2,1365,HOH,H1,H,1.007947,0.4242243450515,1.0,0.0
4729,2,1365,HOH,H2,H,1.007947,0.4242243450515,1.0,0.0
4730,2,1366,HOH,O,O,15.99943,-0.848448690103,0.317796456355,0.652143528104
4731,2,1366,HOH,H1,H,1.007947,0.4242243450515,1.0,0.0
4732,2,1366,HOH,H2,H,1.007947,0.4242243450515,1.0,0.0
4733,2,1367,HOH,O,O,15.99943,-0.848448690103,0.317796456355,0.652143528104
4734,2,1367,HOH,H1,H,1.007947,0.4242243450515,1.0,0.0
4735,2,1367,HOH,H2,H,1.007947,0.4242243450515,1.0,0.0
4736,2,1368,HOH,O,O,15.99943,-0.848448690103,0.317796456355,0.652143528104
4737,2,1368,HOH,H1,H,1.007947,0.4242243450515,1.0,0.0
4738,2,1368,HOH,H2,H,1.007947,0.4242243450515,1.0,0.0
4739,2,1369,HOH,O,O,15.99943,-0.848448690103,0.317796456355,0.652143528104
4740,2,1369,HOH,H1,H,1.007947,0.4242243450515,1.0,0.0
4741,2,1369,HOH,H2,H,1.007947,0.4242243450515,1.0,0.0
4742,2,1370,HOH,O,O,15.99943,-0.848448690103,0.317796456355,0.652143528104
4743,2,1370,HOH,H1,H,1.007947,0.4242243450515,1.0,0.0
4744,2,1370,HOH,H2,H,1.007947,0.4242243450515,1.0,0.0
4745,2,1371,HOH,O,O,15.99943,-0.848448690103,0.317796456355,0.652143528104
4746,2,1371,HOH,H1,H,1.007947,0.4242243450515,1.0,0.0
4747,2,1371,HOH,H2,H,1.007947,0.4242243450515,1.0,0.0
4748,2,1372,HOH,O,O,15.99943,-0.848448690103,0.317796456355,0.652143528104
4749,2,1372,HOH,H1,H,1.007947,0.4242243450515,1.0,0.0
4750,2,1372,HOH,H2,H,1.007947,0.4242243450515,1.0,0.0
4751,2,1373,HOH,O,O,15.99943,-0.848448690103,0.317796456355,0.652143528104
4752,2,1373,HOH,H1,H,1.007947,0.4242243450515,1.0,0.0
4753,2,1373,HOH,H2,H,1.007947,0.4242243450515,1.0,0.0
4754,2,1374,HOH,O,O,15.99943,-0.848448690103,0.317796456355,0.652143528104
4755,2,1374,HOH,H1,H,1.007947,0.4242243450515,1.0,0.0
4756,2,1374,HOH,H2,H,1.007947,0.4242243450515,1.0,0.0
4757,2,1375,HOH,O,O,15.99943,-0.848448690103,0.317796456355,0.652143528104
4758,2,1375,HOH,H1,H,1.007947,0.4242243450515,1.0,0.0
4759,2,1375,HOH,H2,H,1.007947,0.4242243450515,1.0,0.0
4760,2,1376,HOH,O,O,15.99943,-0.848448690103,0.317796456355,0.652143528104
4761,2,1376,HOH,H1,H,1.007947,0.4242243450515,1.0,0.0
4762,2,1376,HOH,H2,H,1.007947,0.4242243450515,1.0,0.0
4763,2,1377,HOH,O,O,15.99943,-0.848448690103,0.317796456355,0.652143528104
4764,2,1377,HOH,H1,H,1.007947,0.4242243450515,1.0,0.0
4765,2,1377,HOH,H2,H,1.007947,0.4242243450515,1.0,0.0
4766,2,1378,HOH,O,O,15.99943,-0.848448690103,0.317796456355,0.652143528104
4767,2,1378,HOH,H1,H,1.007947,0.4242243450515,1.0,0.0
4768,2,1378,HOH,H2,H,1.007947,0.4242243450515,1.0,0.0
4769,2,1379,HOH,O,O,15.99943,-0.848448690103,0.317796456355,0.652143528104
4770,2,1379,HOH,H1,H,1.007947,0.4242243450515,1.0,0.0
4771,2,1379,HOH,H2,H,1.007947,0.4242243450515,1.0,0.0
4772,2,1380,HOH,O,O,15.99943,-0.848448690103,0.317796456355,0.652143528104
4773,2,1380,HOH,H1,H,1.007947,0.4242243450515,1.0,0.0
4774,2,1380,HOH,H2,H,1.007947,0.4242243450515,1.0,0.0
4775,2,1381,HOH,O,O,15.99943,-0.848448690103,0.317796456355,0.652143528104
4776,2,1381,HOH,H1,H,1.007947,0.4242243450515,1.0,0.0
4777,2,1381,HOH,H2,H,1.007947,0.4242243450515,1.0,0.0
4778,2,1382,HOH,O,O,15.99943,-0.848448690103,0.317796456355,0.652143528104
4779,2,1382,HOH,H1,H,1.007947,0.4242243450515,1.0,0.0
4780,2,1382,HOH,H2,H,1.007947,0.4242243450515,1.0,0.0
4781,2,1383,HOH,O,O,15.99943,-0.848448690103,0.317796456355,0.652143528104
4782,2,1383,HOH,H1,H,1.007947,0.4242243450515,1.0,0.0
4783,2,1383,HOH,H2,H,1.007947,0.4242243450515,1.0,0.0
4784,2,1384,HOH,O,O,15.99943,-0.848448690103,0.317796456355,0.652143528104
4785,2,1384,HOH,H1,H,1.007947,0.4242243450515,1.0,0.0
4786,2,1384,HOH,H2,H,1.007947,0.4242243450515,1.0,0.0
4787,2,1385,HOH,O,O,15.99943,-0.848448690103,0.317796456355,0.652143528104
4788,2,1385,HOH,H1,H,1.007947,0.4242243450515,1.0,0.0
4789,2,1385,HOH,H2,H,1.007947,0.4242243450515,1.0,0.0
4790,2,1386,HOH,O,O,15.99943,-0.848448690103,0.317796456355,0.652143528104
4791,2,1386,HOH,H1,H,1.007947,0.4242243450515,1.0,0.0
4792,2,1386,HOH,H2,H,1.007947,0.4242243450515,1.0,0.0
4793,2,1387,HOH,O,O,15.99943,-0.848448690103,0.317796456355,0.652143528104
4794,2,1387,HOH,H1,H,1.007947,0.4242243450515,1.0,0.0
4795,2,1387,HOH,H2,H,1.007947,0.4242243450515,1.0,0.0
4796,2,1388,HOH,O,O,15.99943,-0.848448690103,0.317796456355,0.652143528104
4797,2,1388,HOH,H1,H,1.007947,0.4242243450515,1.0,0.0
4798,2,1388,HOH,H2,H,1.007947,0.4242243450515,1.0,0.0
4799,2,1389,HOH,O,O,15.99943,-0.848448690103,0.317796456355,0.652143528104
4800,2,1389,HOH,H1,H,1.007947,0.4242243450515,1.0,0.0
4801,2,1389,HOH,H2,H,1.007947,0.4242243450515,1.0,0.0
4802,2,1390,HOH,O,O,15.99943,-0.848448690103,0.317796456355,0.652143528104
4803,2,1390,HOH,H1,H,1.007947,0.4242243450515,1.0,0.0
4804,2,1390,HOH,H2,H,1.007947,0.4242243450515,1.0,0.0
4805,2,1391,HOH,O,O,15.99943,-0.848448690103,0.317796456355,0.652143528104
4806,2,1391,HOH,H1,H,1.007947,0.4242243450515,1.0,0.0
4807,2,1391,HOH,H2,H,1.007947,0.4242243450515,1.0,0.0
4808,2,1392,HOH,O,O,15.99943,-0.848448690103,0.317796456355,0.652143528104
4809,2,1392,HOH,H1,H,1.007947,0.4242243450515,1.0,0.0
4810,2,1392,HOH,H2,H,1.007947,0.4242243450515,1.0,0.0
4811,2,1393,HOH,O,O,15.99943,-0.848448690103,0.317796456355,0.652143528104
4812,2,1393,HOH,H1,H,1.007947,0.4242243450515,1.0,0.0
4813,2,1393,HOH,H2,H,1.007947,0.4242243450515,1.0,0.0
4814,2,1394,HOH,O,O,15.99943,-0.848448690103,0.317796456355,0.652143528104
4815,2,1394,HOH,H1,H,1.007947,0.4242243450515,1.0,0.0
4816,2,1394,HOH,H2,H,1.007947,0.4242243450515,1.0,0.0
4817,2,1395,HOH,O,O,15.99943,-0.848448690103,0.317796456355,0.652143528104
4818,2,1395,HOH,H1,H,1.007947,0.4242243450515,1.0,0.0
4819,2,1395,HOH,H2,H,1.007947,0.4242243450515,1.0,0.0
4820,2,1396,HOH,O,O,15.99943,-0.848448690103,0.317796456355,0.652143528104
4821,2,1396,HOH,H1,H,1.007947,0.4242243450515,1.0,0.0
4822,2,1396,HOH,H2,H,1.007947,0.4242243450515,1.0,0.0
4823,2,1397,HOH,O,O,15.99943,-0.848448690103,0.317796456355,0.652143528104
4824,2,1397,HOH,H1,H,1.007947,0.4242243450515,1.0,0.0
4825,2,1397,HOH,H2,H,1.007947,0.4242243450515,1.0,0.0
4826,2,1398,HOH,O,O,15.99943,-0.848448690103,0.317796456355,0.652143528104
4827,2,1398,HOH,H1,H,1.007947,0.4242243450515,1.0,0.0
4828,2,1398,HOH,H2,H,1.007947,0.4242243450515,1.0,0.0
4829,2,1399,HOH,O,O,15.99943,-0.848448690103,0.317796456355,0.652143528104
4830,2,1399,HOH,H1,H,1.007947,0.4242243450515,1.0,0.0
4831,2,1399,HOH,H2,H,1.007947,0.4242243450515,1.0,0.0
4832,2,1400,HOH,O,O,15.99943,-0.848448690103,0.317796456355,0.652143528104
4833,2,1400,HOH,H1,H,1.007947,0.4242243450515,1.0,0.0
4834,2,1400,HOH,H2,H,1.007947,0.4242243450515,1.0,0.0
4835,2,1401,HOH,O,O,15.99943,-0.848448690103,0.317796456355,0.652143528104
4836,2,1401,HOH,H1,H,1.007947,0.4242243450515,1.0,0.0
4837,2,1401,HOH,H2,H,1.007947,0.4242243450515,1.0,0.0
4838,2,1402,HOH,O,O,15.99943,-0.848448690103,0.317796456355,0.652143528104
4839,2,1402,HOH,H1,H,1.007947,0.4242243450515,1.0,0.0
4840,2,1402,HOH,H2,H,1.007947,0.4242243450515,1.0,0.0
4841,2,1403,HOH,O,O,15.99943,-0.848448690103,0.317796456355,0.652143528104
4842,2,1403,HOH,H1,H,1.007947,0.4242243450515,1.0,0.0
4843,2,1403,HOH,H2,H,1.007947,0.4242243450515,1.0,0.0
4844,2,1404,HOH,O,O,15.99943,-0.848448690103,0.317796456355,0.652143528104
4845,2,1404,HOH,H1,H,1.007947,0.4242243450515,1.0,0.0
4846,2,1404,HOH,H2,H,1.007947,0.4242243450515,1.0,0.0
4847,2,1405,HOH,O,O,15.99943,-0.848448690103,0.317796456355,0.652143528104
4848,2,1405,HOH,H1,H,1.007947,0.4242243450515,1.0,0.0
4849,2,1405,HOH,H2,H,1.007947,0.4242243450515,1.0,0.0
4850,2,1406,HOH,O,O,15.99943,-0.848448690103,0.317796456355,0.652143528104
4851,2,1406,HOH,H1,H,1.007947,0.4242243450515,1.0,0.0
4852,2,1406,HOH,H2,H,1.007947,0.4242243450515,1.0,0.0
4853,2,1407,HOH,O,O,15.99943,-0.848448690103,0.317796456355,0.652143528104
4854,2,1407,HOH,H1,H,1.007947,0.4242243450515,1.0,0.0
4855,2,1407,HOH,H2,H,1.007947,0.4242243450515,1.0,0.0
4856,2,1408,HOH,O,O,15.99943,-0.848448690103,0.317796456355,0.652143528104
4857,2,1408,HOH,H1,H,1.007947,0.4242243450515,1.0,0.0
4858,2,1408,HOH,H2,H,1.007947,0.4242243450515,1.0,0.0
4859,2,1409,HOH,O,O,15.99943,-0.848448690103,0.317796456355,0.652143528104
4860,2,1409,HOH,H1,H,1.007947,0.4242243450515,1.0,0.0
4861,2,1409,HOH,H2,H,1.007947,0.4242243450515,1.0,0.0
4862,2,1410,HOH,O,O,15.99943,-0.848448690103,0.317796456355,0.652143528104
4863,2,1410,HOH,H1,H,1.007947,0.4242243450515,1.0,0.0
4864,2,1410,HOH,H2,H,1.007947,0.4242243450515,1.0,0.0
4865,2,1411,HOH,O,O,15.99943,-0.848448690103,0.317796456355,0.652143528104
4866,2,1411,HOH,H1,H,1.007947,0.4242243450515,1.0,0.0
4867,2,1411,HOH,H2,H,1.007947,0.4242243450515,1.0,0.0
4868,2,1412,HOH,O,O,15.99943,-0.848448690103,0.317796456355,0.652143528104
4869,2,1412,HOH,H1,H,1.007947,0.4242243450515,1.0,0.0
4870,2,1412,HOH,H2,H,1.007947,0.4242243450515,1.0,0.0
4871,2,1413,HOH,O,O,15.99943,-0.848448690103,0.317796456355,0.652143528104
4872,2,1413,HOH,H1,H,1.007947,0.4242243450515,1.0,0.0
4873,2,1413,HOH,H2,H,1.007947,0.4242243450515,1.0,0.0
4874,2,1414,HOH,O,O,15.99943,-0.848448690103,0.317796456355,0.652143528104
4875,2,1414,HOH,H1,H,1.007947,0.4242243450515,1.0,0.0
4876,2,1414,HOH,H2,H,1.007947,0.4242243450515,1.0,0.0
4877,2,1415,HOH,O,O,15.99943,-0.848448690103,0.317796456355,0.652143528104
4878,2,1415,HOH,H1,H,1.007947,0.4242243450515,1.0,0.0
4879,2,1415,HOH,H2,H,1.007947,0.4242243450515,1.0,0.0
4880,2,1416,HOH,O,O,15.99943,-0.848448690103,0.317796456355,0.652143528104
4881,2,1416,HOH,H1,H,1.007947,0.4242243450515,1.0,0.0
4882,2,1416,HOH,H2,H,1.007947,0.4242243450515,1.0,0.0
4883,2,1417,HOH,O,O,15.99943,-0.848448690103,0.317796456355,0.652143528104
4884,2,1417,HOH,H1,H,1.007947,0.4242243450515,1.0,0.0
4885,2,1417,HOH,H2,H,1.007947,0.4242243450515,1.0,0.0
4886,2,1418,HOH,O,O,15.99943,-0.848448690103,0.317796456355,0.652143528104
4887,2,1418,HOH,H1,H,1.007947,0.4242243450515,1.0,0.0
4888,2,1418,HOH,H2,H,1.007947,0.4242243450515,1.0,0.0
4889,2,1419,HOH,O,O,15.99943,-0.848448690103,0.317796456355,0.652143528104
4890,2,1419,HOH,H1,H,1.007947,0.4242243450515,1.0,0.0
4891,2,1419,HOH,H2,H,1.007947,0.4242243450515,1.0,0.0
4892,2,1420,HOH,O,O,15.99943,-0.848448690103,0.317796456355,0.652143528104
4893,2,1420,HOH,H1,H,1.007947,0.4242243450515,1.0,0.0
4894,2,1420,HOH,H2,H,1.007947,0.4242243450515,1.0,0.0
4895,2,1421,HOH,O,O,15.99943,-0.848448690103,0.317796456355,0.652143528104
4896,2,1421,HOH,H1,H,1.007947,0.4242243450515,1.0,0.0
4897,2,1421,HOH,H2,H,1.007947,0.4242243450515,1.0,0.0
4898,2,1422,HOH,O,O,15.99943,-0.848448690103,0.317796456355,0.652143528104
4899,2,1422,HOH,H1,H,1.007947,0.4242243450515,1.0,0.0
4900,2,1422,HOH,H2,H,1.007947,0.4242243450515,1.0,0.0
4901,2,1423,HOH,O,O,15.99943,-0.848448690103,0.317796456355,0.652143528104
4902,2,1423,HOH,H1,H,1.007947,0.4242243450515,1.0,0.0
4903,2,1423,HOH,H2,H,1.007947,0.4242243450515,1.0,0.0
4904,2,1424,HOH,O,O,15.99943,-0.848448690103,0.317796456355,0.652143528104
4905,2,1424,HOH,H1,H,1.007947,0.4242243450515,1.0,0.0
4906,2,1424,HOH,H2,H,1.007947,0.4242243450515,1.0,0.0
4907,2,1425,HOH,O,O,15.99943,-0.848448690103,0.317796456355,0.652143528104
4908,2,1425,HOH,H1,H,1.007947,0.4242243450515,1.0,0.0
4909,2,1425,HOH,H2,H,1.007947,0.4242243450515,1.0,0.0
4910,2,1426,HOH,O,O,15.99943,-0.848448690103,0.317796456355,0.652143528104
4911,2,1426,HOH,H1,H,1.007947,0.4242243450515,1.0,0.0
4912,2,1426,HOH,H2,H,1.007947,0.4242243450515,1.0,0.0
4913,2,1427,HOH,O,O,15.99943,-0.848448690103,0.317796456355,0.652143528104
4914,2,1427,HOH,H1,H,1.007947,0.4242243450515,1.0,0.0
4915,2,1427,HOH,H2,H,1.007947,0.4242243450515,1.0,0.0
4916,2,1428,HOH,O,O,15.99943,-0.848448690103,0.317796456355,0.652143528104
4917,2,1428,HOH,H1,H,1.007947,0.4242243450515,1.0,0.0
4918,2,1428,HOH,H2,H,1.007947,0.4242243450515,1.0,0.0
4919,2,1429,HOH,O,O,15.99943,-0.848448690103,0.317796456355,0.652143528104
4920,2,1429,HOH,H1,H,1.007947,0.4242243450515,1.0,0.0
4921,2,1429,HOH,H2,H,1.007947,0.4242243450515,1.0,0.0
4922,2,1430,HOH,O,O,15.99943,-0.848448690103,0.317796456355,0.652143528104
4923,2,1430,HOH,H1,H,1.007947,0.4242243450515,1.0,0.0
4924,2,1430,HOH,H2,H,1.007947,0.4242243450515,1.0,0.0
4925,2,1431,HOH,O,O,15.99943,-0.848448690103,0.317796456355,0.652143528104
4926,2,1431,HOH,H1,H,1.007947,0.4242243450515,1.0,0.0
4927,2,1431,HOH,H2,H,1.007947,0.4242243450515,1.0,0.0
4928,2,1432,HOH,O,O,15.99943,-0.848448690103,0.317796456355,0.652143528104
4929,2,1432,HOH,H1,H,1.007947,0.4242243450515,1.0,0.0
4930,2,1432,HOH,H2,H,1.007947,0.4242243450515,1.0,0.0
4931,2,1433,HOH,O,O,15.99943,-0.848448690103,0.317796456355,0.652143528104
4932,2,1433,HOH,H1,H,1.007947,0.4242243450515,1.0,0.0
4933,2,1433,HOH,H2,H,1.007947,0.4242243450515,1.0,0.0
4934,2,1434,HOH,O,O,15.99943,-0.848448690103,0.317796456355,0.652143528104
4935,2,1434,HOH,H1,H,1.007947,0.4242243450515,1.0,0.0
4936,2,1434,HOH,H2,H,1.007947,0.4242243450515,1.0,0.0
4937,2,1435,HOH,O,O,15.99943,-0.848448690103,0.317796456355,0.652143528104
4938,2,1435,HOH,H1,H,1.007947,0.4242243450515,1.0,0.0
4939,2,1435,HOH,H2,H,1.007947,0.4242243450515,1.0,0.0
4940,2,1436,HOH,O,O,15.99943,-0.848448690103,0.317796456355,0.652143528104
4941,2,1436,HOH,H1,H,1.007947,0.4242243450515,1.0,0.0
4942,2,1436,HOH,H2,H,1.007947,0.4242243450515,1.0,0.0
4943,2,1437,HOH,O,O,15.99943,-0.848448690103,0.317796456355,0.652143528104
4944,2,1437,HOH,H1,H,1.007947,0.4242243450515,1.0,0.0
4945,2,1437,HOH,H2,H,1.007947,0.4242243450515,1.0,0.0
4946,2,1438,HOH,O,O,15.99943,-0.848448690103,0.317796456355,0.652143528104
4947,2,1438,HOH,H1,H,1.007947,0.4242243450515,1.0,0.0
4948,2,1438,HOH,H2,H,1.007947,0.4242243450515,1.0,0.0
4949,2,1439,HOH,O,O,15.99943,-0.848448690103,0.317796456355,0.652143528104
4950,2,1439,HOH,H1,H,1.007947,0.4242243450515,1.0,0.0
4951,2,1439,HOH,H2,H,1.007947,0.4242243450515,1.0,0.0
4952,2,1440,HOH,O,O,15.99943,-0.848448690103,0.317796456355,0.652143528104
4953,2,1440,HOH,H1,H,1.007947,0.4242243450515,1.0,0.0
4954,2,1440,HOH,H2,H,1.007947,0.4242243450515,1.0,0.0
4955,2,1441,HOH,O,O,15.99943,-0.848448690103,0.317796456355,0.652143528104
4956,2,1441,HOH,H1,H,1.007947,0.4242243450515,1.0,0.0
4957,2,1441,HOH,H2,H,1.007947,0.4242243450515,1.0,0.0
4958,2,1442,HOH,O,O,15.99943,-0.848448690103,0.317796456355,0.652143528104
4959,2,1442,HOH,H1,H,1.007947,0.4242243450515,1.0,0.0
4960,2,1442,HOH,H2,H,1.007947,0.4242243450515,1.0,0.0
4961,2,1443,HOH,O,O,15.99943,-0.848448690103,0.317796456355,0.652143528104
4962,2,1443,HOH,H1,H,1.007947,0.4242243450515,1.0,0.0
4963,2,1443,HOH,H2,H,1.007947,0.4242243450515,1.0,0.0
4964,2,1444,HOH,O,O,15.99943,-0.848448690103,0.317796456355,0.652143528104
4965,2,1444,HOH,H1,H,1.007947,0.4242243450515,1.0,0.0
4966,2,1444,HOH,H2,H,1.007947,0.4242243450515,1.0,0.0
4967,2,1445,HOH,O,O,15.99943,-0.848448690103,0.317796456355,0.652143528104
4968,2,1445,HOH,H1,H,1.007947,0.4242243450515,1.0,0.0
4969,2,1445,HOH,H2,H,1.007947,0.4242243450515,1.0,0.0
4970,2,1446,HOH,O,O,15.99943,-0.848448690103,0.317796456355,0.652143528104
4971,2,1446,HOH,H1,H,1.007947,0.4242243450515,1.0,0.0
4972,2,1446,HOH,H2,H,1.007947,0.4242243450515,1.0,0.0
4973,2,1447,HOH,O,O,15.99943,-0.848448690103,0.317796456355,0.652143528104
4974,2,1447,HOH,H1,H,1.007947,0.4242243450515,1.0,0.0
4975,2,1447,HOH,H2,H,1.007947,0.4242243450515,1.0,0.0
4976,2,1448,HOH,O,O,15.99943,-0.848448690103,0.317796456355,0.652143528104
4977,2,1448,HOH,H1,H,1.007947,0.4242243450515,1.0,0.0
4978,2,1448,HOH,H2,H,1.007947,0.4242243450515,1.0,0.0
4979,2,1449,HOH,O,O,15.99943,-0.848448690103,0.317796456355,0.652143528104
4980,2,1449,HOH,H1,H,1.007947,0.4242243450515,1.0,0.0
4981,2,1449,HOH,H2,H,1.007947,0.4242243450515,1.0,0.0
4982,2,1450,HOH,O,O,15.99943,-0.848448690103,0.317796456355,0.652143528104
4983,2,1450,HOH,H1,H,1.007947,0.4242243450515,1.0,0.0
4984,2,1450,HOH,H2,H,1.007947,0.4242243450515,1.0,0.0
4985,2,1451,HOH,O,O,15.99943,-0.848448690103,0.317796456355,0.652143528104
4986,2,1451,HOH,H1,H,1.007947,0.4242243450515,1.0,0.0
4987,2,1451,HOH,H2,H,1.007947,0.4242243450515,1.0,0.0
4988,2,1452,HOH,O,O,15.99943,-0.848448690103,0.317796456355,0.652143528104
4989,2,1452,HOH,H1,H,1.007947,0.4242243450515,1.0,0.0
4990,2,1452,HOH,H2,H,1.007947,0.4242243450515,1.0,0.0
4991,2,1453,HOH,O,O,15.99943,-0.848448690103,0.317796456355,0.652143528104
4992,2,1453,HOH,H1,H,1.007947,0.4242243450515,1.0,0.0
4993,2,1453,HOH,H2,H,1.007947,0.4242243450515,1.0,0.0
4994,2,1454,HOH,O,O,15.99943,-0.848448690103,0.317796456355,0.652143528104
4995,2,1454,HOH,H1,H,1.007947,0.4242243450515,1.0,0.0
4996,2,1454,HOH,H2,H,1.007947,0.4242243450515,1.0,0.0
4997,2,1455,HOH,O,O,15.99943,-0.848448690103,0.317796456355,0.652143528104
4998,2,1455,HOH,H1,H,1.007947,0.4242243450515,1.0,0.0
4999,2,1455,HOH,H2,H,1.007947,0.4242243450515,1.0,0.0
5000,2,1456,HOH,O,O,15.99943,-0.848448690103,0.317796456355,0.652143528104
5001,2,1456,HOH,H1,H,1.007947,0.4242243450515,1.0,0.0
5002,2,1456,HOH,H2,H,1.007947,0.4242243450515,1.0,0.0
5003,2,1457,HOH,O,O,15.99943,-0.848448690103,0.317796456355,0.652143528104
5004,2,1457,HOH,H1,H,1.007947,0.4242243450515,1.0,0.0
5005,2,1457,HOH,H2,H,1.007947,0.4242243450515,1.0,0.0
5006,2,1458,HOH,O,O,15.99943,-0.848448690103,0.317796456355,0.652143528104
5007,2,1458,HOH,H1,H,1.007947,0.4242243450515,1.0,0.0
5008,2,1458,HOH,H2,H,1.007947,0.4242243450515,1.0,0.0
5009,2,1459,HOH,O,O,15.99943,-0.848448690103,0.317796456355,0.652143528104
5010,2,1459,HOH,H1,H,1.007947,0.4242243450515,1.0,0.0
5011,2,1459,HOH,H2,H,1.007947,0.4242243450515,1.0,0.0
5012,2,1460,HOH,O,O,15.99943,-0.848448690103,0.317796456355,0.652143528104
5013,2,1460,HOH,H1,H,1.007947,0.4242243450515,1.0,0.0
5014,2,1460,HOH,H2,H,1.007947,0.4242243450515,1.0,0.0
5015,2,1461,HOH,O,O,15.99943,-0.848448690103,0.317796456355,0.652143528104
5016,2,1461,HOH,H1,H,1.007947,0.4242243450515,1.0,0.0
5017,2,1461,HOH,H2,H,1.007947,0.4242243450515,1.0,0.0
5018,2,1462,HOH,O,O,15.99943,-0.848448690103,0.317796456355,0.652143528104
5019,2,1462,HOH,H1,H,1.007947,0.4242243450515,1.0,0.0
5020,2,1462,HOH,H2,H,1.007947,0.4242243450515,1.0,0.0
5021,2,1463,HOH,O,O,15.99943,-0.848448690103,0.317796456355,0.652143528104
5022,2,1463,HOH,H1,H,1.007947,0.4242243450515,1.0,0.0
5023,2,1463,HOH,H2,H,1.007947,0.4242243450515,1.0,0.0
5024,2,1465,HOH,O,O,15.99943,-0.848448690103,0.317796456355,0.652143528104
5025,2,1465,HOH,H1,H,1.007947,0.4242243450515,1.0,0.0
5026,2,1465,HOH,H2,H,1.007947,0.4242243450515,1.0,0.0
5027,2,1466,HOH,O,O,15.99943,-0.848448690103,0.317796456355,0.652143528104
5028,2,1466,HOH,H1,H,1.007947,0.4242243450515,1.0,0.0
5029,2,1466,HOH,H2,H,1.007947,0.4242243450515,1.0,0.0
5030,2,1467,HOH,O,O,15.99943,-0.848448690103,0.317796456355,0.652143528104
5031,2,1467,HOH,H1,H,1.007947,0.4242243450515,1.0,0.0
5032,2,1467,HOH,H2,H,1.007947,0.4242243450515,1.0,0.0
5033,2,1468,HOH,O,O,15.99943,-0.848448690103,0.317796456355,0.652143528104
5034,2,1468,HOH,H1,H,1.007947,0.4242243450515,1.0,0.0
5035,2,1468,HOH,H2,H,1.007947,0.4242243450515,1.0,0.0
5036,2,1469,HOH,O,O,15.99943,-0.848448690103,0.317796456355,0.652143528104
5037,2,1469,HOH,H1,H,1.007947,0.4242243450515,1.0,0.0
5038,2,1469,HOH,H2,H,1.007947,0.4242243450515,1.0,0.0
5039,2,1470,HOH,O,O,15.99943,-0.848448690103,0.317796456355,0.652143528104
5040,2,1470,HOH,H1,H,1.007947,0.4242243450515,1.0,0.0
5041,2,1470,HOH,H2,H,1.007947,0.4242243450515,1.0,0.0
5042,2,1471,HOH,O,O,15.99943,-0.848448690103,0.317796456355,0.652143528104
5043,2,1471,HOH,H1,H,1.007947,0.4242243450515,1.0,0.0
5044,2,1471,HOH,H2,H,1.007947,0.4242243450515,1.0,0.0
5045,2,1472,HOH,O,O,15.99943,-0.848448690103,0.317796456355,0.652143528104
5046,2,1472,HOH,H1,H,1.007947,0.4242243450515,1.0,0.0
5047,2,1472,HOH,H2,H,1.007947,0.4242243450515,1.0,0.0
5048,2,1473,HOH,O,O,15.99943,-0.848448690103,0.317796456355,0.652143528104
5049,2,1473,HOH,H1,H,1.007947,0.4242243450515,1.0,0.0
5050,2,1473,HOH,H2,H,1.007947,0.4242243450515,1.0,0.0
5051,2,1474,HOH,O,O,15.99943,-0.848448690103,0.317796456355,0.652143528104
5052,2,1474,HOH,H1,H,1.007947,0.4242243450515,1.0,0.0
5053,2,1474,HOH,H2,H,1.007947,0.4242243450515,1.0,0.0
5054,2,1475,HOH,O,O,15.99943,-0.848448690103,0.317796456355,0.652143528104
5055,2,1475,HOH,H1,H,1.007947,0.4242243450515,1.0,0.0
5056,2,1475,HOH,H2,H,1.007947,0.4242243450515,1.0,0.0
5057,2,1476,HOH,O,O,15.99943,-0.848448690103,0.317796456355,0.652143528104
5058,2,1476,HOH,H1,H,1.007947,0.4242243450515,1.0,0.0
5059,2,1476,HOH,H2,H,1.007947,0.4242243450515,1.0,0.0
5060,2,1477,HOH,O,O,15.99943,-0.848448690103,0.317796456355,0.652143528104
5061,2,1477,HOH,H1,H,1.007947,0.4242243450515,1.0,0.0
5062,2,1477,HOH,H2,H,1.007947,0.4242243450515,1.0,0.0
5063,2,1478,HOH,O,O,15.99943,-0.848448690103,0.317796456355,0.652143528104
5064,2,1478,HOH,H1,H,1.007947,0.4242243450515,1.0,0.0
5065,2,1478,HOH,H2,H,1.007947,0.4242243450515,1.0,0.0
5066,2,1479,HOH,O,O,15.99943,-0.848448690103,0.317796456355,0.652143528104
5067,2,1479,HOH,H1,H,1.007947,0.4242243450515,1.0,0.0
5068,2,1479,HOH,H2,H,1.007947,0.4242243450515,1.0,0.0
5069,2,1481,HOH,O,O,15.99943,-0.848448690103,0.317796456355,0.652143528104
5070,2,1481,HOH,H1,H,1.007947,0.4242243450515,1.0,0.0
5071,2,1481,HOH,H2,H,1.007947,0.4242243450515,1.0,0.0
5072,2,1482,HOH,O,O,15.99943,-0.848448690103,0.317796456355,0.652143528104
5073,2,1482,HOH,H1,H,1.007947,0.4242243450515,1.0,0.0
5074,2,1482,HOH,H2,H,1.007947,0.4242243450515,1.0,0.0
5075,2,1483,HOH,O,O,15.99943,-0.848448690103,0.317796456355,0.652143528104
5076,2,1483,HOH,H1,H,1.007947,0.4242243450515,1.0,0.0
5077,2,1483,HOH,H2,H,1.007947,0.4242243450515,1.0,0.0
5078,2,1484,HOH,O,O,15.99943,-0.848448690103,0.317796456355,0.652143528104
5079,2,1484,HOH,H1,H,1.007947,0.4242243450515,1.0,0.0
5080,2,1484,HOH,H2,H,1.007947,0.4242243450515,1.0,0.0
5081,2,1485,HOH,O,O,15.99943,-0.848448690103,0.317796456355,0.652143528104
5082,2,1485,HOH,H1,H,1.007947,0.4242243450515,1.0,0.0
5083,2,1485,HOH,H2,H,1.007947,0.4242243450515,1.0,0.0
5084,2,1486,HOH,O,O,15.99943,-0.848448690103,0.317796456355,0.652143528104
5085,2,1486,HOH,H1,H,1.007947,0.4242243450515,1.0,0.0
5086,2,1486,HOH,H2,H,1.007947,0.4242243450515,1.0,0.0
5087,2,1487,HOH,O,O,15.99943,-0.848448690103,0.317796456355,0.652143528104
5088,2,1487,HOH,H1,H,1.007947,0.4242243450515,1.0,0.0
5089,2,1487,HOH,H2,H,1.007947,0.4242243450515,1.0,0.0
5090,2,1488,HOH,O,O,15.99943,-0.848448690103,0.317796456355,0.652143528104
5091,2,1488,HOH,H1,H,1.007947,0.4242243450515,1.0,0.0
5092,2,1488,HOH,H2,H,1.007947,0.4242243450515,1.0,0.0
5093,2,1489,HOH,O,O,15.99943,-0.848448690103,0.317796456355,0.652143528104
5094,2,1489,HOH,H1,H,1.007947,0.4242243450515,1.0,0.0
5095,2,1489,HOH,H2,H,1.007947,0.4242243450515,1.0,0.0
5096,2,1490,HOH,O,O,15.99943,-0.848448690103,0.317796456355,0.652143528104
5097,2,1490,HOH,H1,H,1.007947,0.4242243450515,1.0,0.0
5098,2,1490,HOH,H2,H,1.007947,0.4242243450515,1.0,0.0
5099,2,1491,HOH,O,O,15.99943,-0.848448690103,0.317796456355,0.652143528104
5100,2,1491,HOH,H1,H,1.007947,0.4242243450515,1.0,0.0
5101,2,1491,HOH,H2,H,1.007947,0.4242243450515,1.0,0.0
5102,2,1492,HOH,O,O,15.99943,-0.848448690103,0.317796456355,0.652143528104
5103,2,1492,HOH,H1,H,1.007947,0.4242243450515,1.0,0.0
5104,2,1492,HOH,H2,H,1.007947,0.4242243450515,1.0,0.0
5105,2,1493,HOH,O,O,15.99943,-0.848448690103,0.317796456355,0.652143528104
5106,2,1493,HOH,H1,H,1.007947,0.4242243450515,1.0,0.0
5107,2,1493,HOH,H2,H,1.007947,0.4242243450515,1.0,0.0
5108,2,1494,HOH,O,O,15.99943,-0.848448690103,0.317796456355,0.652143528104
5109,2,1494,HOH,H1,H,1.007947,0.4242243450515,1.0,0.0
5110,2,1494,HOH,H2,H,1.007947,0.4242243450515,1.0,0.0
5111,2,1495,HOH,O,O,15.99943,-0.848448690103,0.317796456355,0.652143528104
5112,2,1495,HOH,H1,H,1.007947,0.4242243450515,1.0,0.0
5113,2,1495,HOH,H2,H,1.007947,0.4242243450515,1.0,0.0
5114,2,1496,HOH,O,O,15.99943,-0.848448690103,0.317796456355,0.652143528104
5115,2,1496,HOH,H1,H,1.007947,0.4242243450515,1.0,0.0
5116,2,1496,HOH,H2,H,1.007947,0.4242243450515,1.0,0.0
5117,2,1497,HOH,O,O,15.99943,-0.848448690103,0.317796456355,0.652143528104
5118,2,1497,HOH,H1,H,1.007947,0.4242243450515,1.0,0.0
5119,2,1497,HOH,H2,H,1.007947,0.4242243450515,1.0,0.0
5120,2,1498,HOH,O,O,15.99943,-0.848448690103,0.317796456355,0.652143528104
5121,2,1498,HOH,H1,H,1.007947,0.4242243450515,1.0,0.0
5122,2,1498,HOH,H2,H,1.007947,0.4242243450515,1.0,0.0
5123,2,1499,HOH,O,O,15.99943,-0.848448690103,0.317796456355,0.652143528104
5124,2,1499,HOH,H1,H,1.007947,0.4242243450515,1.0,0.0
5125,2,1499,HOH,H2,H,1.007947,0.4242243450515,1.0,0.0
5126,2,1500,HOH,O,O,15.99943,-0.848448690103,0.317796456355,0.652143528104
5127,2,1500,HOH,H1,H,1.007947,0.4242243450515,1.0,0.0
5128,2,1500,HOH,H2,H,1.007947,0.4242243450515,1.0,0.0
5129,2,1501,HOH,O,O,15.99943,-0.848448690103,0.317796456355,0.652143528104
5130,2,1501,HOH,H1,H,1.007947,0.4242243450515,1.0,0.0
5131,2,1501,HOH,H2,H,1.007947,0.4242243450515,1.0,0.0
5132,2,1502,HOH,O,O,15.99943,-0.848448690103,0.317796456355,0.652143528104
5133,2,1502,HOH,H1,H,1.007947,0.4242243450515,1.0,0.0
5134,2,1502,HOH,H2,H,1.007947,0.4242243450515,1.0,0.0
5135,2,1503,HOH,O,O,15.99943,-0.848448690103,0.317796456355,0.652143528104
5136,2,1503,HOH,H1,H,1.007947,0.4242243450515,1.0,0.0
5137,2,1503,HOH,H2,H,1.007947,0.4242243450515,1.0,0.0
5138,2,1504,HOH,O,O,15.99943,-0.848448690103,0.317796456355,0.652143528104
5139,2,1504,HOH,H1,H,1.007947,0.4242243450515,1.0,0.0
5140,2,1504,HOH,H2,H,1.007947,0.4242243450515,1.0,0.0
5141,2,1505,HOH,O,O,15.99943,-0.848448690103,0.317796456355,0.652143528104
5142,2,1505,HOH,H1,H,1.007947,0.4242243450515,1.0,0.0
5143,2,1505,HOH,H2,H,1.007947,0.4242243450515,1.0,0.0
5144,2,1506,HOH,O,O,15.99943,-0.848448690103,0.317796456355,0.652143528104
5145,2,1506,HOH,H1,H,1.007947,0.4242243450515,1.0,0.0
5146,2,1506,HOH,H2,H,1.007947,0.4242243450515,1.0,0.0
5147,2,1507,HOH,O,O,15.99943,-0.848448690103,0.317796456355,0.652143528104
5148,2,1507,HOH,H1,H,1.007947,0.4242243450515,1.0,0.0
5149,2,1507,HOH,H2,H,1.007947,0.4242243450515,1.0,0.0
5150,2,1508,HOH,O,O,15.99943,-0.848448690103,0.317796456355,0.652143528104
5151,2,1508,HOH,H1,H,1.007947,0.4242243450515,1.0,0.0
5152,2,1508,HOH,H2,H,1.007947,0.4242243450515,1.0,0.0
5153,2,1509,HOH,O,O,15.99943,-0.848448690103,0.317796456355,0.652143528104
5154,2,1509,HOH,H1,H,1.007947,0.4242243450515,1.0,0.0
5155,2,1509,HOH,H2,H,1.007947,0.4242243450515,1.0,0.0
5156,2,1510,HOH,O,O,15.99943,-0.848448690103,0.317796456355,0.652143528104
5157,2,1510,HOH,H1,H,1.007947,0.4242243450515,1.0,0.0
5158,2,1510,HOH,H2,H,1.007947,0.4242243450515,1.0,0.0
5159,2,1511,HOH,O,O,15.99943,-0.848448690103,0.317796456355,0.652143528104
5160,2,1511,HOH,H1,H,1.007947,0.4242243450515,1.0,0.0
5161,2,1511,HOH,H2,H,1.007947,0.4242243450515,1.0,0.0
5162,2,1512,HOH,O,O,15.99943,-0.848448690103,0.317796456355,0.652143528104
5163,2,1512,HOH,H1,H,1.007947,0.4242243450515,1.0,0.0
5164,2,1512,HOH,H2,H,1.007947,0.4242243450515,1.0,0.0
5165,2,1513,HOH,O,O,15.99943,-0.848448690103,0.317796456355,0.652143528104
5166,2,1513,HOH,H1,H,1.007947,0.4242243450515,1.0,0.0
5167,2,1513,HOH,H2,H,1.007947,0.4242243450515,1.0,0.0
5168,2,1514,HOH,O,O,15.99943,-0.848448690103,0.317796456355,0.652143528104
5169,2,1514,HOH,H1,H,1.007947,0.4242243450515,1.0,0.0
5170,2,1514,HOH,H2,H,1.007947,0.4242243450515,1.0,0.0
5171,2,1515,HOH,O,O,15.99943,-0.848448690103,0.317796456355,0.652143528104
5172,2,1515,HOH,H1,H,1.007947,0.4242243450515,1.0,0.0
5173,2,1515,HOH,H2,H,1.007947,0.4242243450515,1.0,0.0
5174,2,1516,HOH,O,O,15.99943,-0.848448690103,0.317796456355,0.652143528104
5175,2,1516,HOH,H1,H,1.007947,0.4242243450515,1.0,0.0
5176,2,1516,HOH,H2,H,1.007947,0.4242243450515,1.0,0.0
5177,2,1517,HOH,O,O,15.99943,-0.848448690103,0.317796456355,0.652143528104
5178,2,1517,HOH,H1,H,1.007947,0.4242243450515,1.0,0.0
5179,2,1517,HOH,H2,H,1.007947,0.4242243450515,1.0,0.0
5180,2,1518,HOH,O,O,15.99943,-0.848448690103,0.317796456355,0.652143528104
5181,2,1518,HOH,H1,H,1.007947,0.4242243450515,1.0,0.0
5182,2,1518,HOH,H2,H,1.007947,0.4242243450515,1.0,0.0
5183,2,1519,HOH,O,O,15.99943,-0.848448690103,0.317796456355,0.652143528104
5184,2,1519,HOH,H1,H,1.007947,0.4242243450515,1.0,0.0
5185,2,1519,HOH,H2,H,1.007947,0.4242243450515,1.0,0.0
5186,2,1520,HOH,O,O,15.99943,-0.848448690103,0.317796456355,0.652143528104
5187,2,1520,HOH,H1,H,1.007947,0.4242243450515,1.0,0.0
5188,2,1520,HOH,H2,H,1.007947,0.4242243450515,1.0,0.0
5189,2,1521,HOH,O,O,15.99943,-0.848448690103,0.317796456355,0.652143528104
5190,2,1521,HOH,H1,H,1.007947,0.4242243450515,1.0,0.0
5191,2,1521,HOH,H2,H,1.007947,0.4242243450515,1.0,0.0
5192,2,1522,HOH,O,O,15.99943,-0.848448690103,0.317796456355,0.652143528104
5193,2,1522,HOH,H1,H,1.007947,0.4242243450515,1.0,0.0
5194,2,1522,HOH,H2,H,1.007947,0.4242243450515,1.0,0.0
5195,2,1523,HOH,O,O,15.99943,-0.848448690103,0.317796456355,0.652143528104
5196,2,1523,HOH,H1,H,1.007947,0.4242243450515,1.0,0.0
5197,2,1523,HOH,H2,H,1.007947,0.4242243450515,1.0,0.0
5198,2,1524,HOH,O,O,15.99943,-0.848448690103,0.317796456355,0.652143528104
5199,2,1524,HOH,H1,H,1.007947,0.4242243450515,1.0,0.0
5200,2,1524,HOH,H2,H,1.007947,0.4242243450515,1.0,0.0
5201,2,1525,HOH,O,O,15.99943,-0.848448690103,0.317796456355,0.652143528104
5202,2,1525,HOH,H1,H,1.007947,0.4242243450515,1.0,0.0
5203,2,1525,HOH,H2,H,1.007947,0.4242243450515,1.0,0.0
5204,2,1526,HOH,O,O,15.99943,-0.848448690103,0.317796456355,0.652143528104
5205,2,1526,HOH,H1,H,1.007947,0.4242243450515,1.0,0.0
5206,2,1526,HOH,H2,H,1.007947,0.4242243450515,1.0,0.0
5207,2,1527,HOH,O,O,15.99943,-0.848448690103,0.317796456355,0.652143528104
5208,2,1527,HOH,H1,H,1.007947,0.4242243450515,1.0,0.0
5209,2,1527,HOH,H2,H,1.007947,0.4242243450515,1.0,0.0
5210,2,1528,HOH,O,O,15.99943,-0.848448690103,0.317796456355,0.652143528104
5211,2,1528,HOH,H1,H,1.007947,0.4242243450515,1.0,0.0
5212,2,1528,HOH,H2,H,1.007947,0.4242243450515,1.0,0.0
5213,2,1529,HOH,O,O,15.99943,-0.848448690103,0.317796456355,0.652143528104
5214,2,1529,HOH,H1,H,1.007947,0.4242243450515,1.0,0.0
5215,2,1529,HOH,H2,H,1.007947,0.4242243450515,1.0,0.0
5216,2,1530,HOH,O,O,15.99943,-0.848448690103,0.317796456355,0.652143528104
5217,2,1530,HOH,H1,H,1.007947,0.4242243450515,1.0,0.0
5218,2,1530,HOH,H2,H,1.007947,0.4242243450515,1.0,0.0
5219,2,1531,HOH,O,O,15.99943,-0.848448690103,0.317796456355,0.652143528104
5220,2,1531,HOH,H1,H,1.007947,0.4242243450515,1.0,0.0
5221,2,1531,HOH,H2,H,1.007947,0.4242243450515,1.0,0.0
5222,2,1532,HOH,O,O,15.99943,-0.848448690103,0.317796456355,0.652143528104
5223,2,1532,HOH,H1,H,1.007947,0.4242243450515,1.0,0.0
5224,2,1532,HOH,H2,H,1.007947,0.4242243450515,1.0,0.0
5225,2,1533,HOH,O,O,15.99943,-0.848448690103,0.317796456355,0.652143528104
5226,2,1533,HOH,H1,H,1.007947,0.4242243450515,1.0,0.0
5227,2,1533,HOH,H2,H,1.007947,0.4242243450515,1.0,0.0
5228,2,1534,HOH,O,O,15.99943,-0.848448690103,0.317796456355,0.652143528104
5229,2,1534,HOH,H1,H,1.007947,0.4242243450515,1.0,0.0
5230,2,1534,HOH,H2,H,1.007947,0.4242243450515,1.0,0.0
5231,2,1535,HOH,O,O,15.99943,-0.848448690103,0.317796456355,0.652143528104
5232,2,1535,HOH,H1,H,1.007947,0.4242243450515,1.0,0.0
5233,2,1535,HOH,H2,H,1.007947,0.4242243450515,1.0,0.0
5234,2,1536,HOH,O,O,15.99943,-0.848448690103,0.317796456355,0.652143528104
5235,2,1536,HOH,H1,H,1.007947,0.4242243450515,1.0,0.0
5236,2,1536,HOH,H2,H,1.007947,0.4242243450515,1.0,0.0
5237,2,1537,HOH,O,O,15.99943,-0.848448690103,0.317796456355,0.652143528104
5238,2,1537,HOH,H1,H,1.007947,0.4242243450515,1.0,0.0
5239,2,1537,HOH,H2,H,1.007947,0.4242243450515,1.0,0.0
5240,2,1538,HOH,O,O,15.99943,-0.848448690103,0.317796456355,0.652143528104
5241,2,1538,HOH,H1,H,1.007947,0.4242243450515,1.0,0.0
5242,2,1538,HOH,H2,H,1.007947,0.4242243450515,1.0,0.0
5243,2,1539,HOH,O,O,15.99943,-0.848448690103,0.317796456355,0.652143528104
5244,2,1539,HOH,H1,H,1.007947,0.4242243450515,1.0,0.0
5245,2,1539,HOH,H2,H,1.007947,0.4242243450515,1.0,0.0
5246,2,1540,HOH,O,O,15.99943,-0.848448690103,0.317796456355,0.652143528104
5247,2,1540,HOH,H1,H,1.007947,0.4242243450515,1.0,0.0
5248,2,1540,HOH,H2,H,1.007947,0.4242243450515,1.0,0.0
5249,2,1541,HOH,O,O,15.99943,-0.848448690103,0.317796456355,0.652143528104
5250,2,1541,HOH,H1,H,1.007947,0.4242243450515,1.0,0.0
5251,2,1541,HOH,H2,H,1.007947,0.4242243450515,1.0,0.0
5252,2,1542,HOH,O,O,15.99943,-0.848448690103,0.317796456355,0.652143528104
5253,2,1542,HOH,H1,H,1.007947,0.4242243450515,1.0,0.0
5254,2,1542,HOH,H2,H,1.007947,0.4242243450515,1.0,0.0
5255,2,1543,HOH,O,O,15.99943,-0.848448690103,0.317796456355,0.652143528104
5256,2,1543,HOH,H1,H,1.007947,0.4242243450515,1.0,0.0
5257,2,1543,HOH,H2,H,1.007947,0.4242243450515,1.0,0.0
5258,2,1544,HOH,O,O,15.99943,-0.848448690103,0.317796456355,0.652143528104
5259,2,1544,HOH,H1,H,1.007947,0.4242243450515,1.0,0.0
5260,2,1544,HOH,H2,H,1.007947,0.4242243450515,1.0,0.0
5261,2,1545,HOH,O,O,15.99943,-0.848448690103,0.317796456355,0.652143528104
5262,2,1545,HOH,H1,H,1.007947,0.4242243450515,1.0,0.0
5263,2,1545,HOH,H2,H,1.007947,0.4242243450515,1.0,0.0
5264,2,1546,HOH,O,O,15.99943,-0.848448690103,0.317796456355,0.652143528104
5265,2,1546,HOH,H1,H,1.007947,0.4242243450515,1.0,0.0
5266,2,1546,HOH,H2,H,1.007947,0.4242243450515,1.0,0.0
5267,2,1547,HOH,O,O,15.99943,-0.848448690103,0.317796456355,0.652143528104
5268,2,1547,HOH,H1,H,1.007947,0.4242243450515,1.0,0.0
5269,2,1547,HOH,H2,H,1.007947,0.4242243450515,1.0,0.0
5270,2,1548,HOH,O,O,15.99943,-0.848448690103,0.317796456355,0.652143528104
5271,2,1548,HOH,H1,H,1.007947,0.4242243450515,1.0,0.0
5272,2,1548,HOH,H2,H,1.007947,0.4242243450515,1.0,0.0
5273,2,1549,HOH,O,O,15.99943,-0.848448690103,0.317796456355,0.652143528104
5274,2,1549,HOH,H1,H,1.007947,0.4242243450515,1.0,0.0
5275,2,1549,HOH,H2,H,1.007947,0.4242243450515,1.0,0.0
5276,2,1550,HOH,O,O,15.99943,-0.848448690103,0.317796456355,0.652143528104
5277,2,1550,HOH,H1,H,1.007947,0.4242243450515,1.0,0.0
5278,2,1550,HOH,H2,H,1.007947,0.4242243450515,1.0,0.0
5279,2,1551,HOH,O,O,15.99943,-0.848448690103,0.317796456355,0.652143528104
5280,2,1551,HOH,H1,H,1.007947,0.4242243450515,1.0,0.0
5281,2,1551,HOH,H2,H,1.007947,0.4242243450515,1.0,0.0
5282,2,1552,HOH,O,O,15.99943,-0.848448690103,0.317796456355,0.652143528104
5283,2,1552,HOH,H1,H,1.007947,0.4242243450515,1.0,0.0
5284,2,1552,HOH,H2,H,1.007947,0.4242243450515,1.0,0.0
5285,2,1553,HOH,O,O,15.99943,-0.848448690103,0.317796456355,0.652143528104
5286,2,1553,HOH,H1,H,1.007947,0.4242243450515,1.0,0.0
5287,2,1553,HOH,H2,H,1.007947,0.4242243450515,1.0,0.0
5288,2,1554,HOH,O,O,15.99943,-0.848448690103,0.317796456355,0.652143528104
5289,2,1554,HOH,H1,H,1.007947,0.4242243450515,1.0,0.0
5290,2,1554,HOH,H2,H,1.007947,0.4242243450515,1.0,0.0
5291,2,1555,HOH,O,O,15.99943,-0.848448690103,0.317796456355,0.652143528104
5292,2,1555,HOH,H1,H,1.007947,0.4242243450515,1.0,0.0
5293,2,1555,HOH,H2,H,1.007947,0.4242243450515,1.0,0.0
5294,2,1556,HOH,O,O,15.99943,-0.848448690103,0.317796456355,0.652143528104
5295,2,1556,HOH,H1,H,1.007947,0.4242243450515,1.0,0.0
5296,2,1556,HOH,H2,H,1.007947,0.4242243450515,1.0,0.0
5297,2,1557,HOH,O,O,15.99943,-0.848448690103,0.317796456355,0.652143528104
5298,2,1557,HOH,H1,H,1.007947,0.4242243450515,1.0,0.0
5299,2,1557,HOH,H2,H,1.007947,0.4242243450515,1.0,0.0
5300,2,1558,HOH,O,O,15.99943,-0.848448690103,0.317796456355,0.652143528104
5301,2,1558,HOH,H1,H,1.007947,0.4242243450515,1.0,0.0
5302,2,1558,HOH,H2,H,1.007947,0.4242243450515,1.0,0.0
5303,2,1559,HOH,O,O,15.99943,-0.848448690103,0.317796456355,0.652143528104
5304,2,1559,HOH,H1,H,1.007947,0.4242243450515,1.0,0.0
5305,2,1559,HOH,H2,H,1.007947,0.4242243450515,1.0,0.0
5306,2,1560,HOH,O,O,15.99943,-0.848448690103,0.317796456355,0.652143528104
5307,2,1560,HOH,H1,H,1.007947,0.4242243450515,1.0,0.0
5308,2,1560,HOH,H2,H,1.007947,0.4242243450515,1.0,0.0
5309,2,1561,HOH,O,O,15.99943,-0.848448690103,0.317796456355,0.652143528104
5310,2,1561,HOH,H1,H,1.007947,0.4242243450515,1.0,0.0
5311,2,1561,HOH,H2,H,1.007947,0.4242243450515,1.0,0.0
5312,2,1562,HOH,O,O,15.99943,-0.848448690103,0.317796456355,0.652143528104
5313,2,1562,HOH,H1,H,1.007947,0.4242243450515,1.0,0.0
5314,2,1562,HOH,H2,H,1.007947,0.4242243450515,1.0,0.0
5315,2,1563,HOH,O,O,15.99943,-0.848448690103,0.317796456355,0.652143528104
5316,2,1563,HOH,H1,H,1.007947,0.4242243450515,1.0,0.0
5317,2,1563,HOH,H2,H,1.007947,0.4242243450515,1.0,0.0
5318,2,1564,HOH,O,O,15.99943,-0.848448690103,0.317796456355,0.652143528104
5319,2,1564,HOH,H1,H,1.007947,0.4242243450515,1.0,0.0
5320,2,1564,HOH,H2,H,1.007947,0.4242243450515,1.0,0.0
5321,2,1565,HOH,O,O,15.99943,-0.848448690103,0.317796456355,0.652143528104
5322,2,1565,HOH,H1,H,1.007947,0.4242243450515,1.0,0.0
5323,2,1565,HOH,H2,H,1.007947,0.4242243450515,1.0,0.0
5324,2,1566,HOH,O,O,15.99943,-0.848448690103,0.317796456355,0.652143528104
5325,2,1566,HOH,H1,H,1.007947,0.4242243450515,1.0,0.0
5326,2,1566,HOH,H2,H,1.007947,0.4242243450515,1.0,0.0
5327,2,1567,HOH,O,O,15.99943,-0.848448690103,0.317796456355,0.652143528104
5328,2,1567,HOH,H1,H,1.007947,0.4242243450515,1.0,0.0
5329,2,1567,HOH,H2,H,1.007947,0.4242243450515,1.0,0.0
5330,2,1568,HOH,O,O,15.99943,-0.848448690103,0.317796456355,0.652143528104
5331,2,1568,HOH,H1,H,1.007947,0.4242243450515,1.0,0.0
5332,2,1568,HOH,H2,H,1.007947,0.4242243450515,1.0,0.0
5333,2,1569,HOH,O,O,15.99943,-0.848448690103,0.317796456355,0.652143528104
5334,2,1569,HOH,H1,H,1.007947,0.4242243450515,1.0,0.0
5335,2,1569,HOH,H2,H,1.007947,0.4242243450515,1.0,0.0
5336,2,1570,HOH,O,O,15.99943,-0.848448690103,0.317796456355,0.652143528104
5337,2,1570,HOH,H1,H,1.007947,0.4242243450515,1.0,0.0
5338,2,1570,HOH,H2,H,1.007947,0.4242243450515,1.0,0.0
5339,2,1571,HOH,O,O,15.99943,-0.848448690103,0.317796456355,0.652143528104
5340,2,1571,HOH,H1,H,1.007947,0.4242243450515,1.0,0.0
5341,2,1571,HOH,H2,H,1.007947,0.4242243450515,1.0,0.0
5342,2,1573,HOH,O,O,15.99943,-0.848448690103,0.317796456355,0.652143528104
5343,2,1573,HOH,H1,H,1.007947,0.4242243450515,1.0,0.0
5344,2,1573,HOH,H2,H,1.007947,0.4242243450515,1.0,0.0
5345,2,1574,HOH,O,O,15.99943,-0.848448690103,0.317796456355,0.652143528104
5346,2,1574,HOH,H1,H,1.007947,0.4242243450515,1.0,0.0
5347,2,1574,HOH,H2,H,1.007947,0.4242243450515,1.0,0.0
5348,2,1575,HOH,O,O,15.99943,-0.848448690103,0.317796456355,0.652143528104
5349,2,1575,HOH,H1,H,1.007947,0.4242243450515,1.0,0.0
5350,2,1575,HOH,H2,H,1.007947,0.4242243450515,1.0,0.0
5351,2,1576,HOH,O,O,15.99943,-0.848448690103,0.317796456355,0.652143528104
5352,2,1576,HOH,H1,H,1.007947,0.4242243450515,1.0,0.0
5353,2,1576,HOH,H2,H,1.007947,0.4242243450515,1.0,0.0
5354,2,1577,HOH,O,O,15.99943,-0.848448690103,0.317796456355,0.652143528104
5355,2,1577,HOH,H1,H,1.007947,0.4242243450515,1.0,0.0
5356,2,1577,HOH,H2,H,1.007947,0.4242243450515,1.0,0.0
5357,2,1578,HOH,O,O,15.99943,-0.848448690103,0.317796456355,0.652143528104
5358,2,1578,HOH,H1,H,1.007947,0.4242243450515,1.0,0.0
5359,2,1578,HOH,H2,H,1.007947,0.4242243450515,1.0,0.0
5360,2,1579,HOH,O,O,15.99943,-0.848448690103,0.317796456355,0.652143528104
5361,2,1579,HOH,H1,H,1.007947,0.4242243450515,1.0,0.0
5362,2,1579,HOH,H2,H,1.007947,0.4242243450515,1.0,0.0
5363,2,1580,HOH,O,O,15.99943,-0.848448690103,0.317796456355,0.652143528104
5364,2,1580,HOH,H1,H,1.007947,0.4242243450515,1.0,0.0
5365,2,1580,HOH,H2,H,1.007947,0.4242243450515,1.0,0.0
5366,2,1581,HOH,O,O,15.99943,-0.848448690103,0.317796456355,0.652143528104
5367,2,1581,HOH,H1,H,1.007947,0.4242243450515,1.0,0.0
5368,2,1581,HOH,H2,H,1.007947,0.4242243450515,1.0,0.0
5369,2,1582,HOH,O,O,15.99943,-0.848448690103,0.317796456355,0.652143528104
5370,2,1582,HOH,H1,H,1.007947,0.4242243450515,1.0,0.0
5371,2,1582,HOH,H2,H,1.007947,0.4242243450515,1.0,0.0
5372,2,1583,HOH,O,O,15.99943,-0.848448690103,0.317796456355,0.652143528104
5373,2,1583,HOH,H1,H,1.007947,0.4242243450515,1.0,0.0
5374,2,1583,HOH,H2,H,1.007947,0.4242243450515,1.0,0.0
5375,2,1584,HOH,O,O,15.99943,-0.848448690103,0.317796456355,0.652143528104
5376,2,1584,HOH,H1,H,1.007947,0.4242243450515,1.0,0.0
5377,2,1584,HOH,H2,H,1.007947,0.4242243450515,1.0,0.0
5378,2,1585,HOH,O,O,15.99943,-0.848448690103,0.317796456355,0.652143528104
5379,2,1585,HOH,H1,H,1.007947,0.4242243450515,1.0,0.0
5380,2,1585,HOH,H2,H,1.007947,0.4242243450515,1.0,0.0
5381,2,1586,HOH,O,O,15.99943,-0.848448690103,0.317796456355,0.652143528104
5382,2,1586,HOH,H1,H,1.007947,0.4242243450515,1.0,0.0
5383,2,1586,HOH,H2,H,1.007947,0.4242243450515,1.0,0.0
5384,2,1587,HOH,O,O,15.99943,-0.848448690103,0.317796456355,0.652143528104
5385,2,1587,HOH,H1,H,1.007947,0.4242243450515,1.0,0.0
5386,2,1587,HOH,H2,H,1.007947,0.4242243450515,1.0,0.0
5387,2,1588,HOH,O,O,15.99943,-0.848448690103,0.317796456355,0.652143528104
5388,2,1588,HOH,H1,H,1.007947,0.4242243450515,1.0,0.0
5389,2,1588,HOH,H2,H,1.007947,0.4242243450515,1.0,0.0
5390,2,1589,HOH,O,O,15.99943,-0.848448690103,0.317796456355,0.652143528104
5391,2,1589,HOH,H1,H,1.007947,0.4242243450515,1.0,0.0
5392,2,1589,HOH,H2,H,1.007947,0.4242243450515,1.0,0.0
5393,2,1590,HOH,O,O,15.99943,-0.848448690103,0.317796456355,0.652143528104
5394,2,1590,HOH,H1,H,1.007947,0.4242243450515,1.0,0.0
5395,2,1590,HOH,H2,H,1.007947,0.4242243450515,1.0,0.0
5396,2,1591,HOH,O,O,15.99943,-0.848448690103,0.317796456355,0.652143528104
5397,2,1591,HOH,H1,H,1.007947,0.4242243450515,1.0,0.0
5398,2,1591,HOH,H2,H,1.007947,0.4242243450515,1.0,0.0
5399,2,1592,HOH,O,O,15.99943,-0.848448690103,0.317796456355,0.652143528104
5400,2,1592,HOH,H1,H,1.007947,0.4242243450515,1.0,0.0
5401,2,1592,HOH,H2,H,1.007947,0.4242243450515,1.0,0.0
5402,2,1593,HOH,O,O,15.99943,-0.848448690103,0.317796456355,0.652143528104
5403,2,1593,HOH,H1,H,1.007947,0.4242243450515,1.0,0.0
5404,2,1593,HOH,H2,H,1.007947,0.4242243450515,1.0,0.0
5405,2,1594,HOH,O,O,15.99943,-0.848448690103,0.317796456355,0.652143528104
5406,2,1594,HOH,H1,H,1.007947,0.4242243450515,1.0,0.0
5407,2,1594,HOH,H2,H,1.007947,0.4242243450515,1.0,0.0
5408,2,1595,HOH,O,O,15.99943,-0.848448690103,0.317796456355,0.652143528104
5409,2,1595,HOH,H1,H,1.007947,0.4242243450515,1.0,0.0
5410,2,1595,HOH,H2,H,1.007947,0.4242243450515,1.0,0.0
5411,2,1596,HOH,O,O,15.99943,-0.848448690103,0.317796456355,0.652143528104
5412,2,1596,HOH,H1,H,1.007947,0.4242243450515,1.0,0.0
5413,2,1596,HOH,H2,H,1.007947,0.4242243450515,1.0,0.0
5414,2,1597,HOH,O,O,15.99943,-0.848448690103,0.317796456355,0.652143528104
5415,2,1597,HOH,H1,H,1.007947,0.4242243450515,1.0,0.0
5416,2,1597,HOH,H2,H,1.007947,0.4242243450515,1.0,0.0
5417,2,1598,HOH,O,O,15.99943,-0.848448690103,0.317796456355,0.652143528104
5418,2,1598,HOH,H1,H,1.007947,0.4242243450515,1.0,0.0
5419,2,1598,HOH,H2,H,1.007947,0.4242243450515,1.0,0.0
5420,2,1599,HOH,O,O,15.99943,-0.848448690103,0.317796456355,0.652143528104
5421,2,1599,HOH,H1,H,1.007947,0.4242243450515,1.0,0.0
5422,2,1599,HOH,H2,H,1.007947,0.4242243450515,1.0,0.0
5423,2,1600,HOH,O,O,15.99943,-0.848448690103,0.317796456355,0.652143528104
5424,2,1600,HOH,H1,H,1.007947,0.4242243450515,1.0,0.0
5425,2,1600,HOH,H2,H,1.007947,0.4242243450515,1.0,0.0
5426,2,1601,HOH,O,O,15.99943,-0.848448690103,0.317796456355,0.652143528104
5427,2,1601,HOH,H1,H,1.007947,0.4242243450515,1.0,0.0
5428,2,1601,HOH,H2,H,1.007947,0.4242243450515,1.0,0.0
5429,2,1602,HOH,O,O,15.99943,-0.848448690103,0.317796456355,0.652143528104
5430,2,1602,HOH,H1,H,1.007947,0.4242243450515,1.0,0.0
5431,2,1602,HOH,H2,H,1.007947,0.4242243450515,1.0,0.0
5432,2,1603,HOH,O,O,15.99943,-0.848448690103,0.317796456355,0.652143528104
5433,2,1603,HOH,H1,H,1.007947,0.4242243450515,1.0,0.0
5434,2,1603,HOH,H2,H,1.007947,0.4242243450515,1.0,0.0
5435,2,1604,HOH,O,O,15.99943,-0.848448690103,0.317796456355,0.652143528104
5436,2,1604,HOH,H1,H,1.007947,0.4242243450515,1.0,0.0
5437,2,1604,HOH,H2,H,1.007947,0.4242243450515,1.0,0.0
5438,2,1605,HOH,O,O,15.99943,-0.848448690103,0.317796456355,0.652143528104
5439,2,1605,HOH,H1,H,1.007947,0.4242243450515,1.0,0.0
5440,2,1605,HOH,H2,H,1.007947,0.4242243450515,1.0,0.0
5441,2,1606,HOH,O,O,15.99943,-0.848448690103,0.317796456355,0.652143528104
5442,2,1606,HOH,H1,H,1.007947,0.4242243450515,1.0,0.0
5443,2,1606,HOH,H2,H,1.007947,0.4242243450515,1.0,0.0
5444,2,1607,HOH,O,O,15.99943,-0.848448690103,0.317796456355,0.652143528104
5445,2,1607,HOH,H1,H,1.007947,0.4242243450515,1.0,0.0
5446,2,1607,HOH,H2,H,1.007947,0.4242243450515,1.0,0.0
5447,2,1608,HOH,O,O,15.99943,-0.848448690103,0.317796456355,0.652143528104
5448,2,1608,HOH,H1,H,1.007947,0.4242243450515,1.0,0.0
5449,2,1608,HOH,H2,H,1.007947,0.4242243450515,1.0,0.0
5450,2,1609,HOH,O,O,15.99943,-0.848448690103,0.317796456355,0.652143528104
5451,2,1609,HOH,H1,H,1.007947,0.4242243450515,1.0,0.0
5452,2,1609,HOH,H2,H,1.007947,0.4242243450515,1.0,0.0
5453,2,1610,HOH,O,O,15.99943,-0.848448690103,0.317796456355,0.652143528104
5454,2,1610,HOH,H1,H,1.007947,0.4242243450515,1.0,0.0
5455,2,1610,HOH,H2,H,1.007947,0.4242243450515,1.0,0.0
5456,2,1611,HOH,O,O,15.99943,-0.848448690103,0.317796456355,0.652143528104
5457,2,1611,HOH,H1,H,1.007947,0.4242243450515,1.0,0.0
5458,2,1611,HOH,H2,H,1.007947,0.4242243450515,1.0,0.0
5459,2,1612,HOH,O,O,15.99943,-0.848448690103,0.317796456355,0.652143528104
5460,2,1612,HOH,H1,H,1.007947,0.4242243450515,1.0,0.0
5461,2,1612,HOH,H2,H,1.007947,0.4242243450515,1.0,0.0
5462,2,1613,HOH,O,O,15.99943,-0.848448690103,0.317796456355,0.652143528104
5463,2,1613,HOH,H1,H,1.007947,0.4242243450515,1.0,0.0
5464,2,1613,HOH,H2,H,1.007947,0.4242243450515,1.0,0.0
5465,2,1614,HOH,O,O,15.99943,-0.848448690103,0.317796456355,0.652143528104
5466,2,1614,HOH,H1,H,1.007947,0.4242243450515,1.0,0.0
5467,2,1614,HOH,H2,H,1.007947,0.4242243450515,1.0,0.0
5468,2,1615,HOH,O,O,15.99943,-0.848448690103,0.317796456355,0.652143528104
5469,2,1615,HOH,H1,H,1.007947,0.4242243450515,1.0,0.0
5470,2,1615,HOH,H2,H,1.007947,0.4242243450515,1.0,0.0
5471,2,1616,HOH,O,O,15.99943,-0.848448690103,0.317796456355,0.652143528104
5472,2,1616,HOH,H1,H,1.007947,0.4242243450515,1.0,0.0
5473,2,1616,HOH,H2,H,1.007947,0.4242243450515,1.0,0.0
5474,2,1617,HOH,O,O,15.99943,-0.848448690103,0.317796456355,0.652143528104
5475,2,1617,HOH,H1,H,1.007947,0.4242243450515,1.0,0.0
5476,2,1617,HOH,H2,H,1.007947,0.4242243450515,1.0,0.0
5477,2,1618,HOH,O,O,15.99943,-0.848448690103,0.317796456355,0.652143528104
5478,2,1618,HOH,H1,H,1.007947,0.4242243450515,1.0,0.0
5479,2,1618,HOH,H2,H,1.007947,0.4242243450515,1.0,0.0
5480,2,1619,HOH,O,O,15.99943,-0.848448690103,0.317796456355,0.652143528104
5481,2,1619,HOH,H1,H,1.007947,0.4242243450515,1.0,0.0
5482,2,1619,HOH,H2,H,1.007947,0.4242243450515,1.0,0.0
5483,2,1620,HOH,O,O,15.99943,-0.848448690103,0.317796456355,0.652143528104
5484,2,1620,HOH,H1,H,1.007947,0.4242243450515,1.0,0.0
5485,2,1620,HOH,H2,H,1.007947,0.4242243450515,1.0,0.0
5486,2,1621,HOH,O,O,15.99943,-0.848448690103,0.317796456355,0.652143528104
5487,2,1621,HOH,H1,H,1.007947,0.4242243450515,1.0,0.0
5488,2,1621,HOH,H2,H,1.007947,0.4242243450515,1.0,0.0
5489,2,1622,HOH,O,O,15.99943,-0.848448690103,0.317796456355,0.652143528104
5490,2,1622,HOH,H1,H,1.007947,0.4242243450515,1.0,0.0
5491,2,1622,HOH,H2,H,1.007947,0.4242243450515,1.0,0.0
5492,2,1623,HOH,O,O,15.99943,-0.848448690103,0.317796456355,0.652143528104
5493,2,1623,HOH,H1,H,1.007947,0.4242243450515,1.0,0.0
5494,2,1623,HOH,H2,H,1.007947,0.4242243450515,1.0,0.0
5495,2,1624,HOH,O,O,15.99943,-0.848448690103,0.317796456355,0.652143528104
5496,2,1624,HOH,H1,H,1.007947,0.4242243450515,1.0,0.0
5497,2,1624,HOH,H2,H,1.007947,0.4242243450515,1.0,0.0
5498,2,1625,HOH,O,O,15.99943,-0.848448690103,0.317796456355,0.652143528104
5499,2,1625,HOH,H1,H,1.007947,0.4242243450515,1.0,0.0
5500,2,1625,HOH,H2,H,1.007947,0.4242243450515,1.0,0.0
5501,2,1626,HOH,O,O,15.99943,-0.848448690103,0.317796456355,0.652143528104
5502,2,1626,HOH,H1,H,1.007947,0.4242243450515,1.0,0.0
5503,2,1626,HOH,H2,H,1.007947,0.4242243450515,1.0,0.0
5504,2,1627,HOH,O,O,15.99943,-0.848448690103,0.317796456355,0.652143528104
5505,2,1627,HOH,H1,H,1.007947,0.4242243450515,1.0,0.0
5506,2,1627,HOH,H2,H,1.007947,0.4242243450515,1.0,0.0
5507,2,1628,HOH,O,O,15.99943,-0.848448690103,0.317796456355,0.652143528104
5508,2,1628,HOH,H1,H,1.007947,0.4242243450515,1.0,0.0
5509,2,1628,HOH,H2,H,1.007947,0.4242243450515,1.0,0.0
5510,2,1629,HOH,O,O,15.99943,-0.848448690103,0.317796456355,0.652143528104
5511,2,1629,HOH,H1,H,1.007947,0.4242243450515,1.0,0.0
5512,2,1629,HOH,H2,H,1.007947,0.4242243450515,1.0,0.0
5513,2,1630,HOH,O,O,15.99943,-0.848448690103,0.317796456355,0.652143528104
5514,2,1630,HOH,H1,H,1.007947,0.4242243450515,1.0,0.0
5515,2,1630,HOH,H2,H,1.007947,0.4242243450515,1.0,0.0
5516,2,1631,HOH,O,O,15.99943,-0.848448690103,0.317796456355,0.652143528104
5517,2,1631,HOH,H1,H,1.007947,0.4242243450515,1.0,0.0
5518,2,1631,HOH,H2,H,1.007947,0.4242243450515,1.0,0.0
5519,2,1632,HOH,O,O,15.99943,-0.848448690103,0.317796456355,0.652143528104
5520,2,1632,HOH,H1,H,1.007947,0.4242243450515,1.0,0.0
5521,2,1632,HOH,H2,H,1.007947,0.4242243450515,1.0,0.0
5522,2,1633,HOH,O,O,15.99943,-0.848448690103,0.317796456355,0.652143528104
5523,2,1633,HOH,H1,H,1.007947,0.4242243450515,1.0,0.0
5524,2,1633,HOH,H2,H,1.007947,0.4242243450515,1.0,0.0
5525,2,1634,HOH,O,O,15.99943,-0.848448690103,0.317796456355,0.652143528104
5526,2,1634,HOH,H1,H,1.007947,0.4242243450515,1.0,0.0
5527,2,1634,HOH,H2,H,1.007947,0.4242243450515,1.0,0.0
5528,2,1635,HOH,O,O,15.99943,-0.848448690103,0.317796456355,0.652143528104
5529,2,1635,HOH,H1,H,1.007947,0.4242243450515,1.0,0.0
5530,2,1635,HOH,H2,H,1.007947,0.4242243450515,1.0,0.0
5531,2,1636,HOH,O,O,15.99943,-0.848448690103,0.317796456355,0.652143528104
5532,2,1636,HOH,H1,H,1.007947,0.4242243450515,1.0,0.0
5533,2,1636,HOH,H2,H,1.007947,0.4242243450515,1.0,0.0
5534,2,1637,HOH,O,O,15.99943,-0.848448690103,0.317796456355,0.652143528104
5535,2,1637,HOH,H1,H,1.007947,0.4242243450515,1.0,0.0
5536,2,1637,HOH,H2,H,1.007947,0.4242243450515,1.0,0.0
5537,2,1638,HOH,O,O,15.99943,-0.848448690103,0.317796456355,0.652143528104
5538,2,1638,HOH,H1,H,1.007947,0.4242243450515,1.0,0.0
5539,2,1638,HOH,H2,H,1.007947,0.4242243450515,1.0,0.0
5540,2,1639,HOH,O,O,15.99943,-0.848448690103,0.317796456355,0.652143528104
5541,2,1639,HOH,H1,H,1.007947,0.4242243450515,1.0,0.0
5542,2,1639,HOH,H2,H,1.007947,0.4242243450515,1.0,0.0
5543,2,1640,HOH,O,O,15.99943,-0.848448690103,0.317796456355,0.652143528104
5544,2,1640,HOH,H1,H,1.007947,0.4242243450515,1.0,0.0
5545,2,1640,HOH,H2,H,1.007947,0.4242243450515,1.0,0.0
5546,2,1641,HOH,O,O,15.99943,-0.848448690103,0.317796456355,0.652143528104
5547,2,1641,HOH,H1,H,1.007947,0.4242243450515,1.0,0.0
5548,2,1641,HOH,H2,H,1.007947,0.4242243450515,1.0,0.0
5549,2,1642,HOH,O,O,15.99943,-0.848448690103,0.317796456355,0.652143528104
5550,2,1642,HOH,H1,H,1.007947,0.4242243450515,1.0,0.0
5551,2,1642,HOH,H2,H,1.007947,0.4242243450515,1.0,0.0
5552,2,1643,HOH,O,O,15.99943,-0.848448690103,0.317796456355,0.652143528104
5553,2,1643,HOH,H1,H,1.007947,0.4242243450515,1.0,0.0
5554,2,1643,HOH,H2,H,1.007947,0.4242243450515,1.0,0.0
5555,2,1644,HOH,O,O,15.99943,-0.848448690103,0.317796456355,0.652143528104
5556,2,1644,HOH,H1,H,1.007947,0.4242243450515,1.0,0.0
5557,2,1644,HOH,H2,H,1.007947,0.4242243450515,1.0,0.0
5558,2,1645,HOH,O,O,15.99943,-0.848448690103,0.317796456355,0.652143528104
5559,2,1645,HOH,H1,H,1.007947,0.4242243450515,1.0,0.0
5560,2,1645,HOH,H2,H,1.007947,0.4242243450515,1.0,0.0
5561,2,1646,HOH,O,O,15.99943,-0.848448690103,0.317796456355,0.652143528104
5562,2,1646,HOH,H1,H,1.007947,0.4242243450515,1.0,0.0
5563,2,1646,HOH,H2,H,1.007947,0.4242243450515,1.0,0.0
5564,2,1647,HOH,O,O,15.99943,-0.848448690103,0.317796456355,0.652143528104
5565,2,1647,HOH,H1,H,1.007947,0.4242243450515,1.0,0.0
5566,2,1647,HOH,H2,H,1.007947,0.4242243450515,1.0,0.0
5567,2,1649,HOH,O,O,15.99943,-0.848448690103,0.317796456355,0.652143528104
5568,2,1649,HOH,H1,H,1.007947,0.4242243450515,1.0,0.0
5569,2,1649,HOH,H2,H,1.007947,0.4242243450515,1.0,0.0
5570,2,1650,HOH,O,O,15.99943,-0.848448690103,0.317796456355,0.652143528104
5571,2,1650,HOH,H1,H,1.007947,0.4242243450515,1.0,0.0
5572,2,1650,HOH,H2,H,1.007947,0.4242243450515,1.0,0.0
5573,2,1651,HOH,O,O,15.99943,-0.848448690103,0.317796456355,0.652143528104
5574,2,1651,HOH,H1,H,1.007947,0.4242243450515,1.0,0.0
5575,2,1651,HOH,H2,H,1.007947,0.4242243450515,1.0,0.0
5576,2,1652,HOH,O,O,15.99943,-0.848448690103,0.317796456355,0.652143528104
5577,2,1652,HOH,H1,H,1.007947,0.4242243450515,1.0,0.0
5578,2,1652,HOH,H2,H,1.007947,0.4242243450515,1.0,0.0
5579,2,1653,HOH,O,O,15.99943,-0.848448690103,0.317796456355,0.652143528104
5580,2,1653,HOH,H1,H,1.007947,0.4242243450515,1.0,0.0
5581,2,1653,HOH,H2,H,1.007947,0.4242243450515,1.0,0.0
5582,2,1654,HOH,O,O,15.99943,-0.848448690103,0.317796456355,0.652143528104
5583,2,1654,HOH,H1,H,1.007947,0.4242243450515,1.0,0.0
5584,2,1654,HOH,H2,H,1.007947,0.4242243450515,1.0,0.0
5585,2,1655,HOH,O,O,15.99943,-0.848448690103,0.317796456355,0.652143528104
5586,2,1655,HOH,H1,H,1.007947,0.4242243450515,1.0,0.0
5587,2,1655,HOH,H2,H,1.007947,0.4242243450515,1.0,0.0
5588,2,1656,HOH,O,O,15.99943,-0.848448690103,0.317796456355,0.652143528104
5589,2,1656,HOH,H1,H,1.007947,0.4242243450515,1.0,0.0
5590,2,1656,HOH,H2,H,1.007947,0.4242243450515,1.0,0.0
5591,2,1657,HOH,O,O,15.99943,-0.848448690103,0.317796456355,0.652143528104
5592,2,1657,HOH,H1,H,1.007947,0.4242243450515,1.0,0.0
5593,2,1657,HOH,H2,H,1.007947,0.4242243450515,1.0,0.0
5594,2,1658,HOH,O,O,15.99943,-0.848448690103,0.317796456355,0.652143528104
5595,2,1658,HOH,H1,H,1.007947,0.4242243450515,1.0,0.0
5596,2,1658,HOH,H2,H,1.007947,0.4242243450515,1.0,0.0
5597,2,1659,HOH,O,O,15.99943,-0.848448690103,0.317796456355,0.652143528104
5598,2,1659,HOH,H1,H,1.007947,0.4242243450515,1.0,0.0
5599,2,1659,HOH,H2,H,1.007947,0.4242243450515,1.0,0.0
5600,2,1660,HOH,O,O,15.99943,-0.848448690103,0.317796456355,0.652143528104
5601,2,1660,HOH,H1,H,1.007947,0.4242243450515,1.0,0.0
5602,2,1660,HOH,H2,H,1.007947,0.4242243450515,1.0,0.0
5603,2,1661,HOH,O,O,15.99943,-0.848448690103,0.317796456355,0.652143528104
5604,2,1661,HOH,H1,H,1.007947,0.4242243450515,1.0,0.0
5605,2,1661,HOH,H2,H,1.007947,0.4242243450515,1.0,0.0
5606,2,1662,HOH,O,O,15.99943,-0.848448690103,0.317796456355,0.652143528104
5607,2,1662,HOH,H1,H,1.007947,0.4242243450515,1.0,0.0
5608,2,1662,HOH,H2,H,1.007947,0.4242243450515,1.0,0.0
5609,2,1663,HOH,O,O,15.99943,-0.848448690103,0.317796456355,0.652143528104
5610,2,1663,HOH,H1,H,1.007947,0.4242243450515,1.0,0.0
5611,2,1663,HOH,H2,H,1.007947,0.4242243450515,1.0,0.0
5612,2,1664,HOH,O,O,15.99943,-0.848448690103,0.317796456355,0.652143528104
5613,2,1664,HOH,H1,H,1.007947,0.4242243450515,1.0,0.0
5614,2,1664,HOH,H2,H,1.007947,0.4242243450515,1.0,0.0
5615,2,1665,HOH,O,O,15.99943,-0.848448690103,0.317796456355,0.652143528104
5616,2,1665,HOH,H1,H,1.007947,0.4242243450515,1.0,0.0
5617,2,1665,HOH,H2,H,1.007947,0.4242243450515,1.0,0.0
5618,2,1666,HOH,O,O,15.99943,-0.848448690103,0.317796456355,0.652143528104
5619,2,1666,HOH,H1,H,1.007947,0.4242243450515,1.0,0.0
5620,2,1666,HOH,H2,H,1.007947,0.4242243450515,1.0,0.0
5621,2,1667,HOH,O,O,15.99943,-0.848448690103,0.317796456355,0.652143528104
5622,2,1667,HOH,H1,H,1.007947,0.4242243450515,1.0,0.0
5623,2,1667,HOH,H2,H,1.007947,0.4242243450515,1.0,0.0
5624,2,1668,HOH,O,O,15.99943,-0.848448690103,0.317796456355,0.652143528104
5625,2,1668,HOH,H1,H,1.007947,0.4242243450515,1.0,0.0
5626,2,1668,HOH,H2,H,1.007947,0.4242243450515,1.0,0.0
5627,2,1669,HOH,O,O,15.99943,-0.848448690103,0.317796456355,0.652143528104
5628,2,1669,HOH,H1,H,1.007947,0.4242243450515,1.0,0.0
5629,2,1669,HOH,H2,H,1.007947,0.4242243450515,1.0,0.0
5630,2,1670,HOH,O,O,15.99943,-0.848448690103,0.317796456355,0.652143528104
5631,2,1670,HOH,H1,H,1.007947,0.4242243450515,1.0,0.0
5632,2,1670,HOH,H2,H,1.007947,0.4242243450515,1.0,0.0
5633,2,1671,HOH,O,O,15.99943,-0.848448690103,0.317796456355,0.652143528104
5634,2,1671,HOH,H1,H,1.007947,0.4242243450515,1.0,0.0
5635,2,1671,HOH,H2,H,1.007947,0.4242243450515,1.0,0.0
5636,2,1672,HOH,O,O,15.99943,-0.848448690103,0.317796456355,0.652143528104
5637,2,1672,HOH,H1,H,1.007947,0.4242243450515,1.0,0.0
5638,2,1672,HOH,H2,H,1.007947,0.4242243450515,1.0,0.0
5639,2,1673,HOH,O,O,15.99943,-0.848448690103,0.317796456355,0.652143528104
5640,2,1673,HOH,H1,H,1.007947,0.4242243450515,1.0,0.0
5641,2,1673,HOH,H2,H,1.007947,0.4242243450515,1.0,0.0
5642,2,1674,HOH,O,O,15.99943,-0.848448690103,0.317796456355,0.652143528104
5643,2,1674,HOH,H1,H,1.007947,0.4242243450515,1.0,0.0
5644,2,1674,HOH,H2,H,1.007947,0.4242243450515,1.0,0.0
5645,2,1675,HOH,O,O,15.99943,-0.848448690103,0.317796456355,0.652143528104
5646,2,1675,HOH,H1,H,1.007947,0.4242243450515,1.0,0.0
5647,2,1675,HOH,H2,H,1.007947,0.4242243450515,1.0,0.0
5648,2,1676,HOH,O,O,15.99943,-0.848448690103,0.317796456355,0.652143528104
5649,2,1676,HOH,H1,H,1.007947,0.4242243450515,1.0,0.0
5650,2,1676,HOH,H2,H,1.007947,0.4242243450515,1.0,0.0
5651,2,1677,HOH,O,O,15.99943,-0.848448690103,0.317796456355,0.652143528104
5652,2,1677,HOH,H1,H,1.007947,0.4242243450515,1.0,0.0
5653,2,1677,HOH,H2,H,1.007947,0.4242243450515,1.0,0.0
5654,2,1678,HOH,O,O,15.99943,-0.848448690103,0.317796456355,0.652143528104
5655,2,1678,HOH,H1,H,1.007947,0.4242243450515,1.0,0.0
5656,2,1678,HOH,H2,H,1.007947,0.4242243450515,1.0,0.0
5657,2,1679,HOH,O,O,15.99943,-0.848448690103,0.317796456355,0.652143528104
5658,2,1679,HOH,H1,H,1.007947,0.4242243450515,1.0,0.0
5659,2,1679,HOH,H2,H,1.007947,0.4242243450515,1.0,0.0
5660,2,1680,HOH,O,O,15.99943,-0.848448690103,0.317796456355,0.652143528104
5661,2,1680,HOH,H1,H,1.007947,0.4242243450515,1.0,0.0
5662,2,1680,HOH,H2,H,1.007947,0.4242243450515,1.0,0.0
5663,2,1681,HOH,O,O,15.99943,-0.848448690103,0.317796456355,0.652143528104
5664,2,1681,HOH,H1,H,1.007947,0.4242243450515,1.0,0.0
5665,2,1681,HOH,H2,H,1.007947,0.4242243450515,1.0,0.0
5666,2,1682,HOH,O,O,15.99943,-0.848448690103,0.317796456355,0.652143528104
5667,2,1682,HOH,H1,H,1.007947,0.4242243450515,1.0,0.0
5668,2,1682,HOH,H2,H,1.007947,0.4242243450515,1.0,0.0
5669,2,1683,HOH,O,O,15.99943,-0.848448690103,0.317796456355,0.652143528104
5670,2,1683,HOH,H1,H,1.007947,0.4242243450515,1.0,0.0
5671,2,1683,HOH,H2,H,1.007947,0.4242243450515,1.0,0.0
5672,2,1684,HOH,O,O,15.99943,-0.848448690103,0.317796456355,0.652143528104
5673,2,1684,HOH,H1,H,1.007947,0.4242243450515,1.0,0.0
5674,2,1684,HOH,H2,H,1.007947,0.4242243450515,1.0,0.0
5675,2,1685,HOH,O,O,15.99943,-0.848448690103,0.317796456355,0.652143528104
5676,2,1685,HOH,H1,H,1.007947,0.4242243450515,1.0,0.0
5677,2,1685,HOH,H2,H,1.007947,0.4242243450515,1.0,0.0
5678,2,1686,HOH,O,O,15.99943,-0.848448690103,0.317796456355,0.652143528104
5679,2,1686,HOH,H1,H,1.007947,0.4242243450515,1.0,0.0
5680,2,1686,HOH,H2,H,1.007947,0.4242243450515,1.0,0.0
5681,2,1687,HOH,O,O,15.99943,-0.848448690103,0.317796456355,0.652143528104
5682,2,1687,HOH,H1,H,1.007947,0.4242243450515,1.0,0.0
5683,2,1687,HOH,H2,H,1.007947,0.4242243450515,1.0,0.0
5684,2,1688,HOH,O,O,15.99943,-0.848448690103,0.317796456355,0.652143528104
5685,2,1688,HOH,H1,H,1.007947,0.4242243450515,1.0,0.0
5686,2,1688,HOH,H2,H,1.007947,0.4242243450515,1.0,0.0
5687,2,1689,HOH,O,O,15.99943,-0.848448690103,0.317796456355,0.652143528104
5688,2,1689,HOH,H1,H,1.007947,0.4242243450515,1.0,0.0
5689,2,1689,HOH,H2,H,1.007947,0.4242243450515,1.0,0.0
5690,2,1690,HOH,O,O,15.99943,-0.848448690103,0.317796456355,0.652143528104
5691,2,1690,HOH,H1,H,1.007947,0.4242243450515,1.0,0.0
5692,2,1690,HOH,H2,H,1.007947,0.4242243450515,1.0,0.0
5693,2,1691,HOH,O,O,15.99943,-0.848448690103,0.317796456355,0.652143528104
5694,2,1691,HOH,H1,H,1.007947,0.4242243450515,1.0,0.0
5695,2,1691,HOH,H2,H,1.007947,0.4242243450515,1.0,0.0
5696,2,1692,HOH,O,O,15.99943,-0.848448690103,0.317796456355,0.652143528104
5697,2,1692,HOH,H1,H,1.007947,0.4242243450515,1.0,0.0
5698,2,1692,HOH,H2,H,1.007947,0.4242243450515,1.0,0.0
5699,2,1693,HOH,O,O,15.99943,-0.848448690103,0.317796456355,0.652143528104
5700,2,1693,HOH,H1,H,1.007947,0.4242243450515,1.0,0.0
5701,2,1693,HOH,H2,H,1.007947,0.4242243450515,1.0,0.0
5702,2,1694,HOH,O,O,15.99943,-0.848448690103,0.317796456355,0.652143528104
5703,2,1694,HOH,H1,H,1.007947,0.4242243450515,1.0,0.0
5704,2,1694,HOH,H2,H,1.007947,0.4242243450515,1.0,0.0
5705,2,1695,HOH,O,O,15.99943,-0.848448690103,0.317796456355,0.652143528104
5706,2,1695,HOH,H1,H,1.007947,0.4242243450515,1.0,0.0
5707,2,1695,HOH,H2,H,1.007947,0.4242243450515,1.0,0.0
5708,2,1696,HOH,O,O,15.99943,-0.848448690103,0.317796456355,0.652143528104
5709,2,1696,HOH,H1,H,1.007947,0.4242243450515,1.0,0.0
5710,2,1696,HOH,H2,H,1.007947,0.4242243450515,1.0,0.0
5711,2,1697,HOH,O,O,15.99943,-0.848448690103,0.317796456355,0.652143528104
5712,2,1697,HOH,H1,H,1.007947,0.4242243450515,1.0,0.0
5713,2,1697,HOH,H2,H,1.007947,0.4242243450515,1.0,0.0
5714,2,1698,HOH,O,O,15.99943,-0.848448690103,0.317796456355,0.652143528104
5715,2,1698,HOH,H1,H,1.007947,0.4242243450515,1.0,0.0
5716,2,1698,HOH,H2,H,1.007947,0.4242243450515,1.0,0.0
5717,2,1699,HOH,O,O,15.99943,-0.848448690103,0.317796456355,0.652143528104
5718,2,1699,HOH,H1,H,1.007947,0.4242243450515,1.0,0.0
5719,2,1699,HOH,H2,H,1.007947,0.4242243450515,1.0,0.0
5720,2,1700,HOH,O,O,15.99943,-0.848448690103,0.317796456355,0.652143528104
5721,2,1700,HOH,H1,H,1.007947,0.4242243450515,1.0,0.0
5722,2,1700,HOH,H2,H,1.007947,0.4242243450515,1.0,0.0
5723,2,1701,HOH,O,O,15.99943,-0.848448690103,0.317796456355,0.652143528104
5724,2,1701,HOH,H1,H,1.007947,0.4242243450515,1.0,0.0
5725,2,1701,HOH,H2,H,1.007947,0.4242243450515,1.0,0.0
5726,2,1702,HOH,O,O,15.99943,-0.848448690103,0.317796456355,0.652143528104
5727,2,1702,HOH,H1,H,1.007947,0.4242243450515,1.0,0.0
5728,2,1702,HOH,H2,H,1.007947,0.4242243450515,1.0,0.0
5729,2,1703,HOH,O,O,15.99943,-0.848448690103,0.317796456355,0.652143528104
5730,2,1703,HOH,H1,H,1.007947,0.4242243450515,1.0,0.0
5731,2,1703,HOH,H2,H,1.007947,0.4242243450515,1.0,0.0
5732,2,1704,HOH,O,O,15.99943,-0.848448690103,0.317796456355,0.652143528104
5733,2,1704,HOH,H1,H,1.007947,0.4242243450515,1.0,0.0
5734,2,1704,HOH,H2,H,1.007947,0.4242243450515,1.0,0.0
5735,2,1705,HOH,O,O,15.99943,-0.848448690103,0.317796456355,0.652143528104
5736,2,1705,HOH,H1,H,1.007947,0.4242243450515,1.0,0.0
5737,2,1705,HOH,H2,H,1.007947,0.4242243450515,1.0,0.0
5738,2,1706,HOH,O,O,15.99943,-0.848448690103,0.317796456355,0.652143528104
5739,2,1706,HOH,H1,H,1.007947,0.4242243450515,1.0,0.0
5740,2,1706,HOH,H2,H,1.007947,0.4242243450515,1.0,0.0
5741,2,1707,HOH,O,O,15.99943,-0.848448690103,0.317796456355,0.652143528104
5742,2,1707,HOH,H1,H,1.007947,0.4242243450515,1.0,0.0
5743,2,1707,HOH,H2,H,1.007947,0.4242243450515,1.0,0.0
5744,2,1708,HOH,O,O,15.99943,-0.848448690103,0.317796456355,0.652143528104
5745,2,1708,HOH,H1,H,1.007947,0.4242243450515,1.0,0.0
5746,2,1708,HOH,H2,H,1.007947,0.4242243450515,1.0,0.0
5747,2,1709,HOH,O,O,15.99943,-0.848448690103,0.317796456355,0.652143528104
5748,2,1709,HOH,H1,H,1.007947,0.4242243450515,1.0,0.0
5749,2,1709,HOH,H2,H,1.007947,0.4242243450515,1.0,0.0
5750,2,1710,HOH,O,O,15.99943,-0.848448690103,0.317796456355,0.652143528104
5751,2,1710,HOH,H1,H,1.007947,0.4242243450515,1.0,0.0
5752,2,1710,HOH,H2,H,1.007947,0.4242243450515,1.0,0.0
5753,2,1711,HOH,O,O,15.99943,-0.848448690103,0.317796456355,0.652143528104
5754,2,1711,HOH,H1,H,1.007947,0.4242243450515,1.0,0.0
5755,2,1711,HOH,H2,H,1.007947,0.4242243450515,1.0,0.0
5756,2,1712,HOH,O,O,15.99943,-0.848448690103,0.317796456355,0.652143528104
5757,2,1712,HOH,H1,H,1.007947,0.4242243450515,1.0,0.0
5758,2,1712,HOH,H2,H,1.007947,0.4242243450515,1.0,0.0
5759,2,1713,HOH,O,O,15.99943,-0.848448690103,0.317796456355,0.652143528104
5760,2,1713,HOH,H1,H,1.007947,0.4242243450515,1.0,0.0
5761,2,1713,HOH,H2,H,1.007947,0.4242243450515,1.0,0.0
5762,2,1714,HOH,O,O,15.99943,-0.848448690103,0.317796456355,0.652143528104
5763,2,1714,HOH,H1,H,1.007947,0.4242243450515,1.0,0.0
5764,2,1714,HOH,H2,H,1.007947,0.4242243450515,1.0,0.0
5765,2,1715,HOH,O,O,15.99943,-0.848448690103,0.317796456355,0.652143528104
5766,2,1715,HOH,H1,H,1.007947,0.4242243450515,1.0,0.0
5767,2,1715,HOH,H2,H,1.007947,0.4242243450515,1.0,0.0
5768,2,1716,HOH,O,O,15.99943,-0.848448690103,0.317796456355,0.652143528104
5769,2,1716,HOH,H1,H,1.007947,0.4242243450515,1.0,0.0
5770,2,1716,HOH,H2,H,1.007947,0.4242243450515,1.0,0.0
5771,2,1717,HOH,O,O,15.99943,-0.848448690103,0.317796456355,0.652143528104
5772,2,1717,HOH,H1,H,1.007947,0.4242243450515,1.0,0.0
5773,2,1717,HOH,H2,H,1.007947,0.4242243450515,1.0,0.0
5774,2,1718,HOH,O,O,15.99943,-0.848448690103,0.317796456355,0.652143528104
5775,2,1718,HOH,H1,H,1.007947,0.4242243450515,1.0,0.0
5776,2,1718,HOH,H2,H,1.007947,0.4242243450515,1.0,0.0
5777,2,1719,HOH,O,O,15.99943,-0.848448690103,0.317796456355,0.652143528104
5778,2,1719,HOH,H1,H,1.007947,0.4242243450515,1.0,0.0
5779,2,1719,HOH,H2,H,1.007947,0.4242243450515,1.0,0.0
5780,2,1720,HOH,O,O,15.99943,-0.848448690103,0.317796456355,0.652143528104
5781,2,1720,HOH,H1,H,1.007947,0.4242243450515,1.0,0.0
5782,2,1720,HOH,H2,H,1.007947,0.4242243450515,1.0,0.0
5783,2,1721,HOH,O,O,15.99943,-0.848448690103,0.317796456355,0.652143528104
5784,2,1721,HOH,H1,H,1.007947,0.4242243450515,1.0,0.0
5785,2,1721,HOH,H2,H,1.007947,0.4242243450515,1.0,0.0
5786,2,1722,HOH,O,O,15.99943,-0.848448690103,0.317796456355,0.652143528104
5787,2,1722,HOH,H1,H,1.007947,0.4242243450515,1.0,0.0
5788,2,1722,HOH,H2,H,1.007947,0.4242243450515,1.0,0.0
5789,2,1723,HOH,O,O,15.99943,-0.848448690103,0.317796456355,0.652143528104
5790,2,1723,HOH,H1,H,1.007947,0.4242243450515,1.0,0.0
5791,2,1723,HOH,H2,H,1.007947,0.4242243450515,1.0,0.0
5792,2,1724,HOH,O,O,15.99943,-0.848448690103,0.317796456355,0.652143528104
5793,2,1724,HOH,H1,H,1.007947,0.4242243450515,1.0,0.0
5794,2,1724,HOH,H2,H,1.007947,0.4242243450515,1.0,0.0
5795,2,1725,HOH,O,O,15.99943,-0.848448690103,0.317796456355,0.652143528104
5796,2,1725,HOH,H1,H,1.007947,0.4242243450515,1.0,0.0
5797,2,1725,HOH,H2,H,1.007947,0.4242243450515,1.0,0.0
5798,2,1726,HOH,O,O,15.99943,-0.848448690103,0.317796456355,0.652143528104
5799,2,1726,HOH,H1,H,1.007947,0.4242243450515,1.0,0.0
5800,2,1726,HOH,H2,H,1.007947,0.4242243450515,1.0,0.0
5801,2,1727,HOH,O,O,15.99943,-0.848448690103,0.317796456355,0.652143528104
5802,2,1727,HOH,H1,H,1.007947,0.4242243450515,1.0,0.0
5803,2,1727,HOH,H2,H,1.007947,0.4242243450515,1.0,0.0
5804,2,1729,HOH,O,O,15.99943,-0.848448690103,0.317796456355,0.652143528104
5805,2,1729,HOH,H1,H,1.007947,0.4242243450515,1.0,0.0
5806,2,1729,HOH,H2,H,1.007947,0.4242243450515,1.0,0.0
5807,2,1730,HOH,O,O,15.99943,-0.848448690103,0.317796456355,0.652143528104
5808,2,1730,HOH,H1,H,1.007947,0.4242243450515,1.0,0.0
5809,2,1730,HOH,H2,H,1.007947,0.4242243450515,1.0,0.0
5810,2,1731,HOH,O,O,15.99943,-0.848448690103,0.317796456355,0.652143528104
5811,2,1731,HOH,H1,H,1.007947,0.4242243450515,1.0,0.0
5812,2,1731,HOH,H2,H,1.007947,0.4242243450515,1.0,0.0
5813,2,1732,HOH,O,O,15.99943,-0.848448690103,0.317796456355,0.652143528104
5814,2,1732,HOH,H1,H,1.007947,0.4242243450515,1.0,0.0
5815,2,1732,HOH,H2,H,1.007947,0.4242243450515,1.0,0.0
5816,2,1733,HOH,O,O,15.99943,-0.848448690103,0.317796456355,0.652143528104
5817,2,1733,HOH,H1,H,1.007947,0.4242243450515,1.0,0.0
5818,2,1733,HOH,H2,H,1.007947,0.4242243450515,1.0,0.0
5819,2,1734,HOH,O,O,15.99943,-0.848448690103,0.317796456355,0.652143528104
5820,2,1734,HOH,H1,H,1.007947,0.4242243450515,1.0,0.0
5821,2,1734,HOH,H2,H,1.007947,0.4242243450515,1.0,0.0
5822,2,1735,HOH,O,O,15.99943,-0.848448690103,0.317796456355,0.652143528104
5823,2,1735,HOH,H1,H,1.007947,0.4242243450515,1.0,0.0
5824,2,1735,HOH,H2,H,1.007947,0.4242243450515,1.0,0.0
5825,2,1736,HOH,O,O,15.99943,-0.848448690103,0.317796456355,0.652143528104
5826,2,1736,HOH,H1,H,1.007947,0.4242243450515,1.0,0.0
5827,2,1736,HOH,H2,H,1.007947,0.4242243450515,1.0,0.0
5828,2,1737,HOH,O,O,15.99943,-0.848448690103,0.317796456355,0.652143528104
5829,2,1737,HOH,H1,H,1.007947,0.4242243450515,1.0,0.0
5830,2,1737,HOH,H2,H,1.007947,0.4242243450515,1.0,0.0
5831,2,1738,HOH,O,O,15.99943,-0.848448690103,0.317796456355,0.652143528104
5832,2,1738,HOH,H1,H,1.007947,0.4242243450515,1.0,0.0
5833,2,1738,HOH,H2,H,1.007947,0.4242243450515,1.0,0.0
5834,2,1739,HOH,O,O,15.99943,-0.848448690103,0.317796456355,0.652143528104
5835,2,1739,HOH,H1,H,1.007947,0.4242243450515,1.0,0.0
5836,2,1739,HOH,H2,H,1.007947,0.4242243450515,1.0,0.0
5837,2,1740,HOH,O,O,15.99943,-0.848448690103,0.317796456355,0.652143528104
5838,2,1740,HOH,H1,H,1.007947,0.4242243450515,1.0,0.0
5839,2,1740,HOH,H2,H,1.007947,0.4242243450515,1.0,0.0
5840,2,1741,HOH,O,O,15.99943,-0.848448690103,0.317796456355,0.652143528104
5841,2,1741,HOH,H1,H,1.007947,0.4242243450515,1.0,0.0
5842,2,1741,HOH,H2,H,1.007947,0.4242243450515,1.0,0.0
5843,2,1742,HOH,O,O,15.99943,-0.848448690103,0.317796456355,0.652143528104
5844,2,1742,HOH,H1,H,1.007947,0.4242243450515,1.0,0.0
5845,2,1742,HOH,H2,H,1.007947,0.4242243450515,1.0,0.0
5846,2,1743,HOH,O,O,15.99943,-0.848448690103,0.317796456355,0.652143528104
5847,2,1743,HOH,H1,H,1.007947,0.4242243450515,1.0,0.0
5848,2,1743,HOH,H2,H,1.007947,0.4242243450515,1.0,0.0
5849,2,1744,HOH,O,O,15.99943,-0.848448690103,0.317796456355,0.652143528104
5850,2,1744,HOH,H1,H,1.007947,0.4242243450515,1.0,0.0
5851,2,1744,HOH,H2,H,1.007947,0.4242243450515,1.0,0.0
5852,2,1745,HOH,O,O,15.99943,-0.848448690103,0.317796456355,0.652143528104
5853,2,1745,HOH,H1,H,1.007947,0.4242243450515,1.0,0.0
5854,2,1745,HOH,H2,H,1.007947,0.4242243450515,1.0,0.0
5855,2,1746,HOH,O,O,15.99943,-0.848448690103,0.317796456355,0.652143528104
5856,2,1746,HOH,H1,H,1.007947,0.4242243450515,1.0,0.0
5857,2,1746,HOH,H2,H,1.007947,0.4242243450515,1.0,0.0
5858,2,1747,HOH,O,O,15.99943,-0.848448690103,0.317796456355,0.652143528104
5859,2,1747,HOH,H1,H,1.007947,0.4242243450515,1.0,0.0
5860,2,1747,HOH,H2,H,1.007947,0.4242243450515,1.0,0.0
5861,2,1748,HOH,O,O,15.99943,-0.848448690103,0.317796456355,0.652143528104
5862,2,1748,HOH,H1,H,1.007947,0.4242243450515,1.0,0.0
5863,2,1748,HOH,H2,H,1.007947,0.4242243450515,1.0,0.0
5864,2,1749,HOH,O,O,15.99943,-0.848448690103,0.317796456355,0.652143528104
5865,2,1749,HOH,H1,H,1.007947,0.4242243450515,1.0,0.0
5866,2,1749,HOH,H2,H,1.007947,0.4242243450515,1.0,0.0
5867,2,1750,HOH,O,O,15.99943,-0.848448690103,0.317796456355,0.652143528104
5868,2,1750,HOH,H1,H,1.007947,0.4242243450515,1.0,0.0
5869,2,1750,HOH,H2,H,1.007947,0.4242243450515,1.0,0.0
5870,2,1751,HOH,O,O,15.99943,-0.848448690103,0.317796456355,0.652143528104
5871,2,1751,HOH,H1,H,1.007947,0.4242243450515,1.0,0.0
5872,2,1751,HOH,H2,H,1.007947,0.4242243450515,1.0,0.0
5873,2,1752,HOH,O,O,15.99943,-0.848448690103,0.317796456355,0.652143528104
5874,2,1752,HOH,H1,H,1.007947,0.4242243450515,1.0,0.0
5875,2,1752,HOH,H2,H,1.007947,0.4242243450515,1.0,0.0
5876,2,1753,HOH,O,O,15.99943,-0.848448690103,0.317796456355,0.652143528104
5877,2,1753,HOH,H1,H,1.007947,0.4242243450515,1.0,0.0
5878,2,1753,HOH,H2,H,1.007947,0.4242243450515,1.0,0.0
5879,2,1754,HOH,O,O,15.99943,-0.848448690103,0.317796456355,0.652143528104
5880,2,1754,HOH,H1,H,1.007947,0.4242243450515,1.0,0.0
5881,2,1754,HOH,H2,H,1.007947,0.4242243450515,1.0,0.0
5882,2,1755,HOH,O,O,15.99943,-0.848448690103,0.317796456355,0.652143528104
5883,2,1755,HOH,H1,H,1.007947,0.4242243450515,1.0,0.0
5884,2,1755,HOH,H2,H,1.007947,0.4242243450515,1.0,0.0
5885,2,1756,HOH,O,O,15.99943,-0.848448690103,0.317796456355,0.652143528104
5886,2,1756,HOH,H1,H,1.007947,0.4242243450515,1.0,0.0
5887,2,1756,HOH,H2,H,1.007947,0.4242243450515,1.0,0.0
5888,2,1757,HOH,O,O,15.99943,-0.848448690103,0.317796456355,0.652143528104
5889,2,1757,HOH,H1,H,1.007947,0.4242243450515,1.0,0.0
5890,2,1757,HOH,H2,H,1.007947,0.4242243450515,1.0,0.0
5891,2,1758,HOH,O,O,15.99943,-0.848448690103,0.317796456355,0.652143528104
5892,2,1758,HOH,H1,H,1.007947,0.4242243450515,1.0,0.0
5893,2,1758,HOH,H2,H,1.007947,0.4242243450515,1.0,0.0
5894,2,1759,HOH,O,O,15.99943,-0.848448690103,0.317796456355,0.652143528104
5895,2,1759,HOH,H1,H,1.007947,0.4242243450515,1.0,0.0
5896,2,1759,HOH,H2,H,1.007947,0.4242243450515,1.0,0.0
5897,2,1760,HOH,O,O,15.99943,-0.848448690103,0.317796456355,0.652143528104
5898,2,1760,HOH,H1,H,1.007947,0.4242243450515,1.0,0.0
5899,2,1760,HOH,H2,H,1.007947,0.4242243450515,1.0,0.0
5900,2,1761,HOH,O,O,15.99943,-0.848448690103,0.317796456355,0.652143528104
5901,2,1761,HOH,H1,H,1.007947,0.4242243450515,1.0,0.0
5902,2,1761,HOH,H2,H,1.007947,0.4242243450515,1.0,0.0
5903,2,1762,HOH,O,O,15.99943,-0.848448690103,0.317796456355,0.652143528104
5904,2,1762,HOH,H1,H,1.007947,0.4242243450515,1.0,0.0
5905,2,1762,HOH,H2,H,1.007947,0.4242243450515,1.0,0.0
5906,2,1763,HOH,O,O,15.99943,-0.848448690103,0.317796456355,0.652143528104
5907,2,1763,HOH,H1,H,1.007947,0.4242243450515,1.0,0.0
5908,2,1763,HOH,H2,H,1.007947,0.4242243450515,1.0,0.0
5909,2,1764,HOH,O,O,15.99943,-0.848448690103,0.317796456355,0.652143528104
5910,2,1764,HOH,H1,H,1.007947,0.4242243450515,1.0,0.0
5911,2,1764,HOH,H2,H,1.007947,0.4242243450515,1.0,0.0
5912,2,1765,HOH,O,O,15.99943,-0.848448690103,0.317796456355,0.652143528104
5913,2,1765,HOH,H1,H,1.007947,0.4242243450515,1.0,0.0
5914,2,1765,HOH,H2,H,1.007947,0.4242243450515,1.0,0.0
5915,2,1766,HOH,O,O,15.99943,-0.848448690103,0.317796456355,0.652143528104
5916,2,1766,HOH,H1,H,1.007947,0.4242243450515,1.0,0.0
5917,2,1766,HOH,H2,H,1.007947,0.4242243450515,1.0,0.0
5918,2,1767,HOH,O,O,15.99943,-0.848448690103,0.317796456355,0.652143528104
5919,2,1767,HOH,H1,H,1.007947,0.4242243450515,1.0,0.0
5920,2,1767,HOH,H2,H,1.007947,0.4242243450515,1.0,0.0
5921,2,1768,HOH,O,O,15.99943,-0.848448690103,0.317796456355,0.652143528104
5922,2,1768,HOH,H1,H,1.007947,0.4242243450515,1.0,0.0
5923,2,1768,HOH,H2,H,1.007947,0.4242243450515,1.0,0.0
5924,2,1769,HOH,O,O,15.99943,-0.848448690103,0.317796456355,0.652143528104
5925,2,1769,HOH,H1,H,1.007947,0.4242243450515,1.0,0.0
5926,2,1769,HOH,H2,H,1.007947,0.4242243450515,1.0,0.0
5927,2,1770,HOH,O,O,15.99943,-0.848448690103,0.317796456355,0.652143528104
5928,2,1770,HOH,H1,H,1.007947,0.4242243450515,1.0,0.0
5929,2,1770,HOH,H2,H,1.007947,0.4242243450515,1.0,0.0
5930,2,1771,HOH,O,O,15.99943,-0.848448690103,0.317796456355,0.652143528104
5931,2,1771,HOH,H1,H,1.007947,0.4242243450515,1.0,0.0
5932,2,1771,HOH,H2,H,1.007947,0.4242243450515,1.0,0.0
5933,2,1772,HOH,O,O,15.99943,-0.848448690103,0.317796456355,0.652143528104
5934,2,1772,HOH,H1,H,1.007947,0.4242243450515,1.0,0.0
5935,2,1772,HOH,H2,H,1.007947,0.4242243450515,1.0,0.0
5936,2,1773,HOH,O,O,15.99943,-0.848448690103,0.317796456355,0.652143528104
5937,2,1773,HOH,H1,H,1.007947,0.4242243450515,1.0,0.0
5938,2,1773,HOH,H2,H,1.007947,0.4242243450515,1.0,0.0
5939,2,1774,HOH,O,O,15.99943,-0.848448690103,0.317796456355,0.652143528104
5940,2,1774,HOH,H1,H,1.007947,0.4242243450515,1.0,0.0
5941,2,1774,HOH,H2,H,1.007947,0.4242243450515,1.0,0.0
5942,2,1775,HOH,O,O,15.99943,-0.848448690103,0.317796456355,0.652143528104
5943,2,1775,HOH,H1,H,1.007947,0.4242243450515,1.0,0.0
5944,2,1775,HOH,H2,H,1.007947,0.4242243450515,1.0,0.0
5945,2,1776,HOH,O,O,15.99943,-0.848448690103,0.317796456355,0.652143528104
5946,2,1776,HOH,H1,H,1.007947,0.4242243450515,1.0,0.0
5947,2,1776,HOH,H2,H,1.007947,0.4242243450515,1.0,0.0
5948,2,1777,HOH,O,O,15.99943,-0.848448690103,0.317796456355,0.652143528104
5949,2,1777,HOH,H1,H,1.007947,0.4242243450515,1.0,0.0
5950,2,1777,HOH,H2,H,1.007947,0.4242243450515,1.0,0.0
5951,2,1778,HOH,O,O,15.99943,-0.848448690103,0.317796456355,0.652143528104
5952,2,1778,HOH,H1,H,1.007947,0.4242243450515,1.0,0.0
5953,2,1778,HOH,H2,H,1.007947,0.4242243450515,1.0,0.0
5954,2,1779,HOH,O,O,15.99943,-0.848448690103,0.317796456355,0.652143528104
5955,2,1779,HOH,H1,H,1.007947,0.4242243450515,1.0,0.0
5956,2,1779,HOH,H2,H,1.007947,0.4242243450515,1.0,0.0
5957,2,1780,HOH,O,O,15.99943,-0.848448690103,0.317796456355,0.652143528104
5958,2,1780,HOH,H1,H,1.007947,0.4242243450515,1.0,0.0
5959,2,1780,HOH,H2,H,1.007947,0.4242243450515,1.0,0.0
5960,2,1781,HOH,O,O,15.99943,-0.848448690103,0.317796456355,0.652143528104
5961,2,1781,HOH,H1,H,1.007947,0.4242243450515,1.0,0.0
5962,2,1781,HOH,H2,H,1.007947,0.4242243450515,1.0,0.0
5963,2,1782,HOH,O,O,15.99943,-0.848448690103,0.317796456355,0.652143528104
5964,2,1782,HOH,H1,H,1.007947,0.4242243450515,1.0,0.0
5965,2,1782,HOH,H2,H,1.007947,0.4242243450515,1.0,0.0
5966,2,1783,HOH,O,O,15.99943,-0.848448690103,0.317796456355,0.652143528104
5967,2,1783,HOH,H1,H,1.007947,0.4242243450515,1.0,0.0
5968,2,1783,HOH,H2,H,1.007947,0.4242243450515,1.0,0.0
5969,2,1784,HOH,O,O,15.99943,-0.848448690103,0.317796456355,0.652143528104
5970,2,1784,HOH,H1,H,1.007947,0.4242243450515,1.0,0.0
5971,2,1784,HOH,H2,H,1.007947,0.4242243450515,1.0,0.0
5972,2,1785,HOH,O,O,15.99943,-0.848448690103,0.317796456355,0.652143528104
5973,2,1785,HOH,H1,H,1.007947,0.4242243450515,1.0,0.0
5974,2,1785,HOH,H2,H,1.007947,0.4242243450515,1.0,0.0
5975,2,1786,HOH,O,O,15.99943,-0.848448690103,0.317796456355,0.652143528104
5976,2,1786,HOH,H1,H,1.007947,0.4242243450515,1.0,0.0
5977,2,1786,HOH,H2,H,1.007947,0.4242243450515,1.0,0.0
5978,2,1787,HOH,O,O,15.99943,-0.848448690103,0.317796456355,0.652143528104
5979,2,1787,HOH,H1,H,1.007947,0.4242243450515,1.0,0.0
5980,2,1787,HOH,H2,H,1.007947,0.4242243450515,1.0,0.0
5981,2,1788,HOH,O,O,15.99943,-0.848448690103,0.317796456355,0.652143528104
5982,2,1788,HOH,H1,H,1.007947,0.4242243450515,1.0,0.0
5983,2,1788,HOH,H2,H,1.007947,0.4242243450515,1.0,0.0
5984,2,1789,HOH,O,O,15.99943,-0.848448690103,0.317796456355,0.652143528104
5985,2,1789,HOH,H1,H,1.007947,0.4242243450515,1.0,0.0
5986,2,1789,HOH,H2,H,1.007947,0.4242243450515,1.0,0.0
5987,2,1790,HOH,O,O,15.99943,-0.848448690103,0.317796456355,0.652143528104
5988,2,1790,HOH,H1,H,1.007947,0.4242243450515,1.0,0.0
5989,2,1790,HOH,H2,H,1.007947,0.4242243450515,1.0,0.0
5990,2,1791,HOH,O,O,15.99943,-0.848448690103,0.317796456355,0.652143528104
5991,2,1791,HOH,H1,H,1.007947,0.4242243450515,1.0,0.0
5992,2,1791,HOH,H2,H,1.007947,0.4242243450515,1.0,0.0
5993,2,1792,HOH,O,O,15.99943,-0.848448690103,0.317796456355,0.652143528104
5994,2,1792,HOH,H1,H,1.007947,0.4242243450515,1.0,0.0
5995,2,1792,HOH,H2,H,1.007947,0.4242243450515,1.0,0.0
5996,2,1793,HOH,O,O,15.99943,-0.848448690103,0.317796456355,0.652143528104
5997,2,1793,HOH,H1,H,1.007947,0.4242243450515,1.0,0.0
5998,2,1793,HOH,H2,H,1.007947,0.4242243450515,1.0,0.0
5999,2,1794,HOH,O,O,15.99943,-0.848448690103,0.317796456355,0.652143528104
6000,2,1794,HOH,H1,H,1.007947,0.4242243450515,1.0,0.0
6001,2,1794,HOH,H2,H,1.007947,0.4242243450515,1.0,0.0
6002,2,1795,HOH,O,O,15.99943,-0.848448690103,0.317796456355,0.652143528104
6003,2,1795,HOH,H1,H,1.007947,0.4242243450515,1.0,0.0
6004,2,1795,HOH,H2,H,1.007947,0.4242243450515,1.0,0.0
6005,2,1796,HOH,O,O,15.99943,-0.848448690103,0.317796456355,0.652143528104
6006,2,1796,HOH,H1,H,1.007947,0.4242243450515,1.0,0.0
6007,2,1796,HOH,H2,H,1.007947,0.4242243450515,1.0,0.0
6008,2,1797,HOH,O,O,15.99943,-0.848448690103,0.317796456355,0.652143528104
6009,2,1797,HOH,H1,H,1.007947,0.4242243450515,1.0,0.0
6010,2,1797,HOH,H2,H,1.007947,0.4242243450515,1.0,0.0
6011,2,1798,HOH,O,O,15.99943,-0.848448690103,0.317796456355,0.652143528104
6012,2,1798,HOH,H1,H,1.007947,0.4242243450515,1.0,0.0
6013,2,1798,HOH,H2,H,1.007947,0.4242243450515,1.0,0.0
6014,2,1799,HOH,O,O,15.99943,-0.848448690103,0.317796456355,0.652143528104
6015,2,1799,HOH,H1,H,1.007947,0.4242243450515,1.0,0.0
6016,2,1799,HOH,H2,H,1.007947,0.4242243450515,1.0,0.0
6017,2,1800,HOH,O,O,15.99943,-0.848448690103,0.317796456355,0.652143528104
6018,2,1800,HOH,H1,H,1.007947,0.4242243450515,1.0,0.0
6019,2,1800,HOH,H2,H,1.007947,0.4242243450515,1.0,0.0
6020,2,1801,HOH,O,O,15.99943,-0.848448690103,0.317796456355,0.652143528104
6021,2,1801,HOH,H1,H,1.007947,0.4242243450515,1.0,0.0
6022,2,1801,HOH,H2,H,1.007947,0.4242243450515,1.0,0.0
6023,2,1802,HOH,O,O,15.99943,-0.848448690103,0.317796456355,0.652143528104
6024,2,1802,HOH,H1,H,1.007947,0.4242243450515,1.0,0.0
6025,2,1802,HOH,H2,H,1.007947,0.4242243450515,1.0,0.0
6026,2,1803,HOH,O,O,15.99943,-0.848448690103,0.317796456355,0.652143528104
6027,2,1803,HOH,H1,H,1.007947,0.4242243450515,1.0,0.0
6028,2,1803,HOH,H2,H,1.007947,0.4242243450515,1.0,0.0
6029,2,1804,HOH,O,O,15.99943,-0.848448690103,0.317796456355,0.652143528104
6030,2,1804,HOH,H1,H,1.007947,0.4242243450515,1.0,0.0
6031,2,1804,HOH,H2,H,1.007947,0.4242243450515,1.0,0.0
6032,2,1805,HOH,O,O,15.99943,-0.848448690103,0.317796456355,0.652143528104
6033,2,1805,HOH,H1,H,1.007947,0.4242243450515,1.0,0.0
6034,2,1805,HOH,H2,H,1.007947,0.4242243450515,1.0,0.0
6035,2,1806,HOH,O,O,15.99943,-0.848448690103,0.317796456355,0.652143528104
6036,2,1806,HOH,H1,H,1.007947,0.4242243450515,1.0,0.0
6037,2,1806,HOH,H2,H,1.007947,0.4242243450515,1.0,0.0
6038,2,1807,HOH,O,O,15.99943,-0.848448690103,0.317796456355,0.652143528104
6039,2,1807,HOH,H1,H,1.007947,0.4242243450515,1.0,0.0
6040,2,1807,HOH,H2,H,1.007947,0.4242243450515,1.0,0.0
6041,2,1808,HOH,O,O,15.99943,-0.848448690103,0.317796456355,0.652143528104
6042,2,1808,HOH,H1,H,1.007947,0.4242243450515,1.0,0.0
6043,2,1808,HOH,H2,H,1.007947,0.4242243450515,1.0,0.0
6044,2,1809,HOH,O,O,15.99943,-0.848448690103,0.317796456355,0.652143528104
6045,2,1809,HOH,H1,H,1.007947,0.4242243450515,1.0,0.0
6046,2,1809,HOH,H2,H,1.007947,0.4242243450515,1.0,0.0
6047,2,1810,HOH,O,O,15.99943,-0.848448690103,0.317796456355,0.652143528104
6048,2,1810,HOH,H1,H,1.007947,0.4242243450515,1.0,0.0
6049,2,1810,HOH,H2,H,1.007947,0.4242243450515,1.0,0.0
6050,2,1811,HOH,O,O,15.99943,-0.848448690103,0.317796456355,0.652143528104
6051,2,1811,HOH,H1,H,1.007947,0.4242243450515,1.0,0.0
6052,2,1811,HOH,H2,H,1.007947,0.4242243450515,1.0,0.0
6053,2,1812,HOH,O,O,15.99943,-0.848448690103,0.317796456355,0.652143528104
6054,2,1812,HOH,H1,H,1.007947,0.4242243450515,1.0,0.0
6055,2,1812,HOH,H2,H,1.007947,0.4242243450515,1.0,0.0
6056,2,1813,HOH,O,O,15.99943,-0.848448690103,0.317796456355,0.652143528104
6057,2,1813,HOH,H1,H,1.007947,0.4242243450515,1.0,0.0
6058,2,1813,HOH,H2,H,1.007947,0.4242243450515,1.0,0.0
6059,2,1814,HOH,O,O,15.99943,-0.848448690103,0.317796456355,0.652143528104
6060,2,1814,HOH,H1,H,1.007947,0.4242243450515,1.0,0.0
6061,2,1814,HOH,H2,H,1.007947,0.4242243450515,1.0,0.0
6062,2,1815,HOH,O,O,15.99943,-0.848448690103,0.317796456355,0.652143528104
6063,2,1815,HOH,H1,H,1.007947,0.4242243450515,1.0,0.0
6064,2,1815,HOH,H2,H,1.007947,0.4242243450515,1.0,0.0
6065,2,1816,HOH,O,O,15.99943,-0.848448690103,0.317796456355,0.652143528104
6066,2,1816,HOH,H1,H,1.007947,0.4242243450515,1.0,0.0
6067,2,1816,HOH,H2,H,1.007947,0.4242243450515,1.0,0.0
6068,2,1817,HOH,O,O,15.99943,-0.848448690103,0.317796456355,0.652143528104
6069,2,1817,HOH,H1,H,1.007947,0.4242243450515,1.0,0.0
6070,2,1817,HOH,H2,H,1.007947,0.4242243450515,1.0,0.0
6071,2,1818,HOH,O,O,15.99943,-0.848448690103,0.317796456355,0.652143528104
6072,2,1818,HOH,H1,H,1.007947,0.4242243450515,1.0,0.0
6073,2,1818,HOH,H2,H,1.007947,0.4242243450515,1.0,0.0
6074,2,1819,HOH,O,O,15.99943,-0.848448690103,0.317796456355,0.652143528104
6075,2,1819,HOH,H1,H,1.007947,0.4242243450515,1.0,0.0
6076,2,1819,HOH,H2,H,1.007947,0.4242243450515,1.0,0.0
6077,2,1820,HOH,O,O,15.99943,-0.848448690103,0.317796456355,0.652143528104
6078,2,1820,HOH,H1,H,1.007947,0.4242243450515,1.0,0.0
6079,2,1820,HOH,H2,H,1.007947,0.4242243450515,1.0,0.0
6080,2,1821,HOH,O,O,15.99943,-0.848448690103,0.317796456355,0.652143528104
6081,2,1821,HOH,H1,H,1.007947,0.4242243450515,1.0,0.0
6082,2,1821,HOH,H2,H,1.007947,0.4242243450515,1.0,0.0
6083,2,1822,HOH,O,O,15.99943,-0.848448690103,0.317796456355,0.652143528104
6084,2,1822,HOH,H1,H,1.007947,0.4242243450515,1.0,0.0
6085,2,1822,HOH,H2,H,1.007947,0.4242243450515,1.0,0.0
6086,2,1823,HOH,O,O,15.99943,-0.848448690103,0.317796456355,0.652143528104
6087,2,1823,HOH,H1,H,1.007947,0.4242243450515,1.0,0.0
6088,2,1823,HOH,H2,H,1.007947,0.4242243450515,1.0,0.0
6089,2,1824,HOH,O,O,15.99943,-0.848448690103,0.317796456355,0.652143528104
6090,2,1824,HOH,H1,H,1.007947,0.4242243450515,1.0,0.0
6091,2,1824,HOH,H2,H,1.007947,0.4242243450515,1.0,0.0
6092,2,1825,HOH,O,O,15.99943,-0.848448690103,0.317796456355,0.652143528104
6093,2,1825,HOH,H1,H,1.007947,0.4242243450515,1.0,0.0
6094,2,1825,HOH,H2,H,1.007947,0.4242243450515,1.0,0.0
6095,2,1826,HOH,O,O,15.99943,-0.848448690103,0.317796456355,0.652143528104
6096,2,1826,HOH,H1,H,1.007947,0.4242243450515,1.0,0.0
6097,2,1826,HOH,H2,H,1.007947,0.4242243450515,1.0,0.0
6098,2,1827,HOH,O,O,15.99943,-0.848448690103,0.317796456355,0.652143528104
6099,2,1827,HOH,H1,H,1.007947,0.4242243450515,1.0,0.0
6100,2,1827,HOH,H2,H,1.007947,0.4242243450515,1.0,0.0
6101,2,1828,HOH,O,O,15.99943,-0.848448690103,0.317796456355,0.652143528104
6102,2,1828,HOH,H1,H,1.007947,0.4242243450515,1.0,0.0
6103,2,1828,HOH,H2,H,1.007947,0.4242243450515,1.0,0.0
6104,2,1829,HOH,O,O,15.99943,-0.848448690103,0.317796456355,0.652143528104
6105,2,1829,HOH,H1,H,1.007947,0.4242243450515,1.0,0.0
6106,2,1829,HOH,H2,H,1.007947,0.4242243450515,1.0,0.0
6107,2,1830,HOH,O,O,15.99943,-0.848448690103,0.317796456355,0.652143528104
6108,2,1830,HOH,H1,H,1.007947,0.4242243450515,1.0,0.0
6109,2,1830,HOH,H2,H,1.007947,0.4242243450515,1.0,0.0
6110,2,1831,HOH,O,O,15.99943,-0.848448690103,0.317796456355,0.652143528104
6111,2,1831,HOH,H1,H,1.007947,0.4242243450515,1.0,0.0
6112,2,1831,HOH,H2,H,1.007947,0.4242243450515,1.0,0.0
6113,2,1832,HOH,O,O,15.99943,-0.848448690103,0.317796456355,0.652143528104
6114,2,1832,HOH,H1,H,1.007947,0.4242243450515,1.0,0.0
6115,2,1832,HOH,H2,H,1.007947,0.4242243450515,1.0,0.0
6116,2,1833,HOH,O,O,15.99943,-0.848448690103,0.317796456355,0.652143528104
6117,2,1833,HOH,H1,H,1.007947,0.4242243450515,1.0,0.0
6118,2,1833,HOH,H2,H,1.007947,0.4242243450515,1.0,0.0
6119,2,1834,HOH,O,O,15.99943,-0.848448690103,0.317796456355,0.652143528104
6120,2,1834,HOH,H1,H,1.007947,0.4242243450515,1.0,0.0
6121,2,1834,HOH,H2,H,1.007947,0.4242243450515,1.0,0.0
6122,2,1835,HOH,O,O,15.99943,-0.848448690103,0.317796456355,0.652143528104
6123,2,1835,HOH,H1,H,1.007947,0.4242243450515,1.0,0.0
6124,2,1835,HOH,H2,H,1.007947,0.4242243450515,1.0,0.0
6125,2,1836,HOH,O,O,15.99943,-0.848448690103,0.317796456355,0.652143528104
6126,2,1836,HOH,H1,H,1.007947,0.4242243450515,1.0,0.0
6127,2,1836,HOH,H2,H,1.007947,0.4242243450515,1.0,0.0
6128,2,1837,HOH,O,O,15.99943,-0.848448690103,0.317796456355,0.652143528104
6129,2,1837,HOH,H1,H,1.007947,0.4242243450515,1.0,0.0
6130,2,1837,HOH,H2,H,1.007947,0.4242243450515,1.0,0.0
6131,2,1838,HOH,O,O,15.99943,-0.848448690103,0.317796456355,0.652143528104
6132,2,1838,HOH,H1,H,1.007947,0.4242243450515,1.0,0.0
6133,2,1838,HOH,H2,H,1.007947,0.4242243450515,1.0,0.0
6134,2,1839,HOH,O,O,15.99943,-0.848448690103,0.317796456355,0.652143528104
6135,2,1839,HOH,H1,H,1.007947,0.4242243450515,1.0,0.0
6136,2,1839,HOH,H2,H,1.007947,0.4242243450515,1.0,0.0
6137,2,1840,HOH,O,O,15.99943,-0.848448690103,0.317796456355,0.652143528104
6138,2,1840,HOH,H1,H,1.007947,0.4242243450515,1.0,0.0
6139,2,1840,HOH,H2,H,1.007947,0.4242243450515,1.0,0.0
6140,2,1841,HOH,O,O,15.99943,-0.848448690103,0.317796456355,0.652143528104
6141,2,1841,HOH,H1,H,1.007947,0.4242243450515,1.0,0.0
6142,2,1841,HOH,H2,H,1.007947,0.4242243450515,1.0,0.0
6143,2,1842,HOH,O,O,15.99943,-0.848448690103,0.317796456355,0.652143528104
6144,2,1842,HOH,H1,H,1.007947,0.4242243450515,1.0,0.0
6145,2,1842,HOH,H2,H,1.007947,0.4242243450515,1.0,0.0
6146,2,1843,HOH,O,O,15.99943,-0.848448690103,0.317796456355,0.652143528104
6147,2,1843,HOH,H1,H,1.007947,0.4242243450515,1.0,0.0
6148,2,1843,HOH,H2,H,1.007947,0.4242243450515,1.0,0.0
6149,2,1844,HOH,O,O,15.99943,-0.848448690103,0.317796456355,0.652143528104
6150,2,1844,HOH,H1,H,1.007947,0.4242243450515,1.0,0.0
6151,2,1844,HOH,H2,H,1.007947,0.4242243450515,1.0,0.0
6152,2,1845,HOH,O,O,15.99943,-0.848448690103,0.317796456355,0.652143528104
6153,2,1845,HOH,H1,H,1.007947,0.4242243450515,1.0,0.0
6154,2,1845,HOH,H2,H,1.007947,0.4242243450515,1.0,0.0
6155,2,1846,HOH,O,O,15.99943,-0.848448690103,0.317796456355,0.652143528104
6156,2,1846,HOH,H1,H,1.007947,0.4242243450515,1.0,0.0
6157,2,1846,HOH,H2,H,1.007947,0.4242243450515,1.0,0.0
6158,2,1847,HOH,O,O,15.99943,-0.848448690103,0.317796456355,0.652143528104
6159,2,1847,HOH,H1,H,1.007947,0.4242243450515,1.0,0.0
6160,2,1847,HOH,H2,H,1.007947,0.4242243450515,1.0,0.0
6161,2,1848,HOH,O,O,15.99943,-0.848448690103,0.317796456355,0.652143528104
6162,2,1848,HOH,H1,H,1.007947,0.4242243450515,1.0,0.0
6163,2,1848,HOH,H2,H,1.007947,0.4242243450515,1.0,0.0
6164,2,1849,HOH,O,O,15.99943,-0.848448690103,0.317796456355,0.652143528104
6165,2,1849,HOH,H1,H,1.007947,0.4242243450515,1.0,0.0
6166,2,1849,HOH,H2,H,1.007947,0.4242243450515,1.0,0.0
6167,2,1850,HOH,O,O,15.99943,-0.848448690103,0.317796456355,0.652143528104
6168,2,1850,HOH,H1,H,1.007947,0.4242243450515,1.0,0.0
6169,2,1850,HOH,H2,H,1.007947,0.4242243450515,1.0,0.0
6170,2,1851,HOH,O,O,15.99943,-0.848448690103,0.317796456355,0.652143528104
6171,2,1851,HOH,H1,H,1.007947,0.4242243450515,1.0,0.0
6172,2,1851,HOH,H2,H,1.007947,0.4242243450515,1.0,0.0
6173,2,1852,HOH,O,O,15.99943,-0.848448690103,0.317796456355,0.652143528104
6174,2,1852,HOH,H1,H,1.007947,0.4242243450515,1.0,0.0
6175,2,1852,HOH,H2,H,1.007947,0.4242243450515,1.0,0.0
6176,2,1853,HOH,O,O,15.99943,-0.848448690103,0.317796456355,0.652143528104
6177,2,1853,HOH,H1,H,1.007947,0.4242243450515,1.0,0.0
6178,2,1853,HOH,H2,H,1.007947,0.4242243450515,1.0,0.0
6179,2,1854,HOH,O,O,15.99943,-0.848448690103,0.317796456355,0.652143528104
6180,2,1854,HOH,H1,H,1.007947,0.4242243450515,1.0,0.0
6181,2,1854,HOH,H2,H,1.007947,0.4242243450515,1.0,0.0
6182,2,1855,HOH,O,O,15.99943,-0.848448690103,0.317796456355,0.652143528104
6183,2,1855,HOH,H1,H,1.007947,0.4242243450515,1.0,0.0
6184,2,1855,HOH,H2,H,1.007947,0.4242243450515,1.0,0.0
6185,2,1856,HOH,O,O,15.99943,-0.848448690103,0.317796456355,0.652143528104
6186,2,1856,HOH,H1,H,1.007947,0.4242243450515,1.0,0.0
6187,2,1856,HOH,H2,H,1.007947,0.4242243450515,1.0,0.0
6188,2,1857,HOH,O,O,15.99943,-0.848448690103,0.317796456355,0.652143528104
6189,2,1857,HOH,H1,H,1.007947,0.4242243450515,1.0,0.0
6190,2,1857,HOH,H2,H,1.007947,0.4242243450515,1.0,0.0
6191,2,1858,HOH,O,O,15.99943,-0.848448690103,0.317796456355,0.652143528104
6192,2,1858,HOH,H1,H,1.007947,0.4242243450515,1.0,0.0
6193,2,1858,HOH,H2,H,1.007947,0.4242243450515,1.0,0.0
6194,2,1859,HOH,O,O,15.99943,-0.848448690103,0.317796456355,0.652143528104
6195,2,1859,HOH,H1,H,1.007947,0.4242243450515,1.0,0.0
6196,2,1859,HOH,H2,H,1.007947,0.4242243450515,1.0,0.0
6197,2,1860,HOH,O,O,15.99943,-0.848448690103,0.317796456355,0.652143528104
6198,2,1860,HOH,H1,H,1.007947,0.4242243450515,1.0,0.0
6199,2,1860,HOH,H2,H,1.007947,0.4242243450515,1.0,0.0
6200,2,1861,HOH,O,O,15.99943,-0.848448690103,0.317796456355,0.652143528104
6201,2,1861,HOH,H1,H,1.007947,0.4242243450515,1.0,0.0
6202,2,1861,HOH,H2,H,1.007947,0.4242243450515,1.0,0.0
6203,2,1862,HOH,O,O,15.99943,-0.848448690103,0.317796456355,0.652143528104
6204,2,1862,HOH,H1,H,1.007947,0.4242243450515,1.0,0.0
6205,2,1862,HOH,H2,H,1.007947,0.4242243450515,1.0,0.0
6206,2,1863,HOH,O,O,15.99943,-0.848448690103,0.317796456355,0.652143528104
6207,2,1863,HOH,H1,H,1.007947,0.4242243450515,1.0,0.0
6208,2,1863,HOH,H2,H,1.007947,0.4242243450515,1.0,0.0
6209,2,1864,HOH,O,O,15.99943,-0.848448690103,0.317796456355,0.652143528104
6210,2,1864,HOH,H1,H,1.007947,0.4242243450515,1.0,0.0
6211,2,1864,HOH,H2,H,1.007947,0.4242243450515,1.0,0.0
6212,2,1865,HOH,O,O,15.99943,-0.848448690103,0.317796456355,0.652143528104
6213,2,1865,HOH,H1,H,1.007947,0.4242243450515,1.0,0.0
6214,2,1865,HOH,H2,H,1.007947,0.4242243450515,1.0,0.0
6215,2,1866,HOH,O,O,15.99943,-0.848448690103,0.317796456355,0.652143528104
6216,2,1866,HOH,H1,H,1.007947,0.4242243450515,1.0,0.0
6217,2,1866,HOH,H2,H,1.007947,0.4242243450515,1.0,0.0
6218,2,1867,HOH,O,O,15.99943,-0.848448690103,0.317796456355,0.652143528104
6219,2,1867,HOH,H1,H,1.007947,0.4242243450515,1.0,0.0
6220,2,1867,HOH,H2,H,1.007947,0.4242243450515,1.0,0.0
6221,2,1868,HOH,O,O,15.99943,-0.848448690103,0.317796456355,0.652143528104
6222,2,1868,HOH,H1,H,1.007947,0.4242243450515,1.0,0.0
6223,2,1868,HOH,H2,H,1.007947,0.4242243450515,1.0,0.0
6224,2,1869,HOH,O,O,15.99943,-0.848448690103,0.317796456355,0.652143528104
6225,2,1869,HOH,H1,H,1.007947,0.4242243450515,1.0,0.0
6226,2,1869,HOH,H2,H,1.007947,0.4242243450515,1.0,0.0
6227,2,1870,HOH,O,O,15.99943,-0.848448690103,0.317796456355,0.652143528104
6228,2,1870,HOH,H1,H,1.007947,0.4242243450515,1.0,0.0
6229,2,1870,HOH,H2,H,1.007947,0.4242243450515,1.0,0.0
6230,2,1871,HOH,O,O,15.99943,-0.848448690103,0.317796456355,0.652143528104
6231,2,1871,HOH,H1,H,1.007947,0.4242243450515,1.0,0.0
6232,2,1871,HOH,H2,H,1.007947,0.4242243450515,1.0,0.0
6233,2,1872,HOH,O,O,15.99943,-0.848448690103,0.317796456355,0.652143528104
6234,2,1872,HOH,H1,H,1.007947,0.4242243450515,1.0,0.0
6235,2,1872,HOH,H2,H,1.007947,0.4242243450515,1.0,0.0
6236,2,1873,HOH,O,O,15.99943,-0.848448690103,0.317796456355,0.652143528104
6237,2,1873,HOH,H1,H,1.007947,0.4242243450515,1.0,0.0
6238,2,1873,HOH,H2,H,1.007947,0.4242243450515,1.0,0.0
6239,2,1874,HOH,O,O,15.99943,-0.848448690103,0.317796456355,0.652143528104
6240,2,1874,HOH,H1,H,1.007947,0.4242243450515,1.0,0.0
6241,2,1874,HOH,H2,H,1.007947,0.4242243450515,1.0,0.0
6242,2,1875,HOH,O,O,15.99943,-0.848448690103,0.317796456355,0.652143528104
6243,2,1875,HOH,H1,H,1.007947,0.4242243450515,1.0,0.0
6244,2,1875,HOH,H2,H,1.007947,0.4242243450515,1.0,0.0
6245,2,1876,HOH,O,O,15.99943,-0.848448690103,0.317796456355,0.652143528104
6246,2,1876,HOH,H1,H,1.007947,0.4242243450515,1.0,0.0
6247,2,1876,HOH,H2,H,1.007947,0.4242243450515,1.0,0.0
6248,2,1877,HOH,O,O,15.99943,-0.848448690103,0.317796456355,0.652143528104
6249,2,1877,HOH,H1,H,1.007947,0.4242243450515,1.0,0.0
6250,2,1877,HOH,H2,H,1.007947,0.4242243450515,1.0,0.0
6251,2,1878,HOH,O,O,15.99943,-0.848448690103,0.317796456355,0.652143528104
6252,2,1878,HOH,H1,H,1.007947,0.4242243450515,1.0,0.0
6253,2,1878,HOH,H2,H,1.007947,0.4242243450515,1.0,0.0
6254,2,1879,HOH,O,O,15.99943,-0.848448690103,0.317796456355,0.652143528104
6255,2,1879,HOH,H1,H,1.007947,0.4242243450515,1.0,0.0
6256,2,1879,HOH,H2,H,1.007947,0.4242243450515,1.0,0.0
6257,2,1880,HOH,O,O,15.99943,-0.848448690103,0.317796456355,0.652143528104
6258,2,1880,HOH,H1,H,1.007947,0.4242243450515,1.0,0.0
6259,2,1880,HOH,H2,H,1.007947,0.4242243450515,1.0,0.0
6260,2,1881,HOH,O,O,15.99943,-0.848448690103,0.317796456355,0.652143528104
6261,2,1881,HOH,H1,H,1.007947,0.4242243450515,1.0,0.0
6262,2,1881,HOH,H2,H,1.007947,0.4242243450515,1.0,0.0
6263,2,1882,HOH,O,O,15.99943,-0.848448690103,0.317796456355,0.652143528104
6264,2,1882,HOH,H1,H,1.007947,0.4242243450515,1.0,0.0
6265,2,1882,HOH,H2,H,1.007947,0.4242243450515,1.0,0.0
6266,2,1883,HOH,O,O,15.99943,-0.848448690103,0.317796456355,0.652143528104
6267,2,1883,HOH,H1,H,1.007947,0.4242243450515,1.0,0.0
6268,2,1883,HOH,H2,H,1.007947,0.4242243450515,1.0,0.0
6269,2,1884,HOH,O,O,15.99943,-0.848448690103,0.317796456355,0.652143528104
6270,2,1884,HOH,H1,H,1.007947,0.4242243450515,1.0,0.0
6271,2,1884,HOH,H2,H,1.007947,0.4242243450515,1.0,0.0
6272,2,1885,HOH,O,O,15.99943,-0.848448690103,0.317796456355,0.652143528104
6273,2,1885,HOH,H1,H,1.007947,0.4242243450515,1.0,0.0
6274,2,1885,HOH,H2,H,1.007947,0.4242243450515,1.0,0.0
6275,2,1886,HOH,O,O,15.99943,-0.848448690103,0.317796456355,0.652143528104
6276,2,1886,HOH,H1,H,1.007947,0.4242243450515,1.0,0.0
6277,2,1886,HOH,H2,H,1.007947,0.4242243450515,1.0,0.0
6278,2,1887,HOH,O,O,15.99943,-0.848448690103,0.317796456355,0.652143528104
6279,2,1887,HOH,H1,H,1.007947,0.4242243450515,1.0,0.0
6280,2,1887,HOH,H2,H,1.007947,0.4242243450515,1.0,0.0
6281,2,1888,HOH,O,O,15.99943,-0.848448690103,0.317796456355,0.652143528104
6282,2,1888,HOH,H1,H,1.007947,0.4242243450515,1.0,0.0
6283,2,1888,HOH,H2,H,1.007947,0.4242243450515,1.0,0.0
6284,2,1889,HOH,O,O,15.99943,-0.848448690103,0.317796456355,0.652143528104
6285,2,1889,HOH,H1,H,1.007947,0.4242243450515,1.0,0.0
6286,2,1889,HOH,H2,H,1.007947,0.4242243450515,1.0,0.0
6287,2,1890,HOH,O,O,15.99943,-0.848448690103,0.317796456355,0.652143528104
6288,2,1890,HOH,H1,H,1.007947,0.4242243450515,1.0,0.0
6289,2,1890,HOH,H2,H,1.007947,0.4242243450515,1.0,0.0
6290,2,1891,HOH,O,O,15.99943,-0.848448690103,0.317796456355,0.652143528104
6291,2,1891,HOH,H1,H,1.007947,0.4242243450515,1.0,0.0
6292,2,1891,HOH,H2,H,1.007947,0.4242243450515,1.0,0.0
6293,2,1892,HOH,O,O,15.99943,-0.848448690103,0.317796456355,0.652143528104
6294,2,1892,HOH,H1,H,1.007947,0.4242243450515,1.0,0.0
6295,2,1892,HOH,H2,H,1.007947,0.4242243450515,1.0,0.0
6296,2,1893,HOH,O,O,15.99943,-0.848448690103,0.317796456355,0.652143528104
6297,2,1893,HOH,H1,H,1.007947,0.4242243450515,1.0,0.0
6298,2,1893,HOH,H2,H,1.007947,0.4242243450515,1.0,0.0
6299,2,1894,HOH,O,O,15.99943,-0.848448690103,0.317796456355,0.652143528104
6300,2,1894,HOH,H1,H,1.007947,0.4242243450515,1.0,0.0
6301,2,1894,HOH,H2,H,1.007947,0.4242243450515,1.0,0.0
6302,2,1895,HOH,O,O,15.99943,-0.848448690103,0.317796456355,0.652143528104
6303,2,1895,HOH,H1,H,1.007947,0.4242243450515,1.0,0.0
6304,2,1895,HOH,H2,H,1.007947,0.4242243450515,1.0,0.0
6305,2,1896,HOH,O,O,15.99943,-0.848448690103,0.317796456355,0.652143528104
6306,2,1896,HOH,H1,H,1.007947,0.4242243450515,1.0,0.0
6307,2,1896,HOH,H2,H,1.007947,0.4242243450515,1.0,0.0
6308,2,1897,HOH,O,O,15.99943,-0.848448690103,0.317796456355,0.652143528104
6309,2,1897,HOH,H1,H,1.007947,0.4242243450515,1.0,0.0
6310,2,1897,HOH,H2,H,1.007947,0.4242243450515,1.0,0.0
6311,2,1898,HOH,O,O,15.99943,-0.848448690103,0.317796456355,0.652143528104
6312,2,1898,HOH,H1,H,1.007947,0.4242243450515,1.0,0.0
6313,2,1898,HOH,H2,H,1.007947,0.4242243450515,1.0,0.0
6314,2,1899,HOH,O,O,15.99943,-0.848448690103,0.317796456355,0.652143528104
6315,2,1899,HOH,H1,H,1.007947,0.4242243450515,1.0,0.0
6316,2,1899,HOH,H2,H,1.007947,0.4242243450515,1.0,0.0
6317,2,1900,HOH,O,O,15.99943,-0.848448690103,0.317796456355,0.652143528104
6318,2,1900,HOH,H1,H,1.007947,0.4242243450515,1.0,0.0
6319,2,1900,HOH,H2,H,1.007947,0.4242243450515,1.0,0.0
6320,2,1901,HOH,O,O,15.99943,-0.848448690103,0.317796456355,0.652143528104
6321,2,1901,HOH,H1,H,1.007947,0.4242243450515,1.0,0.0
6322,2,1901,HOH,H2,H,1.007947,0.4242243450515,1.0,0.0
6323,2,1902,HOH,O,O,15.99943,-0.848448690103,0.317796456355,0.652143528104
6324,2,1902,HOH,H1,H,1.007947,0.4242243450515,1.0,0.0
6325,2,1902,HOH,H2,H,1.007947,0.4242243450515,1.0,0.0
6326,2,1903,HOH,O,O,15.99943,-0.848448690103,0.317796456355,0.652143528104
6327,2,1903,HOH,H1,H,1.007947,0.4242243450515,1.0,0.0
6328,2,1903,HOH,H2,H,1.007947,0.4242243450515,1.0,0.0
6329,2,1904,HOH,O,O,15.99943,-0.848448690103,0.317796456355,0.652143528104
6330,2,1904,HOH,H1,H,1.007947,0.4242243450515,1.0,0.0
6331,2,1904,HOH,H2,H,1.007947,0.4242243450515,1.0,0.0
6332,2,1905,HOH,O,O,15.99943,-0.848448690103,0.317796456355,0.652143528104
6333,2,1905,HOH,H1,H,1.007947,0.4242243450515,1.0,0.0
6334,2,1905,HOH,H2,H,1.007947,0.4242243450515,1.0,0.0
6335,2,1906,HOH,O,O,15.99943,-0.848448690103,0.317796456355,0.652143528104
6336,2,1906,HOH,H1,H,1.007947,0.4242243450515,1.0,0.0
6337,2,1906,HOH,H2,H,1.007947,0.4242243450515,1.0,0.0
6338,2,1907,HOH,O,O,15.99943,-0.848448690103,0.317796456355,0.652143528104
6339,2,1907,HOH,H1,H,1.007947,0.4242243450515,1.0,0.0
6340,2,1907,HOH,H2,H,1.007947,0.4242243450515,1.0,0.0
6341,2,1908,HOH,O,O,15.99943,-0.848448690103,0.317796456355,0.652143528104
6342,2,1908,HOH,H1,H,1.007947,0.4242243450515,1.0,0.0
6343,2,1908,HOH,H2,H,1.007947,0.4242243450515,1.0,0.0
6344,2,1909,HOH,O,O,15.99943,-0.848448690103,0.317796456355,0.652143528104
6345,2,1909,HOH,H1,H,1.007947,0.4242243450515,1.0,0.0
6346,2,1909,HOH,H2,H,1.007947,0.4242243450515,1.0,0.0
6347,2,1910,HOH,O,O,15.99943,-0.848448690103,0.317796456355,0.652143528104
6348,2,1910,HOH,H1,H,1.007947,0.4242243450515,1.0,0.0
6349,2,1910,HOH,H2,H,1.007947,0.4242243450515,1.0,0.0
6350,2,1911,HOH,O,O,15.99943,-0.848448690103,0.317796456355,0.652143528104
6351,2,1911,HOH,H1,H,1.007947,0.4242243450515,1.0,0.0
6352,2,1911,HOH,H2,H,1.007947,0.4242243450515,1.0,0.0
6353,2,1912,HOH,O,O,15.99943,-0.848448690103,0.317796456355,0.652143528104
6354,2,1912,HOH,H1,H,1.007947,0.4242243450515,1.0,0.0
6355,2,1912,HOH,H2,H,1.007947,0.4242243450515,1.0,0.0
6356,2,1913,HOH,O,O,15.99943,-0.848448690103,0.317796456355,0.652143528104
6357,2,1913,HOH,H1,H,1.007947,0.4242243450515,1.0,0.0
6358,2,1913,HOH,H2,H,1.007947,0.4242243450515,1.0,0.0
6359,2,1914,HOH,O,O,15.99943,-0.848448690103,0.317796456355,0.652143528104
6360,2,1914,HOH,H1,H,1.007947,0.4242243450515,1.0,0.0
6361,2,1914,HOH,H2,H,1.007947,0.4242243450515,1.0,0.0
6362,2,1915,HOH,O,O,15.99943,-0.848448690103,0.317796456355,0.652143528104
6363,2,1915,HOH,H1,H,1.007947,0.4242243450515,1.0,0.0
6364,2,1915,HOH,H2,H,1.007947,0.4242243450515,1.0,0.0
6365,2,1916,HOH,O,O,15.99943,-0.848448690103,0.317796456355,0.652143528104
6366,2,1916,HOH,H1,H,1.007947,0.4242243450515,1.0,0.0
6367,2,1916,HOH,H2,H,1.007947,0.4242243450515,1.0,0.0
6368,2,1917,HOH,O,O,15.99943,-0.848448690103,0.317796456355,0.652143528104
6369,2,1917,HOH,H1,H,1.007947,0.4242243450515,1.0,0.0
6370,2,1917,HOH,H2,H,1.007947,0.4242243450515,1.0,0.0
6371,2,1918,HOH,O,O,15.99943,-0.848448690103,0.317796456355,0.652143528104
6372,2,1918,HOH,H1,H,1.007947,0.4242243450515,1.0,0.0
6373,2,1918,HOH,H2,H,1.007947,0.4242243450515,1.0,0.0
6374,2,1919,HOH,O,O,15.99943,-0.848448690103,0.317796456355,0.652143528104
6375,2,1919,HOH,H1,H,1.007947,0.4242243450515,1.0,0.0
6376,2,1919,HOH,H2,H,1.007947,0.4242243450515,1.0,0.0
6377,2,1920,HOH,O,O,15.99943,-0.848448690103,0.317796456355,0.652143528104
6378,2,1920,HOH,H1,H,1.007947,0.4242243450515,1.0,0.0
6379,2,1920,HOH,H2,H,1.007947,0.4242243450515,1.0,0.0
6380,2,1921,HOH,O,O,15.99943,-0.848448690103,0.317796456355,0.652143528104
6381,2,1921,HOH,H1,H,1.007947,0.4242243450515,1.0,0.0
6382,2,1921,HOH,H2,H,1.007947,0.4242243450515,1.0,0.0
6383,2,1922,HOH,O,O,15.99943,-0.848448690103,0.317796456355,0.652143528104
6384,2,1922,HOH,H1,H,1.007947,0.4242243450515,1.0,0.0
6385,2,1922,HOH,H2,H,1.007947,0.4242243450515,1.0,0.0
6386,2,1923,HOH,O,O,15.99943,-0.848448690103,0.317796456355,0.652143528104
6387,2,1923,HOH,H1,H,1.007947,0.4242243450515,1.0,0.0
6388,2,1923,HOH,H2,H,1.007947,0.4242243450515,1.0,0.0
6389,2,1924,HOH,O,O,15.99943,-0.848448690103,0.317796456355,0.652143528104
6390,2,1924,HOH,H1,H,1.007947,0.4242243450515,1.0,0.0
6391,2,1924,HOH,H2,H,1.007947,0.4242243450515,1.0,0.0
6392,2,1925,HOH,O,O,15.99943,-0.848448690103,0.317796456355,0.652143528104
6393,2,1925,HOH,H1,H,1.007947,0.4242243450515,1.0,0.0
6394,2,1925,HOH,H2,H,1.007947,0.4242243450515,1.0,0.0
6395,2,1926,HOH,O,O,15.99943,-0.848448690103,0.317796456355,0.652143528104
6396,2,1926,HOH,H1,H,1.007947,0.4242243450515,1.0,0.0
6397,2,1926,HOH,H2,H,1.007947,0.4242243450515,1.0,0.0
6398,2,1927,HOH,O,O,15.99943,-0.848448690103,0.317796456355,0.652143528104
6399,2,1927,HOH,H1,H,1.007947,0.4242243450515,1.0,0.0
6400,2,1927,HOH,H2,H,1.007947,0.4242243450515,1.0,0.0
6401,2,1928,HOH,O,O,15.99943,-0.848448690103,0.317796456355,0.652143528104
6402,2,1928,HOH,H1,H,1.007947,0.4242243450515,1.0,0.0
6403,2,1928,HOH,H2,H,1.007947,0.4242243450515,1.0,0.0
6404,2,1929,HOH,O,O,15.99943,-0.848448690103,0.317796456355,0.652143528104
6405,2,1929,HOH,H1,H,1.007947,0.4242243450515,1.0,0.0
6406,2,1929,HOH,H2,H,1.007947,0.4242243450515,1.0,0.0
6407,2,1930,HOH,O,O,15.99943,-0.848448690103,0.317796456355,0.652143528104
6408,2,1930,HOH,H1,H,1.007947,0.4242243450515,1.0,0.0
6409,2,1930,HOH,H2,H,1.007947,0.4242243450515,1.0,0.0
6410,2,1931,HOH,O,O,15.99943,-0.848448690103,0.317796456355,0.652143528104
6411,2,1931,HOH,H1,H,1.007947,0.4242243450515,1.0,0.0
6412,2,1931,HOH,H2,H,1.007947,0.4242243450515,1.0,0.0
6413,2,1932,HOH,O,O,15.99943,-0.848448690103,0.317796456355,0.652143528104
6414,2,1932,HOH,H1,H,1.007947,0.4242243450515,1.0,0.0
6415,2,1932,HOH,H2,H,1.007947,0.4242243450515,1.0,0.0
6416,2,1933,HOH,O,O,15.99943,-0.848448690103,0.317796456355,0.652143528104
6417,2,1933,HOH,H1,H,1.007947,0.4242243450515,1.0,0.0
6418,2,1933,HOH,H2,H,1.007947,0.4242243450515,1.0,0.0
6419,2,1934,HOH,O,O,15.99943,-0.848448690103,0.317796456355,0.652143528104
6420,2,1934,HOH,H1,H,1.007947,0.4242243450515,1.0,0.0
6421,2,1934,HOH,H2,H,1.007947,0.4242243450515,1.0,0.0
6422,2,1935,HOH,O,O,15.99943,-0.848448690103,0.317796456355,0.652143528104
6423,2,1935,HOH,H1,H,1.007947,0.4242243450515,1.0,0.0
6424,2,1935,HOH,H2,H,1.007947,0.4242243450515,1.0,0.0
6425,2,1936,HOH,O,O,15.99943,-0.848448690103,0.317796456355,0.652143528104
6426,2,1936,HOH,H1,H,1.007947,0.4242243450515,1.0,0.0
6427,2,1936,HOH,H2,H,1.007947,0.4242243450515,1.0,0.0
6428,2,1937,HOH,O,O,15.99943,-0.848448690103,0.317796456355,0.652143528104
6429,2,1937,HOH,H1,H,1.007947,0.4242243450515,1.0,0.0
6430,2,1937,HOH,H2,H,1.007947,0.4242243450515,1.0,0.0
6431,2,1938,HOH,O,O,15.99943,-0.848448690103,0.317796456355,0.652143528104
6432,2,1938,HOH,H1,H,1.007947,0.4242243450515,1.0,0.0
6433,2,1938,HOH,H2,H,1.007947,0.4242243450515,1.0,0.0
6434,2,1939,HOH,O,O,15.99943,-0.848448690103,0.317796456355,0.652143528104
6435,2,1939,HOH,H1,H,1.007947,0.4242243450515,1.0,0.0
6436,2,1939,HOH,H2,H,1.007947,0.4242243450515,1.0,0.0
6437,2,1940,HOH,O,O,15.99943,-0.848448690103,0.317796456355,0.652143528104
6438,2,1940,HOH,H1,H,1.007947,0.4242243450515,1.0,0.0
6439,2,1940,HOH,H2,H,1.007947,0.4242243450515,1.0,0.0
6440,2,1941,HOH,O,O,15.99943,-0.848448690103,0.317796456355,0.652143528104
6441,2,1941,HOH,H1,H,1.007947,0.4242243450515,1.0,0.0
6442,2,1941,HOH,H2,H,1.007947,0.4242243450515,1.0,0.0
6443,2,1942,HOH,O,O,15.99943,-0.848448690103,0.317796456355,0.652143528104
6444,2,1942,HOH,H1,H,1.007947,0.4242243450515,1.0,0.0
6445,2,1942,HOH,H2,H,1.007947,0.4242243450515,1.0,0.0
6446,2,1943,HOH,O,O,15.99943,-0.848448690103,0.317796456355,0.652143528104
6447,2,1943,HOH,H1,H,1.007947,0.4242243450515,1.0,0.0
6448,2,1943,HOH,H2,H,1.007947,0.4242243450515,1.0,0.0
6449,2,1944,HOH,O,O,15.99943,-0.848448690103,0.317796456355,0.652143528104
6450,2,1944,HOH,H1,H,1.007947,0.4242243450515,1.0,0.0
6451,2,1944,HOH,H2,H,1.007947,0.4242243450515,1.0,0.0
6452,2,1945,HOH,O,O,15.99943,-0.848448690103,0.317796456355,0.652143528104
6453,2,1945,HOH,H1,H,1.007947,0.4242243450515,1.0,0.0
6454,2,1945,HOH,H2,H,1.007947,0.4242243450515,1.0,0.0
6455,2,1946,HOH,O,O,15.99943,-0.848448690103,0.317796456355,0.652143528104
6456,2,1946,HOH,H1,H,1.007947,0.4242243450515,1.0,0.0
6457,2,1946,HOH,H2,H,1.007947,0.4242243450515,1.0,0.0
6458,2,1947,HOH,O,O,15.99943,-0.848448690103,0.317796456355,0.652143528104
6459,2,1947,HOH,H1,H,1.007947,0.4242243450515,1.0,0.0
6460,2,1947,HOH,H2,H,1.007947,0.4242243450515,1.0,0.0
6461,2,1948,HOH,O,O,15.99943,-0.848448690103,0.317796456355,0.652143528104
6462,2,1948,HOH,H1,H,1.007947,0.4242243450515,1.0,0.0
6463,2,1948,HOH,H2,H,1.007947,0.4242243450515,1.0,0.0
6464,2,1949,HOH,O,O,15.99943,-0.848448690103,0.317796456355,0.652143528104
6465,2,1949,HOH,H1,H,1.007947,0.4242243450515,1.0,0.0
6466,2,1949,HOH,H2,H,1.007947,0.4242243450515,1.0,0.0
6467,2,1950,HOH,O,O,15.99943,-0.848448690103,0.317796456355,0.652143528104
6468,2,1950,HOH,H1,H,1.007947,0.4242243450515,1.0,0.0
6469,2,1950,HOH,H2,H,1.007947,0.4242243450515,1.0,0.0
6470,2,1951,HOH,O,O,15.99943,-0.848448690103,0.317796456355,0.652143528104
6471,2,1951,HOH,H1,H,1.007947,0.4242243450515,1.0,0.0
6472,2,1951,HOH,H2,H,1.007947,0.4242243450515,1.0,0.0
6473,2,1952,HOH,O,O,15.99943,-0.848448690103,0.317796456355,0.652143528104
6474,2,1952,HOH,H1,H,1.007947,0.4242243450515,1.0,0.0
6475,2,1952,HOH,H2,H,1.007947,0.4242243450515,1.0,0.0
6476,2,1953,HOH,O,O,15.99943,-0.848448690103,0.317796456355,0.652143528104
6477,2,1953,HOH,H1,H,1.007947,0.4242243450515,1.0,0.0
6478,2,1953,HOH,H2,H,1.007947,0.4242243450515,1.0,0.0
6479,2,1954,HOH,O,O,15.99943,-0.848448690103,0.317796456355,0.652143528104
6480,2,1954,HOH,H1,H,1.007947,0.4242243450515,1.0,0.0
6481,2,1954,HOH,H2,H,1.007947,0.4242243450515,1.0,0.0
6482,2,1955,HOH,O,O,15.99943,-0.848448690103,0.317796456355,0.652143528104
6483,2,1955,HOH,H1,H,1.007947,0.4242243450515,1.0,0.0
6484,2,1955,HOH,H2,H,1.007947,0.4242243450515,1.0,0.0
6485,2,1956,HOH,O,O,15.99943,-0.848448690103,0.317796456355,0.652143528104
6486,2,1956,HOH,H1,H,1.007947,0.4242243450515,1.0,0.0
6487,2,1956,HOH,H2,H,1.007947,0.4242243450515,1.0,0.0
6488,2,1957,HOH,O,O,15.99943,-0.848448690103,0.317796456355,0.652143528104
6489,2,1957,HOH,H1,H,1.007947,0.4242243450515,1.0,0.0
6490,2,1957,HOH,H2,H,1.007947,0.4242243450515,1.0,0.0
6491,2,1958,HOH,O,O,15.99943,-0.848448690103,0.317796456355,0.652143528104
6492,2,1958,HOH,H1,H,1.007947,0.4242243450515,1.0,0.0
6493,2,1958,HOH,H2,H,1.007947,0.4242243450515,1.0,0.0
6494,2,1959,HOH,O,O,15.99943,-0.848448690103,0.317796456355,0.652143528104
6495,2,1959,HOH,H1,H,1.007947,0.4242243450515,1.0,0.0
6496,2,1959,HOH,H2,H,1.007947,0.4242243450515,1.0,0.0
6497,2,1960,HOH,O,O,15.99943,-0.848448690103,0.317796456355,0.652143528104
6498,2,1960,HOH,H1,H,1.007947,0.4242243450515,1.0,0.0
6499,2,1960,HOH,H2,H,1.007947,0.4242243450515,1.0,0.0
6500,2,1961,HOH,O,O,15.99943,-0.848448690103,0.317796456355,0.652143528104
6501,2,1961,HOH,H1,H,1.007947,0.4242243450515,1.0,0.0
6502,2,1961,HOH,H2,H,1.007947,0.4242243450515,1.0,0.0
6503,2,1962,HOH,O,O,15.99943,-0.848448690103,0.317796456355,0.652143528104
6504,2,1962,HOH,H1,H,1.007947,0.4242243450515,1.0,0.0
6505,2,1962,HOH,H2,H,1.007947,0.4242243450515,1.0,0.0
6506,2,1963,HOH,O,O,15.99943,-0.848448690103,0.317796456355,0.652143528104
6507,2,1963,HOH,H1,H,1.007947,0.4242243450515,1.0,0.0
6508,2,1963,HOH,H2,H,1.007947,0.4242243450515,1.0,0.0
6509,2,1964,HOH,O,O,15.99943,-0.848448690103,0.317796456355,0.652143528104
6510,2,1964,HOH,H1,H,1.007947,0.4242243450515,1.0,0.0
6511,2,1964,HOH,H2,H,1.007947,0.4242243450515,1.0,0.0
6512,2,1965,HOH,O,O,15.99943,-0.848448690103,0.317796456355,0.652143528104
6513,2,1965,HOH,H1,H,1.007947,0.4242243450515,1.0,0.0
6514,2,1965,HOH,H2,H,1.007947,0.4242243450515,1.0,0.0
6515,2,1966,HOH,O,O,15.99943,-0.848448690103,0.317796456355,0.652143528104
6516,2,1966,HOH,H1,H,1.007947,0.4242243450515,1.0,0.0
6517,2,1966,HOH,H2,H,1.007947,0.4242243450515,1.0,0.0
6518,2,1967,HOH,O,O,15.99943,-0.848448690103,0.317796456355,0.652143528104
6519,2,1967,HOH,H1,H,1.007947,0.4242243450515,1.0,0.0
6520,2,1967,HOH,H2,H,1.007947,0.4242243450515,1.0,0.0
6521,2,1968,HOH,O,O,15.99943,-0.848448690103,0.317796456355,0.652143528104
6522,2,1968,HOH,H1,H,1.007947,0.4242243450515,1.0,0.0
6523,2,1968,HOH,H2,H,1.007947,0.4242243450515,1.0,0.0
6524,2,1969,HOH,O,O,15.99943,-0.848448690103,0.317796456355,0.652143528104
6525,2,1969,HOH,H1,H,1.007947,0.4242243450515,1.0,0.0
6526,2,1969,HOH,H2,H,1.007947,0.4242243450515,1.0,0.0
6527,2,1970,HOH,O,O,15.99943,-0.848448690103,0.317796456355,0.652143528104
6528,2,1970,HOH,H1,H,1.007947,0.4242243450515,1.0,0.0
6529,2,1970,HOH,H2,H,1.007947,0.4242243450515,1.0,0.0
6530,2,1971,HOH,O,O,15.99943,-0.848448690103,0.317796456355,0.652143528104
6531,2,1971,HOH,H1,H,1.007947,0.4242243450515,1.0,0.0
6532,2,1971,HOH,H2,H,1.007947,0.4242243450515,1.0,0.0
6533,2,1972,HOH,O,O,15.99943,-0.848448690103,0.317796456355,0.652143528104
6534,2,1972,HOH,H1,H,1.007947,0.4242243450515,1.0,0.0
6535,2,1972,HOH,H2,H,1.007947,0.4242243450515,1.0,0.0
6536,2,1973,HOH,O,O,15.99943,-0.848448690103,0.317796456355,0.652143528104
6537,2,1973,HOH,H1,H,1.007947,0.4242243450515,1.0,0.0
6538,2,1973,HOH,H2,H,1.007947,0.4242243450515,1.0,0.0
6539,2,1974,HOH,O,O,15.99943,-0.848448690103,0.317796456355,0.652143528104
6540,2,1974,HOH,H1,H,1.007947,0.4242243450515,1.0,0.0
6541,2,1974,HOH,H2,H,1.007947,0.4242243450515,1.0,0.0
6542,2,1975,HOH,O,O,15.99943,-0.848448690103,0.317796456355,0.652143528104
6543,2,1975,HOH,H1,H,1.007947,0.4242243450515,1.0,0.0
6544,2,1975,HOH,H2,H,1.007947,0.4242243450515,1.0,0.0
6545,2,1976,HOH,O,O,15.99943,-0.848448690103,0.317796456355,0.652143528104
6546,2,1976,HOH,H1,H,1.007947,0.4242243450515,1.0,0.0
6547,2,1976,HOH,H2,H,1.007947,0.4242243450515,1.0,0.0
6548,2,1977,HOH,O,O,15.99943,-0.848448690103,0.317796456355,0.652143528104
6549,2,1977,HOH,H1,H,1.007947,0.4242243450515,1.0,0.0
6550,2,1977,HOH,H2,H,1.007947,0.4242243450515,1.0,0.0
6551,2,1978,HOH,O,O,15.99943,-0.848448690103,0.317796456355,0.652143528104
6552,2,1978,HOH,H1,H,1.007947,0.4242243450515,1.0,0.0
6553,2,1978,HOH,H2,H,1.007947,0.4242243450515,1.0,0.0
6554,2,1979,HOH,O,O,15.99943,-0.848448690103,0.317796456355,0.652143528104
6555,2,1979,HOH,H1,H,1.007947,0.4242243450515,1.0,0.0
6556,2,1979,HOH,H2,H,1.007947,0.4242243450515,1.0,0.0
6557,2,1980,HOH,O,O,15.99943,-0.848448690103,0.317796456355,0.652143528104
6558,2,1980,HOH,H1,H,1.007947,0.4242243450515,1.0,0.0
6559,2,1980,HOH,H2,H,1.007947,0.4242243450515,1.0,0.0
6560,2,1982,HOH,O,O,15.99943,-0.848448690103,0.317796456355,0.652143528104
6561,2,1982,HOH,H1,H,1.007947,0.4242243450515,1.0,0.0
6562,2,1982,HOH,H2,H,1.007947,0.4242243450515,1.0,0.0
6563,2,1983,HOH,O,O,15.99943,-0.848448690103,0.317796456355,0.652143528104
6564,2,1983,HOH,H1,H,1.007947,0.4242243450515,1.0,0.0
6565,2,1983,HOH,H2,H,1.007947,0.4242243450515,1.0,0.0
6566,2,1984,HOH,O,O,15.99943,-0.848448690103,0.317796456355,0.652143528104
6567,2,1984,HOH,H1,H,1.007947,0.4242243450515,1.0,0.0
6568,2,1984,HOH,H2,H,1.007947,0.4242243450515,1.0,0.0
6569,2,1985,HOH,O,O,15.99943,-0.848448690103,0.317796456355,0.652143528104
6570,2,1985,HOH,H1,H,1.007947,0.4242243450515,1.0,0.0
6571,2,1985,HOH,H2,H,1.007947,0.4242243450515,1.0,0.0
6572,2,1986,HOH,O,O,15.99943,-0.848448690103,0.317796456355,0.652143528104
6573,2,1986,HOH,H1,H,1.007947,0.4242243450515,1.0,0.0
6574,2,1986,HOH,H2,H,1.007947,0.4242243450515,1.0,0.0
6575,2,1987,HOH,O,O,15.99943,-0.848448690103,0.317796456355,0.652143528104
6576,2,1987,HOH,H1,H,1.007947,0.4242243450515,1.0,0.0
6577,2,1987,HOH,H2,H,1.007947,0.4242243450515,1.0,0.0
6578,2,1988,HOH,O,O,15.99943,-0.848448690103,0.317796456355,0.652143528104
6579,2,1988,HOH,H1,H,1.007947,0.4242243450515,1.0,0.0
6580,2,1988,HOH,H2,H,1.007947,0.4242243450515,1.0,0.0
6581,2,1989,HOH,O,O,15.99943,-0.848448690103,0.317796456355,0.652143528104
6582,2,1989,HOH,H1,H,1.007947,0.4242243450515,1.0,0.0
6583,2,1989,HOH,H2,H,1.007947,0.4242243450515,1.0,0.0
6584,2,1990,HOH,O,O,15.99943,-0.848448690103,0.317796456355,0.652143528104
6585,2,1990,HOH,H1,H,1.007947,0.4242243450515,1.0,0.0
6586,2,1990,HOH,H2,H,1.007947,0.4242243450515,1.0,0.0
6587,2,1991,HOH,O,O,15.99943,-0.848448690103,0.317796456355,0.652143528104
6588,2,1991,HOH,H1,H,1.007947,0.4242243450515,1.0,0.0
6589,2,1991,HOH,H2,H,1.007947,0.4242243450515,1.0,0.0
6590,2,1992,HOH,O,O,15.99943,-0.848448690103,0.317796456355,0.652143528104
6591,2,1992,HOH,H1,H,1.007947,0.4242243450515,1.0,0.0
6592,2,1992,HOH,H2,H,1.007947,0.4242243450515,1.0,0.0
6593,2,1993,HOH,O,O,15.99943,-0.848448690103,0.317796456355,0.652143528104
6594,2,1993,HOH,H1,H,1.007947,0.4242243450515,1.0,0.0
6595,2,1993,HOH,H2,H,1.007947,0.4242243450515,1.0,0.0
6596,2,1994,HOH,O,O,15.99943,-0.848448690103,0.317796456355,0.652143528104
6597,2,1994,HOH,H1,H,1.007947,0.4242243450515,1.0,0.0
6598,2,1994,HOH,H2,H,1.007947,0.4242243450515,1.0,0.0
6599,2,1995,HOH,O,O,15.99943,-0.848448690103,0.317796456355,0.652143528104
6600,2,1995,HOH,H1,H,1.007947,0.4242243450515,1.0,0.0
6601,2,1995,HOH,H2,H,1.007947,0.4242243450515,1.0,0.0
6602,2,1996,HOH,O,O,15.99943,-0.848448690103,0.317796456355,0.652143528104
6603,2,1996,HOH,H1,H,1.007947,0.4242243450515,1.0,0.0
6604,2,1996,HOH,H2,H,1.007947,0.4242243450515,1.0,0.0
6605,2,1997,HOH,O,O,15.99943,-0.848448690103,0.317796456355,0.652143528104
6606,2,1997,HOH,H1,H,1.007947,0.4242243450515,1.0,0.0
6607,2,1997,HOH,H2,H,1.007947,0.4242243450515,1.0,0.0
6608,2,1998,HOH,O,O,15.99943,-0.848448690103,0.317796456355,0.652143528104
6609,2,1998,HOH,H1,H,1.007947,0.4242243450515,1.0,0.0
6610,2,1998,HOH,H2,H,1.007947,0.4242243450515,1.0,0.0
6611,2,1999,HOH,O,O,15.99943,-0.848448690103,0.317796456355,0.652143528104
6612,2,1999,HOH,H1,H,1.007947,0.4242243450515,1.0,0.0
6613,2,1999,HOH,H2,H,1.007947,0.4242243450515,1.0,0.0
6614,2,2000,HOH,O,O,15.99943,-0.848448690103,0.317796456355,0.652143528104
6615,2,2000,HOH,H1,H,1.007947,0.4242243450515,1.0,0.0
6616,2,2000,HOH,H2,H,1.007947,0.4242243450515,1.0,0.0
6617,2,2001,HOH,O,O,15.99943,-0.848448690103,0.317796456355,0.652143528104
6618,2,2001,HOH,H1,H,1.007947,0.4242243450515,1.0,0.0
6619,2,2001,HOH,H2,H,1.007947,0.4242243450515,1.0,0.0
6620,2,2002,HOH,O,O,15.99943,-0.848448690103,0.317796456355,0.652143528104
6621,2,2002,HOH,H1,H,1.007947,0.4242243450515,1.0,0.0
6622,2,2002,HOH,H2,H,1.007947,0.4242243450515,1.0,0.0
6623,2,2003,HOH,O,O,15.99943,-0.848448690103,0.317796456355,0.652143528104
6624,2,2003,HOH,H1,H,1.007947,0.4242243450515,1.0,0.0
6625,2,2003,HOH,H2,H,1.007947,0.4242243450515,1.0,0.0
6626,2,2004,HOH,O,O,15.99943,-0.848448690103,0.317796456355,0.652143528104
6627,2,2004,HOH,H1,H,1.007947,0.4242243450515,1.0,0.0
6628,2,2004,HOH,H2,H,1.007947,0.4242243450515,1.0,0.0
6629,2,2005,HOH,O,O,15.99943,-0.848448690103,0.317796456355,0.652143528104
6630,2,2005,HOH,H1,H,1.007947,0.4242243450515,1.0,0.0
6631,2,2005,HOH,H2,H,1.007947,0.4242243450515,1.0,0.0
6632,2,2006,HOH,O,O,15.99943,-0.848448690103,0.317796456355,0.652143528104
6633,2,2006,HOH,H1,H,1.007947,0.4242243450515,1.0,0.0
6634,2,2006,HOH,H2,H,1.007947,0.4242243450515,1.0,0.0
6635,2,2007,HOH,O,O,15.99943,-0.848448690103,0.317796456355,0.652143528104
6636,2,2007,HOH,H1,H,1.007947,0.4242243450515,1.0,0.0
6637,2,2007,HOH,H2,H,1.007947,0.4242243450515,1.0,0.0
6638,2,2008,HOH,O,O,15.99943,-0.848448690103,0.317796456355,0.652143528104
6639,2,2008,HOH,H1,H,1.007947,0.4242243450515,1.0,0.0
6640,2,2008,HOH,H2,H,1.007947,0.4242243450515,1.0,0.0
6641,2,2009,HOH,O,O,15.99943,-0.848448690103,0.317796456355,0.652143528104
6642,2,2009,HOH,H1,H,1.007947,0.4242243450515,1.0,0.0
6643,2,2009,HOH,H2,H,1.007947,0.4242243450515,1.0,0.0
6644,2,2010,HOH,O,O,15.99943,-0.848448690103,0.317796456355,0.652143528104
6645,2,2010,HOH,H1,H,1.007947,0.4242243450515,1.0,0.0
6646,2,2010,HOH,H2,H,1.007947,0.4242243450515,1.0,0.0
6647,2,2011,HOH,O,O,15.99943,-0.848448690103,0.317796456355,0.652143528104
6648,2,2011,HOH,H1,H,1.007947,0.4242243450515,1.0,0.0
6649,2,2011,HOH,H2,H,1.007947,0.4242243450515,1.0,0.0
6650,2,2012,HOH,O,O,15.99943,-0.848448690103,0.317796456355,0.652143528104
6651,2,2012,HOH,H1,H,1.007947,0.4242243450515,1.0,0.0
6652,2,2012,HOH,H2,H,1.007947,0.4242243450515,1.0,0.0
6653,2,2013,HOH,O,O,15.99943,-0.848448690103,0.317796456355,0.652143528104
6654,2,2013,HOH,H1,H,1.007947,0.4242243450515,1.0,0.0
6655,2,2013,HOH,H2,H,1.007947,0.4242243450515,1.0,0.0
6656,2,2014,HOH,O,O,15.99943,-0.848448690103,0.317796456355,0.652143528104
6657,2,2014,HOH,H1,H,1.007947,0.4242243450515,1.0,0.0
6658,2,2014,HOH,H2,H,1.007947,0.4242243450515,1.0,0.0
6659,2,2015,HOH,O,O,15.99943,-0.848448690103,0.317796456355,0.652143528104
6660,2,2015,HOH,H1,H,1.007947,0.4242243450515,1.0,0.0
6661,2,2015,HOH,H2,H,1.007947,0.4242243450515,1.0,0.0
6662,2,2016,HOH,O,O,15.99943,-0.848448690103,0.317796456355,0.652143528104
6663,2,2016,HOH,H1,H,1.007947,0.4242243450515,1.0,0.0
6664,2,2016,HOH,H2,H,1.007947,0.4242243450515,1.0,0.0
6665,2,2017,HOH,O,O,15.99943,-0.848448690103,0.317796456355,0.652143528104
6666,2,2017,HOH,H1,H,1.007947,0.4242243450515,1.0,0.0
6667,2,2017,HOH,H2,H,1.007947,0.4242243450515,1.0,0.0
6668,2,2018,HOH,O,O,15.99943,-0.848448690103,0.317796456355,0.652143528104
6669,2,2018,HOH,H1,H,1.007947,0.4242243450515,1.0,0.0
6670,2,2018,HOH,H2,H,1.007947,0.4242243450515,1.0,0.0
6671,2,2019,HOH,O,O,15.99943,-0.848448690103,0.317796456355,0.652143528104
6672,2,2019,HOH,H1,H,1.007947,0.4242243450515,1.0,0.0
6673,2,2019,HOH,H2,H,1.007947,0.4242243450515,1.0,0.0
6674,2,2020,HOH,O,O,15.99943,-0.848448690103,0.317796456355,0.652143528104
6675,2,2020,HOH,H1,H,1.007947,0.4242243450515,1.0,0.0
6676,2,2020,HOH,H2,H,1.007947,0.4242243450515,1.0,0.0
6677,2,2021,HOH,O,O,15.99943,-0.848448690103,0.317796456355,0.652143528104
6678,2,2021,HOH,H1,H,1.007947,0.4242243450515,1.0,0.0
6679,2,2021,HOH,H2,H,1.007947,0.4242243450515,1.0,0.0
6680,2,2022,HOH,O,O,15.99943,-0.848448690103,0.317796456355,0.652143528104
6681,2,2022,HOH,H1,H,1.007947,0.4242243450515,1.0,0.0
6682,2,2022,HOH,H2,H,1.007947,0.4242243450515,1.0,0.0
6683,2,2023,HOH,O,O,15.99943,-0.848448690103,0.317796456355,0.652143528104
6684,2,2023,HOH,H1,H,1.007947,0.4242243450515,1.0,0.0
6685,2,2023,HOH,H2,H,1.007947,0.4242243450515,1.0,0.0
6686,2,2024,HOH,O,O,15.99943,-0.848448690103,0.317796456355,0.652143528104
6687,2,2024,HOH,H1,H,1.007947,0.4242243450515,1.0,0.0
6688,2,2024,HOH,H2,H,1.007947,0.4242243450515,1.0,0.0
6689,2,2025,HOH,O,O,15.99943,-0.848448690103,0.317796456355,0.652143528104
6690,2,2025,HOH,H1,H,1.007947,0.4242243450515,1.0,0.0
6691,2,2025,HOH,H2,H,1.007947,0.4242243450515,1.0,0.0
6692,2,2026,HOH,O,O,15.99943,-0.848448690103,0.317796456355,0.652143528104
6693,2,2026,HOH,H1,H,1.007947,0.4242243450515,1.0,0.0
6694,2,2026,HOH,H2,H,1.007947,0.4242243450515,1.0,0.0
6695,2,2027,HOH,O,O,15.99943,-0.848448690103,0.317796456355,0.652143528104
6696,2,2027,HOH,H1,H,1.007947,0.4242243450515,1.0,0.0
6697,2,2027,HOH,H2,H,1.007947,0.4242243450515,1.0,0.0
6698,2,2028,HOH,O,O,15.99943,-0.848448690103,0.317796456355,0.652143528104
6699,2,2028,HOH,H1,H,1.007947,0.4242243450515,1.0,0.0
6700,2,2028,HOH,H2,H,1.007947,0.4242243450515,1.0,0.0
6701,2,2029,HOH,O,O,15.99943,-0.848448690103,0.317796456355,0.652143528104
6702,2,2029,HOH,H1,H,1.007947,0.4242243450515,1.0,0.0
6703,2,2029,HOH,H2,H,1.007947,0.4242243450515,1.0,0.0
6704,2,2030,HOH,O,O,15.99943,-0.848448690103,0.317796456355,0.652143528104
6705,2,2030,HOH,H1,H,1.007947,0.4242243450515,1.0,0.0
6706,2,2030,HOH,H2,H,1.007947,0.4242243450515,1.0,0.0
6707,2,2031,HOH,O,O,15.99943,-0.848448690103,0.317796456355,0.652143528104
6708,2,2031,HOH,H1,H,1.007947,0.4242243450515,1.0,0.0
6709,2,2031,HOH,H2,H,1.007947,0.4242243450515,1.0,0.0
6710,2,2032,HOH,O,O,15.99943,-0.848448690103,0.317796456355,0.652143528104
6711,2,2032,HOH,H1,H,1.007947,0.4242243450515,1.0,0.0
6712,2,2032,HOH,H2,H,1.007947,0.4242243450515,1.0,0.0
6713,2,2033,HOH,O,O,15.99943,-0.848448690103,0.317796456355,0.652143528104
6714,2,2033,HOH,H1,H,1.007947,0.4242243450515,1.0,0.0
6715,2,2033,HOH,H2,H,1.007947,0.4242243450515,1.0,0.0
6716,2,2034,HOH,O,O,15.99943,-0.848448690103,0.317796456355,0.652143528104
6717,2,2034,HOH,H1,H,1.007947,0.4242243450515,1.0,0.0
6718,2,2034,HOH,H2,H,1.007947,0.4242243450515,1.0,0.0
6719,2,2035,HOH,O,O,15.99943,-0.848448690103,0.317796456355,0.652143528104
6720,2,2035,HOH,H1,H,1.007947,0.4242243450515,1.0,0.0
6721,2,2035,HOH,H2,H,1.007947,0.4242243450515,1.0,0.0
6722,2,2036,HOH,O,O,15.99943,-0.848448690103,0.317796456355,0.652143528104
6723,2,2036,HOH,H1,H,1.007947,0.4242243450515,1.0,0.0
6724,2,2036,HOH,H2,H,1.007947,0.4242243450515,1.0,0.0
6725,2,2037,HOH,O,O,15.99943,-0.848448690103,0.317796456355,0.652143528104
6726,2,2037,HOH,H1,H,1.007947,0.4242243450515,1.0,0.0
6727,2,2037,HOH,H2,H,1.007947,0.4242243450515,1.0,0.0
6728,2,2038,HOH,O,O,15.99943,-0.848448690103,0.317796456355,0.652143528104
6729,2,2038,HOH,H1,H,1.007947,0.4242243450515,1.0,0.0
6730,2,2038,HOH,H2,H,1.007947,0.4242243450515,1.0,0.0
6731,2,2039,HOH,O,O,15.99943,-0.848448690103,0.317796456355,0.652143528104
6732,2,2039,HOH,H1,H,1.007947,0.4242243450515,1.0,0.0
6733,2,2039,HOH,H2,H,1.007947,0.4242243450515,1.0,0.0
6734,2,2040,HOH,O,O,15.99943,-0.848448690103,0.317796456355,0.652143528104
6735,2,2040,HOH,H1,H,1.007947,0.4242243450515,1.0,0.0
6736,2,2040,HOH,H2,H,1.007947,0.4242243450515,1.0,0.0
6737,2,2041,HOH,O,O,15.99943,-0.848448690103,0.317796456355,0.652143528104
6738,2,2041,HOH,H1,H,1.007947,0.4242243450515,1.0,0.0
6739,2,2041,HOH,H2,H,1.007947,0.4242243450515,1.0,0.0
6740,2,2042,HOH,O,O,15.99943,-0.848448690103,0.317796456355,0.652143528104
6741,2,2042,HOH,H1,H,1.007947,0.4242243450515,1.0,0.0
6742,2,2042,HOH,H2,H,1.007947,0.4242243450515,1.0,0.0
6743,2,2043,HOH,O,O,15.99943,-0.848448690103,0.317796456355,0.652143528104
6744,2,2043,HOH,H1,H,1.007947,0.4242243450515,1.0,0.0
6745,2,2043,HOH,H2,H,1.007947,0.4242243450515,1.0,0.0
6746,2,2044,HOH,O,O,15.99943,-0.848448690103,0.317796456355,0.652143528104
6747,2,2044,HOH,H1,H,1.007947,0.4242243450515,1.0,0.0
6748,2,2044,HOH,H2,H,1.007947,0.4242243450515,1.0,0.0
6749,2,2046,HOH,O,O,15.99943,-0.848448690103,0.317796456355,0.652143528104
6750,2,2046,HOH,H1,H,1.007947,0.4242243450515,1.0,0.0
6751,2,2046,HOH,H2,H,1.007947,0.4242243450515,1.0,0.0
6752,2,2047,HOH,O,O,15.99943,-0.848448690103,0.317796456355,0.652143528104
6753,2,2047,HOH,H1,H,1.007947,0.4242243450515,1.0,0.0
6754,2,2047,HOH,H2,H,1.007947,0.4242243450515,1.0,0.0
6755,2,2048,HOH,O,O,15.99943,-0.848448690103,0.317796456355,0.652143528104
6756,2,2048,HOH,H1,H,1.007947,0.4242243450515,1.0,0.0
6757,2,2048,HOH,H2,H,1.007947,0.4242243450515,1.0,0.0
6758,2,2049,HOH,O,O,15.99943,-0.848448690103,0.317796456355,0.652143528104
6759,2,2049,HOH,H1,H,1.007947,0.4242243450515,1.0,0.0
6760,2,2049,HOH,H2,H,1.007947,0.4242243450515,1.0,0.0
6761,2,2050,HOH,O,O,15.99943,-0.848448690103,0.317796456355,0.652143528104
6762,2,2050,HOH,H1,H,1.007947,0.4242243450515,1.0,0.0
6763,2,2050,HOH,H2,H,1.007947,0.4242243450515,1.0,0.0
6764,2,2051,HOH,O,O,15.99943,-0.848448690103,0.317796456355,0.652143528104
6765,2,2051,HOH,H1,H,1.007947,0.4242243450515,1.0,0.0
6766,2,2051,HOH,H2,H,1.007947,0.4242243450515,1.0,0.0
6767,2,2052,HOH,O,O,15.99943,-0.848448690103,0.317796456355,0.652143528104
6768,2,2052,HOH,H1,H,1.007947,0.4242243450515,1.0,0.0
6769,2,2052,HOH,H2,H,1.007947,0.4242243450515,1.0,0.0
6770,2,2053,HOH,O,O,15.99943,-0.848448690103,0.317796456355,0.652143528104
6771,2,2053,HOH,H1,H,1.007947,0.4242243450515,1.0,0.0
6772,2,2053,HOH,H2,H,1.007947,0.4242243450515,1.0,0.0
6773,2,2054,HOH,O,O,15.99943,-0.848448690103,0.317796456355,0.652143528104
6774,2,2054,HOH,H1,H,1.007947,0.4242243450515,1.0,0.0
6775,2,2054,HOH,H2,H,1.007947,0.4242243450515,1.0,0.0
6776,2,2055,HOH,O,O,15.99943,-0.848448690103,0.317796456355,0.652143528104
6777,2,2055,HOH,H1,H,1.007947,0.4242243450515,1.0,0.0
6778,2,2055,HOH,H2,H,1.007947,0.4242243450515,1.0,0.0
6779,2,2056,HOH,O,O,15.99943,-0.848448690103,0.317796456355,0.652143528104
6780,2,2056,HOH,H1,H,1.007947,0.4242243450515,1.0,0.0
6781,2,2056,HOH,H2,H,1.007947,0.4242243450515,1.0,0.0
6782,2,2057,HOH,O,O,15.99943,-0.848448690103,0.317796456355,0.652143528104
6783,2,2057,HOH,H1,H,1.007947,0.4242243450515,1.0,0.0
6784,2,2057,HOH,H2,H,1.007947,0.4242243450515,1.0,0.0
6785,2,2058,HOH,O,O,15.99943,-0.848448690103,0.317796456355,0.652143528104
6786,2,2058,HOH,H1,H,1.007947,0.4242243450515,1.0,0.0
6787,2,2058,HOH,H2,H,1.007947,0.4242243450515,1.0,0.0
6788,2,2059,HOH,O,O,15.99943,-0.848448690103,0.317796456355,0.652143528104
6789,2,2059,HOH,H1,H,1.007947,0.4242243450515,1.0,0.0
6790,2,2059,HOH,H2,H,1.007947,0.4242243450515,1.0,0.0
6791,2,2060,HOH,O,O,15.99943,-0.848448690103,0.317796456355,0.652143528104
6792,2,2060,HOH,H1,H,1.007947,0.4242243450515,1.0,0.0
6793,2,2060,HOH,H2,H,1.007947,0.4242243450515,1.0,0.0
6794,2,2061,HOH,O,O,15.99943,-0.848448690103,0.317796456355,0.652143528104
6795,2,2061,HOH,H1,H,1.007947,0.4242243450515,1.0,0.0
6796,2,2061,HOH,H2,H,1.007947,0.4242243450515,1.0,0.0
6797,2,2062,HOH,O,O,15.99943,-0.848448690103,0.317796456355,0.652143528104
6798,2,2062,HOH,H1,H,1.007947,0.4242243450515,1.0,0.0
6799,2,2062,HOH,H2,H,1.007947,0.4242243450515,1.0,0.0
6800,2,2063,HOH,O,O,15.99943,-0.848448690103,0.317796456355,0.652143528104
6801,2,2063,HOH,H1,H,1.007947,0.4242243450515,1.0,0.0
6802,2,2063,HOH,H2,H,1.007947,0.4242243450515,1.0,0.0
6803,2,2064,HOH,O,O,15.99943,-0.848448690103,0.317796456355,0.652143528104
6804,2,2064,HOH,H1,H,1.007947,0.4242243450515,1.0,0.0
6805,2,2064,HOH,H2,H,1.007947,0.4242243450515,1.0,0.0
6806,2,2065,HOH,O,O,15.99943,-0.848448690103,0.317796456355,0.652143528104
6807,2,2065,HOH,H1,H,1.007947,0.4242243450515,1.0,0.0
6808,2,2065,HOH,H2,H,1.007947,0.4242243450515,1.0,0.0
6809,2,2066,HOH,O,O,15.99943,-0.848448690103,0.317796456355,0.652143528104
6810,2,2066,HOH,H1,H,1.007947,0.4242243450515,1.0,0.0
6811,2,2066,HOH,H2,H,1.007947,0.4242243450515,1.0,0.0
6812,2,2067,HOH,O,O,15.99943,-0.848448690103,0.317796456355,0.652143528104
6813,2,2067,HOH,H1,H,1.007947,0.4242243450515,1.0,0.0
6814,2,2067,HOH,H2,H,1.007947,0.4242243450515,1.0,0.0
6815,2,2068,HOH,O,O,15.99943,-0.848448690103,0.317796456355,0.652143528104
6816,2,2068,HOH,H1,H,1.007947,0.4242243450515,1.0,0.0
6817,2,2068,HOH,H2,H,1.007947,0.4242243450515,1.0,0.0
6818,2,2069,HOH,O,O,15.99943,-0.848448690103,0.317796456355,0.652143528104
6819,2,2069,HOH,H1,H,1.007947,0.4242243450515,1.0,0.0
6820,2,2069,HOH,H2,H,1.007947,0.4242243450515,1.0,0.0
6821,2,2070,HOH,O,O,15.99943,-0.848448690103,0.317796456355,0.652143528104
6822,2,2070,HOH,H1,H,1.007947,0.4242243450515,1.0,0.0
6823,2,2070,HOH,H2,H,1.007947,0.4242243450515,1.0,0.0
6824,2,2071,HOH,O,O,15.99943,-0.848448690103,0.317796456355,0.652143528104
6825,2,2071,HOH,H1,H,1.007947,0.4242243450515,1.0,0.0
6826,2,2071,HOH,H2,H,1.007947,0.4242243450515,1.0,0.0
6827,2,2072,HOH,O,O,15.99943,-0.848448690103,0.317796456355,0.652143528104
6828,2,2072,HOH,H1,H,1.007947,0.4242243450515,1.0,0.0
6829,2,2072,HOH,H2,H,1.007947,0.4242243450515,1.0,0.0
6830,2,2073,HOH,O,O,15.99943,-0.848448690103,0.317796456355,0.652143528104
6831,2,2073,HOH,H1,H,1.007947,0.4242243450515,1.0,0.0
6832,2,2073,HOH,H2,H,1.007947,0.4242243450515,1.0,0.0
6833,2,2074,HOH,O,O,15.99943,-0.848448690103,0.317796456355,0.652143528104
6834,2,2074,HOH,H1,H,1.007947,0.4242243450515,1.0,0.0
6835,2,2074,HOH,H2,H,1.007947,0.4242243450515,1.0,0.0
6836,2,2075,HOH,O,O,15.99943,-0.848448690103,0.317796456355,0.652143528104
6837,2,2075,HOH,H1,H,1.007947,0.4242243450515,1.0,0.0
6838,2,2075,HOH,H2,H,1.007947,0.4242243450515,1.0,0.0
6839,2,2076,HOH,O,O,15.99943,-0.848448690103,0.317796456355,0.652143528104
6840,2,2076,HOH,H1,H,1.007947,0.4242243450515,1.0,0.0
6841,2,2076,HOH,H2,H,1.007947,0.4242243450515,1.0,0.0
6842,2,2077,HOH,O,O,15.99943,-0.848448690103,0.317796456355,0.652143528104
6843,2,2077,HOH,H1,H,1.007947,0.4242243450515,1.0,0.0
6844,2,2077,HOH,H2,H,1.007947,0.4242243450515,1.0,0.0
6845,2,2078,HOH,O,O,15.99943,-0.848448690103,0.317796456355,0.652143528104
6846,2,2078,HOH,H1,H,1.007947,0.4242243450515,1.0,0.0
6847,2,2078,HOH,H2,H,1.007947,0.4242243450515,1.0,0.0
6848,2,2079,HOH,O,O,15.99943,-0.848448690103,0.317796456355,0.652143528104
6849,2,2079,HOH,H1,H,1.007947,0.4242243450515,1.0,0.0
6850,2,2079,HOH,H2,H,1.007947,0.4242243450515,1.0,0.0
6851,2,2080,HOH,O,O,15.99943,-0.848448690103,0.317796456355,0.652143528104
6852,2,2080,HOH,H1,H,1.007947,0.4242243450515,1.0,0.0
6853,2,2080,HOH,H2,H,1.007947,0.4242243450515,1.0,0.0
6854,2,2081,HOH,O,O,15.99943,-0.848448690103,0.317796456355,0.652143528104
6855,2,2081,HOH,H1,H,1.007947,0.4242243450515,1.0,0.0
6856,2,2081,HOH,H2,H,1.007947,0.4242243450515,1.0,0.0
6857,2,2082,HOH,O,O,15.99943,-0.848448690103,0.317796456355,0.652143528104
6858,2,2082,HOH,H1,H,1.007947,0.4242243450515,1.0,0.0
6859,2,2082,HOH,H2,H,1.007947,0.4242243450515,1.0,0.0
6860,2,2083,HOH,O,O,15.99943,-0.848448690103,0.317796456355,0.652143528104
6861,2,2083,HOH,H1,H,1.007947,0.4242243450515,1.0,0.0
6862,2,2083,HOH,H2,H,1.007947,0.4242243450515,1.0,0.0
6863,2,2084,HOH,O,O,15.99943,-0.848448690103,0.317796456355,0.652143528104
6864,2,2084,HOH,H1,H,1.007947,0.4242243450515,1.0,0.0
6865,2,2084,HOH,H2,H,1.007947,0.4242243450515,1.0,0.0
6866,2,2085,HOH,O,O,15.99943,-0.848448690103,0.317796456355,0.652143528104
6867,2,2085,HOH,H1,H,1.007947,0.4242243450515,1.0,0.0
6868,2,2085,HOH,H2,H,1.007947,0.4242243450515,1.0,0.0
6869,2,2086,HOH,O,O,15.99943,-0.848448690103,0.317796456355,0.652143528104
6870,2,2086,HOH,H1,H,1.007947,0.4242243450515,1.0,0.0
6871,2,2086,HOH,H2,H,1.007947,0.4242243450515,1.0,0.0
6872,2,2087,HOH,O,O,15.99943,-0.848448690103,0.317796456355,0.652143528104
6873,2,2087,HOH,H1,H,1.007947,0.4242243450515,1.0,0.0
6874,2,2087,HOH,H2,H,1.007947,0.4242243450515,1.0,0.0
6875,2,2088,HOH,O,O,15.99943,-0.848448690103,0.317796456355,0.652143528104
6876,2,2088,HOH,H1,H,1.007947,0.4242243450515,1.0,0.0
6877,2,2088,HOH,H2,H,1.007947,0.4242243450515,1.0,0.0
6878,2,2089,HOH,O,O,15.99943,-0.848448690103,0.317796456355,0.652143528104
6879,2,2089,HOH,H1,H,1.007947,0.4242243450515,1.0,0.0
6880,2,2089,HOH,H2,H,1.007947,0.4242243450515,1.0,0.0
6881,2,2090,HOH,O,O,15.99943,-0.848448690103,0.317796456355,0.652143528104
6882,2,2090,HOH,H1,H,1.007947,0.4242243450515,1.0,0.0
6883,2,2090,HOH,H2,H,1.007947,0.4242243450515,1.0,0.0
6884,2,2091,HOH,O,O,15.99943,-0.848448690103,0.317796456355,0.652143528104
6885,2,2091,HOH,H1,H,1.007947,0.4242243450515,1.0,0.0
6886,2,2091,HOH,H2,H,1.007947,0.4242243450515,1.0,0.0
6887,2,2092,HOH,O,O,15.99943,-0.848448690103,0.317796456355,0.652143528104
6888,2,2092,HOH,H1,H,1.007947,0.4242243450515,1.0,0.0
6889,2,2092,HOH,H2,H,1.007947,0.4242243450515,1.0,0.0
6890,2,2093,HOH,O,O,15.99943,-0.848448690103,0.317796456355,0.652143528104
6891,2,2093,HOH,H1,H,1.007947,0.4242243450515,1.0,0.0
6892,2,2093,HOH,H2,H,1.007947,0.4242243450515,1.0,0.0
6893,2,2094,HOH,O,O,15.99943,-0.848448690103,0.317796456355,0.652143528104
6894,2,2094,HOH,H1,H,1.007947,0.4242243450515,1.0,0.0
6895,2,2094,HOH,H2,H,1.007947,0.4242243450515,1.0,0.0
6896,2,2095,HOH,O,O,15.99943,-0.848448690103,0.317796456355,0.652143528104
6897,2,2095,HOH,H1,H,1.007947,0.4242243450515,1.0,0.0
6898,2,2095,HOH,H2,H,1.007947,0.4242243450515,1.0,0.0
6899,2,2096,HOH,O,O,15.99943,-0.848448690103,0.317796456355,0.652143528104
6900,2,2096,HOH,H1,H,1.007947,0.4242243450515,1.0,0.0
6901,2,2096,HOH,H2,H,1.007947,0.4242243450515,1.0,0.0
6902,2,2097,HOH,O,O,15.99943,-0.848448690103,0.317796456355,0.652143528104
6903,2,2097,HOH,H1,H,1.007947,0.4242243450515,1.0,0.0
6904,2,2097,HOH,H2,H,1.007947,0.4242243450515,1.0,0.0
6905,2,2098,HOH,O,O,15.99943,-0.848448690103,0.317796456355,0.652143528104
6906,2,2098,HOH,H1,H,1.007947,0.4242243450515,1.0,0.0
6907,2,2098,HOH,H2,H,1.007947,0.4242243450515,1.0,0.0
6908,2,2099,HOH,O,O,15.99943,-0.848448690103,0.317796456355,0.652143528104
6909,2,2099,HOH,H1,H,1.007947,0.4242243450515,1.0,0.0
6910,2,2099,HOH,H2,H,1.007947,0.4242243450515,1.0,0.0
6911,2,2100,HOH,O,O,15.99943,-0.848448690103,0.317796456355,0.652143528104
6912,2,2100,HOH,H1,H,1.007947,0.4242243450515,1.0,0.0
6913,2,2100,HOH,H2,H,1.007947,0.4242243450515,1.0,0.0
6914,2,2101,HOH,O,O,15.99943,-0.848448690103,0.317796456355,0.652143528104
6915,2,2101,HOH,H1,H,1.007947,0.4242243450515,1.0,0.0
6916,2,2101,HOH,H2,H,1.007947,0.4242243450515,1.0,0.0
6917,2,2102,HOH,O,O,15.99943,-0.848448690103,0.317796456355,0.652143528104
6918,2,2102,HOH,H1,H,1.007947,0.4242243450515,1.0,0.0
6919,2,2102,HOH,H2,H,1.007947,0.4242243450515,1.0,0.0
6920,2,2104,HOH,O,O,15.99943,-0.848448690103,0.317796456355,0.652143528104
6921,2,2104,HOH,H1,H,1.007947,0.4242243450515,1.0,0.0
6922,2,2104,HOH,H2,H,1.007947,0.4242243450515,1.0,0.0
6923,2,2105,HOH,O,O,15.99943,-0.848448690103,0.317796456355,0.652143528104
6924,2,2105,HOH,H1,H,1.007947,0.4242243450515,1.0,0.0
6925,2,2105,HOH,H2,H,1.007947,0.4242243450515,1.0,0.0
6926,2,2106,HOH,O,O,15.99943,-0.848448690103,0.317796456355,0.652143528104
6927,2,2106,HOH,H1,H,1.007947,0.4242243450515,1.0,0.0
6928,2,2106,HOH,H2,H,1.007947,0.4242243450515,1.0,0.0
6929,2,2107,HOH,O,O,15.99943,-0.848448690103,0.317796456355,0.652143528104
6930,2,2107,HOH,H1,H,1.007947,0.4242243450515,1.0,0.0
6931,2,2107,HOH,H2,H,1.007947,0.4242243450515,1.0,0.0
6932,2,2108,HOH,O,O,15.99943,-0.848448690103,0.317796456355,0.652143528104
6933,2,2108,HOH,H1,H,1.007947,0.4242243450515,1.0,0.0
6934,2,2108,HOH,H2,H,1.007947,0.4242243450515,1.0,0.0
6935,2,2109,HOH,O,O,15.99943,-0.848448690103,0.317796456355,0.652143528104
6936,2,2109,HOH,H1,H,1.007947,0.4242243450515,1.0,0.0
6937,2,2109,HOH,H2,H,1.007947,0.4242243450515,1.0,0.0
6938,2,2110,HOH,O,O,15.99943,-0.848448690103,0.317796456355,0.652143528104
6939,2,2110,HOH,H1,H,1.007947,0.4242243450515,1.0,0.0
6940,2,2110,HOH,H2,H,1.007947,0.4242243450515,1.0,0.0
6941,2,2111,HOH,O,O,15.99943,-0.848448690103,0.317796456355,0.652143528104
6942,2,2111,HOH,H1,H,1.007947,0.4242243450515,1.0,0.0
6943,2,2111,HOH,H2,H,1.007947,0.4242243450515,1.0,0.0
6944,2,2112,HOH,O,O,15.99943,-0.848448690103,0.317796456355,0.652143528104
6945,2,2112,HOH,H1,H,1.007947,0.4242243450515,1.0,0.0
6946,2,2112,HOH,H2,H,1.007947,0.4242243450515,1.0,0.0
6947,2,2113,HOH,O,O,15.99943,-0.848448690103,0.317796456355,0.652143528104
6948,2,2113,HOH,H1,H,1.007947,0.4242243450515,1.0,0.0
6949,2,2113,HOH,H2,H,1.007947,0.4242243450515,1.0,0.0
6950,2,2114,HOH,O,O,15.99943,-0.848448690103,0.317796456355,0.652143528104
6951,2,2114,HOH,H1,H,1.007947,0.4242243450515,1.0,0.0
6952,2,2114,HOH,H2,H,1.007947,0.4242243450515,1.0,0.0
6953,2,2115,HOH,O,O,15.99943,-0.848448690103,0.317796456355,0.652143528104
6954,2,2115,HOH,H1,H,1.007947,0.4242243450515,1.0,0.0
6955,2,2115,HOH,H2,H,1.007947,0.4242243450515,1.0,0.0
6956,2,2116,HOH,O,O,15.99943,-0.848448690103,0.317796456355,0.652143528104
6957,2,2116,HOH,H1,H,1.007947,0.4242243450515,1.0,0.0
6958,2,2116,HOH,H2,H,1.007947,0.4242243450515,1.0,0.0
6959,2,2117,HOH,O,O,15.99943,-0.848448690103,0.317796456355,0.652143528104
6960,2,2117,HOH,H1,H,1.007947,0.4242243450515,1.0,0.0
6961,2,2117,HOH,H2,H,1.007947,0.4242243450515,1.0,0.0
6962,2,2118,HOH,O,O,15.99943,-0.848448690103,0.317796456355,0.652143528104
6963,2,2118,HOH,H1,H,1.007947,0.4242243450515,1.0,0.0
6964,2,2118,HOH,H2,H,1.007947,0.4242243450515,1.0,0.0
6965,2,2119,HOH,O,O,15.99943,-0.848448690103,0.317796456355,0.652143528104
6966,2,2119,HOH,H1,H,1.007947,0.4242243450515,1.0,0.0
6967,2,2119,HOH,H2,H,1.007947,0.4242243450515,1.0,0.0
6968,2,2120,HOH,O,O,15.99943,-0.848448690103,0.317796456355,0.652143528104
6969,2,2120,HOH,H1,H,1.007947,0.4242243450515,1.0,0.0
6970,2,2120,HOH,H2,H,1.007947,0.4242243450515,1.0,0.0
6971,2,2121,HOH,O,O,15.99943,-0.848448690103,0.317796456355,0.652143528104
6972,2,2121,HOH,H1,H,1.007947,0.4242243450515,1.0,0.0
6973,2,2121,HOH,H2,H,1.007947,0.4242243450515,1.0,0.0
6974,2,2122,HOH,O,O,15.99943,-0.848448690103,0.317796456355,0.652143528104
6975,2,2122,HOH,H1,H,1.007947,0.4242243450515,1.0,0.0
6976,2,2122,HOH,H2,H,1.007947,0.4242243450515,1.0,0.0
6977,2,2123,HOH,O,O,15.99943,-0.848448690103,0.317796456355,0.652143528104
6978,2,2123,HOH,H1,H,1.007947,0.4242243450515,1.0,0.0
6979,2,2123,HOH,H2,H,1.007947,0.4242243450515,1.0,0.0
6980,2,2124,HOH,O,O,15.99943,-0.848448690103,0.317796456355,0.652143528104
6981,2,2124,HOH,H1,H,1.007947,0.4242243450515,1.0,0.0
6982,2,2124,HOH,H2,H,1.007947,0.4242243450515,1.0,0.0
6983,2,2125,HOH,O,O,15.99943,-0.848448690103,0.317796456355,0.652143528104
6984,2,2125,HOH,H1,H,1.007947,0.4242243450515,1.0,0.0
6985,2,2125,HOH,H2,H,1.007947,0.4242243450515,1.0,0.0
6986,2,2126,HOH,O,O,15.99943,-0.848448690103,0.317796456355,0.652143528104
6987,2,2126,HOH,H1,H,1.007947,0.4242243450515,1.0,0.0
6988,2,2126,HOH,H2,H,1.007947,0.4242243450515,1.0,0.0
6989,2,2127,HOH,O,O,15.99943,-0.848448690103,0.317796456355,0.652143528104
6990,2,2127,HOH,H1,H,1.007947,0.4242243450515,1.0,0.0
6991,2,2127,HOH,H2,H,1.007947,0.4242243450515,1.0,0.0
6992,2,2128,HOH,O,O,15.99943,-0.848448690103,0.317796456355,0.652143528104
6993,2,2128,HOH,H1,H,1.007947,0.4242243450515,1.0,0.0
6994,2,2128,HOH,H2,H,1.007947,0.4242243450515,1.0,0.0
6995,2,2129,HOH,O,O,15.99943,-0.848448690103,0.317796456355,0.652143528104
6996,2,2129,HOH,H1,H,1.007947,0.4242243450515,1.0,0.0
6997,2,2129,HOH,H2,H,1.007947,0.4242243450515,1.0,0.0
6998,2,2131,HOH,O,O,15.99943,-0.848448690103,0.317796456355,0.652143528104
6999,2,2131,HOH,H1,H,1.007947,0.4242243450515,1.0,0.0
7000,2,2131,HOH,H2,H,1.007947,0.4242243450515,1.0,0.0
7001,2,2132,HOH,O,O,15.99943,-0.848448690103,0.317796456355,0.652143528104
7002,2,2132,HOH,H1,H,1.007947,0.4242243450515,1.0,0.0
7003,2,2132,HOH,H2,H,1.007947,0.4242243450515,1.0,0.0
7004,2,2133,HOH,O,O,15.99943,-0.848448690103,0.317796456355,0.652143528104
7005,2,2133,HOH,H1,H,1.007947,0.4242243450515,1.0,0.0
7006,2,2133,HOH,H2,H,1.007947,0.4242243450515,1.0,0.0
7007,2,2134,HOH,O,O,15.99943,-0.848448690103,0.317796456355,0.652143528104
7008,2,2134,HOH,H1,H,1.007947,0.4242243450515,1.0,0.0
7009,2,2134,HOH,H2,H,1.007947,0.4242243450515,1.0,0.0
7010,2,2135,HOH,O,O,15.99943,-0.848448690103,0.317796456355,0.652143528104
7011,2,2135,HOH,H1,H,1.007947,0.4242243450515,1.0,0.0
7012,2,2135,HOH,H2,H,1.007947,0.4242243450515,1.0,0.0
7013,2,2136,HOH,O,O,15.99943,-0.848448690103,0.317796456355,0.652143528104
7014,2,2136,HOH,H1,H,1.007947,0.4242243450515,1.0,0.0
7015,2,2136,HOH,H2,H,1.007947,0.4242243450515,1.0,0.0
7016,2,2137,HOH,O,O,15.99943,-0.848448690103,0.317796456355,0.652143528104
7017,2,2137,HOH,H1,H,1.007947,0.4242243450515,1.0,0.0
7018,2,2137,HOH,H2,H,1.007947,0.4242243450515,1.0,0.0
7019,2,2138,HOH,O,O,15.99943,-0.848448690103,0.317796456355,0.652143528104
7020,2,2138,HOH,H1,H,1.007947,0.4242243450515,1.0,0.0
7021,2,2138,HOH,H2,H,1.007947,0.4242243450515,1.0,0.0
7022,2,2139,HOH,O,O,15.99943,-0.848448690103,0.317796456355,0.652143528104
7023,2,2139,HOH,H1,H,1.007947,0.4242243450515,1.0,0.0
7024,2,2139,HOH,H2,H,1.007947,0.4242243450515,1.0,0.0
7025,2,2140,HOH,O,O,15.99943,-0.848448690103,0.317796456355,0.652143528104
7026,2,2140,HOH,H1,H,1.007947,0.4242243450515,1.0,0.0
7027,2,2140,HOH,H2,H,1.007947,0.4242243450515,1.0,0.0
7028,2,2141,HOH,O,O,15.99943,-0.848448690103,0.317796456355,0.652143528104
7029,2,2141,HOH,H1,H,1.007947,0.4242243450515,1.0,0.0
7030,2,2141,HOH,H2,H,1.007947,0.4242243450515,1.0,0.0
7031,2,2142,HOH,O,O,15.99943,-0.848448690103,0.317796456355,0.652143528104
7032,2,2142,HOH,H1,H,1.007947,0.4242243450515,1.0,0.0
7033,2,2142,HOH,H2,H,1.007947,0.4242243450515,1.0,0.0
7034,2,2143,HOH,O,O,15.99943,-0.848448690103,0.317796456355,0.652143528104
7035,2,2143,HOH,H1,H,1.007947,0.4242243450515,1.0,0.0
7036,2,2143,HOH,H2,H,1.007947,0.4242243450515,1.0,0.0
7037,2,2144,HOH,O,O,15.99943,-0.848448690103,0.317796456355,0.652143528104
7038,2,2144,HOH,H1,H,1.007947,0.4242243450515,1.0,0.0
7039,2,2144,HOH,H2,H,1.007947,0.4242243450515,1.0,0.0
7040,2,2145,HOH,O,O,15.99943,-0.848448690103,0.317796456355,0.652143528104
7041,2,2145,HOH,H1,H,1.007947,0.4242243450515,1.0,0.0
7042,2,2145,HOH,H2,H,1.007947,0.4242243450515,1.0,0.0
7043,2,2146,HOH,O,O,15.99943,-0.848448690103,0.317796456355,0.652143528104
7044,2,2146,HOH,H1,H,1.007947,0.4242243450515,1.0,0.0
7045,2,2146,HOH,H2,H,1.007947,0.4242243450515,1.0,0.0
7046,2,2147,HOH,O,O,15.99943,-0.848448690103,0.317796456355,0.652143528104
7047,2,2147,HOH,H1,H,1.007947,0.4242243450515,1.0,0.0
7048,2,2147,HOH,H2,H,1.007947,0.4242243450515,1.0,0.0
7049,2,2148,HOH,O,O,15.99943,-0.848448690103,0.317796456355,0.652143528104
7050,2,2148,HOH,H1,H,1.007947,0.4242243450515,1.0,0.0
7051,2,2148,HOH,H2,H,1.007947,0.4242243450515,1.0,0.0
7052,2,2149,HOH,O,O,15.99943,-0.848448690103,0.317796456355,0.652143528104
7053,2,2149,HOH,H1,H,1.007947,0.4242243450515,1.0,0.0
7054,2,2149,HOH,H2,H,1.007947,0.4242243450515,1.0,0.0
7055,2,2150,HOH,O,O,15.99943,-0.848448690103,0.317796456355,0.652143528104
7056,2,2150,HOH,H1,H,1.007947,0.4242243450515,1.0,0.0
7057,2,2150,HOH,H2,H,1.007947,0.4242243450515,1.0,0.0
7058,2,2151,HOH,O,O,15.99943,-0.848448690103,0.317796456355,0.652143528104
7059,2,2151,HOH,H1,H,1.007947,0.4242243450515,1.0,0.0
7060,2,2151,HOH,H2,H,1.007947,0.4242243450515,1.0,0.0
7061,2,2152,HOH,O,O,15.99943,-0.848448690103,0.317796456355,0.652143528104
7062,2,2152,HOH,H1,H,1.007947,0.4242243450515,1.0,0.0
7063,2,2152,HOH,H2,H,1.007947,0.4242243450515,1.0,0.0
7064,2,2153,HOH,O,O,15.99943,-0.848448690103,0.317796456355,0.652143528104
7065,2,2153,HOH,H1,H,1.007947,0.4242243450515,1.0,0.0
7066,2,2153,HOH,H2,H,1.007947,0.4242243450515,1.0,0.0
7067,2,2154,HOH,O,O,15.99943,-0.848448690103,0.317796456355,0.652143528104
7068,2,2154,HOH,H1,H,1.007947,0.4242243450515,1.0,0.0
7069,2,2154,HOH,H2,H,1.007947,0.4242243450515,1.0,0.0
7070,2,2155,HOH,O,O,15.99943,-0.848448690103,0.317796456355,0.652143528104
7071,2,2155,HOH,H1,H,1.007947,0.4242243450515,1.0,0.0
7072,2,2155,HOH,H2,H,1.007947,0.4242243450515,1.0,0.0
7073,2,2156,HOH,O,O,15.99943,-0.848448690103,0.317796456355,0.652143528104
7074,2,2156,HOH,H1,H,1.007947,0.4242243450515,1.0,0.0
7075,2,2156,HOH,H2,H,1.007947,0.4242243450515,1.0,0.0
7076,2,2157,HOH,O,O,15.99943,-0.848448690103,0.317796456355,0.652143528104
7077,2,2157,HOH,H1,H,1.007947,0.4242243450515,1.0,0.0
7078,2,2157,HOH,H2,H,1.007947,0.4242243450515,1.0,0.0
7079,2,2158,HOH,O,O,15.99943,-0.848448690103,0.317796456355,0.652143528104
7080,2,2158,HOH,H1,H,1.007947,0.4242243450515,1.0,0.0
7081,2,2158,HOH,H2,H,1.007947,0.4242243450515,1.0,0.0
7082,2,2159,HOH,O,O,15.99943,-0.848448690103,0.317796456355,0.652143528104
7083,2,2159,HOH,H1,H,1.007947,0.4242243450515,1.0,0.0
7084,2,2159,HOH,H2,H,1.007947,0.4242243450515,1.0,0.0
7085,2,2160,HOH,O,O,15.99943,-0.848448690103,0.317796456355,0.652143528104
7086,2,2160,HOH,H1,H,1.007947,0.4242243450515,1.0,0.0
7087,2,2160,HOH,H2,H,1.007947,0.4242243450515,1.0,0.0
7088,2,2161,HOH,O,O,15.99943,-0.848448690103,0.317796456355,0.652143528104
7089,2,2161,HOH,H1,H,1.007947,0.4242243450515,1.0,0.0
7090,2,2161,HOH,H2,H,1.007947,0.4242243450515,1.0,0.0
7091,2,2162,HOH,O,O,15.99943,-0.848448690103,0.317796456355,0.652143528104
7092,2,2162,HOH,H1,H,1.007947,0.4242243450515,1.0,0.0
7093,2,2162,HOH,H2,H,1.007947,0.4242243450515,1.0,0.0
7094,2,2164,HOH,O,O,15.99943,-0.848448690103,0.317796456355,0.652143528104
7095,2,2164,HOH,H1,H,1.007947,0.4242243450515,1.0,0.0
7096,2,2164,HOH,H2,H,1.007947,0.4242243450515,1.0,0.0
7097,2,2165,HOH,O,O,15.99943,-0.848448690103,0.317796456355,0.652143528104
7098,2,2165,HOH,H1,H,1.007947,0.4242243450515,1.0,0.0
7099,2,2165,HOH,H2,H,1.007947,0.4242243450515,1.0,0.0
7100,2,2166,HOH,O,O,15.99943,-0.848448690103,0.317796456355,0.652143528104
7101,2,2166,HOH,H1,H,1.007947,0.4242243450515,1.0,0.0
7102,2,2166,HOH,H2,H,1.007947,0.4242243450515,1.0,0.0
7103,2,2167,HOH,O,O,15.99943,-0.848448690103,0.317796456355,0.652143528104
7104,2,2167,HOH,H1,H,1.007947,0.4242243450515,1.0,0.0
7105,2,2167,HOH,H2,H,1.007947,0.4242243450515,1.0,0.0
7106,2,2168,HOH,O,O,15.99943,-0.848448690103,0.317796456355,0.652143528104
7107,2,2168,HOH,H1,H,1.007947,0.4242243450515,1.0,0.0
7108,2,2168,HOH,H2,H,1.007947,0.4242243450515,1.0,0.0
7109,2,2169,HOH,O,O,15.99943,-0.848448690103,0.317796456355,0.652143528104
7110,2,2169,HOH,H1,H,1.007947,0.4242243450515,1.0,0.0
7111,2,2169,HOH,H2,H,1.007947,0.4242243450515,1.0,0.0
7112,2,2170,HOH,O,O,15.99943,-0.848448690103,0.317796456355,0.652143528104
7113,2,2170,HOH,H1,H,1.007947,0.4242243450515,1.0,0.0
7114,2,2170,HOH,H2,H,1.007947,0.4242243450515,1.0,0.0
7115,2,2171,HOH,O,O,15.99943,-0.848448690103,0.317796456355,0.652143528104
7116,2,2171,HOH,H1,H,1.007947,0.4242243450515,1.0,0.0
7117,2,2171,HOH,H2,H,1.007947,0.4242243450515,1.0,0.0
7118,2,2172,HOH,O,O,15.99943,-0.848448690103,0.317796456355,0.652143528104
7119,2,2172,HOH,H1,H,1.007947,0.4242243450515,1.0,0.0
7120,2,2172,HOH,H2,H,1.007947,0.4242243450515,1.0,0.0
7121,2,2173,HOH,O,O,15.99943,-0.848448690103,0.317796456355,0.652143528104
7122,2,2173,HOH,H1,H,1.007947,0.4242243450515,1.0,0.0
7123,2,2173,HOH,H2,H,1.007947,0.4242243450515,1.0,0.0
7124,2,2174,HOH,O,O,15.99943,-0.848448690103,0.317796456355,0.652143528104
7125,2,2174,HOH,H1,H,1.007947,0.4242243450515,1.0,0.0
7126,2,2174,HOH,H2,H,1.007947,0.4242243450515,1.0,0.0
7127,2,2175,HOH,O,O,15.99943,-0.848448690103,0.317796456355,0.652143528104
7128,2,2175,HOH,H1,H,1.007947,0.4242243450515,1.0,0.0
7129,2,2175,HOH,H2,H,1.007947,0.4242243450515,1.0,0.0
7130,2,2176,HOH,O,O,15.99943,-0.848448690103,0.317796456355,0.652143528104
7131,2,2176,HOH,H1,H,1.007947,0.4242243450515,1.0,0.0
7132,2,2176,HOH,H2,H,1.007947,0.4242243450515,1.0,0.0
7133,2,2177,HOH,O,O,15.99943,-0.848448690103,0.317796456355,0.652143528104
7134,2,2177,HOH,H1,H,1.007947,0.4242243450515,1.0,0.0
7135,2,2177,HOH,H2,H,1.007947,0.4242243450515,1.0,0.0
7136,2,2178,HOH,O,O,15.99943,-0.848448690103,0.317796456355,0.652143528104
7137,2,2178,HOH,H1,H,1.007947,0.4242243450515,1.0,0.0
7138,2,2178,HOH,H2,H,1.007947,0.4242243450515,1.0,0.0
7139,2,2179,HOH,O,O,15.99943,-0.848448690103,0.317796456355,0.652143528104
7140,2,2179,HOH,H1,H,1.007947,0.4242243450515,1.0,0.0
7141,2,2179,HOH,H2,H,1.007947,0.4242243450515,1.0,0.0
7142,2,2180,HOH,O,O,15.99943,-0.848448690103,0.317796456355,0.652143528104
7143,2,2180,HOH,H1,H,1.007947,0.4242243450515,1.0,0.0
7144,2,2180,HOH,H2,H,1.007947,0.4242243450515,1.0,0.0
7145,2,2181,HOH,O,O,15.99943,-0.848448690103,0.317796456355,0.652143528104
7146,2,2181,HOH,H1,H,1.007947,0.4242243450515,1.0,0.0
7147,2,2181,HOH,H2,H,1.007947,0.4242243450515,1.0,0.0
7148,2,2182,HOH,O,O,15.99943,-0.848448690103,0.317796456355,0.652143528104
7149,2,2182,HOH,H1,H,1.007947,0.4242243450515,1.0,0.0
7150,2,2182,HOH,H2,H,1.007947,0.4242243450515,1.0,0.0
7151,2,2183,HOH,O,O,15.99943,-0.848448690103,0.317796456355,0.652143528104
7152,2,2183,HOH,H1,H,1.007947,0.4242243450515,1.0,0.0
7153,2,2183,HOH,H2,H,1.007947,0.4242243450515,1.0,0.0
7154,2,2184,HOH,O,O,15.99943,-0.848448690103,0.317796456355,0.652143528104
7155,2,2184,HOH,H1,H,1.007947,0.4242243450515,1.0,0.0
7156,2,2184,HOH,H2,H,1.007947,0.4242243450515,1.0,0.0
7157,2,2185,HOH,O,O,15.99943,-0.848448690103,0.317796456355,0.652143528104
7158,2,2185,HOH,H1,H,1.007947,0.4242243450515,1.0,0.0
7159,2,2185,HOH,H2,H,1.007947,0.4242243450515,1.0,0.0
7160,2,2186,HOH,O,O,15.99943,-0.848448690103,0.317796456355,0.652143528104
7161,2,2186,HOH,H1,H,1.007947,0.4242243450515,1.0,0.0
7162,2,2186,HOH,H2,H,1.007947,0.4242243450515,1.0,0.0
7163,2,2187,HOH,O,O,15.99943,-0.848448690103,0.317796456355,0.652143528104
7164,2,2187,HOH,H1,H,1.007947,0.4242243450515,1.0,0.0
7165,2,2187,HOH,H2,H,1.007947,0.4242243450515,1.0,0.0
7166,2,2188,HOH,O,O,15.99943,-0.848448690103,0.317796456355,0.652143528104
7167,2,2188,HOH,H1,H,1.007947,0.4242243450515,1.0,0.0
7168,2,2188,HOH,H2,H,1.007947,0.4242243450515,1.0,0.0
7169,2,2189,HOH,O,O,15.99943,-0.848448690103,0.317796456355,0.652143528104
7170,2,2189,HOH,H1,H,1.007947,0.4242243450515,1.0,0.0
7171,2,2189,HOH,H2,H,1.007947,0.4242243450515,1.0,0.0
7172,2,2190,HOH,O,O,15.99943,-0.848448690103,0.317796456355,0.652143528104
7173,2,2190,HOH,H1,H,1.007947,0.4242243450515,1.0,0.0
7174,2,2190,HOH,H2,H,1.007947,0.4242243450515,1.0,0.0
7175,2,2191,HOH,O,O,15.99943,-0.848448690103,0.317796456355,0.652143528104
7176,2,2191,HOH,H1,H,1.007947,0.4242243450515,1.0,0.0
7177,2,2191,HOH,H2,H,1.007947,0.4242243450515,1.0,0.0
7178,2,2192,HOH,O,O,15.99943,-0.848448690103,0.317796456355,0.652143528104
7179,2,2192,HOH,H1,H,1.007947,0.4242243450515,1.0,0.0
7180,2,2192,HOH,H2,H,1.007947,0.4242243450515,1.0,0.0
7181,2,2193,HOH,O,O,15.99943,-0.848448690103,0.317796456355,0.652143528104
7182,2,2193,HOH,H1,H,1.007947,0.4242243450515,1.0,0.0
7183,2,2193,HOH,H2,H,1.007947,0.4242243450515,1.0,0.0
7184,2,2194,HOH,O,O,15.99943,-0.848448690103,0.317796456355,0.652143528104
7185,2,2194,HOH,H1,H,1.007947,0.4242243450515,1.0,0.0
7186,2,2194,HOH,H2,H,1.007947,0.4242243450515,1.0,0.0
7187,2,2195,HOH,O,O,15.99943,-0.848448690103,0.317796456355,0.652143528104
7188,2,2195,HOH,H1,H,1.007947,0.4242243450515,1.0,0.0
7189,2,2195,HOH,H2,H,1.007947,0.4242243450515,1.0,0.0
7190,2,2196,HOH,O,O,15.99943,-0.848448690103,0.317796456355,0.652143528104
7191,2,2196,HOH,H1,H,1.007947,0.4242243450515,1.0,0.0
7192,2,2196,HOH,H2,H,1.007947,0.4242243450515,1.0,0.0
7193,2,2197,HOH,O,O,15.99943,-0.848448690103,0.317796456355,0.652143528104
7194,2,2197,HOH,H1,H,1.007947,0.4242243450515,1.0,0.0
7195,2,2197,HOH,H2,H,1.007947,0.4242243450515,1.0,0.0
7196,2,2198,HOH,O,O,15.99943,-0.848448690103,0.317796456355,0.652143528104
7197,2,2198,HOH,H1,H,1.007947,0.4242243450515,1.0,0.0
7198,2,2198,HOH,H2,H,1.007947,0.4242243450515,1.0,0.0
7199,2,2199,HOH,O,O,15.99943,-0.848448690103,0.317796456355,0.652143528104
7200,2,2199,HOH,H1,H,1.007947,0.4242243450515,1.0,0.0
7201,2,2199,HOH,H2,H,1.007947,0.4242243450515,1.0,0.0
7202,2,2200,HOH,O,O,15.99943,-0.848448690103,0.317796456355,0.652143528104
7203,2,2200,HOH,H1,H,1.007947,0.4242243450515,1.0,0.0
7204,2,2200,HOH,H2,H,1.007947,0.4242243450515,1.0,0.0
7205,2,2201,HOH,O,O,15.99943,-0.848448690103,0.317796456355,0.652143528104
7206,2,2201,HOH,H1,H,1.007947,0.4242243450515,1.0,0.0
7207,2,2201,HOH,H2,H,1.007947,0.4242243450515,1.0,0.0
7208,2,2202,HOH,O,O,15.99943,-0.848448690103,0.317796456355,0.652143528104
7209,2,2202,HOH,H1,H,1.007947,0.4242243450515,1.0,0.0
7210,2,2202,HOH,H2,H,1.007947,0.4242243450515,1.0,0.0
7211,2,2203,HOH,O,O,15.99943,-0.848448690103,0.317796456355,0.652143528104
7212,2,2203,HOH,H1,H,1.007947,0.4242243450515,1.0,0.0
7213,2,2203,HOH,H2,H,1.007947,0.4242243450515,1.0,0.0
7214,2,2204,HOH,O,O,15.99943,-0.848448690103,0.317796456355,0.652143528104
7215,2,2204,HOH,H1,H,1.007947,0.4242243450515,1.0,0.0
7216,2,2204,HOH,H2,H,1.007947,0.4242243450515,1.0,0.0
7217,2,2205,HOH,O,O,15.99943,-0.848448690103,0.317796456355,0.652143528104
7218,2,2205,HOH,H1,H,1.007947,0.4242243450515,1.0,0.0
7219,2,2205,HOH,H2,H,1.007947,0.4242243450515,1.0,0.0
7220,2,2206,HOH,O,O,15.99943,-0.848448690103,0.317796456355,0.652143528104
7221,2,2206,HOH,H1,H,1.007947,0.4242243450515,1.0,0.0
7222,2,2206,HOH,H2,H,1.007947,0.4242243450515,1.0,0.0
7223,2,2207,HOH,O,O,15.99943,-0.848448690103,0.317796456355,0.652143528104
7224,2,2207,HOH,H1,H,1.007947,0.4242243450515,1.0,0.0
7225,2,2207,HOH,H2,H,1.007947,0.4242243450515,1.0,0.0
7226,2,2208,HOH,O,O,15.99943,-0.848448690103,0.317796456355,0.652143528104
7227,2,2208,HOH,H1,H,1.007947,0.4242243450515,1.0,0.0
7228,2,2208,HOH,H2,H,1.007947,0.4242243450515,1.0,0.0
7229,2,2209,HOH,O,O,15.99943,-0.848448690103,0.317796456355,0.652143528104
7230,2,2209,HOH,H1,H,1.007947,0.4242243450515,1.0,0.0
7231,2,2209,HOH,H2,H,1.007947,0.4242243450515,1.0,0.0
7232,2,2210,HOH,O,O,15.99943,-0.848448690103,0.317796456355,0.652143528104
7233,2,2210,HOH,H1,H,1.007947,0.4242243450515,1.0,0.0
7234,2,2210,HOH,H2,H,1.007947,0.4242243450515,1.0,0.0
7235,2,2211,HOH,O,O,15.99943,-0.848448690103,0.317796456355,0.652143528104
7236,2,2211,HOH,H1,H,1.007947,0.4242243450515,1.0,0.0
7237,2,2211,HOH,H2,H,1.007947,0.4242243450515,1.0,0.0
7238,2,2212,HOH,O,O,15.99943,-0.848448690103,0.317796456355,0.652143528104
7239,2,2212,HOH,H1,H,1.007947,0.4242243450515,1.0,0.0
7240,2,2212,HOH,H2,H,1.007947,0.4242243450515,1.0,0.0
7241,2,2213,HOH,O,O,15.99943,-0.848448690103,0.317796456355,0.652143528104
7242,2,2213,HOH,H1,H,1.007947,0.4242243450515,1.0,0.0
7243,2,2213,HOH,H2,H,1.007947,0.4242243450515,1.0,0.0
7244,2,2214,HOH,O,O,15.99943,-0.848448690103,0.317796456355,0.652143528104
7245,2,2214,HOH,H1,H,1.007947,0.4242243450515,1.0,0.0
7246,2,2214,HOH,H2,H,1.007947,0.4242243450515,1.0,0.0
7247,2,2215,HOH,O,O,15.99943,-0.848448690103,0.317796456355,0.652143528104
7248,2,2215,HOH,H1,H,1.007947,0.4242243450515,1.0,0.0
7249,2,2215,HOH,H2,H,1.007947,0.4242243450515,1.0,0.0
7250,2,2216,HOH,O,O,15.99943,-0.848448690103,0.317796456355,0.652143528104
7251,2,2216,HOH,H1,H,1.007947,0.4242243450515,1.0,0.0
7252,2,2216,HOH,H2,H,1.007947,0.4242243450515,1.0,0.0
7253,2,2217,HOH,O,O,15.99943,-0.848448690103,0.317796456355,0.652143528104
7254,2,2217,HOH,H1,H,1.007947,0.4242243450515,1.0,0.0
7255,2,2217,HOH,H2,H,1.007947,0.4242243450515,1.0,0.0
7256,2,2218,HOH,O,O,15.99943,-0.848448690103,0.317796456355,0.652143528104
7257,2,2218,HOH,H1,H,1.007947,0.4242243450515,1.0,0.0
7258,2,2218,HOH,H2,H,1.007947,0.4242243450515,1.0,0.0
7259,2,2219,HOH,O,O,15.99943,-0.848448690103,0.317796456355,0.652143528104
7260,2,2219,HOH,H1,H,1.007947,0.4242243450515,1.0,0.0
7261,2,2219,HOH,H2,H,1.007947,0.4242243450515,1.0,0.0
7262,2,2220,HOH,O,O,15.99943,-0.848448690103,0.317796456355,0.652143528104
7263,2,2220,HOH,H1,H,1.007947,0.4242243450515,1.0,0.0
7264,2,2220,HOH,H2,H,1.007947,0.4242243450515,1.0,0.0
7265,2,2221,HOH,O,O,15.99943,-0.848448690103,0.317796456355,0.652143528104
7266,2,2221,HOH,H1,H,1.007947,0.4242243450515,1.0,0.0
7267,2,2221,HOH,H2,H,1.007947,0.4242243450515,1.0,0.0
7268,2,2222,HOH,O,O,15.99943,-0.848448690103,0.317796456355,0.652143528104
7269,2,2222,HOH,H1,H,1.007947,0.4242243450515,1.0,0.0
7270,2,2222,HOH,H2,H,1.007947,0.4242243450515,1.0,0.0
7271,2,2223,HOH,O,O,15.99943,-0.848448690103,0.317796456355,0.652143528104
7272,2,2223,HOH,H1,H,1.007947,0.4242243450515,1.0,0.0
7273,2,2223,HOH,H2,H,1.007947,0.4242243450515,1.0,0.0
7274,2,2224,HOH,O,O,15.99943,-0.848448690103,0.317796456355,0.652143528104
7275,2,2224,HOH,H1,H,1.007947,0.4242243450515,1.0,0.0
7276,2,2224,HOH,H2,H,1.007947,0.4242243450515,1.0,0.0
7277,2,2225,HOH,O,O,15.99943,-0.848448690103,0.317796456355,0.652143528104
7278,2,2225,HOH,H1,H,1.007947,0.4242243450515,1.0,0.0
7279,2,2225,HOH,H2,H,1.007947,0.4242243450515,1.0,0.0
7280,2,2226,HOH,O,O,15.99943,-0.848448690103,0.317796456355,0.652143528104
7281,2,2226,HOH,H1,H,1.007947,0.4242243450515,1.0,0.0
7282,2,2226,HOH,H2,H,1.007947,0.4242243450515,1.0,0.0
7283,2,2227,HOH,O,O,15.99943,-0.848448690103,0.317796456355,0.652143528104
7284,2,2227,HOH,H1,H,1.007947,0.4242243450515,1.0,0.0
7285,2,2227,HOH,H2,H,1.007947,0.4242243450515,1.0,0.0
7286,2,2228,HOH,O,O,15.99943,-0.848448690103,0.317796456355,0.652143528104
7287,2,2228,HOH,H1,H,1.007947,0.4242243450515,1.0,0.0
7288,2,2228,HOH,H2,H,1.007947,0.4242243450515,1.0,0.0
7289,2,2229,HOH,O,O,15.99943,-0.848448690103,0.317796456355,0.652143528104
7290,2,2229,HOH,H1,H,1.007947,0.4242243450515,1.0,0.0
7291,2,2229,HOH,H2,H,1.007947,0.4242243450515,1.0,0.0
7292,2,2230,HOH,O,O,15.99943,-0.848448690103,0.317796456355,0.652143528104
7293,2,2230,HOH,H1,H,1.007947,0.4242243450515,1.0,0.0
7294,2,2230,HOH,H2,H,1.007947,0.4242243450515,1.0,0.0
7295,2,2231,HOH,O,O,15.99943,-0.848448690103,0.317796456355,0.652143528104
7296,2,2231,HOH,H1,H,1.007947,0.4242243450515,1.0,0.0
7297,2,2231,HOH,H2,H,1.007947,0.4242243450515,1.0,0.0
7298,2,2232,HOH,O,O,15.99943,-0.848448690103,0.317796456355,0.652143528104
7299,2,2232,HOH,H1,H,1.007947,0.4242243450515,1.0,0.0
7300,2,2232,HOH,H2,H,1.007947,0.4242243450515,1.0,0.0
7301,2,2233,HOH,O,O,15.99943,-0.848448690103,0.317796456355,0.652143528104
7302,2,2233,HOH,H1,H,1.007947,0.4242243450515,1.0,0.0
7303,2,2233,HOH,H2,H,1.007947,0.4242243450515,1.0,0.0
7304,2,2234,HOH,O,O,15.99943,-0.848448690103,0.317796456355,0.652143528104
7305,2,2234,HOH,H1,H,1.007947,0.4242243450515,1.0,0.0
7306,2,2234,HOH,H2,H,1.007947,0.4242243450515,1.0,0.0
7307,2,2235,HOH,O,O,15.99943,-0.848448690103,0.317796456355,0.652143528104
7308,2,2235,HOH,H1,H,1.007947,0.4242243450515,1.0,0.0
7309,2,2235,HOH,H2,H,1.007947,0.4242243450515,1.0,0.0
7310,2,2236,HOH,O,O,15.99943,-0.848448690103,0.317796456355,0.652143528104
7311,2,2236,HOH,H1,H,1.007947,0.4242243450515,1.0,0.0
7312,2,2236,HOH,H2,H,1.007947,0.4242243450515,1.0,0.0
7313,2,2237,HOH,O,O,15.99943,-0.848448690103,0.317796456355,0.652143528104
7314,2,2237,HOH,H1,H,1.007947,0.4242243450515,1.0,0.0
7315,2,2237,HOH,H2,H,1.007947,0.4242243450515,1.0,0.0
7316,2,2238,HOH,O,O,15.99943,-0.848448690103,0.317796456355,0.652143528104
7317,2,2238,HOH,H1,H,1.007947,0.4242243450515,1.0,0.0
7318,2,2238,HOH,H2,H,1.007947,0.4242243450515,1.0,0.0
7319,2,2239,HOH,O,O,15.99943,-0.848448690103,0.317796456355,0.652143528104
7320,2,2239,HOH,H1,H,1.007947,0.4242243450515,1.0,0.0
7321,2,2239,HOH,H2,H,1.007947,0.4242243450515,1.0,0.0
7322,2,2240,HOH,O,O,15.99943,-0.848448690103,0.317796456355,0.652143528104
7323,2,2240,HOH,H1,H,1.007947,0.4242243450515,1.0,0.0
7324,2,2240,HOH,H2,H,1.007947,0.4242243450515,1.0,0.0
7325,2,2241,HOH,O,O,15.99943,-0.848448690103,0.317796456355,0.652143528104
7326,2,2241,HOH,H1,H,1.007947,0.4242243450515,1.0,0.0
7327,2,2241,HOH,H2,H,1.007947,0.4242243450515,1.0,0.0
7328,2,2242,HOH,O,O,15.99943,-0.848448690103,0.317796456355,0.652143528104
7329,2,2242,HOH,H1,H,1.007947,0.4242243450515,1.0,0.0
7330,2,2242,HOH,H2,H,1.007947,0.4242243450515,1.0,0.0
7331,2,2243,HOH,O,O,15.99943,-0.848448690103,0.317796456355,0.652143528104
7332,2,2243,HOH,H1,H,1.007947,0.4242243450515,1.0,0.0
7333,2,2243,HOH,H2,H,1.007947,0.4242243450515,1.0,0.0
7334,2,2244,HOH,O,O,15.99943,-0.848448690103,0.317796456355,0.652143528104
7335,2,2244,HOH,H1,H,1.007947,0.4242243450515,1.0,0.0
7336,2,2244,HOH,H2,H,1.007947,0.4242243450515,1.0,0.0
7337,2,2245,HOH,O,O,15.99943,-0.848448690103,0.317796456355,0.652143528104
7338,2,2245,HOH,H1,H,1.007947,0.4242243450515,1.0,0.0
7339,2,2245,HOH,H2,H,1.007947,0.4242243450515,1.0,0.0
7340,2,2246,HOH,O,O,15.99943,-0.848448690103,0.317796456355,0.652143528104
7341,2,2246,HOH,H1,H,1.007947,0.4242243450515,1.0,0.0
7342,2,2246,HOH,H2,H,1.007947,0.4242243450515,1.0,0.0
7343,2,2247,HOH,O,O,15.99943,-0.848448690103,0.317796456355,0.652143528104
7344,2,2247,HOH,H1,H,1.007947,0.4242243450515,1.0,0.0
7345,2,2247,HOH,H2,H,1.007947,0.4242243450515,1.0,0.0
7346,2,2248,HOH,O,O,15.99943,-0.848448690103,0.317796456355,0.652143528104
7347,2,2248,HOH,H1,H,1.007947,0.4242243450515,1.0,0.0
7348,2,2248,HOH,H2,H,1.007947,0.4242243450515,1.0,0.0
7349,2,2249,HOH,O,O,15.99943,-0.848448690103,0.317796456355,0.652143528104
7350,2,2249,HOH,H1,H,1.007947,0.4242243450515,1.0,0.0
7351,2,2249,HOH,H2,H,1.007947,0.4242243450515,1.0,0.0
7352,2,2250,HOH,O,O,15.99943,-0.848448690103,0.317796456355,0.652143528104
7353,2,2250,HOH,H1,H,1.007947,0.4242243450515,1.0,0.0
7354,2,2250,HOH,H2,H,1.007947,0.4242243450515,1.0,0.0
7355,2,2251,HOH,O,O,15.99943,-0.848448690103,0.317796456355,0.652143528104
7356,2,2251,HOH,H1,H,1.007947,0.4242243450515,1.0,0.0
7357,2,2251,HOH,H2,H,1.007947,0.4242243450515,1.0,0.0
7358,2,2252,HOH,O,O,15.99943,-0.848448690103,0.317796456355,0.652143528104
7359,2,2252,HOH,H1,H,1.007947,0.4242243450515,1.0,0.0
7360,2,2252,HOH,H2,H,1.007947,0.4242243450515,1.0,0.0
7361,2,2253,HOH,O,O,15.99943,-0.848448690103,0.317796456355,0.652143528104
7362,2,2253,HOH,H1,H,1.007947,0.4242243450515,1.0,0.0
7363,2,2253,HOH,H2,H,1.007947,0.4242243450515,1.0,0.0
7364,2,2254,HOH,O,O,15.99943,-0.848448690103,0.317796456355,0.652143528104
7365,2,2254,HOH,H1,H,1.007947,0.4242243450515,1.0,0.0
7366,2,2254,HOH,H2,H,1.007947,0.4242243450515,1.0,0.0
7367,2,2255,HOH,O,O,15.99943,-0.848448690103,0.317796456355,0.652143528104
7368,2,2255,HOH,H1,H,1.007947,0.4242243450515,1.0,0.0
7369,2,2255,HOH,H2,H,1.007947,0.4242243450515,1.0,0.0
7370,2,2256,HOH,O,O,15.99943,-0.848448690103,0.317796456355,0.652143528104
7371,2,2256,HOH,H1,H,1.007947,0.4242243450515,1.0,0.0
7372,2,2256,HOH,H2,H,1.007947,0.4242243450515,1.0,0.0
7373,2,2257,HOH,O,O,15.99943,-0.848448690103,0.317796456355,0.652143528104
7374,2,2257,HOH,H1,H,1.007947,0.4242243450515,1.0,0.0
7375,2,2257,HOH,H2,H,1.007947,0.4242243450515,1.0,0.0
7376,2,2258,HOH,O,O,15.99943,-0.848448690103,0.317796456355,0.652143528104
7377,2,2258,HOH,H1,H,1.007947,0.4242243450515,1.0,0.0
7378,2,2258,HOH,H2,H,1.007947,0.4242243450515,1.0,0.0
7379,2,2259,HOH,O,O,15.99943,-0.848448690103,0.317796456355,0.652143528104
7380,2,2259,HOH,H1,H,1.007947,0.4242243450515,1.0,0.0
7381,2,2259,HOH,H2,H,1.007947,0.4242243450515,1.0,0.0
7382,2,2260,HOH,O,O,15.99943,-0.848448690103,0.317796456355,0.652143528104
7383,2,2260,HOH,H1,H,1.007947,0.4242243450515,1.0,0.0
7384,2,2260,HOH,H2,H,1.007947,0.4242243450515,1.0,0.0
7385,2,2261,HOH,O,O,15.99943,-0.848448690103,0.317796456355,0.652143528104
7386,2,2261,HOH,H1,H,1.007947,0.4242243450515,1.0,0.0
7387,2,2261,HOH,H2,H,1.007947,0.4242243450515,1.0,0.0
7388,2,2262,HOH,O,O,15.99943,-0.848448690103,0.317796456355,0.652143528104
7389,2,2262,HOH,H1,H,1.007947,0.4242243450515,1.0,0.0
7390,2,2262,HOH,H2,H,1.007947,0.4242243450515,1.0,0.0
7391,2,2263,HOH,O,O,15.99943,-0.848448690103,0.317796456355,0.652143528104
7392,2,2263,HOH,H1,H,1.007947,0.4242243450515,1.0,0.0
7393,2,2263,HOH,H2,H,1.007947,0.4242243450515,1.0,0.0
7394,2,2264,HOH,O,O,15.99943,-0.848448690103,0.317796456355,0.652143528104
7395,2,2264,HOH,H1,H,1.007947,0.4242243450515,1.0,0.0
7396,2,2264,HOH,H2,H,1.007947,0.4242243450515,1.0,0.0
7397,2,2265,HOH,O,O,15.99943,-0.848448690103,0.317796456355,0.652143528104
7398,2,2265,HOH,H1,H,1.007947,0.4242243450515,1.0,0.0
7399,2,2265,HOH,H2,H,1.007947,0.4242243450515,1.0,0.0
7400,2,2266,HOH,O,O,15.99943,-0.848448690103,0.317796456355,0.652143528104
7401,2,2266,HOH,H1,H,1.007947,0.4242243450515,1.0,0.0
7402,2,2266,HOH,H2,H,1.007947,0.4242243450515,1.0,0.0
7403,2,2267,HOH,O,O,15.99943,-0.848448690103,0.317796456355,0.652143528104
7404,2,2267,HOH,H1,H,1.007947,0.4242243450515,1.0,0.0
7405,2,2267,HOH,H2,H,1.007947,0.4242243450515,1.0,0.0
7406,2,2268,HOH,O,O,15.99943,-0.848448690103,0.317796456355,0.652143528104
7407,2,2268,HOH,H1,H,1.007947,0.4242243450515,1.0,0.0
7408,2,2268,HOH,H2,H,1.007947,0.4242243450515,1.0,0.0
7409,2,2269,HOH,O,O,15.99943,-0.848448690103,0.317796456355,0.652143528104
7410,2,2269,HOH,H1,H,1.007947,0.4242243450515,1.0,0.0
7411,2,2269,HOH,H2,H,1.007947,0.4242243450515,1.0,0.0
7412,2,2270,HOH,O,O,15.99943,-0.848448690103,0.317796456355,0.652143528104
7413,2,2270,HOH,H1,H,1.007947,0.4242243450515,1.0,0.0
7414,2,2270,HOH,H2,H,1.007947,0.4242243450515,1.0,0.0
7415,2,2271,HOH,O,O,15.99943,-0.848448690103,0.317796456355,0.652143528104
7416,2,2271,HOH,H1,H,1.007947,0.4242243450515,1.0,0.0
7417,2,2271,HOH,H2,H,1.007947,0.4242243450515,1.0,0.0
7418,2,2272,HOH,O,O,15.99943,-0.848448690103,0.317796456355,0.652143528104
7419,2,2272,HOH,H1,H,1.007947,0.4242243450515,1.0,0.0
7420,2,2272,HOH,H2,H,1.007947,0.4242243450515,1.0,0.0
7421,2,2273,HOH,O,O,15.99943,-0.848448690103,0.317796456355,0.652143528104
7422,2,2273,HOH,H1,H,1.007947,0.4242243450515,1.0,0.0
7423,2,2273,HOH,H2,H,1.007947,0.4242243450515,1.0,0.0
7424,2,2274,HOH,O,O,15.99943,-0.848448690103,0.317796456355,0.652143528104
7425,2,2274,HOH,H1,H,1.007947,0.4242243450515,1.0,0.0
7426,2,2274,HOH,H2,H,1.007947,0.4242243450515,1.0,0.0
7427,2,2275,HOH,O,O,15.99943,-0.848448690103,0.317796456355,0.652143528104
7428,2,2275,HOH,H1,H,1.007947,0.4242243450515,1.0,0.0
7429,2,2275,HOH,H2,H,1.007947,0.4242243450515,1.0,0.0
7430,2,2276,HOH,O,O,15.99943,-0.848448690103,0.317796456355,0.652143528104
7431,2,2276,HOH,H1,H,1.007947,0.4242243450515,1.0,0.0
7432,2,2276,HOH,H2,H,1.007947,0.4242243450515,1.0,0.0
7433,2,2277,HOH,O,O,15.99943,-0.848448690103,0.317796456355,0.652143528104
7434,2,2277,HOH,H1,H,1.007947,0.4242243450515,1.0,0.0
7435,2,2277,HOH,H2,H,1.007947,0.4242243450515,1.0,0.0
7436,2,2278,HOH,O,O,15.99943,-0.848448690103,0.317796456355,0.652143528104
7437,2,2278,HOH,H1,H,1.007947,0.4242243450515,1.0,0.0
7438,2,2278,HOH,H2,H,1.007947,0.4242243450515,1.0,0.0
7439,2,2279,HOH,O,O,15.99943,-0.848448690103,0.317796456355,0.652143528104
7440,2,2279,HOH,H1,H,1.007947,0.4242243450515,1.0,0.0
7441,2,2279,HOH,H2,H,1.007947,0.4242243450515,1.0,0.0
7442,2,2280,HOH,O,O,15.99943,-0.848448690103,0.317796456355,0.652143528104
7443,2,2280,HOH,H1,H,1.007947,0.4242243450515,1.0,0.0
7444,2,2280,HOH,H2,H,1.007947,0.4242243450515,1.0,0.0
7445,2,2281,HOH,O,O,15.99943,-0.848448690103,0.317796456355,0.652143528104
7446,2,2281,HOH,H1,H,1.007947,0.4242243450515,1.0,0.0
7447,2,2281,HOH,H2,H,1.007947,0.4242243450515,1.0,0.0
7448,2,2282,HOH,O,O,15.99943,-0.848448690103,0.317796456355,0.652143528104
7449,2,2282,HOH,H1,H,1.007947,0.4242243450515,1.0,0.0
7450,2,2282,HOH,H2,H,1.007947,0.4242243450515,1.0,0.0
7451,2,2283,HOH,O,O,15.99943,-0.848448690103,0.317796456355,0.652143528104
7452,2,2283,HOH,H1,H,1.007947,0.4242243450515,1.0,0.0
7453,2,2283,HOH,H2,H,1.007947,0.4242243450515,1.0,0.0
7454,2,2284,HOH,O,O,15.99943,-0.848448690103,0.317796456355,0.652143528104
7455,2,2284,HOH,H1,H,1.007947,0.4242243450515,1.0,0.0
7456,2,2284,HOH,H2,H,1.007947,0.4242243450515,1.0,0.0
7457,2,2285,HOH,O,O,15.99943,-0.848448690103,0.317796456355,0.652143528104
7458,2,2285,HOH,H1,H,1.007947,0.4242243450515,1.0,0.0
7459,2,2285,HOH,H2,H,1.007947,0.4242243450515,1.0,0.0
7460,2,2286,HOH,O,O,15.99943,-0.848448690103,0.317796456355,0.652143528104
7461,2,2286,HOH,H1,H,1.007947,0.4242243450515,1.0,0.0
7462,2,2286,HOH,H2,H,1.007947,0.4242243450515,1.0,0.0
7463,2,2287,HOH,O,O,15.99943,-0.848448690103,0.317796456355,0.652143528104
7464,2,2287,HOH,H1,H,1.007947,0.4242243450515,1.0,0.0
7465,2,2287,HOH,H2,H,1.007947,0.4242243450515,1.0,0.0
7466,2,2288,HOH,O,O,15.99943,-0.848448690103,0.317796456355,0.652143528104
7467,2,2288,HOH,H1,H,1.007947,0.4242243450515,1.0,0.0
7468,2,2288,HOH,H2,H,1.007947,0.4242243450515,1.0,0.0
7469,2,2289,HOH,O,O,15.99943,-0.848448690103,0.317796456355,0.652143528104
7470,2,2289,HOH,H1,H,1.007947,0.4242243450515,1.0,0.0
7471,2,2289,HOH,H2,H,1.007947,0.4242243450515,1.0,0.0
7472,2,2290,HOH,O,O,15.99943,-0.848448690103,0.317796456355,0.652143528104
7473,2,2290,HOH,H1,H,1.007947,0.4242243450515,1.0,0.0
7474,2,2290,HOH,H2,H,1.007947,0.4242243450515,1.0,0.0
7475,2,2291,HOH,O,O,15.99943,-0.848448690103,0.317796456355,0.652143528104
7476,2,2291,HOH,H1,H,1.007947,0.4242243450515,1.0,0.0
7477,2,2291,HOH,H2,H,1.007947,0.4242243450515,1.0,0.0
7478,2,2292,HOH,O,O,15.99943,-0.848448690103,0.317796456355,0.652143528104
7479,2,2292,HOH,H1,H,1.007947,0.4242243450515,1.0,0.0
7480,2,2292,HOH,H2,H,1.007947,0.4242243450515,1.0,0.0
7481,2,2293,HOH,O,O,15.99943,-0.848448690103,0.317796456355,0.652143528104
7482,2,2293,HOH,H1,H,1.007947,0.4242243450515,1.0,0.0
7483,2,2293,HOH,H2,H,1.007947,0.4242243450515,1.0,0.0
7484,2,2294,HOH,O,O,15.99943,-0.848448690103,0.317796456355,0.652143528104
7485,2,2294,HOH,H1,H,1.007947,0.4242243450515,1.0,0.0
7486,2,2294,HOH,H2,H,1.007947,0.4242243450515,1.0,0.0
7487,2,2295,HOH,O,O,15.99943,-0.848448690103,0.317796456355,0.652143528104
7488,2,2295,HOH,H1,H,1.007947,0.4242243450515,1.0,0.0
7489,2,2295,HOH,H2,H,1.007947,0.4242243450515,1.0,0.0
7490,2,2296,HOH,O,O,15.99943,-0.848448690103,0.317796456355,0.652143528104
7491,2,2296,HOH,H1,H,1.007947,0.4242243450515,1.0,0.0
7492,2,2296,HOH,H2,H,1.007947,0.4242243450515,1.0,0.0
7493,2,2297,HOH,O,O,15.99943,-0.848448690103,0.317796456355,0.652143528104
7494,2,2297,HOH,H1,H,1.007947,0.4242243450515,1.0,0.0
7495,2,2297,HOH,H2,H,1.007947,0.4242243450515,1.0,0.0
7496,2,2298,HOH,O,O,15.99943,-0.848448690103,0.317796456355,0.652143528104
7497,2,2298,HOH,H1,H,1.007947,0.4242243450515,1.0,0.0
7498,2,2298,HOH,H2,H,1.007947,0.4242243450515,1.0,0.0
7499,2,2299,HOH,O,O,15.99943,-0.848448690103,0.317796456355,0.652143528104
7500,2,2299,HOH,H1,H,1.007947,0.4242243450515,1.0,0.0
7501,2,2299,HOH,H2,H,1.007947,0.4242243450515,1.0,0.0
7502,2,2300,HOH,O,O,15.99943,-0.848448690103,0.317796456355,0.652143528104
7503,2,2300,HOH,H1,H,1.007947,0.4242243450515,1.0,0.0
7504,2,2300,HOH,H2,H,1.007947,0.4242243450515,1.0,0.0
7505,2,2301,HOH,O,O,15.99943,-0.848448690103,0.317796456355,0.652143528104
7506,2,2301,HOH,H1,H,1.007947,0.4242243450515,1.0,0.0
7507,2,2301,HOH,H2,H,1.007947,0.4242243450515,1.0,0.0
7508,2,2302,HOH,O,O,15.99943,-0.848448690103,0.317796456355,0.652143528104
7509,2,2302,HOH,H1,H,1.007947,0.4242243450515,1.0,0.0
7510,2,2302,HOH,H2,H,1.007947,0.4242243450515,1.0,0.0
7511,2,2303,HOH,O,O,15.99943,-0.848448690103,0.317796456355,0.652143528104
7512,2,2303,HOH,H1,H,1.007947,0.4242243450515,1.0,0.0
7513,2,2303,HOH,H2,H,1.007947,0.4242243450515,1.0,0.0
7514,2,2304,HOH,O,O,15.99943,-0.848448690103,0.317796456355,0.652143528104
7515,2,2304,HOH,H1,H,1.007947,0.4242243450515,1.0,0.0
7516,2,2304,HOH,H2,H,1.007947,0.4242243450515,1.0,0.0
7517,2,2305,HOH,O,O,15.99943,-0.848448690103,0.317796456355,0.652143528104
7518,2,2305,HOH,H1,H,1.007947,0.4242243450515,1.0,0.0
7519,2,2305,HOH,H2,H,1.007947,0.4242243450515,1.0,0.0
7520,2,2306,HOH,O,O,15.99943,-0.848448690103,0.317796456355,0.652143528104
7521,2,2306,HOH,H1,H,1.007947,0.4242243450515,1.0,0.0
7522,2,2306,HOH,H2,H,1.007947,0.4242243450515,1.0,0.0
7523,2,2307,HOH,O,O,15.99943,-0.848448690103,0.317796456355,0.652143528104
7524,2,2307,HOH,H1,H,1.007947,0.4242243450515,1.0,0.0
7525,2,2307,HOH,H2,H,1.007947,0.4242243450515,1.0,0.0
7526,2,2308,HOH,O,O,15.99943,-0.848448690103,0.317796456355,0.652143528104
7527,2,2308,HOH,H1,H,1.007947,0.4242243450515,1.0,0.0
7528,2,2308,HOH,H2,H,1.007947,0.4242243450515,1.0,0.0
7529,2,2309,HOH,O,O,15.99943,-0.848448690103,0.317796456355,0.652143528104
7530,2,2309,HOH,H1,H,1.007947,0.4242243450515,1.0,0.0
7531,2,2309,HOH,H2,H,1.007947,0.4242243450515,1.0,0.0
7532,2,2310,HOH,O,O,15.99943,-0.848448690103,0.317796456355,0.652143528104
7533,2,2310,HOH,H1,H,1.007947,0.4242243450515,1.0,0.0
7534,2,2310,HOH,H2,H,1.007947,0.4242243450515,1.0,0.0
7535,2,2311,HOH,O,O,15.99943,-0.848448690103,0.317796456355,0.652143528104
7536,2,2311,HOH,H1,H,1.007947,0.4242243450515,1.0,0.0
7537,2,2311,HOH,H2,H,1.007947,0.4242243450515,1.0,0.0
7538,2,2312,HOH,O,O,15.99943,-0.848448690103,0.317796456355,0.652143528104
7539,2,2312,HOH,H1,H,1.007947,0.4242243450515,1.0,0.0
7540,2,2312,HOH,H2,H,1.007947,0.4242243450515,1.0,0.0
7541,2,2313,HOH,O,O,15.99943,-0.848448690103,0.317796456355,0.652143528104
7542,2,2313,HOH,H1,H,1.007947,0.4242243450515,1.0,0.0
7543,2,2313,HOH,H2,H,1.007947,0.4242243450515,1.0,0.0
7544,2,2314,HOH,O,O,15.99943,-0.848448690103,0.317796456355,0.652143528104
7545,2,2314,HOH,H1,H,1.007947,0.4242243450515,1.0,0.0
7546,2,2314,HOH,H2,H,1.007947,0.4242243450515,1.0,0.0
7547,2,2315,HOH,O,O,15.99943,-0.848448690103,0.317796456355,0.652143528104
7548,2,2315,HOH,H1,H,1.007947,0.4242243450515,1.0,0.0
7549,2,2315,HOH,H2,H,1.007947,0.4242243450515,1.0,0.0
7550,2,2316,HOH,O,O,15.99943,-0.848448690103,0.317796456355,0.652143528104
7551,2,2316,HOH,H1,H,1.007947,0.4242243450515,1.0,0.0
7552,2,2316,HOH,H2,H,1.007947,0.4242243450515,1.0,0.0
7553,2,2317,HOH,O,O,15.99943,-0.848448690103,0.317796456355,0.652143528104
7554,2,2317,HOH,H1,H,1.007947,0.4242243450515,1.0,0.0
7555,2,2317,HOH,H2,H,1.007947,0.4242243450515,1.0,0.0
7556,2,2318,HOH,O,O,15.99943,-0.848448690103,0.317796456355,0.652143528104
7557,2,2318,HOH,H1,H,1.007947,0.4242243450515,1.0,0.0
7558,2,2318,HOH,H2,H,1.007947,0.4242243450515,1.0,0.0
7559,2,2319,HOH,O,O,15.99943,-0.848448690103,0.317796456355,0.652143528104
7560,2,2319,HOH,H1,H,1.007947,0.4242243450515,1.0,0.0
7561,2,2319,HOH,H2,H,1.007947,0.4242243450515,1.0,0.0
7562,2,2320,HOH,O,O,15.99943,-0.848448690103,0.317796456355,0.652143528104
7563,2,2320,HOH,H1,H,1.007947,0.4242243450515,1.0,0.0
7564,2,2320,HOH,H2,H,1.007947,0.4242243450515,1.0,0.0
7565,2,2321,HOH,O,O,15.99943,-0.848448690103,0.317796456355,0.652143528104
7566,2,2321,HOH,H1,H,1.007947,0.4242243450515,1.0,0.0
7567,2,2321,HOH,H2,H,1.007947,0.4242243450515,1.0,0.0
7568,2,2322,HOH,O,O,15.99943,-0.848448690103,0.317796456355,0.652143528104
7569,2,2322,HOH,H1,H,1.007947,0.4242243450515,1.0,0.0
7570,2,2322,HOH,H2,H,1.007947,0.4242243450515,1.0,0.0
7571,2,2323,HOH,O,O,15.99943,-0.848448690103,0.317796456355,0.652143528104
7572,2,2323,HOH,H1,H,1.007947,0.4242243450515,1.0,0.0
7573,2,2323,HOH,H2,H,1.007947,0.4242243450515,1.0,0.0
7574,2,2324,HOH,O,O,15.99943,-0.848448690103,0.317796456355,0.652143528104
7575,2,2324,HOH,H1,H,1.007947,0.4242243450515,1.0,0.0
7576,2,2324,HOH,H2,H,1.007947,0.4242243450515,1.0,0.0
7577,2,2325,HOH,O,O,15.99943,-0.848448690103,0.317796456355,0.652143528104
7578,2,2325,HOH,H1,H,1.007947,0.4242243450515,1.0,0.0
7579,2,2325,HOH,H2,H,1.007947,0.4242243450515,1.0,0.0
7580,2,2326,HOH,O,O,15.99943,-0.848448690103,0.317796456355,0.652143528104
7581,2,2326,HOH,H1,H,1.007947,0.4242243450515,1.0,0.0
7582,2,2326,HOH,H2,H,1.007947,0.4242243450515,1.0,0.0
7583,2,2327,HOH,O,O,15.99943,-0.848448690103,0.317796456355,0.652143528104
7584,2,2327,HOH,H1,H,1.007947,0.4242243450515,1.0,0.0
7585,2,2327,HOH,H2,H,1.007947,0.4242243450515,1.0,0.0
7586,2,2328,HOH,O,O,15.99943,-0.848448690103,0.317796456355,0.652143528104
7587,2,2328,HOH,H1,H,1.007947,0.4242243450515,1.0,0.0
7588,2,2328,HOH,H2,H,1.007947,0.4242243450515,1.0,0.0
7589,2,2329,HOH,O,O,15.99943,-0.848448690103,0.317796456355,0.652143528104
7590,2,2329,HOH,H1,H,1.007947,0.4242243450515,1.0,0.0
7591,2,2329,HOH,H2,H,1.007947,0.4242243450515,1.0,0.0
7592,2,2330,HOH,O,O,15.99943,-0.848448690103,0.317796456355,0.652143528104
7593,2,2330,HOH,H1,H,1.007947,0.4242243450515,1.0,0.0
7594,2,2330,HOH,H2,H,1.007947,0.4242243450515,1.0,0.0
7595,2,2331,HOH,O,O,15.99943,-0.848448690103,0.317796456355,0.652143528104
7596,2,2331,HOH,H1,H,1.007947,0.4242243450515,1.0,0.0
7597,2,2331,HOH,H2,H,1.007947,0.4242243450515,1.0,0.0
7598,2,2332,HOH,O,O,15.99943,-0.848448690103,0.317796456355,0.652143528104
7599,2,2332,HOH,H1,H,1.007947,0.4242243450515,1.0,0.0
7600,2,2332,HOH,H2,H,1.007947,0.4242243450515,1.0,0.0
7601,2,2333,HOH,O,O,15.99943,-0.848448690103,0.317796456355,0.652143528104
7602,2,2333,HOH,H1,H,1.007947,0.4242243450515,1.0,0.0
7603,2,2333,HOH,H2,H,1.007947,0.4242243450515,1.0,0.0
7604,2,2334,HOH,O,O,15.99943,-0.848448690103,0.317796456355,0.652143528104
7605,2,2334,HOH,H1,H,1.007947,0.4242243450515,1.0,0.0
7606,2,2334,HOH,H2,H,1.007947,0.4242243450515,1.0,0.0
7607,2,2335,HOH,O,O,15.99943,-0.848448690103,0.317796456355,0.652143528104
7608,2,2335,HOH,H1,H,1.007947,0.4242243450515,1.0,0.0
7609,2,2335,HOH,H2,H,1.007947,0.4242243450515,1.0,0.0
7610,2,2336,HOH,O,O,15.99943,-0.848448690103,0.317796456355,0.652143528104
7611,2,2336,HOH,H1,H,1.007947,0.4242243450515,1.0,0.0
7612,2,2336,HOH,H2,H,1.007947,0.4242243450515,1.0,0.0
7613,2,2337,HOH,O,O,15.99943,-0.848448690103,0.317796456355,0.652143528104
7614,2,2337,HOH,H1,H,1.007947,0.4242243450515,1.0,0.0
7615,2,2337,HOH,H2,H,1.007947,0.4242243450515,1.0,0.0
7616,2,2338,HOH,O,O,15.99943,-0.848448690103,0.317796456355,0.652143528104
7617,2,2338,HOH,H1,H,1.007947,0.4242243450515,1.0,0.0
7618,2,2338,HOH,H2,H,1.007947,0.4242243450515,1.0,0.0
7619,2,2339,HOH,O,O,15.99943,-0.848448690103,0.317796456355,0.652143528104
7620,2,2339,HOH,H1,H,1.007947,0.4242243450515,1.0,0.0
7621,2,2339,HOH,H2,H,1.007947,0.4242243450515,1.0,0.0
7622,2,2340,HOH,O,O,15.99943,-0.848448690103,0.317796456355,0.652143528104
7623,2,2340,HOH,H1,H,1.007947,0.4242243450515,1.0,0.0
7624,2,2340,HOH,H2,H,1.007947,0.4242243450515,1.0,0.0
7625,2,2341,HOH,O,O,15.99943,-0.848448690103,0.317796456355,0.652143528104
7626,2,2341,HOH,H1,H,1.007947,0.4242243450515,1.0,0.0
7627,2,2341,HOH,H2,H,1.007947,0.4242243450515,1.0,0.0
7628,2,2342,HOH,O,O,15.99943,-0.848448690103,0.317796456355,0.652143528104
7629,2,2342,HOH,H1,H,1.007947,0.4242243450515,1.0,0.0
7630,2,2342,HOH,H2,H,1.007947,0.4242243450515,1.0,0.0
7631,2,2343,HOH,O,O,15.99943,-0.848448690103,0.317796456355,0.652143528104
7632,2,2343,HOH,H1,H,1.007947,0.4242243450515,1.0,0.0
7633,2,2343,HOH,H2,H,1.007947,0.4242243450515,1.0,0.0
7634,2,2344,HOH,O,O,15.99943,-0.848448690103,0.317796456355,0.652143528104
7635,2,2344,HOH,H1,H,1.007947,0.4242243450515,1.0,0.0
7636,2,2344,HOH,H2,H,1.007947,0.4242243450515,1.0,0.0
7637,2,2345,HOH,O,O,15.99943,-0.848448690103,0.317796456355,0.652143528104
7638,2,2345,HOH,H1,H,1.007947,0.4242243450515,1.0,0.0
7639,2,2345,HOH,H2,H,1.007947,0.4242243450515,1.0,0.0
7640,2,2346,HOH,O,O,15.99943,-0.848448690103,0.317796456355,0.652143528104
7641,2,2346,HOH,H1,H,1.007947,0.4242243450515,1.0,0.0
7642,2,2346,HOH,H2,H,1.007947,0.4242243450515,1.0,0.0
7643,2,2347,HOH,O,O,15.99943,-0.848448690103,0.317796456355,0.652143528104
7644,2,2347,HOH,H1,H,1.007947,0.4242243450515,1.0,0.0
7645,2,2347,HOH,H2,H,1.007947,0.4242243450515,1.0,0.0
7646,2,2348,HOH,O,O,15.99943,-0.848448690103,0.317796456355,0.652143528104
7647,2,2348,HOH,H1,H,1.007947,0.4242243450515,1.0,0.0
7648,2,2348,HOH,H2,H,1.007947,0.4242243450515,1.0,0.0
7649,2,2349,HOH,O,O,15.99943,-0.848448690103,0.317796456355,0.652143528104
7650,2,2349,HOH,H1,H,1.007947,0.4242243450515,1.0,0.0
7651,2,2349,HOH,H2,H,1.007947,0.4242243450515,1.0,0.0
7652,2,2350,HOH,O,O,15.99943,-0.848448690103,0.317796456355,0.652143528104
7653,2,2350,HOH,H1,H,1.007947,0.4242243450515,1.0,0.0
7654,2,2350,HOH,H2,H,1.007947,0.4242243450515,1.0,0.0
7655,2,2351,HOH,O,O,15.99943,-0.848448690103,0.317796456355,0.652143528104
7656,2,2351,HOH,H1,H,1.007947,0.4242243450515,1.0,0.0
7657,2,2351,HOH,H2,H,1.007947,0.4242243450515,1.0,0.0
7658,2,2352,HOH,O,O,15.99943,-0.848448690103,0.317796456355,0.652143528104
7659,2,2352,HOH,H1,H,1.007947,0.4242243450515,1.0,0.0
7660,2,2352,HOH,H2,H,1.007947,0.4242243450515,1.0,0.0
7661,2,2353,HOH,O,O,15.99943,-0.848448690103,0.317796456355,0.652143528104
7662,2,2353,HOH,H1,H,1.007947,0.4242243450515,1.0,0.0
7663,2,2353,HOH,H2,H,1.007947,0.4242243450515,1.0,0.0
7664,2,2354,HOH,O,O,15.99943,-0.848448690103,0.317796456355,0.652143528104
7665,2,2354,HOH,H1,H,1.007947,0.4242243450515,1.0,0.0
7666,2,2354,HOH,H2,H,1.007947,0.4242243450515,1.0,0.0
7667,2,2355,HOH,O,O,15.99943,-0.848448690103,0.317796456355,0.652143528104
7668,2,2355,HOH,H1,H,1.007947,0.4242243450515,1.0,0.0
7669,2,2355,HOH,H2,H,1.007947,0.4242243450515,1.0,0.0
7670,2,2356,HOH,O,O,15.99943,-0.848448690103,0.317796456355,0.652143528104
7671,2,2356,HOH,H1,H,1.007947,0.4242243450515,1.0,0.0
7672,2,2356,HOH,H2,H,1.007947,0.4242243450515,1.0,0.0
7673,2,2357,HOH,O,O,15.99943,-0.848448690103,0.317796456355,0.652143528104
7674,2,2357,HOH,H1,H,1.007947,0.4242243450515,1.0,0.0
7675,2,2357,HOH,H2,H,1.007947,0.4242243450515,1.0,0.0
7676,2,2358,HOH,O,O,15.99943,-0.848448690103,0.317796456355,0.652143528104
7677,2,2358,HOH,H1,H,1.007947,0.4242243450515,1.0,0.0
7678,2,2358,HOH,H2,H,1.007947,0.4242243450515,1.0,0.0
7679,2,2359,HOH,O,O,15.99943,-0.848448690103,0.317796456355,0.652143528104
7680,2,2359,HOH,H1,H,1.007947,0.4242243450515,1.0,0.0
7681,2,2359,HOH,H2,H,1.007947,0.4242243450515,1.0,0.0
7682,2,2360,HOH,O,O,15.99943,-0.848448690103,0.317796456355,0.652143528104
7683,2,2360,HOH,H1,H,1.007947,0.4242243450515,1.0,0.0
7684,2,2360,HOH,H2,H,1.007947,0.4242243450515,1.0,0.0
7685,2,2361,HOH,O,O,15.99943,-0.848448690103,0.317796456355,0.652143528104
7686,2,2361,HOH,H1,H,1.007947,0.4242243450515,1.0,0.0
7687,2,2361,HOH,H2,H,1.007947,0.4242243450515,1.0,0.0
7688,2,2362,HOH,O,O,15.99943,-0.848448690103,0.317796456355,0.652143528104
7689,2,2362,HOH,H1,H,1.007947,0.4242243450515,1.0,0.0
7690,2,2362,HOH,H2,H,1.007947,0.4242243450515,1.0,0.0
7691,2,2363,HOH,O,O,15.99943,-0.848448690103,0.317796456355,0.652143528104
7692,2,2363,HOH,H1,H,1.007947,0.4242243450515,1.0,0.0
7693,2,2363,HOH,H2,H,1.007947,0.4242243450515,1.0,0.0
7694,2,2364,HOH,O,O,15.99943,-0.848448690103,0.317796456355,0.652143528104
7695,2,2364,HOH,H1,H,1.007947,0.4242243450515,1.0,0.0
7696,2,2364,HOH,H2,H,1.007947,0.4242243450515,1.0,0.0
7697,2,2365,HOH,O,O,15.99943,-0.848448690103,0.317796456355,0.652143528104
7698,2,2365,HOH,H1,H,1.007947,0.4242243450515,1.0,0.0
7699,2,2365,HOH,H2,H,1.007947,0.4242243450515,1.0,0.0
7700,2,2366,HOH,O,O,15.99943,-0.848448690103,0.317796456355,0.652143528104
7701,2,2366,HOH,H1,H,1.007947,0.4242243450515,1.0,0.0
7702,2,2366,HOH,H2,H,1.007947,0.4242243450515,1.0,0.0
7703,2,2367,HOH,O,O,15.99943,-0.848448690103,0.317796456355,0.652143528104
7704,2,2367,HOH,H1,H,1.007947,0.4242243450515,1.0,0.0
7705,2,2367,HOH,H2,H,1.007947,0.4242243450515,1.0,0.0
7706,2,2368,HOH,O,O,15.99943,-0.848448690103,0.317796456355,0.652143528104
7707,2,2368,HOH,H1,H,1.007947,0.4242243450515,1.0,0.0
7708,2,2368,HOH,H2,H,1.007947,0.4242243450515,1.0,0.0
7709,2,2369,HOH,O,O,15.99943,-0.848448690103,0.317796456355,0.652143528104
7710,2,2369,HOH,H1,H,1.007947,0.4242243450515,1.0,0.0
7711,2,2369,HOH,H2,H,1.007947,0.4242243450515,1.0,0.0
7712,2,2370,HOH,O,O,15.99943,-0.848448690103,0.317796456355,0.652143528104
7713,2,2370,HOH,H1,H,1.007947,0.4242243450515,1.0,0.0
7714,2,2370,HOH,H2,H,1.007947,0.4242243450515,1.0,0.0
7715,2,2371,HOH,O,O,15.99943,-0.848448690103,0.317796456355,0.652143528104
7716,2,2371,HOH,H1,H,1.007947,0.4242243450515,1.0,0.0
7717,2,2371,HOH,H2,H,1.007947,0.4242243450515,1.0,0.0
7718,2,2372,HOH,O,O,15.99943,-0.848448690103,0.317796456355,0.652143528104
7719,2,2372,HOH,H1,H,1.007947,0.4242243450515,1.0,0.0
7720,2,2372,HOH,H2,H,1.007947,0.4242243450515,1.0,0.0
7721,2,2373,HOH,O,O,15.99943,-0.848448690103,0.317796456355,0.652143528104
7722,2,2373,HOH,H1,H,1.007947,0.4242243450515,1.0,0.0
7723,2,2373,HOH,H2,H,1.007947,0.4242243450515,1.0,0.0
7724,2,2374,HOH,O,O,15.99943,-0.848448690103,0.317796456355,0.652143528104
7725,2,2374,HOH,H1,H,1.007947,0.4242243450515,1.0,0.0
7726,2,2374,HOH,H2,H,1.007947,0.4242243450515,1.0,0.0
7727,2,2375,HOH,O,O,15.99943,-0.848448690103,0.317796456355,0.652143528104
7728,2,2375,HOH,H1,H,1.007947,0.4242243450515,1.0,0.0
7729,2,2375,HOH,H2,H,1.007947,0.4242243450515,1.0,0.0
7730,2,2376,HOH,O,O,15.99943,-0.848448690103,0.317796456355,0.652143528104
7731,2,2376,HOH,H1,H,1.007947,0.4242243450515,1.0,0.0
7732,2,2376,HOH,H2,H,1.007947,0.4242243450515,1.0,0.0
7733,2,2377,HOH,O,O,15.99943,-0.848448690103,0.317796456355,0.652143528104
7734,2,2377,HOH,H1,H,1.007947,0.4242243450515,1.0,0.0
7735,2,2377,HOH,H2,H,1.007947,0.4242243450515,1.0,0.0
7736,2,2378,HOH,O,O,15.99943,-0.848448690103,0.317796456355,0.652143528104
7737,2,2378,HOH,H1,H,1.007947,0.4242243450515,1.0,0.0
7738,2,2378,HOH,H2,H,1.007947,0.4242243450515,1.0,0.0
7739,2,2379,HOH,O,O,15.99943,-0.848448690103,0.317796456355,0.652143528104
7740,2,2379,HOH,H1,H,1.007947,0.4242243450515,1.0,0.0
7741,2,2379,HOH,H2,H,1.007947,0.4242243450515,1.0,0.0
7742,2,2380,HOH,O,O,15.99943,-0.848448690103,0.317796456355,0.652143528104
7743,2,2380,HOH,H1,H,1.007947,0.4242243450515,1.0,0.0
7744,2,2380,HOH,H2,H,1.007947,0.4242243450515,1.0,0.0
7745,2,2381,HOH,O,O,15.99943,-0.848448690103,0.317796456355,0.652143528104
7746,2,2381,HOH,H1,H,1.007947,0.4242243450515,1.0,0.0
7747,2,2381,HOH,H2,H,1.007947,0.4242243450515,1.0,0.0
7748,2,2382,HOH,O,O,15.99943,-0.848448690103,0.317796456355,0.652143528104
7749,2,2382,HOH,H1,H,1.007947,0.4242243450515,1.0,0.0
7750,2,2382,HOH,H2,H,1.007947,0.4242243450515,1.0,0.0
7751,2,2383,HOH,O,O,15.99943,-0.848448690103,0.317796456355,0.652143528104
7752,2,2383,HOH,H1,H,1.007947,0.4242243450515,1.0,0.0
7753,2,2383,HOH,H2,H,1.007947,0.4242243450515,1.0,0.0
7754,2,2384,HOH,O,O,15.99943,-0.848448690103,0.317796456355,0.652143528104
7755,2,2384,HOH,H1,H,1.007947,0.4242243450515,1.0,0.0
7756,2,2384,HOH,H2,H,1.007947,0.4242243450515,1.0,0.0
7757,2,2385,HOH,O,O,15.99943,-0.848448690103,0.317796456355,0.652143528104
7758,2,2385,HOH,H1,H,1.007947,0.4242243450515,1.0,0.0
7759,2,2385,HOH,H2,H,1.007947,0.4242243450515,1.0,0.0
7760,2,2386,HOH,O,O,15.99943,-0.848448690103,0.317796456355,0.652143528104
7761,2,2386,HOH,H1,H,1.007947,0.4242243450515,1.0,0.0
7762,2,2386,HOH,H2,H,1.007947,0.4242243450515,1.0,0.0
7763,2,2387,HOH,O,O,15.99943,-0.848448690103,0.317796456355,0.652143528104
7764,2,2387,HOH,H1,H,1.007947,0.4242243450515,1.0,0.0
7765,2,2387,HOH,H2,H,1.007947,0.4242243450515,1.0,0.0
7766,2,2388,HOH,O,O,15.99943,-0.848448690103,0.317796456355,0.652143528104
7767,2,2388,HOH,H1,H,1.007947,0.4242243450515,1.0,0.0
7768,2,2388,HOH,H2,H,1.007947,0.4242243450515,1.0,0.0
7769,2,2389,HOH,O,O,15.99943,-0.848448690103,0.317796456355,0.652143528104
7770,2,2389,HOH,H1,H,1.007947,0.4242243450515,1.0,0.0
7771,2,2389,HOH,H2,H,1.007947,0.4242243450515,1.0,0.0
7772,2,2390,HOH,O,O,15.99943,-0.848448690103,0.317796456355,0.652143528104
7773,2,2390,HOH,H1,H,1.007947,0.4242243450515,1.0,0.0
7774,2,2390,HOH,H2,H,1.007947,0.4242243450515,1.0,0.0
7775,2,2391,HOH,O,O,15.99943,-0.848448690103,0.317796456355,0.652143528104
7776,2,2391,HOH,H1,H,1.007947,0.4242243450515,1.0,0.0
7777,2,2391,HOH,H2,H,1.007947,0.4242243450515,1.0,0.0
7778,2,2392,HOH,O,O,15.99943,-0.848448690103,0.317796456355,0.652143528104
7779,2,2392,HOH,H1,H,1.007947,0.4242243450515,1.0,0.0
7780,2,2392,HOH,H2,H,1.007947,0.4242243450515,1.0,0.0
7781,2,2393,HOH,O,O,15.99943,-0.848448690103,0.317796456355,0.652143528104
7782,2,2393,HOH,H1,H,1.007947,0.4242243450515,1.0,0.0
7783,2,2393,HOH,H2,H,1.007947,0.4242243450515,1.0,0.0
7784,2,2394,HOH,O,O,15.99943,-0.848448690103,0.317796456355,0.652143528104
7785,2,2394,HOH,H1,H,1.007947,0.4242243450515,1.0,0.0
7786,2,2394,HOH,H2,H,1.007947,0.4242243450515,1.0,0.0
7787,2,2395,HOH,O,O,15.99943,-0.848448690103,0.317796456355,0.652143528104
7788,2,2395,HOH,H1,H,1.007947,0.4242243450515,1.0,0.0
7789,2,2395,HOH,H2,H,1.007947,0.4242243450515,1.0,0.0
7790,2,2396,HOH,O,O,15.99943,-0.848448690103,0.317796456355,0.652143528104
7791,2,2396,HOH,H1,H,1.007947,0.4242243450515,1.0,0.0
7792,2,2396,HOH,H2,H,1.007947,0.4242243450515,1.0,0.0
7793,2,2397,HOH,O,O,15.99943,-0.848448690103,0.317796456355,0.652143528104
7794,2,2397,HOH,H1,H,1.007947,0.4242243450515,1.0,0.0
7795,2,2397,HOH,H2,H,1.007947,0.4242243450515,1.0,0.0
7796,2,2398,HOH,O,O,15.99943,-0.848448690103,0.317796456355,0.652143528104
7797,2,2398,HOH,H1,H,1.007947,0.4242243450515,1.0,0.0
7798,2,2398,HOH,H2,H,1.007947,0.4242243450515,1.0,0.0
7799,2,2399,HOH,O,O,15.99943,-0.848448690103,0.317796456355,0.652143528104
7800,2,2399,HOH,H1,H,1.007947,0.4242243450515,1.0,0.0
7801,2,2399,HOH,H2,H,1.007947,0.4242243450515,1.0,0.0
7802,2,2400,HOH,O,O,15.99943,-0.848448690103,0.317796456355,0.652143528104
7803,2,2400,HOH,H1,H,1.007947,0.4242243450515,1.0,0.0
7804,2,2400,HOH,H2,H,1.007947,0.4242243450515,1.0,0.0
7805,2,2401,HOH,O,O,15.99943,-0.848448690103,0.317796456355,0.652143528104
7806,2,2401,HOH,H1,H,1.007947,0.4242243450515,1.0,0.0
7807,2,2401,HOH,H2,H,1.007947,0.4242243450515,1.0,0.0
7808,2,2402,HOH,O,O,15.99943,-0.848448690103,0.317796456355,0.652143528104
7809,2,2402,HOH,H1,H,1.007947,0.4242243450515,1.0,0.0
7810,2,2402,HOH,H2,H,1.007947,0.4242243450515,1.0,0.0
7811,2,2403,HOH,O,O,15.99943,-0.848448690103,0.317796456355,0.652143528104
7812,2,2403,HOH,H1,H,1.007947,0.4242243450515,1.0,0.0
7813,2,2403,HOH,H2,H,1.007947,0.4242243450515,1.0,0.0
7814,2,2404,HOH,O,O,15.99943,-0.848448690103,0.317796456355,0.652143528104
7815,2,2404,HOH,H1,H,1.007947,0.4242243450515,1.0,0.0
7816,2,2404,HOH,H2,H,1.007947,0.4242243450515,1.0,0.0
7817,2,2405,HOH,O,O,15.99943,-0.848448690103,0.317796456355,0.652143528104
7818,2,2405,HOH,H1,H,1.007947,0.4242243450515,1.0,0.0
7819,2,2405,HOH,H2,H,1.007947,0.4242243450515,1.0,0.0
7820,2,2406,HOH,O,O,15.99943,-0.848448690103,0.317796456355,0.652143528104
7821,2,2406,HOH,H1,H,1.007947,0.4242243450515,1.0,0.0
7822,2,2406,HOH,H2,H,1.007947,0.4242243450515,1.0,0.0
7823,2,2407,HOH,O,O,15.99943,-0.848448690103,0.317796456355,0.652143528104
7824,2,2407,HOH,H1,H,1.007947,0.4242243450515,1.0,0.0
7825,2,2407,HOH,H2,H,1.007947,0.4242243450515,1.0,0.0
7826,2,2408,HOH,O,O,15.99943,-0.848448690103,0.317796456355,0.652143528104
7827,2,2408,HOH,H1,H,1.007947,0.4242243450515,1.0,0.0
7828,2,2408,HOH,H2,H,1.007947,0.4242243450515,1.0,0.0
7829,2,2409,HOH,O,O,15.99943,-0.848448690103,0.317796456355,0.652143528104
7830,2,2409,HOH,H1,H,1.007947,0.4242243450515,1.0,0.0
7831,2,2409,HOH,H2,H,1.007947,0.4242243450515,1.0,0.0
7832,2,2410,HOH,O,O,15.99943,-0.848448690103,0.317796456355,0.652143528104
7833,2,2410,HOH,H1,H,1.007947,0.4242243450515,1.0,0.0
7834,2,2410,HOH,H2,H,1.007947,0.4242243450515,1.0,0.0
7835,2,2411,HOH,O,O,15.99943,-0.848448690103,0.317796456355,0.652143528104
7836,2,2411,HOH,H1,H,1.007947,0.4242243450515,1.0,0.0
7837,2,2411,HOH,H2,H,1.007947,0.4242243450515,1.0,0.0
7838,2,2412,HOH,O,O,15.99943,-0.848448690103,0.317796456355,0.652143528104
7839,2,2412,HOH,H1,H,1.007947,0.4242243450515,1.0,0.0
7840,2,2412,HOH,H2,H,1.007947,0.4242243450515,1.0,0.0
7841,2,2413,HOH,O,O,15.99943,-0.848448690103,0.317796456355,0.652143528104
7842,2,2413,HOH,H1,H,1.007947,0.4242243450515,1.0,0.0
7843,2,2413,HOH,H2,H,1.007947,0.4242243450515,1.0,0.0
7844,2,2414,HOH,O,O,15.99943,-0.848448690103,0.317796456355,0.652143528104
7845,2,2414,HOH,H1,H,1.007947,0.4242243450515,1.0,0.0
7846,2,2414,HOH,H2,H,1.007947,0.4242243450515,1.0,0.0
7847,2,2415,HOH,O,O,15.99943,-0.848448690103,0.317796456355,0.652143528104
7848,2,2415,HOH,H1,H,1.007947,0.4242243450515,1.0,0.0
7849,2,2415,HOH,H2,H,1.007947,0.4242243450515,1.0,0.0
7850,2,2416,HOH,O,O,15.99943,-0.848448690103,0.317796456355,0.652143528104
7851,2,2416,HOH,H1,H,1.007947,0.4242243450515,1.0,0.0
7852,2,2416,HOH,H2,H,1.007947,0.4242243450515,1.0,0.0
7853,2,2417,HOH,O,O,15.99943,-0.848448690103,0.317796456355,0.652143528104
7854,2,2417,HOH,H1,H,1.007947,0.4242243450515,1.0,0.0
7855,2,2417,HOH,H2,H,1.007947,0.4242243450515,1.0,0.0
7856,2,2418,HOH,O,O,15.99943,-0.848448690103,0.317796456355,0.652143528104
7857,2,2418,HOH,H1,H,1.007947,0.4242243450515,1.0,0.0
7858,2,2418,HOH,H2,H,1.007947,0.4242243450515,1.0,0.0
7859,2,2419,HOH,O,O,15.99943,-0.848448690103,0.317796456355,0.652143528104
7860,2,2419,HOH,H1,H,1.007947,0.4242243450515,1.0,0.0
7861,2,2419,HOH,H2,H,1.007947,0.4242243450515,1.0,0.0
7862,2,2420,HOH,O,O,15.99943,-0.848448690103,0.317796456355,0.652143528104
7863,2,2420,HOH,H1,H,1.007947,0.4242243450515,1.0,0.0
7864,2,2420,HOH,H2,H,1.007947,0.4242243450515,1.0,0.0
7865,2,2421,HOH,O,O,15.99943,-0.848448690103,0.317796456355,0.652143528104
7866,2,2421,HOH,H1,H,1.007947,0.4242243450515,1.0,0.0
7867,2,2421,HOH,H2,H,1.007947,0.4242243450515,1.0,0.0
7868,2,2422,HOH,O,O,15.99943,-0.848448690103,0.317796456355,0.652143528104
7869,2,2422,HOH,H1,H,1.007947,0.4242243450515,1.0,0.0
7870,2,2422,HOH,H2,H,1.007947,0.4242243450515,1.0,0.0
7871,2,2423,HOH,O,O,15.99943,-0.848448690103,0.317796456355,0.652143528104
7872,2,2423,HOH,H1,H,1.007947,0.4242243450515,1.0,0.0
7873,2,2423,HOH,H2,H,1.007947,0.4242243450515,1.0,0.0
7874,2,2424,HOH,O,O,15.99943,-0.848448690103,0.317796456355,0.652143528104
7875,2,2424,HOH,H1,H,1.007947,0.4242243450515,1.0,0.0
7876,2,2424,HOH,H2,H,1.007947,0.4242243450515,1.0,0.0
7877,2,2425,HOH,O,O,15.99943,-0.848448690103,0.317796456355,0.652143528104
7878,2,2425,HOH,H1,H,1.007947,0.4242243450515,1.0,0.0
7879,2,2425,HOH,H2,H,1.007947,0.4242243450515,1.0,0.0
7880,2,2426,HOH,O,O,15.99943,-0.848448690103,0.317796456355,0.652143528104
7881,2,2426,HOH,H1,H,1.007947,0.4242243450515,1.0,0.0
7882,2,2426,HOH,H2,H,1.007947,0.4242243450515,1.0,0.0
7883,2,2427,HOH,O,O,15.99943,-0.848448690103,0.317796456355,0.652143528104
7884,2,2427,HOH,H1,H,1.007947,0.4242243450515,1.0,0.0
7885,2,2427,HOH,H2,H,1.007947,0.4242243450515,1.0,0.0
7886,2,2428,HOH,O,O,15.99943,-0.848448690103,0.317796456355,0.652143528104
7887,2,2428,HOH,H1,H,1.007947,0.4242243450515,1.0,0.0
7888,2,2428,HOH,H2,H,1.007947,0.4242243450515,1.0,0.0
7889,2,2429,HOH,O,O,15.99943,-0.848448690103,0.317796456355,0.652143528104
7890,2,2429,HOH,H1,H,1.007947,0.4242243450515,1.0,0.0
7891,2,2429,HOH,H2,H,1.007947,0.4242243450515,1.0,0.0
7892,2,2430,HOH,O,O,15.99943,-0.848448690103,0.317796456355,0.652143528104
7893,2,2430,HOH,H1,H,1.007947,0.4242243450515,1.0,0.0
7894,2,2430,HOH,H2,H,1.007947,0.4242243450515,1.0,0.0
7895,2,2431,HOH,O,O,15.99943,-0.848448690103,0.317796456355,0.652143528104
7896,2,2431,HOH,H1,H,1.007947,0.4242243450515,1.0,0.0
7897,2,2431,HOH,H2,H,1.007947,0.4242243450515,1.0,0.0
7898,2,2432,HOH,O,O,15.99943,-0.848448690103,0.317796456355,0.652143528104
7899,2,2432,HOH,H1,H,1.007947,0.4242243450515,1.0,0.0
7900,2,2432,HOH,H2,H,1.007947,0.4242243450515,1.0,0.0
7901,2,2433,HOH,O,O,15.99943,-0.848448690103,0.317796456355,0.652143528104
7902,2,2433,HOH,H1,H,1.007947,0.4242243450515,1.0,0.0
7903,2,2433,HOH,H2,H,1.007947,0.4242243450515,1.0,0.0
7904,2,2434,HOH,O,O,15.99943,-0.848448690103,0.317796456355,0.652143528104
7905,2,2434,HOH,H1,H,1.007947,0.4242243450515,1.0,0.0
7906,2,2434,HOH,H2,H,1.007947,0.4242243450515,1.0,0.0
7907,2,2435,HOH,O,O,15.99943,-0.848448690103,0.317796456355,0.652143528104
7908,2,2435,HOH,H1,H,1.007947,0.4242243450515,1.0,0.0
7909,2,2435,HOH,H2,H,1.007947,0.4242243450515,1.0,0.0
7910,2,2436,HOH,O,O,15.99943,-0.848448690103,0.317796456355,0.652143528104
7911,2,2436,HOH,H1,H,1.007947,0.4242243450515,1.0,0.0
7912,2,2436,HOH,H2,H,1.007947,0.4242243450515,1.0,0.0
7913,2,2437,HOH,O,O,15.99943,-0.848448690103,0.317796456355,0.652143528104
7914,2,2437,HOH,H1,H,1.007947,0.4242243450515,1.0,0.0
7915,2,2437,HOH,H2,H,1.007947,0.4242243450515,1.0,0.0
7916,2,2438,HOH,O,O,15.99943,-0.848448690103,0.317796456355,0.652143528104
7917,2,2438,HOH,H1,H,1.007947,0.4242243450515,1.0,0.0
7918,2,2438,HOH,H2,H,1.007947,0.4242243450515,1.0,0.0
7919,2,2439,HOH,O,O,15.99943,-0.848448690103,0.317796456355,0.652143528104
7920,2,2439,HOH,H1,H,1.007947,0.4242243450515,1.0,0.0
7921,2,2439,HOH,H2,H,1.007947,0.4242243450515,1.0,0.0
7922,2,2440,HOH,O,O,15.99943,-0.848448690103,0.317796456355,0.652143528104
7923,2,2440,HOH,H1,H,1.007947,0.4242243450515,1.0,0.0
7924,2,2440,HOH,H2,H,1.007947,0.4242243450515,1.0,0.0
7925,2,2441,HOH,O,O,15.99943,-0.848448690103,0.317796456355,0.652143528104
7926,2,2441,HOH,H1,H,1.007947,0.4242243450515,1.0,0.0
7927,2,2441,HOH,H2,H,1.007947,0.4242243450515,1.0,0.0
7928,2,2442,HOH,O,O,15.99943,-0.848448690103,0.317796456355,0.652143528104
7929,2,2442,HOH,H1,H,1.007947,0.4242243450515,1.0,0.0
7930,2,2442,HOH,H2,H,1.007947,0.4242243450515,1.0,0.0
7931,2,2443,HOH,O,O,15.99943,-0.848448690103,0.317796456355,0.652143528104
7932,2,2443,HOH,H1,H,1.007947,0.4242243450515,1.0,0.0
7933,2,2443,HOH,H2,H,1.007947,0.4242243450515,1.0,0.0
7934,2,2444,HOH,O,O,15.99943,-0.848448690103,0.317796456355,0.652143528104
7935,2,2444,HOH,H1,H,1.007947,0.4242243450515,1.0,0.0
7936,2,2444,HOH,H2,H,1.007947,0.4242243450515,1.0,0.0
7937,2,2445,HOH,O,O,15.99943,-0.848448690103,0.317796456355,0.652143528104
7938,2,2445,HOH,H1,H,1.007947,0.4242243450515,1.0,0.0
7939,2,2445,HOH,H2,H,1.007947,0.4242243450515,1.0,0.0
7940,2,2446,HOH,O,O,15.99943,-0.848448690103,0.317796456355,0.652143528104
7941,2,2446,HOH,H1,H,1.007947,0.4242243450515,1.0,0.0
7942,2,2446,HOH,H2,H,1.007947,0.4242243450515,1.0,0.0
7943,2,2447,HOH,O,O,15.99943,-0.848448690103,0.317796456355,0.652143528104
7944,2,2447,HOH,H1,H,1.007947,0.4242243450515,1.0,0.0
7945,2,2447,HOH,H2,H,1.007947,0.4242243450515,1.0,0.0
7946,2,2448,HOH,O,O,15.99943,-0.848448690103,0.317796456355,0.652143528104
7947,2,2448,HOH,H1,H,1.007947,0.4242243450515,1.0,0.0
7948,2,2448,HOH,H2,H,1.007947,0.4242243450515,1.0,0.0
7949,2,2449,HOH,O,O,15.99943,-0.848448690103,0.317796456355,0.652143528104
7950,2,2449,HOH,H1,H,1.007947,0.4242243450515,1.0,0.0
7951,2,2449,HOH,H2,H,1.007947,0.4242243450515,1.0,0.0
7952,2,2450,HOH,O,O,15.99943,-0.848448690103,0.317796456355,0.652143528104
7953,2,2450,HOH,H1,H,1.007947,0.4242243450515,1.0,0.0
7954,2,2450,HOH,H2,H,1.007947,0.4242243450515,1.0,0.0
7955,2,2451,HOH,O,O,15.99943,-0.848448690103,0.317796456355,0.652143528104
7956,2,2451,HOH,H1,H,1.007947,0.4242243450515,1.0,0.0
7957,2,2451,HOH,H2,H,1.007947,0.4242243450515,1.0,0.0
7958,2,2452,HOH,O,O,15.99943,-0.848448690103,0.317796456355,0.652143528104
7959,2,2452,HOH,H1,H,1.007947,0.4242243450515,1.0,0.0
7960,2,2452,HOH,H2,H,1.007947,0.4242243450515,1.0,0.0
7961,2,2453,HOH,O,O,15.99943,-0.848448690103,0.317796456355,0.652143528104
7962,2,2453,HOH,H1,H,1.007947,0.4242243450515,1.0,0.0
7963,2,2453,HOH,H2,H,1.007947,0.4242243450515,1.0,0.0
7964,2,2454,HOH,O,O,15.99943,-0.848448690103,0.317796456355,0.652143528104
7965,2,2454,HOH,H1,H,1.007947,0.4242243450515,1.0,0.0
7966,2,2454,HOH,H2,H,1.007947,0.4242243450515,1.0,0.0
7967,2,2455,HOH,O,O,15.99943,-0.848448690103,0.317796456355,0.652143528104
7968,2,2455,HOH,H1,H,1.007947,0.4242243450515,1.0,0.0
7969,2,2455,HOH,H2,H,1.007947,0.4242243450515,1.0,0.0
7970,2,2456,HOH,O,O,15.99943,-0.848448690103,0.317796456355,0.652143528104
7971,2,2456,HOH,H1,H,1.007947,0.4242243450515,1.0,0.0
7972,2,2456,HOH,H2,H,1.007947,0.4242243450515,1.0,0.0
7973,2,2457,HOH,O,O,15.99943,-0.848448690103,0.317796456355,0.652143528104
7974,2,2457,HOH,H1,H,1.007947,0.4242243450515,1.0,0.0
7975,2,2457,HOH,H2,H,1.007947,0.4242243450515,1.0,0.0
7976,2,2458,HOH,O,O,15.99943,-0.848448690103,0.317796456355,0.652143528104
7977,2,2458,HOH,H1,H,1.007947,0.4242243450515,1.0,0.0
7978,2,2458,HOH,H2,H,1.007947,0.4242243450515,1.0,0.0
7979,2,2459,HOH,O,O,15.99943,-0.848448690103,0.317796456355,0.652143528104
7980,2,2459,HOH,H1,H,1.007947,0.4242243450515,1.0,0.0
7981,2,2459,HOH,H2,H,1.007947,0.4242243450515,1.0,0.0
7982,2,2460,HOH,O,O,15.99943,-0.848448690103,0.317796456355,0.652143528104
7983,2,2460,HOH,H1,H,1.007947,0.4242243450515,1.0,0.0
7984,2,2460,HOH,H2,H,1.007947,0.4242243450515,1.0,0.0
7985,2,2461,HOH,O,O,15.99943,-0.848448690103,0.317796456355,0.652143528104
7986,2,2461,HOH,H1,H,1.007947,0.4242243450515,1.0,0.0
7987,2,2461,HOH,H2,H,1.007947,0.4242243450515,1.0,0.0
7988,2,2462,HOH,O,O,15.99943,-0.848448690103,0.317796456355,0.652143528104
7989,2,2462,HOH,H1,H,1.007947,0.4242243450515,1.0,0.0
7990,2,2462,HOH,H2,H,1.007947,0.4242243450515,1.0,0.0
7991,2,2463,HOH,O,O,15.99943,-0.848448690103,0.317796456355,0.652143528104
7992,2,2463,HOH,H1,H,1.007947,0.4242243450515,1.0,0.0
7993,2,2463,HOH,H2,H,1.007947,0.4242243450515,1.0,0.0
7994,2,2464,HOH,O,O,15.99943,-0.848448690103,0.317796456355,0.652143528104
7995,2,2464,HOH,H1,H,1.007947,0.4242243450515,1.0,0.0
7996,2,2464,HOH,H2,H,1.007947,0.4242243450515,1.0,0.0
7997,2,2465,HOH,O,O,15.99943,-0.848448690103,0.317796456355,0.652143528104
7998,2,2465,HOH,H1,H,1.007947,0.4242243450515,1.0,0.0
7999,2,2465,HOH,H2,H,1.007947,0.4242243450515,1.0,0.0
8000,2,2466,HOH,O,O,15.99943,-0.848448690103,0.317796456355,0.652143528104
8001,2,2466,HOH,H1,H,1.007947,0.4242243450515,1.0,0.0
8002,2,2466,HOH,H2,H,1.007947,0.4242243450515,1.0,0.0
8003,2,2467,HOH,O,O,15.99943,-0.848448690103,0.317796456355,0.652143528104
8004,2,2467,HOH,H1,H,1.007947,0.4242243450515,1.0,0.0
8005,2,2467,HOH,H2,H,1.007947,0.4242243450515,1.0,0.0
8006,2,2468,HOH,O,O,15.99943,-0.848448690103,0.317796456355,0.652143528104
8007,2,2468,HOH,H1,H,1.007947,0.4242243450515,1.0,0.0
8008,2,2468,HOH,H2,H,1.007947,0.4242243450515,1.0,0.0
8009,2,2469,HOH,O,O,15.99943,-0.848448690103,0.317796456355,0.652143528104
8010,2,2469,HOH,H1,H,1.007947,0.4242243450515,1.0,0.0
8011,2,2469,HOH,H2,H,1.007947,0.4242243450515,1.0,0.0
8012,2,2470,HOH,O,O,15.99943,-0.848448690103,0.317796456355,0.652143528104
8013,2,2470,HOH,H1,H,1.007947,0.4242243450515,1.0,0.0
8014,2,2470,HOH,H2,H,1.007947,0.4242243450515,1.0,0.0
8015,2,2471,HOH,O,O,15.99943,-0.848448690103,0.317796456355,0.652143528104
8016,2,2471,HOH,H1,H,1.007947,0.4242243450515,1.0,0.0
8017,2,2471,HOH,H2,H,1.007947,0.4242243450515,1.0,0.0
8018,2,2472,HOH,O,O,15.99943,-0.848448690103,0.317796456355,0.652143528104
8019,2,2472,HOH,H1,H,1.007947,0.4242243450515,1.0,0.0
8020,2,2472,HOH,H2,H,1.007947,0.4242243450515,1.0,0.0
8021,2,2473,HOH,O,O,15.99943,-0.848448690103,0.317796456355,0.652143528104
8022,2,2473,HOH,H1,H,1.007947,0.4242243450515,1.0,0.0
8023,2,2473,HOH,H2,H,1.007947,0.4242243450515,1.0,0.0
8024,2,2474,HOH,O,O,15.99943,-0.848448690103,0.317796456355,0.652143528104
8025,2,2474,HOH,H1,H,1.007947,0.4242243450515,1.0,0.0
8026,2,2474,HOH,H2,H,1.007947,0.4242243450515,1.0,0.0
8027,2,2475,HOH,O,O,15.99943,-0.848448690103,0.317796456355,0.652143528104
8028,2,2475,HOH,H1,H,1.007947,0.4242243450515,1.0,0.0
8029,2,2475,HOH,H2,H,1.007947,0.4242243450515,1.0,0.0
8030,2,2476,HOH,O,O,15.99943,-0.848448690103,0.317796456355,0.652143528104
8031,2,2476,HOH,H1,H,1.007947,0.4242243450515,1.0,0.0
8032,2,2476,HOH,H2,H,1.007947,0.4242243450515,1.0,0.0
8033,2,2477,HOH,O,O,15.99943,-0.848448690103,0.317796456355,0.652143528104
8034,2,2477,HOH,H1,H,1.007947,0.4242243450515,1.0,0.0
8035,2,2477,HOH,H2,H,1.007947,0.4242243450515,1.0,0.0
8036,2,2478,HOH,O,O,15.99943,-0.848448690103,0.317796456355,0.652143528104
8037,2,2478,HOH,H1,H,1.007947,0.4242243450515,1.0,0.0
8038,2,2478,HOH,H2,H,1.007947,0.4242243450515,1.0,0.0
8039,2,2479,HOH,O,O,15.99943,-0.848448690103,0.317796456355,0.652143528104
8040,2,2479,HOH,H1,H,1.007947,0.4242243450515,1.0,0.0
8041,2,2479,HOH,H2,H,1.007947,0.4242243450515,1.0,0.0
8042,2,2480,HOH,O,O,15.99943,-0.848448690103,0.317796456355,0.652143528104
8043,2,2480,HOH,H1,H,1.007947,0.4242243450515,1.0,0.0
8044,2,2480,HOH,H2,H,1.007947,0.4242243450515,1.0,0.0
8045,2,2481,HOH,O,O,15.99943,-0.848448690103,0.317796456355,0.652143528104
8046,2,2481,HOH,H1,H,1.007947,0.4242243450515,1.0,0.0
8047,2,2481,HOH,H2,H,1.007947,0.4242243450515,1.0,0.0
8048,2,2482,HOH,O,O,15.99943,-0.848448690103,0.317796456355,0.652143528104
8049,2,2482,HOH,H1,H,1.007947,0.4242243450515,1.0,0.0
8050,2,2482,HOH,H2,H,1.007947,0.4242243450515,1.0,0.0
8051,2,2483,HOH,O,O,15.99943,-0.848448690103,0.317796456355,0.652143528104
8052,2,2483,HOH,H1,H,1.007947,0.4242243450515,1.0,0.0
8053,2,2483,HOH,H2,H,1.007947,0.4242243450515,1.0,0.0
8054,2,2484,HOH,O,O,15.99943,-0.848448690103,0.317796456355,0.652143528104
8055,2,2484,HOH,H1,H,1.007947,0.4242243450515,1.0,0.0
8056,2,2484,HOH,H2,H,1.007947,0.4242243450515,1.0,0.0
8057,2,2485,HOH,O,O,15.99943,-0.848448690103,0.317796456355,0.652143528104
8058,2,2485,HOH,H1,H,1.007947,0.4242243450515,1.0,0.0
8059,2,2485,HOH,H2,H,1.007947,0.4242243450515,1.0,0.0
8060,2,2486,HOH,O,O,15.99943,-0.848448690103,0.317796456355,0.652143528104
8061,2,2486,HOH,H1,H,1.007947,0.4242243450515,1.0,0.0
8062,2,2486,HOH,H2,H,1.007947,0.4242243450515,1.0,0.0
8063,2,2487,HOH,O,O,15.99943,-0.848448690103,0.317796456355,0.652143528104
8064,2,2487,HOH,H1,H,1.007947,0.4242243450515,1.0,0.0
8065,2,2487,HOH,H2,H,1.007947,0.4242243450515,1.0,0.0
8066,2,2488,HOH,O,O,15.99943,-0.848448690103,0.317796456355,0.652143528104
8067,2,2488,HOH,H1,H,1.007947,0.4242243450515,1.0,0.0
8068,2,2488,HOH,H2,H,1.007947,0.4242243450515,1.0,0.0
8069,2,2489,HOH,O,O,15.99943,-0.848448690103,0.317796456355,0.652143528104
8070,2,2489,HOH,H1,H,1.007947,0.4242243450515,1.0,0.0
8071,2,2489,HOH,H2,H,1.007947,0.4242243450515,1.0,0.0
8072,2,2490,HOH,O,O,15.99943,-0.848448690103,0.317796456355,0.652143528104
8073,2,2490,HOH,H1,H,1.007947,0.4242243450515,1.0,0.0
8074,2,2490,HOH,H2,H,1.007947,0.4242243450515,1.0,0.0
8075,2,2491,HOH,O,O,15.99943,-0.848448690103,0.317796456355,0.652143528104
8076,2,2491,HOH,H1,H,1.007947,0.4242243450515,1.0,0.0
8077,2,2491,HOH,H2,H,1.007947,0.4242243450515,1.0,0.0
8078,2,2492,HOH,O,O,15.99943,-0.848448690103,0.317796456355,0.652143528104
8079,2,2492,HOH,H1,H,1.007947,0.4242243450515,1.0,0.0
8080,2,2492,HOH,H2,H,1.007947,0.4242243450515,1.0,0.0
8081,2,2493,HOH,O,O,15.99943,-0.848448690103,0.317796456355,0.652143528104
8082,2,2493,HOH,H1,H,1.007947,0.4242243450515,1.0,0.0
8083,2,2493,HOH,H2,H,1.007947,0.4242243450515,1.0,0.0
8084,2,2494,HOH,O,O,15.99943,-0.848448690103,0.317796456355,0.652143528104
8085,2,2494,HOH,H1,H,1.007947,0.4242243450515,1.0,0.0
8086,2,2494,HOH,H2,H,1.007947,0.4242243450515,1.0,0.0
8087,2,2495,HOH,O,O,15.99943,-0.848448690103,0.317796456355,0.652143528104
8088,2,2495,HOH,H1,H,1.007947,0.4242243450515,1.0,0.0
8089,2,2495,HOH,H2,H,1.007947,0.4242243450515,1.0,0.0
8090,2,2496,HOH,O,O,15.99943,-0.848448690103,0.317796456355,0.652143528104
8091,2,2496,HOH,H1,H,1.007947,0.4242243450515,1.0,0.0
8092,2,2496,HOH,H2,H,1.007947,0.4242243450515,1.0,0.0
8093,2,2497,HOH,O,O,15.99943,-0.848448690103,0.317796456355,0.652143528104
8094,2,2497,HOH,H1,H,1.007947,0.4242243450515,1.0,0.0
8095,2,2497,HOH,H2,H,1.007947,0.4242243450515,1.0,0.0
8096,2,2498,HOH,O,O,15.99943,-0.848448690103,0.317796456355,0.652143528104
8097,2,2498,HOH,H1,H,1.007947,0.4242243450515,1.0,0.0
8098,2,2498,HOH,H2,H,1.007947,0.4242243450515,1.0,0.0
8099,2,2499,HOH,O,O,15.99943,-0.848448690103,0.317796456355,0.652143528104
8100,2,2499,HOH,H1,H,1.007947,0.4242243450515,1.0,0.0
8101,2,2499,HOH,H2,H,1.007947,0.4242243450515,1.0,0.0
8102,2,2500,HOH,O,O,15.99943,-0.848448690103,0.317796456355,0.652143528104
8103,2,2500,HOH,H1,H,1.007947,0.4242243450515,1.0,0.0
8104,2,2500,HOH,H2,H,1.007947,0.4242243450515,1.0,0.0
8105,2,2501,HOH,O,O,15.99943,-0.848448690103,0.317796456355,0.652143528104
8106,2,2501,HOH,H1,H,1.007947,0.4242243450515,1.0,0.0
8107,2,2501,HOH,H2,H,1.007947,0.4242243450515,1.0,0.0
8108,2,2502,HOH,O,O,15.99943,-0.848448690103,0.317796456355,0.652143528104
8109,2,2502,HOH,H1,H,1.007947,0.4242243450515,1.0,0.0
8110,2,2502,HOH,H2,H,1.007947,0.4242243450515,1.0,0.0
8111,2,2503,HOH,O,O,15.99943,-0.848448690103,0.317796456355,0.652143528104
8112,2,2503,HOH,H1,H,1.007947,0.4242243450515,1.0,0.0
8113,2,2503,HOH,H2,H,1.007947,0.4242243450515,1.0,0.0
8114,2,2504,HOH,O,O,15.99943,-0.848448690103,0.317796456355,0.652143528104
8115,2,2504,HOH,H1,H,1.007947,0.4242243450515,1.0,0.0
8116,2,2504,HOH,H2,H,1.007947,0.4242243450515,1.0,0.0
8117,2,2505,HOH,O,O,15.99943,-0.848448690103,0.317796456355,0.652143528104
8118,2,2505,HOH,H1,H,1.007947,0.4242243450515,1.0,0.0
8119,2,2505,HOH,H2,H,1.007947,0.4242243450515,1.0,0.0
8120,2,2506,HOH,O,O,15.99943,-0.848448690103,0.317796456355,0.652143528104
8121,2,2506,HOH,H1,H,1.007947,0.4242243450515,1.0,0.0
8122,2,2506,HOH,H2,H,1.007947,0.4242243450515,1.0,0.0
8123,2,2507,HOH,O,O,15.99943,-0.848448690103,0.317796456355,0.652143528104
8124,2,2507,HOH,H1,H,1.007947,0.4242243450515,1.0,0.0
8125,2,2507,HOH,H2,H,1.007947,0.4242243450515,1.0,0.0
8126,2,2508,HOH,O,O,15.99943,-0.848448690103,0.317796456355,0.652143528104
8127,2,2508,HOH,H1,H,1.007947,0.4242243450515,1.0,0.0
8128,2,2508,HOH,H2,H,1.007947,0.4242243450515,1.0,0.0
8129,2,2509,HOH,O,O,15.99943,-0.848448690103,0.317796456355,0.652143528104
8130,2,2509,HOH,H1,H,1.007947,0.4242243450515,1.0,0.0
8131,2,2509,HOH,H2,H,1.007947,0.4242243450515,1.0,0.0
8132,2,2510,HOH,O,O,15.99943,-0.848448690103,0.317796456355,0.652143528104
8133,2,2510,HOH,H1,H,1.007947,0.4242243450515,1.0,0.0
8134,2,2510,HOH,H2,H,1.007947,0.4242243450515,1.0,0.0
8135,2,2511,HOH,O,O,15.99943,-0.848448690103,0.317796456355,0.652143528104
8136,2,2511,HOH,H1,H,1.007947,0.4242243450515,1.0,0.0
8137,2,2511,HOH,H2,H,1.007947,0.4242243450515,1.0,0.0
8138,2,2512,HOH,O,O,15.99943,-0.848448690103,0.317796456355,0.652143528104
8139,2,2512,HOH,H1,H,1.007947,0.4242243450515,1.0,0.0
8140,2,2512,HOH,H2,H,1.007947,0.4242243450515,1.0,0.0
8141,2,2513,HOH,O,O,15.99943,-0.848448690103,0.317796456355,0.652143528104
8142,2,2513,HOH,H1,H,1.007947,0.4242243450515,1.0,0.0
8143,2,2513,HOH,H2,H,1.007947,0.4242243450515,1.0,0.0
8144,2,2514,HOH,O,O,15.99943,-0.848448690103,0.317796456355,0.652143528104
8145,2,2514,HOH,H1,H,1.007947,0.4242243450515,1.0,0.0
8146,2,2514,HOH,H2,H,1.007947,0.4242243450515,1.0,0.0
8147,2,2515,HOH,O,O,15.99943,-0.848448690103,0.317796456355,0.652143528104
8148,2,2515,HOH,H1,H,1.007947,0.4242243450515,1.0,0.0
8149,2,2515,HOH,H2,H,1.007947,0.4242243450515,1.0,0.0
8150,2,2516,HOH,O,O,15.99943,-0.848448690103,0.317796456355,0.652143528104
8151,2,2516,HOH,H1,H,1.007947,0.4242243450515,1.0,0.0
8152,2,2516,HOH,H2,H,1.007947,0.4242243450515,1.0,0.0
8153,2,2517,HOH,O,O,15.99943,-0.848448690103,0.317796456355,0.652143528104
8154,2,2517,HOH,H1,H,1.007947,0.4242243450515,1.0,0.0
8155,2,2517,HOH,H2,H,1.007947,0.4242243450515,1.0,0.0
8156,2,2518,HOH,O,O,15.99943,-0.848448690103,0.317796456355,0.652143528104
8157,2,2518,HOH,H1,H,1.007947,0.4242243450515,1.0,0.0
8158,2,2518,HOH,H2,H,1.007947,0.4242243450515,1.0,0.0
8159,2,2519,HOH,O,O,15.99943,-0.848448690103,0.317796456355,0.652143528104
8160,2,2519,HOH,H1,H,1.007947,0.4242243450515,1.0,0.0
8161,2,2519,HOH,H2,H,1.007947,0.4242243450515,1.0,0.0
8162,2,2520,HOH,O,O,15.99943,-0.848448690103,0.317796456355,0.652143528104
8163,2,2520,HOH,H1,H,1.007947,0.4242243450515,1.0,0.0
8164,2,2520,HOH,H2,H,1.007947,0.4242243450515,1.0,0.0
8165,2,2521,HOH,O,O,15.99943,-0.848448690103,0.317796456355,0.652143528104
8166,2,2521,HOH,H1,H,1.007947,0.4242243450515,1.0,0.0
8167,2,2521,HOH,H2,H,1.007947,0.4242243450515,1.0,0.0
8168,2,2522,HOH,O,O,15.99943,-0.848448690103,0.317796456355,0.652143528104
8169,2,2522,HOH,H1,H,1.007947,0.4242243450515,1.0,0.0
8170,2,2522,HOH,H2,H,1.007947,0.4242243450515,1.0,0.0
8171,2,2523,HOH,O,O,15.99943,-0.848448690103,0.317796456355,0.652143528104
8172,2,2523,HOH,H1,H,1.007947,0.4242243450515,1.0,0.0
8173,2,2523,HOH,H2,H,1.007947,0.4242243450515,1.0,0.0
8174,2,2524,HOH,O,O,15.99943,-0.848448690103,0.317796456355,0.652143528104
8175,2,2524,HOH,H1,H,1.007947,0.4242243450515,1.0,0.0
8176,2,2524,HOH,H2,H,1.007947,0.4242243450515,1.0,0.0
8177,2,2525,HOH,O,O,15.99943,-0.848448690103,0.317796456355,0.652143528104
8178,2,2525,HOH,H1,H,1.007947,0.4242243450515,1.0,0.0
8179,2,2525,HOH,H2,H,1.007947,0.4242243450515,1.0,0.0
8180,2,2526,HOH,O,O,15.99943,-0.848448690103,0.317796456355,0.652143528104
8181,2,2526,HOH,H1,H,1.007947,0.4242243450515,1.0,0.0
8182,2,2526,HOH,H2,H,1.007947,0.4242243450515,1.0,0.0
8183,2,2527,HOH,O,O,15.99943,-0.848448690103,0.317796456355,0.652143528104
8184,2,2527,HOH,H1,H,1.007947,0.4242243450515,1.0,0.0
8185,2,2527,HOH,H2,H,1.007947,0.4242243450515,1.0,0.0
8186,2,2528,HOH,O,O,15.99943,-0.848448690103,0.317796456355,0.652143528104
8187,2,2528,HOH,H1,H,1.007947,0.4242243450515,1.0,0.0
8188,2,2528,HOH,H2,H,1.007947,0.4242243450515,1.0,0.0
8189,2,2529,HOH,O,O,15.99943,-0.848448690103,0.317796456355,0.652143528104
8190,2,2529,HOH,H1,H,1.007947,0.4242243450515,1.0,0.0
8191,2,2529,HOH,H2,H,1.007947,0.4242243450515,1.0,0.0
8192,2,2530,HOH,O,O,15.99943,-0.848448690103,0.317796456355,0.652143528104
8193,2,2530,HOH,H1,H,1.007947,0.4242243450515,1.0,0.0
8194,2,2530,HOH,H2,H,1.007947,0.4242243450515,1.0,0.0
8195,2,2531,HOH,O,O,15.99943,-0.848448690103,0.317796456355,0.652143528104
8196,2,2531,HOH,H1,H,1.007947,0.4242243450515,1.0,0.0
8197,2,2531,HOH,H2,H,1.007947,0.4242243450515,1.0,0.0
8198,2,2532,HOH,O,O,15.99943,-0.848448690103,0.317796456355,0.652143528104
8199,2,2532,HOH,H1,H,1.007947,0.4242243450515,1.0,0.0
8200,2,2532,HOH,H2,H,1.007947,0.4242243450515,1.0,0.0
8201,2,2533,HOH,O,O,15.99943,-0.848448690103,0.317796456355,0.652143528104
8202,2,2533,HOH,H1,H,1.007947,0.4242243450515,1.0,0.0
8203,2,2533,HOH,H2,H,1.007947,0.4242243450515,1.0,0.0
8204,2,2534,HOH,O,O,15.99943,-0.848448690103,0.317796456355,0.652143528104
8205,2,2534,HOH,H1,H,1.007947,0.4242243450515,1.0,0.0
8206,2,2534,HOH,H2,H,1.007947,0.4242243450515,1.0,0.0
8207,2,2535,HOH,O,O,15.99943,-0.848448690103,0.317796456355,0.652143528104
8208,2,2535,HOH,H1,H,1.007947,0.4242243450515,1.0,0.0
8209,2,2535,HOH,H2,H,1.007947,0.4242243450515,1.0,0.0
8210,2,2536,HOH,O,O,15.99943,-0.848448690103,0.317796456355,0.652143528104
8211,2,2536,HOH,H1,H,1.007947,0.4242243450515,1.0,0.0
8212,2,2536,HOH,H2,H,1.007947,0.4242243450515,1.0,0.0
8213,2,2537,HOH,O,O,15.99943,-0.848448690103,0.317796456355,0.652143528104
8214,2,2537,HOH,H1,H,1.007947,0.4242243450515,1.0,0.0
8215,2,2537,HOH,H2,H,1.007947,0.4242243450515,1.0,0.0
8216,2,2538,HOH,O,O,15.99943,-0.848448690103,0.317796456355,0.652143528104
8217,2,2538,HOH,H1,H,1.007947,0.4242243450515,1.0,0.0
8218,2,2538,HOH,H2,H,1.007947,0.4242243450515,1.0,0.0
8219,2,2539,HOH,O,O,15.99943,-0.848448690103,0.317796456355,0.652143528104
8220,2,2539,HOH,H1,H,1.007947,0.4242243450515,1.0,0.0
8221,2,2539,HOH,H2,H,1.007947,0.4242243450515,1.0,0.0
8222,2,2540,HOH,O,O,15.99943,-0.848448690103,0.317796456355,0.652143528104
8223,2,2540,HOH,H1,H,1.007947,0.4242243450515,1.0,0.0
8224,2,2540,HOH,H2,H,1.007947,0.4242243450515,1.0,0.0
8225,2,2541,HOH,O,O,15.99943,-0.848448690103,0.317796456355,0.652143528104
8226,2,2541,HOH,H1,H,1.007947,0.4242243450515,1.0,0.0
8227,2,2541,HOH,H2,H,1.007947,0.4242243450515,1.0,0.0
8228,2,2542,HOH,O,O,15.99943,-0.848448690103,0.317796456355,0.652143528104
8229,2,2542,HOH,H1,H,1.007947,0.4242243450515,1.0,0.0
8230,2,2542,HOH,H2,H,1.007947,0.4242243450515,1.0,0.0
8231,2,2543,HOH,O,O,15.99943,-0.848448690103,0.317796456355,0.652143528104
8232,2,2543,HOH,H1,H,1.007947,0.4242243450515,1.0,0.0
8233,2,2543,HOH,H2,H,1.007947,0.4242243450515,1.0,0.0
8234,2,2544,HOH,O,O,15.99943,-0.848448690103,0.317796456355,0.652143528104
8235,2,2544,HOH,H1,H,1.007947,0.4242243450515,1.0,0.0
8236,2,2544,HOH,H2,H,1.007947,0.4242243450515,1.0,0.0
8237,2,2545,HOH,O,O,15.99943,-0.848448690103,0.317796456355,0.652143528104
8238,2,2545,HOH,H1,H,1.007947,0.4242243450515,1.0,0.0
8239,2,2545,HOH,H2,H,1.007947,0.4242243450515,1.0,0.0
8240,2,2546,HOH,O,O,15.99943,-0.848448690103,0.317796456355,0.652143528104
8241,2,2546,HOH,H1,H,1.007947,0.4242243450515,1.0,0.0
8242,2,2546,HOH,H2,H,1.007947,0.4242243450515,1.0,0.0
8243,2,2547,HOH,O,O,15.99943,-0.848448690103,0.317796456355,0.652143528104
8244,2,2547,HOH,H1,H,1.007947,0.4242243450515,1.0,0.0
8245,2,2547,HOH,H2,H,1.007947,0.4242243450515,1.0,0.0
8246,2,2548,HOH,O,O,15.99943,-0.848448690103,0.317796456355,0.652143528104
8247,2,2548,HOH,H1,H,1.007947,0.4242243450515,1.0,0.0
8248,2,2548,HOH,H2,H,1.007947,0.4242243450515,1.0,0.0
8249,2,2549,HOH,O,O,15.99943,-0.848448690103,0.317796456355,0.652143528104
8250,2,2549,HOH,H1,H,1.007947,0.4242243450515,1.0,0.0
8251,2,2549,HOH,H2,H,1.007947,0.4242243450515,1.0,0.0
8252,2,2550,HOH,O,O,15.99943,-0.848448690103,0.317796456355,0.652143528104
8253,2,2550,HOH,H1,H,1.007947,0.4242243450515,1.0,0.0
8254,2,2550,HOH,H2,H,1.007947,0.4242243450515,1.0,0.0
8255,2,2551,HOH,O,O,15.99943,-0.848448690103,0.317796456355,0.652143528104
8256,2,2551,HOH,H1,H,1.007947,0.4242243450515,1.0,0.0
8257,2,2551,HOH,H2,H,1.007947,0.4242243450515,1.0,0.0
8258,2,2552,HOH,O,O,15.99943,-0.848448690103,0.317796456355,0.652143528104
8259,2,2552,HOH,H1,H,1.007947,0.4242243450515,1.0,0.0
8260,2,2552,HOH,H2,H,1.007947,0.4242243450515,1.0,0.0
8261,2,2553,HOH,O,O,15.99943,-0.848448690103,0.317796456355,0.652143528104
8262,2,2553,HOH,H1,H,1.007947,0.4242243450515,1.0,0.0
8263,2,2553,HOH,H2,H,1.007947,0.4242243450515,1.0,0.0
8264,2,2554,HOH,O,O,15.99943,-0.848448690103,0.317796456355,0.652143528104
8265,2,2554,HOH,H1,H,1.007947,0.4242243450515,1.0,0.0
8266,2,2554,HOH,H2,H,1.007947,0.4242243450515,1.0,0.0
8267,2,2555,HOH,O,O,15.99943,-0.848448690103,0.317796456355,0.652143528104
8268,2,2555,HOH,H1,H,1.007947,0.4242243450515,1.0,0.0
8269,2,2555,HOH,H2,H,1.007947,0.4242243450515,1.0,0.0
8270,2,2556,HOH,O,O,15.99943,-0.848448690103,0.317796456355,0.652143528104
8271,2,2556,HOH,H1,H,1.007947,0.4242243450515,1.0,0.0
8272,2,2556,HOH,H2,H,1.007947,0.4242243450515,1.0,0.0
8273,2,2557,HOH,O,O,15.99943,-0.848448690103,0.317796456355,0.652143528104
8274,2,2557,HOH,H1,H,1.007947,0.4242243450515,1.0,0.0
8275,2,2557,HOH,H2,H,1.007947,0.4242243450515,1.0,0.0
8276,2,2558,HOH,O,O,15.99943,-0.848448690103,0.317796456355,0.652143528104
8277,2,2558,HOH,H1,H,1.007947,0.4242243450515,1.0,0.0
8278,2,2558,HOH,H2,H,1.007947,0.4242243450515,1.0,0.0
8279,2,2559,HOH,O,O,15.99943,-0.848448690103,0.317796456355,0.652143528104
8280,2,2559,HOH,H1,H,1.007947,0.4242243450515,1.0,0.0
8281,2,2559,HOH,H2,H,1.007947,0.4242243450515,1.0,0.0
8282,2,2560,HOH,O,O,15.99943,-0.848448690103,0.317796456355,0.652143528104
8283,2,2560,HOH,H1,H,1.007947,0.4242243450515,1.0,0.0
8284,2,2560,HOH,H2,H,1.007947,0.4242243450515,1.0,0.0
8285,2,2561,HOH,O,O,15.99943,-0.848448690103,0.317796456355,0.652143528104
8286,2,2561,HOH,H1,H,1.007947,0.4242243450515,1.0,0.0
8287,2,2561,HOH,H2,H,1.007947,0.4242243450515,1.0,0.0
8288,2,2562,HOH,O,O,15.99943,-0.848448690103,0.317796456355,0.652143528104
8289,2,2562,HOH,H1,H,1.007947,0.4242243450515,1.0,0.0
8290,2,2562,HOH,H2,H,1.007947,0.4242243450515,1.0,0.0
8291,2,2563,HOH,O,O,15.99943,-0.848448690103,0.317796456355,0.652143528104
8292,2,2563,HOH,H1,H,1.007947,0.4242243450515,1.0,0.0
8293,2,2563,HOH,H2,H,1.007947,0.4242243450515,1.0,0.0
8294,2,2564,HOH,O,O,15.99943,-0.848448690103,0.317796456355,0.652143528104
8295,2,2564,HOH,H1,H,1.007947,0.4242243450515,1.0,0.0
8296,2,2564,HOH,H2,H,1.007947,0.4242243450515,1.0,0.0
8297,2,2565,HOH,O,O,15.99943,-0.848448690103,0.317796456355,0.652143528104
8298,2,2565,HOH,H1,H,1.007947,0.4242243450515,1.0,0.0
8299,2,2565,HOH,H2,H,1.007947,0.4242243450515,1.0,0.0
8300,2,2566,HOH,O,O,15.99943,-0.848448690103,0.317796456355,0.652143528104
8301,2,2566,HOH,H1,H,1.007947,0.4242243450515,1.0,0.0
8302,2,2566,HOH,H2,H,1.007947,0.4242243450515,1.0,0.0
8303,2,2567,HOH,O,O,15.99943,-0.848448690103,0.317796456355,0.652143528104
8304,2,2567,HOH,H1,H,1.007947,0.4242243450515,1.0,0.0
8305,2,2567,HOH,H2,H,1.007947,0.4242243450515,1.0,0.0
8306,2,2568,HOH,O,O,15.99943,-0.848448690103,0.317796456355,0.652143528104
8307,2,2568,HOH,H1,H,1.007947,0.4242243450515,1.0,0.0
8308,2,2568,HOH,H2,H,1.007947,0.4242243450515,1.0,0.0
8309,2,2569,HOH,O,O,15.99943,-0.848448690103,0.317796456355,0.652143528104
8310,2,2569,HOH,H1,H,1.007947,0.4242243450515,1.0,0.0
8311,2,2569,HOH,H2,H,1.007947,0.4242243450515,1.0,0.0
8312,2,2570,HOH,O,O,15.99943,-0.848448690103,0.317796456355,0.652143528104
8313,2,2570,HOH,H1,H,1.007947,0.4242243450515,1.0,0.0
8314,2,2570,HOH,H2,H,1.007947,0.4242243450515,1.0,0.0
8315,2,2571,HOH,O,O,15.99943,-0.848448690103,0.317796456355,0.652143528104
8316,2,2571,HOH,H1,H,1.007947,0.4242243450515,1.0,0.0
8317,2,2571,HOH,H2,H,1.007947,0.4242243450515,1.0,0.0
8318,2,2572,HOH,O,O,15.99943,-0.848448690103,0.317796456355,0.652143528104
8319,2,2572,HOH,H1,H,1.007947,0.4242243450515,1.0,0.0
8320,2,2572,HOH,H2,H,1.007947,0.4242243450515,1.0,0.0
8321,2,2573,HOH,O,O,15.99943,-0.848448690103,0.317796456355,0.652143528104
8322,2,2573,HOH,H1,H,1.007947,0.4242243450515,1.0,0.0
8323,2,2573,HOH,H2,H,1.007947,0.4242243450515,1.0,0.0
8324,2,2574,HOH,O,O,15.99943,-0.848448690103,0.317796456355,0.652143528104
8325,2,2574,HOH,H1,H,1.007947,0.4242243450515,1.0,0.0
8326,2,2574,HOH,H2,H,1.007947,0.4242243450515,1.0,0.0
8327,2,2575,HOH,O,O,15.99943,-0.848448690103,0.317796456355,0.652143528104
8328,2,2575,HOH,H1,H,1.007947,0.4242243450515,1.0,0.0
8329,2,2575,HOH,H2,H,1.007947,0.4242243450515,1.0,0.0
8330,2,2576,HOH,O,O,15.99943,-0.848448690103,0.317796456355,0.652143528104
8331,2,2576,HOH,H1,H,1.007947,0.4242243450515,1.0,0.0
8332,2,2576,HOH,H2,H,1.007947,0.4242243450515,1.0,0.0
8333,2,2577,HOH,O,O,15.99943,-0.848448690103,0.317796456355,0.652143528104
8334,2,2577,HOH,H1,H,1.007947,0.4242243450515,1.0,0.0
8335,2,2577,HOH,H2,H,1.007947,0.4242243450515,1.0,0.0
8336,2,2578,HOH,O,O,15.99943,-0.848448690103,0.317796456355,0.652143528104
8337,2,2578,HOH,H1,H,1.007947,0.4242243450515,1.0,0.0
8338,2,2578,HOH,H2,H,1.007947,0.4242243450515,1.0,0.0
8339,2,2579,HOH,O,O,15.99943,-0.848448690103,0.317796456355,0.652143528104
8340,2,2579,HOH,H1,H,1.007947,0.4242243450515,1.0,0.0
8341,2,2579,HOH,H2,H,1.007947,0.4242243450515,1.0,0.0
8342,2,2580,HOH,O,O,15.99943,-0.848448690103,0.317796456355,0.652143528104
8343,2,2580,HOH,H1,H,1.007947,0.4242243450515,1.0,0.0
8344,2,2580,HOH,H2,H,1.007947,0.4242243450515,1.0,0.0
8345,2,2581,HOH,O,O,15.99943,-0.848448690103,0.317796456355,0.652143528104
8346,2,2581,HOH,H1,H,1.007947,0.4242243450515,1.0,0.0
8347,2,2581,HOH,H2,H,1.007947,0.4242243450515,1.0,0.0
8348,2,2582,HOH,O,O,15.99943,-0.848448690103,0.317796456355,0.652143528104
8349,2,2582,HOH,H1,H,1.007947,0.4242243450515,1.0,0.0
8350,2,2582,HOH,H2,H,1.007947,0.4242243450515,1.0,0.0
8351,2,2583,HOH,O,O,15.99943,-0.848448690103,0.317796456355,0.652143528104
8352,2,2583,HOH,H1,H,1.007947,0.4242243450515,1.0,0.0
8353,2,2583,HOH,H2,H,1.007947,0.4242243450515,1.0,0.0
8354,2,2584,HOH,O,O,15.99943,-0.848448690103,0.317796456355,0.652143528104
8355,2,2584,HOH,H1,H,1.007947,0.4242243450515,1.0,0.0
8356,2,2584,HOH,H2,H,1.007947,0.4242243450515,1.0,0.0
8357,2,2585,HOH,O,O,15.99943,-0.848448690103,0.317796456355,0.652143528104
8358,2,2585,HOH,H1,H,1.007947,0.4242243450515,1.0,0.0
8359,2,2585,HOH,H2,H,1.007947,0.4242243450515,1.0,0.0
8360,2,2586,HOH,O,O,15.99943,-0.848448690103,0.317796456355,0.652143528104
8361,2,2586,HOH,H1,H,1.007947,0.4242243450515,1.0,0.0
8362,2,2586,HOH,H2,H,1.007947,0.4242243450515,1.0,0.0
8363,2,2587,HOH,O,O,15.99943,-0.848448690103,0.317796456355,0.652143528104
8364,2,2587,HOH,H1,H,1.007947,0.4242243450515,1.0,0.0
8365,2,2587,HOH,H2,H,1.007947,0.4242243450515,1.0,0.0
8366,2,2588,HOH,O,O,15.99943,-0.848448690103,0.317796456355,0.652143528104
8367,2,2588,HOH,H1,H,1.007947,0.4242243450515,1.0,0.0
8368,2,2588,HOH,H2,H,1.007947,0.4242243450515,1.0,0.0
8369,2,2589,HOH,O,O,15.99943,-0.848448690103,0.317796456355,0.652143528104
8370,2,2589,HOH,H1,H,1.007947,0.4242243450515,1.0,0.0
8371,2,2589,HOH,H2,H,1.007947,0.4242243450515,1.0,0.0
8372,2,2590,HOH,O,O,15.99943,-0.848448690103,0.317796456355,0.652143528104
8373,2,2590,HOH,H1,H,1.007947,0.4242243450515,1.0,0.0
8374,2,2590,HOH,H2,H,1.007947,0.4242243450515,1.0,0.0
8375,2,2591,HOH,O,O,15.99943,-0.848448690103,0.317796456355,0.652143528104
8376,2,2591,HOH,H1,H,1.007947,0.4242243450515,1.0,0.0
8377,2,2591,HOH,H2,H,1.007947,0.4242243450515,1.0,0.0
8378,2,2592,HOH,O,O,15.99943,-0.848448690103,0.317796456355,0.652143528104
8379,2,2592,HOH,H1,H,1.007947,0.4242243450515,1.0,0.0
8380,2,2592,HOH,H2,H,1.007947,0.4242243450515,1.0,0.0
8381,2,2593,HOH,O,O,15.99943,-0.848448690103,0.317796456355,0.652143528104
8382,2,2593,HOH,H1,H,1.007947,0.4242243450515,1.0,0.0
8383,2,2593,HOH,H2,H,1.007947,0.4242243450515,1.0,0.0
8384,2,2594,HOH,O,O,15.99943,-0.848448690103,0.317796456355,0.652143528104
8385,2,2594,HOH,H1,H,1.007947,0.4242243450515,1.0,0.0
8386,2,2594,HOH,H2,H,1.007947,0.4242243450515,1.0,0.0
8387,2,2595,HOH,O,O,15.99943,-0.848448690103,0.317796456355,0.652143528104
8388,2,2595,HOH,H1,H,1.007947,0.4242243450515,1.0,0.0
8389,2,2595,HOH,H2,H,1.007947,0.4242243450515,1.0,0.0
8390,2,2596,HOH,O,O,15.99943,-0.848448690103,0.317796456355,0.652143528104
8391,2,2596,HOH,H1,H,1.007947,0.4242243450515,1.0,0.0
8392,2,2596,HOH,H2,H,1.007947,0.4242243450515,1.0,0.0
8393,2,2597,HOH,O,O,15.99943,-0.848448690103,0.317796456355,0.652143528104
8394,2,2597,HOH,H1,H,1.007947,0.4242243450515,1.0,0.0
8395,2,2597,HOH,H2,H,1.007947,0.4242243450515,1.0,0.0
8396,2,2598,HOH,O,O,15.99943,-0.848448690103,0.317796456355,0.652143528104
8397,2,2598,HOH,H1,H,1.007947,0.4242243450515,1.0,0.0
8398,2,2598,HOH,H2,H,1.007947,0.4242243450515,1.0,0.0
8399,2,2599,HOH,O,O,15.99943,-0.848448690103,0.317796456355,0.652143528104
8400,2,2599,HOH,H1,H,1.007947,0.4242243450515,1.0,0.0
8401,2,2599,HOH,H2,H,1.007947,0.4242243450515,1.0,0.0
8402,2,2600,HOH,O,O,15.99943,-0.848448690103,0.317796456355,0.652143528104
8403,2,2600,HOH,H1,H,1.007947,0.4242243450515,1.0,0.0
8404,2,2600,HOH,H2,H,1.007947,0.4242243450515,1.0,0.0
8405,2,2601,HOH,O,O,15.99943,-0.848448690103,0.317796456355,0.652143528104
8406,2,2601,HOH,H1,H,1.007947,0.4242243450515,1.0,0.0
8407,2,2601,HOH,H2,H,1.007947,0.4242243450515,1.0,0.0
8408,2,2602,HOH,O,O,15.99943,-0.848448690103,0.317796456355,0.652143528104
8409,2,2602,HOH,H1,H,1.007947,0.4242243450515,1.0,0.0
8410,2,2602,HOH,H2,H,1.007947,0.4242243450515,1.0,0.0
8411,2,2603,HOH,O,O,15.99943,-0.848448690103,0.317796456355,0.652143528104
8412,2,2603,HOH,H1,H,1.007947,0.4242243450515,1.0,0.0
8413,2,2603,HOH,H2,H,1.007947,0.4242243450515,1.0,0.0
8414,2,2604,HOH,O,O,15.99943,-0.848448690103,0.317796456355,0.652143528104
8415,2,2604,HOH,H1,H,1.007947,0.4242243450515,1.0,0.0
8416,2,2604,HOH,H2,H,1.007947,0.4242243450515,1.0,0.0
8417,2,2605,HOH,O,O,15.99943,-0.848448690103,0.317796456355,0.652143528104
8418,2,2605,HOH,H1,H,1.007947,0.4242243450515,1.0,0.0
8419,2,2605,HOH,H2,H,1.007947,0.4242243450515,1.0,0.0
8420,2,2606,HOH,O,O,15.99943,-0.848448690103,0.317796456355,0.652143528104
8421,2,2606,HOH,H1,H,1.007947,0.4242243450515,1.0,0.0
8422,2,2606,HOH,H2,H,1.007947,0.4242243450515,1.0,0.0
8423,2,2607,HOH,O,O,15.99943,-0.848448690103,0.317796456355,0.652143528104
8424,2,2607,HOH,H1,H,1.007947,0.4242243450515,1.0,0.0
8425,2,2607,HOH,H2,H,1.007947,0.4242243450515,1.0,0.0
8426,2,2608,HOH,O,O,15.99943,-0.848448690103,0.317796456355,0.652143528104
8427,2,2608,HOH,H1,H,1.007947,0.4242243450515,1.0,0.0
8428,2,2608,HOH,H2,H,1.007947,0.4242243450515,1.0,0.0
8429,2,2609,HOH,O,O,15.99943,-0.848448690103,0.317796456355,0.652143528104
8430,2,2609,HOH,H1,H,1.007947,0.4242243450515,1.0,0.0
8431,2,2609,HOH,H2,H,1.007947,0.4242243450515,1.0,0.0
8432,2,2610,HOH,O,O,15.99943,-0.848448690103,0.317796456355,0.652143528104
8433,2,2610,HOH,H1,H,1.007947,0.4242243450515,1.0,0.0
8434,2,2610,HOH,H2,H,1.007947,0.4242243450515,1.0,0.0
8435,2,2611,HOH,O,O,15.99943,-0.848448690103,0.317796456355,0.652143528104
8436,2,2611,HOH,H1,H,1.007947,0.4242243450515,1.0,0.0
8437,2,2611,HOH,H2,H,1.007947,0.4242243450515,1.0,0.0
8438,2,2612,HOH,O,O,15.99943,-0.848448690103,0.317796456355,0.652143528104
8439,2,2612,HOH,H1,H,1.007947,0.4242243450515,1.0,0.0
8440,2,2612,HOH,H2,H,1.007947,0.4242243450515,1.0,0.0
8441,2,2613,HOH,O,O,15.99943,-0.848448690103,0.317796456355,0.652143528104
8442,2,2613,HOH,H1,H,1.007947,0.4242243450515,1.0,0.0
8443,2,2613,HOH,H2,H,1.007947,0.4242243450515,1.0,0.0
8444,2,2614,HOH,O,O,15.99943,-0.848448690103,0.317796456355,0.652143528104
8445,2,2614,HOH,H1,H,1.007947,0.4242243450515,1.0,0.0
8446,2,2614,HOH,H2,H,1.007947,0.4242243450515,1.0,0.0
8447,2,2615,HOH,O,O,15.99943,-0.848448690103,0.317796456355,0.652143528104
8448,2,2615,HOH,H1,H,1.007947,0.4242243450515,1.0,0.0
8449,2,2615,HOH,H2,H,1.007947,0.4242243450515,1.0,0.0
8450,2,2616,HOH,O,O,15.99943,-0.848448690103,0.317796456355,0.652143528104
8451,2,2616,HOH,H1,H,1.007947,0.4242243450515,1.0,0.0
8452,2,2616,HOH,H2,H,1.007947,0.4242243450515,1.0,0.0
8453,2,2617,HOH,O,O,15.99943,-0.848448690103,0.317796456355,0.652143528104
8454,2,2617,HOH,H1,H,1.007947,0.4242243450515,1.0,0.0
8455,2,2617,HOH,H2,H,1.007947,0.4242243450515,1.0,0.0
8456,2,2618,HOH,O,O,15.99943,-0.848448690103,0.317796456355,0.652143528104
8457,2,2618,HOH,H1,H,1.007947,0.4242243450515,1.0,0.0
8458,2,2618,HOH,H2,H,1.007947,0.4242243450515,1.0,0.0
8459,2,2619,HOH,O,O,15.99943,-0.848448690103,0.317796456355,0.652143528104
8460,2,2619,HOH,H1,H,1.007947,0.4242243450515,1.0,0.0
8461,2,2619,HOH,H2,H,1.007947,0.4242243450515,1.0,0.0
8462,2,2620,HOH,O,O,15.99943,-0.848448690103,0.317796456355,0.652143528104
8463,2,2620,HOH,H1,H,1.007947,0.4242243450515,1.0,0.0
8464,2,2620,HOH,H2,H,1.007947,0.4242243450515,1.0,0.0
8465,2,2621,HOH,O,O,15.99943,-0.848448690103,0.317796456355,0.652143528104
8466,2,2621,HOH,H1,H,1.007947,0.4242243450515,1.0,0.0
8467,2,2621,HOH,H2,H,1.007947,0.4242243450515,1.0,0.0
8468,2,2622,HOH,O,O,15.99943,-0.848448690103,0.317796456355,0.652143528104
8469,2,2622,HOH,H1,H,1.007947,0.4242243450515,1.0,0.0
8470,2,2622,HOH,H2,H,1.007947,0.4242243450515,1.0,0.0
8471,2,2623,HOH,O,O,15.99943,-0.848448690103,0.317796456355,0.652143528104
8472,2,2623,HOH,H1,H,1.007947,0.4242243450515,1.0,0.0
8473,2,2623,HOH,H2,H,1.007947,0.4242243450515,1.0,0.0
8474,2,2625,HOH,O,O,15.99943,-0.848448690103,0.317796456355,0.652143528104
8475,2,2625,HOH,H1,H,1.007947,0.4242243450515,1.0,0.0
8476,2,2625,HOH,H2,H,1.007947,0.4242243450515,1.0,0.0
8477,2,2626,HOH,O,O,15.99943,-0.848448690103,0.317796456355,0.652143528104
8478,2,2626,HOH,H1,H,1.007947,0.4242243450515,1.0,0.0
8479,2,2626,HOH,H2,H,1.007947,0.4242243450515,1.0,0.0
8480,2,2627,HOH,O,O,15.99943,-0.848448690103,0.317796456355,0.652143528104
8481,2,2627,HOH,H1,H,1.007947,0.4242243450515,1.0,0.0
8482,2,2627,HOH,H2,H,1.007947,0.4242243450515,1.0,0.0
8483,2,2628,HOH,O,O,15.99943,-0.848448690103,0.317796456355,0.652143528104
8484,2,2628,HOH,H1,H,1.007947,0.4242243450515,1.0,0.0
8485,2,2628,HOH,H2,H,1.007947,0.4242243450515,1.0,0.0
8486,2,2629,HOH,O,O,15.99943,-0.848448690103,0.317796456355,0.652143528104
8487,2,2629,HOH,H1,H,1.007947,0.4242243450515,1.0,0.0
8488,2,2629,HOH,H2,H,1.007947,0.4242243450515,1.0,0.0
8489,2,2630,HOH,O,O,15.99943,-0.848448690103,0.317796456355,0.652143528104
8490,2,2630,HOH,H1,H,1.007947,0.4242243450515,1.0,0.0
8491,2,2630,HOH,H2,H,1.007947,0.4242243450515,1.0,0.0
8492,2,2631,HOH,O,O,15.99943,-0.848448690103,0.317796456355,0.652143528104
8493,2,2631,HOH,H1,H,1.007947,0.4242243450515,1.0,0.0
8494,2,2631,HOH,H2,H,1.007947,0.4242243450515,1.0,0.0
8495,2,2632,HOH,O,O,15.99943,-0.848448690103,0.317796456355,0.652143528104
8496,2,2632,HOH,H1,H,1.007947,0.4242243450515,1.0,0.0
8497,2,2632,HOH,H2,H,1.007947,0.4242243450515,1.0,0.0
8498,2,2633,HOH,O,O,15.99943,-0.848448690103,0.317796456355,0.652143528104
8499,2,2633,HOH,H1,H,1.007947,0.4242243450515,1.0,0.0
8500,2,2633,HOH,H2,H,1.007947,0.4242243450515,1.0,0.0
8501,2,2634,HOH,O,O,15.99943,-0.848448690103,0.317796456355,0.652143528104
8502,2,2634,HOH,H1,H,1.007947,0.4242243450515,1.0,0.0
8503,2,2634,HOH,H2,H,1.007947,0.4242243450515,1.0,0.0
8504,2,2635,HOH,O,O,15.99943,-0.848448690103,0.317796456355,0.652143528104
8505,2,2635,HOH,H1,H,1.007947,0.4242243450515,1.0,0.0
8506,2,2635,HOH,H2,H,1.007947,0.4242243450515,1.0,0.0
8507,2,2636,HOH,O,O,15.99943,-0.848448690103,0.317796456355,0.652143528104
8508,2,2636,HOH,H1,H,1.007947,0.4242243450515,1.0,0.0
8509,2,2636,HOH,H2,H,1.007947,0.4242243450515,1.0,0.0
8510,2,2637,HOH,O,O,15.99943,-0.848448690103,0.317796456355,0.652143528104
8511,2,2637,HOH,H1,H,1.007947,0.4242243450515,1.0,0.0
8512,2,2637,HOH,H2,H,1.007947,0.4242243450515,1.0,0.0
8513,2,2638,HOH,O,O,15.99943,-0.848448690103,0.317796456355,0.652143528104
8514,2,2638,HOH,H1,H,1.007947,0.4242243450515,1.0,0.0
8515,2,2638,HOH,H2,H,1.007947,0.4242243450515,1.0,0.0
8516,2,2639,HOH,O,O,15.99943,-0.848448690103,0.317796456355,0.652143528104
8517,2,2639,HOH,H1,H,1.007947,0.4242243450515,1.0,0.0
8518,2,2639,HOH,H2,H,1.007947,0.4242243450515,1.0,0.0
8519,2,2640,HOH,O,O,15.99943,-0.848448690103,0.317796456355,0.652143528104
8520,2,2640,HOH,H1,H,1.007947,0.4242243450515,1.0,0.0
8521,2,2640,HOH,H2,H,1.007947,0.4242243450515,1.0,0.0
8522,2,2641,HOH,O,O,15.99943,-0.848448690103,0.317796456355,0.652143528104
8523,2,2641,HOH,H1,H,1.007947,0.4242243450515,1.0,0.0
8524,2,2641,HOH,H2,H,1.007947,0.4242243450515,1.0,0.0
8525,2,2642,HOH,O,O,15.99943,-0.848448690103,0.317796456355,0.652143528104
8526,2,2642,HOH,H1,H,1.007947,0.4242243450515,1.0,0.0
8527,2,2642,HOH,H2,H,1.007947,0.4242243450515,1.0,0.0
8528,2,2643,HOH,O,O,15.99943,-0.848448690103,0.317796456355,0.652143528104
8529,2,2643,HOH,H1,H,1.007947,0.4242243450515,1.0,0.0
8530,2,2643,HOH,H2,H,1.007947,0.4242243450515,1.0,0.0
8531,2,2644,HOH,O,O,15.99943,-0.848448690103,0.317796456355,0.652143528104
8532,2,2644,HOH,H1,H,1.007947,0.4242243450515,1.0,0.0
8533,2,2644,HOH,H2,H,1.007947,0.4242243450515,1.0,0.0
8534,2,2645,HOH,O,O,15.99943,-0.848448690103,0.317796456355,0.652143528104
8535,2,2645,HOH,H1,H,1.007947,0.4242243450515,1.0,0.0
8536,2,2645,HOH,H2,H,1.007947,0.4242243450515,1.0,0.0
8537,2,2646,HOH,O,O,15.99943,-0.848448690103,0.317796456355,0.652143528104
8538,2,2646,HOH,H1,H,1.007947,0.4242243450515,1.0,0.0
8539,2,2646,HOH,H2,H,1.007947,0.4242243450515,1.0,0.0
8540,2,2647,HOH,O,O,15.99943,-0.848448690103,0.317796456355,0.652143528104
8541,2,2647,HOH,H1,H,1.007947,0.4242243450515,1.0,0.0
8542,2,2647,HOH,H2,H,1.007947,0.4242243450515,1.0,0.0
8543,2,2648,HOH,O,O,15.99943,-0.848448690103,0.317796456355,0.652143528104
8544,2,2648,HOH,H1,H,1.007947,0.4242243450515,1.0,0.0
8545,2,2648,HOH,H2,H,1.007947,0.4242243450515,1.0,0.0
8546,2,2649,HOH,O,O,15.99943,-0.848448690103,0.317796456355,0.652143528104
8547,2,2649,HOH,H1,H,1.007947,0.4242243450515,1.0,0.0
8548,2,2649,HOH,H2,H,1.007947,0.4242243450515,1.0,0.0
8549,2,2650,HOH,O,O,15.99943,-0.848448690103,0.317796456355,0.652143528104
8550,2,2650,HOH,H1,H,1.007947,0.4242243450515,1.0,0.0
8551,2,2650,HOH,H2,H,1.007947,0.4242243450515,1.0,0.0
8552,2,2651,HOH,O,O,15.99943,-0.848448690103,0.317796456355,0.652143528104
8553,2,2651,HOH,H1,H,1.007947,0.4242243450515,1.0,0.0
8554,2,2651,HOH,H2,H,1.007947,0.4242243450515,1.0,0.0
8555,2,2652,HOH,O,O,15.99943,-0.848448690103,0.317796456355,0.652143528104
8556,2,2652,HOH,H1,H,1.007947,0.4242243450515,1.0,0.0
8557,2,2652,HOH,H2,H,1.007947,0.4242243450515,1.0,0.0
8558,2,2653,HOH,O,O,15.99943,-0.848448690103,0.317796456355,0.652143528104
8559,2,2653,HOH,H1,H,1.007947,0.4242243450515,1.0,0.0
8560,2,2653,HOH,H2,H,1.007947,0.4242243450515,1.0,0.0
8561,2,2654,HOH,O,O,15.99943,-0.848448690103,0.317796456355,0.652143528104
8562,2,2654,HOH,H1,H,1.007947,0.4242243450515,1.0,0.0
8563,2,2654,HOH,H2,H,1.007947,0.4242243450515,1.0,0.0
8564,2,2655,HOH,O,O,15.99943,-0.848448690103,0.317796456355,0.652143528104
8565,2,2655,HOH,H1,H,1.007947,0.4242243450515,1.0,0.0
8566,2,2655,HOH,H2,H,1.007947,0.4242243450515,1.0,0.0
8567,2,2656,HOH,O,O,15.99943,-0.848448690103,0.317796456355,0.652143528104
8568,2,2656,HOH,H1,H,1.007947,0.4242243450515,1.0,0.0
8569,2,2656,HOH,H2,H,1.007947,0.4242243450515,1.0,0.0
8570,2,2657,HOH,O,O,15.99943,-0.848448690103,0.317796456355,0.652143528104
8571,2,2657,HOH,H1,H,1.007947,0.4242243450515,1.0,0.0
8572,2,2657,HOH,H2,H,1.007947,0.4242243450515,1.0,0.0
8573,2,2658,HOH,O,O,15.99943,-0.848448690103,0.317796456355,0.652143528104
8574,2,2658,HOH,H1,H,1.007947,0.4242243450515,1.0,0.0
8575,2,2658,HOH,H2,H,1.007947,0.4242243450515,1.0,0.0
8576,2,2659,HOH,O,O,15.99943,-0.848448690103,0.317796456355,0.652143528104
8577,2,2659,HOH,H1,H,1.007947,0.4242243450515,1.0,0.0
8578,2,2659,HOH,H2,H,1.007947,0.4242243450515,1.0,0.0
8579,2,2660,HOH,O,O,15.99943,-0.848448690103,0.317796456355,0.652143528104
8580,2,2660,HOH,H1,H,1.007947,0.4242243450515,1.0,0.0
8581,2,2660,HOH,H2,H,1.007947,0.4242243450515,1.0,0.0
8582,2,2661,HOH,O,O,15.99943,-0.848448690103,0.317796456355,0.652143528104
8583,2,2661,HOH,H1,H,1.007947,0.4242243450515,1.0,0.0
8584,2,2661,HOH,H2,H,1.007947,0.4242243450515,1.0,0.0
8585,2,2662,HOH,O,O,15.99943,-0.848448690103,0.317796456355,0.652143528104
8586,2,2662,HOH,H1,H,1.007947,0.4242243450515,1.0,0.0
8587,2,2662,HOH,H2,H,1.007947,0.4242243450515,1.0,0.0
8588,2,2663,HOH,O,O,15.99943,-0.848448690103,0.317796456355,0.652143528104
8589,2,2663,HOH,H1,H,1.007947,0.4242243450515,1.0,0.0
8590,2,2663,HOH,H2,H,1.007947,0.4242243450515,1.0,0.0
8591,2,2664,HOH,O,O,15.99943,-0.848448690103,0.317796456355,0.652143528104
8592,2,2664,HOH,H1,H,1.007947,0.4242243450515,1.0,0.0
8593,2,2664,HOH,H2,H,1.007947,0.4242243450515,1.0,0.0
8594,2,2665,HOH,O,O,15.99943,-0.848448690103,0.317796456355,0.652143528104
8595,2,2665,HOH,H1,H,1.007947,0.4242243450515,1.0,0.0
8596,2,2665,HOH,H2,H,1.007947,0.4242243450515,1.0,0.0
8597,2,2666,HOH,O,O,15.99943,-0.848448690103,0.317796456355,0.652143528104
8598,2,2666,HOH,H1,H,1.007947,0.4242243450515,1.0,0.0
8599,2,2666,HOH,H2,H,1.007947,0.4242243450515,1.0,0.0
8600,2,2667,HOH,O,O,15.99943,-0.848448690103,0.317796456355,0.652143528104
8601,2,2667,HOH,H1,H,1.007947,0.4242243450515,1.0,0.0
8602,2,2667,HOH,H2,H,1.007947,0.4242243450515,1.0,0.0
8603,2,2668,HOH,O,O,15.99943,-0.848448690103,0.317796456355,0.652143528104
8604,2,2668,HOH,H1,H,1.007947,0.4242243450515,1.0,0.0
8605,2,2668,HOH,H2,H,1.007947,0.4242243450515,1.0,0.0
8606,2,2669,HOH,O,O,15.99943,-0.848448690103,0.317796456355,0.652143528104
8607,2,2669,HOH,H1,H,1.007947,0.4242243450515,1.0,0.0
8608,2,2669,HOH,H2,H,1.007947,0.4242243450515,1.0,0.0
8609,2,2670,HOH,O,O,15.99943,-0.848448690103,0.317796456355,0.652143528104
8610,2,2670,HOH,H1,H,1.007947,0.4242243450515,1.0,0.0
8611,2,2670,HOH,H2,H,1.007947,0.4242243450515,1.0,0.0
8612,2,2671,HOH,O,O,15.99943,-0.848448690103,0.317796456355,0.652143528104
8613,2,2671,HOH,H1,H,1.007947,0.4242243450515,1.0,0.0
8614,2,2671,HOH,H2,H,1.007947,0.4242243450515,1.0,0.0
8615,2,2672,HOH,O,O,15.99943,-0.848448690103,0.317796456355,0.652143528104
8616,2,2672,HOH,H1,H,1.007947,0.4242243450515,1.0,0.0
8617,2,2672,HOH,H2,H,1.007947,0.4242243450515,1.0,0.0
8618,2,2673,HOH,O,O,15.99943,-0.848448690103,0.317796456355,0.652143528104
8619,2,2673,HOH,H1,H,1.007947,0.4242243450515,1.0,0.0
8620,2,2673,HOH,H2,H,1.007947,0.4242243450515,1.0,0.0
8621,2,2674,HOH,O,O,15.99943,-0.848448690103,0.317796456355,0.652143528104
8622,2,2674,HOH,H1,H,1.007947,0.4242243450515,1.0,0.0
8623,2,2674,HOH,H2,H,1.007947,0.4242243450515,1.0,0.0
8624,2,2675,HOH,O,O,15.99943,-0.848448690103,0.317796456355,0.652143528104
8625,2,2675,HOH,H1,H,1.007947,0.4242243450515,1.0,0.0
8626,2,2675,HOH,H2,H,1.007947,0.4242243450515,1.0,0.0
8627,2,2676,HOH,O,O,15.99943,-0.848448690103,0.317796456355,0.652143528104
8628,2,2676,HOH,H1,H,1.007947,0.4242243450515,1.0,0.0
8629,2,2676,HOH,H2,H,1.007947,0.4242243450515,1.0,0.0
8630,2,2677,HOH,O,O,15.99943,-0.848448690103,0.317796456355,0.652143528104
8631,2,2677,HOH,H1,H,1.007947,0.4242243450515,1.0,0.0
8632,2,2677,HOH,H2,H,1.007947,0.4242243450515,1.0,0.0
8633,2,2678,HOH,O,O,15.99943,-0.848448690103,0.317796456355,0.652143528104
8634,2,2678,HOH,H1,H,1.007947,0.4242243450515,1.0,0.0
8635,2,2678,HOH,H2,H,1.007947,0.4242243450515,1.0,0.0
8636,2,2679,HOH,O,O,15.99943,-0.848448690103,0.317796456355,0.652143528104
8637,2,2679,HOH,H1,H,1.007947,0.4242243450515,1.0,0.0
8638,2,2679,HOH,H2,H,1.007947,0.4242243450515,1.0,0.0
8639,2,2680,HOH,O,O,15.99943,-0.848448690103,0.317796456355,0.652143528104
8640,2,2680,HOH,H1,H,1.007947,0.4242243450515,1.0,0.0
8641,2,2680,HOH,H2,H,1.007947,0.4242243450515,1.0,0.0
8642,2,2681,HOH,O,O,15.99943,-0.848448690103,0.317796456355,0.652143528104
8643,2,2681,HOH,H1,H,1.007947,0.4242243450515,1.0,0.0
8644,2,2681,HOH,H2,H,1.007947,0.4242243450515,1.0,0.0
8645,2,2682,HOH,O,O,15.99943,-0.848448690103,0.317796456355,0.652143528104
8646,2,2682,HOH,H1,H,1.007947,0.4242243450515,1.0,0.0
8647,2,2682,HOH,H2,H,1.007947,0.4242243450515,1.0,0.0
8648,2,2683,HOH,O,O,15.99943,-0.848448690103,0.317796456355,0.652143528104
8649,2,2683,HOH,H1,H,1.007947,0.4242243450515,1.0,0.0
8650,2,2683,HOH,H2,H,1.007947,0.4242243450515,1.0,0.0
8651,2,2684,HOH,O,O,15.99943,-0.848448690103,0.317796456355,0.652143528104
8652,2,2684,HOH,H1,H,1.007947,0.4242243450515,1.0,0.0
8653,2,2684,HOH,H2,H,1.007947,0.4242243450515,1.0,0.0
8654,2,2685,HOH,O,O,15.99943,-0.848448690103,0.317796456355,0.652143528104
8655,2,2685,HOH,H1,H,1.007947,0.4242243450515,1.0,0.0
8656,2,2685,HOH,H2,H,1.007947,0.4242243450515,1.0,0.0
8657,2,2686,HOH,O,O,15.99943,-0.848448690103,0.317796456355,0.652143528104
8658,2,2686,HOH,H1,H,1.007947,0.4242243450515,1.0,0.0
8659,2,2686,HOH,H2,H,1.007947,0.4242243450515,1.0,0.0
8660,2,2687,HOH,O,O,15.99943,-0.848448690103,0.317796456355,0.652143528104
8661,2,2687,HOH,H1,H,1.007947,0.4242243450515,1.0,0.0
8662,2,2687,HOH,H2,H,1.007947,0.4242243450515,1.0,0.0
8663,2,2688,HOH,O,O,15.99943,-0.848448690103,0.317796456355,0.652143528104
8664,2,2688,HOH,H1,H,1.007947,0.4242243450515,1.0,0.0
8665,2,2688,HOH,H2,H,1.007947,0.4242243450515,1.0,0.0
8666,2,2689,HOH,O,O,15.99943,-0.848448690103,0.317796456355,0.652143528104
8667,2,2689,HOH,H1,H,1.007947,0.4242243450515,1.0,0.0
8668,2,2689,HOH,H2,H,1.007947,0.4242243450515,1.0,0.0
8669,2,2690,HOH,O,O,15.99943,-0.848448690103,0.317796456355,0.652143528104
8670,2,2690,HOH,H1,H,1.007947,0.4242243450515,1.0,0.0
8671,2,2690,HOH,H2,H,1.007947,0.4242243450515,1.0,0.0
8672,2,2691,HOH,O,O,15.99943,-0.848448690103,0.317796456355,0.652143528104
8673,2,2691,HOH,H1,H,1.007947,0.4242243450515,1.0,0.0
8674,2,2691,HOH,H2,H,1.007947,0.4242243450515,1.0,0.0
8675,2,2692,HOH,O,O,15.99943,-0.848448690103,0.317796456355,0.652143528104
8676,2,2692,HOH,H1,H,1.007947,0.4242243450515,1.0,0.0
8677,2,2692,HOH,H2,H,1.007947,0.4242243450515,1.0,0.0
8678,2,2693,HOH,O,O,15.99943,-0.848448690103,0.317796456355,0.652143528104
8679,2,2693,HOH,H1,H,1.007947,0.4242243450515,1.0,0.0
8680,2,2693,HOH,H2,H,1.007947,0.4242243450515,1.0,0.0
8681,2,2694,HOH,O,O,15.99943,-0.848448690103,0.317796456355,0.652143528104
8682,2,2694,HOH,H1,H,1.007947,0.4242243450515,1.0,0.0
8683,2,2694,HOH,H2,H,1.007947,0.4242243450515,1.0,0.0
8684,2,2695,HOH,O,O,15.99943,-0.848448690103,0.317796456355,0.652143528104
8685,2,2695,HOH,H1,H,1.007947,0.4242243450515,1.0,0.0
8686,2,2695,HOH,H2,H,1.007947,0.4242243450515,1.0,0.0
8687,2,2696,HOH,O,O,15.99943,-0.848448690103,0.317796456355,0.652143528104
8688,2,2696,HOH,H1,H,1.007947,0.4242243450515,1.0,0.0
8689,2,2696,HOH,H2,H,1.007947,0.4242243450515,1.0,0.0
8690,2,2697,HOH,O,O,15.99943,-0.848448690103,0.317796456355,0.652143528104
8691,2,2697,HOH,H1,H,1.007947,0.4242243450515,1.0,0.0
8692,2,2697,HOH,H2,H,1.007947,0.4242243450515,1.0,0.0
8693,2,2698,HOH,O,O,15.99943,-0.848448690103,0.317796456355,0.652143528104
8694,2,2698,HOH,H1,H,1.007947,0.4242243450515,1.0,0.0
8695,2,2698,HOH,H2,H,1.007947,0.4242243450515,1.0,0.0
8696,2,2699,HOH,O,O,15.99943,-0.848448690103,0.317796456355,0.652143528104
8697,2,2699,HOH,H1,H,1.007947,0.4242243450515,1.0,0.0
8698,2,2699,HOH,H2,H,1.007947,0.4242243450515,1.0,0.0
8699,2,2700,HOH,O,O,15.99943,-0.848448690103,0.317796456355,0.652143528104
8700,2,2700,HOH,H1,H,1.007947,0.4242243450515,1.0,0.0
8701,2,2700,HOH,H2,H,1.007947,0.4242243450515,1.0,0.0
8702,2,2701,HOH,O,O,15.99943,-0.848448690103,0.317796456355,0.652143528104
8703,2,2701,HOH,H1,H,1.007947,0.4242243450515,1.0,0.0
8704,2,2701,HOH,H2,H,1.007947,0.4242243450515,1.0,0.0
8705,2,2702,HOH,O,O,15.99943,-0.848448690103,0.317796456355,0.652143528104
8706,2,2702,HOH,H1,H,1.007947,0.4242243450515,1.0,0.0
8707,2,2702,HOH,H2,H,1.007947,0.4242243450515,1.0,0.0
8708,2,2703,HOH,O,O,15.99943,-0.848448690103,0.317796456355,0.652143528104
8709,2,2703,HOH,H1,H,1.007947,0.4242243450515,1.0,0.0
8710,2,2703,HOH,H2,H,1.007947,0.4242243450515,1.0,0.0
8711,2,2704,HOH,O,O,15.99943,-0.848448690103,0.317796456355,0.652143528104
8712,2,2704,HOH,H1,H,1.007947,0.4242243450515,1.0,0.0
8713,2,2704,HOH,H2,H,1.007947,0.4242243450515,1.0,0.0
8714,2,2705,HOH,O,O,15.99943,-0.848448690103,0.317796456355,0.652143528104
8715,2,2705,HOH,H1,H,1.007947,0.4242243450515,1.0,0.0
8716,2,2705,HOH,H2,H,1.007947,0.4242243450515,1.0,0.0
8717,2,2706,HOH,O,O,15.99943,-0.848448690103,0.317796456355,0.652143528104
8718,2,2706,HOH,H1,H,1.007947,0.4242243450515,1.0,0.0
8719,2,2706,HOH,H2,H,1.007947,0.4242243450515,1.0,0.0
8720,2,2707,HOH,O,O,15.99943,-0.848448690103,0.317796456355,0.652143528104
8721,2,2707,HOH,H1,H,1.007947,0.4242243450515,1.0,0.0
8722,2,2707,HOH,H2,H,1.007947,0.4242243450515,1.0,0.0
8723,2,2708,HOH,O,O,15.99943,-0.848448690103,0.317796456355,0.652143528104
8724,2,2708,HOH,H1,H,1.007947,0.4242243450515,1.0,0.0
8725,2,2708,HOH,H2,H,1.007947,0.4242243450515,1.0,0.0
8726,2,2709,HOH,O,O,15.99943,-0.848448690103,0.317796456355,0.652143528104
8727,2,2709,HOH,H1,H,1.007947,0.4242243450515,1.0,0.0
8728,2,2709,HOH,H2,H,1.007947,0.4242243450515,1.0,0.0
8729,2,2710,HOH,O,O,15.99943,-0.848448690103,0.317796456355,0.652143528104
8730,2,2710,HOH,H1,H,1.007947,0.4242243450515,1.0,0.0
8731,2,2710,HOH,H2,H,1.007947,0.4242243450515,1.0,0.0
8732,2,2711,HOH,O,O,15.99943,-0.848448690103,0.317796456355,0.652143528104
8733,2,2711,HOH,H1,H,1.007947,0.4242243450515,1.0,0.0
8734,2,2711,HOH,H2,H,1.007947,0.4242243450515,1.0,0.0
8735,2,2712,HOH,O,O,15.99943,-0.848448690103,0.317796456355,0.652143528104
8736,2,2712,HOH,H1,H,1.007947,0.4242243450515,1.0,0.0
8737,2,2712,HOH,H2,H,1.007947,0.4242243450515,1.0,0.0
8738,2,2713,HOH,O,O,15.99943,-0.848448690103,0.317796456355,0.652143528104
8739,2,2713,HOH,H1,H,1.007947,0.4242243450515,1.0,0.0
8740,2,2713,HOH,H2,H,1.007947,0.4242243450515,1.0,0.0
8741,2,2714,HOH,O,O,15.99943,-0.848448690103,0.317796456355,0.652143528104
8742,2,2714,HOH,H1,H,1.007947,0.4242243450515,1.0,0.0
8743,2,2714,HOH,H2,H,1.007947,0.4242243450515,1.0,0.0
8744,2,2715,HOH,O,O,15.99943,-0.848448690103,0.317796456355,0.652143528104
8745,2,2715,HOH,H1,H,1.007947,0.4242243450515,1.0,0.0
8746,2,2715,HOH,H2,H,1.007947,0.4242243450515,1.0,0.0
8747,2,2716,HOH,O,O,15.99943,-0.848448690103,0.317796456355,0.652143528104
8748,2,2716,HOH,H1,H,1.007947,0.4242243450515,1.0,0.0
8749,2,2716,HOH,H2,H,1.007947,0.4242243450515,1.0,0.0
8750,2,2717,HOH,O,O,15.99943,-0.848448690103,0.317796456355,0.652143528104
8751,2,2717,HOH,H1,H,1.007947,0.4242243450515,1.0,0.0
8752,2,2717,HOH,H2,H,1.007947,0.4242243450515,1.0,0.0
8753,2,2718,HOH,O,O,15.99943,-0.848448690103,0.317796456355,0.652143528104
8754,2,2718,HOH,H1,H,1.007947,0.4242243450515,1.0,0.0
8755,2,2718,HOH,H2,H,1.007947,0.4242243450515,1.0,0.0
8756,2,2719,HOH,O,O,15.99943,-0.848448690103,0.317796456355,0.652143528104
8757,2,2719,HOH,H1,H,1.007947,0.4242243450515,1.0,0.0
8758,2,2719,HOH,H2,H,1.007947,0.4242243450515,1.0,0.0
8759,2,2720,HOH,O,O,15.99943,-0.848448690103,0.317796456355,0.652143528104
8760,2,2720,HOH,H1,H,1.007947,0.4242243450515,1.0,0.0
8761,2,2720,HOH,H2,H,1.007947,0.4242243450515,1.0,0.0
8762,2,2721,HOH,O,O,15.99943,-0.848448690103,0.317796456355,0.652143528104
8763,2,2721,HOH,H1,H,1.007947,0.4242243450515,1.0,0.0
8764,2,2721,HOH,H2,H,1.007947,0.4242243450515,1.0,0.0
8765,2,2722,HOH,O,O,15.99943,-0.848448690103,0.317796456355,0.652143528104
8766,2,2722,HOH,H1,H,1.007947,0.4242243450515,1.0,0.0
8767,2,2722,HOH,H2,H,1.007947,0.4242243450515,1.0,0.0
8768,2,2723,HOH,O,O,15.99943,-0.848448690103,0.317796456355,0.652143528104
8769,2,2723,HOH,H1,H,1.007947,0.4242243450515,1.0,0.0
8770,2,2723,HOH,H2,H,1.007947,0.4242243450515,1.0,0.0
8771,2,2724,HOH,O,O,15.99943,-0.848448690103,0.317796456355,0.652143528104
8772,2,2724,HOH,H1,H,1.007947,0.4242243450515,1.0,0.0
8773,2,2724,HOH,H2,H,1.007947,0.4242243450515,1.0,0.0
8774,2,2725,HOH,O,O,15.99943,-0.848448690103,0.317796456355,0.652143528104
8775,2,2725,HOH,H1,H,1.007947,0.4242243450515,1.0,0.0
8776,2,2725,HOH,H2,H,1.007947,0.4242243450515,1.0,0.0
8777,2,2726,HOH,O,O,15.99943,-0.848448690103,0.317796456355,0.652143528104
8778,2,2726,HOH,H1,H,1.007947,0.4242243450515,1.0,0.0
8779,2,2726,HOH,H2,H,1.007947,0.4242243450515,1.0,0.0
8780,2,2727,HOH,O,O,15.99943,-0.848448690103,0.317796456355,0.652143528104
8781,2,2727,HOH,H1,H,1.007947,0.4242243450515,1.0,0.0
8782,2,2727,HOH,H2,H,1.007947,0.4242243450515,1.0,0.0
8783,2,2728,HOH,O,O,15.99943,-0.848448690103,0.317796456355,0.652143528104
8784,2,2728,HOH,H1,H,1.007947,0.4242243450515,1.0,0.0
8785,2,2728,HOH,H2,H,1.007947,0.4242243450515,1.0,0.0
8786,2,2729,HOH,O,O,15.99943,-0.848448690103,0.317796456355,0.652143528104
8787,2,2729,HOH,H1,H,1.007947,0.4242243450515,1.0,0.0
8788,2,2729,HOH,H2,H,1.007947,0.4242243450515,1.0,0.0
8789,2,2730,HOH,O,O,15.99943,-0.848448690103,0.317796456355,0.652143528104
8790,2,2730,HOH,H1,H,1.007947,0.4242243450515,1.0,0.0
8791,2,2730,HOH,H2,H,1.007947,0.4242243450515,1.0,0.0
8792,2,2731,HOH,O,O,15.99943,-0.848448690103,0.317796456355,0.652143528104
8793,2,2731,HOH,H1,H,1.007947,0.4242243450515,1.0,0.0
8794,2,2731,HOH,H2,H,1.007947,0.4242243450515,1.0,0.0
8795,2,2732,HOH,O,O,15.99943,-0.848448690103,0.317796456355,0.652143528104
8796,2,2732,HOH,H1,H,1.007947,0.4242243450515,1.0,0.0
8797,2,2732,HOH,H2,H,1.007947,0.4242243450515,1.0,0.0
8798,2,2733,HOH,O,O,15.99943,-0.848448690103,0.317796456355,0.652143528104
8799,2,2733,HOH,H1,H,1.007947,0.4242243450515,1.0,0.0
8800,2,2733,HOH,H2,H,1.007947,0.4242243450515,1.0,0.0
8801,2,2734,HOH,O,O,15.99943,-0.848448690103,0.317796456355,0.652143528104
8802,2,2734,HOH,H1,H,1.007947,0.4242243450515,1.0,0.0
8803,2,2734,HOH,H2,H,1.007947,0.4242243450515,1.0,0.0
8804,2,2735,HOH,O,O,15.99943,-0.848448690103,0.317796456355,0.652143528104
8805,2,2735,HOH,H1,H,1.007947,0.4242243450515,1.0,0.0
8806,2,2735,HOH,H2,H,1.007947,0.4242243450515,1.0,0.0
8807,2,2736,HOH,O,O,15.99943,-0.848448690103,0.317796456355,0.652143528104
8808,2,2736,HOH,H1,H,1.007947,0.4242243450515,1.0,0.0
8809,2,2736,HOH,H2,H,1.007947,0.4242243450515,1.0,0.0
8810,2,2737,HOH,O,O,15.99943,-0.848448690103,0.317796456355,0.652143528104
8811,2,2737,HOH,H1,H,1.007947,0.4242243450515,1.0,0.0
8812,2,2737,HOH,H2,H,1.007947,0.4242243450515,1.0,0.0
8813,2,2738,HOH,O,O,15.99943,-0.848448690103,0.317796456355,0.652143528104
8814,2,2738,HOH,H1,H,1.007947,0.4242243450515,1.0,0.0
8815,2,2738,HOH,H2,H,1.007947,0.4242243450515,1.0,0.0
8816,2,2739,HOH,O,O,15.99943,-0.848448690103,0.317796456355,0.652143528104
8817,2,2739,HOH,H1,H,1.007947,0.4242243450515,1.0,0.0
8818,2,2739,HOH,H2,H,1.007947,0.4242243450515,1.0,0.0
8819,2,2740,HOH,O,O,15.99943,-0.848448690103,0.317796456355,0.652143528104
8820,2,2740,HOH,H1,H,1.007947,0.4242243450515,1.0,0.0
8821,2,2740,HOH,H2,H,1.007947,0.4242243450515,1.0,0.0
8822,2,2741,HOH,O,O,15.99943,-0.848448690103,0.317796456355,0.652143528104
8823,2,2741,HOH,H1,H,1.007947,0.4242243450515,1.0,0.0
8824,2,2741,HOH,H2,H,1.007947,0.4242243450515,1.0,0.0
8825,2,2742,HOH,O,O,15.99943,-0.848448690103,0.317796456355,0.652143528104
8826,2,2742,HOH,H1,H,1.007947,0.4242243450515,1.0,0.0
8827,2,2742,HOH,H2,H,1.007947,0.4242243450515,1.0,0.0
8828,2,2743,HOH,O,O,15.99943,-0.848448690103,0.317796456355,0.652143528104
8829,2,2743,HOH,H1,H,1.007947,0.4242243450515,1.0,0.0
8830,2,2743,HOH,H2,H,1.007947,0.4242243450515,1.0,0.0
8831,2,2744,HOH,O,O,15.99943,-0.848448690103,0.317796456355,0.652143528104
8832,2,2744,HOH,H1,H,1.007947,0.4242243450515,1.0,0.0
8833,2,2744,HOH,H2,H,1.007947,0.4242243450515,1.0,0.0
8834,2,2745,HOH,O,O,15.99943,-0.848448690103,0.317796456355,0.652143528104
8835,2,2745,HOH,H1,H,1.007947,0.4242243450515,1.0,0.0
8836,2,2745,HOH,H2,H,1.007947,0.4242243450515,1.0,0.0
8837,2,2746,HOH,O,O,15.99943,-0.848448690103,0.317796456355,0.652143528104
8838,2,2746,HOH,H1,H,1.007947,0.4242243450515,1.0,0.0
8839,2,2746,HOH,H2,H,1.007947,0.4242243450515,1.0,0.0
8840,2,2747,HOH,O,O,15.99943,-0.848448690103,0.317796456355,0.652143528104
8841,2,2747,HOH,H1,H,1.007947,0.4242243450515,1.0,0.0
8842,2,2747,HOH,H2,H,1.007947,0.4242243450515,1.0,0.0
8843,2,2748,HOH,O,O,15.99943,-0.848448690103,0.317796456355,0.652143528104
8844,2,2748,HOH,H1,H,1.007947,0.4242243450515,1.0,0.0
8845,2,2748,HOH,H2,H,1.007947,0.4242243450515,1.0,0.0
8846,2,2749,HOH,O,O,15.99943,-0.848448690103,0.317796456355,0.652143528104
8847,2,2749,HOH,H1,H,1.007947,0.4242243450515,1.0,0.0
8848,2,2749,HOH,H2,H,1.007947,0.4242243450515,1.0,0.0
8849,2,2750,HOH,O,O,15.99943,-0.848448690103,0.317796456355,0.652143528104
8850,2,2750,HOH,H1,H,1.007947,0.4242243450515,1.0,0.0
8851,2,2750,HOH,H2,H,1.007947,0.4242243450515,1.0,0.0
8852,2,2751,HOH,O,O,15.99943,-0.848448690103,0.317796456355,0.652143528104
8853,2,2751,HOH,H1,H,1.007947,0.4242243450515,1.0,0.0
8854,2,2751,HOH,H2,H,1.007947,0.4242243450515,1.0,0.0
8855,2,2752,HOH,O,O,15.99943,-0.848448690103,0.317796456355,0.652143528104
8856,2,2752,HOH,H1,H,1.007947,0.4242243450515,1.0,0.0
8857,2,2752,HOH,H2,H,1.007947,0.4242243450515,1.0,0.0
8858,2,2753,HOH,O,O,15.99943,-0.848448690103,0.317796456355,0.652143528104
8859,2,2753,HOH,H1,H,1.007947,0.4242243450515,1.0,0.0
8860,2,2753,HOH,H2,H,1.007947,0.4242243450515,1.0,0.0
8861,2,2754,HOH,O,O,15.99943,-0.848448690103,0.317796456355,0.652143528104
8862,2,2754,HOH,H1,H,1.007947,0.4242243450515,1.0,0.0
8863,2,2754,HOH,H2,H,1.007947,0.4242243450515,1.0,0.0
8864,2,2755,HOH,O,O,15.99943,-0.848448690103,0.317796456355,0.652143528104
8865,2,2755,HOH,H1,H,1.007947,0.4242243450515,1.0,0.0
8866,2,2755,HOH,H2,H,1.007947,0.4242243450515,1.0,0.0
8867,2,2756,HOH,O,O,15.99943,-0.848448690103,0.317796456355,0.652143528104
8868,2,2756,HOH,H1,H,1.007947,0.4242243450515,1.0,0.0
8869,2,2756,HOH,H2,H,1.007947,0.4242243450515,1.0,0.0
8870,2,2757,HOH,O,O,15.99943,-0.848448690103,0.317796456355,0.652143528104
8871,2,2757,HOH,H1,H,1.007947,0.4242243450515,1.0,0.0
8872,2,2757,HOH,H2,H,1.007947,0.4242243450515,1.0,0.0
8873,2,2758,HOH,O,O,15.99943,-0.848448690103,0.317796456355,0.652143528104
8874,2,2758,HOH,H1,H,1.007947,0.4242243450515,1.0,0.0
8875,2,2758,HOH,H2,H,1.007947,0.4242243450515,1.0,0.0
8876,2,2759,HOH,O,O,15.99943,-0.848448690103,0.317796456355,0.652143528104
8877,2,2759,HOH,H1,H,1.007947,0.4242243450515,1.0,0.0
8878,2,2759,HOH,H2,H,1.007947,0.4242243450515,1.0,0.0
8879,2,2760,HOH,O,O,15.99943,-0.848448690103,0.317796456355,0.652143528104
8880,2,2760,HOH,H1,H,1.007947,0.4242243450515,1.0,0.0
8881,2,2760,HOH,H2,H,1.007947,0.4242243450515,1.0,0.0
8882,2,2761,HOH,O,O,15.99943,-0.848448690103,0.317796456355,0.652143528104
8883,2,2761,HOH,H1,H,1.007947,0.4242243450515,1.0,0.0
8884,2,2761,HOH,H2,H,1.007947,0.4242243450515,1.0,0.0
8885,2,2762,HOH,O,O,15.99943,-0.848448690103,0.317796456355,0.652143528104
8886,2,2762,HOH,H1,H,1.007947,0.4242243450515,1.0,0.0
8887,2,2762,HOH,H2,H,1.007947,0.4242243450515,1.0,0.0
8888,2,2763,HOH,O,O,15.99943,-0.848448690103,0.317796456355,0.652143528104
8889,2,2763,HOH,H1,H,1.007947,0.4242243450515,1.0,0.0
8890,2,2763,HOH,H2,H,1.007947,0.4242243450515,1.0,0.0
8891,2,2764,HOH,O,O,15.99943,-0.848448690103,0.317796456355,0.652143528104
8892,2,2764,HOH,H1,H,1.007947,0.4242243450515,1.0,0.0
8893,2,2764,HOH,H2,H,1.007947,0.4242243450515,1.0,0.0
8894,2,2765,HOH,O,O,15.99943,-0.848448690103,0.317796456355,0.652143528104
8895,2,2765,HOH,H1,H,1.007947,0.4242243450515,1.0,0.0
8896,2,2765,HOH,H2,H,1.007947,0.4242243450515,1.0,0.0
8897,2,2766,HOH,O,O,15.99943,-0.848448690103,0.317796456355,0.652143528104
8898,2,2766,HOH,H1,H,1.007947,0.4242243450515,1.0,0.0
8899,2,2766,HOH,H2,H,1.007947,0.4242243450515,1.0,0.0
8900,2,2767,HOH,O,O,15.99943,-0.848448690103,0.317796456355,0.652143528104
8901,2,2767,HOH,H1,H,1.007947,0.4242243450515,1.0,0.0
8902,2,2767,HOH,H2,H,1.007947,0.4242243450515,1.0,0.0
8903,2,2768,HOH,O,O,15.99943,-0.848448690103,0.317796456355,0.652143528104
8904,2,2768,HOH,H1,H,1.007947,0.4242243450515,1.0,0.0
8905,2,2768,HOH,H2,H,1.007947,0.4242243450515,1.0,0.0
8906,2,2769,HOH,O,O,15.99943,-0.848448690103,0.317796456355,0.652143528104
8907,2,2769,HOH,H1,H,1.007947,0.4242243450515,1.0,0.0
8908,2,2769,HOH,H2,H,1.007947,0.4242243450515,1.0,0.0
8909,2,2770,HOH,O,O,15.99943,-0.848448690103,0.317796456355,0.652143528104
8910,2,2770,HOH,H1,H,1.007947,0.4242243450515,1.0,0.0
8911,2,2770,HOH,H2,H,1.007947,0.4242243450515,1.0,0.0
8912,2,2771,HOH,O,O,15.99943,-0.848448690103,0.317796456355,0.652143528104
8913,2,2771,HOH,H1,H,1.007947,0.4242243450515,1.0,0.0
8914,2,2771,HOH,H2,H,1.007947,0.4242243450515,1.0,0.0
8915,2,2772,HOH,O,O,15.99943,-0.848448690103,0.317796456355,0.652143528104
8916,2,2772,HOH,H1,H,1.007947,0.4242243450515,1.0,0.0
8917,2,2772,HOH,H2,H,1.007947,0.4242243450515,1.0,0.0
8918,2,2773,HOH,O,O,15.99943,-0.848448690103,0.317796456355,0.652143528104
8919,2,2773,HOH,H1,H,1.007947,0.4242243450515,1.0,0.0
8920,2,2773,HOH,H2,H,1.007947,0.4242243450515,1.0,0.0
8921,2,2774,HOH,O,O,15.99943,-0.848448690103,0.317796456355,0.652143528104
8922,2,2774,HOH,H1,H,1.007947,0.4242243450515,1.0,0.0
8923,2,2774,HOH,H2,H,1.007947,0.4242243450515,1.0,0.0
8924,2,2775,HOH,O,O,15.99943,-0.848448690103,0.317796456355,0.652143528104
8925,2,2775,HOH,H1,H,1.007947,0.4242243450515,1.0,0.0
8926,2,2775,HOH,H2,H,1.007947,0.4242243450515,1.0,0.0
8927,2,2776,HOH,O,O,15.99943,-0.848448690103,0.317796456355,0.652143528104
8928,2,2776,HOH,H1,H,1.007947,0.4242243450515,1.0,0.0
8929,2,2776,HOH,H2,H,1.007947,0.4242243450515,1.0,0.0
8930,2,2777,HOH,O,O,15.99943,-0.848448690103,0.317796456355,0.652143528104
8931,2,2777,HOH,H1,H,1.007947,0.4242243450515,1.0,0.0
8932,2,2777,HOH,H2,H,1.007947,0.4242243450515,1.0,0.0
8933,2,2778,HOH,O,O,15.99943,-0.848448690103,0.317796456355,0.652143528104
8934,2,2778,HOH,H1,H,1.007947,0.4242243450515,1.0,0.0
8935,2,2778,HOH,H2,H,1.007947,0.4242243450515,1.0,0.0
8936,2,2779,HOH,O,O,15.99943,-0.848448690103,0.317796456355,0.652143528104
8937,2,2779,HOH,H1,H,1.007947,0.4242243450515,1.0,0.0
8938,2,2779,HOH,H2,H,1.007947,0.4242243450515,1.0,0.0
8939,2,2780,HOH,O,O,15.99943,-0.848448690103,0.317796456355,0.652143528104
8940,2,2780,HOH,H1,H,1.007947,0.4242243450515,1.0,0.0
8941,2,2780,HOH,H2,H,1.007947,0.4242243450515,1.0,0.0
8942,2,2781,HOH,O,O,15.99943,-0.848448690103,0.317796456355,0.652143528104
8943,2,2781,HOH,H1,H,1.007947,0.4242243450515,1.0,0.0
8944,2,2781,HOH,H2,H,1.007947,0.4242243450515,1.0,0.0
8945,2,2782,HOH,O,O,15.99943,-0.848448690103,0.317796456355,0.652143528104
8946,2,2782,HOH,H1,H,1.007947,0.4242243450515,1.0,0.0
8947,2,2782,HOH,H2,H,1.007947,0.4242243450515,1.0,0.0
8948,2,2783,HOH,O,O,15.99943,-0.848448690103,0.317796456355,0.652143528104
8949,2,2783,HOH,H1,H,1.007947,0.4242243450515,1.0,0.0
8950,2,2783,HOH,H2,H,1.007947,0.4242243450515,1.0,0.0
8951,2,2784,HOH,O,O,15.99943,-0.848448690103,0.317796456355,0.652143528104
8952,2,2784,HOH,H1,H,1.007947,0.4242243450515,1.0,0.0
8953,2,2784,HOH,H2,H,1.007947,0.4242243450515,1.0,0.0
8954,2,2785,HOH,O,O,15.99943,-0.848448690103,0.317796456355,0.652143528104
8955,2,2785,HOH,H1,H,1.007947,0.4242243450515,1.0,0.0
8956,2,2785,HOH,H2,H,1.007947,0.4242243450515,1.0,0.0
8957,2,2786,HOH,O,O,15.99943,-0.848448690103,0.317796456355,0.652143528104
8958,2,2786,HOH,H1,H,1.007947,0.4242243450515,1.0,0.0
8959,2,2786,HOH,H2,H,1.007947,0.4242243450515,1.0,0.0
8960,2,2787,HOH,O,O,15.99943,-0.848448690103,0.317796456355,0.652143528104
8961,2,2787,HOH,H1,H,1.007947,0.4242243450515,1.0,0.0
8962,2,2787,HOH,H2,H,1.007947,0.4242243450515,1.0,0.0
8963,2,2788,HOH,O,O,15.99943,-0.848448690103,0.317796456355,0.652143528104
8964,2,2788,HOH,H1,H,1.007947,0.4242243450515,1.0,0.0
8965,2,2788,HOH,H2,H,1.007947,0.4242243450515,1.0,0.0
8966,2,2789,HOH,O,O,15.99943,-0.848448690103,0.317796456355,0.652143528104
8967,2,2789,HOH,H1,H,1.007947,0.4242243450515,1.0,0.0
8968,2,2789,HOH,H2,H,1.007947,0.4242243450515,1.0,0.0
8969,2,2790,HOH,O,O,15.99943,-0.848448690103,0.317796456355,0.652143528104
8970,2,2790,HOH,H1,H,1.007947,0.4242243450515,1.0,0.0
8971,2,2790,HOH,H2,H,1.007947,0.4242243450515,1.0,0.0
8972,2,2791,HOH,O,O,15.99943,-0.848448690103,0.317796456355,0.652143528104
8973,2,2791,HOH,H1,H,1.007947,0.4242243450515,1.0,0.0
8974,2,2791,HOH,H2,H,1.007947,0.4242243450515,1.0,0.0
8975,2,2792,HOH,O,O,15.99943,-0.848448690103,0.317796456355,0.652143528104
8976,2,2792,HOH,H1,H,1.007947,0.4242243450515,1.0,0.0
8977,2,2792,HOH,H2,H,1.007947,0.4242243450515,1.0,0.0
8978,2,2793,HOH,O,O,15.99943,-0.848448690103,0.317796456355,0.652143528104
8979,2,2793,HOH,H1,H,1.007947,0.4242243450515,1.0,0.0
8980,2,2793,HOH,H2,H,1.007947,0.4242243450515,1.0,0.0
8981,2,2794,HOH,O,O,15.99943,-0.848448690103,0.317796456355,0.652143528104
8982,2,2794,HOH,H1,H,1.007947,0.4242243450515,1.0,0.0
8983,2,2794,HOH,H2,H,1.007947,0.4242243450515,1.0,0.0
8984,2,2795,HOH,O,O,15.99943,-0.848448690103,0.317796456355,0.652143528104
8985,2,2795,HOH,H1,H,1.007947,0.4242243450515,1.0,0.0
8986,2,2795,HOH,H2,H,1.007947,0.4242243450515,1.0,0.0
8987,2,2796,HOH,O,O,15.99943,-0.848448690103,0.317796456355,0.652143528104
8988,2,2796,HOH,H1,H,1.007947,0.4242243450515,1.0,0.0
8989,2,2796,HOH,H2,H,1.007947,0.4242243450515,1.0,0.0
8990,2,2797,HOH,O,O,15.99943,-0.848448690103,0.317796456355,0.652143528104
8991,2,2797,HOH,H1,H,1.007947,0.4242243450515,1.0,0.0
8992,2,2797,HOH,H2,H,1.007947,0.4242243450515,1.0,0.0
8993,2,2798,HOH,O,O,15.99943,-0.848448690103,0.317796456355,0.652143528104
8994,2,2798,HOH,H1,H,1.007947,0.4242243450515,1.0,0.0
8995,2,2798,HOH,H2,H,1.007947,0.4242243450515,1.0,0.0
8996,2,2799,HOH,O,O,15.99943,-0.848448690103,0.317796456355,0.652143528104
8997,2,2799,HOH,H1,H,1.007947,0.4242243450515,1.0,0.0
8998,2,2799,HOH,H2,H,1.007947,0.4242243450515,1.0,0.0
8999,2,2800,HOH,O,O,15.99943,-0.848448690103,0.317796456355,0.652143528104
9000,2,2800,HOH,H1,H,1.007947,0.4242243450515,1.0,0.0
9001,2,2800,HOH,H2,H,1.007947,0.4242243450515,1.0,0.0
9002,2,2801,HOH,O,O,15.99943,-0.848448690103,0.317796456355,0.652143528104
9003,2,2801,HOH,H1,H,1.007947,0.4242243450515,1.0,0.0
9004,2,2801,HOH,H2,H,1.007947,0.4242243450515,1.0,0.0
9005,2,2802,HOH,O,O,15.99943,-0.848448690103,0.317796456355,0.652143528104
9006,2,2802,HOH,H1,H,1.007947,0.4242243450515,1.0,0.0
9007,2,2802,HOH,H2,H,1.007947,0.4242243450515,1.0,0.0
9008,2,2803,HOH,O,O,15.99943,-0.848448690103,0.317796456355,0.652143528104
9009,2,2803,HOH,H1,H,1.007947,0.4242243450515,1.0,0.0
9010,2,2803,HOH,H2,H,1.007947,0.4242243450515,1.0,0.0
9011,2,2804,HOH,O,O,15.99943,-0.848448690103,0.317796456355,0.652143528104
9012,2,2804,HOH,H1,H,1.007947,0.4242243450515,1.0,0.0
9013,2,2804,HOH,H2,H,1.007947,0.4242243450515,1.0,0.0
9014,2,2805,HOH,O,O,15.99943,-0.848448690103,0.317796456355,0.652143528104
9015,2,2805,HOH,H1,H,1.007947,0.4242243450515,1.0,0.0
9016,2,2805,HOH,H2,H,1.007947,0.4242243450515,1.0,0.0
9017,2,2806,HOH,O,O,15.99943,-0.848448690103,0.317796456355,0.652143528104
9018,2,2806,HOH,H1,H,1.007947,0.4242243450515,1.0,0.0
9019,2,2806,HOH,H2,H,1.007947,0.4242243450515,1.0,0.0
9020,2,2807,HOH,O,O,15.99943,-0.848448690103,0.317796456355,0.652143528104
9021,2,2807,HOH,H1,H,1.007947,0.4242243450515,1.0,0.0
9022,2,2807,HOH,H2,H,1.007947,0.4242243450515,1.0,0.0
9023,2,2808,HOH,O,O,15.99943,-0.848448690103,0.317796456355,0.652143528104
9024,2,2808,HOH,H1,H,1.007947,0.4242243450515,1.0,0.0
9025,2,2808,HOH,H2,H,1.007947,0.4242243450515,1.0,0.0
9026,2,2809,HOH,O,O,15.99943,-0.848448690103,0.317796456355,0.652143528104
9027,2,2809,HOH,H1,H,1.007947,0.4242243450515,1.0,0.0
9028,2,2809,HOH,H2,H,1.007947,0.4242243450515,1.0,0.0
9029,2,2810,HOH,O,O,15.99943,-0.848448690103,0.317796456355,0.652143528104
9030,2,2810,HOH,H1,H,1.007947,0.4242243450515,1.0,0.0
9031,2,2810,HOH,H2,H,1.007947,0.4242243450515,1.0,0.0
9032,2,2811,HOH,O,O,15.99943,-0.848448690103,0.317796456355,0.652143528104
9033,2,2811,HOH,H1,H,1.007947,0.4242243450515,1.0,0.0
9034,2,2811,HOH,H2,H,1.007947,0.4242243450515,1.0,0.0
9035,2,2812,HOH,O,O,15.99943,-0.848448690103,0.317796456355,0.652143528104
9036,2,2812,HOH,H1,H,1.007947,0.4242243450515,1.0,0.0
9037,2,2812,HOH,H2,H,1.007947,0.4242243450515,1.0,0.0
9038,2,2813,HOH,O,O,15.99943,-0.848448690103,0.317796456355,0.652143528104
9039,2,2813,HOH,H1,H,1.007947,0.4242243450515,1.0,0.0
9040,2,2813,HOH,H2,H,1.007947,0.4242243450515,1.0,0.0
9041,2,2814,HOH,O,O,15.99943,-0.848448690103,0.317796456355,0.652143528104
9042,2,2814,HOH,H1,H,1.007947,0.4242243450515,1.0,0.0
9043,2,2814,HOH,H2,H,1.007947,0.4242243450515,1.0,0.0
9044,2,2815,HOH,O,O,15.99943,-0.848448690103,0.317796456355,0.652143528104
9045,2,2815,HOH,H1,H,1.007947,0.4242243450515,1.0,0.0
9046,2,2815,HOH,H2,H,1.007947,0.4242243450515,1.0,0.0
9047,2,2816,HOH,O,O,15.99943,-0.848448690103,0.317796456355,0.652143528104
9048,2,2816,HOH,H1,H,1.007947,0.4242243450515,1.0,0.0
9049,2,2816,HOH,H2,H,1.007947,0.4242243450515,1.0,0.0
9050,2,2817,HOH,O,O,15.99943,-0.848448690103,0.317796456355,0.652143528104
9051,2,2817,HOH,H1,H,1.007947,0.4242243450515,1.0,0.0
9052,2,2817,HOH,H2,H,1.007947,0.4242243450515,1.0,0.0
9053,2,2818,HOH,O,O,15.99943,-0.848448690103,0.317796456355,0.652143528104
9054,2,2818,HOH,H1,H,1.007947,0.4242243450515,1.0,0.0
9055,2,2818,HOH,H2,H,1.007947,0.4242243450515,1.0,0.0
9056,2,2819,HOH,O,O,15.99943,-0.848448690103,0.317796456355,0.652143528104
9057,2,2819,HOH,H1,H,1.007947,0.4242243450515,1.0,0.0
9058,2,2819,HOH,H2,H,1.007947,0.4242243450515,1.0,0.0
9059,2,2820,HOH,O,O,15.99943,-0.848448690103,0.317796456355,0.652143528104
9060,2,2820,HOH,H1,H,1.007947,0.4242243450515,1.0,0.0
9061,2,2820,HOH,H2,H,1.007947,0.4242243450515,1.0,0.0
9062,2,2821,HOH,O,O,15.99943,-0.848448690103,0.317796456355,0.652143528104
9063,2,2821,HOH,H1,H,1.007947,0.4242243450515,1.0,0.0
9064,2,2821,HOH,H2,H,1.007947,0.4242243450515,1.0,0.0
9065,2,2822,HOH,O,O,15.99943,-0.848448690103,0.317796456355,0.652143528104
9066,2,2822,HOH,H1,H,1.007947,0.4242243450515,1.0,0.0
9067,2,2822,HOH,H2,H,1.007947,0.4242243450515,1.0,0.0
9068,2,2823,HOH,O,O,15.99943,-0.848448690103,0.317796456355,0.652143528104
9069,2,2823,HOH,H1,H,1.007947,0.4242243450515,1.0,0.0
9070,2,2823,HOH,H2,H,1.007947,0.4242243450515,1.0,0.0
9071,2,2824,HOH,O,O,15.99943,-0.848448690103,0.317796456355,0.652143528104
9072,2,2824,HOH,H1,H,1.007947,0.4242243450515,1.0,0.0
9073,2,2824,HOH,H2,H,1.007947,0.4242243450515,1.0,0.0
9074,2,2825,HOH,O,O,15.99943,-0.848448690103,0.317796456355,0.652143528104
9075,2,2825,HOH,H1,H,1.007947,0.4242243450515,1.0,0.0
9076,2,2825,HOH,H2,H,1.007947,0.4242243450515,1.0,0.0
9077,2,2826,HOH,O,O,15.99943,-0.848448690103,0.317796456355,0.652143528104
9078,2,2826,HOH,H1,H,1.007947,0.4242243450515,1.0,0.0
9079,2,2826,HOH,H2,H,1.007947,0.4242243450515,1.0,0.0
9080,2,2827,HOH,O,O,15.99943,-0.848448690103,0.317796456355,0.652143528104
9081,2,2827,HOH,H1,H,1.007947,0.4242243450515,1.0,0.0
9082,2,2827,HOH,H2,H,1.007947,0.4242243450515,1.0,0.0
9083,2,2828,HOH,O,O,15.99943,-0.848448690103,0.317796456355,0.652143528104
9084,2,2828,HOH,H1,H,1.007947,0.4242243450515,1.0,0.0
9085,2,2828,HOH,H2,H,1.007947,0.4242243450515,1.0,0.0
9086,2,2829,HOH,O,O,15.99943,-0.848448690103,0.317796456355,0.652143528104
9087,2,2829,HOH,H1,H,1.007947,0.4242243450515,1.0,0.0
9088,2,2829,HOH,H2,H,1.007947,0.4242243450515,1.0,0.0
9089,2,2830,HOH,O,O,15.99943,-0.848448690103,0.317796456355,0.652143528104
9090,2,2830,HOH,H1,H,1.007947,0.4242243450515,1.0,0.0
9091,2,2830,HOH,H2,H,1.007947,0.4242243450515,1.0,0.0
9092,2,2831,HOH,O,O,15.99943,-0.848448690103,0.317796456355,0.652143528104
9093,2,2831,HOH,H1,H,1.007947,0.4242243450515,1.0,0.0
9094,2,2831,HOH,H2,H,1.007947,0.4242243450515,1.0,0.0
9095,2,2832,HOH,O,O,15.99943,-0.848448690103,0.317796456355,0.652143528104
9096,2,2832,HOH,H1,H,1.007947,0.4242243450515,1.0,0.0
9097,2,2832,HOH,H2,H,1.007947,0.4242243450515,1.0,0.0
9098,2,2833,HOH,O,O,15.99943,-0.848448690103,0.317796456355,0.652143528104
9099,2,2833,HOH,H1,H,1.007947,0.4242243450515,1.0,0.0
9100,2,2833,HOH,H2,H,1.007947,0.4242243450515,1.0,0.0
9101,2,2834,HOH,O,O,15.99943,-0.848448690103,0.317796456355,0.652143528104
9102,2,2834,HOH,H1,H,1.007947,0.4242243450515,1.0,0.0
9103,2,2834,HOH,H2,H,1.007947,0.4242243450515,1.0,0.0
9104,2,2835,HOH,O,O,15.99943,-0.848448690103,0.317796456355,0.652143528104
9105,2,2835,HOH,H1,H,1.007947,0.4242243450515,1.0,0.0
9106,2,2835,HOH,H2,H,1.007947,0.4242243450515,1.0,0.0
9107,2,2836,HOH,O,O,15.99943,-0.848448690103,0.317796456355,0.652143528104
9108,2,2836,HOH,H1,H,1.007947,0.4242243450515,1.0,0.0
9109,2,2836,HOH,H2,H,1.007947,0.4242243450515,1.0,0.0
9110,2,2837,HOH,O,O,15.99943,-0.848448690103,0.317796456355,0.652143528104
9111,2,2837,HOH,H1,H,1.007947,0.4242243450515,1.0,0.0
9112,2,2837,HOH,H2,H,1.007947,0.4242243450515,1.0,0.0
9113,2,2838,HOH,O,O,15.99943,-0.848448690103,0.317796456355,0.652143528104
9114,2,2838,HOH,H1,H,1.007947,0.4242243450515,1.0,0.0
9115,2,2838,HOH,H2,H,1.007947,0.4242243450515,1.0,0.0
9116,2,2839,HOH,O,O,15.99943,-0.848448690103,0.317796456355,0.652143528104
9117,2,2839,HOH,H1,H,1.007947,0.4242243450515,1.0,0.0
9118,2,2839,HOH,H2,H,1.007947,0.4242243450515,1.0,0.0
9119,2,2840,HOH,O,O,15.99943,-0.848448690103,0.317796456355,0.652143528104
9120,2,2840,HOH,H1,H,1.007947,0.4242243450515,1.0,0.0
9121,2,2840,HOH,H2,H,1.007947,0.4242243450515,1.0,0.0
9122,2,2841,HOH,O,O,15.99943,-0.848448690103,0.317796456355,0.652143528104
9123,2,2841,HOH,H1,H,1.007947,0.4242243450515,1.0,0.0
9124,2,2841,HOH,H2,H,1.007947,0.4242243450515,1.0,0.0
9125,2,2842,HOH,O,O,15.99943,-0.848448690103,0.317796456355,0.652143528104
9126,2,2842,HOH,H1,H,1.007947,0.4242243450515,1.0,0.0
9127,2,2842,HOH,H2,H,1.007947,0.4242243450515,1.0,0.0
9128,2,2843,HOH,O,O,15.99943,-0.848448690103,0.317796456355,0.652143528104
9129,2,2843,HOH,H1,H,1.007947,0.4242243450515,1.0,0.0
9130,2,2843,HOH,H2,H,1.007947,0.4242243450515,1.0,0.0
9131,2,2844,HOH,O,O,15.99943,-0.848448690103,0.317796456355,0.652143528104
9132,2,2844,HOH,H1,H,1.007947,0.4242243450515,1.0,0.0
9133,2,2844,HOH,H2,H,1.007947,0.4242243450515,1.0,0.0
9134,2,2845,HOH,O,O,15.99943,-0.848448690103,0.317796456355,0.652143528104
9135,2,2845,HOH,H1,H,1.007947,0.4242243450515,1.0,0.0
9136,2,2845,HOH,H2,H,1.007947,0.4242243450515,1.0,0.0
9137,2,2846,HOH,O,O,15.99943,-0.848448690103,0.317796456355,0.652143528104
9138,2,2846,HOH,H1,H,1.007947,0.4242243450515,1.0,0.0
9139,2,2846,HOH,H2,H,1.007947,0.4242243450515,1.0,0.0
9140,2,2847,HOH,O,O,15.99943,-0.848448690103,0.317796456355,0.652143528104
9141,2,2847,HOH,H1,H,1.007947,0.4242243450515,1.0,0.0
9142,2,2847,HOH,H2,H,1.007947,0.4242243450515,1.0,0.0
9143,2,2848,HOH,O,O,15.99943,-0.848448690103,0.317796456355,0.652143528104
9144,2,2848,HOH,H1,H,1.007947,0.4242243450515,1.0,0.0
9145,2,2848,HOH,H2,H,1.007947,0.4242243450515,1.0,0.0
9146,2,2849,HOH,O,O,15.99943,-0.848448690103,0.317796456355,0.652143528104
9147,2,2849,HOH,H1,H,1.007947,0.4242243450515,1.0,0.0
9148,2,2849,HOH,H2,H,1.007947,0.4242243450515,1.0,0.0
9149,2,2850,HOH,O,O,15.99943,-0.848448690103,0.317796456355,0.652143528104
9150,2,2850,HOH,H1,H,1.007947,0.4242243450515,1.0,0.0
9151,2,2850,HOH,H2,H,1.007947,0.4242243450515,1.0,0.0
9152,2,2851,HOH,O,O,15.99943,-0.848448690103,0.317796456355,0.652143528104
9153,2,2851,HOH,H1,H,1.007947,0.4242243450515,1.0,0.0
9154,2,2851,HOH,H2,H,1.007947,0.4242243450515,1.0,0.0
9155,2,2852,HOH,O,O,15.99943,-0.848448690103,0.317796456355,0.652143528104
9156,2,2852,HOH,H1,H,1.007947,0.4242243450515,1.0,0.0
9157,2,2852,HOH,H2,H,1.007947,0.4242243450515,1.0,0.0
9158,2,2853,HOH,O,O,15.99943,-0.848448690103,0.317796456355,0.652143528104
9159,2,2853,HOH,H1,H,1.007947,0.4242243450515,1.0,0.0
9160,2,2853,HOH,H2,H,1.007947,0.4242243450515,1.0,0.0
9161,2,2854,HOH,O,O,15.99943,-0.848448690103,0.317796456355,0.652143528104
9162,2,2854,HOH,H1,H,1.007947,0.4242243450515,1.0,0.0
9163,2,2854,HOH,H2,H,1.007947,0.4242243450515,1.0,0.0
9164,2,2855,HOH,O,O,15.99943,-0.848448690103,0.317796456355,0.652143528104
9165,2,2855,HOH,H1,H,1.007947,0.4242243450515,1.0,0.0
9166,2,2855,HOH,H2,H,1.007947,0.4242243450515,1.0,0.0
9167,2,2856,HOH,O,O,15.99943,-0.848448690103,0.317796456355,0.652143528104
9168,2,2856,HOH,H1,H,1.007947,0.4242243450515,1.0,0.0
9169,2,2856,HOH,H2,H,1.007947,0.4242243450515,1.0,0.0
9170,2,2857,HOH,O,O,15.99943,-0.848448690103,0.317796456355,0.652143528104
9171,2,2857,HOH,H1,H,1.007947,0.4242243450515,1.0,0.0
9172,2,2857,HOH,H2,H,1.007947,0.4242243450515,1.0,0.0
9173,2,2858,HOH,O,O,15.99943,-0.848448690103,0.317796456355,0.652143528104
9174,2,2858,HOH,H1,H,1.007947,0.4242243450515,1.0,0.0
9175,2,2858,HOH,H2,H,1.007947,0.4242243450515,1.0,0.0
9176,2,2859,HOH,O,O,15.99943,-0.848448690103,0.317796456355,0.652143528104
9177,2,2859,HOH,H1,H,1.007947,0.4242243450515,1.0,0.0
9178,2,2859,HOH,H2,H,1.007947,0.4242243450515,1.0,0.0
9179,2,2860,HOH,O,O,15.99943,-0.848448690103,0.317796456355,0.652143528104
9180,2,2860,HOH,H1,H,1.007947,0.4242243450515,1.0,0.0
9181,2,2860,HOH,H2,H,1.007947,0.4242243450515,1.0,0.0
9182,2,2861,HOH,O,O,15.99943,-0.848448690103,0.317796456355,0.652143528104
9183,2,2861,HOH,H1,H,1.007947,0.4242243450515,1.0,0.0
9184,2,2861,HOH,H2,H,1.007947,0.4242243450515,1.0,0.0
9185,2,2862,HOH,O,O,15.99943,-0.848448690103,0.317796456355,0.652143528104
9186,2,2862,HOH,H1,H,1.007947,0.4242243450515,1.0,0.0
9187,2,2862,HOH,H2,H,1.007947,0.4242243450515,1.0,0.0
9188,2,2863,HOH,O,O,15.99943,-0.848448690103,0.317796456355,0.652143528104
9189,2,2863,HOH,H1,H,1.007947,0.4242243450515,1.0,0.0
9190,2,2863,HOH,H2,H,1.007947,0.4242243450515,1.0,0.0
9191,2,2864,HOH,O,O,15.99943,-0.848448690103,0.317796456355,0.652143528104
9192,2,2864,HOH,H1,H,1.007947,0.4242243450515,1.0,0.0
9193,2,2864,HOH,H2,H,1.007947,0.4242243450515,1.0,0.0
9194,2,2865,HOH,O,O,15.99943,-0.848448690103,0.317796456355,0.652143528104
9195,2,2865,HOH,H1,H,1.007947,0.4242243450515,1.0,0.0
9196,2,2865,HOH,H2,H,1.007947,0.4242243450515,1.0,0.0
9197,2,2866,HOH,O,O,15.99943,-0.848448690103,0.317796456355,0.652143528104
9198,2,2866,HOH,H1,H,1.007947,0.4242243450515,1.0,0.0
9199,2,2866,HOH,H2,H,1.007947,0.4242243450515,1.0,0.0
9200,2,2867,HOH,O,O,15.99943,-0.848448690103,0.317796456355,0.652143528104
9201,2,2867,HOH,H1,H,1.007947,0.4242243450515,1.0,0.0
9202,2,2867,HOH,H2,H,1.007947,0.4242243450515,1.0,0.0
9203,2,2868,HOH,O,O,15.99943,-0.848448690103,0.317796456355,0.652143528104
9204,2,2868,HOH,H1,H,1.007947,0.4242243450515,1.0,0.0
9205,2,2868,HOH,H2,H,1.007947,0.4242243450515,1.0,0.0
9206,2,2869,HOH,O,O,15.99943,-0.848448690103,0.317796456355,0.652143528104
9207,2,2869,HOH,H1,H,1.007947,0.4242243450515,1.0,0.0
9208,2,2869,HOH,H2,H,1.007947,0.4242243450515,1.0,0.0
9209,2,2870,HOH,O,O,15.99943,-0.848448690103,0.317796456355,0.652143528104
9210,2,2870,HOH,H1,H,1.007947,0.4242243450515,1.0,0.0
9211,2,2870,HOH,H2,H,1.007947,0.4242243450515,1.0,0.0
9212,2,2871,HOH,O,O,15.99943,-0.848448690103,0.317796456355,0.652143528104
9213,2,2871,HOH,H1,H,1.007947,0.4242243450515,1.0,0.0
9214,2,2871,HOH,H2,H,1.007947,0.4242243450515,1.0,0.0
9215,2,2872,HOH,O,O,15.99943,-0.848448690103,0.317796456355,0.652143528104
9216,2,2872,HOH,H1,H,1.007947,0.4242243450515,1.0,0.0
9217,2,2872,HOH,H2,H,1.007947,0.4242243450515,1.0,0.0
9218,2,2873,HOH,O,O,15.99943,-0.848448690103,0.317796456355,0.652143528104
9219,2,2873,HOH,H1,H,1.007947,0.4242243450515,1.0,0.0
9220,2,2873,HOH,H2,H,1.007947,0.4242243450515,1.0,0.0
9221,2,2874,HOH,O,O,15.99943,-0.848448690103,0.317796456355,0.652143528104
9222,2,2874,HOH,H1,H,1.007947,0.4242243450515,1.0,0.0
9223,2,2874,HOH,H2,H,1.007947,0.4242243450515,1.0,0.0
9224,2,2875,HOH,O,O,15.99943,-0.848448690103,0.317796456355,0.652143528104
9225,2,2875,HOH,H1,H,1.007947,0.4242243450515,1.0,0.0
9226,2,2875,HOH,H2,H,1.007947,0.4242243450515,1.0,0.0
9227,2,2876,HOH,O,O,15.99943,-0.848448690103,0.317796456355,0.652143528104
9228,2,2876,HOH,H1,H,1.007947,0.4242243450515,1.0,0.0
9229,2,2876,HOH,H2,H,1.007947,0.4242243450515,1.0,0.0
9230,2,2877,HOH,O,O,15.99943,-0.848448690103,0.317796456355,0.652143528104
9231,2,2877,HOH,H1,H,1.007947,0.4242243450515,1.0,0.0
9232,2,2877,HOH,H2,H,1.007947,0.4242243450515,1.0,0.0
9233,2,2878,HOH,O,O,15.99943,-0.848448690103,0.317796456355,0.652143528104
9234,2,2878,HOH,H1,H,1.007947,0.4242243450515,1.0,0.0
9235,2,2878,HOH,H2,H,1.007947,0.4242243450515,1.0,0.0
9236,2,2879,HOH,O,O,15.99943,-0.848448690103,0.317796456355,0.652143528104
9237,2,2879,HOH,H1,H,1.007947,0.4242243450515,1.0,0.0
9238,2,2879,HOH,H2,H,1.007947,0.4242243450515,1.0,0.0
9239,2,2880,HOH,O,O,15.99943,-0.848448690103,0.317796456355,0.652143528104
9240,2,2880,HOH,H1,H,1.007947,0.4242243450515,1.0,0.0
9241,2,2880,HOH,H2,H,1.007947,0.4242243450515,1.0,0.0
9242,2,2881,HOH,O,O,15.99943,-0.848448690103,0.317796456355,0.652143528104
9243,2,2881,HOH,H1,H,1.007947,0.4242243450515,1.0,0.0
9244,2,2881,HOH,H2,H,1.007947,0.4242243450515,1.0,0.0
9245,2,2882,HOH,O,O,15.99943,-0.848448690103,0.317796456355,0.652143528104
9246,2,2882,HOH,H1,H,1.007947,0.4242243450515,1.0,0.0
9247,2,2882,HOH,H2,H,1.007947,0.4242243450515,1.0,0.0
9248,2,2883,HOH,O,O,15.99943,-0.848448690103,0.317796456355,0.652143528104
9249,2,2883,HOH,H1,H,1.007947,0.4242243450515,1.0,0.0
9250,2,2883,HOH,H2,H,1.007947,0.4242243450515,1.0,0.0
9251,2,2884,HOH,O,O,15.99943,-0.848448690103,0.317796456355,0.652143528104
9252,2,2884,HOH,H1,H,1.007947,0.4242243450515,1.0,0.0
9253,2,2884,HOH,H2,H,1.007947,0.4242243450515,1.0,0.0
9254,2,2885,HOH,O,O,15.99943,-0.848448690103,0.317796456355,0.652143528104
9255,2,2885,HOH,H1,H,1.007947,0.4242243450515,1.0,0.0
9256,2,2885,HOH,H2,H,1.007947,0.4242243450515,1.0,0.0
9257,2,2886,HOH,O,O,15.99943,-0.848448690103,0.317796456355,0.652143528104
9258,2,2886,HOH,H1,H,1.007947,0.4242243450515,1.0,0.0
9259,2,2886,HOH,H2,H,1.007947,0.4242243450515,1.0,0.0
9260,2,2887,HOH,O,O,15.99943,-0.848448690103,0.317796456355,0.652143528104
9261,2,2887,HOH,H1,H,1.007947,0.4242243450515,1.0,0.0
9262,2,2887,HOH,H2,H,1.007947,0.4242243450515,1.0,0.0
9263,2,2888,HOH,O,O,15.99943,-0.848448690103,0.317796456355,0.652143528104
9264,2,2888,HOH,H1,H,1.007947,0.4242243450515,1.0,0.0
9265,2,2888,HOH,H2,H,1.007947,0.4242243450515,1.0,0.0
9266,2,2889,HOH,O,O,15.99943,-0.848448690103,0.317796456355,0.652143528104
9267,2,2889,HOH,H1,H,1.007947,0.4242243450515,1.0,0.0
9268,2,2889,HOH,H2,H,1.007947,0.4242243450515,1.0,0.0
9269,2,2890,HOH,O,O,15.99943,-0.848448690103,0.317796456355,0.652143528104
9270,2,2890,HOH,H1,H,1.007947,0.4242243450515,1.0,0.0
9271,2,2890,HOH,H2,H,1.007947,0.4242243450515,1.0,0.0
9272,2,2892,HOH,O,O,15.99943,-0.848448690103,0.317796456355,0.652143528104
9273,2,2892,HOH,H1,H,1.007947,0.4242243450515,1.0,0.0
9274,2,2892,HOH,H2,H,1.007947,0.4242243450515,1.0,0.0
9275,2,2893,HOH,O,O,15.99943,-0.848448690103,0.317796456355,0.652143528104
9276,2,2893,HOH,H1,H,1.007947,0.4242243450515,1.0,0.0
9277,2,2893,HOH,H2,H,1.007947,0.4242243450515,1.0,0.0
9278,2,2894,HOH,O,O,15.99943,-0.848448690103,0.317796456355,0.652143528104
9279,2,2894,HOH,H1,H,1.007947,0.4242243450515,1.0,0.0
9280,2,2894,HOH,H2,H,1.007947,0.4242243450515,1.0,0.0
9281,2,2895,HOH,O,O,15.99943,-0.848448690103,0.317796456355,0.652143528104
9282,2,2895,HOH,H1,H,1.007947,0.4242243450515,1.0,0.0
9283,2,2895,HOH,H2,H,1.007947,0.4242243450515,1.0,0.0
9284,2,2896,HOH,O,O,15.99943,-0.848448690103,0.317796456355,0.652143528104
9285,2,2896,HOH,H1,H,1.007947,0.4242243450515,1.0,0.0
9286,2,2896,HOH,H2,H,1.007947,0.4242243450515,1.0,0.0
9287,2,2897,HOH,O,O,15.99943,-0.848448690103,0.317796456355,0.652143528104
9288,2,2897,HOH,H1,H,1.007947,0.4242243450515,1.0,0.0
9289,2,2897,HOH,H2,H,1.007947,0.4242243450515,1.0,0.0
9290,2,2898,HOH,O,O,15.99943,-0.848448690103,0.317796456355,0.652143528104
9291,2,2898,HOH,H1,H,1.007947,0.4242243450515,1.0,0.0
9292,2,2898,HOH,H2,H,1.007947,0.4242243450515,1.0,0.0
9293,2,2899,HOH,O,O,15.99943,-0.848448690103,0.317796456355,0.652143528104
9294,2,2899,HOH,H1,H,1.007947,0.4242243450515,1.0,0.0
9295,2,2899,HOH,H2,H,1.007947,0.4242243450515,1.0,0.0
9296,2,2900,HOH,O,O,15.99943,-0.848448690103,0.317796456355,0.652143528104
9297,2,2900,HOH,H1,H,1.007947,0.4242243450515,1.0,0.0
9298,2,2900,HOH,H2,H,1.007947,0.4242243450515,1.0,0.0
9299,2,2901,HOH,O,O,15.99943,-0.848448690103,0.317796456355,0.652143528104
9300,2,2901,HOH,H1,H,1.007947,0.4242243450515,1.0,0.0
9301,2,2901,HOH,H2,H,1.007947,0.4242243450515,1.0,0.0
9302,2,2902,HOH,O,O,15.99943,-0.848448690103,0.317796456355,0.652143528104
9303,2,2902,HOH,H1,H,1.007947,0.4242243450515,1.0,0.0
9304,2,2902,HOH,H2,H,1.007947,0.4242243450515,1.0,0.0
9305,2,2903,HOH,O,O,15.99943,-0.848448690103,0.317796456355,0.652143528104
9306,2,2903,HOH,H1,H,1.007947,0.4242243450515,1.0,0.0
9307,2,2903,HOH,H2,H,1.007947,0.4242243450515,1.0,0.0
9308,2,2904,HOH,O,O,15.99943,-0.848448690103,0.317796456355,0.652143528104
9309,2,2904,HOH,H1,H,1.007947,0.4242243450515,1.0,0.0
9310,2,2904,HOH,H2,H,1.007947,0.4242243450515,1.0,0.0
9311,2,2905,HOH,O,O,15.99943,-0.848448690103,0.317796456355,0.652143528104
9312,2,2905,HOH,H1,H,1.007947,0.4242243450515,1.0,0.0
9313,2,2905,HOH,H2,H,1.007947,0.4242243450515,1.0,0.0
9314,2,2906,HOH,O,O,15.99943,-0.848448690103,0.317796456355,0.652143528104
9315,2,2906,HOH,H1,H,1.007947,0.4242243450515,1.0,0.0
9316,2,2906,HOH,H2,H,1.007947,0.4242243450515,1.0,0.0
9317,2,2907,HOH,O,O,15.99943,-0.848448690103,0.317796456355,0.652143528104
9318,2,2907,HOH,H1,H,1.007947,0.4242243450515,1.0,0.0
9319,2,2907,HOH,H2,H,1.007947,0.4242243450515,1.0,0.0
9320,2,2908,HOH,O,O,15.99943,-0.848448690103,0.317796456355,0.652143528104
9321,2,2908,HOH,H1,H,1.007947,0.4242243450515,1.0,0.0
9322,2,2908,HOH,H2,H,1.007947,0.4242243450515,1.0,0.0
9323,2,2909,HOH,O,O,15.99943,-0.848448690103,0.317796456355,0.652143528104
9324,2,2909,HOH,H1,H,1.007947,0.4242243450515,1.0,0.0
9325,2,2909,HOH,H2,H,1.007947,0.4242243450515,1.0,0.0
9326,2,2910,HOH,O,O,15.99943,-0.848448690103,0.317796456355,0.652143528104
9327,2,2910,HOH,H1,H,1.007947,0.4242243450515,1.0,0.0
9328,2,2910,HOH,H2,H,1.007947,0.4242243450515,1.0,0.0
9329,2,2911,HOH,O,O,15.99943,-0.848448690103,0.317796456355,0.652143528104
9330,2,2911,HOH,H1,H,1.007947,0.4242243450515,1.0,0.0
9331,2,2911,HOH,H2,H,1.007947,0.4242243450515,1.0,0.0
9332,2,2912,HOH,O,O,15.99943,-0.848448690103,0.317796456355,0.652143528104
9333,2,2912,HOH,H1,H,1.007947,0.4242243450515,1.0,0.0
9334,2,2912,HOH,H2,H,1.007947,0.4242243450515,1.0,0.0
9335,2,2913,HOH,O,O,15.99943,-0.848448690103,0.317796456355,0.652143528104
9336,2,2913,HOH,H1,H,1.007947,0.4242243450515,1.0,0.0
9337,2,2913,HOH,H2,H,1.007947,0.4242243450515,1.0,0.0
9338,2,2914,HOH,O,O,15.99943,-0.848448690103,0.317796456355,0.652143528104
9339,2,2914,HOH,H1,H,1.007947,0.4242243450515,1.0,0.0
9340,2,2914,HOH,H2,H,1.007947,0.4242243450515,1.0,0.0
9341,2,2915,HOH,O,O,15.99943,-0.848448690103,0.317796456355,0.652143528104
9342,2,2915,HOH,H1,H,1.007947,0.4242243450515,1.0,0.0
9343,2,2915,HOH,H2,H,1.007947,0.4242243450515,1.0,0.0
9344,2,2916,HOH,O,O,15.99943,-0.848448690103,0.317796456355,0.652143528104
9345,2,2916,HOH,H1,H,1.007947,0.4242243450515,1.0,0.0
9346,2,2916,HOH,H2,H,1.007947,0.4242243450515,1.0,0.0
9347,2,2917,HOH,O,O,15.99943,-0.848448690103,0.317796456355,0.652143528104
9348,2,2917,HOH,H1,H,1.007947,0.4242243450515,1.0,0.0
9349,2,2917,HOH,H2,H,1.007947,0.4242243450515,1.0,0.0
9350,2,2918,HOH,O,O,15.99943,-0.848448690103,0.317796456355,0.652143528104
9351,2,2918,HOH,H1,H,1.007947,0.4242243450515,1.0,0.0
9352,2,2918,HOH,H2,H,1.007947,0.4242243450515,1.0,0.0
9353,2,2919,HOH,O,O,15.99943,-0.848448690103,0.317796456355,0.652143528104
9354,2,2919,HOH,H1,H,1.007947,0.4242243450515,1.0,0.0
9355,2,2919,HOH,H2,H,1.007947,0.4242243450515,1.0,0.0
9356,2,2920,HOH,O,O,15.99943,-0.848448690103,0.317796456355,0.652143528104
9357,2,2920,HOH,H1,H,1.007947,0.4242243450515,1.0,0.0
9358,2,2920,HOH,H2,H,1.007947,0.4242243450515,1.0,0.0
9359,2,2921,HOH,O,O,15.99943,-0.848448690103,0.317796456355,0.652143528104
9360,2,2921,HOH,H1,H,1.007947,0.4242243450515,1.0,0.0
9361,2,2921,HOH,H2,H,1.007947,0.4242243450515,1.0,0.0
9362,2,2922,HOH,O,O,15.99943,-0.848448690103,0.317796456355,0.652143528104
9363,2,2922,HOH,H1,H,1.007947,0.4242243450515,1.0,0.0
9364,2,2922,HOH,H2,H,1.007947,0.4242243450515,1.0,0.0
9365,2,2923,HOH,O,O,15.99943,-0.848448690103,0.317796456355,0.652143528104
9366,2,2923,HOH,H1,H,1.007947,0.4242243450515,1.0,0.0
9367,2,2923,HOH,H2,H,1.007947,0.4242243450515,1.0,0.0
9368,2,2924,HOH,O,O,15.99943,-0.848448690103,0.317796456355,0.652143528104
9369,2,2924,HOH,H1,H,1.007947,0.4242243450515,1.0,0.0
9370,2,2924,HOH,H2,H,1.007947,0.4242243450515,1.0,0.0
9371,2,2925,HOH,O,O,15.99943,-0.848448690103,0.317796456355,0.652143528104
9372,2,2925,HOH,H1,H,1.007947,0.4242243450515,1.0,0.0
9373,2,2925,HOH,H2,H,1.007947,0.4242243450515,1.0,0.0
9374,2,2926,HOH,O,O,15.99943,-0.848448690103,0.317796456355,0.652143528104
9375,2,2926,HOH,H1,H,1.007947,0.4242243450515,1.0,0.0
9376,2,2926,HOH,H2,H,1.007947,0.4242243450515,1.0,0.0
9377,2,2927,HOH,O,O,15.99943,-0.848448690103,0.317796456355,0.652143528104
9378,2,2927,HOH,H1,H,1.007947,0.4242243450515,1.0,0.0
9379,2,2927,HOH,H2,H,1.007947,0.4242243450515,1.0,0.0
9380,2,2928,HOH,O,O,15.99943,-0.848448690103,0.317796456355,0.652143528104
9381,2,2928,HOH,H1,H,1.007947,0.4242243450515,1.0,0.0
9382,2,2928,HOH,H2,H,1.007947,0.4242243450515,1.0,0.0
9383,2,2929,HOH,O,O,15.99943,-0.848448690103,0.317796456355,0.652143528104
9384,2,2929,HOH,H1,H,1.007947,0.4242243450515,1.0,0.0
9385,2,2929,HOH,H2,H,1.007947,0.4242243450515,1.0,0.0
9386,2,2930,HOH,O,O,15.99943,-0.848448690103,0.317796456355,0.652143528104
9387,2,2930,HOH,H1,H,1.007947,0.4242243450515,1.0,0.0
9388,2,2930,HOH,H2,H,1.007947,0.4242243450515,1.0,0.0
9389,2,2931,HOH,O,O,15.99943,-0.848448690103,0.317796456355,0.652143528104
9390,2,2931,HOH,H1,H,1.007947,0.4242243450515,1.0,0.0
9391,2,2931,HOH,H2,H,1.007947,0.4242243450515,1.0,0.0
9392,2,2932,HOH,O,O,15.99943,-0.848448690103,0.317796456355,0.652143528104
9393,2,2932,HOH,H1,H,1.007947,0.4242243450515,1.0,0.0
9394,2,2932,HOH,H2,H,1.007947,0.4242243450515,1.0,0.0
9395,2,2933,HOH,O,O,15.99943,-0.848448690103,0.317796456355,0.652143528104
9396,2,2933,HOH,H1,H,1.007947,0.4242243450515,1.0,0.0
9397,2,2933,HOH,H2,H,1.007947,0.4242243450515,1.0,0.0
9398,2,2934,HOH,O,O,15.99943,-0.848448690103,0.317796456355,0.652143528104
9399,2,2934,HOH,H1,H,1.007947,0.4242243450515,1.0,0.0
9400,2,2934,HOH,H2,H,1.007947,0.4242243450515,1.0,0.0
9401,2,2935,HOH,O,O,15.99943,-0.848448690103,0.317796456355,0.652143528104
9402,2,2935,HOH,H1,H,1.007947,0.4242243450515,1.0,0.0
9403,2,2935,HOH,H2,H,1.007947,0.4242243450515,1.0,0.0
9404,2,2936,HOH,O,O,15.99943,-0.848448690103,0.317796456355,0.652143528104
9405,2,2936,HOH,H1,H,1.007947,0.4242243450515,1.0,0.0
9406,2,2936,HOH,H2,H,1.007947,0.4242243450515,1.0,0.0
9407,2,2937,HOH,O,O,15.99943,-0.848448690103,0.317796456355,0.652143528104
9408,2,2937,HOH,H1,H,1.007947,0.4242243450515,1.0,0.0
9409,2,2937,HOH,H2,H,1.007947,0.4242243450515,1.0,0.0
9410,2,2938,HOH,O,O,15.99943,-0.848448690103,0.317796456355,0.652143528104
9411,2,2938,HOH,H1,H,1.007947,0.4242243450515,1.0,0.0
9412,2,2938,HOH,H2,H,1.007947,0.4242243450515,1.0,0.0
9413,2,2939,HOH,O,O,15.99943,-0.848448690103,0.317796456355,0.652143528104
9414,2,2939,HOH,H1,H,1.007947,0.4242243450515,1.0,0.0
9415,2,2939,HOH,H2,H,1.007947,0.4242243450515,1.0,0.0
9416,2,2940,HOH,O,O,15.99943,-0.848448690103,0.317796456355,0.652143528104
9417,2,2940,HOH,H1,H,1.007947,0.4242243450515,1.0,0.0
9418,2,2940,HOH,H2,H,1.007947,0.4242243450515,1.0,0.0
9419,2,2941,HOH,O,O,15.99943,-0.848448690103,0.317796456355,0.652143528104
9420,2,2941,HOH,H1,H,1.007947,0.4242243450515,1.0,0.0
9421,2,2941,HOH,H2,H,1.007947,0.4242243450515,1.0,0.0
9422,2,2942,HOH,O,O,15.99943,-0.848448690103,0.317796456355,0.652143528104
9423,2,2942,HOH,H1,H,1.007947,0.4242243450515,1.0,0.0
9424,2,2942,HOH,H2,H,1.007947,0.4242243450515,1.0,0.0
9425,2,2943,HOH,O,O,15.99943,-0.848448690103,0.317796456355,0.652143528104
9426,2,2943,HOH,H1,H,1.007947,0.4242243450515,1.0,0.0
9427,2,2943,HOH,H2,H,1.007947,0.4242243450515,1.0,0.0
9428,2,2944,HOH,O,O,15.99943,-0.848448690103,0.317796456355,0.652143528104
9429,2,2944,HOH,H1,H,1.007947,0.4242243450515,1.0,0.0
9430,2,2944,HOH,H2,H,1.007947,0.4242243450515,1.0,0.0
9431,2,2945,HOH,O,O,15.99943,-0.848448690103,0.317796456355,0.652143528104
9432,2,2945,HOH,H1,H,1.007947,0.4242243450515,1.0,0.0
9433,2,2945,HOH,H2,H,1.007947,0.4242243450515,1.0,0.0
9434,2,2946,HOH,O,O,15.99943,-0.848448690103,0.317796456355,0.652143528104
9435,2,2946,HOH,H1,H,1.007947,0.4242243450515,1.0,0.0
9436,2,2946,HOH,H2,H,1.007947,0.4242243450515,1.0,0.0
9437,2,2947,HOH,O,O,15.99943,-0.848448690103,0.317796456355,0.652143528104
9438,2,2947,HOH,H1,H,1.007947,0.4242243450515,1.0,0.0
9439,2,2947,HOH,H2,H,1.007947,0.4242243450515,1.0,0.0
9440,2,2948,HOH,O,O,15.99943,-0.848448690103,0.317796456355,0.652143528104
9441,2,2948,HOH,H1,H,1.007947,0.4242243450515,1.0,0.0
9442,2,2948,HOH,H2,H,1.007947,0.4242243450515,1.0,0.0
9443,2,2949,HOH,O,O,15.99943,-0.848448690103,0.317796456355,0.652143528104
9444,2,2949,HOH,H1,H,1.007947,0.4242243450515,1.0,0.0
9445,2,2949,HOH,H2,H,1.007947,0.4242243450515,1.0,0.0
9446,2,2950,HOH,O,O,15.99943,-0.848448690103,0.317796456355,0.652143528104
9447,2,2950,HOH,H1,H,1.007947,0.4242243450515,1.0,0.0
9448,2,2950,HOH,H2,H,1.007947,0.4242243450515,1.0,0.0
9449,2,2951,HOH,O,O,15.99943,-0.848448690103,0.317796456355,0.652143528104
9450,2,2951,HOH,H1,H,1.007947,0.4242243450515,1.0,0.0
9451,2,2951,HOH,H2,H,1.007947,0.4242243450515,1.0,0.0
9452,2,2952,HOH,O,O,15.99943,-0.848448690103,0.317796456355,0.652143528104
9453,2,2952,HOH,H1,H,1.007947,0.4242243450515,1.0,0.0
9454,2,2952,HOH,H2,H,1.007947,0.4242243450515,1.0,0.0
9455,2,2953,HOH,O,O,15.99943,-0.848448690103,0.317796456355,0.652143528104
9456,2,2953,HOH,H1,H,1.007947,0.4242243450515,1.0,0.0
9457,2,2953,HOH,H2,H,1.007947,0.4242243450515,1.0,0.0
9458,2,2954,HOH,O,O,15.99943,-0.848448690103,0.317796456355,0.652143528104
9459,2,2954,HOH,H1,H,1.007947,0.4242243450515,1.0,0.0
9460,2,2954,HOH,H2,H,1.007947,0.4242243450515,1.0,0.0
9461,2,2955,HOH,O,O,15.99943,-0.848448690103,0.317796456355,0.652143528104
9462,2,2955,HOH,H1,H,1.007947,0.4242243450515,1.0,0.0
9463,2,2955,HOH,H2,H,1.007947,0.4242243450515,1.0,0.0
9464,2,2956,HOH,O,O,15.99943,-0.848448690103,0.317796456355,0.652143528104
9465,2,2956,HOH,H1,H,1.007947,0.4242243450515,1.0,0.0
9466,2,2956,HOH,H2,H,1.007947,0.4242243450515,1.0,0.0
9467,2,2957,HOH,O,O,15.99943,-0.848448690103,0.317796456355,0.652143528104
9468,2,2957,HOH,H1,H,1.007947,0.4242243450515,1.0,0.0
9469,2,2957,HOH,H2,H,1.007947,0.4242243450515,1.0,0.0
9470,2,2958,HOH,O,O,15.99943,-0.848448690103,0.317796456355,0.652143528104
9471,2,2958,HOH,H1,H,1.007947,0.4242243450515,1.0,0.0
9472,2,2958,HOH,H2,H,1.007947,0.4242243450515,1.0,0.0
9473,2,2959,HOH,O,O,15.99943,-0.848448690103,0.317796456355,0.652143528104
9474,2,2959,HOH,H1,H,1.007947,0.4242243450515,1.0,0.0
9475,2,2959,HOH,H2,H,1.007947,0.4242243450515,1.0,0.0
9476,2,2960,HOH,O,O,15.99943,-0.848448690103,0.317796456355,0.652143528104
9477,2,2960,HOH,H1,H,1.007947,0.4242243450515,1.0,0.0
9478,2,2960,HOH,H2,H,1.007947,0.4242243450515,1.0,0.0
9479,2,2961,HOH,O,O,15.99943,-0.848448690103,0.317796456355,0.652143528104
9480,2,2961,HOH,H1,H,1.007947,0.4242243450515,1.0,0.0
9481,2,2961,HOH,H2,H,1.007947,0.4242243450515,1.0,0.0
9482,2,2962,HOH,O,O,15.99943,-0.848448690103,0.317796456355,0.652143528104
9483,2,2962,HOH,H1,H,1.007947,0.4242243450515,1.0,0.0
9484,2,2962,HOH,H2,H,1.007947,0.4242243450515,1.0,0.0
9485,2,2963,HOH,O,O,15.99943,-0.848448690103,0.317796456355,0.652143528104
9486,2,2963,HOH,H1,H,1.007947,0.4242243450515,1.0,0.0
9487,2,2963,HOH,H2,H,1.007947,0.4242243450515,1.0,0.0
9488,2,2964,HOH,O,O,15.99943,-0.848448690103,0.317796456355,0.652143528104
9489,2,2964,HOH,H1,H,1.007947,0.4242243450515,1.0,0.0
9490,2,2964,HOH,H2,H,1.007947,0.4242243450515,1.0,0.0
9491,2,2965,HOH,O,O,15.99943,-0.848448690103,0.317796456355,0.652143528104
9492,2,2965,HOH,H1,H,1.007947,0.4242243450515,1.0,0.0
9493,2,2965,HOH,H2,H,1.007947,0.4242243450515,1.0,0.0
9494,2,2966,HOH,O,O,15.99943,-0.848448690103,0.317796456355,0.652143528104
9495,2,2966,HOH,H1,H,1.007947,0.4242243450515,1.0,0.0
9496,2,2966,HOH,H2,H,1.007947,0.4242243450515,1.0,0.0
9497,2,2967,HOH,O,O,15.99943,-0.848448690103,0.317796456355,0.652143528104
9498,2,2967,HOH,H1,H,1.007947,0.4242243450515,1.0,0.0
9499,2,2967,HOH,H2,H,1.007947,0.4242243450515,1.0,0.0
9500,2,2968,HOH,O,O,15.99943,-0.848448690103,0.317796456355,0.652143528104
9501,2,2968,HOH,H1,H,1.007947,0.4242243450515,1.0,0.0
9502,2,2968,HOH,H2,H,1.007947,0.4242243450515,1.0,0.0
9503,2,2969,HOH,O,O,15.99943,-0.848448690103,0.317796456355,0.652143528104
9504,2,2969,HOH,H1,H,1.007947,0.4242243450515,1.0,0.0
9505,2,2969,HOH,H2,H,1.007947,0.4242243450515,1.0,0.0
9506,2,2970,HOH,O,O,15.99943,-0.848448690103,0.317796456355,0.652143528104
9507,2,2970,HOH,H1,H,1.007947,0.4242243450515,1.0,0.0
9508,2,2970,HOH,H2,H,1.007947,0.4242243450515,1.0,0.0
9509,2,2971,HOH,O,O,15.99943,-0.848448690103,0.317796456355,0.652143528104
9510,2,2971,HOH,H1,H,1.007947,0.4242243450515,1.0,0.0
9511,2,2971,HOH,H2,H,1.007947,0.4242243450515,1.0,0.0
9512,2,2972,HOH,O,O,15.99943,-0.848448690103,0.317796456355,0.652143528104
9513,2,2972,HOH,H1,H,1.007947,0.4242243450515,1.0,0.0
9514,2,2972,HOH,H2,H,1.007947,0.4242243450515,1.0,0.0
9515,2,2973,HOH,O,O,15.99943,-0.848448690103,0.317796456355,0.652143528104
9516,2,2973,HOH,H1,H,1.007947,0.4242243450515,1.0,0.0
9517,2,2973,HOH,H2,H,1.007947,0.4242243450515,1.0,0.0
9518,2,2974,HOH,O,O,15.99943,-0.848448690103,0.317796456355,0.652143528104
9519,2,2974,HOH,H1,H,1.007947,0.4242243450515,1.0,0.0
9520,2,2974,HOH,H2,H,1.007947,0.4242243450515,1.0,0.0
9521,2,2975,HOH,O,O,15.99943,-0.848448690103,0.317796456355,0.652143528104
9522,2,2975,HOH,H1,H,1.007947,0.4242243450515,1.0,0.0
9523,2,2975,HOH,H2,H,1.007947,0.4242243450515,1.0,0.0
9524,2,2976,HOH,O,O,15.99943,-0.848448690103,0.317796456355,0.652143528104
9525,2,2976,HOH,H1,H,1.007947,0.4242243450515,1.0,0.0
9526,2,2976,HOH,H2,H,1.007947,0.4242243450515,1.0,0.0
9527,2,2977,HOH,O,O,15.99943,-0.848448690103,0.317796456355,0.652143528104
9528,2,2977,HOH,H1,H,1.007947,0.4242243450515,1.0,0.0
9529,2,2977,HOH,H2,H,1.007947,0.4242243450515,1.0,0.0
9530,2,2978,HOH,O,O,15.99943,-0.848448690103,0.317796456355,0.652143528104
9531,2,2978,HOH,H1,H,1.007947,0.4242243450515,1.0,0.0
9532,2,2978,HOH,H2,H,1.007947,0.4242243450515,1.0,0.0
9533,2,2979,HOH,O,O,15.99943,-0.848448690103,0.317796456355,0.652143528104
9534,2,2979,HOH,H1,H,1.007947,0.4242243450515,1.0,0.0
9535,2,2979,HOH,H2,H,1.007947,0.4242243450515,1.0,0.0
9536,2,2980,HOH,O,O,15.99943,-0.848448690103,0.317796456355,0.652143528104
9537,2,2980,HOH,H1,H,1.007947,0.4242243450515,1.0,0.0
9538,2,2980,HOH,H2,H,1.007947,0.4242243450515,1.0,0.0
9539,2,2981,HOH,O,O,15.99943,-0.848448690103,0.317796456355,0.652143528104
9540,2,2981,HOH,H1,H,1.007947,0.4242243450515,1.0,0.0
9541,2,2981,HOH,H2,H,1.007947,0.4242243450515,1.0,0.0
9542,2,2982,HOH,O,O,15.99943,-0.848448690103,0.317796456355,0.652143528104
9543,2,2982,HOH,H1,H,1.007947,0.4242243450515,1.0,0.0
9544,2,2982,HOH,H2,H,1.007947,0.4242243450515,1.0,0.0
9545,2,2983,HOH,O,O,15.99943,-0.848448690103,0.317796456355,0.652143528104
9546,2,2983,HOH,H1,H,1.007947,0.4242243450515,1.0,0.0
9547,2,2983,HOH,H2,H,1.007947,0.4242243450515,1.0,0.0
9548,2,2984,HOH,O,O,15.99943,-0.848448690103,0.317796456355,0.652143528104
9549,2,2984,HOH,H1,H,1.007947,0.4242243450515,1.0,0.0
9550,2,2984,HOH,H2,H,1.007947,0.4242243450515,1.0,0.0
9551,2,2985,HOH,O,O,15.99943,-0.848448690103,0.317796456355,0.652143528104
9552,2,2985,HOH,H1,H,1.007947,0.4242243450515,1.0,0.0
9553,2,2985,HOH,H2,H,1.007947,0.4242243450515,1.0,0.0
9554,2,2986,HOH,O,O,15.99943,-0.848448690103,0.317796456355,0.652143528104
9555,2,2986,HOH,H1,H,1.007947,0.4242243450515,1.0,0.0
9556,2,2986,HOH,H2,H,1.007947,0.4242243450515,1.0,0.0
9557,2,2987,HOH,O,O,15.99943,-0.848448690103,0.317796456355,0.652143528104
9558,2,2987,HOH,H1,H,1.007947,0.4242243450515,1.0,0.0
9559,2,2987,HOH,H2,H,1.007947,0.4242243450515,1.0,0.0
9560,2,2988,HOH,O,O,15.99943,-0.848448690103,0.317796456355,0.652143528104
9561,2,2988,HOH,H1,H,1.007947,0.4242243450515,1.0,0.0
9562,2,2988,HOH,H2,H,1.007947,0.4242243450515,1.0,0.0
9563,2,2989,HOH,O,O,15.99943,-0.848448690103,0.317796456355,0.652143528104
9564,2,2989,HOH,H1,H,1.007947,0.4242243450515,1.0,0.0
9565,2,2989,HOH,H2,H,1.007947,0.4242243450515,1.0,0.0
9566,2,2990,HOH,O,O,15.99943,-0.848448690103,0.317796456355,0.652143528104
9567,2,2990,HOH,H1,H,1.007947,0.4242243450515,1.0,0.0
9568,2,2990,HOH,H2,H,1.007947,0.4242243450515,1.0,0.0
9569,2,2991,HOH,O,O,15.99943,-0.848448690103,0.317796456355,0.652143528104
9570,2,2991,HOH,H1,H,1.007947,0.4242243450515,1.0,0.0
9571,2,2991,HOH,H2,H,1.007947,0.4242243450515,1.0,0.0
9572,2,2992,HOH,O,O,15.99943,-0.848448690103,0.317796456355,0.652143528104
9573,2,2992,HOH,H1,H,1.007947,0.4242243450515,1.0,0.0
9574,2,2992,HOH,H2,H,1.007947,0.4242243450515,1.0,0.0
9575,2,2993,HOH,O,O,15.99943,-0.848448690103,0.317796456355,0.652143528104
9576,2,2993,HOH,H1,H,1.007947,0.4242243450515,1.0,0.0
9577,2,2993,HOH,H2,H,1.007947,0.4242243450515,1.0,0.0
9578,2,2994,HOH,O,O,15.99943,-0.848448690103,0.317796456355,0.652143528104
9579,2,2994,HOH,H1,H,1.007947,0.4242243450515,1.0,0.0
9580,2,2994,HOH,H2,H,1.007947,0.4242243450515,1.0,0.0
9581,2,2995,HOH,O,O,15.99943,-0.848448690103,0.317796456355,0.652143528104
9582,2,2995,HOH,H1,H,1.007947,0.4242243450515,1.0,0.0
9583,2,2995,HOH,H2,H,1.007947,0.4242243450515,1.0,0.0
9584,2,2996,HOH,O,O,15.99943,-0.848448690103,0.317796456355,0.652143528104
9585,2,2996,HOH,H1,H,1.007947,0.4242243450515,1.0,0.0
9586,2,2996,HOH,H2,H,1.007947,0.4242243450515,1.0,0.0
9587,2,2997,HOH,O,O,15.99943,-0.848448690103,0.317796456355,0.652143528104
9588,2,2997,HOH,H1,H,1.007947,0.4242243450515,1.0,0.0
9589,2,2997,HOH,H2,H,1.007947,0.4242243450515,1.0,0.0
9590,2,2998,HOH,O,O,15.99943,-0.848448690103,0.317796456355,0.652143528104
9591,2,2998,HOH,H1,H,1.007947,0.4242243450515,1.0,0.0
9592,2,2998,HOH,H2,H,1.007947,0.4242243450515,1.0,0.0
9593,2,2999,HOH,O,O,15.99943,-0.848448690103,0.317796456355,0.652143528104
9594,2,2999,HOH,H1,H,1.007947,0.4242243450515,1.0,0.0
9595,2,2999,HOH,H2,H,1.007947,0.4242243450515,1.0,0.0
9596,2,3000,HOH,O,O,15.99943,-0.848448690103,0.317796456355,0.652143528104
9597,2,3000,HOH,H1,H,1.007947,0.4242243450515,1.0,0.0
9598,2,3000,HOH,H2,H,1.007947,0.4242243450515,1.0,0.0
9599,2,3001,HOH,O,O,15.99943,-0.848448690103,0.317796456355,0.652143528104
9600,2,3001,HOH,H1,H,1.007947,0.4242243450515,1.0,0.0
9601,2,3001,HOH,H2,H,1.007947,0.4242243450515,1.0,0.0
9602,2,3002,HOH,O,O,15.99943,-0.848448690103,0.317796456355,0.652143528104
9603,2,3002,HOH,H1,H,1.007947,0.4242243450515,1.0,0.0
9604,2,3002,HOH,H2,H,1.007947,0.4242243450515,1.0,0.0
9605,2,3003,HOH,O,O,15.99943,-0.848448690103,0.317796456355,0.652143528104
9606,2,3003,HOH,H1,H,1.007947,0.4242243450515,1.0,0.0
9607,2,3003,HOH,H2,H,1.007947,0.4242243450515,1.0,0.0
9608,2,3004,HOH,O,O,15.99943,-0.848448690103,0.317796456355,0.652143528104
9609,2,3004,HOH,H1,H,1.007947,0.4242243450515,1.0,0.0
9610,2,3004,HOH,H2,H,1.007947,0.4242243450515,1.0,0.0
9611,2,3005,HOH,O,O,15.99943,-0.848448690103,0.317796456355,0.652143528104
9612,2,3005,HOH,H1,H,1.007947,0.4242243450515,1.0,0.0
9613,2,3005,HOH,H2,H,1.007947,0.4242243450515,1.0,0.0
9614,2,3006,HOH,O,O,15.99943,-0.848448690103,0.317796456355,0.652143528104
9615,2,3006,HOH,H1,H,1.007947,0.4242243450515,1.0,0.0
9616,2,3006,HOH,H2,H,1.007947,0.4242243450515,1.0,0.0
9617,2,3007,HOH,O,O,15.99943,-0.848448690103,0.317796456355,0.652143528104
9618,2,3007,HOH,H1,H,1.007947,0.4242243450515,1.0,0.0
9619,2,3007,HOH,H2,H,1.007947,0.4242243450515,1.0,0.0
9620,2,3008,HOH,O,O,15.99943,-0.848448690103,0.317796456355,0.652143528104
9621,2,3008,HOH,H1,H,1.007947,0.4242243450515,1.0,0.0
9622,2,3008,HOH,H2,H,1.007947,0.4242243450515,1.0,0.0
9623,2,3009,HOH,O,O,15.99943,-0.848448690103,0.317796456355,0.652143528104
9624,2,3009,HOH,H1,H,1.007947,0.4242243450515,1.0,0.0
9625,2,3009,HOH,H2,H,1.007947,0.4242243450515,1.0,0.0
9626,2,3010,HOH,O,O,15.99943,-0.848448690103,0.317796456355,0.652143528104
9627,2,3010,HOH,H1,H,1.007947,0.4242243450515,1.0,0.0
9628,2,3010,HOH,H2,H,1.007947,0.4242243450515,1.0,0.0
9629,2,3011,HOH,O,O,15.99943,-0.848448690103,0.317796456355,0.652143528104
9630,2,3011,HOH,H1,H,1.007947,0.4242243450515,1.0,0.0
9631,2,3011,HOH,H2,H,1.007947,0.4242243450515,1.0,0.0
9632,2,3012,HOH,O,O,15.99943,-0.848448690103,0.317796456355,0.652143528104
9633,2,3012,HOH,H1,H,1.007947,0.4242243450515,1.0,0.0
9634,2,3012,HOH,H2,H,1.007947,0.4242243450515,1.0,0.0
9635,2,3013,HOH,O,O,15.99943,-0.848448690103,0.317796456355,0.652143528104
9636,2,3013,HOH,H1,H,1.007947,0.4242243450515,1.0,0.0
9637,2,3013,HOH,H2,H,1.007947,0.4242243450515,1.0,0.0
9638,2,3014,HOH,O,O,15.99943,-0.848448690103,0.317796456355,0.652143528104
9639,2,3014,HOH,H1,H,1.007947,0.4242243450515,1.0,0.0
9640,2,3014,HOH,H2,H,1.007947,0.4242243450515,1.0,0.0
9641,2,3015,HOH,O,O,15.99943,-0.848448690103,0.317796456355,0.652143528104
9642,2,3015,HOH,H1,H,1.007947,0.4242243450515,1.0,0.0
9643,2,3015,HOH,H2,H,1.007947,0.4242243450515,1.0,0.0
9644,2,3016,HOH,O,O,15.99943,-0.848448690103,0.317796456355,0.652143528104
9645,2,3016,HOH,H1,H,1.007947,0.4242243450515,1.0,0.0
9646,2,3016,HOH,H2,H,1.007947,0.4242243450515,1.0,0.0
9647,2,3017,HOH,O,O,15.99943,-0.848448690103,0.317796456355,0.652143528104
9648,2,3017,HOH,H1,H,1.007947,0.4242243450515,1.0,0.0
9649,2,3017,HOH,H2,H,1.007947,0.4242243450515,1.0,0.0
9650,2,3018,HOH,O,O,15.99943,-0.848448690103,0.317796456355,0.652143528104
9651,2,3018,HOH,H1,H,1.007947,0.4242243450515,1.0,0.0
9652,2,3018,HOH,H2,H,1.007947,0.4242243450515,1.0,0.0
9653,2,3019,HOH,O,O,15.99943,-0.848448690103,0.317796456355,0.652143528104
9654,2,3019,HOH,H1,H,1.007947,0.4242243450515,1.0,0.0
9655,2,3019,HOH,H2,H,1.007947,0.4242243450515,1.0,0.0
9656,2,3020,HOH,O,O,15.99943,-0.848448690103,0.317796456355,0.652143528104
9657,2,3020,HOH,H1,H,1.007947,0.4242243450515,1.0,0.0
9658,2,3020,HOH,H2,H,1.007947,0.4242243450515,1.0,0.0
9659,2,3021,HOH,O,O,15.99943,-0.848448690103,0.317796456355,0.652143528104
9660,2,3021,HOH,H1,H,1.007947,0.4242243450515,1.0,0.0
9661,2,3021,HOH,H2,H,1.007947,0.4242243450515,1.0,0.0
9662,2,3022,HOH,O,O,15.99943,-0.848448690103,0.317796456355,0.652143528104
9663,2,3022,HOH,H1,H,1.007947,0.4242243450515,1.0,0.0
9664,2,3022,HOH,H2,H,1.007947,0.4242243450515,1.0,0.0
9665,2,3023,HOH,O,O,15.99943,-0.848448690103,0.317796456355,0.652143528104
9666,2,3023,HOH,H1,H,1.007947,0.4242243450515,1.0,0.0
9667,2,3023,HOH,H2,H,1.007947,0.4242243450515,1.0,0.0
9668,2,3024,HOH,O,O,15.99943,-0.848448690103,0.317796456355,0.652143528104
9669,2,3024,HOH,H1,H,1.007947,0.4242243450515,1.0,0.0
9670,2,3024,HOH,H2,H,1.007947,0.4242243450515,1.0,0.0
9671,2,3025,HOH,O,O,15.99943,-0.848448690103,0.317796456355,0.652143528104
9672,2,3025,HOH,H1,H,1.007947,0.4242243450515,1.0,0.0
9673,2,3025,HOH,H2,H,1.007947,0.4242243450515,1.0,0.0
9674,2,3026,HOH,O,O,15.99943,-0.848448690103,0.317796456355,0.652143528104
9675,2,3026,HOH,H1,H,1.007947,0.4242243450515,1.0,0.0
9676,2,3026,HOH,H2,H,1.007947,0.4242243450515,1.0,0.0
9677,2,3027,HOH,O,O,15.99943,-0.848448690103,0.317796456355,0.652143528104
9678,2,3027,HOH,H1,H,1.007947,0.4242243450515,1.0,0.0
9679,2,3027,HOH,H2,H,1.007947,0.4242243450515,1.0,0.0
9680,2,3028,HOH,O,O,15.99943,-0.848448690103,0.317796456355,0.652143528104
9681,2,3028,HOH,H1,H,1.007947,0.4242243450515,1.0,0.0
9682,2,3028,HOH,H2,H,1.007947,0.4242243450515,1.0,0.0
9683,2,3029,HOH,O,O,15.99943,-0.848448690103,0.317796456355,0.652143528104
9684,2,3029,HOH,H1,H,1.007947,0.4242243450515,1.0,0.0
9685,2,3029,HOH,H2,H,1.007947,0.4242243450515,1.0,0.0
9686,2,3030,HOH,O,O,15.99943,-0.848448690103,0.317796456355,0.652143528104
9687,2,3030,HOH,H1,H,1.007947,0.4242243450515,1.0,0.0
9688,2,3030,HOH,H2,H,1.007947,0.4242243450515,1.0,0.0
9689,2,3031,HOH,O,O,15.99943,-0.848448690103,0.317796456355,0.652143528104
9690,2,3031,HOH,H1,H,1.007947,0.4242243450515,1.0,0.0
9691,2,3031,HOH,H2,H,1.007947,0.4242243450515,1.0,0.0
9692,2,3032,HOH,O,O,15.99943,-0.848448690103,0.317796456355,0.652143528104
9693,2,3032,HOH,H1,H,1.007947,0.4242243450515,1.0,0.0
9694,2,3032,HOH,H2,H,1.007947,0.4242243450515,1.0,0.0
9695,2,3033,HOH,O,O,15.99943,-0.848448690103,0.317796456355,0.652143528104
9696,2,3033,HOH,H1,H,1.007947,0.4242243450515,1.0,0.0
9697,2,3033,HOH,H2,H,1.007947,0.4242243450515,1.0,0.0
9698,2,3034,HOH,O,O,15.99943,-0.848448690103,0.317796456355,0.652143528104
9699,2,3034,HOH,H1,H,1.007947,0.4242243450515,1.0,0.0
9700,2,3034,HOH,H2,H,1.007947,0.4242243450515,1.0,0.0
9701,2,3035,HOH,O,O,15.99943,-0.848448690103,0.317796456355,0.652143528104
9702,2,3035,HOH,H1,H,1.007947,0.4242243450515,1.0,0.0
9703,2,3035,HOH,H2,H,1.007947,0.4242243450515,1.0,0.0
9704,2,3036,HOH,O,O,15.99943,-0.848448690103,0.317796456355,0.652143528104
9705,2,3036,HOH,H1,H,1.007947,0.4242243450515,1.0,0.0
9706,2,3036,HOH,H2,H,1.007947,0.4242243450515,1.0,0.0
9707,2,3037,HOH,O,O,15.99943,-0.848448690103,0.317796456355,0.652143528104
9708,2,3037,HOH,H1,H,1.007947,0.4242243450515,1.0,0.0
9709,2,3037,HOH,H2,H,1.007947,0.4242243450515,1.0,0.0
9710,2,3038,HOH,O,O,15.99943,-0.848448690103,0.317796456355,0.652143528104
9711,2,3038,HOH,H1,H,1.007947,0.4242243450515,1.0,0.0
9712,2,3038,HOH,H2,H,1.007947,0.4242243450515,1.0,0.0
9713,2,3039,HOH,O,O,15.99943,-0.848448690103,0.317796456355,0.652143528104
9714,2,3039,HOH,H1,H,1.007947,0.4242243450515,1.0,0.0
9715,2,3039,HOH,H2,H,1.007947,0.4242243450515,1.0,0.0
9716,2,3040,HOH,O,O,15.99943,-0.848448690103,0.317796456355,0.652143528104
9717,2,3040,HOH,H1,H,1.007947,0.4242243450515,1.0,0.0
9718,2,3040,HOH,H2,H,1.007947,0.4242243450515,1.0,0.0
9719,2,3041,HOH,O,O,15.99943,-0.848448690103,0.317796456355,0.652143528104
9720,2,3041,HOH,H1,H,1.007947,0.4242243450515,1.0,0.0
9721,2,3041,HOH,H2,H,1.007947,0.4242243450515,1.0,0.0
9722,2,3042,HOH,O,O,15.99943,-0.848448690103,0.317796456355,0.652143528104
9723,2,3042,HOH,H1,H,1.007947,0.4242243450515,1.0,0.0
9724,2,3042,HOH,H2,H,1.007947,0.4242243450515,1.0,0.0
9725,2,3043,HOH,O,O,15.99943,-0.848448690103,0.317796456355,0.652143528104
9726,2,3043,HOH,H1,H,1.007947,0.4242243450515,1.0,0.0
9727,2,3043,HOH,H2,H,1.007947,0.4242243450515,1.0,0.0
9728,2,3044,HOH,O,O,15.99943,-0.848448690103,0.317796456355,0.652143528104
9729,2,3044,HOH,H1,H,1.007947,0.4242243450515,1.0,0.0
9730,2,3044,HOH,H2,H,1.007947,0.4242243450515,1.0,0.0
9731,2,3045,HOH,O,O,15.99943,-0.848448690103,0.317796456355,0.652143528104
9732,2,3045,HOH,H1,H,1.007947,0.4242243450515,1.0,0.0
9733,2,3045,HOH,H2,H,1.007947,0.4242243450515,1.0,0.0
9734,2,3046,HOH,O,O,15.99943,-0.848448690103,0.317796456355,0.652143528104
9735,2,3046,HOH,H1,H,1.007947,0.4242243450515,1.0,0.0
9736,2,3046,HOH,H2,H,1.007947,0.4242243450515,1.0,0.0
9737,2,3047,HOH,O,O,15.99943,-0.848448690103,0.317796456355,0.652143528104
9738,2,3047,HOH,H1,H,1.007947,0.4242243450515,1.0,0.0
9739,2,3047,HOH,H2,H,1.007947,0.4242243450515,1.0,0.0
9740,2,3048,HOH,O,O,15.99943,-0.848448690103,0.317796456355,0.652143528104
9741,2,3048,HOH,H1,H,1.007947,0.4242243450515,1.0,0.0
9742,2,3048,HOH,H2,H,1.007947,0.4242243450515,1.0,0.0
9743,2,3049,HOH,O,O,15.99943,-0.848448690103,0.317796456355,0.652143528104
9744,2,3049,HOH,H1,H,1.007947,0.4242243450515,1.0,0.0
9745,2,3049,HOH,H2,H,1.007947,0.4242243450515,1.0,0.0
9746,2,3050,HOH,O,O,15.99943,-0.848448690103,0.317796456355,0.652143528104
9747,2,3050,HOH,H1,H,1.007947,0.4242243450515,1.0,0.0
9748,2,3050,HOH,H2,H,1.007947,0.4242243450515,1.0,0.0
9749,2,3051,HOH,O,O,15.99943,-0.848448690103,0.317796456355,0.652143528104
9750,2,3051,HOH,H1,H,1.007947,0.4242243450515,1.0,0.0
9751,2,3051,HOH,H2,H,1.007947,0.4242243450515,1.0,0.0
9752,2,3052,HOH,O,O,15.99943,-0.848448690103,0.317796456355,0.652143528104
9753,2,3052,HOH,H1,H,1.007947,0.4242243450515,1.0,0.0
9754,2,3052,HOH,H2,H,1.007947,0.4242243450515,1.0,0.0
9755,2,3053,HOH,O,O,15.99943,-0.848448690103,0.317796456355,0.652143528104
9756,2,3053,HOH,H1,H,1.007947,0.4242243450515,1.0,0.0
9757,2,3053,HOH,H2,H,1.007947,0.4242243450515,1.0,0.0
9758,2,3054,HOH,O,O,15.99943,-0.848448690103,0.317796456355,0.652143528104
9759,2,3054,HOH,H1,H,1.007947,0.4242243450515,1.0,0.0
9760,2,3054,HOH,H2,H,1.007947,0.4242243450515,1.0,0.0
9761,2,3055,HOH,O,O,15.99943,-0.848448690103,0.317796456355,0.652143528104
9762,2,3055,HOH,H1,H,1.007947,0.4242243450515,1.0,0.0
9763,2,3055,HOH,H2,H,1.007947,0.4242243450515,1.0,0.0
9764,2,3056,HOH,O,O,15.99943,-0.848448690103,0.317796456355,0.652143528104
9765,2,3056,HOH,H1,H,1.007947,0.4242243450515,1.0,0.0
9766,2,3056,HOH,H2,H,1.007947,0.4242243450515,1.0,0.0
9767,2,3057,HOH,O,O,15.99943,-0.848448690103,0.317796456355,0.652143528104
9768,2,3057,HOH,H1,H,1.007947,0.4242243450515,1.0,0.0
9769,2,3057,HOH,H2,H,1.007947,0.4242243450515,1.0,0.0
9770,2,3058,HOH,O,O,15.99943,-0.848448690103,0.317796456355,0.652143528104
9771,2,3058,HOH,H1,H,1.007947,0.4242243450515,1.0,0.0
9772,2,3058,HOH,H2,H,1.007947,0.4242243450515,1.0,0.0
9773,2,3059,HOH,O,O,15.99943,-0.848448690103,0.317796456355,0.652143528104
9774,2,3059,HOH,H1,H,1.007947,0.4242243450515,1.0,0.0
9775,2,3059,HOH,H2,H,1.007947,0.4242243450515,1.0,0.0
9776,2,3060,HOH,O,O,15.99943,-0.848448690103,0.317796456355,0.652143528104
9777,2,3060,HOH,H1,H,1.007947,0.4242243450515,1.0,0.0
9778,2,3060,HOH,H2,H,1.007947,0.4242243450515,1.0,0.0
9779,2,3061,HOH,O,O,15.99943,-0.848448690103,0.317796456355,0.652143528104
9780,2,3061,HOH,H1,H,1.007947,0.4242243450515,1.0,0.0
9781,2,3061,HOH,H2,H,1.007947,0.4242243450515,1.0,0.0
9782,2,3062,HOH,O,O,15.99943,-0.848448690103,0.317796456355,0.652143528104
9783,2,3062,HOH,H1,H,1.007947,0.4242243450515,1.0,0.0
9784,2,3062,HOH,H2,H,1.007947,0.4242243450515,1.0,0.0
9785,2,3063,HOH,O,O,15.99943,-0.848448690103,0.317796456355,0.652143528104
9786,2,3063,HOH,H1,H,1.007947,0.4242243450515,1.0,0.0
9787,2,3063,HOH,H2,H,1.007947,0.4242243450515,1.0,0.0
9788,2,3064,HOH,O,O,15.99943,-0.848448690103,0.317796456355,0.652143528104
9789,2,3064,HOH,H1,H,1.007947,0.4242243450515,1.0,0.0
9790,2,3064,HOH,H2,H,1.007947,0.4242243450515,1.0,0.0
9791,2,3065,HOH,O,O,15.99943,-0.848448690103,0.317796456355,0.652143528104
9792,2,3065,HOH,H1,H,1.007947,0.4242243450515,1.0,0.0
9793,2,3065,HOH,H2,H,1.007947,0.4242243450515,1.0,0.0
9794,2,3066,HOH,O,O,15.99943,-0.848448690103,0.317796456355,0.652143528104
9795,2,3066,HOH,H1,H,1.007947,0.4242243450515,1.0,0.0
9796,2,3066,HOH,H2,H,1.007947,0.4242243450515,1.0,0.0
9797,2,3067,HOH,O,O,15.99943,-0.848448690103,0.317796456355,0.652143528104
9798,2,3067,HOH,H1,H,1.007947,0.4242243450515,1.0,0.0
9799,2,3067,HOH,H2,H,1.007947,0.4242243450515,1.0,0.0
9800,2,3068,HOH,O,O,15.99943,-0.848448690103,0.317796456355,0.652143528104
9801,2,3068,HOH,H1,H,1.007947,0.4242243450515,1.0,0.0
9802,2,3068,HOH,H2,H,1.007947,0.4242243450515,1.0,0.0
9803,2,3069,HOH,O,O,15.99943,-0.848448690103,0.317796456355,0.652143528104
9804,2,3069,HOH,H1,H,1.007947,0.4242243450515,1.0,0.0
9805,2,3069,HOH,H2,H,1.007947,0.4242243450515,1.0,0.0
9806,2,3070,HOH,O,O,15.99943,-0.848448690103,0.317796456355,0.652143528104
9807,2,3070,HOH,H1,H,1.007947,0.4242243450515,1.0,0.0
9808,2,3070,HOH,H2,H,1.007947,0.4242243450515,1.0,0.0
9809,2,3071,HOH,O,O,15.99943,-0.848448690103,0.317796456355,0.652143528104
9810,2,3071,HOH,H1,H,1.007947,0.4242243450515,1.0,0.0
9811,2,3071,HOH,H2,H,1.007947,0.4242243450515,1.0,0.0
9812,2,3072,HOH,O,O,15.99943,-0.848448690103,0.317796456355,0.652143528104
9813,2,3072,HOH,H1,H,1.007947,0.4242243450515,1.0,0.0
9814,2,3072,HOH,H2,H,1.007947,0.4242243450515,1.0,0.0
9815,2,3073,HOH,O,O,15.99943,-0.848448690103,0.317796456355,0.652143528104
9816,2,3073,HOH,H1,H,1.007947,0.4242243450515,1.0,0.0
9817,2,3073,HOH,H2,H,1.007947,0.4242243450515,1.0,0.0
9818,2,3074,HOH,O,O,15.99943,-0.848448690103,0.317796456355,0.652143528104
9819,2,3074,HOH,H1,H,1.007947,0.4242243450515,1.0,0.0
9820,2,3074,HOH,H2,H,1.007947,0.4242243450515,1.0,0.0
9821,2,3075,HOH,O,O,15.99943,-0.848448690103,0.317796456355,0.652143528104
9822,2,3075,HOH,H1,H,1.007947,0.4242243450515,1.0,0.0
9823,2,3075,HOH,H2,H,1.007947,0.4242243450515,1.0,0.0
9824,2,3076,HOH,O,O,15.99943,-0.848448690103,0.317796456355,0.652143528104
9825,2,3076,HOH,H1,H,1.007947,0.4242243450515,1.0,0.0
9826,2,3076,HOH,H2,H,1.007947,0.4242243450515,1.0,0.0
9827,2,3077,HOH,O,O,15.99943,-0.848448690103,0.317796456355,0.652143528104
9828,2,3077,HOH,H1,H,1.007947,0.4242243450515,1.0,0.0
9829,2,3077,HOH,H2,H,1.007947,0.4242243450515,1.0,0.0
9830,2,3078,HOH,O,O,15.99943,-0.848448690103,0.317796456355,0.652143528104
9831,2,3078,HOH,H1,H,1.007947,0.4242243450515,1.0,0.0
9832,2,3078,HOH,H2,H,1.007947,0.4242243450515,1.0,0.0
9833,2,3079,HOH,O,O,15.99943,-0.848448690103,0.317796456355,0.652143528104
9834,2,3079,HOH,H1,H,1.007947,0.4242243450515,1.0,0.0
9835,2,3079,HOH,H2,H,1.007947,0.4242243450515,1.0,0.0
9836,2,3080,HOH,O,O,15.99943,-0.848448690103,0.317796456355,0.652143528104
9837,2,3080,HOH,H1,H,1.007947,0.4242243450515,1.0,0.0
9838,2,3080,HOH,H2,H,1.007947,0.4242243450515,1.0,0.0
9839,2,3081,HOH,O,O,15.99943,-0.848448690103,0.317796456355,0.652143528104
9840,2,3081,HOH,H1,H,1.007947,0.4242243450515,1.0,0.0
9841,2,3081,HOH,H2,H,1.007947,0.4242243450515,1.0,0.0
9842,2,3082,HOH,O,O,15.99943,-0.848448690103,0.317796456355,0.652143528104
9843,2,3082,HOH,H1,H,1.007947,0.4242243450515,1.0,0.0
9844,2,3082,HOH,H2,H,1.007947,0.4242243450515,1.0,0.0
9845,2,3083,HOH,O,O,15.99943,-0.848448690103,0.317796456355,0.652143528104
9846,2,3083,HOH,H1,H,1.007947,0.4242243450515,1.0,0.0
9847,2,3083,HOH,H2,H,1.007947,0.4242243450515,1.0,0.0
9848,2,3084,HOH,O,O,15.99943,-0.848448690103,0.317796456355,0.652143528104
9849,2,3084,HOH,H1,H,1.007947,0.4242243450515,1.0,0.0
9850,2,3084,HOH,H2,H,1.007947,0.4242243450515,1.0,0.0
9851,2,3085,HOH,O,O,15.99943,-0.848448690103,0.317796456355,0.652143528104
9852,2,3085,HOH,H1,H,1.007947,0.4242243450515,1.0,0.0
9853,2,3085,HOH,H2,H,1.007947,0.4242243450515,1.0,0.0
9854,2,3086,HOH,O,O,15.99943,-0.848448690103,0.317796456355,0.652143528104
9855,2,3086,HOH,H1,H,1.007947,0.4242243450515,1.0,0.0
9856,2,3086,HOH,H2,H,1.007947,0.4242243450515,1.0,0.0
9857,2,3087,HOH,O,O,15.99943,-0.848448690103,0.317796456355,0.652143528104
9858,2,3087,HOH,H1,H,1.007947,0.4242243450515,1.0,0.0
9859,2,3087,HOH,H2,H,1.007947,0.4242243450515,1.0,0.0
9860,2,3088,HOH,O,O,15.99943,-0.848448690103,0.317796456355,0.652143528104
9861,2,3088,HOH,H1,H,1.007947,0.4242243450515,1.0,0.0
9862,2,3088,HOH,H2,H,1.007947,0.4242243450515,1.0,0.0
9863,2,3089,HOH,O,O,15.99943,-0.848448690103,0.317796456355,0.652143528104
9864,2,3089,HOH,H1,H,1.007947,0.4242243450515,1.0,0.0
9865,2,3089,HOH,H2,H,1.007947,0.4242243450515,1.0,0.0
9866,2,3090,HOH,O,O,15.99943,-0.848448690103,0.317796456355,0.652143528104
9867,2,3090,HOH,H1,H,1.007947,0.4242243450515,1.0,0.0
9868,2,3090,HOH,H2,H,1.007947,0.4242243450515,1.0,0.0
9869,2,3091,HOH,O,O,15.99943,-0.848448690103,0.317796456355,0.652143528104
9870,2,3091,HOH,H1,H,1.007947,0.4242243450515,1.0,0.0
9871,2,3091,HOH,H2,H,1.007947,0.4242243450515,1.0,0.0
9872,2,3092,HOH,O,O,15.99943,-0.848448690103,0.317796456355,0.652143528104
9873,2,3092,HOH,H1,H,1.007947,0.4242243450515,1.0,0.0
9874,2,3092,HOH,H2,H,1.007947,0.4242243450515,1.0,0.0
9875,2,3093,HOH,O,O,15.99943,-0.848448690103,0.317796456355,0.652143528104
9876,2,3093,HOH,H1,H,1.007947,0.4242243450515,1.0,0.0
9877,2,3093,HOH,H2,H,1.007947,0.4242243450515,1.0,0.0
9878,2,3094,HOH,O,O,15.99943,-0.848448690103,0.317796456355,0.652143528104
9879,2,3094,HOH,H1,H,1.007947,0.4242243450515,1.0,0.0
9880,2,3094,HOH,H2,H,1.007947,0.4242243450515,1.0,0.0
9881,2,3095,HOH,O,O,15.99943,-0.848448690103,0.317796456355,0.652143528104
9882,2,3095,HOH,H1,H,1.007947,0.4242243450515,1.0,0.0
9883,2,3095,HOH,H2,H,1.007947,0.4242243450515,1.0,0.0
9884,2,3096,HOH,O,O,15.99943,-0.848448690103,0.317796456355,0.652143528104
9885,2,3096,HOH,H1,H,1.007947,0.4242243450515,1.0,0.0
9886,2,3096,HOH,H2,H,1.007947,0.4242243450515,1.0,0.0
9887,2,3097,HOH,O,O,15.99943,-0.848448690103,0.317796456355,0.652143528104
9888,2,3097,HOH,H1,H,1.007947,0.4242243450515,1.0,0.0
9889,2,3097,HOH,H2,H,1.007947,0.4242243450515,1.0,0.0
9890,2,3098,HOH,O,O,15.99943,-0.848448690103,0.317796456355,0.652143528104
9891,2,3098,HOH,H1,H,1.007947,0.4242243450515,1.0,0.0
9892,2,3098,HOH,H2,H,1.007947,0.4242243450515,1.0,0.0
9893,2,3100,HOH,O,O,15.99943,-0.848448690103,0.317796456355,0.652143528104
9894,2,3100,HOH,H1,H,1.007947,0.4242243450515,1.0,0.0
9895,2,3100,HOH,H2,H,1.007947,0.4242243450515,1.0,0.0
9896,2,3101,HOH,O,O,15.99943,-0.848448690103,0.317796456355,0.652143528104
9897,2,3101,HOH,H1,H,1.007947,0.4242243450515,1.0,0.0
9898,2,3101,HOH,H2,H,1.007947,0.4242243450515,1.0,0.0
9899,2,3102,HOH,O,O,15.99943,-0.848448690103,0.317796456355,0.652143528104
9900,2,3102,HOH,H1,H,1.007947,0.4242243450515,1.0,0.0
9901,2,3102,HOH,H2,H,1.007947,0.4242243450515,1.0,0.0
9902,2,3103,HOH,O,O,15.99943,-0.848448690103,0.317796456355,0.652143528104
9903,2,3103,HOH,H1,H,1.007947,0.4242243450515,1.0,0.0
9904,2,3103,HOH,H2,H,1.007947,0.4242243450515,1.0,0.0
9905,2,3104,HOH,O,O,15.99943,-0.848448690103,0.317796456355,0.652143528104
9906,2,3104,HOH,H1,H,1.007947,0.4242243450515,1.0,0.0
9907,2,3104,HOH,H2,H,1.007947,0.4242243450515,1.0,0.0
9908,2,3105,HOH,O,O,15.99943,-0.848448690103,0.317796456355,0.652143528104
9909,2,3105,HOH,H1,H,1.007947,0.4242243450515,1.0,0.0
9910,2,3105,HOH,H2,H,1.007947,0.4242243450515,1.0,0.0
9911,2,3106,HOH,O,O,15.99943,-0.848448690103,0.317796456355,0.652143528104
9912,2,3106,HOH,H1,H,1.007947,0.4242243450515,1.0,0.0
9913,2,3106,HOH,H2,H,1.007947,0.4242243450515,1.0,0.0
9914,2,3107,HOH,O,O,15.99943,-0.848448690103,0.317796456355,0.652143528104
9915,2,3107,HOH,H1,H,1.007947,0.4242243450515,1.0,0.0
9916,2,3107,HOH,H2,H,1.007947,0.4242243450515,1.0,0.0
9917,2,3108,HOH,O,O,15.99943,-0.848448690103,0.317796456355,0.652143528104
9918,2,3108,HOH,H1,H,1.007947,0.4242243450515,1.0,0.0
9919,2,3108,HOH,H2,H,1.007947,0.4242243450515,1.0,0.0
9920,2,3109,HOH,O,O,15.99943,-0.848448690103,0.317796456355,0.652143528104
9921,2,3109,HOH,H1,H,1.007947,0.4242243450515,1.0,0.0
9922,2,3109,HOH,H2,H,1.007947,0.4242243450515,1.0,0.0
9923,2,3110,HOH,O,O,15.99943,-0.848448690103,0.317796456355,0.652143528104
9924,2,3110,HOH,H1,H,1.007947,0.4242243450515,1.0,0.0
9925,2,3110,HOH,H2,H,1.007947,0.4242243450515,1.0,0.0
9926,2,3111,HOH,O,O,15.99943,-0.848448690103,0.317796456355,0.652143528104
9927,2,3111,HOH,H1,H,1.007947,0.4242243450515,1.0,0.0
9928,2,3111,HOH,H2,H,1.007947,0.4242243450515,1.0,0.0
9929,2,3112,HOH,O,O,15.99943,-0.848448690103,0.317796456355,0.652143528104
9930,2,3112,HOH,H1,H,1.007947,0.4242243450515,1.0,0.0
9931,2,3112,HOH,H2,H,1.007947,0.4242243450515,1.0,0.0
9932,2,3113,HOH,O,O,15.99943,-0.848448690103,0.317796456355,0.652143528104
9933,2,3113,HOH,H1,H,1.007947,0.4242243450515,1.0,0.0
9934,2,3113,HOH,H2,H,1.007947,0.4242243450515,1.0,0.0
9935,2,3114,HOH,O,O,15.99943,-0.848448690103,0.317796456355,0.652143528104
9936,2,3114,HOH,H1,H,1.007947,0.4242243450515,1.0,0.0
9937,2,3114,HOH,H2,H,1.007947,0.4242243450515,1.0,0.0
9938,2,3115,HOH,O,O,15.99943,-0.848448690103,0.317796456355,0.652143528104
9939,2,3115,HOH,H1,H,1.007947,0.4242243450515,1.0,0.0
9940,2,3115,HOH,H2,H,1.007947,0.4242243450515,1.0,0.0
9941,2,3116,HOH,O,O,15.99943,-0.848448690103,0.317796456355,0.652143528104
9942,2,3116,HOH,H1,H,1.007947,0.4242243450515,1.0,0.0
9943,2,3116,HOH,H2,H,1.007947,0.4242243450515,1.0,0.0
9944,2,3117,HOH,O,O,15.99943,-0.848448690103,0.317796456355,0.652143528104
9945,2,3117,HOH,H1,H,1.007947,0.4242243450515,1.0,0.0
9946,2,3117,HOH,H2,H,1.007947,0.4242243450515,1.0,0.0
9947,2,3118,HOH,O,O,15.99943,-0.848448690103,0.317796456355,0.652143528104
9948,2,3118,HOH,H1,H,1.007947,0.4242243450515,1.0,0.0
9949,2,3118,HOH,H2,H,1.007947,0.4242243450515,1.0,0.0
9950,2,3119,HOH,O,O,15.99943,-0.848448690103,0.317796456355,0.652143528104
9951,2,3119,HOH,H1,H,1.007947,0.4242243450515,1.0,0.0
9952,2,3119,HOH,H2,H,1.007947,0.4242243450515,1.0,0.0
9953,2,3120,HOH,O,O,15.99943,-0.848448690103,0.317796456355,0.652143528104
9954,2,3120,HOH,H1,H,1.007947,0.4242243450515,1.0,0.0
9955,2,3120,HOH,H2,H,1.007947,0.4242243450515,1.0,0.0
9956,2,3121,HOH,O,O,15.99943,-0.848448690103,0.317796456355,0.652143528104
9957,2,3121,HOH,H1,H,1.007947,0.4242243450515,1.0,0.0
9958,2,3121,HOH,H2,H,1.007947,0.4242243450515,1.0,0.0
9959,2,3122,HOH,O,O,15.99943,-0.848448690103,0.317796456355,0.652143528104
9960,2,3122,HOH,H1,H,1.007947,0.4242243450515,1.0,0.0
9961,2,3122,HOH,H2,H,1.007947,0.4242243450515,1.0,0.0
9962,2,3123,HOH,O,O,15.99943,-0.848448690103,0.317796456355,0.652143528104
9963,2,3123,HOH,H1,H,1.007947,0.4242243450515,1.0,0.0
9964,2,3123,HOH,H2,H,1.007947,0.4242243450515,1.0,0.0
9965,2,3124,HOH,O,O,15.99943,-0.848448690103,0.317796456355,0.652143528104
9966,2,3124,HOH,H1,H,1.007947,0.4242243450515,1.0,0.0
9967,2,3124,HOH,H2,H,1.007947,0.4242243450515,1.0,0.0
9968,2,3125,HOH,O,O,15.99943,-0.848448690103,0.317796456355,0.652143528104
9969,2,3125,HOH,H1,H,1.007947,0.4242243450515,1.0,0.0
9970,2,3125,HOH,H2,H,1.007947,0.4242243450515,1.0,0.0
9971,2,3126,HOH,O,O,15.99943,-0.848448690103,0.317796456355,0.652143528104
9972,2,3126,HOH,H1,H,1.007947,0.4242243450515,1.0,0.0
9973,2,3126,HOH,H2,H,1.007947,0.4242243450515,1.0,0.0
9974,2,3127,HOH,O,O,15.99943,-0.848448690103,0.317796456355,0.652143528104
9975,2,3127,HOH,H1,H,1.007947,0.4242243450515,1.0,0.0
9976,2,3127,HOH,H2,H,1.007947,0.4242243450515,1.0,0.0
9977,2,3128,HOH,O,O,15.99943,-0.848448690103,0.317796456355,0.652143528104
9978,2,3128,HOH,H1,H,1.007947,0.4242243450515,1.0,0.0
9979,2,3128,HOH,H2,H,1.007947,0.4242243450515,1.0,0.0
9980,2,3129,HOH,O,O,15.99943,-0.848448690103,0.317796456355,0.652143528104
9981,2,3129,HOH,H1,H,1.007947,0.4242243450515,1.0,0.0
9982,2,3129,HOH,H2,H,1.007947,0.4242243450515,1.0,0.0
9983,2,3130,HOH,O,O,15.99943,-0.848448690103,0.317796456355,0.652143528104
9984,2,3130,HOH,H1,H,1.007947,0.4242243450515,1.0,0.0
9985,2,3130,HOH,H2,H,1.007947,0.4242243450515,1.0,0.0
9986,2,3131,HOH,O,O,15.99943,-0.848448690103,0.317796456355,0.652143528104
9987,2,3131,HOH,H1,H,1.007947,0.4242243450515,1.0,0.0
9988,2,3131,HOH,H2,H,1.007947,0.4242243450515,1.0,0.0
9989,2,3132,HOH,O,O,15.99943,-0.848448690103,0.317796456355,0.652143528104
9990,2,3132,HOH,H1,H,1.007947,0.4242243450515,1.0,0.0
9991,2,3132,HOH,H2,H,1.007947,0.4242243450515,1.0,0.0
9992,2,3133,HOH,O,O,15.99943,-0.848448690103,0.317796456355,0.652143528104
9993,2,3133,HOH,H1,H,1.007947,0.4242243450515,1.0,0.0
9994,2,3133,HOH,H2,H,1.007947,0.4242243450515,1.0,0.0
9995,2,3134,HOH,O,O,15.99943,-0.848448690103,0.317796456355,0.652143528104
9996,2,3134,HOH,H1,H,1.007947,0.4242243450515,1.0,0.0
9997,2,3134,HOH,H2,H,1.007947,0.4242243450515,1.0,0.0
9998,2,3135,HOH,O,O,15.99943,-0.848448690103,0.317796456355,0.652143528104
9999,2,3135,HOH,H1,H,1.007947,0.4242243450515,1.0,0.0
10000,2,3135,HOH,H2,H,1.007947,0.4242243450515,1.0,0.0
10001,2,3136,HOH,O,O,15.99943,-0.848448690103,0.317796456355,0.652143528104
10002,2,3136,HOH,H1,H,1.007947,0.4242243450515,1.0,0.0
10003,2,3136,HOH,H2,H,1.007947,0.4242243450515,1.0,0.0
10004,2,3137,HOH,O,O,15.99943,-0.848448690103,0.317796456355,0.652143528104
10005,2,3137,HOH,H1,H,1.007947,0.4242243450515,1.0,0.0
10006,2,3137,HOH,H2,H,1.007947,0.4242243450515,1.0,0.0
10007,2,3138,HOH,O,O,15.99943,-0.848448690103,0.317796456355,0.652143528104
10008,2,3138,HOH,H1,H,1.007947,0.4242243450515,1.0,0.0
10009,2,3138,HOH,H2,H,1.007947,0.4242243450515,1.0,0.0
10010,2,3139,HOH,O,O,15.99943,-0.848448690103,0.317796456355,0.652143528104
10011,2,3139,HOH,H1,H,1.007947,0.4242243450515,1.0,0.0
10012,2,3139,HOH,H2,H,1.007947,0.4242243450515,1.0,0.0
10013,2,3140,HOH,O,O,15.99943,-0.848448690103,0.317796456355,0.652143528104
10014,2,3140,HOH,H1,H,1.007947,0.4242243450515,1.0,0.0
10015,2,3140,HOH,H2,H,1.007947,0.4242243450515,1.0,0.0
10016,2,3141,HOH,O,O,15.99943,-0.848448690103,0.317796456355,0.652143528104
10017,2,3141,HOH,H1,H,1.007947,0.4242243450515,1.0,0.0
10018,2,3141,HOH,H2,H,1.007947,0.4242243450515,1.0,0.0
10019,2,3142,HOH,O,O,15.99943,-0.848448690103,0.317796456355,0.652143528104
10020,2,3142,HOH,H1,H,1.007947,0.4242243450515,1.0,0.0
10021,2,3142,HOH,H2,H,1.007947,0.4242243450515,1.0,0.0
10022,2,3143,HOH,O,O,15.99943,-0.848448690103,0.317796456355,0.652143528104
10023,2,3143,HOH,H1,H,1.007947,0.4242243450515,1.0,0.0
10024,2,3143,HOH,H2,H,1.007947,0.4242243450515,1.0,0.0
10025,2,3144,HOH,O,O,15.99943,-0.848448690103,0.317796456355,0.652143528104
10026,2,3144,HOH,H1,H,1.007947,0.4242243450515,1.0,0.0
10027,2,3144,HOH,H2,H,1.007947,0.4242243450515,1.0,0.0
10028,2,3145,HOH,O,O,15.99943,-0.848448690103,0.317796456355,0.652143528104
10029,2,3145,HOH,H1,H,1.007947,0.4242243450515,1.0,0.0
10030,2,3145,HOH,H2,H,1.007947,0.4242243450515,1.0,0.0
10031,2,3146,HOH,O,O,15.99943,-0.848448690103,0.317796456355,0.652143528104
10032,2,3146,HOH,H1,H,1.007947,0.4242243450515,1.0,0.0
10033,2,3146,HOH,H2,H,1.007947,0.4242243450515,1.0,0.0
10034,2,3147,HOH,O,O,15.99943,-0.848448690103,0.317796456355,0.652143528104
10035,2,3147,HOH,H1,H,1.007947,0.4242243450515,1.0,0.0
10036,2,3147,HOH,H2,H,1.007947,0.4242243450515,1.0,0.0
10037,2,3148,HOH,O,O,15.99943,-0.848448690103,0.317796456355,0.652143528104
10038,2,3148,HOH,H1,H,1.007947,0.4242243450515,1.0,0.0
10039,2,3148,HOH,H2,H,1.007947,0.4242243450515,1.0,0.0
10040,2,3149,HOH,O,O,15.99943,-0.848448690103,0.317796456355,0.652143528104
10041,2,3149,HOH,H1,H,1.007947,0.4242243450515,1.0,0.0
10042,2,3149,HOH,H2,H,1.007947,0.4242243450515,1.0,0.0
10043,2,3150,HOH,O,O,15.99943,-0.848448690103,0.317796456355,0.652143528104
10044,2,3150,HOH,H1,H,1.007947,0.4242243450515,1.0,0.0
10045,2,3150,HOH,H2,H,1.007947,0.4242243450515,1.0,0.0
10046,2,3151,HOH,O,O,15.99943,-0.848448690103,0.317796456355,0.652143528104
10047,2,3151,HOH,H1,H,1.007947,0.4242243450515,1.0,0.0
10048,2,3151,HOH,H2,H,1.007947,0.4242243450515,1.0,0.0
10049,2,3152,HOH,O,O,15.99943,-0.848448690103,0.317796456355,0.652143528104
10050,2,3152,HOH,H1,H,1.007947,0.4242243450515,1.0,0.0
10051,2,3152,HOH,H2,H,1.007947,0.4242243450515,1.0,0.0
10052,2,3153,HOH,O,O,15.99943,-0.848448690103,0.317796456355,0.652143528104
10053,2,3153,HOH,H1,H,1.007947,0.4242243450515,1.0,0.0
10054,2,3153,HOH,H2,H,1.007947,0.4242243450515,1.0,0.0
10055,2,3154,HOH,O,O,15.99943,-0.848448690103,0.317796456355,0.652143528104
10056,2,3154,HOH,H1,H,1.007947,0.4242243450515,1.0,0.0
10057,2,3154,HOH,H2,H,1.007947,0.4242243450515,1.0,0.0
10058,2,3155,HOH,O,O,15.99943,-0.848448690103,0.317796456355,0.652143528104
10059,2,3155,HOH,H1,H,1.007947,0.4242243450515,1.0,0.0
10060,2,3155,HOH,H2,H,1.007947,0.4242243450515,1.0,0.0
10061,2,3156,HOH,O,O,15.99943,-0.848448690103,0.317796456355,0.652143528104
10062,2,3156,HOH,H1,H,1.007947,0.4242243450515,1.0,0.0
10063,2,3156,HOH,H2,H,1.007947,0.4242243450515,1.0,0.0
10064,2,3157,HOH,O,O,15.99943,-0.848448690103,0.317796456355,0.652143528104
10065,2,3157,HOH,H1,H,1.007947,0.4242243450515,1.0,0.0
10066,2,3157,HOH,H2,H,1.007947,0.4242243450515,1.0,0.0
10067,2,3158,HOH,O,O,15.99943,-0.848448690103,0.317796456355,0.652143528104
10068,2,3158,HOH,H1,H,1.007947,0.4242243450515,1.0,0.0
10069,2,3158,HOH,H2,H,1.007947,0.4242243450515,1.0,0.0
10070,2,3159,HOH,O,O,15.99943,-0.848448690103,0.317796456355,0.652143528104
10071,2,3159,HOH,H1,H,1.007947,0.4242243450515,1.0,0.0
10072,2,3159,HOH,H2,H,1.007947,0.4242243450515,1.0,0.0
10073,2,3160,HOH,O,O,15.99943,-0.848448690103,0.317796456355,0.652143528104
10074,2,3160,HOH,H1,H,1.007947,0.4242243450515,1.0,0.0
10075,2,3160,HOH,H2,H,1.007947,0.4242243450515,1.0,0.0
10076,2,3161,HOH,O,O,15.99943,-0.848448690103,0.317796456355,0.652143528104
10077,2,3161,HOH,H1,H,1.007947,0.4242243450515,1.0,0.0
10078,2,3161,HOH,H2,H,1.007947,0.4242243450515,1.0,0.0
10079,2,3162,HOH,O,O,15.99943,-0.848448690103,0.317796456355,0.652143528104
10080,2,3162,HOH,H1,H,1.007947,0.4242243450515,1.0,0.0
10081,2,3162,HOH,H2,H,1.007947,0.4242243450515,1.0,0.0
10082,2,3163,HOH,O,O,15.99943,-0.848448690103,0.317796456355,0.652143528104
10083,2,3163,HOH,H1,H,1.007947,0.4242243450515,1.0,0.0
10084,2,3163,HOH,H2,H,1.007947,0.4242243450515,1.0,0.0
10085,2,3164,HOH,O,O,15.99943,-0.848448690103,0.317796456355,0.652143528104
10086,2,3164,HOH,H1,H,1.007947,0.4242243450515,1.0,0.0
10087,2,3164,HOH,H2,H,1.007947,0.4242243450515,1.0,0.0
10088,2,3165,HOH,O,O,15.99943,-0.848448690103,0.317796456355,0.652143528104
10089,2,3165,HOH,H1,H,1.007947,0.4242243450515,1.0,0.0
10090,2,3165,HOH,H2,H,1.007947,0.4242243450515,1.0,0.0
10091,2,3166,HOH,O,O,15.99943,-0.848448690103,0.317796456355,0.652143528104
10092,2,3166,HOH,H1,H,1.007947,0.4242243450515,1.0,0.0
10093,2,3166,HOH,H2,H,1.007947,0.4242243450515,1.0,0.0
10094,2,3167,HOH,O,O,15.99943,-0.848448690103,0.317796456355,0.652143528104
10095,2,3167,HOH,H1,H,1.007947,0.4242243450515,1.0,0.0
10096,2,3167,HOH,H2,H,1.007947,0.4242243450515,1.0,0.0
10097,2,3168,HOH,O,O,15.99943,-0.848448690103,0.317796456355,0.652143528104
10098,2,3168,HOH,H1,H,1.007947,0.4242243450515,1.0,0.0
10099,2,3168,HOH,H2,H,1.007947,0.4242243450515,1.0,0.0
10100,2,3169,HOH,O,O,15.99943,-0.848448690103,0.317796456355,0.652143528104
10101,2,3169,HOH,H1,H,1.007947,0.4242243450515,1.0,0.0
10102,2,3169,HOH,H2,H,1.007947,0.4242243450515,1.0,0.0
10103,2,3170,HOH,O,O,15.99943,-0.848448690103,0.317796456355,0.652143528104
10104,2,3170,HOH,H1,H,1.007947,0.4242243450515,1.0,0.0
10105,2,3170,HOH,H2,H,1.007947,0.4242243450515,1.0,0.0
10106,2,3171,HOH,O,O,15.99943,-0.848448690103,0.317796456355,0.652143528104
10107,2,3171,HOH,H1,H,1.007947,0.4242243450515,1.0,0.0
10108,2,3171,HOH,H2,H,1.007947,0.4242243450515,1.0,0.0
10109,2,3172,HOH,O,O,15.99943,-0.848448690103,0.317796456355,0.652143528104
10110,2,3172,HOH,H1,H,1.007947,0.4242243450515,1.0,0.0
10111,2,3172,HOH,H2,H,1.007947,0.4242243450515,1.0,0.0
10112,2,3173,HOH,O,O,15.99943,-0.848448690103,0.317796456355,0.652143528104
10113,2,3173,HOH,H1,H,1.007947,0.4242243450515,1.0,0.0
10114,2,3173,HOH,H2,H,1.007947,0.4242243450515,1.0,0.0
10115,2,3174,HOH,O,O,15.99943,-0.848448690103,0.317796456355,0.652143528104
10116,2,3174,HOH,H1,H,1.007947,0.4242243450515,1.0,0.0
10117,2,3174,HOH,H2,H,1.007947,0.4242243450515,1.0,0.0
10118,2,3175,HOH,O,O,15.99943,-0.848448690103,0.317796456355,0.652143528104
10119,2,3175,HOH,H1,H,1.007947,0.4242243450515,1.0,0.0
10120,2,3175,HOH,H2,H,1.007947,0.4242243450515,1.0,0.0
10121,2,3176,HOH,O,O,15.99943,-0.848448690103,0.317796456355,0.652143528104
10122,2,3176,HOH,H1,H,1.007947,0.4242243450515,1.0,0.0
10123,2,3176,HOH,H2,H,1.007947,0.4242243450515,1.0,0.0
10124,2,3177,HOH,O,O,15.99943,-0.848448690103,0.317796456355,0.652143528104
10125,2,3177,HOH,H1,H,1.007947,0.4242243450515,1.0,0.0
10126,2,3177,HOH,H2,H,1.007947,0.4242243450515,1.0,0.0
10127,2,3178,HOH,O,O,15.99943,-0.848448690103,0.317796456355,0.652143528104
10128,2,3178,HOH,H1,H,1.007947,0.4242243450515,1.0,0.0
10129,2,3178,HOH,H2,H,1.007947,0.4242243450515,1.0,0.0
10130,2,3179,HOH,O,O,15.99943,-0.848448690103,0.317796456355,0.652143528104
10131,2,3179,HOH,H1,H,1.007947,0.4242243450515,1.0,0.0
10132,2,3179,HOH,H2,H,1.007947,0.4242243450515,1.0,0.0
10133,2,3180,HOH,O,O,15.99943,-0.848448690103,0.317796456355,0.652143528104
10134,2,3180,HOH,H1,H,1.007947,0.4242243450515,1.0,0.0
10135,2,3180,HOH,H2,H,1.007947,0.4242243450515,1.0,0.0
10136,2,3181,HOH,O,O,15.99943,-0.848448690103,0.317796456355,0.652143528104
10137,2,3181,HOH,H1,H,1.007947,0.4242243450515,1.0,0.0
10138,2,3181,HOH,H2,H,1.007947,0.4242243450515,1.0,0.0
10139,2,3182,HOH,O,O,15.99943,-0.848448690103,0.317796456355,0.652143528104
10140,2,3182,HOH,H1,H,1.007947,0.4242243450515,1.0,0.0
10141,2,3182,HOH,H2,H,1.007947,0.4242243450515,1.0,0.0
10142,2,3183,HOH,O,O,15.99943,-0.848448690103,0.317796456355,0.652143528104
10143,2,3183,HOH,H1,H,1.007947,0.4242243450515,1.0,0.0
10144,2,3183,HOH,H2,H,1.007947,0.4242243450515,1.0,0.0
10145,2,3184,HOH,O,O,15.99943,-0.848448690103,0.317796456355,0.652143528104
10146,2,3184,HOH,H1,H,1.007947,0.4242243450515,1.0,0.0
10147,2,3184,HOH,H2,H,1.007947,0.4242243450515,1.0,0.0
10148,2,3185,HOH,O,O,15.99943,-0.848448690103,0.317796456355,0.652143528104
10149,2,3185,HOH,H1,H,1.007947,0.4242243450515,1.0,0.0
10150,2,3185,HOH,H2,H,1.007947,0.4242243450515,1.0,0.0
10151,2,3186,HOH,O,O,15.99943,-0.848448690103,0.317796456355,0.652143528104
10152,2,3186,HOH,H1,H,1.007947,0.4242243450515,1.0,0.0
10153,2,3186,HOH,H2,H,1.007947,0.4242243450515,1.0,0.0
10154,2,3187,HOH,O,O,15.99943,-0.848448690103,0.317796456355,0.652143528104
10155,2,3187,HOH,H1,H,1.007947,0.4242243450515,1.0,0.0
10156,2,3187,HOH,H2,H,1.007947,0.4242243450515,1.0,0.0
10157,2,3188,HOH,O,O,15.99943,-0.848448690103,0.317796456355,0.652143528104
10158,2,3188,HOH,H1,H,1.007947,0.4242243450515,1.0,0.0
10159,2,3188,HOH,H2,H,1.007947,0.4242243450515,1.0,0.0
10160,2,3189,HOH,O,O,15.99943,-0.848448690103,0.317796456355,0.652143528104
10161,2,3189,HOH,H1,H,1.007947,0.4242243450515,1.0,0.0
10162,2,3189,HOH,H2,H,1.007947,0.4242243450515,1.0,0.0
10163,2,3190,HOH,O,O,15.99943,-0.848448690103,0.317796456355,0.652143528104
10164,2,3190,HOH,H1,H,1.007947,0.4242243450515,1.0,0.0
10165,2,3190,HOH,H2,H,1.007947,0.4242243450515,1.0,0.0
10166,2,3191,HOH,O,O,15.99943,-0.848448690103,0.317796456355,0.652143528104
10167,2,3191,HOH,H1,H,1.007947,0.4242243450515,1.0,0.0
10168,2,3191,HOH,H2,H,1.007947,0.4242243450515,1.0,0.0
10169,2,3192,HOH,O,O,15.99943,-0.848448690103,0.317796456355,0.652143528104
10170,2,3192,HOH,H1,H,1.007947,0.4242243450515,1.0,0.0
10171,2,3192,HOH,H2,H,1.007947,0.4242243450515,1.0,0.0
10172,2,3193,HOH,O,O,15.99943,-0.848448690103,0.317796456355,0.652143528104
10173,2,3193,HOH,H1,H,1.007947,0.4242243450515,1.0,0.0
10174,2,3193,HOH,H2,H,1.007947,0.4242243450515,1.0,0.0
10175,2,3194,HOH,O,O,15.99943,-0.848448690103,0.317796456355,0.652143528104
10176,2,3194,HOH,H1,H,1.007947,0.4242243450515,1.0,0.0
10177,2,3194,HOH,H2,H,1.007947,0.4242243450515,1.0,0.0
10178,2,3195,HOH,O,O,15.99943,-0.848448690103,0.317796456355,0.652143528104
10179,2,3195,HOH,H1,H,1.007947,0.4242243450515,1.0,0.0
10180,2,3195,HOH,H2,H,1.007947,0.4242243450515,1.0,0.0
10181,2,3196,HOH,O,O,15.99943,-0.848448690103,0.317796456355,0.652143528104
10182,2,3196,HOH,H1,H,1.007947,0.4242243450515,1.0,0.0
10183,2,3196,HOH,H2,H,1.007947,0.4242243450515,1.0,0.0
10184,2,3197,HOH,O,O,15.99943,-0.848448690103,0.317796456355,0.652143528104
10185,2,3197,HOH,H1,H,1.007947,0.4242243450515,1.0,0.0
10186,2,3197,HOH,H2,H,1.007947,0.4242243450515,1.0,0.0
10187,2,3198,HOH,O,O,15.99943,-0.848448690103,0.317796456355,0.652143528104
10188,2,3198,HOH,H1,H,1.007947,0.4242243450515,1.0,0.0
10189,2,3198,HOH,H2,H,1.007947,0.4242243450515,1.0,0.0
10190,2,3199,HOH,O,O,15.99943,-0.848448690103,0.317796456355,0.652143528104
10191,2,3199,HOH,H1,H,1.007947,0.4242243450515,1.0,0.0
10192,2,3199,HOH,H2,H,1.007947,0.4242243450515,1.0,0.0
10193,2,3200,HOH,O,O,15.99943,-0.848448690103,0.317796456355,0.652143528104
10194,2,3200,HOH,H1,H,1.007947,0.4242243450515,1.0,0.0
10195,2,3200,HOH,H2,H,1.007947,0.4242243450515,1.0,0.0
10196,2,3201,HOH,O,O,15.99943,-0.848448690103,0.317796456355,0.652143528104
10197,2,3201,HOH,H1,H,1.007947,0.4242243450515,1.0,0.0
10198,2,3201,HOH,H2,H,1.007947,0.4242243450515,1.0,0.0
10199,2,3202,HOH,O,O,15.99943,-0.848448690103,0.317796456355,0.652143528104
10200,2,3202,HOH,H1,H,1.007947,0.4242243450515,1.0,0.0
10201,2,3202,HOH,H2,H,1.007947,0.4242243450515,1.0,0.0
10202,2,3203,HOH,O,O,15.99943,-0.848448690103,0.317796456355,0.652143528104
10203,2,3203,HOH,H1,H,1.007947,0.4242243450515,1.0,0.0
10204,2,3203,HOH,H2,H,1.007947,0.4242243450515,1.0,0.0
10205,2,3204,HOH,O,O,15.99943,-0.848448690103,0.317796456355,0.652143528104
10206,2,3204,HOH,H1,H,1.007947,0.4242243450515,1.0,0.0
10207,2,3204,HOH,H2,H,1.007947,0.4242243450515,1.0,0.0
10208,2,3205,HOH,O,O,15.99943,-0.848448690103,0.317796456355,0.652143528104
10209,2,3205,HOH,H1,H,1.007947,0.4242243450515,1.0,0.0
10210,2,3205,HOH,H2,H,1.007947,0.4242243450515,1.0,0.0
10211,2,3206,HOH,O,O,15.99943,-0.848448690103,0.317796456355,0.652143528104
10212,2,3206,HOH,H1,H,1.007947,0.4242243450515,1.0,0.0
10213,2,3206,HOH,H2,H,1.007947,0.4242243450515,1.0,0.0
10214,2,3207,HOH,O,O,15.99943,-0.848448690103,0.317796456355,0.652143528104
10215,2,3207,HOH,H1,H,1.007947,0.4242243450515,1.0,0.0
10216,2,3207,HOH,H2,H,1.007947,0.4242243450515,1.0,0.0
10217,2,3208,HOH,O,O,15.99943,-0.848448690103,0.317796456355,0.652143528104
10218,2,3208,HOH,H1,H,1.007947,0.4242243450515,1.0,0.0
10219,2,3208,HOH,H2,H,1.007947,0.4242243450515,1.0,0.0
10220,2,3209,HOH,O,O,15.99943,-0.848448690103,0.317796456355,0.652143528104
10221,2,3209,HOH,H1,H,1.007947,0.4242243450515,1.0,0.0
10222,2,3209,HOH,H2,H,1.007947,0.4242243450515,1.0,0.0
10223,2,3210,HOH,O,O,15.99943,-0.848448690103,0.317796456355,0.652143528104
10224,2,3210,HOH,H1,H,1.007947,0.4242243450515,1.0,0.0
10225,2,3210,HOH,H2,H,1.007947,0.4242243450515,1.0,0.0
10226,2,3211,HOH,O,O,15.99943,-0.848448690103,0.317796456355,0.652143528104
10227,2,3211,HOH,H1,H,1.007947,0.4242243450515,1.0,0.0
10228,2,3211,HOH,H2,H,1.007947,0.4242243450515,1.0,0.0
10229,2,3212,HOH,O,O,15.99943,-0.848448690103,0.317796456355,0.652143528104
10230,2,3212,HOH,H1,H,1.007947,0.4242243450515,1.0,0.0
10231,2,3212,HOH,H2,H,1.007947,0.4242243450515,1.0,0.0
10232,2,3213,HOH,O,O,15.99943,-0.848448690103,0.317796456355,0.652143528104
10233,2,3213,HOH,H1,H,1.007947,0.4242243450515,1.0,0.0
10234,2,3213,HOH,H2,H,1.007947,0.4242243450515,1.0,0.0
10235,2,3214,HOH,O,O,15.99943,-0.848448690103,0.317796456355,0.652143528104
10236,2,3214,HOH,H1,H,1.007947,0.4242243450515,1.0,0.0
10237,2,3214,HOH,H2,H,1.007947,0.4242243450515,1.0,0.0
10238,2,3215,HOH,O,O,15.99943,-0.848448690103,0.317796456355,0.652143528104
10239,2,3215,HOH,H1,H,1.007947,0.4242243450515,1.0,0.0
10240,2,3215,HOH,H2,H,1.007947,0.4242243450515,1.0,0.0
10241,2,3216,HOH,O,O,15.99943,-0.848448690103,0.317796456355,0.652143528104
10242,2,3216,HOH,H1,H,1.007947,0.4242243450515,1.0,0.0
10243,2,3216,HOH,H2,H,1.007947,0.4242243450515,1.0,0.0
10244,2,3217,HOH,O,O,15.99943,-0.848448690103,0.317796456355,0.652143528104
10245,2,3217,HOH,H1,H,1.007947,0.4242243450515,1.0,0.0
10246,2,3217,HOH,H2,H,1.007947,0.4242243450515,1.0,0.0
10247,2,3218,HOH,O,O,15.99943,-0.848448690103,0.317796456355,0.652143528104
10248,2,3218,HOH,H1,H,1.007947,0.4242243450515,1.0,0.0
10249,2,3218,HOH,H2,H,1.007947,0.4242243450515,1.0,0.0
10250,2,3219,HOH,O,O,15.99943,-0.848448690103,0.317796456355,0.652143528104
10251,2,3219,HOH,H1,H,1.007947,0.4242243450515,1.0,0.0
10252,2,3219,HOH,H2,H,1.007947,0.4242243450515,1.0,0.0
10253,2,3220,HOH,O,O,15.99943,-0.848448690103,0.317796456355,0.652143528104
10254,2,3220,HOH,H1,H,1.007947,0.4242243450515,1.0,0.0
10255,2,3220,HOH,H2,H,1.007947,0.4242243450515,1.0,0.0
10256,2,3221,HOH,O,O,15.99943,-0.848448690103,0.317796456355,0.652143528104
10257,2,3221,HOH,H1,H,1.007947,0.4242243450515,1.0,0.0
10258,2,3221,HOH,H2,H,1.007947,0.4242243450515,1.0,0.0
10259,2,3222,HOH,O,O,15.99943,-0.848448690103,0.317796456355,0.652143528104
10260,2,3222,HOH,H1,H,1.007947,0.4242243450515,1.0,0.0
10261,2,3222,HOH,H2,H,1.007947,0.4242243450515,1.0,0.0
10262,2,3223,HOH,O,O,15.99943,-0.848448690103,0.317796456355,0.652143528104
10263,2,3223,HOH,H1,H,1.007947,0.4242243450515,1.0,0.0
10264,2,3223,HOH,H2,H,1.007947,0.4242243450515,1.0,0.0
10265,2,3224,HOH,O,O,15.99943,-0.848448690103,0.317796456355,0.652143528104
10266,2,3224,HOH,H1,H,1.007947,0.4242243450515,1.0,0.0
10267,2,3224,HOH,H2,H,1.007947,0.4242243450515,1.0,0.0
10268,2,3225,HOH,O,O,15.99943,-0.848448690103,0.317796456355,0.652143528104
10269,2,3225,HOH,H1,H,1.007947,0.4242243450515,1.0,0.0
10270,2,3225,HOH,H2,H,1.007947,0.4242243450515,1.0,0.0
10271,2,3226,HOH,O,O,15.99943,-0.848448690103,0.317796456355,0.652143528104
10272,2,3226,HOH,H1,H,1.007947,0.4242243450515,1.0,0.0
10273,2,3226,HOH,H2,H,1.007947,0.4242243450515,1.0,0.0
10274,2,3227,HOH,O,O,15.99943,-0.848448690103,0.317796456355,0.652143528104
10275,2,3227,HOH,H1,H,1.007947,0.4242243450515,1.0,0.0
10276,2,3227,HOH,H2,H,1.007947,0.4242243450515,1.0,0.0
10277,2,3228,HOH,O,O,15.99943,-0.848448690103,0.317796456355,0.652143528104
10278,2,3228,HOH,H1,H,1.007947,0.4242243450515,1.0,0.0
10279,2,3228,HOH,H2,H,1.007947,0.4242243450515,1.0,0.0
10280,2,3229,HOH,O,O,15.99943,-0.848448690103,0.317796456355,0.652143528104
10281,2,3229,HOH,H1,H,1.007947,0.4242243450515,1.0,0.0
10282,2,3229,HOH,H2,H,1.007947,0.4242243450515,1.0,0.0
10283,2,3230,HOH,O,O,15.99943,-0.848448690103,0.317796456355,0.652143528104
10284,2,3230,HOH,H1,H,1.007947,0.4242243450515,1.0,0.0
10285,2,3230,HOH,H2,H,1.007947,0.4242243450515,1.0,0.0
10286,2,3231,HOH,O,O,15.99943,-0.848448690103,0.317796456355,0.652143528104
10287,2,3231,HOH,H1,H,1.007947,0.4242243450515,1.0,0.0
10288,2,3231,HOH,H2,H,1.007947,0.4242243450515,1.0,0.0
10289,2,3232,HOH,O,O,15.99943,-0.848448690103,0.317796456355,0.652143528104
10290,2,3232,HOH,H1,H,1.007947,0.4242243450515,1.0,0.0
10291,2,3232,HOH,H2,H,1.007947,0.4242243450515,1.0,0.0
10292,2,3233,HOH,O,O,15.99943,-0.848448690103,0.317796456355,0.652143528104
10293,2,3233,HOH,H1,H,1.007947,0.4242243450515,1.0,0.0
10294,2,3233,HOH,H2,H,1.007947,0.4242243450515,1.0,0.0
10295,2,3234,HOH,O,O,15.99943,-0.848448690103,0.317796456355,0.652143528104
10296,2,3234,HOH,H1,H,1.007947,0.4242243450515,1.0,0.0
10297,2,3234,HOH,H2,H,1.007947,0.4242243450515,1.0,0.0
10298,2,3235,HOH,O,O,15.99943,-0.848448690103,0.317796456355,0.652143528104
10299,2,3235,HOH,H1,H,1.007947,0.4242243450515,1.0,0.0
10300,2,3235,HOH,H2,H,1.007947,0.4242243450515,1.0,0.0
10301,2,3236,HOH,O,O,15.99943,-0.848448690103,0.317796456355,0.652143528104
10302,2,3236,HOH,H1,H,1.007947,0.4242243450515,1.0,0.0
10303,2,3236,HOH,H2,H,1.007947,0.4242243450515,1.0,0.0
10304,2,3237,HOH,O,O,15.99943,-0.848448690103,0.317796456355,0.652143528104
10305,2,3237,HOH,H1,H,1.007947,0.4242243450515,1.0,0.0
10306,2,3237,HOH,H2,H,1.007947,0.4242243450515,1.0,0.0
10307,2,3238,HOH,O,O,15.99943,-0.848448690103,0.317796456355,0.652143528104
10308,2,3238,HOH,H1,H,1.007947,0.4242243450515,1.0,0.0
10309,2,3238,HOH,H2,H,1.007947,0.4242243450515,1.0,0.0
10310,2,3239,HOH,O,O,15.99943,-0.848448690103,0.317796456355,0.652143528104
10311,2,3239,HOH,H1,H,1.007947,0.4242243450515,1.0,0.0
10312,2,3239,HOH,H2,H,1.007947,0.4242243450515,1.0,0.0
10313,2,3240,HOH,O,O,15.99943,-0.848448690103,0.317796456355,0.652143528104
10314,2,3240,HOH,H1,H,1.007947,0.4242243450515,1.0,0.0
10315,2,3240,HOH,H2,H,1.007947,0.4242243450515,1.0,0.0
10316,2,3241,HOH,O,O,15.99943,-0.848448690103,0.317796456355,0.652143528104
10317,2,3241,HOH,H1,H,1.007947,0.4242243450515,1.0,0.0
10318,2,3241,HOH,H2,H,1.007947,0.4242243450515,1.0,0.0
10319,2,3242,HOH,O,O,15.99943,-0.848448690103,0.317796456355,0.652143528104
10320,2,3242,HOH,H1,H,1.007947,0.4242243450515,1.0,0.0
10321,2,3242,HOH,H2,H,1.007947,0.4242243450515,1.0,0.0
10322,2,3243,HOH,O,O,15.99943,-0.848448690103,0.317796456355,0.652143528104
10323,2,3243,HOH,H1,H,1.007947,0.4242243450515,1.0,0.0
10324,2,3243,HOH,H2,H,1.007947,0.4242243450515,1.0,0.0
10325,2,3244,HOH,O,O,15.99943,-0.848448690103,0.317796456355,0.652143528104
10326,2,3244,HOH,H1,H,1.007947,0.4242243450515,1.0,0.0
10327,2,3244,HOH,H2,H,1.007947,0.4242243450515,1.0,0.0
10328,2,3245,HOH,O,O,15.99943,-0.848448690103,0.317796456355,0.652143528104
10329,2,3245,HOH,H1,H,1.007947,0.4242243450515,1.0,0.0
10330,2,3245,HOH,H2,H,1.007947,0.4242243450515,1.0,0.0
10331,2,3246,HOH,O,O,15.99943,-0.848448690103,0.317796456355,0.652143528104
10332,2,3246,HOH,H1,H,1.007947,0.4242243450515,1.0,0.0
10333,2,3246,HOH,H2,H,1.007947,0.4242243450515,1.0,0.0
10334,2,3247,HOH,O,O,15.99943,-0.848448690103,0.317796456355,0.652143528104
10335,2,3247,HOH,H1,H,1.007947,0.4242243450515,1.0,0.0
10336,2,3247,HOH,H2,H,1.007947,0.4242243450515,1.0,0.0
10337,2,3248,HOH,O,O,15.99943,-0.848448690103,0.317796456355,0.652143528104
10338,2,3248,HOH,H1,H,1.007947,0.4242243450515,1.0,0.0
10339,2,3248,HOH,H2,H,1.007947,0.4242243450515,1.0,0.0
10340,2,3249,HOH,O,O,15.99943,-0.848448690103,0.317796456355,0.652143528104
10341,2,3249,HOH,H1,H,1.007947,0.4242243450515,1.0,0.0
10342,2,3249,HOH,H2,H,1.007947,0.4242243450515,1.0,0.0
10343,2,3250,HOH,O,O,15.99943,-0.848448690103,0.317796456355,0.652143528104
10344,2,3250,HOH,H1,H,1.007947,0.4242243450515,1.0,0.0
10345,2,3250,HOH,H2,H,1.007947,0.4242243450515,1.0,0.0
10346,2,3251,HOH,O,O,15.99943,-0.848448690103,0.317796456355,0.652143528104
10347,2,3251,HOH,H1,H,1.007947,0.4242243450515,1.0,0.0
10348,2,3251,HOH,H2,H,1.007947,0.4242243450515,1.0,0.0
10349,2,3252,HOH,O,O,15.99943,-0.848448690103,0.317796456355,0.652143528104
10350,2,3252,HOH,H1,H,1.007947,0.4242243450515,1.0,0.0
10351,2,3252,HOH,H2,H,1.007947,0.4242243450515,1.0,0.0
10352,2,3253,HOH,O,O,15.99943,-0.848448690103,0.317796456355,0.652143528104
10353,2,3253,HOH,H1,H,1.007947,0.4242243450515,1.0,0.0
10354,2,3253,HOH,H2,H,1.007947,0.4242243450515,1.0,0.0
10355,2,3254,HOH,O,O,15.99943,-0.848448690103,0.317796456355,0.652143528104
10356,2,3254,HOH,H1,H,1.007947,0.4242243450515,1.0,0.0
10357,2,3254,HOH,H2,H,1.007947,0.4242243450515,1.0,0.0
10358,2,3255,HOH,O,O,15.99943,-0.848448690103,0.317796456355,0.652143528104
10359,2,3255,HOH,H1,H,1.007947,0.4242243450515,1.0,0.0
10360,2,3255,HOH,H2,H,1.007947,0.4242243450515,1.0,0.0
10361,2,3256,HOH,O,O,15.99943,-0.848448690103,0.317796456355,0.652143528104
10362,2,3256,HOH,H1,H,1.007947,0.4242243450515,1.0,0.0
10363,2,3256,HOH,H2,H,1.007947,0.4242243450515,1.0,0.0
10364,2,3257,HOH,O,O,15.99943,-0.848448690103,0.317796456355,0.652143528104
10365,2,3257,HOH,H1,H,1.007947,0.4242243450515,1.0,0.0
10366,2,3257,HOH,H2,H,1.007947,0.4242243450515,1.0,0.0
10367,2,3258,HOH,O,O,15.99943,-0.848448690103,0.317796456355,0.652143528104
10368,2,3258,HOH,H1,H,1.007947,0.4242243450515,1.0,0.0
10369,2,3258,HOH,H2,H,1.007947,0.4242243450515,1.0,0.0
10370,2,3259,HOH,O,O,15.99943,-0.848448690103,0.317796456355,0.652143528104
10371,2,3259,HOH,H1,H,1.007947,0.4242243450515,1.0,0.0
10372,2,3259,HOH,H2,H,1.007947,0.4242243450515,1.0,0.0
10373,2,3260,HOH,O,O,15.99943,-0.848448690103,0.317796456355,0.652143528104
10374,2,3260,HOH,H1,H,1.007947,0.4242243450515,1.0,0.0
10375,2,3260,HOH,H2,H,1.007947,0.4242243450515,1.0,0.0
10376,2,3261,HOH,O,O,15.99943,-0.848448690103,0.317796456355,0.652143528104
10377,2,3261,HOH,H1,H,1.007947,0.4242243450515,1.0,0.0
10378,2,3261,HOH,H2,H,1.007947,0.4242243450515,1.0,0.0
10379,2,3262,HOH,O,O,15.99943,-0.848448690103,0.317796456355,0.652143528104
10380,2,3262,HOH,H1,H,1.007947,0.4242243450515,1.0,0.0
10381,2,3262,HOH,H2,H,1.007947,0.4242243450515,1.0,0.0
10382,2,3263,HOH,O,O,15.99943,-0.848448690103,0.317796456355,0.652143528104
10383,2,3263,HOH,H1,H,1.007947,0.4242243450515,1.0,0.0
10384,2,3263,HOH,H2,H,1.007947,0.4242243450515,1.0,0.0
10385,2,3264,HOH,O,O,15.99943,-0.848448690103,0.317796456355,0.652143528104
10386,2,3264,HOH,H1,H,1.007947,0.4242243450515,1.0,0.0
10387,2,3264,HOH,H2,H,1.007947,0.4242243450515,1.0,0.0
10388,2,3265,HOH,O,O,15.99943,-0.848448690103,0.317796456355,0.652143528104
10389,2,3265,HOH,H1,H,1.007947,0.4242243450515,1.0,0.0
10390,2,3265,HOH,H2,H,1.007947,0.4242243450515,1.0,0.0
10391,2,3266,HOH,O,O,15.99943,-0.848448690103,0.317796456355,0.652143528104
10392,2,3266,HOH,H1,H,1.007947,0.4242243450515,1.0,0.0
10393,2,3266,HOH,H2,H,1.007947,0.4242243450515,1.0,0.0
10394,2,3267,HOH,O,O,15.99943,-0.848448690103,0.317796456355,0.652143528104
10395,2,3267,HOH,H1,H,1.007947,0.4242243450515,1.0,0.0
10396,2,3267,HOH,H2,H,1.007947,0.4242243450515,1.0,0.0
10397,2,3268,HOH,O,O,15.99943,-0.848448690103,0.317796456355,0.652143528104
10398,2,3268,HOH,H1,H,1.007947,0.4242243450515,1.0,0.0
10399,2,3268,HOH,H2,H,1.007947,0.4242243450515,1.0,0.0
10400,2,3269,HOH,O,O,15.99943,-0.848448690103,0.317796456355,0.652143528104
10401,2,3269,HOH,H1,H,1.007947,0.4242243450515,1.0,0.0
10402,2,3269,HOH,H2,H,1.007947,0.4242243450515,1.0,0.0
10403,2,3270,HOH,O,O,15.99943,-0.848448690103,0.317796456355,0.652143528104
10404,2,3270,HOH,H1,H,1.007947,0.4242243450515,1.0,0.0
10405,2,3270,HOH,H2,H,1.007947,0.4242243450515,1.0,0.0
10406,2,3271,HOH,O,O,15.99943,-0.848448690103,0.317796456355,0.652143528104
10407,2,3271,HOH,H1,H,1.007947,0.4242243450515,1.0,0.0
10408,2,3271,HOH,H2,H,1.007947,0.4242243450515,1.0,0.0
10409,2,3272,HOH,O,O,15.99943,-0.848448690103,0.317796456355,0.652143528104
10410,2,3272,HOH,H1,H,1.007947,0.4242243450515,1.0,0.0
10411,2,3272,HOH,H2,H,1.007947,0.4242243450515,1.0,0.0
10412,2,3273,HOH,O,O,15.99943,-0.848448690103,0.317796456355,0.652143528104
10413,2,3273,HOH,H1,H,1.007947,0.4242243450515,1.0,0.0
10414,2,3273,HOH,H2,H,1.007947,0.4242243450515,1.0,0.0
10415,2,3274,HOH,O,O,15.99943,-0.848448690103,0.317796456355,0.652143528104
10416,2,3274,HOH,H1,H,1.007947,0.4242243450515,1.0,0.0
10417,2,3274,HOH,H2,H,1.007947,0.4242243450515,1.0,0.0
10418,2,3275,HOH,O,O,15.99943,-0.848448690103,0.317796456355,0.652143528104
10419,2,3275,HOH,H1,H,1.007947,0.4242243450515,1.0,0.0
10420,2,3275,HOH,H2,H,1.007947,0.4242243450515,1.0,0.0
10421,2,3276,HOH,O,O,15.99943,-0.848448690103,0.317796456355,0.652143528104
10422,2,3276,HOH,H1,H,1.007947,0.4242243450515,1.0,0.0
10423,2,3276,HOH,H2,H,1.007947,0.4242243450515,1.0,0.0
10424,2,3277,HOH,O,O,15.99943,-0.848448690103,0.317796456355,0.652143528104
10425,2,3277,HOH,H1,H,1.007947,0.4242243450515,1.0,0.0
10426,2,3277,HOH,H2,H,1.007947,0.4242243450515,1.0,0.0
10427,2,3278,HOH,O,O,15.99943,-0.848448690103,0.317796456355,0.652143528104
10428,2,3278,HOH,H1,H,1.007947,0.4242243450515,1.0,0.0
10429,2,3278,HOH,H2,H,1.007947,0.4242243450515,1.0,0.0
10430,2,3279,HOH,O,O,15.99943,-0.848448690103,0.317796456355,0.652143528104
10431,2,3279,HOH,H1,H,1.007947,0.4242243450515,1.0,0.0
10432,2,3279,HOH,H2,H,1.007947,0.4242243450515,1.0,0.0
10433,2,3280,HOH,O,O,15.99943,-0.848448690103,0.317796456355,0.652143528104
10434,2,3280,HOH,H1,H,1.007947,0.4242243450515,1.0,0.0
10435,2,3280,HOH,H2,H,1.007947,0.4242243450515,1.0,0.0
10436,2,3281,HOH,O,O,15.99943,-0.848448690103,0.317796456355,0.652143528104
10437,2,3281,HOH,H1,H,1.007947,0.4242243450515,1.0,0.0
10438,2,3281,HOH,H2,H,1.007947,0.4242243450515,1.0,0.0
10439,2,3282,HOH,O,O,15.99943,-0.848448690103,0.317796456355,0.652143528104
10440,2,3282,HOH,H1,H,1.007947,0.4242243450515,1.0,0.0
10441,2,3282,HOH,H2,H,1.007947,0.4242243450515,1.0,0.0
10442,2,3283,HOH,O,O,15.99943,-0.848448690103,0.317796456355,0.652143528104
10443,2,3283,HOH,H1,H,1.007947,0.4242243450515,1.0,0.0
10444,2,3283,HOH,H2,H,1.007947,0.4242243450515,1.0,0.0
10445,2,3284,HOH,O,O,15.99943,-0.848448690103,0.317796456355,0.652143528104
10446,2,3284,HOH,H1,H,1.007947,0.4242243450515,1.0,0.0
10447,2,3284,HOH,H2,H,1.007947,0.4242243450515,1.0,0.0
10448,2,3285,HOH,O,O,15.99943,-0.848448690103,0.317796456355,0.652143528104
10449,2,3285,HOH,H1,H,1.007947,0.4242243450515,1.0,0.0
10450,2,3285,HOH,H2,H,1.007947,0.4242243450515,1.0,0.0
10451,2,3286,HOH,O,O,15.99943,-0.848448690103,0.317796456355,0.652143528104
10452,2,3286,HOH,H1,H,1.007947,0.4242243450515,1.0,0.0
10453,2,3286,HOH,H2,H,1.007947,0.4242243450515,1.0,0.0
10454,2,3287,HOH,O,O,15.99943,-0.848448690103,0.317796456355,0.652143528104
10455,2,3287,HOH,H1,H,1.007947,0.4242243450515,1.0,0.0
10456,2,3287,HOH,H2,H,1.007947,0.4242243450515,1.0,0.0
10457,2,3288,HOH,O,O,15.99943,-0.848448690103,0.317796456355,0.652143528104
10458,2,3288,HOH,H1,H,1.007947,0.4242243450515,1.0,0.0
10459,2,3288,HOH,H2,H,1.007947,0.4242243450515,1.0,0.0
10460,2,3289,HOH,O,O,15.99943,-0.848448690103,0.317796456355,0.652143528104
10461,2,3289,HOH,H1,H,1.007947,0.4242243450515,1.0,0.0
10462,2,3289,HOH,H2,H,1.007947,0.4242243450515,1.0,0.0
10463,2,3290,HOH,O,O,15.99943,-0.848448690103,0.317796456355,0.652143528104
10464,2,3290,HOH,H1,H,1.007947,0.4242243450515,1.0,0.0
10465,2,3290,HOH,H2,H,1.007947,0.4242243450515,1.0,0.0
10466,2,3291,HOH,O,O,15.99943,-0.848448690103,0.317796456355,0.652143528104
10467,2,3291,HOH,H1,H,1.007947,0.4242243450515,1.0,0.0
10468,2,3291,HOH,H2,H,1.007947,0.4242243450515,1.0,0.0
10469,2,3292,HOH,O,O,15.99943,-0.848448690103,0.317796456355,0.652143528104
10470,2,3292,HOH,H1,H,1.007947,0.4242243450515,1.0,0.0
10471,2,3292,HOH,H2,H,1.007947,0.4242243450515,1.0,0.0
10472,2,3293,HOH,O,O,15.99943,-0.848448690103,0.317796456355,0.652143528104
10473,2,3293,HOH,H1,H,1.007947,0.4242243450515,1.0,0.0
10474,2,3293,HOH,H2,H,1.007947,0.4242243450515,1.0,0.0
10475,2,3294,HOH,O,O,15.99943,-0.848448690103,0.317796456355,0.652143528104
10476,2,3294,HOH,H1,H,1.007947,0.4242243450515,1.0,0.0
10477,2,3294,HOH,H2,H,1.007947,0.4242243450515,1.0,0.0
10478,2,3295,HOH,O,O,15.99943,-0.848448690103,0.317796456355,0.652143528104
10479,2,3295,HOH,H1,H,1.007947,0.4242243450515,1.0,0.0
10480,2,3295,HOH,H2,H,1.007947,0.4242243450515,1.0,0.0
10481,2,3296,HOH,O,O,15.99943,-0.848448690103,0.317796456355,0.652143528104
10482,2,3296,HOH,H1,H,1.007947,0.4242243450515,1.0,0.0
10483,2,3296,HOH,H2,H,1.007947,0.4242243450515,1.0,0.0
10484,2,3297,HOH,O,O,15.99943,-0.848448690103,0.317796456355,0.652143528104
10485,2,3297,HOH,H1,H,1.007947,0.4242243450515,1.0,0.0
10486,2,3297,HOH,H2,H,1.007947,0.4242243450515,1.0,0.0
10487,2,3298,HOH,O,O,15.99943,-0.848448690103,0.317796456355,0.652143528104
10488,2,3298,HOH,H1,H,1.007947,0.4242243450515,1.0,0.0
10489,2,3298,HOH,H2,H,1.007947,0.4242243450515,1.0,0.0
10490,2,3299,HOH,O,O,15.99943,-0.848448690103,0.317796456355,0.652143528104
10491,2,3299,HOH,H1,H,1.007947,0.4242243450515,1.0,0.0
10492,2,3299,HOH,H2,H,1.007947,0.4242243450515,1.0,0.0
10493,2,3300,HOH,O,O,15.99943,-0.848448690103,0.317796456355,0.652143528104
10494,2,3300,HOH,H1,H,1.007947,0.4242243450515,1.0,0.0
10495,2,3300,HOH,H2,H,1.007947,0.4242243450515,1.0,0.0
10496,2,3301,HOH,O,O,15.99943,-0.848448690103,0.317796456355,0.652143528104
10497,2,3301,HOH,H1,H,1.007947,0.4242243450515,1.0,0.0
10498,2,3301,HOH,H2,H,1.007947,0.4242243450515,1.0,0.0
10499,2,3302,HOH,O,O,15.99943,-0.848448690103,0.317796456355,0.652143528104
10500,2,3302,HOH,H1,H,1.007947,0.4242243450515,1.0,0.0
10501,2,3302,HOH,H2,H,1.007947,0.4242243450515,1.0,0.0
10502,2,3303,HOH,O,O,15.99943,-0.848448690103,0.317796456355,0.652143528104
10503,2,3303,HOH,H1,H,1.007947,0.4242243450515,1.0,0.0
10504,2,3303,HOH,H2,H,1.007947,0.4242243450515,1.0,0.0
10505,2,3304,HOH,O,O,15.99943,-0.848448690103,0.317796456355,0.652143528104
10506,2,3304,HOH,H1,H,1.007947,0.4242243450515,1.0,0.0
10507,2,3304,HOH,H2,H,1.007947,0.4242243450515,1.0,0.0
10508,2,3305,HOH,O,O,15.99943,-0.848448690103,0.317796456355,0.652143528104
10509,2,3305,HOH,H1,H,1.007947,0.4242243450515,1.0,0.0
10510,2,3305,HOH,H2,H,1.007947,0.4242243450515,1.0,0.0
10511,2,3306,HOH,O,O,15.99943,-0.848448690103,0.317796456355,0.652143528104
10512,2,3306,HOH,H1,H,1.007947,0.4242243450515,1.0,0.0
10513,2,3306,HOH,H2,H,1.007947,0.4242243450515,1.0,0.0
10514,2,3307,HOH,O,O,15.99943,-0.848448690103,0.317796456355,0.652143528104
10515,2,3307,HOH,H1,H,1.007947,0.4242243450515,1.0,0.0
10516,2,3307,HOH,H2,H,1.007947,0.4242243450515,1.0,0.0
10517,2,3308,HOH,O,O,15.99943,-0.848448690103,0.317796456355,0.652143528104
10518,2,3308,HOH,H1,H,1.007947,0.4242243450515,1.0,0.0
10519,2,3308,HOH,H2,H,1.007947,0.4242243450515,1.0,0.0
10520,2,3309,HOH,O,O,15.99943,-0.848448690103,0.317796456355,0.652143528104
10521,2,3309,HOH,H1,H,1.007947,0.4242243450515,1.0,0.0
10522,2,3309,HOH,H2,H,1.007947,0.4242243450515,1.0,0.0
10523,2,3310,HOH,O,O,15.99943,-0.848448690103,0.317796456355,0.652143528104
10524,2,3310,HOH,H1,H,1.007947,0.4242243450515,1.0,0.0
10525,2,3310,HOH,H2,H,1.007947,0.4242243450515,1.0,0.0
10526,2,3311,HOH,O,O,15.99943,-0.848448690103,0.317796456355,0.652143528104
10527,2,3311,HOH,H1,H,1.007947,0.4242243450515,1.0,0.0
10528,2,3311,HOH,H2,H,1.007947,0.4242243450515,1.0,0.0
10529,2,3312,HOH,O,O,15.99943,-0.848448690103,0.317796456355,0.652143528104
10530,2,3312,HOH,H1,H,1.007947,0.4242243450515,1.0,0.0
10531,2,3312,HOH,H2,H,1.007947,0.4242243450515,1.0,0.0
10532,2,3313,HOH,O,O,15.99943,-0.848448690103,0.317796456355,0.652143528104
10533,2,3313,HOH,H1,H,1.007947,0.4242243450515,1.0,0.0
10534,2,3313,HOH,H2,H,1.007947,0.4242243450515,1.0,0.0
10535,2,3314,HOH,O,O,15.99943,-0.848448690103,0.317796456355,0.652143528104
10536,2,3314,HOH,H1,H,1.007947,0.4242243450515,1.0,0.0
10537,2,3314,HOH,H2,H,1.007947,0.4242243450515,1.0,0.0
10538,2,3315,HOH,O,O,15.99943,-0.848448690103,0.317796456355,0.652143528104
10539,2,3315,HOH,H1,H,1.007947,0.4242243450515,1.0,0.0
10540,2,3315,HOH,H2,H,1.007947,0.4242243450515,1.0,0.0
10541,2,3316,HOH,O,O,15.99943,-0.848448690103,0.317796456355,0.652143528104
10542,2,3316,HOH,H1,H,1.007947,0.4242243450515,1.0,0.0
10543,2,3316,HOH,H2,H,1.007947,0.4242243450515,1.0,0.0
10544,2,3317,HOH,O,O,15.99943,-0.848448690103,0.317796456355,0.652143528104
10545,2,3317,HOH,H1,H,1.007947,0.4242243450515,1.0,0.0
10546,2,3317,HOH,H2,H,1.007947,0.4242243450515,1.0,0.0
10547,2,3318,HOH,O,O,15.99943,-0.848448690103,0.317796456355,0.652143528104
10548,2,3318,HOH,H1,H,1.007947,0.4242243450515,1.0,0.0
10549,2,3318,HOH,H2,H,1.007947,0.4242243450515,1.0,0.0
10550,2,3319,HOH,O,O,15.99943,-0.848448690103,0.317796456355,0.652143528104
10551,2,3319,HOH,H1,H,1.007947,0.4242243450515,1.0,0.0
10552,2,3319,HOH,H2,H,1.007947,0.4242243450515,1.0,0.0
10553,2,3320,HOH,O,O,15.99943,-0.848448690103,0.317796456355,0.652143528104
10554,2,3320,HOH,H1,H,1.007947,0.4242243450515,1.0,0.0
10555,2,3320,HOH,H2,H,1.007947,0.4242243450515,1.0,0.0
10556,2,3321,HOH,O,O,15.99943,-0.848448690103,0.317796456355,0.652143528104
10557,2,3321,HOH,H1,H,1.007947,0.4242243450515,1.0,0.0
10558,2,3321,HOH,H2,H,1.007947,0.4242243450515,1.0,0.0
10559,2,3322,HOH,O,O,15.99943,-0.848448690103,0.317796456355,0.652143528104
10560,2,3322,HOH,H1,H,1.007947,0.4242243450515,1.0,0.0
10561,2,3322,HOH,H2,H,1.007947,0.4242243450515,1.0,0.0
10562,2,3323,HOH,O,O,15.99943,-0.848448690103,0.317796456355,0.652143528104
10563,2,3323,HOH,H1,H,1.007947,0.4242243450515,1.0,0.0
10564,2,3323,HOH,H2,H,1.007947,0.4242243450515,1.0,0.0
10565,2,3324,HOH,O,O,15.99943,-0.848448690103,0.317796456355,0.652143528104
10566,2,3324,HOH,H1,H,1.007947,0.4242243450515,1.0,0.0
10567,2,3324,HOH,H2,H,1.007947,0.4242243450515,1.0,0.0
10568,2,3325,HOH,O,O,15.99943,-0.848448690103,0.317796456355,0.652143528104
10569,2,3325,HOH,H1,H,1.007947,0.4242243450515,1.0,0.0
10570,2,3325,HOH,H2,H,1.007947,0.4242243450515,1.0,0.0
10571,2,3326,HOH,O,O,15.99943,-0.848448690103,0.317796456355,0.652143528104
10572,2,3326,HOH,H1,H,1.007947,0.4242243450515,1.0,0.0
10573,2,3326,HOH,H2,H,1.007947,0.4242243450515,1.0,0.0
10574,2,3327,HOH,O,O,15.99943,-0.848448690103,0.317796456355,0.652143528104
10575,2,3327,HOH,H1,H,1.007947,0.4242243450515,1.0,0.0
10576,2,3327,HOH,H2,H,1.007947,0.4242243450515,1.0,0.0
10577,2,3328,HOH,O,O,15.99943,-0.848448690103,0.317796456355,0.652143528104
10578,2,3328,HOH,H1,H,1.007947,0.4242243450515,1.0,0.0
10579,2,3328,HOH,H2,H,1.007947,0.4242243450515,1.0,0.0
10580,2,3329,HOH,O,O,15.99943,-0.848448690103,0.317796456355,0.652143528104
10581,2,3329,HOH,H1,H,1.007947,0.4242243450515,1.0,0.0
10582,2,3329,HOH,H2,H,1.007947,0.4242243450515,1.0,0.0
10583,2,3330,HOH,O,O,15.99943,-0.848448690103,0.317796456355,0.652143528104
10584,2,3330,HOH,H1,H,1.007947,0.4242243450515,1.0,0.0
10585,2,3330,HOH,H2,H,1.007947,0.4242243450515,1.0,0.0
10586,2,3331,HOH,O,O,15.99943,-0.848448690103,0.317796456355,0.652143528104
10587,2,3331,HOH,H1,H,1.007947,0.4242243450515,1.0,0.0
10588,2,3331,HOH,H2,H,1.007947,0.4242243450515,1.0,0.0
10589,2,3332,HOH,O,O,15.99943,-0.848448690103,0.317796456355,0.652143528104
10590,2,3332,HOH,H1,H,1.007947,0.4242243450515,1.0,0.0
10591,2,3332,HOH,H2,H,1.007947,0.4242243450515,1.0,0.0
10592,2,3333,HOH,O,O,15.99943,-0.848448690103,0.317796456355,0.652143528104
10593,2,3333,HOH,H1,H,1.007947,0.4242243450515,1.0,0.0
10594,2,3333,HOH,H2,H,1.007947,0.4242243450515,1.0,0.0
10595,2,3334,HOH,O,O,15.99943,-0.848448690103,0.317796456355,0.652143528104
10596,2,3334,HOH,H1,H,1.007947,0.4242243450515,1.0,0.0
10597,2,3334,HOH,H2,H,1.007947,0.4242243450515,1.0,0.0
10598,2,3335,HOH,O,O,15.99943,-0.848448690103,0.317796456355,0.652143528104
10599,2,3335,HOH,H1,H,1.007947,0.4242243450515,1.0,0.0
10600,2,3335,HOH,H2,H,1.007947,0.4242243450515,1.0,0.0
10601,2,3336,HOH,O,O,15.99943,-0.848448690103,0.317796456355,0.652143528104
10602,2,3336,HOH,H1,H,1.007947,0.4242243450515,1.0,0.0
10603,2,3336,HOH,H2,H,1.007947,0.4242243450515,1.0,0.0
10604,2,3337,HOH,O,O,15.99943,-0.848448690103,0.317796456355,0.652143528104
10605,2,3337,HOH,H1,H,1.007947,0.4242243450515,1.0,0.0
10606,2,3337,HOH,H2,H,1.007947,0.4242243450515,1.0,0.0
10607,2,3338,HOH,O,O,15.99943,-0.848448690103,0.317796456355,0.652143528104
10608,2,3338,HOH,H1,H,1.007947,0.4242243450515,1.0,0.0
10609,2,3338,HOH,H2,H,1.007947,0.4242243450515,1.0,0.0
10610,2,3339,HOH,O,O,15.99943,-0.848448690103,0.317796456355,0.652143528104
10611,2,3339,HOH,H1,H,1.007947,0.4242243450515,1.0,0.0
10612,2,3339,HOH,H2,H,1.007947,0.4242243450515,1.0,0.0
10613,2,3340,HOH,O,O,15.99943,-0.848448690103,0.317796456355,0.652143528104
10614,2,3340,HOH,H1,H,1.007947,0.4242243450515,1.0,0.0
10615,2,3340,HOH,H2,H,1.007947,0.4242243450515,1.0,0.0
10616,2,3341,HOH,O,O,15.99943,-0.848448690103,0.317796456355,0.652143528104
10617,2,3341,HOH,H1,H,1.007947,0.4242243450515,1.0,0.0
10618,2,3341,HOH,H2,H,1.007947,0.4242243450515,1.0,0.0
10619,2,3342,HOH,O,O,15.99943,-0.848448690103,0.317796456355,0.652143528104
10620,2,3342,HOH,H1,H,1.007947,0.4242243450515,1.0,0.0
10621,2,3342,HOH,H2,H,1.007947,0.4242243450515,1.0,0.0
10622,2,3343,HOH,O,O,15.99943,-0.848448690103,0.317796456355,0.652143528104
10623,2,3343,HOH,H1,H,1.007947,0.4242243450515,1.0,0.0
10624,2,3343,HOH,H2,H,1.007947,0.4242243450515,1.0,0.0
10625,2,3344,HOH,O,O,15.99943,-0.848448690103,0.317796456355,0.652143528104
10626,2,3344,HOH,H1,H,1.007947,0.4242243450515,1.0,0.0
10627,2,3344,HOH,H2,H,1.007947,0.4242243450515,1.0,0.0
10628,2,3345,HOH,O,O,15.99943,-0.848448690103,0.317796456355,0.652143528104
10629,2,3345,HOH,H1,H,1.007947,0.4242243450515,1.0,0.0
10630,2,3345,HOH,H2,H,1.007947,0.4242243450515,1.0,0.0
10631,2,3346,HOH,O,O,15.99943,-0.848448690103,0.317796456355,0.652143528104
10632,2,3346,HOH,H1,H,1.007947,0.4242243450515,1.0,0.0
10633,2,3346,HOH,H2,H,1.007947,0.4242243450515,1.0,0.0
10634,2,3347,HOH,O,O,15.99943,-0.848448690103,0.317796456355,0.652143528104
10635,2,3347,HOH,H1,H,1.007947,0.4242243450515,1.0,0.0
10636,2,3347,HOH,H2,H,1.007947,0.4242243450515,1.0,0.0
10637,2,3348,HOH,O,O,15.99943,-0.848448690103,0.317796456355,0.652143528104
10638,2,3348,HOH,H1,H,1.007947,0.4242243450515,1.0,0.0
10639,2,3348,HOH,H2,H,1.007947,0.4242243450515,1.0,0.0
10640,2,3349,HOH,O,O,15.99943,-0.848448690103,0.317796456355,0.652143528104
10641,2,3349,HOH,H1,H,1.007947,0.4242243450515,1.0,0.0
10642,2,3349,HOH,H2,H,1.007947,0.4242243450515,1.0,0.0
10643,2,3350,HOH,O,O,15.99943,-0.848448690103,0.317796456355,0.652143528104
10644,2,3350,HOH,H1,H,1.007947,0.4242243450515,1.0,0.0
10645,2,3350,HOH,H2,H,1.007947,0.4242243450515,1.0,0.0
10646,2,3351,HOH,O,O,15.99943,-0.848448690103,0.317796456355,0.652143528104
10647,2,3351,HOH,H1,H,1.007947,0.4242243450515,1.0,0.0
10648,2,3351,HOH,H2,H,1.007947,0.4242243450515,1.0,0.0
10649,2,3352,HOH,O,O,15.99943,-0.848448690103,0.317796456355,0.652143528104
10650,2,3352,HOH,H1,H,1.007947,0.4242243450515,1.0,0.0
10651,2,3352,HOH,H2,H,1.007947,0.4242243450515,1.0,0.0
10652,2,3353,HOH,O,O,15.99943,-0.848448690103,0.317796456355,0.652143528104
10653,2,3353,HOH,H1,H,1.007947,0.4242243450515,1.0,0.0
10654,2,3353,HOH,H2,H,1.007947,0.4242243450515,1.0,0.0
10655,2,3354,HOH,O,O,15.99943,-0.848448690103,0.317796456355,0.652143528104
10656,2,3354,HOH,H1,H,1.007947,0.4242243450515,1.0,0.0
10657,2,3354,HOH,H2,H,1.007947,0.4242243450515,1.0,0.0
10658,2,3355,HOH,O,O,15.99943,-0.848448690103,0.317796456355,0.652143528104
10659,2,3355,HOH,H1,H,1.007947,0.4242243450515,1.0,0.0
10660,2,3355,HOH,H2,H,1.007947,0.4242243450515,1.0,0.0
10661,2,3356,HOH,O,O,15.99943,-0.848448690103,0.317796456355,0.652143528104
10662,2,3356,HOH,H1,H,1.007947,0.4242243450515,1.0,0.0
10663,2,3356,HOH,H2,H,1.007947,0.4242243450515,1.0,0.0
10664,2,3357,HOH,O,O,15.99943,-0.848448690103,0.317796456355,0.652143528104
10665,2,3357,HOH,H1,H,1.007947,0.4242243450515,1.0,0.0
10666,2,3357,HOH,H2,H,1.007947,0.4242243450515,1.0,0.0
10667,2,3358,HOH,O,O,15.99943,-0.848448690103,0.317796456355,0.652143528104
10668,2,3358,HOH,H1,H,1.007947,0.4242243450515,1.0,0.0
10669,2,3358,HOH,H2,H,1.007947,0.4242243450515,1.0,0.0
10670,2,3359,HOH,O,O,15.99943,-0.848448690103,0.317796456355,0.652143528104
10671,2,3359,HOH,H1,H,1.007947,0.4242243450515,1.0,0.0
10672,2,3359,HOH,H2,H,1.007947,0.4242243450515,1.0,0.0
10673,2,3360,HOH,O,O,15.99943,-0.848448690103,0.317796456355,0.652143528104
10674,2,3360,HOH,H1,H,1.007947,0.4242243450515,1.0,0.0
10675,2,3360,HOH,H2,H,1.007947,0.4242243450515,1.0,0.0
10676,2,3361,HOH,O,O,15.99943,-0.848448690103,0.317796456355,0.652143528104
10677,2,3361,HOH,H1,H,1.007947,0.4242243450515,1.0,0.0
10678,2,3361,HOH,H2,H,1.007947,0.4242243450515,1.0,0.0
10679,2,3362,HOH,O,O,15.99943,-0.848448690103,0.317796456355,0.652143528104
10680,2,3362,HOH,H1,H,1.007947,0.4242243450515,1.0,0.0
10681,2,3362,HOH,H2,H,1.007947,0.4242243450515,1.0,0.0
10682,2,3363,HOH,O,O,15.99943,-0.848448690103,0.317796456355,0.652143528104
10683,2,3363,HOH,H1,H,1.007947,0.4242243450515,1.0,0.0
10684,2,3363,HOH,H2,H,1.007947,0.4242243450515,1.0,0.0
10685,2,3364,HOH,O,O,15.99943,-0.848448690103,0.317796456355,0.652143528104
10686,2,3364,HOH,H1,H,1.007947,0.4242243450515,1.0,0.0
10687,2,3364,HOH,H2,H,1.007947,0.4242243450515,1.0,0.0
10688,2,3366,HOH,O,O,15.99943,-0.848448690103,0.317796456355,0.652143528104
10689,2,3366,HOH,H1,H,1.007947,0.4242243450515,1.0,0.0
10690,2,3366,HOH,H2,H,1.007947,0.4242243450515,1.0,0.0
10691,2,3367,HOH,O,O,15.99943,-0.848448690103,0.317796456355,0.652143528104
10692,2,3367,HOH,H1,H,1.007947,0.4242243450515,1.0,0.0
10693,2,3367,HOH,H2,H,1.007947,0.4242243450515,1.0,0.0
10694,2,3368,HOH,O,O,15.99943,-0.848448690103,0.317796456355,0.652143528104
10695,2,3368,HOH,H1,H,1.007947,0.4242243450515,1.0,0.0
10696,2,3368,HOH,H2,H,1.007947,0.4242243450515,1.0,0.0
10697,2,3369,HOH,O,O,15.99943,-0.848448690103,0.317796456355,0.652143528104
10698,2,3369,HOH,H1,H,1.007947,0.4242243450515,1.0,0.0
10699,2,3369,HOH,H2,H,1.007947,0.4242243450515,1.0,0.0
10700,2,3370,HOH,O,O,15.99943,-0.848448690103,0.317796456355,0.652143528104
10701,2,3370,HOH,H1,H,1.007947,0.4242243450515,1.0,0.0
10702,2,3370,HOH,H2,H,1.007947,0.4242243450515,1.0,0.0
10703,2,3371,HOH,O,O,15.99943,-0.848448690103,0.317796456355,0.652143528104
10704,2,3371,HOH,H1,H,1.007947,0.4242243450515,1.0,0.0
10705,2,3371,HOH,H2,H,1.007947,0.4242243450515,1.0,0.0
10706,2,3372,HOH,O,O,15.99943,-0.848448690103,0.317796456355,0.652143528104
10707,2,3372,HOH,H1,H,1.007947,0.4242243450515,1.0,0.0
10708,2,3372,HOH,H2,H,1.007947,0.4242243450515,1.0,0.0
10709,2,3373,HOH,O,O,15.99943,-0.848448690103,0.317796456355,0.652143528104
10710,2,3373,HOH,H1,H,1.007947,0.4242243450515,1.0,0.0
10711,2,3373,HOH,H2,H,1.007947,0.4242243450515,1.0,0.0
10712,2,3374,HOH,O,O,15.99943,-0.848448690103,0.317796456355,0.652143528104
10713,2,3374,HOH,H1,H,1.007947,0.4242243450515,1.0,0.0
10714,2,3374,HOH,H2,H,1.007947,0.4242243450515,1.0,0.0
10715,2,3375,HOH,O,O,15.99943,-0.848448690103,0.317796456355,0.652143528104
10716,2,3375,HOH,H1,H,1.007947,0.4242243450515,1.0,0.0
10717,2,3375,HOH,H2,H,1.007947,0.4242243450515,1.0,0.0
10718,2,3376,HOH,O,O,15.99943,-0.848448690103,0.317796456355,0.652143528104
10719,2,3376,HOH,H1,H,1.007947,0.4242243450515,1.0,0.0
10720,2,3376,HOH,H2,H,1.007947,0.4242243450515,1.0,0.0
10721,2,3377,HOH,O,O,15.99943,-0.848448690103,0.317796456355,0.652143528104
10722,2,3377,HOH,H1,H,1.007947,0.4242243450515,1.0,0.0
10723,2,3377,HOH,H2,H,1.007947,0.4242243450515,1.0,0.0
10724,2,3378,HOH,O,O,15.99943,-0.848448690103,0.317796456355,0.652143528104
10725,2,3378,HOH,H1,H,1.007947,0.4242243450515,1.0,0.0
10726,2,3378,HOH,H2,H,1.007947,0.4242243450515,1.0,0.0
10727,2,3379,HOH,O,O,15.99943,-0.848448690103,0.317796456355,0.652143528104
10728,2,3379,HOH,H1,H,1.007947,0.4242243450515,1.0,0.0
10729,2,3379,HOH,H2,H,1.007947,0.4242243450515,1.0,0.0
10730,2,3380,HOH,O,O,15.99943,-0.848448690103,0.317796456355,0.652143528104
10731,2,3380,HOH,H1,H,1.007947,0.4242243450515,1.0,0.0
10732,2,3380,HOH,H2,H,1.007947,0.4242243450515,1.0,0.0
10733,2,3381,HOH,O,O,15.99943,-0.848448690103,0.317796456355,0.652143528104
10734,2,3381,HOH,H1,H,1.007947,0.4242243450515,1.0,0.0
10735,2,3381,HOH,H2,H,1.007947,0.4242243450515,1.0,0.0
10736,2,3382,HOH,O,O,15.99943,-0.848448690103,0.317796456355,0.652143528104
10737,2,3382,HOH,H1,H,1.007947,0.4242243450515,1.0,0.0
10738,2,3382,HOH,H2,H,1.007947,0.4242243450515,1.0,0.0
10739,2,3383,HOH,O,O,15.99943,-0.848448690103,0.317796456355,0.652143528104
10740,2,3383,HOH,H1,H,1.007947,0.4242243450515,1.0,0.0
10741,2,3383,HOH,H2,H,1.007947,0.4242243450515,1.0,0.0
10742,2,3384,HOH,O,O,15.99943,-0.848448690103,0.317796456355,0.652143528104
10743,2,3384,HOH,H1,H,1.007947,0.4242243450515,1.0,0.0
10744,2,3384,HOH,H2,H,1.007947,0.4242243450515,1.0,0.0
10745,2,3385,HOH,O,O,15.99943,-0.848448690103,0.317796456355,0.652143528104
10746,2,3385,HOH,H1,H,1.007947,0.4242243450515,1.0,0.0
10747,2,3385,HOH,H2,H,1.007947,0.4242243450515,1.0,0.0
10748,2,3386,HOH,O,O,15.99943,-0.848448690103,0.317796456355,0.652143528104
10749,2,3386,HOH,H1,H,1.007947,0.4242243450515,1.0,0.0
10750,2,3386,HOH,H2,H,1.007947,0.4242243450515,1.0,0.0
10751,2,3387,HOH,O,O,15.99943,-0.848448690103,0.317796456355,0.652143528104
10752,2,3387,HOH,H1,H,1.007947,0.4242243450515,1.0,0.0
10753,2,3387,HOH,H2,H,1.007947,0.4242243450515,1.0,0.0
10754,2,3388,HOH,O,O,15.99943,-0.848448690103,0.317796456355,0.652143528104
10755,2,3388,HOH,H1,H,1.007947,0.4242243450515,1.0,0.0
10756,2,3388,HOH,H2,H,1.007947,0.4242243450515,1.0,0.0
10757,2,3389,HOH,O,O,15.99943,-0.848448690103,0.317796456355,0.652143528104
10758,2,3389,HOH,H1,H,1.007947,0.4242243450515,1.0,0.0
10759,2,3389,HOH,H2,H,1.007947,0.4242243450515,1.0,0.0
10760,2,3390,HOH,O,O,15.99943,-0.848448690103,0.317796456355,0.652143528104
10761,2,3390,HOH,H1,H,1.007947,0.4242243450515,1.0,0.0
10762,2,3390,HOH,H2,H,1.007947,0.4242243450515,1.0,0.0
10763,2,3391,HOH,O,O,15.99943,-0.848448690103,0.317796456355,0.652143528104
10764,2,3391,HOH,H1,H,1.007947,0.4242243450515,1.0,0.0
10765,2,3391,HOH,H2,H,1.007947,0.4242243450515,1.0,0.0
10766,2,3392,HOH,O,O,15.99943,-0.848448690103,0.317796456355,0.652143528104
10767,2,3392,HOH,H1,H,1.007947,0.4242243450515,1.0,0.0
10768,2,3392,HOH,H2,H,1.007947,0.4242243450515,1.0,0.0
10769,2,3393,HOH,O,O,15.99943,-0.848448690103,0.317796456355,0.652143528104
10770,2,3393,HOH,H1,H,1.007947,0.4242243450515,1.0,0.0
10771,2,3393,HOH,H2,H,1.007947,0.4242243450515,1.0,0.0
10772,2,3394,HOH,O,O,15.99943,-0.848448690103,0.317796456355,0.652143528104
10773,2,3394,HOH,H1,H,1.007947,0.4242243450515,1.0,0.0
10774,2,3394,HOH,H2,H,1.007947,0.4242243450515,1.0,0.0
10775,2,3395,HOH,O,O,15.99943,-0.848448690103,0.317796456355,0.652143528104
10776,2,3395,HOH,H1,H,1.007947,0.4242243450515,1.0,0.0
10777,2,3395,HOH,H2,H,1.007947,0.4242243450515,1.0,0.0
10778,2,3396,HOH,O,O,15.99943,-0.848448690103,0.317796456355,0.652143528104
10779,2,3396,HOH,H1,H,1.007947,0.4242243450515,1.0,0.0
10780,2,3396,HOH,H2,H,1.007947,0.4242243450515,1.0,0.0
10781,2,3397,HOH,O,O,15.99943,-0.848448690103,0.317796456355,0.652143528104
10782,2,3397,HOH,H1,H,1.007947,0.4242243450515,1.0,0.0
10783,2,3397,HOH,H2,H,1.007947,0.4242243450515,1.0,0.0
10784,2,3398,HOH,O,O,15.99943,-0.848448690103,0.317796456355,0.652143528104
10785,2,3398,HOH,H1,H,1.007947,0.4242243450515,1.0,0.0
10786,2,3398,HOH,H2,H,1.007947,0.4242243450515,1.0,0.0
10787,2,3399,HOH,O,O,15.99943,-0.848448690103,0.317796456355,0.652143528104
10788,2,3399,HOH,H1,H,1.007947,0.4242243450515,1.0,0.0
10789,2,3399,HOH,H2,H,1.007947,0.4242243450515,1.0,0.0
10790,2,3400,HOH,O,O,15.99943,-0.848448690103,0.317796456355,0.652143528104
10791,2,3400,HOH,H1,H,1.007947,0.4242243450515,1.0,0.0
10792,2,3400,HOH,H2,H,1.007947,0.4242243450515,1.0,0.0
10793,2,3401,HOH,O,O,15.99943,-0.848448690103,0.317796456355,0.652143528104
10794,2,3401,HOH,H1,H,1.007947,0.4242243450515,1.0,0.0
10795,2,3401,HOH,H2,H,1.007947,0.4242243450515,1.0,0.0
10796,2,3402,HOH,O,O,15.99943,-0.848448690103,0.317796456355,0.652143528104
10797,2,3402,HOH,H1,H,1.007947,0.4242243450515,1.0,0.0
10798,2,3402,HOH,H2,H,1.007947,0.4242243450515,1.0,0.0
10799,2,3403,HOH,O,O,15.99943,-0.848448690103,0.317796456355,0.652143528104
10800,2,3403,HOH,H1,H,1.007947,0.4242243450515,1.0,0.0
10801,2,3403,HOH,H2,H,1.007947,0.4242243450515,1.0,0.0
10802,2,3404,HOH,O,O,15.99943,-0.848448690103,0.317796456355,0.652143528104
10803,2,3404,HOH,H1,H,1.007947,0.4242243450515,1.0,0.0
10804,2,3404,HOH,H2,H,1.007947,0.4242243450515,1.0,0.0
10805,2,3405,HOH,O,O,15.99943,-0.848448690103,0.317796456355,0.652143528104
10806,2,3405,HOH,H1,H,1.007947,0.4242243450515,1.0,0.0
10807,2,3405,HOH,H2,H,1.007947,0.4242243450515,1.0,0.0
10808,2,3406,HOH,O,O,15.99943,-0.848448690103,0.317796456355,0.652143528104
10809,2,3406,HOH,H1,H,1.007947,0.4242243450515,1.0,0.0
10810,2,3406,HOH,H2,H,1.007947,0.4242243450515,1.0,0.0
10811,2,3407,HOH,O,O,15.99943,-0.848448690103,0.317796456355,0.652143528104
10812,2,3407,HOH,H1,H,1.007947,0.4242243450515,1.0,0.0
10813,2,3407,HOH,H2,H,1.007947,0.4242243450515,1.0,0.0
10814,2,3408,HOH,O,O,15.99943,-0.848448690103,0.317796456355,0.652143528104
10815,2,3408,HOH,H1,H,1.007947,0.4242243450515,1.0,0.0
10816,2,3408,HOH,H2,H,1.007947,0.4242243450515,1.0,0.0
10817,2,3409,HOH,O,O,15.99943,-0.848448690103,0.317796456355,0.652143528104
10818,2,3409,HOH,H1,H,1.007947,0.4242243450515,1.0,0.0
10819,2,3409,HOH,H2,H,1.007947,0.4242243450515,1.0,0.0
10820,2,3410,HOH,O,O,15.99943,-0.848448690103,0.317796456355,0.652143528104
10821,2,3410,HOH,H1,H,1.007947,0.4242243450515,1.0,0.0
10822,2,3410,HOH,H2,H,1.007947,0.4242243450515,1.0,0.0
10823,2,3411,HOH,O,O,15.99943,-0.848448690103,0.317796456355,0.652143528104
10824,2,3411,HOH,H1,H,1.007947,0.4242243450515,1.0,0.0
10825,2,3411,HOH,H2,H,1.007947,0.4242243450515,1.0,0.0
10826,2,3412,HOH,O,O,15.99943,-0.848448690103,0.317796456355,0.652143528104
10827,2,3412,HOH,H1,H,1.007947,0.4242243450515,1.0,0.0
10828,2,3412,HOH,H2,H,1.007947,0.4242243450515,1.0,0.0
10829,2,3413,HOH,O,O,15.99943,-0.848448690103,0.317796456355,0.652143528104
10830,2,3413,HOH,H1,H,1.007947,0.4242243450515,1.0,0.0
10831,2,3413,HOH,H2,H,1.007947,0.4242243450515,1.0,0.0
10832,2,3414,HOH,O,O,15.99943,-0.848448690103,0.317796456355,0.652143528104
10833,2,3414,HOH,H1,H,1.007947,0.4242243450515,1.0,0.0
10834,2,3414,HOH,H2,H,1.007947,0.4242243450515,1.0,0.0
10835,2,3415,HOH,O,O,15.99943,-0.848448690103,0.317796456355,0.652143528104
10836,2,3415,HOH,H1,H,1.007947,0.4242243450515,1.0,0.0
10837,2,3415,HOH,H2,H,1.007947,0.4242243450515,1.0,0.0
10838,2,3416,HOH,O,O,15.99943,-0.848448690103,0.317796456355,0.652143528104
10839,2,3416,HOH,H1,H,1.007947,0.4242243450515,1.0,0.0
10840,2,3416,HOH,H2,H,1.007947,0.4242243450515,1.0,0.0
10841,2,3417,HOH,O,O,15.99943,-0.848448690103,0.317796456355,0.652143528104
10842,2,3417,HOH,H1,H,1.007947,0.4242243450515,1.0,0.0
10843,2,3417,HOH,H2,H,1.007947,0.4242243450515,1.0,0.0
10844,2,3418,HOH,O,O,15.99943,-0.848448690103,0.317796456355,0.652143528104
10845,2,3418,HOH,H1,H,1.007947,0.4242243450515,1.0,0.0
10846,2,3418,HOH,H2,H,1.007947,0.4242243450515,1.0,0.0
10847,2,3419,HOH,O,O,15.99943,-0.848448690103,0.317796456355,0.652143528104
10848,2,3419,HOH,H1,H,1.007947,0.4242243450515,1.0,0.0
10849,2,3419,HOH,H2,H,1.007947,0.4242243450515,1.0,0.0
10850,2,3420,HOH,O,O,15.99943,-0.848448690103,0.317796456355,0.652143528104
10851,2,3420,HOH,H1,H,1.007947,0.4242243450515,1.0,0.0
10852,2,3420,HOH,H2,H,1.007947,0.4242243450515,1.0,0.0
10853,2,3421,HOH,O,O,15.99943,-0.848448690103,0.317796456355,0.652143528104
10854,2,3421,HOH,H1,H,1.007947,0.4242243450515,1.0,0.0
10855,2,3421,HOH,H2,H,1.007947,0.4242243450515,1.0,0.0
10856,2,3422,HOH,O,O,15.99943,-0.848448690103,0.317796456355,0.652143528104
10857,2,3422,HOH,H1,H,1.007947,0.4242243450515,1.0,0.0
10858,2,3422,HOH,H2,H,1.007947,0.4242243450515,1.0,0.0
10859,2,3423,HOH,O,O,15.99943,-0.848448690103,0.317796456355,0.652143528104
10860,2,3423,HOH,H1,H,1.007947,0.4242243450515,1.0,0.0
10861,2,3423,HOH,H2,H,1.007947,0.4242243450515,1.0,0.0
10862,2,3424,HOH,O,O,15.99943,-0.848448690103,0.317796456355,0.652143528104
10863,2,3424,HOH,H1,H,1.007947,0.4242243450515,1.0,0.0
10864,2,3424,HOH,H2,H,1.007947,0.4242243450515,1.0,0.0
10865,2,3425,HOH,O,O,15.99943,-0.848448690103,0.317796456355,0.652143528104
10866,2,3425,HOH,H1,H,1.007947,0.4242243450515,1.0,0.0
10867,2,3425,HOH,H2,H,1.007947,0.4242243450515,1.0,0.0
10868,2,3426,HOH,O,O,15.99943,-0.848448690103,0.317796456355,0.652143528104
10869,2,3426,HOH,H1,H,1.007947,0.4242243450515,1.0,0.0
10870,2,3426,HOH,H2,H,1.007947,0.4242243450515,1.0,0.0
10871,2,3427,HOH,O,O,15.99943,-0.848448690103,0.317796456355,0.652143528104
10872,2,3427,HOH,H1,H,1.007947,0.4242243450515,1.0,0.0
10873,2,3427,HOH,H2,H,1.007947,0.4242243450515,1.0,0.0
10874,2,3428,HOH,O,O,15.99943,-0.848448690103,0.317796456355,0.652143528104
10875,2,3428,HOH,H1,H,1.007947,0.4242243450515,1.0,0.0
10876,2,3428,HOH,H2,H,1.007947,0.4242243450515,1.0,0.0
10877,2,3429,HOH,O,O,15.99943,-0.848448690103,0.317796456355,0.652143528104
10878,2,3429,HOH,H1,H,1.007947,0.4242243450515,1.0,0.0
10879,2,3429,HOH,H2,H,1.007947,0.4242243450515,1.0,0.0
10880,2,3430,HOH,O,O,15.99943,-0.848448690103,0.317796456355,0.652143528104
10881,2,3430,HOH,H1,H,1.007947,0.4242243450515,1.0,0.0
10882,2,3430,HOH,H2,H,1.007947,0.4242243450515,1.0,0.0
10883,2,3431,HOH,O,O,15.99943,-0.848448690103,0.317796456355,0.652143528104
10884,2,3431,HOH,H1,H,1.007947,0.4242243450515,1.0,0.0
10885,2,3431,HOH,H2,H,1.007947,0.4242243450515,1.0,0.0
10886,2,3432,HOH,O,O,15.99943,-0.848448690103,0.317796456355,0.652143528104
10887,2,3432,HOH,H1,H,1.007947,0.4242243450515,1.0,0.0
10888,2,3432,HOH,H2,H,1.007947,0.4242243450515,1.0,0.0
10889,2,3433,HOH,O,O,15.99943,-0.848448690103,0.317796456355,0.652143528104
10890,2,3433,HOH,H1,H,1.007947,0.4242243450515,1.0,0.0
10891,2,3433,HOH,H2,H,1.007947,0.4242243450515,1.0,0.0
10892,2,3434,HOH,O,O,15.99943,-0.848448690103,0.317796456355,0.652143528104
10893,2,3434,HOH,H1,H,1.007947,0.4242243450515,1.0,0.0
10894,2,3434,HOH,H2,H,1.007947,0.4242243450515,1.0,0.0
10895,2,3435,HOH,O,O,15.99943,-0.848448690103,0.317796456355,0.652143528104
10896,2,3435,HOH,H1,H,1.007947,0.4242243450515,1.0,0.0
10897,2,3435,HOH,H2,H,1.007947,0.4242243450515,1.0,0.0
10898,2,3436,HOH,O,O,15.99943,-0.848448690103,0.317796456355,0.652143528104
10899,2,3436,HOH,H1,H,1.007947,0.4242243450515,1.0,0.0
10900,2,3436,HOH,H2,H,1.007947,0.4242243450515,1.0,0.0
10901,2,3437,HOH,O,O,15.99943,-0.848448690103,0.317796456355,0.652143528104
10902,2,3437,HOH,H1,H,1.007947,0.4242243450515,1.0,0.0
10903,2,3437,HOH,H2,H,1.007947,0.4242243450515,1.0,0.0
10904,2,3438,HOH,O,O,15.99943,-0.848448690103,0.317796456355,0.652143528104
10905,2,3438,HOH,H1,H,1.007947,0.4242243450515,1.0,0.0
10906,2,3438,HOH,H2,H,1.007947,0.4242243450515,1.0,0.0
10907,2,3439,HOH,O,O,15.99943,-0.848448690103,0.317796456355,0.652143528104
10908,2,3439,HOH,H1,H,1.007947,0.4242243450515,1.0,0.0
10909,2,3439,HOH,H2,H,1.007947,0.4242243450515,1.0,0.0
10910,2,3440,HOH,O,O,15.99943,-0.848448690103,0.317796456355,0.652143528104
10911,2,3440,HOH,H1,H,1.007947,0.4242243450515,1.0,0.0
10912,2,3440,HOH,H2,H,1.007947,0.4242243450515,1.0,0.0
10913,2,3441,HOH,O,O,15.99943,-0.848448690103,0.317796456355,0.652143528104
10914,2,3441,HOH,H1,H,1.007947,0.4242243450515,1.0,0.0
10915,2,3441,HOH,H2,H,1.007947,0.4242243450515,1.0,0.0
10916,2,3442,HOH,O,O,15.99943,-0.848448690103,0.317796456355,0.652143528104
10917,2,3442,HOH,H1,H,1.007947,0.4242243450515,1.0,0.0
10918,2,3442,HOH,H2,H,1.007947,0.4242243450515,1.0,0.0
10919,2,3443,HOH,O,O,15.99943,-0.848448690103,0.317796456355,0.652143528104
10920,2,3443,HOH,H1,H,1.007947,0.4242243450515,1.0,0.0
10921,2,3443,HOH,H2,H,1.007947,0.4242243450515,1.0,0.0
10922,2,3444,HOH,O,O,15.99943,-0.848448690103,0.317796456355,0.652143528104
10923,2,3444,HOH,H1,H,1.007947,0.4242243450515,1.0,0.0
10924,2,3444,HOH,H2,H,1.007947,0.4242243450515,1.0,0.0
10925,2,3445,HOH,O,O,15.99943,-0.848448690103,0.317796456355,0.652143528104
10926,2,3445,HOH,H1,H,1.007947,0.4242243450515,1.0,0.0
10927,2,3445,HOH,H2,H,1.007947,0.4242243450515,1.0,0.0
10928,2,3446,HOH,O,O,15.99943,-0.848448690103,0.317796456355,0.652143528104
10929,2,3446,HOH,H1,H,1.007947,0.4242243450515,1.0,0.0
10930,2,3446,HOH,H2,H,1.007947,0.4242243450515,1.0,0.0
10931,2,3447,HOH,O,O,15.99943,-0.848448690103,0.317796456355,0.652143528104
10932,2,3447,HOH,H1,H,1.007947,0.4242243450515,1.0,0.0
10933,2,3447,HOH,H2,H,1.007947,0.4242243450515,1.0,0.0
10934,2,3448,HOH,O,O,15.99943,-0.848448690103,0.317796456355,0.652143528104
10935,2,3448,HOH,H1,H,1.007947,0.4242243450515,1.0,0.0
10936,2,3448,HOH,H2,H,1.007947,0.4242243450515,1.0,0.0
10937,2,3449,HOH,O,O,15.99943,-0.848448690103,0.317796456355,0.652143528104
10938,2,3449,HOH,H1,H,1.007947,0.4242243450515,1.0,0.0
10939,2,3449,HOH,H2,H,1.007947,0.4242243450515,1.0,0.0
10940,2,3450,HOH,O,O,15.99943,-0.848448690103,0.317796456355,0.652143528104
10941,2,3450,HOH,H1,H,1.007947,0.4242243450515,1.0,0.0
10942,2,3450,HOH,H2,H,1.007947,0.4242243450515,1.0,0.0
10943,2,3451,HOH,O,O,15.99943,-0.848448690103,0.317796456355,0.652143528104
10944,2,3451,HOH,H1,H,1.007947,0.4242243450515,1.0,0.0
10945,2,3451,HOH,H2,H,1.007947,0.4242243450515,1.0,0.0
10946,2,3452,HOH,O,O,15.99943,-0.848448690103,0.317796456355,0.652143528104
10947,2,3452,HOH,H1,H,1.007947,0.4242243450515,1.0,0.0
10948,2,3452,HOH,H2,H,1.007947,0.4242243450515,1.0,0.0
10949,2,3453,HOH,O,O,15.99943,-0.848448690103,0.317796456355,0.652143528104
10950,2,3453,HOH,H1,H,1.007947,0.4242243450515,1.0,0.0
10951,2,3453,HOH,H2,H,1.007947,0.4242243450515,1.0,0.0
10952,2,3454,HOH,O,O,15.99943,-0.848448690103,0.317796456355,0.652143528104
10953,2,3454,HOH,H1,H,1.007947,0.4242243450515,1.0,0.0
10954,2,3454,HOH,H2,H,1.007947,0.4242243450515,1.0,0.0
10955,2,3455,HOH,O,O,15.99943,-0.848448690103,0.317796456355,0.652143528104
10956,2,3455,HOH,H1,H,1.007947,0.4242243450515,1.0,0.0
10957,2,3455,HOH,H2,H,1.007947,0.4242243450515,1.0,0.0
10958,2,3456,HOH,O,O,15.99943,-0.848448690103,0.317796456355,0.652143528104
10959,2,3456,HOH,H1,H,1.007947,0.4242243450515,1.0,0.0
10960,2,3456,HOH,H2,H,1.007947,0.4242243450515,1.0,0.0
10961,2,3457,HOH,O,O,15.99943,-0.848448690103,0.317796456355,0.652143528104
10962,2,3457,HOH,H1,H,1.007947,0.4242243450515,1.0,0.0
10963,2,3457,HOH,H2,H,1.007947,0.4242243450515,1.0,0.0
10964,2,3458,HOH,O,O,15.99943,-0.848448690103,0.317796456355,0.652143528104
10965,2,3458,HOH,H1,H,1.007947,0.4242243450515,1.0,0.0
10966,2,3458,HOH,H2,H,1.007947,0.4242243450515,1.0,0.0
10967,2,3459,HOH,O,O,15.99943,-0.848448690103,0.317796456355,0.652143528104
10968,2,3459,HOH,H1,H,1.007947,0.4242243450515,1.0,0.0
10969,2,3459,HOH,H2,H,1.007947,0.4242243450515,1.0,0.0
10970,2,3460,HOH,O,O,15.99943,-0.848448690103,0.317796456355,0.652143528104
10971,2,3460,HOH,H1,H,1.007947,0.4242243450515,1.0,0.0
10972,2,3460,HOH,H2,H,1.007947,0.4242243450515,1.0,0.0
10973,2,3461,HOH,O,O,15.99943,-0.848448690103,0.317796456355,0.652143528104
10974,2,3461,HOH,H1,H,1.007947,0.4242243450515,1.0,0.0
10975,2,3461,HOH,H2,H,1.007947,0.4242243450515,1.0,0.0
10976,2,3462,HOH,O,O,15.99943,-0.848448690103,0.317796456355,0.652143528104
10977,2,3462,HOH,H1,H,1.007947,0.4242243450515,1.0,0.0
10978,2,3462,HOH,H2,H,1.007947,0.4242243450515,1.0,0.0
10979,2,3463,HOH,O,O,15.99943,-0.848448690103,0.317796456355,0.652143528104
10980,2,3463,HOH,H1,H,1.007947,0.4242243450515,1.0,0.0
10981,2,3463,HOH,H2,H,1.007947,0.4242243450515,1.0,0.0
10982,2,3464,HOH,O,O,15.99943,-0.848448690103,0.317796456355,0.652143528104
10983,2,3464,HOH,H1,H,1.007947,0.4242243450515,1.0,0.0
10984,2,3464,HOH,H2,H,1.007947,0.4242243450515,1.0,0.0
10985,2,3465,HOH,O,O,15.99943,-0.848448690103,0.317796456355,0.652143528104
10986,2,3465,HOH,H1,H,1.007947,0.4242243450515,1.0,0.0
10987,2,3465,HOH,H2,H,1.007947,0.4242243450515,1.0,0.0
10988,2,3466,HOH,O,O,15.99943,-0.848448690103,0.317796456355,0.652143528104
10989,2,3466,HOH,H1,H,1.007947,0.4242243450515,1.0,0.0
10990,2,3466,HOH,H2,H,1.007947,0.4242243450515,1.0,0.0
10991,2,3467,HOH,O,O,15.99943,-0.848448690103,0.317796456355,0.652143528104
10992,2,3467,HOH,H1,H,1.007947,0.4242243450515,1.0,0.0
10993,2,3467,HOH,H2,H,1.007947,0.4242243450515,1.0,0.0
10994,2,3468,HOH,O,O,15.99943,-0.848448690103,0.317796456355,0.652143528104
10995,2,3468,HOH,H1,H,1.007947,0.4242243450515,1.0,0.0
10996,2,3468,HOH,H2,H,1.007947,0.4242243450515,1.0,0.0
10997,2,3469,HOH,O,O,15.99943,-0.848448690103,0.317796456355,0.652143528104
10998,2,3469,HOH,H1,H,1.007947,0.4242243450515,1.0,0.0
10999,2,3469,HOH,H2,H,1.007947,0.4242243450515,1.0,0.0
11000,2,3470,HOH,O,O,15.99943,-0.848448690103,0.317796456355,0.652143528104
11001,2,3470,HOH,H1,H,1.007947,0.4242243450515,1.0,0.0
11002,2,3470,HOH,H2,H,1.007947,0.4242243450515,1.0,0.0
11003,2,3471,HOH,O,O,15.99943,-0.848448690103,0.317796456355,0.652143528104
11004,2,3471,HOH,H1,H,1.007947,0.4242243450515,1.0,0.0
11005,2,3471,HOH,H2,H,1.007947,0.4242243450515,1.0,0.0
11006,2,3472,HOH,O,O,15.99943,-0.848448690103,0.317796456355,0.652143528104
11007,2,3472,HOH,H1,H,1.007947,0.4242243450515,1.0,0.0
11008,2,3472,HOH,H2,H,1.007947,0.4242243450515,1.0,0.0
11009,2,3473,HOH,O,O,15.99943,-0.848448690103,0.317796456355,0.652143528104
11010,2,3473,HOH,H1,H,1.007947,0.4242243450515,1.0,0.0
11011,2,3473,HOH,H2,H,1.007947,0.4242243450515,1.0,0.0
11012,2,3474,HOH,O,O,15.99943,-0.848448690103,0.317796456355,0.652143528104
11013,2,3474,HOH,H1,H,1.007947,0.4242243450515,1.0,0.0
11014,2,3474,HOH,H2,H,1.007947,0.4242243450515,1.0,0.0
11015,2,3475,HOH,O,O,15.99943,-0.848448690103,0.317796456355,0.652143528104
11016,2,3475,HOH,H1,H,1.007947,0.4242243450515,1.0,0.0
11017,2,3475,HOH,H2,H,1.007947,0.4242243450515,1.0,0.0
11018,2,3476,HOH,O,O,15.99943,-0.848448690103,0.317796456355,0.652143528104
11019,2,3476,HOH,H1,H,1.007947,0.4242243450515,1.0,0.0
11020,2,3476,HOH,H2,H,1.007947,0.4242243450515,1.0,0.0
11021,2,3477,HOH,O,O,15.99943,-0.848448690103,0.317796456355,0.652143528104
11022,2,3477,HOH,H1,H,1.007947,0.4242243450515,1.0,0.0
11023,2,3477,HOH,H2,H,1.007947,0.4242243450515,1.0,0.0
11024,2,3478,HOH,O,O,15.99943,-0.848448690103,0.317796456355,0.652143528104
11025,2,3478,HOH,H1,H,1.007947,0.4242243450515,1.0,0.0
11026,2,3478,HOH,H2,H,1.007947,0.4242243450515,1.0,0.0
11027,2,3479,HOH,O,O,15.99943,-0.848448690103,0.317796456355,0.652143528104
11028,2,3479,HOH,H1,H,1.007947,0.4242243450515,1.0,0.0
11029,2,3479,HOH,H2,H,1.007947,0.4242243450515,1.0,0.0
11030,2,3480,HOH,O,O,15.99943,-0.848448690103,0.317796456355,0.652143528104
11031,2,3480,HOH,H1,H,1.007947,0.4242243450515,1.0,0.0
11032,2,3480,HOH,H2,H,1.007947,0.4242243450515,1.0,0.0
11033,2,3481,HOH,O,O,15.99943,-0.848448690103,0.317796456355,0.652143528104
11034,2,3481,HOH,H1,H,1.007947,0.4242243450515,1.0,0.0
11035,2,3481,HOH,H2,H,1.007947,0.4242243450515,1.0,0.0
11036,2,3482,HOH,O,O,15.99943,-0.848448690103,0.317796456355,0.652143528104
11037,2,3482,HOH,H1,H,1.007947,0.4242243450515,1.0,0.0
11038,2,3482,HOH,H2,H,1.007947,0.4242243450515,1.0,0.0
11039,2,3483,HOH,O,O,15.99943,-0.848448690103,0.317796456355,0.652143528104
11040,2,3483,HOH,H1,H,1.007947,0.4242243450515,1.0,0.0
11041,2,3483,HOH,H2,H,1.007947,0.4242243450515,1.0,0.0
11042,2,3484,HOH,O,O,15.99943,-0.848448690103,0.317796456355,0.652143528104
11043,2,3484,HOH,H1,H,1.007947,0.4242243450515,1.0,0.0
11044,2,3484,HOH,H2,H,1.007947,0.4242243450515,1.0,0.0
11045,2,3485,HOH,O,O,15.99943,-0.848448690103,0.317796456355,0.652143528104
11046,2,3485,HOH,H1,H,1.007947,0.4242243450515,1.0,0.0
11047,2,3485,HOH,H2,H,1.007947,0.4242243450515,1.0,0.0
11048,2,3486,HOH,O,O,15.99943,-0.848448690103,0.317796456355,0.652143528104
11049,2,3486,HOH,H1,H,1.007947,0.4242243450515,1.0,0.0
11050,2,3486,HOH,H2,H,1.007947,0.4242243450515,1.0,0.0
11051,2,3487,HOH,O,O,15.99943,-0.848448690103,0.317796456355,0.652143528104
11052,2,3487,HOH,H1,H,1.007947,0.4242243450515,1.0,0.0
11053,2,3487,HOH,H2,H,1.007947,0.4242243450515,1.0,0.0
11054,2,3488,HOH,O,O,15.99943,-0.848448690103,0.317796456355,0.652143528104
11055,2,3488,HOH,H1,H,1.007947,0.4242243450515,1.0,0.0
11056,2,3488,HOH,H2,H,1.007947,0.4242243450515,1.0,0.0
11057,2,3489,HOH,O,O,15.99943,-0.848448690103,0.317796456355,0.652143528104
11058,2,3489,HOH,H1,H,1.007947,0.4242243450515,1.0,0.0
11059,2,3489,HOH,H2,H,1.007947,0.4242243450515,1.0,0.0
11060,2,3490,HOH,O,O,15.99943,-0.848448690103,0.317796456355,0.652143528104
11061,2,3490,HOH,H1,H,1.007947,0.4242243450515,1.0,0.0
11062,2,3490,HOH,H2,H,1.007947,0.4242243450515,1.0,0.0
11063,2,3491,HOH,O,O,15.99943,-0.848448690103,0.317796456355,0.652143528104
11064,2,3491,HOH,H1,H,1.007947,0.4242243450515,1.0,0.0
11065,2,3491,HOH,H2,H,1.007947,0.4242243450515,1.0,0.0
11066,2,3492,HOH,O,O,15.99943,-0.848448690103,0.317796456355,0.652143528104
11067,2,3492,HOH,H1,H,1.007947,0.4242243450515,1.0,0.0
11068,2,3492,HOH,H2,H,1.007947,0.4242243450515,1.0,0.0
11069,2,3493,HOH,O,O,15.99943,-0.848448690103,0.317796456355,0.652143528104
11070,2,3493,HOH,H1,H,1.007947,0.4242243450515,1.0,0.0
11071,2,3493,HOH,H2,H,1.007947,0.4242243450515,1.0,0.0
11072,2,3494,HOH,O,O,15.99943,-0.848448690103,0.317796456355,0.652143528104
11073,2,3494,HOH,H1,H,1.007947,0.4242243450515,1.0,0.0
11074,2,3494,HOH,H2,H,1.007947,0.4242243450515,1.0,0.0
11075,2,3495,HOH,O,O,15.99943,-0.848448690103,0.317796456355,0.652143528104
11076,2,3495,HOH,H1,H,1.007947,0.4242243450515,1.0,0.0
11077,2,3495,HOH,H2,H,1.007947,0.4242243450515,1.0,0.0
11078,2,3496,HOH,O,O,15.99943,-0.848448690103,0.317796456355,0.652143528104
11079,2,3496,HOH,H1,H,1.007947,0.4242243450515,1.0,0.0
11080,2,3496,HOH,H2,H,1.007947,0.4242243450515,1.0,0.0
11081,2,3497,HOH,O,O,15.99943,-0.848448690103,0.317796456355,0.652143528104
11082,2,3497,HOH,H1,H,1.007947,0.4242243450515,1.0,0.0
11083,2,3497,HOH,H2,H,1.007947,0.4242243450515,1.0,0.0
11084,2,3498,HOH,O,O,15.99943,-0.848448690103,0.317796456355,0.652143528104
11085,2,3498,HOH,H1,H,1.007947,0.4242243450515,1.0,0.0
11086,2,3498,HOH,H2,H,1.007947,0.4242243450515,1.0,0.0
11087,2,3499,HOH,O,O,15.99943,-0.848448690103,0.317796456355,0.652143528104
11088,2,3499,HOH,H1,H,1.007947,0.4242243450515,1.0,0.0
11089,2,3499,HOH,H2,H,1.007947,0.4242243450515,1.0,0.0
11090,2,3500,HOH,O,O,15.99943,-0.848448690103,0.317796456355,0.652143528104
11091,2,3500,HOH,H1,H,1.007947,0.4242243450515,1.0,0.0
11092,2,3500,HOH,H2,H,1.007947,0.4242243450515,1.0,0.0
11093,2,3501,HOH,O,O,15.99943,-0.848448690103,0.317796456355,0.652143528104
11094,2,3501,HOH,H1,H,1.007947,0.4242243450515,1.0,0.0
11095,2,3501,HOH,H2,H,1.007947,0.4242243450515,1.0,0.0
11096,2,3502,HOH,O,O,15.99943,-0.848448690103,0.317796456355,0.652143528104
11097,2,3502,HOH,H1,H,1.007947,0.4242243450515,1.0,0.0
11098,2,3502,HOH,H2,H,1.007947,0.4242243450515,1.0,0.0
11099,2,3503,HOH,O,O,15.99943,-0.848448690103,0.317796456355,0.652143528104
11100,2,3503,HOH,H1,H,1.007947,0.4242243450515,1.0,0.0
11101,2,3503,HOH,H2,H,1.007947,0.4242243450515,1.0,0.0
11102,2,3504,HOH,O,O,15.99943,-0.848448690103,0.317796456355,0.652143528104
11103,2,3504,HOH,H1,H,1.007947,0.4242243450515,1.0,0.0
11104,2,3504,HOH,H2,H,1.007947,0.4242243450515,1.0,0.0
11105,2,3505,HOH,O,O,15.99943,-0.848448690103,0.317796456355,0.652143528104
11106,2,3505,HOH,H1,H,1.007947,0.4242243450515,1.0,0.0
11107,2,3505,HOH,H2,H,1.007947,0.4242243450515,1.0,0.0
11108,2,3506,HOH,O,O,15.99943,-0.848448690103,0.317796456355,0.652143528104
11109,2,3506,HOH,H1,H,1.007947,0.4242243450515,1.0,0.0
11110,2,3506,HOH,H2,H,1.007947,0.4242243450515,1.0,0.0
11111,2,3507,HOH,O,O,15.99943,-0.848448690103,0.317796456355,0.652143528104
11112,2,3507,HOH,H1,H,1.007947,0.4242243450515,1.0,0.0
11113,2,3507,HOH,H2,H,1.007947,0.4242243450515,1.0,0.0
11114,2,3508,HOH,O,O,15.99943,-0.848448690103,0.317796456355,0.652143528104
11115,2,3508,HOH,H1,H,1.007947,0.4242243450515,1.0,0.0
11116,2,3508,HOH,H2,H,1.007947,0.4242243450515,1.0,0.0
11117,2,3509,HOH,O,O,15.99943,-0.848448690103,0.317796456355,0.652143528104
11118,2,3509,HOH,H1,H,1.007947,0.4242243450515,1.0,0.0
11119,2,3509,HOH,H2,H,1.007947,0.4242243450515,1.0,0.0
11120,2,3510,HOH,O,O,15.99943,-0.848448690103,0.317796456355,0.652143528104
11121,2,3510,HOH,H1,H,1.007947,0.4242243450515,1.0,0.0
11122,2,3510,HOH,H2,H,1.007947,0.4242243450515,1.0,0.0
11123,2,3511,HOH,O,O,15.99943,-0.848448690103,0.317796456355,0.652143528104
11124,2,3511,HOH,H1,H,1.007947,0.4242243450515,1.0,0.0
11125,2,3511,HOH,H2,H,1.007947,0.4242243450515,1.0,0.0
11126,2,3512,HOH,O,O,15.99943,-0.848448690103,0.317796456355,0.652143528104
11127,2,3512,HOH,H1,H,1.007947,0.4242243450515,1.0,0.0
11128,2,3512,HOH,H2,H,1.007947,0.4242243450515,1.0,0.0
11129,2,3513,HOH,O,O,15.99943,-0.848448690103,0.317796456355,0.652143528104
11130,2,3513,HOH,H1,H,1.007947,0.4242243450515,1.0,0.0
11131,2,3513,HOH,H2,H,1.007947,0.4242243450515,1.0,0.0
11132,2,3514,HOH,O,O,15.99943,-0.848448690103,0.317796456355,0.652143528104
11133,2,3514,HOH,H1,H,1.007947,0.4242243450515,1.0,0.0
11134,2,3514,HOH,H2,H,1.007947,0.4242243450515,1.0,0.0
11135,2,3515,HOH,O,O,15.99943,-0.848448690103,0.317796456355,0.652143528104
11136,2,3515,HOH,H1,H,1.007947,0.4242243450515,1.0,0.0
11137,2,3515,HOH,H2,H,1.007947,0.4242243450515,1.0,0.0
11138,2,3516,HOH,O,O,15.99943,-0.848448690103,0.317796456355,0.652143528104
11139,2,3516,HOH,H1,H,1.007947,0.4242243450515,1.0,0.0
11140,2,3516,HOH,H2,H,1.007947,0.4242243450515,1.0,0.0
11141,2,3517,HOH,O,O,15.99943,-0.848448690103,0.317796456355,0.652143528104
11142,2,3517,HOH,H1,H,1.007947,0.4242243450515,1.0,0.0
11143,2,3517,HOH,H2,H,1.007947,0.4242243450515,1.0,0.0
11144,2,3518,HOH,O,O,15.99943,-0.848448690103,0.317796456355,0.652143528104
11145,2,3518,HOH,H1,H,1.007947,0.4242243450515,1.0,0.0
11146,2,3518,HOH,H2,H,1.007947,0.4242243450515,1.0,0.0
11147,2,3519,HOH,O,O,15.99943,-0.848448690103,0.317796456355,0.652143528104
11148,2,3519,HOH,H1,H,1.007947,0.4242243450515,1.0,0.0
11149,2,3519,HOH,H2,H,1.007947,0.4242243450515,1.0,0.0
11150,2,3520,HOH,O,O,15.99943,-0.848448690103,0.317796456355,0.652143528104
11151,2,3520,HOH,H1,H,1.007947,0.4242243450515,1.0,0.0
11152,2,3520,HOH,H2,H,1.007947,0.4242243450515,1.0,0.0
11153,2,3521,HOH,O,O,15.99943,-0.848448690103,0.317796456355,0.652143528104
11154,2,3521,HOH,H1,H,1.007947,0.4242243450515,1.0,0.0
11155,2,3521,HOH,H2,H,1.007947,0.4242243450515,1.0,0.0
11156,2,3522,HOH,O,O,15.99943,-0.848448690103,0.317796456355,0.652143528104
11157,2,3522,HOH,H1,H,1.007947,0.4242243450515,1.0,0.0
11158,2,3522,HOH,H2,H,1.007947,0.4242243450515,1.0,0.0
11159,2,3523,HOH,O,O,15.99943,-0.848448690103,0.317796456355,0.652143528104
11160,2,3523,HOH,H1,H,1.007947,0.4242243450515,1.0,0.0
11161,2,3523,HOH,H2,H,1.007947,0.4242243450515,1.0,0.0
11162,2,3524,HOH,O,O,15.99943,-0.848448690103,0.317796456355,0.652143528104
11163,2,3524,HOH,H1,H,1.007947,0.4242243450515,1.0,0.0
11164,2,3524,HOH,H2,H,1.007947,0.4242243450515,1.0,0.0
11165,2,3525,HOH,O,O,15.99943,-0.848448690103,0.317796456355,0.652143528104
11166,2,3525,HOH,H1,H,1.007947,0.4242243450515,1.0,0.0
11167,2,3525,HOH,H2,H,1.007947,0.4242243450515,1.0,0.0
11168,2,3527,HOH,O,O,15.99943,-0.848448690103,0.317796456355,0.652143528104
11169,2,3527,HOH,H1,H,1.007947,0.4242243450515,1.0,0.0
11170,2,3527,HOH,H2,H,1.007947,0.4242243450515,1.0,0.0
11171,2,3528,HOH,O,O,15.99943,-0.848448690103,0.317796456355,0.652143528104
11172,2,3528,HOH,H1,H,1.007947,0.4242243450515,1.0,0.0
11173,2,3528,HOH,H2,H,1.007947,0.4242243450515,1.0,0.0
11174,2,3529,HOH,O,O,15.99943,-0.848448690103,0.317796456355,0.652143528104
11175,2,3529,HOH,H1,H,1.007947,0.4242243450515,1.0,0.0
11176,2,3529,HOH,H2,H,1.007947,0.4242243450515,1.0,0.0
11177,2,3530,HOH,O,O,15.99943,-0.848448690103,0.317796456355,0.652143528104
11178,2,3530,HOH,H1,H,1.007947,0.4242243450515,1.0,0.0
11179,2,3530,HOH,H2,H,1.007947,0.4242243450515,1.0,0.0
11180,2,3531,HOH,O,O,15.99943,-0.848448690103,0.317796456355,0.652143528104
11181,2,3531,HOH,H1,H,1.007947,0.4242243450515,1.0,0.0
11182,2,3531,HOH,H2,H,1.007947,0.4242243450515,1.0,0.0
11183,2,3532,HOH,O,O,15.99943,-0.848448690103,0.317796456355,0.652143528104
11184,2,3532,HOH,H1,H,1.007947,0.4242243450515,1.0,0.0
11185,2,3532,HOH,H2,H,1.007947,0.4242243450515,1.0,0.0
11186,2,3533,HOH,O,O,15.99943,-0.848448690103,0.317796456355,0.652143528104
11187,2,3533,HOH,H1,H,1.007947,0.4242243450515,1.0,0.0
11188,2,3533,HOH,H2,H,1.007947,0.4242243450515,1.0,0.0
11189,2,3534,HOH,O,O,15.99943,-0.848448690103,0.317796456355,0.652143528104
11190,2,3534,HOH,H1,H,1.007947,0.4242243450515,1.0,0.0
11191,2,3534,HOH,H2,H,1.007947,0.4242243450515,1.0,0.0
11192,2,3535,HOH,O,O,15.99943,-0.848448690103,0.317796456355,0.652143528104
11193,2,3535,HOH,H1,H,1.007947,0.4242243450515,1.0,0.0
11194,2,3535,HOH,H2,H,1.007947,0.4242243450515,1.0,0.0
11195,2,3536,HOH,O,O,15.99943,-0.848448690103,0.317796456355,0.652143528104
11196,2,3536,HOH,H1,H,1.007947,0.4242243450515,1.0,0.0
11197,2,3536,HOH,H2,H,1.007947,0.4242243450515,1.0,0.0
11198,2,3537,HOH,O,O,15.99943,-0.848448690103,0.317796456355,0.652143528104
11199,2,3537,HOH,H1,H,1.007947,0.4242243450515,1.0,0.0
11200,2,3537,HOH,H2,H,1.007947,0.4242243450515,1.0,0.0
11201,2,3538,HOH,O,O,15.99943,-0.848448690103,0.317796456355,0.652143528104
11202,2,3538,HOH,H1,H,1.007947,0.4242243450515,1.0,0.0
11203,2,3538,HOH,H2,H,1.007947,0.4242243450515,1.0,0.0
11204,2,3539,HOH,O,O,15.99943,-0.848448690103,0.317796456355,0.652143528104
11205,2,3539,HOH,H1,H,1.007947,0.4242243450515,1.0,0.0
11206,2,3539,HOH,H2,H,1.007947,0.4242243450515,1.0,0.0
11207,2,3540,HOH,O,O,15.99943,-0.848448690103,0.317796456355,0.652143528104
11208,2,3540,HOH,H1,H,1.007947,0.4242243450515,1.0,0.0
11209,2,3540,HOH,H2,H,1.007947,0.4242243450515,1.0,0.0
11210,2,3541,HOH,O,O,15.99943,-0.848448690103,0.317796456355,0.652143528104
11211,2,3541,HOH,H1,H,1.007947,0.4242243450515,1.0,0.0
11212,2,3541,HOH,H2,H,1.007947,0.4242243450515,1.0,0.0
11213,2,3542,HOH,O,O,15.99943,-0.848448690103,0.317796456355,0.652143528104
11214,2,3542,HOH,H1,H,1.007947,0.4242243450515,1.0,0.0
11215,2,3542,HOH,H2,H,1.007947,0.4242243450515,1.0,0.0
11216,2,3543,HOH,O,O,15.99943,-0.848448690103,0.317796456355,0.652143528104
11217,2,3543,HOH,H1,H,1.007947,0.4242243450515,1.0,0.0
11218,2,3543,HOH,H2,H,1.007947,0.4242243450515,1.0,0.0
11219,2,3544,HOH,O,O,15.99943,-0.848448690103,0.317796456355,0.652143528104
11220,2,3544,HOH,H1,H,1.007947,0.4242243450515,1.0,0.0
11221,2,3544,HOH,H2,H,1.007947,0.4242243450515,1.0,0.0
11222,2,3545,HOH,O,O,15.99943,-0.848448690103,0.317796456355,0.652143528104
11223,2,3545,HOH,H1,H,1.007947,0.4242243450515,1.0,0.0
11224,2,3545,HOH,H2,H,1.007947,0.4242243450515,1.0,0.0
11225,2,3546,HOH,O,O,15.99943,-0.848448690103,0.317796456355,0.652143528104
11226,2,3546,HOH,H1,H,1.007947,0.4242243450515,1.0,0.0
11227,2,3546,HOH,H2,H,1.007947,0.4242243450515,1.0,0.0
11228,2,3547,HOH,O,O,15.99943,-0.848448690103,0.317796456355,0.652143528104
11229,2,3547,HOH,H1,H,1.007947,0.4242243450515,1.0,0.0
11230,2,3547,HOH,H2,H,1.007947,0.4242243450515,1.0,0.0
11231,2,3548,HOH,O,O,15.99943,-0.848448690103,0.317796456355,0.652143528104
11232,2,3548,HOH,H1,H,1.007947,0.4242243450515,1.0,0.0
11233,2,3548,HOH,H2,H,1.007947,0.4242243450515,1.0,0.0
11234,2,3549,HOH,O,O,15.99943,-0.848448690103,0.317796456355,0.652143528104
11235,2,3549,HOH,H1,H,1.007947,0.4242243450515,1.0,0.0
11236,2,3549,HOH,H2,H,1.007947,0.4242243450515,1.0,0.0
11237,2,3550,HOH,O,O,15.99943,-0.848448690103,0.317796456355,0.652143528104
11238,2,3550,HOH,H1,H,1.007947,0.4242243450515,1.0,0.0
11239,2,3550,HOH,H2,H,1.007947,0.4242243450515,1.0,0.0
11240,2,3551,HOH,O,O,15.99943,-0.848448690103,0.317796456355,0.652143528104
11241,2,3551,HOH,H1,H,1.007947,0.4242243450515,1.0,0.0
11242,2,3551,HOH,H2,H,1.007947,0.4242243450515,1.0,0.0
11243,2,3552,HOH,O,O,15.99943,-0.848448690103,0.317796456355,0.652143528104
11244,2,3552,HOH,H1,H,1.007947,0.4242243450515,1.0,0.0
11245,2,3552,HOH,H2,H,1.007947,0.4242243450515,1.0,0.0
11246,2,3553,HOH,O,O,15.99943,-0.848448690103,0.317796456355,0.652143528104
11247,2,3553,HOH,H1,H,1.007947,0.4242243450515,1.0,0.0
11248,2,3553,HOH,H2,H,1.007947,0.4242243450515,1.0,0.0
11249,2,3554,HOH,O,O,15.99943,-0.848448690103,0.317796456355,0.652143528104
11250,2,3554,HOH,H1,H,1.007947,0.4242243450515,1.0,0.0
11251,2,3554,HOH,H2,H,1.007947,0.4242243450515,1.0,0.0
11252,2,3555,HOH,O,O,15.99943,-0.848448690103,0.317796456355,0.652143528104
11253,2,3555,HOH,H1,H,1.007947,0.4242243450515,1.0,0.0
11254,2,3555,HOH,H2,H,1.007947,0.4242243450515,1.0,0.0
11255,2,3556,HOH,O,O,15.99943,-0.848448690103,0.317796456355,0.652143528104
11256,2,3556,HOH,H1,H,1.007947,0.4242243450515,1.0,0.0
11257,2,3556,HOH,H2,H,1.007947,0.4242243450515,1.0,0.0
11258,2,3557,HOH,O,O,15.99943,-0.848448690103,0.317796456355,0.652143528104
11259,2,3557,HOH,H1,H,1.007947,0.4242243450515,1.0,0.0
11260,2,3557,HOH,H2,H,1.007947,0.4242243450515,1.0,0.0
11261,2,3558,HOH,O,O,15.99943,-0.848448690103,0.317796456355,0.652143528104
11262,2,3558,HOH,H1,H,1.007947,0.4242243450515,1.0,0.0
11263,2,3558,HOH,H2,H,1.007947,0.4242243450515,1.0,0.0
11264,2,3559,HOH,O,O,15.99943,-0.848448690103,0.317796456355,0.652143528104
11265,2,3559,HOH,H1,H,1.007947,0.4242243450515,1.0,0.0
11266,2,3559,HOH,H2,H,1.007947,0.4242243450515,1.0,0.0
11267,2,3560,HOH,O,O,15.99943,-0.848448690103,0.317796456355,0.652143528104
11268,2,3560,HOH,H1,H,1.007947,0.4242243450515,1.0,0.0
11269,2,3560,HOH,H2,H,1.007947,0.4242243450515,1.0,0.0
11270,2,3561,HOH,O,O,15.99943,-0.848448690103,0.317796456355,0.652143528104
11271,2,3561,HOH,H1,H,1.007947,0.4242243450515,1.0,0.0
11272,2,3561,HOH,H2,H,1.007947,0.4242243450515,1.0,0.0
11273,2,3562,HOH,O,O,15.99943,-0.848448690103,0.317796456355,0.652143528104
11274,2,3562,HOH,H1,H,1.007947,0.4242243450515,1.0,0.0
11275,2,3562,HOH,H2,H,1.007947,0.4242243450515,1.0,0.0
11276,2,3563,HOH,O,O,15.99943,-0.848448690103,0.317796456355,0.652143528104
11277,2,3563,HOH,H1,H,1.007947,0.4242243450515,1.0,0.0
11278,2,3563,HOH,H2,H,1.007947,0.4242243450515,1.0,0.0
11279,2,3564,HOH,O,O,15.99943,-0.848448690103,0.317796456355,0.652143528104
11280,2,3564,HOH,H1,H,1.007947,0.4242243450515,1.0,0.0
11281,2,3564,HOH,H2,H,1.007947,0.4242243450515,1.0,0.0
11282,2,3565,HOH,O,O,15.99943,-0.848448690103,0.317796456355,0.652143528104
11283,2,3565,HOH,H1,H,1.007947,0.4242243450515,1.0,0.0
11284,2,3565,HOH,H2,H,1.007947,0.4242243450515,1.0,0.0
11285,2,3566,HOH,O,O,15.99943,-0.848448690103,0.317796456355,0.652143528104
11286,2,3566,HOH,H1,H,1.007947,0.4242243450515,1.0,0.0
11287,2,3566,HOH,H2,H,1.007947,0.4242243450515,1.0,0.0
11288,2,3567,HOH,O,O,15.99943,-0.848448690103,0.317796456355,0.652143528104
11289,2,3567,HOH,H1,H,1.007947,0.4242243450515,1.0,0.0
11290,2,3567,HOH,H2,H,1.007947,0.4242243450515,1.0,0.0
11291,2,3568,HOH,O,O,15.99943,-0.848448690103,0.317796456355,0.652143528104
11292,2,3568,HOH,H1,H,1.007947,0.4242243450515,1.0,0.0
11293,2,3568,HOH,H2,H,1.007947,0.4242243450515,1.0,0.0
11294,2,3569,HOH,O,O,15.99943,-0.848448690103,0.317796456355,0.652143528104
11295,2,3569,HOH,H1,H,1.007947,0.4242243450515,1.0,0.0
11296,2,3569,HOH,H2,H,1.007947,0.4242243450515,1.0,0.0
11297,2,3570,HOH,O,O,15.99943,-0.848448690103,0.317796456355,0.652143528104
11298,2,3570,HOH,H1,H,1.007947,0.4242243450515,1.0,0.0
11299,2,3570,HOH,H2,H,1.007947,0.4242243450515,1.0,0.0
11300,2,3571,HOH,O,O,15.99943,-0.848448690103,0.317796456355,0.652143528104
11301,2,3571,HOH,H1,H,1.007947,0.4242243450515,1.0,0.0
11302,2,3571,HOH,H2,H,1.007947,0.4242243450515,1.0,0.0
11303,2,3572,HOH,O,O,15.99943,-0.848448690103,0.317796456355,0.652143528104
11304,2,3572,HOH,H1,H,1.007947,0.4242243450515,1.0,0.0
11305,2,3572,HOH,H2,H,1.007947,0.4242243450515,1.0,0.0
11306,2,3573,HOH,O,O,15.99943,-0.848448690103,0.317796456355,0.652143528104
11307,2,3573,HOH,H1,H,1.007947,0.4242243450515,1.0,0.0
11308,2,3573,HOH,H2,H,1.007947,0.4242243450515,1.0,0.0
11309,2,3574,HOH,O,O,15.99943,-0.848448690103,0.317796456355,0.652143528104
11310,2,3574,HOH,H1,H,1.007947,0.4242243450515,1.0,0.0
11311,2,3574,HOH,H2,H,1.007947,0.4242243450515,1.0,0.0
11312,2,3575,HOH,O,O,15.99943,-0.848448690103,0.317796456355,0.652143528104
11313,2,3575,HOH,H1,H,1.007947,0.4242243450515,1.0,0.0
11314,2,3575,HOH,H2,H,1.007947,0.4242243450515,1.0,0.0
11315,2,3576,HOH,O,O,15.99943,-0.848448690103,0.317796456355,0.652143528104
11316,2,3576,HOH,H1,H,1.007947,0.4242243450515,1.0,0.0
11317,2,3576,HOH,H2,H,1.007947,0.4242243450515,1.0,0.0
11318,2,3577,HOH,O,O,15.99943,-0.848448690103,0.317796456355,0.652143528104
11319,2,3577,HOH,H1,H,1.007947,0.4242243450515,1.0,0.0
11320,2,3577,HOH,H2,H,1.007947,0.4242243450515,1.0,0.0
11321,2,3578,HOH,O,O,15.99943,-0.848448690103,0.317796456355,0.652143528104
11322,2,3578,HOH,H1,H,1.007947,0.4242243450515,1.0,0.0
11323,2,3578,HOH,H2,H,1.007947,0.4242243450515,1.0,0.0
11324,2,3579,HOH,O,O,15.99943,-0.848448690103,0.317796456355,0.652143528104
11325,2,3579,HOH,H1,H,1.007947,0.4242243450515,1.0,0.0
11326,2,3579,HOH,H2,H,1.007947,0.4242243450515,1.0,0.0
11327,2,3580,HOH,O,O,15.99943,-0.848448690103,0.317796456355,0.652143528104
11328,2,3580,HOH,H1,H,1.007947,0.4242243450515,1.0,0.0
11329,2,3580,HOH,H2,H,1.007947,0.4242243450515,1.0,0.0
11330,2,3581,HOH,O,O,15.99943,-0.848448690103,0.317796456355,0.652143528104
11331,2,3581,HOH,H1,H,1.007947,0.4242243450515,1.0,0.0
11332,2,3581,HOH,H2,H,1.007947,0.4242243450515,1.0,0.0
11333,2,3582,HOH,O,O,15.99943,-0.848448690103,0.317796456355,0.652143528104
11334,2,3582,HOH,H1,H,1.007947,0.4242243450515,1.0,0.0
11335,2,3582,HOH,H2,H,1.007947,0.4242243450515,1.0,0.0
11336,2,3583,HOH,O,O,15.99943,-0.848448690103,0.317796456355,0.652143528104
11337,2,3583,HOH,H1,H,1.007947,0.4242243450515,1.0,0.0
11338,2,3583,HOH,H2,H,1.007947,0.4242243450515,1.0,0.0
11339,2,3584,HOH,O,O,15.99943,-0.848448690103,0.317796456355,0.652143528104
11340,2,3584,HOH,H1,H,1.007947,0.4242243450515,1.0,0.0
11341,2,3584,HOH,H2,H,1.007947,0.4242243450515,1.0,0.0
11342,2,3585,HOH,O,O,15.99943,-0.848448690103,0.317796456355,0.652143528104
11343,2,3585,HOH,H1,H,1.007947,0.4242243450515,1.0,0.0
11344,2,3585,HOH,H2,H,1.007947,0.4242243450515,1.0,0.0
11345,2,3586,HOH,O,O,15.99943,-0.848448690103,0.317796456355,0.652143528104
11346,2,3586,HOH,H1,H,1.007947,0.4242243450515,1.0,0.0
11347,2,3586,HOH,H2,H,1.007947,0.4242243450515,1.0,0.0
11348,2,3587,HOH,O,O,15.99943,-0.848448690103,0.317796456355,0.652143528104
11349,2,3587,HOH,H1,H,1.007947,0.4242243450515,1.0,0.0
11350,2,3587,HOH,H2,H,1.007947,0.4242243450515,1.0,0.0
11351,2,3588,HOH,O,O,15.99943,-0.848448690103,0.317796456355,0.652143528104
11352,2,3588,HOH,H1,H,1.007947,0.4242243450515,1.0,0.0
11353,2,3588,HOH,H2,H,1.007947,0.4242243450515,1.0,0.0
11354,2,3589,HOH,O,O,15.99943,-0.848448690103,0.317796456355,0.652143528104
11355,2,3589,HOH,H1,H,1.007947,0.4242243450515,1.0,0.0
11356,2,3589,HOH,H2,H,1.007947,0.4242243450515,1.0,0.0
11357,2,3590,HOH,O,O,15.99943,-0.848448690103,0.317796456355,0.652143528104
11358,2,3590,HOH,H1,H,1.007947,0.4242243450515,1.0,0.0
11359,2,3590,HOH,H2,H,1.007947,0.4242243450515,1.0,0.0
11360,2,3591,HOH,O,O,15.99943,-0.848448690103,0.317796456355,0.652143528104
11361,2,3591,HOH,H1,H,1.007947,0.4242243450515,1.0,0.0
11362,2,3591,HOH,H2,H,1.007947,0.4242243450515,1.0,0.0
11363,2,3592,HOH,O,O,15.99943,-0.848448690103,0.317796456355,0.652143528104
11364,2,3592,HOH,H1,H,1.007947,0.4242243450515,1.0,0.0
11365,2,3592,HOH,H2,H,1.007947,0.4242243450515,1.0,0.0
11366,2,3593,HOH,O,O,15.99943,-0.848448690103,0.317796456355,0.652143528104
11367,2,3593,HOH,H1,H,1.007947,0.4242243450515,1.0,0.0
11368,2,3593,HOH,H2,H,1.007947,0.4242243450515,1.0,0.0
11369,2,3594,HOH,O,O,15.99943,-0.848448690103,0.317796456355,0.652143528104
11370,2,3594,HOH,H1,H,1.007947,0.4242243450515,1.0,0.0
11371,2,3594,HOH,H2,H,1.007947,0.4242243450515,1.0,0.0
11372,2,3595,HOH,O,O,15.99943,-0.848448690103,0.317796456355,0.652143528104
11373,2,3595,HOH,H1,H,1.007947,0.4242243450515,1.0,0.0
11374,2,3595,HOH,H2,H,1.007947,0.4242243450515,1.0,0.0
11375,2,3596,HOH,O,O,15.99943,-0.848448690103,0.317796456355,0.652143528104
11376,2,3596,HOH,H1,H,1.007947,0.4242243450515,1.0,0.0
11377,2,3596,HOH,H2,H,1.007947,0.4242243450515,1.0,0.0
11378,2,3597,HOH,O,O,15.99943,-0.848448690103,0.317796456355,0.652143528104
11379,2,3597,HOH,H1,H,1.007947,0.4242243450515,1.0,0.0
11380,2,3597,HOH,H2,H,1.007947,0.4242243450515,1.0,0.0
11381,2,3598,HOH,O,O,15.99943,-0.848448690103,0.317796456355,0.652143528104
11382,2,3598,HOH,H1,H,1.007947,0.4242243450515,1.0,0.0
11383,2,3598,HOH,H2,H,1.007947,0.4242243450515,1.0,0.0
11384,2,3599,HOH,O,O,15.99943,-0.848448690103,0.317796456355,0.652143528104
11385,2,3599,HOH,H1,H,1.007947,0.4242243450515,1.0,0.0
11386,2,3599,HOH,H2,H,1.007947,0.4242243450515,1.0,0.0
11387,2,3600,HOH,O,O,15.99943,-0.848448690103,0.317796456355,0.652143528104
11388,2,3600,HOH,H1,H,1.007947,0.4242243450515,1.0,0.0
11389,2,3600,HOH,H2,H,1.007947,0.4242243450515,1.0,0.0
11390,2,3601,HOH,O,O,15.99943,-0.848448690103,0.317796456355,0.652143528104
11391,2,3601,HOH,H1,H,1.007947,0.4242243450515,1.0,0.0
11392,2,3601,HOH,H2,H,1.007947,0.4242243450515,1.0,0.0
11393,2,3602,HOH,O,O,15.99943,-0.848448690103,0.317796456355,0.652143528104
11394,2,3602,HOH,H1,H,1.007947,0.4242243450515,1.0,0.0
11395,2,3602,HOH,H2,H,1.007947,0.4242243450515,1.0,0.0
11396,2,3603,HOH,O,O,15.99943,-0.848448690103,0.317796456355,0.652143528104
11397,2,3603,HOH,H1,H,1.007947,0.4242243450515,1.0,0.0
11398,2,3603,HOH,H2,H,1.007947,0.4242243450515,1.0,0.0
11399,2,3604,HOH,O,O,15.99943,-0.848448690103,0.317796456355,0.652143528104
11400,2,3604,HOH,H1,H,1.007947,0.4242243450515,1.0,0.0
11401,2,3604,HOH,H2,H,1.007947,0.4242243450515,1.0,0.0
11402,2,3605,HOH,O,O,15.99943,-0.848448690103,0.317796456355,0.652143528104
11403,2,3605,HOH,H1,H,1.007947,0.4242243450515,1.0,0.0
11404,2,3605,HOH,H2,H,1.007947,0.4242243450515,1.0,0.0
11405,2,3606,HOH,O,O,15.99943,-0.848448690103,0.317796456355,0.652143528104
11406,2,3606,HOH,H1,H,1.007947,0.4242243450515,1.0,0.0
11407,2,3606,HOH,H2,H,1.007947,0.4242243450515,1.0,0.0
11408,2,3607,HOH,O,O,15.99943,-0.848448690103,0.317796456355,0.652143528104
11409,2,3607,HOH,H1,H,1.007947,0.4242243450515,1.0,0.0
11410,2,3607,HOH,H2,H,1.007947,0.4242243450515,1.0,0.0
11411,2,3608,HOH,O,O,15.99943,-0.848448690103,0.317796456355,0.652143528104
11412,2,3608,HOH,H1,H,1.007947,0.4242243450515,1.0,0.0
11413,2,3608,HOH,H2,H,1.007947,0.4242243450515,1.0,0.0
11414,2,3609,HOH,O,O,15.99943,-0.848448690103,0.317796456355,0.652143528104
11415,2,3609,HOH,H1,H,1.007947,0.4242243450515,1.0,0.0
11416,2,3609,HOH,H2,H,1.007947,0.4242243450515,1.0,0.0
11417,2,3610,HOH,O,O,15.99943,-0.848448690103,0.317796456355,0.652143528104
11418,2,3610,HOH,H1,H,1.007947,0.4242243450515,1.0,0.0
11419,2,3610,HOH,H2,H,1.007947,0.4242243450515,1.0,0.0
11420,2,3611,HOH,O,O,15.99943,-0.848448690103,0.317796456355,0.652143528104
11421,2,3611,HOH,H1,H,1.007947,0.4242243450515,1.0,0.0
11422,2,3611,HOH,H2,H,1.007947,0.4242243450515,1.0,0.0
11423,2,3612,HOH,O,O,15.99943,-0.848448690103,0.317796456355,0.652143528104
11424,2,3612,HOH,H1,H,1.007947,0.4242243450515,1.0,0.0
11425,2,3612,HOH,H2,H,1.007947,0.4242243450515,1.0,0.0
11426,2,3613,HOH,O,O,15.99943,-0.848448690103,0.317796456355,0.652143528104
11427,2,3613,HOH,H1,H,1.007947,0.4242243450515,1.0,0.0
11428,2,3613,HOH,H2,H,1.007947,0.4242243450515,1.0,0.0
11429,2,3614,HOH,O,O,15.99943,-0.848448690103,0.317796456355,0.652143528104
11430,2,3614,HOH,H1,H,1.007947,0.4242243450515,1.0,0.0
11431,2,3614,HOH,H2,H,1.007947,0.4242243450515,1.0,0.0
11432,2,3615,HOH,O,O,15.99943,-0.848448690103,0.317796456355,0.652143528104
11433,2,3615,HOH,H1,H,1.007947,0.4242243450515,1.0,0.0
11434,2,3615,HOH,H2,H,1.007947,0.4242243450515,1.0,0.0
11435,2,3616,HOH,O,O,15.99943,-0.848448690103,0.317796456355,0.652143528104
11436,2,3616,HOH,H1,H,1.007947,0.4242243450515,1.0,0.0
11437,2,3616,HOH,H2,H,1.007947,0.4242243450515,1.0,0.0
11438,2,3617,HOH,O,O,15.99943,-0.848448690103,0.317796456355,0.652143528104
11439,2,3617,HOH,H1,H,1.007947,0.4242243450515,1.0,0.0
11440,2,3617,HOH,H2,H,1.007947,0.4242243450515,1.0,0.0
11441,2,3618,HOH,O,O,15.99943,-0.848448690103,0.317796456355,0.652143528104
11442,2,3618,HOH,H1,H,1.007947,0.4242243450515,1.0,0.0
11443,2,3618,HOH,H2,H,1.007947,0.4242243450515,1.0,0.0
11444,2,3619,HOH,O,O,15.99943,-0.848448690103,0.317796456355,0.652143528104
11445,2,3619,HOH,H1,H,1.007947,0.4242243450515,1.0,0.0
11446,2,3619,HOH,H2,H,1.007947,0.4242243450515,1.0,0.0
11447,2,3620,HOH,O,O,15.99943,-0.848448690103,0.317796456355,0.652143528104
11448,2,3620,HOH,H1,H,1.007947,0.4242243450515,1.0,0.0
11449,2,3620,HOH,H2,H,1.007947,0.4242243450515,1.0,0.0
11450,2,3621,HOH,O,O,15.99943,-0.848448690103,0.317796456355,0.652143528104
11451,2,3621,HOH,H1,H,1.007947,0.4242243450515,1.0,0.0
11452,2,3621,HOH,H2,H,1.007947,0.4242243450515,1.0,0.0
11453,2,3622,HOH,O,O,15.99943,-0.848448690103,0.317796456355,0.652143528104
11454,2,3622,HOH,H1,H,1.007947,0.4242243450515,1.0,0.0
11455,2,3622,HOH,H2,H,1.007947,0.4242243450515,1.0,0.0
11456,2,3623,HOH,O,O,15.99943,-0.848448690103,0.317796456355,0.652143528104
11457,2,3623,HOH,H1,H,1.007947,0.4242243450515,1.0,0.0
11458,2,3623,HOH,H2,H,1.007947,0.4242243450515,1.0,0.0
11459,2,3624,HOH,O,O,15.99943,-0.848448690103,0.317796456355,0.652143528104
11460,2,3624,HOH,H1,H,1.007947,0.4242243450515,1.0,0.0
11461,2,3624,HOH,H2,H,1.007947,0.4242243450515,1.0,0.0
11462,2,3625,HOH,O,O,15.99943,-0.848448690103,0.317796456355,0.652143528104
11463,2,3625,HOH,H1,H,1.007947,0.4242243450515,1.0,0.0
11464,2,3625,HOH,H2,H,1.007947,0.4242243450515,1.0,0.0
11465,2,3626,HOH,O,O,15.99943,-0.848448690103,0.317796456355,0.652143528104
11466,2,3626,HOH,H1,H,1.007947,0.4242243450515,1.0,0.0
11467,2,3626,HOH,H2,H,1.007947,0.4242243450515,1.0,0.0
11468,2,3627,HOH,O,O,15.99943,-0.848448690103,0.317796456355,0.652143528104
11469,2,3627,HOH,H1,H,1.007947,0.4242243450515,1.0,0.0
11470,2,3627,HOH,H2,H,1.007947,0.4242243450515,1.0,0.0
11471,2,3628,HOH,O,O,15.99943,-0.848448690103,0.317796456355,0.652143528104
11472,2,3628,HOH,H1,H,1.007947,0.4242243450515,1.0,0.0
11473,2,3628,HOH,H2,H,1.007947,0.4242243450515,1.0,0.0
11474,2,3629,HOH,O,O,15.99943,-0.848448690103,0.317796456355,0.652143528104
11475,2,3629,HOH,H1,H,1.007947,0.4242243450515,1.0,0.0
11476,2,3629,HOH,H2,H,1.007947,0.4242243450515,1.0,0.0
11477,2,3630,HOH,O,O,15.99943,-0.848448690103,0.317796456355,0.652143528104
11478,2,3630,HOH,H1,H,1.007947,0.4242243450515,1.0,0.0
11479,2,3630,HOH,H2,H,1.007947,0.4242243450515,1.0,0.0
11480,2,3631,HOH,O,O,15.99943,-0.848448690103,0.317796456355,0.652143528104
11481,2,3631,HOH,H1,H,1.007947,0.4242243450515,1.0,0.0
11482,2,3631,HOH,H2,H,1.007947,0.4242243450515,1.0,0.0
11483,2,3632,HOH,O,O,15.99943,-0.848448690103,0.317796456355,0.652143528104
11484,2,3632,HOH,H1,H,1.007947,0.4242243450515,1.0,0.0
11485,2,3632,HOH,H2,H,1.007947,0.4242243450515,1.0,0.0
11486,2,3633,HOH,O,O,15.99943,-0.848448690103,0.317796456355,0.652143528104
11487,2,3633,HOH,H1,H,1.007947,0.4242243450515,1.0,0.0
11488,2,3633,HOH,H2,H,1.007947,0.4242243450515,1.0,0.0
11489,2,3634,HOH,O,O,15.99943,-0.848448690103,0.317796456355,0.652143528104
11490,2,3634,HOH,H1,H,1.007947,0.4242243450515,1.0,0.0
11491,2,3634,HOH,H2,H,1.007947,0.4242243450515,1.0,0.0
11492,2,3635,HOH,O,O,15.99943,-0.848448690103,0.317796456355,0.652143528104
11493,2,3635,HOH,H1,H,1.007947,0.4242243450515,1.0,0.0
11494,2,3635,HOH,H2,H,1.007947,0.4242243450515,1.0,0.0
11495,2,3636,HOH,O,O,15.99943,-0.848448690103,0.317796456355,0.652143528104
11496,2,3636,HOH,H1,H,1.007947,0.4242243450515,1.0,0.0
11497,2,3636,HOH,H2,H,1.007947,0.4242243450515,1.0,0.0
11498,2,3637,HOH,O,O,15.99943,-0.848448690103,0.317796456355,0.652143528104
11499,2,3637,HOH,H1,H,1.007947,0.4242243450515,1.0,0.0
11500,2,3637,HOH,H2,H,1.007947,0.4242243450515,1.0,0.0
11501,2,3638,HOH,O,O,15.99943,-0.848448690103,0.317796456355,0.652143528104
11502,2,3638,HOH,H1,H,1.007947,0.4242243450515,1.0,0.0
11503,2,3638,HOH,H2,H,1.007947,0.4242243450515,1.0,0.0
11504,2,3639,HOH,O,O,15.99943,-0.848448690103,0.317796456355,0.652143528104
11505,2,3639,HOH,H1,H,1.007947,0.4242243450515,1.0,0.0
11506,2,3639,HOH,H2,H,1.007947,0.4242243450515,1.0,0.0
11507,2,3640,HOH,O,O,15.99943,-0.848448690103,0.317796456355,0.652143528104
11508,2,3640,HOH,H1,H,1.007947,0.4242243450515,1.0,0.0
11509,2,3640,HOH,H2,H,1.007947,0.4242243450515,1.0,0.0
11510,2,3641,HOH,O,O,15.99943,-0.848448690103,0.317796456355,0.652143528104
11511,2,3641,HOH,H1,H,1.007947,0.4242243450515,1.0,0.0
11512,2,3641,HOH,H2,H,1.007947,0.4242243450515,1.0,0.0
11513,2,3642,HOH,O,O,15.99943,-0.848448690103,0.317796456355,0.652143528104
11514,2,3642,HOH,H1,H,1.007947,0.4242243450515,1.0,0.0
11515,2,3642,HOH,H2,H,1.007947,0.4242243450515,1.0,0.0
11516,2,3643,HOH,O,O,15.99943,-0.848448690103,0.317796456355,0.652143528104
11517,2,3643,HOH,H1,H,1.007947,0.4242243450515,1.0,0.0
11518,2,3643,HOH,H2,H,1.007947,0.4242243450515,1.0,0.0
11519,2,3644,HOH,O,O,15.99943,-0.848448690103,0.317796456355,0.652143528104
11520,2,3644,HOH,H1,H,1.007947,0.4242243450515,1.0,0.0
11521,2,3644,HOH,H2,H,1.007947,0.4242243450515,1.0,0.0
11522,2,3645,HOH,O,O,15.99943,-0.848448690103,0.317796456355,0.652143528104
11523,2,3645,HOH,H1,H,1.007947,0.4242243450515,1.0,0.0
11524,2,3645,HOH,H2,H,1.007947,0.4242243450515,1.0,0.0
11525,2,3646,HOH,O,O,15.99943,-0.848448690103,0.317796456355,0.652143528104
11526,2,3646,HOH,H1,H,1.007947,0.4242243450515,1.0,0.0
11527,2,3646,HOH,H2,H,1.007947,0.4242243450515,1.0,0.0
11528,2,3647,HOH,O,O,15.99943,-0.848448690103,0.317796456355,0.652143528104
11529,2,3647,HOH,H1,H,1.007947,0.4242243450515,1.0,0.0
11530,2,3647,HOH,H2,H,1.007947,0.4242243450515,1.0,0.0
11531,2,3648,HOH,O,O,15.99943,-0.848448690103,0.317796456355,0.652143528104
11532,2,3648,HOH,H1,H,1.007947,0.4242243450515,1.0,0.0
11533,2,3648,HOH,H2,H,1.007947,0.4242243450515,1.0,0.0
11534,2,3649,HOH,O,O,15.99943,-0.848448690103,0.317796456355,0.652143528104
11535,2,3649,HOH,H1,H,1.007947,0.4242243450515,1.0,0.0
11536,2,3649,HOH,H2,H,1.007947,0.4242243450515,1.0,0.0
11537,2,3650,HOH,O,O,15.99943,-0.848448690103,0.317796456355,0.652143528104
11538,2,3650,HOH,H1,H,1.007947,0.4242243450515,1.0,0.0
11539,2,3650,HOH,H2,H,1.007947,0.4242243450515,1.0,0.0
11540,2,3651,HOH,O,O,15.99943,-0.848448690103,0.317796456355,0.652143528104
11541,2,3651,HOH,H1,H,1.007947,0.4242243450515,1.0,0.0
11542,2,3651,HOH,H2,H,1.007947,0.4242243450515,1.0,0.0
11543,2,3652,HOH,O,O,15.99943,-0.848448690103,0.317796456355,0.652143528104
11544,2,3652,HOH,H1,H,1.007947,0.4242243450515,1.0,0.0
11545,2,3652,HOH,H2,H,1.007947,0.4242243450515,1.0,0.0
11546,2,3653,HOH,O,O,15.99943,-0.848448690103,0.317796456355,0.652143528104
11547,2,3653,HOH,H1,H,1.007947,0.4242243450515,1.0,0.0
11548,2,3653,HOH,H2,H,1.007947,0.4242243450515,1.0,0.0
11549,2,3654,HOH,O,O,15.99943,-0.848448690103,0.317796456355,0.652143528104
11550,2,3654,HOH,H1,H,1.007947,0.4242243450515,1.0,0.0
11551,2,3654,HOH,H2,H,1.007947,0.4242243450515,1.0,0.0
11552,2,3655,HOH,O,O,15.99943,-0.848448690103,0.317796456355,0.652143528104
11553,2,3655,HOH,H1,H,1.007947,0.4242243450515,1.0,0.0
11554,2,3655,HOH,H2,H,1.007947,0.4242243450515,1.0,0.0
11555,2,3656,HOH,O,O,15.99943,-0.848448690103,0.317796456355,0.652143528104
11556,2,3656,HOH,H1,H,1.007947,0.4242243450515,1.0,0.0
11557,2,3656,HOH,H2,H,1.007947,0.4242243450515,1.0,0.0
11558,2,3657,HOH,O,O,15.99943,-0.848448690103,0.317796456355,0.652143528104
11559,2,3657,HOH,H1,H,1.007947,0.4242243450515,1.0,0.0
11560,2,3657,HOH,H2,H,1.007947,0.4242243450515,1.0,0.0
11561,2,3658,HOH,O,O,15.99943,-0.848448690103,0.317796456355,0.652143528104
11562,2,3658,HOH,H1,H,1.007947,0.4242243450515,1.0,0.0
11563,2,3658,HOH,H2,H,1.007947,0.4242243450515,1.0,0.0
11564,2,3659,HOH,O,O,15.99943,-0.848448690103,0.317796456355,0.652143528104
11565,2,3659,HOH,H1,H,1.007947,0.4242243450515,1.0,0.0
11566,2,3659,HOH,H2,H,1.007947,0.4242243450515,1.0,0.0
11567,2,3660,HOH,O,O,15.99943,-0.848448690103,0.317796456355,0.652143528104
11568,2,3660,HOH,H1,H,1.007947,0.4242243450515,1.0,0.0
11569,2,3660,HOH,H2,H,1.007947,0.4242243450515,1.0,0.0
11570,2,3661,HOH,O,O,15.99943,-0.848448690103,0.317796456355,0.652143528104
11571,2,3661,HOH,H1,H,1.007947,0.4242243450515,1.0,0.0
11572,2,3661,HOH,H2,H,1.007947,0.4242243450515,1.0,0.0
11573,2,3662,HOH,O,O,15.99943,-0.848448690103,0.317796456355,0.652143528104
11574,2,3662,HOH,H1,H,1.007947,0.4242243450515,1.0,0.0
11575,2,3662,HOH,H2,H,1.007947,0.4242243450515,1.0,0.0
11576,2,3663,HOH,O,O,15.99943,-0.848448690103,0.317796456355,0.652143528104
11577,2,3663,HOH,H1,H,1.007947,0.4242243450515,1.0,0.0
11578,2,3663,HOH,H2,H,1.007947,0.4242243450515,1.0,0.0
11579,2,3664,HOH,O,O,15.99943,-0.848448690103,0.317796456355,0.652143528104
11580,2,3664,HOH,H1,H,1.007947,0.4242243450515,1.0,0.0
11581,2,3664,HOH,H2,H,1.007947,0.4242243450515,1.0,0.0
11582,2,3665,HOH,O,O,15.99943,-0.848448690103,0.317796456355,0.652143528104
11583,2,3665,HOH,H1,H,1.007947,0.4242243450515,1.0,0.0
11584,2,3665,HOH,H2,H,1.007947,0.4242243450515,1.0,0.0
11585,2,3666,HOH,O,O,15.99943,-0.848448690103,0.317796456355,0.652143528104
11586,2,3666,HOH,H1,H,1.007947,0.4242243450515,1.0,0.0
11587,2,3666,HOH,H2,H,1.007947,0.4242243450515,1.0,0.0
11588,2,3667,HOH,O,O,15.99943,-0.848448690103,0.317796456355,0.652143528104
11589,2,3667,HOH,H1,H,1.007947,0.4242243450515,1.0,0.0
11590,2,3667,HOH,H2,H,1.007947,0.4242243450515,1.0,0.0
11591,2,3668,HOH,O,O,15.99943,-0.848448690103,0.317796456355,0.652143528104
11592,2,3668,HOH,H1,H,1.007947,0.4242243450515,1.0,0.0
11593,2,3668,HOH,H2,H,1.007947,0.4242243450515,1.0,0.0
11594,2,3669,HOH,O,O,15.99943,-0.848448690103,0.317796456355,0.652143528104
11595,2,3669,HOH,H1,H,1.007947,0.4242243450515,1.0,0.0
11596,2,3669,HOH,H2,H,1.007947,0.4242243450515,1.0,0.0
11597,2,3670,HOH,O,O,15.99943,-0.848448690103,0.317796456355,0.652143528104
11598,2,3670,HOH,H1,H,1.007947,0.4242243450515,1.0,0.0
11599,2,3670,HOH,H2,H,1.007947,0.4242243450515,1.0,0.0
11600,2,3671,HOH,O,O,15.99943,-0.848448690103,0.317796456355,0.652143528104
11601,2,3671,HOH,H1,H,1.007947,0.4242243450515,1.0,0.0
11602,2,3671,HOH,H2,H,1.007947,0.4242243450515,1.0,0.0
11603,2,3672,HOH,O,O,15.99943,-0.848448690103,0.317796456355,0.652143528104
11604,2,3672,HOH,H1,H,1.007947,0.4242243450515,1.0,0.0
11605,2,3672,HOH,H2,H,1.007947,0.4242243450515,1.0,0.0
11606,2,3673,HOH,O,O,15.99943,-0.848448690103,0.317796456355,0.652143528104
11607,2,3673,HOH,H1,H,1.007947,0.4242243450515,1.0,0.0
11608,2,3673,HOH,H2,H,1.007947,0.4242243450515,1.0,0.0
11609,2,3674,HOH,O,O,15.99943,-0.848448690103,0.317796456355,0.652143528104
11610,2,3674,HOH,H1,H,1.007947,0.4242243450515,1.0,0.0
11611,2,3674,HOH,H2,H,1.007947,0.4242243450515,1.0,0.0
11612,2,3675,HOH,O,O,15.99943,-0.848448690103,0.317796456355,0.652143528104
11613,2,3675,HOH,H1,H,1.007947,0.4242243450515,1.0,0.0
11614,2,3675,HOH,H2,H,1.007947,0.4242243450515,1.0,0.0
11615,2,3676,HOH,O,O,15.99943,-0.848448690103,0.317796456355,0.652143528104
11616,2,3676,HOH,H1,H,1.007947,0.4242243450515,1.0,0.0
11617,2,3676,HOH,H2,H,1.007947,0.4242243450515,1.0,0.0
11618,2,3677,HOH,O,O,15.99943,-0.848448690103,0.317796456355,0.652143528104
11619,2,3677,HOH,H1,H,1.007947,0.4242243450515,1.0,0.0
11620,2,3677,HOH,H2,H,1.007947,0.4242243450515,1.0,0.0
11621,2,3678,HOH,O,O,15.99943,-0.848448690103,0.317796456355,0.652143528104
11622,2,3678,HOH,H1,H,1.007947,0.4242243450515,1.0,0.0
11623,2,3678,HOH,H2,H,1.007947,0.4242243450515,1.0,0.0
11624,2,3679,HOH,O,O,15.99943,-0.848448690103,0.317796456355,0.652143528104
11625,2,3679,HOH,H1,H,1.007947,0.4242243450515,1.0,0.0
11626,2,3679,HOH,H2,H,1.007947,0.4242243450515,1.0,0.0
11627,2,3680,HOH,O,O,15.99943,-0.848448690103,0.317796456355,0.652143528104
11628,2,3680,HOH,H1,H,1.007947,0.4242243450515,1.0,0.0
11629,2,3680,HOH,H2,H,1.007947,0.4242243450515,1.0,0.0
11630,2,3681,HOH,O,O,15.99943,-0.848448690103,0.317796456355,0.652143528104
11631,2,3681,HOH,H1,H,1.007947,0.4242243450515,1.0,0.0
11632,2,3681,HOH,H2,H,1.007947,0.4242243450515,1.0,0.0
11633,2,3682,HOH,O,O,15.99943,-0.848448690103,0.317796456355,0.652143528104
11634,2,3682,HOH,H1,H,1.007947,0.4242243450515,1.0,0.0
11635,2,3682,HOH,H2,H,1.007947,0.4242243450515,1.0,0.0
11636,2,3683,HOH,O,O,15.99943,-0.848448690103,0.317796456355,0.652143528104
11637,2,3683,HOH,H1,H,1.007947,0.4242243450515,1.0,0.0
11638,2,3683,HOH,H2,H,1.007947,0.4242243450515,1.0,0.0
11639,2,3684,HOH,O,O,15.99943,-0.848448690103,0.317796456355,0.652143528104
11640,2,3684,HOH,H1,H,1.007947,0.4242243450515,1.0,0.0
11641,2,3684,HOH,H2,H,1.007947,0.4242243450515,1.0,0.0
11642,2,3685,HOH,O,O,15.99943,-0.848448690103,0.317796456355,0.652143528104
11643,2,3685,HOH,H1,H,1.007947,0.4242243450515,1.0,0.0
11644,2,3685,HOH,H2,H,1.007947,0.4242243450515,1.0,0.0
11645,2,3686,HOH,O,O,15.99943,-0.848448690103,0.317796456355,0.652143528104
11646,2,3686,HOH,H1,H,1.007947,0.4242243450515,1.0,0.0
11647,2,3686,HOH,H2,H,1.007947,0.4242243450515,1.0,0.0
11648,2,3687,HOH,O,O,15.99943,-0.848448690103,0.317796456355,0.652143528104
11649,2,3687,HOH,H1,H,1.007947,0.4242243450515,1.0,0.0
11650,2,3687,HOH,H2,H,1.007947,0.4242243450515,1.0,0.0
11651,2,3688,HOH,O,O,15.99943,-0.848448690103,0.317796456355,0.652143528104
11652,2,3688,HOH,H1,H,1.007947,0.4242243450515,1.0,0.0
11653,2,3688,HOH,H2,H,1.007947,0.4242243450515,1.0,0.0
11654,2,3689,HOH,O,O,15.99943,-0.848448690103,0.317796456355,0.652143528104
11655,2,3689,HOH,H1,H,1.007947,0.4242243450515,1.0,0.0
11656,2,3689,HOH,H2,H,1.007947,0.4242243450515,1.0,0.0
11657,2,3690,HOH,O,O,15.99943,-0.848448690103,0.317796456355,0.652143528104
11658,2,3690,HOH,H1,H,1.007947,0.4242243450515,1.0,0.0
11659,2,3690,HOH,H2,H,1.007947,0.4242243450515,1.0,0.0
11660,2,3691,HOH,O,O,15.99943,-0.848448690103,0.317796456355,0.652143528104
11661,2,3691,HOH,H1,H,1.007947,0.4242243450515,1.0,0.0
11662,2,3691,HOH,H2,H,1.007947,0.4242243450515,1.0,0.0
11663,2,3692,HOH,O,O,15.99943,-0.848448690103,0.317796456355,0.652143528104
11664,2,3692,HOH,H1,H,1.007947,0.4242243450515,1.0,0.0
11665,2,3692,HOH,H2,H,1.007947,0.4242243450515,1.0,0.0
11666,2,3693,HOH,O,O,15.99943,-0.848448690103,0.317796456355,0.652143528104
11667,2,3693,HOH,H1,H,1.007947,0.4242243450515,1.0,0.0
11668,2,3693,HOH,H2,H,1.007947,0.4242243450515,1.0,0.0
11669,2,3694,HOH,O,O,15.99943,-0.848448690103,0.317796456355,0.652143528104
11670,2,3694,HOH,H1,H,1.007947,0.4242243450515,1.0,0.0
11671,2,3694,HOH,H2,H,1.007947,0.4242243450515,1.0,0.0
11672,2,3695,HOH,O,O,15.99943,-0.848448690103,0.317796456355,0.652143528104
11673,2,3695,HOH,H1,H,1.007947,0.4242243450515,1.0,0.0
11674,2,3695,HOH,H2,H,1.007947,0.4242243450515,1.0,0.0
11675,2,3696,HOH,O,O,15.99943,-0.848448690103,0.317796456355,0.652143528104
11676,2,3696,HOH,H1,H,1.007947,0.4242243450515,1.0,0.0
11677,2,3696,HOH,H2,H,1.007947,0.4242243450515,1.0,0.0
11678,2,3697,HOH,O,O,15.99943,-0.848448690103,0.317796456355,0.652143528104
11679,2,3697,HOH,H1,H,1.007947,0.4242243450515,1.0,0.0
11680,2,3697,HOH,H2,H,1.007947,0.4242243450515,1.0,0.0
11681,2,3698,HOH,O,O,15.99943,-0.848448690103,0.317796456355,0.652143528104
11682,2,3698,HOH,H1,H,1.007947,0.4242243450515,1.0,0.0
11683,2,3698,HOH,H2,H,1.007947,0.4242243450515,1.0,0.0
11684,2,3699,HOH,O,O,15.99943,-0.848448690103,0.317796456355,0.652143528104
11685,2,3699,HOH,H1,H,1.007947,0.4242243450515,1.0,0.0
11686,2,3699,HOH,H2,H,1.007947,0.4242243450515,1.0,0.0
11687,2,3700,HOH,O,O,15.99943,-0.848448690103,0.317796456355,0.652143528104
11688,2,3700,HOH,H1,H,1.007947,0.4242243450515,1.0,0.0
11689,2,3700,HOH,H2,H,1.007947,0.4242243450515,1.0,0.0
11690,2,3701,HOH,O,O,15.99943,-0.848448690103,0.317796456355,0.652143528104
11691,2,3701,HOH,H1,H,1.007947,0.4242243450515,1.0,0.0
11692,2,3701,HOH,H2,H,1.007947,0.4242243450515,1.0,0.0
11693,2,3702,HOH,O,O,15.99943,-0.848448690103,0.317796456355,0.652143528104
11694,2,3702,HOH,H1,H,1.007947,0.4242243450515,1.0,0.0
11695,2,3702,HOH,H2,H,1.007947,0.4242243450515,1.0,0.0
11696,2,3703,HOH,O,O,15.99943,-0.848448690103,0.317796456355,0.652143528104
11697,2,3703,HOH,H1,H,1.007947,0.4242243450515,1.0,0.0
11698,2,3703,HOH,H2,H,1.007947,0.4242243450515,1.0,0.0
11699,2,3704,HOH,O,O,15.99943,-0.848448690103,0.317796456355,0.652143528104
11700,2,3704,HOH,H1,H,1.007947,0.4242243450515,1.0,0.0
11701,2,3704,HOH,H2,H,1.007947,0.4242243450515,1.0,0.0
11702,2,3705,HOH,O,O,15.99943,-0.848448690103,0.317796456355,0.652143528104
11703,2,3705,HOH,H1,H,1.007947,0.4242243450515,1.0,0.0
11704,2,3705,HOH,H2,H,1.007947,0.4242243450515,1.0,0.0
11705,2,3706,HOH,O,O,15.99943,-0.848448690103,0.317796456355,0.652143528104
11706,2,3706,HOH,H1,H,1.007947,0.4242243450515,1.0,0.0
11707,2,3706,HOH,H2,H,1.007947,0.4242243450515,1.0,0.0
11708,2,3707,HOH,O,O,15.99943,-0.848448690103,0.317796456355,0.652143528104
11709,2,3707,HOH,H1,H,1.007947,0.4242243450515,1.0,0.0
11710,2,3707,HOH,H2,H,1.007947,0.4242243450515,1.0,0.0
11711,2,3708,HOH,O,O,15.99943,-0.848448690103,0.317796456355,0.652143528104
11712,2,3708,HOH,H1,H,1.007947,0.4242243450515,1.0,0.0
11713,2,3708,HOH,H2,H,1.007947,0.4242243450515,1.0,0.0
11714,2,3709,HOH,O,O,15.99943,-0.848448690103,0.317796456355,0.652143528104
11715,2,3709,HOH,H1,H,1.007947,0.4242243450515,1.0,0.0
11716,2,3709,HOH,H2,H,1.007947,0.4242243450515,1.0,0.0
11717,2,3710,HOH,O,O,15.99943,-0.848448690103,0.317796456355,0.652143528104
11718,2,3710,HOH,H1,H,1.007947,0.4242243450515,1.0,0.0
11719,2,3710,HOH,H2,H,1.007947,0.4242243450515,1.0,0.0
11720,2,3711,HOH,O,O,15.99943,-0.848448690103,0.317796456355,0.652143528104
11721,2,3711,HOH,H1,H,1.007947,0.4242243450515,1.0,0.0
11722,2,3711,HOH,H2,H,1.007947,0.4242243450515,1.0,0.0
11723,2,3712,HOH,O,O,15.99943,-0.848448690103,0.317796456355,0.652143528104
11724,2,3712,HOH,H1,H,1.007947,0.4242243450515,1.0,0.0
11725,2,3712,HOH,H2,H,1.007947,0.4242243450515,1.0,0.0
11726,2,3713,HOH,O,O,15.99943,-0.848448690103,0.317796456355,0.652143528104
11727,2,3713,HOH,H1,H,1.007947,0.4242243450515,1.0,0.0
11728,2,3713,HOH,H2,H,1.007947,0.4242243450515,1.0,0.0
11729,2,3714,HOH,O,O,15.99943,-0.848448690103,0.317796456355,0.652143528104
11730,2,3714,HOH,H1,H,1.007947,0.4242243450515,1.0,0.0
11731,2,3714,HOH,H2,H,1.007947,0.4242243450515,1.0,0.0
11732,2,3715,HOH,O,O,15.99943,-0.848448690103,0.317796456355,0.652143528104
11733,2,3715,HOH,H1,H,1.007947,0.4242243450515,1.0,0.0
11734,2,3715,HOH,H2,H,1.007947,0.4242243450515,1.0,0.0
11735,2,3716,HOH,O,O,15.99943,-0.848448690103,0.317796456355,0.652143528104
11736,2,3716,HOH,H1,H,1.007947,0.4242243450515,1.0,0.0
11737,2,3716,HOH,H2,H,1.007947,0.4242243450515,1.0,0.0
11738,2,3717,HOH,O,O,15.99943,-0.848448690103,0.317796456355,0.652143528104
11739,2,3717,HOH,H1,H,1.007947,0.4242243450515,1.0,0.0
11740,2,3717,HOH,H2,H,1.007947,0.4242243450515,1.0,0.0
11741,2,3718,HOH,O,O,15.99943,-0.848448690103,0.317796456355,0.652143528104
11742,2,3718,HOH,H1,H,1.007947,0.4242243450515,1.0,0.0
11743,2,3718,HOH,H2,H,1.007947,0.4242243450515,1.0,0.0
11744,2,3719,HOH,O,O,15.99943,-0.848448690103,0.317796456355,0.652143528104
11745,2,3719,HOH,H1,H,1.007947,0.4242243450515,1.0,0.0
11746,2,3719,HOH,H2,H,1.007947,0.4242243450515,1.0,0.0
11747,2,3720,HOH,O,O,15.99943,-0.848448690103,0.317796456355,0.652143528104
11748,2,3720,HOH,H1,H,1.007947,0.4242243450515,1.0,0.0
11749,2,3720,HOH,H2,H,1.007947,0.4242243450515,1.0,0.0
11750,2,3721,HOH,O,O,15.99943,-0.848448690103,0.317796456355,0.652143528104
11751,2,3721,HOH,H1,H,1.007947,0.4242243450515,1.0,0.0
11752,2,3721,HOH,H2,H,1.007947,0.4242243450515,1.0,0.0
11753,2,3722,HOH,O,O,15.99943,-0.848448690103,0.317796456355,0.652143528104
11754,2,3722,HOH,H1,H,1.007947,0.4242243450515,1.0,0.0
11755,2,3722,HOH,H2,H,1.007947,0.4242243450515,1.0,0.0
11756,2,3723,HOH,O,O,15.99943,-0.848448690103,0.317796456355,0.652143528104
11757,2,3723,HOH,H1,H,1.007947,0.4242243450515,1.0,0.0
11758,2,3723,HOH,H2,H,1.007947,0.4242243450515,1.0,0.0
11759,2,3724,HOH,O,O,15.99943,-0.848448690103,0.317796456355,0.652143528104
11760,2,3724,HOH,H1,H,1.007947,0.4242243450515,1.0,0.0
11761,2,3724,HOH,H2,H,1.007947,0.4242243450515,1.0,0.0
11762,2,3725,HOH,O,O,15.99943,-0.848448690103,0.317796456355,0.652143528104
11763,2,3725,HOH,H1,H,1.007947,0.4242243450515,1.0,0.0
11764,2,3725,HOH,H2,H,1.007947,0.4242243450515,1.0,0.0
11765,2,3726,HOH,O,O,15.99943,-0.848448690103,0.317796456355,0.652143528104
11766,2,3726,HOH,H1,H,1.007947,0.4242243450515,1.0,0.0
11767,2,3726,HOH,H2,H,1.007947,0.4242243450515,1.0,0.0
11768,2,3727,HOH,O,O,15.99943,-0.848448690103,0.317796456355,0.652143528104
11769,2,3727,HOH,H1,H,1.007947,0.4242243450515,1.0,0.0
11770,2,3727,HOH,H2,H,1.007947,0.4242243450515,1.0,0.0
11771,2,3728,HOH,O,O,15.99943,-0.848448690103,0.317796456355,0.652143528104
11772,2,3728,HOH,H1,H,1.007947,0.4242243450515,1.0,0.0
11773,2,3728,HOH,H2,H,1.007947,0.4242243450515,1.0,0.0
11774,2,3729,HOH,O,O,15.99943,-0.848448690103,0.317796456355,0.652143528104
11775,2,3729,HOH,H1,H,1.007947,0.4242243450515,1.0,0.0
11776,2,3729,HOH,H2,H,1.007947,0.4242243450515,1.0,0.0
11777,2,3730,HOH,O,O,15.99943,-0.848448690103,0.317796456355,0.652143528104
11778,2,3730,HOH,H1,H,1.007947,0.4242243450515,1.0,0.0
11779,2,3730,HOH,H2,H,1.007947,0.4242243450515,1.0,0.0
11780,2,3731,HOH,O,O,15.99943,-0.848448690103,0.317796456355,0.652143528104
11781,2,3731,HOH,H1,H,1.007947,0.4242243450515,1.0,0.0
11782,2,3731,HOH,H2,H,1.007947,0.4242243450515,1.0,0.0
11783,2,3732,HOH,O,O,15.99943,-0.848448690103,0.317796456355,0.652143528104
11784,2,3732,HOH,H1,H,1.007947,0.4242243450515,1.0,0.0
11785,2,3732,HOH,H2,H,1.007947,0.4242243450515,1.0,0.0
11786,2,3733,HOH,O,O,15.99943,-0.848448690103,0.317796456355,0.652143528104
11787,2,3733,HOH,H1,H,1.007947,0.4242243450515,1.0,0.0
11788,2,3733,HOH,H2,H,1.007947,0.4242243450515,1.0,0.0
11789,2,3734,HOH,O,O,15.99943,-0.848448690103,0.317796456355,0.652143528104
11790,2,3734,HOH,H1,H,1.007947,0.4242243450515,1.0,0.0
11791,2,3734,HOH,H2,H,1.007947,0.4242243450515,1.0,0.0
11792,2,3735,HOH,O,O,15.99943,-0.848448690103,0.317796456355,0.652143528104
11793,2,3735,HOH,H1,H,1.007947,0.4242243450515,1.0,0.0
11794,2,3735,HOH,H2,H,1.007947,0.4242243450515,1.0,0.0
11795,2,3736,HOH,O,O,15.99943,-0.848448690103,0.317796456355,0.652143528104
11796,2,3736,HOH,H1,H,1.007947,0.4242243450515,1.0,0.0
11797,2,3736,HOH,H2,H,1.007947,0.4242243450515,1.0,0.0
11798,2,3737,HOH,O,O,15.99943,-0.848448690103,0.317796456355,0.652143528104
11799,2,3737,HOH,H1,H,1.007947,0.4242243450515,1.0,0.0
11800,2,3737,HOH,H2,H,1.007947,0.4242243450515,1.0,0.0
11801,2,3738,HOH,O,O,15.99943,-0.848448690103,0.317796456355,0.652143528104
11802,2,3738,HOH,H1,H,1.007947,0.4242243450515,1.0,0.0
11803,2,3738,HOH,H2,H,1.007947,0.4242243450515,1.0,0.0
11804,2,3739,HOH,O,O,15.99943,-0.848448690103,0.317796456355,0.652143528104
11805,2,3739,HOH,H1,H,1.007947,0.4242243450515,1.0,0.0
11806,2,3739,HOH,H2,H,1.007947,0.4242243450515,1.0,0.0
11807,2,3740,HOH,O,O,15.99943,-0.848448690103,0.317796456355,0.652143528104
11808,2,3740,HOH,H1,H,1.007947,0.4242243450515,1.0,0.0
11809,2,3740,HOH,H2,H,1.007947,0.4242243450515,1.0,0.0
11810,2,3741,HOH,O,O,15.99943,-0.848448690103,0.317796456355,0.652143528104
11811,2,3741,HOH,H1,H,1.007947,0.4242243450515,1.0,0.0
11812,2,3741,HOH,H2,H,1.007947,0.4242243450515,1.0,0.0
11813,2,3742,HOH,O,O,15.99943,-0.848448690103,0.317796456355,0.652143528104
11814,2,3742,HOH,H1,H,1.007947,0.4242243450515,1.0,0.0
11815,2,3742,HOH,H2,H,1.007947,0.4242243450515,1.0,0.0
11816,2,3743,HOH,O,O,15.99943,-0.848448690103,0.317796456355,0.652143528104
11817,2,3743,HOH,H1,H,1.007947,0.4242243450515,1.0,0.0
11818,2,3743,HOH,H2,H,1.007947,0.4242243450515,1.0,0.0
11819,2,3745,HOH,O,O,15.99943,-0.848448690103,0.317796456355,0.652143528104
11820,2,3745,HOH,H1,H,1.007947,0.4242243450515,1.0,0.0
11821,2,3745,HOH,H2,H,1.007947,0.4242243450515,1.0,0.0
11822,2,3746,HOH,O,O,15.99943,-0.848448690103,0.317796456355,0.652143528104
11823,2,3746,HOH,H1,H,1.007947,0.4242243450515,1.0,0.0
11824,2,3746,HOH,H2,H,1.007947,0.4242243450515,1.0,0.0
11825,2,3747,HOH,O,O,15.99943,-0.848448690103,0.317796456355,0.652143528104
11826,2,3747,HOH,H1,H,1.007947,0.4242243450515,1.0,0.0
11827,2,3747,HOH,H2,H,1.007947,0.4242243450515,1.0,0.0
11828,2,3748,HOH,O,O,15.99943,-0.848448690103,0.317796456355,0.652143528104
11829,2,3748,HOH,H1,H,1.007947,0.4242243450515,1.0,0.0
11830,2,3748,HOH,H2,H,1.007947,0.4242243450515,1.0,0.0
11831,2,3749,HOH,O,O,15.99943,-0.848448690103,0.317796456355,0.652143528104
11832,2,3749,HOH,H1,H,1.007947,0.4242243450515,1.0,0.0
11833,2,3749,HOH,H2,H,1.007947,0.4242243450515,1.0,0.0
11834,2,3750,HOH,O,O,15.99943,-0.848448690103,0.317796456355,0.652143528104
11835,2,3750,HOH,H1,H,1.007947,0.4242243450515,1.0,0.0
11836,2,3750,HOH,H2,H,1.007947,0.4242243450515,1.0,0.0
11837,2,3751,HOH,O,O,15.99943,-0.848448690103,0.317796456355,0.652143528104
11838,2,3751,HOH,H1,H,1.007947,0.4242243450515,1.0,0.0
11839,2,3751,HOH,H2,H,1.007947,0.4242243450515,1.0,0.0
11840,2,3752,HOH,O,O,15.99943,-0.848448690103,0.317796456355,0.652143528104
11841,2,3752,HOH,H1,H,1.007947,0.4242243450515,1.0,0.0
11842,2,3752,HOH,H2,H,1.007947,0.4242243450515,1.0,0.0
11843,2,3753,HOH,O,O,15.99943,-0.848448690103,0.317796456355,0.652143528104
11844,2,3753,HOH,H1,H,1.007947,0.4242243450515,1.0,0.0
11845,2,3753,HOH,H2,H,1.007947,0.4242243450515,1.0,0.0
11846,2,3754,HOH,O,O,15.99943,-0.848448690103,0.317796456355,0.652143528104
11847,2,3754,HOH,H1,H,1.007947,0.4242243450515,1.0,0.0
11848,2,3754,HOH,H2,H,1.007947,0.4242243450515,1.0,0.0
11849,2,3755,HOH,O,O,15.99943,-0.848448690103,0.317796456355,0.652143528104
11850,2,3755,HOH,H1,H,1.007947,0.4242243450515,1.0,0.0
11851,2,3755,HOH,H2,H,1.007947,0.4242243450515,1.0,0.0
11852,2,3756,HOH,O,O,15.99943,-0.848448690103,0.317796456355,0.652143528104
11853,2,3756,HOH,H1,H,1.007947,0.4242243450515,1.0,0.0
11854,2,3756,HOH,H2,H,1.007947,0.4242243450515,1.0,0.0
11855,2,3757,HOH,O,O,15.99943,-0.848448690103,0.317796456355,0.652143528104
11856,2,3757,HOH,H1,H,1.007947,0.4242243450515,1.0,0.0
11857,2,3757,HOH,H2,H,1.007947,0.4242243450515,1.0,0.0
11858,2,3758,HOH,O,O,15.99943,-0.848448690103,0.317796456355,0.652143528104
11859,2,3758,HOH,H1,H,1.007947,0.4242243450515,1.0,0.0
11860,2,3758,HOH,H2,H,1.007947,0.4242243450515,1.0,0.0
11861,2,3759,HOH,O,O,15.99943,-0.848448690103,0.317796456355,0.652143528104
11862,2,3759,HOH,H1,H,1.007947,0.4242243450515,1.0,0.0
11863,2,3759,HOH,H2,H,1.007947,0.4242243450515,1.0,0.0
11864,2,3760,HOH,O,O,15.99943,-0.848448690103,0.317796456355,0.652143528104
11865,2,3760,HOH,H1,H,1.007947,0.4242243450515,1.0,0.0
11866,2,3760,HOH,H2,H,1.007947,0.4242243450515,1.0,0.0
11867,2,3761,HOH,O,O,15.99943,-0.848448690103,0.317796456355,0.652143528104
11868,2,3761,HOH,H1,H,1.007947,0.4242243450515,1.0,0.0
11869,2,3761,HOH,H2,H,1.007947,0.4242243450515,1.0,0.0
11870,2,3762,HOH,O,O,15.99943,-0.848448690103,0.317796456355,0.652143528104
11871,2,3762,HOH,H1,H,1.007947,0.4242243450515,1.0,0.0
11872,2,3762,HOH,H2,H,1.007947,0.4242243450515,1.0,0.0
11873,2,3763,HOH,O,O,15.99943,-0.848448690103,0.317796456355,0.652143528104
11874,2,3763,HOH,H1,H,1.007947,0.4242243450515,1.0,0.0
11875,2,3763,HOH,H2,H,1.007947,0.4242243450515,1.0,0.0
11876,2,3764,HOH,O,O,15.99943,-0.848448690103,0.317796456355,0.652143528104
11877,2,3764,HOH,H1,H,1.007947,0.4242243450515,1.0,0.0
11878,2,3764,HOH,H2,H,1.007947,0.4242243450515,1.0,0.0
11879,2,3765,HOH,O,O,15.99943,-0.848448690103,0.317796456355,0.652143528104
11880,2,3765,HOH,H1,H,1.007947,0.4242243450515,1.0,0.0
11881,2,3765,HOH,H2,H,1.007947,0.4242243450515,1.0,0.0
11882,2,3766,HOH,O,O,15.99943,-0.848448690103,0.317796456355,0.652143528104
11883,2,3766,HOH,H1,H,1.007947,0.4242243450515,1.0,0.0
11884,2,3766,HOH,H2,H,1.007947,0.4242243450515,1.0,0.0
11885,2,3767,HOH,O,O,15.99943,-0.848448690103,0.317796456355,0.652143528104
11886,2,3767,HOH,H1,H,1.007947,0.4242243450515,1.0,0.0
11887,2,3767,HOH,H2,H,1.007947,0.4242243450515,1.0,0.0
11888,2,3768,HOH,O,O,15.99943,-0.848448690103,0.317796456355,0.652143528104
11889,2,3768,HOH,H1,H,1.007947,0.4242243450515,1.0,0.0
11890,2,3768,HOH,H2,H,1.007947,0.4242243450515,1.0,0.0
11891,2,3769,HOH,O,O,15.99943,-0.848448690103,0.317796456355,0.652143528104
11892,2,3769,HOH,H1,H,1.007947,0.4242243450515,1.0,0.0
11893,2,3769,HOH,H2,H,1.007947,0.4242243450515,1.0,0.0
11894,2,3770,HOH,O,O,15.99943,-0.848448690103,0.317796456355,0.652143528104
11895,2,3770,HOH,H1,H,1.007947,0.4242243450515,1.0,0.0
11896,2,3770,HOH,H2,H,1.007947,0.4242243450515,1.0,0.0
11897,2,3771,HOH,O,O,15.99943,-0.848448690103,0.317796456355,0.652143528104
11898,2,3771,HOH,H1,H,1.007947,0.4242243450515,1.0,0.0
11899,2,3771,HOH,H2,H,1.007947,0.4242243450515,1.0,0.0
11900,2,3772,HOH,O,O,15.99943,-0.848448690103,0.317796456355,0.652143528104
11901,2,3772,HOH,H1,H,1.007947,0.4242243450515,1.0,0.0
11902,2,3772,HOH,H2,H,1.007947,0.4242243450515,1.0,0.0
11903,2,3773,HOH,O,O,15.99943,-0.848448690103,0.317796456355,0.652143528104
11904,2,3773,HOH,H1,H,1.007947,0.4242243450515,1.0,0.0
11905,2,3773,HOH,H2,H,1.007947,0.4242243450515,1.0,0.0
11906,2,3774,HOH,O,O,15.99943,-0.848448690103,0.317796456355,0.652143528104
11907,2,3774,HOH,H1,H,1.007947,0.4242243450515,1.0,0.0
11908,2,3774,HOH,H2,H,1.007947,0.4242243450515,1.0,0.0
11909,2,3775,HOH,O,O,15.99943,-0.848448690103,0.317796456355,0.652143528104
11910,2,3775,HOH,H1,H,1.007947,0.4242243450515,1.0,0.0
11911,2,3775,HOH,H2,H,1.007947,0.4242243450515,1.0,0.0
11912,2,3776,HOH,O,O,15.99943,-0.848448690103,0.317796456355,0.652143528104
11913,2,3776,HOH,H1,H,1.007947,0.4242243450515,1.0,0.0
11914,2,3776,HOH,H2,H,1.007947,0.4242243450515,1.0,0.0
11915,2,3777,HOH,O,O,15.99943,-0.848448690103,0.317796456355,0.652143528104
11916,2,3777,HOH,H1,H,1.007947,0.4242243450515,1.0,0.0
11917,2,3777,HOH,H2,H,1.007947,0.4242243450515,1.0,0.0
11918,2,3778,HOH,O,O,15.99943,-0.848448690103,0.317796456355,0.652143528104
11919,2,3778,HOH,H1,H,1.007947,0.4242243450515,1.0,0.0
11920,2,3778,HOH,H2,H,1.007947,0.4242243450515,1.0,0.0
11921,2,3779,HOH,O,O,15.99943,-0.848448690103,0.317796456355,0.652143528104
11922,2,3779,HOH,H1,H,1.007947,0.4242243450515,1.0,0.0
11923,2,3779,HOH,H2,H,1.007947,0.4242243450515,1.0,0.0
11924,2,3780,HOH,O,O,15.99943,-0.848448690103,0.317796456355,0.652143528104
11925,2,3780,HOH,H1,H,1.007947,0.4242243450515,1.0,0.0
11926,2,3780,HOH,H2,H,1.007947,0.4242243450515,1.0,0.0
11927,2,3781,HOH,O,O,15.99943,-0.848448690103,0.317796456355,0.652143528104
11928,2,3781,HOH,H1,H,1.007947,0.4242243450515,1.0,0.0
11929,2,3781,HOH,H2,H,1.007947,0.4242243450515,1.0,0.0
11930,2,3782,HOH,O,O,15.99943,-0.848448690103,0.317796456355,0.652143528104
11931,2,3782,HOH,H1,H,1.007947,0.4242243450515,1.0,0.0
11932,2,3782,HOH,H2,H,1.007947,0.4242243450515,1.0,0.0
11933,2,3783,HOH,O,O,15.99943,-0.848448690103,0.317796456355,0.652143528104
11934,2,3783,HOH,H1,H,1.007947,0.4242243450515,1.0,0.0
11935,2,3783,HOH,H2,H,1.007947,0.4242243450515,1.0,0.0
11936,2,3784,HOH,O,O,15.99943,-0.848448690103,0.317796456355,0.652143528104
11937,2,3784,HOH,H1,H,1.007947,0.4242243450515,1.0,0.0
11938,2,3784,HOH,H2,H,1.007947,0.4242243450515,1.0,0.0
11939,2,3785,HOH,O,O,15.99943,-0.848448690103,0.317796456355,0.652143528104
11940,2,3785,HOH,H1,H,1.007947,0.4242243450515,1.0,0.0
11941,2,3785,HOH,H2,H,1.007947,0.4242243450515,1.0,0.0
11942,2,3786,HOH,O,O,15.99943,-0.848448690103,0.317796456355,0.652143528104
11943,2,3786,HOH,H1,H,1.007947,0.4242243450515,1.0,0.0
11944,2,3786,HOH,H2,H,1.007947,0.4242243450515,1.0,0.0
11945,2,3787,HOH,O,O,15.99943,-0.848448690103,0.317796456355,0.652143528104
11946,2,3787,HOH,H1,H,1.007947,0.4242243450515,1.0,0.0
11947,2,3787,HOH,H2,H,1.007947,0.4242243450515,1.0,0.0
11948,2,3788,HOH,O,O,15.99943,-0.848448690103,0.317796456355,0.652143528104
11949,2,3788,HOH,H1,H,1.007947,0.4242243450515,1.0,0.0
11950,2,3788,HOH,H2,H,1.007947,0.4242243450515,1.0,0.0
11951,2,3790,HOH,O,O,15.99943,-0.848448690103,0.317796456355,0.652143528104
11952,2,3790,HOH,H1,H,1.007947,0.4242243450515,1.0,0.0
11953,2,3790,HOH,H2,H,1.007947,0.4242243450515,1.0,0.0
11954,2,3791,HOH,O,O,15.99943,-0.848448690103,0.317796456355,0.652143528104
11955,2,3791,HOH,H1,H,1.007947,0.4242243450515,1.0,0.0
11956,2,3791,HOH,H2,H,1.007947,0.4242243450515,1.0,0.0
11957,2,3792,HOH,O,O,15.99943,-0.848448690103,0.317796456355,0.652143528104
11958,2,3792,HOH,H1,H,1.007947,0.4242243450515,1.0,0.0
11959,2,3792,HOH,H2,H,1.007947,0.4242243450515,1.0,0.0
11960,2,3793,HOH,O,O,15.99943,-0.848448690103,0.317796456355,0.652143528104
11961,2,3793,HOH,H1,H,1.007947,0.4242243450515,1.0,0.0
11962,2,3793,HOH,H2,H,1.007947,0.4242243450515,1.0,0.0
11963,2,3794,HOH,O,O,15.99943,-0.848448690103,0.317796456355,0.652143528104
11964,2,3794,HOH,H1,H,1.007947,0.4242243450515,1.0,0.0
11965,2,3794,HOH,H2,H,1.007947,0.4242243450515,1.0,0.0
11966,2,3795,HOH,O,O,15.99943,-0.848448690103,0.317796456355,0.652143528104
11967,2,3795,HOH,H1,H,1.007947,0.4242243450515,1.0,0.0
11968,2,3795,HOH,H2,H,1.007947,0.4242243450515,1.0,0.0
11969,2,3796,HOH,O,O,15.99943,-0.848448690103,0.317796456355,0.652143528104
11970,2,3796,HOH,H1,H,1.007947,0.4242243450515,1.0,0.0
11971,2,3796,HOH,H2,H,1.007947,0.4242243450515,1.0,0.0
11972,2,3797,HOH,O,O,15.99943,-0.848448690103,0.317796456355,0.652143528104
11973,2,3797,HOH,H1,H,1.007947,0.4242243450515,1.0,0.0
11974,2,3797,HOH,H2,H,1.007947,0.4242243450515,1.0,0.0
11975,2,3798,HOH,O,O,15.99943,-0.848448690103,0.317796456355,0.652143528104
11976,2,3798,HOH,H1,H,1.007947,0.4242243450515,1.0,0.0
11977,2,3798,HOH,H2,H,1.007947,0.4242243450515,1.0,0.0
11978,2,3799,HOH,O,O,15.99943,-0.848448690103,0.317796456355,0.652143528104
11979,2,3799,HOH,H1,H,1.007947,0.4242243450515,1.0,0.0
11980,2,3799,HOH,H2,H,1.007947,0.4242243450515,1.0,0.0
11981,2,3800,HOH,O,O,15.99943,-0.848448690103,0.317796456355,0.652143528104
11982,2,3800,HOH,H1,H,1.007947,0.4242243450515,1.0,0.0
11983,2,3800,HOH,H2,H,1.007947,0.4242243450515,1.0,0.0
11984,2,3801,HOH,O,O,15.99943,-0.848448690103,0.317796456355,0.652143528104
11985,2,3801,HOH,H1,H,1.007947,0.4242243450515,1.0,0.0
11986,2,3801,HOH,H2,H,1.007947,0.4242243450515,1.0,0.0
11987,2,3802,HOH,O,O,15.99943,-0.848448690103,0.317796456355,0.652143528104
11988,2,3802,HOH,H1,H,1.007947,0.4242243450515,1.0,0.0
11989,2,3802,HOH,H2,H,1.007947,0.4242243450515,1.0,0.0
11990,2,3803,HOH,O,O,15.99943,-0.848448690103,0.317796456355,0.652143528104
11991,2,3803,HOH,H1,H,1.007947,0.4242243450515,1.0,0.0
11992,2,3803,HOH,H2,H,1.007947,0.4242243450515,1.0,0.0
11993,2,3804,HOH,O,O,15.99943,-0.848448690103,0.317796456355,0.652143528104
11994,2,3804,HOH,H1,H,1.007947,0.4242243450515,1.0,0.0
11995,2,3804,HOH,H2,H,1.007947,0.4242243450515,1.0,0.0
11996,2,3805,HOH,O,O,15.99943,-0.848448690103,0.317796456355,0.652143528104
11997,2,3805,HOH,H1,H,1.007947,0.4242243450515,1.0,0.0
11998,2,3805,HOH,H2,H,1.007947,0.4242243450515,1.0,0.0
11999,2,3806,HOH,O,O,15.99943,-0.848448690103,0.317796456355,0.652143528104
12000,2,3806,HOH,H1,H,1.007947,0.4242243450515,1.0,0.0
12001,2,3806,HOH,H2,H,1.007947,0.4242243450515,1.0,0.0
12002,2,3807,HOH,O,O,15.99943,-0.848448690103,0.317796456355,0.652143528104
12003,2,3807,HOH,H1,H,1.007947,0.4242243450515,1.0,0.0
12004,2,3807,HOH,H2,H,1.007947,0.4242243450515,1.0,0.0
12005,2,3808,HOH,O,O,15.99943,-0.848448690103,0.317796456355,0.652143528104
12006,2,3808,HOH,H1,H,1.007947,0.4242243450515,1.0,0.0
12007,2,3808,HOH,H2,H,1.007947,0.4242243450515,1.0,0.0
12008,2,3809,HOH,O,O,15.99943,-0.848448690103,0.317796456355,0.652143528104
12009,2,3809,HOH,H1,H,1.007947,0.4242243450515,1.0,0.0
12010,2,3809,HOH,H2,H,1.007947,0.4242243450515,1.0,0.0
12011,2,3810,HOH,O,O,15.99943,-0.848448690103,0.317796456355,0.652143528104
12012,2,3810,HOH,H1,H,1.007947,0.4242243450515,1.0,0.0
12013,2,3810,HOH,H2,H,1.007947,0.4242243450515,1.0,0.0
12014,2,3811,HOH,O,O,15.99943,-0.848448690103,0.317796456355,0.652143528104
12015,2,3811,HOH,H1,H,1.007947,0.4242243450515,1.0,0.0
12016,2,3811,HOH,H2,H,1.007947,0.4242243450515,1.0,0.0
12017,2,3812,HOH,O,O,15.99943,-0.848448690103,0.317796456355,0.652143528104
12018,2,3812,HOH,H1,H,1.007947,0.4242243450515,1.0,0.0
12019,2,3812,HOH,H2,H,1.007947,0.4242243450515,1.0,0.0
12020,2,3813,HOH,O,O,15.99943,-0.848448690103,0.317796456355,0.652143528104
12021,2,3813,HOH,H1,H,1.007947,0.4242243450515,1.0,0.0
12022,2,3813,HOH,H2,H,1.007947,0.4242243450515,1.0,0.0
12023,2,3814,HOH,O,O,15.99943,-0.848448690103,0.317796456355,0.652143528104
12024,2,3814,HOH,H1,H,1.007947,0.4242243450515,1.0,0.0
12025,2,3814,HOH,H2,H,1.007947,0.4242243450515,1.0,0.0
12026,2,3815,HOH,O,O,15.99943,-0.848448690103,0.317796456355,0.652143528104
12027,2,3815,HOH,H1,H,1.007947,0.4242243450515,1.0,0.0
12028,2,3815,HOH,H2,H,1.007947,0.4242243450515,1.0,0.0
12029,2,3816,HOH,O,O,15.99943,-0.848448690103,0.317796456355,0.652143528104
12030,2,3816,HOH,H1,H,1.007947,0.4242243450515,1.0,0.0
12031,2,3816,HOH,H2,H,1.007947,0.4242243450515,1.0,0.0
12032,2,3817,HOH,O,O,15.99943,-0.848448690103,0.317796456355,0.652143528104
12033,2,3817,HOH,H1,H,1.007947,0.4242243450515,1.0,0.0
12034,2,3817,HOH,H2,H,1.007947,0.4242243450515,1.0,0.0
12035,2,3818,HOH,O,O,15.99943,-0.848448690103,0.317796456355,0.652143528104
12036,2,3818,HOH,H1,H,1.007947,0.4242243450515,1.0,0.0
12037,2,3818,HOH,H2,H,1.007947,0.4242243450515,1.0,0.0
12038,2,3819,HOH,O,O,15.99943,-0.848448690103,0.317796456355,0.652143528104
12039,2,3819,HOH,H1,H,1.007947,0.4242243450515,1.0,0.0
12040,2,3819,HOH,H2,H,1.007947,0.4242243450515,1.0,0.0
12041,2,3820,HOH,O,O,15.99943,-0.848448690103,0.317796456355,0.652143528104
12042,2,3820,HOH,H1,H,1.007947,0.4242243450515,1.0,0.0
12043,2,3820,HOH,H2,H,1.007947,0.4242243450515,1.0,0.0
12044,2,3821,HOH,O,O,15.99943,-0.848448690103,0.317796456355,0.652143528104
12045,2,3821,HOH,H1,H,1.007947,0.4242243450515,1.0,0.0
12046,2,3821,HOH,H2,H,1.007947,0.4242243450515,1.0,0.0
12047,2,3822,HOH,O,O,15.99943,-0.848448690103,0.317796456355,0.652143528104
12048,2,3822,HOH,H1,H,1.007947,0.4242243450515,1.0,0.0
12049,2,3822,HOH,H2,H,1.007947,0.4242243450515,1.0,0.0
12050,2,3823,HOH,O,O,15.99943,-0.848448690103,0.317796456355,0.652143528104
12051,2,3823,HOH,H1,H,1.007947,0.4242243450515,1.0,0.0
12052,2,3823,HOH,H2,H,1.007947,0.4242243450515,1.0,0.0
12053,2,3824,HOH,O,O,15.99943,-0.848448690103,0.317796456355,0.652143528104
12054,2,3824,HOH,H1,H,1.007947,0.4242243450515,1.0,0.0
12055,2,3824,HOH,H2,H,1.007947,0.4242243450515,1.0,0.0
12056,2,3825,HOH,O,O,15.99943,-0.848448690103,0.317796456355,0.652143528104
12057,2,3825,HOH,H1,H,1.007947,0.4242243450515,1.0,0.0
12058,2,3825,HOH,H2,H,1.007947,0.4242243450515,1.0,0.0
12059,2,3826,HOH,O,O,15.99943,-0.848448690103,0.317796456355,0.652143528104
12060,2,3826,HOH,H1,H,1.007947,0.4242243450515,1.0,0.0
12061,2,3826,HOH,H2,H,1.007947,0.4242243450515,1.0,0.0
12062,2,3827,HOH,O,O,15.99943,-0.848448690103,0.317796456355,0.652143528104
12063,2,3827,HOH,H1,H,1.007947,0.4242243450515,1.0,0.0
12064,2,3827,HOH,H2,H,1.007947,0.4242243450515,1.0,0.0
12065,2,3828,HOH,O,O,15.99943,-0.848448690103,0.317796456355,0.652143528104
12066,2,3828,HOH,H1,H,1.007947,0.4242243450515,1.0,0.0
12067,2,3828,HOH,H2,H,1.007947,0.4242243450515,1.0,0.0
12068,2,3829,HOH,O,O,15.99943,-0.848448690103,0.317796456355,0.652143528104
12069,2,3829,HOH,H1,H,1.007947,0.4242243450515,1.0,0.0
12070,2,3829,HOH,H2,H,1.007947,0.4242243450515,1.0,0.0
12071,2,3830,HOH,O,O,15.99943,-0.848448690103,0.317796456355,0.652143528104
12072,2,3830,HOH,H1,H,1.007947,0.4242243450515,1.0,0.0
12073,2,3830,HOH,H2,H,1.007947,0.4242243450515,1.0,0.0
12074,2,3831,HOH,O,O,15.99943,-0.848448690103,0.317796456355,0.652143528104
12075,2,3831,HOH,H1,H,1.007947,0.4242243450515,1.0,0.0
12076,2,3831,HOH,H2,H,1.007947,0.4242243450515,1.0,0.0
12077,2,3832,HOH,O,O,15.99943,-0.848448690103,0.317796456355,0.652143528104
12078,2,3832,HOH,H1,H,1.007947,0.4242243450515,1.0,0.0
12079,2,3832,HOH,H2,H,1.007947,0.4242243450515,1.0,0.0
12080,2,3833,HOH,O,O,15.99943,-0.848448690103,0.317796456355,0.652143528104
12081,2,3833,HOH,H1,H,1.007947,0.4242243450515,1.0,0.0
12082,2,3833,HOH,H2,H,1.007947,0.4242243450515,1.0,0.0
12083,2,3834,HOH,O,O,15.99943,-0.848448690103,0.317796456355,0.652143528104
12084,2,3834,HOH,H1,H,1.007947,0.4242243450515,1.0,0.0
12085,2,3834,HOH,H2,H,1.007947,0.4242243450515,1.0,0.0
12086,2,3835,HOH,O,O,15.99943,-0.848448690103,0.317796456355,0.652143528104
12087,2,3835,HOH,H1,H,1.007947,0.4242243450515,1.0,0.0
12088,2,3835,HOH,H2,H,1.007947,0.4242243450515,1.0,0.0
12089,2,3836,HOH,O,O,15.99943,-0.848448690103,0.317796456355,0.652143528104
12090,2,3836,HOH,H1,H,1.007947,0.4242243450515,1.0,0.0
12091,2,3836,HOH,H2,H,1.007947,0.4242243450515,1.0,0.0
12092,2,3837,HOH,O,O,15.99943,-0.848448690103,0.317796456355,0.652143528104
12093,2,3837,HOH,H1,H,1.007947,0.4242243450515,1.0,0.0
12094,2,3837,HOH,H2,H,1.007947,0.4242243450515,1.0,0.0
12095,2,3838,HOH,O,O,15.99943,-0.848448690103,0.317796456355,0.652143528104
12096,2,3838,HOH,H1,H,1.007947,0.4242243450515,1.0,0.0
12097,2,3838,HOH,H2,H,1.007947,0.4242243450515,1.0,0.0
12098,2,3839,HOH,O,O,15.99943,-0.848448690103,0.317796456355,0.652143528104
12099,2,3839,HOH,H1,H,1.007947,0.4242243450515,1.0,0.0
12100,2,3839,HOH,H2,H,1.007947,0.4242243450515,1.0,0.0
12101,2,3840,HOH,O,O,15.99943,-0.848448690103,0.317796456355,0.652143528104
12102,2,3840,HOH,H1,H,1.007947,0.4242243450515,1.0,0.0
12103,2,3840,HOH,H2,H,1.007947,0.4242243450515,1.0,0.0
12104,2,3841,HOH,O,O,15.99943,-0.848448690103,0.317796456355,0.652143528104
12105,2,3841,HOH,H1,H,1.007947,0.4242243450515,1.0,0.0
12106,2,3841,HOH,H2,H,1.007947,0.4242243450515,1.0,0.0
12107,2,3842,HOH,O,O,15.99943,-0.848448690103,0.317796456355,0.652143528104
12108,2,3842,HOH,H1,H,1.007947,0.4242243450515,1.0,0.0
12109,2,3842,HOH,H2,H,1.007947,0.4242243450515,1.0,0.0
12110,2,3843,HOH,O,O,15.99943,-0.848448690103,0.317796456355,0.652143528104
12111,2,3843,HOH,H1,H,1.007947,0.4242243450515,1.0,0.0
12112,2,3843,HOH,H2,H,1.007947,0.4242243450515,1.0,0.0
12113,2,3844,HOH,O,O,15.99943,-0.848448690103,0.317796456355,0.652143528104
12114,2,3844,HOH,H1,H,1.007947,0.4242243450515,1.0,0.0
12115,2,3844,HOH,H2,H,1.007947,0.4242243450515,1.0,0.0
12116,2,3845,HOH,O,O,15.99943,-0.848448690103,0.317796456355,0.652143528104
12117,2,3845,HOH,H1,H,1.007947,0.4242243450515,1.0,0.0
12118,2,3845,HOH,H2,H,1.007947,0.4242243450515,1.0,0.0
12119,2,3846,HOH,O,O,15.99943,-0.848448690103,0.317796456355,0.652143528104
12120,2,3846,HOH,H1,H,1.007947,0.4242243450515,1.0,0.0
12121,2,3846,HOH,H2,H,1.007947,0.4242243450515,1.0,0.0
12122,2,3847,HOH,O,O,15.99943,-0.848448690103,0.317796456355,0.652143528104
12123,2,3847,HOH,H1,H,1.007947,0.4242243450515,1.0,0.0
12124,2,3847,HOH,H2,H,1.007947,0.4242243450515,1.0,0.0
12125,2,3848,HOH,O,O,15.99943,-0.848448690103,0.317796456355,0.652143528104
12126,2,3848,HOH,H1,H,1.007947,0.4242243450515,1.0,0.0
12127,2,3848,HOH,H2,H,1.007947,0.4242243450515,1.0,0.0
12128,2,3849,HOH,O,O,15.99943,-0.848448690103,0.317796456355,0.652143528104
12129,2,3849,HOH,H1,H,1.007947,0.4242243450515,1.0,0.0
12130,2,3849,HOH,H2,H,1.007947,0.4242243450515,1.0,0.0
12131,2,3850,HOH,O,O,15.99943,-0.848448690103,0.317796456355,0.652143528104
12132,2,3850,HOH,H1,H,1.007947,0.4242243450515,1.0,0.0
12133,2,3850,HOH,H2,H,1.007947,0.4242243450515,1.0,0.0
12134,2,3851,HOH,O,O,15.99943,-0.848448690103,0.317796456355,0.652143528104
12135,2,3851,HOH,H1,H,1.007947,0.4242243450515,1.0,0.0
12136,2,3851,HOH,H2,H,1.007947,0.4242243450515,1.0,0.0
12137,2,3852,HOH,O,O,15.99943,-0.848448690103,0.317796456355,0.652143528104
12138,2,3852,HOH,H1,H,1.007947,0.4242243450515,1.0,0.0
12139,2,3852,HOH,H2,H,1.007947,0.4242243450515,1.0,0.0
12140,2,3853,HOH,O,O,15.99943,-0.848448690103,0.317796456355,0.652143528104
12141,2,3853,HOH,H1,H,1.007947,0.4242243450515,1.0,0.0
12142,2,3853,HOH,H2,H,1.007947,0.4242243450515,1.0,0.0
12143,2,3854,HOH,O,O,15.99943,-0.848448690103,0.317796456355,0.652143528104
12144,2,3854,HOH,H1,H,1.007947,0.4242243450515,1.0,0.0
12145,2,3854,HOH,H2,H,1.007947,0.4242243450515,1.0,0.0
12146,2,3855,HOH,O,O,15.99943,-0.848448690103,0.317796456355,0.652143528104
12147,2,3855,HOH,H1,H,1.007947,0.4242243450515,1.0,0.0
12148,2,3855,HOH,H2,H,1.007947,0.4242243450515,1.0,0.0
12149,2,3856,HOH,O,O,15.99943,-0.848448690103,0.317796456355,0.652143528104
12150,2,3856,HOH,H1,H,1.007947,0.4242243450515,1.0,0.0
12151,2,3856,HOH,H2,H,1.007947,0.4242243450515,1.0,0.0
12152,2,3857,HOH,O,O,15.99943,-0.848448690103,0.317796456355,0.652143528104
12153,2,3857,HOH,H1,H,1.007947,0.4242243450515,1.0,0.0
12154,2,3857,HOH,H2,H,1.007947,0.4242243450515,1.0,0.0
12155,2,3858,HOH,O,O,15.99943,-0.848448690103,0.317796456355,0.652143528104
12156,2,3858,HOH,H1,H,1.007947,0.4242243450515,1.0,0.0
12157,2,3858,HOH,H2,H,1.007947,0.4242243450515,1.0,0.0
12158,2,3859,HOH,O,O,15.99943,-0.848448690103,0.317796456355,0.652143528104
12159,2,3859,HOH,H1,H,1.007947,0.4242243450515,1.0,0.0
12160,2,3859,HOH,H2,H,1.007947,0.4242243450515,1.0,0.0
12161,2,3860,HOH,O,O,15.99943,-0.848448690103,0.317796456355,0.652143528104
12162,2,3860,HOH,H1,H,1.007947,0.4242243450515,1.0,0.0
12163,2,3860,HOH,H2,H,1.007947,0.4242243450515,1.0,0.0
12164,2,3861,HOH,O,O,15.99943,-0.848448690103,0.317796456355,0.652143528104
12165,2,3861,HOH,H1,H,1.007947,0.4242243450515,1.0,0.0
12166,2,3861,HOH,H2,H,1.007947,0.4242243450515,1.0,0.0
12167,2,3862,HOH,O,O,15.99943,-0.848448690103,0.317796456355,0.652143528104
12168,2,3862,HOH,H1,H,1.007947,0.4242243450515,1.0,0.0
12169,2,3862,HOH,H2,H,1.007947,0.4242243450515,1.0,0.0
12170,2,3863,HOH,O,O,15.99943,-0.848448690103,0.317796456355,0.652143528104
12171,2,3863,HOH,H1,H,1.007947,0.4242243450515,1.0,0.0
12172,2,3863,HOH,H2,H,1.007947,0.4242243450515,1.0,0.0
12173,2,3864,HOH,O,O,15.99943,-0.848448690103,0.317796456355,0.652143528104
12174,2,3864,HOH,H1,H,1.007947,0.4242243450515,1.0,0.0
12175,2,3864,HOH,H2,H,1.007947,0.4242243450515,1.0,0.0
12176,2,3865,HOH,O,O,15.99943,-0.848448690103,0.317796456355,0.652143528104
12177,2,3865,HOH,H1,H,1.007947,0.4242243450515,1.0,0.0
12178,2,3865,HOH,H2,H,1.007947,0.4242243450515,1.0,0.0
12179,2,3866,HOH,O,O,15.99943,-0.848448690103,0.317796456355,0.652143528104
12180,2,3866,HOH,H1,H,1.007947,0.4242243450515,1.0,0.0
12181,2,3866,HOH,H2,H,1.007947,0.4242243450515,1.0,0.0
12182,2,3867,HOH,O,O,15.99943,-0.848448690103,0.317796456355,0.652143528104
12183,2,3867,HOH,H1,H,1.007947,0.4242243450515,1.0,0.0
12184,2,3867,HOH,H2,H,1.007947,0.4242243450515,1.0,0.0
12185,2,3868,HOH,O,O,15.99943,-0.848448690103,0.317796456355,0.652143528104
12186,2,3868,HOH,H1,H,1.007947,0.4242243450515,1.0,0.0
12187,2,3868,HOH,H2,H,1.007947,0.4242243450515,1.0,0.0
12188,2,3869,HOH,O,O,15.99943,-0.848448690103,0.317796456355,0.652143528104
12189,2,3869,HOH,H1,H,1.007947,0.4242243450515,1.0,0.0
12190,2,3869,HOH,H2,H,1.007947,0.4242243450515,1.0,0.0
12191,2,3870,HOH,O,O,15.99943,-0.848448690103,0.317796456355,0.652143528104
12192,2,3870,HOH,H1,H,1.007947,0.4242243450515,1.0,0.0
12193,2,3870,HOH,H2,H,1.007947,0.4242243450515,1.0,0.0
12194,2,3871,HOH,O,O,15.99943,-0.848448690103,0.317796456355,0.652143528104
12195,2,3871,HOH,H1,H,1.007947,0.4242243450515,1.0,0.0
12196,2,3871,HOH,H2,H,1.007947,0.4242243450515,1.0,0.0
12197,2,3872,HOH,O,O,15.99943,-0.848448690103,0.317796456355,0.652143528104
12198,2,3872,HOH,H1,H,1.007947,0.4242243450515,1.0,0.0
12199,2,3872,HOH,H2,H,1.007947,0.4242243450515,1.0,0.0
12200,2,3873,HOH,O,O,15.99943,-0.848448690103,0.317796456355,0.652143528104
12201,2,3873,HOH,H1,H,1.007947,0.4242243450515,1.0,0.0
12202,2,3873,HOH,H2,H,1.007947,0.4242243450515,1.0,0.0
12203,2,3874,HOH,O,O,15.99943,-0.848448690103,0.317796456355,0.652143528104
12204,2,3874,HOH,H1,H,1.007947,0.4242243450515,1.0,0.0
12205,2,3874,HOH,H2,H,1.007947,0.4242243450515,1.0,0.0
12206,2,3875,HOH,O,O,15.99943,-0.848448690103,0.317796456355,0.652143528104
12207,2,3875,HOH,H1,H,1.007947,0.4242243450515,1.0,0.0
12208,2,3875,HOH,H2,H,1.007947,0.4242243450515,1.0,0.0
12209,2,3876,HOH,O,O,15.99943,-0.848448690103,0.317796456355,0.652143528104
12210,2,3876,HOH,H1,H,1.007947,0.4242243450515,1.0,0.0
12211,2,3876,HOH,H2,H,1.007947,0.4242243450515,1.0,0.0
12212,2,3877,HOH,O,O,15.99943,-0.848448690103,0.317796456355,0.652143528104
12213,2,3877,HOH,H1,H,1.007947,0.4242243450515,1.0,0.0
12214,2,3877,HOH,H2,H,1.007947,0.4242243450515,1.0,0.0
12215,2,3878,HOH,O,O,15.99943,-0.848448690103,0.317796456355,0.652143528104
12216,2,3878,HOH,H1,H,1.007947,0.4242243450515,1.0,0.0
12217,2,3878,HOH,H2,H,1.007947,0.4242243450515,1.0,0.0
12218,2,3879,HOH,O,O,15.99943,-0.848448690103,0.317796456355,0.652143528104
12219,2,3879,HOH,H1,H,1.007947,0.4242243450515,1.0,0.0
12220,2,3879,HOH,H2,H,1.007947,0.4242243450515,1.0,0.0
12221,2,3880,HOH,O,O,15.99943,-0.848448690103,0.317796456355,0.652143528104
12222,2,3880,HOH,H1,H,1.007947,0.4242243450515,1.0,0.0
12223,2,3880,HOH,H2,H,1.007947,0.4242243450515,1.0,0.0
12224,2,3881,HOH,O,O,15.99943,-0.848448690103,0.317796456355,0.652143528104
12225,2,3881,HOH,H1,H,1.007947,0.4242243450515,1.0,0.0
12226,2,3881,HOH,H2,H,1.007947,0.4242243450515,1.0,0.0
12227,2,3882,HOH,O,O,15.99943,-0.848448690103,0.317796456355,0.652143528104
12228,2,3882,HOH,H1,H,1.007947,0.4242243450515,1.0,0.0
12229,2,3882,HOH,H2,H,1.007947,0.4242243450515,1.0,0.0
12230,2,3883,HOH,O,O,15.99943,-0.848448690103,0.317796456355,0.652143528104
12231,2,3883,HOH,H1,H,1.007947,0.4242243450515,1.0,0.0
12232,2,3883,HOH,H2,H,1.007947,0.4242243450515,1.0,0.0
12233,2,3884,HOH,O,O,15.99943,-0.848448690103,0.317796456355,0.652143528104
12234,2,3884,HOH,H1,H,1.007947,0.4242243450515,1.0,0.0
12235,2,3884,HOH,H2,H,1.007947,0.4242243450515,1.0,0.0
12236,2,3885,HOH,O,O,15.99943,-0.848448690103,0.317796456355,0.652143528104
12237,2,3885,HOH,H1,H,1.007947,0.4242243450515,1.0,0.0
12238,2,3885,HOH,H2,H,1.007947,0.4242243450515,1.0,0.0
12239,2,3886,HOH,O,O,15.99943,-0.848448690103,0.317796456355,0.652143528104
12240,2,3886,HOH,H1,H,1.007947,0.4242243450515,1.0,0.0
12241,2,3886,HOH,H2,H,1.007947,0.4242243450515,1.0,0.0
12242,2,3887,HOH,O,O,15.99943,-0.848448690103,0.317796456355,0.652143528104
12243,2,3887,HOH,H1,H,1.007947,0.4242243450515,1.0,0.0
12244,2,3887,HOH,H2,H,1.007947,0.4242243450515,1.0,0.0
12245,2,3888,HOH,O,O,15.99943,-0.848448690103,0.317796456355,0.652143528104
12246,2,3888,HOH,H1,H,1.007947,0.4242243450515,1.0,0.0
12247,2,3888,HOH,H2,H,1.007947,0.4242243450515,1.0,0.0
12248,2,3889,HOH,O,O,15.99943,-0.848448690103,0.317796456355,0.652143528104
12249,2,3889,HOH,H1,H,1.007947,0.4242243450515,1.0,0.0
12250,2,3889,HOH,H2,H,1.007947,0.4242243450515,1.0,0.0
12251,2,3890,HOH,O,O,15.99943,-0.848448690103,0.317796456355,0.652143528104
12252,2,3890,HOH,H1,H,1.007947,0.4242243450515,1.0,0.0
12253,2,3890,HOH,H2,H,1.007947,0.4242243450515,1.0,0.0
12254,2,3891,HOH,O,O,15.99943,-0.848448690103,0.317796456355,0.652143528104
12255,2,3891,HOH,H1,H,1.007947,0.4242243450515,1.0,0.0
12256,2,3891,HOH,H2,H,1.007947,0.4242243450515,1.0,0.0
12257,2,3892,HOH,O,O,15.99943,-0.848448690103,0.317796456355,0.652143528104
12258,2,3892,HOH,H1,H,1.007947,0.4242243450515,1.0,0.0
12259,2,3892,HOH,H2,H,1.007947,0.4242243450515,1.0,0.0
12260,2,3893,HOH,O,O,15.99943,-0.848448690103,0.317796456355,0.652143528104
12261,2,3893,HOH,H1,H,1.007947,0.4242243450515,1.0,0.0
12262,2,3893,HOH,H2,H,1.007947,0.4242243450515,1.0,0.0
12263,2,3894,HOH,O,O,15.99943,-0.848448690103,0.317796456355,0.652143528104
12264,2,3894,HOH,H1,H,1.007947,0.4242243450515,1.0,0.0
12265,2,3894,HOH,H2,H,1.007947,0.4242243450515,1.0,0.0
12266,2,3895,HOH,O,O,15.99943,-0.848448690103,0.317796456355,0.652143528104
12267,2,3895,HOH,H1,H,1.007947,0.4242243450515,1.0,0.0
12268,2,3895,HOH,H2,H,1.007947,0.4242243450515,1.0,0.0
12269,2,3896,HOH,O,O,15.99943,-0.848448690103,0.317796456355,0.652143528104
12270,2,3896,HOH,H1,H,1.007947,0.4242243450515,1.0,0.0
12271,2,3896,HOH,H2,H,1.007947,0.4242243450515,1.0,0.0
12272,2,3897,HOH,O,O,15.99943,-0.848448690103,0.317796456355,0.652143528104
12273,2,3897,HOH,H1,H,1.007947,0.4242243450515,1.0,0.0
12274,2,3897,HOH,H2,H,1.007947,0.4242243450515,1.0,0.0
12275,2,3898,HOH,O,O,15.99943,-0.848448690103,0.317796456355,0.652143528104
12276,2,3898,HOH,H1,H,1.007947,0.4242243450515,1.0,0.0
12277,2,3898,HOH,H2,H,1.007947,0.4242243450515,1.0,0.0
12278,2,3899,HOH,O,O,15.99943,-0.848448690103,0.317796456355,0.652143528104
12279,2,3899,HOH,H1,H,1.007947,0.4242243450515,1.0,0.0
12280,2,3899,HOH,H2,H,1.007947,0.4242243450515,1.0,0.0
12281,2,3900,HOH,O,O,15.99943,-0.848448690103,0.317796456355,0.652143528104
12282,2,3900,HOH,H1,H,1.007947,0.4242243450515,1.0,0.0
12283,2,3900,HOH,H2,H,1.007947,0.4242243450515,1.0,0.0
12284,2,3901,HOH,O,O,15.99943,-0.848448690103,0.317796456355,0.652143528104
12285,2,3901,HOH,H1,H,1.007947,0.4242243450515,1.0,0.0
12286,2,3901,HOH,H2,H,1.007947,0.4242243450515,1.0,0.0
12287,2,3902,HOH,O,O,15.99943,-0.848448690103,0.317796456355,0.652143528104
12288,2,3902,HOH,H1,H,1.007947,0.4242243450515,1.0,0.0
12289,2,3902,HOH,H2,H,1.007947,0.4242243450515,1.0,0.0
12290,2,3903,HOH,O,O,15.99943,-0.848448690103,0.317796456355,0.652143528104
12291,2,3903,HOH,H1,H,1.007947,0.4242243450515,1.0,0.0
12292,2,3903,HOH,H2,H,1.007947,0.4242243450515,1.0,0.0
12293,2,3904,HOH,O,O,15.99943,-0.848448690103,0.317796456355,0.652143528104
12294,2,3904,HOH,H1,H,1.007947,0.4242243450515,1.0,0.0
12295,2,3904,HOH,H2,H,1.007947,0.4242243450515,1.0,0.0
12296,2,3905,HOH,O,O,15.99943,-0.848448690103,0.317796456355,0.652143528104
12297,2,3905,HOH,H1,H,1.007947,0.4242243450515,1.0,0.0
12298,2,3905,HOH,H2,H,1.007947,0.4242243450515,1.0,0.0
12299,2,3906,HOH,O,O,15.99943,-0.848448690103,0.317796456355,0.652143528104
12300,2,3906,HOH,H1,H,1.007947,0.4242243450515,1.0,0.0
12301,2,3906,HOH,H2,H,1.007947,0.4242243450515,1.0,0.0
12302,2,3907,HOH,O,O,15.99943,-0.848448690103,0.317796456355,0.652143528104
12303,2,3907,HOH,H1,H,1.007947,0.4242243450515,1.0,0.0
12304,2,3907,HOH,H2,H,1.007947,0.4242243450515,1.0,0.0
12305,2,3908,HOH,O,O,15.99943,-0.848448690103,0.317796456355,0.652143528104
12306,2,3908,HOH,H1,H,1.007947,0.4242243450515,1.0,0.0
12307,2,3908,HOH,H2,H,1.007947,0.4242243450515,1.0,0.0
12308,2,3909,HOH,O,O,15.99943,-0.848448690103,0.317796456355,0.652143528104
12309,2,3909,HOH,H1,H,1.007947,0.4242243450515,1.0,0.0
12310,2,3909,HOH,H2,H,1.007947,0.4242243450515,1.0,0.0
12311,2,3910,HOH,O,O,15.99943,-0.848448690103,0.317796456355,0.652143528104
12312,2,3910,HOH,H1,H,1.007947,0.4242243450515,1.0,0.0
12313,2,3910,HOH,H2,H,1.007947,0.4242243450515,1.0,0.0
12314,2,3911,HOH,O,O,15.99943,-0.848448690103,0.317796456355,0.652143528104
12315,2,3911,HOH,H1,H,1.007947,0.4242243450515,1.0,0.0
12316,2,3911,HOH,H2,H,1.007947,0.4242243450515,1.0,0.0
12317,2,3912,HOH,O,O,15.99943,-0.848448690103,0.317796456355,0.652143528104
12318,2,3912,HOH,H1,H,1.007947,0.4242243450515,1.0,0.0
12319,2,3912,HOH,H2,H,1.007947,0.4242243450515,1.0,0.0
12320,2,3913,HOH,O,O,15.99943,-0.848448690103,0.317796456355,0.652143528104
12321,2,3913,HOH,H1,H,1.007947,0.4242243450515,1.0,0.0
12322,2,3913,HOH,H2,H,1.007947,0.4242243450515,1.0,0.0
12323,2,3914,HOH,O,O,15.99943,-0.848448690103,0.317796456355,0.652143528104
12324,2,3914,HOH,H1,H,1.007947,0.4242243450515,1.0,0.0
12325,2,3914,HOH,H2,H,1.007947,0.4242243450515,1.0,0.0
12326,2,3915,HOH,O,O,15.99943,-0.848448690103,0.317796456355,0.652143528104
12327,2,3915,HOH,H1,H,1.007947,0.4242243450515,1.0,0.0
12328,2,3915,HOH,H2,H,1.007947,0.4242243450515,1.0,0.0
12329,2,3916,HOH,O,O,15.99943,-0.848448690103,0.317796456355,0.652143528104
12330,2,3916,HOH,H1,H,1.007947,0.4242243450515,1.0,0.0
12331,2,3916,HOH,H2,H,1.007947,0.4242243450515,1.0,0.0
12332,2,3917,HOH,O,O,15.99943,-0.848448690103,0.317796456355,0.652143528104
12333,2,3917,HOH,H1,H,1.007947,0.4242243450515,1.0,0.0
12334,2,3917,HOH,H2,H,1.007947,0.4242243450515,1.0,0.0
12335,2,3918,HOH,O,O,15.99943,-0.848448690103,0.317796456355,0.652143528104
12336,2,3918,HOH,H1,H,1.007947,0.4242243450515,1.0,0.0
12337,2,3918,HOH,H2,H,1.007947,0.4242243450515,1.0,0.0
12338,2,3919,HOH,O,O,15.99943,-0.848448690103,0.317796456355,0.652143528104
12339,2,3919,HOH,H1,H,1.007947,0.4242243450515,1.0,0.0
12340,2,3919,HOH,H2,H,1.007947,0.4242243450515,1.0,0.0
12341,2,3920,HOH,O,O,15.99943,-0.848448690103,0.317796456355,0.652143528104
12342,2,3920,HOH,H1,H,1.007947,0.4242243450515,1.0,0.0
12343,2,3920,HOH,H2,H,1.007947,0.4242243450515,1.0,0.0
12344,2,3921,HOH,O,O,15.99943,-0.848448690103,0.317796456355,0.652143528104
12345,2,3921,HOH,H1,H,1.007947,0.4242243450515,1.0,0.0
12346,2,3921,HOH,H2,H,1.007947,0.4242243450515,1.0,0.0
12347,2,3922,HOH,O,O,15.99943,-0.848448690103,0.317796456355,0.652143528104
12348,2,3922,HOH,H1,H,1.007947,0.4242243450515,1.0,0.0
12349,2,3922,HOH,H2,H,1.007947,0.4242243450515,1.0,0.0
12350,2,3923,HOH,O,O,15.99943,-0.848448690103,0.317796456355,0.652143528104
12351,2,3923,HOH,H1,H,1.007947,0.4242243450515,1.0,0.0
12352,2,3923,HOH,H2,H,1.007947,0.4242243450515,1.0,0.0
12353,2,3924,HOH,O,O,15.99943,-0.848448690103,0.317796456355,0.652143528104
12354,2,3924,HOH,H1,H,1.007947,0.4242243450515,1.0,0.0
12355,2,3924,HOH,H2,H,1.007947,0.4242243450515,1.0,0.0
12356,2,3925,HOH,O,O,15.99943,-0.848448690103,0.317796456355,0.652143528104
12357,2,3925,HOH,H1,H,1.007947,0.4242243450515,1.0,0.0
12358,2,3925,HOH,H2,H,1.007947,0.4242243450515,1.0,0.0
12359,2,3926,HOH,O,O,15.99943,-0.848448690103,0.317796456355,0.652143528104
12360,2,3926,HOH,H1,H,1.007947,0.4242243450515,1.0,0.0
12361,2,3926,HOH,H2,H,1.007947,0.4242243450515,1.0,0.0
12362,2,3927,HOH,O,O,15.99943,-0.848448690103,0.317796456355,0.652143528104
12363,2,3927,HOH,H1,H,1.007947,0.4242243450515,1.0,0.0
12364,2,3927,HOH,H2,H,1.007947,0.4242243450515,1.0,0.0
12365,2,3928,HOH,O,O,15.99943,-0.848448690103,0.317796456355,0.652143528104
12366,2,3928,HOH,H1,H,1.007947,0.4242243450515,1.0,0.0
12367,2,3928,HOH,H2,H,1.007947,0.4242243450515,1.0,0.0
12368,2,3929,HOH,O,O,15.99943,-0.848448690103,0.317796456355,0.652143528104
12369,2,3929,HOH,H1,H,1.007947,0.4242243450515,1.0,0.0
12370,2,3929,HOH,H2,H,1.007947,0.4242243450515,1.0,0.0
12371,2,3930,HOH,O,O,15.99943,-0.848448690103,0.317796456355,0.652143528104
12372,2,3930,HOH,H1,H,1.007947,0.4242243450515,1.0,0.0
12373,2,3930,HOH,H2,H,1.007947,0.4242243450515,1.0,0.0
12374,2,3931,HOH,O,O,15.99943,-0.848448690103,0.317796456355,0.652143528104
12375,2,3931,HOH,H1,H,1.007947,0.4242243450515,1.0,0.0
12376,2,3931,HOH,H2,H,1.007947,0.4242243450515,1.0,0.0
12377,2,3932,HOH,O,O,15.99943,-0.848448690103,0.317796456355,0.652143528104
12378,2,3932,HOH,H1,H,1.007947,0.4242243450515,1.0,0.0
12379,2,3932,HOH,H2,H,1.007947,0.4242243450515,1.0,0.0
12380,2,3933,HOH,O,O,15.99943,-0.848448690103,0.317796456355,0.652143528104
12381,2,3933,HOH,H1,H,1.007947,0.4242243450515,1.0,0.0
12382,2,3933,HOH,H2,H,1.007947,0.4242243450515,1.0,0.0
12383,2,3934,HOH,O,O,15.99943,-0.848448690103,0.317796456355,0.652143528104
12384,2,3934,HOH,H1,H,1.007947,0.4242243450515,1.0,0.0
12385,2,3934,HOH,H2,H,1.007947,0.4242243450515,1.0,0.0
12386,2,3935,HOH,O,O,15.99943,-0.848448690103,0.317796456355,0.652143528104
12387,2,3935,HOH,H1,H,1.007947,0.4242243450515,1.0,0.0
12388,2,3935,HOH,H2,H,1.007947,0.4242243450515,1.0,0.0
12389,2,3936,HOH,O,O,15.99943,-0.848448690103,0.317796456355,0.652143528104
12390,2,3936,HOH,H1,H,1.007947,0.4242243450515,1.0,0.0
12391,2,3936,HOH,H2,H,1.007947,0.4242243450515,1.0,0.0
12392,2,3937,HOH,O,O,15.99943,-0.848448690103,0.317796456355,0.652143528104
12393,2,3937,HOH,H1,H,1.007947,0.4242243450515,1.0,0.0
12394,2,3937,HOH,H2,H,1.007947,0.4242243450515,1.0,0.0
12395,2,3938,HOH,O,O,15.99943,-0.848448690103,0.317796456355,0.652143528104
12396,2,3938,HOH,H1,H,1.007947,0.4242243450515,1.0,0.0
12397,2,3938,HOH,H2,H,1.007947,0.4242243450515,1.0,0.0
12398,2,3939,HOH,O,O,15.99943,-0.848448690103,0.317796456355,0.652143528104
12399,2,3939,HOH,H1,H,1.007947,0.4242243450515,1.0,0.0
12400,2,3939,HOH,H2,H,1.007947,0.4242243450515,1.0,0.0
12401,2,3940,HOH,O,O,15.99943,-0.848448690103,0.317796456355,0.652143528104
12402,2,3940,HOH,H1,H,1.007947,0.4242243450515,1.0,0.0
12403,2,3940,HOH,H2,H,1.007947,0.4242243450515,1.0,0.0
12404,2,3941,HOH,O,O,15.99943,-0.848448690103,0.317796456355,0.652143528104
12405,2,3941,HOH,H1,H,1.007947,0.4242243450515,1.0,0.0
12406,2,3941,HOH,H2,H,1.007947,0.4242243450515,1.0,0.0
12407,2,3942,HOH,O,O,15.99943,-0.848448690103,0.317796456355,0.652143528104
12408,2,3942,HOH,H1,H,1.007947,0.4242243450515,1.0,0.0
12409,2,3942,HOH,H2,H,1.007947,0.4242243450515,1.0,0.0
12410,2,3943,HOH,O,O,15.99943,-0.848448690103,0.317796456355,0.652143528104
12411,2,3943,HOH,H1,H,1.007947,0.4242243450515,1.0,0.0
12412,2,3943,HOH,H2,H,1.007947,0.4242243450515,1.0,0.0
12413,2,3944,HOH,O,O,15.99943,-0.848448690103,0.317796456355,0.652143528104
12414,2,3944,HOH,H1,H,1.007947,0.4242243450515,1.0,0.0
12415,2,3944,HOH,H2,H,1.007947,0.4242243450515,1.0,0.0
12416,2,3945,HOH,O,O,15.99943,-0.848448690103,0.317796456355,0.652143528104
12417,2,3945,HOH,H1,H,1.007947,0.4242243450515,1.0,0.0
12418,2,3945,HOH,H2,H,1.007947,0.4242243450515,1.0,0.0
12419,2,3946,HOH,O,O,15.99943,-0.848448690103,0.317796456355,0.652143528104
12420,2,3946,HOH,H1,H,1.007947,0.4242243450515,1.0,0.0
12421,2,3946,HOH,H2,H,1.007947,0.4242243450515,1.0,0.0
12422,2,3947,HOH,O,O,15.99943,-0.848448690103,0.317796456355,0.652143528104
12423,2,3947,HOH,H1,H,1.007947,0.4242243450515,1.0,0.0
12424,2,3947,HOH,H2,H,1.007947,0.4242243450515,1.0,0.0
12425,2,3948,HOH,O,O,15.99943,-0.848448690103,0.317796456355,0.652143528104
12426,2,3948,HOH,H1,H,1.007947,0.4242243450515,1.0,0.0
12427,2,3948,HOH,H2,H,1.007947,0.4242243450515,1.0,0.0
12428,2,3949,HOH,O,O,15.99943,-0.848448690103,0.317796456355,0.652143528104
12429,2,3949,HOH,H1,H,1.007947,0.4242243450515,1.0,0.0
12430,2,3949,HOH,H2,H,1.007947,0.4242243450515,1.0,0.0
12431,2,3950,HOH,O,O,15.99943,-0.848448690103,0.317796456355,0.652143528104
12432,2,3950,HOH,H1,H,1.007947,0.4242243450515,1.0,0.0
12433,2,3950,HOH,H2,H,1.007947,0.4242243450515,1.0,0.0
12434,2,3951,HOH,O,O,15.99943,-0.848448690103,0.317796456355,0.652143528104
12435,2,3951,HOH,H1,H,1.007947,0.4242243450515,1.0,0.0
12436,2,3951,HOH,H2,H,1.007947,0.4242243450515,1.0,0.0
12437,2,3952,HOH,O,O,15.99943,-0.848448690103,0.317796456355,0.652143528104
12438,2,3952,HOH,H1,H,1.007947,0.4242243450515,1.0,0.0
12439,2,3952,HOH,H2,H,1.007947,0.4242243450515,1.0,0.0
12440,2,3953,HOH,O,O,15.99943,-0.848448690103,0.317796456355,0.652143528104
12441,2,3953,HOH,H1,H,1.007947,0.4242243450515,1.0,0.0
12442,2,3953,HOH,H2,H,1.007947,0.4242243450515,1.0,0.0
12443,2,3954,HOH,O,O,15.99943,-0.848448690103,0.317796456355,0.652143528104
12444,2,3954,HOH,H1,H,1.007947,0.4242243450515,1.0,0.0
12445,2,3954,HOH,H2,H,1.007947,0.4242243450515,1.0,0.0
12446,2,3955,HOH,O,O,15.99943,-0.848448690103,0.317796456355,0.652143528104
12447,2,3955,HOH,H1,H,1.007947,0.4242243450515,1.0,0.0
12448,2,3955,HOH,H2,H,1.007947,0.4242243450515,1.0,0.0
12449,2,3956,HOH,O,O,15.99943,-0.848448690103,0.317796456355,0.652143528104
12450,2,3956,HOH,H1,H,1.007947,0.4242243450515,1.0,0.0
12451,2,3956,HOH,H2,H,1.007947,0.4242243450515,1.0,0.0
12452,2,3957,HOH,O,O,15.99943,-0.848448690103,0.317796456355,0.652143528104
12453,2,3957,HOH,H1,H,1.007947,0.4242243450515,1.0,0.0
12454,2,3957,HOH,H2,H,1.007947,0.4242243450515,1.0,0.0
12455,2,3958,HOH,O,O,15.99943,-0.848448690103,0.317796456355,0.652143528104
12456,2,3958,HOH,H1,H,1.007947,0.4242243450515,1.0,0.0
12457,2,3958,HOH,H2,H,1.007947,0.4242243450515,1.0,0.0
12458,2,3959,HOH,O,O,15.99943,-0.848448690103,0.317796456355,0.652143528104
12459,2,3959,HOH,H1,H,1.007947,0.4242243450515,1.0,0.0
12460,2,3959,HOH,H2,H,1.007947,0.4242243450515,1.0,0.0
12461,2,3960,HOH,O,O,15.99943,-0.848448690103,0.317796456355,0.652143528104
12462,2,3960,HOH,H1,H,1.007947,0.4242243450515,1.0,0.0
12463,2,3960,HOH,H2,H,1.007947,0.4242243450515,1.0,0.0
12464,2,3961,HOH,O,O,15.99943,-0.848448690103,0.317796456355,0.652143528104
12465,2,3961,HOH,H1,H,1.007947,0.4242243450515,1.0,0.0
12466,2,3961,HOH,H2,H,1.007947,0.4242243450515,1.0,0.0
12467,2,3962,HOH,O,O,15.99943,-0.848448690103,0.317796456355,0.652143528104
12468,2,3962,HOH,H1,H,1.007947,0.4242243450515,1.0,0.0
12469,2,3962,HOH,H2,H,1.007947,0.4242243450515,1.0,0.0
12470,2,3963,HOH,O,O,15.99943,-0.848448690103,0.317796456355,0.652143528104
12471,2,3963,HOH,H1,H,1.007947,0.4242243450515,1.0,0.0
12472,2,3963,HOH,H2,H,1.007947,0.4242243450515,1.0,0.0
12473,2,3964,HOH,O,O,15.99943,-0.848448690103,0.317796456355,0.652143528104
12474,2,3964,HOH,H1,H,1.007947,0.4242243450515,1.0,0.0
12475,2,3964,HOH,H2,H,1.007947,0.4242243450515,1.0,0.0
12476,2,3965,HOH,O,O,15.99943,-0.848448690103,0.317796456355,0.652143528104
12477,2,3965,HOH,H1,H,1.007947,0.4242243450515,1.0,0.0
12478,2,3965,HOH,H2,H,1.007947,0.4242243450515,1.0,0.0
12479,2,3966,HOH,O,O,15.99943,-0.848448690103,0.317796456355,0.652143528104
12480,2,3966,HOH,H1,H,1.007947,0.4242243450515,1.0,0.0
12481,2,3966,HOH,H2,H,1.007947,0.4242243450515,1.0,0.0
12482,2,3967,HOH,O,O,15.99943,-0.848448690103,0.317796456355,0.652143528104
12483,2,3967,HOH,H1,H,1.007947,0.4242243450515,1.0,0.0
12484,2,3967,HOH,H2,H,1.007947,0.4242243450515,1.0,0.0
12485,2,3968,HOH,O,O,15.99943,-0.848448690103,0.317796456355,0.652143528104
12486,2,3968,HOH,H1,H,1.007947,0.4242243450515,1.0,0.0
12487,2,3968,HOH,H2,H,1.007947,0.4242243450515,1.0,0.0
12488,2,3969,HOH,O,O,15.99943,-0.848448690103,0.317796456355,0.652143528104
12489,2,3969,HOH,H1,H,1.007947,0.4242243450515,1.0,0.0
12490,2,3969,HOH,H2,H,1.007947,0.4242243450515,1.0,0.0
12491,2,3970,HOH,O,O,15.99943,-0.848448690103,0.317796456355,0.652143528104
12492,2,3970,HOH,H1,H,1.007947,0.4242243450515,1.0,0.0
12493,2,3970,HOH,H2,H,1.007947,0.4242243450515,1.0,0.0
12494,2,3971,HOH,O,O,15.99943,-0.848448690103,0.317796456355,0.652143528104
12495,2,3971,HOH,H1,H,1.007947,0.4242243450515,1.0,0.0
12496,2,3971,HOH,H2,H,1.007947,0.4242243450515,1.0,0.0
12497,2,3972,HOH,O,O,15.99943,-0.848448690103,0.317796456355,0.652143528104
12498,2,3972,HOH,H1,H,1.007947,0.4242243450515,1.0,0.0
12499,2,3972,HOH,H2,H,1.007947,0.4242243450515,1.0,0.0
12500,2,3973,HOH,O,O,15.99943,-0.848448690103,0.317796456355,0.652143528104
12501,2,3973,HOH,H1,H,1.007947,0.4242243450515,1.0,0.0
12502,2,3973,HOH,H2,H,1.007947,0.4242243450515,1.0,0.0
12503,2,3974,HOH,O,O,15.99943,-0.848448690103,0.317796456355,0.652143528104
12504,2,3974,HOH,H1,H,1.007947,0.4242243450515,1.0,0.0
12505,2,3974,HOH,H2,H,1.007947,0.4242243450515,1.0,0.0
12506,2,3975,HOH,O,O,15.99943,-0.848448690103,0.317796456355,0.652143528104
12507,2,3975,HOH,H1,H,1.007947,0.4242243450515,1.0,0.0
12508,2,3975,HOH,H2,H,1.007947,0.4242243450515,1.0,0.0
12509,2,3976,HOH,O,O,15.99943,-0.848448690103,0.317796456355,0.652143528104
12510,2,3976,HOH,H1,H,1.007947,0.4242243450515,1.0,0.0
12511,2,3976,HOH,H2,H,1.007947,0.4242243450515,1.0,0.0
12512,2,3977,HOH,O,O,15.99943,-0.848448690103,0.317796456355,0.652143528104
12513,2,3977,HOH,H1,H,1.007947,0.4242243450515,1.0,0.0
12514,2,3977,HOH,H2,H,1.007947,0.4242243450515,1.0,0.0
12515,2,3978,HOH,O,O,15.99943,-0.848448690103,0.317796456355,0.652143528104
12516,2,3978,HOH,H1,H,1.007947,0.4242243450515,1.0,0.0
12517,2,3978,HOH,H2,H,1.007947,0.4242243450515,1.0,0.0
12518,2,3979,HOH,O,O,15.99943,-0.848448690103,0.317796456355,0.652143528104
12519,2,3979,HOH,H1,H,1.007947,0.4242243450515,1.0,0.0
12520,2,3979,HOH,H2,H,1.007947,0.4242243450515,1.0,0.0
12521,2,3980,HOH,O,O,15.99943,-0.848448690103,0.317796456355,0.652143528104
12522,2,3980,HOH,H1,H,1.007947,0.4242243450515,1.0,0.0
12523,2,3980,HOH,H2,H,1.007947,0.4242243450515,1.0,0.0
12524,2,3981,HOH,O,O,15.99943,-0.848448690103,0.317796456355,0.652143528104
12525,2,3981,HOH,H1,H,1.007947,0.4242243450515,1.0,0.0
12526,2,3981,HOH,H2,H,1.007947,0.4242243450515,1.0,0.0
12527,2,3982,HOH,O,O,15.99943,-0.848448690103,0.317796456355,0.652143528104
12528,2,3982,HOH,H1,H,1.007947,0.4242243450515,1.0,0.0
12529,2,3982,HOH,H2,H,1.007947,0.4242243450515,1.0,0.0
12530,2,3983,HOH,O,O,15.99943,-0.848448690103,0.317796456355,0.652143528104
12531,2,3983,HOH,H1,H,1.007947,0.4242243450515,1.0,0.0
12532,2,3983,HOH,H2,H,1.007947,0.4242243450515,1.0,0.0
12533,2,3984,HOH,O,O,15.99943,-0.848448690103,0.317796456355,0.652143528104
12534,2,3984,HOH,H1,H,1.007947,0.4242243450515,1.0,0.0
12535,2,3984,HOH,H2,H,1.007947,0.4242243450515,1.0,0.0
12536,2,3985,HOH,O,O,15.99943,-0.848448690103,0.317796456355,0.652143528104
12537,2,3985,HOH,H1,H,1.007947,0.4242243450515,1.0,0.0
12538,2,3985,HOH,H2,H,1.007947,0.4242243450515,1.0,0.0
12539,2,3986,HOH,O,O,15.99943,-0.848448690103,0.317796456355,0.652143528104
12540,2,3986,HOH,H1,H,1.007947,0.4242243450515,1.0,0.0
12541,2,3986,HOH,H2,H,1.007947,0.4242243450515,1.0,0.0
12542,2,3987,HOH,O,O,15.99943,-0.848448690103,0.317796456355,0.652143528104
12543,2,3987,HOH,H1,H,1.007947,0.4242243450515,1.0,0.0
12544,2,3987,HOH,H2,H,1.007947,0.4242243450515,1.0,0.0
12545,2,3988,HOH,O,O,15.99943,-0.848448690103,0.317796456355,0.652143528104
12546,2,3988,HOH,H1,H,1.007947,0.4242243450515,1.0,0.0
12547,2,3988,HOH,H2,H,1.007947,0.4242243450515,1.0,0.0
12548,2,3989,HOH,O,O,15.99943,-0.848448690103,0.317796456355,0.652143528104
12549,2,3989,HOH,H1,H,1.007947,0.4242243450515,1.0,0.0
12550,2,3989,HOH,H2,H,1.007947,0.4242243450515,1.0,0.0
12551,2,3990,HOH,O,O,15.99943,-0.848448690103,0.317796456355,0.652143528104
12552,2,3990,HOH,H1,H,1.007947,0.4242243450515,1.0,0.0
12553,2,3990,HOH,H2,H,1.007947,0.4242243450515,1.0,0.0
12554,2,3991,HOH,O,O,15.99943,-0.848448690103,0.317796456355,0.652143528104
12555,2,3991,HOH,H1,H,1.007947,0.4242243450515,1.0,0.0
12556,2,3991,HOH,H2,H,1.007947,0.4242243450515,1.0,0.0
12557,2,3992,HOH,O,O,15.99943,-0.848448690103,0.317796456355,0.652143528104
12558,2,3992,HOH,H1,H,1.007947,0.4242243450515,1.0,0.0
12559,2,3992,HOH,H2,H,1.007947,0.4242243450515,1.0,0.0
12560,2,3993,HOH,O,O,15.99943,-0.848448690103,0.317796456355,0.652143528104
12561,2,3993,HOH,H1,H,1.007947,0.4242243450515,1.0,0.0
12562,2,3993,HOH,H2,H,1.007947,0.4242243450515,1.0,0.0
12563,2,3994,HOH,O,O,15.99943,-0.848448690103,0.317796456355,0.652143528104
12564,2,3994,HOH,H1,H,1.007947,0.4242243450515,1.0,0.0
12565,2,3994,HOH,H2,H,1.007947,0.4242243450515,1.0,0.0
12566,2,3995,HOH,O,O,15.99943,-0.848448690103,0.317796456355,0.652143528104
12567,2,3995,HOH,H1,H,1.007947,0.4242243450515,1.0,0.0
12568,2,3995,HOH,H2,H,1.007947,0.4242243450515,1.0,0.0
12569,2,3996,HOH,O,O,15.99943,-0.848448690103,0.317796456355,0.652143528104
12570,2,3996,HOH,H1,H,1.007947,0.4242243450515,1.0,0.0
12571,2,3996,HOH,H2,H,1.007947,0.4242243450515,1.0,0.0
12572,2,3997,HOH,O,O,15.99943,-0.848448690103,0.317796456355,0.652143528104
12573,2,3997,HOH,H1,H,1.007947,0.4242243450515,1.0,0.0
12574,2,3997,HOH,H2,H,1.007947,0.4242243450515,1.0,0.0
12575,2,3998,HOH,O,O,15.99943,-0.848448690103,0.317796456355,0.652143528104
12576,2,3998,HOH,H1,H,1.007947,0.4242243450515,1.0,0.0
12577,2,3998,HOH,H2,H,1.007947,0.4242243450515,1.0,0.0
12578,2,3999,HOH,O,O,15.99943,-0.848448690103,0.317796456355,0.652143528104
12579,2,3999,HOH,H1,H,1.007947,0.4242243450515,1.0,0.0
12580,2,3999,HOH,H2,H,1.007947,0.4242243450515,1.0,0.0
12581,2,4000,HOH,O,O,15.99943,-0.848448690103,0.317796456355,0.652143528104
12582,2,4000,HOH,H1,H,1.007947,0.4242243450515,1.0,0.0
12583,2,4000,HOH,H2,H,1.007947,0.4242243450515,1.0,0.0
12584,2,4001,HOH,O,O,15.99943,-0.848448690103,0.317796456355,0.652143528104
12585,2,4001,HOH,H1,H,1.007947,0.4242243450515,1.0,0.0
12586,2,4001,HOH,H2,H,1.007947,0.4242243450515,1.0,0.0
12587,2,4002,HOH,O,O,15.99943,-0.848448690103,0.317796456355,0.652143528104
12588,2,4002,HOH,H1,H,1.007947,0.4242243450515,1.0,0.0
12589,2,4002,HOH,H2,H,1.007947,0.4242243450515,1.0,0.0
12590,2,4003,HOH,O,O,15.99943,-0.848448690103,0.317796456355,0.652143528104
12591,2,4003,HOH,H1,H,1.007947,0.4242243450515,1.0,0.0
12592,2,4003,HOH,H2,H,1.007947,0.4242243450515,1.0,0.0
12593,2,4004,HOH,O,O,15.99943,-0.848448690103,0.317796456355,0.652143528104
12594,2,4004,HOH,H1,H,1.007947,0.4242243450515,1.0,0.0
12595,2,4004,HOH,H2,H,1.007947,0.4242243450515,1.0,0.0
12596,2,4005,HOH,O,O,15.99943,-0.848448690103,0.317796456355,0.652143528104
12597,2,4005,HOH,H1,H,1.007947,0.4242243450515,1.0,0.0
12598,2,4005,HOH,H2,H,1.007947,0.4242243450515,1.0,0.0
12599,2,4006,HOH,O,O,15.99943,-0.848448690103,0.317796456355,0.652143528104
12600,2,4006,HOH,H1,H,1.007947,0.4242243450515,1.0,0.0
12601,2,4006,HOH,H2,H,1.007947,0.4242243450515,1.0,0.0
12602,2,4007,HOH,O,O,15.99943,-0.848448690103,0.317796456355,0.652143528104
12603,2,4007,HOH,H1,H,1.007947,0.4242243450515,1.0,0.0
12604,2,4007,HOH,H2,H,1.007947,0.4242243450515,1.0,0.0
12605,2,4008,HOH,O,O,15.99943,-0.848448690103,0.317796456355,0.652143528104
12606,2,4008,HOH,H1,H,1.007947,0.4242243450515,1.0,0.0
12607,2,4008,HOH,H2,H,1.007947,0.4242243450515,1.0,0.0
12608,2,4009,HOH,O,O,15.99943,-0.848448690103,0.317796456355,0.652143528104
12609,2,4009,HOH,H1,H,1.007947,0.4242243450515,1.0,0.0
12610,2,4009,HOH,H2,H,1.007947,0.4242243450515,1.0,0.0
12611,2,4010,HOH,O,O,15.99943,-0.848448690103,0.317796456355,0.652143528104
12612,2,4010,HOH,H1,H,1.007947,0.4242243450515,1.0,0.0
12613,2,4010,HOH,H2,H,1.007947,0.4242243450515,1.0,0.0
12614,2,4011,HOH,O,O,15.99943,-0.848448690103,0.317796456355,0.652143528104
12615,2,4011,HOH,H1,H,1.007947,0.4242243450515,1.0,0.0
12616,2,4011,HOH,H2,H,1.007947,0.4242243450515,1.0,0.0
12617,2,4012,HOH,O,O,15.99943,-0.848448690103,0.317796456355,0.652143528104
12618,2,4012,HOH,H1,H,1.007947,0.4242243450515,1.0,0.0
12619,2,4012,HOH,H2,H,1.007947,0.4242243450515,1.0,0.0
12620,2,4013,HOH,O,O,15.99943,-0.848448690103,0.317796456355,0.652143528104
12621,2,4013,HOH,H1,H,1.007947,0.4242243450515,1.0,0.0
12622,2,4013,HOH,H2,H,1.007947,0.4242243450515,1.0,0.0
12623,2,4014,HOH,O,O,15.99943,-0.848448690103,0.317796456355,0.652143528104
12624,2,4014,HOH,H1,H,1.007947,0.4242243450515,1.0,0.0
12625,2,4014,HOH,H2,H,1.007947,0.4242243450515,1.0,0.0
12626,2,4015,HOH,O,O,15.99943,-0.848448690103,0.317796456355,0.652143528104
12627,2,4015,HOH,H1,H,1.007947,0.4242243450515,1.0,0.0
12628,2,4015,HOH,H2,H,1.007947,0.4242243450515,1.0,0.0
12629,2,4016,HOH,O,O,15.99943,-0.848448690103,0.317796456355,0.652143528104
12630,2,4016,HOH,H1,H,1.007947,0.4242243450515,1.0,0.0
12631,2,4016,HOH,H2,H,1.007947,0.4242243450515,1.0,0.0
12632,2,4017,HOH,O,O,15.99943,-0.848448690103,0.317796456355,0.652143528104
12633,2,4017,HOH,H1,H,1.007947,0.4242243450515,1.0,0.0
12634,2,4017,HOH,H2,H,1.007947,0.4242243450515,1.0,0.0
12635,2,4018,HOH,O,O,15.99943,-0.848448690103,0.317796456355,0.652143528104
12636,2,4018,HOH,H1,H,1.007947,0.4242243450515,1.0,0.0
12637,2,4018,HOH,H2,H,1.007947,0.4242243450515,1.0,0.0
12638,2,4019,HOH,O,O,15.99943,-0.848448690103,0.317796456355,0.652143528104
12639,2,4019,HOH,H1,H,1.007947,0.4242243450515,1.0,0.0
12640,2,4019,HOH,H2,H,1.007947,0.4242243450515,1.0,0.0
12641,2,4020,HOH,O,O,15.99943,-0.848448690103,0.317796456355,0.652143528104
12642,2,4020,HOH,H1,H,1.007947,0.4242243450515,1.0,0.0
12643,2,4020,HOH,H2,H,1.007947,0.4242243450515,1.0,0.0
12644,2,4021,HOH,O,O,15.99943,-0.848448690103,0.317796456355,0.652143528104
12645,2,4021,HOH,H1,H,1.007947,0.4242243450515,1.0,0.0
12646,2,4021,HOH,H2,H,1.007947,0.4242243450515,1.0,0.0
12647,2,4022,HOH,O,O,15.99943,-0.848448690103,0.317796456355,0.652143528104
12648,2,4022,HOH,H1,H,1.007947,0.4242243450515,1.0,0.0
12649,2,4022,HOH,H2,H,1.007947,0.4242243450515,1.0,0.0
12650,2,4023,HOH,O,O,15.99943,-0.848448690103,0.317796456355,0.652143528104
12651,2,4023,HOH,H1,H,1.007947,0.4242243450515,1.0,0.0
12652,2,4023,HOH,H2,H,1.007947,0.4242243450515,1.0,0.0
12653,2,4024,HOH,O,O,15.99943,-0.848448690103,0.317796456355,0.652143528104
12654,2,4024,HOH,H1,H,1.007947,0.4242243450515,1.0,0.0
12655,2,4024,HOH,H2,H,1.007947,0.4242243450515,1.0,0.0
12656,2,4025,HOH,O,O,15.99943,-0.848448690103,0.317796456355,0.652143528104
12657,2,4025,HOH,H1,H,1.007947,0.4242243450515,1.0,0.0
12658,2,4025,HOH,H2,H,1.007947,0.4242243450515,1.0,0.0
12659,2,4026,HOH,O,O,15.99943,-0.848448690103,0.317796456355,0.652143528104
12660,2,4026,HOH,H1,H,1.007947,0.4242243450515,1.0,0.0
12661,2,4026,HOH,H2,H,1.007947,0.4242243450515,1.0,0.0
12662,2,4027,HOH,O,O,15.99943,-0.848448690103,0.317796456355,0.652143528104
12663,2,4027,HOH,H1,H,1.007947,0.4242243450515,1.0,0.0
12664,2,4027,HOH,H2,H,1.007947,0.4242243450515,1.0,0.0
12665,2,4028,HOH,O,O,15.99943,-0.848448690103,0.317796456355,0.652143528104
12666,2,4028,HOH,H1,H,1.007947,0.4242243450515,1.0,0.0
12667,2,4028,HOH,H2,H,1.007947,0.4242243450515,1.0,0.0
12668,2,4029,HOH,O,O,15.99943,-0.848448690103,0.317796456355,0.652143528104
12669,2,4029,HOH,H1,H,1.007947,0.4242243450515,1.0,0.0
12670,2,4029,HOH,H2,H,1.007947,0.4242243450515,1.0,0.0
12671,2,4030,HOH,O,O,15.99943,-0.848448690103,0.317796456355,0.652143528104
12672,2,4030,HOH,H1,H,1.007947,0.4242243450515,1.0,0.0
12673,2,4030,HOH,H2,H,1.007947,0.4242243450515,1.0,0.0
12674,2,4031,HOH,O,O,15.99943,-0.848448690103,0.317796456355,0.652143528104
12675,2,4031,HOH,H1,H,1.007947,0.4242243450515,1.0,0.0
12676,2,4031,HOH,H2,H,1.007947,0.4242243450515,1.0,0.0
12677,2,4032,HOH,O,O,15.99943,-0.848448690103,0.317796456355,0.652143528104
12678,2,4032,HOH,H1,H,1.007947,0.4242243450515,1.0,0.0
12679,2,4032,HOH,H2,H,1.007947,0.4242243450515,1.0,0.0
12680,2,4033,HOH,O,O,15.99943,-0.848448690103,0.317796456355,0.652143528104
12681,2,4033,HOH,H1,H,1.007947,0.4242243450515,1.0,0.0
12682,2,4033,HOH,H2,H,1.007947,0.4242243450515,1.0,0.0
12683,2,4034,HOH,O,O,15.99943,-0.848448690103,0.317796456355,0.652143528104
12684,2,4034,HOH,H1,H,1.007947,0.4242243450515,1.0,0.0
12685,2,4034,HOH,H2,H,1.007947,0.4242243450515,1.0,0.0
12686,2,4035,HOH,O,O,15.99943,-0.848448690103,0.317796456355,0.652143528104
12687,2,4035,HOH,H1,H,1.007947,0.4242243450515,1.0,0.0
12688,2,4035,HOH,H2,H,1.007947,0.4242243450515,1.0,0.0
12689,2,4036,HOH,O,O,15.99943,-0.848448690103,0.317796456355,0.652143528104
12690,2,4036,HOH,H1,H,1.007947,0.4242243450515,1.0,0.0
12691,2,4036,HOH,H2,H,1.007947,0.4242243450515,1.0,0.0
12692,2,4037,HOH,O,O,15.99943,-0.848448690103,0.317796456355,0.652143528104
12693,2,4037,HOH,H1,H,1.007947,0.4242243450515,1.0,0.0
12694,2,4037,HOH,H2,H,1.007947,0.4242243450515,1.0,0.0
12695,2,4038,HOH,O,O,15.99943,-0.848448690103,0.317796456355,0.652143528104
12696,2,4038,HOH,H1,H,1.007947,0.4242243450515,1.0,0.0
12697,2,4038,HOH,H2,H,1.007947,0.4242243450515,1.0,0.0
12698,2,4039,HOH,O,O,15.99943,-0.848448690103,0.317796456355,0.652143528104
12699,2,4039,HOH,H1,H,1.007947,0.4242243450515,1.0,0.0
12700,2,4039,HOH,H2,H,1.007947,0.4242243450515,1.0,0.0
12701,2,4040,HOH,O,O,15.99943,-0.848448690103,0.317796456355,0.652143528104
12702,2,4040,HOH,H1,H,1.007947,0.4242243450515,1.0,0.0
12703,2,4040,HOH,H2,H,1.007947,0.4242243450515,1.0,0.0
12704,2,4041,HOH,O,O,15.99943,-0.848448690103,0.317796456355,0.652143528104
12705,2,4041,HOH,H1,H,1.007947,0.4242243450515,1.0,0.0
12706,2,4041,HOH,H2,H,1.007947,0.4242243450515,1.0,0.0
12707,2,4042,HOH,O,O,15.99943,-0.848448690103,0.317796456355,0.652143528104
12708,2,4042,HOH,H1,H,1.007947,0.4242243450515,1.0,0.0
12709,2,4042,HOH,H2,H,1.007947,0.4242243450515,1.0,0.0
12710,2,4043,HOH,O,O,15.99943,-0.848448690103,0.317796456355,0.652143528104
12711,2,4043,HOH,H1,H,1.007947,0.4242243450515,1.0,0.0
12712,2,4043,HOH,H2,H,1.007947,0.4242243450515,1.0,0.0
12713,2,4044,HOH,O,O,15.99943,-0.848448690103,0.317796456355,0.652143528104
12714,2,4044,HOH,H1,H,1.007947,0.4242243450515,1.0,0.0
12715,2,4044,HOH,H2,H,1.007947,0.4242243450515,1.0,0.0
12716,2,4045,HOH,O,O,15.99943,-0.848448690103,0.317796456355,0.652143528104
12717,2,4045,HOH,H1,H,1.007947,0.4242243450515,1.0,0.0
12718,2,4045,HOH,H2,H,1.007947,0.4242243450515,1.0,0.0
12719,2,4046,HOH,O,O,15.99943,-0.848448690103,0.317796456355,0.652143528104
12720,2,4046,HOH,H1,H,1.007947,0.4242243450515,1.0,0.0
12721,2,4046,HOH,H2,H,1.007947,0.4242243450515,1.0,0.0
12722,2,4047,HOH,O,O,15.99943,-0.848448690103,0.317796456355,0.652143528104
12723,2,4047,HOH,H1,H,1.007947,0.4242243450515,1.0,0.0
12724,2,4047,HOH,H2,H,1.007947,0.4242243450515,1.0,0.0
12725,2,4048,HOH,O,O,15.99943,-0.848448690103,0.317796456355,0.652143528104
12726,2,4048,HOH,H1,H,1.007947,0.4242243450515,1.0,0.0
12727,2,4048,HOH,H2,H,1.007947,0.4242243450515,1.0,0.0
12728,2,4049,HOH,O,O,15.99943,-0.848448690103,0.317796456355,0.652143528104
12729,2,4049,HOH,H1,H,1.007947,0.4242243450515,1.0,0.0
12730,2,4049,HOH,H2,H,1.007947,0.4242243450515,1.0,0.0
12731,2,4050,HOH,O,O,15.99943,-0.848448690103,0.317796456355,0.652143528104
12732,2,4050,HOH,H1,H,1.007947,0.4242243450515,1.0,0.0
12733,2,4050,HOH,H2,H,1.007947,0.4242243450515,1.0,0.0
12734,2,4051,HOH,O,O,15.99943,-0.848448690103,0.317796456355,0.652143528104
12735,2,4051,HOH,H1,H,1.007947,0.4242243450515,1.0,0.0
12736,2,4051,HOH,H2,H,1.007947,0.4242243450515,1.0,0.0
12737,2,4052,HOH,O,O,15.99943,-0.848448690103,0.317796456355,0.652143528104
12738,2,4052,HOH,H1,H,1.007947,0.4242243450515,1.0,0.0
12739,2,4052,HOH,H2,H,1.007947,0.4242243450515,1.0,0.0
12740,2,4053,HOH,O,O,15.99943,-0.848448690103,0.317796456355,0.652143528104
12741,2,4053,HOH,H1,H,1.007947,0.4242243450515,1.0,0.0
12742,2,4053,HOH,H2,H,1.007947,0.4242243450515,1.0,0.0
12743,2,4054,HOH,O,O,15.99943,-0.848448690103,0.317796456355,0.652143528104
12744,2,4054,HOH,H1,H,1.007947,0.4242243450515,1.0,0.0
12745,2,4054,HOH,H2,H,1.007947,0.4242243450515,1.0,0.0
12746,2,4055,HOH,O,O,15.99943,-0.848448690103,0.317796456355,0.652143528104
12747,2,4055,HOH,H1,H,1.007947,0.4242243450515,1.0,0.0
12748,2,4055,HOH,H2,H,1.007947,0.4242243450515,1.0,0.0
12749,2,4056,HOH,O,O,15.99943,-0.848448690103,0.317796456355,0.652143528104
12750,2,4056,HOH,H1,H,1.007947,0.4242243450515,1.0,0.0
12751,2,4056,HOH,H2,H,1.007947,0.4242243450515,1.0,0.0
12752,2,4057,HOH,O,O,15.99943,-0.848448690103,0.317796456355,0.652143528104
12753,2,4057,HOH,H1,H,1.007947,0.4242243450515,1.0,0.0
12754,2,4057,HOH,H2,H,1.007947,0.4242243450515,1.0,0.0
12755,2,4058,HOH,O,O,15.99943,-0.848448690103,0.317796456355,0.652143528104
12756,2,4058,HOH,H1,H,1.007947,0.4242243450515,1.0,0.0
12757,2,4058,HOH,H2,H,1.007947,0.4242243450515,1.0,0.0
12758,2,4059,HOH,O,O,15.99943,-0.848448690103,0.317796456355,0.652143528104
12759,2,4059,HOH,H1,H,1.007947,0.4242243450515,1.0,0.0
12760,2,4059,HOH,H2,H,1.007947,0.4242243450515,1.0,0.0
12761,2,4060,HOH,O,O,15.99943,-0.848448690103,0.317796456355,0.652143528104
12762,2,4060,HOH,H1,H,1.007947,0.4242243450515,1.0,0.0
12763,2,4060,HOH,H2,H,1.007947,0.4242243450515,1.0,0.0
12764,2,4061,HOH,O,O,15.99943,-0.848448690103,0.317796456355,0.652143528104
12765,2,4061,HOH,H1,H,1.007947,0.4242243450515,1.0,0.0
12766,2,4061,HOH,H2,H,1.007947,0.4242243450515,1.0,0.0
12767,2,4062,HOH,O,O,15.99943,-0.848448690103,0.317796456355,0.652143528104
12768,2,4062,HOH,H1,H,1.007947,0.4242243450515,1.0,0.0
12769,2,4062,HOH,H2,H,1.007947,0.4242243450515,1.0,0.0
12770,2,4063,HOH,O,O,15.99943,-0.848448690103,0.317796456355,0.652143528104
12771,2,4063,HOH,H1,H,1.007947,0.4242243450515,1.0,0.0
12772,2,4063,HOH,H2,H,1.007947,0.4242243450515,1.0,0.0
12773,2,4064,HOH,O,O,15.99943,-0.848448690103,0.317796456355,0.652143528104
12774,2,4064,HOH,H1,H,1.007947,0.4242243450515,1.0,0.0
12775,2,4064,HOH,H2,H,1.007947,0.4242243450515,1.0,0.0
12776,2,4065,HOH,O,O,15.99943,-0.848448690103,0.317796456355,0.652143528104
12777,2,4065,HOH,H1,H,1.007947,0.4242243450515,1.0,0.0
12778,2,4065,HOH,H2,H,1.007947,0.4242243450515,1.0,0.0
12779,2,4066,HOH,O,O,15.99943,-0.848448690103,0.317796456355,0.652143528104
12780,2,4066,HOH,H1,H,1.007947,0.4242243450515,1.0,0.0
12781,2,4066,HOH,H2,H,1.007947,0.4242243450515,1.0,0.0
12782,2,4067,HOH,O,O,15.99943,-0.848448690103,0.317796456355,0.652143528104
12783,2,4067,HOH,H1,H,1.007947,0.4242243450515,1.0,0.0
12784,2,4067,HOH,H2,H,1.007947,0.4242243450515,1.0,0.0
12785,2,4068,HOH,O,O,15.99943,-0.848448690103,0.317796456355,0.652143528104
12786,2,4068,HOH,H1,H,1.007947,0.4242243450515,1.0,0.0
12787,2,4068,HOH,H2,H,1.007947,0.4242243450515,1.0,0.0
12788,2,4069,HOH,O,O,15.99943,-0.848448690103,0.317796456355,0.652143528104
12789,2,4069,HOH,H1,H,1.007947,0.4242243450515,1.0,0.0
12790,2,4069,HOH,H2,H,1.007947,0.4242243450515,1.0,0.0
12791,2,4070,HOH,O,O,15.99943,-0.848448690103,0.317796456355,0.652143528104
12792,2,4070,HOH,H1,H,1.007947,0.4242243450515,1.0,0.0
12793,2,4070,HOH,H2,H,1.007947,0.4242243450515,1.0,0.0
12794,2,4071,HOH,O,O,15.99943,-0.848448690103,0.317796456355,0.652143528104
12795,2,4071,HOH,H1,H,1.007947,0.4242243450515,1.0,0.0
12796,2,4071,HOH,H2,H,1.007947,0.4242243450515,1.0,0.0
12797,2,4072,HOH,O,O,15.99943,-0.848448690103,0.317796456355,0.652143528104
12798,2,4072,HOH,H1,H,1.007947,0.4242243450515,1.0,0.0
12799,2,4072,HOH,H2,H,1.007947,0.4242243450515,1.0,0.0
12800,2,4073,HOH,O,O,15.99943,-0.848448690103,0.317796456355,0.652143528104
12801,2,4073,HOH,H1,H,1.007947,0.4242243450515,1.0,0.0
12802,2,4073,HOH,H2,H,1.007947,0.4242243450515,1.0,0.0
12803,2,4074,HOH,O,O,15.99943,-0.848448690103,0.317796456355,0.652143528104
12804,2,4074,HOH,H1,H,1.007947,0.4242243450515,1.0,0.0
12805,2,4074,HOH,H2,H,1.007947,0.4242243450515,1.0,0.0
12806,2,4075,HOH,O,O,15.99943,-0.848448690103,0.317796456355,0.652143528104
12807,2,4075,HOH,H1,H,1.007947,0.4242243450515,1.0,0.0
12808,2,4075,HOH,H2,H,1.007947,0.4242243450515,1.0,0.0
12809,2,4076,HOH,O,O,15.99943,-0.848448690103,0.317796456355,0.652143528104
12810,2,4076,HOH,H1,H,1.007947,0.4242243450515,1.0,0.0
12811,2,4076,HOH,H2,H,1.007947,0.4242243450515,1.0,0.0
12812,2,4077,HOH,O,O,15.99943,-0.848448690103,0.317796456355,0.652143528104
12813,2,4077,HOH,H1,H,1.007947,0.4242243450515,1.0,0.0
12814,2,4077,HOH,H2,H,1.007947,0.4242243450515,1.0,0.0
12815,2,4078,HOH,O,O,15.99943,-0.848448690103,0.317796456355,0.652143528104
12816,2,4078,HOH,H1,H,1.007947,0.4242243450515,1.0,0.0
12817,2,4078,HOH,H2,H,1.007947,0.4242243450515,1.0,0.0
12818,2,4079,HOH,O,O,15.99943,-0.848448690103,0.317796456355,0.652143528104
12819,2,4079,HOH,H1,H,1.007947,0.4242243450515,1.0,0.0
12820,2,4079,HOH,H2,H,1.007947,0.4242243450515,1.0,0.0
12821,2,4080,HOH,O,O,15.99943,-0.848448690103,0.317796456355,0.652143528104
12822,2,4080,HOH,H1,H,1.007947,0.4242243450515,1.0,0.0
12823,2,4080,HOH,H2,H,1.007947,0.4242243450515,1.0,0.0
12824,2,4081,HOH,O,O,15.99943,-0.848448690103,0.317796456355,0.652143528104
12825,2,4081,HOH,H1,H,1.007947,0.4242243450515,1.0,0.0
12826,2,4081,HOH,H2,H,1.007947,0.4242243450515,1.0,0.0
12827,2,4082,HOH,O,O,15.99943,-0.848448690103,0.317796456355,0.652143528104
12828,2,4082,HOH,H1,H,1.007947,0.4242243450515,1.0,0.0
12829,2,4082,HOH,H2,H,1.007947,0.4242243450515,1.0,0.0
12830,2,4083,HOH,O,O,15.99943,-0.848448690103,0.317796456355,0.652143528104
12831,2,4083,HOH,H1,H,1.007947,0.4242243450515,1.0,0.0
12832,2,4083,HOH,H2,H,1.007947,0.4242243450515,1.0,0.0
12833,2,4084,HOH,O,O,15.99943,-0.848448690103,0.317796456355,0.652143528104
12834,2,4084,HOH,H1,H,1.007947,0.4242243450515,1.0,0.0
12835,2,4084,HOH,H2,H,1.007947,0.4242243450515,1.0,0.0
12836,2,4085,HOH,O,O,15.99943,-0.848448690103,0.317796456355,0.652143528104
12837,2,4085,HOH,H1,H,1.007947,0.4242243450515,1.0,0.0
12838,2,4085,HOH,H2,H,1.007947,0.4242243450515,1.0,0.0
12839,2,4086,HOH,O,O,15.99943,-0.848448690103,0.317796456355,0.652143528104
12840,2,4086,HOH,H1,H,1.007947,0.4242243450515,1.0,0.0
12841,2,4086,HOH,H2,H,1.007947,0.4242243450515,1.0,0.0
12842,2,4087,HOH,O,O,15.99943,-0.848448690103,0.317796456355,0.652143528104
12843,2,4087,HOH,H1,H,1.007947,0.4242243450515,1.0,0.0
12844,2,4087,HOH,H2,H,1.007947,0.4242243450515,1.0,0.0
12845,2,4088,HOH,O,O,15.99943,-0.848448690103,0.317796456355,0.652143528104
12846,2,4088,HOH,H1,H,1.007947,0.4242243450515,1.0,0.0
12847,2,4088,HOH,H2,H,1.007947,0.4242243450515,1.0,0.0
12848,2,4089,HOH,O,O,15.99943,-0.848448690103,0.317796456355,0.652143528104
12849,2,4089,HOH,H1,H,1.007947,0.4242243450515,1.0,0.0
12850,2,4089,HOH,H2,H,1.007947,0.4242243450515,1.0,0.0
12851,2,4090,HOH,O,O,15.99943,-0.848448690103,0.317796456355,0.652143528104
12852,2,4090,HOH,H1,H,1.007947,0.4242243450515,1.0,0.0
12853,2,4090,HOH,H2,H,1.007947,0.4242243450515,1.0,0.0
12854,3,4066,NA,Na,Na,22.99,1.0,0.2439280690268249,0.3658460312
12855,3,4067,NA,Na,Na,22.99,1.0,0.2439280690268249,0.3658460312
12856,3,4068,NA,Na,Na,22.99,1.0,0.2439280690268249,0.3658460312
12857,3,4069,NA,Na,Na,22.99,1.0,0.2439280690268249,0.3658460312
12858,3,4070,NA,Na,Na,22.99,1.0,0.2439280690268249,0.3658460312
12859,3,4071,NA,Na,Na,22.99,1.0,0.2439280690268249,0.3658460312
12860,3,4072,NA,Na,Na,22.99,1.0,0.2439280690268249,0.3658460312
12861,3,4073,NA,Na,Na,22.99,1.0,0.2439280690268249,0.3658460312
12862,3,4074,NA,Na,Na,22.99,1.0,0.2439280690268249,0.3658460312
12863,3,4075,NA,Na,Na,22.99,1.0,0.2439280690268249,0.3658460312
12864,3,4076,NA,Na,Na,22.99,1.0,0.2439280690268249,0.3658460312
12865,3,4077,CL,Cl,Cl,35.45,-1.0,0.4477656957373345,0.14891274399999999
12866,3,4078,CL,Cl,Cl,35.45,-1.0,0.4477656957373345,0.14891274399999999
12867,3,4079,CL,Cl,Cl,35.45,-1.0,0.4477656957373345,0.14891274399999999
12868,3,4080,CL,Cl,Cl,35.45,-1.0,0.4477656957373345,0.14891274399999999
12869,3,4081,CL,Cl,Cl,35.45,-1.0,0.4477656957373345,0.14891274399999999
12870,3,4082,CL,Cl,Cl,35.45,-1.0,0.4477656957373345,0.14891274399999999
12871,3,4083,CL,Cl,Cl,35.45,-1.0,0.4477656957373345,0.14891274399999999
12872,3,4084,CL,Cl,Cl,35.45,-1.0,0.4477656957373345,0.14891274399999999
12873,3,4085,CL,Cl,Cl,35.45,-1.0,0.4477656957373345,0.14891274399999999
12874,3,4086,CL,Cl,Cl,35.45,-1.0,0.4477656957373345,0.14891274399999999
12875,3,4087,CL,Cl,Cl,35.45,-1.0,0.4477656957373345,0.14891274399999999
12876,3,4088,CL,Cl,Cl,35.45,-1.0,0.4477656957373345,0.14891274399999999
12877,3,4089,CL,Cl,Cl,35.45,-1.0,0.4477656957373345,0.14891274399999999
12878,3,4090,CL,Cl,Cl,35.45,-1.0,0.4477656957373345,0.14891274399999999
