Grid spacing:     1.200
Angle step:    15.000
Initial rotation:     0.00000   0.00000   0.00000
receptor.pdb      27.548    99.500    10.318
ligand-independent.pdb      74.535   -38.358    64.990
   3.43538   1.87008   3.43442   -71.936   145.643   -47.351   -229.06    172.16      1.00
   3.39675   1.91571   3.41639   -72.151   146.007   -47.971   -227.68    172.74      1.00
   3.44682   1.86480   3.43463   -71.886   145.392   -46.983   -225.21    171.86      1.00
   3.47232   1.85796   3.44364   -71.895   145.427   -46.729   -222.39    171.88      1.00
   3.42957   1.85793   3.38233   -72.517   144.821   -47.389   -221.89    171.85      1.00
   3.47465   1.86098   3.42252   -72.148   145.062   -46.642   -220.19    171.74      1.00
   3.37994   1.41464   3.21766   -73.981   139.833   -43.881   -219.68    166.44      1.00
   3.39876   1.91794   3.43713   -72.088   146.690   -47.913   -219.64    173.22      1.00
   3.35255   1.93990   3.43497   -72.138   146.708   -48.743   -218.82    173.35      1.00
   1.15062   1.51436   1.46181   -46.954   150.672   -86.275   -212.56    180.77      1.00
   1.16555   1.51837   1.47830   -46.672   150.392   -86.283   -212.31    180.53      1.00
   3.29581   1.42604   3.28526   -73.783   141.210   -45.000   -212.05    167.44      1.00
   1.15159   1.51672   1.49034   -46.599   150.695   -86.221   -211.67    180.69      1.00
   5.18204   2.87878   4.80086   -72.589   146.197   -46.682   -210.40    176.14      1.00
   1.52454   1.54358   0.68894   -54.563   144.635   -87.390   -209.61    180.01      1.00
   1.50688   1.53599   0.75467   -53.756   145.050   -87.353   -209.47    180.02      1.00
   3.30176   1.39211   3.31882   -73.771   141.623   -45.097   -208.74    167.62      1.00
   1.13163   1.54328   1.49959   -46.748   151.120   -86.089   -208.20    180.91      1.00
   3.32590   1.88833   3.31365   -73.311   144.854   -49.162   -208.18    172.65      1.00
   1.51327   1.54293   0.86110   -52.545   145.118   -87.531   -207.81    179.91      1.00
   2.87198   1.88176   2.19256   -64.117   117.127   -71.398   -207.68    158.14      1.00
   2.43717   2.21879   3.98072   -52.160   157.640   -79.938   -207.03    182.69      1.00
   1.11977   1.52237   1.48080   -47.036   151.351   -85.926   -206.53    181.07      1.00
   3.31609   1.88745   3.31773   -73.229   145.163   -49.461   -206.53    172.91      1.00
   5.95403   2.87744   1.69681   -53.982   132.832   -31.984   -206.53    147.34      1.00
   1.13320   1.52553   1.46884   -46.999   150.606   -86.384   -206.07    180.69      1.00
  -0.12586   2.85911   1.95604   -53.846   133.281   -32.276   -205.69    147.88      1.00
   3.27561   1.94121   3.32249   -73.497   145.574   -49.864   -205.44    173.42      1.00
   2.92742   1.93087   2.22728   -64.419   117.113   -70.458   -205.42    157.89      1.00
   2.40606   2.20162   3.96222   -52.113   157.380   -80.212   -205.27    182.55      1.00
   2.88540   1.92911   2.20477   -64.631   117.523   -71.095   -204.96    158.54      1.00
   2.92190   1.93870   2.22111   -64.841   117.465   -70.687   -204.58    158.46      1.00
   3.23186   2.57614   3.47245   -71.044   152.406   -52.028   -204.54    178.83      1.00
   3.20874   1.32299   3.37997   -74.084   142.826   -45.499   -203.64    168.33      1.00
   3.18222   2.59805   3.45970   -71.033   152.970   -51.922   -203.48    179.10      1.00
   3.25384   2.66073   3.52460   -70.670   153.398   -51.607   -202.20    179.33      1.00
   3.22911   1.38377   3.35823   -73.829   142.815   -45.922   -201.12    168.58      1.00
  -0.02241   2.83901   2.07875   -53.800   133.473   -32.375   -201.11    148.10      1.00
   2.97464   1.66143   3.18907   -74.018   144.609   -48.315   -201.10    171.51      1.00
   2.42941   2.23505   3.99160   -51.686   157.683   -79.932   -201.02    182.58      1.00
   5.83012   2.37436   5.23211   -42.725   157.778   -58.684   -200.90    181.03      1.00
   0.51951   1.39624  -0.07633   -73.910   141.308   -52.872   -200.62    168.94      1.00
   1.20518   1.58492   1.52270   -47.349   149.820   -86.522   -200.06    180.47      1.00
   2.94425   1.64459   3.16117   -74.250   144.005   -48.869   -199.80    171.30      1.00
  -0.21309   2.87784   1.81054   -54.430   132.979   -32.057   -199.52    147.64      1.00
   5.83155   2.39860   5.19272   -42.834   157.850   -58.760   -199.42    181.30      1.00
   0.78198   1.21305   5.83861   -71.392   141.118   -52.177   -199.40    167.47      1.00
   3.04702   2.70685   3.07962   -72.058   151.026   -51.056   -199.34    178.77      1.00
   0.77625   1.11014   5.80366   -71.754   140.858   -51.356   -199.25    166.83      1.00
  -0.02552   2.82639   2.07857   -53.879   133.539   -32.410   -199.25    148.21      1.00
   4.55926   2.16666   1.58543   -63.633   139.888   -44.135   -199.02    166.37      1.00
  -0.06387   0.02455   6.07043   -66.871   121.256   -35.323   -198.95    144.14      1.00
   4.18241  -0.01094   1.82886   -66.961   121.146   -35.617   -198.85    144.13      1.00
   0.80315   1.20839   5.83281   -71.285   141.191   -52.377   -198.77    167.50      1.00
   4.54610   2.18274   1.58268   -63.561   140.024   -44.299   -198.69    166.59      1.00
   3.17953   1.35178   3.36907   -74.247   142.810   -45.533   -198.58    168.44      1.00
   3.05470   2.20414   3.12219   -72.800   147.863   -51.182   -198.52    175.84      1.00
   3.20628   2.69834   3.53266   -70.669   154.376   -52.072   -198.45    180.04      1.00
   5.77237   2.87452   2.51474   -19.550   148.890   -47.393   -198.44    159.76      1.00
   2.42955   2.23432   3.99775   -51.552   157.718   -79.882   -198.30    182.54      1.00
   4.84910   2.87187   4.54572   -72.328   147.308   -46.990   -198.23    176.75      1.00
   3.24007   1.94850   3.34677   -73.556   146.013   -50.630   -197.05    173.81      1.00
   4.45881  -0.05906   0.80532   -52.184   106.458   -61.112   -196.72    138.50      1.00
   3.24322   2.03151   3.46947   -72.154   148.584   -50.557   -196.56    175.04      1.00
   2.92511   2.63860   3.38215   -70.299   155.696   -53.681   -196.39    180.80      1.00
   2.32664   2.23917   3.93727   -51.411   157.257   -81.067   -196.20    182.58      1.00
   0.86055   1.16863   5.81166   -71.072   141.682   -52.602   -195.48    167.68      1.00
   0.61161   2.60673   0.59798   -74.974   143.943   -48.473   -195.39    172.47      1.00
   3.18083   2.55991   3.44873   -70.959   152.764   -51.539   -195.28    178.80      1.00
   3.12364   2.72657   3.10104   -72.246   150.419   -50.315   -195.18    178.42      1.00
   5.62331   2.89162   2.36340   -19.619   149.237   -46.643   -195.16    159.89      1.00
   2.95729   1.69932   3.14543   -74.313   144.072   -48.621   -195.15    171.47      1.00
   1.21988   0.06448   4.04729   -52.234   106.499   -61.327   -195.12    138.61      1.00
   0.63446   2.61554   0.64611   -74.760   144.440   -48.581   -195.06    172.73      1.00
   2.98839   1.66077   3.21743   -73.928   144.853   -48.235   -195.00    171.55      1.00
  -0.57273  -0.06911   5.82784   -52.341   106.485   -61.326   -194.96    138.82      1.00
   2.52563   0.76723   3.22474   -41.812   157.236   -68.633   -194.77    178.58      1.00
   2.51080   0.76328   3.20730   -41.848   156.937   -68.657   -194.74    178.47      1.00
   4.01654   1.30923   0.15756   -18.820   139.670   -54.951   -194.63    158.43      1.00
   2.60735   0.14313   2.63518   -52.578   106.741   -62.083   -194.58    139.47      1.00
   2.22201   2.18050   3.91112   -50.301   156.358   -81.992   -194.53    181.85      1.00
   4.78593  -0.07861   0.47975   -52.514   106.671   -61.542   -194.52    138.93      1.00
   2.20382   2.21261   3.89679   -49.547   156.603   -82.098   -194.48    181.89      1.00
   4.01049   1.31146   0.16391   -18.801   139.479   -55.018   -194.44    158.28      1.00
   3.06370   1.51378   3.20601   -74.248   142.229   -48.152   -194.33    169.44      1.00
   3.21551   2.53497   3.45620   -71.398   152.209   -51.226   -194.24    178.53      1.00
   2.51758   0.76443   3.20975   -41.878   157.126   -68.699   -193.99    178.63      1.00
   0.45142   1.60354  -0.10376   -73.105   144.065   -51.725   -193.97    171.50      1.00
   3.99633   1.32618   0.15635   -18.837   139.629   -55.478   -193.67    158.54      1.00
   2.40903   2.19658   4.01134   -51.793   157.627   -80.317   -193.56    182.68      1.00
   0.60838   2.59594   0.62351   -74.759   144.341   -48.554   -193.53    172.58      1.00
   0.52237  -0.06850   4.53031   -60.683   107.963   -53.081   -193.51    141.40      1.00
   0.81794   0.03620   4.44246   -52.125   106.394   -60.748   -193.34    138.35      1.00
   3.35460   2.69165   3.63977   -70.567   153.923   -51.561   -193.10    179.73      1.00
   3.09513   1.50793   3.27055   -73.894   143.140   -47.822   -192.95    169.73      1.00
   3.04592   2.17249   3.06286   -73.473   146.889   -51.712   -192.87    175.67      1.00
   5.78800   2.40087   5.23085   -42.462   158.152   -59.028   -192.78    181.33      1.00
   3.06649   1.53379   3.17237   -74.501   141.618   -47.870   -192.72    169.13      1.00
   2.51116   0.77714   3.21916   -41.734   157.302   -68.675   -192.17    178.69      1.00
   2.85476   0.09140   2.41116   -52.767   106.551   -61.370   -191.84    139.04      1.00
   4.53623   2.21772   1.60036   -63.221   140.133   -44.741   -191.56    166.81      1.00
   0.45427   2.54851   0.41721   -74.951   142.234   -47.357   -191.48    170.72      1.00
   0.48209   1.60232  -0.17311   -73.116   143.138   -52.175   -191.37    171.09      1.00
   3.15655   0.04333   1.92153   -60.716   108.061   -53.908   -191.32    141.59      1.00
   3.22632   1.95482   3.30622   -73.880   145.666   -50.732   -191.17    173.81      1.00
   0.89366   1.17932   5.79177   -70.980   141.455   -52.844   -191.15    167.56      1.00
   2.18470   2.22721   3.88486   -49.086   156.612   -82.284   -191.03    181.85      1.00
   5.92599  -0.07229  -0.65730   -52.839   106.569   -61.228   -190.91    139.00      1.00
   4.54746   2.13700   1.54939   -63.812   139.514   -43.825   -190.71    165.96      1.00
   1.53817   1.12705   0.85846   -55.054   154.947   -83.150   -190.52    186.75      1.00
  -0.10246  -0.00691   5.35950   -52.233   106.350   -60.525   -190.39    138.36      1.00
  -0.11615   0.20051   0.94014   -75.355   141.083   -58.695   -190.21    169.03      1.00
   5.79027   2.38812   4.70751   -62.773   120.981   -27.798   -189.99    148.83      1.00
   3.44422   2.58744   3.61912   -70.780   152.089   -50.611   -189.54    178.48      1.00
   3.19402   1.63755   0.53498   -21.142   128.560   -66.389   -189.28    153.68      1.00
   2.94962   1.70033   3.04909   -75.133   141.190   -47.817   -189.18    169.61      1.00
   2.16138   2.21891   3.87473   -48.669   156.390   -82.591   -188.92    181.68      1.00
   5.91105   2.38809   4.87690   -64.587   121.817   -29.298   -188.87    150.30      1.00
   1.30127   1.47870   1.39970   -46.023   148.191   -87.169   -188.82    179.55      1.00
   4.78954   2.88940   4.43969   -72.622   146.136   -47.400   -188.78    176.17      1.00
   4.55164   2.42453   2.33996   -28.908   158.364   -43.467   -188.61    174.11      1.00
   4.04463   1.19046   0.81172   -67.089   131.506   -38.532   -188.38    160.89      1.00
   5.57937   0.14574   1.60085   -75.223   141.942   -58.310   -188.19    169.81      1.00
   1.52658   1.17253   0.88094   -55.437   154.793   -83.171   -188.05    186.77      1.00
   3.13903   2.67728   3.55989   -70.190   155.596   -52.696   -187.98    180.64      1.00
   6.01791   1.78650   2.88944   -58.856   143.449   -38.521   -187.98    165.55      1.00
   5.87074   2.39635   4.84490   -64.711   122.245   -28.882   -187.93    150.69      1.00
   2.09612   2.19631   1.84831   -42.032   153.586   -44.496   -187.91    170.85      1.00
   0.33500   0.02383   4.94523   -52.448   106.340   -60.589   -187.85    138.30      1.00
   3.50947   1.84853   3.39820   -72.881   143.811   -44.795   -187.76    170.67      1.00
   6.02605   1.78109   2.87846   -58.958   143.374   -38.571   -187.74    165.46      1.00
   3.10724   1.87547   2.47329   -66.532   121.932   -73.038   -187.66    163.12      1.00
   1.56422   1.17088   0.85978   -55.310   154.551   -83.342   -187.63    186.75      1.00
   1.54360   1.20470   0.89603   -55.632   154.595   -83.308   -187.40    186.87      1.00
   3.98927   0.34727   5.63633   -18.408   141.816   -51.315   -187.38    159.41      1.00
   4.55835   2.10073   1.51525   -64.296   139.993   -44.650   -187.12    166.61      1.00
   5.60005   2.90031   1.23747   -54.343   132.050   -31.638   -187.09    146.53      1.00
   0.01395   2.88065   2.06389   -54.197   133.290   -31.887   -186.99    147.83      1.00
   6.01515   2.89064   2.77204   -19.166   148.940   -47.939   -186.65    159.91      1.00
   2.75439   1.88616   2.06867   -62.987   116.254   -72.360   -186.44    157.57      1.00
  -0.01644   0.43470   1.01264   -75.665   134.013   -47.840   -186.24    160.09      1.00
   4.04498   1.21331   0.79765   -67.185   131.299   -38.056   -186.12    160.64      1.00
   2.78237   1.86302   2.14227   -64.593   116.694   -71.233   -186.06    157.85      1.00
   0.91221   1.10693   4.86853   -55.635   115.004   -76.893   -185.88    150.75      1.00
   4.14683   1.11478   0.67231   -68.194   130.794   -40.447   -185.61    161.19      1.00
   3.20576   1.62534   0.53992   -21.130   128.524   -66.075   -185.57    153.56      1.00
   4.15819   1.19454   0.60542   -68.754   130.350   -40.902   -185.57    161.19      1.00
   0.58002   2.61653   0.64862   -74.450   144.727   -48.254   -185.40    172.50      1.00
   0.09200   2.79574   2.26958   -53.332   133.884   -32.637   -185.28    148.59      1.00
   0.63708   1.41747   5.90671   -71.789   139.733   -51.328   -185.18    167.15      1.00
   2.56823   0.77629   3.24915   -41.903   157.002   -68.920   -185.02    178.24      1.00
   6.00852   0.99115   2.58135   -35.840   158.371   -31.718   -184.88    167.98      1.00
   2.03680   1.25830   6.07442   -54.171   151.047   -84.894   -184.80    183.04      1.00
   5.77611   2.48558   0.06724   -75.698   145.557   -59.839   -184.65    176.30      1.00
   4.60153   1.27933   2.29846   -32.431   164.818   -46.957   -184.49    177.14      1.00
   0.01341   0.19530   0.73876   -75.317   140.632   -59.330   -184.36    168.78      1.00
   2.14640   2.31861   3.46292   -51.225   153.534   -82.893   -184.35    180.58      1.00
   0.08286   0.12405   0.70858   -75.216   140.921   -59.608   -184.28    169.10      1.00
   2.56794   0.79160   3.20558   -41.974   157.853   -68.578   -184.26    179.11      1.00
   0.76335   1.48055   4.25400   -34.497   154.332   -52.001   -183.84    171.25      1.00
   0.04006   0.42722   0.95918   -75.671   134.014   -48.159   -183.80    160.16      1.00
   6.02673   0.99217   2.57070   -35.882   158.371   -31.887   -183.74    168.01      1.00
   4.51171   2.47218   2.30779   -28.902   158.206   -42.971   -183.53    173.97      1.00
   0.27744   1.40647   3.60311   -19.849   132.235   -68.747   -183.52    155.66      1.00
   2.50797   0.01319   2.58015   -60.923   108.065   -54.080   -183.50    141.66      1.00
   0.64610   1.40806   5.90601   -71.727   139.968   -51.458   -183.48    167.31      1.00
  -0.62586   2.74504   1.85334   -19.628   142.666   -48.917   -183.39    152.16      1.00
   5.49092   0.04758   5.84049   -60.043   107.619   -53.408   -183.37    140.93      1.00
   4.26054   0.93352   5.03360   -31.272   157.950   -35.357   -183.32    170.95      1.00
  -0.65236   2.89335   5.25382   -72.362   146.812   -45.996   -183.26    176.19      1.00
   3.11808   2.44530   3.23805   -72.384   149.943   -50.018   -183.07    177.09      1.00
   1.13147   1.09347   5.72721   -70.338   143.391   -55.466   -183.01    169.13      1.00
   3.03214   1.59732   3.07217   -75.065   140.384   -47.522   -183.00    168.74      1.00
  -0.27695   1.79974   2.90502   -58.914   143.099   -38.694   -182.92    165.42      1.00
   4.04819   1.52395   0.65364   -67.210   132.122   -39.506   -182.88    161.46      1.00
   2.91764   2.37200   3.04022   -73.085   149.334   -51.372   -182.66    177.19      1.00
   2.13278   2.24997   3.45237   -52.054   152.803   -83.582   -182.57    180.55      1.00
   5.88847   2.38092   4.81307   -63.073   120.310   -28.654   -182.48    148.38      1.00
   3.17849   0.49605   2.14581   -56.237   108.041   -62.918   -182.48    142.54      1.00
   6.00358   1.79296   2.83541   -59.188   143.446   -38.468   -182.42    165.41      1.00
   2.98068   1.50823   0.84644   -63.215   130.927   -60.879   -182.42    167.58      1.00
   3.60397   2.38476   3.32925   -73.727   140.453   -39.515   -182.40    168.68      1.00
  -0.43526   2.43964   4.80246   -64.158   121.466   -28.576   -182.36    149.79      1.00
   1.08260   1.56158   1.62150   -48.628   151.832   -86.337   -182.34    182.00      1.00
   3.35935   1.89521   0.79544   -62.785   135.240   -58.493   -182.28    169.74      1.00
   4.12151   1.27722   0.62753   -68.264   130.968   -40.607   -182.23    161.40      1.00
  -0.27380   1.01389   2.60661   -35.488   157.937   -31.542   -182.07    167.59      1.00
   5.73709   2.80389   1.98824   -19.505   141.884   -49.748   -182.03    151.85      1.00
   0.32383   1.96387   6.46139   -72.977   146.533   -51.613   -181.98    173.62      1.00
   2.94006   1.54634   3.10903   -74.617   144.651   -50.370   -181.89    172.58      1.00
   0.24434   1.44437   3.61249   -19.446   132.367   -68.159   -181.78    155.50      1.00
   0.90268   0.84214   5.57153   -71.783   129.702   -44.512   -181.78    154.87      1.00
   3.05511   1.75310   2.98702   -75.159   138.958   -45.487   -181.77    167.71      1.00
   3.38944   2.47567   3.49653   -72.191   149.747   -49.314   -181.75    176.85      1.00
   0.24266   1.43704   3.59527   -19.476   132.564   -68.146   -181.74    155.65      1.00
   4.33646   0.70563   5.15733   -28.432   154.091   -37.084   -181.67    168.21      1.00
   3.04469   1.75319   2.98369   -75.193   138.916   -45.720   -181.42    167.75      1.00
  -0.31048   2.40966   4.94471   -64.620   120.473   -29.532   -181.11    149.07      1.00
   3.97558   0.37822   5.65753   -18.438   141.792   -50.832   -181.05    159.25      1.00
   4.98152   1.14514   2.72609   -56.483   129.729   -71.145   -181.02    162.84      1.00
   2.95339   1.58695   3.13370   -74.340   145.180   -49.929   -180.98    172.73      1.00
   3.28454   0.45657   2.05547   -55.912   107.366   -62.446   -180.93    141.65      1.00
   0.68872   1.42330   4.30333   -34.685   154.310   -52.064   -180.91    171.74      1.00
   3.59536   2.36846   3.32978   -73.733   140.936   -39.712   -180.71    169.07      1.00
   2.86152   2.32578   2.91811   -73.514   146.950   -51.515   -180.64    175.70      1.00
   4.97609   1.15543   2.73741   -56.527   129.770   -71.096   -180.60    162.95      1.00
   2.22155   2.49072   1.21639   -58.346   112.184   -71.971   -180.43    152.80      1.00
   0.87582   1.08681   5.76014   -71.622   141.432   -52.055   -180.38    167.29      1.00
   2.24949   2.51445   1.24886   -58.673   112.154   -71.486   -180.36    152.74      1.00
   1.66094   1.15651   0.78466   -54.395   153.734   -84.453   -180.33    186.56      1.00
   4.54717   2.30732   1.62102   -63.205   139.960   -44.337   -180.33    166.68      1.00
   2.85225   2.70719   3.36049   -69.761   157.088   -53.269   -180.32    181.45      1.00
   2.54018   0.79562   3.17511   -41.924   156.866   -68.534   -180.30    178.43      1.00
   0.30845   2.47205   0.22348   -75.079   139.677   -45.974   -180.13    168.39      1.00
   2.63443   2.58228   3.10307   -70.280   155.520   -54.952   -179.99    180.90      1.00
   2.59317   0.79584   3.20583   -42.316   157.893   -68.788   -179.96    179.23      1.00
   2.16179   0.14425   3.07467   -51.584   106.538   -62.459   -179.84    138.97      1.00
   0.43454   1.58028   0.00172   -73.266   145.555   -51.104   -179.80    172.21      1.00
   2.72776   2.66116   3.28714   -69.735   157.573   -54.385   -179.79    181.94      1.00
  -0.24574   1.77938   2.90628   -58.673   143.686   -38.369   -179.66    165.69      1.00
   4.51054   2.33363   2.15331   -30.973   160.151   -43.306   -179.62    175.62      1.00
  -0.02006   1.35487   2.44140   -35.657   157.770   -30.870   -179.44    166.61      1.00
   2.84846   2.34958   2.90911   -73.594   147.342   -51.387   -179.19    176.03      1.00
   2.99681   1.59481   0.74161   -62.403   130.701   -60.872   -179.14    166.89      1.00
   1.64418   1.10922   0.75910   -54.261   153.770   -84.336   -179.05    186.29      1.00
   5.85139   2.47228   0.12891   -75.735   145.418   -60.398   -178.56    176.28      1.00
   3.93971   0.38489   5.70976   -18.358   141.485   -50.993   -178.49    159.06      1.00
   3.00913   2.27778   3.01460   -73.564   146.490   -50.444   -178.38    175.17      1.00
   2.06602   2.18496   2.32917   -72.785   147.013   -57.281   -178.31    176.79      1.00
   2.10494   2.19099   2.33275   -73.074   146.434   -56.879   -178.21    176.43      1.00
   4.50218   1.32112   2.34970   -45.234   119.329   -67.924   -177.96    149.51      1.00
   1.80546   1.01176   2.03074   -40.007   149.737   -35.397   -177.77    166.19      1.00
   5.57794   2.10728   0.60282   -72.948   148.718   -51.787   -177.74    174.01      1.00
   2.71445   2.32131   2.80573   -73.510   147.152   -52.633   -177.71    176.11      1.00
   3.11663   1.21865   3.45390   -74.021   144.931   -45.908   -177.70    169.63      1.00
   0.45155   0.56516   2.46628   -20.862   154.561   -63.575   -177.68    172.20      1.00
   0.85291   0.99434   5.13284   -69.190   128.389   -77.902   -177.65    166.48      1.00
   3.87899   0.31698   5.73043   -18.179   141.744   -52.372   -177.59    159.55      1.00
   0.44149   0.92020   5.35773   -67.427   154.945   -70.284   -177.55    185.62      1.00
   3.01706   1.69619   3.03010   -75.087   139.783   -47.234   -177.52    168.48      1.00
   5.57770   2.07320   0.60987   -72.852   148.602   -51.944   -177.52    173.93      1.00
   4.31106   0.63421  -0.17356   -36.531   154.296   -34.493   -177.45    171.46      1.00
   4.33421   1.19020   0.85892   -69.474   135.397   -37.723   -177.42    163.48      1.00
   0.89162   1.07071   4.90241   -56.863   115.156   -76.502   -177.22    151.10      1.00
   2.63533   2.37853   2.72737   -73.579   146.626   -52.252   -177.18    175.61      1.00
   1.12387   0.99024   5.71732   -70.890   143.670   -53.997   -176.96    168.77      1.00
   2.50573   1.32595   0.89316   -63.659   140.902   -65.980   -176.73    176.72      1.00
   0.80491   0.98428   5.16569   -69.554   128.125   -77.322   -176.53    166.26      1.00
   5.42773   2.04865   0.64155   -71.742   149.634   -49.972   -176.52    174.09      1.00
   2.86744   3.42294  -0.39171   -19.164   149.124   -48.359   -176.41    160.13      1.00
   5.98252   0.92380   2.72122   -34.035   157.794   -32.739   -176.37    167.90      1.00
   2.70588   0.75491   0.03401   -61.791   137.764   -46.951   -176.35    164.95      1.00
  -0.47394   0.15221   3.48142   -34.826   157.751   -33.807   -176.24    171.62      1.00
   4.03973   1.18001   0.23111   -37.947   153.431   -70.383   -176.19    181.24      1.00
   4.41490   1.37745   2.36407   -45.140   119.281   -69.149   -176.17    150.50      1.00
   4.41347   1.37948   2.36378   -45.123   119.280   -69.141   -176.17    150.50      1.00
   3.99685   1.24860   1.23704   -37.026   113.893   -33.177   -175.99    131.72      1.00
   5.53181   2.78658   1.76864   -19.306   141.423   -49.108   -175.97    151.23      1.00
   0.44455   0.93048   5.39538   -67.302   155.475   -70.417   -175.91    185.90      1.00
   0.63440   1.34048   5.93939   -72.076   141.111   -50.977   -175.85    167.91      1.00
   1.03795   0.44552  -0.02777   -72.748   149.920   -56.799   -175.67    174.51      1.00
   0.09506   0.77125   0.60886   -75.774   139.506   -55.509   -175.58    166.77      1.00
   1.83433   0.96249   2.00802   -39.958   150.265   -35.800   -175.50    166.99      1.00
   0.63514   1.67762   6.05885   -74.044   131.900   -42.135   -175.49    159.96      1.00
   4.04541   1.17432   0.21418   -37.904   153.601   -70.285   -175.47    181.34      1.00
   0.46065   0.55354   2.43520   -20.907   155.062   -63.328   -175.46    172.49      1.00
   3.18939   1.23425   2.85379   -74.793   133.538   -37.073   -175.40    160.55      1.00
  -0.06387   0.26741   5.10214   -61.518   107.892   -52.974   -175.23    141.59      1.00
   2.97137   1.33030   2.77517   -64.803   122.786   -77.074   -175.18    162.40      1.00
   2.98047   1.50659   0.90110   -63.424   131.891   -61.324   -175.16    168.67      1.00
   0.24097   1.39584   3.67630   -19.898   131.002   -68.295   -175.14    154.74      1.00
   2.29451   1.76972   2.51595   -34.419   151.513   -48.864   -175.13    167.02      1.00
   4.42683   1.32681   2.36922   -45.312   119.190   -68.427   -175.11    149.83      1.00
   2.31610   1.78533   2.54582   -34.344   151.533   -49.030   -175.10    166.96      1.00
   5.63584   2.04006   0.60893   -73.483   148.105   -52.823   -175.07    173.95      1.00
   6.05862   1.77371   3.28451   -18.804   143.053   -49.882   -175.07    157.87      1.00
   0.09237   1.16219   3.31559   -21.063   130.698   -41.484   -175.05    144.97      1.00
   2.60447   2.36505   2.69802   -73.708   146.393   -52.674   -175.01    175.60      1.00
   5.72120   2.43639   0.01830   -75.553   145.137   -58.800   -174.94    175.68      1.00
   5.39722   2.04872   0.66544   -71.388   150.118   -49.509   -174.84    174.28      1.00
   1.60473   1.84853   2.71140   -71.155   144.322   -64.596   -174.80    174.97      1.00
   0.13824   1.15934   3.27329   -20.873   131.163   -42.126   -174.78    145.35      1.00
   0.10898   1.15409   3.27764   -20.923   131.230   -41.689   -174.78    145.35      1.00
   2.20967   2.53949   1.20264   -58.615   112.328   -71.502   -174.76    152.84      1.00
   0.93802   1.00734   4.77390   -56.230   114.801   -76.604   -174.72    150.71      1.00
   2.47411   3.40556   5.01183   -53.310   130.661   -32.494   -174.69    147.33      1.00
   6.04599   1.77544   3.29252   -18.868   142.933   -49.632   -174.59    157.76      1.00
   1.21258   2.81535   1.11794   -73.860   148.483   -48.881   -174.55    176.87      1.00
   0.87811   1.20381   0.17030   -75.517   140.450   -52.169   -174.49    168.03      1.00
   2.59054   2.35903   2.67395   -73.661   146.116   -52.829   -174.48    175.45      1.00
   2.05384   2.15788   1.79460   -41.881   153.594   -43.770   -174.36    170.67      1.00
   2.60268   0.84845   3.16602   -42.497   158.233   -68.302   -174.32    179.54      1.00
   4.05043   1.43036   0.69024   -66.925   132.131   -39.728   -174.30    161.54      1.00
   4.29114   1.17243   0.85109   -69.322   134.821   -37.686   -174.20    163.17      1.00
   0.87978   1.20315   0.14172   -75.564   140.038   -52.067   -174.15    167.68      1.00
   0.07053   0.77150   0.62993   -75.754   139.525   -55.306   -174.07    166.71      1.00
   3.99278   1.50336   0.55718   -67.840   130.419   -38.554   -174.05    160.32      1.00
   3.36842   2.19358   2.12161   -51.581   156.229   -52.296   -174.02    181.38      1.00
   4.00603   2.54631   0.56883   -18.744   138.827   -47.861   -173.92    150.98      1.00
   2.10743   1.70278   4.20511   -40.155   163.924   -43.600   -173.83    172.89      1.00
   2.97605   1.46547   0.91151   -63.814   132.036   -61.134   -173.79    168.90      1.00
   4.08134   1.25756   0.23018   -19.246   138.185   -54.200   -173.78    157.07      1.00
   6.01508   1.79849   2.87366   -58.691   143.858   -38.803   -173.70    165.81      1.00
  -0.07048   0.15959   3.04892   -35.004   157.794   -34.273   -173.64    171.55      1.00
   3.96474   1.25203   2.30411   -47.882   155.004   -26.168   -173.63    168.50      1.00
   0.55054   1.08536   4.76658   -43.884   105.006   -56.591   -173.45    131.76      1.00
   5.78311   2.39736   5.01464   -42.462   158.360   -58.217   -173.44    182.07      1.00
   2.48126   2.33117   2.57614   -73.899   145.812   -53.570   -173.43    175.53      1.00
   0.71297   1.46864   4.30366   -34.288   154.173   -51.404   -173.40    171.16      1.00
   1.25020   1.17860   5.70941   -69.533   143.794   -56.988   -173.37    169.90      1.00
   0.00807   0.15799   3.01680   -34.460   157.412   -34.292   -173.28    171.28      1.00
   3.36386   2.19994   2.14036   -51.484   156.172   -52.272   -173.27    181.24      1.00
   3.53804   1.94917   2.97810   -72.714   131.803   -36.009   -173.25    160.12      1.00
   2.96479   1.41041   3.15171   -74.799   144.644   -50.844   -173.22    172.47      1.00
   4.49560   2.33306   2.07038   -30.887   160.654   -42.799   -173.19    175.74      1.00
   2.39024   1.02886   2.25588   -36.573   155.181   -52.337   -173.18    174.64      1.00
   0.05256   1.24605   3.32084   -21.465   130.192   -40.399   -173.14    144.17      1.00
   5.41406   2.00406   0.65219   -71.758   149.438   -49.904   -173.08    173.98      1.00
   5.48282   2.93720   3.85839   -54.768   107.653   -42.898   -173.07    138.54      1.00
   2.63877   2.74114   2.73801   -71.907   153.689   -50.619   -173.06    180.47      1.00
   6.02956   1.78620   3.26518   -18.730   143.401   -49.351   -172.84    157.98      1.00
   1.74958   0.22139   5.18169   -72.645   147.716   -49.775   -172.83    170.26      1.00
   5.39602   2.87969   1.64477   -53.546   130.142   -32.425   -172.82    146.98      1.00
   0.94498   1.05898   5.01738   -60.041   117.619   -76.776   -172.81    153.76      1.00
   0.35890   2.53664   0.39472   -74.940   142.934   -47.868   -172.79    171.14      1.00
  -0.02405   1.25629   2.36795   -37.092   158.492   -31.433   -172.77    167.52      1.00
   4.53102   2.05591   1.42251   -64.889   139.233   -43.982   -172.75    165.88      1.00
   2.00863   2.21128   3.09709   -54.809   153.014   -84.074   -172.71    182.43      1.00
   3.94391   1.25309   2.32373   -47.885   154.669   -26.042   -172.69    168.17      1.00
  -0.13040   0.24666   5.16851   -61.340   107.875   -52.791   -172.62    141.46      1.00
   0.41892   1.00463  -0.02339   -73.461   146.890   -54.865   -172.54    172.73      1.00
   0.08777   2.33028   4.37881   -54.113   108.181   -53.776   -172.45    141.60      1.00
   2.21385   2.26004   2.39718   -73.568   146.343   -55.457   -172.41    176.18      1.00
   3.20365   1.79964   1.82330   -48.039   156.665   -64.868   -172.36    184.98      1.00
   2.32422   2.55000   1.22492   -57.421   111.381   -70.826   -172.35    151.73      1.00
   0.06644   2.33740   6.36630   -74.070   144.054   -48.271   -172.35    171.86      1.00
   5.59618   2.77466   2.35664   -19.984   149.683   -45.338   -172.32    160.12      1.00
   0.59583   1.38586  -0.08239   -73.599   141.369   -53.970   -172.32    169.14      1.00
   5.53381   2.08757   0.65619   -72.258   149.485   -51.292   -172.28    174.25      1.00
   5.72372   2.67441   2.42644   -20.407   149.599   -45.974   -172.28    159.98      1.00
   3.96710   1.39490   0.08996   -18.615   141.697   -55.425   -171.91    160.00      1.00
   0.15294   2.29529   4.43209   -53.963   108.074   -54.174   -171.89    141.38      1.00
   3.34757   2.67898   2.40428   -75.224   135.109   -43.869   -171.80    169.30      1.00
   6.22127   0.19094   5.10256   -60.972   107.624   -52.463   -171.78    140.94      1.00
   4.37482   1.39863   2.40474   -45.413   119.450   -69.680   -171.78    151.15      1.00
   1.86063   1.50253   3.14902   -38.818   136.284   -88.609   -171.78    167.77      1.00
   2.11139   2.49094   1.37410   -65.677   115.824   -69.261   -171.73    156.55      1.00
   2.89291   1.02345   5.35076   -52.147   120.433   -63.825   -171.68    148.29      1.00
   2.70842   0.77586   6.31643   -62.087   137.945   -46.659   -171.65    165.17      1.00
   0.88455   1.23132   0.20584   -75.405   141.237   -52.118   -171.60    168.73      1.00
   4.00265   1.56684   0.56451   -67.735   131.011   -38.442   -171.60    160.56      1.00
   0.95478   1.04820   4.74498   -54.786   114.886   -77.561   -171.57    150.73      1.00
   4.07732   1.37043   0.12365   -18.891   140.870   -53.670   -171.57    158.74      1.00
   4.80982   2.58793   2.67436   -28.032   157.858   -44.667   -171.39    174.23      1.00
   0.32568   1.78706   0.29978   -75.693   141.939   -50.271   -171.33    169.54      1.00
   3.00980   1.38095   3.17937   -74.691   143.169   -49.546   -171.31    170.67      1.00
   3.79050   2.14463   3.57047   -72.698   145.243   -40.962   -171.29    172.25      1.00
   5.97333   1.27414   0.87127   -75.404   139.620   -48.838   -171.27    165.20      1.00
   1.64141   1.82969   2.75000   -71.164   144.456   -64.404   -171.23    175.05      1.00
   3.73392   2.01320   5.16787   -37.401   168.451   -44.646   -171.20    179.46      1.00
   4.65324   1.80240   4.38404   -60.722   150.964   -24.683   -171.19    171.53      1.00
   1.15263   0.95852   4.37924   -51.121   115.091   -79.360   -171.16    150.49      1.00
  -1.43253  -0.03854   7.38223   -66.168   120.263   -36.144   -171.08    143.43      1.00
   4.99406   2.20575   3.73735   -29.307   152.970   -43.842   -171.00    170.59      1.00
   1.60695   1.86944   2.74821   -71.018   144.577   -64.456   -170.97    174.93      1.00
   3.76732   2.71550   6.16933   -24.832   163.707   -55.981   -170.95    175.29      1.00
   5.39865   1.98255   0.64048   -72.067   149.440   -49.764   -170.91    174.15      1.00
   1.37347   1.16523   4.64387   -53.437   166.789   -65.216   -170.75    187.51      1.00
   0.52739   1.02499  -0.09602   -72.943   147.084   -54.963   -170.74    172.79      1.00
   4.49257   0.05618   0.45666   -58.744   106.863   -53.617   -170.60    140.44      1.00
   2.09394   2.35779   0.91698   -50.629   112.080   -76.767   -170.58    151.85      1.00
   5.69351   2.05611   0.61714   -73.753   148.024   -53.603   -170.55    174.12      1.00
   4.75010   2.53920   3.71011   -69.293   128.457   -29.119   -170.49    158.19      1.00
   4.05263   0.29582   5.53541   -18.037   141.978   -51.824   -170.49    159.52      1.00
   0.57033   1.07017   4.70908   -42.769   105.020   -57.043   -170.46    131.64      1.00
   3.11766   1.79758   2.46251   -66.675   121.420   -72.773   -170.45    162.62      1.00
   1.41713   1.06604   4.49765   -55.001   166.565   -65.053   -170.40    187.81      1.00
   5.26671   2.87703   1.52355   -53.584   129.907   -32.633   -170.23    146.91      1.00
   3.58638   2.69374   0.32851   -22.400   117.667   -52.710   -170.22    134.78      1.00
   1.47698   0.77738   4.30243   -65.690   122.147   -74.887   -170.08    158.37      1.00
   1.39166   0.73215   4.36463   -66.111   121.720   -74.601   -170.01    158.31      1.00
   4.46887   1.25798   2.80727   -30.226   163.584   -56.150   -169.93    178.77      1.00
   1.11997   2.03704   2.28209   -70.220   133.020   -49.927   -169.88    159.79      1.00
   4.44078   1.30192   2.85775   -30.027   162.990   -55.856   -169.82    178.37      1.00
   2.65370   1.90938   1.99143   -62.884   116.354   -73.684   -169.80    158.15      1.00
   1.08783   2.01137   2.26772   -70.263   133.216   -51.000   -169.80    160.34      1.00
   4.15027   0.57608   4.49925   -38.649   172.337   -54.461   -169.77    188.36      1.00
   0.16162   1.25814   3.25432   -20.866   130.727   -42.110   -169.75    144.61      1.00
   5.58383   2.48500  -0.02069   -75.468   146.312   -57.822   -169.69    176.19      1.00
   5.89159   1.13117   5.38145   -49.998   160.487   -49.063   -169.65    182.28      1.00
   2.15397   2.39919   3.52568   -50.613   154.501   -82.410   -169.58    180.89      1.00
   0.09750   1.08981   3.30325   -21.042   131.517   -41.560   -169.54    145.85      1.00
   5.89406   2.34965   5.36772   -42.584   158.189   -59.844   -169.50    181.30      1.00
   0.79773   1.47211   4.23527   -34.879   154.500   -52.609   -169.47    171.48      1.00
   0.42178   1.35428   6.14106   -73.929   139.406   -50.842   -169.45    166.86      1.00
   2.17240   1.12336   1.47424   -36.414   153.370   -39.753   -169.34    170.38      1.00
   2.84485   1.70949   3.26268   -74.225   146.646   -50.760   -169.29    173.46      1.00
   3.68435   2.70085   6.07025   -25.028   163.983   -56.069   -169.29    175.54      1.00
   1.89165   1.48218   3.15746   -39.171   135.800   -88.642   -169.27    167.52      1.00
   3.53779   2.63344   0.33529   -22.910   116.738   -53.284   -169.26    134.69      1.00
   0.81692   1.15823   4.87183   -54.568   113.254   -75.979   -169.17    149.13      1.00
   0.96502   0.99823   4.96001   -59.272   117.269   -77.013   -169.17    153.26      1.00
   0.38913   1.29527   5.25686   -54.220   110.649   -75.370   -169.01    147.92      1.00
   3.93699   0.28215   5.70391   -18.071   140.925   -52.507   -169.00    158.96      1.00
   4.49599   0.81340   4.57885   -60.680   153.150   -50.693   -168.96    179.80      1.00
   5.27984   0.50461   3.65057   -26.316   153.734   -36.206   -168.96    164.94      1.00
   2.97946   0.87565   3.19762   -75.045   144.806   -48.888   -168.94    171.31      1.00
   2.81185   1.92000   2.04817   -62.803   115.183   -71.421   -168.86    156.52      1.00
   0.52429   1.27806   4.85803   -43.319   104.089   -54.922   -168.81    130.24      1.00
   4.46267   0.82154   4.63179   -60.357   153.332   -51.200   -168.75    180.00      1.00
   1.10252   0.94730   6.01674   -72.314   143.522   -55.163   -168.72    169.36      1.00
   0.08753   2.19948   2.90233   -19.036   145.044   -48.825   -168.66    155.91      1.00
  -0.08685   0.29365   5.09120   -60.644   107.381   -53.194   -168.65    141.07      1.00
  -0.17618   1.38435   3.37665   -57.823   144.212   -38.739   -168.62    168.33      1.00
   2.88710   1.38019   4.39510   -28.164   155.314   -52.356   -168.60    164.28      1.00
   0.89415   2.00107   5.45944   -62.301   112.296   -65.790   -168.54    149.09      1.00
   0.92474   1.96859   5.54613   -63.479   113.812   -67.297   -168.52    151.10      1.00
   5.72287   2.09355   1.73744   -65.475   151.077   -48.537   -168.52    172.78      1.00
   3.38574   1.54613   3.18546   -74.110   139.458   -41.924   -168.47    166.17      1.00
   4.47686   0.80553   4.61048   -60.419   153.324   -50.819   -168.44    179.90      1.00
   0.94833   2.44804   0.07762   -64.033   121.545   -79.213   -168.44    163.55      1.00
   4.80849   2.44682   2.00873   -62.853   141.561   -46.576   -168.40    168.93      1.00
   3.60176   1.97669   2.93247   -72.315   130.361   -35.227   -168.39    159.03      1.00
   5.26275   2.95419   4.62099   -73.269   134.229   -37.191   -168.35    164.95      1.00
   1.08946   0.45562  -0.08072   -72.779   149.739   -57.460   -168.34    174.59      1.00
   2.51125   2.68313   2.75836   -71.063   155.126   -52.240   -168.32    181.09      1.00
   4.38480   2.11775   3.99645   -69.942   152.105   -53.166   -168.31    182.45      1.00
  -0.23884   1.71107   3.02845   -58.111   144.758   -39.057   -168.24    167.22      1.00
  -0.08602   0.93032   0.76674   -75.876   139.882   -52.992   -168.18    166.46      1.00
   2.13766   2.34487   4.58691   -56.944   120.195   -54.365   -168.16    144.61      1.00
   0.20504   0.95539   5.44007   -67.926   153.506   -70.275   -168.16    185.50      1.00
   1.90038   1.98418   2.18890   -72.042   145.854   -59.968   -168.15    176.74      1.00
   2.13740   2.22614   3.38103   -53.271   152.608   -83.781   -168.15    181.01      1.00
   1.41402   1.05114   4.50943   -55.026   166.603   -64.934   -168.12    187.80      1.00
   4.47957   1.32388   2.97090   -29.214   161.636   -57.680   -168.01    177.83      1.00
   0.67875   1.44872   5.89951   -71.344   140.164   -51.514   -167.99    167.50      1.00
   5.70699   2.07827   1.66518   -66.054   150.671   -48.799   -167.98    172.54      1.00
   5.10940   2.96644   3.48867   -55.341   107.677   -43.093   -167.94    138.91      1.00
   2.88537   2.27529   2.22060   -70.931   122.847   -68.291   -167.93    164.29      1.00
   4.41663   2.09889   4.03378   -69.505   152.447   -52.906   -167.91    182.56      1.00
   3.88702   1.74403   3.15447   -38.952   160.461   -42.421   -167.88    175.32      1.00
   0.52228   1.16317   4.80014   -43.258   104.489   -55.454   -167.82    130.79      1.00
   5.91560   0.97068   0.73523   -73.176   147.849   -55.060   -167.81    173.14      1.00
   0.18977   0.16268   2.79484   -34.661   157.732   -34.608   -167.81    171.44      1.00
   4.46144   1.31510   2.96972   -29.232   161.690   -57.267   -167.71    177.67      1.00
   3.10370   2.67444   2.00413   -74.770   131.702   -44.977   -167.70    167.10      1.00
   0.60281   1.02385  -0.12007   -72.419   147.954   -55.353   -167.69    173.39      1.00
   4.50893   1.94351   2.44278   -59.132   142.718   -70.436   -167.69    177.65      1.00
   4.96634   2.49368   1.22096   -25.484   144.055   -33.618   -167.65    151.21      1.00
   0.65778   2.30395   6.09829   -75.078   134.060   -38.424   -167.64    164.27      1.00
   5.72772   2.07786   1.75644   -65.361   151.194   -48.752   -167.59    172.93      1.00
   2.92151   1.51662   3.06199   -74.823   144.279   -51.371   -167.58    172.82      1.00
   3.69633   1.89584   5.27403   -35.192   167.086   -45.159   -167.57    178.19      1.00
   4.72587   2.57045   3.73668   -69.816   128.803   -29.566   -167.43    158.67      1.00
   2.28941   1.16316   2.47567   -36.777   155.343   -52.395   -167.41    173.70      1.00
   3.99988  -0.09448   1.48440   -30.880   146.156   -53.904   -167.38    163.05      1.00
   4.89266   2.88876   4.21079   -73.100   133.222   -36.147   -167.36    164.08      1.00
   5.97521   1.77956   2.98640   -58.888   143.793   -38.968   -167.33    166.58      1.00
   4.50442   0.82388   4.55586   -61.004   153.098   -50.764   -167.32    179.86      1.00
   1.45088   0.73456   4.30098   -65.525   121.518   -74.853   -167.29    157.97      1.00
   1.92870   2.76828   1.99688   -73.444   150.534   -50.753   -167.26    178.40      1.00
   2.16617   2.22466   3.41827   -53.357   152.450   -83.648   -167.25    180.81      1.00
   3.65782   0.55877   5.32556   -57.286   136.332   -72.677   -167.23    171.39      1.00
   3.42645   2.53049   0.23473   -22.981   116.805   -55.005   -167.23    135.65      1.00
   2.41086   2.12141   3.93066   -53.717   156.084   -81.343   -167.19    182.44      1.00
   0.97147   2.27079   5.80203   -66.744   113.579   -63.774   -167.19    152.36      1.00
   3.59381   0.85965   3.39732   -74.268   146.660   -54.690   -167.13    173.87      1.00
   3.76074   0.56915   5.19978   -57.655   136.897   -72.146   -167.09    171.73      1.00
   3.17425   1.11657   2.98947   -74.977   136.079   -38.224   -167.08    162.15      1.00
   3.48713   0.80008   3.55400   -73.899   148.162   -55.651   -167.06    174.78      1.00
   6.10044   0.82563   2.66822   -33.752   158.162   -34.429   -167.05    168.58      1.00
   4.18210   2.48559   0.55926   -19.692   143.500   -47.282   -167.05    154.73      1.00
   5.94428   0.96981   0.69573   -73.631   147.357   -55.221   -167.02    172.97      1.00
   3.75527   0.91464   2.67543   -75.192   148.638   -58.093   -167.00    178.91      1.00
   2.94611   0.94825   2.30363   -39.464   154.995   -66.316   -166.99    179.14      1.00
   4.67851   0.63213   2.82935   -72.351   154.149   -58.601   -166.98    181.40      1.00
   2.73910   0.83241   3.14346   -43.304   158.541   -68.321   -166.90    179.83      1.00
   0.30182   2.66836   2.93318   -18.782   143.040   -46.625   -166.82    152.02      1.00
  -0.09227   2.40768   1.29131   -40.958   168.909   -43.020   -166.82    177.54      1.00
   4.67234   1.88447   2.02291   -58.132   158.088   -42.689   -166.76    179.38      1.00
   0.64982   1.41473   4.33217   -34.901   154.175   -51.630   -166.73    171.75      1.00
   3.53543   0.43849   1.75442   -55.547   106.505   -61.374   -166.70    140.84      1.00
   4.67263   1.87975   2.01186   -58.190   158.030   -42.692   -166.68    179.31      1.00
  -0.05091  -0.00830   5.54144   -30.847   146.345   -53.380   -166.66    163.16      1.00
   2.22133   1.66597   4.61205   -41.039   154.925   -83.901   -166.66    178.77      1.00
   0.94740   1.94361   2.22099   -55.263   159.154   -81.173   -166.60    186.88      1.00
   5.55664   2.18827   0.56476   -73.151   147.965   -50.939   -166.60    173.24      1.00
   2.25531   1.80016   3.43069   -46.444   162.250   -45.099   -166.53    174.72      1.00
   6.15686   2.45653   1.27952   -40.361   168.768   -43.072   -166.51    177.30      1.00
   3.59600   1.05664   5.83277   -22.314   140.581   -36.850   -166.48    152.68      1.00
   3.33719   1.92570   0.73423   -62.494   134.907   -59.045   -166.47    169.41      1.00
   0.17955   1.65844   3.18040   -18.211   147.196   -50.988   -166.43    160.52      1.00
   0.07186   1.13985   3.30952   -21.218   131.156   -40.696   -166.42    145.24      1.00
   1.72728   2.55604   1.21546   -41.904   155.611   -48.051   -166.37    174.07      1.00
   0.01225   2.33306  -0.00744   -74.618   142.796   -47.253   -166.37    171.04      1.00
   3.01575   1.70130   0.50301   -21.477   128.889   -69.488   -166.35    155.03      1.00
   2.89304   1.36952   4.37117   -28.383   155.548   -52.352   -166.33    164.55      1.00
  -0.22375   1.54320   4.64448   -67.370   137.817   -55.444   -166.27    172.62      1.00
   4.42810   2.09955   4.05463   -69.210   152.549   -52.622   -166.25    182.45      1.00
   0.90980   1.99520   5.41849   -61.558   112.423   -66.379   -166.23    149.08      1.00
   5.71714   0.86182  -0.06002   -68.944   117.028   -39.798   -166.22    144.77      1.00
   2.38178   1.59843   5.52207   -33.769   147.475   -84.901   -166.22    173.53      1.00
   2.29461   2.72952   2.35848   -73.103   150.494   -52.305   -166.21    178.79      1.00
   5.31061   2.90578   4.61754   -72.971   133.220   -36.466   -166.21    164.08      1.00
   3.98707   1.51103   5.75807   -30.831   151.646   -30.214   -166.17    162.47      1.00
   2.99076   1.56089   0.93189   -63.580   131.511   -61.224   -166.13    168.40      1.00
   0.30282   2.64117   1.79193   -43.269   125.508   -35.839   -166.06    136.82      1.00
   1.75984   2.74900   1.84566   -73.289   150.886   -51.358   -165.95    178.66      1.00
   6.15366   2.34750   1.23888   -41.326   168.689   -42.453   -165.92    177.30      1.00
   4.80448   2.48272   3.65700   -68.224   127.647   -28.023   -165.89    157.06      1.00
   0.12994   1.38106   1.60872   -65.573   139.973   -74.945   -165.86    171.46      1.00
   1.80210   2.75960   0.42374   -53.731   109.956   -70.415   -165.81    149.19      1.00
   0.61547   1.08418   5.99192   -72.831   143.984   -55.260   -165.79    170.78      1.00
   4.14448   0.59882   6.24835   -36.304   154.147   -35.608   -165.66    171.61      1.00
   3.98030   1.32378   0.21016   -18.608   138.814   -56.491   -165.65    158.24      1.00
   5.01794   2.50994   1.24959   -25.270   144.342   -33.834   -165.64    151.33      1.00
   3.31654   2.22731   2.11317   -51.678   156.034   -52.103   -165.63    181.16      1.00
   4.74779   0.66111   2.73416   -72.357   153.345   -57.656   -165.62    180.44      1.00
   0.20025   2.72261   2.51692   -52.872   134.131   -32.919   -165.62    149.26      1.00
   0.69449   1.47519   4.31614   -34.371   154.005   -51.142   -165.62    171.05      1.00
   3.63719   0.57101   5.38445   -57.339   136.370   -72.655   -165.61    171.59      1.00
   0.85430   0.98965   5.71851   -72.006   140.792   -50.384   -165.60    166.20      1.00
   0.40817   1.75927   4.64077   -53.605   106.842   -50.518   -165.59    137.08      1.00
   5.76767   2.15847   0.58326   -74.381   146.621   -53.774   -165.58    173.20      1.00
   3.52786   1.96503   3.08475   -73.107   130.972   -36.608   -165.57    159.32      1.00
   0.81485   2.15572   1.18973   -74.477   149.840   -54.880   -165.57    177.08      1.00
   0.23025   2.77643   2.38935   -54.064   133.951   -32.296   -165.49    148.82      1.00
   4.99363   1.28162   0.91777   -52.442   123.434   -21.651   -165.48    138.22      1.00
   0.82526   0.52017   2.12787   -21.323   154.475   -66.043   -165.48    173.16      1.00
   2.18888   2.38208   4.67021   -56.915   120.363   -54.471   -165.39    145.01      1.00
   4.67440   2.65149   2.46504   -28.206   157.932   -43.809   -165.36    173.97      1.00
   3.96818   0.43513   5.62544   -18.595   142.589   -50.377   -165.35    159.70      1.00
   0.74454   2.35587   6.27784   -75.245   136.694   -40.011   -165.30    166.73      1.00
   3.87310   0.58049   5.07985   -57.587   137.101   -71.666   -165.27    171.72      1.00
   4.43010   2.09242   4.00587   -69.886   151.842   -52.536   -165.26    182.21      1.00
   2.34845   1.33333   1.10749   -65.182   142.957   -66.191   -165.25    178.73      1.00
   4.10790   3.40216   3.94126   -73.673   147.676   -47.656   -165.19    176.20      1.00
   4.47355   1.91974   2.44231   -58.659   143.142   -70.787   -165.16    177.93      1.00
   6.21231   2.12453   5.35020   -65.128   117.523   -32.986   -165.15    145.94      1.00
   0.75790   2.34748   0.00180   -75.313   136.594   -40.039   -165.13    166.67      1.00
   2.32708   1.13132   2.35188   -36.989   155.558   -52.130   -165.11    174.44      1.00
   1.04745   1.98005   2.21848   -70.495   132.915   -52.361   -165.10    160.65      1.00
   3.25425   1.21339   2.75641   -74.440   132.326   -36.294   -165.06    159.57      1.00
   4.37622   2.40115   2.14147   -30.120   158.720   -41.431   -165.04    174.19      1.00
   1.52022   1.08370   0.19740   -55.473   151.548   -84.992   -165.01    182.74      1.00
   0.98143   2.45901   0.11795   -64.382   121.604   -78.825   -164.88    163.58      1.00
   0.43434   0.63228   2.57317   -19.949   153.019   -63.274   -164.81    170.79      1.00
   0.87886   1.22061   0.05822   -75.317   138.600   -51.525   -164.79    166.30      1.00
   2.68572   2.60812   1.93644   -71.066   124.440   -69.903   -164.77    166.62      1.00
   0.45260   1.55544   0.04716   -73.554   145.896   -51.771   -164.77    172.57      1.00
   0.79143   1.24627   6.36697   -75.416   138.927   -50.664   -164.65    166.31      1.00
   5.27701   1.37703   1.76051   -31.659   165.325   -64.567   -164.65    180.79      1.00
   4.40360   1.34475   2.94956   -29.361   162.029   -55.096   -164.65    177.38      1.00
   1.50996   1.38683   0.38224   -56.514   146.760   -86.346   -164.63    181.00      1.00
   1.68662   2.80086   1.69895   -73.535   149.572   -50.551   -164.60    177.75      1.00
   4.96867   2.35107   3.11171   -37.828   157.733   -37.834   -164.55    175.04      1.00
   4.46962   1.32971   3.03632   -28.797   160.909   -57.506   -164.55    177.10      1.00
   2.03636   2.54603   1.45491   -42.360   155.428   -49.391   -164.53    174.98      1.00
   0.66625   0.99220   6.06144   -72.309   146.370   -54.991   -164.53    171.94      1.00
   3.33250   2.70510   2.29347   -75.545   132.853   -43.271   -164.49    167.78      1.00
   1.84343   2.52929   1.34386   -41.730   155.102   -47.676   -164.48    173.52      1.00
   1.04994   0.40757   6.18513   -73.179   149.493   -56.742   -164.47    174.23      1.00
   1.49569   1.09162   0.17747   -56.273   151.577   -84.910   -164.40    182.87      1.00
   6.06006   1.54920   4.66664   -67.333   138.097   -55.573   -164.38    172.83      1.00
   2.44215   1.48157   1.16026   -66.545   141.118   -66.000   -164.35    178.00      1.00
   5.88687   1.16323   5.29409   -49.822   160.381   -49.395   -164.35    182.64      1.00
  -0.08235   1.47791   0.41140   -75.141   141.233   -53.308   -164.33    168.48      1.00
   4.90552   0.23264   2.50359   -69.970   148.333   -35.288   -164.33    167.07      1.00
   2.99299   0.72803   3.17821   -75.810   141.434   -46.490   -164.30    168.01      1.00
   2.94215   1.31327   3.20084   -74.686   146.780   -51.469   -164.26    174.07      1.00
   0.05475   2.33113   4.36967   -54.159   108.481   -53.288   -164.26    141.77      1.00
   4.48959   0.86797   4.53009   -61.599   152.873   -50.984   -164.16    179.81      1.00
  -0.12219   1.78614   3.19643   -18.351   144.314   -51.215   -164.14    158.62      1.00
   5.90057   2.27766   2.69522   -21.763   148.295   -41.949   -164.09    158.35      1.00
   3.98601   1.88126   3.85497   -73.410   142.776   -49.531   -164.07    172.78      1.00
   5.64815   1.88693   0.91186   -72.897   146.993   -50.294   -164.07    171.68      1.00
   1.45769   3.88809   5.49072   -22.777   154.664   -50.971   -164.04    171.46      1.00
   3.83532   0.28211  -0.53496   -19.040   143.190   -51.308   -164.04    160.56      1.00
   3.04024   0.68533   3.14398   -75.838   141.478   -46.231   -163.98    167.98      1.00
   2.72662   2.60495   1.98207   -71.161   124.531   -69.671   -163.89    166.64      1.00
   1.94430   2.21288   1.96045   -33.297   152.015   -50.312   -163.86    167.65      1.00
   4.77598   2.57733   1.08471   -24.270   143.194   -35.043   -163.81    150.81      1.00
   2.41653   2.36707   2.26571   -41.338   153.908   -45.048   -163.79    170.66      1.00
   0.17766   2.69500   6.00984   -72.645   147.020   -44.572   -163.78    175.74      1.00
   5.72526   0.84985   6.22774   -69.158   117.224   -40.000   -163.73    145.03      1.00
   0.53856   2.63124   0.06319   -72.897   146.985   -47.563   -163.68    176.22      1.00
   1.34069   1.54805   1.27585   -49.790   148.904   -87.099   -163.66    181.31      1.00
   0.08434   1.34902   1.65075   -65.260   140.286   -74.757   -163.64    171.64      1.00
   2.15312   1.70490   4.26420   -39.152   162.940   -42.684   -163.63    171.37      1.00
   1.34175   1.67764   1.54931   -48.504   151.488   -85.770   -163.59    182.39      1.00
   4.98527   2.36728   3.13238   -37.806   157.597   -37.681   -163.59    174.93      1.00
   1.93445   2.21129   1.95198   -33.394   152.002   -50.812   -163.51    167.78      1.00
  -0.06309   2.42245   5.97136   -73.967   142.539   -49.605   -163.50    172.69      1.00
   3.34776   2.69759   0.13557   -22.174   117.862   -53.916   -163.48    135.35      1.00
   4.68296   2.25971   1.58286   -58.564   131.649   -70.113   -163.48    166.59      1.00
   2.68526   0.78075   3.02193   -43.319   157.314   -68.557   -163.47    179.63      1.00
   0.67107   0.71345   4.93870   -61.562   118.354   -78.386   -163.44    157.14      1.00
   4.72556   2.56375   2.54712   -28.383   158.493   -44.013   -163.41    174.57      1.00
   3.82378   2.46207   0.38367   -18.767   139.748   -48.993   -163.41    152.43      1.00
   0.82699   1.24616   6.33635   -75.170   138.509   -51.107   -163.40    166.05      1.00
   5.11951   0.23762   2.19220   -70.559   146.955   -35.286   -163.38    165.88      1.00
   2.19472   2.38706   4.68868   -56.942   120.487   -54.388   -163.35    145.15      1.00
   0.70036   1.79942   6.04183   -73.975   132.712   -41.516   -163.35    161.18      1.00
   0.01541   1.83573   2.69180   -24.441   140.634   -33.965   -163.34    148.83      1.00
   1.06700   2.87567   0.86051   -73.627   146.933   -48.084   -163.30    175.85      1.00
   0.66328   2.27521   6.08901   -75.079   133.603   -38.467   -163.27    163.83      1.00
   3.04777   1.81492   1.73712   -72.176   135.749   -59.414   -163.26    173.98      1.00
   6.01424   2.61406   4.39025   -53.904   107.206   -49.502   -163.26    139.86      1.00
   3.87061   1.03150   1.12477   -69.553   131.067   -40.133   -163.23    162.04      1.00
   2.37817   2.17034   3.89710   -53.977   155.933   -81.563   -163.22    182.50      1.00
   1.63413   1.44105   3.22597   -36.165   134.465   -87.438   -163.19    165.26      1.00
   0.14281   2.01832   0.30284   -74.712   143.999   -51.807   -163.17    171.58      1.00
   3.16236   1.69868   4.94198   -67.529   133.315   -40.658   -163.16    156.36      1.00
   5.16557   2.49132   2.34493   -62.862   140.009   -47.480   -163.15    167.78      1.00
   0.45795   2.71015   3.07242   -18.276   142.829   -48.011   -163.14    152.02      1.00
   5.89883   1.61231   0.32238   -31.511   129.974   -47.692   -163.11    142.87      1.00
   3.05700   1.78206   1.71308   -72.065   135.129   -59.618   -163.07    173.55      1.00
   0.81441   1.07814   0.12508   -74.816   143.553   -53.839   -163.06    170.24      1.00
   1.87852   2.53697   1.31184   -41.810   155.176   -49.338   -163.05    174.34      1.00
   1.66544   1.44367   3.19776   -36.172   134.693   -87.564   -163.00    165.53      1.00
   4.10282   1.36704   1.25576   -37.053   114.766   -32.060   -163.00    131.74      1.00
   3.36812   0.22852   1.89957   -54.170   106.559   -61.738   -162.98    140.08      1.00
  -0.17849   1.36673   3.44558   -57.672   144.701   -38.601   -162.98    168.96      1.00
   3.37768   2.17063   5.26772   -38.191   123.699   -36.566   -162.98    135.74      1.00
   4.98582   2.84135   1.20372   -53.735   129.213   -32.456   -162.96    146.27      1.00
   4.39784   2.29854   1.99541   -31.749   160.386   -41.674   -162.95    175.51      1.00
   4.00036   1.24434   1.16535   -36.489   114.055   -33.229   -162.94    131.84      1.00
   1.46853   1.89373   4.45594   -32.574   154.188   -45.573   -162.92    165.06      1.00
   1.70511   1.04623   0.10969   -41.793   148.255   -88.214   -162.88    177.61      1.00
   4.43241   1.86610   2.34801   -32.419   164.469   -45.652   -162.82    179.75      1.00
   4.07712   1.44996   1.42416   -39.493   112.766   -32.640   -162.79    130.90      1.00
   6.06713   1.85980   1.25255   -52.151   119.678   -40.603   -162.75    136.07      1.00
   4.60862   1.31570   2.35296   -45.499   119.188   -66.971   -162.72    148.82      1.00
   1.95212   2.14421   3.63230   -45.655   155.908   -83.852   -162.71    181.21      1.00
   0.74740   1.21622   0.07814   -75.401   140.319   -51.246   -162.70    167.46      1.00
   3.55914   2.85650   0.23862   -21.448   118.961   -52.090   -162.68    134.74      1.00
   2.95414   1.51699   3.47902   -75.646   142.556   -48.075   -162.65    169.02      1.00
   5.93970   0.98152   0.68990   -73.958   147.170   -55.018   -162.61    172.92      1.00
   0.74418   1.86413   5.02307   -24.509   134.673   -54.960   -162.60    152.07      1.00
   1.18919   1.39922   3.24984   -30.162   134.186   -83.994   -162.59    162.96      1.00
   1.25595   0.56362   5.99232   -47.458   121.097   -44.088   -162.57    135.64      1.00
   2.06769   2.15975   4.48257   -55.864   119.053   -53.473   -162.52    142.33      1.00
   2.13701   2.21327   2.06391   -33.761   151.979   -50.840   -162.46    168.41      1.00
   0.89897   1.97387   2.22497   -55.070   159.983   -80.673   -162.45    187.17      1.00
   2.30218   1.53217   5.47754   -35.391   147.869   -85.767   -162.45    174.21      1.00
   5.96622   1.74822   3.56390   -18.566   139.714   -50.269   -162.42    156.42      1.00
   3.03403   1.79339   1.77361   -72.385   136.389   -59.739   -162.36    174.55      1.00
   0.76208   2.37763   6.22171   -75.219   135.562   -39.850   -162.33    166.08      1.00
   2.93164   1.34672   2.77412   -64.435   123.070   -77.801   -162.23    162.80      1.00
   0.60464   2.58885   0.12823   -73.119   146.947   -47.897   -162.19    176.21      1.00
   3.79226   2.20495   2.74855   -48.006   157.278   -67.930   -162.14    185.79      1.00
   6.16675   2.15308   5.36288   -65.689   118.304   -32.841   -162.12    146.77      1.00
   1.97592   2.13834   3.66261   -46.261   156.001   -83.931   -162.08    181.46      1.00
   5.29425   2.87717   2.01888   -20.026   150.293   -45.346   -162.05    160.59      1.00
   2.88147   2.76228   4.45932   -38.232   123.445   -42.956   -161.98    135.56      1.00
   0.00543   1.43102   3.47606   -17.085   137.359   -64.575   -161.98    158.29      1.00
   3.88280   0.15028   1.13451   -61.136   108.158   -50.605   -161.89    141.20      1.00
   4.60191   1.17790   2.21720   -33.607   165.979   -46.229   -161.89    177.77      1.00
   0.07438   1.98907   0.27404   -74.780   144.230   -50.605   -161.87    171.41      1.00
   0.00159   2.05017   5.36816   -64.290   116.012   -34.274   -161.86    144.38      1.00
  -0.19891   2.39953   5.71305   -41.115   159.171   -59.974   -161.85    180.64      1.00
   2.42892   1.29348   1.02405   -64.449   141.927   -66.584   -161.84    177.98      1.00
   2.17002   2.62909   1.02994   -57.533   110.729   -70.107   -161.83    150.89      1.00
   0.26961   2.77343   2.45147   -53.417   134.427   -32.484   -161.75    149.10      1.00
   3.06280   1.78935   1.76575   -72.543   135.736   -59.522   -161.71    174.08      1.00
   1.22314   1.40076   3.24159   -30.443   134.268   -84.380   -161.68    163.19      1.00
   2.77271   1.63387   1.85757   -61.907   151.372   -41.613   -161.59    177.20      1.00
   2.74559   2.58991   2.00143   -71.143   124.365   -69.750   -161.59    166.55      1.00
   3.00961   1.75788   1.76128   -72.271   136.213   -60.297   -161.58    174.54      1.00
   4.13715   1.40366   1.16381   -39.492   109.041   -36.743   -161.55    128.90      1.00
   2.40632   2.78945   2.44344   -73.385   150.083   -51.357   -161.52    178.44      1.00
  -0.15618   0.35007   3.68173   -18.142   144.542   -50.294   -161.46    161.83      1.00
   1.23149   0.56357   5.99911   -47.284   121.088   -43.923   -161.46    135.50      1.00
   1.55648   1.77148   2.64692   -70.897   143.713   -65.669   -161.45    175.14      1.00
   1.40431   1.81427   1.74522   -49.262   146.981   -87.056   -161.44    179.34      1.00
   0.96438   0.87214  -0.12987   -73.013   144.234   -54.437   -161.43    169.72      1.00
   0.94412   1.96150   2.24015   -55.157   159.161   -81.016   -161.43    186.74      1.00
   1.37342   0.82002   3.80418   -33.058   150.169   -50.779   -161.40    165.89      1.00
  -0.52326   0.90007   5.25405   -52.404   160.654   -48.879   -161.39    184.18      1.00
   2.98687   0.97797   2.26215   -39.506   154.996   -66.364   -161.36    179.33      1.00
   5.70459   1.96338   0.94239   -72.653   147.313   -50.485   -161.34    171.75      1.00
   4.11257   2.45653   3.79660   -72.443   144.970   -38.428   -161.31    172.55      1.00
   3.11922   2.00683   2.77935   -74.649   132.116   -38.680   -161.29    161.58      1.00
   2.97407   1.49207   0.82829   -63.281   130.094   -60.589   -161.28    166.80      1.00
   5.06337   1.27030   1.98258   -72.837   143.670   -46.104   -161.26    170.10      1.00
   3.98684   1.14618   2.38185   -48.480   156.604   -26.895   -161.26    169.51      1.00
   1.60926   2.76331   0.11642   -53.271   109.810   -70.334   -161.23    148.86      1.00
   1.86755   2.71739   0.57308   -54.420   110.129   -70.619   -161.23    149.50      1.00
   2.94718   1.28096   3.25321   -74.307   148.153   -51.672   -161.23    174.87      1.00
   4.16145   2.88847   4.02429   -72.497   149.295   -48.476   -161.21    177.97      1.00
   2.96678   1.01984   2.41905   -40.206   155.022   -67.134   -161.20    179.09      1.00
   4.62369   1.34426   2.36522   -45.413   119.087   -67.023   -161.19    148.87      1.00
   3.80771   2.14148   3.92690   -74.046   141.868   -49.854   -161.18    171.47      1.00
   1.52683   0.73737   4.21410   -65.586   121.592   -74.761   -161.18    157.99      1.00
   4.04152   1.29416   1.34403   -38.614   113.287   -32.528   -161.11    131.11      1.00
   0.89678   1.06011   5.12296   -68.809   128.986   -78.960   -161.10    167.23      1.00
   5.67625   2.09214   1.66100   -65.824   150.750   -48.210   -161.07    172.45      1.00
   1.57871   2.19005   3.04514   -47.700   142.179   -31.676   -161.03    153.71      1.00
   2.19052   2.23223   3.81246   -48.806   156.994   -82.087   -161.02    182.05      1.00
   3.65045   1.06798   5.93674   -21.969   138.862   -36.870   -161.02    151.59      1.00
   4.95103   1.21037   2.77828   -57.173   130.018   -71.575   -161.01    164.01      1.00
   2.06908   2.94424   3.40896   -72.668   139.731   -39.944   -161.00    162.16      1.00
   1.56628   1.10240   0.18369   -55.517   151.210   -85.014   -161.00    182.69      1.00
   5.92958   2.37522   5.45228   -41.707   158.591   -59.923   -160.99    181.15      1.00
  -0.14342   2.40149   5.80109   -41.113   159.325   -60.514   -160.96    180.64      1.00
  -0.09609   1.94825   0.11277   -75.932   140.469   -56.867   -160.95    171.14      1.00
   5.20429   1.97106   2.10938   -64.381   141.950   -40.977   -160.93    165.89      1.00
   2.34935   1.46844   1.21485   -66.967   142.386   -66.474   -160.92    179.04      1.00
   6.10179   1.55786   4.59797   -66.956   137.486   -56.043   -160.86    172.35      1.00
   6.09654   1.55986   4.64649   -67.222   137.905   -55.924   -160.80    172.68      1.00
   1.39528   1.43262   1.38700   -45.162   147.053   -88.141   -160.79    179.32      1.00
   6.01649   0.90455   5.81931   -65.991   115.334   -38.294   -160.79    142.33      1.00
   1.54488   2.16538   2.99000   -47.858   142.361   -31.758   -160.77    154.10      1.00
   0.36317   2.19062   5.03738   -48.085   106.518   -65.465   -160.70    141.05      1.00
   2.39901   2.33683   2.22940   -41.702   154.170   -45.188   -160.65    171.14      1.00
   1.20048   0.21258   3.05463   -18.838   133.273   -69.074   -160.61    159.12      1.00
   5.91351   2.05450   2.00138   -63.772   150.714   -45.763   -160.59    171.36      1.00
   5.96493   2.67642   4.30084   -52.575   106.909   -49.901   -160.59    139.25      1.00
   1.62757   2.41375   0.15716   -45.190   112.795   -79.055   -160.58    150.86      1.00
   2.22635   1.68975   4.36581   -37.583   162.263   -41.525   -160.57    169.90      1.00
   0.17563   1.43816   3.56432   -18.908   133.784   -67.039   -160.50    156.28      1.00
   3.08555   2.66006   2.10254   -75.817   134.066   -45.189   -160.48    169.19      1.00
   3.31912   1.79882   3.70486   -34.559   156.187   -45.250   -160.45    167.47      1.00
   3.07734   1.62450   2.63071   -64.371   123.578   -78.077   -160.41    164.66      1.00
   0.94849   0.97719  -0.15980   -73.158   142.648   -54.956   -160.40    168.94      1.00
   3.15859   0.84050   0.61650   -22.048   126.833   -69.498   -160.39    154.75      1.00
   4.05253   1.27266   0.54601   -68.503   129.519   -39.909   -160.37    160.49      1.00
   0.39727   1.98630   0.34049   -73.469   148.769   -52.115   -160.35    175.49      1.00
   2.63735   0.84289   3.39701   -59.431   123.197   -84.137   -160.30    161.10      1.00
   6.03466   2.45798   2.74346   -20.509   147.049   -43.511   -160.27    156.98      1.00
   1.60270   2.20507   3.04258   -47.605   142.411   -31.783   -160.26    153.86      1.00
   0.03080   1.69464   0.27629   -76.252   132.402   -45.305   -160.26    160.05      1.00
   6.15469   1.94904   0.11793   -75.791   140.364   -56.410   -160.25    170.81      1.00
   0.18041   1.55659   3.26675   -17.553   146.644   -52.705   -160.18    161.06      1.00
   5.15121   2.48688   1.34256   -25.406   144.738   -33.782   -160.18    151.43      1.00
   4.65105   0.60740   2.94946   -71.538   156.059   -59.272   -160.15    183.03      1.00
   5.29263   0.14928   5.91747   -53.615   137.219   -81.501   -160.11    175.44      1.00
   1.44924   1.86846   4.42516   -32.935   154.399   -45.921   -160.11    165.47      1.00
   0.06931   0.18186   0.72784   -75.034   141.348   -60.313   -160.10    169.59      1.00
   0.24195   2.63211   1.69343   -43.173   125.359   -35.975   -160.09    136.67      1.00
   2.25763   2.21485   4.75829   -56.310   120.831   -53.272   -160.04    144.44      1.00
   3.34174   2.70044   0.20254   -22.876   116.910   -53.953   -160.04    135.04      1.00
   3.48155   2.00921   3.09673   -74.085   150.432   -53.952   -159.95    181.04      1.00
   3.61984   1.50666   2.66465   -42.064   122.178   -72.794   -159.94    153.96      1.00
   2.95937   1.02264   2.40187   -40.080   155.154   -67.064   -159.93    179.25      1.00
   1.80257   2.45322   1.20188   -42.099   155.707   -48.862   -159.87    174.69      1.00
   1.36501   0.84465   3.81333   -32.984   150.180   -50.736   -159.82    165.80      1.00
   3.67133   0.44977   1.58662   -55.439   106.073   -60.696   -159.76    140.44      1.00
   5.99877   0.91812   5.84019   -66.064   115.501   -38.010   -159.74    142.40      1.00
   0.38250   1.36707   3.57833   -19.991   132.474   -70.547   -159.73    156.34      1.00
   1.57799   1.53773   0.92133   -57.869   153.234   -83.593   -159.70    187.09      1.00
   1.54608   2.14672   3.04532   -47.758   142.051   -31.758   -159.66    153.79      1.00
   4.37106   1.02366   2.73226   -29.442   162.153   -48.070   -159.56    173.33      1.00
   3.94717   1.61293   0.62882   -66.942   131.838   -37.329   -159.55    160.74      1.00
   1.18427   0.61384   5.75924   -67.849   157.855   -58.363   -159.53    179.81      1.00
   3.98892   1.07479   0.76153   -67.533   128.848   -38.336   -159.46    159.21      1.00
   0.05757   2.28921   4.47055   -55.607   108.335   -52.848   -159.46    142.10      1.00
   0.54536   0.37918   0.52974   -76.056   135.180   -51.636   -159.45    162.38      1.00
   0.04559   2.41743   1.40904   -44.539   124.439   -35.903   -159.42    136.24      1.00
   2.19477   2.24997   4.70762   -56.551   120.641   -53.786   -159.42    144.63      1.00
   3.33797   0.62144   2.09439   -58.617   108.565   -62.350   -159.41    143.59      1.00
   2.75251   0.32763   2.44022   -54.478   107.365   -65.026   -159.40    142.32      1.00
   3.01845   1.58451   4.67860   -45.094   153.799   -85.476   -159.40    181.04      1.00
   4.04789   1.52141   1.32584   -37.687   113.141   -33.385   -159.39    131.20      1.00
   1.99858   1.12769   0.06174   -49.878   150.639   -86.569   -159.37    182.63      1.00
   1.51290   2.08149   3.00120   -48.078   142.364   -31.921   -159.36    154.52      1.00
   0.94408   2.42613   0.04426   -62.889   121.582   -80.271   -159.35    163.58      1.00
   6.52249   0.86019   5.44432   -67.985   154.482   -69.277   -159.29    185.63      1.00
   0.91646   2.55050   5.59764   -53.340   108.163   -68.008   -159.28    145.64      1.00
   5.76850   2.19614   0.53826   -74.897   145.755   -53.195   -159.28    172.61      1.00
   1.26318   1.40564   3.21205   -30.971   134.659   -84.751   -159.26    163.72      1.00
   2.01289   1.65251   1.40889   -41.172   156.869   -44.063   -159.26    174.71      1.00
   4.35363   2.32513   2.00456   -31.475   159.870   -41.064   -159.22    175.06      1.00
   0.12513   1.19118   0.38586   -76.827   131.958   -47.301   -159.17    159.26      1.00
   6.01327   2.33388   2.73784   -20.966   148.880   -43.144   -159.12    158.78      1.00
   5.23827   2.00550   2.16379   -63.936   142.181   -41.320   -159.10    166.18      1.00
   1.21595   1.08071   5.71519   -69.940   144.522   -55.468   -159.10    169.81      1.00
   3.84112   2.15447   3.93980   -74.071   141.756   -49.510   -159.08    171.44      1.00
   3.38900   1.60182   4.22226   -56.827   122.900   -70.521   -159.08    154.20      1.00
   3.63945   1.03275   5.93463   -21.633   138.586   -36.960   -159.06    151.34      1.00
   5.31444   2.26580   1.37191   -23.462   126.701   -54.692   -159.06    140.80      1.00
   3.81172   2.17554   3.95909   -74.006   142.326   -50.268   -159.04    171.91      1.00
   4.53807   1.26872   2.91276   -29.254   162.047   -58.973   -159.02    178.32      1.00
   4.79406   1.85273   5.82629   -53.705   166.304   -45.191   -159.00    185.01      1.00
   6.20779   1.88674   5.30502   -62.098   114.903   -33.983   -159.00    142.42      1.00
   3.30105   0.62991   2.07222   -58.340   108.609   -62.990   -158.95    144.06      1.00
   6.05432   1.00047   0.62950   -74.299   147.081   -55.813   -158.95    173.08      1.00
   2.95403   2.14356   2.88818   -74.460   145.378   -52.978   -158.93    175.65      1.00
   2.99493   1.56924   1.21720   -65.723   132.879   -61.998   -158.91    170.67      1.00
   6.03821   2.39193   5.65937   -41.049   159.171   -60.039   -158.87    180.80      1.00
   2.84567   1.45259   3.51604   -75.625   143.564   -49.292   -158.82    169.86      1.00
   0.53990   0.55654   0.48436   -60.337   166.289   -59.539   -158.80    184.62      1.00
   1.03852   0.82506   5.71108   -71.580   142.894   -50.765   -158.73    167.02      1.00
   0.90947   1.68817   3.70483   -30.007   132.560   -83.526   -158.69    161.40      1.00
   4.41109   1.19730   0.92757   -69.862   137.321   -38.078   -158.68    164.79      1.00
   3.66657   2.67493   0.54957   -18.728   135.881   -62.958   -158.68    154.92      1.00
   1.54512   2.10032   3.06179   -47.899   142.264   -31.773   -158.68    154.19      1.00
   4.51635   1.01185   4.54909   -62.035   152.204   -50.251   -158.64    179.36      1.00
   1.87566   1.81634   4.74908   -65.871   151.176   -45.935   -158.61    172.06      1.00
   0.72137   0.71905   4.87005   -61.146   118.254   -78.233   -158.60    156.84      1.00
   3.17542   0.68799   2.18075   -58.086   109.195   -63.410   -158.60    144.56      1.00
   2.28459   2.21324   4.77169   -56.334   120.902   -53.175   -158.58    144.46      1.00
   1.50730   2.10894   2.98324   -48.013   142.205   -32.014   -158.56    154.28      1.00
   0.93206   2.54402   5.62037   -53.601   108.317   -68.159   -158.55    145.89      1.00
   5.33537   2.28534   1.37683   -23.104   126.830   -54.584   -158.51    140.71      1.00
   0.94636   2.45513   0.11504   -64.794   121.654   -78.578   -158.48    163.56      1.00
   3.34538   0.60459   2.81861   -45.511   158.383   -71.321   -158.42    181.25      1.00
   0.98012   0.17340   5.90879   -73.426   147.386   -49.993   -158.39    170.44      1.00
   2.02650   2.24576   4.42057   -57.210   119.724   -53.898   -158.39    143.75      1.00
   6.48797   2.14691   0.19650   -74.895   144.252   -50.814   -158.39    172.47      1.00
   2.76494   1.06887   0.36257   -59.544   148.850   -68.295   -158.38    182.09      1.00
   3.14691   0.84132   0.63360   -22.153   126.680   -69.684   -158.37    154.74      1.00
   5.13539   2.00213   3.16738   -62.625   140.875   -69.251   -158.36    178.04      1.00
   2.28161   1.97067   0.19675   -22.762   145.163   -43.080   -158.36    158.61      1.00
   0.37339   1.46156   0.47443   -61.140   164.587   -67.585   -158.35    187.40      1.00
   1.79866   2.39463   1.25304   -41.415   155.521   -48.387   -158.33    173.98      1.00
   0.10852   1.06020   3.25458   -20.891   132.428   -41.980   -158.33    146.64      1.00
   5.73224   1.93069   1.02676   -72.459   147.648   -50.136   -158.30    171.77      1.00
   0.54030   1.20372   5.00239   -46.018   104.039   -55.515   -158.30    130.66      1.00
   0.78789   1.22741   0.07725   -75.307   138.411   -50.272   -158.28    165.65      1.00
   3.68789   1.38200   3.41820   -73.602   145.197   -47.738   -158.26    172.21      1.00
   2.25380   2.65263   0.97762   -53.414   110.021   -71.505   -158.24    149.75      1.00
   5.65449   0.23076   5.86547   -69.640   152.541   -54.039   -158.24    181.95      1.00
   2.55932   2.54705   1.33872   -51.747   109.715   -71.385   -158.19    149.05      1.00
   0.97429   2.45085   1.18564   -74.615   148.111   -52.322   -158.18    175.88      1.00
   4.31159   0.20467   5.09145   -46.632   119.777   -27.393   -158.15    140.41      1.00
   2.08856   2.97754   1.92988   -68.974   160.343   -50.028   -158.15    186.28      1.00
  -0.04896   1.37423   2.12963   -38.689   158.571   -30.375   -158.12    166.51      1.00
   3.22681   1.68215   4.93194   -67.461   132.781   -40.207   -158.12    155.93      1.00
   3.02567   1.78976   1.63357   -71.848   134.279   -59.706   -158.11    172.98      1.00
   0.27551   1.26875   3.43383   -18.338   136.484   -68.596   -158.10    158.95      1.00
   1.54770   1.54689   4.83580   -27.416   147.869   -52.305   -158.09    159.17      1.00
   4.18953   1.48335   2.28727   -43.268   119.005   -71.063   -158.08    151.58      1.00
   5.04542   1.24837   1.98067   -73.187   143.605   -46.603   -158.02    170.31      1.00
   4.10832   0.72276   2.67841   -75.439   142.609   -52.523   -157.98    170.93      1.00
   1.69285   2.46725   3.91168   -34.341   139.252   -30.131   -157.97    146.24      1.00
   1.50142   2.06044   2.99878   -48.054   142.270   -32.037   -157.90    154.53      1.00
   5.49787   1.27379   4.45974   -35.824   132.258   -21.248   -157.90    148.62      1.00
   2.05163   0.28622   1.83490   -49.566   157.979   -46.210   -157.90    181.23      1.00
   4.02334   2.57208   0.89916   -19.018   135.236   -60.058   -157.87    153.57      1.00
  -0.06135   1.43728   2.15192   -37.727   158.000   -30.317   -157.82    165.72      1.00
   5.95893   2.07024   2.06269   -63.285   151.270   -46.283   -157.76    171.91      1.00
   4.97261   2.84968   1.18364   -53.616   129.443   -32.317   -157.76    146.36      1.00
   0.83878   0.52113   4.81372   -65.370   121.683   -77.529   -157.74    160.50      1.00
   1.96118   1.75811   1.46911   -41.400   156.263   -44.412   -157.74    173.92      1.00
   5.95393   1.80730   3.33629   -19.021   142.421   -49.240   -157.72    157.65      1.00
   4.56622   1.26859   2.23019   -50.663   133.870   -74.998   -157.72    166.02      1.00
   5.95948   2.49420   0.12689   -76.268   144.808   -62.056   -157.71    176.79      1.00
   4.17937   1.64090   3.92963   -71.824   143.350   -48.034   -157.70    172.75      1.00
   3.05375   2.24333   2.99005   -75.046   140.798   -45.439   -157.65    169.85      1.00
   2.02964   1.12394   0.05633   -49.443   150.682   -86.645   -157.64    182.68      1.00
   4.65535   1.12919   4.41731   -63.067   151.597   -48.307   -157.63    179.01      1.00
   1.48535   0.20950   2.77019   -19.246   133.164   -69.710   -157.59    159.38      1.00
   2.25037   2.42441   4.75589   -56.675   120.296   -54.278   -157.59    145.03      1.00
   0.83358   1.59956   4.20988   -33.787   155.290   -51.697   -157.58    171.38      1.00
   1.09573   0.50036   5.67675   -69.564   156.450   -57.319   -157.57    178.97      1.00
  -0.06776   1.43997   2.15311   -37.732   157.915   -30.243   -157.55    165.63      1.00
   6.19240   2.41141   5.87027   -40.548   159.580   -59.767   -157.55    180.28      1.00
   2.98860   1.66509   0.45270   -21.241   129.017   -69.988   -157.54    155.12      1.00
   3.56802   1.10354   5.76619   -22.860   142.313   -36.519   -157.49    153.80      1.00
   5.47015   2.04174   2.77440   -59.936   150.081   -66.261   -157.45    181.37      1.00
   2.78895   1.09698   0.37324   -59.458   148.096   -68.760   -157.42    181.73      1.00
   2.50633   1.33484   0.94322   -64.175   140.913   -66.791   -157.42    177.30      1.00
   1.68837   2.39917   0.31818   -46.162   112.932   -79.293   -157.37    151.44      1.00
   2.29678   1.06607   2.45740   -35.904   154.518   -51.700   -157.35    172.85      1.00
   3.05169   1.56953   4.68069   -45.194   154.279   -85.165   -157.33    181.45      1.00
   2.96277   1.51442   0.73771   -63.206   129.169   -60.114   -157.27    165.71      1.00
   2.99058   1.56635   4.66907   -45.333   153.459   -85.902   -157.26    180.90      1.00
   0.19101   1.32575   3.27424   -20.777   129.440   -42.396   -157.24    143.36      1.00
   4.51099   0.78216   4.48024   -61.728   152.520   -50.075   -157.20    179.18      1.00
   1.20319   1.45659   4.07426   -35.548   161.942   -60.400   -157.20    178.61      1.00
   2.53711   2.72289   2.76616   -71.089   155.466   -51.260   -157.19    181.21      1.00
   5.95283   2.54229   4.34113   -54.038   107.150   -48.620   -157.18    139.65      1.00
   2.78905   0.82917  -0.04006   -62.384   138.562   -46.505   -157.16    165.80      1.00
   5.42527   2.04328   2.69922   -59.808   150.316   -65.965   -157.15    181.21      1.00
   0.34904   0.77814   3.05036   -53.666   155.884   -51.820   -157.15    180.19      1.00
   4.27526   1.00340   4.17618   -52.243   137.764   -76.482   -157.06    171.46      1.00
   4.10267   1.46737   3.74098   -73.453   143.170   -50.857   -157.05    173.43      1.00
   4.03652   1.30572   2.36082   -46.199   155.123   -26.137   -157.03    168.04      1.00
   0.30117   0.57246   2.82282   -19.158   152.017   -62.066   -157.01    170.23      1.00
   0.25425   0.89571   5.71822   -70.434   125.403   -37.803   -157.00    150.85      1.00
   4.41348   1.92357   2.44131   -58.477   143.070   -71.437   -156.98    178.18      1.00
   3.26053   1.71088   4.96946   -68.036   132.758   -40.659   -156.95    156.50      1.00
   0.77727   1.44776   2.85453   -18.595   139.874   -53.482   -156.93    153.38      1.00
   3.97380   0.84908   2.65022   -74.173   150.052   -57.630   -156.90    179.05      1.00
   3.08143   0.80727   3.48837   -74.292   143.552   -44.217   -156.89    167.36      1.00
   5.14666   1.56285   2.05194   -69.839   143.847   -43.478   -156.83    169.24      1.00
   1.46697   2.72588   0.08850   -55.290   110.834   -70.761   -156.83    150.30      1.00
   4.15101   1.96818   5.58246   -40.640   130.252   -73.392   -156.81    159.49      1.00
  -0.04500   1.42815   2.15510   -38.146   158.121   -29.720   -156.79    165.89      1.00
   4.41465   1.03513   2.65421   -29.983   162.700   -48.234   -156.77    174.05      1.00
   1.39078   1.84848   4.42482   -32.859   153.682   -46.052   -156.76    165.11      1.00
   3.07947   1.79876   1.82257   -72.859   136.553   -59.318   -156.76    174.66      1.00
   2.17553   2.20073   2.11356   -33.905   152.300   -50.701   -156.75    168.69      1.00
   6.00253   0.89085   2.50878   -62.151   140.301   -66.623   -156.73    171.11      1.00
   3.93730   1.70931   1.15355   -64.519   135.638   -33.790   -156.71    162.18      1.00
   4.64557   1.36841   2.33546   -45.273   119.088   -66.761   -156.70    148.76      1.00
   0.02426   0.70502   0.74916   -76.088   140.035   -55.680   -156.70    167.39      1.00
   5.97960   1.37249   2.31905   -33.579   159.261   -33.852   -156.70    167.17      1.00
   2.98897   1.56512   4.69977   -45.020   153.135   -85.915   -156.69    180.60      1.00
   5.62082   2.39022  -0.12444   -76.106   144.317   -57.312   -156.69    175.23      1.00
   1.54353   1.18039   2.58346   -39.727   131.696   -88.643   -156.68    167.00      1.00
   4.18604   1.87863   5.62739   -40.200   129.988   -73.436   -156.68    159.72      1.00
   2.93352   0.53139   3.33350   -75.722   143.356   -47.642   -156.57    169.25      1.00
   1.33326   1.97144   4.55775   -36.936   166.554   -59.178   -156.57    182.24      1.00
   3.62332   0.45552  -0.06885   -18.564   140.635   -51.931   -156.52    159.14      1.00
   3.08165   0.81536   3.43929   -74.441   142.774   -43.878   -156.49    166.83      1.00
   4.24279   1.60089   4.01524   -71.119   144.213   -47.891   -156.48    173.42      1.00
   0.89661   2.18264   5.50975   -62.286   111.289   -63.745   -156.47    148.40      1.00
   3.67849   2.70542   2.76579   -75.396   135.944   -41.703   -156.46    169.45      1.00
   2.86601   1.40803   4.38610   -28.280   155.642   -51.889   -156.45    164.43      1.00
   0.16271   0.96128   0.61349   -77.252   137.516   -52.265   -156.45    164.93      1.00
   3.99785   1.93004   3.92598   -73.252   143.297   -49.934   -156.45    173.26      1.00
   1.48941   0.66969   0.44521   -21.756   121.091   -56.896   -156.44    135.32      1.00
   0.56745   2.31281  -0.22138   -48.314   161.767   -54.018   -156.42    182.66      1.00
   3.84433   2.14297   3.93024   -74.060   141.594   -49.353   -156.41    171.29      1.00
   3.11894   1.86891   1.57863   -71.406   132.918   -58.175   -156.38    171.43      1.00
   5.03457   1.38647   0.91748   -51.925   124.620   -20.460   -156.38    138.63      1.00
   2.05178   0.66695   5.50884   -67.778   155.411   -61.307   -156.37    179.38      1.00
   4.66629   1.35789   2.34930   -45.592   119.071   -66.976   -156.37    148.88      1.00
   3.07204   2.03294   2.75414   -74.734   131.882   -39.455   -156.36    161.62      1.00
   3.93151   2.57930   2.26828   -53.800   106.775   -53.195   -156.34    141.07      1.00
   4.67546   2.54115   0.94671   -24.618   143.406   -34.612   -156.32    151.03      1.00
   1.13128   1.40488   3.24488   -29.042   134.262   -83.501   -156.29    162.65      1.00
   2.28693   2.00836   0.13256   -23.020   146.293   -43.212   -156.27    159.61      1.00
   4.48261   2.47163   4.41207   -71.265   150.387   -51.971   -156.26    179.98      1.00
   2.27335   1.95765   0.22129   -22.623   144.706   -43.086   -156.21    158.21      1.00
   2.14473   1.73247   3.26725   -48.086   162.316   -44.704   -156.20    175.89      1.00
   4.60714   1.96907   2.52767   -59.437   142.197   -70.101   -156.19    177.26      1.00
   3.10320   0.86868   1.86319   -70.884   139.143   -51.737   -156.17    172.32      1.00
   0.84153   0.47870   0.25314   -75.735   135.820   -53.467   -156.16    163.35      1.00
   5.88892   1.92417   2.69092   -59.971   144.302   -38.363   -156.10    165.95      1.00
   0.85002   2.22932   0.02030   -63.739   122.163   -80.533   -156.10    163.37      1.00
   6.04889   2.49209   5.73494   -73.527   141.420   -49.149   -156.04    172.22      1.00
   4.54162   1.85932   1.54498   -66.798   139.091   -44.565   -156.04    166.62      1.00
   2.80367   1.03469   0.34900   -59.002   149.147   -68.721   -156.02    182.39      1.00
   0.04130   0.18832   3.84243   -57.742   115.587   -71.851   -156.00    157.58      1.00
   1.59026   0.07329   3.60387   -69.532   153.839   -51.524   -156.00    182.34      1.00
   5.11740   1.49907   2.07175   -70.498   144.108   -44.031   -155.96    169.81      1.00
   0.02726   1.38578   1.71792   -65.240   141.168   -74.042   -155.94    172.22      1.00
   3.72339   2.48028   3.45350   -72.676   144.418   -42.475   -155.91    172.59      1.00
   4.09685   1.10942   3.73490   -23.498   146.729   -46.382   -155.90    157.72      1.00
   5.71267   1.84543   0.88905   -73.828   146.558   -51.647   -155.85    171.97      1.00
   3.67858   1.51336   2.65741   -42.569   121.909   -72.536   -155.77    153.88      1.00
   1.99642   0.27764   1.90902   -49.354   157.892   -46.131   -155.73    181.06      1.00
   0.22363   0.64733   2.90830   -18.879   151.916   -61.134   -155.70    169.75      1.00
   1.86929   2.04368   2.28035   -71.164   148.598   -60.431   -155.66    178.23      1.00
   2.27854   2.02179   0.13418   -22.799   146.207   -43.416   -155.65    159.57      1.00
   4.06032   1.16839   3.85069   -24.698   146.043   -44.629   -155.65    156.94      1.00
   5.22106   2.87584   1.82311   -19.389   149.607   -48.458   -155.65    160.20      1.00
   0.38077   1.50403   0.46400   -61.499   164.369   -68.136   -155.65    187.66      1.00
   5.14614   2.39842   1.21122   -32.874   155.866   -30.552   -155.59    162.60      1.00
  -0.13108   1.61220   4.53408   -67.163   136.656   -55.257   -155.54    171.49      1.00
   4.31325   1.77327   2.07096   -35.561   166.308   -43.518   -155.54    181.37      1.00
   1.40901   0.87251   3.78287   -33.067   150.697   -50.937   -155.51    166.17      1.00
   1.50233   1.94697   2.02711   -68.312   153.604   -61.403   -155.47    181.33      1.00
   4.65992   2.59047   3.63756   -70.704   128.621   -30.319   -155.44    159.14      1.00
   5.76003   2.08103   1.79536   -65.395   151.036   -48.148   -155.42    172.67      1.00
  -0.03360   1.22739   2.68780   -60.920   150.950   -44.984   -155.39    173.71      1.00
   4.79487   1.82263   5.85568   -53.354   166.414   -44.855   -155.39    184.99      1.00
   4.07085   1.48897   3.71973   -73.684   142.914   -51.374   -155.39    173.38      1.00
   0.03785   1.85285   2.66098   -24.451   141.005   -34.821   -155.36    149.14      1.00
   0.84071   0.48088   0.26481   -75.723   135.988   -53.391   -155.35    163.48      1.00
   3.29501   1.26308   1.79998   -53.128   105.176   -53.661   -155.35    137.83      1.00
   0.32194   0.51285   2.44745   -35.789   156.544   -32.043   -155.33    168.42      1.00
   6.08657   2.40616   5.72794   -40.710   159.332   -59.085   -155.30    180.33      1.00
   1.98614   1.55294   2.34813   -69.717   142.946   -44.513   -155.28    170.17      1.00
   1.51703   1.54553   4.91273   -26.786   146.826   -52.595   -155.25    158.31      1.00
   1.53773   1.06758   5.84375   -72.507   141.763   -59.241   -155.23    170.08      1.00
   2.23997   2.14450   1.69679   -63.752   118.091   -75.960   -155.20    159.99      1.00
   5.37584   2.32410   6.46675   -74.922   149.143   -55.244   -155.19    177.08      1.00
   3.72333   1.98641   4.01801   -32.741   154.113   -43.237   -155.19    165.94      1.00
   0.04590   2.23488   0.56676   -54.178   169.166   -50.354   -155.17    185.08      1.00
   3.95740   1.63604   1.11650   -64.921   135.334   -34.661   -155.12    162.19      1.00
   1.65444   2.44382   3.83889   -34.332   139.890   -30.319   -155.11    146.86      1.00
   1.46041   0.20743   2.81609   -19.512   132.957   -69.623   -155.07    159.19      1.00
   3.23434   2.79844   2.15170   -74.947   131.732   -42.072   -155.06    166.43      1.00
   4.02348   0.87081   1.19475   -43.501   112.712   -30.478   -155.06    131.71      1.00
   2.56106   2.92356   3.90615   -72.585   139.859   -38.410   -155.05    161.92      1.00
   0.00733   2.42308   1.45923   -44.833   123.924   -36.068   -155.02    135.94      1.00
   3.03846   2.43316   1.43872   -57.798   111.088   -70.394   -155.02    153.26      1.00
  -0.10568   2.81146   5.74845   -72.545   146.674   -46.441   -155.01    176.17      1.00
   6.25385   2.17118   2.81849   -19.838   145.795   -46.409   -154.96    156.12      1.00
   0.00833   1.66894   0.20614   -75.968   131.372   -44.597   -154.95    159.08      1.00
   5.20759   0.26905   2.22460   -69.346   148.415   -34.039   -154.93    166.63      1.00
   4.91491   1.25164   2.01937   -73.771   142.205   -46.547   -154.88    169.80      1.00
   2.91246   2.74854   4.51181   -38.139   123.495   -42.985   -154.85    135.61      1.00
   2.99854   1.20321   3.34284   -73.908   150.559   -51.287   -154.84    176.20      1.00
   0.64060   0.57926   0.21709   -74.025   146.950   -52.942   -154.82    171.30      1.00
   2.28410   2.09684   1.69254   -61.975   116.835   -75.883   -154.81    158.51      1.00
   2.27818   2.09321   1.69631   -62.031   116.927   -75.965   -154.77    158.60      1.00
   3.04510   1.38712   0.66396   -21.500   127.984   -66.233   -154.77    153.63      1.00
   4.18045   1.54841   5.76999   -52.002   151.986   -73.141   -154.77    183.07      1.00
   0.92650   1.81125   5.18634   -59.999   111.371   -65.687   -154.73    146.50      1.00
   3.75873   0.88997   5.62024   -20.834   158.217   -64.070   -154.71    177.65      1.00
   2.49576   1.43244   1.15704   -66.317   140.634   -65.281   -154.69    177.46      1.00
   1.86752   1.99733   2.29872   -70.538   148.650   -61.028   -154.68    178.28      1.00
   4.06095   2.44544   3.50673   -73.314   137.839   -35.540   -154.61    167.01      1.00
   5.03743   1.74170   2.60485   -54.360   129.192   -73.785   -154.59    165.09      1.00
   6.11578   0.37498   0.94587   -75.927   140.131   -55.598   -154.58    167.46      1.00
   0.22186   2.05618   4.64133   -53.616   107.244   -49.655   -154.57    138.36      1.00
   4.12230   2.58267   2.40637   -53.442   107.154   -51.906   -154.56    140.75      1.00
   5.70143   0.88721   5.28704   -52.494   160.380   -48.384   -154.55    183.90      1.00
   1.07311   1.27291   2.11741   -63.927   147.369   -57.500   -154.55    174.55      1.00
   0.97077   0.54998   4.75406   -66.164   123.199   -78.111   -154.54    161.80      1.00
  -0.13735   0.88232   2.67221   -32.798   157.405   -34.429   -154.50    167.76      1.00
   2.98419   1.67634   1.73213   -71.565   136.185   -61.645   -154.50    174.70      1.00
   1.48314   2.76885   1.57771   -73.221   151.676   -50.383   -154.49    178.89      1.00
   0.73475   0.59786   4.89688   -63.938   120.348   -77.730   -154.48    159.15      1.00
   0.02049   1.93552   1.33757   -70.661   155.829   -51.605   -154.47    177.78      1.00
   5.73056   0.91941   6.36523   -70.509   118.881   -40.165   -154.43    146.32      1.00
   6.18792   1.94257   0.04659   -76.373   139.510   -56.849   -154.42    170.83      1.00
   3.23324   3.24590   0.01829   -18.249   147.967   -47.920   -154.41    158.90      1.00
   0.08472   1.21674   0.36537   -76.862   131.064   -46.272   -154.41    158.37      1.00
   3.50968   1.31508   2.87354   -74.746   143.860   -53.880   -154.39    174.36      1.00
   4.89373   1.87313   5.84827   -55.003   165.824   -45.799   -154.37    185.02      1.00
   3.08260   0.90819   1.85487   -70.701   138.647   -51.378   -154.36    171.84      1.00
   0.33140   2.17204   4.51545   -53.051   107.228   -54.908   -154.34    139.82      1.00
   0.88544   0.88373   0.03129   -74.181   144.388   -55.199   -154.34    170.59      1.00
   6.13873   1.49769   0.43750   -75.209   141.657   -52.452   -154.32    168.62      1.00
   2.42318   2.26022   4.13316   -72.211   139.019   -45.443   -154.32    162.55      1.00
   3.59832   2.63380   5.98078   -25.162   164.589   -55.079   -154.29    175.89      1.00
   1.64202   1.51728   0.83075   -58.315   151.494   -84.615   -154.24    186.47      1.00
   4.04230   1.64807   5.65398   -33.168   153.361   -29.128   -154.24    163.67      1.00
   4.28085   1.59802   4.04632   -70.776   144.097   -47.410   -154.23    173.25      1.00
   0.59090   0.56933   0.35494   -61.189   165.922   -59.800   -154.22    184.65      1.00
   0.93507   1.84277   5.06237   -23.570   136.241   -57.218   -154.18    153.09      1.00
   1.47467   1.13890   0.21359   -56.846   150.716   -85.118   -154.17    182.58      1.00
   1.65668   1.18671   4.00208   -34.170   160.390   -64.638   -154.17    176.76      1.00
   1.87715   2.00359   2.31263   -70.523   148.829   -61.077   -154.16    178.41      1.00
   4.10061   1.03205   5.95468   -36.849   160.088   -35.860   -154.16    175.81      1.00
   1.69472   1.05610   0.26084   -40.681   149.965   -86.767   -154.13    178.55      1.00
   1.56412   1.05016   5.86352   -72.449   142.413   -59.647   -154.10    170.75      1.00
   0.79975   2.01933   5.03063   -23.323   134.658   -52.311   -154.08    151.19      1.00
  -0.18033   2.30350   5.49486   -68.739   122.871   -31.572   -154.07    151.21      1.00
   3.82582   1.26376   3.53766   -73.412   150.568   -54.402   -154.04    178.73      1.00
   3.11852   1.91613   1.55689   -71.330   132.735   -57.632   -154.01    171.14      1.00
   5.80144   0.97766   0.80897   -73.032   147.770   -54.165   -153.99    172.92      1.00
   1.81761   2.24864   0.25883   -43.321   114.510   -80.473   -153.97    152.00      1.00
   0.01632   1.26579   2.86950   -30.173   155.581   -31.995   -153.97    165.83      1.00
   3.97151   1.68633   1.17852   -64.958   135.785   -33.445   -153.96    162.26      1.00
   0.92412   2.31166   5.66145   -65.209   112.680   -63.005   -153.95    151.05      1.00
   4.17681   1.93217   5.60455   -40.919   130.532   -73.496   -153.94    160.09      1.00
   2.39251   2.17678   1.16855   -72.309   139.515   -59.575   -153.93    176.67      1.00
   0.92706   2.34600  -0.00845   -62.231   121.619   -80.917   -153.92    163.36      1.00
   4.46712   1.16361   0.86954   -70.791   137.017   -38.938   -153.90    165.01      1.00
   2.83180   0.81050  -0.11230   -62.491   138.034   -46.989   -153.87    165.37      1.00
   2.34662   1.80338   2.57485   -33.779   151.618   -49.306   -153.86    166.91      1.00
   3.56897   2.68291   2.60209   -75.036   134.668   -42.645   -153.86    168.63      1.00
   2.04120   2.92144   5.51485   -31.535   164.829   -49.463   -153.85    179.58      1.00
   1.35678   1.84647   2.06376   -66.853   154.821   -62.832   -153.82    182.02      1.00
   4.96733   1.30732   0.87545   -51.412   122.923   -21.379   -153.82    137.54      1.00
   5.63959   2.88252   5.31011   -53.601   150.206   -77.507   -153.78    183.11      1.00
   0.85337   1.98273   5.57965   -64.444   113.764   -66.346   -153.77    151.22      1.00
   5.62779   2.51889   5.97078   -31.106   138.552   -53.211   -153.74    154.94      1.00
   5.35447   1.88915   2.06850   -64.955   144.406   -41.945   -153.73    167.52      1.00
   5.05278   0.44100   0.49011   -30.622   147.157   -52.578   -153.73    163.68      1.00
   1.27352   1.81177   4.40993   -32.949   152.925   -46.891   -153.70    165.23      1.00
   5.67397   0.92455  -0.00291   -69.039   117.566   -39.251   -153.69    145.01      1.00
   4.82128   0.17896   2.39401   -71.560   145.597   -36.640   -153.67    165.25      1.00
   3.38961   1.78108   3.31225   -73.990   142.978   -41.627   -153.66    169.23      1.00
   1.46294   2.25720   5.88357   -63.676   147.589   -65.621   -153.64    179.55      1.00
  -0.25335   2.04536   2.16589   -62.715   150.774   -46.095   -153.64    171.45      1.00
   2.55422   1.26390   5.99138   -60.110   153.896   -49.745   -153.63    176.65      1.00
   1.09448   1.29299   5.22225   -60.753   114.154   -72.685   -153.60    149.07      1.00
   4.90207   2.04950   0.19809   -71.390   151.285   -48.169   -153.60    176.82      1.00
  -0.04673   0.20733   5.22323   -70.244   151.731   -53.692   -153.60    181.58      1.00
   2.07318   1.12604   0.03593   -48.719   150.684   -86.708   -153.47    182.60      1.00
   3.26937   1.81672   2.89567   -74.898   145.338   -53.210   -153.44    176.47      1.00
   4.15605   1.48970   1.00483   -68.241   136.003   -41.034   -153.43    165.01      1.00
   1.27903   1.82570   4.41913   -32.924   152.769   -46.773   -153.41    165.04      1.00
   0.98596   1.85883   6.09669   -59.098   152.021   -37.523   -153.41    171.56      1.00
   2.17221   1.28214   5.21990   -49.765   154.495   -84.326   -153.38    181.55      1.00
   4.82304   0.69974   2.61724   -72.684   152.091   -56.143   -153.37    179.05      1.00
   2.85912   1.32595   1.14629   -62.609   145.201   -65.999   -153.37    180.99      1.00
   3.11914   1.74512   2.97443   -75.265   138.381   -43.616   -153.36    166.97      1.00
   4.18960   0.89676   6.02302   -36.290   157.939   -35.012   -153.36    174.14      1.00
   4.60336   1.10674   0.39697   -60.824   118.758   -65.277   -153.34    155.82      1.00
   2.51890   1.27965   6.03744   -59.673   153.801   -49.348   -153.34    176.43      1.00
   4.95480   1.77279   1.70955   -61.361   156.987   -44.733   -153.25    177.85      1.00
  -0.12222   0.39358   4.14297   -16.595   143.955   -53.893   -153.24    163.14      1.00
   2.26784   2.15654   1.71466   -64.273   118.281   -75.616   -153.24    160.27      1.00
   1.09352   1.27940   2.10475   -64.031   147.291   -57.702   -153.20    174.59      1.00
   3.72330   0.46482  -0.69389   -19.712   136.937   -39.916   -153.19    150.16      1.00
   2.41106   2.13990   1.15258   -72.082   139.099   -59.985   -153.18    176.45      1.00
   5.23330   2.26718   3.91213   -59.262   120.601   -26.155   -153.17    147.23      1.00
   0.14731   2.63407   1.63938   -43.254   124.627   -36.104   -153.16    136.08      1.00
   3.64692   1.47630   2.65240   -42.184   122.262   -72.627   -153.16    153.92      1.00
   1.45989   2.21821   5.88097   -63.637   147.683   -65.558   -153.15    179.38      1.00
   3.13356   0.57517   1.35655   -58.502   120.963   -79.769   -153.12    165.23      1.00
   2.74664   1.02578   2.20942   -65.679   149.598   -67.143   -153.11    183.32      1.00
   4.73251   1.19434   0.95319   -67.828   156.359   -48.036   -153.10    181.20      1.00
   3.29438   1.23305   1.80117   -52.920   105.262   -53.430   -152.96    137.66      1.00
   5.83422   1.92427   2.63316   -60.459   143.890   -38.235   -152.93    165.61      1.00
   3.30898   0.40478   3.53136   -73.138   153.062   -53.532   -152.92    176.91      1.00
   6.10400   2.36448   1.16010   -41.852   168.495   -42.126   -152.90    177.24      1.00
  -0.03283   2.60039   3.93379   -53.166   106.876   -48.679   -152.89    138.14      1.00
   1.08197   1.25750   2.09910   -63.864   147.370   -57.776   -152.87    174.67      1.00
   0.02905   1.93497   1.23174   -71.602   154.516   -51.794   -152.86    177.05      1.00
   5.08055   0.72733   4.31872   -32.156   159.587   -34.580   -152.84    174.07      1.00
   0.01791   1.96038   0.48456   -49.206   166.740   -40.615   -152.84    178.87      1.00
   4.09405   2.68183   2.52297   -60.816   110.114   -41.812   -152.82    142.95      1.00
   3.36109   0.77930   4.12785   -72.293   149.589   -56.512   -152.78    175.53      1.00
   4.89134   2.47313   2.04522   -41.984   168.846   -51.963   -152.72    186.97      1.00
  -0.24328   1.03597   0.88871   -75.664   140.084   -50.941   -152.72    166.08      1.00
   5.74987   2.17166   0.56560   -75.012   145.966   -53.296   -152.66    172.83      1.00
   0.81272   0.51430   2.22503   -20.548   153.187   -66.031   -152.65    172.26      1.00
   1.96537   1.80482   1.61825   -41.107   154.958   -43.988   -152.62    172.27      1.00
   3.53653   2.10543   1.27137   -37.669   145.750   -23.925   -152.62    161.02      1.00
   4.12007   2.67086   2.55751   -60.915   110.206   -41.554   -152.61    142.98      1.00
   1.74726   0.85777   5.84649   -65.989   156.754   -61.174   -152.59    180.31      1.00
   1.56713   1.09407   0.22482   -54.276   151.174   -85.380   -152.56    182.50      1.00
   2.49228   1.93414   0.42822   -27.486   128.307   -80.373   -152.54    159.74      1.00
   0.50698   1.47621   4.97753   -45.058   103.487   -52.122   -152.52    129.46      1.00
   1.51226   1.08022   5.84912   -72.628   141.268   -58.958   -152.51    169.65      1.00
   3.21412   0.51381   5.02427   -58.979   126.000   -64.552   -152.50    156.15      1.00
   2.32019   1.32426   1.77623   -69.804   137.840   -65.612   -152.46    175.44      1.00
   2.75310   0.70938  -0.03742   -61.749   137.908   -46.512   -152.45    164.81      1.00
   4.14703   2.68802   2.60613   -61.086   110.358   -41.529   -152.44    143.17      1.00
   3.09927   0.91067   1.83847   -70.784   138.659   -51.191   -152.44    171.87      1.00
   0.53834   2.85190   5.66210   -52.274   145.655   -30.907   -152.44    166.69      1.00
   2.90789   1.60314   3.47865   -70.591   156.626   -52.726   -152.41    180.28      1.00
   4.25567   1.04138   4.16866   -51.777   137.735   -76.903   -152.40    171.42      1.00
   4.28461   1.58733   4.04344   -70.761   143.970   -47.182   -152.40    173.07      1.00
   2.56773   1.61934   0.94366   -65.383   138.393   -65.274   -152.39    175.36      1.00
   1.48118   2.02183   2.95996   -47.958   142.363   -32.238   -152.39    154.83      1.00
   5.64651   2.51456   5.99317   -31.057   138.520   -53.217   -152.36    154.85      1.00
  -0.20171   1.75226   2.23286   -33.618   153.819   -28.406   -152.30    160.54      1.00
   4.79703   1.28538   2.01595   -74.128   140.513   -45.929   -152.29    168.83      1.00
   0.39667   0.54514   4.99506   -49.586   105.022   -58.690   -152.27    134.30      1.00
   3.07705  -0.07755   2.18986   -68.904   154.525   -52.575   -152.27    182.67      1.00
   5.01048   1.42386   1.98036   -71.984   142.302   -44.234   -152.24    168.79      1.00
   2.20077   1.40280   1.48494   -67.332   145.092   -67.483   -152.17    181.08      1.00
  -0.11819   2.26121   5.45585   -67.958   120.866   -32.236   -152.16    149.55      1.00
   3.46373   1.41719   3.17278   -42.173   127.427   -74.681   -152.13    156.80      1.00
   2.26991   2.36016   4.69499   -56.689   119.871   -54.579   -152.11    144.37      1.00
   0.92985   2.02746   2.27175   -55.608   160.355   -80.612   -152.11    187.53      1.00
   3.54682   0.47008  -0.01526   -18.675   141.028   -52.463   -152.07    159.61      1.00
   1.85949   1.25036   0.31738   -42.534   144.980   -88.671   -152.04    177.23      1.00
   0.24572   0.44347   5.16680   -50.792   104.886   -57.467   -152.04    134.14      1.00
   2.60904   2.88274   1.53429   -59.946   156.211   -40.720   -152.02    181.07      1.00
   2.78480   0.92305   5.46575   -51.623   119.432   -62.907   -152.00    146.90      1.00
   2.94412   0.63120   3.22911   -75.915   142.363   -47.371   -151.98    168.89      1.00
   4.54786   0.81292   1.51619   -31.989   123.326   -56.071   -151.97    142.44      1.00
   1.06518   1.94528   6.05702   -59.760   151.267   -38.660   -151.97    171.98      1.00
  -0.00607   0.20008   3.14743   -32.857   156.257   -33.957   -151.96    170.26      1.00
   3.58341   2.42394   0.36169   -59.309   131.564   -69.615   -151.94    166.82      1.00
   1.49860   1.76191   2.57877   -70.749   143.217   -66.239   -151.93    174.98      1.00
   2.53117   0.95096   2.46015   -29.158   139.016   -47.174   -151.92    155.75      1.00
   1.90747   3.06179  -0.15165   -20.879   151.302   -55.722   -151.91    170.03      1.00
   3.04713   1.99339   6.10821   -60.332   132.339   -67.497   -151.91    166.40      1.00
   4.24110   1.31266   0.98643   -68.636   136.216   -36.089   -151.90    163.61      1.00
   0.95548   1.70172   5.16403   -59.176   111.074   -66.924   -151.89    145.81      1.00
  -0.08402   1.33108   2.06374   -40.541   158.376   -29.332   -151.89    166.37      1.00
   5.25546   1.88025   3.92994   -52.870   151.245   -67.165   -151.87    183.40      1.00
   1.36683   0.81678   3.78767   -33.106   150.557   -50.453   -151.86    166.28      1.00
   0.29510   1.11811   3.19252   -20.039   131.712   -44.349   -151.86    146.05      1.00
   3.97433   1.74076   5.47935   -33.839   155.249   -29.509   -151.84    164.81      1.00
   2.81483   1.27337   1.48135   -68.720   123.613   -52.207   -151.83    160.41      1.00
   2.75488   1.14681   0.45200   -59.554   147.857   -68.874   -151.81    181.75      1.00
   2.54069   1.04587   1.98037   -37.515   156.635   -50.843   -151.80    176.70      1.00
   5.17971   1.44959   1.99037   -70.936   144.463   -44.719   -151.79    169.91      1.00
   3.00231   1.28341   4.30013   -28.490   155.521   -51.795   -151.78    164.61      1.00
   0.43004   1.45387   3.23838   -18.972   147.542   -45.658   -151.77    159.82      1.00
   1.61272   1.58512   0.20738   -53.328   126.798   -36.973   -151.76    146.82      1.00
   3.53251   1.52603   2.53385   -69.049   124.160   -31.351   -151.74    151.05      1.00
   4.07110   1.83886   1.23896   -64.421   137.308   -31.361   -151.74    162.51      1.00
   4.76510   1.36213   1.34549   -50.700   128.563   -73.310   -151.71    160.73      1.00
   2.27435   1.38755   1.19380   -66.447   143.727   -65.805   -151.70    179.45      1.00
   5.27367   2.08144   0.86111   -38.601   162.818   -34.614   -151.67    170.85      1.00
   3.11626   1.37680   2.36196   -46.362   157.808   -66.037   -151.67    183.33      1.00
   4.94516   1.78872   1.71743   -60.929   156.977   -44.443   -151.66    177.70      1.00
   4.56067   0.86361   1.49168   -31.284   123.561   -56.079   -151.65    142.64      1.00
   2.12927   2.51188   3.65878   -49.173   156.589   -82.269   -151.60    182.02      1.00
   4.28889   1.55619   4.07238   -70.439   144.584   -47.226   -151.59    173.47      1.00
   2.49289   1.69901   1.12173   -67.274   140.163   -64.398   -151.59    177.08      1.00
   2.98056   1.60608   1.37008   -67.593   133.574   -62.244   -151.58    171.93      1.00
   0.30948  -0.02895   2.59546   -35.900   160.122   -35.548   -151.58    173.89      1.00
   0.29980   0.75782   3.12713   -52.957   155.896   -51.879   -151.57    180.23      1.00
   4.87154   1.21458   1.34430   -50.936   128.909   -73.934   -151.57    160.53      1.00
   1.92768   1.97135   1.94019   -28.526   150.605   -64.856   -151.54    170.35      1.00
   5.27178   1.87255   3.95282   -52.916   151.201   -67.201   -151.51    183.42      1.00
   3.32494   1.83114   0.84599   -63.705   136.061   -58.650   -151.48    171.05      1.00
   2.47164   1.54317   1.06441   -66.130   140.659   -65.652   -151.48    177.41      1.00
   3.11036   2.30778   2.24627   -49.381   157.236   -49.919   -151.48    180.10      1.00
   4.53619   1.45906   0.92494   -58.996   129.681   -72.488   -151.47    165.98      1.00
   1.10971   2.28382   5.81766   -65.294   114.568   -66.271   -151.46    153.58      1.00
   2.93606   1.08939   5.36897   -54.366   120.686   -62.516   -151.43    149.17      1.00
   3.07311   1.50807   1.44817   -68.207   134.503   -61.925   -151.38    172.73      1.00
   2.62467   2.79792   5.05502   -48.396   120.760   -41.744   -151.37    138.40      1.00
   5.68595   0.94881   0.15430   -31.487   147.009   -49.147   -151.37    160.63      1.00
   5.10923   0.19910   2.02476   -71.793   144.737   -36.263   -151.36    164.42      1.00
   1.74473   2.24461   1.79024   -33.616   153.766   -51.528   -151.36    169.25      1.00
  -0.11648   0.21062   4.00895   -57.224   115.751   -72.333   -151.36    157.78      1.00
   4.43777   1.69185   1.52707   -68.860   137.790   -45.172   -151.34    166.71      1.00
   2.62577   0.75714   3.30711   -42.218   157.805   -69.359   -151.33    178.75      1.00
   2.47654   1.84891   0.40650   -27.082   129.511   -80.538   -151.31    160.50      1.00
   0.93101   1.81140   5.07727   -23.705   136.045   -57.589   -151.30    152.97      1.00
   6.00093   1.56648   2.95772   -59.208   146.925   -38.946   -151.29    169.28      1.00
   4.08903   0.67925   2.71424   -73.558   151.460   -57.940   -151.27    179.05      1.00
   1.53766   1.72616   1.33167   -54.006   152.538   -84.413   -151.22    185.46      1.00
   6.07881   1.33770   3.41485   -57.858   144.093   -38.250   -151.21    168.34      1.00
   2.88399   1.40309   5.43560   -65.468   139.380   -42.619   -151.19    162.69      1.00
   2.86582   1.39992   5.46407   -65.423   139.594   -42.705   -151.19    162.97      1.00
   2.90493   2.76513   4.50987   -38.036   123.098   -43.039   -151.19    135.25      1.00
   4.39640   0.72044   0.79574   -68.213   153.445   -55.314   -151.18    183.48      1.00
   1.15618   2.15607   1.13698   -38.168   151.751   -41.437   -151.17    164.69      1.00
   3.25996   2.00580   2.17603   -64.545   117.805   -72.501   -151.15    160.75      1.00
   0.80895   0.69054   4.86060   -63.440   118.968   -76.819   -151.12    157.17      1.00
   2.84663   1.39041   5.48415   -65.149   139.681   -42.627   -151.11    162.95      1.00
   4.95627   1.78309   1.69125   -61.293   156.810   -44.578   -151.08    177.60      1.00
   0.43322   2.18766   0.56235   -75.599   143.458   -50.676   -151.07    171.37      1.00
   2.32248   1.55719   4.63942   -28.505   155.160   -47.483   -151.06    162.51      1.00
   4.28099   1.06075   1.24809   -64.970   156.140   -55.341   -151.06    183.84      1.00
   1.57993   1.46490   3.02918   -36.346   136.807   -87.063   -151.03    167.42      1.00
   5.24143   1.47957   3.15426   -51.128   159.868   -62.671   -151.03    185.69      1.00
   4.27716   1.06168   1.24779   -64.991   156.137   -55.266   -150.98    183.84      1.00
  -0.10464   0.76014   0.71478   -67.254   161.511   -61.903   -150.93    183.99      1.00
   0.27524   1.02995   3.25913   -20.296   131.522   -43.533   -150.92    146.21      1.00
   4.86462   2.08054   4.25821   -70.099   146.012   -47.439   -150.91    177.29      1.00
   3.21969   1.71547   5.15150   -68.186   134.580   -41.166   -150.91    158.79      1.00
   3.65963   2.93710   2.53982   -48.083   144.894   -78.955   -150.90    180.49      1.00
   2.86855   1.40683   5.45381   -65.453   139.508   -42.638   -150.90    162.84      1.00
   2.26622   1.22933   2.19317   -64.838   148.900   -69.195   -150.89    182.81      1.00
   3.91537   0.30458   5.68777   -17.894   141.809   -53.935   -150.82    160.08      1.00
   0.13003   1.22972   0.66891   -63.201   164.734   -64.358   -150.81    186.32      1.00
   1.38114   1.04598   3.85590   -72.867   135.359   -62.750   -150.77    169.08      1.00
   0.06248   1.71547   3.99488   -43.959   158.483   -48.598   -150.75    179.62      1.00
  -0.02519  -0.18328   0.28423   -73.358   149.854   -48.212   -150.75    172.90      1.00
   1.63813   1.37066   4.63079   -27.361   148.187   -54.133   -150.74    159.41      1.00
   1.55211   0.40421   2.23591   -22.779   131.895   -77.000   -150.71    161.33      1.00
   3.69926   1.24061   3.40138   -73.948   144.703   -49.037   -150.68    171.90      1.00
   0.50506   1.58061   3.83830   -26.044   127.526   -78.688   -150.68    156.44      1.00
   1.29881   0.76672   3.79335   -32.986   150.957   -50.753   -150.66    167.18      1.00
   3.58244   2.07014   1.26255   -38.381   146.254   -23.715   -150.64    161.52      1.00
   3.45032   2.11659   1.83845   -50.703   105.907   -43.206   -150.63    134.90      1.00
   3.98499   1.34782   0.46457   -68.747   128.443   -39.145   -150.61    159.64      1.00
  -0.06005   2.50692   4.40197   -48.438   106.453   -49.672   -150.60    136.71      1.00
   2.83197   1.30366   1.53518   -69.574   123.922   -51.652   -150.57    160.75      1.00
   2.96467   0.62221   5.26537   -57.640   124.807   -65.759   -150.55    154.89      1.00
   3.89657   2.01808   5.96942   -48.611   129.909   -73.572   -150.54    161.89      1.00
   2.56555   2.00620   2.24760   -58.748   143.911   -31.588   -150.53    164.86      1.00
   4.61432   1.03940   0.39913   -61.051   118.456   -66.224   -150.51    156.12      1.00
   4.31183   0.53275  -0.06417   -36.689   152.059   -33.051   -150.49    169.22      1.00
   0.45977   1.19742   3.63896   -22.972   129.994   -76.583   -150.49    157.82      1.00
   1.34075   2.06343   4.59752   -36.511   166.921   -57.971   -150.46    182.32      1.00
   0.46896   1.25614   4.97404   -44.444   103.472   -54.063   -150.46    129.65      1.00
   5.84314   0.99479   3.00359   -23.321   148.021   -37.047   -150.45    158.40      1.00
   3.33693   1.41393   1.51473   -68.969   137.212   -59.014   -150.44    173.91      1.00
   1.42100   0.42270   2.80782   -19.343   134.380   -70.315   -150.44    159.93      1.00
   4.78402   1.25365   2.01285   -74.382   140.384   -46.718   -150.43    168.96      1.00
   0.00636   1.31943   0.50769   -75.126   136.863   -48.805   -150.42    162.95      1.00
   5.63826   1.96002   0.63526   -74.474   147.675   -53.825   -150.40    174.33      1.00
   0.35659   2.19024   4.50000   -52.688   107.133   -55.300   -150.38    139.65      1.00
   3.54145   1.64557   2.40384   -67.449   121.615   -30.571   -150.36    148.97      1.00
   1.60577   2.59645   2.96537   -72.711   138.603   -41.961   -150.33    161.87      1.00
   2.66955   2.56880   1.48840   -53.208   109.811   -70.265   -150.32    149.23      1.00
   3.96718   1.87076   1.60246   -36.571   110.741   -36.793   -150.32    130.49      1.00
   6.22048   1.22973   1.95873   -54.946   124.205   -37.596   -150.31    142.38      1.00
   1.29226   2.21958   2.47864   -71.619   134.458   -46.121   -150.29    160.04      1.00
   1.48886   1.27708   4.69981   -28.407   147.288   -54.564   -150.28    159.43      1.00
  -0.26343   2.57575   3.75191   -54.403   107.920   -47.748   -150.28    139.57      1.00
   0.44189   1.66373   1.87155   -67.441   152.279   -52.148   -150.26    175.13      1.00
   5.13034   1.60848   1.95650   -69.724   142.364   -42.984   -150.25    167.72      1.00
   4.83908   0.10502   4.59323   -46.354   119.105   -28.049   -150.23    139.92      1.00
   3.17512   0.67358   1.81937   -58.519   106.782   -57.596   -150.21    142.19      1.00
   3.68058   2.66443   2.62986   -75.236   133.543   -42.265   -150.21    167.98      1.00
   4.57293   2.02862   4.41285   -63.059   151.690   -26.225   -150.20    172.67      1.00
   5.96676   1.83394   2.26377   -32.316   151.908   -28.063   -150.15    158.64      1.00
   1.62898   2.63112   3.97760   -35.006   137.045   -28.001   -150.13    144.35      1.00
   2.03775   0.70843   4.57360   -31.581   137.840   -69.061   -150.13    155.17      1.00
   0.63524   2.51362   3.64361   -19.042   129.771   -59.828   -150.07    146.12      1.00
   0.86078   1.60155   4.23303   -33.825   155.283   -51.988   -150.03    171.30      1.00
   3.79495   1.37715   2.61840   -42.831   122.130   -72.174   -150.01    153.54      1.00
   5.17868   1.80016   2.01845   -66.961   142.327   -41.802   -150.00    166.80      1.00
   0.87146   1.01037   2.55988   -53.996   144.260   -34.678   -150.00    164.21      1.00
   3.42008   1.40302   3.18614   -42.203   127.418   -74.823   -149.98    156.66      1.00
   1.59050   1.98011   4.82618   -38.147   115.775   -80.212   -149.97    146.43      1.00
   4.59900   1.06293   4.47272   -62.684   151.623   -48.998   -149.96    178.94      1.00
   3.66099   0.61679   2.00636   -74.222   142.862   -48.479   -149.95    172.54      1.00
   3.57680   1.48719   5.79586   -25.048   145.407   -32.208   -149.90    155.03      1.00
   5.58862   2.52020   5.94317   -31.156   138.536   -53.175   -149.89    154.94      1.00
   2.89300   1.53911   4.80705   -44.828   151.578   -86.452   -149.88    179.39      1.00
   3.69325   1.99798   2.98913   -72.218   129.285   -34.574   -149.87    158.10      1.00
   3.77713   1.40088   2.62492   -42.858   122.188   -72.230   -149.86    153.71      1.00
   5.85745   1.73477   3.93599   -19.088   135.115   -50.392   -149.84    153.87      1.00
   5.39777   2.44571   1.63377   -26.531   147.441   -32.750   -149.79    153.85      1.00
   3.10106   1.93950   2.70847   -74.796   131.152   -39.076   -149.76    161.13      1.00
   2.54331   0.89238   2.44039   -29.034   138.549   -46.572   -149.73    155.26      1.00
   3.72423   0.61111   3.78966   -28.354   155.846   -42.282   -149.73    162.86      1.00
   6.15093   1.35000   3.50210   -57.741   144.900   -38.060   -149.70    169.22      1.00
   3.33098   2.84090   2.16131   -75.133   129.949   -40.482   -149.70    164.94      1.00
  -0.00819   0.21548   3.88913   -57.746   115.739   -72.248   -149.70    157.89      1.00
   2.22750   1.29262   5.41518   -41.018   151.069   -86.250   -149.69    177.70      1.00
   5.80153   2.37104   2.03869   -25.145   149.172   -37.093   -149.67    155.98      1.00
   4.59758   2.43452   0.45540   -37.368   156.838   -27.131   -149.67    164.42      1.00
   4.31091   0.76700   0.82316   -69.386   153.031   -54.197   -149.66    183.58      1.00
   3.64438   1.12940   5.79258   -23.120   141.513   -35.201   -149.65    153.10      1.00
   2.08820   1.15659   5.24688   -51.437   154.489   -84.461   -149.65    181.84      1.00
   4.31378   0.99129   1.14381   -65.759   155.466   -56.114   -149.57    183.86      1.00
   3.88871   1.14136   0.36379   -38.766   153.101   -71.966   -149.56    182.14      1.00
   3.70445   2.24824   2.37803   -50.178   157.310   -51.872   -149.55    181.72      1.00
   2.31295   2.20454   1.53143   -60.685   111.247   -69.742   -149.55    151.46      1.00
   6.01520   0.97118   2.95230   -30.883   155.684   -33.212   -149.54    166.63      1.00
   0.82763   2.66788   0.34798   -72.940   147.665   -49.873   -149.53    177.47      1.00
   3.19409   0.71094   2.60384   -74.091   146.824   -50.371   -149.52    175.27      1.00
   3.01002   0.54419   1.49517   -58.786   121.673   -80.731   -149.51    166.11      1.00
   5.23535   2.85285   0.83295   -54.554   130.889   -30.773   -149.45    145.49      1.00
   3.57682   1.51522   2.54907   -68.740   124.762   -30.652   -149.44    151.16      1.00
   2.02131   2.95670   0.61963   -47.823   148.306   -78.513   -149.44    182.90      1.00
   4.37445   2.75736   2.13156   -22.918   154.259   -52.137   -149.42    171.91      1.00
   1.10091   1.75971  -0.01805   -74.718   139.695   -52.396   -149.42    170.21      1.00
   1.19668   2.73261   5.82309   -52.803   108.169   -68.301   -149.41    146.32      1.00
   4.73733   1.33423   1.97923   -73.746   139.101   -45.476   -149.39    167.72      1.00
   2.62421   1.89671   0.42541   -25.543   129.193   -78.056   -149.37    159.15      1.00
   5.16393   2.43426   2.75285   -61.431   146.795   -45.424   -149.37    173.91      1.00
   1.66387   0.79509   5.99737   -65.305   159.046   -60.192   -149.30    181.74      1.00
   4.29202   0.88836   6.02972   -37.137   157.025   -33.969   -149.27    173.34      1.00
   4.82850   1.26268   1.37744   -51.107   129.067   -73.507   -149.26    160.80      1.00
   0.21278   1.11775   1.47122   -53.559   171.346   -52.660   -149.26    186.04      1.00
   3.26261   0.40583   3.67493   -72.308   154.274   -53.428   -149.23    177.43      1.00
   4.43862   1.74865   1.54854   -68.700   137.639   -44.839   -149.22    166.57      1.00
   4.54747   1.27013   2.25872   -50.387   134.345   -74.892   -149.21    166.31      1.00
   2.75363   2.03689   2.76170   -75.013   141.236   -50.475   -149.20    171.48      1.00
  -0.15292   1.49367   0.02697   -73.915   151.190   -60.795   -149.20    180.36      1.00
   3.59993   1.67114   2.31041   -43.748   150.286   -72.551   -149.19    179.71      1.00
   2.08969   0.23391   4.81888   -73.015   147.074   -49.337   -149.18    169.79      1.00
   0.90956   1.02575   2.56922   -53.546   144.609   -34.633   -149.18    164.34      1.00
   5.19637   1.89708   3.81063   -52.555   151.091   -67.113   -149.17    182.98      1.00
   4.54468   1.09049   5.04243   -35.672   120.500   -68.067   -149.16    151.66      1.00
   4.05589   1.05911   6.03886   -35.503   159.919   -36.182   -149.14    175.36      1.00
   0.62530   0.58798   0.28903   -61.615   165.373   -60.117   -149.13    184.43      1.00
   0.17338   0.79622   5.62331   -69.130   123.161   -36.339   -149.10    148.68      1.00
   0.43139   2.73971   1.94720   -42.373   125.579   -36.395   -149.05    136.73      1.00
   5.74584   1.01859   5.23681   -51.727   159.922   -49.197   -149.02    183.47      1.00
   5.85751   1.75183   3.92415   -18.843   135.427   -50.266   -149.01    154.04      1.00
   1.80854   2.35891   3.33645   -46.853   142.042   -30.464   -148.94    152.26      1.00
   5.13855   1.86909   3.12804   -62.613   141.120   -68.664   -148.92    177.56      1.00
   5.48274   1.31610   4.73713   -37.272   130.021   -20.937   -148.90    146.73      1.00
   4.93790   1.83205   5.84069   -55.525   165.164   -45.510   -148.90    184.74      1.00
   2.05999   2.87275   5.52658   -31.416   164.693   -49.699   -148.90    179.36      1.00
   5.53525   0.99521   2.87305   -30.351   157.871   -34.638   -148.90    167.24      1.00
   2.95146   1.35379   3.05955   -75.510   143.153   -51.765   -148.89    172.16      1.00
   5.74942   0.55704   1.15933   -72.651   153.525   -60.313   -148.88    179.09      1.00
   1.13795   0.36089   2.63531   -21.557   131.455   -74.319   -148.87    159.55      1.00
   5.10046   2.34202   5.21627   -31.085   137.538   -48.568   -148.85    154.83      1.00
   3.84494   1.38612   5.94230   -46.922   125.654   -72.201   -148.84    159.97      1.00
   5.01502   1.02543   3.17086   -20.368   130.491   -58.785   -148.84    148.26      1.00
   4.17276   0.82233   2.82077   -75.844   145.318   -51.938   -148.84    173.60      1.00
   1.23968   0.47003   2.58636   -23.170   130.773   -76.361   -148.83    159.82      1.00
   1.92772   2.70886   1.19840   -73.829   147.575   -54.820   -148.83    180.88      1.00
   5.34487   2.07776   1.28432   -24.070   127.861   -52.226   -148.78    140.73      1.00
   3.49445   1.50433   2.52066   -69.347   124.377   -31.822   -148.78    151.45      1.00
   4.90639   2.93725   1.56022   -19.552   150.264   -46.315   -148.76    160.47      1.00
   0.17449   2.47113   4.96105   -46.685   104.838   -61.907   -148.75    138.74      1.00
   2.47975   1.79863   5.12437   -33.925   147.570   -85.579   -148.74    172.97      1.00
   3.82093   1.90518   4.96480   -40.456   171.053   -47.554   -148.73    183.93      1.00
   1.30663   1.40185   3.06279   -30.513   136.008   -84.693   -148.70    164.78      1.00
   5.18486   1.27481   4.25449   -44.729   158.299   -66.600   -148.70    186.57      1.00
   1.98704   2.17598   1.92233   -33.195   152.249   -49.536   -148.69    168.04      1.00
   0.75503   1.53548   1.40800   -55.918   160.964   -78.536   -148.69    187.32      1.00
   1.64477   2.19761   3.20764   -47.532   142.285   -31.241   -148.69    153.46      1.00
   5.52956   2.23707   3.84072   -27.017   152.407   -46.022   -148.68    170.45      1.00
   4.04347   1.42198   5.82224   -31.099   149.911   -28.900   -148.66    161.28      1.00
   0.50448   0.50738   1.38213   -38.458   160.135   -34.202   -148.60    168.10      1.00
   2.67049   0.70782   6.25533   -42.010   116.457   -68.533   -148.60    146.85      1.00
   5.74303   1.90816   2.15870   -62.209   147.799   -42.322   -148.60    168.47      1.00
   3.97765   2.35564   3.36032   -73.821   136.846   -36.255   -148.60    166.56      1.00
   2.42895   0.87293   2.80814   -53.042   151.081   -84.126   -148.58    184.84      1.00
   2.53515   0.96244   2.44090   -28.778   138.834   -47.417   -148.58    155.65      1.00
   4.53790   1.93575   3.14025   -22.860   147.086   -43.078   -148.57    161.85      1.00
   5.46337   2.07199   2.76665   -59.911   150.272   -66.219   -148.57    181.54      1.00
   3.07014   2.45147   1.47045   -58.784   110.747   -69.525   -148.57    153.04      1.00
   1.58169   2.51083   2.90312   -72.339   137.432   -41.706   -148.57    160.81      1.00
   1.08739   1.22736   3.42582   -20.782   130.113   -72.126   -148.56    153.18      1.00
   2.25200   1.25439   2.28940   -65.095   150.008   -69.159   -148.53    183.39      1.00
   0.52103   1.59433   3.80785   -25.952   128.158   -78.859   -148.49    156.87      1.00
   2.68546   1.29495   1.05059   -65.048   129.844   -60.889   -148.48    167.09      1.00
   3.53732   2.25955   2.22258   -49.994   157.001   -52.254   -148.47    181.67      1.00
   4.18804   2.58638   2.46073   -53.253   107.140   -51.642   -148.46    140.56      1.00
   4.10658   2.10027   2.69266   -48.107   160.671   -51.038   -148.44    183.24      1.00
  -0.06921   1.95748   0.16173   -75.615   141.164   -57.513   -148.43    171.60      1.00
   5.59132   2.23603   3.93545   -26.889   151.511   -46.509   -148.43    169.82      1.00
   3.43382   1.94288   2.36641   -66.994   119.914   -30.185   -148.42    148.30      1.00
   0.93601   1.03940   2.55768   -53.427   144.662   -34.747   -148.42    164.31      1.00
   2.98418   1.55193   1.10489   -64.440   132.373   -62.048   -148.42    169.79      1.00
   4.95654   1.54903   2.90638   -56.306   125.840   -70.725   -148.40    161.99      1.00
   3.59221   0.69172   3.85148   -29.480   156.693   -40.713   -148.40    163.39      1.00
   4.91008   1.52503   2.74431   -56.142   127.867   -71.399   -148.39    163.26      1.00
   3.59272   2.07790   1.28001   -38.185   146.437   -23.756   -148.38    161.63      1.00
   3.89368   0.95903   2.26119   -67.033   117.213   -37.418   -148.36    143.84      1.00
   2.53422   0.98532   2.44384   -28.798   138.850   -47.614   -148.35    155.69      1.00
   0.02987   1.89165   1.24770   -71.509   154.769   -52.119   -148.34    177.30      1.00
   2.96892   1.68716   1.56492   -71.451   133.340   -60.888   -148.34    172.52      1.00
   2.32124   0.65360   1.53566   -26.509   129.441   -79.485   -148.33    161.58      1.00
   1.23989   2.73615   2.24601   -62.821   166.114   -55.475   -148.32    185.58      1.00
   3.89869   1.63640   0.30044   -19.584   139.931   -51.024   -148.29    156.35      1.00
  -0.08677   0.51961   1.18020   -76.835   136.107   -48.088   -148.29    162.69      1.00
   4.98618   2.66669   3.98923   -69.739   127.725   -30.202   -148.29    158.00      1.00
   6.11032   1.82198   2.40381   -60.444   151.060   -46.230   -148.28    171.84      1.00
   0.72068   2.85274   5.85078   -52.610   145.620   -31.335   -148.25    166.77      1.00
   3.17292   0.76697   2.28294   -64.358   157.686   -48.962   -148.25    182.53      1.00
   1.07199   1.77414  -0.14088   -74.440   137.851   -52.333   -148.19    168.67      1.00
  -0.08849   1.75428   5.40488   -40.326   158.041   -48.037   -148.17    176.62      1.00
   0.92420   1.30672   0.35634   -75.474   144.846   -52.180   -148.15    172.18      1.00
   0.55588   1.58382   3.27700   -19.121   131.671   -59.230   -148.13    148.85      1.00
   3.63186   1.76095   2.86009   -73.875   152.117   -53.022   -148.11    182.73      1.00
   5.08950   2.63984   2.97578   -27.348   157.195   -45.776   -148.08    173.92      1.00
   3.47689   1.57592   5.71966   -25.372   148.261   -33.386   -148.08    157.20      1.00
   1.08263   1.22490   3.44061   -20.947   129.967   -72.111   -148.07    153.09      1.00
   0.31148   1.22958   6.08259   -74.384   142.847   -53.522   -148.07    170.71      1.00
   2.39528   1.82250   3.55417   -45.439   162.906   -43.664   -148.07    174.28      1.00
   5.34067   2.02260   0.92843   -38.851   162.436   -34.287   -148.06    170.31      1.00
   0.50637   0.68158   0.17490   -43.474   117.899   -49.820   -148.05    133.37      1.00
   1.74675   0.84695   5.84199   -66.395   156.609   -61.407   -148.03    180.38      1.00
  -0.06335   1.75296   5.46579   -40.580   157.762   -47.658   -147.99    176.00      1.00
   1.10674   2.40698   5.26355   -48.372   108.145   -70.218   -147.99    143.61      1.00
   4.56842   1.28558   2.36453   -50.194   134.161   -75.065   -147.99    166.26      1.00
   1.82176   1.04797   0.06406   -40.056   148.997   -87.447   -147.98    177.74      1.00
   0.40311   1.65092   1.78528   -68.511   151.882   -51.785   -147.97    174.88      1.00
   3.18252   2.16136   2.64517   -75.555   144.511   -53.413   -147.95    177.72      1.00
   2.53119   2.04819   3.59181   -47.798   151.913   -29.393   -147.92    161.64      1.00
   1.72874   1.40897   2.86492   -47.756   160.858   -45.351   -147.88    177.42      1.00
   0.47513   1.26174   3.59537   -22.325   131.172   -76.259   -147.84    158.23      1.00
   3.34777   2.09470   2.85255   -73.808   130.942   -37.264   -147.82    160.49      1.00
   3.43943   1.39970   4.18467   -56.501   122.596   -69.368   -147.82    153.40      1.00
   5.44041   2.16023   0.69497   -71.097   150.830   -49.627   -147.81    174.54      1.00
   4.51810   1.09627   5.07777   -35.809   120.451   -67.798   -147.80    151.48      1.00
   3.77645   0.94088   5.54281   -20.867   158.943   -63.677   -147.78    177.84      1.00
   0.46657   2.16058   3.74642   -43.863   107.349   -51.527   -147.77    132.71      1.00
   4.21357   2.89457   3.23298   -45.417   139.940   -25.975   -147.76    158.32      1.00
   2.85973   2.44159   2.23059   -72.390   124.217   -67.839   -147.74    165.72      1.00
   0.89571   1.01042   2.54473   -53.982   144.387   -34.890   -147.73    164.35      1.00
   2.08234   2.88738   0.67104   -47.485   148.607   -78.931   -147.73    183.12      1.00
   3.22905   0.40509   3.36773   -49.250   156.839   -27.894   -147.70    165.83      1.00
   5.68968   1.92631   2.17378   -61.867   147.459   -41.911   -147.69    168.19      1.00
   4.06370   1.72109   1.10071   -32.445   115.705   -34.013   -147.69    132.04      1.00
   0.17461   1.97580   0.18728   -75.305   140.716   -47.351   -147.69    168.24      1.00
   2.52476   2.13918   3.46966   -47.804   150.310   -29.794   -147.67    160.60      1.00
   3.05289   1.97182   6.13354   -60.086   132.911   -67.855   -147.66    167.05      1.00
   5.40510   2.83945   1.37563   -53.749   130.882   -31.643   -147.65    146.38      1.00
   1.46644   2.18890   5.86956   -63.572   147.750   -65.710   -147.63    179.29      1.00
   4.04835   0.67509   4.42856   -41.011   172.964   -54.050   -147.62    188.61      1.00
   0.64652   2.81705   3.79723   -20.585   130.106   -66.597   -147.61    150.22      1.00
   3.30973   1.75074   0.96544   -64.191   136.671   -59.520   -147.58    172.27      1.00
   3.84416   2.58835   2.19143   -53.219   106.658   -54.130   -147.57    141.09      1.00
   1.36946   2.33925   5.82500   -63.700   147.236   -64.532   -147.54    179.31      1.00
   5.92296   0.85640   3.44510   -26.253   152.444   -34.368   -147.52    165.14      1.00
   2.86229   1.34486   1.44195   -69.235   122.792   -50.975   -147.51    159.71      1.00
   4.99073   1.49798   1.08552   -51.760   125.720   -19.486   -147.50    139.40      1.00
   4.49560   0.79091   4.96667   -29.795   155.474   -33.138   -147.50    168.91      1.00
   5.15413   1.39058   1.82383   -72.149   142.253   -44.499   -147.50    167.99      1.00
   5.83477   1.66639   3.84225   -19.064   136.135   -50.251   -147.50    154.52      1.00
   1.20627   0.38551   1.65573   -22.373   157.117   -66.827   -147.50    175.99      1.00
   5.21405   0.64677   4.12040   -33.065   160.853   -34.983   -147.47    175.23      1.00
   3.41119   0.73261   3.97913   -73.019   148.415   -54.085   -147.42    173.95      1.00
   0.86635   0.98859   2.56996   -54.141   144.295   -34.866   -147.42    164.45      1.00
  -0.13320   2.24401   0.46186   -52.763   168.566   -48.427   -147.39    183.69      1.00
   2.26702   2.21409   2.19794   -33.949   151.952   -50.847   -147.38    168.47      1.00
   5.17783   0.36011   0.09364   -70.358   151.675   -52.966   -147.38    181.11      1.00
   0.28665   2.17522   3.72302   -45.582   107.126   -49.782   -147.38    133.48      1.00
   0.37717   1.78239   3.99536   -22.062   128.247   -73.408   -147.38    154.39      1.00
   5.82821   2.00962   1.19241   -71.557   149.124   -50.200   -147.36    172.53      1.00
   5.92230   1.68068   1.72455   -36.932   162.019   -34.645   -147.35    168.60      1.00
   4.00392   0.88905   4.00787   -58.927   124.738   -64.715   -147.34    155.98      1.00
  -0.08424   2.06198   4.65869   -56.039   107.533   -46.042   -147.32    139.26      1.00
   3.80559   1.35493   3.47538   -73.492   150.887   -54.514   -147.30    179.37      1.00
   0.51068   0.66661   0.16968   -43.460   117.791   -49.923   -147.25    133.29      1.00
   0.56515   1.12196   2.76079   -56.700   157.893   -66.121   -147.25    185.28      1.00
  -0.05583   1.27235   2.66677   -61.225   150.259   -44.871   -147.25    173.01      1.00
   0.85133   0.91429   2.18493   -24.262   161.969   -63.307   -147.24    178.51      1.00
   2.88113   1.57980   4.94886   -43.826   150.849   -86.517   -147.23    178.87      1.00
   3.67228   0.69119   3.87890   -27.981   155.162   -41.107   -147.23    161.99      1.00
   3.57024   2.04219   3.66804   -36.896   150.087   -34.675   -147.22    161.34      1.00
   6.15318   1.38004   2.28931   -38.410   157.821   -29.240   -147.21    166.22      1.00
   5.79950   0.86912   6.20128   -45.288   166.227   -49.739   -147.21    182.45      1.00
   6.00288   1.75050   4.77852   -52.239   110.551   -33.233   -147.19    136.46      1.00
   0.39531   1.81350   0.04193   -73.467   144.252   -52.005   -147.19    172.12      1.00
   5.21258   1.90676   3.83571   -52.776   151.176   -67.196   -147.17    183.21      1.00
   1.95295   0.27629   3.81267   -34.399   127.215   -38.014   -147.15    139.57      1.00
   0.27562   1.73057   0.93865   -32.736   156.181   -44.740   -147.13    164.56      1.00
   0.00920   2.84821   1.58030   -40.988   123.657   -36.403   -147.13    134.63      1.00
   3.02458   1.77529   2.25412   -63.010   114.870   -69.086   -147.12    154.98      1.00
   3.70502   1.51114   1.76716   -61.515   108.149   -51.247   -147.11    143.03      1.00
   1.76730   1.23168   2.39971   -64.543   149.017   -67.734   -147.10    181.03      1.00
   3.70566   0.22213   4.16090   -60.226   128.946   -33.909   -147.09    147.22      1.00
   1.37988   2.34197   2.58818   -71.910   135.250   -44.423   -147.08    160.00      1.00
   4.21385   2.20508   4.24310   -72.697   145.593   -50.613   -147.07    175.63      1.00
   5.06283   0.21763   2.24618   -75.165   145.720   -58.177   -147.06    173.34      1.00
   0.21739   1.16631   3.64190   -50.176   157.537   -52.891   -147.04    181.44      1.00
   0.02210   1.17175   2.69869   -61.177   149.451   -44.672   -147.04    172.64      1.00
   4.06923   1.18495   3.75319   -24.103   146.691   -44.835   -147.03    157.52      1.00
   0.16521   1.22611   2.97353   -27.404   154.143   -34.264   -147.02    164.97      1.00
   0.95920   2.20211   1.47945   -58.506   114.477   -71.156   -147.02    147.36      1.00
   2.70444   1.87831   0.50292   -43.889   125.311   -87.653   -147.01    166.33      1.00
   2.39210   1.34531   5.17513   -42.022   152.043   -86.401   -146.98    178.50      1.00
   0.87655   2.28314   0.14810   -65.798   122.086   -78.731   -146.97    163.28      1.00
   4.61785   1.17213   4.45542   -63.488   151.559   -48.323   -146.97    179.04      1.00
   4.13749   1.21227   4.82777   -37.791   170.393   -48.784   -146.97    185.90      1.00
   0.50006   2.53932   3.47599   -19.097   130.784   -59.003   -146.96    146.68      1.00
   6.04734   2.19844   4.86139   -63.225   120.626   -29.276   -146.95    148.87      1.00
   3.62645   0.58195   2.09350   -74.786   143.266   -49.052   -146.95    172.89      1.00
   2.17913   0.67043   4.39393   -31.939   138.496   -69.283   -146.91    156.11      1.00
   0.34554   2.37736   2.33104   -19.701   140.725   -45.892   -146.91    148.08      1.00
   3.94722   1.28804   1.23413   -35.949   113.381   -33.320   -146.89    131.22      1.00
   3.13940   1.65319   5.18853   -67.604   135.198   -40.641   -146.88    158.94      1.00
   1.25647   1.91378   1.90971   -68.987   154.178   -61.873   -146.87    181.61      1.00
   4.05434   1.06237   4.86339   -38.286   170.236   -50.359   -146.84    186.14      1.00
   0.84776   0.57488   4.49491   -58.231   150.311   -81.140   -146.83    184.26      1.00
   4.92460   2.59860   3.73469   -68.042   125.690   -28.223   -146.82    155.59      1.00
   5.82470   2.36054   2.62086   -21.913   147.827   -40.254   -146.79    157.47      1.00
   3.17619   2.29947   2.66427   -75.331   145.342   -53.107   -146.78    178.31      1.00
   0.50480   0.70016   5.50517   -68.980   124.910   -38.423   -146.76    149.37      1.00
   2.47359   1.29278  -0.00028   -58.715   153.537   -49.527   -146.75    177.01      1.00
   3.81259   1.68556   0.60417   -65.965   131.481   -35.345   -146.75    159.80      1.00
   4.00560   1.61614   1.34163   -36.833   112.743   -34.205   -146.73    131.08      1.00
   2.32483   1.50104   4.66621   -28.029   155.164   -49.095   -146.73    162.83      1.00
   1.84791   1.33201   2.43319   -65.755   150.027   -66.492   -146.71    181.47      1.00
   1.03838   2.34408   0.31475   -75.823   140.595   -42.345   -146.69    170.76      1.00
   4.05822   0.28450   1.84999   -69.811   119.633   -37.973   -146.66    145.90      1.00
   4.03530   2.90202   3.02498   -45.763   139.876   -25.869   -146.66    158.42      1.00
   5.56789   0.93349   3.13196   -24.387   148.004   -34.334   -146.65    157.92      1.00
   3.55399   1.56442   2.41358   -39.953   121.136   -73.301   -146.63    153.78      1.00
   0.32204   1.09464  -0.06490   -43.091   158.135   -39.324   -146.62    168.81      1.00
   4.53265   1.73439   4.58472   -26.397   130.189   -56.484   -146.59    151.18      1.00
   0.91655   1.73548   3.66580   -18.695   127.724   -63.695   -146.57    145.85      1.00
   2.79488   1.90946   0.56413   -43.321   124.434   -86.737   -146.55    165.36      1.00
   5.09064   1.47324   1.89827   -71.322   141.971   -43.692   -146.53    167.81      1.00
   6.12857   1.49437   0.13795   -73.507   152.735   -60.727   -146.50    180.99      1.00
   2.35729   1.35064   5.18475   -42.086   150.794   -86.332   -146.49    177.42      1.00
   4.26303   1.63680   4.08070   -46.092   141.570   -75.766   -146.49    173.09      1.00
   3.77994   2.05630   2.63557   -47.862   156.914   -67.993   -146.49    185.28      1.00
   1.04141   0.20887   2.95354   -18.062   145.940   -54.645   -146.48    165.07      1.00
   0.36499   2.67104   2.74169   -52.533   134.084   -32.731   -146.46    149.34      1.00
   3.96296   1.93383   5.93473   -48.272   129.930   -73.678   -146.44    162.19      1.00
   0.02943   1.89347   3.27185   -42.373   109.719   -54.105   -146.42    135.80      1.00
   5.00804   1.49410   0.99323   -51.203   125.391   -19.645   -146.41    138.90      1.00
   4.42002   1.30792   5.27193   -50.055   145.333   -76.215   -146.38    179.48      1.00
   6.00683   1.52974   2.96798   -59.487   146.787   -39.412   -146.38    169.44      1.00
   2.98710   0.12128   3.53042   -73.424   149.580   -47.771   -146.36    172.57      1.00
   2.60952   1.58407   5.13503   -44.219   146.893   -87.500   -146.36    176.06      1.00
   3.26057   0.18463   3.90094   -72.190   154.682   -54.659   -146.34    177.88      1.00
   4.03276   1.05074   0.88445   -69.797   129.562   -40.046   -146.34    160.83      1.00
   5.75359   1.13441   5.59490   -49.090   163.278   -51.717   -146.32    184.74      1.00
   2.46317   1.74467   5.15240   -34.930   147.533   -85.981   -146.32    173.37      1.00
   4.47154   2.54823   3.58565   -70.968   130.454   -30.500   -146.31    160.25      1.00
   3.97488   1.93846   5.96319   -48.231   129.990   -73.727   -146.30    162.28      1.00
   2.87586   1.93630   2.26900   -66.628   118.623   -70.748   -146.29    159.77      1.00
   2.43022   2.01774   1.77668   -61.587   115.876   -75.802   -146.25    158.03      1.00
   2.82660   1.22383   2.24990   -60.948   157.090   -62.619   -146.23    186.27      1.00
   2.38697   1.31398   1.64380   -69.228   137.350   -65.321   -146.22    175.20      1.00
   1.25385   1.19152   5.04458   -60.327   115.408   -74.325   -146.22    149.98      1.00
   5.31290   2.82205   5.04267   -53.951   150.156   -77.505   -146.22    183.22      1.00
   5.37077   1.38413   1.50671   -33.973   166.992   -66.057   -146.20    182.75      1.00
   2.70550   1.81655   0.53175   -43.678   125.984   -87.996   -146.18    167.04      1.00
   3.07755   2.48461   2.85471   -75.006   132.971   -38.250   -146.17    162.41      1.00
   0.40448   1.64211   1.90892   -66.735   152.926   -52.078   -146.14    175.48      1.00
   3.30153   2.27145   5.98356   -23.100   151.935   -38.761   -146.11    160.54      1.00
   1.67948   0.32414   2.54247   -19.719   134.460   -71.469   -146.09    161.04      1.00
   5.04124   0.90651   0.10884   -38.778   137.402   -72.691   -146.07    166.47      1.00
   1.72861   2.30612   3.26862   -47.077   141.982   -30.892   -146.05    152.57      1.00
   3.72674   1.96694   1.17371   -64.868   132.846   -56.679   -146.05    167.71      1.00
   3.23017   1.62659   4.88866   -67.366   132.219   -39.685   -146.00    155.21      1.00
   6.04979   1.44547   4.12523   -67.776   139.440   -62.936   -146.00    177.28      1.00
   3.00457   1.32026   4.31130   -28.394   155.651   -50.960   -145.98    164.48      1.00
   1.62592   2.05082   2.01879   -70.097   152.329   -60.425   -145.97    180.85      1.00
   3.95828   0.23260   3.92564   -60.136   128.898   -33.439   -145.96    147.20      1.00
   5.70492   1.77634   3.69453   -36.732   161.675   -62.004   -145.96    185.32      1.00
   5.50755   1.97166   4.99993   -38.305   158.644   -57.781   -145.94    181.37      1.00
   1.23060   1.25723   5.68960   -69.876   143.002   -57.817   -145.94    170.02      1.00
   1.36114   1.42283   2.34237   -62.337   155.012   -67.388   -145.92    183.68      1.00
   0.20811   1.99923   2.57944   -57.225   136.144   -35.049   -145.91    154.64      1.00
   6.10862   1.50722   0.15215   -73.377   152.821   -60.453   -145.91    180.91      1.00
   6.33301   1.94019   1.31284   -71.195   154.875   -51.397   -145.91    177.11      1.00
   5.69136   1.93611   2.18877   -61.964   146.939   -41.898   -145.91    167.86      1.00
   0.29294   1.31843  -0.20205   -74.531   142.650   -54.495   -145.90    171.20      1.00
   0.23951   2.87644   5.80889   -41.494   158.442   -56.108   -145.90    180.26      1.00
   4.89774   1.15002   1.36259   -50.475   129.213   -74.183   -145.87    160.43      1.00
   5.59979   2.27539   3.93277   -26.661   151.425   -46.374   -145.86    169.65      1.00
   1.02294   1.80991   5.17788   -23.400   135.448   -59.208   -145.86    152.49      1.00
   1.10196   2.28313   1.65579   -60.360   114.542   -69.151   -145.83    147.42      1.00
   5.06835   2.65375   4.09200   -61.328   113.373   -33.741   -145.81    142.71      1.00
   0.31291   1.50083   0.20023   -42.224   118.718   -44.204   -145.80    133.97      1.00
   1.37631   1.20612   5.85210   -71.404   142.486   -58.132   -145.80    170.21      1.00
   2.40185   2.03281   1.12795   -71.152   139.331   -60.708   -145.76    176.46      1.00
   4.21165   2.16531   4.27617   -72.232   145.507   -50.617   -145.75    175.31      1.00
   4.20938   0.42382   0.80809   -72.771   140.072   -41.795   -145.64    170.71      1.00
   4.23096   1.05170   4.12294   -50.875   137.641   -77.415   -145.62    171.04      1.00
   0.00006   1.96622   1.07457   -72.721   152.692   -51.147   -145.60    175.81      1.00
   4.33536   1.59979   4.20782   -69.038   145.465   -47.154   -145.58    173.91      1.00
   0.28428   1.72427   0.95797   -32.548   156.348   -44.885   -145.57    164.69      1.00
   2.95605   1.83323   2.10019   -74.159   135.228   -56.049   -145.56    171.73      1.00
   3.98132   2.30204   0.22654   -19.547   134.073   -46.082   -145.55    146.00      1.00
   3.28238   2.06824   3.73987   -71.455   152.912   -49.614   -145.53    177.44      1.00
   0.01163   1.82702   5.25163   -60.519   113.255   -34.866   -145.53    140.56      1.00
   6.06230   1.03276   5.70683   -64.952   114.712   -37.619   -145.52    141.67      1.00
   4.18810   1.38083   1.02956   -67.978   136.242   -35.189   -145.50    163.34      1.00
   2.70886   2.51208   1.15193   -41.924   144.807   -80.990   -145.48    179.55      1.00
   0.97819   0.29559   2.74394   -20.945   130.864   -73.116   -145.47    158.58      1.00
   0.16285   0.17204   5.80535   -67.927   121.224   -35.539   -145.45    144.81      1.00
   0.61948   1.24820   5.29002   -56.968   114.483   -78.417   -145.42    152.07      1.00
   1.57059   1.88504   4.52162   -31.607   153.651   -45.297   -145.39    163.84      1.00
   3.21786   1.60728   5.37270   -68.109   135.294   -40.522   -145.37    160.34      1.00
   1.38823   1.57459   2.25469   -64.206   155.124   -65.990   -145.33    183.36      1.00
   0.12861   2.26659   2.91345   -18.024   143.910   -50.938   -145.32    155.12      1.00
   4.14885   1.67877   5.00481   -40.646   172.024   -53.457   -145.31    188.82      1.00
   4.89705   1.24315   3.26452   -35.197   158.378   -29.962   -145.31    169.20      1.00
   2.75915   1.30683   0.97727   -64.710   128.986   -59.422   -145.29    165.87      1.00
   0.68389   1.96541   2.33775   -60.173   136.660   -84.300   -145.29    171.64      1.00
   3.29810   2.92903   6.42072   -21.929   117.833   -52.168   -145.28    134.39      1.00
   1.38501   2.78560   0.86569   -72.725   149.855   -51.452   -145.25    180.30      1.00
   0.24945   1.93001   4.33399   -37.077   152.410   -39.696   -145.21    169.60      1.00
   1.58349   0.66249   0.37730   -21.953   121.119   -55.691   -145.21    135.09      1.00
   0.70851   1.37974   5.31631   -57.410   117.090   -80.016   -145.19    155.00      1.00
   5.76835   1.98248   2.63643   -60.819   143.314   -38.786   -145.19    165.65      1.00
   1.82543   1.54076   0.84579   -70.922   146.777   -61.343   -145.19    179.91      1.00
   4.29312   2.80179   2.04501   -22.683   154.327   -53.019   -145.18    172.19      1.00
   5.29200   1.43131   4.72889   -35.523   151.472   -66.426   -145.17    178.52      1.00
   4.51815   0.28190   0.77732   -68.910   153.048   -54.321   -145.14    182.16      1.00
  -0.20575   0.77532   0.67619   -72.658   151.542   -58.517   -145.12    176.76      1.00
   1.93592   1.28332   1.52945   -34.591   152.512   -41.002   -145.10    168.26      1.00
   1.65979   2.11508   1.98917   -70.826   151.736   -59.504   -145.10    180.42      1.00
   4.17074   1.65089   3.71048   -40.787   155.562   -27.545   -145.10    167.41      1.00
   3.21602   0.99937   3.78649   -31.905   161.164   -52.349   -145.09    171.48      1.00
   0.78797   1.65209   3.64461   -28.458   130.948   -82.235   -145.07    159.68      1.00
   5.37611   1.07037   4.83322   -54.434   157.503   -48.812   -145.07    183.56      1.00
   3.48606   1.35447   0.42896   -45.597   156.578   -67.533   -145.03    185.04      1.00
   2.57898   1.07564   1.93222   -37.176   156.777   -50.581   -145.02    176.80      1.00
  -0.24362   1.93308   5.76195   -35.464   115.485   -51.105   -144.98    136.35      1.00
  -0.11221   0.61726   3.23519   -20.963   138.766   -40.742   -144.95    152.41      1.00
   0.47069   1.79555   3.77561   -22.059   131.202   -74.470   -144.89    156.39      1.00
   2.47272   1.53198   3.59618   -51.545   162.610   -39.321   -144.88    174.87      1.00
   2.25593   0.71398   1.54231   -27.034   129.711   -80.378   -144.88    162.06      1.00
   1.22774   2.01477   0.01688   -47.608   113.963   -81.200   -144.88    150.83      1.00
   4.20318   0.36271   1.58916   -70.265   119.391   -37.876   -144.88    146.68      1.00
   0.49620   0.81951   5.09308   -58.931   115.617   -78.270   -144.88    154.31      1.00
   0.20366   2.00559   2.57086   -57.330   136.103   -34.991   -144.86    154.59      1.00
   0.34874   0.20818   2.85617   -32.180   155.235   -34.218   -144.86    169.35      1.00
   3.04361   1.98573  -0.20948   -60.621   132.231   -66.902   -144.85    166.04      1.00
   2.33958   1.87363   5.08258   -31.754   130.782   -35.983   -144.82    139.19      1.00
   4.03794   1.69148   1.12382   -33.025   115.035   -34.365   -144.81    131.86      1.00
   1.03979   1.64582   5.06376   -57.926   110.940   -68.045   -144.80    145.17      1.00
   1.36324   0.65638   0.61583   -22.228   120.079   -58.036   -144.79    135.08      1.00
   3.03381   2.43889   1.61051   -60.831   112.292   -69.954   -144.78    155.01      1.00
   1.63766   1.60995   0.24613   -54.080   126.721   -36.712   -144.76    147.27      1.00
   1.89262   2.81915   6.11127   -21.526   153.160   -54.072   -144.76    170.74      1.00
   2.79950   1.46135   4.23966   -38.496   156.584   -31.995   -144.74    162.52      1.00
   0.00859   2.71581   4.75938   -49.878   104.680   -50.560   -144.74    136.02      1.00
   5.01356   0.43542   5.76584   -39.325   108.173   -36.968   -144.74    130.49      1.00
   4.21489   0.57980   4.48522   -65.357   151.160   -53.246   -144.71    178.70      1.00
   2.30191   2.26954   1.08283   -73.362   139.173   -57.407   -144.69    176.00      1.00
   4.49101   1.34399   3.25950   -27.713   158.360   -58.855   -144.68    175.42      1.00
   4.08565   1.68363   1.14425   -33.274   115.539   -33.948   -144.66    132.05      1.00
   5.17093   2.66168   4.10970   -68.623   125.872   -28.745   -144.63    155.85      1.00
   1.45340   2.20912   1.11521   -39.968   154.642   -45.884   -144.62    170.57      1.00
   3.17210   1.58099   5.40535   -67.510   135.696   -40.503   -144.62    160.47      1.00
   4.90039   2.08138   3.06880   -38.255   160.639   -39.613   -144.61    177.46      1.00
   3.76106   1.70705   0.21192   -19.010   141.392   -53.268   -144.60    158.04      1.00
   1.72116   0.87394   5.83305   -66.654   155.766   -61.355   -144.58    179.72      1.00
   4.69556   1.55146   1.31885   -49.679   127.718   -72.964   -144.56    160.23      1.00
   0.98231   1.89026   2.19390   -54.943   157.762   -81.959   -144.53    186.13      1.00
  -0.37986   2.62329   4.95321   -69.159   124.904   -31.896   -144.52    155.21      1.00
   6.01927   1.42521   0.00880   -32.014   135.076   -40.860   -144.52    146.74      1.00
   0.73476   1.04973   5.33668   -70.697   129.443   -77.331   -144.51    167.68      1.00
   4.83169   2.01499   5.73916   -55.695   166.613   -47.352   -144.48    185.94      1.00
   4.94258   1.14648   1.29965   -50.798   128.729   -74.051   -144.47    159.94      1.00
   2.81558   1.32688   1.57371   -69.979   124.243   -51.800   -144.46    161.12      1.00
   1.97680   1.14699   0.22428   -48.135   150.595   -86.786   -144.43    182.72      1.00
   6.03788   1.72889   2.79147   -59.629   144.245   -39.766   -144.37    166.30      1.00
   5.58149   2.61838   1.92643   -18.385   138.847   -54.846   -144.37    151.14      1.00
   4.92577   2.07990   3.10887   -37.800   160.767   -39.784   -144.30    177.57      1.00
   5.21665   2.34369   2.79562   -61.454   147.567   -44.806   -144.30    174.25      1.00
   0.07886   1.99148   1.26242   -71.714   154.437   -51.711   -144.29    177.05      1.00
   3.08714   1.64448   5.11296   -67.200   135.318   -40.765   -144.29    158.43      1.00
   4.67001   1.90595   1.42369   -66.933   141.134   -45.185   -144.28    167.80      1.00
   1.94307   1.27928   1.52123   -34.589   152.537   -41.054   -144.27    168.33      1.00
   4.26937   1.71001   4.20584   -43.171   141.843   -75.161   -144.27    172.27      1.00
   1.11236   0.10215   1.83239   -35.512   159.182   -35.558   -144.25    172.98      1.00
   3.48975   1.60328   5.73461   -25.666   148.036   -33.119   -144.23    157.00      1.00
   3.81022   0.95789   4.18945   -59.753   124.487   -63.526   -144.22    155.16      1.00
   2.22706   2.72128   4.68128   -48.977   120.968   -41.733   -144.20    138.55      1.00
   2.97635   0.91543   3.68165   -74.349   145.227   -45.651   -144.18    168.84      1.00
   4.46833   1.64741   1.57974   -69.556   138.578   -45.586   -144.17    167.56      1.00
   5.51731   0.56302   3.08508   -37.594   166.955   -40.338   -144.15    179.06      1.00
   6.02783   1.53970   2.98819   -59.209   147.073   -39.668   -144.14    169.72      1.00
   0.31899   0.58004   5.01666   -48.974   104.645   -57.622   -144.13    133.69      1.00
   5.28184   3.11913   5.62552   -61.480   165.853   -56.347   -144.12    187.96      1.00
   0.72522   2.10408   6.10789   -62.472   121.543   -81.189   -144.11    162.40      1.00
   4.29481   0.81533   3.66018   -72.601   149.184   -56.577   -144.09    178.66      1.00
   2.83978   2.10070   2.17730   -67.533   119.590   -70.587   -144.09    161.18      1.00
   3.49587   1.75351   3.73375   -33.605   156.395   -43.828   -144.08    167.60      1.00
   2.50503   1.86397   1.13667   -69.013   138.965   -63.007   -144.07    176.36      1.00
   3.72846   1.90916   1.16953   -65.361   132.658   -56.481   -144.04    167.69      1.00
   2.63984   1.99620   0.49742   -44.574   124.688   -86.659   -144.04    165.44      1.00
   4.36641   1.70250   3.25928   -59.159   116.481   -29.945   -144.03    140.69      1.00
   4.93888   2.14660   2.58664   -41.547   118.003   -25.704   -144.03    135.15      1.00
   4.95705   0.19891   4.57876   -20.028   124.631   -66.538   -144.02    150.03      1.00
   4.53776   0.67741   3.53758   -19.607   128.560   -57.258   -144.00    144.01      1.00
   4.92784   0.94272   6.44385   -39.265   137.267   -72.653   -144.00    166.74      1.00
   4.11086   0.88505   3.59812   -75.659   141.266   -55.521   -143.99    172.42      1.00
   5.22330   2.34408   2.80714   -61.482   147.612   -44.936   -143.99    174.36      1.00
   5.72391   0.62702  -0.14093   -67.061   113.956   -41.630   -143.98    142.31      1.00
   3.55186   0.79107   4.52216   -56.420   124.432   -66.848   -143.97    154.62      1.00
   4.84855   2.04760   4.25617   -69.560   146.479   -47.513   -143.96    177.45      1.00
   2.13355   0.82078   1.39103   -51.836   106.910   -46.127   -143.94    136.38      1.00
   0.39395   2.15112   4.47345   -52.101   107.025   -55.436   -143.93    139.14      1.00
   1.93098   1.27236   1.51885   -34.629   152.669   -40.903   -143.93    168.39      1.00
   5.24637   2.82125   0.84112   -54.781   130.713   -31.167   -143.93    145.53      1.00
   1.55429   2.81191   2.29812   -66.115   163.461   -54.556   -143.92    184.92      1.00
   0.11012   2.89733   2.65733   -52.583   131.110   -32.820   -143.92    147.43      1.00
   5.93030   1.10955   2.01779   -40.142   171.774   -51.270   -143.91    183.25      1.00
   0.21170   3.08642   4.76194   -53.400   106.507   -58.446   -143.89    142.41      1.00
   4.38089   3.11211   1.13411   -18.403   148.358   -47.589   -143.84    159.13      1.00
   2.61482   1.23556   1.66603   -69.474   132.547   -60.537   -143.82    170.17      1.00
   5.73485   1.21577   6.12365   -54.092   120.613   -76.427   -143.81    156.40      1.00
  -0.04119   1.84071   2.65734   -24.026   140.033   -33.528   -143.81    148.00      1.00
   3.25843   2.21028   5.14482   -37.804   124.557   -36.818   -143.78    135.93      1.00
   5.31864   1.90754   3.99653   -53.371   150.570   -67.408   -143.78    183.20      1.00
   3.01346   1.45838   1.07141   -64.869   132.325   -61.849   -143.77    169.92      1.00
   4.19103   2.09904   2.81433   -46.883   161.478   -50.675   -143.77    183.44      1.00
   3.99285   1.94456   3.73456   -38.858   118.684   -28.278   -143.73    132.99      1.00
   3.01092   0.83225   3.63574   -74.000   144.609   -45.131   -143.66    168.05      1.00
   4.74937   0.82181   4.22241   -28.572   156.132   -33.842   -143.64    167.97      1.00
   0.45963   0.67223   2.99058   -54.826   154.568   -52.696   -143.63    179.94      1.00
  -0.45866   2.11441   3.44190   -18.352   143.439   -46.559   -143.62    158.54      1.00
   1.23269   1.16447   0.68561   -45.467   114.612   -70.067   -143.61    142.53      1.00
   5.28163   2.54702   2.51786   -63.044   139.975   -47.769   -143.60    168.23      1.00
   0.20707   2.02468   2.57222   -57.015   135.876   -34.788   -143.58    154.17      1.00
   2.14384   2.06168   4.36704   -55.637   118.028   -53.040   -143.55    140.59      1.00
   4.03763   1.02176   0.27733   -17.260   137.286   -59.640   -143.53    158.86      1.00
   4.13171   0.87902   3.67382   -74.922   142.435   -55.276   -143.51    173.21      1.00
   5.13072   1.77924   2.05917   -43.443   116.954   -64.173   -143.49    144.83      1.00
   1.65596   1.47177   3.63809   -35.126   130.156   -87.243   -143.48    160.31      1.00
   0.40521   1.78105   1.00794   -32.206   155.069   -45.655   -143.48    163.91      1.00
   1.62600   1.69473   3.53762   -44.059   159.315   -41.854   -143.47    171.55      1.00
   4.88640   0.93557   0.21710   -39.232   137.480   -72.550   -143.46    166.85      1.00
   5.54127   1.03059   2.91202   -29.923   156.826   -34.029   -143.43    166.33      1.00
   4.21905   1.38607   3.58599   -27.437   155.533   -57.960   -143.41    172.14      1.00
   4.20158   0.91120   0.71124   -70.462   129.252   -41.720   -143.37    161.07      1.00
   6.19695   1.64784   2.32660   -34.904   155.257   -29.098   -143.35    162.78      1.00
   1.82898   1.79571   3.25424   -72.618   149.467   -62.856   -143.29    178.32      1.00
   5.27369   1.91843   3.93605   -53.034   150.554   -67.632   -143.28    183.09      1.00
   1.36044   1.28078   4.16416   -71.981   141.865   -67.136   -143.28    174.55      1.00
   1.00919   0.88652   3.81291   -37.827   157.182   -58.338   -143.27    177.16      1.00
   3.29614   1.58785   5.40608   -68.774   134.469   -41.126   -143.27    160.53      1.00
   0.79746   1.91627   1.76594   -57.936   164.583   -73.812   -143.23    189.14      1.00
   0.85788   1.57879   3.78289   -29.818   130.447   -83.984   -143.22    160.43      1.00
   5.23202   2.35172   2.81860   -61.449   147.638   -44.840   -143.20    174.37      1.00
   5.65724   2.96475   5.00895   -73.374   134.451   -36.816   -143.18    165.03      1.00
   5.47645   2.46726   2.22237   -26.785   127.546   -29.978   -143.17    136.92      1.00
   4.33205   0.18861   3.11094   -69.971   148.864   -37.146   -143.17    167.96      1.00
   5.28992   1.49693   4.72988   -35.940   151.523   -66.082   -143.17    178.46      1.00
   3.02415   2.24127   2.35459   -75.997   142.720   -55.281   -143.15    177.87      1.00
   4.39631   1.14016   2.72420   -29.636   162.354   -47.629   -143.13    174.08      1.00
   4.78151   2.32931   0.19403   -73.742   143.163   -62.264   -143.11    175.17      1.00
   5.14146   0.73911   4.29814   -31.605   158.955   -33.950   -143.11    173.39      1.00
   4.23918   1.59958   5.03267   -40.667   172.047   -52.633   -143.10    189.27      1.00
   2.81995   2.81032   4.51469   -38.426   122.598   -42.451   -143.10    134.74      1.00
   5.73144   0.68403   0.05906   -44.868   167.328   -47.587   -143.08    182.38      1.00
   4.68057   2.13301   5.61321   -55.545   167.759   -48.513   -143.08    186.75      1.00
   5.01386   1.60397   2.91653   -56.248   125.662   -70.016   -143.06    161.75      1.00
   3.41864   1.41540   2.85711   -75.679   142.740   -53.784   -143.05    174.12      1.00
   4.19667   1.97209   5.64452   -40.621   130.310   -73.189   -143.04    159.52      1.00
   5.80723   0.91188   6.20312   -70.106   117.701   -40.207   -143.03    145.64      1.00
   5.71976   1.03205  -0.04010   -68.668   117.325   -38.160   -143.03    144.27      1.00
   5.19000   1.52981   3.84344   -46.737   128.260   -19.743   -143.03    146.88      1.00
   1.98052   0.73679   5.62236   -67.296   156.687   -62.011   -143.03    180.75      1.00
   1.69890   2.25630   3.29124   -47.417   142.354   -30.813   -143.00    153.14      1.00
   1.22550   2.09682   0.12193   -49.265   112.339   -79.821   -142.98    149.79      1.00
   5.73814   1.94895   2.29936   -61.482   146.912   -41.580   -142.97    167.98      1.00
   3.52108   1.34344   0.36064   -45.523   157.212   -66.800   -142.97    185.16      1.00
   0.30630   2.65798   6.11102   -73.439   145.923   -43.883   -142.97    174.89      1.00
   0.08162   1.17073   2.92842   -28.910   155.140   -33.932   -142.95    166.03      1.00
   2.92063   2.10173   0.58096   -42.369   121.503   -85.212   -142.94    162.16      1.00
   4.99798   0.92879   0.15305   -38.790   137.364   -72.632   -142.94    166.41      1.00
   1.49632   0.93120   1.06470   -53.038   159.085   -82.105   -142.92    189.60      1.00
   4.81224   0.43329   5.92763   -37.216   108.878   -36.757   -142.91    130.47      1.00
   3.70798   0.61837   1.71829   -74.004   138.234   -47.471   -142.91    169.54      1.00
   2.74011   2.90366   1.35777   -46.813   147.152   -78.794   -142.91    182.03      1.00
   3.93426   0.49735   1.99895   -67.674   118.283   -37.067   -142.90    143.98      1.00
  -0.13074   0.95289   2.28623   -28.928   138.574   -82.307   -142.90    164.69      1.00
   1.91436   1.70790   4.12267   -44.629   156.891   -84.373   -142.89    182.03      1.00
  -0.14248   0.96825   2.29458   -28.935   138.729   -82.125   -142.89    164.75      1.00
   1.44464   0.32399   2.70213   -19.058   135.588   -70.356   -142.87    161.40      1.00
   2.27114   0.90417   3.43104   -39.320   158.536   -68.657   -142.87    178.58      1.00
   2.79483   0.33111   3.64228   -74.418   147.453   -48.266   -142.85    171.52      1.00
   1.77671   0.78687   2.26807   -30.008   131.714   -83.529   -142.84    164.59      1.00
   3.99101   0.81498   0.64948   -69.897   125.369   -40.491   -142.84    158.40      1.00
   0.90364   0.59824   5.95589   -68.160   158.286   -58.707   -142.82    180.47      1.00
   4.97256   0.93305   0.10449   -39.048   137.300   -72.777   -142.81    166.79      1.00
   5.44392   1.79678   0.40764   -74.055   149.169   -52.508   -142.79    176.13      1.00
   2.54778   1.08081   1.94572   -37.351   156.879   -50.963   -142.79    176.98      1.00
   5.01212   0.45570   5.79684   -40.004   108.018   -36.640   -142.78    130.37      1.00
   2.27364   1.77893   3.20588   -48.418   162.609   -44.912   -142.78    176.48      1.00
  -0.20753   2.66897   5.09480   -69.792   124.138   -32.424   -142.76    154.89      1.00
   1.16620   1.28560  -0.06797   -74.910   138.203   -54.506   -142.75    167.49      1.00
   5.82966   1.59243   3.89450   -44.209   112.152   -31.287   -142.73    134.89      1.00
   2.38204   2.26270   5.85038   -38.234   123.735   -84.887   -142.72    158.51      1.00
  -0.07391   3.19785   2.94256   -20.289   140.977   -38.522   -142.72    149.95      1.00
   1.91628   1.61286   1.36956   -41.615   106.514   -46.744   -142.71    129.88      1.00
   5.09665   2.82446   2.94918   -22.970   153.660   -53.250   -142.70    171.93      1.00
   1.65223   2.06015   4.79210   -36.498   116.755   -80.031   -142.69    146.61      1.00
   0.55320   3.00952   5.07640   -52.330   105.914   -58.644   -142.68    141.37      1.00
   0.43884   1.16173   2.49862   -57.383   142.389   -34.694   -142.68    162.29      1.00
  -0.02110   2.32699   5.72577   -41.008   159.308   -57.645   -142.65    180.15      1.00
   4.19324   1.03025   2.67409   -76.682   142.913   -49.566   -142.65    172.47      1.00
   1.79859   2.38550   0.32400   -44.451   112.455   -79.126   -142.62    150.62      1.00
   3.15932   0.72313   5.07683   -60.789   126.148   -61.604   -142.62    155.78      1.00
   5.36527   0.56475   1.21499   -74.021   123.431   -41.262   -142.60    149.58      1.00
   2.42887   2.14463   2.07937   -75.164   144.924   -60.899   -142.59    179.98      1.00
   6.02151   1.26669   3.35853   -60.017   144.115   -41.470   -142.58    169.82      1.00
   1.78650   2.27215   2.57566   -49.014   159.302   -81.265   -142.56    185.71      1.00
   2.84388   1.29199   1.57677   -61.959   148.460   -66.950   -142.56    183.24      1.00
   0.63452   1.75407   5.09213   -25.094   132.559   -56.077   -142.54    150.74      1.00
   2.42136   2.29912   1.13738   -73.437   137.939   -57.719   -142.54    175.46      1.00
   3.13869   2.08299  -0.01220   -53.443   119.532   -38.747   -142.52    143.44      1.00
   3.33924   2.27028   0.09670   -59.992   130.537   -66.431   -142.51    164.83      1.00
   5.87164   1.78195   3.96316   -18.983   134.762   -50.285   -142.51    153.54      1.00
   3.62301   0.49035  -0.62523   -19.294   137.463   -40.529   -142.50    150.53      1.00
   2.76160   1.65406   4.19386   -40.741   155.831   -30.894   -142.48    162.30      1.00
   5.34910  -0.19897   4.76485   -49.769   158.169   -45.827   -142.47    181.51      1.00
   5.19114   2.06003   2.07810   -63.917   140.767   -40.610   -142.47    164.75      1.00
   5.35215   1.77963   4.12227   -54.325   151.636   -66.283   -142.46    184.06      1.00
  -0.26559   0.28507   3.89542   -18.352   142.190   -50.150   -142.44    160.05      1.00
   3.84650   1.15581   0.32451   -18.963   137.418   -57.618   -142.44    158.22      1.00
   2.17067   2.35332   1.54197   -66.467   115.890   -69.333   -142.44    156.65      1.00
  -0.15085   2.60362   5.06320   -68.334   121.543   -32.266   -142.43    152.20      1.00
   0.44770   1.14113   2.49417   -57.366   142.381   -34.846   -142.43    162.38      1.00
   6.17165   0.93350   0.01024   -33.897   123.121   -53.158   -142.42    139.17      1.00
   3.06898   0.71188   3.98343   -36.087   136.453   -73.013   -142.41    157.56      1.00
   5.73425   1.28020   1.31643   -73.479   144.585   -48.064   -142.41    168.79      1.00
   4.12683   1.08260   2.36138   -69.503   120.150   -36.265   -142.41    147.06      1.00
   1.39014   2.63167   2.34089   -63.666   165.101   -56.210   -142.39    185.42      1.00
  -0.23380   0.92137   0.41730   -56.592   156.182   -81.333   -142.36    184.49      1.00
   2.91208   1.33645   4.60720   -25.600   152.783   -52.072   -142.36    161.47      1.00
   3.74808   1.24447   6.08087   -22.837   140.462   -37.113   -142.36    153.46      1.00
   4.16274   1.69763   0.40219   -18.414   139.266   -55.393   -142.34    156.56      1.00
   4.52922   1.05632   5.07323   -35.886   120.337   -68.391   -142.33    151.78      1.00
   3.64790   2.54470   3.96588   -58.217   167.732   -60.203   -142.33    190.32      1.00
   4.48188   1.98767   3.03186   -23.117   149.287   -41.505   -142.33    163.63      1.00
   2.44371   2.03077   1.16147   -70.820   139.017   -60.848   -142.33    176.21      1.00
   4.29078   2.45209   4.19971   -72.035   148.883   -52.381   -142.33    178.99      1.00
   1.77415   2.57845   3.14298   -72.958   138.766   -40.175   -142.31    161.64      1.00
   2.20508   1.55157   4.37572   -31.064   158.809   -49.989   -142.27    167.30      1.00
   1.06175   1.16690   3.47796   -20.974   129.957   -71.904   -142.26    153.31      1.00
   4.79308   0.88086   0.42352   -39.176   136.996   -73.096   -142.26    166.40      1.00
   2.42784   1.83622   1.23470   -69.743   140.978   -63.796   -142.25    178.24      1.00
   3.81231   0.70874   1.62187   -58.875   106.540   -58.097   -142.24    141.02      1.00
   2.46022   3.02354   5.68089   -19.741   132.958   -67.701   -142.21    153.68      1.00
   1.35013   2.68451   5.10736   -40.299   141.853   -28.958   -142.21    156.82      1.00
   1.02219   1.33159   6.24230   -74.881   137.987   -52.592   -142.19    166.64      1.00
   4.11662   1.04114   4.63915   -58.108   135.418   -73.524   -142.19    170.92      1.00
   4.28292   2.50893   0.24907   -36.953   157.933   -27.618   -142.18    165.68      1.00
   0.12391   2.95430   1.54228   -35.310   123.515   -47.169   -142.17    136.10      1.00
   3.18374   1.67593   2.70806   -65.943   124.261   -77.199   -142.15    165.42      1.00
   4.61081   2.51050   0.85580   -54.236   165.491   -47.616   -142.14    183.11      1.00
   0.91801   0.57528   4.93187   -59.542   163.759   -56.432   -142.11    185.00      1.00
   2.74231   0.33518   3.62327   -74.760   146.879   -48.313   -142.10    171.40      1.00
   1.41995   1.06067   2.43464   -50.739   146.666   -34.189   -142.07    165.44      1.00
   0.79493   2.10257   1.21135   -73.904   150.853   -54.780   -142.06    177.52      1.00
   0.57338   1.52986   2.79583   -18.072   146.024   -52.579   -142.06    158.21      1.00
   3.47730   1.56763   2.69947   -40.764   122.786   -72.786   -142.05    153.97      1.00
   0.01769   0.57112   3.12173   -21.172   139.521   -41.450   -141.99    153.25      1.00
   4.53583   2.22839   0.10539   -43.333   161.992   -29.254   -141.99    171.84      1.00
   0.76526   1.49356   0.21090   -75.795   141.044   -48.500   -141.97    168.44      1.00
   3.82249   0.79354   3.02192   -74.286   145.761   -54.014   -141.96    173.38      1.00
   6.28729   1.16035   2.69138   -61.194   150.052   -44.822   -141.95    173.17      1.00
   1.47826   2.64805   1.66672   -29.791   151.015   -64.454   -141.94    169.30      1.00
   4.14642   1.92414   3.06596   -47.616   157.590   -66.730   -141.94    184.65      1.00
   0.08459   0.57364   1.29381   -55.582   169.582   -55.728   -141.91    185.46      1.00
   1.68341   0.75876   3.25617   -73.131   132.060   -60.569   -141.91    167.56      1.00
   2.62964   3.08569   0.54235   -21.206   151.678   -55.493   -141.90    170.39      1.00
   3.55190   0.82633   4.49504   -56.061   124.377   -67.009   -141.90    154.43      1.00
   5.37954   1.88824   4.08434   -54.338   150.486   -67.296   -141.88    183.49      1.00
   0.58456   1.22422   6.04254   -72.914   143.179   -51.537   -141.85    169.47      1.00
   0.35965   1.61683   2.17922   -62.946   156.297   -54.352   -141.84    178.43      1.00
   0.19116   2.00757   2.55557   -57.455   136.112   -35.220   -141.83    154.66      1.00
   0.25658   0.40019   1.62351   -38.237   159.746   -31.817   -141.82    167.32      1.00
   5.93556   1.40520   3.34214   -64.971   140.630   -67.942   -141.82    177.33      1.00
   2.94725   1.45578   4.78276   -52.454   119.937   -65.538   -141.80    146.69      1.00
   1.49834   1.20529   5.82907   -71.491   142.133   -59.405   -141.79    170.46      1.00
   2.06443   2.01019   5.09577   -40.560   170.213   -52.249   -141.78    183.07      1.00
   2.28692   0.95764   6.02163   -45.255   151.883   -86.464   -141.78    181.81      1.00
   2.76406   0.95360   0.89542   -22.592   128.124   -72.223   -141.77    156.59      1.00
   1.64029   1.55070   3.63136   -34.264   130.705   -86.540   -141.76    160.02      1.00
   4.70712   3.04378   2.91747   -53.742   106.685   -56.324   -141.74    142.11      1.00
   6.01950   2.19165   5.00560   -52.683   129.368   -85.423   -141.73    171.57      1.00
   1.41407   0.95030   3.75702   -73.152   134.245   -62.085   -141.73    168.47      1.00
   6.07693   1.00581   0.70441   -73.530   149.088   -55.960   -141.73    174.31      1.00
   3.49423   1.28850  -0.09020   -19.428   137.203   -45.407   -141.71    151.93      1.00
   1.67676   1.28192   1.84373   -66.606   146.062   -59.522   -141.70    176.91      1.00
   4.63053   1.76962   0.27856   -58.497   116.991   -54.181   -141.70    147.04      1.00
   2.44680   1.98553   1.77967   -60.324   115.211   -76.187   -141.66    157.27      1.00
   2.50052   1.57456   5.57146   -32.642   148.669   -84.345   -141.66    174.39      1.00
   1.95361   0.02901   0.60853   -56.335   136.448   -75.795   -141.65    171.25      1.00
   0.38185   1.56717   2.26742   -62.666   156.517   -55.304   -141.62    179.28      1.00
   6.18721   0.27502   5.17937   -70.851   149.977   -53.125   -141.60    180.67      1.00
   0.32760   1.37133   2.69367   -18.830   136.487   -53.956   -141.60    150.26      1.00
   5.44985   0.06137   4.73459   -58.256   115.068   -69.683   -141.60    156.64      1.00
   2.90816   2.20601   5.63922   -57.917   121.733   -56.421   -141.59    150.07      1.00
   4.17335   1.89639   3.05699   -47.589   157.743   -66.652   -141.58    184.71      1.00
   2.56527   1.15847   0.93633   -29.229   125.461   -79.759   -141.56    158.70      1.00
   2.70396   1.30631   3.99856   -42.069   160.666   -35.893   -141.56    168.35      1.00
   2.10663   0.30259   0.05651   -36.865   122.820   -76.315   -141.55    151.16      1.00
   5.72153   1.73900   3.79306   -37.094   160.585   -61.600   -141.54    184.56      1.00
   3.96619   2.01963   6.01284   -48.494   130.161   -73.816   -141.53    162.24      1.00
   2.15505   2.06013   5.60777   -56.929   125.895   -38.250   -141.52    147.91      1.00
   3.56520   0.59761   1.92052   -59.092   107.716   -59.557   -141.51    141.87      1.00
   2.40089   1.02814   0.74156   -45.234   153.757   -32.943   -141.49    171.35      1.00
   5.17544   2.95302   3.47500   -20.584   130.472   -49.328   -141.45    149.83      1.00
   3.03072   0.84617   2.99761   -44.742   159.190   -67.512   -141.44    180.63      1.00
   4.94232   1.16265   1.26900   -50.987   128.603   -74.250   -141.44    160.08      1.00
   0.21768   1.05307   5.31953   -68.435   152.602   -70.919   -141.43    185.87      1.00
   5.23667   2.11003   1.20903   -68.038   152.213   -47.836   -141.40    175.16      1.00
   0.58248   0.73739   2.90036   -54.397   155.535   -53.119   -141.37    180.42      1.00
   4.73775   0.82237   3.52426   -20.972   127.510   -59.284   -141.36    145.62      1.00
   5.44126   1.89807  -0.12914   -32.235   139.255   -65.742   -141.35    160.87      1.00
   0.32367   1.82991   2.70012   -54.398   137.056   -30.871   -141.35    154.20      1.00
   0.31050   1.39072   1.02971   -76.857   138.033   -44.305   -141.35    163.62      1.00
   4.56780   1.24768   2.32159   -51.128   133.930   -74.731   -141.35    166.00      1.00
   2.87037   1.89837   2.87211   -75.069   142.053   -50.269   -141.31    171.88      1.00
   0.31353   1.22630   1.41994   -53.431   171.715   -52.791   -141.30    186.41      1.00
   1.34292   1.28811   4.19009   -71.780   142.218   -67.428   -141.29    174.90      1.00
   5.00481   0.41483   4.10141   -34.543   111.360   -46.911   -141.29    133.11      1.00
   5.33143   2.16595   1.39521   -52.377   119.605   -58.183   -141.28    145.28      1.00
   6.28048   1.61139   0.17347   -76.328   130.258   -45.343   -141.27    158.55      1.00
   2.52641   2.10010   4.16166   -55.026   155.834   -81.446   -141.25    182.66      1.00
   3.47696   1.56067   2.71540   -41.030   122.702   -72.805   -141.22    153.90      1.00
   2.06813   1.51264   0.91332   -68.811   145.442   -63.596   -141.20    179.94      1.00
   0.57406   1.90941   4.04223   -23.903   126.725   -75.784   -141.17    153.43      1.00
   3.05638   0.69743   4.02836   -36.239   136.297   -73.440   -141.14    157.59      1.00
   2.27570   2.25067   1.06938   -73.755   139.033   -57.747   -141.14    176.08      1.00
   4.70804   1.53749   0.20731   -52.699   132.948   -17.654   -141.13    148.70      1.00
   2.04024   0.96633   3.39397   -70.986   150.159   -62.465   -141.12    179.68      1.00
   1.13685   1.69556   1.63860   -49.530   153.962   -84.607   -141.12    183.29      1.00
   0.66271   1.78836   0.08973   -75.359   137.886   -44.271   -141.12    165.76      1.00
   0.50501   1.94610   5.67885   -39.408   136.337   -35.688   -141.12    151.83      1.00
   3.33353   2.21193   1.10896   -37.119   145.041   -23.850   -141.11    160.39      1.00
   5.86843   2.33724   5.62700   -38.943   158.292   -62.171   -141.10    180.08      1.00
   4.23480   1.82343   3.10758   -47.333   157.912   -66.506   -141.10    184.48      1.00
   1.24985   2.01573   1.84816   -50.325   149.120   -86.427   -141.10    180.01      1.00
   5.16853   1.92166   3.85787   -52.670   150.434   -67.436   -141.09    182.61      1.00
   1.22848   2.10882   0.15684   -49.882   112.269   -79.483   -141.08    149.82      1.00
   3.86341   1.34749   5.93615   -47.170   124.898   -71.420   -141.07    159.24      1.00
   5.15149   2.36424   1.41006   -23.968   123.725   -56.841   -141.07    140.02      1.00
   4.35714   0.80175   4.97540   -44.835   133.758   -77.730   -141.06    169.24      1.00
   3.05080   1.44976   4.59398   -24.287   141.866   -48.522   -141.04    150.50      1.00
   0.43698   1.09026   2.54288   -57.252   142.791   -35.313   -141.02    163.17      1.00
   2.77837   1.60783   2.96911   -46.303   166.145   -61.377   -141.01    185.89      1.00
   5.99393   0.48611   4.32172   -16.696   143.619   -51.371   -141.01    162.19      1.00
   3.50157   0.97415   5.87362   -21.010   139.979   -38.602   -141.01    152.33      1.00
   1.03617   1.97317   3.57524   -44.289   110.542   -54.431   -140.98    133.36      1.00
   1.98508   1.60922   2.89996   -42.482   139.827   -89.439   -140.97    172.52      1.00
   2.41360   2.04524   1.18746   -71.460   140.107   -61.646   -140.95    177.51      1.00
   5.51086   0.99537   4.99990   -53.303   157.919   -47.897   -140.94    183.05      1.00
   1.66747   2.19615   3.26171   -47.191   142.606   -31.122   -140.94    153.56      1.00
   2.09403   1.89510   4.98488   -30.003   153.763   -40.241   -140.93    161.36      1.00
   0.74615   2.04413   4.41263   -63.879   123.030   -47.217   -140.92    153.04      1.00
   1.20345   2.21632   6.06034   -66.630   116.396   -68.476   -140.91    155.99      1.00
   4.25002   1.35338   0.24040   -58.842   116.615   -59.281   -140.90    151.85      1.00
   0.94675   0.40142   5.35855   -71.004   126.647   -39.726   -140.88    150.32      1.00
   4.32355   0.50052   0.42877   -54.763   135.293   -78.950   -140.87    174.43      1.00
   5.18702   2.12479   0.71863   -39.019   163.397   -35.500   -140.87    171.95      1.00
   2.06952   0.69005   1.74668   -27.411   130.145   -81.500   -140.85    162.70      1.00
   3.81679   1.27502   3.56778   -72.939   151.082   -54.694   -140.83    179.05      1.00
   2.68676   1.32498   4.00144   -42.718   160.993   -35.754   -140.81    168.80      1.00
   5.95820   2.00623   1.55028   -69.159   152.133   -51.806   -140.81    174.83      1.00
   3.26121   0.92912   2.05039   -59.809   109.161   -62.545   -140.80    145.80      1.00
   2.42137   2.31432   4.06689   -72.739   137.907   -45.756   -140.79    161.94      1.00
   5.91159   0.72283   3.01490   -23.777   142.562   -33.150   -140.79    152.63      1.00
   4.57197   0.90699   1.46262   -30.548   124.416   -56.141   -140.76    143.39      1.00
   4.28439   1.41384   1.13865   -68.573   138.686   -35.208   -140.75    165.06      1.00
   4.41046   2.30312   0.45789   -57.605   119.235   -51.503   -140.73    146.54      1.00
   4.45789   0.35347   5.40578   -57.515   121.585   -28.647   -140.72    148.22      1.00
   5.18132   1.61175   2.14671   -68.648   144.929   -43.444   -140.71    170.01      1.00
   4.97259   0.94559   0.14299   -39.216   137.417   -72.538   -140.67    166.65      1.00
   4.10433   1.76539   1.13432   -32.367   116.486   -33.805   -140.63    132.46      1.00
   2.40977   2.05049   1.21163   -71.786   140.341   -61.652   -140.61    177.80      1.00
   5.09878   2.11824   0.53281   -71.932   145.006   -42.088   -140.59    169.00      1.00
   4.27996   0.33504   1.64482   -50.110   105.047   -53.881   -140.56    130.83      1.00
   4.53801   1.36292   2.37165   -50.010   134.494   -75.642   -140.54    167.23      1.00
   4.03912   2.20160   5.16377   -41.343   170.620   -46.257   -140.52    183.29      1.00
   0.43205   1.75464   1.77461   -68.474   151.389   -50.539   -140.51    173.92      1.00
   5.45463   0.20895   5.98699   -70.956   151.300   -56.247   -140.50    182.55      1.00
   1.38155   1.96232   1.00490   -40.516   155.483   -44.579   -140.48    170.60      1.00
   4.12232   2.94020   3.16128   -45.998   139.752   -26.380   -140.48    158.34      1.00
   3.84478   2.24980   2.53725   -49.687   158.194   -51.736   -140.48    182.18      1.00
   5.49895   0.65517   1.38196   -72.204   154.086   -57.739   -140.45    179.00      1.00
   3.26080   2.27411   5.94054   -22.972   152.254   -39.206   -140.45    160.80      1.00
   3.80504   2.23993   2.51332   -49.898   158.185   -51.636   -140.45    182.18      1.00
   2.45836   2.30885   4.11657   -72.879   137.859   -45.773   -140.45    161.99      1.00
   3.57540   1.55407   1.69691   -70.758   139.122   -55.330   -140.41    174.38      1.00
   4.20300   1.87095   3.11885   -47.273   157.869   -66.555   -140.40    184.57      1.00
   1.74466   2.22456   1.98608   -72.261   150.707   -57.929   -140.40    179.79      1.00
   3.49732   2.82794   0.91231   -32.853   154.732   -34.276   -140.38    168.53      1.00
   1.06331   1.60419   2.70594   -63.191   153.596   -70.159   -140.36    182.71      1.00
   0.56621   1.53585   3.15828   -18.994   133.060   -59.338   -140.35    149.93      1.00
   4.80021   2.27899   0.17670   -74.049   142.423   -62.585   -140.35    174.97      1.00
   0.32746   2.45752   5.93154   -74.065   137.818   -38.163   -140.35    167.27      1.00
   5.80822   1.59946   3.73924   -42.228   113.030   -31.069   -140.33    134.48      1.00
   2.63204   1.38721   3.88736   -45.719   161.490   -36.993   -140.32    170.65      1.00
   1.93588   0.92745   1.87538   -51.403   158.752   -47.495   -140.31    181.17      1.00
   2.27975   1.23373   5.90907   -52.126   150.717   -86.701   -140.30    183.06      1.00
   3.97220   2.18571   2.64445   -48.752   159.449   -50.549   -140.30    182.44      1.00
   4.62330   1.62105   1.15693   -56.776   130.917   -73.176   -140.30    165.88      1.00
   5.05690   0.95342   3.13090   -20.570   131.066   -55.236   -140.28    146.94      1.00
   4.95319   1.66958   1.64152   -62.152   156.555   -45.939   -140.28    177.72      1.00
   1.28696   2.14080   1.08946   -32.404   158.110   -64.884   -140.27    176.70      1.00
   5.12447   1.34178   2.20487   -71.377   146.516   -45.761   -140.25    172.48      1.00
   1.40567   1.57547   2.21711   -64.584   154.606   -66.099   -140.25    183.16      1.00
   0.33296   2.64295   2.73735   -52.518   134.036   -32.776   -140.25    149.45      1.00
   3.98231   2.00378   3.36775   -74.016   140.971   -38.629   -140.24    169.82      1.00
   6.01231   1.49780   4.00927   -66.990   139.166   -63.481   -140.22    176.92      1.00
   5.52014   0.99813   4.99234   -53.474   157.910   -47.982   -140.21    183.12      1.00
   4.71219   2.51902   0.04498   -73.259   143.616   -60.670   -140.20    174.05      1.00
   0.89863   0.85322   1.48773   -67.482   158.537   -54.701   -140.18    183.59      1.00
   3.09412   1.48692   4.94731   -52.030   121.635   -66.921   -140.17    149.62      1.00
   2.29642   1.21281   1.31994   -35.443   154.162   -39.578   -140.16    171.10      1.00
   4.00801   0.94159   3.94611   -58.646   123.642   -64.227   -140.16    154.76      1.00
   3.22238   1.06086   4.94900   -27.751   168.330   -56.920   -140.16    179.69      1.00
   5.74388   1.45487   2.11612   -62.629   147.089   -71.655   -140.16    177.19      1.00
   1.30997   1.30438   4.07213   -71.876   139.686   -67.946   -140.14    173.44      1.00
   1.00938   2.20589   1.51123   -58.283   114.521   -70.625   -140.12    147.18      1.00
   1.74186   1.48306   3.67760   -36.395   131.236   -87.640   -140.09    161.38      1.00
   5.46967   0.95964   3.04488   -30.018   155.228   -32.822   -140.08    164.97      1.00
  -0.05946   2.73273   3.92457   -33.802   151.492   -35.286   -140.08    166.90      1.00
   0.35880   1.62451   2.14572   -63.152   156.154   -53.930   -140.06    178.12      1.00
   4.26434   1.72344   4.19629   -42.935   142.015   -75.009   -140.03    172.26      1.00
   0.91804   0.03711   1.65203   -56.476   136.692   -76.196   -140.01    171.69      1.00
   1.09646   1.89000   5.81622   -52.922   137.860   -31.326   -139.98    155.88      1.00
   3.41898   0.55049   3.13786   -49.422   155.414   -26.025   -139.98    164.81      1.00
   5.35375   1.09632   2.27871   -43.660   115.654   -56.935   -139.97    138.44      1.00
   5.44608   0.07918   4.06624   -32.581   156.493   -34.675   -139.95    171.09      1.00
   5.23456   0.73013   0.08646   -53.873   128.142   -79.372   -139.95    165.54      1.00
   4.37328   2.10649   3.88701   -72.321   149.249   -52.791   -139.94    181.08      1.00
   4.74073   1.52186   2.15008   -52.438   131.921   -73.037   -139.93    164.85      1.00
   0.52995   2.03469   0.55545   -77.226   137.295   -45.906   -139.93    165.62      1.00
   1.95926   2.04055   1.71990   -41.035   154.739   -43.619   -139.92    171.40      1.00
   4.40554   2.01111   4.30204   -27.473   130.936   -42.745   -139.91    146.55      1.00
   1.37021   1.49456   0.11925   -49.869   125.061   -37.764   -139.90    142.66      1.00
   1.89705   1.18840   2.26062   -65.098   148.113   -67.220   -139.90    180.96      1.00
   5.35496   1.09257   2.27492   -43.648   115.628   -56.894   -139.89    138.37      1.00
   2.77409   1.57654   5.02469   -44.533   149.475   -87.022   -139.88    178.08      1.00
   5.26556   1.32593   1.87399   -29.654   164.191   -63.974   -139.84    179.22      1.00
   1.92987   1.23893   1.49385   -33.849   152.872   -41.304   -139.81    168.49      1.00
   1.85219   0.79434   1.64116   -27.402   148.697   -40.764   -139.79    163.55      1.00
   1.12037   2.27968   5.98760   -66.982   116.274   -66.802   -139.79    155.70      1.00
   0.17813   1.38247   1.61325   -65.702   139.429   -75.747   -139.79    171.47      1.00
   1.57812   2.79370   0.25849   -53.966   144.805   -34.186   -139.77    167.21      1.00
   5.54304   1.74729   3.37630   -23.214   144.010   -36.226   -139.77    157.20      1.00
   0.90218   0.84057   1.47779   -67.510   158.464   -54.841   -139.74    183.58      1.00
   2.13350   2.05460   5.61478   -56.797   126.114   -38.134   -139.71    148.05      1.00
   2.02123   0.72049   4.63537   -31.007   138.046   -69.177   -139.68    155.17      1.00
   2.33085   1.05271   0.87387   -44.552   152.878   -33.401   -139.68    170.55      1.00
   2.29547   2.23034   0.56664   -49.913   150.096   -81.537   -139.68    185.15      1.00
   0.17130   0.74592   0.95060   -71.595   146.739   -33.101   -139.68    165.45      1.00
  -0.07995   0.60211   0.21112   -74.815   147.534   -51.075   -139.67    172.72      1.00
   0.42659   0.37382   4.70148   -62.381   108.302   -56.042   -139.67    142.67      1.00
   3.79203   0.52875   2.14088   -64.194   116.988   -34.433   -139.65    140.61      1.00
   0.90075   2.22069   6.16740   -61.084   121.861   -81.867   -139.65    163.12      1.00
   5.24904   0.34458   1.89502   -75.344   142.418   -53.942   -139.63    169.24      1.00
   4.09711   2.27921   2.84336   -45.544   160.126   -50.773   -139.61    182.36      1.00
   5.37778   1.32843   3.23952   -53.078   138.736   -19.053   -139.58    156.57      1.00
   3.73009   1.55539   3.62452   -72.572   148.877   -49.094   -139.57    175.70      1.00
   1.45640   0.24420   1.47745   -21.607   156.311   -66.604   -139.57    175.80      1.00
   4.27850   2.00578   2.42138   -58.516   143.854   -72.555   -139.56    179.77      1.00
   1.16143   1.15284   1.18525   -44.081   148.984   -88.526   -139.55    179.54      1.00
   5.51128   1.01937   4.57630   -55.089   157.071   -51.150   -139.55    184.28      1.00
  -0.02830   0.98073   6.25203   -34.266   123.554   -50.878   -139.55    138.70      1.00
   5.33430   1.33903   1.67950   -72.825   143.512   -46.312   -139.54    168.86      1.00
   4.89280   1.27522   3.31781   -34.698   157.460   -29.473   -139.52    168.43      1.00
   1.58228   0.75506   2.57739   -21.446   127.431   -63.951   -139.50    150.18      1.00
  -0.26862   0.86427   5.89573   -67.893   154.552   -68.295   -139.50    185.61      1.00
   1.90418   2.58469   3.97467   -64.241   162.640   -49.728   -139.50    181.46      1.00
   4.40448   1.77885   3.21615   -58.328   115.281   -30.517   -139.49    139.92      1.00
   1.92473   2.01914   1.50158   -43.133   106.777   -47.518   -139.49    130.38      1.00
   2.11021   0.94270   0.14860   -50.296   116.281   -62.878   -139.48    145.18      1.00
   4.42646   1.17778   5.81547   -41.316   157.124   -28.401   -139.46    172.24      1.00
   4.38948   2.05440   2.18898   -59.047   140.672   -70.324   -139.46    176.25      1.00
   0.60113   2.68239   4.81187   -63.281   144.133   -55.993   -139.46    175.66      1.00
   5.80811   1.49224   2.06419   -62.969   147.130   -71.879   -139.44    177.14      1.00
   0.72633   0.75526   1.76674   -65.185   160.734   -54.414   -139.42    185.14      1.00
   0.48528   1.09687   1.52793   -39.649   169.483   -48.081   -139.42    180.11      1.00
   4.95018   1.13789   5.75406   -74.658   137.551   -60.271   -139.42    176.15      1.00
   2.27524   1.34031  -0.00641   -60.738   152.124   -47.776   -139.41    175.44      1.00
   1.68216   0.73882   3.25299   -73.364   131.702   -60.591   -139.41    167.47      1.00
   0.84045   2.46307   5.44325   -61.536   110.135   -61.256   -139.36    147.70      1.00
   2.68693   0.53086   0.63256   -20.359   121.924   -62.395   -139.35    145.52      1.00
   1.55333   2.16166   1.92153   -71.013   152.466   -58.922   -139.34    180.57      1.00
   3.72335   1.42038   0.18342   -18.738   142.315   -53.639   -139.34    160.00      1.00
   1.44802   2.14918   5.84161   -64.075   147.848   -65.740   -139.33    179.33      1.00
   0.83922   1.61028   3.22725   -56.527   159.399   -73.147   -139.29    187.45      1.00
   1.72718   0.89188   5.81221   -66.832   155.316   -61.791   -139.29    179.56      1.00
   1.84304   1.69705   3.13621   -72.235   148.417   -62.470   -139.25    177.73      1.00
   5.21966   0.86937   2.36179   -55.707   129.348   -70.686   -139.24    159.64      1.00
   4.52834   1.15250   0.87782   -71.336   137.890   -39.466   -139.24    165.76      1.00
   3.06555   0.73328   3.97681   -35.702   136.680   -73.124   -139.24    157.73      1.00
   5.86676   2.33590   5.65587   -38.617   158.323   -62.094   -139.20    179.87      1.00
   4.74592   1.59945   4.18791   -29.703   111.293   -51.288   -139.18    134.45      1.00
   4.58711   0.77909   3.58215   -20.332   127.879   -57.716   -139.18    144.57      1.00
   0.34295   0.76273   3.53086   -17.930   145.339   -50.523   -139.15    162.10      1.00
   2.22035   0.84150  -0.13584   -47.102   153.994   -85.494   -139.13    183.82      1.00
   0.86894   0.00274   5.58899   -73.852   148.826   -47.313   -139.13    172.12      1.00
   4.15601   1.35954   1.63473   -58.173   140.364   -73.464   -139.12    175.50      1.00
   5.78656   0.98987   2.04373   -41.952   172.216   -51.419   -139.11    184.13      1.00
   2.01245   1.65270   2.58038   -69.443   146.317   -43.126   -139.11    171.46      1.00
   4.46127   2.25332   4.06546   -71.697   149.030   -51.840   -139.08    180.33      1.00
   2.74738   0.53686   0.57421   -20.070   122.094   -61.945   -139.07    145.47      1.00
   3.32284   1.06272   3.17807   -74.176   139.542   -36.699   -139.03    163.45      1.00
   3.51799   1.18171   4.23970   -55.230   122.453   -69.081   -139.02    152.95      1.00
   1.44604   0.75755   3.60139   -46.833   150.104   -83.757   -139.01    181.88      1.00
   2.15393   2.11309   5.62613   -57.067   126.324   -37.891   -138.99    148.53      1.00
   4.11797   0.43925   3.00671   -75.116   148.414   -59.191   -138.99    176.47      1.00
   0.93376   0.05290   1.64240   -56.581   136.599   -76.203   -138.97    171.65      1.00
   1.35715   1.32220   4.18186   -71.727   141.899   -68.032   -138.97    174.75      1.00
   2.45830   1.78469   3.67538   -43.428   163.398   -43.616   -138.96    173.85      1.00
   0.52644   0.43368   1.47592   -37.241   159.538   -33.434   -138.96    167.67      1.00
   5.50014   2.01184   4.99195   -38.310   158.940   -57.533   -138.95    181.52      1.00
   4.97421   1.13167   5.77174   -75.064   137.647   -60.726   -138.95    176.48      1.00
   3.24642   0.64609   1.71683   -58.507   106.514   -56.259   -138.95    141.65      1.00
   2.32452   1.62110   2.32616   -34.141   152.551   -50.479   -138.93    169.59      1.00
   0.60664   1.07599   5.90840   -73.236   141.349   -49.900   -138.92    167.41      1.00
   5.14828   1.13926   1.33556   -71.792   148.861   -49.046   -138.91    173.70      1.00
   1.21219   0.70562   2.81836   -19.926   128.517   -62.006   -138.91    150.16      1.00
   5.33451   1.90705   6.17983   -32.523   138.791   -66.449   -138.91    160.82      1.00
   2.60076   1.27264   1.59373   -68.898   131.416   -60.534   -138.90    169.13      1.00
   3.02613   2.77869   4.61279   -37.981   123.591   -42.896   -138.89    135.71      1.00
   4.75338   1.36757   1.43709   -66.325   153.144   -64.242   -138.88    182.68      1.00
   4.71347   1.14309   2.40984   -44.371   160.997   -68.209   -138.85    183.09      1.00
   1.44178   2.37977   4.62479   -37.165   167.139   -56.226   -138.84    182.38      1.00
   3.43650   1.24565   4.30291   -55.633   123.110   -68.937   -138.82    153.26      1.00
   0.27882   0.38697   2.62892   -34.522   155.518   -31.731   -138.79    168.06      1.00
   5.97026   1.62911   5.67736   -65.501   115.950   -34.555   -138.78    143.03      1.00
   1.75574   0.92931   4.16024   -68.992   121.850   -70.238   -138.76    156.66      1.00
   4.59391   1.15581   4.40719   -64.188   151.527   -49.920   -138.74    179.55      1.00
   5.71886   1.07834   2.14354   -40.664   171.748   -49.919   -138.70    183.40      1.00
   4.26049   1.99867   0.94826   -66.691   135.924   -39.592   -138.68    163.05      1.00
   3.29850   0.93076   0.49957   -19.973   128.721   -61.048   -138.68    152.31      1.00
   1.00053   0.49764   1.90596   -31.618   169.216   -58.128   -138.66    185.93      1.00
   0.00554   0.47332   4.17431   -45.043   157.845   -50.028   -138.65    180.89      1.00
   4.30253   0.66396   2.90793   -71.449   156.309   -57.078   -138.64    181.94      1.00
   1.35482   0.80341   3.86013   -73.870   134.194   -59.762   -138.64    168.25      1.00
   1.44367   1.20697   4.31874   -49.083   118.125   -81.320   -138.63    151.64      1.00
   3.10307   0.75697   3.93140   -35.948   137.005   -73.027   -138.62    158.16      1.00
   0.11015   2.80675   6.02767   -72.488   149.078   -45.523   -138.62    177.50      1.00
   5.10064   2.31955   5.20604   -30.599   136.945   -48.822   -138.61    154.39      1.00
   1.77659   0.76884   2.27711   -29.608   131.461   -83.359   -138.60    164.28      1.00
   4.19176   1.80520   3.52116   -43.058   154.729   -26.342   -138.59    167.91      1.00
   4.18185   1.36515   3.52941   -27.945   156.480   -57.926   -138.59    172.84      1.00
   5.55435   1.75316   3.35402   -23.258   144.350   -36.347   -138.57    157.45      1.00
   2.31667   1.05247   3.48280   -55.517   124.952   -86.038   -138.56    161.83      1.00
   3.22457   0.98424   3.75778   -32.147   161.397   -52.455   -138.56    171.83      1.00
   2.89533   1.13054   3.70469   -58.795   114.453   -58.067   -138.55    140.85      1.00
   5.74752   1.01982   2.11499   -40.803   172.005   -50.528   -138.54    183.67      1.00
   4.51043   1.14205   5.87754   -42.066   155.633   -27.733   -138.54    171.10      1.00
   5.16098   1.10464   1.36712   -71.493   149.742   -49.609   -138.53    174.34      1.00
  -0.32527   0.60094   4.06914   -22.597   118.888   -44.209   -138.52    138.01      1.00
   3.52037   1.65676   2.14329   -42.244   150.125   -72.871   -138.50    179.78      1.00
   1.05518   1.72561   2.30552   -21.261   145.548   -57.239   -138.50    158.46      1.00
   5.21027   1.11998   4.95240   -69.137   144.837   -66.735   -138.49    183.89      1.00
   2.48339   1.10494   0.63151   -45.170   154.674   -33.123   -138.46    172.17      1.00
  -0.07399   1.12279   0.24639   -73.430   150.820   -58.206   -138.45    177.44      1.00
   3.91539   1.38404   3.53920   -39.372   143.826   -73.912   -138.43    169.98      1.00
   2.05180   0.98759   0.03506   -49.281   151.727   -86.187   -138.43    183.05      1.00
   1.10635   2.63367   2.24343   -61.865   167.088   -56.317   -138.42    186.14      1.00
   5.80579   1.44293   2.11429   -62.558   146.564   -72.215   -138.41    176.83      1.00
   4.20204   1.33649   1.62403   -58.173   140.402   -73.555   -138.40    175.34      1.00
   0.88493   0.85551   1.45868   -67.929   158.323   -54.535   -138.40    183.34      1.00
   5.48189   1.48792   6.41388   -66.380   154.935   -70.204   -138.38    185.55      1.00
   3.34755   1.78600   0.77558   -63.309   133.874   -58.411   -138.36    168.91      1.00
   1.38241   1.33408   4.04236   -72.265   140.020   -68.100   -138.32    173.57      1.00
   2.13662   0.46496   3.70834   -32.957   147.443   -70.821   -138.30    168.20      1.00
   5.40895   1.76651   3.15730   -38.936   124.764   -22.587   -138.27    140.01      1.00
   0.41771   1.45161   4.48513   -30.070   154.220   -62.579   -138.27    175.20      1.00
   2.70983   1.95226   2.40124   -58.568   145.632   -31.459   -138.27    166.01      1.00
   1.98156   1.13550   2.16497   -47.999   158.967   -44.819   -138.26    178.81      1.00
   1.32314   0.69063   3.96704   -34.050   149.339   -50.652   -138.23    165.27      1.00
  -0.28436   0.59010   0.17125   -40.500   165.102   -43.012   -138.22    176.03      1.00
   5.81944   0.96175   2.09251   -39.914   171.737   -51.191   -138.22    183.27      1.00
   5.27221   0.77447   0.04831   -53.770   127.488   -79.201   -138.22    164.86      1.00
   4.15884   0.57252   1.71735   -31.443   123.565   -58.158   -138.21    143.80      1.00
   3.68742   1.71844   3.99044   -36.253   143.863   -73.256   -138.20    168.24      1.00
   4.70353   0.31242   1.02441   -38.446   158.495   -35.981   -138.18    170.38      1.00
   2.94934   0.67747   0.57684   -20.741   121.758   -59.451   -138.17    145.05      1.00
   3.89524   2.80734   0.96346   -59.578   131.925   -36.818   -138.15    156.57      1.00
   0.84496   0.90814   5.12888   -69.980   128.369   -77.914   -138.15    166.68      1.00
   1.91477   1.33032   0.94911   -67.739   149.656   -64.333   -138.15    182.47      1.00
   0.06911   2.88199   0.56780   -76.185   147.858   -60.942   -138.12    178.52      1.00
   3.29520   0.62776   1.58981   -57.655   106.174   -55.182   -138.04    140.99      1.00
   0.83872   1.60119   4.73639   -43.999   108.734   -72.355   -138.01    141.05      1.00
   5.66837   1.49663   0.23910   -50.816   116.404   -67.882   -137.97    146.11      1.00
   1.30438   1.42104   2.39014   -61.712   155.939   -67.160   -137.96    184.08      1.00
   4.67109   2.12121   0.39292   -39.615   159.389   -29.723   -137.96    168.72      1.00
   5.92809   1.42676   3.89510   -42.380   113.130   -31.098   -137.96    134.93      1.00
   5.09895   1.14320   1.32816   -71.975   148.119   -48.600   -137.94    173.25      1.00
   2.27987   1.36583   6.28698   -60.648   151.890   -47.603   -137.88    175.28      1.00
   5.85116   2.20877   5.59231   -41.270   159.602   -61.210   -137.88    181.66      1.00
   3.70889   1.99498   5.64175   -48.860   170.524   -36.419   -137.88    183.37      1.00
   3.33312   1.83737   3.88970   -63.550   164.746   -55.578   -137.88    186.09      1.00
   5.05086   0.81680   3.60614   -28.208   154.399   -32.568   -137.88    164.66      1.00
   2.73901   2.60803   5.86193   -17.044   145.014   -52.599   -137.85    157.53      1.00
   3.89132   0.42068   5.98257   -19.800   138.028   -45.231   -137.85    155.01      1.00
  -0.09584   0.93766   2.27798   -29.336   137.993   -82.757   -137.84    164.55      1.00
   5.20500   0.98099   0.10462   -55.940   124.786   -77.161   -137.82    162.43      1.00
   5.81989   1.80650   3.83852   -18.623   136.708   -49.146   -137.82    154.64      1.00
   4.55352   1.46278   5.56366   -33.615   159.191   -33.134   -137.80    172.16      1.00
   0.92233   1.46084   1.20943   -28.560   163.391   -65.656   -137.79    178.15      1.00
   5.54935   1.13802   1.06281   -73.755   147.215   -51.857   -137.78    172.62      1.00
   4.82622   1.22179   1.38519   -50.097   129.057   -74.028   -137.78    160.62      1.00
   2.03732   0.35426   3.01754   -70.022   154.617   -48.859   -137.77    182.78      1.00
   0.98989   2.52682   2.88993   -27.792   161.381   -72.426   -137.77    177.34      1.00
   0.02722   2.11050   5.44863   -65.897   116.866   -34.471   -137.77    145.64      1.00
   3.04492   1.05330   1.79297   -70.201   137.440   -50.170   -137.76    170.72      1.00
   1.55510   1.00762   2.33254   -50.006   147.137   -33.154   -137.70    165.89      1.00
   4.08016   1.54832   2.90904   -72.532   129.806   -34.237   -137.70    157.86      1.00
   5.31712   0.06476   5.15002   -46.781   159.124   -47.926   -137.69    182.26      1.00
   1.35084   1.39639   4.09218   -71.581   140.383   -69.063   -137.69    173.96      1.00
   4.25021   0.72061   4.27242   -49.184   136.619   -77.986   -137.68    169.82      1.00
   0.22566   0.72468   0.94604   -71.828   147.318   -33.744   -137.65    166.27      1.00
   3.65114   1.15990   3.55409   -74.317   147.003   -55.442   -137.65    175.46      1.00
   4.80129   0.60560   0.05573   -72.965   136.771   -44.465   -137.65    169.16      1.00
   3.24702   0.15462   3.23230   -73.208   149.206   -48.332   -137.63    172.51      1.00
   0.83530   1.26993   2.00714   -62.207   127.451   -79.483   -137.61    164.97      1.00
   5.64716   1.08620   3.45109   -28.937   125.280   -76.672   -137.56    156.53      1.00
   2.04445   2.65661   2.88393   -35.305   119.757   -62.525   -137.56    139.83      1.00
   1.90471   2.44759   3.39410   -46.852   141.546   -29.634   -137.51    151.43      1.00
   5.65752   1.02136   0.88209   -31.592   129.083   -40.616   -137.49    138.41      1.00
   3.36730   2.10654   0.67279   -17.908   133.434   -59.602   -137.44    153.99      1.00
   4.03686   3.40494   3.36786   -41.561   159.245   -57.295   -137.41    180.95      1.00
   2.07796   0.79688   3.25040   -33.700   144.278   -44.529   -137.41    158.38      1.00
   4.04237   1.20283   1.06951   -69.080   133.612   -38.147   -137.36    162.94      1.00
   4.63529   1.16450   2.44438   -44.342   160.982   -66.886   -137.35    182.81      1.00
   4.98928   1.61853   5.08995   -57.337   108.928   -60.342   -137.33    145.99      1.00
   2.73402   3.05912   3.96215   -73.329   137.515   -38.458   -137.30    160.43      1.00
   2.15539   1.79235   6.10039   -63.082   149.103   -69.195   -137.29    180.65      1.00
   3.90842   1.03563   1.15444   -69.768   132.723   -40.514   -137.29    163.38      1.00
   5.89227   1.56127   1.36123   -58.817   120.149   -53.764   -137.28    143.99      1.00
   4.83386   2.02428   2.92988   -61.339   149.460   -65.210   -137.28    182.70      1.00
   0.46675   1.73095   4.72403   -63.995   150.121   -62.471   -137.28    181.36      1.00
   3.47454   2.50309   0.43645   -24.408   114.393   -54.381   -137.26    134.49      1.00
   6.00547   1.54820   3.99572   -66.723   139.701   -64.152   -137.25    177.48      1.00
   0.58332   2.04484   3.59131   -41.529   108.753   -53.144   -137.25    132.56      1.00
   1.93451   1.21415   3.33148   -42.082   161.926   -53.065   -137.25    177.73      1.00
   3.58345   1.88233   3.23530   -71.506   157.900   -53.210   -137.23    185.67      1.00
   4.04643   1.23414   4.79274   -39.699   171.190   -50.700   -137.23    187.03      1.00
   4.96537   1.14308   5.75788   -74.927   137.376   -60.819   -137.23    176.27      1.00
   1.66267   1.75761   3.62074   -43.685   159.806   -41.281   -137.22    171.36      1.00
   4.16632   2.23943   3.01277   -42.261   151.905   -31.808   -137.21    168.70      1.00
   1.24374   0.85040   4.81356   -61.241   116.852   -75.647   -137.20    152.04      1.00
   2.90584   1.32729   0.94534   -64.440   130.329   -61.042   -137.20    167.69      1.00
   0.48044   1.58671   1.02431   -47.191   131.688   -88.431   -137.19    163.97      1.00
   1.88076   2.31010   5.05168   -33.475   128.499   -84.273   -137.18    158.37      1.00
   3.01608   0.53284   3.32977   -75.725   144.132   -46.253   -137.16    169.34      1.00
   4.21151   1.55411   2.11295   -41.856   117.892   -70.859   -137.15    150.59      1.00
   2.44888   1.84367   4.62280   -28.228   166.971   -64.065   -137.15    178.72      1.00
   5.73918   1.32951   1.14082   -73.701   141.981   -46.608   -137.15    166.19      1.00
   1.52072   0.70037   2.52497   -26.808   131.651   -80.965   -137.14    162.62      1.00
   3.94167   1.17352   4.24856   -23.062   142.695   -44.796   -137.14    153.54      1.00
   0.73028   1.59901   4.78140   -44.714   107.757   -70.537   -137.09    140.19      1.00
   5.78192   2.45829   6.17232   -30.821   139.371   -53.114   -137.08    155.05      1.00
   5.29680   2.02442   2.20479   -63.117   142.950   -40.565   -137.07    166.28      1.00
   3.09413   1.54323   5.18867   -28.387   167.767   -53.425   -137.07    178.21      1.00
   3.31730   2.46132   2.55893   -76.062   139.005   -47.393   -137.06    172.93      1.00
   2.77935   3.01885   1.56652   -47.389   145.809   -79.136   -137.06    181.02      1.00
   4.83910   1.90226   3.92837   -44.358   159.199   -65.445   -137.05    186.19      1.00
   5.66547   1.89791   0.69841   -74.954   147.348   -54.681   -137.02    174.40      1.00
   2.00696   2.88254   1.93803   -68.103   161.236   -51.681   -137.00    186.65      1.00
   1.41680   2.37574   4.59042   -37.400   167.162   -56.464   -136.98    182.53      1.00
   4.43770   2.50956   3.20480   -71.215   126.967   -30.892   -136.97    158.36      1.00
   3.18936   1.92364   1.64832   -72.307   132.786   -56.735   -136.96    171.18      1.00
   5.56281   0.82741   3.14745   -28.006   152.755   -32.857   -136.95    162.75      1.00
   5.56007   2.60370   3.28376   -35.383   159.310   -42.103   -136.94    176.32      1.00
   0.52836   2.09488   2.50587   -50.840   129.762   -33.631   -136.93    144.90      1.00
   0.67749   1.71526   4.32955   -34.086   151.034   -44.558   -136.93    166.54      1.00
   5.16475   0.94110   4.49327   -67.735   141.041   -62.644   -136.91    178.83      1.00
   3.46161   3.32794   5.27626   -35.743   119.789   -48.983   -136.91    133.70      1.00
   1.70038   2.42719   5.38212   -21.089   121.766   -66.135   -136.90    143.33      1.00
   5.32745   2.52956   5.99751   -76.267   144.087   -54.858   -136.89    174.19      1.00
   2.00218   0.42233   3.83393   -32.782   147.114   -70.861   -136.87    167.94      1.00
   1.06730   0.91588   3.74614   -38.090   157.382   -58.155   -136.84    177.15      1.00
   2.11958   2.07856   5.52548   -35.631   124.660   -34.733   -136.84    137.37      1.00
   1.34689   1.48250   3.90165   -72.000   137.135   -66.843   -136.83    170.87      1.00
   4.37708   2.40879   1.08916   -56.790   130.889   -72.413   -136.83    166.12      1.00
   2.69841   1.63051   2.70929   -57.042   159.513   -45.526   -136.83    179.61      1.00
   4.08230   0.97804   0.27702   -17.466   137.107   -58.931   -136.82    158.51      1.00
   4.01750   2.55048   0.70677   -19.007   150.472   -48.388   -136.82    162.42      1.00
   3.39992   2.16173   0.63750   -17.949   134.373   -59.920   -136.81    154.66      1.00
   0.69592   1.63003   3.67785   -26.914   131.100   -81.373   -136.80    159.59      1.00
   2.95721   2.32880   5.93567   -16.707   146.441   -53.882   -136.80    159.02      1.00
   5.71447   1.51160   3.11426   -55.035   160.976   -49.044   -136.79    183.58      1.00
   4.67916   1.51834   4.31547   -66.375   149.874   -46.554   -136.79    178.26      1.00
   0.59785   1.54556   3.82623   -27.204   127.560   -79.888   -136.79    156.88      1.00
   4.84958   1.91540   3.94870   -44.287   159.163   -65.422   -136.78    186.18      1.00
   5.25958   1.21669   4.95486   -41.753   138.933   -19.343   -136.77    155.69      1.00
   4.79166   2.28768   1.70197   -58.109   131.244   -71.101   -136.77    166.41      1.00
   5.73064   0.78167   1.29059   -76.629   142.431   -54.059   -136.75    169.79      1.00
   1.45282   3.19210   3.66396   -50.520   123.109   -37.334   -136.75    139.46      1.00
   5.46617   0.87489   3.20157   -28.805   152.499   -31.319   -136.73    162.44      1.00
   5.41453   1.33401   1.08226   -72.954   147.975   -50.690   -136.71    173.22      1.00
  -0.21709   1.40712   4.19483   -68.595   139.585   -62.640   -136.70    177.61      1.00
   4.90569   1.99075   3.07615   -60.843   149.463   -65.443   -136.70    182.75      1.00
   2.06533   1.01015   3.30568   -71.305   149.321   -62.093   -136.69    179.18      1.00
   1.14243   2.85576  -0.11819   -53.477   145.023   -32.649   -136.66    166.93      1.00
   4.32978   2.68932   3.49379   -51.649   141.649   -79.129   -136.65    178.58      1.00
   1.78413   1.28585   2.90564   -47.182   160.037   -45.892   -136.63    177.04      1.00
   3.57783   1.43990   1.88621   -38.910   149.482   -72.780   -136.62    178.47      1.00
   2.32381   2.26867   4.86360   -55.524   120.137   -52.482   -136.58    143.63      1.00
   5.03888   1.92342   3.30577   -57.118   152.397   -64.175   -136.58    183.66      1.00
   5.59203   0.55863   1.26823   -72.506   152.503   -59.485   -136.58    178.12      1.00
   0.69854   1.04490   0.90588   -53.485   122.395   -40.978   -136.57    139.79      1.00
   3.78347   0.93097   2.14529   -65.480   114.946   -38.204   -136.53    142.09      1.00
   3.42938   1.55350   2.44966   -69.403   122.855   -31.936   -136.53    150.69      1.00
   1.15684   1.55127   1.57753   -65.237   124.976   -52.765   -136.50    153.42      1.00
   0.19235   1.17447   4.76588   -31.006   151.112   -63.578   -136.49    173.49      1.00
   2.97574   1.56974   0.49264   -63.726   126.115   -53.008   -136.48    160.45      1.00
   4.44944   1.06254   4.49086   -26.465   126.288   -65.997   -136.47    151.52      1.00
   0.53468   1.07982   2.70093   -55.340   143.434   -34.479   -136.47    163.64      1.00
   4.47719   0.91161   2.51346   -30.097   164.342   -49.270   -136.45    175.23      1.00
   5.16967   1.14731   4.97754   -69.076   144.871   -66.776   -136.45    183.82      1.00
   2.63354   1.24265   5.29811   -49.613   150.455   -86.883   -136.44    180.70      1.00
   2.54405   0.86020   2.93168   -31.431   139.124   -49.478   -136.43    154.64      1.00
   6.36736   2.34071   4.05842   -36.617   158.944   -44.622   -136.43    176.68      1.00
   1.17420   1.57269   1.58060   -65.416   124.820   -52.412   -136.40    153.29      1.00
   0.82310   0.39988   3.13250   -17.965   147.770   -54.006   -136.39    166.00      1.00
   5.10828   2.27598   6.09624   -44.445   155.485   -23.288   -136.39    165.08      1.00
   5.17962   0.94146   4.45601   -67.528   140.754   -62.711   -136.38    178.52      1.00
   2.13348   2.15168   5.43555   -36.237   126.419   -34.091   -136.37    138.85      1.00
   4.75678   1.11921   0.21061   -40.054   136.171   -73.117   -136.37    166.48      1.00
   0.97039   1.86729   0.36976   -76.493   141.449   -48.501   -136.31    171.00      1.00
   5.96940   2.73072   1.07256   -36.991   169.018   -44.587   -136.31    177.35      1.00
   2.13777   0.95973   2.25744   -36.069   128.716   -86.781   -136.31    164.98      1.00
   3.79252   1.55181   3.17850   -73.229   152.065   -54.000   -136.31    181.34      1.00
   5.16805   1.57552   2.88159   -37.378   134.355   -20.950   -136.29    146.14      1.00
   5.50495   1.73503   1.07989   -46.880   117.067   -59.665   -136.29    140.34      1.00
   6.08665   1.15904   5.81651   -67.336   117.189   -35.902   -136.27    143.79      1.00
   1.79586   1.36502   1.83909   -43.454   149.099   -34.665   -136.24    165.41      1.00
   1.01910   0.98187   4.64211   -53.464   117.218   -82.437   -136.24    154.40      1.00
   4.22227   1.81938   5.70494   -39.937   129.696   -73.231   -136.23    159.70      1.00
   2.85139   1.73641   1.86351   -56.905   107.454   -64.633   -136.22    145.79      1.00
   3.97129   2.38846   5.13203   -42.985   170.374   -43.399   -136.22    181.90      1.00
   1.65212   1.92761   3.50899   -38.444   157.033   -83.848   -136.22    181.09      1.00
   0.75190   2.41930   3.55933   -53.289   138.897   -32.921   -136.22    156.06      1.00
   1.07632   2.36162   1.66129   -60.016   114.767   -68.457   -136.22    147.03      1.00
   1.46853   2.31599   1.25251   -32.281   156.156   -64.365   -136.20    175.53      1.00
   1.15926   0.10430   2.19875   -18.355   139.189   -52.024   -136.19    156.77      1.00
   4.49501   1.39729   3.64435   -26.422   152.967   -62.007   -136.18    172.32      1.00
   2.71295   1.01890   1.47066   -38.202   158.138   -50.289   -136.17    179.23      1.00
   4.12959   1.04860   2.41565   -34.578   141.412   -26.068   -136.17    150.31      1.00
   2.06498   2.27336   3.40123   -48.509   155.358   -83.077   -136.16    181.45      1.00
   1.93478   2.48399   0.25971   -63.742   115.846   -73.963   -136.16    159.13      1.00
   5.28063   1.38884   1.38804   -71.854   145.105   -44.906   -136.11    169.23      1.00
   0.99370   1.69890   1.91732   -67.251   128.771   -53.761   -136.08    156.96      1.00
   0.03696   0.68747   1.42701   -54.986   170.632   -55.018   -136.07    186.23      1.00
   5.08219   1.15158   0.91708   -54.307   127.279   -75.330   -136.06    160.60      1.00
   1.52919   2.53863   0.63335   -63.212   115.512   -72.991   -136.04    156.54      1.00
   4.23196   3.04396   0.99422   -18.612   135.435   -64.606   -136.04    153.82      1.00
   5.00241   1.57143   0.57157   -63.191   120.806   -60.414   -135.96    153.09      1.00
   5.74026   1.00912   2.18394   -39.322   171.701   -50.212   -135.92    183.17      1.00
   3.59094   2.18587   2.10089   -53.851   106.351   -53.762   -135.92    140.26      1.00
   4.19393   0.81700   4.36937   -48.939   136.600   -77.499   -135.91    169.74      1.00
   5.70076   1.93429   1.52080   -68.934   150.163   -49.373   -135.89    172.97      1.00
   1.46591   1.49235   0.14371   -51.031   125.365   -37.734   -135.87    143.73      1.00
   5.25881   1.25536   3.37932   -50.268   154.206   -70.545   -135.86    183.77      1.00
   3.42436   1.52468   4.31762   -57.060   123.608   -70.347   -135.84    154.96      1.00
   4.08550   0.93188   3.31786   -64.361   152.036   -27.990   -135.84    168.79      1.00
   3.53022   2.38906   2.01795   -22.479   123.349   -54.026   -135.83    145.53      1.00
   2.03451   2.64394   4.17268   -63.236   163.348   -49.093   -135.82    181.72      1.00
   6.00744   2.35746   5.97128   -36.799   158.049   -62.867   -135.81    178.18      1.00
   4.59263   0.34348   5.28572   -57.725   120.974   -29.336   -135.80    147.99      1.00
   0.00924   0.60216   0.16289   -74.668   147.839   -52.167   -135.79    173.09      1.00
   5.74996   2.24279   4.05954   -22.270   148.121   -59.100   -135.78    169.79      1.00
   3.74754   1.17165   2.15200   -54.007   106.477   -59.248   -135.76    139.21      1.00
   5.97041   1.54988   2.88063   -60.147   147.535   -39.571   -135.75    169.95      1.00
   3.81532   2.01947   0.56401   -19.390   148.539   -45.661   -135.73    161.82      1.00
   3.81109   1.33268   5.81955   -47.032   127.290   -73.259   -135.72    161.64      1.00
   4.99153   2.56657   3.11444   -52.876   155.081   -62.638   -135.71    184.83      1.00
   5.29606   0.62688   1.89902   -74.783   146.493   -55.157   -135.68    173.47      1.00
   1.66711   2.57065   3.38977   -71.115   148.277   -56.305   -135.68    173.37      1.00
   6.06921   2.09040   4.87349   -37.953   154.354   -43.495   -135.67    173.60      1.00
   3.73470   1.16082   5.13441   -33.433   115.730   -38.126   -135.64    131.02      1.00
   0.03369   2.38198   1.49857   -44.440   123.290   -36.121   -135.64    135.25      1.00
   4.86728   1.99895   3.52148   -21.682   134.892   -43.304   -135.61    151.38      1.00
   5.28517   1.39197   1.39342   -71.761   145.220   -44.894   -135.61    169.27      1.00
   1.78659   0.74161   3.17878   -73.355   131.995   -59.691   -135.59    167.29      1.00
  -0.03969   0.41297   5.51742   -52.975   104.702   -57.062   -135.57    134.48      1.00
   4.94545   1.52039   0.50479   -62.938   120.862   -60.923   -135.57    153.74      1.00
   4.27050   0.25590   2.48747   -74.509   149.578   -63.096   -135.52    178.04      1.00
   1.69657   1.81399   3.68836   -43.334   159.668   -41.297   -135.48    170.81      1.00
   5.84804   1.07757   2.48067   -62.963   136.990   -64.500   -135.48    167.65      1.00
   2.16451   0.60107   5.65822   -66.330   160.100   -61.815   -135.46    183.82      1.00
   0.32416   0.99194   3.11992   -54.329   145.187   -35.086   -135.44    166.59      1.00
   3.55677   2.26621   0.42758   -59.786   131.238   -69.577   -135.42    167.50      1.00
   0.77745   2.42895   3.58985   -53.088   138.930   -32.741   -135.42    155.95      1.00
  -0.07829   2.11016   2.90138   -20.545   133.092   -41.082   -135.41    143.66      1.00
   0.17002   2.01356   4.78273   -59.070   108.338   -51.920   -135.40    142.36      1.00
   5.82062   1.46517   2.69302   -23.460   148.827   -36.043   -135.40    157.53      1.00
   2.37207   1.25139   5.14388   -43.631   152.600   -86.812   -135.40    179.34      1.00
   2.30183   1.22728   4.88916   -23.828   146.037   -66.676   -135.36    159.61      1.00
   5.54144   1.37501   0.96113   -41.440   118.357   -60.304   -135.36    139.63      1.00
   3.79329   2.75383   1.49348   -20.628   153.814   -57.038   -135.36    172.56      1.00
   2.17518   0.98476   1.10922   -31.074   164.613   -68.791   -135.35    187.24      1.00
   2.39860   1.72684   5.41598   -32.053   146.638   -84.511   -135.34    172.09      1.00
   2.26565   0.62285   5.32413   -33.362   124.989   -70.100   -135.33    145.28      1.00
   1.03340   1.17244   3.52578   -21.144   129.086   -71.598   -135.31    152.48      1.00
   0.05365   0.52683   3.94666   -17.004   143.789   -52.251   -135.26    162.21      1.00
   4.15863   1.20701   4.55350   -66.999   144.133   -45.029   -135.25    170.88      1.00
   5.53881   1.65420   5.59949   -31.361   122.946   -60.584   -135.25    147.25      1.00
   2.32865   1.60408   2.32512   -34.037   152.558   -50.677   -135.23    169.68      1.00
   1.87174   0.78827   3.15414   -73.832   132.898   -59.246   -135.23    167.71      1.00
   0.43474   2.16999   4.60792   -53.433   106.901   -55.848   -135.22    139.68      1.00
   5.66601   0.45873   0.86779   -71.079   158.185   -56.698   -135.22    181.85      1.00
   2.15116   1.81447  -0.15430   -63.234   148.988   -69.276   -135.21    180.82      1.00
   1.72367   2.50862   5.40099   -20.818   121.786   -64.671   -135.20    143.00      1.00
   5.30532   2.53956   6.16422   -75.556   146.690   -54.503   -135.19    175.33      1.00
   3.92856   1.49929   0.97467   -65.252   132.718   -35.040   -135.18    160.37      1.00
  -0.17301   1.56281   3.30386   -57.493   144.862   -39.724   -135.16    168.54      1.00
   0.57897   2.06619   3.39753   -39.699   110.041   -53.272   -135.15    132.34      1.00
   1.07265   0.42444   5.19115   -71.093   125.481   -40.507   -135.13    149.72      1.00
   3.70960   1.74375   3.95272   -36.489   144.160   -73.143   -135.12    168.72      1.00
   3.83865   1.62180   6.01143   -48.481   127.379   -72.515   -135.11    161.24      1.00
   0.35635   1.49280   1.12197   -45.598   135.507   -88.109   -135.08    166.16      1.00
   1.71893   0.55635   3.95554   -64.897   121.372   -76.798   -135.08    159.04      1.00
   2.74189   1.06035   0.58173   -59.593   148.365   -68.033   -135.07    182.25      1.00
   5.50315   1.37896   3.31815   -51.013   137.628   -18.534   -135.06    155.43      1.00
   2.04739   1.47264   1.65350   -69.056   123.178   -53.222   -135.06    157.99      1.00
   2.82227   1.12544   2.98677   -68.755   120.428   -69.800   -135.05    157.56      1.00
   4.28958   1.09059   5.53563   -15.631   136.859   -52.427   -135.02    154.55      1.00
   0.84595   2.93673   3.99243   -20.031   130.944   -66.577   -135.02    150.88      1.00
   1.11589   1.45649   1.89529   -58.296   115.609   -74.626   -134.99    151.70      1.00
   1.79844   2.27338   0.80823   -57.577   155.318   -79.569   -134.97    189.70      1.00
   3.24849   3.03687   3.38444   -71.933   154.670   -51.379   -134.97    181.50      1.00
   2.97094   0.65787   5.97053   -62.459   138.112   -45.673   -134.97    164.75      1.00
   0.10373   1.74413   0.27986   -73.894   147.981   -52.892   -134.92    174.35      1.00
   2.46114   1.24537   5.18025   -46.375   116.588   -51.127   -134.89    135.40      1.00
   3.79264   1.57505   3.16803   -73.260   152.212   -53.134   -134.89    181.33      1.00
   2.50363   2.32379  -0.35814   -36.188   122.792   -84.099   -134.89    157.11      1.00
  -0.53923   2.19564   1.42255   -22.821   130.923   -51.937   -134.88    141.83      1.00
   2.03708   0.09112   4.46186   -73.441   150.145   -49.057   -134.88    173.34      1.00
   1.76279   0.81447   3.28437   -74.038   133.186   -60.067   -134.86    168.06      1.00
   4.29256   1.83003   3.49653   -72.836   154.046   -55.853   -134.86    186.04      1.00
   1.07679   1.26434   5.32569   -62.408   114.443   -72.529   -134.84    149.72      1.00
   5.06173   1.12014   0.89076   -54.456   122.432   -22.444   -134.84    138.00      1.00
   4.96876   1.58466   4.99262   -56.230   108.455   -59.923   -134.84    145.27      1.00
   1.87392   1.85955   5.49447   -23.554   146.386   -43.506   -134.84    155.89      1.00
   1.80805   1.32359   1.82237   -43.834   149.374   -34.488   -134.83    165.93      1.00
   4.45837   2.43739   0.30920   -36.795   157.180   -27.437   -134.83    164.78      1.00
   0.66397   2.09282   0.19137   -74.877   141.823   -40.491   -134.83    168.98      1.00
   3.40331   2.42530   0.36339   -37.167   168.260   -55.909   -134.79    186.29      1.00
   6.03666   2.12210   2.69692   -20.210   145.038   -44.583   -134.78    155.20      1.00
   2.74387   1.20396   1.63535   -30.745   155.434   -59.362   -134.77    177.59      1.00
   0.24616   2.57624   2.44871   -42.510   169.576   -41.592   -134.72    179.39      1.00
   4.90098   1.23582   3.17235   -36.339   159.592   -29.980   -134.71    170.30      1.00
   5.26805   1.83894   0.95890   -63.425   160.273   -70.239   -134.70    187.55      1.00
   2.29997   1.84827   0.34199   -22.960   142.699   -42.843   -134.69    156.55      1.00
   3.90859   2.19073   0.47898   -19.986   129.741   -46.267   -134.68    143.69      1.00
   0.74140   0.82509   1.55199   -67.740   158.009   -53.254   -134.67    182.41      1.00
   2.83370   1.13782   3.01529   -68.882   120.611   -69.627   -134.66    157.55      1.00
   2.34174   1.74882   1.18277   -69.540   142.129   -65.574   -134.66    179.46      1.00
   5.42631   2.12689   3.68522   -27.409   154.846   -46.571   -134.65    172.65      1.00
   0.60153   1.71898   2.76996   -19.818   138.092   -50.322   -134.65    149.63      1.00
   1.94248   2.84109   5.10625   -19.079   138.438   -42.087   -134.65    148.52      1.00
   3.92404   2.26294   0.31070   -19.880   144.477   -50.293   -134.64    157.58      1.00
   1.51358   1.53339   4.62014   -66.855   148.672   -45.758   -134.64    170.81      1.00
   1.85655   2.30113   3.48247   -46.456   142.696   -30.494   -134.64    152.70      1.00
   2.99152   0.70817   5.97495   -62.430   139.209   -45.767   -134.64    165.80      1.00
   5.45693   1.97050   1.57775   -67.524   144.955   -42.594   -134.63    167.15      1.00
   0.99518   0.53092   4.84726   -59.716   164.001   -55.698   -134.62    185.03      1.00
   4.22139   1.71924   5.55650   -37.326   153.509   -26.832   -134.60    164.36      1.00
   2.29720   1.66264   1.26118   -69.268   143.258   -66.413   -134.59    180.35      1.00
   3.46011   0.67438   1.34842   -56.656   105.588   -53.042   -134.54    139.81      1.00
   4.96426   1.14325   5.63535   -46.745   153.435   -26.124   -134.51    170.40      1.00
   4.82499   0.84465   1.90627   -48.787   130.104   -74.368   -134.51    159.34      1.00
   1.07503   2.86590   2.11347   -62.424   166.862   -54.745   -134.47    185.80      1.00
   6.17003   0.80261   3.70263   -21.648   151.465   -39.801   -134.45    165.96      1.00
   4.29038   1.33613   3.52616   -27.319   155.979   -59.790   -134.44    173.20      1.00
   2.94708   2.28553   3.13118   -36.551   153.678   -44.849   -134.43    167.26      1.00
   2.23976   2.73701   1.35901   -58.942   128.739   -26.639   -134.43    152.48      1.00
   5.23953   2.09964   3.24126   -55.392   150.530   -63.799   -134.41    181.49      1.00
   0.92162   1.03057   2.53887   -54.310   143.988   -34.872   -134.40    164.05      1.00
   1.15109   2.27391   1.66177   -59.901   113.660   -68.723   -134.40    146.52      1.00
   3.50668   1.96992   1.28549   -38.443   144.514   -23.072   -134.40    160.07      1.00
   4.51313   2.09744   2.35497   -60.627   140.449   -70.424   -134.39    176.80      1.00
   0.72045   1.58359   2.58325   -19.863   142.429   -51.523   -134.36    154.04      1.00
   4.81575   1.90763   3.92999   -45.305   159.284   -65.878   -134.35    186.62      1.00
   3.44912   1.06000   5.27048   -41.861   123.253   -71.834   -134.34    153.06      1.00
   2.75116   0.72704   6.08893   -40.731   116.721   -68.259   -134.33    146.09      1.00
   2.05060   1.07313   3.22009   -71.532   148.303   -62.253   -134.32    178.71      1.00
   5.81164   2.55965   0.30019   -76.344   145.776   -58.166   -134.32    175.40      1.00
   0.48078   1.66954   1.89668   -67.003   153.365   -55.010   -134.30    176.80      1.00
   1.89926   2.26342   1.53111   -40.091   153.392   -46.761   -134.29    170.82      1.00
   1.45718   0.78118   3.62273   -46.805   150.715   -83.640   -134.29    182.12      1.00
   0.87236   0.89214   0.89032   -55.864   123.823   -43.000   -134.29    143.24      1.00
   0.18034   1.14429   4.78241   -31.134   150.953   -63.728   -134.28    173.43      1.00
   3.70429   2.23323  -0.14458   -26.661   152.955   -34.339   -134.28    161.27      1.00
   3.96188   1.94912   3.68078   -39.136   118.983   -27.930   -134.27    133.25      1.00
   5.10189   0.91217   3.03759   -20.363   132.030   -55.124   -134.24    147.24      1.00
   1.55038   0.53115   0.43735   -22.079   120.153   -57.099   -134.23    134.88      1.00
   3.69516   1.52249   1.80756   -62.939   108.614   -51.411   -134.22    144.06      1.00
   2.91048   2.47021  -0.01084   -53.013   165.559   -30.875   -134.20    182.32      1.00
   4.47281   0.58044   2.16391   -75.206   146.239   -57.086   -134.20    174.91      1.00
   1.04278   0.76945   3.72523   -38.272   156.156   -58.142   -134.19    176.73      1.00
   4.81998   0.25988   0.84346   -39.421   158.394   -35.914   -134.18    170.80      1.00
   2.05767   1.05686   3.24958   -71.494   148.975   -62.164   -134.16    179.13      1.00
   1.32725   1.84831   1.24020   -38.601   152.868   -41.539   -134.14    166.24      1.00
   2.65428   1.03362   1.58937   -37.378   157.678   -50.479   -134.14    178.46      1.00
   5.63482   1.00152   1.15176   -44.601   119.692   -63.534   -134.11    142.30      1.00
   5.14874   1.01420   2.71142   -43.582   154.524   -75.209   -134.10    180.07      1.00
   0.04367   2.12128   1.35798   -42.399   169.333   -44.293   -134.08    178.49      1.00
   6.15668   1.28036   0.23142   -74.105   152.202   -60.061   -134.05    179.86      1.00
   1.68151   1.44174   3.07731   -72.222   148.761   -63.484   -134.03    179.74      1.00
   2.90431   1.25662   4.57887   -49.583   152.597   -87.464   -134.01    181.62      1.00
   3.09252   1.27069   4.35810   -55.143   120.661   -65.718   -134.00    148.05      1.00
   5.77928   1.61336   4.92107   -42.128   158.347   -59.414   -134.00    183.17      1.00
   2.58786   0.47252   0.84306   -22.788   126.397   -74.118   -133.99    155.44      1.00
   1.59454   0.79461   0.38110   -21.643   121.746   -54.666   -133.99    135.39      1.00
   0.92515   2.52017   5.53251   -61.654   109.983   -62.000   -133.96    148.09      1.00
   3.73329   0.87095   4.33650   -59.771   124.752   -62.843   -133.92    154.99      1.00
   4.66386   2.55708   5.99567   -74.327   140.346   -60.843   -133.91    171.82      1.00
   5.04409   1.73274   3.46582   -23.437   117.908   -53.272   -133.91    139.46      1.00
   1.19798   1.23522   3.38239   -21.745   130.321   -74.210   -133.91    154.12      1.00
   3.25892   1.63789   4.83626   -49.456   161.847   -78.099   -133.89    186.97      1.00
   4.19568   0.75283   4.23623   -49.776   137.261   -78.091   -133.88    170.20      1.00
   5.73030   2.31171   1.50330   -22.214   130.054   -53.622   -133.84    141.75      1.00
   1.30969   2.10992   4.43352   -37.471   167.561   -57.758   -133.84    182.93      1.00
  -0.13028   0.32535   0.55608   -71.073   158.506   -58.184   -133.82    181.86      1.00
   3.25217   0.04792   0.93543   -46.770   159.614   -49.317   -133.80    183.04      1.00
   2.94064   0.58433   1.08660   -21.178   130.881   -72.857   -133.80    159.78      1.00
   1.06957   1.84095   5.79319   -52.564   137.495   -31.162   -133.80    155.13      1.00
   1.00874   0.30615   4.36641   -58.833   149.527   -79.198   -133.79    183.13      1.00
   3.38852   1.20059   5.20177   -41.844   121.757   -69.323   -133.79    149.83      1.00
   2.68559   1.01726   1.44432   -37.664   158.489   -50.478   -133.79    179.46      1.00
   1.30060   1.35451   5.94417   -72.674   139.851   -55.077   -133.77    168.39      1.00
   3.93982   2.84086  -0.19814   -29.445   167.775   -59.604   -133.76    180.11      1.00
   5.26655   1.50532   3.30087   -62.696   140.263   -69.896   -133.75    176.98      1.00
   5.17521   0.89511   4.70864   -45.218   107.711   -65.277   -133.75    144.33      1.00
   2.05566   1.58562   5.02079   -46.220   120.932   -41.153   -133.74    135.98      1.00
   0.11440   0.16641   3.89247   -17.381   145.416   -52.639   -133.74    164.19      1.00
   0.39447   1.60992   3.81671   -24.831   127.508   -77.129   -133.71    155.88      1.00
   0.46996   2.96642   2.15106   -40.177   123.023   -37.664   -133.71    134.18      1.00
   3.13836   1.72900   5.21656   -68.361   135.640   -40.873   -133.70    159.75      1.00
   3.03265   0.73613   5.18748   -60.409   125.227   -61.141   -133.66    154.51      1.00
   0.21674   0.65825   0.38432   -43.332   117.072   -49.714   -133.63    132.64      1.00
   1.13115   1.93670   2.00397   -24.322   147.545   -60.871   -133.59    161.70      1.00
   0.50211   0.69415   1.97335   -64.797   160.714   -53.597   -133.57    184.93      1.00
   4.68277   1.65639   0.43799   -57.987   118.631   -59.618   -133.55    150.42      1.00
   0.96074   1.77499   2.12698   -22.412   146.388   -58.454   -133.55    159.32      1.00
   4.83718   1.48196  -0.15413   -39.723   132.401   -72.816   -133.54    162.68      1.00
   4.08365   3.26731   5.49339   -34.829   123.408   -48.265   -133.54    136.21      1.00
   6.10977   1.42291   0.27522   -73.117   154.172   -60.368   -133.53    181.33      1.00
   1.01055   0.92673   5.00125   -60.630   118.259   -77.800   -133.50    154.48      1.00
   1.41234   2.23413   0.35785   -53.661   153.264   -39.848   -133.49    173.44      1.00
   4.97628   1.18813   1.55294   -67.301   156.318   -49.905   -133.48    179.25      1.00
  -0.16128   2.97448   4.35951   -52.942   106.308   -55.746   -133.48    141.01      1.00
   1.26114   1.99084   0.17560   -74.440   143.214   -53.329   -133.48    174.73      1.00
   1.28188   1.76355   4.75097   -41.072   112.268   -77.769   -133.47    143.72      1.00
   5.39535   1.19734   2.35768   -43.772   114.891   -58.341   -133.47    139.10      1.00
   2.01757   2.20973   4.21767   -57.641   117.918   -53.566   -133.46    141.81      1.00
   3.65709   0.93718   0.30717   -56.220   119.320   -68.064   -133.43    158.59      1.00
   3.89521   1.39442   1.88706   -63.992   109.274   -47.200   -133.43    142.38      1.00
   3.25729   1.11412   5.14131   -65.981   144.745   -46.259   -133.43    168.63      1.00
  -0.21256   1.36586   4.14672   -41.817   160.050   -62.535   -133.42    185.80      1.00
   3.41161   1.19278   5.21629   -41.912   122.112   -69.708   -133.41    150.52      1.00
   5.01581   1.60185   2.89821   -56.417   125.320   -69.910   -133.41    161.44      1.00
   0.39498   1.80838   0.86245   -33.314   156.407   -46.533   -133.41    165.94      1.00
   1.76589   1.67708   0.78480   -72.611   145.187   -59.403   -133.40    178.51      1.00
   2.08879   1.62029   3.95971   -41.533   164.022   -43.882   -133.39    173.81      1.00
   0.69435   2.09753   2.73565   -61.883   157.199   -65.104   -133.37    182.05      1.00
  -0.10074   0.87552   3.02209   -28.457   154.349   -35.105   -133.37    166.04      1.00
   5.26152   0.96738   4.69629   -45.692   108.291   -67.133   -133.37    145.87      1.00
   5.34012   2.61462   0.62612   -72.174   146.811   -45.744   -133.35    170.22      1.00
   4.51001   1.08858   4.38905   -64.417   151.831   -51.155   -133.35    179.79      1.00
   1.16244   2.81373   4.03530   -48.116   160.246   -35.193   -133.31    173.66      1.00
   2.64465   1.34894   5.93566   -63.523   138.591   -41.540   -133.30    162.91      1.00
  -0.18833   0.88789   0.09893   -34.051   122.763   -54.099   -133.29    139.13      1.00
   2.64690   2.16648   3.52497   -47.914   150.818   -29.457   -133.28    161.09      1.00
  -0.14249   0.93397   5.73399   -65.113   113.903   -39.024   -133.23    140.82      1.00
   2.92905   2.32271   0.54019   -43.445   119.120   -83.763   -133.23    159.70      1.00
   3.62523   2.43931   0.55298   -18.318   133.963   -59.884   -133.23    152.69      1.00
   2.87681   2.53173   5.13851   -73.158   140.533   -43.092   -133.20    165.98      1.00
   5.11492   0.38959   2.06435   -75.513   143.099   -53.781   -133.18    170.10      1.00
   3.55600   2.12652   4.87038   -45.114   161.457   -28.099   -133.16    170.21      1.00
   0.69868   1.15237   5.74590   -72.824   139.301   -51.994   -133.16    166.66      1.00
   2.74577   1.02568   5.88178   -51.850   156.851   -83.040   -133.16    188.17      1.00
   5.93195   1.72375   2.77252   -60.628   144.664   -38.437   -133.15    166.86      1.00
   4.64338   1.25065   5.07334   -57.869   157.342   -65.114   -133.15    188.28      1.00
   2.66982   2.06606   4.91857   -26.077   165.283   -59.495   -133.14    175.98      1.00
   0.37511   1.60655   2.51999   -19.359   138.962   -55.853   -133.10    151.79      1.00
   4.88261   1.15291   0.26449   -46.975   122.542   -21.713   -133.10    138.29      1.00
   6.00992   0.22946   5.41660   -71.653   150.853   -56.808   -133.07    182.57      1.00
   2.94738   1.24835   1.44658   -61.075   146.797   -66.760   -133.07    181.80      1.00
   4.02067   2.87796   2.94121   -48.886   144.111   -78.581   -133.06    179.97      1.00
  -0.12327   0.41829   1.22386   -45.123   117.930   -50.657   -133.05    134.61      1.00
   0.87593   1.17043   0.49332   -75.417   146.747   -52.319   -133.04    173.35      1.00
   1.71675   2.27693   1.83284   -33.482   153.757   -51.230   -133.02    168.80      1.00
   1.92756   1.02925   2.29022   -33.706   132.447   -85.312   -133.01    166.14      1.00
   0.70876   2.40962   3.51061   -53.474   138.934   -32.953   -133.00    156.20      1.00
   1.20687   0.46340   3.83230   -70.902   152.599   -52.932   -133.00    182.26      1.00
   5.10032   1.28445   2.44442   -60.730   157.493   -66.190   -132.96    184.78      1.00
   4.80067   1.44908   6.12743   -39.641   132.235   -73.443   -132.95    163.04      1.00
   3.70127   0.89033   4.32618   -59.827   124.640   -63.358   -132.93    154.94      1.00
   4.67266   0.90224   4.52083   -61.826   151.016   -50.620   -132.92    179.08      1.00
   2.63526   0.72784   5.50287   -58.010   122.125   -65.773   -132.92    152.29      1.00
   5.64963   0.57890   2.86469   -38.183   166.985   -40.201   -132.91    178.55      1.00
   3.68863   1.82790   1.96027   -57.348   154.804   -46.488   -132.89    179.87      1.00
   2.71926   1.59081   4.26186   -34.494   155.997   -36.514   -132.87    161.90      1.00
   3.08361   1.73733   1.25068   -69.599   125.094   -55.844   -132.85    163.93      1.00
   0.77268   1.57995   3.72805   -40.177   162.603   -64.839   -132.84    183.60      1.00
   0.86539   0.45119   1.20604   -36.538   159.892   -35.400   -132.83    168.56      1.00
   0.82530   1.59623   2.44528   -20.667   144.313   -52.950   -132.82    156.11      1.00
   3.72547   1.19539   5.72503   -48.314   128.817   -74.161   -132.82    163.64      1.00
   3.52509   1.57508   1.52633   -69.181   137.069   -55.864   -132.81    172.70      1.00
   0.15833   1.18222   0.97450   -76.294   146.059   -55.774   -132.76    172.84      1.00
   1.84918   1.86768   0.13103   -51.063   151.857   -84.388   -132.76    185.16      1.00
   0.40020   2.11717   0.97736   -59.029   122.316   -81.395   -132.75    157.82      1.00
   2.60948   2.37770   1.39760   -73.954   138.991   -56.754   -132.73    176.38      1.00
   4.45970   1.37793   3.69102   -26.389   152.453   -62.247   -132.72    171.79      1.00
   1.13415   2.46391   2.60712   -43.003   170.332   -41.305   -132.71    179.57      1.00
   3.86260   1.38035   1.87452   -63.770   109.357   -47.946   -132.70    142.67      1.00
   0.15005   1.23449   1.65028   -53.364   124.118   -36.790   -132.70    140.45      1.00
   2.96566   2.38380   1.03095   -70.690   131.802   -62.174   -132.69    171.96      1.00
   1.10566   2.20653   4.93085   -26.003   154.661   -50.982   -132.69    168.97      1.00
   3.74979   1.58808   1.72249   -61.352   107.753   -49.634   -132.68    142.27      1.00
   5.41346   1.80491   0.36825   -63.027   117.284   -54.277   -132.66    145.94      1.00
   5.51065   2.13450   1.57863   -51.712   118.843   -58.029   -132.66    144.01      1.00
   4.54563   1.27632   4.29732   -67.418   150.125   -52.750   -132.63    180.11      1.00
   4.62175   1.95298   2.67590   -28.932   162.118   -47.505   -132.63    177.79      1.00
   5.97525   2.04580   3.72753   -32.736   161.975   -54.412   -132.61    181.70      1.00
   1.08314   2.19113   0.44357   -76.078   141.777   -43.520   -132.60    171.39      1.00
   5.73607   1.80094   0.80285   -75.087   145.369   -53.042   -132.60    171.97      1.00
   0.20569   1.70413   1.00595   -32.039   156.054   -43.671   -132.59    163.74      1.00
   3.88007   1.24435   3.75289   -46.679   168.078   -38.872   -132.58    180.38      1.00
   5.44926   1.41356   1.33704   -72.090   145.766   -45.166   -132.58    169.32      1.00
   1.78578   1.05771   4.13185   -35.039   160.309   -66.042   -132.57    176.65      1.00
   5.76069   1.52282   1.93711   -63.966   146.903   -72.471   -132.56    177.21      1.00
   3.64642   2.99924   0.74254   -41.324   157.691   -78.479   -132.53    186.06      1.00
   0.66501   1.59982  -0.02859   -74.847   141.690   -51.681   -132.51    170.15      1.00
   2.34740   0.99265   5.73398   -61.351   132.411   -40.357   -132.49    153.65      1.00
   2.03663   1.42801   1.60695   -68.570   122.760   -53.634   -132.49    157.70      1.00
   0.68905   2.24080   4.07917   -22.693   128.020   -73.252   -132.49    152.44      1.00
   3.36779   1.21413   4.16086   -57.350   121.389   -65.782   -132.46    150.56      1.00
   4.97581   1.15624   1.58823   -67.890   156.113   -50.876   -132.46    179.50      1.00
   4.12403   1.16145   4.63806   -66.430   144.644   -45.317   -132.46    171.22      1.00
   3.14035   1.27453   4.31351   -54.877   120.384   -65.833   -132.46    147.93      1.00
   1.85344   1.36146   0.81431   -46.454   109.117   -60.578   -132.44    138.25      1.00
   1.47487   2.28873   1.76411   -72.507   151.888   -57.099   -132.44    180.05      1.00
   0.22163   2.01734   4.40681   -25.385   152.129   -65.100   -132.42    174.24      1.00
   1.37705   0.98394   1.45218   -34.576   158.912   -41.452   -132.42    171.77      1.00
   5.63792   2.34082   2.60673   -61.937   136.454   -38.629   -132.41    160.91      1.00
   1.83333   0.82018   0.06157   -21.139   124.391   -51.846   -132.40    136.46      1.00
   0.53729   1.11944   2.64289   -55.302   143.491   -34.552   -132.39    163.31      1.00
   4.23598   1.64933   4.41241   -42.158   142.460   -76.347   -132.39    172.82      1.00
   4.59846   2.84077   0.78882   -53.246   127.787   -32.560   -132.39    144.88      1.00
   2.20294   1.20408   5.92550   -52.898   150.708   -86.823   -132.39    183.07      1.00
   3.38810   1.33673   4.24444   -54.372   121.757   -68.921   -132.38    151.43      1.00
   1.89262   0.69564   4.73758   -31.302   137.766   -69.770   -132.37    155.32      1.00
   5.30146   1.47944   3.25819   -62.924   140.060   -69.200   -132.35    176.42      1.00
   3.47621   1.07436   4.37038   -55.456   123.148   -68.486   -132.34    153.25      1.00
   2.49909   0.66922   0.27719   -61.378   138.548   -46.698   -132.33    165.50      1.00
   0.34083   1.67589   2.18560   -63.268   156.762   -52.901   -132.32    178.41      1.00
   3.88204   1.66020   5.93387   -48.354   127.985   -72.142   -132.32    161.19      1.00
   3.47598   0.51869   4.47783   -22.186   149.501   -43.697   -132.31    156.56      1.00
   5.54930   1.64090   5.06734   -40.624   158.610   -62.600   -132.31    183.82      1.00
   2.63329   2.75922   4.05268   -71.961   139.434   -36.457   -132.29    160.77      1.00
   1.61783   0.58452   3.57934   -34.250   144.272   -43.180   -132.29    159.17      1.00
   2.18796   1.36204   3.04646   -35.085   154.894   -51.684   -132.29    169.58      1.00
   4.01000   1.35389   2.50546   -45.132   154.700   -25.335   -132.28    167.16      1.00
   4.15931   1.95858   0.79631   -66.824   134.109   -37.817   -132.27    161.37      1.00
   3.74012   0.45047   5.60825   -20.182   136.237   -39.775   -132.27    149.76      1.00
   3.46553   1.22563   3.74679   -30.881   159.618   -47.690   -132.26    169.58      1.00
   3.30919   0.38076   4.59423   -20.558   148.926   -56.466   -132.25    159.42      1.00
   0.86741   0.65603   1.21938   -50.669   128.905   -81.842   -132.25    161.82      1.00
   0.79443   1.54536   2.52455   -20.065   143.594   -52.618   -132.25    155.58      1.00
   2.55867   1.13733   0.51316   -45.650   155.652   -32.959   -132.24    173.03      1.00
   1.23192   1.83844   0.96297   -40.512   156.597   -42.889   -132.23    170.29      1.00
   4.63438   1.30222   3.72949   -32.844   152.764   -27.020   -132.20    163.43      1.00
   3.47719   1.79462   4.46687   -51.725   171.788   -51.706   -132.19    187.29      1.00
   4.78315   2.58442   4.58858   -72.644   148.042   -52.368   -132.19    179.16      1.00
   5.91781   1.34343   5.74359   -64.125   113.728   -35.809   -132.18    140.50      1.00
   5.28407   0.53583   5.51481   -40.090   108.710   -35.329   -132.18    130.64      1.00
   0.34268   0.65631   3.73607   -16.940   142.169   -51.773   -132.18    159.91      1.00
   3.86663   2.00834   5.95863   -49.420   129.465   -73.647   -132.15    161.88      1.00
   5.46975   1.49385   4.57102   -39.233   131.147   -19.305   -132.15    148.14      1.00
   4.97069   1.60577   1.30521   -52.384   127.967   -18.476   -132.15    141.67      1.00
   0.21969   2.03257   4.40532   -25.281   152.187   -64.954   -132.15    174.23      1.00
   0.35593   1.62620   1.76386   -69.269   151.472   -50.960   -132.12    174.54      1.00
   1.78571   2.25764   2.14463   -72.497   150.159   -57.679   -132.08    178.88      1.00
   1.30816   1.56799   5.80509   -72.464   134.069   -54.986   -132.06    164.57      1.00
   0.58640   0.72877   1.93237   -64.378   160.921   -53.762   -132.04    185.05      1.00
   2.21661   1.42262   3.17972   -33.909   154.027   -51.722   -132.03    167.73      1.00
   1.55505   1.46955   2.98657   -35.182   137.391   -86.891   -132.02    167.61      1.00
   6.16437   1.81178   1.31949   -70.315   157.136   -50.609   -132.02    178.47      1.00
   5.65071   1.00216   1.12859   -44.468   119.487   -63.433   -132.01    142.00      1.00
   1.20884   1.69846   3.07809   -54.675   154.547   -39.685   -132.00    171.47      1.00
   4.85551   2.16006   4.29539   -69.943   146.687   -48.331   -131.99    177.86      1.00
   3.79884   1.83744   2.39729   -57.271   157.753   -39.402   -131.98    179.62      1.00
   0.63248   1.59860   2.63026   -19.790   141.959   -50.204   -131.98    153.22      1.00
  -0.18712   0.54755   3.60421   -48.533   140.637   -82.692   -131.97    178.45      1.00
   2.69186   1.34484   5.83052   -63.412   138.296   -41.605   -131.96    162.18      1.00
   2.66641   0.69558   4.68045   -71.871   151.398   -59.237   -131.96    176.52      1.00
   4.43776   1.48319   3.70786   -27.013   152.512   -61.144   -131.95    171.89      1.00
   5.92073   1.62754   5.81992   -51.659   120.079   -81.153   -131.94    158.29      1.00
  -0.06164   1.14159   1.87308   -44.816   159.302   -29.393   -131.93    167.88      1.00
   3.91876   1.47665   1.11964   -66.202   134.026   -35.327   -131.93    161.92      1.00
   4.14013   1.46753   5.97671   -50.803   150.181   -74.168   -131.91    182.18      1.00
   4.76531   0.90340   4.20879   -62.569   151.964   -46.767   -131.90    178.48      1.00
   5.14117   2.27244   0.36030   -71.907   148.682   -45.948   -131.88    172.77      1.00
   3.40655   0.91188   0.93554   -49.102   152.665   -68.719   -131.85    184.01      1.00
   4.13171   0.94724   4.17192   -71.416   148.099   -56.097   -131.85    178.24      1.00
   5.31241   2.19603   3.28455   -40.010   165.027   -52.633   -131.84    185.94      1.00
   5.47981   2.05746   1.41076   -50.084   118.015   -58.207   -131.84    142.38      1.00
   0.40099   0.70756   4.33206   -35.780   105.945   -53.971   -131.78    131.36      1.00
   1.58370   0.71858   5.74296   -66.741   157.553   -58.750   -131.77    179.60      1.00
   0.34211   2.29651   5.16511   -50.067   104.163   -48.346   -131.75    133.26      1.00
   4.18831   0.39466   1.64491   -36.592   157.903   -33.852   -131.74    168.63      1.00
   5.72464   2.32418   5.29963   -74.113   139.266   -48.892   -131.73    172.03      1.00
   2.93898   3.34012   3.58986   -78.434   135.884   -52.098   -131.73    166.41      1.00
   2.28558   1.53281   4.11668   -68.807   132.371   -77.977   -131.69    166.92      1.00
   4.40851   1.70027   2.02684   -24.003   156.564   -46.170   -131.69    170.03      1.00
   0.90060   0.85974   3.55247   -18.471   125.881   -58.275   -131.68    145.56      1.00
   2.89881   1.27359   1.71177   -62.477   149.510   -66.844   -131.65    183.95      1.00
   0.54404   0.29394   5.61268   -33.342   124.145   -54.144   -131.65    139.79      1.00
   3.68867   2.10848   5.65311   -49.131   171.373   -38.242   -131.64    184.21      1.00
   1.25805   1.75373   5.72696   -71.844   133.357   -53.531   -131.64    164.32      1.00
   4.52856   2.04731   4.05576   -69.409   151.557   -51.222   -131.63    181.75      1.00
   1.29519   2.84470   4.16717   -48.106   160.012   -34.760   -131.62    173.33      1.00
   0.52334   2.07465   2.47048   -50.927   130.081   -33.442   -131.61    145.13      1.00
   4.76996   1.97761   0.95140   -55.676   121.326   -63.697   -131.61    152.44      1.00
   2.84959   0.68980   4.84780   -22.407   151.058   -55.135   -131.61    160.33      1.00
   4.82574   1.51072   4.71205   -55.698   148.219   -70.517   -131.58    182.01      1.00
   2.78098   1.23249   1.31330   -66.492   122.733   -52.753   -131.58    159.16      1.00
   3.20046   1.33826   6.00765   -18.311   141.167   -48.259   -131.56    154.50      1.00
   1.64441   0.61075   5.18356   -39.187   116.717   -55.935   -131.56    133.09      1.00
   2.84078   1.52255   2.07909   -58.470   110.987   -70.186   -131.56    150.78      1.00
   0.26754   2.27313   2.13316   -20.754   142.867   -44.712   -131.55    149.73      1.00
   1.94826   0.97633   3.38663   -71.078   149.572   -63.963   -131.55    180.05      1.00
   4.60864   2.04096   5.00821   -60.945   162.038   -53.009   -131.54    186.46      1.00
   4.26288   0.77505   3.55227   -19.693   148.235   -56.734   -131.53    160.89      1.00
   3.74783   1.74126   2.58547   -75.746   145.972   -51.945   -131.52    179.08      1.00
   3.57192   2.45647   2.01440   -44.847   104.795   -44.953   -131.49    132.48      1.00
   3.41123   0.69694   2.31784   -46.460   104.763   -59.876   -131.49    133.53      1.00
   3.07542   2.31968   6.29261   -60.036   129.637   -66.668   -131.49    164.23      1.00
   4.34171   1.53176   3.69387   -27.129   152.894   -59.955   -131.47    171.60      1.00
   0.97717   0.57751   5.33408   -37.309   124.109   -40.683   -131.47    135.60      1.00
   0.28326   2.14104   1.50975   -48.481   125.665   -35.528   -131.47    138.78      1.00
   4.68551   1.60920   0.39917   -57.964   118.334   -60.146   -131.47    150.56      1.00
   4.80680   1.76328   2.74555   -55.651   127.733   -73.727   -131.44    165.19      1.00
   2.41953   1.34560   5.41594   -50.035   145.799   -88.056   -131.43    177.53      1.00
   5.42971   0.93562   1.38886   -69.066   158.558   -56.116   -131.40    181.61      1.00
   1.78907   1.75950   1.02829   -39.236   154.760   -41.656   -131.40    170.70      1.00
   4.51768   2.97431   0.49173   -27.560   165.920   -60.977   -131.36    178.47      1.00
   3.66321   1.11780   3.80957   -72.474   148.824   -47.756   -131.36    173.66      1.00
   1.26197   1.73887   1.99154   -67.892   154.112   -64.115   -131.33    182.37      1.00
   5.40796   2.93983   5.08999   -52.873   149.409   -78.733   -131.31    182.74      1.00
   0.06810   2.13661   5.75591   -72.899   147.092   -53.275   -131.29    177.99      1.00
   5.87263   1.31606   1.18700   -73.385   144.694   -46.710   -131.29    168.08      1.00
   4.08636   2.59629   0.09488   -18.283   138.129   -45.303   -131.28    147.36      1.00
   3.26791   2.23575   5.44716   -21.154   153.604   -70.955   -131.25    170.80      1.00
   1.33281   1.30803   2.11327   -65.497   144.643   -58.326   -131.24    173.66      1.00
   4.51513   1.76684   4.60003   -26.785   130.292   -55.661   -131.23    150.88      1.00
   2.24202   1.24763   6.31447   -60.892   153.400   -47.438   -131.19    176.37      1.00
   5.22487   2.17021   3.87189   -21.410   122.432   -59.381   -131.17    147.01      1.00
   5.56499   1.73718   2.78187   -26.018   154.088   -36.364   -131.16    164.30      1.00
   1.22982   1.39866   5.95551   -73.304   138.170   -54.230   -131.14    167.18      1.00
   5.45779   1.95711   1.55836   -67.488   145.410   -43.110   -131.14    167.58      1.00
   5.19437   0.24422   1.05501   -51.569   155.780   -27.810   -131.14    166.75      1.00
   2.25063   1.15668   5.44116   -43.813   153.202   -86.333   -131.13    180.17      1.00
   3.41200   1.87174  -0.07350   -18.613   140.615   -44.676   -131.13    152.82      1.00
   4.90300   1.17924   4.99943   -17.766   139.013   -47.715   -131.11    156.41      1.00
   5.99933   2.69606   3.87921   -56.905   108.083   -49.230   -131.10    141.64      1.00
   2.07139   1.58353   1.18758   -70.253   144.124   -65.113   -131.10    180.09      1.00
   5.74049   0.28579   4.44971   -48.301   158.213   -47.459   -131.08    181.90      1.00
   1.52426   0.84246   2.01143   -57.492   155.947   -67.397   -131.08    185.78      1.00
   5.87193   1.47510  -0.11594   -68.521   117.561   -33.903   -131.06    143.08      1.00
   4.19240   1.73215  -0.08390   -19.470   139.643   -40.576   -131.03    151.26      1.00
   5.72022   1.43431   5.15827   -34.131   154.118   -59.510   -131.01    176.97      1.00
   2.44822   1.99681   1.17570   -71.604   139.461   -63.015   -130.97    177.65      1.00
   2.13797   1.63188   1.35728   -69.566   145.405   -65.969   -130.96    181.32      1.00
   1.92046   0.54016   3.58722   -72.463   126.409   -74.532   -130.93    166.11      1.00
   2.92627   0.69307   4.76114   -22.556   151.207   -54.949   -130.91    160.49      1.00
   5.12306   1.12868   0.82830   -53.159   126.732   -75.244   -130.88    159.71      1.00
   2.97676   2.37156   0.94493   -69.926   130.964   -62.649   -130.87    171.06      1.00
   4.88236   1.49511   0.33785   -60.259   118.279   -61.897   -130.85    151.72      1.00
   5.79518   1.66085   1.91602   -65.075   147.464   -71.259   -130.84    177.58      1.00
   5.46599   1.08166   5.83027   -69.276   151.695   -49.928   -130.79    180.52      1.00
   2.43265   1.56304   0.92985   -42.542   137.980   -89.555   -130.78    176.78      1.00
   2.86833   1.37336   2.71136   -66.462   120.321   -72.883   -130.78    159.44      1.00
   4.68833   0.70343   3.14452   -69.103   160.570   -58.956   -130.77    186.90      1.00
   3.26332   0.61213   5.03863   -61.251   126.833   -62.473   -130.77    157.33      1.00
   5.79510   1.61264   4.91241   -42.112   158.569   -59.549   -130.74    183.41      1.00
   2.74720   0.24798   5.59511   -35.150   124.642   -75.826   -130.73    151.71      1.00
   2.11867   1.57199   4.55482   -36.143   163.909   -44.350   -130.72    171.93      1.00
   1.41144   0.66892   5.69713   -44.545   119.414   -45.196   -130.71    133.51      1.00
   5.71167   0.43891   3.99726   -47.653   139.292   -81.891   -130.70    177.26      1.00
   3.62436   1.78223   0.63154   -45.144   149.889   -75.498   -130.70    181.81      1.00
   2.97408   1.40070   4.70921   -24.167   151.701   -50.929   -130.70    160.17      1.00
  -0.08580   0.48039   5.04427   -71.006   148.026   -55.475   -130.69    180.43      1.00
   1.39347   1.88424   2.20336   -48.259   148.228   -87.714   -130.66    179.57      1.00
   4.05045   1.53296   1.09034   -66.960   136.491   -38.539   -130.62    164.63      1.00
   3.51032   1.26776   0.46773   -45.187   156.653   -67.218   -130.60    185.11      1.00
   5.65722   2.03306   2.67823   -62.276   144.317   -41.031   -130.59    168.32      1.00
   4.36136   0.41358   5.38292   -56.015   121.810   -27.971   -130.58    147.32      1.00
   4.13875   1.16546   2.53847   -70.312   120.864   -36.267   -130.55    148.22      1.00
   4.42214   1.19764   5.20840   -16.927   141.314   -50.082   -130.54    157.66      1.00
   3.61811   2.03841   5.24704   -41.909   162.930   -74.792   -130.54    185.79      1.00
   3.03544   2.38214   1.01756   -45.416   142.714   -82.465   -130.52    179.66      1.00
   5.49331   1.19499   5.75756   -52.429   119.569   -78.259   -130.52    158.89      1.00
   4.55645   1.95931   4.16487   -50.902   145.577   -75.389   -130.51    179.26      1.00
   1.83512   1.01390   5.35734   -44.658   120.420   -43.045   -130.51    134.48      1.00
   5.81159   1.51019   5.06318   -34.773   154.468   -58.528   -130.48    177.21      1.00
   3.18696   0.65840   0.83504   -57.221   118.907   -74.589   -130.46    161.59      1.00
   0.70359   0.55353   3.06826   -19.351   134.038   -71.856   -130.43    159.77      1.00
   2.74763   1.51151   2.53016   -71.638   119.234   -65.548   -130.42    158.50      1.00
   0.61803   1.66029   3.44664   -40.833   164.113   -63.326   -130.40    184.52      1.00
   2.10334   2.14955   0.88336   -73.816   138.905   -56.864   -130.40    175.22      1.00
   5.48515   1.19413   5.77072   -52.519   119.620   -78.152   -130.39    158.88      1.00
   4.22960   1.19662   4.44604   -67.493   142.892   -43.541   -130.39    169.77      1.00
   1.02447   0.53119   3.11444   -19.474   125.287   -61.706   -130.38    147.98      1.00
   2.60821   2.79502   5.67941   -22.540   129.178   -72.841   -130.38    152.49      1.00
   3.89246   2.14948   1.82623   -59.659   152.284   -48.207   -130.32    179.48      1.00
   3.96290   0.50967   4.75084   -37.354   172.494   -56.872   -130.30    188.98      1.00
   2.16428   2.37067   0.24352   -21.193   136.244   -40.367   -130.29    150.46      1.00
   2.38197   1.42597   4.76544   -26.087   153.090   -48.250   -130.28    160.24      1.00
   1.93803   1.79808   5.48057   -23.907   146.306   -41.989   -130.28    155.08      1.00
   0.42699   1.45288   5.38847   -74.110   129.581   -48.415   -130.28    161.40      1.00
   2.20005   0.41448   2.15358   -52.341   158.519   -41.162   -130.23    180.89      1.00
   4.55469   1.61770   3.10842   -68.998   123.364   -36.129   -130.22    152.86      1.00
   4.46850   0.81994   2.39823   -43.820   161.343   -68.889   -130.21    182.21      1.00
   2.87556   2.45333   5.22077   -72.629   141.477   -42.136   -130.21    166.61      1.00
   3.75013   2.65526   1.38048   -23.892   157.179   -49.304   -130.21    173.67      1.00
   0.10181   0.28451   5.04601   -71.470   150.600   -54.986   -130.20    181.58      1.00
   0.22557   2.49105   4.46611   -63.352   144.416   -61.901   -130.20    178.14      1.00
   2.00134   1.54109   3.51421   -74.747   144.929   -62.305   -130.19    175.00      1.00
   4.88872   1.23922   5.78547   -74.506   139.413   -61.114   -130.16    177.60      1.00
   6.23131   2.31884   2.55647   -38.705   166.501   -38.501   -130.15    176.52      1.00
   5.02975   1.01630   1.56656   -68.452   157.120   -52.785   -130.13    180.58      1.00
   1.59311   2.32479   5.28942   -21.117   122.027   -67.558   -130.13    143.76      1.00
   4.40531   2.59909   3.71281   -39.880   158.203   -51.529   -130.12    178.91      1.00
   1.54687   0.83751   3.44100   -73.153   132.706   -61.722   -130.11    168.01      1.00
   2.48873   2.16636   4.99539   -55.409   120.302   -52.682   -130.10    143.80      1.00
   0.65863   1.50630   1.43675   -56.133   162.122   -78.224   -130.08    188.00      1.00
   5.90979   0.66739   1.12247   -71.846   154.921   -59.050   -130.08    179.35      1.00
  -0.38725   2.09225   1.15633   -40.963   166.741   -38.790   -130.07    174.57      1.00
   4.34780   3.22471   4.42971   -75.812   142.117   -45.126   -130.07    170.74      1.00
   2.78818   2.09537   5.03283   -25.233   164.543   -57.990   -130.04    174.99      1.00
   0.40545   1.70494   1.64524   -70.306   150.334   -50.716   -130.03    173.61      1.00
   1.76936   2.26668   2.82343   -73.150   129.006   -45.378   -130.02    155.83      1.00
   2.92697   2.58340   4.88051   -66.230   156.586   -57.206   -130.02    179.49      1.00
   0.60913   2.05522   2.71381   -49.646   128.592   -34.569   -130.01    144.24      1.00
   3.29023   1.63898   0.14730   -50.226   120.594   -29.569   -130.00    142.04      1.00
   5.64289   1.78080   2.66959   -29.093   158.682   -73.642   -130.00    180.79      1.00
   5.14215   1.36035   5.86543   -53.016   134.875   -18.423   -129.99    152.30      1.00
   3.42680   2.50122   2.29166   -50.894   159.852   -60.347   -129.98    187.03      1.00
   1.34664   0.52946   1.34236   -60.142   134.179   -75.840   -129.97    170.27      1.00
   5.24724   1.60844   4.83800   -34.111   150.880   -65.907   -129.95    177.09      1.00
   5.48639   1.04793   5.88881   -50.613   116.451   -74.558   -129.95    153.52      1.00
   0.41106   1.74075   1.05605   -34.593   168.188   -62.169   -129.94    181.25      1.00
   4.78913   0.60747   3.19514   -19.572   129.148   -57.974   -129.93    144.14      1.00
   5.34298   2.08261   1.38426   -58.574   164.524   -69.482   -129.93    189.28      1.00
   4.02784   0.71313   2.66224   -37.882   140.463   -24.563   -129.93    147.95      1.00
   0.27417   2.15275   1.50325   -48.460   125.590   -35.473   -129.92    138.68      1.00
   3.82702   1.04306   5.09147   -32.873   114.524   -39.551   -129.92    130.82      1.00
   1.98780   1.56412   0.24342   -60.263   135.462   -39.296   -129.91    159.27      1.00
   4.40469   1.49312   5.50223   -33.959   161.071   -34.476   -129.91    173.83      1.00
   2.05251   0.82957   5.09695   -57.616   122.695   -37.948   -129.90    139.61      1.00
   4.16208   1.31104   2.11268   -74.459   144.044   -51.959   -129.90    175.61      1.00
   3.78253   1.28453   0.91118   -42.510   151.490   -72.851   -129.87    182.05      1.00
   0.61489   1.94880   2.82896   -49.782   128.123   -34.319   -129.87    144.59      1.00
   2.18800   1.31590   2.44425   -64.993   152.042   -69.082   -129.84    184.19      1.00
  -0.10331   0.71565   1.28648   -76.681   139.240   -48.958   -129.84    165.66      1.00
   0.27041   0.27226   5.87411   -33.067   124.580   -54.064   -129.83    140.24      1.00
   4.57732   1.67887   3.11354   -68.693   122.709   -35.960   -129.82    152.48      1.00
   4.43049   1.26478   2.05157   -62.713   152.643   -66.546   -129.79    182.43      1.00
   2.46182   1.66386   5.67444   -28.366   156.963   -37.768   -129.78    165.18      1.00
   5.82313   1.97137   0.65517   -74.551   147.610   -55.126   -129.75    174.32      1.00
   4.55674   1.10315   5.17575   -16.701   140.023   -50.016   -129.74    157.10      1.00
   2.27738   1.42472  -0.08003   -60.941   151.527   -47.537   -129.74    174.80      1.00
   1.52773   0.66316   2.56139   -20.453   127.791   -61.793   -129.73    149.87      1.00
  -0.13464   0.72819   1.74504   -55.962   157.716   -27.752   -129.72    169.40      1.00
   5.73968   2.02603   2.37256   -60.032   153.758   -46.366   -129.72    175.03      1.00
   1.14189   1.93028   4.92286   -27.111   158.833   -70.331   -129.72    178.19      1.00
   1.11274   0.18297   5.58980   -73.192   149.416   -47.592   -129.68    171.62      1.00
   0.51955   1.98159   5.08891   -26.340   130.570   -48.843   -129.66    148.00      1.00
   1.92901   1.00492   3.32685   -71.473   148.883   -63.959   -129.65    179.86      1.00
   6.09106   0.61968   1.24464   -44.961   117.750   -53.179   -129.64    135.37      1.00
   3.86008   2.12695   2.58524   -50.199   159.509   -52.256   -129.63    183.23      1.00
   3.14335   1.41636   5.94203   -17.942   143.107   -48.851   -129.63    155.75      1.00
   0.78567   1.86322   1.32010   -73.417   152.094   -57.947   -129.61    179.12      1.00
   5.34567   0.99159   4.60565   -44.979   108.747   -68.432   -129.58    146.60      1.00
   5.31605   1.61615   3.81752   -42.815   138.853   -17.467   -129.58    155.24      1.00
   3.57473   0.68804   3.49904   -74.625   143.020   -49.583   -129.55    168.77      1.00
   1.29336   1.32615   3.78886   -72.623   134.615   -66.222   -129.54    169.60      1.00
   5.91214   1.44568   3.19608   -63.697   140.060   -67.943   -129.53    175.72      1.00
   3.17559   0.64743   0.81862   -56.786   118.954   -74.583   -129.53    161.45      1.00
   4.85653   1.70370   5.88440   -53.896   165.491   -42.994   -129.48    184.34      1.00
   0.75327   1.94709   1.56759   -56.940   170.843   -48.957   -129.47    186.71      1.00
   3.55998   1.57366   1.86105   -72.403   140.607   -55.523   -129.46    176.01      1.00
   0.05084   3.25908   5.38317   -46.488   138.527   -26.451   -129.44    157.27      1.00
   1.74159   1.72404  -0.17534   -48.304   120.566   -38.228   -129.44    139.76      1.00
   0.71994   1.13381   4.88041   -44.334   103.909   -61.237   -129.44    131.56      1.00
   3.37691   2.78088   1.54537   -55.986   106.477   -61.063   -129.42    144.98      1.00
   3.10995   1.87113   6.20208   -61.063   132.466   -67.028   -129.42    167.25      1.00
   3.06368   1.56910   0.74068   -63.363   127.306   -59.163   -129.41    164.01      1.00
   1.53677   0.28961   0.32213   -60.615   124.466   -57.593   -129.41    151.65      1.00
   2.42133   2.26207   6.12483   -42.273   121.843   -85.673   -129.40    159.86      1.00
   2.93475   2.20407   4.75532   -51.179   160.789   -76.846   -129.40    184.73      1.00
   1.85831   1.65899   3.58658   -73.021   146.909   -64.919   -129.40    176.70      1.00
   4.70327   2.00847   0.87914   -54.534   120.680   -63.997   -129.39    151.82      1.00
   3.56823   0.85903  -0.03619   -17.043   139.769   -56.882   -129.39    159.29      1.00
   4.55781   0.55687   1.81047   -73.525   150.862   -55.808   -129.38    178.09      1.00
   3.24171   1.46849   5.85577   -18.666   144.773   -46.095   -129.36    156.32      1.00
   5.51848   0.93868   3.63931   -33.360   143.810   -78.743   -129.34    174.42      1.00
   0.70493   0.54127   1.36003   -49.322   131.021   -82.021   -129.34    163.28      1.00
   5.47346   1.15822   5.81061   -52.887   120.271   -78.269   -129.33    159.49      1.00
   2.20288   1.30834   3.01267   -34.611   153.886   -52.406   -129.32    169.05      1.00
   0.54446   1.98475   5.70443   -39.629   134.654   -34.888   -129.31    150.22      1.00
   2.03203   0.66768   0.15210   -48.565   156.775   -83.962   -129.28    186.15      1.00
   4.69858   2.02607   0.88787   -54.456   120.751   -63.886   -129.28    151.81      1.00
   0.00707   1.41930   3.92148   -28.203   113.149   -42.392   -129.28    132.58      1.00
   5.25801   0.67141   4.43382   -44.019   106.563   -63.014   -129.25    141.61      1.00
   3.39722   1.45168   1.48639   -69.177   136.836   -57.195   -129.25    173.08      1.00
   3.80449   1.02999   2.48451   -75.681   145.595   -56.232   -129.24    177.06      1.00
   1.76057   1.32936   1.48259   -33.795   153.350   -42.527   -129.23    168.25      1.00
   5.65802   0.77661   4.87614   -52.340   156.363   -45.918   -129.22    180.95      1.00
   6.12805   2.13342   3.94711   -33.967   108.616   -42.194   -129.19    130.37      1.00
   5.07038   0.77713   3.42719   -58.902   123.764   -33.734   -129.19    147.20      1.00
   5.56141   1.27360   5.62442   -50.506   118.771   -78.601   -129.16    158.04      1.00
   1.09657   1.63884   1.45684   -29.423   148.516   -44.143   -129.16    159.23      1.00
   4.70247   2.03436   0.91110   -54.580   120.930   -64.127   -129.15    152.11      1.00
   5.80941   1.48261   5.08746   -35.019   154.356   -58.543   -129.14    177.10      1.00
   1.17816   2.80352   4.57838   -19.419   128.145   -66.794   -129.12    149.17      1.00
   0.47278   2.21253   3.74583   -53.767   136.519   -30.936   -129.11    156.29      1.00
   1.21988   2.57822   5.35153   -21.833   126.180   -73.363   -129.11    152.70      1.00
   4.04457   0.75446   2.27578   -38.022   136.556   -75.090   -129.10    163.15      1.00
   0.14638   0.21091   2.68323   -41.385   166.446   -37.681   -129.09    181.18      1.00
   1.28543   2.83113   4.69549   -19.186   128.139   -66.345   -129.08    149.00      1.00
   3.82209   1.49301   4.95207   -58.603   140.202   -74.739   -129.05    174.00      1.00
   0.42113   1.51114   1.00084   -77.349   138.440   -45.661   -129.04    164.84      1.00
   0.40701   2.21923   4.66485   -54.574   107.213   -56.483   -129.04    140.87      1.00
   5.46254   2.19436   5.47212   -30.138   133.764   -48.624   -129.03    151.48      1.00
   1.28163   2.00940   0.26476   -74.536   144.646   -53.488   -129.00    176.08      1.00
   1.00226   2.81004   4.13477   -20.820   130.065   -69.103   -129.00    151.04      1.00
   5.28425   0.95288   4.58174   -44.374   108.061   -67.099   -128.96    145.19      1.00
   1.09801   2.27953   1.13208   -63.378   166.553   -53.938   -128.96    188.69      1.00
   3.53881   0.72858   2.39298   -49.414   105.582   -58.656   -128.95    134.06      1.00
   3.88559   1.72462   5.67487   -28.609   164.881   -63.245   -128.94    182.65      1.00
   5.02427   1.03537   0.95481   -30.007   136.441   -65.890   -128.91    157.23      1.00
   0.46018   1.45370   5.39629   -74.035   130.034   -49.049   -128.91    161.78      1.00
   4.87778   1.19328   5.00553   -17.877   139.269   -47.611   -128.90    156.54      1.00
   2.22251   2.36537   0.30427   -21.283   135.881   -39.825   -128.89    150.14      1.00
   0.85214   0.22829   3.71653   -50.671   141.278   -82.670   -128.87    178.98      1.00
   4.48096   2.13074   4.97509   -61.189   163.168   -54.543   -128.87    187.23      1.00
   3.88702   0.86515   2.03500   -62.760   115.599   -33.928   -128.85    140.00      1.00
   0.36808   1.20538   3.24002   -17.762   146.921   -51.874   -128.75    161.76      1.00
   3.18974   2.41555   6.13867   -55.253   122.190   -40.265   -128.75    145.62      1.00
   1.14645   1.25143   5.25509   -27.958   130.233   -60.840   -128.74    146.59      1.00
   3.63663   2.59091   4.85954   -50.436   170.774   -44.956   -128.72    183.56      1.00
   4.88304   1.77113   4.31424   -68.949   147.264   -48.440   -128.71    178.43      1.00
   2.11182   1.14117   2.10164   -64.167   148.339   -70.157   -128.71    182.75      1.00
   1.54188   2.13567   0.62017   -76.388   140.885   -50.889   -128.70    174.14      1.00
   0.16391   1.49379   5.42362   -43.711   133.557   -87.757   -128.70    169.88      1.00
   4.81228   2.17709   0.06424   -71.382   150.118   -45.696   -128.67    174.92      1.00
   6.14026   1.58373   4.59133   -66.708   138.512   -56.348   -128.66    173.12      1.00
   0.24528   2.50626   4.08039   -51.689   106.371   -49.252   -128.66    136.55      1.00
   4.51280   1.81825   0.71506   -39.493   135.469   -76.344   -128.65    165.73      1.00
  -0.01806   0.99758   1.10687   -58.121   132.502   -79.629   -128.64    163.65      1.00
   1.43479   1.82566   2.22151   -47.265   146.951   -87.937   -128.62    178.62      1.00
   3.17534   2.24676   4.98572   -38.374   125.856   -36.357   -128.62    136.65      1.00
   4.34630   2.38551   4.80821   -28.776   138.768   -56.466   -128.61    156.52      1.00
   4.75989   0.65071   1.91276   -75.192   146.048   -54.772   -128.60    173.95      1.00
   4.49298   2.13614   4.97947   -61.243   163.068   -54.594   -128.58    187.20      1.00
   1.87480   0.67046   1.24955   -30.264   166.860   -65.157   -128.57    187.02      1.00
   6.27085   1.19962   0.42676   -72.556   155.002   -59.510   -128.55    180.46      1.00
   3.22845   0.42598   4.68136   -20.509   148.666   -56.443   -128.54    159.15      1.00
   3.85041   1.82249   3.66718   -31.638   154.550   -48.303   -128.52    168.83      1.00
   2.39063   2.91649   4.00801   -39.172   123.581   -40.564   -128.49    135.11      1.00
   3.34244   2.08748   5.16109   -36.282   123.709   -36.903   -128.43    135.07      1.00
   1.40867   2.78878   2.72499   -72.707   138.555   -43.054   -128.43    161.97      1.00
   0.98081   2.31966   0.26133   -45.183   162.770   -57.181   -128.42    183.09      1.00
  -0.27068   0.57281   5.05895   -60.931   106.021   -54.954   -128.40    142.03      1.00
   2.10495   2.04140   5.40736   -34.172   125.475   -34.995   -128.40    137.08      1.00
   0.67103   0.46102   3.32132   -17.837   146.754   -52.881   -128.39    164.64      1.00
   2.37455   0.97108   5.70329   -61.389   132.394   -40.299   -128.38    153.56      1.00
   1.51879   2.07202   4.88433   -33.320   166.690   -57.015   -128.32    180.92      1.00
   3.13879   0.71807   2.93142   -74.062   150.762   -50.426   -128.30    177.13      1.00
   4.77414   1.22043   1.52092   -49.348   129.555   -73.976   -128.29    160.86      1.00
   1.43829   1.94823   2.96429   -48.331   142.395   -32.465   -128.28    155.36      1.00
   4.81838   0.84936   4.97724   -28.368   128.068   -73.508   -128.28    159.50      1.00
   0.06239   0.90725   0.89699   -70.942   145.014   -30.640   -128.28    163.04      1.00
   3.44455   1.42644   5.99053   -20.397   144.925   -40.714   -128.28    156.48      1.00
   3.85434   1.96019   4.10421   -31.205   153.921   -41.940   -128.27    165.54      1.00
  -0.13750   0.70356   1.74603   -56.235   157.702   -27.853   -128.25    169.51      1.00
   0.01300   0.16166   2.58344   -56.594   138.523   -76.893   -128.23    173.60      1.00
   1.53788   1.58690   1.71340   -38.178   158.690   -81.468   -128.23    185.09      1.00
   3.21408   0.91842   4.99311   -51.929   160.590   -82.516   -128.23    189.25      1.00
   2.95553   1.70928   5.28556   -67.291   138.012   -40.728   -128.22    161.20      1.00
   1.55713   3.04313   3.24388   -39.440   122.966   -39.177   -128.21    134.33      1.00
   1.08533   2.00069   5.37422   -21.506   143.023   -57.963   -128.21    159.33      1.00
   3.85860   1.35350   4.34226   -24.505   141.658   -42.448   -128.20    152.05      1.00
   0.34332   0.64136   1.43863   -50.098   131.781   -81.882   -128.20    162.89      1.00
   2.82960   1.80173   4.60172   -33.689   122.799   -49.937   -128.17    135.64      1.00
   1.34675   0.63746   3.70806   -46.309   148.292   -83.785   -128.17    180.70      1.00
   5.29003   0.43402   3.77779   -34.166   120.576   -75.580   -128.16    152.91      1.00
  -0.01196   1.57342   4.13352   -33.205   116.124   -29.441   -128.16    133.63      1.00
   3.85144   1.26014   5.26871   -57.747   140.618   -74.022   -128.16    175.29      1.00
   0.53910   1.45795   5.29318   -28.651   130.728   -49.764   -128.15    146.78      1.00
   2.87262   2.42261   5.26341   -72.199   142.018   -41.785   -128.14    166.96      1.00
   1.74646   1.29645   1.47011   -33.829   153.606   -41.972   -128.13    168.34      1.00
   3.39724   1.62964   5.80860   -19.333   154.134   -65.203   -128.12    171.56      1.00
   1.77644   0.50998   1.32108   -29.422   167.094   -63.004   -128.12    186.33      1.00
   3.04932   1.39334   2.58430   -55.976   159.795   -45.493   -128.09    180.32      1.00
   0.86485   2.59555   0.92775   -69.575   159.247   -52.076   -128.08    184.14      1.00
   4.88506   1.68292   2.30728   -53.330   130.581   -73.437   -128.07    164.89      1.00
   2.48357   2.33791   0.73711   -49.184   148.405   -81.378   -128.06    184.17      1.00
   5.02864   0.52937   0.58151   -69.280   115.012   -40.981   -128.06    144.25      1.00
   5.67070   1.72402   1.62609   -69.474   142.241   -38.695   -128.05    163.79      1.00
   3.05685   2.36507   4.04416   -37.149   123.401   -64.674   -128.05    144.45      1.00
   0.49867   1.87098   5.21094   -49.538   103.641   -48.360   -128.04    130.73      1.00
   5.24242   1.02402   1.26911   -72.557   148.434   -51.048   -128.03    173.73      1.00
   0.78493   1.18755   1.50698   -37.693   169.694   -52.491   -128.03    181.99      1.00
   2.08280   2.09227   3.07385   -50.397   151.952   -33.156   -128.02    164.34      1.00
   5.81581   0.22878   5.54075   -71.884   149.195   -52.445   -128.01    180.36      1.00
   4.07934   1.06417   0.49909   -69.499   127.376   -40.028   -128.01    159.52      1.00
   4.17422   1.63214   1.81785   -62.252   141.303   -71.575   -128.00    177.55      1.00
   4.97117   0.97055   1.60698   -68.562   157.550   -53.083   -127.99    181.16      1.00
   0.65907   2.58431   5.43949   -54.831   107.320   -65.939   -127.99    145.05      1.00
   1.51773   2.42391   1.00287   -41.936   156.624   -47.313   -127.99    174.31      1.00
   2.31634   1.86902   0.08410   -29.759   163.404   -48.919   -127.99    178.01      1.00
   1.18735   2.61913   5.73026   -56.203   109.702   -67.958   -127.97    148.28      1.00
   5.88025   1.94686   1.76259   -67.031   143.590   -39.078   -127.94    164.04      1.00
   2.36748   0.99282   5.66862   -61.779   132.425   -40.383   -127.93    153.61      1.00
   0.72083   1.70785   3.32446   -42.604   165.665   -63.466   -127.92    185.58      1.00
   2.66115   2.91623   4.95025   -48.811   123.446   -36.434   -127.92    138.92      1.00
   4.55820   1.34348   3.74144   -34.376   153.923   -26.779   -127.91    164.69      1.00
   3.27617   2.06775   0.01063   -59.480   128.411   -65.496   -127.90    162.71      1.00
   3.64429   1.95555   5.71258   -46.718   170.600   -36.482   -127.88    183.13      1.00
   3.15179   3.01330   2.42391   -73.991   149.282   -51.376   -127.86    181.98      1.00
   1.64648   0.08090   1.53220   -61.910   146.975   -54.776   -127.86    177.13      1.00
   5.38447   1.05759   6.05838   -54.493   122.313   -78.028   -127.84    160.90      1.00
   2.17881   1.94254   3.99127   -50.754   153.706   -85.296   -127.81    181.15      1.00
   0.08736   0.15198   0.56783   -74.515   148.108   -51.304   -127.80    172.02      1.00
   5.04228   1.05674   0.91857   -30.322   136.644   -66.293   -127.80    157.67      1.00
   6.52038   1.88543   0.39061   -76.030   144.328   -52.214   -127.79    172.07      1.00
   2.78933   1.47453   2.18179   -62.174   154.507   -42.297   -127.75    178.93      1.00
   0.14504   1.76295   5.14760   -58.889   111.003   -36.518   -127.74    138.36      1.00
   0.27487   0.59140   3.46778   -19.685   150.330   -45.807   -127.72    165.99      1.00
   5.87824   0.79746   4.62168   -72.593   143.114   -62.622   -127.72    182.24      1.00
   2.52399   0.79076   0.84209   -25.362   124.698   -75.607   -127.71    154.83      1.00
   1.89398   0.97662   1.90157   -62.914   147.639   -66.940   -127.71    180.97      1.00
   5.14565   0.91523   2.93959   -20.495   132.773   -56.105   -127.70    148.00      1.00
   1.88937   1.83869   1.02554   -33.814   108.402   -48.938   -127.67    129.62      1.00
   4.26594   0.66090   0.54843   -74.061   148.612   -53.948   -127.67    182.95      1.00
   4.20219   0.90783   3.67488   -74.466   143.521   -54.349   -127.66    174.02      1.00
   0.68833   0.41855   2.02580   -22.144   158.832   -64.723   -127.65    175.92      1.00
   5.10802   0.93141   0.81522   -29.619   137.059   -64.429   -127.64    157.06      1.00
   5.81970   1.50310   2.56128   -28.740   124.281   -72.372   -127.64    149.54      1.00
   1.82906   0.99902   5.22521   -42.041   157.566   -85.257   -127.63    181.67      1.00
   0.44548   1.85940   0.95810   -32.643   155.038   -47.097   -127.61    164.70      1.00
   2.15142   2.92473   3.75495   -38.825   123.915   -40.497   -127.58    135.24      1.00
  -0.05580   2.30220   0.19627   -56.872   167.086   -50.190   -127.58    185.47      1.00
   1.34512   2.19191   0.55276   -76.441   141.590   -47.774   -127.57    173.33      1.00
   4.00626   0.03503   6.18837   -58.220   114.935   -69.979   -127.56    156.64      1.00
   5.74839   2.06504   1.83779   -65.249   150.738   -46.724   -127.54    172.15      1.00
   1.32484   0.78944   3.95288   -74.171   135.126   -59.559   -127.53    168.89      1.00
   4.92776   2.95567   5.28339   -58.584   110.722   -43.380   -127.53    135.54      1.00
   4.25157   2.06629   4.15103   -73.121   142.509   -48.877   -127.52    173.24      1.00
   1.35522   1.07755   2.82744   -51.094   160.894   -66.806   -127.49    186.47      1.00
   5.47191   1.94221   1.62584   -67.596   145.144   -43.243   -127.49    167.57      1.00
   4.66996   2.70654   0.35070   -23.600   142.657   -31.422   -127.48    147.59      1.00
   0.15607   1.43557   3.03501   -21.480   151.440   -43.073   -127.47    162.86      1.00
   4.95776   2.17210   0.47816   -42.771   161.933   -29.869   -127.46    171.01      1.00
   1.15155   0.32734   2.09871   -58.204   150.448   -55.689   -127.45    178.53      1.00
   5.01624   1.81635  -0.27744   -33.314   156.549   -64.309   -127.43    177.01      1.00
   2.53858   0.66852   2.19625   -33.960   154.008   -56.728   -127.43    174.96      1.00
   0.24691   1.79546   2.24620   -64.148   148.426   -43.213   -127.41    169.02      1.00
   3.70381   0.96282   1.30853   -41.117   106.507   -41.810   -127.41    130.03      1.00
   4.78948   2.09846   4.40169   -26.338   140.507   -49.183   -127.37    158.79      1.00
   4.12279   1.41955   3.61237   -28.724   155.556   -57.541   -127.34    172.03      1.00
   5.80728   1.02114   0.18268   -50.692   124.175   -78.134   -127.34    156.93      1.00
   4.33506   2.02598   2.95878   -45.054   162.967   -50.985   -127.31    184.12      1.00
   4.98909   2.16108   4.26790   -24.179   140.461   -50.703   -127.29    159.80      1.00
   2.32720   2.18135   5.78970   -56.910   125.938   -38.372   -127.26    148.95      1.00
   5.08024   2.50785   6.26190   -73.709   150.344   -52.120   -127.25    176.60      1.00
   4.73100   2.35839   2.41391   -54.834   158.206   -59.355   -127.25    185.70      1.00
   1.40964   0.46259   5.84072   -47.436   120.435   -44.618   -127.24    135.10      1.00
   5.94002   1.89536   3.13599   -59.579   142.658   -39.406   -127.23    166.82      1.00
   1.65674   1.57700   4.84069   -23.084   138.978   -59.516   -127.23    152.09      1.00
   5.12242   2.66962   2.82114   -36.305   159.871   -39.294   -127.22    176.28      1.00
   0.87526   2.07763   4.51283   -63.979   123.239   -48.365   -127.22    153.12      1.00
  -0.00592   1.50998   2.03991   -23.441   148.503   -41.905   -127.22    155.38      1.00
   0.51807   1.43793   0.18958   -38.669   127.589   -82.332   -127.21    155.93      1.00
   1.61016   1.31885   2.82644   -27.942   140.052   -83.367   -127.21    167.68      1.00
   4.96787   2.64091   4.84784   -74.883   142.951   -55.504   -127.20    176.33      1.00
   1.07768   1.97857   5.83681   -52.552   138.272   -31.244   -127.20    156.61      1.00
   4.70091   0.39527   0.69982   -69.268   153.823   -51.980   -127.20    181.73      1.00
   3.09489   2.77199   5.31889   -44.062   126.856   -78.478   -127.19    156.52      1.00
   3.53724   1.80615   5.18391   -36.836   120.792   -35.491   -127.18    133.43      1.00
   3.80850   1.49983   4.42830   -25.246   141.099   -41.592   -127.12    151.33      1.00
   3.49266   0.35622   5.00390   -60.001   165.632   -68.657   -127.12    192.32      1.00
   5.71352   1.79871   2.72936   -28.756   157.555   -75.018   -127.09    180.40      1.00
   0.45133   2.73903   4.45343   -21.720   118.644   -43.040   -127.09    135.13      1.00
   5.48603   1.10281   5.76455   -69.351   150.838   -50.541   -127.06    180.21      1.00
  -0.08609   1.72767   0.99438   -73.385   153.773   -50.659   -127.06    176.75      1.00
   2.09560   1.61907   2.37742   -68.194   144.800   -41.161   -127.06    170.23      1.00
   1.08714   1.60725   0.62833   -75.878   146.621   -52.460   -127.05    175.50      1.00
   4.90140   1.13484   5.52165   -74.029   134.775   -59.036   -127.04    173.91      1.00
   5.32787   0.79976   1.63076   -76.178   142.951   -52.695   -126.99    170.48      1.00
   5.27788   3.00145   5.20727   -35.431   152.753   -48.170   -126.94    168.87      1.00
   0.56984   1.41246   0.42194   -36.114   151.771   -39.405   -126.94    160.69      1.00
   3.15282   2.23613   4.95475   -37.917   126.197   -36.701   -126.91    136.83      1.00
   3.76752   1.44671   0.00270   -19.271   132.073   -44.785   -126.89    147.13      1.00
   0.56278   2.70199   3.54840   -19.575   131.118   -65.581   -126.89    149.70      1.00
   3.84186   2.03902   5.31942   -42.986   163.715   -72.234   -126.89    186.45      1.00
   0.31814   1.76070   1.22346   -29.976   150.604   -44.403   -126.88    158.43      1.00
   4.67619   2.43406   5.44764   -45.641   170.620   -48.187   -126.88    185.55      1.00
   3.02881   1.60269   0.34273   -20.601   118.711   -54.009   -126.88    138.90      1.00
   1.50837   0.50725   2.25713   -24.904   122.374   -72.335   -126.88    151.04      1.00
   0.68420   1.29746   4.29367   -35.784   153.611   -52.706   -126.86    171.66      1.00
   0.60657   1.93339   2.79492   -50.026   128.533   -34.451   -126.85    145.04      1.00
   5.27539   1.60307   3.76782   -43.489   139.905   -17.509   -126.83    156.20      1.00
   5.27245   1.75562   1.50421   -60.749   123.515   -60.194   -126.83    152.89      1.00
   4.67524   2.42899   5.44551   -45.514   170.613   -48.202   -126.83    185.54      1.00
   4.58993   2.15756   0.98648   -37.654   132.789   -77.626   -126.82    162.84      1.00
   0.68748   2.06896   2.74347   -61.761   157.476   -65.545   -126.82    182.51      1.00
   2.23876   0.35572   5.55653   -22.150   153.633   -53.368   -126.80    162.05      1.00
   0.08868   2.11928   5.70894   -72.880   146.304   -53.533   -126.79    177.59      1.00
   5.17699   2.14442   0.58029   -71.937   145.558   -43.192   -126.77    169.45      1.00
   1.68248   1.74932   1.71749   -42.735   153.855   -84.552   -126.76    183.75      1.00
   5.41665   2.40205   4.18170   -29.539   137.190   -32.895   -126.76    153.65      1.00
   4.19461   1.69737  -0.04577   -19.627   138.782   -40.721   -126.74    150.75      1.00
   2.12597   1.03968   4.88108   -26.149   144.911   -68.632   -126.72    159.68      1.00
   1.84048   2.49477  -0.01433   -60.534   113.800   -74.467   -126.71    156.14      1.00
   1.01994   0.67273   1.12022   -50.800   128.249   -82.566   -126.70    161.95      1.00
   0.41364   0.94186   1.39798   -36.269   158.601   -34.259   -126.69    165.49      1.00
   4.64760   1.76393   0.00321   -28.950   147.788   -30.103   -126.68    157.29      1.00
   1.24633   2.68796   0.05590   -50.543   144.230   -32.917   -126.68    164.61      1.00
   0.66326   1.92814   1.60768   -56.026   171.034   -47.816   -126.67    186.02      1.00
   1.95471   1.71326   2.89351   -48.301   162.231   -45.104   -126.66    177.39      1.00
   3.29363   0.50934   5.39240   -52.478   165.702   -76.213   -126.66    193.59      1.00
   1.44374   0.70688   2.75742   -25.203   131.233   -79.810   -126.66    161.22      1.00
   1.07249   0.75664   2.52883   -18.283   143.065   -51.705   -126.65    158.78      1.00
   5.82238   1.61755   5.78156   -30.903   123.833   -56.440   -126.64    144.83      1.00
   0.32161   2.06491   0.10705   -73.646   148.304   -53.863   -126.63    176.67      1.00
   3.19330  -0.17155   0.14950   -30.963   154.798   -33.919   -126.63    169.28      1.00
   0.05285   1.58242   1.84116   -24.425   150.305   -42.855   -126.61    156.85      1.00
   1.70350   1.70273   0.05952   -18.798   140.110   -66.835   -126.61    158.42      1.00
   0.17128   2.55218   4.68364   -63.642   148.600   -53.571   -126.59    179.51      1.00
   5.47137   1.78337   3.33545   -23.935   143.989   -34.888   -126.59    156.95      1.00
   4.20159   0.74876   4.11752   -69.900   148.253   -55.003   -126.58    177.22      1.00
   1.40179   1.29271   6.13040   -74.712   138.260   -57.973   -126.55    169.02      1.00
   4.24829   2.30350   2.04521   -24.542   153.274   -47.847   -126.55    169.81      1.00
   4.27068   1.44333   3.63583   -71.365   156.328   -58.384   -126.54    186.77      1.00
   3.19931   0.62089   5.75429   -62.296   140.556   -46.214   -126.54    166.97      1.00
   5.75308   1.23095   0.04942   -74.593   125.101   -40.136   -126.53    153.44      1.00
   0.96728   2.74611   1.59233   -60.010   153.432   -82.975   -126.52    184.75      1.00
   5.34390   2.11639   2.90571   -36.359   120.841   -26.188   -126.52    136.12      1.00
   0.69527   1.54971   3.77373   -39.022   161.690   -64.919   -126.51    183.02      1.00
   4.72321   2.69752   5.15121   -30.445   143.492   -60.817   -126.50    162.14      1.00
   1.74259   1.51244   1.45641   -43.818   154.255   -84.708   -126.49    185.29      1.00
   2.38871   2.34245   5.53913   -16.308   143.943   -57.258   -126.46    157.05      1.00
   5.22293   0.66878   4.47533   -44.366   106.393   -62.649   -126.46    141.45      1.00
   3.66816   1.73033   3.91776   -36.296   144.105   -72.888   -126.44    168.33      1.00
   2.42191   0.36408   1.93274   -52.320   158.785   -41.796   -126.43    181.51      1.00
   4.55724   1.37163   0.44022   -60.981   120.085   -62.255   -126.40    155.24      1.00
   1.51887   2.04001   1.87502   -46.873   143.539   -31.118   -126.39    157.53      1.00
   0.31903   0.31456   2.16433   -46.679   133.582   -83.285   -126.35    167.97      1.00
   3.43088   2.27531  -0.04873   -18.436   138.705   -42.889   -126.32    149.32      1.00
   6.21585   1.51935   1.83587   -68.435   152.388   -49.047   -126.28    174.53      1.00
   4.72467   1.55396   4.06334   -27.959   112.389   -50.955   -126.28    134.55      1.00
   5.31887   1.31982   4.96970   -43.346   138.873   -18.533   -126.27    155.88      1.00
   5.36939   0.23430   0.81446   -52.565   155.950   -27.863   -126.26    167.50      1.00
   2.28278   3.06658   5.31634   -20.408   140.606   -39.481   -126.26    149.88      1.00
   0.56490   0.58739   2.74844   -17.895   137.748   -55.314   -126.19    155.09      1.00
   4.18503   1.64949   1.79943   -62.213   141.069   -71.610   -126.19    177.39      1.00
   1.02323   1.79206   5.47082   -63.009   113.048   -67.845   -126.18    149.45      1.00
   5.23954   2.01484   6.27739   -32.654   138.318   -67.705   -126.18    160.39      1.00
   2.09515   0.28557   1.12751   -57.771   150.445   -53.133   -126.18    177.91      1.00
   2.23488   2.06024   0.03576   -22.541   147.688   -44.159   -126.16    160.81      1.00
   4.66904   1.70340   0.49397   -58.476   119.191   -59.233   -126.13    150.80      1.00
   5.79917   2.03732   3.08153   -64.692   139.550   -58.660   -126.12    172.23      1.00
   0.43125   2.23065   3.71967   -54.115   136.327   -30.658   -126.10    156.30      1.00
   4.97167   1.79822   3.23091   -59.831   152.139   -65.307   -126.10    184.28      1.00
   2.95375   1.46982   5.24999   -19.163   133.349   -50.986   -126.09    143.89      1.00
   1.08897   1.23668   3.43116   -20.588   129.584   -72.596   -126.08    152.83      1.00
   0.33985   0.94523   1.76497   -32.618   154.224   -33.445   -126.08    161.36      1.00
   3.57203   0.93571   5.71674   -21.014   141.573   -38.356   -126.04    153.43      1.00
   1.21520   1.41400   4.03411   -71.415   138.585   -69.108   -126.04    173.25      1.00
   1.88207   1.77393   0.80501   -72.754   143.219   -59.609   -126.03    177.74      1.00
   0.68131   0.94040   1.02876   -56.735   127.198   -79.538   -126.02    159.81      1.00
   3.23503   1.71475   5.44145   -69.451   136.400   -40.874   -126.02    162.15      1.00
   2.96505   1.60143   0.29165   -20.159   119.397   -55.118   -126.00    139.53      1.00
   3.70588   0.82069   4.38108   -59.732   124.917   -62.579   -125.98    154.94      1.00
   4.30426   2.88822   5.55867   -72.761   136.454   -35.443   -125.97    159.06      1.00
   2.58269   0.70762   0.80474   -24.542   124.612   -74.706   -125.94    154.33      1.00
   2.10305   2.86471   2.53699   -69.721   159.155   -52.899   -125.93    183.33      1.00
   3.26227   1.97054   5.60370   -71.426   140.358   -45.317   -125.92    167.81      1.00
   2.30589   1.25630   2.97449   -52.768   156.785   -83.280   -125.87    187.67      1.00
   5.72136   2.18630   5.81766   -38.940   158.100   -63.158   -125.86    179.16      1.00
   1.09479   0.28692   1.46104   -47.080   131.434   -83.830   -125.85    166.82      1.00
   4.68330   1.18208   3.68850   -32.566   153.889   -28.276   -125.85    164.32      1.00
   0.65969   1.96681   4.33196   -63.910   121.977   -46.398   -125.85    152.21      1.00
   5.20861   2.04411  -0.07397   -45.921   112.709   -48.688   -125.85    134.42      1.00
   0.45622   0.60275   1.18179   -57.816   170.071   -56.400   -125.84    187.52      1.00
   2.26630   0.76872   0.75500   -52.764   114.648   -68.310   -125.84    150.69      1.00
   1.11785   1.28131   5.53174   -63.553   117.143   -75.446   -125.82    153.35      1.00
   2.82670   0.63594   4.86013   -22.194   151.262   -55.930   -125.81    160.70      1.00
   1.28724   2.19996   5.10041   -25.376   154.431   -49.486   -125.81    167.76      1.00
   4.61942   0.66569   1.76913   -67.714   115.980   -37.702   -125.78    140.99      1.00
   4.33766   2.16796   4.76368   -28.725   139.041   -56.781   -125.78    157.53      1.00
   6.09381   2.47395   4.18390   -55.018   108.477   -52.022   -125.70    142.23      1.00
   2.96133   1.18629   5.40482   -46.231   117.979   -63.046   -125.67    144.22      1.00
   5.72353   2.19880   3.56823   -30.691   114.698   -33.630   -125.65    132.30      1.00
   5.29230   0.56040   0.39325   -69.592   115.704   -41.797   -125.65    144.63      1.00
   4.19984   0.13279   2.10764   -74.374   146.926   -46.494   -125.63    171.26      1.00
   4.37502   1.00517   5.56793   -15.326   136.127   -51.534   -125.59    154.05      1.00
   0.64932   0.91900   2.15505   -61.326   141.936   -37.588   -125.58    164.10      1.00
   5.05804   1.04124   2.83019   -56.418   127.981   -71.066   -125.58    161.36      1.00
   2.16044   1.36627   1.65856   -67.444   146.247   -68.385   -125.56    182.09      1.00
   2.95162   1.37354   5.59684   -65.186   136.237   -39.862   -125.53    160.30      1.00
   3.31547   2.03802   5.58201   -72.112   140.050   -46.350   -125.53    167.93      1.00
   4.90657   1.07584   5.87021   -75.145   138.696   -58.973   -125.50    176.77      1.00
   5.48430   2.42346   4.33509   -30.601   136.713   -33.132   -125.49    153.42      1.00
   1.09830   1.09504   1.17472   -23.602   129.980   -45.866   -125.48    140.88      1.00
   1.10336   0.56633   0.87341   -20.838   132.509   -44.951   -125.46    141.22      1.00
   1.91643   2.02822   4.46279   -57.554   118.151   -52.866   -125.46    142.24      1.00
   5.37607   1.09611   2.18123   -43.038   115.988   -57.359   -125.42    138.30      1.00
   2.42840   0.47797   0.31183   -37.554   162.995   -39.995   -125.41    176.92      1.00
   3.36736   1.32594   0.65557   -21.728   127.045   -70.160   -125.34    155.16      1.00
   4.12389   0.99020   0.82201   -35.337   116.523   -30.381   -125.32    133.23      1.00
   6.06719   0.98643   2.33886   -28.643   139.089   -81.471   -125.31    164.80      1.00
   0.14566   0.91414   3.82386   -41.040   159.597   -54.134   -125.27    181.79      1.00
   1.96049   0.57865   4.93837   -38.921   118.275   -57.362   -125.26    134.80      1.00
   0.82221   2.57553   3.87722   -57.263   123.618   -41.315   -125.24    147.35      1.00
   5.39933   2.45243   2.39720   -62.167   135.235   -39.347   -125.20    160.31      1.00
  -0.02960   1.50177   1.13902   -54.876   118.483   -46.066   -125.18    137.50      1.00
   1.83783   0.76991   0.36830   -59.157   130.620   -41.130   -125.17    153.05      1.00
   4.89505   2.03100   1.07230   -57.017   122.317   -62.073   -125.16    152.53      1.00
   0.60327   0.50097   5.77104   -39.386   142.174   -82.797   -125.14    168.29      1.00
   3.96679   1.80725   5.15355   -37.472   171.510   -54.383   -125.14    186.71      1.00
   1.22259   1.74967   5.71225   -72.145   132.979   -52.763   -125.13    163.91      1.00
   5.43855   2.61341   0.48007   -30.862   137.152   -70.800   -125.12    157.47      1.00
   3.13149   0.36104   5.04844   -59.457   125.117   -62.358   -125.11    154.35      1.00
   2.15226   1.35139   1.86561   -70.022   139.301   -65.317   -125.11    175.89      1.00
   0.04007   1.79235   3.90219   -43.528   159.401   -49.256   -125.11    180.31      1.00
  -0.14934   1.81177   1.98499   -46.917   119.593   -37.265   -125.11    134.75      1.00
   5.47040   1.17953   1.10981   -73.144   148.217   -50.312   -125.04    173.01      1.00
   5.11338   0.92392  -0.46039   -45.645   116.883   -73.855   -125.03    153.95      1.00
   2.13274   1.51915   5.13755   -42.084   119.127   -43.452   -125.02    133.54      1.00
   2.29153   1.50140   4.25518   -33.966   167.646   -68.358   -124.97    181.91      1.00
   0.30338   0.95491   1.80980   -32.281   153.831   -33.097   -124.95    160.88      1.00
   3.39598   2.45671   0.03100   -45.105   169.059   -52.752   -124.92    186.62      1.00
   5.01154   1.99707   4.37296   -70.356   145.001   -47.958   -124.90    177.12      1.00
   2.58961   2.62263   0.57538   -58.277   137.364   -32.536   -124.90    162.28      1.00
   1.96542   0.80782   3.37230   -60.775   119.380   -78.219   -124.90    157.50      1.00
   2.81860   2.58232   0.97505   -58.323   152.020   -57.136   -124.87    181.96      1.00
   5.04926   2.12047   4.50174   -25.469   137.133   -50.224   -124.87    156.62      1.00
   5.17547   2.25184   5.24994   -29.898   136.265   -48.716   -124.86    153.85      1.00
   0.79114   2.59040   3.41722   -16.884   142.815   -49.869   -124.85    152.34      1.00
   4.14672   0.59367   4.22486   -68.917   148.878   -54.758   -124.81    177.13      1.00
   2.07943   0.29281   5.98439   -48.471   171.003   -46.679   -124.79    183.67      1.00
   2.29108   0.37689   5.47215   -22.287   154.305   -53.193   -124.78    162.55      1.00
   1.47894   1.53781   4.93936   -26.706   147.149   -53.385   -124.76    158.98      1.00
   3.37078   1.57129   0.89055   -27.982   125.364   -77.279   -124.75    158.63      1.00
   1.30231   0.34697   4.98966   -71.703   124.559   -40.382   -124.74    149.01      1.00
   5.46818   1.29933   0.72777   -49.978   120.662   -68.959   -124.71    149.13      1.00
   4.60815   0.98714   5.91512   -41.477   153.683   -27.867   -124.67    169.71      1.00
   4.31445   2.74666  -0.03995   -22.290   143.576   -33.982   -124.67    148.74      1.00
   5.53901   1.94659   1.07647   -70.783   149.713   -48.146   -124.67    172.81      1.00
   1.63725   1.31794   4.00559   -43.120   120.308   -83.370   -124.66    152.19      1.00
   3.52594   1.83266   5.15404   -36.964   121.114   -35.513   -124.66    133.59      1.00
   1.18527   0.88664   3.30254   -22.745   129.894   -76.156   -124.66    156.69      1.00
   3.40831   1.51981   3.79653   -38.158   126.148   -70.679   -124.63    151.13      1.00
   2.33251   1.72481   2.00198   -73.167   139.905   -61.787   -124.63    175.78      1.00
   3.20095   0.89133   0.39703   -20.573   118.839   -56.131   -124.58    141.27      1.00
   4.29575   0.47504   3.92617   -32.553   140.273   -77.030   -124.58    165.45      1.00
   3.62333   2.32867   5.71606   -20.369   154.890   -66.956   -124.57    170.85      1.00
   0.59346   0.96785   5.61357   -38.115   150.047   -84.490   -124.56    176.74      1.00
   5.00040   1.49297   4.80487   -54.717   108.280   -60.621   -124.53    145.44      1.00
   2.40142   1.22989   0.68091   -43.988   155.241   -33.984   -124.51    172.42      1.00
   1.17793   0.59006   3.85264   -45.291   146.822   -83.203   -124.48    179.31      1.00
   4.04308   2.31918   5.46259   -21.868   146.474   -35.639   -124.47    153.22      1.00
   4.26091   2.98926   4.24103   -35.451   153.145   -48.359   -124.46    169.09      1.00
  -0.08416   0.74641   2.95467   -60.170   152.133   -45.157   -124.44    176.43      1.00
   2.16125   0.35597   2.72886   -71.538   152.853   -48.000   -124.44    182.53      1.00
  -0.18113   2.45152   2.62533   -18.595   142.012   -46.864   -124.42    152.01      1.00
   3.99824   1.14231  -0.36104   -23.939   143.977   -35.655   -124.41    157.07      1.00
   4.52037   2.25014   5.84705   -73.605   138.842   -58.429   -124.39    170.99      1.00
  -0.47420   0.28459   4.34199   -48.528   158.660   -47.755   -124.38    182.41      1.00
   5.82525   0.58877   2.97597   -44.835   165.849   -32.191   -124.36    179.21      1.00
   0.51766   2.11642   2.55984   -50.433   128.770   -33.711   -124.36    144.01      1.00
   0.35045   3.07980   4.94696   -55.809   107.638   -58.672   -124.36    144.41      1.00
   2.10625   2.47817   0.81689   -54.239   150.912   -79.911   -124.34    186.61      1.00
   0.33734   1.76231   1.27332   -29.599   150.190   -44.550   -124.33    158.02      1.00
   5.20179   0.68068   0.13200   -53.904   128.736   -79.512   -124.32    166.07      1.00
   1.65896   1.25042   4.78892   -26.386   135.947   -56.512   -124.28    148.35      1.00
   0.26666   1.99114   4.43436   -25.414   152.566   -64.537   -124.28    174.26      1.00
   0.83187   2.32854   4.94678   -39.403   141.690   -31.800   -124.27    157.47      1.00
   4.03641   1.12154   4.69632   -66.360   144.983   -46.622   -124.27    171.58      1.00
   4.45106   2.48891   1.98749   -61.719   146.710   -43.595   -124.26    173.45      1.00
   1.11689   1.14167   5.30784   -39.604   126.315   -36.462   -124.25    138.25      1.00
   0.04570   3.00874   3.50169   -17.995   146.000   -46.265   -124.25    158.52      1.00
   3.66182   2.06334   5.02644   -44.509   159.808   -26.423   -124.23    168.73      1.00
   0.69885   2.42159   3.73234   -19.335   129.255   -60.608   -124.22    146.10      1.00
  -0.19016   2.18676   3.29249   -32.800   161.132   -40.047   -124.22    174.78      1.00
   2.13068   0.59606   4.77178   -38.658   118.912   -57.946   -124.22    135.52      1.00
   4.58994   1.52148   5.82174   -69.037   146.189   -41.248   -124.20    173.52      1.00
   2.36676   1.10629   3.46790   -38.442   161.229   -67.485   -124.19    179.59      1.00
   5.05720   1.09024   5.50423   -72.942   140.979   -62.843   -124.19    179.81      1.00
   5.90307   0.67618   3.46726   -40.858   139.977   -83.339   -124.17    175.07      1.00
   2.81442   1.28920   5.22051   -48.718   152.824   -86.159   -124.17    182.42      1.00
   0.31076   1.63194   1.48046   -72.739   148.459   -50.829   -124.16    172.72      1.00
   5.42509   2.17688   5.41094   -29.793   134.325   -48.427   -124.15    152.10      1.00
   1.42181   0.98322   2.47139   -51.363   147.189   -33.707   -124.14    166.43      1.00
   0.15848  -0.04246   5.54877   -33.758   127.114   -37.011   -124.12    139.82      1.00
   1.84864   1.77559   2.34683   -41.670   107.286   -55.884   -124.12    131.09      1.00
   0.27836   0.59366   4.93217   -47.514   104.685   -57.245   -124.10    133.73      1.00
   1.28323   2.25489   5.18674   -24.574   153.334   -49.314   -124.07    166.98      1.00
   1.24813   1.46546   3.06054   -22.673   141.700   -78.741   -124.07    165.12      1.00
   3.32509   2.68962   0.88302   -20.899   156.922   -57.798   -124.07    175.09      1.00
   5.02779   1.12209   4.24703   -62.109   154.216   -48.687   -124.06    182.25      1.00
   0.83291   1.94938   1.15515   -32.491   155.521   -48.867   -124.06    166.79      1.00
   0.45580   0.70561   4.66718   -65.636   109.908   -56.869   -124.06    145.71      1.00
   0.36274   0.72930   4.78453   -63.370   108.424   -59.848   -124.05    144.64      1.00
   4.75632   1.35059   1.92760   -68.866   116.090   -36.866   -124.02    143.98      1.00
   0.28144   1.37474   3.68550   -42.293   160.421   -62.926   -124.02    184.13      1.00
   2.97565   1.73060   4.61204   -41.883   154.874   -85.126   -124.01    180.68      1.00
   2.35259   1.45202   3.00955   -36.659   156.316   -51.292   -124.01    171.05      1.00
   5.43781   1.61334   4.03582   -40.868   135.594   -17.962   -123.96    152.34      1.00
   0.77507   1.74160   3.16511   -64.502   148.923   -80.112   -123.96    183.90      1.00
   1.73225   0.71093   4.71363   -50.921   170.230   -59.465   -123.95    186.11      1.00
   4.57410   2.05649   0.36102   -38.919   158.150   -28.583   -123.92    167.69      1.00
   1.51879   2.06261   5.80592   -64.231   147.853   -66.459   -123.91    179.09      1.00
   3.16422   3.03332   2.46850   -73.855   149.874   -50.903   -123.91    182.15      1.00
  -0.35615   1.07632   2.31207   -63.523   136.091   -64.575   -123.90    166.35      1.00
  -0.19922   0.83582   6.45205   -33.289   129.731   -42.557   -123.88    140.97      1.00
   3.62197   0.55697   4.71508   -40.980   170.950   -46.024   -123.88    183.20      1.00
   3.60307   1.69809   1.43976   -70.723   124.462   -47.678   -123.84    160.52      1.00
   2.91182   1.35738   5.62219   -64.864   136.396   -39.717   -123.83    160.27      1.00
   2.66607   2.58529   1.14728   -43.127   144.300   -81.507   -123.83    179.65      1.00
   4.60549   1.48502   5.54300   -34.433   159.491   -31.877   -123.82    172.37      1.00
   1.44020   0.64641   0.96439   -51.923   159.653   -82.454   -123.80    189.44      1.00
   5.82149   1.34784   0.93084   -75.270   138.929   -45.827   -123.80    164.00      1.00
   3.39335   1.76459   1.58594   -71.190   131.909   -56.569   -123.79    169.91      1.00
   4.02820   1.39773   2.30804   -42.819   119.384   -72.531   -123.79    152.25      1.00
   3.82235   1.90453   2.47824   -56.736   157.912   -38.582   -123.79    179.47      1.00
   5.23628   1.80898   0.37161   -35.547   120.371   -61.344   -123.77    142.37      1.00
   3.99826   2.73108   5.37378   -34.600   123.512   -60.739   -123.77    142.57      1.00
   4.83015   2.27003   4.22709   -71.642   145.265   -48.592   -123.75    177.39      1.00
   5.40080   2.70108   4.39864   -33.709   131.177   -30.704   -123.74    148.03      1.00
   5.51672   1.47491   1.92260   -43.356   117.474   -62.736   -123.71    141.88      1.00
   1.11533   2.84401  -0.33640   -48.683   149.781   -79.317   -123.70    184.22      1.00
  -0.15872   2.25018   3.42541   -32.206   159.111   -40.034   -123.70    173.22      1.00
   3.55347   1.82976   5.26942   -36.873   119.155   -52.136   -123.69    138.05      1.00
   1.93496   0.49162   2.47157   -21.553   132.322   -75.926   -123.69    160.86      1.00
   5.69851   1.50008   0.76982   -63.740   152.873   -79.650   -123.68    183.91      1.00
   4.49006   1.52534   5.50070   -34.263   160.353   -34.520   -123.65    173.31      1.00
   1.36846   1.37587   5.95658   -73.358   137.841   -56.253   -123.65    167.60      1.00
   0.35710   0.31037   2.37667   -28.578   147.844   -30.648   -123.64    158.22      1.00
  -0.16389   2.28560   3.52734   -50.088   108.438   -45.633   -123.63    136.42      1.00
   2.20944   2.74934   4.85608   -50.630   160.170   -34.241   -123.63    172.97      1.00
   5.23857   2.79892   3.45623   -41.025   145.374   -28.860   -123.63    163.36      1.00
   1.51859   1.74057   5.25149   -25.080   122.366   -72.849   -123.60    144.75      1.00
   5.60681   1.92415   3.11341   -49.614   110.245   -45.492   -123.59    137.60      1.00
   1.25389   2.42429   2.52228   -73.014   137.787   -45.096   -123.59    162.56      1.00
   5.75296   1.00502   3.82232   -16.736   138.935   -57.713   -123.58    158.94      1.00
   5.42505   0.38926   4.04582   -23.881   149.291   -38.451   -123.56    163.28      1.00
   2.14729   1.12974   5.51704   -44.237   151.841   -87.091   -123.53    179.45      1.00
   5.64387   1.84251   0.15823   -30.979   139.377   -66.186   -123.52    159.43      1.00
   2.38771   1.25884  -0.18063   -60.232   153.448   -47.866   -123.51    175.79      1.00
   5.43446   2.13102   0.54972   -33.504   125.609   -63.775   -123.49    145.77      1.00
   2.19914   0.18009  -0.10209   -49.551   163.005   -80.485   -123.48    190.00      1.00
   1.82225  -0.12423   4.89681   -42.745   116.681   -60.588   -123.48    137.20      1.00
   0.48807   1.41219   0.56204   -59.476   167.099   -63.702   -123.48    187.63      1.00
   1.08078   0.76961   2.44157   -57.680   154.477   -54.070   -123.47    180.40      1.00
   1.06584   0.81321   2.47473   -57.586   155.057   -53.995   -123.44    180.69      1.00
   3.86124   0.90507   0.22145   -16.772   139.965   -62.672   -123.43    162.68      1.00
   1.57011   0.87913   0.48085   -53.544   117.251   -61.428   -123.42    145.05      1.00
   0.29722   2.42992   4.54103   -63.744   144.698   -62.345   -123.41    178.47      1.00
   4.29428   1.87976   5.75887   -40.317   129.891   -73.474   -123.40    159.87      1.00
   0.35721   1.47178   5.33363   -73.871   128.136   -47.266   -123.33    160.30      1.00
   5.46068   1.29867   0.74286   -50.019   120.829   -69.086   -123.30    149.34      1.00
   4.60647   1.32198   1.36050   -49.014   129.983   -74.905   -123.29    162.84      1.00
   3.53410   0.83852  -0.19543   -17.544   135.921   -51.413   -123.27    153.25      1.00
   3.54748   0.65763   5.71560   -19.948   139.547   -39.122   -123.25    151.91      1.00
   3.47196   1.36506   4.80543   -66.896   130.348   -35.878   -123.24    153.48      1.00
   1.70615   1.20029   0.46342   -21.195   123.439   -54.027   -123.21    138.25      1.00
   3.63352   1.16144   5.47883   -23.372   145.780   -34.780   -123.17    155.60      1.00
   2.96775   1.75879   0.69638   -64.478   127.407   -59.979   -123.16    164.62      1.00
   0.75921   2.18133   4.62114   -22.614   130.795   -78.470   -123.16    158.12      1.00
   4.45484   0.46041   1.48148   -35.784   159.132   -35.437   -123.14    169.43      1.00
   3.03788   0.74299   6.27732   -56.026   158.588   -50.846   -123.14    183.08      1.00
   5.43362   1.36570   0.98441   -58.713   161.125   -70.970   -123.12    186.21      1.00
   0.28457   2.74684   2.95333   -34.501   163.021   -36.631   -123.12    171.78      1.00
   3.17884   0.57089   5.76372   -62.426   149.635   -56.803   -123.11    177.89      1.00
   5.54746   2.10964   1.32388   -68.665   142.703   -40.441   -123.11    164.25      1.00
   3.27101   0.25778   2.43662   -35.521   146.571   -71.863   -123.06    170.34      1.00
   2.97020   1.70677   5.41505   -67.023   138.827   -40.866   -123.04    162.46      1.00
   5.24484   0.64464   5.02880   -39.396   147.853   -74.241   -123.04    179.71      1.00
   6.10380   1.46801   4.08939   -67.513   140.821   -63.680   -123.04    178.41      1.00
   1.37282   0.87228   2.42231   -58.117   154.049   -48.456   -123.03    178.63      1.00
   3.82131   1.92077   3.97725   -32.159   155.998   -45.409   -123.02    168.73      1.00
   2.56533   0.89281   4.06015   -37.549   117.976   -56.467   -123.01    134.48      1.00
   5.01729   0.84574   1.88825   -76.165   142.642   -51.677   -122.99    170.79      1.00
   1.34811   0.59502   6.29077   -33.374   159.889   -37.675   -122.98    165.87      1.00
   4.83123   0.38688   0.61071   -29.706   147.356   -53.883   -122.97    164.76      1.00
   5.89627   0.58078   5.09215   -60.529   105.547   -53.826   -122.97    141.49      1.00
   1.73378   0.75324   0.43966   -58.840   130.577   -40.939   -122.96    152.55      1.00
   1.79242   1.93124   4.52936   -33.257   156.271   -42.618   -122.95    165.12      1.00
   1.88630   3.22904   3.15274   -35.891   122.915   -46.042   -122.94    135.82      1.00
   4.39966   2.31865   1.86116   -61.748   146.305   -46.161   -122.93    173.38      1.00
   2.36098   0.98862   5.64546   -61.998   132.207   -40.247   -122.93    153.34      1.00
   1.09195   1.75450   4.72818   -30.461   160.340   -71.391   -122.93    180.26      1.00
   3.81274   2.28438   4.13001   -73.460   146.673   -52.236   -122.90    175.43      1.00
   3.64169   1.45445  -0.26206   -42.772   113.019   -38.996   -122.87    134.21      1.00
  -0.21378   3.02726   0.98177   -26.981   167.748   -49.027   -122.84    175.78      1.00
   0.89643   1.74736   0.48101   -76.261   144.857   -47.766   -122.82    172.68      1.00
   5.68141   0.49117   3.69944   -44.961   135.726   -83.778   -122.80    173.44      1.00
   1.61842   1.28647   4.83251   -26.008   135.558   -56.125   -122.79    147.95      1.00
   1.70463   1.06441   5.50644   -56.049   124.670   -36.912   -122.78    141.59      1.00
   1.10823   0.39370   4.67449   -61.429   163.487   -54.561   -122.77    185.09      1.00
   0.88790   2.64020  -0.34155   -53.079   143.877   -31.627   -122.75    164.87      1.00
   5.30247   1.35527   4.95712   -43.762   139.326   -18.082   -122.73    156.31      1.00
   3.02396   2.04512   0.24941   -50.321   124.529   -27.969   -122.73    145.17      1.00
   0.86001   2.35577   4.98541   -39.943   141.562   -31.738   -122.72    157.54      1.00
  -0.02145   1.95213   0.88477   -74.180   149.830   -51.063   -122.72    174.14      1.00
   4.18127   1.19971   5.63385   -46.192   110.117   -40.398   -122.72    134.58      1.00
   0.39940   0.34205   3.92414   -48.007   142.433   -82.104   -122.71    179.47      1.00
   1.82787   1.54565   3.57851   -46.165   168.174   -59.975   -122.71    184.79      1.00
   1.96212   1.08894   3.26164   -33.954   152.282   -50.317   -122.69    166.82      1.00
   3.29668   0.76751   0.62439   -55.686   118.600   -73.292   -122.67    160.25      1.00
   2.08601   2.09878   5.59609   -57.333   126.460   -37.304   -122.67    148.55      1.00
   2.69007   3.01122   4.39322   -39.156   122.345   -40.639   -122.67    134.22      1.00
   5.65383   0.59942   5.21451   -45.001   131.334   -81.768   -122.67    169.56      1.00
   2.94536   2.96260   5.21290   -48.816   122.925   -36.664   -122.65    138.57      1.00
   5.50225   2.29248   2.48090   -62.382   137.468   -38.995   -122.65    161.94      1.00
   4.74458   1.97776   5.02814   -41.837   106.202   -50.403   -122.63    131.85      1.00
   5.31205   1.58607   5.79497   -57.803   136.750   -19.251   -122.63    155.25      1.00
   5.59970   1.72801   4.31133   -59.399   123.389   -79.730   -122.62    168.69      1.00
   4.89179   2.28799   1.90912   -59.446   131.026   -70.495   -122.61    166.76      1.00
   0.81327   1.76475   0.86782   -58.784   114.791   -65.214   -122.59    145.08      1.00
   0.08907   2.52603   2.27774   -22.677   128.795   -61.825   -122.59    143.96      1.00
   2.10533   0.75446   4.47226   -31.374   137.687   -67.682   -122.57    154.47      1.00
   1.95417   1.20519   1.24936   -32.868   153.572   -41.921   -122.55    168.86      1.00
   3.66723   0.84291   5.49381   -58.978   137.014   -71.717   -122.50    172.75      1.00
   1.68033   2.13010   5.74313   -61.111   154.130   -61.943   -122.48    181.88      1.00
   5.31112   1.55633   3.68229   -43.124   140.418   -17.808   -122.47    156.36      1.00
   0.67694   0.91859   2.10156   -61.169   142.449   -37.327   -122.46    164.29      1.00
   2.85635   1.09028   4.36362   -27.032   156.767   -54.724   -122.44    165.97      1.00
   5.91205   1.95719   1.87892   -65.944   144.463   -39.159   -122.42    164.70      1.00
   0.60538   1.00502   2.24714   -58.858   143.027   -36.141   -122.41    163.65      1.00
   5.54119   1.71284   3.34151   -62.957   140.180   -64.149   -122.40    175.29      1.00
   5.19820   0.78179   3.74372   -17.105   135.983   -47.874   -122.38    150.69      1.00
   0.54070   1.63538   0.53878   -44.370   162.128   -41.207   -122.37    173.34      1.00
   5.08009   0.76494   3.39420   -58.547   123.523   -33.674   -122.34    146.66      1.00
   0.15530   1.41558   4.85246   -29.686   149.509   -51.523   -122.32    167.97      1.00
   3.32767   1.41611   0.66719   -22.465   126.031   -71.369   -122.32    154.89      1.00
   3.65725   2.79052   4.68646   -59.551   151.544   -81.642   -122.32    182.74      1.00
   2.39555   0.48608   0.33850   -37.778   163.027   -40.176   -122.31    177.01      1.00
   0.94233   2.63574   0.89953   -31.881   137.724   -38.470   -122.31    150.22      1.00
   2.59202   2.60242   0.57475   -58.336   137.168   -32.826   -122.31    162.18      1.00
   1.18816   1.75426   5.75971   -72.688   133.587   -52.156   -122.28    164.52      1.00
   5.30456   1.60395   5.76549   -57.895   136.789   -19.320   -122.28    155.41      1.00
   2.92339   2.43203   3.55329   -44.028   145.033   -29.107   -122.27    155.39      1.00
   2.76775   1.29380   4.02354   -32.045   160.892   -51.573   -122.26    170.23      1.00
   5.11920   0.29760   1.78548   -47.332   145.918   -82.096   -122.25    173.00      1.00
   4.80224   1.50573   4.31553   -65.838   150.376   -45.191   -122.24    178.66      1.00
   5.12303   0.90534   6.20149   -37.596   137.200   -72.673   -122.23    166.42      1.00
   4.64892   1.58593   5.99547   -35.590   155.652   -67.608   -122.23    179.33      1.00
   6.07167   2.29435   3.50676   -50.170   108.410   -45.219   -122.20    136.40      1.00
   0.54804   1.14206   1.53176   -60.653   135.859   -82.593   -122.18    170.41      1.00
   2.90265   2.30863   3.81731   -36.175   122.383   -63.200   -122.18    142.61      1.00
   2.52851   1.59415   5.91063   -36.313   141.005   -87.920   -122.18    172.41      1.00
  -0.15497   2.69005   0.43575   -63.323   164.293   -59.500   -122.16    186.83      1.00
   0.20598   1.46410   4.49689   -68.095   141.568   -57.520   -122.16    175.45      1.00
   5.86023   1.40771   3.61211   -39.620   115.208   -30.534   -122.15    134.84      1.00
   4.18820   2.19741  -0.40118   -38.216   134.138   -19.081   -122.14    142.81      1.00
   5.22041   1.66276   4.84007   -33.681   150.890   -65.765   -122.14    176.82      1.00
   2.88042   0.97243   5.78754   -50.610   158.296   -82.138   -122.10    188.78      1.00
   0.32257   1.00242   2.14825   -63.668   136.301   -66.106   -122.09    167.47      1.00
   4.27303   2.63068   1.35311   -61.873   134.655   -39.993   -122.06    160.83      1.00
   2.75791   1.61135   4.19818   -34.819   155.650   -35.618   -122.04    161.57      1.00
   1.24263   1.38861   3.81678   -72.269   134.902   -67.398   -122.00    170.18      1.00
   1.87025   0.96825   5.92347   -52.186   117.436   -49.869   -121.99    138.64      1.00
   2.93641   1.30234   5.62212   -64.680   135.371   -39.507   -121.98    159.38      1.00
   2.43937   1.50876   4.95131   -21.330   145.739   -61.473   -121.98    157.36      1.00
   1.71518   2.07038   3.03571   -33.651   149.951   -84.359   -121.96    174.44      1.00
   4.42293   1.07020   3.49255   -54.465   120.089   -65.800   -121.91    152.38      1.00
   3.78908   1.47110   4.89772   -59.238   140.550   -74.412   -121.90    174.12      1.00
   2.20850   2.71904   4.84012   -50.246   160.417   -34.148   -121.90    172.93      1.00
   5.22152   2.03271   0.02395   -34.206   155.949   -30.687   -121.89    164.51      1.00
   0.88509   2.53207   1.61810   -50.299   172.377   -46.925   -121.88    185.74      1.00
   2.85750   1.79675   4.62283   -34.120   122.529   -49.057   -121.87    135.29      1.00
   4.35702   2.08455   4.92171   -60.909   163.752   -54.171   -121.87    187.27      1.00
   2.09864   2.09554   5.07858   -34.130   162.456   -41.928   -121.87    171.73      1.00
   4.40041   2.16510   5.93158   -41.831   132.094   -75.474   -121.85    161.55      1.00
   2.02358   1.62984   4.87439   -33.266   163.613   -43.522   -121.84    171.45      1.00
   0.03367   0.22595   2.13329   -35.591   157.616   -30.538   -121.84    166.08      1.00
   1.89361   1.50502   0.36590   -60.961   136.708   -38.795   -121.81    160.35      1.00
   0.42734   1.41280   5.72076   -68.182   120.573   -32.304   -121.79    145.58      1.00
   0.48730   2.33401   5.94272   -43.291   139.299   -32.289   -121.78    155.72      1.00
   2.18583   2.08810   5.98337   -24.001   114.253   -62.725   -121.77    136.07      1.00
   3.77161   1.76376   0.61760   -65.152   131.978   -34.567   -121.76    159.65      1.00
   0.51943   1.92781   5.74476   -40.427   136.029   -35.254   -121.73    151.44      1.00
   5.20878   0.54090   6.00816   -73.666   148.701   -59.957   -121.73    183.88      1.00
   3.97661   1.37170   4.11015   -63.975   127.336   -65.476   -121.72    161.41      1.00
   2.28008   1.81330   0.43807   -22.850   141.509   -42.790   -121.72    155.62      1.00
   5.72669   0.38641   0.29670   -72.730   128.621   -35.228   -121.71    153.17      1.00
   0.55236   0.84657   3.42924   -15.276   142.608   -63.426   -121.71    162.87      1.00
   3.50825   0.96649   1.28501   -22.926   131.525   -52.891   -121.69    152.16      1.00
   1.39705   1.76184   0.97431   -39.851   155.684   -43.434   -121.68    170.08      1.00
   0.86490   1.98483   3.57510   -17.257   133.200   -64.600   -121.65    150.18      1.00
   3.65606   1.05560   1.87845   -61.901   108.253   -57.984   -121.64    144.23      1.00
   4.82570   1.58207   4.29988   -66.516   150.142   -45.118   -121.57    178.79      1.00
   5.45854   1.58408   4.39815   -36.128   112.466   -73.187   -121.56    148.95      1.00
   4.28153   1.76133   5.54022   -38.187   153.982   -25.699   -121.51    164.74      1.00
   1.37286   2.22068   2.05698   -67.493   122.685   -43.596   -121.51    148.38      1.00
   5.63508   2.31654   2.46084   -44.821   115.436   -65.302   -121.51    145.07      1.00
   0.01900   0.25781   0.30282   -43.649   117.375   -66.642   -121.50    140.65      1.00
   2.24997   2.06636   5.53989   -34.164   125.082   -34.169   -121.46    136.92      1.00
   1.29378   2.96221   3.28916   -36.360   117.607   -51.100   -121.45    132.99      1.00
   4.34897   1.51104  -0.01537   -26.272   145.103   -32.648   -121.36    156.54      1.00
   1.48557   2.56048   3.77371   -49.676   120.216   -41.564   -121.35    137.51      1.00
   4.64386   1.57018  -0.27622   -35.668   155.461   -67.638   -121.35    179.26      1.00
   2.89042   1.75241   5.36098   -67.100   139.302   -40.844   -121.35    162.50      1.00
   1.25221   1.01553   0.53458   -43.081   115.366   -69.885   -121.32    141.73      1.00
   5.65240   1.06486   3.58792   -33.309   145.204   -78.838   -121.30    175.77      1.00
   0.22901   1.27301   1.05951   -76.138   147.393   -55.241   -121.28    173.92      1.00
   2.32354   0.89988   1.73690   -34.070   126.870   -85.987   -121.28    163.97      1.00
   2.26083   1.78110   2.22385   -61.826   143.684   -32.851   -121.26    165.60      1.00
   3.67803   1.58215   4.59247   -41.669   163.033   -29.758   -121.20    172.06      1.00
   0.35641   1.04247   2.14497   -64.085   135.969   -66.145   -121.20    167.35      1.00
   1.98210   1.93536   4.55652   -33.700   156.205   -39.134   -121.19    163.73      1.00
  -0.28529   2.38423   0.55846   -29.242   139.681   -62.996   -121.19    156.19      1.00
   3.68087   2.05083   1.12413   -64.705   134.182   -56.705   -121.17    168.78      1.00
   1.69521   1.88355   0.66421   -74.370   142.125   -56.117   -121.17    175.77      1.00
   4.35090   0.52968   2.74726   -76.551   143.893   -50.603   -121.16    171.01      1.00
   0.84753   1.38222   4.25750   -36.918   129.157   -88.539   -121.15    163.73      1.00
   5.08613   1.06420   4.26508   -62.246   121.528   -35.402   -121.13    151.07      1.00
   5.17999   2.23507   1.49491   -25.685   122.353   -55.582   -121.13    138.83      1.00
   3.50256   1.32205   0.30833   -46.323   157.746   -66.219   -121.09    185.56      1.00
   4.13689   0.69047   5.75118   -23.122   141.888   -36.443   -121.08    156.53      1.00
   5.28890   0.20642   4.84379   -49.064   158.301   -48.464   -121.05    182.50      1.00
   4.20939   1.67009   3.31421   -33.375   161.141   -45.833   -121.04    175.88      1.00
   0.61624   0.32835   3.78666   -48.814   142.339   -82.528   -121.04    179.52      1.00
   0.66229   0.24427   4.24104   -38.279   143.962   -34.785   -121.03    160.37      1.00
   4.16042   1.94068   4.86876   -45.090   167.510   -71.069   -121.03    191.52      1.00
   2.25651   1.40592   1.49431   -69.235   140.246   -66.895   -121.03    177.85      1.00
   1.91720   2.41348   0.01593   -20.519   136.630   -42.990   -121.02    151.04      1.00
   3.77147   1.86250   5.41475   -43.651   162.405   -72.696   -121.02    186.30      1.00
   3.55304   1.59653   1.86008   -38.398   151.652   -71.784   -121.01    180.26      1.00
   5.83797   1.48052   0.95068   -35.944   160.499   -37.468   -121.01    167.30      1.00
   4.80047   1.02676   4.99890   -28.872   128.085   -70.822   -120.99    158.25      1.00
   2.86902   2.27225   5.37331   -71.410   142.698   -40.152   -120.99    167.27      1.00
   2.49077   1.27733   4.71439   -23.974   148.149   -65.704   -120.96    161.14      1.00
   3.61185   2.08551   5.18737   -41.984   162.724   -74.796   -120.96    185.39      1.00
   2.23883   1.23546   3.43697   -31.626   142.031   -47.602   -120.93    154.14      1.00
   3.02122   2.10467   4.79169   -51.944   161.872   -75.709   -120.92    185.64      1.00
   4.67545   2.24298   4.46223   -31.863   147.130   -34.371   -120.91    160.97      1.00
   4.47548   0.94292   4.17092   -66.944   139.914   -39.269   -120.90    166.36      1.00
   0.83700   1.97040   1.14858   -32.451   155.943   -49.423   -120.89    167.39      1.00
   2.40676   3.07331   5.94110   -61.976   133.265   -42.136   -120.88    160.53      1.00
  -0.33826   1.37659   6.42927   -32.068   133.534   -41.144   -120.84    144.84      1.00
   1.12774   1.73744   1.79689   -68.053   126.683   -54.172   -120.80    155.97      1.00
   5.82026   2.15366   4.21087   -22.390   146.450   -59.332   -120.78    168.45      1.00
   1.99223   0.82896   4.51020   -29.092   139.557   -63.855   -120.75    154.22      1.00
   1.51301   0.37831   1.95526   -60.550   135.651   -77.226   -120.75    175.48      1.00
   4.17436   1.23723   0.52391   -18.667   132.160   -63.011   -120.74    155.05      1.00
   1.65733   1.87971   3.69612   -43.645   160.547   -40.935   -120.73    171.59      1.00
   4.24657   0.37894   3.57973   -68.968   154.128   -37.710   -120.72    173.95      1.00
   5.52484   1.52133   0.54505   -74.410   148.622   -52.830   -120.71    175.53      1.00
   0.47001   2.41449   3.66629   -50.728   159.721   -39.716   -120.69    177.13      1.00
   4.22053   2.61140   6.12772   -21.600   143.301   -34.921   -120.67    149.03      1.00
   3.21262   2.97501   4.86463   -40.304   121.879   -42.157   -120.64    134.77      1.00
   4.81639   2.69250   1.37198   -18.521   137.618   -47.642   -120.63    148.92      1.00
   0.74497   1.16035   2.67779   -18.262   145.745   -51.653   -120.60    159.09      1.00
   5.13806   1.01692   3.52178   -27.586   151.860   -31.545   -120.60    162.50      1.00
   1.92710   1.75830   5.56950   -56.147   126.089   -37.420   -120.60    146.31      1.00
   3.87441   1.92097   5.42820   -43.088   162.921   -71.449   -120.60    186.17      1.00
   5.72645   1.89926  -0.09351   -76.123   148.729   -59.249   -120.57    180.01      1.00
   4.99194   1.31418   5.31636   -36.652   116.941   -67.470   -120.55    148.92      1.00
   2.53645  -0.00546   0.91869   -20.508   124.084   -68.325   -120.54    150.74      1.00
   1.38395   1.55371   0.23868   -60.481   156.282   -41.466   -120.53    175.85      1.00
   3.02066   1.66327   3.84734   -31.920   156.041   -50.304   -120.51    166.55      1.00
   2.01522   1.51709   4.99835   -47.033   120.635   -41.359   -120.51    135.88      1.00
   0.28699   1.50450   2.70238   -23.428   145.855   -38.189   -120.51    155.04      1.00
   0.64911   0.76795   0.05097   -40.546   119.673   -59.812   -120.50    137.90      1.00
   4.94134   0.99204   1.04683   -28.804   143.937   -46.517   -120.49    156.42      1.00
   5.21644   1.26982   3.95824   -52.745   151.753   -70.794   -120.46    184.52      1.00
   2.82737   3.29106   4.63752   -35.354   119.561   -48.611   -120.46    133.42      1.00
  -0.15617   1.51075   1.62924   -70.786   150.250   -48.469   -120.46    172.86      1.00
   1.96445   2.53853   4.90579   -39.036   169.443   -50.844   -120.44    182.60      1.00
   1.50326   1.75542   5.31570   -26.101   120.277   -72.841   -120.42    143.41      1.00
   1.17201   2.41339   0.66709   -73.063   121.200   -67.192   -120.38    160.87      1.00
   3.08662   0.39956   5.72461   -34.854   119.870   -73.202   -120.37    149.20      1.00
   0.21436   1.08546   5.91259   -49.279   142.354   -88.469   -120.37    175.71      1.00
   1.02876   0.90013   0.51512   -43.198   117.775   -73.447   -120.36    144.33      1.00
   6.03998   0.86281   0.19307   -32.619   130.085   -43.627   -120.34    141.57      1.00
   2.60466   0.72902   1.66052   -26.547   133.158   -82.599   -120.32    166.65      1.00
   3.82838  -0.03993   1.13955   -59.622   106.747   -51.500   -120.27    139.66      1.00
   5.96188   1.53072  -0.00507   -70.744   119.235   -34.435   -120.24    144.94      1.00
   1.74106   1.27302   1.44511   -33.698   153.941   -41.818   -120.23    168.55      1.00
   1.98430   1.61500   0.35771   -61.137   136.067   -39.373   -120.21    160.65      1.00
   3.27892   0.67283   0.57431   -54.528   118.933   -74.878   -120.21    160.77      1.00
   1.05347   1.45581   3.63682   -47.048   164.243   -54.988   -120.20    183.13      1.00
   5.43452   1.10626   5.02145   -53.991   159.071   -49.462   -120.19    184.66      1.00
   3.55205   1.91228   0.89151   -64.589   125.029   -49.240   -120.14    158.76      1.00
   4.69134   1.43668   0.79953   -73.094   145.860   -61.934   -120.14    179.60      1.00
   2.77404   1.36774   0.95454   -63.041   144.446   -67.181   -120.11    180.74      1.00
   3.64728   0.70452   0.69535   -47.584   152.706   -69.661   -120.10    183.96      1.00
   1.82063   2.33836   4.18450   -74.814   141.351   -42.360   -120.09    166.71      1.00
   4.20808   2.51873   3.28738   -65.498   118.672   -32.097   -120.09    147.92      1.00
   4.06795   2.59111   2.47570   -40.366   149.109   -78.814   -120.09    182.62      1.00
   5.45246   1.61016   2.76712   -27.750   157.976   -71.780   -120.07    179.75      1.00
   2.08191   1.33511   5.39902   -47.623   152.814   -85.614   -120.05    180.60      1.00
   0.76711   2.10344   3.16967   -60.598   116.341   -54.232   -120.03    145.02      1.00
   1.22394   1.47129   3.49250   -45.481   145.662   -34.898   -120.03    160.28      1.00
   2.77827   0.71974   4.85906   -71.644   147.775   -58.076   -120.03    173.90      1.00
   3.78774   1.88255   4.16614   -30.307   155.126   -44.670   -120.02    166.66      1.00
   2.88943   1.01501   4.34187   -26.447   157.425   -54.978   -120.00    166.58      1.00
   0.63619   0.95835   3.39979   -17.510   143.118   -51.137   -119.99    158.99      1.00
   1.37043   1.88740   2.86421   -48.713   142.769   -32.320   -119.96    156.20      1.00
   3.97496   1.41502   2.42375   -38.198   125.938   -72.589   -119.95    156.20      1.00
   4.65291   1.65283   3.13207   -67.698   123.049   -34.280   -119.95    151.92      1.00
   5.92885   0.97856   1.37596   -39.333   163.204   -78.425   -119.95    183.48      1.00
   5.58981   2.02399   5.26887   -32.522   114.647   -50.558   -119.94    137.02      1.00
   3.59446   0.89681   2.85793   -36.456   127.730   -68.918   -119.93    151.89      1.00
   2.46833   0.78765   2.00930   -69.203   115.562   -45.135   -119.91    150.60      1.00
   1.84658   1.04865   1.78286   -62.995   149.886   -52.910   -119.90    178.22      1.00
   5.89004   1.00899   5.00708   -49.923   154.800   -39.052   -119.89    176.13      1.00
   0.34555   1.79298   3.51291   -20.751   133.475   -72.607   -119.85    157.10      1.00
   2.66311   2.58919   0.32162   -57.373   135.770   -32.414   -119.83    159.73      1.00
   0.85851   0.60664   5.84949   -72.837   150.153   -53.204   -119.83    173.98      1.00
   4.97252   1.05571   5.74686   -73.645   145.224   -61.970   -119.82    182.81      1.00
   3.80544   1.48845   3.68688   -36.649   143.812   -71.178   -119.80    167.80      1.00
   6.09115   1.74489   1.59802   -67.677   159.329   -49.087   -119.79    179.42      1.00
   2.01534   0.45786   5.22346   -71.834   150.614   -58.904   -119.75    175.34      1.00
   0.77918   1.79172   2.29047   -20.730   144.488   -54.709   -119.75    155.75      1.00
   2.55354   1.82605   3.16786   -75.686   144.907   -54.362   -119.72    173.56      1.00
   5.26421   2.46470   3.82444   -19.751   125.568   -56.375   -119.72    148.25      1.00
   3.27832   0.36965   1.71525   -60.567   107.413   -50.254   -119.72    140.47      1.00
   1.89969   0.32282   1.36127   -57.634   150.813   -53.403   -119.71    178.24      1.00
   3.16150   1.46859   4.29392   -28.706   152.685   -48.450   -119.67    161.64      1.00
   5.38968   1.28277   2.96440   -49.743   156.660   -71.367   -119.66    184.38      1.00
   5.27546   1.23617   0.92772   -28.885   147.445   -45.506   -119.65    157.89      1.00
   3.86784   2.62419   5.09891   -33.736   123.908   -58.214   -119.63    141.96      1.00
   0.68065   2.33683   3.98635   -21.367   129.784   -73.159   -119.60    153.38      1.00
   5.60879   0.71159   1.83875   -44.924   117.028   -54.255   -119.59    136.42      1.00
   3.90745   2.06020   4.94282   -45.584   171.688   -49.118   -119.55    186.25      1.00
   2.26251   3.02135   5.93696   -31.142   154.600   -36.627   -119.53    167.98      1.00
   5.00708   1.12841   4.77160   -68.146   142.374   -65.718   -119.50    181.01      1.00
   4.67683   2.28363   5.48588   -39.545   159.901   -26.945   -119.50    169.59      1.00
   5.04765   2.68853   5.49200   -29.215   142.304   -58.109   -119.50    159.65      1.00
   2.29812   1.97791   5.69863   -34.038   135.488   -86.081   -119.50    165.89      1.00
   5.69736   0.30267   2.61475   -50.143   173.194   -54.633   -119.49    189.99      1.00
   2.25762   2.00453   1.93650   -73.922   145.479   -62.760   -119.47    180.57      1.00
   5.69187   0.32386   4.52553   -56.528   116.424   -75.144   -119.44    159.64      1.00
   3.71912   1.73178   0.52467   -45.874   149.866   -75.336   -119.43    181.66      1.00
   2.37745  -0.09797   1.33892   -19.465   129.449   -70.669   -119.43    157.00      1.00
   4.57505   0.59064   3.67020   -18.838   140.514   -62.372   -119.42    156.83      1.00
   3.99193   1.06513   3.10938   -31.787   163.686   -49.673   -119.41    175.60      1.00
   0.21618   0.72973   4.23255   -50.255   154.593   -40.820   -119.40    176.42      1.00
   2.52217   0.87882   2.25116   -71.473   118.344   -43.249   -119.34    152.13      1.00
   0.50609   1.72827   5.49883   -69.429   142.893   -38.384   -119.33    168.74      1.00
   1.83564   1.33231   4.57042   -43.810   120.415   -39.237   -119.33    133.53      1.00
   4.06646   1.22168   4.50033   -68.185   144.668   -46.337   -119.31    171.54      1.00
   2.25451   2.06318   4.96226   -52.877   167.204   -37.950   -119.31    179.86      1.00
   1.18308   2.10834   5.03312   -22.337   121.287   -67.365   -119.29    143.24      1.00
   4.97461   2.56593   4.81398   -74.740   142.637   -54.709   -119.27    176.14      1.00
   0.41051   1.40909   5.26146   -74.075   127.544   -47.521   -119.27    159.89      1.00
   0.18940   1.92717   0.43680   -64.098   114.789   -47.437   -119.25    140.54      1.00
   5.55201   1.35304   3.88413   -29.957   127.044   -78.686   -119.24    161.12      1.00
   0.63065   0.58352   4.40319   -41.933   144.626   -82.561   -119.24    176.99      1.00
   5.50729   2.58913   5.88065   -30.093   143.374   -57.548   -119.17    160.62      1.00
   1.21971   1.82166   1.19745   -38.802   152.628   -40.490   -119.17    165.28      1.00
   5.03831   2.68023   5.48620   -29.110   142.200   -58.104   -119.15    159.55      1.00
   3.86402   0.77185   4.02089   -21.945   138.558   -40.350   -119.14    146.27      1.00
   1.69227   0.53097   5.18365   -39.812   117.401   -56.189   -119.14    133.89      1.00
   4.73376   0.61895   3.84840   -54.641   139.136   -76.391   -119.14    173.44      1.00
   4.66313   1.10010   0.33219   -40.407   134.903   -74.054   -119.13    166.03      1.00
   3.01157   1.71506   0.77544   -65.148   132.473   -69.549   -119.12    172.89      1.00
   4.82606   0.50100   4.65334   -19.039   125.418   -62.292   -119.07    149.00      1.00
   2.70228   2.58416   0.35912   -57.529   135.875   -32.394   -119.06    159.92      1.00
   5.34901   1.07316   3.33175   -49.445   154.709   -72.823   -119.06    184.27      1.00
   3.36797   2.45029   0.03331   -21.054   117.783   -56.946   -119.04    136.31      1.00
   0.43228   1.81410   1.05643   -34.941   167.618   -62.625   -119.02    181.11      1.00
   5.20640   1.75480   5.81438   -52.962   110.874   -65.270   -119.01    145.12      1.00
   4.05407   1.00670   4.53978   -23.562   130.840   -55.931   -118.98    148.20      1.00
   1.53745   1.55039   2.95820   -53.636   157.051   -41.592   -118.95    174.13      1.00
   3.51110   1.37726   2.95618   -72.420   130.572   -31.938   -118.92    155.89      1.00
   5.38909   0.94021   3.95761   -56.404   149.134   -68.380   -118.90    182.54      1.00
   5.09234   2.43258   3.24560   -18.719   143.032   -64.661   -118.89    166.31      1.00
   0.04430   0.93330   4.46732   -49.599   154.337   -39.958   -118.87    175.87      1.00
   4.78466   1.14031   3.73027   -30.288   152.349   -28.713   -118.86    162.84      1.00
   0.03355   2.26292   2.89901   -51.044   165.240   -56.268   -118.86    185.07      1.00
   4.38982   3.01889   1.01833   -47.975   124.651   -76.840   -118.84    158.18      1.00
   1.56522   1.88947   2.28775   -34.126   161.265   -78.557   -118.83    183.80      1.00
   2.89342   2.66553   4.92673   -66.343   158.901   -58.159   -118.82    181.98      1.00
   5.33143   0.13568   1.32754   -44.156   118.230   -68.315   -118.81    142.57      1.00
   0.03699   0.95038   4.47948   -49.450   154.438   -40.188   -118.78    175.97      1.00
   2.47098   0.83168   2.76099   -71.070   148.745   -59.763   -118.75    179.93      1.00
   6.15214   1.72980   1.39121   -44.504   157.016   -25.544   -118.74    163.68      1.00
   3.19621   0.83494   1.57907   -58.038   149.297   -71.093   -118.71    183.76      1.00
   2.48869   0.45383   6.02571   -45.736   159.308   -82.899   -118.69    187.45      1.00
   1.17629   0.74814   0.77297   -44.860   169.509   -50.181   -118.68    182.78      1.00
   5.79973   1.56823   1.30794   -56.805   118.527   -58.271   -118.66    143.76      1.00
   4.63014   2.18395   5.05519   -61.772   162.977   -55.006   -118.65    187.60      1.00
   4.82852   1.30891   4.85145   -68.415   117.459   -47.545   -118.63    153.70      1.00
   1.61290   1.50316   2.49523   -64.392   153.214   -67.428   -118.58    182.75      1.00
   5.61151   1.85890   5.31997   -40.827   158.835   -61.521   -118.57    182.44      1.00
   5.39271   1.27580   2.96136   -49.760   156.565   -71.400   -118.56    184.28      1.00
   0.72624   0.60467   5.38760   -33.961   123.646   -49.373   -118.53    138.01      1.00
   4.28258   2.40182   0.19723   -61.269   155.585   -74.777   -118.51    186.38      1.00
   0.33101   1.78171   5.00618   -57.881   108.933   -39.047   -118.51    136.82      1.00
   0.67799   1.46176   5.10433   -72.018   129.078   -48.480   -118.50    160.13      1.00
   0.82847   2.06900   3.18808   -60.961   116.264   -53.921   -118.48    144.90      1.00
   5.83855   0.68383   4.69263   -52.680   156.150   -45.532   -118.47    180.76      1.00
   1.79742   1.50835   2.63358   -58.762   109.922   -48.028   -118.44    137.43      1.00
   4.67177   0.94378   3.77439   -70.669   152.735   -55.113   -118.43    183.05      1.00
   4.94856   0.75057   4.51098   -31.447   157.240   -33.867   -118.43    171.69      1.00
   1.76488   2.03352   1.37522   -42.871   106.100   -50.348   -118.41    130.14      1.00
   2.26499   1.44594   0.82634   -42.230   141.524   -89.515   -118.40    178.56      1.00
   0.93440   0.33917   0.62483   -53.806   170.214   -59.690   -118.40    187.18      1.00
   4.33580   1.90923   5.11503   -42.496   165.238   -69.567   -118.38    188.94      1.00
   1.83149   1.45239   2.12229   -72.235   138.907   -70.716   -118.37    176.60      1.00
   1.00102   2.06723   2.53231   -70.024   145.858   -60.825   -118.37    173.64      1.00
   4.92459   1.38619   1.30790   -46.050   122.691   -21.460   -118.36    134.92      1.00
   4.87010   0.85924   4.09643   -62.469   152.309   -46.249   -118.30    178.63      1.00
   2.25022   2.72111   0.80143   -67.572   119.610   -72.614   -118.29    164.09      1.00
   0.28496   1.06948   4.97883   -28.962   146.207   -53.290   -118.29    163.92      1.00
   5.18289   1.66779   4.04725   -23.222   145.143   -64.949   -118.26    169.37      1.00
   0.08534   1.35871   5.70771   -31.194   126.640   -49.503   -118.26    143.34      1.00
   4.08720   1.96687   0.04138   -27.675   148.468   -31.262   -118.24    157.69      1.00
   1.20054   2.52008   4.46637   -20.162   133.856   -74.021   -118.23    156.20      1.00
   3.88214   2.06366   0.31425   -47.066   167.699   -52.020   -118.22    186.81      1.00
   2.24109   1.16396   3.73015   -44.813   112.558   -47.640   -118.20    130.09      1.00
   0.78734   1.89993   3.53193   -41.555   109.482   -55.692   -118.19    133.20      1.00
   4.03724   1.79888   4.52683   -63.570   117.129   -37.792   -118.18    143.17      1.00
   4.12516   2.47953   2.37223   -51.333   106.108   -50.772   -118.16    138.44      1.00
   5.76575   1.35418   3.90264   -17.444   137.663   -53.669   -118.16    156.95      1.00
   7.15061   0.60040   4.11678   -42.545   145.326   -83.345   -118.15    177.89      1.00
   1.73431   1.81158   5.81314   -20.763   138.704   -51.999   -118.12    151.51      1.00
   4.43908   2.15646   4.74272   -62.855   113.292   -39.629   -118.12    141.02      1.00
   1.47832   1.68383   5.27687   -25.891   122.102   -73.175   -118.09    144.76      1.00
   5.45331   0.85538   5.20721   -72.895   144.059   -62.975   -118.09    182.81      1.00
   2.25975   0.56472   6.46879   -37.502   117.489   -74.190   -118.07    147.46      1.00
   6.32318   1.83293   5.88585   -53.481   164.164   -44.826   -118.07    182.67      1.00
   4.74164   1.36604   0.14042   -57.291   115.973   -62.723   -118.00    150.51      1.00
   5.28368   0.19785   0.62236   -71.033   121.860   -37.009   -118.00    147.73      1.00
   5.19251   2.65573   0.04579   -48.115   170.942   -48.708   -117.96    184.33      1.00
   0.30108   1.51207   5.68745   -69.411   145.263   -35.922   -117.95    169.07      1.00
   2.88250   2.23393   4.51927   -33.856   154.373   -82.441   -117.93    176.91      1.00
   3.45067   2.05820   0.16410   -42.274   167.094   -49.684   -117.90    184.68      1.00
   5.37177   0.60212   2.71484   -65.521   164.735   -59.796   -117.90    189.33      1.00
   4.62424   2.49970   5.96554   -73.908   140.093   -59.889   -117.87    171.35      1.00
   1.75503   1.80430   6.13279   -48.179   120.391   -37.293   -117.87    139.82      1.00
   2.18275   1.14259   2.70685   -34.846   154.308   -51.626   -117.85    171.19      1.00
   5.33552   1.73158   4.75741   -59.572   159.051   -47.411   -117.81    185.54      1.00
   1.56837   1.35582   3.89879   -74.029   139.810   -67.420   -117.81    173.25      1.00
   0.77303   1.18155   3.47799   -31.844   126.529   -84.842   -117.81    159.69      1.00
   4.79582   1.25069   4.91474   -68.695   127.190   -34.687   -117.79    157.97      1.00
   5.45477   0.96100   0.70181   -53.188   127.131   -76.569   -117.77    159.16      1.00
   6.19089   1.45947   1.80894   -64.764   143.465   -74.496   -117.77    174.38      1.00
   5.22677   0.89532   6.08281   -36.939   137.485   -72.720   -117.76    166.59      1.00
   3.61677   0.66951   0.71774   -47.574   152.993   -69.647   -117.75    184.21      1.00
   0.26662   1.42029   4.49967   -27.169   151.439   -52.197   -117.74    169.54      1.00
   0.84077   2.69021   3.78335   -30.225   159.285   -38.842   -117.74    168.84      1.00
   3.66920   1.93513   1.76363   -61.432   107.815   -46.951   -117.70    142.31      1.00
   1.10158   1.25199   3.35962   -46.235   145.145   -35.874   -117.70    161.72      1.00
   2.89963   0.96700   4.48981   -58.060   124.338   -31.339   -117.68    139.94      1.00
   4.83431   0.79991   5.89784   -61.829   118.491   -71.418   -117.65    160.86      1.00
   2.61752   1.08572   6.02175   -29.174   122.952   -31.945   -117.64    133.84      1.00
   4.79544   1.73636   3.28002   -41.958   132.757   -17.774   -117.64    147.20      1.00
   3.93370   1.92807   1.07014   -33.126   114.675   -32.261   -117.63    131.18      1.00
   0.20539   1.87744   4.11688   -40.301   158.269   -46.752   -117.62    177.44      1.00
   1.52247   1.58773   2.65567   -26.689   146.072   -81.743   -117.61    170.80      1.00
   0.03390   1.45518   5.01439   -57.213   106.316   -58.281   -117.61    141.16      1.00
   2.56718   1.27772   5.01825   -48.467   116.626   -51.824   -117.60    136.23      1.00
   5.94024   1.98153   0.79839   -72.187   151.306   -35.526   -117.59    170.87      1.00
   0.52514   2.02412   3.48503   -39.218   108.956   -53.889   -117.58    132.14      1.00
   4.97289   1.40048   5.39964   -37.273   117.830   -66.769   -117.55    149.07      1.00
   0.22478   1.19234   6.10214   -74.649   137.186   -46.182   -117.51    163.97      1.00
   2.59367   1.53993   1.10903   -68.264   129.824   -60.512   -117.51    168.03      1.00
   4.34587   2.48973   0.57845   -49.063   121.868   -68.853   -117.49    152.55      1.00
   1.58104   0.98797   4.74885   -37.935   126.629   -37.900   -117.49    137.18      1.00
   2.56562   2.26110   3.44595   -51.479   157.373   -83.709   -117.49    185.34      1.00
   3.93485   1.54713   1.59651   -40.344   110.491   -34.615   -117.49    130.34      1.00
   0.88303   3.23976   4.21262   -41.683   157.670   -78.790   -117.48    186.00      1.00
   1.81645   2.83158   4.57882   -50.397   121.120   -73.015   -117.48    152.69      1.00
   3.97276   1.08509  -0.03407   -16.736   143.110   -59.849   -117.45    163.65      1.00
   4.17490   1.59928   1.91266   -72.731   141.289   -48.840   -117.44    173.16      1.00
   3.13109   0.92465   4.58069   -23.266   149.965   -52.656   -117.41    159.15      1.00
   1.65783   1.31655   3.53390   -72.789   147.676   -69.145   -117.41    180.35      1.00
   4.15150   2.56492   5.60297   -34.138   122.786   -62.626   -117.39    143.44      1.00
   4.99477   0.38362   2.73480   -70.153   159.273   -59.569   -117.29    184.64      1.00
   2.66501   0.63338   4.01193   -73.782   148.158   -44.304   -117.27    170.07      1.00
   2.38079   1.69144   5.60458   -28.429   157.449   -38.215   -117.27    165.46      1.00
   1.95227   1.98103   2.34632   -51.204   157.872   -84.282   -117.27    188.40      1.00
   5.02254   1.81852   1.27260   -66.887   152.348   -45.247   -117.26    175.08      1.00
   2.05684   0.59111   0.83002   -62.944   135.714   -49.246   -117.25    164.69      1.00
   1.64008   1.18439   1.57519   -32.505   153.480   -41.028   -117.23    167.45      1.00
   1.73637   1.44267   5.54284   -55.477   125.497   -36.578   -117.20    143.76      1.00
   2.48276   0.72039   6.07390   -32.122   139.332   -26.606   -117.15    148.16      1.00
   0.93544   1.97754   4.58423   -48.669   105.172   -60.055   -117.05    135.05      1.00
   4.57712   1.56818   6.15817   -48.656   133.552   -17.600   -117.04    148.52      1.00
   5.62147   0.74677   4.91266   -52.093   156.468   -45.309   -117.04    180.81      1.00
   4.51223   1.63335   6.01814   -41.601   131.635   -73.988   -117.03    163.14      1.00
   0.49633   1.63260   4.87635   -69.864   124.693   -46.235   -117.02    156.84      1.00
   0.15005   1.77175   4.42623   -19.665   130.925   -48.904   -117.02    148.61      1.00
   2.96172   1.56061   0.25097   -19.674   119.617   -55.550   -117.01    139.64      1.00
   1.59130   1.52025   4.41376   -58.284   114.622   -46.705   -116.96    137.86      1.00
   0.05404   2.50792   4.81920   -47.438   152.925   -37.643   -116.95    173.66      1.00
   6.10856   0.62770   2.35700   -25.725   136.846   -79.565   -116.94    161.64      1.00
  -0.02978   2.24836   1.01318   -45.224   169.824   -43.418   -116.93    179.95      1.00
   5.59396   1.46657   5.31724   -47.042   116.263   -78.844   -116.90    156.05      1.00
   3.72741   0.40627   4.15780   -69.216   155.442   -40.845   -116.89    175.91      1.00
   1.63982   1.23091   6.01762   -68.010   150.617   -61.685   -116.88    177.57      1.00
   2.65703   0.91455   3.20320   -60.923   165.010   -51.660   -116.88    185.08      1.00
   4.16277   1.75990   6.00413   -49.322   113.755   -40.495   -116.88    136.56      1.00
   0.83545   0.53917   4.14077   -43.340   144.983   -82.490   -116.87    177.65      1.00
   2.03285   2.53685   2.89615   -32.848   131.246   -44.678   -116.86    142.83      1.00
   2.30428   1.31213   2.97636   -52.934   157.464   -82.982   -116.84    188.02      1.00
   0.33616   2.21367   0.83643   -46.128   136.830   -87.918   -116.84    168.72      1.00
   3.90897   0.98459   5.98088   -22.683   143.075   -38.446   -116.83    157.22      1.00
   0.97495   2.62666   2.29827   -72.692   137.180   -75.420   -116.83    171.95      1.00
   5.53298   1.60785   0.20579   -61.799   114.059   -57.835   -116.83    144.59      1.00
   4.17116   2.89112   6.07719   -22.189   145.275   -34.146   -116.82    149.91      1.00
   3.41937   1.37370   2.32395   -37.317   120.330   -73.361   -116.79    152.11      1.00
   2.23734   2.01573   5.00253   -52.084   167.402   -37.992   -116.78    179.87      1.00
   4.63340   1.35351   4.69986   -56.212   145.394   -73.465   -116.77    180.65      1.00
   0.91298   2.62048   3.87962   -20.512   130.045   -69.250   -116.74    150.13      1.00
   0.69557   0.52347   4.45156   -71.098   151.893   -57.193   -116.72    182.77      1.00
   4.14212   1.51433   3.31728   -28.681   158.541   -50.981   -116.71    173.15      1.00
  -0.29835   2.61883   1.39061   -43.395   120.655   -39.738   -116.64    133.89      1.00
  -0.40620  -0.40829   1.72997   -22.592   156.015   -52.216   -116.53    163.66      1.00
   5.58389   1.96276   5.31988   -32.627   114.313   -51.183   -116.50    136.87      1.00
   0.74734   2.02890   2.46438   -61.481   137.080   -84.199   -116.49    172.44      1.00
   2.80093   1.45634   0.95834   -66.016   128.011   -60.595   -116.47    166.12      1.00
   5.53407   0.81082   3.64699   -27.544   153.839   -33.085   -116.47    166.27      1.00
   3.31998   1.12199   5.02324   -67.089   144.219   -45.098   -116.42    168.10      1.00
   3.83836   1.64297   2.06818   -74.450   136.215   -50.152   -116.41    170.82      1.00
   4.95104   1.13694   3.67348   -69.508   151.076   -50.037   -116.36    181.04      1.00
   5.21182   1.59200   1.20202   -71.121   139.888   -37.839   -116.35    163.06      1.00
  -0.21362   2.72943   3.09633   -62.015   131.191   -46.547   -116.31    159.12      1.00
   2.15938   1.01438   4.80448   -26.524   146.001   -69.073   -116.27    160.87      1.00
   1.03502   2.64196   1.84646   -47.516   172.918   -47.025   -116.27    185.35      1.00
  -0.69552   0.33371   3.51486   -34.448   111.234   -48.984   -116.27    133.28      1.00
   1.64100   1.25016   0.46241   -24.596   154.941   -48.774   -116.25    166.20      1.00
   4.38597   2.14944   3.27934   -62.100   120.604   -26.541   -116.19    146.53      1.00
   2.95303   1.72069   5.48247   -66.878   139.492   -40.989   -116.19    163.30      1.00
   1.28674   1.28126   1.90765   -67.684   145.133   -62.077   -116.19    175.97      1.00
   5.11519   2.10987   5.49886   -31.034   143.697   -65.827   -116.18    166.51      1.00
   0.83626   2.27834   4.49818   -63.932   126.485   -47.302   -116.13    156.12      1.00
   1.52997   1.20386   3.57461   -42.562   163.506   -59.291   -116.12    181.57      1.00
  -0.11486   1.09523   3.84419   -25.509   117.457   -39.659   -116.11    135.35      1.00
   3.80433   1.85414   4.21918   -29.362   154.631   -44.845   -116.10    166.04      1.00
   5.44480   0.39571   0.99457   -72.453   157.575   -55.899   -116.09    182.01      1.00
   2.57922   0.78051   1.69663   -27.547   132.954   -83.363   -116.06    166.93      1.00
   0.27313   1.23316   4.48013   -26.331   151.373   -52.594   -116.05    169.46      1.00
   6.01879   1.74632   5.25994   -28.976   147.944   -52.880   -116.05    167.12      1.00
   1.05330   1.04748   1.21847   -70.505   155.782   -54.288   -116.03    181.82      1.00
   3.13991   0.99530   4.52476   -23.892   150.568   -52.138   -116.00    159.63      1.00
   4.73056   3.34715   6.76404   -36.517   117.105   -51.896   -115.97    132.95      1.00
   2.98667   0.67332   0.54545   -43.221   106.155   -48.814   -115.97    134.39      1.00
   3.51024   3.27203   4.22104   -32.734   129.707   -45.486   -115.95    142.20      1.00
   2.38990   1.34663   0.66784   -44.480   106.845   -67.607   -115.93    141.17      1.00
   3.27996   2.22188   0.43523   -17.486   136.570   -62.514   -115.93    156.85      1.00
   4.98429   2.25190   3.42930   -31.351   157.687   -42.688   -115.89    174.94      1.00
   1.47496   1.08541   4.94715   -60.826   115.901   -76.284   -115.89    150.64      1.00
   1.17631   2.84013   1.81423   -75.116   151.880   -60.087   -115.87    180.44      1.00
   1.70953   2.74489   1.54882   -32.866   154.088   -65.791   -115.85    175.00      1.00
   0.86926   1.31045   3.47213   -20.182   130.594   -68.440   -115.84    152.22      1.00
   3.57845   1.85876   0.94015   -63.976   132.067   -57.156   -115.83    167.03      1.00
   1.79202   1.63938   0.75460   -46.930   154.416   -84.200   -115.82    186.00      1.00
   0.84999   1.84274   4.12542   -64.781   139.752   -82.982   -115.80    178.90      1.00
   1.12632   0.43881   2.59709   -23.230   123.158   -70.348   -115.79    150.57      1.00
   5.29360   2.87274   0.35940   -74.287   138.524   -66.498   -115.78    170.99      1.00
   3.03884   1.94310   3.68121   -34.348   156.395   -46.628   -115.76    167.26      1.00
   2.61870   1.77249   4.87529   -38.430   149.757   -86.487   -115.76    175.77      1.00
   4.57949   0.85129   4.13375   -65.864   139.996   -38.807   -115.74    166.16      1.00
   0.05680   0.03740   4.62678   -51.944   138.624   -82.031   -115.74    177.06      1.00
   5.95186   0.94579   3.04024   -29.446   143.515   -26.283   -115.71    153.90      1.00
   0.78162   0.82436   1.00313   -73.765   149.629   -53.441   -115.55    175.90      1.00
  -0.05782   1.85572   5.79026   -43.148   162.872   -55.724   -115.54    182.21      1.00
   5.35609   0.33822   3.87412   -64.338   142.503   -60.273   -115.54    175.85      1.00
   4.86842   1.50173   0.44083   -61.198   119.403   -61.630   -115.53    152.71      1.00
   0.78286   0.77269   3.88425   -38.239   145.501   -83.641   -115.51    177.70      1.00
   3.12132   1.71440   1.08185   -68.036   124.123   -56.430   -115.49    162.75      1.00
   0.31905   2.28413   0.83719   -46.361   136.663   -87.798   -115.48    168.71      1.00
   2.29700   1.40838   2.94960   -34.655   154.106   -51.910   -115.45    169.13      1.00
   5.84553   2.21252   4.41295   -69.339   141.371   -44.197   -115.40    173.80      1.00
   4.53106   1.72774   0.26139   -57.687   117.213   -54.868   -115.39    147.70      1.00
   0.60576   1.58858   5.84941   -38.564   128.256   -36.289   -115.37    141.87      1.00
   0.45510   1.74901   0.85026   -34.753   157.550   -44.547   -115.37    166.87      1.00
   4.68197   1.17951   1.66515   -28.068   131.806   -61.966   -115.35    151.54      1.00
   1.46718   2.59578   3.68856   -45.909   119.932   -42.027   -115.34    135.71      1.00
   5.19028   1.89784   0.42346   -72.004   150.820   -48.833   -115.31    176.13      1.00
   4.04310   1.95969   0.44500   -56.648   119.841   -31.858   -115.29    142.93      1.00
   2.11094   2.08360   3.12721   -50.029   152.170   -33.552   -115.27    164.37      1.00
   3.24073   0.22593   0.59246   -49.978   158.399   -46.494   -115.26    182.24      1.00
   3.59212   1.72016   1.25039   -65.062   135.910   -35.487   -115.24    164.30      1.00
   5.68221   0.90281   1.01175   -55.174   131.188   -78.339   -115.23    162.11      1.00
   3.93097   0.79175   0.07658   -28.788   122.396   -27.926   -115.22    138.01      1.00
   2.70471   2.18939   4.47264   -41.615   172.248   -49.638   -115.22    182.28      1.00
   5.02857   1.94597   0.27679   -72.001   150.647   -48.730   -115.21    176.59      1.00
   1.36193   0.79383   3.38101   -41.265   159.610   -60.498   -115.21    180.97      1.00
   4.56669   0.51696   5.26133   -58.351   122.215   -29.002   -115.21    149.03      1.00
   0.36406   0.69147   4.64471   -45.202   153.435   -37.420   -115.16    171.18      1.00
   3.66741   0.45120   0.28419   -59.134   113.996   -64.209   -115.13    154.15      1.00
   2.79869   1.41579   5.26001   -66.876   138.422   -42.659   -115.10    161.40      1.00
  -0.16131   1.35900   4.18501   -69.327   140.278   -62.917   -115.09    178.46      1.00
   1.14976   0.15076   3.49021   -51.242   140.334   -83.054   -115.08    178.48      1.00
   2.54627   1.01596   2.83454   -32.202   137.567   -47.362   -115.08    153.07      1.00
   0.46587   2.40969   3.57599   -43.304   168.344   -56.985   -115.07    186.57      1.00
   0.80767   1.64546   4.58990   -50.898   151.225   -86.348   -115.06    185.01      1.00
   3.31883   2.30635   4.39877   -38.011   123.915   -65.357   -115.04    145.85      1.00
   3.08670   2.96484   5.91944   -21.989   121.904   -67.092   -115.04    142.87      1.00
   3.28633   2.43042   1.43061   -72.966   133.524   -60.059   -115.04    173.84      1.00
   5.86938   0.68491   3.66252   -24.329   149.727   -35.598   -115.03    163.24      1.00
   4.59519   1.72152   5.36948   -73.726   124.038   -47.391   -115.03    158.75      1.00
   5.67687   2.21514   5.15679   -73.185   138.074   -47.010   -114.99    170.80      1.00
   2.31882   1.53566   0.00899   -60.245   151.164   -46.747   -114.98    174.80      1.00
   3.95296   1.73986  -0.01236   -27.995   149.402   -31.124   -114.96    159.81      1.00
   2.12335   1.03643   6.29666   -61.426   156.093   -46.376   -114.96    177.59      1.00
   5.64704   2.65711   2.90660   -38.212   167.619   -52.431   -114.96    185.46      1.00
   3.45158   1.66934   0.80856   -65.582   130.616   -55.602   -114.94    166.27      1.00
   4.19496   1.55379   2.62123   -67.910   118.187   -36.421   -114.93    147.10      1.00
   3.00758   0.28511   5.32887   -35.029   124.874   -75.575   -114.93    151.87      1.00
   0.10639   2.92206   1.07923   -43.968   172.054   -43.030   -114.92    182.29      1.00
   5.61232   1.00932   2.57881   -63.831   162.141   -50.599   -114.91    184.54      1.00
   4.46478   1.67426   5.98785   -41.496   131.649   -74.116   -114.88    163.03      1.00
   5.11523   1.12324   0.65614   -32.830   135.641   -67.368   -114.85    158.28      1.00
   1.07799   1.48002   0.07829   -29.054   126.358   -77.353   -114.83    150.70      1.00
   3.99114   1.84395   2.34507   -66.739   113.481   -40.938   -114.83    145.90      1.00
   4.08725   0.99683   3.21418   -43.297   142.055   -77.524   -114.79    170.03      1.00
   1.83222   1.87068   0.00813   -51.536   152.628   -83.742   -114.79    185.39      1.00
   1.73059   1.10469   4.79673   -59.769   117.429   -78.573   -114.74    152.01      1.00
  -0.16141   1.45873   5.84526   -30.120   127.726   -51.611   -114.73    145.13      1.00
   4.84888   2.63318   4.14219   -67.497   122.248   -29.256   -114.68    151.03      1.00
   3.47354   2.07448   0.73960   -63.090   135.302   -60.022   -114.66    169.93      1.00
   2.17080   1.95185   4.64892   -25.754   148.200   -42.186   -114.64    154.75      1.00
   2.16613   2.06144   5.97517   -24.975   149.504   -39.452   -114.63    160.47      1.00
   0.82322   1.78965   3.17384   -64.564   148.516   -80.451   -114.63    183.40      1.00
   0.68009   2.00769   0.88520   -46.098   131.998   -31.597   -114.61    144.74      1.00
   5.74312   1.57064   4.63714   -42.428   135.466   -16.354   -114.57    152.89      1.00
  -0.07052   2.12646   3.33875   -46.803   109.426   -45.865   -114.57    134.85      1.00
   2.80794   0.54230   3.48459   -70.183   129.285   -79.399   -114.55    167.15      1.00
   5.73230   0.97806   4.00109   -63.943   143.875   -44.707   -114.55    173.93      1.00
   3.50758   0.74212   4.42126   -21.117   147.424   -52.854   -114.54    157.62      1.00
   2.66768   0.48733   0.30861   -60.720   150.106   -56.453   -114.54    178.96      1.00
   4.58556   2.74225   5.78150   -73.992   148.907   -51.439   -114.54    174.89      1.00
   1.03077   0.54464   0.58596   -52.033   153.778   -87.009   -114.49    183.09      1.00
   5.15029   0.71094   3.54508   -32.593   161.824   -35.438   -114.45    173.13      1.00
   0.42310   0.99362   4.73919   -54.459   145.401   -85.829   -114.43    182.37      1.00
   1.04790   2.31498   1.33592   -28.967   142.152   -49.116   -114.41    154.74      1.00
   6.15622   1.13959   5.75994   -73.702   126.589   -38.085   -114.38    155.29      1.00
   1.12788   2.71354   3.13728   -63.843   162.459   -54.369   -114.38    182.60      1.00
   5.41578   0.40028   2.67886   -42.938   173.499   -54.706   -114.37    187.45      1.00
   4.32617   1.26297   5.70514   -48.725   109.599   -40.679   -114.36    135.24      1.00
   3.01958   2.20394   4.77274   -51.004   123.980   -73.703   -114.34    153.30      1.00
   5.57851   1.64972   6.22718   -45.295   161.229   -34.231   -114.33    173.93      1.00
   4.27148   2.35349   2.33984   -20.421   149.294   -48.483   -114.31    166.15      1.00
   0.25029   2.68508  -0.02567   -32.120   154.201   -64.509   -114.30    174.91      1.00
   0.47702   0.59199   1.63179   -49.854   132.483   -82.627   -114.25    165.15      1.00
   2.70335   0.65092   3.90383   -74.238   146.471   -44.198   -114.22    168.98      1.00
   3.09725   2.99272   5.79455   -53.272   159.018   -32.680   -114.21    173.27      1.00
   3.62107   1.25413   4.39325   -61.599   124.695   -64.584   -114.21    156.21      1.00
   3.60604   1.37954   4.37450   -37.036   131.301   -22.091   -114.21    139.13      1.00
   5.46182   1.51520   5.24746   -31.507   144.236   -66.271   -114.20    170.03      1.00
   4.09282   1.67921   4.90874   -42.350   172.653   -55.290   -114.19    190.07      1.00
   0.21388   1.75801   4.35435   -26.468   138.985   -31.842   -114.16    152.95      1.00
   1.04191   2.58591   4.12829   -21.529   130.687   -72.400   -114.16    152.62      1.00
   2.39062   1.95527   0.13605   -29.204   163.318   -49.372   -114.14    178.41      1.00
   3.67271   1.38393   0.27802   -24.581   142.545   -32.753   -114.13    155.43      1.00
   1.74773   1.79121   5.96939   -20.335   136.802   -52.371   -114.11    150.11      1.00
   5.62914   0.74634   4.28506   -53.689   155.760   -46.838   -114.08    181.26      1.00
   5.34018   1.74636   4.70061   -60.238   158.865   -47.472   -114.07    185.74      1.00
   1.62751   1.74985   3.95437   -31.132   130.329   -85.224   -114.04    157.60      1.00
   0.21408   1.54624   1.78499   -68.797   152.543   -52.081   -114.03    175.58      1.00
   0.97299   2.45744   2.56525   -54.209   128.269   -84.051   -114.03    161.76      1.00
   5.31624   0.92804   5.12539   -39.754   153.125   -68.999   -114.02    182.00      1.00
   2.96933   1.88030  -0.31041   -62.135   133.369   -67.381   -113.91    167.37      1.00
   0.40833   2.31272   0.28032   -40.725   127.093   -34.317   -113.91    141.15      1.00
   3.59173   0.67805   0.44644   -57.758   118.243   -70.700   -113.86    159.72      1.00
   2.94982   1.66484   4.32879   -28.920   159.949   -47.315   -113.83    167.55      1.00
   1.18365   0.38926   4.64211   -60.178   163.920   -53.871   -113.83    184.61      1.00
   2.32080   1.94145   4.54568   -59.463   127.327   -78.169   -113.80    159.99      1.00
   5.15965   1.88899   4.90538   -26.817   135.737   -63.277   -113.80    160.39      1.00
   1.55427   0.97474   0.19222   -46.544   150.423   -88.189   -113.76    180.26      1.00
   2.58016   1.55630   0.09708   -45.223   112.652   -43.520   -113.75    135.78      1.00
   1.56498   2.05989   4.31362   -15.783   136.810   -61.439   -113.75    150.03      1.00
   5.46346   2.86455   0.52528   -74.211   138.518   -67.038   -113.73    171.07      1.00
  -0.04570   1.34607   4.05598   -27.748   112.635   -42.919   -113.73    132.56      1.00
   0.78939   1.94186   4.69118   -66.397   122.272   -47.048   -113.71    153.26      1.00
   5.95015   2.06042   4.09630   -29.498   132.475   -81.511   -113.69    166.66      1.00
   2.42760   1.89549   4.07345   -54.232   114.495   -48.248   -113.67    134.64      1.00
   4.15486   1.43199   1.83384   -58.551   159.007   -53.100   -113.64    183.62      1.00
   5.50358   0.99710   3.21911   -32.198   157.999   -72.871   -113.64    181.82      1.00
   5.52596   0.99948   6.16427   -64.241   134.566   -80.814   -113.59    174.23      1.00
   4.15293   1.68190   1.83086   -71.862   140.602   -47.650   -113.57    172.29      1.00
   5.00939   1.91385   4.70121   -55.197   151.599   -71.664   -113.56    184.93      1.00
   4.75634   0.92428   2.36258   -51.810   131.653   -75.255   -113.53    162.64      1.00
   2.44377   1.69937   0.67928   -41.584   160.645   -34.498   -113.51    177.36      1.00
   0.63981   1.32289   0.84067   -51.077   117.791   -74.855   -113.51    147.57      1.00
   2.77203   1.67706   0.85109   -67.269   124.139   -58.803   -113.50    162.77      1.00
   3.89951   1.89512   5.47049   -42.909   162.904   -71.151   -113.48    186.22      1.00
   3.48694   2.39548   5.25182   -39.499   124.685   -33.900   -113.47    135.86      1.00
   2.59521   2.60344   0.62283   -58.738   151.792   -57.671   -113.40    181.64      1.00
   1.28989   2.16299   5.63132   -64.438   147.630   -64.755   -113.40    178.95      1.00
   4.90005   1.11747   3.91573   -67.060   153.672   -51.101   -113.39    183.06      1.00
   0.02879   0.51941   2.05621   -48.614   134.742   -81.942   -113.39    166.80      1.00
   0.28323   0.60197   4.63540   -63.241   107.575   -54.424   -113.36    143.03      1.00
   2.04028   1.74728   6.14513   -34.638   115.706   -39.831   -113.28    131.53      1.00
   1.19271   0.98753   3.02071   -57.265   155.166   -70.303   -113.26    185.19      1.00
   2.20744   2.44670   4.40855   -34.749   138.895   -30.617   -113.25    145.68      1.00
   2.25596   2.83447   6.16950   -45.365   140.360   -26.704   -113.20    157.93      1.00
   4.36424   1.46666   1.10988   -69.059   138.937   -37.223   -113.13    165.64      1.00
   1.69639   1.28268   5.54330   -55.859   125.106   -36.764   -113.09    142.86      1.00
   4.58018   1.81375   5.96081   -69.970   148.467   -40.739   -113.07    174.02      1.00
   3.26421   1.58978   3.83580   -67.210   161.964   -50.410   -113.05    182.90      1.00
   1.93927   1.78111   2.49626   -72.987   143.162   -59.480   -113.05    174.42      1.00
   2.62249   1.65359   1.37676   -71.302   133.167   -62.843   -113.03    172.70      1.00
   5.17848   1.19873   0.46200   -34.316   134.903   -68.504   -112.94    158.80      1.00
   0.58159   1.95561   4.13235   -63.460   121.494   -47.338   -112.94    152.06      1.00
   4.22107   2.25671   6.10576   -70.952   155.297   -56.839   -112.94    183.21      1.00
   5.53464   1.01824   3.58706   -28.354   123.582   -75.935   -112.92    155.00      1.00
   3.51727   1.04731   0.17889   -20.677   122.713   -42.853   -112.90    139.71      1.00
   1.84251   1.19147   4.92045   -33.883   169.079   -61.829   -112.88    181.33      1.00
   5.20446   1.78033   5.76867   -52.225   110.063   -64.910   -112.81    144.12      1.00
   1.88074   0.77416   4.46033   -76.224   139.049   -71.829   -112.80    173.02      1.00
   2.77230   1.93245   0.87963   -46.066   128.955   -21.967   -112.78    148.45      1.00
   4.27542   2.66383   4.16735   -42.387   108.079   -41.907   -112.78    129.26      1.00
   5.40619   2.42692   4.80699   -68.947   153.748   -50.736   -112.74    184.03      1.00
   2.38536   0.51628   2.48043   -71.197   152.138   -44.190   -112.69    180.86      1.00
   3.70908   1.73940   0.57506   -44.790   149.534   -75.407   -112.68    181.20      1.00
   4.72392   0.41610   3.53054   -19.675   139.374   -65.763   -112.68    156.76      1.00
   1.89041   2.09908   0.42954   -50.966   154.139   -81.878   -112.66    187.45      1.00
   5.65892   0.37440   1.79577   -48.531   117.136   -53.520   -112.65    136.99      1.00
   5.96054   1.58480   2.37628   -63.921   148.117   -42.564   -112.65    169.97      1.00
   0.65099   2.64913   5.91573   -51.230   160.546   -53.718   -112.62    184.22      1.00
   2.50625   1.00965   3.87263   -56.498   160.223   -78.371   -112.62    185.94      1.00
   0.53709   0.53252   3.79190   -47.435   144.152   -82.193   -112.55    180.17      1.00
   0.38111   1.98276   1.39525   -72.076   138.493   -38.207   -112.55    160.66      1.00
   5.44844   2.80057   0.44392   -74.246   138.086   -67.104   -112.53    170.89      1.00
   1.42760   0.42570   4.29402   -49.353   104.175   -52.722   -112.50    128.65      1.00
   4.09675   1.66595   4.68877   -58.909   165.586   -58.358   -112.49    189.62      1.00
   4.76913   1.24608   5.19283   -69.257   130.509   -34.266   -112.48    160.69      1.00
   1.87832   2.29448   5.84495   -53.961   133.134   -31.029   -112.47    153.70      1.00
   2.52899   1.38130   3.91334   -46.687   162.187   -38.782   -112.46    171.93      1.00
   5.59096   2.32100   4.35330   -56.951   111.258   -35.269   -112.42    140.27      1.00
   0.29042   2.89662   3.72775   -17.417   146.206   -48.832   -112.42    159.19      1.00
   3.02956   1.99915   6.17464   -69.284   141.540   -34.021   -112.39    167.99      1.00
  -0.40045   0.01890   2.57491   -33.183   169.599   -51.192   -112.37    181.60      1.00
   2.28222   0.12099   0.43698   -29.590   155.654   -33.968   -112.36    166.63      1.00
   4.67616   2.00419   6.06685   -23.587   145.802   -32.187   -112.30    153.95      1.00
   4.20160   0.72903   1.89719   -39.747   138.917   -76.293   -112.30    166.79      1.00
   0.32163  -0.01373  -0.23420   -53.221   163.041   -32.791   -112.30    174.24      1.00
   5.49255   1.18608   3.63500   -54.601   153.015   -69.305   -112.29    184.98      1.00
   4.32383   1.31594   4.52667   -65.418   151.773   -48.422   -112.29    178.51      1.00
   0.12089   1.35460   3.72699   -47.813   157.935   -51.174   -112.25    180.66      1.00
   5.67216   1.49495   5.44570   -30.226   120.759   -61.858   -112.17    146.31      1.00
   4.88331   0.45220   0.01606   -74.268   148.234   -57.419   -112.15    183.20      1.00
   2.52474   0.51567   1.53469   -24.423   120.796   -70.765   -112.14    150.29      1.00
   4.25175   1.88123   5.15647   -39.014   158.561   -26.878   -112.13    168.95      1.00
  -0.03410   2.80334   3.58038   -44.226   112.074   -72.574   -112.13    147.51      1.00
   1.14778   1.23888   5.57431   -65.092   117.423   -74.885   -112.11    153.72      1.00
   4.58610   1.71063   5.76262   -41.626   151.218   -74.378   -112.07    179.53      1.00
   2.38833   2.60219   0.05611   -57.880   135.215   -34.165   -112.06    159.48      1.00
  -0.44414   2.01667   4.12363   -66.457   141.605   -43.609   -112.05    172.85      1.00
   4.58890   1.65283   1.62191   -63.116   156.810   -42.229   -112.03    179.02      1.00
   4.45660   2.87474   4.91387   -30.563   144.726   -62.937   -112.02    163.40      1.00
   0.29868  -0.22034   1.36506   -45.646   172.299   -49.645   -112.01    184.61      1.00
   1.50696   0.87840   0.72420   -40.332   113.727   -72.585   -112.01    142.61      1.00
   4.31516  -0.15653   5.58809   -19.594   121.758   -52.849   -111.99    142.21      1.00
   2.38864   2.74180  -0.07148   -58.812   137.287   -34.732   -111.98    161.58      1.00
  -0.00721   1.85639   5.87430   -44.106   163.290   -54.264   -111.95    181.94      1.00
   1.29811   2.77208   4.83901   -45.886   142.197   -28.721   -111.94    158.34      1.00
   4.34607   0.88532   3.77052   -32.252   170.598   -57.281   -111.92    185.17      1.00
   1.00966   0.61841   0.96750   -38.203   160.413   -37.593   -111.90    169.51      1.00
  -0.04060   2.00044   3.81584   -65.691   138.931   -56.804   -111.90    172.69      1.00
   5.95842   1.80887   4.46042   -25.384   145.735   -65.820   -111.90    170.70      1.00
   0.62597   2.49434   4.29622   -63.162   128.650   -48.036   -111.86    158.63      1.00
   2.04091   0.61977   1.53435   -28.835   149.443   -38.491   -111.86    164.83      1.00
   3.92707   2.40322   1.01701   -63.502   126.277   -48.831   -111.85    157.71      1.00
   5.82060   2.54183   4.16057   -59.596   150.785   -60.439   -111.84    182.83      1.00
   4.63694   2.44756   2.01675   -62.633   146.286   -47.896   -111.83    174.01      1.00
   0.45036   2.68625   4.20864   -63.902   130.274   -49.052   -111.72    161.34      1.00
   3.74107   2.36837   1.75127   -35.729   106.072   -43.393   -111.71    129.65      1.00
   0.98069   2.82870   3.67549   -33.567   162.673   -38.286   -111.70    171.49      1.00
   5.01813   0.36203   5.59515   -70.347   121.916   -67.171   -111.69    165.90      1.00
   0.03326   0.76165   5.47148   -58.919   109.651   -39.819   -111.69    135.04      1.00
   4.00116   2.62513   5.34342   -35.600   122.996   -60.633   -111.63    142.78      1.00
   2.24319   0.81730   5.88917   -20.794   125.792   -48.431   -111.60    136.24      1.00
   1.96940   2.02138   0.41727   -53.375   120.195   -34.544   -111.52    143.65      1.00
   5.90924   1.79814   4.50238   -22.445   127.520   -49.347   -111.51    147.79      1.00
   4.39836   2.97871   5.91563   -53.946   127.881   -29.431   -111.51    141.85      1.00
   1.31154   2.77005   4.90470   -46.047   141.952   -28.817   -111.50    158.41      1.00
   5.22156   1.93103   5.62792   -61.133   110.140   -59.845   -111.49    145.44      1.00
   1.32596   0.72452   5.75103   -69.032   154.575   -57.956   -111.48    177.53      1.00
   1.92348   2.53596   0.71781   -54.064   143.321   -85.852   -111.47    182.49      1.00
   2.77700   1.30992   6.01760   -61.445   151.006   -69.814   -111.43    182.31      1.00
   0.85567   2.37776   4.49412   -19.770   125.943   -68.454   -111.43    148.38      1.00
   4.55457   1.67063   5.68226   -42.975   152.054   -74.198   -111.42    180.78      1.00
   1.25247   0.59157   4.19985   -70.823   157.261   -59.046   -111.39    185.71      1.00
   1.59308   2.88850   5.07062   -30.793   164.831   -51.096   -111.38    179.74      1.00
   2.52651   1.43632   1.89810   -72.299   130.934   -55.541   -111.36    167.31      1.00
   4.24955   1.91284  -0.19032   -33.385   154.838   -29.405   -111.32    164.40      1.00
   4.38255   2.23986   3.23378   -39.635   151.677   -31.056   -111.29    167.76      1.00
   5.19540   1.64649   2.65033   -33.483   165.389   -68.556   -111.29    186.43      1.00
   2.91188   1.58647   2.38954   -52.088   160.977   -61.590   -111.25    186.11      1.00
   1.58481   1.31761   1.60823   -32.270   152.699   -42.393   -111.24    166.48      1.00
   2.32724   2.77984   3.24328   -36.052   119.496   -63.728   -111.24    140.24      1.00
   0.70336   1.41762   1.43673   -63.828   125.250   -54.434   -111.18    151.76      1.00
   4.59539   0.42340   2.04749   -43.439   171.286   -49.743   -111.16    183.15      1.00
   2.89453   2.59060   0.97581   -28.995   159.960   -68.451   -111.15    184.47      1.00
   1.17539   1.80721   4.01193   -42.501   153.949   -37.347   -111.14    166.82      1.00
   3.48720   1.48003   2.20183   -61.668   157.535   -51.140   -111.12    183.60      1.00
   6.05007   1.56435   6.09973   -75.662   147.746   -60.036   -111.12    179.22      1.00
   1.60347   0.66384   4.64759   -65.005   120.587   -77.094   -111.10    156.25      1.00
   3.84596   2.06576   5.51221   -51.685   125.690   -74.299   -111.10    158.80      1.00
   1.77955   1.75215  -0.05297   -49.417   119.922   -38.146   -111.10    140.15      1.00
   2.96523   1.88575  -0.10560   -68.220   140.338   -32.872   -111.07    166.40      1.00
   3.11857   0.46346   4.64473   -49.213   119.379   -62.562   -111.01    143.72      1.00
   5.48082   2.07045   4.78883   -65.659   155.156   -47.772   -110.99    184.02      1.00
   4.36034   2.73772   4.48996   -75.511   144.205   -55.011   -110.97    175.96      1.00
   4.59544   2.06717   5.20968   -46.595   156.331   -73.638   -110.95    184.10      1.00
   5.36470   0.80985   3.10726   -23.582   163.865   -57.182   -110.91    177.94      1.00
   4.61093   2.58549   4.24471   -38.118   145.609   -34.060   -110.90    161.12      1.00
   1.47869   0.71469   1.96683   -59.465   154.335   -62.943   -110.89    183.93      1.00
   3.63433   1.37618   5.26826   -59.224   137.055   -73.723   -110.89    171.58      1.00
   0.59868   1.09448   0.30361   -75.955   143.825   -48.656   -110.88    169.22      1.00
   5.51463   0.98464   3.72793   -39.385   159.123   -70.409   -110.88    186.00      1.00
   5.33180   2.06602   5.61111   -62.523   110.282   -60.525   -110.85    146.06      1.00
   5.16311   1.72224   0.24258   -57.964   157.027   -79.581   -110.83    188.64      1.00
   4.11588   1.72373   4.73520   -57.265   166.402   -59.636   -110.81    190.22      1.00
   4.93029   2.06064   2.01760   -61.534   132.279   -69.668   -110.77    168.01      1.00
   4.36106   2.31384   1.72428   -32.688   162.447   -40.413   -110.76    176.71      1.00
   4.05597   2.36769   4.77563   -51.254   170.506   -53.640   -110.73    188.21      1.00
   5.10896   1.84302   2.90164   -55.083   124.164   -71.444   -110.68    161.52      1.00
   3.58906   1.47208   4.93295   -53.445   166.476   -69.067   -110.68    190.48      1.00
   0.37230   1.22480   5.18606   -27.596   127.219   -47.526   -110.66    143.23      1.00
   4.99246   1.62700   3.73266   -20.341   126.102   -53.964   -110.66    146.53      1.00
   6.09380   2.07752   4.81484   -26.404   133.788   -43.021   -110.63    151.77      1.00
   3.30507   0.03719   0.85417   -17.875   143.640   -53.862   -110.61    163.21      1.00
   4.27296   2.61479   5.71985   -35.197   122.315   -61.355   -110.60    142.60      1.00
   0.69576   1.08985   0.85380   -52.488   121.287   -42.170   -110.51    138.64      1.00
   0.69277   2.35049   5.18503   -64.222   109.695   -56.218   -110.50    146.62      1.00
   2.23352   1.03723   0.33890   -45.016   110.877   -60.587   -110.50    139.40      1.00
   4.22034   1.79780   2.91384   -30.636   148.887   -29.838   -110.49    160.71      1.00
   5.17491   1.91770   2.81764   -64.318   150.171   -44.782   -110.49    176.72      1.00
  -0.00240  -0.10987   1.58661   -21.003   150.569   -55.529   -110.49    160.27      1.00
   4.91859   0.50056   3.42912   -47.277   173.210   -50.916   -110.47    189.21      1.00
   2.38835   1.87163   4.17188   -53.998   157.656   -81.573   -110.43    183.69      1.00
   2.71254   1.51924   4.28864   -27.759   150.109   -47.989   -110.42    157.86      1.00
   2.20783   0.77197   4.07092   -59.835   115.586   -77.367   -110.30    150.30      1.00
   3.77457   2.89836   2.05625   -24.565   130.370   -35.469   -110.28    146.50      1.00
   0.92639   0.82155   3.83144   -39.418   147.239   -84.179   -110.26    179.03      1.00
   4.63994   1.63861   5.25935   -72.390   122.115   -47.608   -110.20    157.27      1.00
   1.69592   1.41964   0.25201   -55.594   128.582   -36.960   -110.18    149.12      1.00
   1.95663   1.77465   0.04733   -60.943   132.557   -38.594   -110.17    156.95      1.00
   5.54353   0.74685   2.92489   -24.379   164.699   -59.959   -110.15    179.19      1.00
   5.51472   1.55047   5.17437   -30.731   144.813   -66.611   -110.12    170.66      1.00
   4.37679   0.79857   3.17833   -30.092   130.862   -28.043   -110.11    137.90      1.00
   4.09698   0.61603   3.50600   -67.758   163.131   -57.875   -110.04    186.75      1.00
   5.24327   1.02791  -0.32952   -35.674   139.258   -71.682   -110.02    167.63      1.00
   1.83979   1.22126   4.69183   -45.680   119.626   -39.405   -110.01    133.29      1.00
   5.42308   1.28022   0.19011   -42.386   126.215   -19.343   -109.93    137.40      1.00
   0.37383   0.85447   1.67090   -63.635   134.353   -72.264   -109.88    166.59      1.00
   0.24285   2.31474   0.17202   -60.442   165.129   -53.465   -109.87    186.67      1.00
   2.58431   1.85711   4.19183   -46.767   151.745   -86.904   -109.86    179.21      1.00
   2.27746   2.45543   5.21516   -38.024   169.722   -48.373   -109.84    181.93      1.00
   5.25457   2.22441   5.30239   -29.656   135.515   -48.879   -109.84    153.26      1.00
   0.45272   1.70217   4.42038   -25.742   137.056   -34.361   -109.84    150.41      1.00
   4.21911   1.87405   4.12309   -44.715   142.400   -76.413   -109.75    173.64      1.00
   2.47304   1.41367   0.54929   -54.704   113.014   -45.571   -109.74    142.06      1.00
   4.63710   1.95326   1.16951   -64.721   154.650   -38.578   -109.69    176.41      1.00
   3.49695   0.06473   4.66920   -19.081   147.853   -49.777   -109.66    156.71      1.00
   1.06970   2.29477   2.97782   -60.357   152.156   -34.547   -109.61    168.13      1.00
   3.23468   1.45640   0.62141   -62.711   125.793   -60.510   -109.54    163.01      1.00
   5.28441   1.33724   2.28766   -53.335   127.068   -19.811   -109.54    141.85      1.00
   5.58862   0.53815   2.39791   -67.011   160.594   -57.195   -109.49    184.57      1.00
   2.48754   0.25193   5.30109   -57.341   169.115   -62.554   -109.37    188.39      1.00
   4.20373   2.44457   1.24511   -63.904   127.983   -46.528   -109.37    158.09      1.00
   3.05457   1.72236   5.46499   -64.255   126.024   -60.417   -109.35    157.48      1.00
   3.99515   2.08236   2.09242   -21.928   150.268   -42.721   -109.32    165.35      1.00
   5.36278   0.61350   5.76235   -74.125   147.480   -61.154   -109.21    183.83      1.00
  -0.06992   1.13340   4.62090   -30.180   141.774   -75.689   -109.19    171.31      1.00
   2.60008   2.27822   4.69591   -17.162   145.649   -57.639   -109.13    155.59      1.00
   5.23277   2.49354   4.82462   -68.106   157.224   -51.675   -109.02    186.19      1.00
   4.56251   2.26478   6.08851   -35.777   155.500   -27.154   -109.01    163.23      1.00
  -0.02733   0.84987   4.49093   -44.117   155.779   -47.647   -108.97    177.62      1.00
   2.27820   0.28461   3.86253   -31.923   139.697   -69.396   -108.96    159.47      1.00
   1.93350   0.93602   4.60083   -27.969   139.454   -62.549   -108.88    153.30      1.00
   1.98826   2.07241   6.07157   -46.990   167.617   -45.883   -108.83    185.20      1.00
   2.43524   1.06382   2.43964   -23.220   138.127   -66.420   -108.83    160.55      1.00
   3.02138   2.21106   4.72468   -51.076   123.700   -73.642   -108.77    153.00      1.00
   0.13679   2.06202   2.56602   -18.894   140.220   -48.447   -108.77    149.87      1.00
   2.83205   1.52752   5.24595   -18.316   143.281   -62.360   -108.74    156.58      1.00
   0.03478   1.74201   5.85804   -52.862   164.119   -46.214   -108.72    182.72      1.00
   3.50159   1.00556   5.63245   -17.711   144.061   -47.738   -108.61    157.01      1.00
   2.78456   2.35055   3.28365   -67.956   162.089   -53.477   -108.60    185.13      1.00
   2.68548   0.93549   0.09328   -64.127   144.647   -58.696   -108.57    175.55      1.00
   5.01645   1.60143   3.20175   -21.172   122.672   -52.218   -108.57    141.47      1.00
   2.05298   1.59737   2.70919   -47.265   162.427   -46.967   -108.56    178.96      1.00
   1.78849   0.48594   2.35283   -19.555   137.316   -73.297   -108.54    163.85      1.00
   4.19660   0.14291   0.54640   -48.881   104.148   -62.639   -108.54    139.20      1.00
   2.24139   2.28638   6.03162   -17.384   129.231   -65.567   -108.46    149.68      1.00
   5.29829   0.69889   0.93522   -49.183   169.756   -66.758   -108.45    189.86      1.00
   4.92668   1.81740  -0.00116   -39.450   132.769   -73.847   -108.42    161.46      1.00
   4.45204   1.73882   0.01892   -67.942   128.387   -30.456   -108.39    153.94      1.00
   4.61098   2.10830   5.25528   -46.446   156.313   -73.576   -108.36    183.78      1.00
   3.93903   3.02573   2.21722   -23.932   130.176   -37.584   -108.36    146.66      1.00
   2.74787   2.29010   5.36867   -23.927   147.079   -34.620   -108.35    153.26      1.00
   2.70602   1.80597   6.34326   -53.039   160.714   -58.084   -108.31    185.08      1.00
   3.77195   2.52129   5.00923   -33.251   123.563   -57.127   -108.25    141.22      1.00
   1.95769   1.21028   4.44099   -27.427   123.869   -72.858   -108.23    144.14      1.00
   2.19836   2.38587  -0.16142   -54.419   132.672   -30.355   -108.13    154.16      1.00
   1.75619   1.88621   4.98048   -39.335   116.004   -82.122   -108.12    147.49      1.00
   4.70098   0.52347   5.54149   -34.996   165.025   -48.125   -108.12    184.75      1.00
   6.70286   1.69587   1.87241   -23.035   152.001   -48.938   -108.11    160.23      1.00
   1.54710   2.25365   0.84117   -47.750   164.966   -61.904   -108.09    187.73      1.00
   1.83597   2.43941   5.88878   -60.977   152.117   -58.347   -108.08    180.66      1.00
   5.96455   1.22831   3.36711   -65.684   137.963   -67.114   -108.02    175.25      1.00
   2.41467   1.30012   3.92713   -46.358   113.501   -49.580   -107.99    131.18      1.00
   1.94428   1.40114   5.53954   -47.440   115.693   -84.666   -107.90    150.81      1.00
   5.88645   0.71473   4.81743   -73.742   145.735   -60.994   -107.88    183.81      1.00
   1.07563   1.90225   0.88150   -40.534   156.177   -41.558   -107.79    169.08      1.00
   1.37034   2.07306   4.13873   -43.280   156.583   -35.366   -107.78    168.04      1.00
   3.38301   1.81453   3.39334   -40.086   124.509   -73.425   -107.77    153.33      1.00
   5.48110   1.65596   5.26777   -29.792   122.604   -61.787   -107.59    148.55      1.00
   5.58815   0.92209   5.69525   -68.944   153.055   -44.434   -107.58    180.50      1.00
   0.88910   2.42705   4.62121   -64.810   131.307   -48.520   -107.52    161.28      1.00
   1.19875   1.52443   0.40565   -65.009   113.876   -58.184   -107.50    145.59      1.00
   3.31909   1.56287   5.43985   -16.836   142.628   -52.257   -107.38    154.31      1.00
   1.28628   0.30549  -0.32704   -48.939   119.760   -42.855   -107.31    134.47      1.00
   5.10956   2.51029   5.32046   -30.241   138.721   -53.205   -107.18    156.39      1.00
   5.09177   1.26230   3.63031   -24.749   150.617   -68.747   -107.16    173.87      1.00
   5.31268   1.58686   5.91459   -35.278   122.350   -66.241   -107.09    149.34      1.00
   1.84850   1.44468   4.20708   -65.995   125.674   -76.820   -107.08    160.64      1.00
   4.85357   1.36370   5.45807   -69.904   139.449   -40.258   -107.07    169.26      1.00
   1.82765   2.06324   1.05919   -58.868   146.288   -86.730   -107.03    184.97      1.00
   1.91399   2.03409   0.27987   -49.935   148.181   -85.566   -106.94    183.35      1.00
   2.38780   1.21463   1.98268   -30.207   146.506   -42.653   -106.88    163.08      1.00
   5.14048   1.64869   4.18013   -25.127   121.226   -64.987   -106.82    149.06      1.00
   2.90832   2.44089   1.11594   -48.793   143.302   -82.913   -106.79    181.43      1.00
   5.45786   2.79266   3.05936   -16.495   138.804   -50.557   -106.76    155.18      1.00
   2.48544   0.91694   2.17705   -29.851   135.952   -39.610   -106.75    152.24      1.00
   2.99785   0.87095   1.30609   -45.192   157.339   -67.497   -106.69    186.26      1.00
   1.09610   1.81030   3.57347   -20.248   135.405   -75.181   -106.62    156.66      1.00
   1.93682   0.93233   4.04986   -29.661   145.285   -57.991   -106.60    158.97      1.00
   0.69583   2.52900   3.15114   -52.562   132.955   -32.857   -106.45    148.88      1.00
   4.92370   2.12039   5.54465   -31.289   130.237   -62.708   -106.43    152.91      1.00
   5.16336   1.85316   2.66959   -55.693   129.116   -74.766   -106.36    166.34      1.00
   3.11103   2.04349  -0.03214   -46.769   122.527   -28.481   -106.33    140.61      1.00
   3.45947   2.43435   5.27861   -46.956   127.047   -74.838   -106.28    156.15      1.00
   1.92035   1.50047   3.90938   -35.858   124.356   -39.305   -106.27    135.14      1.00
   1.36671   2.32070   4.85381   -18.107   134.466   -51.863   -106.21    147.77      1.00
   4.33626   0.82176   5.66657   -37.915   158.040   -32.071   -106.20    174.08      1.00
  -0.07131   2.98691   0.15787   -58.799   151.958   -81.239   -106.09    184.74      1.00
   1.06156   2.72453   3.04698   -64.218   161.867   -53.986   -105.99    182.07      1.00
   4.94335   0.27721   3.23402   -36.091   159.203   -29.779   -105.99    166.62      1.00
   2.25001   2.68093   4.62242   -59.930   166.174   -48.978   -105.92    183.78      1.00
   3.08047   0.24368   1.40676   -34.820   112.618   -34.686   -105.92    132.29      1.00
   2.48444   2.62395   4.29687   -71.737   149.993   -51.753   -105.91    173.79      1.00
   5.83463   0.92540   3.15681   -64.382   140.560   -55.191   -105.89    171.43      1.00
   2.01716   1.24537   5.41664   -29.984   120.719   -58.808   -105.76    136.40      1.00
   1.86556   0.71643   0.41645   -59.860   132.105   -41.442   -105.75    155.07      1.00
   6.01747   2.33460   3.31555   -64.882   135.456   -51.266   -105.67    166.73      1.00
   3.86505   1.98115   4.34359   -27.975   153.252   -42.781   -105.63    164.09      1.00
   3.74398   0.78785   2.47571   -54.330   106.683   -57.207   -105.62    135.62      1.00
   5.96441   1.52497   5.36248   -34.842   116.556   -69.071   -105.58    146.61      1.00
   1.01247   2.39491   3.74149   -15.720   141.079   -52.614   -105.56    151.79      1.00
   5.26997   0.53518   3.15811   -29.962   170.068   -63.851   -105.54    186.29      1.00
   5.21909   1.50362   0.58146   -65.029   121.394   -62.611   -105.50    154.22      1.00
   0.64842   2.53392   1.62884   -71.103   133.689   -77.859   -105.49    169.73      1.00
   4.12195   2.40015   6.03056   -42.018   130.832   -76.890   -105.32    160.19      1.00
   3.27186   2.25668   4.21731   -49.371   129.446   -79.491   -105.27    160.65      1.00
   4.39735   2.74014   5.19645   -77.303   145.889   -55.890   -105.22    175.99      1.00
   3.43559   1.05904   5.02849   -66.669   143.515   -43.377   -105.15    167.55      1.00
   2.26051   1.45045   3.03551   -39.112   161.069   -52.238   -104.90    176.14      1.00
   3.56337   1.65443   1.47417   -65.859   146.458   -35.725   -104.88    173.68      1.00
   0.53976   2.23519   4.67815   -24.281   154.827   -61.540   -104.84    174.32      1.00
   2.47474   1.20780   0.17204   -67.832   136.179   -57.826   -104.81    169.46      1.00
   5.96037   1.60530   5.97304   -29.771   129.788   -49.798   -104.77    146.16      1.00
   3.45641   0.61161   1.25556   -55.390   138.480   -22.380   -104.69    159.79      1.00
   3.40675   2.23613   4.12554   -58.499   169.639   -51.501   -104.65    187.60      1.00
   4.91800   0.89594   0.80311   -46.609   165.167   -39.003   -104.61    179.28      1.00
   5.24597   1.97522   5.59372   -59.498   108.975   -59.663   -104.57    143.73      1.00
   1.53739   1.63572   4.48329   -61.152   117.110   -48.046   -104.50    142.12      1.00
   1.58926   1.54284   4.51834   -68.240   147.109   -44.324   -104.44    169.36      1.00
   5.27466   1.81592   4.75375   -60.582   159.352   -48.517   -104.39    186.21      1.00
   4.92745   2.69221   1.67213   -26.559   122.193   -31.125   -104.26    132.54      1.00
   4.75532   0.58262   2.40420   -51.556   156.126   -77.116   -104.22    181.82      1.00
   1.00433   0.48797   3.58064   -39.838   157.284   -59.415   -104.13    180.02      1.00
   5.30809   1.06728   3.65497   -58.960   118.745   -36.207   -104.08    146.41      1.00
   4.22411   0.79764  -0.04149   -63.236   113.397   -57.417   -104.07    152.22      1.00
   4.93955   1.09187   2.34638   -44.183   159.387   -71.923   -103.88    182.44      1.00
   3.67001   0.79298   2.61013   -55.067   107.457   -58.135   -103.84    136.62      1.00
   5.74177   1.36679   4.50088   -67.211   112.667   -41.828   -103.83    148.61      1.00
   2.27119   1.04757   0.16284   -57.857   153.352   -86.349   -103.77    189.22      1.00
   0.92621   2.21181   1.44342   -57.797   170.835   -49.037   -103.69    187.72      1.00
   0.56324   1.38471   4.14376   -65.382   136.424   -83.718   -103.68    178.60      1.00
   0.70979   1.34253   0.49775   -44.587   168.020   -52.576   -103.56    181.09      1.00
   3.23961   1.97901   4.78066   -33.269   122.827   -44.947   -103.49    135.13      1.00
   3.47415   2.33354   4.54872   -55.366   169.433   -46.550   -103.39    184.46      1.00
   4.44104   2.39664   0.83253   -54.056   166.337   -42.282   -103.39    183.37      1.00
   3.70145   1.25366   4.96662   -40.729   127.557   -73.831   -103.39    157.15      1.00
   3.29688   1.63006   4.33625   -58.721   123.381   -69.960   -103.31    154.64      1.00
   3.46485   2.20901   6.16064   -58.118   125.481   -65.726   -103.08    158.73      1.00
   0.08685   0.76883   4.29561   -52.447   156.614   -44.625   -103.05    180.15      1.00
   2.90698   1.58506   1.09843   -62.234   114.027   -39.302   -102.91    146.26      1.00
   4.50616   2.09792   5.71141   -39.202   124.583   -66.523   -102.68    150.92      1.00
   6.15760   1.23495   1.68032   -27.784   156.006   -38.104   -102.68    161.28      1.00
   5.10450   1.64289   5.35257   -61.573   111.029   -62.327   -102.65    149.53      1.00
   0.04699  -0.01257   2.07148   -62.994   165.926   -64.334   -102.52    191.36      1.00
   1.86070   2.15205   3.65036   -44.285   144.488   -30.912   -102.50    153.89      1.00
   0.10282   2.23873   3.86040   -63.074   127.238   -39.658   -102.48    156.29      1.00
   2.95181   2.91738   4.95086   -20.173   146.079   -37.751   -102.46    150.83      1.00
   2.11096   2.87790   2.89771   -34.738   132.037   -38.763   -102.26    142.51      1.00
   5.89673   1.22732   3.81533   -52.301   110.383   -64.562   -102.16    147.99      1.00
   1.66224   0.66818   4.64071   -29.076   143.067   -68.556   -102.12    160.09      1.00
   4.86174   1.68521   0.95830   -72.937   147.598   -64.140   -102.05    180.60      1.00
   6.27842   0.81603   1.13564   -29.571   153.030   -79.175   -101.95    172.31      1.00
   5.10479   0.43098   3.90288   -32.766   111.596   -48.830   -101.94    132.95      1.00
   2.06111   1.62791   0.20268   -57.507   134.713   -35.796   -101.94    157.02      1.00
   0.69001   2.29783   2.68532   -53.019   131.650   -86.099   -101.78    165.93      1.00
   3.70371   2.60596   4.54310   -29.835   157.316   -36.641   -101.72    165.00      1.00
   0.34712   2.51741   1.01568   -72.515   132.304   -76.625   -101.61    169.29      1.00
   4.24026   3.00616   1.48037   -16.632   148.444   -47.460   -101.55    161.50      1.00
   0.33182   1.33503   1.08946   -60.513   121.463   -51.467   -101.50    144.46      1.00
   5.73636   1.95086   4.58582   -24.141   127.525   -47.622   -101.41    147.66      1.00
   4.75280   1.17698   5.43224   -74.044   132.344   -58.450   -101.35    171.86      1.00
   4.93243   1.93515   2.88287   -38.991   163.472   -38.522   -101.29    178.94      1.00
   5.28253   2.53901   4.19663   -31.895   135.240   -31.200   -101.22    151.75      1.00
   2.18534   0.25941   5.11055   -48.509   118.297   -45.831   -101.20    134.18      1.00
   0.84929   1.50833   3.22412   -44.598   165.650   -66.219   -101.20    187.25      1.00
   3.85289   1.98889   4.36105   -25.668   151.908   -52.881   -100.74    165.54      1.00
   5.36900   1.48035   5.60009   -33.556   122.297   -65.889   -100.70    150.19      1.00
   1.07653   1.56078   3.87890   -31.795   152.270   -42.287   -100.68    164.43      1.00
   4.05837   2.21852   1.70116   -58.028   160.391   -52.031   -100.66    186.69      1.00
   4.27893   2.55295   5.32917   -32.297   168.848   -43.256   -100.61    178.13      1.00
   2.52186   1.49868   5.46013   -46.684   115.897   -49.726   -100.59    136.25      1.00
   2.44460   0.54873   4.46462   -35.414   130.252   -73.403   -100.56    151.37      1.00
   5.24816   0.59901   5.77400   -74.938   133.303   -46.891   -100.55    168.33      1.00
   4.75961   1.68123   4.69124   -53.253   144.591   -77.081   -100.50    180.52      1.00
   3.59638   2.47680   4.86936   -33.240   123.457   -56.751   -100.45    140.68      1.00
   4.79538   1.19005   5.14905   -35.285   123.231   -71.079   -100.38    155.75      1.00
   2.51791   1.16146   4.47703   -25.900   153.017   -67.292   -100.35    166.45      1.00
   1.20192   2.23256   2.81296   -35.492   157.765   -82.021   -100.03    180.04      1.00
   1.26057   0.85109   4.87727   -29.935   146.346   -75.958    -99.91    167.17      1.00
   2.63458   1.06743   4.65329   -46.549   116.520   -47.334    -99.89    132.76      1.00
   0.25971   1.79523   0.95790   -28.241   147.756   -50.307    -99.86    157.39      1.00
   4.53582   2.05804   0.54988   -43.060   125.136   -73.928    -99.85    156.27      1.00
   0.11274  -0.27859   1.66477   -20.669   148.812   -45.757    -99.77    156.29      1.00
   1.93238   1.72835  -0.15111   -34.793   115.373   -40.996    -99.48    131.31      1.00
  -0.13199   0.30530  -0.33997   -42.402   141.311   -81.870    -99.46    170.95      1.00
   0.87941   2.53682   3.32174   -50.435   134.110   -31.244    -99.12    148.58      1.00
   0.67624   1.54183   2.94648   -49.680   158.890   -37.791    -98.80    174.87      1.00
   4.55923   2.16304   0.79891   -55.144   120.507   -62.243    -98.73    151.44      1.00
   0.92817   2.23831   2.19733   -24.370   158.263   -69.406    -98.51    173.16      1.00
   2.72781   2.56421   5.61027   -61.225   128.608   -66.355    -98.50    161.19      1.00
   0.68200   1.12494   0.76238   -40.187   168.385   -49.493    -98.36    178.83      1.00
   5.44095   2.11597   4.46708   -24.225   134.319   -43.969    -98.19    152.68      1.00
   2.68989   1.76212   5.91911   -64.703   134.513   -66.116    -98.04    168.29      1.00
   5.20785   2.86397   0.03336   -57.865   158.425   -26.816    -97.94    170.67      1.00
   0.15027   1.39937   1.55777   -51.227   123.138   -34.789    -97.79    137.76      1.00
   0.45082   2.54284   1.15500   -64.249   166.338   -51.127    -97.54    185.58      1.00
   0.40929   0.87263   4.17162   -16.849   132.257   -60.838    -97.51    153.17      1.00
   1.16625   0.76995   1.04818   -51.054   122.242   -78.632    -97.05    155.69      1.00
   5.35827   1.61268   4.52113   -60.478   157.723   -46.661    -96.92    185.06      1.00
  -0.06072   0.52907   4.45388   -41.911   159.297   -59.745    -96.89    184.01      1.00
   0.70923   0.72610   0.30284   -27.427   150.563   -78.756    -96.87    169.34      1.00
   5.52955   0.05674   2.35859   -22.559   151.237   -42.103    -96.42    157.10      1.00
   4.92504   1.45517   2.01758   -43.775   120.350   -68.645    -96.31    149.38      1.00
   3.69286   2.37913   4.98587   -37.358   124.737   -66.971    -95.60    147.90      1.00
   0.96164   0.66501   1.33880   -33.361   157.170   -36.232    -95.58    166.33      1.00
   1.23386   1.23141   0.20011   -50.528   124.840   -37.433    -95.21    141.14      1.00
   0.41477   2.35329   1.20040   -54.419   158.957   -83.541    -95.16    186.84      1.00
   2.77322   0.87638   4.19461   -30.120   133.927   -66.871    -94.89    150.70      1.00
   2.40929   0.64611   2.46949   -74.367   129.402   -57.201    -94.81    166.40      1.00
   3.61727   2.37834   4.46211   -46.020   117.579   -74.031    -94.42    148.51      1.00
   3.05672   1.84272  -0.09512   -69.276   139.692   -33.873    -94.19    166.62      1.00
   3.33751   0.77759   5.38801   -26.114   166.055   -50.271    -94.11    177.93      1.00
   0.11908   1.63489   5.03637   -43.963   134.584   -89.090    -93.78    173.28      1.00
   0.58289   0.94837   1.77578   -41.770   155.416   -86.098    -93.76    183.06      1.00
   5.43543   1.03454   1.73795   -68.798   158.594   -51.470    -93.40    180.54      1.00
   5.55988   2.13159   4.90221   -74.504   134.075   -50.849    -92.25    170.23      1.00
   1.11647   0.90724   1.85094   -67.304   135.473   -70.119    -92.16    171.59      1.00
   3.59278   1.34595   5.29612   -39.519   122.266   -67.839    -91.67    149.94      1.00
   2.02788   1.69010   5.09753   -30.554   164.176   -46.209    -91.49    172.62      1.00
   1.57702   2.24434   3.70918   -62.174   116.645   -54.412    -90.81    143.67      1.00
   1.28608   1.51160   0.43056   -25.863   128.882   -75.438    -90.36    151.98      1.00
  -0.13690   2.15590   1.53027   -71.292   143.434   -72.767    -90.01    175.59      1.00
   5.24554   1.56639   5.44165   -56.264   110.262   -67.888    -89.42    149.15      1.00
