particle_id,s_um,y_um,state,attachment_events,detachment_events,time_attached_s
0,1800.0,143.07462069639038,Exited,0,0,0.0
1,1800.0,104.63121944114671,Exited,0,0,0.0
2,1800.0,106.44498780348947,Exited,0,0,0.0
3,1800.0,88.17734199020187,Exited,0,0,0.0
4,1800.0,115.17047904121817,Exited,0,0,0.0
5,1800.0,110.64771931848908,Exited,0,0,0.0
6,1800.0,89.83454641558103,Exited,0,0,0.0
7,1800.0,38.596325773391236,Exited,0,0,0.0
8,842.0539077337564,180.0,Attached,1,0,171.36999999998912
9,1800.0,137.2578774003814,Exited,2,2,120.55000000002477
10,243.17948458035815,0.0,Shed,2,1,139.620000000018
11,1800.0,30.40479522087168,Exited,0,0,0.0
12,1800.0,88.11820305190103,Exited,0,0,0.0
13,1800.0,62.604812372796815,Exited,0,0,0.0
14,1800.0,115.78971821697276,Exited,0,0,0.0
15,1800.0,54.02010796909717,Exited,0,0,0.0
16,1800.0,39.46027040221432,Exited,0,0,0.0
17,1800.0,129.77569461728936,Exited,0,0,0.0
18,1800.0,100.76732318626435,Exited,0,0,0.0
19,1800.0,29.536036464357604,Exited,0,0,0.0
20,1800.0,113.01786040170168,Exited,0,0,0.0
21,1800.0,108.24262849102675,Exited,0,0,0.0
22,1800.0,116.61666363402213,Exited,0,0,0.0
23,1800.0,135.5622079348332,Exited,0,0,0.0
24,1800.0,54.94458821413377,Exited,0,0,0.0
25,1800.0,58.20386194012593,Exited,0,0,0.0
26,1800.0,150.6230289509429,Exited,0,0,0.0
27,1800.0,88.84982904275553,Exited,0,0,0.0
28,524.5407473201833,180.0,Attached,1,0,169.11999999999117
29,1800.0,108.29924615322952,Exited,0,0,0.0
30,721.7686333264047,180.0,Attached,1,0,170.66999999998976
31,1800.0,17.10673680967487,Exited,0,0,0.0
32,1800.0,119.10653727665097,Exited,0,0,0.0
33,1800.0,88.01087792530518,Exited,1,1,136.0900000000212
34,1800.0,112.7229404204372,Exited,0,0,0.0
35,1800.0,107.10315503607488,Exited,0,0,0.0
36,1800.0,33.392927336769894,Exited,0,0,0.0
37,1800.0,138.3572476230012,Exited,0,0,0.0
38,1800.0,41.87710769779533,Exited,0,0,0.0
39,1800.0,33.33709952055539,Exited,1,1,103.00000000001579
40,1800.0,138.344093925789,Exited,0,0,0.0
41,1800.0,153.72027651827986,Exited,0,0,0.0
42,1800.0,60.86638653709511,Exited,0,0,0.0
43,1800.0,145.39373132780514,Exited,1,1,90.5100000000094
44,1800.0,83.14197148452057,Exited,0,0,0.0
45,1800.0,101.65080553393966,Exited,0,0,0.0
46,1800.0,146.3616391391803,Exited,0,0,0.0
47,1800.0,137.17212498687937,Exited,0,0,0.0
48,1800.0,19.17103408717865,Exited,0,0,0.0
49,1800.0,64.18677621456288,Exited,0,0,0.0
50,1800.0,122.90251901838568,Exited,0,0,0.0
51,1800.0,96.5621386355932,Exited,0,0,0.0
52,1800.0,114.52724133219554,Exited,0,0,0.0
53,1800.0,105.07335004257673,Exited,0,0,0.0
54,1800.0,95.79908802581146,Exited,0,0,0.0
55,1800.0,126.27655691701415,Exited,0,0,0.0
56,1800.0,94.56935382390357,Exited,0,0,0.0
57,1800.0,92.62415145957449,Exited,0,0,0.0
58,1800.0,96.37600388424578,Exited,0,0,0.0
59,1800.0,121.99187537611614,Exited,0,0,0.0
60,1800.0,100.51852788637234,Exited,0,0,0.0
61,1800.0,6.173923215425701,Exited,0,0,0.0
62,1800.0,73.95317490987313,Exited,0,0,0.0
63,1800.0,52.733365420457496,Exited,0,0,0.0
64,1800.0,148.09398712355457,Exited,0,0,0.0
65,1800.0,59.92280477006174,Exited,0,0,0.0
66,1800.0,39.05451961878604,Exited,0,0,0.0
67,1800.0,72.76839031134334,Exited,0,0,0.0
68,1800.0,75.53931200883152,Exited,0,0,0.0
69,1800.0,41.752998742503785,Exited,0,0,0.0
70,1800.0,139.5463372673296,Exited,0,0,0.0
71,1800.0,140.38554393374073,Exited,0,0,0.0
72,1800.0,59.88603665204641,Exited,0,0,0.0
73,1800.0,124.93440533236289,Exited,0,0,0.0
74,272.83269991654316,180.0,Attached,1,0,179.4199999999818
75,1800.0,80.56567812011446,Exited,0,0,0.0
76,1800.0,74.75753686505966,Exited,0,0,0.0
77,1800.0,110.55492631796349,Exited,0,0,0.0
78,1800.0,54.350139545821115,Exited,0,0,0.0
79,1800.0,75.89219331308102,Exited,0,0,0.0
80,1326.2890512726337,0.0,Attached,2,1,161.1599999999984
81,1800.0,104.63628980814882,Exited,0,0,0.0
82,1800.0,163.60979300089494,Exited,0,0,0.0
83,1800.0,88.12104142620863,Exited,0,0,0.0
84,1800.0,104.88742102437867,Exited,0,0,0.0
85,1800.0,84.20564434469243,Exited,0,0,0.0
86,1800.0,65.05492863025913,Exited,0,0,0.0
87,1800.0,61.3401308361082,Exited,0,0,0.0
88,1800.0,61.65452624349079,Exited,0,0,0.0
89,1800.0,64.11488864979316,Exited,0,0,0.0
90,1800.0,78.42560727703112,Exited,1,1,24.50000000000103
91,1800.0,78.8959529736222,Exited,0,0,0.0
92,1800.0,138.33520154843734,Exited,0,0,0.0
93,1800.0,81.43044189335514,Exited,0,0,0.0
94,1800.0,82.79283993437028,Exited,0,0,0.0
95,1800.0,63.72348963475225,Exited,0,0,0.0
96,1800.0,26.200440323910485,Exited,1,1,47.18999999999918
97,1800.0,53.17767454097283,Exited,0,0,0.0
98,1800.0,42.53216953237413,Exited,0,0,0.0
99,1800.0,99.0437388184922,Exited,0,0,0.0
100,1800.0,35.521510539245746,Exited,0,0,0.0
101,1800.0,35.60401269084317,Exited,0,0,0.0
102,1800.0,104.84858286844673,Exited,1,1,25.990000000001263
103,1800.0,73.37786698669913,Exited,0,0,0.0
104,1800.0,64.25445546883432,Exited,0,0,0.0
105,1800.0,38.71034797174588,Exited,1,1,10.54999999999982
106,1800.0,124.20748608292125,Exited,1,1,137.06000000002032
107,1800.0,108.52443393124142,Exited,0,0,0.0
108,1800.0,160.07345662749518,Exited,0,0,0.0
109,1800.0,127.6672885908772,Exited,0,0,0.0
110,1800.0,54.53178099789053,Exited,0,0,0.0
111,1800.0,117.0825235601065,Exited,0,0,0.0
112,1800.0,94.71011154874293,Exited,0,0,0.0
113,1800.0,95.99358010351048,Exited,0,0,0.0
114,1800.0,47.01403452774115,Exited,0,0,0.0
115,1800.0,75.79456815512418,Exited,0,0,0.0
116,1800.0,100.71454785329819,Exited,0,0,0.0
117,237.36047902049214,0.0,Attached,1,0,176.24999999998468
118,1800.0,60.27719268670595,Exited,0,0,0.0
119,1800.0,119.41397669082896,Exited,0,0,0.0
120,1800.0,63.72701807800162,Exited,0,0,0.0
121,1800.0,63.8938317711347,Exited,0,0,0.0
122,1800.0,78.16094694710165,Exited,0,0,0.0
123,1800.0,68.7105112079102,Exited,1,1,157.96000000000132
124,1800.0,89.14970837296669,Exited,0,0,0.0
125,1800.0,124.69585693307108,Exited,0,0,0.0
126,1800.0,148.36293308884112,Exited,0,0,0.0
127,1800.0,121.29855609992345,Exited,0,0,0.0
128,1679.4611306755253,180.0,Shed,1,0,6.479999999999906
129,979.1437331861912,0.0,Shed,2,1,36.60000000000129
130,1800.0,35.61327265417837,Exited,0,0,0.0
131,1800.0,148.13735264518002,Exited,0,0,0.0
132,1800.0,55.32695650977807,Exited,0,0,0.0
133,1800.0,45.55233327805137,Exited,0,0,0.0
134,1635.3923391397823,180.0,Attached,1,0,134.6700000000225
135,1800.0,65.46388783203336,Exited,0,0,0.0
136,1800.0,164.9977275011069,Exited,0,0,0.0
137,800.8586079911811,180.0,Shed,1,0,30.25000000000193
138,1767.4726921897432,3.1080405863044085,Free,1,1,147.02000000001127
139,1800.0,54.64782581695691,Exited,0,0,0.0
140,1800.0,51.31766533208097,Exited,1,1,16.169999999999728
141,1800.0,101.66932860416912,Exited,0,0,0.0
142,1800.0,111.99487579860012,Exited,0,0,0.0
143,1800.0,102.3212989656632,Exited,0,0,0.0
144,1800.0,100.31629650672312,Exited,0,0,0.0
145,1800.0,103.88431588416687,Exited,0,0,0.0
146,1800.0,86.49769624176113,Exited,0,0,0.0
147,1800.0,130.01681523548612,Exited,0,0,0.0
148,895.2550019354712,180.0,Shed,1,0,14.28999999999974
149,1800.0,53.86953688330024,Exited,0,0,0.0
150,1800.0,51.81718017670637,Exited,0,0,0.0
151,751.4469384600636,0.0,Attached,1,0,165.51999999999444
152,1800.0,66.55151327364074,Exited,1,1,34.19000000000177
153,1800.0,98.1889609243897,Exited,0,0,0.0
154,1800.0,137.5901643046523,Exited,0,0,0.0
155,1800.0,59.2507296870668,Exited,0,0,0.0
156,1800.0,43.542940358404095,Exited,0,0,0.0
157,1800.0,39.739870948941785,Exited,0,0,0.0
158,1800.0,19.400049353991346,Exited,0,0,0.0
159,1079.1218962720027,14.380780861095202,Free,2,2,156.29000000000283
160,1800.0,108.96421757444023,Exited,0,0,0.0
161,1800.0,39.47629667961602,Exited,1,1,2.6499999999999875
162,1800.0,118.74508924682358,Exited,0,0,0.0
163,1800.0,133.60565500464767,Exited,0,0,0.0
164,1800.0,87.66345120402836,Exited,0,0,0.0
165,1800.0,13.057272992303252,Exited,1,1,2.9799999999999804
166,1800.0,10.90216669858804,Exited,0,0,0.0
167,1800.0,91.3484248123718,Exited,0,0,0.0
168,1800.0,96.7261302472658,Exited,0,0,0.0
169,1800.0,68.83013851850738,Exited,0,0,0.0
170,1800.0,140.6787040249436,Exited,0,0,0.0
171,1800.0,104.62579652494148,Exited,0,0,0.0
172,1800.0,153.9170227986444,Exited,0,0,0.0
173,1800.0,25.313611124873177,Exited,0,0,0.0
174,1800.0,122.04595574550368,Exited,0,0,0.0
175,1800.0,130.20423335008368,Exited,0,0,0.0
176,1800.0,29.546329432145278,Exited,0,0,0.0
177,1800.0,98.14266948523556,Exited,0,0,0.0
178,1800.0,78.04013371406195,Exited,0,0,0.0
179,1800.0,94.63449417495865,Exited,0,0,0.0
180,1800.0,56.10626829598185,Exited,0,0,0.0
181,1800.0,25.5437726201659,Exited,0,0,0.0
182,1800.0,36.78268018592677,Exited,0,0,0.0
183,1800.0,150.9772437470326,Exited,0,0,0.0
184,128.87579818134017,180.0,Attached,1,0,178.91999999998225
185,1800.0,134.0397673808573,Exited,0,0,0.0
186,1800.0,46.55520117799023,Exited,0,0,0.0
187,1800.0,23.435433200184082,Exited,0,0,0.0
188,1800.0,127.44394097113265,Exited,0,0,0.0
189,1800.0,151.58032416798588,Exited,0,0,0.0
190,1800.0,159.14061424363953,Exited,0,0,0.0
191,1800.0,97.22017623506605,Exited,0,0,0.0
192,1800.0,129.8946439041343,Exited,0,0,0.0
193,1800.0,164.93143347191742,Exited,0,0,0.0
194,1800.0,149.40675129094242,Exited,0,0,0.0
195,1800.0,48.72008368076849,Exited,1,1,129.1800000000275
196,299.19871863637337,0.0,Attached,1,0,178.73999999998242
197,1800.0,153.34451590017474,Exited,0,0,0.0
198,1800.0,110.86219038858486,Exited,0,0,0.0
199,1800.0,134.29873613800552,Exited,0,0,0.0
200,1224.1361819471513,180.0,Attached,1,0,165.31999999999462
201,1800.0,100.27009205372636,Exited,0,0,0.0
202,1800.0,91.33668316596163,Exited,0,0,0.0
203,1800.0,173.978654073025,Exited,0,0,0.0
204,1800.0,52.340200209406895,Exited,0,0,0.0
205,1800.0,54.91266891217685,Exited,0,0,0.0
206,1800.0,66.68306306290651,Exited,0,0,0.0
207,1800.0,59.78465648907952,Exited,0,0,0.0
208,1800.0,152.39282917752644,Exited,0,0,0.0
209,1800.0,81.83341337529876,Exited,0,0,0.0
210,1800.0,47.64305757312608,Exited,0,0,0.0
211,1800.0,76.11789401581706,Exited,0,0,0.0
212,1800.0,120.50174586392525,Exited,0,0,0.0
213,1800.0,88.51283186385928,Exited,0,0,0.0
214,1800.0,12.10802905635367,Exited,0,0,0.0
215,1800.0,54.62971560626539,Exited,0,0,0.0
216,1800.0,70.31738052355472,Exited,0,0,0.0
217,1800.0,65.4037795970265,Exited,0,0,0.0
218,1800.0,99.11479595388165,Exited,0,0,0.0
219,1800.0,102.4669470972108,Exited,0,0,0.0
220,1800.0,87.47990266720888,Exited,0,0,0.0
221,1800.0,82.56847424398214,Exited,0,0,0.0
222,1800.0,64.9172609578017,Exited,1,1,54.6199999999977
223,1338.750333688327,141.1912547508655,Free,1,1,151.90000000000683
224,1800.0,74.42418821190802,Exited,0,0,0.0
225,1800.0,99.17043541687114,Exited,0,0,0.0
226,1800.0,75.33148033694752,Exited,0,0,0.0
227,1800.0,154.99447609032313,Exited,0,0,0.0
228,1800.0,155.79255806392865,Exited,0,0,0.0
229,1800.0,83.316903629315,Exited,0,0,0.0
230,1800.0,64.83648680670441,Exited,1,1,98.95000000001372
231,1800.0,100.87981375255205,Exited,0,0,0.0
232,1800.0,54.48603673493289,Exited,0,0,0.0
233,1800.0,100.02491621833913,Exited,0,0,0.0
234,1800.0,179.24808278925258,Exited,0,0,0.0
235,1800.0,39.19301710524037,Exited,0,0,0.0
236,1800.0,150.99296380260054,Exited,0,0,0.0
237,1800.0,98.47294848224662,Exited,0,0,0.0
238,1800.0,149.51390257367254,Exited,0,0,0.0
239,1800.0,145.83825892867844,Exited,0,0,0.0
240,1800.0,44.51014285990326,Exited,0,0,0.0
241,1800.0,98.08498035314473,Exited,0,0,0.0
242,1800.0,86.50659099724729,Exited,0,0,0.0
243,1800.0,71.88320782683992,Exited,0,0,0.0
244,1800.0,56.768781617648,Exited,0,0,0.0
245,1800.0,13.317445615761335,Exited,0,0,0.0
246,1800.0,79.95287143403776,Exited,0,0,0.0
247,1800.0,87.23466041056236,Exited,0,0,0.0
248,1800.0,8.691658287115116,Exited,0,0,0.0
249,468.0292817127619,0.0,Attached,2,1,169.1799999999911
250,1800.0,108.14749547211653,Exited,0,0,0.0
251,1800.0,64.41022384085389,Exited,1,1,120.88000000002494
252,1800.0,76.25295759785644,Exited,0,0,0.0
253,1800.0,140.71898964699918,Exited,0,0,0.0
254,1800.0,100.80167442135647,Exited,0,0,0.0
255,1800.0,47.425306023182614,Exited,0,0,0.0
256,1800.0,100.1543178722347,Exited,0,0,0.0
257,1800.0,73.60003058489654,Exited,0,0,0.0
258,1800.0,117.99090723368849,Exited,0,0,0.0
259,1800.0,52.6459146793301,Exited,0,0,0.0
260,1800.0,126.17251282333241,Exited,0,0,0.0
261,1800.0,78.34417268461729,Exited,0,0,0.0
262,1800.0,152.19970580814405,Exited,0,0,0.0
263,1437.1939160763518,180.0,Shed,1,0,17.319999999999908
264,1800.0,133.33296418686803,Exited,0,0,0.0
265,1800.0,50.60339839446451,Exited,0,0,0.0
266,1800.0,46.43910410470649,Exited,0,0,0.0
267,1800.0,119.81468497516414,Exited,0,0,0.0
268,1800.0,98.00326727069564,Exited,0,0,0.0
269,996.9689847419812,180.0,Attached,1,0,156.9900000000022
270,1800.0,50.738285305355625,Exited,0,0,0.0
271,1800.0,31.424968704785268,Exited,0,0,0.0
272,564.2515566535224,180.0,Shed,1,0,142.4700000000154
273,1800.0,62.72459360302833,Exited,0,0,0.0
274,1800.0,92.04235802257611,Exited,1,1,131.35000000002552
275,1800.0,110.66933448142503,Exited,0,0,0.0
276,1800.0,60.066306187549664,Exited,0,0,0.0
277,1800.0,20.519431673796063,Exited,0,0,0.0
278,1800.0,152.71306125222216,Exited,0,0,0.0
279,1800.0,115.21033276737745,Exited,0,0,0.0
280,1800.0,106.65351746016567,Exited,0,0,0.0
281,178.08265776462514,180.0,Attached,1,0,178.4199999999827
282,1800.0,71.14770485952822,Exited,0,0,0.0
283,1800.0,109.79111531926799,Exited,0,0,0.0
284,1800.0,24.889992588811406,Exited,1,1,113.70000000002126
285,1800.0,93.89749271145403,Exited,0,0,0.0
286,1800.0,75.52324344859296,Exited,0,0,0.0
287,1713.5122515576447,180.0,Attached,1,0,162.5899999999971
288,1800.0,39.48213154683739,Exited,0,0,0.0
289,1800.0,82.32781517837377,Exited,0,0,0.0
290,1800.0,80.3871651931819,Exited,0,0,0.0
291,1800.0,125.0739647579731,Exited,0,0,0.0
292,1800.0,26.506561834002017,Exited,0,0,0.0
293,1800.0,137.64488510601527,Exited,0,0,0.0
294,825.681757871051,180.0,Attached,1,0,168.9699999999913
295,1800.0,150.99615170232548,Exited,1,1,41.62000000000029
296,1577.2174568150658,0.0,Attached,1,0,165.51999999999444
297,574.6995244413072,0.0,Attached,1,0,171.12999999998934
298,1800.0,71.56150378242057,Exited,0,0,0.0
299,1800.0,73.2382750520319,Exited,0,0,0.0
300,1800.0,117.00789426980741,Exited,0,0,0.0
301,1800.0,73.05520809285264,Exited,2,2,120.51000000002475
302,1800.0,84.67828518922371,Exited,0,0,0.0
303,1800.0,40.14691563247815,Exited,0,0,0.0
304,1800.0,94.2441277478033,Exited,0,0,0.0
305,1800.0,63.47344729578812,Exited,0,0,0.0
306,1800.0,89.91469560778482,Exited,0,0,0.0
307,1800.0,59.546924695266284,Exited,0,0,0.0
308,1800.0,104.63334134145428,Exited,0,0,0.0
309,1800.0,57.67353603169334,Exited,0,0,0.0
310,1800.0,108.40720763055282,Exited,0,0,0.0
311,1800.0,144.38335728254978,Exited,0,0,0.0
312,1800.0,89.87151234402035,Exited,0,0,0.0
313,1800.0,129.72000400682504,Exited,1,1,5.989999999999917
314,1800.0,44.03633702086802,Exited,0,0,0.0
315,1800.0,55.78921355890238,Exited,0,0,0.0
316,1800.0,80.68821316278665,Exited,0,0,0.0
317,1800.0,34.37564932143407,Exited,0,0,0.0
318,1800.0,58.40873818793556,Exited,0,0,0.0
319,1800.0,116.31260566526652,Exited,0,0,0.0
320,1800.0,62.93427234843974,Exited,0,0,0.0
321,932.5767152293722,0.0,Shed,1,0,54.56999999999771
322,186.2240870698944,180.0,Attached,1,0,177.4399999999836
323,1800.0,147.83562018918624,Exited,0,0,0.0
324,1800.0,142.15803526579205,Exited,0,0,0.0
325,1477.6701516845578,180.0,Shed,1,0,121.16000000002508
326,1800.0,28.82042718488238,Exited,0,0,0.0
327,1178.8592923199417,180.0,Attached,1,0,159.49999999999991
328,1800.0,61.25807510081507,Exited,0,0,0.0
329,1800.0,98.39320743340959,Exited,0,0,0.0
330,1800.0,110.22034335549328,Exited,0,0,0.0
331,642.295325875881,0.0,Attached,1,0,168.7399999999915
332,1800.0,127.59165701755298,Exited,0,0,0.0
333,1800.0,111.5029962620973,Exited,0,0,0.0
334,1800.0,91.79741649065035,Exited,0,0,0.0
335,1800.0,80.98296779703216,Exited,0,0,0.0
336,1800.0,87.28291598444311,Exited,0,0,0.0
337,1800.0,95.79287825384243,Exited,0,0,0.0
338,1800.0,134.591985244794,Exited,0,0,0.0
339,1800.0,82.04276424765719,Exited,0,0,0.0
340,1800.0,22.317668672324142,Exited,0,0,0.0
341,1800.0,56.748135148355644,Exited,0,0,0.0
342,1800.0,130.45816981352476,Exited,0,0,0.0
343,1800.0,159.93331561565716,Exited,0,0,0.0
344,1800.0,22.389703401080034,Exited,0,0,0.0
345,1800.0,171.34811080765448,Exited,0,0,0.0
346,1800.0,42.283690670100285,Exited,1,1,6.4699999999999065
347,1464.7519038112187,118.76476891399541,Free,1,1,155.70000000000337
348,401.59458617547193,0.0,Attached,1,0,176.93999999998405
349,1800.0,142.36847104724552,Exited,0,0,0.0
350,1800.0,25.522800132830646,Exited,1,1,20.500000000000405
351,1800.0,150.99168716757805,Exited,0,0,0.0
352,1800.0,45.03239505585868,Exited,0,0,0.0
353,1800.0,99.77834170624479,Exited,0,0,0.0
354,1800.0,87.71194682241362,Exited,0,0,0.0
355,1800.0,71.29150286483839,Exited,0,0,0.0
356,1800.0,44.004150962437535,Exited,0,0,0.0
357,1800.0,83.32321616228552,Exited,0,0,0.0
358,1800.0,97.36349386631957,Exited,0,0,0.0
359,262.94952890768604,180.0,Attached,1,0,179.3099999999819
360,1800.0,99.16866526030185,Exited,0,0,0.0
361,1800.0,75.23277949672367,Exited,0,0,0.0
362,1800.0,57.956556635114914,Exited,0,0,0.0
363,1800.0,44.87477510426941,Exited,0,0,0.0
364,1800.0,95.2374357414247,Exited,0,0,0.0
365,350.74629336016733,0.0,Attached,1,0,176.3299999999846
366,1800.0,128.54223723968653,Exited,0,0,0.0
367,1800.0,68.19916259784445,Exited,0,0,0.0
368,1800.0,95.55288008468946,Exited,0,0,0.0
369,1800.0,23.507854820170884,Exited,0,0,0.0
370,1800.0,20.556210917520264,Exited,0,0,0.0
371,1800.0,98.20744167487808,Exited,0,0,0.0
372,1323.9645663790286,0.0,Attached,1,0,154.41000000000454
373,725.4514522827395,0.0,Shed,2,1,150.35000000000824
374,1800.0,161.89430763405238,Exited,0,0,0.0
375,847.814512562962,0.0,Attached,2,1,158.9600000000004
376,1800.0,133.01433800161539,Exited,0,0,0.0
377,1800.0,156.71018357109887,Exited,0,0,0.0
378,1800.0,96.69000209944072,Exited,0,0,0.0
379,1800.0,108.24342825685493,Exited,0,0,0.0
380,1800.0,66.87039783079241,Exited,0,0,0.0
381,1800.0,103.87336515674818,Exited,0,0,0.0
382,1800.0,71.51562406849213,Exited,0,0,0.0
383,1800.0,127.5153707278551,Exited,0,0,0.0
384,1800.0,143.18727083583522,Exited,0,0,0.0
385,1800.0,96.41100798987117,Exited,0,0,0.0
386,1800.0,88.03516322847418,Exited,0,0,0.0
387,1800.0,58.436934648423644,Exited,0,0,0.0
388,1800.0,44.03444506860414,Exited,0,0,0.0
389,1800.0,80.80861500966176,Exited,0,0,0.0
390,1800.0,48.545819346218444,Exited,0,0,0.0
391,1800.0,78.22961292311172,Exited,1,1,32.13000000000218
392,1800.0,160.76665389210766,Exited,1,1,127.01000000002807
393,1800.0,153.3932019388645,Exited,0,0,0.0
394,96.54153367989038,180.0,Attached,1,0,179.77999999998147
395,1800.0,121.49369682962532,Exited,0,0,0.0
396,1800.0,34.496156594159935,Exited,0,0,0.0
397,1800.0,64.6888480376903,Exited,0,0,0.0
398,1150.320215431303,0.0,Attached,2,1,160.46999999999903
399,1800.0,86.35352107673009,Exited,0,0,0.0
400,1800.0,160.02974998428482,Exited,0,0,0.0
401,1800.0,106.1586029575831,Exited,0,0,0.0
402,1800.0,122.58887855957103,Exited,0,0,0.0
403,1800.0,86.82944110717993,Exited,0,0,0.0
404,1800.0,95.2767580246683,Exited,0,0,0.0
405,1800.0,67.03858864259622,Exited,0,0,0.0
406,1670.467916929464,180.0,Shed,1,0,49.79999999999866
407,1001.4904503315614,180.0,Shed,1,0,11.299999999999804
408,1800.0,141.2168316755849,Exited,0,0,0.0
409,1800.0,134.08613486089698,Exited,0,0,0.0
410,1800.0,28.962960218480898,Exited,0,0,0.0
411,1800.0,48.71176269776778,Exited,0,0,0.0
412,1800.0,60.477242243284344,Exited,0,0,0.0
413,1800.0,74.160698400525,Exited,0,0,0.0
414,1800.0,122.54930257182612,Exited,0,0,0.0
415,1740.6092014592984,0.0,Attached,1,0,165.19999999999473
416,1800.0,130.6096869103167,Exited,0,0,0.0
417,1800.0,178.37211552461773,Exited,0,0,0.0
418,1800.0,97.08797113334995,Exited,0,0,0.0
419,1800.0,91.32044320077185,Exited,0,0,0.0
420,1800.0,62.488061967428116,Exited,0,0,0.0
421,1800.0,108.90382845291877,Exited,0,0,0.0
422,1800.0,63.98506485542628,Exited,0,0,0.0
423,1800.0,115.702218358863,Exited,0,0,0.0
424,1800.0,104.6815712386772,Exited,0,0,0.0
425,1800.0,22.447741555634636,Exited,0,0,0.0
426,1800.0,68.9134101471611,Exited,0,0,0.0
427,1800.0,172.75264699836978,Exited,0,0,0.0
428,1800.0,75.71992334203408,Exited,0,0,0.0
429,1800.0,48.21334739926276,Exited,0,0,0.0
430,1800.0,78.75013655267544,Exited,0,0,0.0
431,1800.0,116.28941136682033,Exited,0,0,0.0
432,693.402467898212,138.66052023351375,Free,1,1,163.49999999999628
433,1800.0,41.8342560093228,Exited,0,0,0.0
434,1800.0,104.62856953415134,Exited,0,0,0.0
435,1800.0,44.74738921360554,Exited,0,0,0.0
436,1800.0,97.10649493651168,Exited,1,1,132.10000000002483
437,1800.0,68.48230843450929,Exited,0,0,0.0
438,1800.0,148.0237628700836,Exited,0,0,0.0
439,1800.0,71.17888981071027,Exited,0,0,0.0
440,627.1777790633091,180.0,Attached,2,1,161.12999999999843
441,1800.0,70.05309585818561,Exited,0,0,0.0
442,1800.0,133.1839881322956,Exited,0,0,0.0
443,1800.0,126.36306576987532,Exited,0,0,0.0
444,1800.0,78.32876405747258,Exited,1,1,122.91000000002597
445,1800.0,109.98509454953268,Exited,0,0,0.0
446,676.836444387144,19.306463003433947,Free,1,1,165.27999999999466
447,1800.0,148.8424530137305,Exited,0,0,0.0
448,1800.0,121.01632050613328,Exited,1,1,77.48000000000273
449,153.54953891444802,180.0,Shed,1,0,56.44999999999734
450,1800.0,108.22850163773954,Exited,0,0,0.0
451,1800.0,160.05910303323884,Exited,0,0,0.0
452,1800.0,88.5039297175761,Exited,0,0,0.0
453,1566.9078212415754,180.0,Attached,2,1,150.7100000000079
454,1800.0,127.39542443455649,Exited,0,0,0.0
455,1800.0,62.05061976423888,Exited,0,0,0.0
456,1800.0,105.3992955014189,Exited,0,0,0.0
457,1800.0,120.46222925959954,Exited,0,0,0.0
458,1800.0,149.88990829728235,Exited,0,0,0.0
459,1800.0,140.54468200935048,Exited,1,1,126.95000000002804
460,1533.7678876402813,180.0,Attached,3,2,158.18000000000112
461,149.39954758324745,180.0,Attached,1,0,179.02999999998215
462,1800.0,135.20380447565861,Exited,1,1,68.34999999999806
463,1800.0,68.53637517857696,Exited,0,0,0.0
464,1800.0,47.425684463186016,Exited,0,0,0.0
465,1332.393855867136,0.0,Attached,2,1,159.32000000000008
466,1800.0,30.428754328396874,Exited,0,0,0.0
467,1800.0,150.75948036530284,Exited,0,0,0.0
468,1800.0,4.780553566309325,Exited,0,0,0.0
469,1800.0,96.72974969807949,Exited,0,0,0.0
470,1800.0,100.14607419630383,Exited,0,0,0.0
471,1800.0,78.03111695704334,Exited,0,0,0.0
472,1800.0,72.33182737126376,Exited,0,0,0.0
473,1800.0,145.73582818065452,Exited,0,0,0.0
474,1800.0,61.28304153554382,Exited,1,1,106.62000000001764
475,1800.0,155.30840391050026,Exited,0,0,0.0
476,1800.0,38.31681255014282,Exited,0,0,0.0
477,1800.0,122.35852055289385,Exited,0,0,0.0
478,1800.0,62.947115890879445,Exited,0,0,0.0
479,998.0389733993337,0.0,Shed,1,0,18.910000000000156
480,1800.0,62.53837132151802,Exited,0,0,0.0
481,1800.0,105.28584887647511,Exited,0,0,0.0
482,1800.0,73.62961676042812,Exited,0,0,0.0
483,1800.0,101.76082819199195,Exited,0,0,0.0
484,1800.0,120.95955852890984,Exited,0,0,0.0
485,1800.0,79.77833688319102,Exited,0,0,0.0
486,1800.0,91.45749797868028,Exited,1,1,29.540000000001818
487,1800.0,146.6885576514425,Exited,0,0,0.0
488,1800.0,160.35841869647965,Exited,0,0,0.0
489,1800.0,85.19097470645121,Exited,0,0,0.0
490,1800.0,99.2053275697549,Exited,0,0,0.0
491,1800.0,150.7461747785612,Exited,0,0,0.0
492,1800.0,123.49110721827172,Exited,0,0,0.0
493,1800.0,89.17259788792524,Exited,0,0,0.0
494,1800.0,128.3376524123608,Exited,0,0,0.0
495,1800.0,60.352802544634415,Exited,1,1,54.84999999999766
496,1800.0,74.4520360951736,Exited,0,0,0.0
497,1800.0,33.04478833871047,Exited,2,2,99.54000000001402
498,1800.0,48.772783637094534,Exited,1,1,43.45999999999992
499,1800.0,99.06589603769476,Exited,0,0,0.0
500,1800.0,92.81146946553321,Exited,0,0,0.0
501,1800.0,90.61161300004167,Exited,0,0,0.0
502,1800.0,156.6348281607512,Exited,0,0,0.0
503,1800.0,125.00849156979515,Exited,0,0,0.0
504,1800.0,58.605026427251374,Exited,0,0,0.0
505,1800.0,157.77723200770936,Exited,0,0,0.0
506,1800.0,102.1139715618602,Exited,0,0,0.0
507,1800.0,135.75554366906698,Exited,0,0,0.0
508,629.9292674582653,0.0,Shed,1,0,87.75000000000799
509,1800.0,62.02274936269666,Exited,0,0,0.0
510,1800.0,104.45596409137318,Exited,0,0,0.0
511,1800.0,107.86924597566383,Exited,0,0,0.0
512,1800.0,81.317222981076,Exited,0,0,0.0
513,1800.0,81.59957039900516,Exited,0,0,0.0
514,1800.0,123.68107541061535,Exited,0,0,0.0
515,1800.0,127.34286939542261,Exited,0,0,0.0
516,1800.0,145.22351554711602,Exited,0,0,0.0
517,1800.0,30.908693788401653,Exited,0,0,0.0
518,1800.0,80.46259525502744,Exited,0,0,0.0
519,1800.0,113.92576053964423,Exited,0,0,0.0
520,1800.0,122.69893414932353,Exited,0,0,0.0
521,1800.0,122.84298473009078,Exited,0,0,0.0
522,1459.7353996895672,0.0,Attached,1,0,155.53000000000353
523,1800.0,113.82123280772511,Exited,0,0,0.0
524,1800.0,80.92593832854784,Exited,0,0,0.0
525,994.764971072031,0.0,Attached,1,0,168.59999999999164
526,1800.0,117.7735449973567,Exited,0,0,0.0
527,1800.0,106.33485000591905,Exited,0,0,0.0
528,1800.0,107.8900165694187,Exited,0,0,0.0
529,1800.0,106.07034133502053,Exited,0,0,0.0
530,1800.0,158.74283607453384,Exited,0,0,0.0
531,1800.0,96.8662385921477,Exited,0,0,0.0
532,1800.0,65.4652254431491,Exited,0,0,0.0
533,1800.0,112.93902767547027,Exited,0,0,0.0
534,1800.0,95.69737384002252,Exited,0,0,0.0
535,1800.0,119.93428913088002,Exited,0,0,0.0
536,1800.0,135.43003718090492,Exited,0,0,0.0
537,1800.0,56.871565721356035,Exited,0,0,0.0
538,1800.0,66.38131602394684,Exited,0,0,0.0
539,1800.0,130.02195500791254,Exited,0,0,0.0
540,1800.0,141.67948409633897,Exited,0,0,0.0
541,1800.0,83.48680466090661,Exited,0,0,0.0
542,1800.0,53.661368572388916,Exited,0,0,0.0
543,1800.0,75.44827200192887,Exited,0,0,0.0
544,1045.7565597951102,180.0,Shed,1,0,37.670000000001075
545,1800.0,55.30607946014219,Exited,0,0,0.0
546,1422.6652581372564,0.0,Attached,1,0,157.69000000000156
547,1800.0,51.05411156593172,Exited,0,0,0.0
548,1800.0,9.067076585614515,Exited,0,0,0.0
549,1800.0,153.25572599060771,Exited,0,0,0.0
550,1800.0,142.99531373702138,Exited,0,0,0.0
551,1800.0,30.576952772267628,Exited,0,0,0.0
552,1800.0,27.41044548961167,Exited,0,0,0.0
553,1800.0,26.18809911519345,Exited,0,0,0.0
554,1800.0,58.27224022491628,Exited,0,0,0.0
555,1800.0,67.73956397461197,Exited,0,0,0.0
556,1800.0,150.72805794717965,Exited,0,0,0.0
557,1800.0,13.21932778829471,Exited,0,0,0.0
558,1800.0,129.4734158848442,Exited,0,0,0.0
559,1800.0,119.43631292122832,Exited,0,0,0.0
560,1800.0,80.94861496288794,Exited,0,0,0.0
561,1800.0,141.68654063108087,Exited,0,0,0.0
562,1800.0,119.21512010392401,Exited,0,0,0.0
563,1800.0,71.7395106780103,Exited,0,0,0.0
564,1800.0,20.668739932557955,Exited,0,0,0.0
565,1800.0,149.5370829413872,Exited,0,0,0.0
566,1800.0,32.5799134378246,Exited,0,0,0.0
567,1800.0,135.42977705108893,Exited,1,1,1.8700000000000014
568,1800.0,104.28877322713785,Exited,0,0,0.0
569,1800.0,84.16218886571728,Exited,0,0,0.0
570,1800.0,80.51616163494573,Exited,0,0,0.0
571,1800.0,45.952680699468836,Exited,0,0,0.0
572,1703.4450225366027,0.0,Attached,1,0,156.38000000000275
573,1800.0,158.8734649019913,Exited,0,0,0.0
574,1800.0,34.24367252056747,Exited,1,1,119.060000000024
575,502.1160322436053,0.0,Shed,1,0,129.5000000000272
576,1800.0,74.93675411177192,Exited,0,0,0.0
577,1800.0,45.08196139617401,Exited,0,0,0.0
578,1800.0,129.59083877933628,Exited,0,0,0.0
579,1800.0,94.79290771999642,Exited,0,0,0.0
580,1800.0,26.131433204039336,Exited,0,0,0.0
581,1800.0,112.65642443956371,Exited,0,0,0.0
582,1800.0,56.10743465360483,Exited,0,0,0.0
583,1800.0,94.05235395744506,Exited,2,2,116.42000000002265
584,543.4852292556825,0.0,Attached,1,0,171.46999999998903
585,1800.0,149.0212056725155,Exited,0,0,0.0
586,1800.0,75.48151595218829,Exited,0,0,0.0
587,1800.0,90.3979120784876,Exited,0,0,0.0
588,1800.0,70.47316747121522,Exited,0,0,0.0
589,1800.0,56.98075125038911,Exited,0,0,0.0
590,1800.0,80.68478250082599,Exited,0,0,0.0
591,1800.0,72.23050916516756,Exited,0,0,0.0
592,1800.0,87.97961995342965,Exited,0,0,0.0
593,201.99422826961785,0.0,Attached,1,0,178.61999999998253
594,1800.0,63.87306377410045,Exited,0,0,0.0
595,1800.0,123.05171052544034,Exited,0,0,0.0
596,1800.0,80.25964040469492,Exited,0,0,0.0
597,1800.0,107.52467617684758,Exited,0,0,0.0
598,1800.0,161.9945166002502,Exited,0,0,0.0
599,1800.0,92.7526791119874,Exited,1,1,42.390000000000136
600,1800.0,89.83120319200121,Exited,0,0,0.0
601,1800.0,82.79524902534693,Exited,0,0,0.0
602,1800.0,30.81742826969448,Exited,0,0,0.0
603,1800.0,75.32227067493537,Exited,0,0,0.0
604,1800.0,34.4358071416807,Exited,0,0,0.0
605,1800.0,150.99520790212807,Exited,0,0,0.0
606,1800.0,80.95466666763615,Exited,0,0,0.0
607,1800.0,146.95525050587992,Exited,1,1,75.54000000000174
608,1800.0,89.88456417065265,Exited,0,0,0.0
609,1800.0,106.42085501968131,Exited,0,0,0.0
610,1800.0,98.1136812828901,Exited,0,0,0.0
611,1800.0,76.09446891875025,Exited,0,0,0.0
612,1800.0,27.33385512182241,Exited,0,0,0.0
613,1800.0,134.481320983968,Exited,0,0,0.0
614,1800.0,84.94862925093835,Exited,0,0,0.0
615,1800.0,148.458609891547,Exited,0,0,0.0
616,1800.0,167.45326194651537,Exited,0,0,0.0
617,1800.0,9.272683872303519,Exited,1,1,62.21999999999619
618,1800.0,126.93540621825682,Exited,0,0,0.0
619,1800.0,136.77421102269363,Exited,0,0,0.0
620,1800.0,134.90889930307617,Exited,0,0,0.0
621,696.9633903891978,0.0,Attached,1,0,165.16999999999476
622,1800.0,146.63380098237963,Exited,0,0,0.0
623,554.064576274325,180.0,Shed,1,0,26.500000000001343
624,1800.0,74.49527469405811,Exited,0,0,0.0
625,1800.0,47.187660787164674,Exited,0,0,0.0
626,1800.0,109.0813347059372,Exited,0,0,0.0
627,1741.8559651212215,180.0,Attached,1,0,160.53999999999897
628,1800.0,141.93332675790444,Exited,0,0,0.0
629,1800.0,105.88751513230959,Exited,0,0,0.0
630,1800.0,101.76459815839873,Exited,0,0,0.0
631,1800.0,64.30541807812288,Exited,0,0,0.0
632,1800.0,50.36096260434044,Exited,0,0,0.0
633,1800.0,57.99942669670126,Exited,0,0,0.0
634,1800.0,39.09423770509556,Exited,0,0,0.0
635,1781.2248516244342,0.0,Attached,1,0,145.4400000000127
636,1800.0,109.21839211473647,Exited,0,0,0.0
637,1800.0,133.9079213164306,Exited,0,0,0.0
638,1800.0,82.56419055255195,Exited,0,0,0.0
639,1800.0,173.37865606905493,Exited,0,0,0.0
640,1800.0,51.77946769632138,Exited,0,0,0.0
641,1800.0,152.5819811606481,Exited,0,0,0.0
642,410.7881389341524,0.0,Attached,1,0,173.9299999999868
643,1800.0,78.19998646275016,Exited,0,0,0.0
644,1800.0,20.520184673477008,Exited,0,0,0.0
645,1056.449573463969,180.0,Attached,1,0,168.27999999999193
646,1800.0,108.45050176428128,Exited,0,0,0.0
647,1800.0,164.0990464104726,Exited,0,0,0.0
648,1800.0,95.07099584689783,Exited,0,0,0.0
649,1800.0,128.62852207244507,Exited,0,0,0.0
650,1800.0,28.292987896633186,Exited,0,0,0.0
651,1800.0,112.47322246435476,Exited,0,0,0.0
652,1800.0,82.66758170144381,Exited,0,0,0.0
653,1800.0,79.8582236008016,Exited,0,0,0.0
654,1800.0,106.91188354810309,Exited,0,0,0.0
655,1800.0,97.37737517166367,Exited,0,0,0.0
656,1800.0,68.6704657005123,Exited,0,0,0.0
657,1800.0,151.4944801593723,Exited,0,0,0.0
658,1466.3457043091018,0.0,Attached,3,2,147.16000000001114
659,1800.0,9.969592471773549,Exited,1,1,45.0799999999996
660,1800.0,145.66329470410767,Exited,1,1,129.5100000000272
661,1800.0,90.50005384036137,Exited,0,0,0.0
662,1800.0,120.34718382738613,Exited,0,0,0.0
663,1800.0,100.5616354077605,Exited,0,0,0.0
664,1800.0,40.110044521175766,Exited,0,0,0.0
665,1800.0,98.23301636506523,Exited,0,0,0.0
666,1800.0,106.12258668036601,Exited,0,0,0.0
667,1800.0,124.8518099568353,Exited,0,0,0.0
668,269.8730507825653,0.0,Attached,1,0,177.57999999998347
669,1800.0,26.77927155343502,Exited,0,0,0.0
670,1800.0,153.23055609851863,Exited,0,0,0.0
671,1800.0,115.11597654349684,Exited,0,0,0.0
672,128.33495837019964,180.0,Shed,1,0,73.00000000000044
673,1800.0,68.97019342106557,Exited,0,0,0.0
674,1800.0,61.17943284165979,Exited,0,0,0.0
675,1800.0,126.0076878921409,Exited,0,0,0.0
676,1033.6369740761959,180.0,Attached,1,0,166.92999999999316
677,1048.9953654851165,180.0,Shed,1,0,125.46000000002728
678,1800.0,56.43558052901316,Exited,0,0,0.0
679,1800.0,64.55801868128023,Exited,0,0,0.0
680,1800.0,104.08320085848933,Exited,0,0,0.0
681,1800.0,96.70847198629262,Exited,0,0,0.0
682,1800.0,15.421688953865093,Exited,0,0,0.0
683,1800.0,79.36872669576982,Exited,0,0,0.0
684,1800.0,48.69209410624067,Exited,0,0,0.0
685,1800.0,138.39365976542413,Exited,0,0,0.0
686,788.1326741853585,0.0,Attached,1,0,174.87999999998593
687,1800.0,148.19545097265973,Exited,0,0,0.0
688,1800.0,97.62879395570812,Exited,0,0,0.0
689,1800.0,90.4721184407875,Exited,0,0,0.0
690,1800.0,29.693005298200827,Exited,0,0,0.0
691,1800.0,92.40435431646831,Exited,0,0,0.0
692,1800.0,38.84457034523693,Exited,0,0,0.0
693,1800.0,125.79897643717331,Exited,0,0,0.0
694,1800.0,28.864369454450685,Exited,0,0,0.0
695,1800.0,107.61064566349502,Exited,0,0,0.0
696,1800.0,88.27625967882938,Exited,0,0,0.0
697,1800.0,89.07875344419995,Exited,0,0,0.0
698,1800.0,161.20531876608743,Exited,1,1,85.71000000000694
699,1800.0,70.22802908558477,Exited,0,0,0.0
700,1800.0,47.27815362766138,Exited,1,1,42.42000000000013
701,1800.0,78.95406284127597,Exited,0,0,0.0
702,1800.0,27.989514985304492,Exited,0,0,0.0
703,1800.0,125.38865645834008,Exited,0,0,0.0
704,1800.0,58.46176608191271,Exited,0,0,0.0
705,1800.0,30.44290249927644,Exited,0,0,0.0
706,1800.0,105.84214314968068,Exited,0,0,0.0
707,1800.0,88.40888583077063,Exited,0,0,0.0
708,1800.0,37.67053517217209,Exited,0,0,0.0
709,1800.0,151.1681488303899,Exited,0,0,0.0
710,1800.0,110.10093434473268,Exited,0,0,0.0
711,1800.0,134.53738876299002,Exited,0,0,0.0
712,1800.0,41.460172640622,Exited,0,0,0.0
713,1800.0,128.5797820181587,Exited,0,0,0.0
714,1800.0,93.01895143630061,Exited,0,0,0.0
715,1800.0,87.78963935370648,Exited,0,0,0.0
716,1800.0,68.44386479689051,Exited,0,0,0.0
717,1800.0,98.82469859294758,Exited,0,0,0.0
718,1800.0,122.61699319488467,Exited,1,1,21.640000000000583
719,1800.0,148.65453058735295,Exited,1,1,54.18999999999779
720,594.3253963725507,0.0,Attached,2,1,172.2599999999883
721,280.76077417669876,180.0,Attached,1,0,175.60999999998526
722,1800.0,20.55688303081662,Exited,0,0,0.0
723,1800.0,142.9713032233074,Exited,0,0,0.0
724,1800.0,32.19824087511141,Exited,0,0,0.0
725,1800.0,51.46139235799191,Exited,0,0,0.0
726,1800.0,53.58983031333923,Exited,0,0,0.0
727,905.4927066662353,180.0,Attached,1,0,169.4199999999909
728,1800.0,89.30674189036432,Exited,0,0,0.0
729,1800.0,95.6053651979799,Exited,0,0,0.0
730,1800.0,65.81201715619726,Exited,0,0,0.0
731,1800.0,61.92040435190149,Exited,0,0,0.0
732,1800.0,118.07944224662496,Exited,0,0,0.0
733,1800.0,6.885507009970598,Exited,0,0,0.0
734,1800.0,92.94178361095862,Exited,0,0,0.0
735,1800.0,25.67065629709721,Exited,0,0,0.0
736,1800.0,58.15947346829633,Exited,0,0,0.0
737,356.6712911345291,0.0,Shed,1,0,83.10000000000561
738,1800.0,132.85421433358744,Exited,0,0,0.0
739,1800.0,18.76946810942517,Exited,0,0,0.0
740,1800.0,95.59738771642641,Exited,0,0,0.0
741,1800.0,167.4815872428154,Exited,0,0,0.0
742,1800.0,131.9852758843918,Exited,0,0,0.0
743,1800.0,125.54829765139372,Exited,0,0,0.0
744,1800.0,128.4936718191434,Exited,0,0,0.0
745,1800.0,56.34848291130063,Exited,0,0,0.0
746,1800.0,57.1108335916453,Exited,0,0,0.0
747,1800.0,146.73017673670344,Exited,0,0,0.0
748,1800.0,134.31714499404947,Exited,0,0,0.0
749,783.5091705815221,0.0,Shed,1,0,131.0300000000258
750,1800.0,72.20628350835665,Exited,0,0,0.0
751,1147.9004296899511,180.0,Shed,1,0,88.87000000000856
752,1800.0,131.15381467434722,Exited,0,0,0.0
753,1800.0,112.68315181024268,Exited,0,0,0.0
754,1800.0,87.24208132413365,Exited,0,0,0.0
755,1800.0,112.50285197601987,Exited,0,0,0.0
756,1800.0,12.486923639274647,Exited,0,0,0.0
757,1800.0,105.07900845229689,Exited,0,0,0.0
758,1800.0,97.03351460534357,Exited,0,0,0.0
759,1800.0,99.53753657630966,Exited,0,0,0.0
760,1800.0,59.06813748562388,Exited,0,0,0.0
761,1800.0,110.22152283778817,Exited,0,0,0.0
762,1450.8251779594502,0.0,Shed,1,0,99.13000000001381
763,1800.0,19.797293971668857,Exited,0,0,0.0
764,1316.829888158019,180.0,Attached,2,1,159.80999999999963
765,1800.0,72.01428189005834,Exited,0,0,0.0
766,1800.0,140.25670641173863,Exited,0,0,0.0
767,1800.0,141.48671403517244,Exited,0,0,0.0
768,1800.0,32.37369764969548,Exited,0,0,0.0
769,1800.0,130.9763890207398,Exited,0,0,0.0
770,1800.0,76.37698734601446,Exited,0,0,0.0
771,1800.0,37.13888831049518,Exited,0,0,0.0
772,1800.0,113.64769723583493,Exited,0,0,0.0
773,1800.0,110.63543780313174,Exited,0,0,0.0
774,1020.576337839443,0.0,Attached,1,0,165.30999999999463
775,1800.0,57.81462948519561,Exited,0,0,0.0
776,1253.007671287364,0.0,Shed,1,0,150.9500000000077
777,1800.0,100.1938387965084,Exited,0,0,0.0
778,1800.0,137.125888696464,Exited,0,0,0.0
779,1800.0,63.77168267217919,Exited,0,0,0.0
780,1800.0,133.24735285765564,Exited,0,0,0.0
781,1800.0,99.99798753706975,Exited,0,0,0.0
782,1800.0,159.13495778658825,Exited,0,0,0.0
783,1800.0,32.980962046211836,Exited,0,0,0.0
784,1800.0,58.65210588116267,Exited,0,0,0.0
785,1800.0,95.1696393198215,Exited,0,0,0.0
786,1800.0,88.42363952821104,Exited,0,0,0.0
787,1800.0,54.39977986967161,Exited,0,0,0.0
788,1800.0,157.31856967085423,Exited,0,0,0.0
789,1800.0,86.88034307704355,Exited,0,0,0.0
790,1800.0,99.70332142214622,Exited,0,0,0.0
791,1800.0,81.38593117579697,Exited,0,0,0.0
792,1800.0,51.82786590178916,Exited,0,0,0.0
793,1800.0,14.539592182517943,Exited,0,0,0.0
794,1793.395365655838,0.0,Shed,1,0,21.24000000000052
795,1800.0,53.711408661046875,Exited,0,0,0.0
796,1800.0,120.30781943421233,Exited,0,0,0.0
797,1578.8897277592282,0.0,Attached,1,0,164.26999999999558
798,1800.0,43.099906566784725,Exited,0,0,0.0
799,1800.0,64.35737024958593,Exited,0,0,0.0
800,1800.0,157.66048024394382,Exited,1,1,94.36000000001137
801,1800.0,74.4161182464318,Exited,0,0,0.0
802,1800.0,74.74907184685999,Exited,0,0,0.0
803,1800.0,104.062444158471,Exited,0,0,0.0
804,1800.0,120.52482861529799,Exited,0,0,0.0
805,1800.0,133.94269798221603,Exited,0,0,0.0
806,1800.0,31.71785779156757,Exited,0,0,0.0
807,1800.0,105.87213973227387,Exited,0,0,0.0
808,1800.0,47.31547172368885,Exited,0,0,0.0
809,1800.0,62.49559881269994,Exited,0,0,0.0
810,1800.0,115.70271872164606,Exited,0,0,0.0
811,1800.0,50.95777311390739,Exited,0,0,0.0
812,1800.0,112.88002595980126,Exited,0,0,0.0
813,1800.0,85.3468232190632,Exited,0,0,0.0
814,1800.0,40.87062097132208,Exited,0,0,0.0
815,1800.0,119.33338555700597,Exited,1,1,102.01000000001528
816,1800.0,56.66429101996185,Exited,0,0,0.0
817,1800.0,135.79857431997843,Exited,0,0,0.0
818,977.4651150497159,180.0,Shed,1,0,75.98000000000197
819,1800.0,84.41240754656589,Exited,0,0,0.0
820,1800.0,131.28258336722837,Exited,0,0,0.0
821,1800.0,69.132846940252,Exited,0,0,0.0
822,1800.0,69.21049778023573,Exited,0,0,0.0
823,1800.0,12.247213312451912,Exited,0,0,0.0
824,1800.0,123.45481189107808,Exited,1,1,17.749999999999975
825,1800.0,116.03527500898335,Exited,0,0,0.0
826,1800.0,118.59600818026921,Exited,1,1,52.66999999999809
827,1800.0,46.91930933278171,Exited,0,0,0.0
828,1800.0,53.885450544808656,Exited,0,0,0.0
829,1102.075114936103,0.0,Attached,3,2,157.59000000000165
830,1800.0,154.46918190937853,Exited,0,0,0.0
831,479.9732266171884,0.0,Attached,1,0,172.66999999998794
832,1800.0,119.41320564742094,Exited,0,0,0.0
833,1800.0,129.81610127276426,Exited,0,0,0.0
834,1800.0,53.3674677197418,Exited,0,0,0.0
835,1800.0,122.9293144239196,Exited,1,1,122.22000000002562
836,1800.0,44.9477551255246,Exited,0,0,0.0
837,1800.0,64.38412224852691,Exited,0,0,0.0
838,1800.0,99.04840368925903,Exited,0,0,0.0
839,1800.0,125.19683185481661,Exited,0,0,0.0
840,1800.0,61.16219464263753,Exited,0,0,0.0
841,1800.0,47.152148105560435,Exited,0,0,0.0
842,134.1936342384563,180.0,Attached,1,0,178.9699999999822
843,1800.0,151.10686636485357,Exited,0,0,0.0
844,1800.0,94.89572707511233,Exited,0,0,0.0
845,1800.0,50.038139426562054,Exited,0,0,0.0
846,1800.0,106.52637404043915,Exited,0,0,0.0
847,1800.0,152.65338008465432,Exited,0,0,0.0
848,1800.0,76.14379970971638,Exited,0,0,0.0
849,1800.0,92.02344228394179,Exited,0,0,0.0
850,1800.0,158.30159930272333,Exited,0,0,0.0
851,1800.0,39.248769012652055,Exited,0,0,0.0
852,1800.0,122.71406426815852,Exited,0,0,0.0
853,1800.0,87.54541271567444,Exited,0,0,0.0
854,1800.0,128.58346763411646,Exited,0,0,0.0
855,1800.0,160.06314123550825,Exited,0,0,0.0
856,1800.0,127.8374131608277,Exited,0,0,0.0
857,1800.0,73.00268389341703,Exited,0,0,0.0
858,1800.0,120.29965247098937,Exited,0,0,0.0
859,1800.0,78.45236913062293,Exited,0,0,0.0
860,1800.0,0.8693475746779478,Exited,0,0,0.0
861,1800.0,100.31381626529063,Exited,0,0,0.0
862,1800.0,83.59093719663838,Exited,1,1,28.000000000001577
863,1800.0,122.44140034237506,Exited,0,0,0.0
864,1800.0,52.7421688652174,Exited,0,0,0.0
865,1800.0,137.29965717053136,Exited,0,0,0.0
866,1800.0,76.68283764382342,Exited,0,0,0.0
867,1800.0,129.44967316943337,Exited,0,0,0.0
868,1800.0,116.9313828023349,Exited,0,0,0.0
869,1800.0,128.6853499783424,Exited,0,0,0.0
870,1800.0,40.337644642991265,Exited,0,0,0.0
871,1800.0,64.72360179495621,Exited,0,0,0.0
872,1800.0,106.97473346747344,Exited,0,0,0.0
873,1532.747561184081,180.0,Shed,1,0,54.499999999997726
874,1800.0,62.95292741402298,Exited,0,0,0.0
875,1800.0,100.00710227842318,Exited,0,0,0.0
876,1800.0,16.91934514712085,Exited,0,0,0.0
877,1800.0,71.91618778231727,Exited,1,1,16.43999999999977
878,1800.0,128.70177853919617,Exited,0,0,0.0
879,353.70570385150927,180.0,Shed,1,0,42.51000000000011
880,1495.2742720335705,0.0,Shed,1,0,133.86000000002323
881,1800.0,92.8582459354617,Exited,0,0,0.0
882,300.2862617094653,0.0,Attached,1,0,177.85999999998322
883,1800.0,73.42103055375469,Exited,0,0,0.0
884,1800.0,68.3349127937944,Exited,0,0,0.0
885,1800.0,1.1522824351854892,Exited,0,0,0.0
886,1800.0,97.52704421518902,Exited,0,0,0.0
887,1800.0,148.19911190266086,Exited,0,0,0.0
888,1800.0,62.56405994877899,Exited,0,0,0.0
889,1800.0,95.40553143950874,Exited,0,0,0.0
890,1800.0,89.09415118088832,Exited,0,0,0.0
891,1800.0,34.56893408255511,Exited,0,0,0.0
892,1800.0,78.3133771643517,Exited,0,0,0.0
893,1800.0,40.99670750918554,Exited,1,1,60.06999999999662
894,1800.0,58.34843121538711,Exited,0,0,0.0
895,1800.0,18.573221775311556,Exited,2,2,22.64000000000074
896,1800.0,54.33085305808389,Exited,0,0,0.0
897,1800.0,72.10602881326696,Exited,0,0,0.0
898,293.2165043324237,0.0,Attached,1,0,175.27999999998556
899,1800.0,145.28175996992988,Exited,0,0,0.0
900,1800.0,140.7996852788235,Exited,0,0,0.0
901,1800.0,14.787260905302908,Exited,0,0,0.0
902,1800.0,57.390072366573456,Exited,0,0,0.0
903,1800.0,98.85304557217904,Exited,0,0,0.0
904,1800.0,73.38117730006496,Exited,0,0,0.0
905,1771.4158257317033,0.0,Shed,1,0,3.849999999999962
906,1800.0,84.67349025303685,Exited,0,0,0.0
907,1800.0,107.48852543446868,Exited,0,0,0.0
908,1800.0,52.223026059436506,Exited,0,0,0.0
909,1800.0,93.01951258975342,Exited,0,0,0.0
910,1800.0,144.92319662746863,Exited,0,0,0.0
911,1800.0,91.60194893366278,Exited,0,0,0.0
912,1800.0,117.42093207571143,Exited,0,0,0.0
913,1161.5122929653014,180.0,Attached,1,0,155.73000000000334
914,1800.0,114.92194527456864,Exited,0,0,0.0
915,1616.493900242624,0.0,Shed,1,0,22.850000000000772
916,1800.0,37.4560388236713,Exited,0,0,0.0
917,1800.0,71.93293278656304,Exited,0,0,0.0
918,1800.0,103.74310024005597,Exited,0,0,0.0
919,1800.0,32.32299670264575,Exited,0,0,0.0
920,1800.0,11.6959853101184,Exited,0,0,0.0
921,1800.0,151.68933321085532,Exited,0,0,0.0
922,1800.0,141.4672770917629,Exited,0,0,0.0
923,1800.0,74.75912154575153,Exited,0,0,0.0
924,1800.0,110.89671296454586,Exited,0,0,0.0
925,1800.0,70.26896155387402,Exited,0,0,0.0
926,1800.0,54.712110442342606,Exited,0,0,0.0
927,1800.0,160.1717996700207,Exited,0,0,0.0
928,1800.0,145.9821291985656,Exited,0,0,0.0
929,1800.0,32.96676390981976,Exited,0,0,0.0
930,1800.0,83.59628355857618,Exited,0,0,0.0
931,1800.0,102.1767571415279,Exited,1,1,98.7100000000136
932,1800.0,99.86771148411216,Exited,0,0,0.0
933,1800.0,70.72326257131877,Exited,0,0,0.0
934,886.0790189793953,180.0,Shed,1,0,128.9500000000277
935,1800.0,81.19214953871199,Exited,0,0,0.0
936,1800.0,49.051353864515804,Exited,1,1,58.61999999999691
937,1800.0,119.79908692512785,Exited,0,0,0.0
938,1800.0,54.90407059111433,Exited,0,0,0.0
939,1800.0,66.51405369546062,Exited,0,0,0.0
940,273.9436080303579,0.0,Attached,1,0,177.92999999998315
941,1800.0,72.60907127011593,Exited,0,0,0.0
942,1800.0,45.53118440029914,Exited,0,0,0.0
943,1800.0,89.57835479455086,Exited,0,0,0.0
944,1800.0,14.984822016474858,Exited,0,0,0.0
945,1800.0,109.87258586404558,Exited,0,0,0.0
946,1800.0,62.807557212668904,Exited,0,0,0.0
947,1800.0,84.09008490638232,Exited,0,0,0.0
948,1800.0,79.37169243047825,Exited,0,0,0.0
949,587.7990447831057,180.0,Attached,1,0,171.3999999999891
950,1800.0,83.98522919127228,Exited,0,0,0.0
951,1800.0,124.52043422138571,Exited,1,1,12.589999999999776
952,1800.0,80.17981823997265,Exited,0,0,0.0
953,1800.0,150.0047787458141,Exited,0,0,0.0
954,273.42936473058364,180.0,Attached,1,0,177.07999999998393
955,1800.0,67.03409939268735,Exited,0,0,0.0
956,1800.0,160.4722764404577,Exited,1,1,98.55000000001351
957,1800.0,146.436453370548,Exited,0,0,0.0
958,1800.0,93.57070500841067,Exited,0,0,0.0
959,1800.0,138.9522083487726,Exited,0,0,0.0
960,1800.0,101.75492015450466,Exited,0,0,0.0
961,1800.0,71.14321201866366,Exited,0,0,0.0
962,1800.0,84.50846379658233,Exited,0,0,0.0
963,1800.0,33.094843763939664,Exited,0,0,0.0
964,1800.0,164.686013552841,Exited,0,0,0.0
965,1800.0,103.01917635309695,Exited,0,0,0.0
966,1800.0,94.16591101496527,Exited,0,0,0.0
967,1800.0,75.75354390801495,Exited,0,0,0.0
968,1800.0,44.45781018565833,Exited,0,0,0.0
969,1800.0,165.56805071015714,Exited,0,0,0.0
970,1800.0,82.21692811328239,Exited,1,1,16.37999999999976
971,1800.0,33.26335685775047,Exited,0,0,0.0
972,1800.0,87.85564329303628,Exited,1,1,107.70000000001819
973,1800.0,83.82706767751007,Exited,1,1,36.38000000000133
974,1800.0,143.80954666614318,Exited,0,0,0.0
975,1800.0,110.94034910818795,Exited,0,0,0.0
976,1800.0,95.65037009330281,Exited,0,0,0.0
977,1800.0,53.544511555967574,Exited,0,0,0.0
978,1800.0,118.56826729337777,Exited,0,0,0.0
979,1800.0,41.142311789467804,Exited,0,0,0.0
980,1724.9565709272806,0.0,Attached,1,0,145.51000000001264
981,1800.0,127.92838821413463,Exited,0,0,0.0
982,1800.0,123.58051324045202,Exited,0,0,0.0
983,1800.0,55.26114723661625,Exited,0,0,0.0
984,1367.1190807177377,180.0,Attached,3,2,161.8299999999978
985,1800.0,71.56553973595443,Exited,0,0,0.0
986,1800.0,53.23706577142514,Exited,0,0,0.0
987,1800.0,75.45480895152306,Exited,0,0,0.0
988,1800.0,93.14228661806915,Exited,0,0,0.0
989,1235.123284025443,180.0,Attached,1,0,163.1399999999966
990,1800.0,31.67932097291196,Exited,0,0,0.0
991,1800.0,130.53161218278436,Exited,0,0,0.0
992,1800.0,33.27875318827117,Exited,0,0,0.0
993,336.58215122994886,180.0,Shed,2,1,110.2500000000195
994,1800.0,27.148103531564928,Exited,2,2,72.65000000000026
995,1800.0,18.719166666908038,Exited,0,0,0.0
996,1800.0,125.16033392276475,Exited,0,0,0.0
997,1800.0,57.41608178483395,Exited,0,0,0.0
998,1800.0,101.10098426812026,Exited,0,0,0.0
999,1800.0,166.40146771062768,Exited,0,0,0.0
1000,1800.0,120.62243591569951,Exited,0,0,0.0
1001,1800.0,90.92551421003559,Exited,0,0,0.0
1002,1800.0,111.80557789725937,Exited,0,0,0.0
1003,1800.0,77.96401167274962,Exited,0,0,0.0
1004,1800.0,121.31219644728509,Exited,0,0,0.0
1005,1800.0,139.897209113712,Exited,0,0,0.0
1006,452.076024684256,180.0,Attached,1,0,177.23999999998378
1007,1800.0,96.80790731538653,Exited,0,0,0.0
1008,1800.0,28.46376943031366,Exited,0,0,0.0
1009,1800.0,56.184988002281905,Exited,0,0,0.0
1010,1800.0,49.62438994904664,Exited,0,0,0.0
1011,1800.0,98.9973146972434,Exited,0,0,0.0
1012,1800.0,103.14931394918233,Exited,0,0,0.0
1013,540.0882888458708,180.0,Shed,1,0,84.37000000000626
1014,1800.0,66.2268219955983,Exited,0,0,0.0
1015,1800.0,45.12638885669758,Exited,0,0,0.0
1016,1800.0,74.12011300366808,Exited,0,0,0.0
1017,1800.0,106.32317656047634,Exited,0,0,0.0
1018,1800.0,73.51548503963306,Exited,0,0,0.0
1019,1800.0,114.27161388791586,Exited,0,0,0.0
1020,1800.0,38.88052737038859,Exited,0,0,0.0
1021,1800.0,91.82361001098782,Exited,0,0,0.0
1022,1800.0,28.829915985226922,Exited,0,0,0.0
1023,1800.0,123.13070210249703,Exited,0,0,0.0
1024,1800.0,90.44515860002525,Exited,0,0,0.0
1025,1500.354241031292,0.0,Attached,1,0,156.91000000000227
1026,1800.0,65.13578410108612,Exited,0,0,0.0
1027,1800.0,71.22695671460326,Exited,0,0,0.0
1028,1345.3947437188745,0.0,Attached,1,0,159.0900000000003
1029,1800.0,34.31137359731051,Exited,0,0,0.0
1030,1800.0,95.08444112720765,Exited,0,0,0.0
1031,1800.0,112.99955159851585,Exited,0,0,0.0
1032,513.8530876640663,0.0,Attached,1,0,173.20999999998745
1033,373.9101342500209,0.0,Attached,1,0,174.5799999999862
1034,1800.0,138.9477558032395,Exited,0,0,0.0
1035,1800.0,141.60633495742277,Exited,0,0,0.0
1036,1800.0,147.4823722436177,Exited,0,0,0.0
1037,1800.0,124.43457231066965,Exited,0,0,0.0
1038,1800.0,150.84970626992956,Exited,0,0,0.0
1039,1800.0,102.1029653681449,Exited,0,0,0.0
1040,1800.0,80.38521400352889,Exited,0,0,0.0
1041,1800.0,65.5773096428836,Exited,0,0,0.0
1042,1800.0,81.0521122695741,Exited,0,0,0.0
1043,1800.0,30.022981490979095,Exited,0,0,0.0
1044,1800.0,107.34512744191545,Exited,0,0,0.0
1045,1800.0,92.08597808182871,Exited,0,0,0.0
1046,18.808759754430135,0.0,Attached,1,0,179.46999999998175
1047,1800.0,44.80298023002266,Exited,0,0,0.0
1048,1800.0,41.89653948295193,Exited,0,0,0.0
1049,1800.0,13.875265578844251,Exited,0,0,0.0
1050,1800.0,74.50135427932261,Exited,0,0,0.0
1051,1800.0,98.1949182143372,Exited,0,0,0.0
1052,1800.0,121.19637294997483,Exited,0,0,0.0
1053,1152.268750189448,0.0,Attached,1,0,166.40999999999363
1054,555.6079150554608,0.0,Attached,1,0,171.10999999998936
1055,1800.0,62.929448976082256,Exited,0,0,0.0
1056,1800.0,73.61097369340462,Exited,0,0,0.0
1057,1800.0,41.9307527598914,Exited,0,0,0.0
1058,1800.0,45.011708953042096,Exited,0,0,0.0
1059,1800.0,83.7644455645012,Exited,0,0,0.0
1060,1800.0,111.37853273157772,Exited,0,0,0.0
1061,1800.0,102.78925627108273,Exited,0,0,0.0
1062,1800.0,23.68486788056353,Exited,1,1,104.33000000001647
1063,1800.0,108.00954952633322,Exited,0,0,0.0
1064,1800.0,110.16674783625764,Exited,0,0,0.0
1065,1800.0,40.4367427239469,Exited,0,0,0.0
1066,1800.0,139.91656049706,Exited,0,0,0.0
1067,1800.0,50.574407974648366,Exited,0,0,0.0
1068,1800.0,27.315059277218303,Exited,0,0,0.0
1069,1800.0,46.50747326617045,Exited,0,0,0.0
1070,1800.0,74.66563298313682,Exited,0,0,0.0
1071,1800.0,75.58828929221183,Exited,0,0,0.0
1072,1800.0,21.45901011858319,Exited,0,0,0.0
1073,1800.0,42.85957105074489,Exited,0,0,0.0
1074,1800.0,82.3327799578267,Exited,0,0,0.0
1075,1800.0,115.57799812479503,Exited,0,0,0.0
1076,1800.0,147.90766671576162,Exited,0,0,0.0
1077,1800.0,97.14779920787025,Exited,1,1,16.089999999999716
1078,1800.0,116.57528101893642,Exited,0,0,0.0
1079,1800.0,37.78053725539329,Exited,0,0,0.0
1080,1800.0,126.08151776389077,Exited,0,0,0.0
1081,1800.0,133.77554043166725,Exited,0,0,0.0
1082,1800.0,82.00734862680567,Exited,0,0,0.0
1083,1800.0,136.8509828743613,Exited,0,0,0.0
1084,1800.0,109.44885209170235,Exited,0,0,0.0
1085,1800.0,57.71773699238198,Exited,0,0,0.0
1086,1800.0,94.99682716078007,Exited,0,0,0.0
1087,1800.0,39.251934655349814,Exited,0,0,0.0
1088,1800.0,127.27370014472426,Exited,0,0,0.0
1089,1800.0,129.0097426533615,Exited,0,0,0.0
1090,1800.0,122.19862270969493,Exited,0,0,0.0
1091,1800.0,57.33075619946753,Exited,0,0,0.0
1092,1800.0,27.39209100985776,Exited,0,0,0.0
1093,1800.0,62.64237589658729,Exited,0,0,0.0
1094,1800.0,129.12839905705164,Exited,0,0,0.0
1095,1800.0,110.85946921113171,Exited,0,0,0.0
1096,1800.0,97.02487523888546,Exited,0,0,0.0
1097,1800.0,89.68190522980895,Exited,0,0,0.0
1098,1800.0,33.4713744559076,Exited,0,0,0.0
1099,930.9967868416613,0.0,Attached,1,0,164.4599999999954
1100,1800.0,65.91204752539163,Exited,0,0,0.0
1101,1800.0,149.0564553902887,Exited,0,0,0.0
1102,1800.0,17.62710324159716,Exited,0,0,0.0
1103,1800.0,140.18488398040267,Exited,0,0,0.0
1104,1800.0,86.10950204052028,Exited,0,0,0.0
1105,1800.0,104.62078974417305,Exited,1,1,100.3000000000144
1106,502.6647852705324,0.0,Attached,1,0,173.11999999998753
1107,1800.0,108.99991059109082,Exited,0,0,0.0
1108,1800.0,86.62927437950349,Exited,0,0,0.0
1109,1800.0,64.71118712023882,Exited,0,0,0.0
1110,1800.0,157.54752477023482,Exited,0,0,0.0
1111,1800.0,74.55204495623029,Exited,0,0,0.0
1112,1800.0,42.21288934632412,Exited,0,0,0.0
1113,1800.0,151.96901812951646,Exited,0,0,0.0
1114,1773.3224952095088,180.0,Shed,1,0,82.33000000000521
1115,1800.0,50.67460940510764,Exited,0,0,0.0
1116,1800.0,87.52520413082487,Exited,0,0,0.0
1117,178.3532974306299,180.0,Shed,1,0,28.940000000001724
1118,1800.0,145.13950806001375,Exited,0,0,0.0
1119,1800.0,93.38366650715939,Exited,0,0,0.0
1120,729.1035152214239,0.0,Attached,1,0,164.32999999999552
1121,1800.0,78.99946433177979,Exited,0,0,0.0
1122,1800.0,92.73615332573148,Exited,0,0,0.0
1123,1800.0,105.14100760064306,Exited,0,0,0.0
1124,1800.0,75.73665217638761,Exited,0,0,0.0
1125,1800.0,65.75615171563466,Exited,0,0,0.0
1126,1800.0,121.21839460809981,Exited,0,0,0.0
1127,1800.0,20.063311766042176,Exited,1,1,39.51000000000071
1128,310.7197140442401,0.0,Attached,1,0,173.4899999999872
1129,1800.0,20.252250006624315,Exited,0,0,0.0
1130,1800.0,98.48378436086323,Exited,0,0,0.0
1131,365.7227598234404,0.0,Shed,1,0,29.250000000001773
1132,1800.0,41.838597507656615,Exited,0,0,0.0
1133,1800.0,118.38805574199148,Exited,0,0,0.0
1134,1800.0,88.66123624284316,Exited,0,0,0.0
1135,1800.0,129.73552944783737,Exited,1,1,83.60000000000586
1136,1800.0,99.86146142108213,Exited,0,0,0.0
1137,1800.0,152.71453084303167,Exited,1,1,99.75000000001413
1138,1800.0,120.05756208878744,Exited,0,0,0.0
1139,1800.0,124.8459800490137,Exited,1,1,84.0500000000061
1140,1800.0,109.47431613390233,Exited,0,0,0.0
1141,1800.0,124.79061898491436,Exited,0,0,0.0
1142,1800.0,82.29373464594272,Exited,0,0,0.0
1143,1800.0,146.54168658510102,Exited,0,0,0.0
1144,1800.0,87.50879071654492,Exited,0,0,0.0
1145,866.694953138417,0.0,Attached,1,0,168.36999999999185
1146,1720.9135393778065,180.0,Attached,2,1,154.1300000000048
1147,1800.0,85.14930077926027,Exited,0,0,0.0
1148,1800.0,90.3009934856838,Exited,0,0,0.0
1149,1800.0,61.77052436405806,Exited,0,0,0.0
1150,1800.0,102.64063919416613,Exited,0,0,0.0
1151,1800.0,18.507149946262658,Exited,0,0,0.0
1152,1800.0,50.06190392630135,Exited,0,0,0.0
1153,1800.0,115.17510976108501,Exited,0,0,0.0
1154,1800.0,101.84666182202545,Exited,0,0,0.0
1155,1800.0,80.16645878030754,Exited,0,0,0.0
1156,1800.0,136.97353681917016,Exited,0,0,0.0
1157,1800.0,65.12419504713849,Exited,0,0,0.0
1158,1800.0,101.69830742577724,Exited,0,0,0.0
1159,1800.0,153.95597093219519,Exited,0,0,0.0
1160,1800.0,76.22577281368318,Exited,0,0,0.0
1161,1800.0,93.14128492681728,Exited,0,0,0.0
1162,1800.0,42.658292342901895,Exited,0,0,0.0
1163,1800.0,119.4255200918907,Exited,0,0,0.0
1164,1800.0,71.4381328592852,Exited,0,0,0.0
1165,1800.0,26.89456138367013,Exited,0,0,0.0
1166,1800.0,49.84480202653325,Exited,0,0,0.0
1167,1800.0,105.68021671357441,Exited,0,0,0.0
1168,1800.0,26.814043797904564,Exited,0,0,0.0
1169,1800.0,69.46198647441486,Exited,0,0,0.0
1170,1800.0,74.8697380384475,Exited,0,0,0.0
1171,1800.0,127.07182752467382,Exited,0,0,0.0
1172,1800.0,105.87142621696582,Exited,0,0,0.0
1173,1800.0,82.79270623999241,Exited,0,0,0.0
1174,221.08616834047467,0.0,Shed,1,0,5.479999999999928
1175,1800.0,25.866100002748606,Exited,0,0,0.0
1176,822.3888994763895,180.0,Attached,1,0,170.98999999998946
1177,1800.0,43.00012284414931,Exited,0,0,0.0
1178,1800.0,104.7289240745593,Exited,0,0,0.0
1179,423.2932276273975,180.0,Shed,1,0,134.81000000002237
1180,1800.0,133.53430627616413,Exited,0,0,0.0
1181,1800.0,66.11422977465809,Exited,0,0,0.0
1182,1800.0,27.56592889606556,Exited,0,0,0.0
1183,1800.0,113.69713714295168,Exited,0,0,0.0
1184,1800.0,12.870330537377463,Exited,0,0,0.0
1185,1800.0,113.02498071485668,Exited,0,0,0.0
1186,1800.0,148.65133427045402,Exited,0,0,0.0
1187,1800.0,77.03334191024675,Exited,0,0,0.0
1188,1800.0,28.9681953694537,Exited,0,0,0.0
1189,1800.0,99.98337850570196,Exited,0,0,0.0
1190,1800.0,125.80649442163788,Exited,0,0,0.0
1191,584.7824115505441,180.0,Attached,1,0,170.40999999999
1192,1800.0,125.48284153933764,Exited,0,0,0.0
1193,1800.0,149.84170097856574,Exited,0,0,0.0
1194,1800.0,153.32953899755685,Exited,0,0,0.0
1195,1800.0,130.51804951768443,Exited,2,2,40.50000000000051
1196,1800.0,40.317153379974,Exited,0,0,0.0
1197,1800.0,71.06564890396105,Exited,0,0,0.0
1198,1800.0,84.60709543671395,Exited,0,0,0.0
1199,1800.0,140.22229532148242,Exited,0,0,0.0
1200,1800.0,154.43590775733674,Exited,0,0,0.0
1201,1800.0,101.6334492352355,Exited,0,0,0.0
1202,1800.0,106.03915083658092,Exited,0,0,0.0
1203,1800.0,31.31667683333682,Exited,0,0,0.0
1204,1800.0,110.83791873371635,Exited,1,1,110.62000000001969
1205,1311.1404441155673,180.0,Attached,1,0,166.73999999999333
1206,1800.0,99.32595450598618,Exited,0,0,0.0
1207,1064.5785237952255,0.0,Shed,1,0,66.97999999999736
1208,1800.0,54.55261035582206,Exited,0,0,0.0
1209,1800.0,44.469662562495515,Exited,0,0,0.0
1210,1800.0,140.7644031214196,Exited,0,0,0.0
1211,1800.0,74.36590757208556,Exited,0,0,0.0
1212,1800.0,7.344009111741725,Exited,0,0,0.0
1213,1800.0,90.42874444174372,Exited,0,0,0.0
1214,1800.0,33.20307874139985,Exited,0,0,0.0
1215,275.5450317239039,0.0,Shed,1,0,15.729999999999709
1216,1113.4479928201963,0.0,Shed,1,0,63.32999999999597
1217,1800.0,138.55983873607235,Exited,0,0,0.0
1218,1800.0,51.15575378682752,Exited,0,0,0.0
1219,1403.3288891652119,180.0,Attached,1,0,165.86999999999412
1220,1800.0,96.47140215713999,Exited,0,0,0.0
1221,1800.0,68.22956942549665,Exited,0,0,0.0
1222,1800.0,80.6523674051876,Exited,0,0,0.0
1223,1800.0,22.718914769935495,Exited,0,0,0.0
1224,1800.0,42.4325106294733,Exited,1,1,26.660000000001368
1225,1800.0,45.70991862545344,Exited,0,0,0.0
1226,789.8896774521855,0.0,Attached,2,1,160.47999999999902
1227,1800.0,30.410852312770118,Exited,0,0,0.0
1228,1800.0,22.44061968056265,Exited,0,0,0.0
1229,1800.0,137.745751352211,Exited,0,0,0.0
1230,767.6090728431494,180.0,Attached,2,1,163.08999999999665
1231,1800.0,43.215311588627685,Exited,0,0,0.0
1232,1800.0,164.1155870239242,Exited,0,0,0.0
1233,1800.0,172.18605070466535,Exited,0,0,0.0
1234,252.89489693674153,0.0,Shed,1,0,78.74000000000338
1235,1800.0,130.04195095624888,Exited,0,0,0.0
1236,1800.0,51.17317624655229,Exited,0,0,0.0
1237,1800.0,118.80434673290779,Exited,0,0,0.0
1238,582.3994306832841,0.0,Attached,1,0,171.0699999999894
1239,1800.0,94.21539792298043,Exited,0,0,0.0
1240,1800.0,87.1378320579519,Exited,0,0,0.0
1241,1800.0,78.37700573651878,Exited,0,0,0.0
1242,1800.0,36.12990273667128,Exited,0,0,0.0
1243,1800.0,101.09902360244895,Exited,0,0,0.0
1244,1800.0,96.1805904821955,Exited,0,0,0.0
1245,1523.1729120232098,0.0,Attached,2,1,166.2199999999938
1246,1800.0,177.18188716625642,Exited,0,0,0.0
1247,1800.0,147.426820807263,Exited,0,0,0.0
1248,251.71280038173964,180.0,Shed,1,0,111.6300000000202
1249,1800.0,93.02837822470828,Exited,0,0,0.0
1250,581.4603563569212,180.0,Shed,1,0,55.24999999999758
1251,1800.0,61.95113728600398,Exited,0,0,0.0
1252,1800.0,47.367377174487416,Exited,0,0,0.0
1253,1800.0,63.92340128040868,Exited,0,0,0.0
1254,808.0818502766215,180.0,Attached,2,1,162.20999999999745
1255,1800.0,113.0154662137165,Exited,0,0,0.0
1256,1800.0,115.5956322598253,Exited,0,0,0.0
1257,1800.0,25.18536700636982,Exited,2,2,141.08000000001667
1258,1800.0,94.11616894916978,Exited,0,0,0.0
1259,1800.0,64.26239317179972,Exited,0,0,0.0
1260,1800.0,38.75543161008064,Exited,0,0,0.0
1261,1800.0,104.66322899174641,Exited,0,0,0.0
1262,1800.0,80.73760184439362,Exited,0,0,0.0
1263,1800.0,152.87226044008443,Exited,1,1,54.23999999999778
1264,1800.0,66.05566047677415,Exited,0,0,0.0
1265,1800.0,146.9363283811665,Exited,0,0,0.0
1266,1800.0,106.81872316751743,Exited,0,0,0.0
1267,1800.0,103.56745537976435,Exited,0,0,0.0
1268,1800.0,30.869632304392265,Exited,0,0,0.0
1269,1800.0,114.96028206861607,Exited,0,0,0.0
1270,1800.0,104.80929617126678,Exited,0,0,0.0
1271,1800.0,69.77114463177598,Exited,0,0,0.0
1272,1800.0,129.80080674652453,Exited,0,0,0.0
1273,1800.0,98.83495181564234,Exited,0,0,0.0
1274,1800.0,82.48549305252719,Exited,0,0,0.0
1275,1800.0,94.4297154331807,Exited,0,0,0.0
1276,1025.3396924323865,180.0,Attached,1,0,166.62999999999343
1277,1800.0,50.854793137236335,Exited,0,0,0.0
1278,1800.0,133.08561749764127,Exited,0,0,0.0
1279,1800.0,104.77740504189808,Exited,0,0,0.0
1280,1800.0,80.6158006654536,Exited,0,0,0.0
1281,1800.0,42.7805569484603,Exited,0,0,0.0
1282,1800.0,57.30507192603162,Exited,0,0,0.0
1283,1800.0,89.43847224656326,Exited,0,0,0.0
1284,974.3623606038575,180.0,Shed,1,0,53.86999999999785
1285,1800.0,109.2395962476821,Exited,0,0,0.0
1286,1800.0,47.7315838987754,Exited,0,0,0.0
1287,1800.0,122.7259990758292,Exited,0,0,0.0
1288,1800.0,101.76838195248483,Exited,0,0,0.0
1289,1800.0,9.850043893757276,Exited,0,0,0.0
1290,1800.0,142.78794266334236,Exited,0,0,0.0
1291,505.63373377545196,180.0,Attached,2,1,171.80999999998872
1292,1800.0,122.94712889999457,Exited,0,0,0.0
1293,1800.0,96.47514631221048,Exited,0,0,0.0
1294,1800.0,115.28900495826372,Exited,1,1,94.78000000001158
1295,1800.0,60.42235229941723,Exited,1,1,42.0800000000002
1296,1800.0,55.53584749567388,Exited,0,0,0.0
1297,1800.0,109.62182952033531,Exited,0,0,0.0
1298,1800.0,83.63620829158407,Exited,0,0,0.0
1299,1800.0,104.22087108820496,Exited,0,0,0.0
1300,1800.0,72.58487629703124,Exited,0,0,0.0
1301,1800.0,84.62808577860773,Exited,0,0,0.0
1302,1800.0,151.3798238453134,Exited,0,0,0.0
1303,1800.0,38.113364620735084,Exited,0,0,0.0
1304,1800.0,67.03640046329542,Exited,0,0,0.0
1305,1800.0,91.18563449206158,Exited,0,0,0.0
1306,1800.0,121.76692804121514,Exited,0,0,0.0
1307,1800.0,40.825977801472234,Exited,0,0,0.0
1308,1800.0,164.21883912483975,Exited,0,0,0.0
1309,1800.0,117.00968101234281,Exited,0,0,0.0
1310,1800.0,178.9602507251996,Exited,0,0,0.0
1311,1800.0,157.60458214425952,Exited,0,0,0.0
1312,1800.0,71.18634769478595,Exited,0,0,0.0
1313,1800.0,130.85051752700232,Exited,0,0,0.0
1314,1800.0,26.785415155136008,Exited,0,0,0.0
1315,1800.0,122.7069776432924,Exited,0,0,0.0
1316,1800.0,164.29971760396944,Exited,1,1,21.23000000000052
1317,1800.0,141.96153463998394,Exited,0,0,0.0
1318,1800.0,2.9276042348351217,Exited,0,0,0.0
1319,772.485980116001,180.0,Shed,1,0,164.7799999999951
1320,1800.0,159.1014229525369,Exited,0,0,0.0
1321,1800.0,34.81690173760064,Exited,0,0,0.0
1322,1800.0,152.98881290033177,Exited,0,0,0.0
1323,1800.0,100.01280536877275,Exited,0,0,0.0
1324,1800.0,59.118338936442534,Exited,0,0,0.0
1325,1800.0,83.54777420297638,Exited,0,0,0.0
1326,1800.0,127.58345901841088,Exited,0,0,0.0
1327,1800.0,128.39663593456396,Exited,0,0,0.0
1328,1800.0,127.84789190185265,Exited,0,0,0.0
1329,508.08211748374583,0.0,Attached,1,0,164.4499999999954
1330,1800.0,168.55687022403416,Exited,0,0,0.0
1331,1800.0,79.46390327853733,Exited,2,2,99.06000000001377
1332,1800.0,83.92646553160404,Exited,0,0,0.0
1333,1800.0,89.2479623481449,Exited,0,0,0.0
1334,1800.0,161.8751178362901,Exited,0,0,0.0
1335,1800.0,58.623345762256314,Exited,0,0,0.0
1336,522.5536075957973,180.0,Shed,1,0,1.500000000000001
1337,1800.0,159.39334670551963,Exited,0,0,0.0
1338,1800.0,130.55006254381317,Exited,0,0,0.0
1339,1800.0,143.7676385769217,Exited,0,0,0.0
1340,1800.0,117.99230351503103,Exited,0,0,0.0
1341,1800.0,77.28552787476124,Exited,0,0,0.0
1342,1800.0,57.2262711414455,Exited,0,0,0.0
1343,1800.0,101.67349411374832,Exited,0,0,0.0
1344,1800.0,45.11720702902597,Exited,0,0,0.0
1345,1800.0,45.353371527188024,Exited,0,0,0.0
1346,1800.0,21.903473086702334,Exited,1,1,19.210000000000203
1347,1800.0,144.39856833132427,Exited,0,0,0.0
1348,1800.0,113.0070798837273,Exited,0,0,0.0
1349,1800.0,113.24596204178316,Exited,0,0,0.0
1350,217.45542475192107,180.0,Attached,1,0,176.42999999998452
1351,1800.0,112.30362492618224,Exited,0,0,0.0
1352,1364.4981260103339,180.0,Shed,1,0,6.529999999999905
1353,1349.8700797777992,180.0,Attached,1,0,162.23999999999742
1354,1800.0,61.96927477495787,Exited,0,0,0.0
1355,1800.0,39.561667848000994,Exited,0,0,0.0
1356,1800.0,130.5529884678618,Exited,0,0,0.0
1357,1800.0,106.75010032451237,Exited,0,0,0.0
1358,1800.0,65.26565841219876,Exited,0,0,0.0
1359,1800.0,73.77462110859612,Exited,0,0,0.0
1360,1800.0,134.3255754885514,Exited,0,0,0.0
1361,1800.0,129.4783329165961,Exited,0,0,0.0
1362,1800.0,113.42023211076244,Exited,0,0,0.0
1363,1800.0,110.95556532468323,Exited,0,0,0.0
1364,1800.0,120.9308654673554,Exited,0,0,0.0
1365,1800.0,89.3394591095125,Exited,0,0,0.0
1366,1800.0,143.60939427520378,Exited,1,1,56.77999999999727
1367,1800.0,91.0267924318886,Exited,0,0,0.0
1368,1800.0,65.94156493541843,Exited,0,0,0.0
1369,1800.0,135.1657523198006,Exited,0,0,0.0
1370,1231.7152917881028,0.0,Attached,1,0,168.11999999999207
1371,1800.0,34.17895271571293,Exited,0,0,0.0
1372,1800.0,134.1413812471427,Exited,0,0,0.0
1373,1800.0,68.71061961246289,Exited,0,0,0.0
1374,1800.0,41.189366491084634,Exited,0,0,0.0
1375,1800.0,78.47286214585714,Exited,0,0,0.0
1376,1800.0,161.55716210786844,Exited,0,0,0.0
1377,897.316311686624,0.0,Attached,2,1,170.20999999999017
1378,1800.0,60.50539926905507,Exited,1,1,61.62999999999631
1379,1800.0,157.4579548178836,Exited,0,0,0.0
1380,1800.0,81.00544535650289,Exited,0,0,0.0
1381,1800.0,141.48832420856942,Exited,0,0,0.0
1382,1800.0,31.542065332397172,Exited,0,0,0.0
1383,1800.0,103.32788735417897,Exited,0,0,0.0
1384,1800.0,124.31094484117095,Exited,0,0,0.0
1385,1800.0,109.44521639675602,Exited,0,0,0.0
1386,964.3470480030616,180.0,Attached,1,0,163.5699999999962
1387,1800.0,93.67844388600057,Exited,0,0,0.0
1388,1800.0,58.9993166010837,Exited,0,0,0.0
1389,1800.0,99.03602042880256,Exited,0,0,0.0
1390,1800.0,99.00873501449225,Exited,0,0,0.0
1391,1800.0,150.63207620362618,Exited,0,0,0.0
1392,1800.0,32.38132307350165,Exited,0,0,0.0
1393,711.6541839092167,180.0,Attached,1,0,172.43999999998815
1394,1800.0,167.54176159438785,Exited,0,0,0.0
1395,1800.0,93.600354972595,Exited,0,0,0.0
1396,1800.0,97.31684270775085,Exited,0,0,0.0
1397,1800.0,83.34213139190324,Exited,0,0,0.0
1398,1800.0,45.46145171909152,Exited,0,0,0.0
1399,1800.0,76.12898054239153,Exited,0,0,0.0
1400,193.21967666580323,0.0,Attached,1,0,178.01999999998307
1401,1083.7788693059615,180.0,Attached,1,0,167.51999999999262
1402,1800.0,53.84233269019599,Exited,0,0,0.0
1403,1800.0,112.56388673964182,Exited,0,0,0.0
1404,1800.0,108.2461682078183,Exited,0,0,0.0
1405,1800.0,67.3649066813926,Exited,0,0,0.0
1406,1800.0,24.76704952044016,Exited,0,0,0.0
1407,1800.0,11.70468304334631,Exited,0,0,0.0
1408,1800.0,80.90400906006838,Exited,0,0,0.0
1409,1800.0,107.3179455897283,Exited,0,0,0.0
1410,1800.0,32.71811187179006,Exited,0,0,0.0
1411,1800.0,131.94575201610016,Exited,0,0,0.0
1412,1800.0,46.03161642080969,Exited,0,0,0.0
1413,1800.0,132.16510485152452,Exited,0,0,0.0
1414,1800.0,129.33827646224452,Exited,0,0,0.0
1415,1800.0,108.09090433296366,Exited,0,0,0.0
1416,1800.0,128.9410442539462,Exited,1,1,20.290000000000372
1417,1800.0,98.09985702768132,Exited,0,0,0.0
1418,1800.0,151.74503985913796,Exited,0,0,0.0
1419,288.40559213032503,180.0,Shed,1,0,50.539999999998514
1420,1800.0,84.01488410583431,Exited,0,0,0.0
1421,527.4287153894124,180.0,Attached,1,0,166.91999999999317
1422,1800.0,21.79662335212073,Exited,1,1,23.22000000000083
1423,1800.0,81.82756825642296,Exited,0,0,0.0
1424,1800.0,62.45344677943993,Exited,0,0,0.0
1425,1800.0,78.88805704838514,Exited,0,0,0.0
1426,1800.0,127.37809586331399,Exited,0,0,0.0
1427,196.68354737423533,0.0,Shed,1,0,40.02000000000061
1428,1800.0,146.01506809920684,Exited,0,0,0.0
1429,1800.0,37.22579749790718,Exited,0,0,0.0
1430,1800.0,78.12231588577859,Exited,0,0,0.0
1431,1800.0,49.50196854167665,Exited,0,0,0.0
1432,1800.0,18.131334164527534,Exited,1,1,10.829999999999814
1433,1800.0,80.57520333453573,Exited,0,0,0.0
1434,759.9271353965329,0.0,Attached,1,0,172.84999999998777
1435,1800.0,123.3576694102955,Exited,0,0,0.0
1436,1800.0,63.791854187984875,Exited,0,0,0.0
1437,1800.0,95.69995728091929,Exited,0,0,0.0
1438,1800.0,86.65018590467021,Exited,0,0,0.0
1439,1800.0,119.20450955982345,Exited,0,0,0.0
1440,1800.0,56.90611728580665,Exited,0,0,0.0
1441,1800.0,88.31990245383352,Exited,0,0,0.0
1442,1800.0,83.49269480323859,Exited,0,0,0.0
1443,1800.0,54.204644807173864,Exited,0,0,0.0
1444,1800.0,67.71017544570903,Exited,0,0,0.0
1445,1800.0,84.89435313089785,Exited,0,0,0.0
1446,1800.0,73.06495750135532,Exited,2,2,100.18000000001435
1447,1800.0,59.94016538553415,Exited,0,0,0.0
1448,1800.0,136.0948967047438,Exited,0,0,0.0
1449,614.6524419446714,180.0,Shed,1,0,65.90999999999681
1450,1800.0,115.99240751616101,Exited,0,0,0.0
1451,1800.0,143.7091704777561,Exited,0,0,0.0
1452,1013.9707234471788,0.0,Attached,1,0,162.19999999999746
1453,1800.0,149.05876124006673,Exited,1,1,99.24000000001386
1454,1800.0,43.0523053884421,Exited,0,0,0.0
1455,1800.0,84.9126073910349,Exited,0,0,0.0
1456,1800.0,77.28637395575564,Exited,0,0,0.0
1457,1800.0,49.87357022292609,Exited,0,0,0.0
1458,1800.0,111.59585496345723,Exited,0,0,0.0
1459,1800.0,7.066615272483636,Exited,1,1,70.82999999999933
1460,1800.0,88.21144402524907,Exited,0,0,0.0
1461,1800.0,102.0661261061123,Exited,0,0,0.0
1462,1800.0,92.92482376362001,Exited,0,0,0.0
1463,1800.0,151.59656256794364,Exited,0,0,0.0
1464,1800.0,100.45080182891738,Exited,1,1,104.25000000001643
1465,891.8310781176048,0.0,Attached,1,0,164.53999999999533
1466,1800.0,87.51765147655686,Exited,0,0,0.0
1467,1800.0,144.02607835237336,Exited,0,0,0.0
1468,1800.0,90.43433341700572,Exited,0,0,0.0
1469,1800.0,58.192025390975964,Exited,0,0,0.0
1470,1800.0,42.91739475040991,Exited,0,0,0.0
1471,1800.0,20.676092914966056,Exited,0,0,0.0
1472,1800.0,75.58187544883413,Exited,0,0,0.0
1473,1800.0,103.43901156774255,Exited,0,0,0.0
1474,1800.0,107.76591628106384,Exited,1,1,8.019999999999873
1475,1800.0,123.68055079759289,Exited,0,0,0.0
1476,1800.0,148.90832152833525,Exited,0,0,0.0
1477,1800.0,88.05545701284079,Exited,0,0,0.0
1478,794.4453173668641,0.0,Shed,1,0,9.659999999999838
1479,1253.4477052401874,0.0,Attached,1,0,164.98999999999492
1480,1800.0,63.31607408947986,Exited,0,0,0.0
1481,1800.0,124.90228385296408,Exited,0,0,0.0
1482,1800.0,47.37373285570266,Exited,0,0,0.0
1483,624.8000705844631,0.0,Shed,1,0,54.1299999999978
1484,1800.0,127.35401041715492,Exited,0,0,0.0
1485,1800.0,118.28411641149354,Exited,0,0,0.0
1486,372.05914392474364,177.49038337490174,Free,2,2,169.56999999999076
1487,1187.1804134873541,180.0,Shed,1,0,80.12000000000408
1488,1800.0,119.1188232402215,Exited,0,0,0.0
1489,1800.0,113.13911913896025,Exited,0,0,0.0
1490,1800.0,28.546121990300644,Exited,0,0,0.0
1491,1800.0,161.56028486754363,Exited,0,0,0.0
1492,618.9734381507927,0.0,Shed,2,1,111.87000000002033
1493,1800.0,114.70810205629842,Exited,0,0,0.0
1494,1800.0,144.79817930398906,Exited,0,0,0.0
1495,1800.0,48.07106019961602,Exited,0,0,0.0
1496,1800.0,91.6725552706574,Exited,0,0,0.0
1497,1800.0,85.25752118441224,Exited,0,0,0.0
1498,1800.0,154.78707098350563,Exited,0,0,0.0
1499,1800.0,108.38067256391756,Exited,0,0,0.0
1500,1800.0,83.94092750180629,Exited,0,0,0.0
1501,1800.0,104.87901839593225,Exited,0,0,0.0
1502,1800.0,133.68630090957512,Exited,0,0,0.0
1503,1083.3088025731952,0.0,Shed,2,1,40.01000000000061
1504,1800.0,80.24937200178563,Exited,0,0,0.0
1505,405.9406445324359,0.0,Shed,1,0,31.320000000002096
1506,1800.0,77.48061642781826,Exited,0,0,0.0
1507,1800.0,60.43204927782546,Exited,0,0,0.0
1508,1800.0,124.20176921028242,Exited,0,0,0.0
1509,1800.0,120.12148995478711,Exited,0,0,0.0
1510,1800.0,100.0399082238014,Exited,0,0,0.0
1511,1800.0,90.6415220351919,Exited,0,0,0.0
1512,1800.0,49.11594100212441,Exited,0,0,0.0
1513,1800.0,85.10346741427385,Exited,0,0,0.0
1514,1800.0,55.90579809087336,Exited,0,0,0.0
1515,1800.0,108.74643367087185,Exited,0,0,0.0
1516,1800.0,168.4582225077734,Exited,0,0,0.0
1517,1800.0,80.58297625763016,Exited,0,0,0.0
1518,1631.5654347053407,180.0,Attached,1,0,159.68999999999974
1519,1800.0,91.33656829373662,Exited,0,0,0.0
1520,1800.0,27.23834500934382,Exited,0,0,0.0
1521,1800.0,83.91775093931821,Exited,0,0,0.0
1522,1800.0,76.6407108404987,Exited,0,0,0.0
1523,1800.0,136.68418279833475,Exited,0,0,0.0
1524,1093.9510953577799,180.0,Shed,1,0,73.43000000000066
1525,1800.0,98.39329365357558,Exited,0,0,0.0
1526,1800.0,150.1906735484278,Exited,0,0,0.0
1527,1800.0,89.31707037406761,Exited,0,0,0.0
1528,320.7248371415973,0.0,Attached,1,0,176.92999999998406
1529,1800.0,34.83466552022889,Exited,0,0,0.0
1530,1800.0,146.49712154757665,Exited,0,0,0.0
1531,454.9671006509804,180.0,Attached,1,0,173.31999999998735
1532,1800.0,92.33580194223254,Exited,0,0,0.0
1533,1800.0,136.76674432495085,Exited,0,0,0.0
1534,1800.0,110.38136335643206,Exited,0,0,0.0
1535,1800.0,87.083558360352,Exited,0,0,0.0
1536,1800.0,96.84960124093112,Exited,0,0,0.0
1537,1800.0,122.0212232089091,Exited,0,0,0.0
1538,1800.0,78.14347129831073,Exited,0,0,0.0
1539,1800.0,36.4507244017347,Exited,0,0,0.0
1540,1800.0,61.64996322013015,Exited,0,0,0.0
1541,1800.0,95.5876681461565,Exited,0,0,0.0
1542,1800.0,76.1799496009533,Exited,0,0,0.0
1543,1800.0,81.02198726457698,Exited,0,0,0.0
1544,1800.0,26.953184683691944,Exited,0,0,0.0
1545,1800.0,58.55735403481591,Exited,0,0,0.0
1546,1800.0,82.08223956996174,Exited,0,0,0.0
1547,1800.0,103.86097054900364,Exited,0,0,0.0
1548,1800.0,105.4393554993164,Exited,0,0,0.0
1549,1800.0,90.91110068090558,Exited,0,0,0.0
1550,1800.0,46.76787735570545,Exited,0,0,0.0
1551,1800.0,117.45218240999951,Exited,0,0,0.0
1552,1215.4469135908728,0.0,Shed,1,0,133.27000000002377
1553,1800.0,47.13462177131848,Exited,0,0,0.0
1554,1800.0,83.68093535340753,Exited,0,0,0.0
1555,1800.0,98.16596299627568,Exited,0,0,0.0
1556,1800.0,36.517584526504486,Exited,0,0,0.0
1557,1800.0,94.95521543805225,Exited,0,0,0.0
1558,1800.0,128.25701088896267,Exited,0,0,0.0
1559,936.9464737428675,0.0,Shed,1,0,57.33999999999716
1560,1800.0,33.5835517114441,Exited,1,1,149.2800000000092
1561,1800.0,104.93628624551799,Exited,1,1,48.25999999999897
1562,1800.0,39.60779508340221,Exited,0,0,0.0
1563,1800.0,168.96011151470842,Exited,0,0,0.0
1564,1800.0,116.8165049316274,Exited,0,0,0.0
1565,1800.0,76.8373904392294,Exited,0,0,0.0
1566,1800.0,47.26224262087473,Exited,0,0,0.0
1567,1800.0,139.0708438549435,Exited,0,0,0.0
1568,1800.0,100.3326515407072,Exited,0,0,0.0
1569,1800.0,77.34041435466584,Exited,0,0,0.0
1570,1800.0,76.54934454397693,Exited,0,0,0.0
1571,1800.0,127.19531731039898,Exited,1,1,33.800000000001845
1572,1800.0,51.94945773099328,Exited,0,0,0.0
1573,1800.0,161.63952793098446,Exited,0,0,0.0
1574,1800.0,71.08409255111324,Exited,0,0,0.0
1575,1800.0,41.74869846785293,Exited,0,0,0.0
1576,1800.0,117.09468515433322,Exited,0,0,0.0
1577,1800.0,145.34922331159393,Exited,0,0,0.0
1578,1800.0,17.480427932994406,Exited,0,0,0.0
1579,1800.0,149.33154439110064,Exited,0,0,0.0
1580,1800.0,58.80244446193235,Exited,0,0,0.0
1581,1800.0,36.20536529466595,Exited,0,0,0.0
1582,449.5804668677491,0.0,Attached,1,0,174.0199999999867
1583,1800.0,34.729790196685954,Exited,0,0,0.0
1584,1800.0,126.4969776465752,Exited,0,0,0.0
1585,1800.0,57.447975337080806,Exited,0,0,0.0
1586,1800.0,120.55837488351342,Exited,0,0,0.0
1587,1800.0,60.06230968579548,Exited,1,1,75.48000000000171
1588,1800.0,66.47368662176872,Exited,0,0,0.0
1589,1800.0,143.54603192042802,Exited,0,0,0.0
1590,1800.0,56.368124992366255,Exited,0,0,0.0
1591,1800.0,133.74559405713006,Exited,0,0,0.0
1592,1800.0,68.19261572134555,Exited,0,0,0.0
1593,1800.0,9.555982311120353,Exited,0,0,0.0
1594,1800.0,79.57351829983051,Exited,0,0,0.0
1595,1800.0,100.64073361668041,Exited,0,0,0.0
1596,1800.0,37.460002303787306,Exited,0,0,0.0
1597,449.21164857089195,180.0,Shed,2,1,98.83000000001365
1598,1800.0,112.40825635882442,Exited,0,0,0.0
1599,1800.0,103.7791119835496,Exited,0,0,0.0
1600,428.1730536011633,0.0,Attached,1,0,171.84999999998868
1601,1800.0,86.43710614312417,Exited,0,0,0.0
1602,1800.0,117.7495228366235,Exited,0,0,0.0
1603,1800.0,58.598401616375114,Exited,0,0,0.0
1604,1800.0,128.74590974346577,Exited,0,0,0.0
1605,1622.0446281422828,0.0,Shed,1,0,4.8299999999999415
1606,418.48847198576095,0.0,Shed,1,0,53.08999999999801
1607,1800.0,148.11942217201255,Exited,0,0,0.0
1608,498.4804959812426,180.0,Attached,2,1,170.21999999999016
1609,1800.0,49.532674171830195,Exited,0,0,0.0
1610,1800.0,45.96986756659906,Exited,0,0,0.0
1611,1800.0,154.4110874277316,Exited,0,0,0.0
1612,1800.0,99.33899938679154,Exited,0,0,0.0
1613,1800.0,69.90189982374332,Exited,0,0,0.0
1614,1800.0,29.013315992278656,Exited,0,0,0.0
1615,1800.0,87.14304364761247,Exited,0,0,0.0
1616,1800.0,94.65711985294482,Exited,0,0,0.0
1617,1800.0,137.53709315944516,Exited,0,0,0.0
1618,1800.0,135.09780240717706,Exited,0,0,0.0
1619,1800.0,56.034454460411986,Exited,0,0,0.0
1620,1800.0,179.35720384674366,Exited,0,0,0.0
1621,1800.0,118.87031191780659,Exited,0,0,0.0
1622,1800.0,50.84989050769409,Exited,0,0,0.0
1623,1800.0,145.01190371093,Exited,0,0,0.0
1624,1800.0,85.03013299270832,Exited,0,0,0.0
1625,1800.0,46.277327706253786,Exited,0,0,0.0
1626,1800.0,113.43988079091865,Exited,0,0,0.0
1627,1800.0,106.84545260437444,Exited,0,0,0.0
1628,1800.0,51.377921464741554,Exited,0,0,0.0
1629,1800.0,85.62237340262192,Exited,0,0,0.0
1630,651.6371122605314,180.0,Attached,2,1,171.22999999998925
1631,1800.0,164.51593875530804,Exited,0,0,0.0
1632,1800.0,67.56622108933871,Exited,0,0,0.0
1633,1800.0,69.58125889428075,Exited,0,0,0.0
1634,1800.0,84.94435155834506,Exited,0,0,0.0
1635,1800.0,34.412189808769774,Exited,0,0,0.0
1636,1800.0,66.07551349047176,Exited,0,0,0.0
1637,1800.0,28.018828269993428,Exited,0,0,0.0
1638,1800.0,121.36421630197049,Exited,0,0,0.0
1639,1800.0,116.32594916069056,Exited,0,0,0.0
1640,478.3501872508308,0.0,Attached,1,0,172.63999999998796
1641,1800.0,125.12144485225512,Exited,0,0,0.0
1642,1800.0,115.16824249963302,Exited,0,0,0.0
1643,1800.0,108.00964488039992,Exited,0,0,0.0
1644,1596.0126274208599,180.0,Attached,3,2,153.7900000000051
1645,1800.0,116.72444169300468,Exited,0,0,0.0
1646,1800.0,45.92170725202747,Exited,0,0,0.0
1647,1800.0,50.41806470533705,Exited,0,0,0.0
1648,1800.0,32.37558981339555,Exited,0,0,0.0
1649,1800.0,63.19125696712431,Exited,0,0,0.0
1650,1800.0,82.49861192982715,Exited,0,0,0.0
1651,1800.0,43.13467474993308,Exited,0,0,0.0
1652,1800.0,121.73839995448425,Exited,0,0,0.0
1653,1800.0,162.61904389149583,Exited,0,0,0.0
1654,1800.0,78.9224484024577,Exited,0,0,0.0
1655,1800.0,97.16584854390189,Exited,0,0,0.0
1656,1800.0,110.90715904901703,Exited,0,0,0.0
1657,1800.0,37.833887396021034,Exited,0,0,0.0
1658,1536.1080494760208,0.0,Shed,1,0,33.41000000000192
1659,1800.0,66.06290005107402,Exited,0,0,0.0
1660,1800.0,99.3809562855218,Exited,0,0,0.0
1661,1800.0,86.8585705595692,Exited,0,0,0.0
1662,1800.0,145.0473444278864,Exited,0,0,0.0
1663,1800.0,35.4718337551556,Exited,0,0,0.0
1664,1800.0,122.67079363124036,Exited,0,0,0.0
1665,1800.0,111.6934354314677,Exited,0,0,0.0
1666,1800.0,98.73615088681527,Exited,0,0,0.0
1667,1594.7611212920992,180.0,Shed,1,0,30.850000000002023
1668,1800.0,130.13891370373653,Exited,0,0,0.0
1669,1800.0,76.91212884967189,Exited,0,0,0.0
1670,1800.0,121.37931446303777,Exited,1,1,93.49000000001092
1671,1800.0,141.90478693614983,Exited,0,0,0.0
1672,1800.0,150.77444419815635,Exited,1,1,85.57000000000687
1673,1800.0,21.38833168357398,Exited,0,0,0.0
1674,1800.0,109.93667103237026,Exited,0,0,0.0
1675,1800.0,44.74662372012108,Exited,0,0,0.0
1676,1800.0,61.451878025731276,Exited,0,0,0.0
1677,1800.0,59.092322301903046,Exited,0,0,0.0
1678,1800.0,103.13180811643217,Exited,0,0,0.0
1679,1800.0,127.95080049269998,Exited,0,0,0.0
1680,1800.0,75.10971315804649,Exited,0,0,0.0
1681,1800.0,115.87921468251335,Exited,0,0,0.0
1682,1800.0,121.53415021206766,Exited,0,0,0.0
1683,1800.0,99.86759780323216,Exited,0,0,0.0
1684,1800.0,105.29233188257298,Exited,0,0,0.0
1685,398.8382116125698,0.0,Attached,1,0,173.84999999998686
1686,1800.0,100.7395661493499,Exited,0,0,0.0
1687,1800.0,51.22186135824935,Exited,0,0,0.0
1688,1800.0,97.19063806174243,Exited,0,0,0.0
1689,1800.0,85.57957499288548,Exited,0,0,0.0
1690,1800.0,61.5448727250807,Exited,0,0,0.0
1691,1800.0,43.98762902972406,Exited,0,0,0.0
1692,1352.0120764450792,180.0,Attached,1,0,167.13999999999297
1693,1255.7082955162875,180.0,Attached,1,0,162.5999999999971
1694,1800.0,160.75938977193292,Exited,0,0,0.0
1695,1800.0,141.09239040129592,Exited,0,0,0.0
1696,1800.0,29.68623173922492,Exited,0,0,0.0
1697,1800.0,58.075343508469196,Exited,0,0,0.0
1698,1800.0,71.27856319860344,Exited,0,0,0.0
1699,1800.0,97.2794180374396,Exited,0,0,0.0
1700,1800.0,156.36373500875342,Exited,0,0,0.0
1701,1800.0,28.543013600410173,Exited,0,0,0.0
1702,1800.0,150.18745755404564,Exited,0,0,0.0
1703,1800.0,141.99534513449157,Exited,0,0,0.0
1704,1552.049917815882,0.0,Attached,2,1,163.64999999999614
1705,1091.9197362581003,0.0,Attached,2,1,163.88999999999592
1706,1800.0,76.39799734708599,Exited,0,0,0.0
1707,1800.0,86.9420148845801,Exited,0,0,0.0
1708,1800.0,91.48637530849997,Exited,0,0,0.0
1709,1800.0,79.619350613416,Exited,0,0,0.0
1710,1800.0,42.75964045758103,Exited,1,1,23.80000000000092
1711,1800.0,107.70983260111525,Exited,0,0,0.0
1712,1800.0,56.566439519105735,Exited,0,0,0.0
1713,1800.0,79.79520316006099,Exited,0,0,0.0
1714,1800.0,132.7149602711191,Exited,0,0,0.0
1715,1800.0,94.3771200276843,Exited,0,0,0.0
1716,1800.0,70.25114571004924,Exited,1,1,99.47000000001398
1717,1800.0,93.48453906956965,Exited,0,0,0.0
1718,1800.0,74.28581324583406,Exited,1,1,122.80000000002592
1719,1800.0,166.39532187877649,Exited,0,0,0.0
1720,1800.0,107.42517063424634,Exited,0,0,0.0
1721,1229.2345746554843,0.0,Attached,1,0,164.49999999999537
1722,1800.0,132.87997572810988,Exited,0,0,0.0
1723,1800.0,156.57889718930355,Exited,0,0,0.0
1724,1800.0,142.29400450190317,Exited,0,0,0.0
1725,1800.0,139.83545916046515,Exited,0,0,0.0
1726,1800.0,154.66948969471176,Exited,0,0,0.0
1727,1800.0,119.6269820503775,Exited,0,0,0.0
1728,1800.0,31.83928781075715,Exited,0,0,0.0
1729,1800.0,163.31264943767346,Exited,1,1,25.71000000000122
1730,1800.0,2.7859259186264294,Exited,1,1,48.89999999999884
1731,1800.0,38.722618453027565,Exited,0,0,0.0
1732,1800.0,138.22598559562437,Exited,0,0,0.0
1733,1800.0,163.7831742547917,Exited,0,0,0.0
1734,1800.0,71.82464076740163,Exited,0,0,0.0
1735,1800.0,100.2179096356174,Exited,0,0,0.0
1736,1551.5006804170398,0.0,Shed,1,0,18.760000000000133
1737,1800.0,61.38551335794052,Exited,0,0,0.0
1738,1800.0,74.05603833646359,Exited,0,0,0.0
1739,1800.0,139.02922840113055,Exited,0,0,0.0
1740,121.2438558141826,0.0,Attached,1,0,178.15999999998294
1741,567.8166248929862,180.0,Shed,1,0,27.150000000001445
1742,1800.0,104.98156391385405,Exited,0,0,0.0
1743,1800.0,117.42553223543311,Exited,0,0,0.0
1744,1800.0,37.75177870223942,Exited,0,0,0.0
1745,1800.0,39.98008571399175,Exited,0,0,0.0
1746,1800.0,132.97573511281524,Exited,0,0,0.0
1747,1800.0,89.99512938525675,Exited,0,0,0.0
1748,1800.0,146.59312202453341,Exited,0,0,0.0
1749,1800.0,67.35632474705858,Exited,1,1,102.65000000001561
1750,1800.0,116.36455909479787,Exited,0,0,0.0
1751,1800.0,93.13888916586112,Exited,0,0,0.0
1752,1800.0,39.127010172459016,Exited,0,0,0.0
1753,1800.0,70.61129259260944,Exited,0,0,0.0
1754,1800.0,56.327421359246316,Exited,0,0,0.0
1755,1800.0,121.72802843099183,Exited,0,0,0.0
1756,1800.0,19.366126937954373,Exited,0,0,0.0
1757,1122.882316270188,174.1268393989906,Free,1,1,151.1600000000075
1758,1800.0,60.980328241285655,Exited,0,0,0.0
1759,1800.0,99.77441125000036,Exited,0,0,0.0
1760,1800.0,91.13630837724344,Exited,0,0,0.0
1761,1800.0,60.01728063722632,Exited,0,0,0.0
1762,1800.0,105.81902826251626,Exited,0,0,0.0
1763,1800.0,5.705563652085276,Exited,1,1,21.200000000000514
1764,415.2264988365759,0.0,Shed,1,0,103.09000000001583
1765,150.1918271621668,180.0,Shed,1,0,142.56000000001532
1766,1800.0,0.9269733359502084,Exited,0,0,0.0
1767,1800.0,102.52519791856639,Exited,0,0,0.0
1768,1800.0,124.18652766143968,Exited,0,0,0.0
1769,1800.0,145.9087745823604,Exited,0,0,0.0
1770,1800.0,84.09011419811765,Exited,0,0,0.0
1771,1800.0,132.3383622290857,Exited,0,0,0.0
1772,1800.0,121.35146233003329,Exited,0,0,0.0
1773,1800.0,130.70416588626264,Exited,0,0,0.0
1774,1800.0,79.90201739035204,Exited,0,0,0.0
1775,1800.0,101.72794156476199,Exited,0,0,0.0
1776,1800.0,150.35708375637623,Exited,0,0,0.0
1777,1800.0,147.36628670868078,Exited,0,0,0.0
1778,1800.0,73.33790145113262,Exited,0,0,0.0
1779,1086.5140374520417,173.08483654291913,Free,1,1,164.38999999999547
1780,1800.0,123.68281630526134,Exited,0,0,0.0
1781,1800.0,78.31271070751971,Exited,0,0,0.0
1782,1800.0,89.79136930244555,Exited,0,0,0.0
1783,1800.0,82.63134233295709,Exited,0,0,0.0
1784,1800.0,74.7603051595834,Exited,0,0,0.0
1785,1800.0,19.980263613427528,Exited,1,1,21.150000000000507
1786,1800.0,56.538941226785646,Exited,0,0,0.0
1787,1800.0,93.88809483664134,Exited,0,0,0.0
1788,993.4373603429968,180.0,Attached,2,1,157.7500000000015
1789,1800.0,40.51644534178793,Exited,0,0,0.0
1790,1800.0,29.294628839301865,Exited,2,2,80.81000000000444
1791,1800.0,128.61939538720173,Exited,0,0,0.0
1792,1800.0,115.29286127712122,Exited,0,0,0.0
1793,1800.0,105.33092465565558,Exited,0,0,0.0
1794,1800.0,108.39908569697621,Exited,0,0,0.0
1795,1800.0,38.12860632193093,Exited,0,0,0.0
1796,1800.0,108.81970592541215,Exited,0,0,0.0
1797,1800.0,64.81182556480435,Exited,0,0,0.0
1798,1800.0,51.627211581364875,Exited,0,0,0.0
1799,1800.0,59.81420260078512,Exited,0,0,0.0
1800,1800.0,124.07831216430952,Exited,0,0,0.0
1801,1800.0,80.28153931025477,Exited,0,0,0.0
1802,523.747896970597,0.0,Attached,1,0,168.04999999999214
1803,1800.0,91.71353910528399,Exited,0,0,0.0
1804,1800.0,80.28336519874966,Exited,0,0,0.0
1805,1649.6923613544282,0.0,Attached,3,2,160.48999999999901
1806,1800.0,29.72312275357031,Exited,0,0,0.0
1807,1800.0,116.50484958530015,Exited,0,0,0.0
1808,1800.0,85.26471754482391,Exited,0,0,0.0
1809,1800.0,73.27404553746973,Exited,0,0,0.0
1810,1800.0,173.9240160118152,Exited,0,0,0.0
1811,1800.0,54.62124670201932,Exited,0,0,0.0
1812,1800.0,96.20457352624578,Exited,0,0,0.0
1813,1800.0,82.69416077995517,Exited,0,0,0.0
1814,1800.0,132.94337519715165,Exited,1,1,97.1700000000128
1815,1800.0,166.55084094498687,Exited,1,1,124.02000000002654
1816,1800.0,124.88317978852193,Exited,0,0,0.0
1817,1800.0,82.58019799122955,Exited,0,0,0.0
1818,1800.0,12.793694105478743,Exited,0,0,0.0
1819,1800.0,173.19634515803716,Exited,0,0,0.0
1820,1800.0,88.23682556159089,Exited,0,0,0.0
1821,1800.0,112.5210095022045,Exited,0,0,0.0
1822,1800.0,135.05440234051923,Exited,0,0,0.0
1823,1800.0,120.29089178362594,Exited,0,0,0.0
1824,1800.0,85.73982039564507,Exited,0,0,0.0
1825,1800.0,97.79921218111224,Exited,0,0,0.0
1826,1800.0,47.08167956364182,Exited,0,0,0.0
1827,1800.0,54.712921206445394,Exited,0,0,0.0
1828,1800.0,43.04358693238324,Exited,0,0,0.0
1829,1800.0,57.17741479808973,Exited,0,0,0.0
1830,1800.0,43.19987137504316,Exited,0,0,0.0
1831,1800.0,65.64623907752753,Exited,0,0,0.0
1832,1800.0,27.154578960716037,Exited,0,0,0.0
1833,1800.0,45.804513419484834,Exited,0,0,0.0
1834,1800.0,105.22081147119094,Exited,0,0,0.0
1835,1800.0,141.5195003823196,Exited,0,0,0.0
1836,1800.0,125.11497945747381,Exited,0,0,0.0
1837,1800.0,85.3356961562297,Exited,0,0,0.0
1838,1800.0,143.7402938524765,Exited,0,0,0.0
1839,1800.0,94.56779061639398,Exited,0,0,0.0
1840,1800.0,88.02238399537269,Exited,0,0,0.0
1841,1800.0,57.952703157254376,Exited,0,0,0.0
1842,343.98239281207617,0.0,Shed,1,0,77.79000000000289
1843,1800.0,56.418136139513564,Exited,0,0,0.0
1844,1800.0,94.23005134251962,Exited,0,0,0.0
1845,1800.0,88.63460110962514,Exited,0,0,0.0
1846,1800.0,139.1587222575966,Exited,1,1,65.61999999999666
1847,1800.0,117.7697303219795,Exited,0,0,0.0
1848,1800.0,17.34666016132749,Exited,0,0,0.0
1849,1800.0,65.83303206183695,Exited,0,0,0.0
1850,1800.0,55.09831653115641,Exited,0,0,0.0
1851,1800.0,37.97496997921774,Exited,0,0,0.0
1852,212.11206109169606,180.0,Attached,2,1,174.809999999986
1853,1800.0,74.01969399471848,Exited,0,0,0.0
1854,1800.0,89.79567589404031,Exited,0,0,0.0
1855,1800.0,79.99588782174833,Exited,0,0,0.0
1856,1800.0,62.94639150477589,Exited,0,0,0.0
1857,1800.0,94.49264362130337,Exited,0,0,0.0
1858,1168.387025324761,180.0,Attached,1,0,168.93999999999133
1859,1216.6731701858012,180.0,Attached,1,0,162.19999999999746
1860,1800.0,38.830514345986884,Exited,1,1,38.70000000000087
1861,1800.0,59.625142581745486,Exited,0,0,0.0
1862,1800.0,113.96490436940702,Exited,0,0,0.0
1863,1800.0,63.83060430509606,Exited,0,0,0.0
1864,1800.0,133.38405605510277,Exited,0,0,0.0
1865,1800.0,115.99129658054515,Exited,0,0,0.0
1866,1800.0,53.849755585301004,Exited,0,0,0.0
1867,1800.0,126.50871825133775,Exited,0,0,0.0
1868,1800.0,51.17190866604366,Exited,0,0,0.0
1869,1800.0,104.1176727016084,Exited,0,0,0.0
1870,1800.0,108.25547129604888,Exited,0,0,0.0
1871,1495.2685094644116,180.0,Shed,2,1,144.2300000000138
1872,1800.0,142.24601652155133,Exited,0,0,0.0
1873,1800.0,58.44241978089317,Exited,0,0,0.0
1874,1024.8318560173007,0.0,Attached,2,1,164.98999999999492
1875,1800.0,61.95184548634211,Exited,0,0,0.0
1876,1800.0,154.8730101813075,Exited,0,0,0.0
1877,1139.5947283111684,0.0,Shed,2,1,126.96000000002805
1878,1800.0,75.32980251936705,Exited,0,0,0.0
1879,1800.0,8.432339763685315,Exited,0,0,0.0
1880,1800.0,113.97182531061574,Exited,0,0,0.0
1881,1800.0,102.2109020262721,Exited,0,0,0.0
1882,1800.0,111.55762849876928,Exited,0,0,0.0
1883,1800.0,88.40134327887799,Exited,0,0,0.0
1884,1028.9706440047664,0.0,Attached,1,0,167.29999999999282
1885,1800.0,56.0463494215914,Exited,0,0,0.0
1886,1800.0,98.26597473755405,Exited,0,0,0.0
1887,1800.0,113.09316279233937,Exited,0,0,0.0
1888,1800.0,54.34341697149498,Exited,0,0,0.0
1889,1022.2353142545187,180.0,Shed,2,1,139.12000000001845
1890,1800.0,33.00245592414707,Exited,0,0,0.0
1891,1800.0,169.6254468086011,Exited,0,0,0.0
1892,1800.0,69.14429905471184,Exited,0,0,0.0
1893,1800.0,91.55858976332246,Exited,0,0,0.0
1894,1800.0,124.06320485472038,Exited,0,0,0.0
1895,407.26017238979273,0.0,Shed,1,0,26.2200000000013
1896,1800.0,143.14805075234955,Exited,0,0,0.0
1897,1800.0,143.58039337994114,Exited,0,0,0.0
1898,1800.0,95.2848221483921,Exited,2,2,140.03000000001762
1899,1800.0,84.675196036393,Exited,0,0,0.0
1900,1800.0,35.664136252743056,Exited,0,0,0.0
1901,1800.0,69.62448891182386,Exited,0,0,0.0
1902,1800.0,126.09817193676395,Exited,0,0,0.0
1903,1800.0,99.67028978524527,Exited,0,0,0.0
1904,1800.0,83.56050107954988,Exited,0,0,0.0
1905,1800.0,127.27862734842596,Exited,0,0,0.0
1906,1800.0,123.42969169121986,Exited,0,0,0.0
1907,1800.0,75.41467828239455,Exited,0,0,0.0
1908,1800.0,115.8040088246581,Exited,0,0,0.0
1909,1800.0,59.24556828682445,Exited,0,0,0.0
1910,1800.0,77.47731356400614,Exited,0,0,0.0
1911,1800.0,49.321874322279065,Exited,2,2,98.3300000000134
1912,1800.0,36.70483258991977,Exited,0,0,0.0
1913,1800.0,34.91882845274544,Exited,0,0,0.0
1914,1800.0,106.14750999953073,Exited,0,0,0.0
1915,309.1422385365682,180.0,Attached,1,0,174.50999999998626
1916,1443.430303197744,0.0,Attached,1,0,157.18000000000202
1917,1800.0,37.162831439582575,Exited,0,0,0.0
1918,1800.0,52.185589746447434,Exited,0,0,0.0
1919,1800.0,74.18671957433484,Exited,0,0,0.0
1920,1800.0,94.20666137809626,Exited,0,0,0.0
1921,1800.0,13.90951996904927,Exited,0,0,0.0
1922,846.8087059536191,145.87609947798654,Free,1,1,158.15000000000114
1923,1402.8772510659487,0.0,Shed,1,0,123.91000000002649
1924,1800.0,9.257863547441351,Exited,0,0,0.0
1925,1800.0,109.31894813463876,Exited,0,0,0.0
1926,1800.0,43.86126869535663,Exited,1,1,51.389999999998345
1927,1800.0,88.85749250037652,Exited,0,0,0.0
1928,1800.0,86.22773952843411,Exited,0,0,0.0
1929,1800.0,106.62587761601945,Exited,0,0,0.0
1930,1800.0,5.42305907772822,Exited,0,0,0.0
1931,1800.0,106.75781653378814,Exited,0,0,0.0
1932,1800.0,90.7863133686893,Exited,0,0,0.0
1933,1800.0,73.44160400140764,Exited,0,0,0.0
1934,1800.0,50.56353511586537,Exited,0,0,0.0
1935,1800.0,104.32814952925592,Exited,0,0,0.0
1936,1800.0,97.90717210528236,Exited,0,0,0.0
1937,1800.0,79.27204400629782,Exited,0,0,0.0
1938,1800.0,72.02050819310965,Exited,0,0,0.0
1939,1800.0,64.38894852975221,Exited,0,0,0.0
1940,1800.0,51.32965220250417,Exited,0,0,0.0
1941,1260.446526480171,0.0,Attached,2,1,165.68999999999428
1942,1800.0,93.51670620745384,Exited,1,1,23.170000000000822
1943,1800.0,48.588972544171185,Exited,0,0,0.0
1944,1800.0,67.85612671984626,Exited,0,0,0.0
1945,550.8031855491438,0.0,Shed,1,0,12.42999999999978
1946,1800.0,31.50892115721361,Exited,0,0,0.0
1947,1800.0,90.78789428780928,Exited,0,0,0.0
1948,1800.0,116.60629470253313,Exited,0,0,0.0
1949,1800.0,82.51089560115183,Exited,0,0,0.0
1950,113.1672663940427,0.0,Attached,1,0,177.56999999998348
1951,1800.0,86.34599668396028,Exited,0,0,0.0
1952,1800.0,126.17675308203923,Exited,0,0,0.0
1953,1800.0,117.39620378946562,Exited,0,0,0.0
1954,1800.0,99.2699771167997,Exited,0,0,0.0
1955,1800.0,93.32744379436875,Exited,0,0,0.0
1956,1800.0,51.48823950680332,Exited,0,0,0.0
1957,1800.0,44.68770431404325,Exited,1,1,3.1199999999999775
1958,1800.0,111.29251787080528,Exited,0,0,0.0
1959,607.2569742457625,180.0,Attached,1,0,173.28999999998737
1960,1800.0,102.93065492719137,Exited,0,0,0.0
1961,1800.0,149.3325710503615,Exited,0,0,0.0
1962,1800.0,20.919486419922364,Exited,1,1,82.08000000000509
1963,1800.0,71.43326119086541,Exited,0,0,0.0
1964,1800.0,50.60229322356455,Exited,0,0,0.0
1965,1800.0,139.53834900374346,Exited,0,0,0.0
1966,1800.0,121.43973602741713,Exited,0,0,0.0
1967,1800.0,116.77788848500725,Exited,0,0,0.0
1968,1800.0,66.05412771287605,Exited,0,0,0.0
1969,1800.0,114.54829241728025,Exited,0,0,0.0
1970,1435.6576323070187,0.0,Attached,1,0,162.87999999999684
1971,1800.0,65.86195211493994,Exited,0,0,0.0
1972,1800.0,106.26502263029575,Exited,0,0,0.0
1973,1800.0,29.0308177462266,Exited,0,0,0.0
1974,1350.9087910839232,0.0,Attached,3,2,144.14000000001388
1975,1800.0,107.62284234519433,Exited,0,0,0.0
1976,1800.0,82.60182667864694,Exited,0,0,0.0
1977,1282.255756383123,0.0,Attached,2,1,160.14999999999932
1978,1800.0,66.06615950518677,Exited,0,0,0.0
1979,1800.0,123.0115097136748,Exited,0,0,0.0
1980,1800.0,67.50305279381782,Exited,0,0,0.0
1981,1800.0,118.1959257703878,Exited,0,0,0.0
1982,1800.0,139.574020035552,Exited,0,0,0.0
1983,1800.0,127.3148164137207,Exited,0,0,0.0
1984,1800.0,73.18821161187681,Exited,0,0,0.0
1985,956.8522252149147,0.0,Attached,1,0,163.33999999999642
1986,1328.8912159106783,0.0,Shed,3,2,123.49000000002627
1987,1800.0,80.86412343557157,Exited,0,0,0.0
1988,1800.0,150.35770435459145,Exited,0,0,0.0
1989,1800.0,145.63572574067163,Exited,0,0,0.0
1990,1800.0,31.75214625717135,Exited,0,0,0.0
1991,1800.0,93.18082296250057,Exited,0,0,0.0
1992,1179.6801028719206,180.0,Shed,1,0,38.930000000000824
1993,1800.0,119.37682181070987,Exited,1,1,68.37999999999808
1994,1800.0,155.83728327761122,Exited,0,0,0.0
1995,838.34807883263,0.0,Attached,1,0,170.7199999999897
1996,1800.0,100.52718074911017,Exited,0,0,0.0
1997,1155.3218707580957,180.0,Shed,1,0,67.86999999999782
1998,1800.0,90.21790357893373,Exited,0,0,0.0
1999,1800.0,47.138057081565535,Exited,0,0,0.0
2000,1800.0,123.4103979375056,Exited,1,1,20.000000000000327
2001,1800.0,130.491973891966,Exited,0,0,0.0
2002,800.3082253643618,0.0,Shed,3,2,83.65000000000589
2003,1800.0,80.08794664398341,Exited,0,0,0.0
2004,1800.0,40.17227728515516,Exited,0,0,0.0
2005,1800.0,106.53585409333137,Exited,0,0,0.0
2006,1800.0,44.40095281385109,Exited,0,0,0.0
2007,1800.0,82.00256899166224,Exited,0,0,0.0
2008,1800.0,92.00523861684017,Exited,0,0,0.0
2009,568.4089119023954,180.0,Attached,1,0,169.1999999999911
2010,1800.0,66.0911952407169,Exited,0,0,0.0
2011,709.0475698444016,28.098020106398742,Free,1,1,168.43999999999178
2012,1800.0,63.87037561293648,Exited,0,0,0.0
2013,1800.0,66.22105311573945,Exited,0,0,0.0
2014,1800.0,52.150220319284244,Exited,0,0,0.0
2015,1800.0,88.2187476038216,Exited,0,0,0.0
2016,1800.0,124.40817374843263,Exited,0,0,0.0
2017,1800.0,103.77282874175319,Exited,0,0,0.0
2018,1800.0,132.82458337231327,Exited,1,1,88.42000000000833
2019,1800.0,40.27872539129943,Exited,0,0,0.0
2020,1800.0,132.8514109582728,Exited,0,0,0.0
2021,317.7364971838899,180.0,Attached,2,1,173.1399999999875
2022,1800.0,69.79818407040557,Exited,0,0,0.0
2023,211.85529897866843,180.0,Shed,1,0,112.6100000000207
2024,1800.0,32.444118224951936,Exited,0,0,0.0
2025,1800.0,5.872027516948785,Exited,0,0,0.0
2026,1800.0,116.77957183912712,Exited,0,0,0.0
2027,1800.0,139.7489486138415,Exited,0,0,0.0
2028,1800.0,85.71194158293524,Exited,0,0,0.0
2029,207.74825813082876,0.0,Shed,1,0,46.92999999999923
2030,1800.0,73.09761071434639,Exited,0,0,0.0
2031,1800.0,38.48263904950842,Exited,0,0,0.0
2032,1800.0,109.2747651112517,Exited,0,0,0.0
2033,1800.0,110.8453389950665,Exited,1,1,139.66000000001796
2034,1800.0,161.28739900889008,Exited,0,0,0.0
2035,1800.0,138.36990749264962,Exited,0,0,0.0
2036,1800.0,34.521322545052115,Exited,0,0,0.0
2037,1800.0,143.3368790048704,Exited,1,1,21.260000000000524
2038,1800.0,114.88469549696512,Exited,0,0,0.0
2039,1800.0,93.10539337767915,Exited,0,0,0.0
2040,1800.0,100.10140718471494,Exited,1,1,32.87000000000203
2041,1800.0,96.70253822284242,Exited,0,0,0.0
2042,1800.0,97.32043893046949,Exited,0,0,0.0
2043,982.4599930145481,180.0,Attached,1,0,165.14999999999478
2044,1800.0,140.70103678251456,Exited,0,0,0.0
2045,1800.0,138.42341000941565,Exited,0,0,0.0
2046,1800.0,56.142337074861224,Exited,3,3,143.29000000001466
2047,1065.3122564275554,0.0,Attached,1,0,167.25999999999286
2048,1800.0,103.52676716350732,Exited,0,0,0.0
2049,1800.0,50.033399430385735,Exited,0,0,0.0
2050,1800.0,12.269244893516936,Exited,0,0,0.0
2051,1800.0,138.9209454654244,Exited,0,0,0.0
2052,1800.0,123.89327113597942,Exited,0,0,0.0
2053,1800.0,34.610092339028114,Exited,0,0,0.0
2054,1800.0,137.13347428604754,Exited,0,0,0.0
2055,1800.0,105.3358425171842,Exited,0,0,0.0
2056,1800.0,85.37968619279198,Exited,1,1,70.9599999999994
2057,1800.0,127.51047824043944,Exited,2,2,45.34999999999955
2058,1800.0,97.97888687248185,Exited,0,0,0.0
2059,1800.0,151.1234169535813,Exited,0,0,0.0
2060,1800.0,78.99954106406864,Exited,0,0,0.0
2061,1800.0,72.47737091811878,Exited,0,0,0.0
2062,1800.0,157.11928727445888,Exited,0,0,0.0
2063,1800.0,64.05784031343896,Exited,0,0,0.0
2064,1800.0,60.865425143504154,Exited,0,0,0.0
2065,1800.0,80.56439399483861,Exited,0,0,0.0
2066,1800.0,148.81606550619424,Exited,1,1,35.39000000000153
2067,1071.4770253146223,0.0,Shed,1,0,125.61000000002736
2068,1800.0,103.69259310213563,Exited,0,0,0.0
2069,1800.0,144.58393405454532,Exited,0,0,0.0
2070,1800.0,136.27187753233227,Exited,0,0,0.0
2071,1800.0,105.80528545591149,Exited,1,1,44.949999999999626
2072,1800.0,80.29950594510858,Exited,0,0,0.0
2073,1800.0,122.53914883254431,Exited,0,0,0.0
2074,1800.0,71.40301291482515,Exited,0,0,0.0
2075,1800.0,104.37619290489023,Exited,0,0,0.0
2076,1800.0,34.53362113872218,Exited,0,0,0.0
2077,1800.0,123.61631944785357,Exited,0,0,0.0
2078,1800.0,80.28771227015332,Exited,1,1,45.13999999999959
2079,1800.0,100.24613649267259,Exited,0,0,0.0
2080,1800.0,89.3916849450774,Exited,0,0,0.0
2081,1800.0,117.55017913940789,Exited,0,0,0.0
2082,1446.8638161873032,0.0,Attached,1,0,155.64000000000343
2083,1800.0,55.80095065093204,Exited,0,0,0.0
2084,1800.0,98.93651086042756,Exited,0,0,0.0
2085,1800.0,77.0707032385427,Exited,0,0,0.0
2086,1800.0,71.89850046786913,Exited,0,0,0.0
2087,1800.0,146.26152077739778,Exited,1,1,44.33999999999975
2088,1800.0,76.04422897484432,Exited,0,0,0.0
2089,1612.2528055117023,0.0,Shed,1,0,107.9200000000183
2090,396.3776178880617,180.0,Shed,1,0,63.46999999999594
2091,1800.0,120.02195448788076,Exited,0,0,0.0
2092,1800.0,0.6860612543258964,Exited,0,0,0.0
2093,1800.0,15.46549241783451,Exited,0,0,0.0
2094,1800.0,76.45371073645849,Exited,0,0,0.0
2095,1800.0,153.9202357769347,Exited,0,0,0.0
2096,1800.0,88.83385230860782,Exited,0,0,0.0
2097,1800.0,49.872105395460984,Exited,0,0,0.0
2098,1800.0,150.75193815635387,Exited,2,2,55.6199999999975
2099,1800.0,77.76432449294154,Exited,0,0,0.0
2100,1800.0,116.16543639934267,Exited,0,0,0.0
2101,1800.0,91.98815758733602,Exited,0,0,0.0
2102,1800.0,140.39093681606195,Exited,0,0,0.0
2103,1800.0,27.675326897991116,Exited,0,0,0.0
2104,1800.0,101.5836064434479,Exited,0,0,0.0
2105,1800.0,127.42696743939233,Exited,0,0,0.0
2106,1800.0,33.39479080619972,Exited,0,0,0.0
2107,1800.0,38.70928347345017,Exited,1,1,80.05000000000405
2108,1800.0,125.21948337612304,Exited,0,0,0.0
2109,1800.0,35.422067844879656,Exited,0,0,0.0
2110,1800.0,124.95470639313199,Exited,0,0,0.0
2111,1800.0,141.14906968093263,Exited,0,0,0.0
2112,1800.0,145.08882534277527,Exited,0,0,0.0
2113,1800.0,118.78883681558665,Exited,0,0,0.0
2114,1800.0,16.919631367518924,Exited,0,0,0.0
2115,1800.0,116.90461671136067,Exited,0,0,0.0
2116,1800.0,104.60061048897875,Exited,0,0,0.0
2117,1800.0,71.55130784703694,Exited,0,0,0.0
2118,1800.0,63.19235421014171,Exited,0,0,0.0
2119,416.7634980758394,180.0,Attached,1,0,173.1599999999875
2120,1800.0,44.52135239375816,Exited,0,0,0.0
2121,1675.8271628634218,180.0,Attached,1,0,145.93000000001226
2122,591.2375766856148,180.0,Attached,1,0,165.92999999999407
2123,1800.0,132.82998825152043,Exited,0,0,0.0
2124,1800.0,119.4497034874477,Exited,0,0,0.0
2125,1800.0,80.04799783801326,Exited,0,0,0.0
2126,1800.0,157.47094787524867,Exited,0,0,0.0
2127,1800.0,131.21937965304923,Exited,0,0,0.0
2128,1800.0,15.469533735394512,Exited,0,0,0.0
2129,1800.0,142.19247085255662,Exited,0,0,0.0
2130,1671.2373815217456,0.0,Shed,1,0,17.669999999999963
2131,1800.0,25.436436003438708,Exited,0,0,0.0
2132,1800.0,79.0522792191539,Exited,0,0,0.0
2133,1513.5852586257924,180.0,Shed,1,0,56.08999999999741
2134,1800.0,73.18224556485339,Exited,0,0,0.0
2135,1800.0,98.21369608319156,Exited,0,0,0.0
2136,1800.0,110.51405779166566,Exited,0,0,0.0
2137,1800.0,161.20313579249336,Exited,0,0,0.0
2138,1800.0,134.0215981756905,Exited,0,0,0.0
2139,662.1421775291374,0.0,Attached,1,0,171.03999999998942
2140,1800.0,69.2568262767282,Exited,0,0,0.0
2141,1800.0,31.84716819587039,Exited,0,0,0.0
2142,1800.0,121.13865086545681,Exited,1,1,107.5100000000181
2143,1612.5368760430881,0.0,Attached,1,0,155.70000000000337
2144,1800.0,127.30214619068053,Exited,0,0,0.0
2145,1800.0,172.03426346006628,Exited,0,0,0.0
2146,1800.0,56.787231950625014,Exited,0,0,0.0
2147,1800.0,53.28562333315223,Exited,0,0,0.0
2148,802.6874863986525,180.0,Shed,1,0,103.9900000000163
2149,1800.0,105.49526481101282,Exited,0,0,0.0
2150,1800.0,52.011374276905286,Exited,0,0,0.0
2151,1800.0,45.752487013785164,Exited,0,0,0.0
2152,1800.0,73.05420920443954,Exited,0,0,0.0
2153,1800.0,132.43053352144395,Exited,0,0,0.0
2154,1800.0,115.74213131304319,Exited,0,0,0.0
2155,1800.0,101.13830890278912,Exited,0,0,0.0
2156,1800.0,108.01277185774853,Exited,0,0,0.0
2157,1800.0,32.18037878809653,Exited,0,0,0.0
2158,1800.0,36.531178394340486,Exited,0,0,0.0
2159,1800.0,82.13128529997948,Exited,0,0,0.0
2160,1447.6746547421324,0.0,Attached,1,0,163.94999999999587
2161,1800.0,147.07476112561386,Exited,0,0,0.0
2162,439.5060891157806,180.0,Attached,1,0,175.31999999998553
2163,1800.0,105.23235120768689,Exited,0,0,0.0
2164,1800.0,87.00689784745738,Exited,0,0,0.0
2165,1800.0,99.17741044362536,Exited,1,1,140.90000000001683
2166,1800.0,37.3037182527895,Exited,0,0,0.0
2167,1800.0,39.182925439036126,Exited,0,0,0.0
2168,1800.0,81.55090242657316,Exited,0,0,0.0
2169,1800.0,23.158129866979895,Exited,0,0,0.0
2170,1800.0,88.5049093516335,Exited,0,0,0.0
2171,1800.0,160.23274775874717,Exited,0,0,0.0
2172,1800.0,56.848620918868335,Exited,0,0,0.0
2173,1800.0,96.18322944166735,Exited,0,0,0.0
2174,1800.0,102.58801068396029,Exited,0,0,0.0
2175,1800.0,77.93616922221295,Exited,0,0,0.0
2176,167.58376686892,180.0,Shed,1,0,57.80999999999707
2177,1800.0,90.66004296775337,Exited,0,0,0.0
2178,1800.0,83.5970925384805,Exited,0,0,0.0
2179,1800.0,115.82937072254205,Exited,0,0,0.0
2180,1800.0,135.06894496062907,Exited,0,0,0.0
2181,1800.0,84.16148073801611,Exited,0,0,0.0
2182,1421.348804831168,0.0,Attached,1,0,156.6600000000025
2183,1800.0,52.333381710630434,Exited,0,0,0.0
2184,1800.0,104.06414941387106,Exited,0,0,0.0
2185,1800.0,99.4872236141381,Exited,0,0,0.0
2186,1800.0,46.42131324126489,Exited,0,0,0.0
2187,1800.0,89.49234279593648,Exited,0,0,0.0
2188,1800.0,119.1908850507283,Exited,1,1,115.30000000002208
2189,1800.0,165.42676438872124,Exited,0,0,0.0
2190,1800.0,121.18195753261176,Exited,0,0,0.0
2191,1800.0,70.0598561535709,Exited,0,0,0.0
2192,1800.0,157.0096325403108,Exited,0,0,0.0
2193,171.99836743391978,0.0,Shed,1,0,45.66999999999948
2194,1800.0,47.964529163726596,Exited,1,1,19.940000000000317
2195,1410.0319881139098,0.0,Attached,1,0,159.36000000000004
2196,1800.0,113.94338459147556,Exited,0,0,0.0
2197,1800.0,139.47649274712145,Exited,0,0,0.0
2198,1800.0,55.567577135000306,Exited,1,1,39.29000000000075
2199,1800.0,50.146133882678,Exited,0,0,0.0
2200,1800.0,159.72398555681596,Exited,0,0,0.0
2201,1541.908092943353,180.0,Attached,1,0,149.11000000000936
2202,1800.0,10.650440890007381,Exited,0,0,0.0
2203,1800.0,17.866943589835792,Exited,0,0,0.0
2204,1800.0,124.10504998333988,Exited,1,1,80.12000000000408
2205,1594.7252957423066,0.0,Attached,2,1,162.18999999999747
2206,1800.0,18.401742167451225,Exited,0,0,0.0
2207,1800.0,114.3923434202121,Exited,0,0,0.0
2208,1800.0,99.57465287146803,Exited,0,0,0.0
2209,1800.0,55.622849887374315,Exited,0,0,0.0
2210,1800.0,84.56490602440027,Exited,0,0,0.0
2211,1800.0,96.22463641687811,Exited,1,1,3.9599999999999596
2212,575.694442444968,180.0,Attached,1,0,170.89999999998955
2213,1800.0,164.20808918041013,Exited,0,0,0.0
2214,1800.0,67.03479056786433,Exited,0,0,0.0
2215,1800.0,43.03210498275821,Exited,0,0,0.0
2216,145.88482249420372,0.0,Attached,1,0,179.9699999999813
2217,1800.0,66.04111981766744,Exited,0,0,0.0
2218,795.4806791661783,0.0,Shed,1,0,48.38999999999894
2219,1800.0,82.09101912208365,Exited,0,0,0.0
2220,1800.0,111.80555915481273,Exited,0,0,0.0
2221,1800.0,138.2833274933264,Exited,0,0,0.0
2222,1800.0,59.44021209941296,Exited,0,0,0.0
2223,1800.0,26.146345951968105,Exited,0,0,0.0
2224,1800.0,142.92471300906624,Exited,0,0,0.0
2225,1800.0,75.6717317285508,Exited,0,0,0.0
2226,1800.0,26.840512466307146,Exited,0,0,0.0
2227,1800.0,69.4454992406804,Exited,0,0,0.0
2228,1800.0,124.01528083635058,Exited,0,0,0.0
2229,1800.0,17.512910032935338,Exited,1,1,127.78000000002847
2230,1800.0,66.30876035316403,Exited,0,0,0.0
2231,1800.0,51.78480755407929,Exited,1,1,110.74000000001975
2232,1800.0,132.0736035150204,Exited,0,0,0.0
2233,1800.0,152.58567110957208,Exited,1,1,37.94000000000102
2234,661.1380311608017,180.0,Attached,1,0,160.58999999999892
2235,1612.1864358006403,180.0,Shed,1,0,112.5900000000207
2236,1800.0,128.2867477326281,Exited,0,0,0.0
2237,1800.0,129.4492424795097,Exited,0,0,0.0
2238,1800.0,128.11677833378315,Exited,0,0,0.0
2239,1800.0,120.15507392590631,Exited,1,1,2.6099999999999883
2240,1800.0,117.28761000928912,Exited,0,0,0.0
2241,1800.0,31.580163750284303,Exited,0,0,0.0
2242,1800.0,55.044510653029874,Exited,0,0,0.0
2243,1800.0,80.4874048360971,Exited,0,0,0.0
2244,186.38995059150557,180.0,Shed,1,0,38.18000000000097
2245,1800.0,54.20097779665413,Exited,0,0,0.0
2246,898.9206949229198,0.0,Shed,1,0,19.850000000000303
2247,1800.0,89.99149555801306,Exited,0,0,0.0
2248,1156.6890773707007,180.0,Shed,1,0,39.730000000000665
2249,1800.0,131.65345364721375,Exited,0,0,0.0
2250,1800.0,151.45864981719572,Exited,0,0,0.0
2251,1800.0,93.29167681102452,Exited,0,0,0.0
2252,1800.0,136.8067395708532,Exited,0,0,0.0
2253,1800.0,69.61849596986909,Exited,0,0,0.0
2254,1800.0,86.8910555298771,Exited,0,0,0.0
2255,1800.0,36.1153797034926,Exited,0,0,0.0
2256,1800.0,70.1978435383908,Exited,0,0,0.0
2257,1800.0,22.403946432729096,Exited,0,0,0.0
2258,1800.0,79.89197397018661,Exited,0,0,0.0
2259,1800.0,88.53745089318369,Exited,0,0,0.0
2260,1800.0,108.8079787571891,Exited,0,0,0.0
2261,1800.0,36.75994333140394,Exited,0,0,0.0
2262,1800.0,42.20685329593685,Exited,0,0,0.0
2263,1800.0,69.80135224846941,Exited,0,0,0.0
2264,1800.0,46.5558912192524,Exited,0,0,0.0
2265,1800.0,61.79485196976541,Exited,0,0,0.0
2266,1800.0,85.51712603238079,Exited,0,0,0.0
2267,1800.0,93.68195776780449,Exited,0,0,0.0
2268,1800.0,40.394399238691705,Exited,0,0,0.0
2269,184.7842524858159,0.0,Shed,1,0,18.690000000000122
2270,1178.0353683990322,0.0,Shed,1,0,141.95000000001588
2271,233.64836342372044,180.0,Attached,1,0,177.1099999999839
2272,1800.0,58.252390746068876,Exited,0,0,0.0
2273,1800.0,24.525286739430953,Exited,1,1,75.37000000000165
2274,1800.0,84.2344310423506,Exited,0,0,0.0
2275,1800.0,82.11453248669152,Exited,0,0,0.0
2276,1800.0,93.23721139545118,Exited,0,0,0.0
2277,1800.0,105.27285372614682,Exited,0,0,0.0
2278,1800.0,84.72581331075847,Exited,0,0,0.0
2279,1800.0,110.3179421419916,Exited,0,0,0.0
2280,1800.0,110.39679863050347,Exited,0,0,0.0
2281,64.31614171942063,180.0,Shed,1,0,130.07000000002668
2282,1800.0,93.17330414174982,Exited,0,0,0.0
2283,1800.0,112.62247275544073,Exited,0,0,0.0
2284,1800.0,114.9334712991751,Exited,0,0,0.0
2285,1800.0,137.76846324257673,Exited,0,0,0.0
2286,1800.0,156.71993517308184,Exited,0,0,0.0
2287,1800.0,85.4951122449603,Exited,0,0,0.0
2288,1800.0,54.853524984933856,Exited,0,0,0.0
2289,1800.0,35.83078148328536,Exited,0,0,0.0
2290,1800.0,123.50076334208399,Exited,0,0,0.0
2291,1800.0,88.82157143965436,Exited,0,0,0.0
2292,1800.0,149.88668050753398,Exited,0,0,0.0
2293,1800.0,64.43481237885987,Exited,0,0,0.0
2294,1800.0,127.67846569345059,Exited,1,1,118.0700000000235
2295,1800.0,102.58499377781344,Exited,0,0,0.0
2296,1800.0,73.13935290208626,Exited,0,0,0.0
2297,1800.0,146.98988605900732,Exited,0,0,0.0
2298,1800.0,89.3671352383536,Exited,0,0,0.0
2299,1800.0,107.83784123434084,Exited,0,0,0.0
2300,1800.0,109.22648863928592,Exited,1,1,16.149999999999725
2301,1800.0,58.51058771406385,Exited,0,0,0.0
2302,1800.0,93.08472171006298,Exited,1,1,21.790000000000607
2303,1800.0,109.56464122369161,Exited,0,0,0.0
2304,1800.0,97.05068806037026,Exited,0,0,0.0
2305,1800.0,145.75088242393736,Exited,0,0,0.0
2306,1800.0,152.65397459457935,Exited,0,0,0.0
2307,1800.0,88.50173414498173,Exited,0,0,0.0
2308,1800.0,93.72544335744138,Exited,0,0,0.0
2309,1800.0,98.25287610291723,Exited,0,0,0.0
2310,1800.0,105.19145174093431,Exited,0,0,0.0
2311,464.88765906670557,180.0,Shed,1,0,22.160000000000664
2312,843.6407221813457,0.0,Shed,1,0,1.0000000000000007
2313,1800.0,62.879824136567585,Exited,0,0,0.0
2314,1800.0,81.49069148988663,Exited,0,0,0.0
2315,1800.0,87.84296927999169,Exited,0,0,0.0
2316,1800.0,82.0834519097871,Exited,0,0,0.0
2317,466.87255996700264,0.0,Attached,2,1,167.57999999999257
2318,866.6472489483731,180.0,Attached,2,1,166.92999999999316
2319,1800.0,116.61479547537616,Exited,0,0,0.0
2320,1800.0,155.78788093009499,Exited,0,0,0.0
2321,1800.0,125.10619135778927,Exited,0,0,0.0
2322,1800.0,86.46938905447476,Exited,0,0,0.0
2323,1800.0,109.66055268760549,Exited,0,0,0.0
2324,1800.0,96.89261894679932,Exited,0,0,0.0
2325,1800.0,171.99745071651276,Exited,0,0,0.0
2326,1800.0,68.68771573149928,Exited,0,0,0.0
2327,1800.0,147.94196202504793,Exited,0,0,0.0
2328,1800.0,154.71564132572277,Exited,0,0,0.0
2329,1800.0,103.74159736080786,Exited,0,0,0.0
2330,1800.0,90.2031522993456,Exited,0,0,0.0
2331,563.6980805670551,0.0,Shed,1,0,46.659999999999286
2332,1800.0,85.46357913817432,Exited,0,0,0.0
2333,1800.0,167.75095366000883,Exited,0,0,0.0
2334,1800.0,171.05947308020546,Exited,0,0,0.0
2335,1800.0,21.03693152665723,Exited,0,0,0.0
2336,1800.0,96.26209274619103,Exited,0,0,0.0
2337,1800.0,54.285647793253865,Exited,0,0,0.0
2338,1800.0,83.64020330068342,Exited,0,0,0.0
2339,1516.3514099492043,0.0,Attached,1,0,149.520000000009
2340,206.56379017135097,0.0,Shed,1,0,164.93999999999497
2341,1800.0,99.36857123213585,Exited,0,0,0.0
2342,1800.0,105.19991872220801,Exited,0,0,0.0
2343,1800.0,56.89953192367575,Exited,0,0,0.0
2344,1800.0,157.85866416042273,Exited,0,0,0.0
2345,1800.0,84.88042686741784,Exited,0,0,0.0
2346,1800.0,61.23092845269661,Exited,0,0,0.0
2347,1800.0,147.58596803407275,Exited,0,0,0.0
2348,1800.0,131.07448873121535,Exited,0,0,0.0
2349,758.3432466176399,0.0,Attached,1,0,167.36999999999276
2350,1800.0,69.1594681984931,Exited,0,0,0.0
2351,1800.0,143.1919000970787,Exited,0,0,0.0
2352,1800.0,90.28438003242812,Exited,0,0,0.0
2353,1800.0,61.7673061797947,Exited,0,0,0.0
2354,1800.0,105.09141764070058,Exited,0,0,0.0
2355,946.4226470667488,180.0,Attached,1,0,166.28999999999374
2356,334.85663793092147,180.0,Shed,1,0,56.53999999999732
2357,1800.0,127.91689647189413,Exited,1,1,88.5500000000084
2358,1800.0,120.79056166487615,Exited,0,0,0.0
2359,1800.0,92.64258691988842,Exited,0,0,0.0
2360,1800.0,14.290438141186698,Exited,0,0,0.0
2361,1800.0,40.814748279409436,Exited,0,0,0.0
2362,1800.0,66.06467397780051,Exited,0,0,0.0
2363,1800.0,55.74597956088729,Exited,0,0,0.0
2364,1800.0,31.010654487499732,Exited,1,1,33.200000000001964
2365,1800.0,153.181404449551,Exited,0,0,0.0
2366,1800.0,48.43748302074647,Exited,0,0,0.0
2367,1800.0,102.83133558875343,Exited,0,0,0.0
2368,1800.0,82.99972625340807,Exited,0,0,0.0
2369,1800.0,133.3676858084618,Exited,1,1,132.01000000002492
2370,1800.0,158.3104954479378,Exited,0,0,0.0
2371,1800.0,176.3809643598263,Exited,0,0,0.0
2372,1800.0,70.57275181077287,Exited,0,0,0.0
2373,1800.0,77.03093519589795,Exited,0,0,0.0
2374,1800.0,118.71239250819903,Exited,0,0,0.0
2375,1800.0,56.93013791759325,Exited,0,0,0.0
2376,1800.0,68.63765558183869,Exited,0,0,0.0
2377,1800.0,102.331110202325,Exited,0,0,0.0
2378,1800.0,89.2377010744595,Exited,0,0,0.0
2379,1800.0,51.89113451409007,Exited,0,0,0.0
2380,453.3581077823067,180.0,Attached,2,1,172.32999999998825
2381,1800.0,17.866312980151445,Exited,0,0,0.0
2382,1800.0,139.45782798966314,Exited,0,0,0.0
2383,311.431079056374,180.0,Attached,2,1,178.36999999998275
2384,1800.0,138.77014576045895,Exited,0,0,0.0
2385,1800.0,77.06634687369105,Exited,0,0,0.0
2386,1800.0,121.47350700833624,Exited,0,0,0.0
2387,1800.0,150.32305520331636,Exited,0,0,0.0
2388,1800.0,58.74706734175979,Exited,1,1,134.3300000000228
2389,1800.0,81.91346934479701,Exited,2,2,79.27000000000365
2390,1800.0,83.12239322778726,Exited,0,0,0.0
2391,1800.0,79.68117125113187,Exited,0,0,0.0
2392,1800.0,141.80279276383143,Exited,0,0,0.0
2393,1800.0,74.56517164650725,Exited,0,0,0.0
2394,1800.0,157.8913661452195,Exited,0,0,0.0
2395,1800.0,35.359383819474665,Exited,0,0,0.0
2396,1800.0,115.04019145173221,Exited,0,0,0.0
2397,1800.0,51.40880295146615,Exited,0,0,0.0
2398,1800.0,99.28498336032156,Exited,0,0,0.0
2399,1800.0,159.06475237717194,Exited,0,0,0.0
2400,1800.0,40.39031028523048,Exited,0,0,0.0
2401,1800.0,50.045268268889785,Exited,0,0,0.0
2402,472.4902149669989,0.0,Shed,1,0,53.31999999999796
2403,333.48688208496304,0.0,Shed,1,0,140.1800000000175
2404,1800.0,108.10242207947766,Exited,0,0,0.0
2405,470.95636145814467,180.0,Attached,1,0,175.58999999998528
2406,1070.0183659557197,0.0,Attached,1,0,164.0199999999958
2407,316.93605303984486,0.0,Shed,1,0,124.80000000002694
2408,1741.2768326508822,180.0,Attached,2,1,147.5200000000108
2409,1800.0,9.317358212837172,Exited,1,1,60.84999999999646
2410,1800.0,37.05900863432224,Exited,0,0,0.0
2411,1800.0,45.42749005248041,Exited,0,0,0.0
2412,1800.0,35.49108372920783,Exited,0,0,0.0
2413,1800.0,120.2445441295735,Exited,0,0,0.0
2414,1800.0,105.07350979333549,Exited,2,2,91.78000000001005
2415,1800.0,69.07445297850622,Exited,0,0,0.0
2416,1800.0,49.82916674742627,Exited,0,0,0.0
2417,1800.0,86.50166216896037,Exited,0,0,0.0
2418,1800.0,88.30621723259063,Exited,0,0,0.0
2419,1800.0,111.22907929651487,Exited,0,0,0.0
2420,1800.0,50.34067829110449,Exited,0,0,0.0
2421,1800.0,60.87061964070584,Exited,0,0,0.0
2422,1800.0,159.89298787328312,Exited,0,0,0.0
2423,1800.0,94.50725204909472,Exited,0,0,0.0
2424,1800.0,45.68442559905098,Exited,0,0,0.0
2425,1800.0,60.02897624444065,Exited,0,0,0.0
2426,1800.0,52.74516363269901,Exited,0,0,0.0
2427,1800.0,114.83555321029539,Exited,0,0,0.0
2428,1800.0,33.555127939587706,Exited,1,1,72.84000000000036
2429,1800.0,7.824476939750769,Exited,0,0,0.0
2430,1800.0,42.80867468956077,Exited,0,0,0.0
2431,1800.0,16.386452606767385,Exited,0,0,0.0
2432,1800.0,109.51489024720169,Exited,0,0,0.0
2433,502.9071155379619,0.0,Shed,1,0,13.269999999999762
2434,1800.0,90.07419421236432,Exited,0,0,0.0
2435,1800.0,83.53452932213489,Exited,0,0,0.0
2436,1800.0,70.26028692623692,Exited,1,1,129.63000000002708
2437,1800.0,152.7395412469426,Exited,0,0,0.0
2438,1800.0,26.833793159784268,Exited,1,1,107.5300000000181
2439,1800.0,87.23161112755434,Exited,0,0,0.0
2440,1800.0,100.56081778196592,Exited,0,0,0.0
2441,1800.0,81.79240783906549,Exited,0,0,0.0
2442,1800.0,59.3671238571557,Exited,0,0,0.0
2443,1800.0,56.291047612142656,Exited,0,0,0.0
2444,1800.0,24.88017641101508,Exited,0,0,0.0
2445,1800.0,112.16393038218882,Exited,0,0,0.0
2446,1800.0,106.28683599019672,Exited,0,0,0.0
2447,1800.0,115.66335698852357,Exited,0,0,0.0
2448,1800.0,95.6007942798767,Exited,0,0,0.0
2449,1800.0,129.2141919803078,Exited,0,0,0.0
2450,952.106559127397,180.0,Shed,1,0,11.4499999999998
2451,1061.2013880501784,180.0,Attached,1,0,163.76999999999603
2452,849.1914871041658,180.0,Attached,1,0,163.1299999999966
2453,1800.0,43.81722135368359,Exited,1,1,59.76999999999668
2454,423.0114741928019,0.0,Shed,1,0,1.1100000000000008
2455,1800.0,33.26230057322002,Exited,0,0,0.0
2456,1800.0,71.96159756329799,Exited,0,0,0.0
2457,1800.0,144.75467669962362,Exited,0,0,0.0
2458,1800.0,82.46460893052812,Exited,0,0,0.0
2459,1800.0,16.98104237129527,Exited,0,0,0.0
2460,1080.8696187294497,32.81967548947872,Free,1,1,169.9499999999904
2461,1800.0,137.3683854069025,Exited,0,0,0.0
2462,1800.0,119.48839163597033,Exited,0,0,0.0
2463,1800.0,78.72804836181672,Exited,0,0,0.0
2464,1800.0,161.03010459441435,Exited,0,0,0.0
2465,1075.2877548929957,180.0,Attached,2,1,157.94000000000133
2466,1800.0,47.89856784382016,Exited,0,0,0.0
2467,1800.0,114.87995800349024,Exited,0,0,0.0
2468,1800.0,53.48910078013161,Exited,0,0,0.0
2469,1800.0,82.6129883752468,Exited,0,0,0.0
2470,960.665588415833,0.0,Attached,1,0,168.01999999999217
2471,1800.0,54.191071557180216,Exited,0,0,0.0
2472,1800.0,105.7294468626357,Exited,0,0,0.0
2473,1800.0,92.47069229991492,Exited,0,0,0.0
2474,908.7528332989751,180.0,Shed,1,0,166.38999999999365
2475,1800.0,14.068168531955964,Exited,1,1,139.0800000000185
2476,1800.0,90.38634953176263,Exited,0,0,0.0
2477,1800.0,101.69687048966964,Exited,0,0,0.0
2478,1800.0,127.995108120229,Exited,0,0,0.0
2479,1800.0,55.00810803927909,Exited,0,0,0.0
2480,1800.0,69.88311766070996,Exited,0,0,0.0
2481,1800.0,130.82498022412483,Exited,0,0,0.0
2482,1800.0,129.76276071283164,Exited,2,2,47.0999999999992
2483,682.1939284287356,0.0,Attached,1,0,173.1599999999875
2484,1800.0,40.96700200846008,Exited,1,1,117.17000000002304
2485,1800.0,160.8542430253143,Exited,0,0,0.0
2486,1800.0,88.79096745644338,Exited,0,0,0.0
2487,1732.5788449905026,180.0,Attached,1,0,153.8100000000051
2488,1800.0,53.91733407644047,Exited,0,0,0.0
2489,1800.0,49.2627258680093,Exited,0,0,0.0
2490,146.6179897470004,0.0,Shed,1,0,152.86000000000595
2491,1800.0,49.18431733795512,Exited,0,0,0.0
2492,1800.0,98.54581165662796,Exited,0,0,0.0
2493,1800.0,121.577602561214,Exited,0,0,0.0
2494,1800.0,117.4895928571257,Exited,0,0,0.0
2495,1800.0,62.191423849309835,Exited,0,0,0.0
2496,1800.0,143.76856823162151,Exited,0,0,0.0
2497,1800.0,71.31322789685959,Exited,0,0,0.0
2498,1800.0,57.0097246349297,Exited,0,0,0.0
2499,1800.0,130.47626308413743,Exited,0,0,0.0
2500,1800.0,79.5689520203809,Exited,0,0,0.0
2501,1800.0,52.55601558101524,Exited,0,0,0.0
2502,1800.0,157.66823852105017,Exited,0,0,0.0
2503,1800.0,5.090260320871139,Exited,0,0,0.0
2504,1800.0,99.16802320712546,Exited,0,0,0.0
2505,1800.0,94.42934056696838,Exited,0,0,0.0
2506,1800.0,8.595768032218558,Exited,0,0,0.0
2507,1800.0,41.052268202173636,Exited,1,1,21.730000000000597
2508,1800.0,149.46404856855904,Exited,0,0,0.0
2509,1800.0,82.00439175308328,Exited,0,0,0.0
2510,1800.0,95.15983038485291,Exited,0,0,0.0
2511,1800.0,120.53065063399094,Exited,0,0,0.0
2512,1169.9126883984918,0.0,Attached,1,0,165.27999999999466
2513,1800.0,89.85894252573945,Exited,0,0,0.0
2514,1800.0,75.86328020791548,Exited,0,0,0.0
2515,1000.8048858944092,180.0,Shed,1,0,45.23999999999957
2516,1800.0,130.17592221731996,Exited,0,0,0.0
2517,1800.0,65.71478628249122,Exited,0,0,0.0
2518,1800.0,44.36202518965879,Exited,1,1,63.73999999999589
2519,1800.0,102.5739006452214,Exited,0,0,0.0
2520,1800.0,114.87565735000759,Exited,0,0,0.0
2521,1180.153809922666,180.0,Attached,1,0,161.77999999999784
2522,1800.0,3.9290097559338615,Exited,0,0,0.0
2523,1800.0,89.37314006541858,Exited,0,0,0.0
2524,1800.0,66.57672104384491,Exited,0,0,0.0
2525,1800.0,82.68277463718542,Exited,0,0,0.0
2526,1800.0,65.01913590670188,Exited,0,0,0.0
2527,1800.0,132.9146238084854,Exited,1,1,3.5499999999999683
2528,1800.0,80.78553219237823,Exited,1,1,13.389999999999759
2529,1800.0,55.69826440032058,Exited,0,0,0.0
2530,1800.0,92.04531368817692,Exited,1,1,147.99000000001038
2531,1800.0,70.11974417305683,Exited,0,0,0.0
2532,1800.0,135.88380074791604,Exited,0,0,0.0
2533,1800.0,26.470573049543184,Exited,0,0,0.0
2534,1800.0,105.08439735780392,Exited,0,0,0.0
2535,1800.0,40.722891643702596,Exited,0,0,0.0
2536,1800.0,55.3063791911064,Exited,0,0,0.0
2537,1800.0,149.52343794250822,Exited,0,0,0.0
2538,1800.0,78.90007530734883,Exited,0,0,0.0
2539,1800.0,70.531774665706,Exited,0,0,0.0
2540,1800.0,57.074336700635115,Exited,0,0,0.0
2541,1800.0,144.4210181481411,Exited,0,0,0.0
2542,1800.0,40.81847528873056,Exited,0,0,0.0
2543,1800.0,63.823868731918985,Exited,0,0,0.0
2544,1800.0,62.68869165938146,Exited,0,0,0.0
2545,1800.0,22.790187867913264,Exited,0,0,0.0
2546,1800.0,153.36055921741135,Exited,0,0,0.0
2547,1800.0,59.826842125899084,Exited,0,0,0.0
2548,1397.5394816235064,180.0,Shed,1,0,50.31999999999856
2549,1800.0,36.9818867595694,Exited,0,0,0.0
2550,1800.0,24.253142088496716,Exited,0,0,0.0
2551,904.1032639107273,180.0,Attached,2,1,165.2399999999947
2552,556.1663550431705,180.0,Attached,1,0,169.5199999999908
2553,1800.0,106.32776972455915,Exited,0,0,0.0
2554,435.98353498515763,0.0,Attached,1,0,173.00999999998763
2555,1800.0,79.38835361415657,Exited,0,0,0.0
2556,1800.0,127.45190949940623,Exited,1,1,37.210000000001166
2557,1093.3691243176709,180.0,Shed,1,0,32.15000000000217
2558,1800.0,122.20465910750372,Exited,0,0,0.0
2559,794.4012400803124,180.0,Attached,3,2,157.25000000000196
2560,1800.0,59.63183701056899,Exited,0,0,0.0
2561,1800.0,69.60567041799015,Exited,0,0,0.0
2562,1800.0,30.246693443178923,Exited,0,0,0.0
2563,1800.0,79.25719512403322,Exited,0,0,0.0
2564,1800.0,144.23282095367614,Exited,1,1,31.740000000002162
2565,1800.0,156.97050228570245,Exited,0,0,0.0
2566,1800.0,125.50293159310817,Exited,0,0,0.0
2567,1800.0,135.05245174099136,Exited,0,0,0.0
2568,1800.0,53.260077283743165,Exited,0,0,0.0
2569,1800.0,68.43003613477217,Exited,0,0,0.0
2570,1800.0,161.57419544510998,Exited,0,0,0.0
2571,1800.0,130.65239663109946,Exited,0,0,0.0
2572,1800.0,113.86292388943292,Exited,0,0,0.0
2573,1800.0,70.58236746975793,Exited,0,0,0.0
2574,1800.0,123.98851285115931,Exited,1,1,53.199999999997985
2575,1800.0,12.558797500328994,Exited,0,0,0.0
2576,1800.0,147.2515664395459,Exited,0,0,0.0
2577,618.3513353016749,180.0,Attached,1,0,159.16000000000022
2578,1800.0,85.14258634977573,Exited,0,0,0.0
2579,1800.0,124.16581826884213,Exited,0,0,0.0
2580,1800.0,140.39349901308742,Exited,0,0,0.0
2581,1800.0,22.002545839301348,Exited,0,0,0.0
2582,1800.0,119.37654746913032,Exited,0,0,0.0
2583,1800.0,103.23162355748472,Exited,0,0,0.0
2584,1440.6897381141493,0.0,Attached,1,0,157.63000000000162
2585,1800.0,144.09896563146515,Exited,0,0,0.0
2586,1800.0,90.72245034311126,Exited,0,0,0.0
2587,1800.0,66.24194547678573,Exited,0,0,0.0
2588,1800.0,75.48012498210855,Exited,1,1,24.69000000000106
2589,1800.0,96.67495384698832,Exited,0,0,0.0
2590,1800.0,99.13905327589777,Exited,0,0,0.0
2591,1800.0,125.81489282140484,Exited,0,0,0.0
2592,1800.0,112.19778762736706,Exited,0,0,0.0
2593,1800.0,88.40007912228955,Exited,0,0,0.0
2594,1800.0,138.66185008728496,Exited,0,0,0.0
2595,1800.0,24.354892469834446,Exited,0,0,0.0
2596,1800.0,137.65204168952414,Exited,0,0,0.0
2597,1800.0,121.4190402173967,Exited,0,0,0.0
2598,213.08904409545053,180.0,Attached,1,0,176.96999999998403
2599,1800.0,4.86817394078464,Exited,0,0,0.0
2600,1800.0,149.86657929556165,Exited,0,0,0.0
2601,1800.0,29.124510744628225,Exited,0,0,0.0
2602,1800.0,142.39866236084524,Exited,2,2,109.57000000001915
2603,757.5162029128124,0.0,Attached,1,0,161.12999999999843
2604,1800.0,67.77687073268528,Exited,0,0,0.0
2605,1800.0,121.60010250870191,Exited,0,0,0.0
2606,1800.0,27.22362182265855,Exited,0,0,0.0
2607,1800.0,127.46278868514368,Exited,0,0,0.0
2608,1800.0,93.04902450253388,Exited,0,0,0.0
2609,1800.0,80.01229647750476,Exited,0,0,0.0
2610,1800.0,48.54353152114944,Exited,0,0,0.0
2611,1800.0,48.204347719508185,Exited,1,1,44.02999999999981
2612,1800.0,92.67624619149235,Exited,0,0,0.0
2613,1800.0,123.82249290803186,Exited,0,0,0.0
2614,1800.0,90.73962069889642,Exited,0,0,0.0
2615,1800.0,119.35706735013984,Exited,0,0,0.0
2616,1800.0,73.96430053863654,Exited,0,0,0.0
2617,1800.0,60.275131070574595,Exited,0,0,0.0
2618,1800.0,31.5233488869314,Exited,0,0,0.0
2619,863.7893918720064,0.0,Attached,1,0,170.11999999999026
2620,1800.0,71.03128799398378,Exited,0,0,0.0
2621,1446.678734744518,56.99996852745578,Free,1,1,140.2800000000174
2622,1800.0,63.10188048151926,Exited,0,0,0.0
2623,1800.0,65.01051189417818,Exited,0,0,0.0
2624,1800.0,103.9923108726363,Exited,0,0,0.0
2625,1800.0,89.36204492852204,Exited,0,0,0.0
2626,1800.0,69.69447967627511,Exited,0,0,0.0
2627,1800.0,61.81108915214527,Exited,0,0,0.0
2628,1800.0,76.80115121685911,Exited,0,0,0.0
2629,1800.0,45.94242640845651,Exited,0,0,0.0
2630,1800.0,60.889911150520774,Exited,0,0,0.0
2631,1800.0,77.17608626469331,Exited,0,0,0.0
2632,1800.0,63.61556429344268,Exited,0,0,0.0
2633,1800.0,79.5798631936994,Exited,0,0,0.0
2634,1800.0,113.73819011055821,Exited,0,0,0.0
2635,1800.0,49.01848777703632,Exited,0,0,0.0
2636,1800.0,50.85647076642372,Exited,0,0,0.0
2637,1800.0,15.014531404468096,Exited,0,0,0.0
2638,1800.0,125.1801430674234,Exited,0,0,0.0
2639,1800.0,91.4009042374154,Exited,0,0,0.0
2640,1800.0,26.784668603881492,Exited,0,0,0.0
2641,203.80299650138102,180.0,Attached,1,0,179.8699999999814
2642,1800.0,65.7395438272466,Exited,1,1,46.78999999999926
2643,1800.0,99.57192100058056,Exited,0,0,0.0
2644,1800.0,88.88131635266069,Exited,0,0,0.0
2645,1800.0,86.10546750778074,Exited,0,0,0.0
2646,1800.0,20.050724020741796,Exited,0,0,0.0
2647,1800.0,98.59281719937786,Exited,0,0,0.0
2648,1800.0,90.40478312463847,Exited,0,0,0.0
2649,1800.0,34.481270721487824,Exited,0,0,0.0
2650,1800.0,95.290573922821,Exited,0,0,0.0
2651,1800.0,134.87221590245287,Exited,0,0,0.0
2652,1800.0,101.99792978822198,Exited,0,0,0.0
2653,1800.0,106.67882786361483,Exited,0,0,0.0
2654,203.82455250585048,180.0,Attached,1,0,177.72999999998333
2655,1800.0,12.060778180613916,Exited,0,0,0.0
2656,1800.0,95.2936467948298,Exited,0,0,0.0
2657,1800.0,86.97092050991637,Exited,0,0,0.0
2658,1800.0,86.46843504686356,Exited,0,0,0.0
2659,1800.0,131.3193315267571,Exited,0,0,0.0
2660,1800.0,83.0837605070908,Exited,0,0,0.0
2661,1800.0,101.86093819456126,Exited,0,0,0.0
2662,659.1615201115376,0.0,Attached,1,0,168.5199999999917
2663,1800.0,116.07279687323052,Exited,0,0,0.0
2664,1800.0,68.66134034126715,Exited,0,0,0.0
2665,1800.0,76.95186771790229,Exited,0,0,0.0
2666,1800.0,56.55228134420944,Exited,0,0,0.0
2667,1800.0,164.86567296883555,Exited,0,0,0.0
2668,1800.0,103.89801327747772,Exited,0,0,0.0
2669,1800.0,43.27439984165858,Exited,0,0,0.0
2670,1800.0,97.3860972898535,Exited,0,0,0.0
2671,922.4149937782513,180.0,Shed,1,0,136.5300000000208
2672,1800.0,60.58739923946753,Exited,0,0,0.0
2673,1800.0,126.49119920156477,Exited,0,0,0.0
2674,1800.0,30.022206687435002,Exited,0,0,0.0
2675,1800.0,80.5781404745307,Exited,0,0,0.0
2676,1800.0,150.46607897148007,Exited,0,0,0.0
2677,1800.0,43.51726685242356,Exited,0,0,0.0
2678,1800.0,61.86450355035045,Exited,0,0,0.0
2679,1800.0,144.07267268809062,Exited,0,0,0.0
2680,1800.0,107.96384832240997,Exited,0,0,0.0
2681,1800.0,92.27039514555395,Exited,0,0,0.0
2682,1800.0,123.0266377625677,Exited,0,0,0.0
2683,1800.0,44.47626491027578,Exited,0,0,0.0
2684,1800.0,0.24230306785204903,Exited,1,1,82.24000000000517
2685,1800.0,65.17297188639607,Exited,0,0,0.0
2686,1800.0,119.45006535025769,Exited,0,0,0.0
2687,1800.0,128.75530025422896,Exited,0,0,0.0
2688,1207.8998758909343,0.0,Attached,1,0,164.15999999999568
2689,1800.0,53.686991450898404,Exited,0,0,0.0
2690,1800.0,109.87256833781737,Exited,0,0,0.0
2691,1800.0,47.408068845637644,Exited,0,0,0.0
2692,1800.0,71.12220068627181,Exited,0,0,0.0
2693,1800.0,78.9899379193033,Exited,0,0,0.0
2694,1593.9124215764014,0.0,Attached,1,0,155.05000000000396
2695,1800.0,117.42918272588152,Exited,0,0,0.0
2696,1800.0,146.7961110636729,Exited,0,0,0.0
2697,1800.0,3.1340319398839913,Exited,0,0,0.0
2698,1800.0,157.8158973694255,Exited,1,1,71.64999999999975
2699,1800.0,161.28505814180104,Exited,1,1,57.28999999999717
2700,1800.0,45.940599789245255,Exited,0,0,0.0
2701,1800.0,144.69083726955404,Exited,0,0,0.0
2702,1800.0,50.89129870696093,Exited,0,0,0.0
2703,1800.0,130.61006902821805,Exited,0,0,0.0
2704,1800.0,137.05706671806757,Exited,0,0,0.0
2705,1800.0,123.54909454635524,Exited,0,0,0.0
2706,1800.0,110.0570995835462,Exited,0,0,0.0
2707,1800.0,42.51780454742961,Exited,0,0,0.0
2708,1800.0,137.82114476886045,Exited,0,0,0.0
2709,1800.0,74.27163780954314,Exited,0,0,0.0
2710,1800.0,61.749694274029444,Exited,0,0,0.0
2711,1800.0,23.28209752088168,Exited,1,1,87.69000000000796
2712,1800.0,60.00213162356681,Exited,0,0,0.0
2713,1800.0,63.93919012453278,Exited,0,0,0.0
2714,1800.0,147.712960480794,Exited,0,0,0.0
2715,1800.0,120.02794346042252,Exited,0,0,0.0
2716,1800.0,62.423246902073416,Exited,0,0,0.0
2717,1217.874248930464,0.0,Attached,1,0,156.86000000000232
2718,1800.0,92.86604916229439,Exited,0,0,0.0
2719,1800.0,76.55030447259603,Exited,0,0,0.0
2720,1800.0,89.52000101739297,Exited,0,0,0.0
2721,1800.0,93.00699562548661,Exited,0,0,0.0
2722,736.3538030932341,180.0,Attached,1,0,168.6299999999916
2723,1800.0,112.46191027337217,Exited,0,0,0.0
2724,1800.0,90.91396171759135,Exited,0,0,0.0
2725,1800.0,125.05331776611588,Exited,0,0,0.0
2726,1800.0,107.76304472986446,Exited,0,0,0.0
2727,1800.0,74.34584645675034,Exited,0,0,0.0
2728,1800.0,84.897187599247,Exited,0,0,0.0
2729,1800.0,148.62915246967285,Exited,0,0,0.0
2730,1800.0,76.03296061161008,Exited,0,0,0.0
2731,1800.0,122.6885094017522,Exited,0,0,0.0
2732,1800.0,148.39854865604576,Exited,0,0,0.0
2733,1800.0,173.88885351152075,Exited,2,2,145.9900000000122
2734,1800.0,90.34967357246865,Exited,0,0,0.0
2735,1800.0,81.84148417056028,Exited,0,0,0.0
2736,1800.0,86.3264322683082,Exited,0,0,0.0
2737,1800.0,99.90201628436664,Exited,0,0,0.0
2738,1800.0,63.54030083622001,Exited,0,0,0.0
2739,1800.0,145.1770772619412,Exited,0,0,0.0
2740,1800.0,72.34770807847637,Exited,0,0,0.0
2741,1800.0,70.42519618847285,Exited,0,0,0.0
2742,1800.0,18.956183846099254,Exited,0,0,0.0
2743,1800.0,64.00937205012194,Exited,0,0,0.0
2744,1800.0,56.063757455686144,Exited,0,0,0.0
2745,1800.0,93.79703235488482,Exited,0,0,0.0
2746,1800.0,85.16706073542797,Exited,2,2,128.02000000002855
2747,1800.0,99.4613979414148,Exited,0,0,0.0
2748,1800.0,142.7594173962958,Exited,0,0,0.0
2749,1800.0,83.99762534783585,Exited,0,0,0.0
2750,1800.0,110.69644493802123,Exited,0,0,0.0
2751,592.9373892181409,180.0,Shed,1,0,99.87000000001419
2752,1800.0,15.99344611362654,Exited,0,0,0.0
2753,1800.0,87.93885339221883,Exited,0,0,0.0
2754,1800.0,141.21931141750704,Exited,0,0,0.0
2755,1800.0,137.90055025204265,Exited,0,0,0.0
2756,1800.0,112.56983443566938,Exited,0,0,0.0
2757,1800.0,24.764416711580175,Exited,0,0,0.0
2758,525.0621333819105,180.0,Attached,3,2,165.1199999999948
2759,1800.0,86.25894463194237,Exited,0,0,0.0
2760,1800.0,37.15333175073144,Exited,0,0,0.0
2761,1800.0,125.89685470574389,Exited,0,0,0.0
2762,1800.0,40.53348756646052,Exited,0,0,0.0
2763,1800.0,147.18699772497783,Exited,0,0,0.0
2764,1800.0,110.75454656346167,Exited,0,0,0.0
2765,1800.0,50.25301625812145,Exited,0,0,0.0
2766,1800.0,121.62752035133073,Exited,0,0,0.0
2767,1800.0,126.130244165892,Exited,0,0,0.0
2768,1800.0,47.04349641858428,Exited,0,0,0.0
2769,1800.0,21.328113195341544,Exited,2,2,126.58000000002785
2770,880.1393546626074,180.0,Shed,1,0,23.370000000000854
2771,1800.0,100.67884734574916,Exited,0,0,0.0
2772,560.3444350493285,180.0,Attached,2,1,171.69999999998882
2773,1800.0,108.24247598916345,Exited,0,0,0.0
2774,1800.0,105.94515568477212,Exited,0,0,0.0
2775,1800.0,49.36127868614457,Exited,0,0,0.0
2776,1800.0,23.226679537905458,Exited,0,0,0.0
2777,1800.0,36.32541234130639,Exited,0,0,0.0
2778,1625.6863061004235,0.0,Attached,1,0,161.62999999999798
2779,1800.0,60.30275230147055,Exited,0,0,0.0
2780,1800.0,72.8921594688285,Exited,0,0,0.0
2781,1800.0,62.2743645788056,Exited,0,0,0.0
2782,1800.0,152.16994526849342,Exited,0,0,0.0
2783,1800.0,88.92043856619394,Exited,0,0,0.0
2784,1800.0,118.69591495540229,Exited,0,0,0.0
2785,1800.0,96.88607378828503,Exited,0,0,0.0
2786,1800.0,54.18936299982282,Exited,0,0,0.0
2787,1800.0,134.9453867238773,Exited,0,0,0.0
2788,436.7291970061339,180.0,Shed,1,0,112.5900000000207
2789,1800.0,85.56448348670229,Exited,0,0,0.0
2790,1800.0,132.52588456544012,Exited,1,1,27.740000000001537
2791,1800.0,67.54893871155679,Exited,0,0,0.0
2792,1800.0,69.59656259361758,Exited,0,0,0.0
2793,1800.0,50.23619280184081,Exited,0,0,0.0
2794,683.4331166624194,0.0,Shed,2,1,123.52000000002629
2795,1800.0,36.1590491424355,Exited,1,1,83.0800000000056
2796,1800.0,123.43840281737467,Exited,0,0,0.0
2797,1800.0,114.48208856109162,Exited,0,0,0.0
2798,1800.0,174.272126048412,Exited,0,0,0.0
2799,1265.1879554873597,0.0,Attached,1,0,163.74999999999605
2800,1800.0,85.92779397388269,Exited,0,0,0.0
2801,1800.0,112.81474884011104,Exited,0,0,0.0
2802,1800.0,20.89044470594604,Exited,0,0,0.0
2803,1800.0,118.02558891211281,Exited,0,0,0.0
2804,1800.0,29.214950794206974,Exited,0,0,0.0
2805,1800.0,137.7227377273611,Exited,0,0,0.0
2806,1800.0,37.847125972466756,Exited,0,0,0.0
2807,731.3012866854336,0.0,Attached,3,2,165.60999999999436
2808,1444.7022084361913,0.0,Attached,1,0,165.81999999999417
2809,1800.0,109.46383659082923,Exited,0,0,0.0
2810,1800.0,81.44268103373969,Exited,0,0,0.0
2811,1800.0,146.02861918542573,Exited,0,0,0.0
2812,1800.0,137.4281579910018,Exited,0,0,0.0
2813,1800.0,51.6946854091506,Exited,0,0,0.0
2814,1800.0,109.37207860618526,Exited,0,0,0.0
2815,1800.0,133.3059887797445,Exited,0,0,0.0
2816,1800.0,106.0574462728155,Exited,1,1,77.74000000000287
2817,1800.0,40.255429002730736,Exited,0,0,0.0
2818,1800.0,135.3882942557971,Exited,0,0,0.0
2819,1800.0,98.17052729033946,Exited,0,0,0.0
2820,1800.0,82.13677993972813,Exited,0,0,0.0
2821,1800.0,66.3417230460651,Exited,0,0,0.0
2822,1800.0,87.67312957390749,Exited,0,0,0.0
2823,1800.0,78.64197228654511,Exited,0,0,0.0
2824,1800.0,110.37118703322156,Exited,0,0,0.0
2825,163.0655464826489,0.0,Attached,1,0,179.44999999998177
2826,1364.9002157955292,0.0,Attached,1,0,166.7599999999933
2827,1800.0,88.58612114011984,Exited,0,0,0.0
2828,1800.0,108.6030099110741,Exited,0,0,0.0
2829,1800.0,59.133885659926776,Exited,0,0,0.0
2830,586.3260816091014,0.0,Attached,1,0,167.28999999999283
2831,1800.0,133.58606895807986,Exited,0,0,0.0
2832,1800.0,112.91291311471856,Exited,0,0,0.0
2833,1800.0,111.74512654737113,Exited,0,0,0.0
2834,1800.0,103.40116430397477,Exited,0,0,0.0
2835,1800.0,162.73250868024334,Exited,1,1,24.910000000001094
2836,1800.0,134.7653461708212,Exited,0,0,0.0
2837,1800.0,135.40017169110232,Exited,0,0,0.0
2838,295.12775888181903,180.0,Shed,1,0,26.250000000001304
2839,1800.0,148.6301275955161,Exited,0,0,0.0
2840,524.883232713565,180.0,Shed,1,0,52.83999999999806
2841,1800.0,135.49337812679377,Exited,0,0,0.0
2842,1800.0,106.83515977478106,Exited,0,0,0.0
2843,1800.0,71.65357244827666,Exited,0,0,0.0
2844,1800.0,109.77087297131006,Exited,0,0,0.0
2845,1800.0,139.9883817228419,Exited,0,0,0.0
2846,1800.0,121.96505325568123,Exited,0,0,0.0
2847,1406.9032227248922,180.0,Attached,1,0,160.76999999999876
2848,1800.0,99.35826083801854,Exited,0,0,0.0
2849,1390.6201936981392,0.0,Attached,1,0,157.30000000000192
2850,1800.0,78.60972458384484,Exited,0,0,0.0
2851,1800.0,83.41474374077768,Exited,0,0,0.0
2852,1800.0,94.64495910177283,Exited,0,0,0.0
2853,1800.0,118.9781461146595,Exited,0,0,0.0
2854,1800.0,129.75347525782846,Exited,0,0,0.0
2855,1800.0,100.79590217968033,Exited,0,0,0.0
2856,1800.0,42.668124445616165,Exited,0,0,0.0
2857,1659.0040407432166,180.0,Attached,1,0,154.06000000000486
2858,1800.0,118.7061705547506,Exited,0,0,0.0
2859,1800.0,166.96027439940664,Exited,0,0,0.0
2860,1800.0,126.66519320179361,Exited,0,0,0.0
2861,1800.0,53.6356178226039,Exited,0,0,0.0
2862,1800.0,145.44472723297397,Exited,0,0,0.0
2863,1800.0,62.70062426068656,Exited,0,0,0.0
2864,1800.0,83.94572265424007,Exited,0,0,0.0
2865,1800.0,108.72621515155407,Exited,0,0,0.0
2866,212.872651644499,0.0,Shed,1,0,67.97999999999787
2867,1800.0,101.49122907721572,Exited,0,0,0.0
2868,1800.0,138.62287826112535,Exited,0,0,0.0
2869,1800.0,131.44589991706917,Exited,0,0,0.0
2870,1800.0,12.789642637098172,Exited,0,0,0.0
2871,1787.3759003027944,0.0,Attached,1,0,165.5699999999944
2872,1800.0,48.640139994590754,Exited,0,0,0.0
2873,1800.0,94.76567879754653,Exited,0,0,0.0
2874,1800.0,157.53129376818535,Exited,1,1,75.04000000000148
2875,247.3156344514294,0.0,Attached,1,0,176.80999999998417
2876,1800.0,89.28096333659362,Exited,0,0,0.0
2877,1049.3294220116286,163.90726778289329,Free,1,1,162.2699999999974
2878,1800.0,167.68763287723274,Exited,0,0,0.0
2879,1460.294603444396,180.0,Shed,1,0,127.43000000002829
2880,1800.0,89.2104835985645,Exited,0,0,0.0
2881,1800.0,88.94212494118105,Exited,0,0,0.0
2882,1800.0,91.61302871613057,Exited,0,0,0.0
2883,1800.0,104.92282174792442,Exited,0,0,0.0
2884,1800.0,131.38506318637653,Exited,0,0,0.0
2885,1800.0,51.93352948579936,Exited,0,0,0.0
2886,1800.0,29.484769463501163,Exited,0,0,0.0
2887,1800.0,157.25321086102707,Exited,0,0,0.0
2888,1800.0,57.08366078468545,Exited,0,0,0.0
2889,1800.0,104.41521994658994,Exited,0,0,0.0
2890,944.7363668829937,0.0,Shed,1,0,62.37999999999616
2891,1800.0,54.15162532013066,Exited,0,0,0.0
2892,1800.0,143.0757749474121,Exited,0,0,0.0
2893,1800.0,79.88868973225196,Exited,0,0,0.0
2894,1800.0,75.59485123155908,Exited,0,0,0.0
2895,1800.0,103.38853521735457,Exited,0,0,0.0
2896,1800.0,47.6422714622895,Exited,1,1,68.64999999999822
2897,1800.0,83.67497828995242,Exited,0,0,0.0
2898,872.8676414776809,0.0,Shed,1,0,1.1100000000000008
2899,449.42635125958634,180.0,Shed,1,0,42.800000000000054
2900,1800.0,125.2275197475787,Exited,0,0,0.0
2901,1800.0,59.40632281946945,Exited,0,0,0.0
2902,1800.0,59.7359048984427,Exited,0,0,0.0
2903,1800.0,98.35506878929823,Exited,0,0,0.0
2904,1800.0,44.463651199610126,Exited,0,0,0.0
2905,1800.0,50.08981178166576,Exited,0,0,0.0
2906,1800.0,86.58308008995802,Exited,0,0,0.0
2907,1800.0,0.629152209424848,Exited,0,0,0.0
2908,1800.0,17.710440124473255,Exited,0,0,0.0
2909,1800.0,122.92731007191567,Exited,0,0,0.0
2910,1800.0,80.2043184616786,Exited,1,1,138.59000000001893
2911,1800.0,51.38836640443894,Exited,0,0,0.0
2912,1800.0,148.08378460772985,Exited,0,0,0.0
2913,1800.0,124.70872997143809,Exited,0,0,0.0
2914,1800.0,66.60644114382755,Exited,0,0,0.0
2915,1800.0,45.7443979051238,Exited,0,0,0.0
2916,1800.0,59.27585785456167,Exited,0,0,0.0
2917,1800.0,149.46401823091827,Exited,0,0,0.0
2918,1800.0,95.0843577671136,Exited,0,0,0.0
2919,1800.0,110.75674952307168,Exited,0,0,0.0
2920,1800.0,141.86168296973696,Exited,0,0,0.0
2921,1800.0,130.2257482303822,Exited,0,0,0.0
2922,1800.0,57.23785940435045,Exited,0,0,0.0
2923,1800.0,50.564324849603445,Exited,0,0,0.0
2924,1800.0,22.38307421730166,Exited,0,0,0.0
2925,1751.237302498477,0.0,Shed,1,0,6.859999999999898
2926,1800.0,33.18628305350649,Exited,0,0,0.0
2927,1800.0,77.23059573708979,Exited,0,0,0.0
2928,1800.0,80.60122590283841,Exited,0,0,0.0
2929,1800.0,142.51845503829887,Exited,0,0,0.0
2930,1800.0,74.24517649282483,Exited,0,0,0.0
2931,1800.0,44.37442936403766,Exited,0,0,0.0
2932,1800.0,88.51371208670717,Exited,0,0,0.0
2933,1800.0,152.26188290150415,Exited,0,0,0.0
2934,1800.0,110.35254389830851,Exited,0,0,0.0
2935,1800.0,68.702260659005,Exited,0,0,0.0
2936,1800.0,161.52985649308212,Exited,1,1,67.46999999999761
2937,1800.0,40.5684602872178,Exited,0,0,0.0
2938,1800.0,119.1948343909332,Exited,0,0,0.0
2939,1800.0,61.98689571995754,Exited,0,0,0.0
2940,1800.0,19.83332287913437,Exited,1,1,98.58000000001353
2941,1800.0,60.21007824541727,Exited,0,0,0.0
2942,1800.0,158.7996946810824,Exited,0,0,0.0
2943,1800.0,140.8040649276618,Exited,0,0,0.0
2944,1800.0,115.5689305041382,Exited,0,0,0.0
2945,1800.0,4.087206259924073,Exited,0,0,0.0
2946,1800.0,11.400699687496369,Exited,0,0,0.0
2947,1800.0,81.10141638160238,Exited,0,0,0.0
2948,1800.0,155.68329849142057,Exited,0,0,0.0
2949,1624.5772674753318,0.0,Attached,2,1,143.66000000001432
2950,1800.0,156.09043634634884,Exited,0,0,0.0
2951,1800.0,96.40961734158539,Exited,0,0,0.0
2952,1800.0,95.28871235682848,Exited,0,0,0.0
2953,1800.0,68.52086916089279,Exited,0,0,0.0
2954,1800.0,52.441735232087034,Exited,0,0,0.0
2955,1800.0,41.94610768305682,Exited,0,0,0.0
2956,1800.0,45.35995507617323,Exited,0,0,0.0
2957,291.8485469361634,0.0,Attached,1,0,176.5699999999844
2958,1800.0,95.521216932448,Exited,0,0,0.0
2959,1800.0,105.08168555486016,Exited,0,0,0.0
2960,1800.0,97.55620195502877,Exited,0,0,0.0
2961,1800.0,129.61274743771943,Exited,0,0,0.0
2962,742.6091837337254,0.0,Attached,3,2,163.2699999999965
2963,1800.0,104.53346167567216,Exited,0,0,0.0
2964,1800.0,55.407220362620414,Exited,1,1,20.620000000000424
2965,1800.0,25.80636704964005,Exited,0,0,0.0
2966,1800.0,133.14801370582,Exited,0,0,0.0
2967,1800.0,72.62625047061645,Exited,0,0,0.0
2968,989.9922007457197,180.0,Shed,1,0,105.58000000001711
2969,1800.0,65.25597800990099,Exited,0,0,0.0
2970,1800.0,151.15595244367537,Exited,0,0,0.0
2971,1800.0,78.00782718590844,Exited,0,0,0.0
2972,1800.0,112.43172287521999,Exited,0,0,0.0
2973,1800.0,127.79708612412837,Exited,0,0,0.0
2974,1800.0,104.66224467733088,Exited,1,1,147.37000000001095
2975,1800.0,103.61342991127937,Exited,0,0,0.0
2976,1800.0,74.78476926424057,Exited,0,0,0.0
2977,1800.0,99.99054442061436,Exited,0,0,0.0
2978,1800.0,64.78888131642563,Exited,0,0,0.0
2979,1800.0,157.4999881751082,Exited,0,0,0.0
2980,1800.0,107.19532635499034,Exited,0,0,0.0
2981,1800.0,130.0836750745429,Exited,0,0,0.0
2982,1800.0,63.36909248247991,Exited,0,0,0.0
2983,1800.0,119.96325708478496,Exited,0,0,0.0
2984,1800.0,52.017998925001024,Exited,0,0,0.0
2985,1800.0,125.13418219997781,Exited,0,0,0.0
2986,1800.0,34.883013108281574,Exited,0,0,0.0
2987,1800.0,100.6544877294229,Exited,0,0,0.0
2988,1800.0,84.44557354084263,Exited,0,0,0.0
2989,1800.0,126.5853917831027,Exited,0,0,0.0
2990,1800.0,39.6618969504229,Exited,0,0,0.0
2991,238.17725071559514,180.0,Shed,1,0,2.259999999999996
2992,1800.0,117.90329025851794,Exited,0,0,0.0
2993,1191.6191759216015,4.739914775698592,Free,1,1,167.3199999999928
2994,1800.0,78.14312151059427,Exited,0,0,0.0
2995,1800.0,61.70029331562337,Exited,0,0,0.0
2996,1800.0,126.9678114273224,Exited,1,1,121.5800000000253
2997,1800.0,92.71868082400725,Exited,0,0,0.0
2998,1800.0,30.7707357868082,Exited,0,0,0.0
2999,1800.0,68.76771609532145,Exited,0,0,0.0
3000,1800.0,4.209544951498584,Exited,0,0,0.0
3001,1800.0,52.98893221130728,Exited,0,0,0.0
3002,1800.0,106.5417263582594,Exited,0,0,0.0
3003,1800.0,149.5457855626023,Exited,0,0,0.0
3004,1800.0,41.684661044897204,Exited,0,0,0.0
3005,960.9578907476597,180.0,Shed,1,0,83.97000000000605
3006,1800.0,126.70385669951095,Exited,0,0,0.0
3007,1800.0,142.45482447850415,Exited,0,0,0.0
3008,1800.0,53.68513909673494,Exited,0,0,0.0
3009,1800.0,102.89547670957074,Exited,0,0,0.0
3010,1800.0,128.31801474802714,Exited,0,0,0.0
3011,1800.0,110.02012015124453,Exited,0,0,0.0
3012,1800.0,75.78158710860188,Exited,0,0,0.0
3013,1800.0,99.0956563889531,Exited,0,0,0.0
3014,1800.0,144.28911922482197,Exited,0,0,0.0
3015,1800.0,162.6916878038386,Exited,0,0,0.0
3016,1800.0,101.94291509620145,Exited,0,0,0.0
3017,1800.0,29.85734905345604,Exited,0,0,0.0
3018,1800.0,69.48050168639281,Exited,0,0,0.0
3019,1800.0,3.345205507309953,Exited,1,1,94.91000000001165
3020,1800.0,91.70485909615506,Exited,0,0,0.0
3021,1800.0,103.5682767098218,Exited,0,0,0.0
3022,1800.0,130.0599003290944,Exited,0,0,0.0
3023,1800.0,65.65045559553768,Exited,0,0,0.0
3024,1550.2682407601808,0.0,Shed,1,0,55.18999999999759
3025,1800.0,127.14455765870895,Exited,0,0,0.0
3026,1800.0,107.00542144409081,Exited,0,0,0.0
3027,1800.0,148.54891671282013,Exited,0,0,0.0
3028,1800.0,153.67971271303105,Exited,1,1,133.8000000000233
3029,1800.0,129.90129806381609,Exited,0,0,0.0
3030,1800.0,88.43511362358053,Exited,0,0,0.0
3031,1800.0,65.02074276317161,Exited,0,0,0.0
3032,1800.0,98.16202644323963,Exited,0,0,0.0
3033,1800.0,51.36475830530929,Exited,0,0,0.0
3034,1800.0,18.334552920418734,Exited,1,1,84.03000000000608
3035,1800.0,130.75290880130288,Exited,0,0,0.0
3036,1800.0,149.63170219525,Exited,0,0,0.0
3037,1800.0,102.73121158908585,Exited,0,0,0.0
3038,1800.0,132.23847268400615,Exited,0,0,0.0
3039,1800.0,87.39590308799225,Exited,0,0,0.0
3040,1800.0,87.90708537949406,Exited,0,0,0.0
3041,1800.0,88.58498831458432,Exited,0,0,0.0
3042,1800.0,132.25687899086677,Exited,0,0,0.0
3043,1800.0,38.903771519880735,Exited,0,0,0.0
3044,1800.0,25.47319125193065,Exited,0,0,0.0
3045,1800.0,44.17521485856912,Exited,0,0,0.0
3046,151.4994627031239,180.0,Attached,1,0,177.13999999998387
3047,1404.4752063911678,0.0,Shed,1,0,54.79999999999767
3048,1800.0,111.90182421983094,Exited,0,0,0.0
3049,1800.0,138.26695383808263,Exited,0,0,0.0
3050,1800.0,101.68624857910349,Exited,0,0,0.0
3051,1800.0,64.10510498527879,Exited,0,0,0.0
3052,1800.0,31.887681637454076,Exited,0,0,0.0
3053,1800.0,27.077742542004206,Exited,0,0,0.0
3054,1800.0,133.59005286788388,Exited,0,0,0.0
3055,1800.0,42.35972807838129,Exited,0,0,0.0
3056,1800.0,76.36143191860612,Exited,0,0,0.0
3057,1800.0,66.43072967901642,Exited,0,0,0.0
3058,1800.0,27.336852940339718,Exited,0,0,0.0
3059,1800.0,62.489785218985105,Exited,0,0,0.0
3060,1800.0,147.1870579467083,Exited,0,0,0.0
3061,1800.0,130.365264122672,Exited,0,0,0.0
3062,1800.0,114.71760102975885,Exited,0,0,0.0
3063,1800.0,80.51787634048283,Exited,0,0,0.0
3064,1800.0,174.41334119287202,Exited,0,0,0.0
3065,1800.0,133.0185471348023,Exited,0,0,0.0
3066,1800.0,109.58660929018806,Exited,0,0,0.0
3067,1800.0,132.86431019826173,Exited,1,1,51.40999999999834
3068,735.0871767135126,180.0,Attached,1,0,171.65999999998886
3069,1800.0,33.146893239934684,Exited,0,0,0.0
3070,1800.0,164.54172685198202,Exited,0,0,0.0
3071,1800.0,83.70115957659745,Exited,0,0,0.0
3072,1800.0,36.31293652470597,Exited,0,0,0.0
3073,1800.0,71.23478238865178,Exited,0,0,0.0
3074,394.42698608699163,180.0,Attached,1,0,167.69999999999246
3075,1800.0,69.96068967512768,Exited,1,1,30.470000000001964
3076,1800.0,69.58820895312468,Exited,0,0,0.0
3077,1800.0,131.3354053460112,Exited,1,1,80.84000000000445
3078,1800.0,66.0646117843915,Exited,0,0,0.0
3079,1800.0,43.894244346405536,Exited,0,0,0.0
3080,1800.0,154.182200435428,Exited,1,1,10.369999999999823
3081,1800.0,49.161986291830665,Exited,0,0,0.0
3082,1800.0,17.455554813079424,Exited,0,0,0.0
3083,552.5738628122195,180.0,Attached,1,0,160.58999999999892
3084,1800.0,99.62958912829187,Exited,0,0,0.0
3085,1800.0,105.09645576173101,Exited,0,0,0.0
3086,1800.0,45.083514525602816,Exited,0,0,0.0
3087,1800.0,145.97431578963005,Exited,0,0,0.0
3088,623.8915981132687,180.0,Attached,1,0,173.01999999998762
3089,1800.0,141.32946389035018,Exited,0,0,0.0
3090,1800.0,121.95564899371608,Exited,0,0,0.0
3091,1800.0,102.46627616312084,Exited,0,0,0.0
3092,1800.0,94.6327554173178,Exited,0,0,0.0
3093,1800.0,138.52908586487675,Exited,0,0,0.0
3094,1800.0,104.1862807126741,Exited,0,0,0.0
3095,1800.0,111.91065651350341,Exited,0,0,0.0
3096,1037.8172207962177,0.0,Shed,1,0,52.32999999999816
3097,559.4614410126749,180.0,Attached,2,1,170.9599999999895
3098,1800.0,103.990753103348,Exited,0,0,0.0
3099,1800.0,100.45842065688788,Exited,0,0,0.0
3100,1800.0,21.37461061406165,Exited,0,0,0.0
3101,1800.0,125.95281078284931,Exited,0,0,0.0
3102,1800.0,135.2699838530815,Exited,0,0,0.0
3103,1800.0,142.68300868624453,Exited,0,0,0.0
3104,1800.0,136.29528579165694,Exited,0,0,0.0
3105,1800.0,73.12475166429994,Exited,0,0,0.0
3106,1800.0,128.35795061872696,Exited,0,0,0.0
3107,1800.0,1.2912483308157672,Exited,0,0,0.0
3108,1800.0,116.82349264356237,Exited,0,0,0.0
3109,1800.0,89.22599657089027,Exited,0,0,0.0
3110,1800.0,154.41092573026978,Exited,0,0,0.0
3111,1800.0,141.87064242250173,Exited,0,0,0.0
3112,1800.0,42.80205084549082,Exited,0,0,0.0
3113,1800.0,123.31996855549903,Exited,0,0,0.0
3114,1800.0,56.31090331590536,Exited,0,0,0.0
3115,239.53588715450357,0.0,Shed,1,0,68.25999999999802
3116,388.67361815284175,0.0,Shed,1,0,20.22000000000036
3117,1800.0,19.537975805398776,Exited,0,0,0.0
3118,1800.0,70.14935730731716,Exited,0,0,0.0
3119,352.1366722180057,180.0,Attached,1,0,174.53999999998624
3120,1800.0,51.51390068864418,Exited,1,1,89.5400000000089
3121,1800.0,99.11465741850621,Exited,0,0,0.0
3122,1800.0,64.89084798313434,Exited,0,0,0.0
3123,1800.0,42.1544352729632,Exited,0,0,0.0
3124,1800.0,171.00147888377143,Exited,0,0,0.0
3125,1800.0,144.3030959332393,Exited,1,1,65.6799999999967
3126,1800.0,91.68033142401667,Exited,0,0,0.0
3127,1800.0,73.28360344377502,Exited,0,0,0.0
3128,1800.0,99.94842034322241,Exited,0,0,0.0
3129,1800.0,133.39783922386906,Exited,0,0,0.0
3130,1800.0,136.00601297091438,Exited,1,1,126.93000000002803
3131,1800.0,76.22810527558381,Exited,0,0,0.0
3132,1800.0,67.03160869954358,Exited,0,0,0.0
3133,1800.0,95.41902086401893,Exited,0,0,0.0
3134,1800.0,74.62535773498317,Exited,0,0,0.0
3135,1800.0,12.005222983531434,Exited,0,0,0.0
3136,1800.0,99.6285361155881,Exited,0,0,0.0
3137,1800.0,112.87660704502541,Exited,1,1,147.320000000011
3138,1800.0,76.28091185807736,Exited,0,0,0.0
3139,1800.0,98.89231360024971,Exited,1,1,44.559999999999704
3140,1800.0,102.34474603277742,Exited,2,2,122.48000000002575
3141,1800.0,158.1844163920254,Exited,0,0,0.0
3142,1800.0,117.40842155114012,Exited,0,0,0.0
3143,1800.0,164.78627969150975,Exited,0,0,0.0
3144,1800.0,87.26470424262094,Exited,0,0,0.0
3145,1800.0,110.66116626588331,Exited,0,0,0.0
3146,1800.0,154.95642840759479,Exited,0,0,0.0
3147,1800.0,14.774819168555553,Exited,0,0,0.0
3148,1800.0,128.6865381928675,Exited,0,0,0.0
3149,1800.0,96.90905921975043,Exited,0,0,0.0
3150,1800.0,58.924607572038596,Exited,0,0,0.0
3151,1757.4440954378672,180.0,Attached,1,0,148.39000000001002
3152,1800.0,91.03114663761407,Exited,0,0,0.0
3153,1800.0,113.26050742092382,Exited,0,0,0.0
3154,1800.0,42.53995524056826,Exited,0,0,0.0
3155,1800.0,14.863039977299458,Exited,0,0,0.0
3156,1800.0,15.577206965383535,Exited,1,1,6.519999999999905
3157,1800.0,18.609188007574836,Exited,0,0,0.0
3158,1800.0,108.00739892269813,Exited,0,0,0.0
3159,1800.0,72.72467667578262,Exited,0,0,0.0
3160,275.7867651962964,0.0,Attached,1,0,176.31999999998462
3161,1800.0,163.9104286860163,Exited,0,0,0.0
3162,1800.0,49.66998522071348,Exited,0,0,0.0
3163,1800.0,155.19971717727267,Exited,0,0,0.0
3164,1800.0,57.058957053744386,Exited,0,0,0.0
3165,1800.0,119.14000752837039,Exited,0,0,0.0
3166,1800.0,46.366752987340874,Exited,0,0,0.0
3167,1800.0,102.676751966409,Exited,0,0,0.0
3168,1800.0,24.56103719668682,Exited,0,0,0.0
3169,1800.0,101.45592347713132,Exited,1,1,21.63000000000058
3170,1800.0,15.0393459698683,Exited,0,0,0.0
3171,1800.0,37.6382231627984,Exited,0,0,0.0
3172,613.2064621379117,126.43688850823271,Free,1,1,169.87999999999047
3173,1800.0,52.155951226218875,Exited,0,0,0.0
3174,1800.0,151.36210864984284,Exited,0,0,0.0
3175,418.0722592946852,180.0,Attached,1,0,172.0499999999885
3176,1800.0,82.16317360471922,Exited,0,0,0.0
3177,1800.0,149.0699408278741,Exited,0,0,0.0
3178,1800.0,53.77676145338821,Exited,0,0,0.0
3179,1800.0,24.48443923073264,Exited,0,0,0.0
3180,1800.0,170.72508581577128,Exited,0,0,0.0
3181,1800.0,121.26533275558809,Exited,0,0,0.0
3182,1263.5460861625647,0.0,Shed,2,1,69.16999999999848
3183,1800.0,108.03577923925029,Exited,0,0,0.0
3184,1800.0,176.91811624561043,Exited,1,1,58.71999999999689
3185,1188.7381487552818,180.0,Attached,1,0,162.709999999997
3186,1800.0,86.63251030580844,Exited,0,0,0.0
3187,1800.0,83.12628608091647,Exited,0,0,0.0
3188,1800.0,100.59574434686455,Exited,0,0,0.0
3189,1800.0,106.59476308358029,Exited,0,0,0.0
3190,1800.0,96.25291867659037,Exited,0,0,0.0
3191,1800.0,68.7733878016362,Exited,0,0,0.0
3192,1645.4112793214179,180.0,Attached,2,1,158.13000000000116
3193,1800.0,100.68042265098545,Exited,0,0,0.0
3194,1800.0,67.16992884928786,Exited,1,1,80.17000000000411
3195,1800.0,101.28301291091407,Exited,0,0,0.0
3196,1800.0,158.2792071589746,Exited,0,0,0.0
3197,1800.0,58.284097456470825,Exited,0,0,0.0
3198,1800.0,121.17625166875415,Exited,0,0,0.0
3199,1800.0,11.071668145671936,Exited,0,0,0.0
3200,1800.0,93.32188837818063,Exited,0,0,0.0
3201,1800.0,118.90582461812737,Exited,1,1,103.63000000001611
3202,1800.0,77.56070740423336,Exited,0,0,0.0
3203,1800.0,89.13389037951556,Exited,0,0,0.0
3204,1144.9698174743364,180.0,Attached,2,1,169.25999999999104
3205,1800.0,109.30913276493226,Exited,0,0,0.0
3206,1800.0,51.19550723245694,Exited,0,0,0.0
3207,1800.0,37.31771134371771,Exited,0,0,0.0
3208,1800.0,85.35857339753737,Exited,0,0,0.0
3209,1393.3504614623182,180.0,Attached,2,1,155.93000000000316
3210,196.64007791292588,180.0,Shed,1,0,27.780000000001543
3211,1800.0,83.81806619545593,Exited,0,0,0.0
3212,1800.0,61.03857180785171,Exited,0,0,0.0
3213,1800.0,117.34754795430194,Exited,0,0,0.0
3214,1800.0,54.1258926882582,Exited,1,1,59.679999999996696
3215,1800.0,17.44080598579847,Exited,0,0,0.0
3216,1800.0,121.23638606561248,Exited,0,0,0.0
3217,1800.0,149.61429828777207,Exited,0,0,0.0
3218,1800.0,111.06110077705608,Exited,0,0,0.0
3219,1800.0,14.548447158303233,Exited,0,0,0.0
3220,1800.0,133.0208577922651,Exited,0,0,0.0
3221,1800.0,157.9609877786786,Exited,0,0,0.0
3222,1800.0,134.11498052054475,Exited,0,0,0.0
3223,1800.0,50.8854159028499,Exited,0,0,0.0
3224,1800.0,101.76503498881137,Exited,0,0,0.0
3225,1800.0,151.7568514039266,Exited,0,0,0.0
3226,1800.0,18.27492118164165,Exited,1,1,23.29000000000084
3227,1800.0,77.62713366504597,Exited,0,0,0.0
3228,1800.0,87.91223786994269,Exited,0,0,0.0
3229,1800.0,50.46642194606449,Exited,0,0,0.0
3230,1800.0,71.26402363017617,Exited,0,0,0.0
3231,1800.0,164.19001917326028,Exited,0,0,0.0
3232,1800.0,90.15999675059251,Exited,0,0,0.0
3233,1800.0,77.2639873435688,Exited,0,0,0.0
3234,1800.0,84.65213231677576,Exited,0,0,0.0
3235,1800.0,93.6925076475646,Exited,0,0,0.0
3236,1800.0,121.61399292011687,Exited,0,0,0.0
3237,1800.0,86.81910881570124,Exited,0,0,0.0
3238,1800.0,116.39920217143826,Exited,0,0,0.0
3239,1800.0,96.51676932756057,Exited,0,0,0.0
3240,1800.0,86.84765753705149,Exited,0,0,0.0
3241,1800.0,69.67406952128825,Exited,0,0,0.0
3242,1800.0,49.87162720932757,Exited,0,0,0.0
3243,1800.0,66.17504515386317,Exited,0,0,0.0
3244,1800.0,134.73148035646696,Exited,1,1,24.220000000000987
3245,1800.0,56.954681550977256,Exited,0,0,0.0
3246,1800.0,51.87940222474907,Exited,0,0,0.0
3247,1800.0,68.05836722904144,Exited,0,0,0.0
3248,1800.0,26.52449822496201,Exited,0,0,0.0
3249,344.6375891243396,0.0,Shed,1,0,4.519999999999948
3250,1800.0,155.15140059369625,Exited,0,0,0.0
3251,1800.0,102.25769791802912,Exited,0,0,0.0
3252,1800.0,133.2105368424586,Exited,0,0,0.0
3253,1800.0,103.83091647771822,Exited,0,0,0.0
3254,1800.0,65.20018168363045,Exited,0,0,0.0
3255,1800.0,73.09463738446655,Exited,0,0,0.0
3256,1310.648582708004,0.0,Shed,1,0,153.4700000000054
3257,1800.0,18.277829143555767,Exited,0,0,0.0
3258,1800.0,92.80060705614979,Exited,0,0,0.0
3259,1800.0,140.99168615289312,Exited,0,0,0.0
3260,1800.0,72.0127158179627,Exited,0,0,0.0
3261,1800.0,90.06163516173726,Exited,0,0,0.0
3262,235.38919317193745,0.0,Shed,1,0,97.70000000001308
3263,1800.0,150.19229212887572,Exited,0,0,0.0
3264,1800.0,98.62814511156915,Exited,0,0,0.0
3265,1800.0,101.69186658936096,Exited,0,0,0.0
3266,1800.0,24.34329525654819,Exited,1,1,94.33000000001135
3267,1800.0,25.735147832985547,Exited,0,0,0.0
3268,1800.0,65.67127841645645,Exited,0,0,0.0
3269,1800.0,172.930544088156,Exited,1,1,31.970000000002198
3270,1800.0,60.187537883385446,Exited,1,1,92.42000000001038
3271,1800.0,150.2236380232459,Exited,0,0,0.0
3272,1800.0,96.04253689540226,Exited,0,0,0.0
3273,1800.0,65.58186380164345,Exited,1,1,47.50999999999912
3274,1800.0,64.7770717315428,Exited,0,0,0.0
3275,1800.0,89.86604322176535,Exited,0,0,0.0
3276,1800.0,28.093274330985505,Exited,0,0,0.0
3277,1800.0,76.62031760090778,Exited,1,1,114.05000000002144
3278,464.321115907017,180.0,Attached,1,0,174.30999999998645
3279,1800.0,124.3783451278795,Exited,0,0,0.0
3280,1767.2186420574722,180.0,Attached,1,0,154.3500000000046
3281,1800.0,77.14993554310827,Exited,1,1,60.79999999999647
3282,1800.0,62.21256841521011,Exited,0,0,0.0
3283,1800.0,85.77473507775046,Exited,0,0,0.0
3284,1800.0,141.13341355870952,Exited,0,0,0.0
3285,1800.0,75.1117282673985,Exited,0,0,0.0
3286,1800.0,4.12690346280127,Exited,0,0,0.0
3287,511.8505882588625,180.0,Shed,1,0,6.729999999999901
3288,1800.0,16.780857284820762,Exited,2,2,55.769999999997474
3289,1800.0,9.450125739039935,Exited,0,0,0.0
3290,1800.0,93.29127696009624,Exited,0,0,0.0
3291,1800.0,74.56830784452339,Exited,0,0,0.0
3292,1601.1478077195188,180.0,Attached,1,0,157.38000000000184
3293,1191.7571773248467,0.0,Attached,1,0,170.5199999999899
3294,1800.0,153.69209599292552,Exited,0,0,0.0
3295,1800.0,24.447685275725892,Exited,0,0,0.0
3296,1800.0,136.86664130800426,Exited,0,0,0.0
3297,1800.0,156.0963096090159,Exited,0,0,0.0
3298,174.62253159366261,180.0,Shed,1,0,113.35000000002108
3299,1800.0,110.80602781596035,Exited,0,0,0.0
3300,1800.0,18.558923115732973,Exited,1,1,82.81000000000546
3301,1800.0,116.6754911653998,Exited,0,0,0.0
3302,1800.0,71.21705826429961,Exited,0,0,0.0
3303,1800.0,68.46174186770753,Exited,0,0,0.0
3304,1800.0,133.09691748677704,Exited,0,0,0.0
3305,1800.0,78.86565336966025,Exited,0,0,0.0
3306,1800.0,87.34115191087312,Exited,0,0,0.0
3307,1800.0,80.04714631466896,Exited,0,0,0.0
3308,1800.0,106.68526455717964,Exited,0,0,0.0
3309,1800.0,146.36198078019254,Exited,0,0,0.0
3310,1800.0,59.73131873093201,Exited,0,0,0.0
3311,1800.0,102.5236506666766,Exited,0,0,0.0
3312,1800.0,75.48025148296215,Exited,0,0,0.0
3313,1800.0,129.51506001499487,Exited,0,0,0.0
3314,932.6620663672452,180.0,Attached,2,1,172.08999999998846
3315,1800.0,57.33837066111337,Exited,0,0,0.0
3316,1800.0,92.51983863990434,Exited,0,0,0.0
3317,1800.0,56.10021522517044,Exited,0,0,0.0
3318,1800.0,167.51860251309893,Exited,0,0,0.0
3319,1800.0,113.08033570454668,Exited,0,0,0.0
3320,1800.0,168.03522360881516,Exited,0,0,0.0
3321,1800.0,46.56475831056158,Exited,0,0,0.0
3322,1800.0,101.42562328698767,Exited,0,0,0.0
3323,1800.0,95.31154774506986,Exited,0,0,0.0
3324,1800.0,67.0494695348415,Exited,0,0,0.0
3325,1800.0,135.26441095230393,Exited,0,0,0.0
3326,1800.0,56.303783261874884,Exited,0,0,0.0
3327,1800.0,100.8808050065667,Exited,0,0,0.0
3328,925.9865638581072,180.0,Attached,1,0,162.19999999999746
3329,1800.0,79.7263944957735,Exited,0,0,0.0
3330,383.92095979021286,180.0,Attached,2,1,174.17999999998656
3331,1800.0,97.24018425861469,Exited,0,0,0.0
3332,1800.0,159.57512902275764,Exited,1,1,34.73000000000166
3333,1800.0,118.2975740309205,Exited,0,0,0.0
3334,1800.0,107.42399585642175,Exited,0,0,0.0
3335,1800.0,51.13523145134309,Exited,0,0,0.0
3336,1800.0,102.56562520768576,Exited,0,0,0.0
3337,1800.0,114.61781950661975,Exited,0,0,0.0
3338,1800.0,146.85987745371398,Exited,0,0,0.0
3339,1800.0,14.495953590555711,Exited,0,0,0.0
3340,1800.0,116.83932273002601,Exited,0,0,0.0
3341,1800.0,25.925779239745967,Exited,0,0,0.0
3342,1800.0,90.88862860211647,Exited,0,0,0.0
3343,1800.0,129.68026752998315,Exited,0,0,0.0
3344,1800.0,119.86094927124148,Exited,0,0,0.0
3345,1800.0,61.30470606676884,Exited,0,0,0.0
3346,1800.0,148.4994276563508,Exited,0,0,0.0
3347,1800.0,128.97977776174343,Exited,0,0,0.0
3348,1800.0,65.13843081221408,Exited,0,0,0.0
3349,1800.0,81.95826361257716,Exited,0,0,0.0
3350,1800.0,78.32171439708287,Exited,0,0,0.0
3351,1800.0,104.80092944213634,Exited,0,0,0.0
3352,241.48630861547855,180.0,Attached,1,0,174.30999999998645
3353,1800.0,20.600435434222316,Exited,0,0,0.0
3354,1800.0,102.39727752300736,Exited,0,0,0.0
3355,1800.0,39.87073596527786,Exited,0,0,0.0
3356,1800.0,107.41149822733786,Exited,0,0,0.0
3357,1800.0,82.65505066409288,Exited,0,0,0.0
3358,1572.100229848054,4.904905380804072,Free,1,1,160.77999999999875
3359,1800.0,96.50064764040154,Exited,0,0,0.0
3360,1800.0,145.72715675549165,Exited,0,0,0.0
3361,1800.0,116.90545797818103,Exited,0,0,0.0
3362,1800.0,162.80053312617548,Exited,0,0,0.0
3363,1800.0,133.2980100934092,Exited,0,0,0.0
3364,1800.0,88.87240248594416,Exited,0,0,0.0
3365,1800.0,101.17972794068707,Exited,0,0,0.0
3366,1800.0,112.10889153101891,Exited,0,0,0.0
3367,1800.0,29.944621691813158,Exited,1,1,75.13000000000153
3368,1800.0,71.36756877740179,Exited,0,0,0.0
3369,1800.0,163.94955375439233,Exited,0,0,0.0
3370,1800.0,28.34338859631122,Exited,0,0,0.0
3371,1800.0,146.0386651031275,Exited,0,0,0.0
3372,1503.3783017847288,0.0,Attached,1,0,160.65999999999886
3373,1800.0,51.62523974349312,Exited,0,0,0.0
3374,1800.0,104.59990104024851,Exited,0,0,0.0
3375,1800.0,81.07534853505936,Exited,0,0,0.0
3376,1800.0,96.383144596914,Exited,0,0,0.0
3377,1800.0,37.1282282718026,Exited,0,0,0.0
3378,1800.0,107.43740481452048,Exited,1,1,97.560000000013
3379,1800.0,16.172083057950655,Exited,0,0,0.0
3380,1800.0,152.59355492271902,Exited,0,0,0.0
3381,1800.0,117.31643915540874,Exited,0,0,0.0
3382,1800.0,50.098186953301365,Exited,0,0,0.0
3383,1800.0,123.2279478348628,Exited,0,0,0.0
3384,1800.0,90.99375053528932,Exited,0,0,0.0
3385,1800.0,0.5706176394084617,Exited,0,0,0.0
3386,1800.0,89.74499045186161,Exited,0,0,0.0
3387,1800.0,107.68373141116426,Exited,0,0,0.0
3388,1800.0,83.30328464566975,Exited,0,0,0.0
3389,1800.0,42.32653014127994,Exited,0,0,0.0
3390,1800.0,46.02298993926806,Exited,0,0,0.0
3391,1800.0,29.70251456588508,Exited,0,0,0.0
3392,1800.0,57.31503280452359,Exited,2,2,78.3900000000032
3393,1800.0,64.39766722940297,Exited,0,0,0.0
3394,257.7177968221849,180.0,Attached,1,0,176.60999999998435
3395,1800.0,87.75093005540897,Exited,0,0,0.0
3396,1800.0,118.54688567475573,Exited,0,0,0.0
3397,1800.0,107.59625903651998,Exited,0,0,0.0
3398,1800.0,39.02624458624965,Exited,1,1,56.92999999999724
3399,1800.0,120.13076504844705,Exited,0,0,0.0
3400,1800.0,100.6521899466071,Exited,0,0,0.0
3401,553.1258241127041,0.0,Shed,1,0,36.23000000000136
3402,1800.0,78.49331431740356,Exited,0,0,0.0
3403,1800.0,135.36018876286792,Exited,0,0,0.0
3404,1800.0,27.741442255430655,Exited,0,0,0.0
3405,1800.0,111.06421799291363,Exited,0,0,0.0
3406,1800.0,59.582407736881585,Exited,0,0,0.0
3407,1138.0246753268414,180.0,Attached,1,0,161.42999999999816
3408,269.70625659872866,0.0,Shed,1,0,51.27999999999837
3409,1800.0,122.65412322222453,Exited,0,0,0.0
3410,1669.018204430782,180.0,Attached,1,0,166.27999999999375
3411,1800.0,54.23191997198073,Exited,0,0,0.0
3412,1800.0,103.99956968907166,Exited,0,0,0.0
3413,1551.4385912340308,180.0,Attached,2,1,162.85999999999686
3414,1800.0,176.95572471362772,Exited,0,0,0.0
3415,1800.0,133.57425821476997,Exited,0,0,0.0
3416,1800.0,120.75813725878672,Exited,0,0,0.0
3417,1595.3577652552165,0.0,Attached,1,0,163.16999999999658
3418,1800.0,46.70159070947077,Exited,0,0,0.0
3419,1800.0,75.02994521192686,Exited,0,0,0.0
3420,1800.0,141.99913741072135,Exited,1,1,56.369999999997354
3421,1800.0,65.18672964698102,Exited,1,1,93.94000000001115
3422,1800.0,105.68830425425624,Exited,0,0,0.0
3423,1800.0,95.55636060981494,Exited,0,0,0.0
3424,1800.0,31.758615460202382,Exited,0,0,0.0
3425,1800.0,136.2712955996588,Exited,0,0,0.0
3426,1800.0,110.09645890397628,Exited,0,0,0.0
3427,1800.0,85.4272064503361,Exited,0,0,0.0
3428,1800.0,81.06504015083249,Exited,0,0,0.0
3429,1800.0,105.75751708875674,Exited,0,0,0.0
3430,1800.0,39.83794585341915,Exited,0,0,0.0
3431,1800.0,65.97127196324351,Exited,0,0,0.0
3432,1353.411895230539,180.0,Attached,2,1,143.52000000001445
3433,1800.0,137.90917458806032,Exited,0,0,0.0
3434,1800.0,82.41974217871899,Exited,0,0,0.0
3435,1800.0,53.13507087806356,Exited,0,0,0.0
3436,1800.0,50.171328622129735,Exited,0,0,0.0
3437,1800.0,105.16454113783709,Exited,0,0,0.0
3438,1800.0,144.16552678478934,Exited,0,0,0.0
3439,1800.0,96.16698071912518,Exited,0,0,0.0
3440,1238.0905057541001,0.0,Attached,1,0,166.48999999999356
3441,1800.0,44.653920848076574,Exited,0,0,0.0
3442,1800.0,113.76757827976756,Exited,0,0,0.0
3443,1800.0,138.92088495327945,Exited,0,0,0.0
3444,1800.0,133.518558227964,Exited,0,0,0.0
3445,616.8243039352752,0.0,Attached,1,0,166.4399999999936
3446,1800.0,171.3552517514543,Exited,1,1,99.73000000001412
3447,1800.0,165.48436792349202,Exited,0,0,0.0
3448,283.59642128758065,0.0,Attached,1,0,178.18999999998292
3449,1800.0,114.09903767655697,Exited,0,0,0.0
3450,1800.0,88.15656945893596,Exited,0,0,0.0
3451,1800.0,43.22932805618739,Exited,0,0,0.0
3452,1800.0,134.14257246714314,Exited,0,0,0.0
3453,1800.0,70.00989626174334,Exited,0,0,0.0
3454,1228.4659447856175,0.0,Attached,1,0,159.35000000000005
3455,1800.0,113.40181348783234,Exited,0,0,0.0
3456,1800.0,139.33579806637164,Exited,0,0,0.0
3457,1800.0,127.30964339055038,Exited,0,0,0.0
3458,1800.0,139.53344974397626,Exited,0,0,0.0
3459,1751.3013427579167,180.0,Shed,2,1,99.65000000001407
3460,1800.0,14.446401571636239,Exited,0,0,0.0
3461,1800.0,47.46904873289869,Exited,0,0,0.0
3462,1800.0,89.73623522527488,Exited,0,0,0.0
3463,1800.0,92.42565292638876,Exited,0,0,0.0
3464,1800.0,66.55798579995077,Exited,0,0,0.0
3465,416.1636686745723,0.0,Shed,1,0,115.78000000002233
3466,1800.0,98.95499473290705,Exited,0,0,0.0
3467,1800.0,87.07069405126352,Exited,0,0,0.0
3468,1800.0,69.90383469903823,Exited,1,1,104.9900000000168
3469,1800.0,123.21774663080707,Exited,0,0,0.0
3470,1800.0,45.54168069772129,Exited,0,0,0.0
3471,360.81131673295835,8.780324415479445,Free,1,1,167.46999999999267
3472,1800.0,57.200615290115074,Exited,0,0,0.0
3473,1800.0,135.229673984961,Exited,0,0,0.0
3474,1800.0,42.87725319608458,Exited,2,2,99.17000000001383
3475,1800.0,17.730667696679827,Exited,1,1,46.63999999999929
3476,1800.0,93.92442410253663,Exited,0,0,0.0
3477,1800.0,83.1687351587221,Exited,0,0,0.0
3478,1800.0,129.25024800107622,Exited,0,0,0.0
3479,990.2320086082823,0.0,Attached,1,0,168.45999999999177
3480,1800.0,58.49294961397995,Exited,0,0,0.0
3481,1800.0,35.0378654976109,Exited,0,0,0.0
3482,1800.0,63.32975475117744,Exited,0,0,0.0
3483,1800.0,59.373812413278074,Exited,0,0,0.0
3484,1800.0,131.34972663579092,Exited,0,0,0.0
3485,1800.0,165.46977163763373,Exited,0,0,0.0
3486,1800.0,13.377181970337421,Exited,0,0,0.0
3487,1800.0,100.39729339338388,Exited,1,1,100.16000000001434
3488,1800.0,128.01474633949357,Exited,0,0,0.0
3489,1800.0,114.8398211667373,Exited,2,2,152.53000000000625
3490,986.5371757796297,0.0,Attached,1,0,161.68999999999792
3491,721.8929115313501,0.0,Attached,1,0,168.3099999999919
3492,1800.0,139.5743355860118,Exited,0,0,0.0
3493,483.2585154576948,0.0,Attached,3,2,171.36999999998912
3494,489.92200347605007,180.0,Shed,2,1,38.5300000000009
3495,1800.0,122.9698293310493,Exited,0,0,0.0
3496,324.1361876819839,180.0,Shed,1,0,123.67000000002636
3497,1800.0,41.91567231643516,Exited,0,0,0.0
3498,224.71046635487778,0.0,Shed,1,0,46.04999999999941
3499,1800.0,35.586318821833345,Exited,0,0,0.0
3500,1800.0,86.35625167128053,Exited,0,0,0.0
3501,1800.0,119.36857921105187,Exited,0,0,0.0
3502,1800.0,24.13363344679528,Exited,0,0,0.0
3503,1800.0,95.90327013239265,Exited,0,0,0.0
3504,1800.0,129.62401450188278,Exited,0,0,0.0
3505,287.9570576725142,180.0,Attached,1,0,177.2299999999838
3506,1800.0,71.91584118118598,Exited,0,0,0.0
3507,1800.0,101.60884268393592,Exited,0,0,0.0
3508,1800.0,75.99765345029023,Exited,0,0,0.0
3509,1800.0,60.763243782028724,Exited,0,0,0.0
3510,1800.0,106.17705130009264,Exited,0,0,0.0
3511,1800.0,140.20674406025503,Exited,0,0,0.0
3512,1800.0,146.97199698478616,Exited,0,0,0.0
3513,1800.0,55.213204758226205,Exited,0,0,0.0
3514,1800.0,121.10855569753018,Exited,0,0,0.0
3515,1800.0,83.7387516412185,Exited,1,1,79.07000000000355
3516,361.5378855651786,0.0,Attached,1,0,170.89999999998955
3517,1800.0,146.7405835710134,Exited,0,0,0.0
3518,1800.0,135.5652327092086,Exited,0,0,0.0
3519,1800.0,65.89880135334539,Exited,0,0,0.0
3520,1800.0,74.13606987934281,Exited,0,0,0.0
3521,1800.0,66.83241744169644,Exited,0,0,0.0
3522,1800.0,86.45419430598861,Exited,0,0,0.0
3523,1800.0,141.73320861872804,Exited,0,0,0.0
3524,1800.0,87.70133036610137,Exited,0,0,0.0
3525,1800.0,58.91979417679345,Exited,0,0,0.0
3526,1800.0,122.93383079976611,Exited,0,0,0.0
3527,1800.0,38.58220413270865,Exited,0,0,0.0
3528,1800.0,129.38367034457414,Exited,0,0,0.0
3529,1800.0,44.927647145692845,Exited,0,0,0.0
3530,1800.0,53.16391331195183,Exited,0,0,0.0
3531,1800.0,34.981748881548675,Exited,0,0,0.0
3532,1800.0,119.37277146781557,Exited,0,0,0.0
3533,1800.0,118.76958505340001,Exited,0,0,0.0
3534,1800.0,154.0709244634214,Exited,0,0,0.0
3535,1800.0,92.80015657477134,Exited,0,0,0.0
3536,1800.0,127.30881342250684,Exited,0,0,0.0
3537,1800.0,39.402237131687635,Exited,0,0,0.0
3538,1800.0,70.40422989648931,Exited,0,0,0.0
3539,1800.0,65.99265046903666,Exited,0,0,0.0
3540,1800.0,114.55530619025478,Exited,0,0,0.0
3541,1800.0,131.8729936031013,Exited,0,0,0.0
3542,1800.0,80.8062172836047,Exited,0,0,0.0
3543,1800.0,98.01245144102224,Exited,0,0,0.0
3544,1800.0,141.90399635590148,Exited,0,0,0.0
3545,1800.0,77.0357169512566,Exited,0,0,0.0
3546,1800.0,110.58783517374671,Exited,0,0,0.0
3547,1800.0,63.57860497548729,Exited,0,0,0.0
3548,1800.0,153.3438195101077,Exited,0,0,0.0
3549,1784.1432173246644,0.0,Shed,1,0,20.65000000000043
3550,1800.0,81.6537179824956,Exited,0,0,0.0
3551,1800.0,92.00146391388063,Exited,0,0,0.0
3552,1800.0,22.9536347369733,Exited,1,1,66.61999999999718
3553,1052.128927299383,0.0,Attached,1,0,169.86999999999048
3554,1800.0,42.21863376567836,Exited,0,0,0.0
3555,1800.0,75.51084844888162,Exited,0,0,0.0
3556,1800.0,101.09901919203863,Exited,0,0,0.0
3557,1800.0,142.84754333021394,Exited,0,0,0.0
3558,1800.0,29.785965769817096,Exited,0,0,0.0
3559,661.7468140172986,20.831164347308555,Free,1,1,168.02999999999216
3560,1800.0,136.20273149279393,Exited,0,0,0.0
3561,1800.0,119.02868670454507,Exited,0,0,0.0
3562,1800.0,33.79961008215453,Exited,0,0,0.0
3563,1800.0,16.549986559975842,Exited,0,0,0.0
3564,1800.0,92.65520712224362,Exited,1,1,58.419999999996946
3565,1800.0,92.53282816634902,Exited,0,0,0.0
3566,1800.0,39.22346062418913,Exited,0,0,0.0
3567,1800.0,78.2594519975596,Exited,0,0,0.0
3568,1800.0,69.71432251393809,Exited,0,0,0.0
3569,224.31760371254964,0.0,Attached,2,1,175.95999999998494
3570,1800.0,112.90529050830779,Exited,0,0,0.0
3571,1800.0,130.679844207521,Exited,0,0,0.0
3572,1800.0,69.76385396843183,Exited,0,0,0.0
3573,1800.0,128.29745931890713,Exited,0,0,0.0
3574,1800.0,71.58001000611804,Exited,0,0,0.0
3575,684.3410127195045,0.0,Attached,1,0,171.73999999998878
3576,1800.0,41.30555152032928,Exited,0,0,0.0
3577,1800.0,88.73897553704268,Exited,0,0,0.0
3578,1800.0,144.1921710154644,Exited,1,1,53.859999999997854
3579,1800.0,143.7078926798675,Exited,0,0,0.0
3580,1800.0,87.97131552122389,Exited,0,0,0.0
3581,1800.0,113.3462236776692,Exited,0,0,0.0
3582,1800.0,96.70534147078531,Exited,0,0,0.0
3583,1435.5483529871267,180.0,Shed,1,0,73.39000000000064
3584,1800.0,54.12406739841399,Exited,1,1,91.06000000000968
3585,1800.0,128.2617212246538,Exited,0,0,0.0
3586,1800.0,140.3744458453762,Exited,0,0,0.0
3587,1800.0,51.19165504979039,Exited,1,1,55.1399999999976
3588,1800.0,125.27290668067482,Exited,0,0,0.0
3589,1800.0,141.0104595210623,Exited,0,0,0.0
3590,1800.0,122.2540862424558,Exited,0,0,0.0
3591,1800.0,144.5249515589659,Exited,0,0,0.0
3592,1800.0,111.50941206690435,Exited,0,0,0.0
3593,1800.0,75.37119109062026,Exited,0,0,0.0
3594,1800.0,40.75336916925964,Exited,0,0,0.0
3595,1800.0,96.8142613846793,Exited,0,0,0.0
3596,1800.0,66.95773587906488,Exited,0,0,0.0
3597,1800.0,125.71230137103655,Exited,0,0,0.0
3598,170.82110224982736,180.0,Attached,1,0,179.91999999998134
3599,1800.0,110.74539939215839,Exited,0,0,0.0
3600,1800.0,53.39870903477716,Exited,0,0,0.0
3601,1800.0,17.8909245947758,Exited,0,0,0.0
3602,1800.0,123.79054371552539,Exited,0,0,0.0
3603,840.2186746799096,0.0,Attached,1,0,169.4199999999909
3604,1800.0,138.03156211970895,Exited,0,0,0.0
3605,1758.1654173179982,180.0,Attached,1,0,152.99000000000584
3606,1800.0,58.25563560089592,Exited,0,0,0.0
3607,1800.0,156.63574583404682,Exited,0,0,0.0
3608,1800.0,157.84138331974938,Exited,0,0,0.0
3609,1800.0,43.73393332030465,Exited,0,0,0.0
3610,359.61227733759455,35.74780258126717,Free,1,1,174.19999999998655
3611,1800.0,51.65604426316597,Exited,1,1,20.85000000000046
3612,1800.0,84.75589433059565,Exited,1,1,142.34000000001552
3613,1800.0,122.03699304720871,Exited,0,0,0.0
3614,1800.0,114.20350908575605,Exited,0,0,0.0
3615,1800.0,62.74957595861131,Exited,0,0,0.0
3616,1041.8855075364631,38.37859962894793,Free,1,1,157.28000000000193
3617,1800.0,102.99419506088145,Exited,0,0,0.0
3618,1800.0,142.6469419372842,Exited,0,0,0.0
3619,1800.0,56.549782680547935,Exited,0,0,0.0
3620,1800.0,48.217218183095014,Exited,0,0,0.0
3621,1800.0,76.52135821119732,Exited,0,0,0.0
3622,1800.0,166.88671353407233,Exited,0,0,0.0
3623,280.0696279615675,180.0,Attached,1,0,177.94999999998313
3624,1800.0,76.92799126227051,Exited,0,0,0.0
3625,274.87642516489876,0.0,Shed,1,0,4.819999999999942
3626,1800.0,48.46238087265416,Exited,0,0,0.0
3627,1800.0,20.10114907894976,Exited,0,0,0.0
3628,1800.0,92.33183047305015,Exited,0,0,0.0
3629,1800.0,19.354730113289424,Exited,0,0,0.0
3630,506.0593848525321,180.0,Attached,2,1,167.26999999999285
3631,1800.0,152.01944865478487,Exited,0,0,0.0
3632,1800.0,138.98679143665922,Exited,0,0,0.0
3633,311.6873853541626,180.0,Attached,1,0,177.2199999999838
3634,783.6943708873222,180.0,Attached,2,1,166.26999999999376
3635,865.504643985523,0.0,Attached,1,0,166.45999999999358
3636,1800.0,129.66820670802738,Exited,0,0,0.0
3637,1800.0,131.3729573211982,Exited,1,1,46.67999999999928
3638,1800.0,41.82074174191208,Exited,0,0,0.0
3639,1800.0,149.90381958755341,Exited,0,0,0.0
3640,1800.0,96.65067609109151,Exited,0,0,0.0
3641,1800.0,124.21754071751371,Exited,0,0,0.0
3642,1676.275970176702,180.0,Attached,1,0,150.90000000000774
3643,1800.0,133.495874138874,Exited,0,0,0.0
3644,1800.0,85.79960076120294,Exited,0,0,0.0
3645,1800.0,58.958919620865494,Exited,1,1,110.59000000001967
3646,1800.0,18.9007216663959,Exited,0,0,0.0
3647,1800.0,72.9270581182709,Exited,0,0,0.0
3648,1800.0,40.861003392009145,Exited,0,0,0.0
3649,1800.0,80.6551532924984,Exited,0,0,0.0
3650,1800.0,99.18867251297029,Exited,0,0,0.0
3651,1800.0,118.08965478797859,Exited,0,0,0.0
3652,1800.0,108.78245562306951,Exited,0,0,0.0
3653,1800.0,17.946210288224265,Exited,0,0,0.0
3654,1800.0,106.95562010650215,Exited,0,0,0.0
3655,1800.0,48.7635476110657,Exited,0,0,0.0
3656,1800.0,64.68140555752092,Exited,0,0,0.0
3657,1800.0,55.92476875842209,Exited,1,1,35.09000000000159
3658,1800.0,166.00700179272218,Exited,0,0,0.0
3659,1800.0,40.88346671232281,Exited,0,0,0.0
3660,1800.0,119.76032406341194,Exited,0,0,0.0
3661,1800.0,151.65116950356202,Exited,0,0,0.0
3662,1800.0,128.66410785591268,Exited,0,0,0.0
3663,223.06675350331696,180.0,Shed,1,0,37.66000000000108
3664,264.91705331799903,180.0,Shed,1,0,35.84000000000144
3665,1800.0,27.495766689639556,Exited,0,0,0.0
3666,1659.6693524930627,0.0,Attached,2,1,154.31000000000464
3667,1800.0,118.75523768322792,Exited,0,0,0.0
3668,1800.0,153.8066003227971,Exited,0,0,0.0
3669,734.8535491144894,180.0,Attached,1,0,166.80999999999327
3670,1800.0,116.44302900163581,Exited,0,0,0.0
3671,1800.0,8.891166534776339,Exited,0,0,0.0
3672,1800.0,118.37296821469083,Exited,0,0,0.0
3673,1800.0,77.9983736136109,Exited,0,0,0.0
3674,1800.0,141.57220630483414,Exited,0,0,0.0
3675,1800.0,78.09189417200432,Exited,0,0,0.0
3676,1800.0,90.54089661118562,Exited,0,0,0.0
3677,1800.0,116.47654239361411,Exited,0,0,0.0
3678,1800.0,159.81722937247764,Exited,1,1,97.34000000001289
3679,1800.0,86.37399532741779,Exited,0,0,0.0
3680,1800.0,111.93516316748413,Exited,0,0,0.0
3681,1800.0,89.25383093704569,Exited,0,0,0.0
3682,1800.0,92.20011532647787,Exited,1,1,75.4500000000017
3683,1800.0,80.28930772096966,Exited,0,0,0.0
3684,1800.0,88.17662787783836,Exited,0,0,0.0
3685,1800.0,71.0732663224457,Exited,0,0,0.0
3686,1800.0,58.13342034895974,Exited,0,0,0.0
3687,1800.0,126.57047121487143,Exited,0,0,0.0
3688,1800.0,87.19302265275009,Exited,0,0,0.0
3689,1800.0,135.26078493766138,Exited,0,0,0.0
3690,1800.0,30.961066902600265,Exited,0,0,0.0
3691,1800.0,41.751812297883426,Exited,0,0,0.0
3692,1800.0,112.99454225267944,Exited,0,0,0.0
3693,1800.0,80.968314179442,Exited,0,0,0.0
3694,1800.0,49.34687634358931,Exited,0,0,0.0
3695,1800.0,108.54206137739362,Exited,0,0,0.0
3696,1800.0,77.249649092527,Exited,0,0,0.0
3697,1800.0,65.23691907906046,Exited,0,0,0.0
3698,1800.0,83.95268623962328,Exited,0,0,0.0
3699,1800.0,150.8389838195273,Exited,0,0,0.0
3700,1800.0,164.8784019402221,Exited,0,0,0.0
3701,1800.0,112.6002012918535,Exited,0,0,0.0
3702,1800.0,95.17343194584699,Exited,0,0,0.0
3703,1800.0,109.70145408572371,Exited,0,0,0.0
3704,1800.0,130.84720410096108,Exited,0,0,0.0
3705,1800.0,136.10885571754784,Exited,0,0,0.0
3706,1800.0,56.12750424200981,Exited,1,1,42.42000000000013
3707,1800.0,47.95742753760526,Exited,0,0,0.0
3708,1800.0,77.33813032498854,Exited,0,0,0.0
3709,1800.0,58.408809492012374,Exited,0,0,0.0
3710,1800.0,72.58985389463679,Exited,0,0,0.0
3711,1800.0,34.509791235509994,Exited,0,0,0.0
3712,1800.0,98.74049968096422,Exited,0,0,0.0
3713,1800.0,49.392787354284984,Exited,0,0,0.0
3714,1800.0,93.2731084918301,Exited,1,1,106.03000000001734
3715,1800.0,39.341360132237725,Exited,0,0,0.0
3716,1800.0,90.68870603720002,Exited,0,0,0.0
3717,1800.0,123.55475348704054,Exited,0,0,0.0
3718,88.21826152925836,180.0,Shed,1,0,18.62000000000011
3719,1800.0,120.05037354610583,Exited,0,0,0.0
3720,1800.0,156.8398067825724,Exited,1,1,66.6699999999972
3721,1800.0,134.09303795288244,Exited,0,0,0.0
3722,1800.0,130.36448573847753,Exited,0,0,0.0
3723,1800.0,59.80724153106817,Exited,0,0,0.0
3724,1800.0,77.58611763664959,Exited,0,0,0.0
3725,1800.0,132.14496961117334,Exited,0,0,0.0
3726,1800.0,171.06502263388444,Exited,0,0,0.0
3727,1800.0,116.07761356696658,Exited,0,0,0.0
3728,1800.0,27.331712141106905,Exited,0,0,0.0
3729,1800.0,56.39542694859553,Exited,0,0,0.0
3730,1800.0,102.0759785291001,Exited,0,0,0.0
3731,1800.0,47.346058347009865,Exited,0,0,0.0
3732,1800.0,50.98424565221604,Exited,0,0,0.0
3733,1800.0,33.41167524472229,Exited,0,0,0.0
3734,1800.0,56.69902154732517,Exited,0,0,0.0
3735,1800.0,168.64263697389387,Exited,0,0,0.0
3736,1800.0,63.22820037528018,Exited,0,0,0.0
3737,1800.0,128.81751557242663,Exited,0,0,0.0
3738,1800.0,101.0420814923134,Exited,0,0,0.0
3739,1800.0,80.69203430698659,Exited,0,0,0.0
3740,1800.0,82.9622048832149,Exited,0,0,0.0
3741,1261.888120024654,0.0,Attached,2,1,156.38000000000275
3742,1800.0,167.65397770958177,Exited,1,1,49.01999999999882
3743,1800.0,29.157000497386854,Exited,0,0,0.0
3744,1800.0,48.482309668522376,Exited,0,0,0.0
3745,1800.0,27.114774927877313,Exited,0,0,0.0
3746,1800.0,118.9300601170451,Exited,0,0,0.0
3747,1800.0,136.38097323943717,Exited,0,0,0.0
3748,1800.0,104.66246503320166,Exited,0,0,0.0
3749,1800.0,36.049547271274776,Exited,0,0,0.0
3750,1800.0,68.3667876179775,Exited,0,0,0.0
3751,1800.0,104.32266473158619,Exited,0,0,0.0
3752,1800.0,73.31042490206552,Exited,0,0,0.0
3753,1800.0,21.96118178424678,Exited,0,0,0.0
3754,332.01833065219654,180.0,Attached,1,0,174.4799999999863
3755,1800.0,88.75720342374169,Exited,0,0,0.0
3756,1027.8133918159872,180.0,Shed,1,0,123.42000000002623
3757,1800.0,149.9592717258664,Exited,1,1,79.90000000000397
3758,1800.0,50.41862373680785,Exited,0,0,0.0
3759,1800.0,56.98486803087644,Exited,0,0,0.0
3760,1800.0,66.69164540298901,Exited,1,1,50.30999999999856
3761,1800.0,75.6161778583121,Exited,0,0,0.0
3762,1800.0,67.06325750574405,Exited,0,0,0.0
3763,1800.0,61.44658234035318,Exited,0,0,0.0
3764,1800.0,75.57401290731282,Exited,0,0,0.0
3765,1721.2502634533125,0.0,Shed,1,0,20.66000000000043
3766,1800.0,43.87148723175792,Exited,0,0,0.0
3767,1800.0,156.11210383790626,Exited,0,0,0.0
3768,566.5609012231141,180.0,Shed,1,0,48.55999999999891
3769,1800.0,107.19937420854696,Exited,0,0,0.0
3770,1800.0,36.26385476957798,Exited,0,0,0.0
3771,184.35085339943103,0.0,Attached,2,1,175.1399999999857
3772,1800.0,44.978192649225385,Exited,0,0,0.0
3773,1800.0,141.01008002771823,Exited,0,0,0.0
3774,1800.0,126.95216195506384,Exited,0,0,0.0
3775,1800.0,80.0998794529717,Exited,0,0,0.0
3776,1800.0,47.54415011522099,Exited,0,0,0.0
3777,1800.0,93.89467681944242,Exited,1,1,142.34000000001552
3778,1800.0,112.10181078621922,Exited,0,0,0.0
3779,1800.0,42.105307731265725,Exited,0,0,0.0
3780,839.8740273085175,180.0,Shed,1,0,53.48999999999793
3781,1800.0,149.22470421016857,Exited,0,0,0.0
3782,1800.0,76.28052916446725,Exited,0,0,0.0
3783,1800.0,18.080150943811805,Exited,0,0,0.0
3784,1800.0,61.591286258588816,Exited,0,0,0.0
3785,1800.0,161.76161894182903,Exited,0,0,0.0
3786,1800.0,36.617474484450156,Exited,0,0,0.0
3787,1104.4473243272407,180.0,Attached,2,1,168.0899999999921
3788,1491.5549661590453,180.0,Attached,1,0,165.50999999999445
3789,407.96820656633514,0.0,Shed,1,0,66.76999999999725
3790,1800.0,140.34277868859735,Exited,0,0,0.0
3791,1800.0,85.71898031348435,Exited,0,0,0.0
3792,1800.0,2.4162754323318167,Exited,0,0,0.0
3793,1800.0,16.073780301186044,Exited,0,0,0.0
3794,1800.0,96.26416335543729,Exited,0,0,0.0
3795,1065.6329859486734,0.0,Attached,1,0,163.84999999999596
3796,1800.0,51.507689181653554,Exited,0,0,0.0
3797,1800.0,21.57424433737496,Exited,0,0,0.0
3798,1800.0,71.75680115251843,Exited,1,1,159.58999999999983
3799,1800.0,43.80803826538789,Exited,0,0,0.0
3800,1800.0,115.93081461553987,Exited,0,0,0.0
3801,1800.0,134.09209749141945,Exited,0,0,0.0
3802,1800.0,14.600862524637739,Exited,0,0,0.0
3803,1675.9666327914576,0.0,Attached,1,0,160.24999999999923
3804,1800.0,117.64058425804994,Exited,0,0,0.0
3805,1800.0,69.54783152583595,Exited,0,0,0.0
3806,1800.0,88.93822409877075,Exited,0,0,0.0
3807,1800.0,59.61135171150507,Exited,0,0,0.0
3808,1800.0,83.80153811352785,Exited,0,0,0.0
3809,1800.0,38.710788109252505,Exited,1,1,119.13000000002404
3810,192.45848642748155,180.0,Shed,1,0,105.26000000001694
3811,1800.0,80.76735879885491,Exited,0,0,0.0
3812,1800.0,59.12844844708763,Exited,0,0,0.0
3813,1800.0,53.69888992878419,Exited,0,0,0.0
3814,1800.0,112.50175302747678,Exited,0,0,0.0
3815,1800.0,27.291290430522924,Exited,0,0,0.0
3816,1800.0,117.45756809057531,Exited,0,0,0.0
3817,180.88764637491212,180.0,Shed,1,0,22.350000000000694
3818,1800.0,101.31959917682644,Exited,0,0,0.0
3819,1800.0,75.9030287313663,Exited,0,0,0.0
3820,1800.0,91.49968568013395,Exited,0,0,0.0
3821,1051.681923103381,0.0,Attached,2,1,165.58999999999438
3822,1800.0,84.31362764735483,Exited,0,0,0.0
3823,1800.0,94.59250543674959,Exited,0,0,0.0
3824,1800.0,129.76641371057434,Exited,0,0,0.0
3825,1800.0,91.70200173703029,Exited,0,0,0.0
3826,1800.0,39.597767725630895,Exited,0,0,0.0
3827,1800.0,58.04930504491493,Exited,0,0,0.0
3828,1800.0,121.97123419617779,Exited,0,0,0.0
3829,1800.0,141.5432663367526,Exited,0,0,0.0
3830,1800.0,89.23101071476913,Exited,0,0,0.0
3831,1800.0,96.6731556251704,Exited,0,0,0.0
3832,1800.0,66.94113799774257,Exited,0,0,0.0
3833,1800.0,17.335665424005953,Exited,1,1,89.9300000000091
3834,1800.0,71.16511041026081,Exited,0,0,0.0
3835,1800.0,37.29409400905963,Exited,0,0,0.0
3836,1800.0,28.667964481377744,Exited,2,2,141.83000000001599
3837,1800.0,119.90753689511526,Exited,0,0,0.0
3838,975.6863242949323,180.0,Attached,1,0,165.6599999999943
3839,1800.0,151.13150614817607,Exited,0,0,0.0
3840,1800.0,36.021145396059566,Exited,2,2,71.42999999999964
3841,1800.0,37.71984751210264,Exited,0,0,0.0
3842,1800.0,127.53262437010152,Exited,0,0,0.0
3843,1800.0,91.8486165815958,Exited,0,0,0.0
3844,1800.0,101.67635186971744,Exited,0,0,0.0
3845,1630.5791872905536,180.0,Attached,1,0,164.17999999999566
3846,164.49758927165198,180.0,Attached,1,0,179.04999999998213
3847,1800.0,76.87919838398123,Exited,0,0,0.0
3848,1800.0,84.99181626935903,Exited,0,0,0.0
3849,1800.0,170.50582257748547,Exited,0,0,0.0
3850,1114.4237758984737,180.0,Attached,1,0,166.84999999999323
3851,297.1606196831142,180.0,Shed,1,0,33.67000000000187
3852,1800.0,108.55111494592974,Exited,0,0,0.0
3853,1800.0,101.43512484864678,Exited,0,0,0.0
3854,276.0277432858261,0.0,Shed,1,0,93.50000000001093
3855,1800.0,87.50626777584606,Exited,0,0,0.0
3856,1800.0,115.22344251619815,Exited,0,0,0.0
3857,1800.0,107.55806231247108,Exited,0,0,0.0
3858,1156.0058181251875,180.0,Attached,2,1,159.70999999999972
3859,1800.0,26.351038144334073,Exited,0,0,0.0
3860,272.1302885785986,0.0,Attached,1,0,173.9299999999868
3861,1800.0,53.39428187035422,Exited,0,0,0.0
3862,1354.923482508452,180.0,Shed,1,0,30.690000000001998
3863,1690.2462950033605,180.0,Shed,1,0,98.62000000001355
3864,1800.0,54.133324982838815,Exited,0,0,0.0
3865,608.4681194609938,180.0,Shed,3,2,103.6100000000161
3866,1800.0,43.684098149763365,Exited,0,0,0.0
3867,1800.0,105.76425218340705,Exited,0,0,0.0
3868,1800.0,61.34597708444575,Exited,0,0,0.0
3869,1800.0,70.64004096854543,Exited,0,0,0.0
3870,1800.0,52.001265120631516,Exited,0,0,0.0
3871,1800.0,85.15146526647422,Exited,0,0,0.0
3872,1800.0,114.15163133453896,Exited,0,0,0.0
3873,1800.0,82.26654542467234,Exited,0,0,0.0
3874,1800.0,109.28588935680622,Exited,0,0,0.0
3875,1800.0,77.48897309678148,Exited,0,0,0.0
3876,1800.0,67.8646072714373,Exited,0,0,0.0
3877,1800.0,68.41227991727074,Exited,0,0,0.0
3878,1800.0,21.257644728600063,Exited,2,2,148.49000000000993
3879,1800.0,56.83582330278266,Exited,0,0,0.0
3880,1800.0,62.68158082127055,Exited,0,0,0.0
3881,1800.0,157.35818745305653,Exited,1,1,85.71000000000694
3882,1800.0,26.667595327075063,Exited,0,0,0.0
3883,1800.0,7.29072280301217,Exited,0,0,0.0
3884,1800.0,94.46413227365613,Exited,0,0,0.0
3885,1800.0,121.90947946357046,Exited,0,0,0.0
3886,581.4019702886491,180.0,Shed,1,0,2.819999999999984
3887,1800.0,13.994211230864982,Exited,0,0,0.0
3888,1800.0,78.14607661884683,Exited,0,0,0.0
3889,314.73632778419415,0.0,Attached,1,0,176.2199999999847
3890,1800.0,166.88674178247382,Exited,0,0,0.0
3891,840.6873884965453,180.0,Attached,2,1,164.51999999999535
3892,1800.0,106.07251656638977,Exited,1,1,62.10999999999621
3893,1800.0,154.3241889908587,Exited,0,0,0.0
3894,1308.467630417553,180.0,Attached,1,0,161.99999999999764
3895,1800.0,129.1479287995265,Exited,0,0,0.0
3896,695.9914322851565,0.0,Shed,1,0,30.910000000002032
3897,1800.0,143.83731910932255,Exited,0,0,0.0
3898,1800.0,111.20837264853394,Exited,0,0,0.0
3899,1800.0,119.68529077087281,Exited,0,0,0.0
3900,1800.0,86.60515672466622,Exited,0,0,0.0
3901,1800.0,120.43857501033882,Exited,0,0,0.0
3902,1800.0,148.60435005269795,Exited,0,0,0.0
3903,1800.0,91.64371185624508,Exited,0,0,0.0
3904,1800.0,84.08480481569698,Exited,0,0,0.0
3905,1800.0,60.69010539464927,Exited,0,0,0.0
3906,1800.0,18.383041825828723,Exited,0,0,0.0
3907,1800.0,121.20580505990468,Exited,0,0,0.0
3908,1800.0,79.99095733365117,Exited,0,0,0.0
3909,1800.0,155.62069193732788,Exited,1,1,54.43999999999774
3910,1800.0,63.416108336085856,Exited,0,0,0.0
3911,1800.0,109.2243582567863,Exited,0,0,0.0
3912,1800.0,83.48466827356019,Exited,0,0,0.0
3913,1800.0,145.89557019731043,Exited,0,0,0.0
3914,1800.0,113.09589152662053,Exited,0,0,0.0
3915,1800.0,85.28584363916579,Exited,0,0,0.0
3916,1800.0,22.715200803036105,Exited,0,0,0.0
3917,1800.0,55.0423326874662,Exited,0,0,0.0
3918,1800.0,70.28181591692298,Exited,0,0,0.0
3919,1800.0,111.75675848083836,Exited,0,0,0.0
3920,1800.0,44.37873894666079,Exited,0,0,0.0
3921,1800.0,138.34370667085147,Exited,0,0,0.0
3922,1800.0,127.95482405698625,Exited,0,0,0.0
3923,1800.0,52.45850456752318,Exited,1,1,3.849999999999962
3924,1800.0,70.45178008945341,Exited,1,1,46.219999999999374
3925,1800.0,136.21848649707186,Exited,0,0,0.0
3926,1800.0,140.07218701480357,Exited,0,0,0.0
3927,1800.0,134.64857161181405,Exited,0,0,0.0
3928,1800.0,114.19470826803652,Exited,0,0,0.0
3929,1800.0,58.41120221218778,Exited,0,0,0.0
3930,1110.3864979692291,180.0,Attached,1,0,167.4199999999927
3931,1800.0,102.0454418471636,Exited,0,0,0.0
3932,1800.0,50.69421684790708,Exited,0,0,0.0
3933,1800.0,115.69401562596451,Exited,0,0,0.0
3934,1800.0,63.942756006556095,Exited,0,0,0.0
3935,1800.0,100.13371537804747,Exited,0,0,0.0
3936,1800.0,72.38876607000184,Exited,0,0,0.0
3937,1800.0,20.24747555710347,Exited,0,0,0.0
3938,1800.0,129.8781142783373,Exited,0,0,0.0
3939,1800.0,33.435668748894784,Exited,0,0,0.0
3940,1800.0,107.0266250728961,Exited,0,0,0.0
3941,1800.0,59.92016726691625,Exited,0,0,0.0
3942,1800.0,110.78958997832109,Exited,0,0,0.0
3943,1800.0,91.09768084159441,Exited,0,0,0.0
3944,1800.0,117.92090919275743,Exited,0,0,0.0
3945,1800.0,87.58895335366812,Exited,0,0,0.0
3946,234.56463195279431,0.0,Attached,1,0,178.70999999998244
3947,1800.0,140.84798074180435,Exited,0,0,0.0
3948,1800.0,76.78586651099214,Exited,0,0,0.0
3949,1800.0,29.50109576081588,Exited,0,0,0.0
3950,1800.0,137.74696130111576,Exited,0,0,0.0
3951,1800.0,62.80660586909007,Exited,0,0,0.0
3952,1800.0,112.80295056291335,Exited,0,0,0.0
3953,1800.0,130.66245740731102,Exited,0,0,0.0
3954,190.90497731884105,0.0,Attached,1,0,177.8899999999832
3955,1800.0,136.3068525096957,Exited,0,0,0.0
3956,1800.0,93.78567123915118,Exited,0,0,0.0
3957,1800.0,94.63351455970674,Exited,0,0,0.0
3958,248.3904150894803,0.0,Attached,1,0,179.94999999998132
3959,1342.9185355809607,0.0,Attached,1,0,161.5099999999981
3960,1800.0,74.87087016126104,Exited,0,0,0.0
3961,1800.0,92.91618980058641,Exited,0,0,0.0
3962,1800.0,94.416750165156,Exited,0,0,0.0
3963,547.3665558930046,0.0,Attached,1,0,174.2599999999865
3964,1417.3640456701137,180.0,Attached,1,0,166.95999999999313
3965,1800.0,52.20109559644979,Exited,0,0,0.0
3966,1381.8972300699631,180.0,Attached,2,1,164.50999999999536
3967,1800.0,80.17741898171805,Exited,0,0,0.0
3968,1800.0,92.26472691243039,Exited,0,0,0.0
3969,1098.2192482669082,180.0,Attached,1,0,159.06000000000031
3970,1800.0,90.10592976979117,Exited,0,0,0.0
3971,754.8636558593171,0.0,Attached,3,2,169.56999999999076
3972,1800.0,67.69980896496462,Exited,0,0,0.0
3973,1800.0,10.080210223094541,Exited,1,1,98.80000000001364
3974,1800.0,119.6817161376569,Exited,0,0,0.0
3975,1800.0,150.24383773163942,Exited,0,0,0.0
3976,1800.0,107.21185933683142,Exited,0,0,0.0
3977,1800.0,79.22044364550713,Exited,0,0,0.0
3978,1800.0,67.80604066384082,Exited,0,0,0.0
3979,156.53713751580148,180.0,Attached,1,0,179.26999999998193
3980,1800.0,93.17215889108833,Exited,0,0,0.0
3981,1242.08951361835,125.14957908446937,Free,1,1,166.41999999999362
3982,1800.0,111.74693900316022,Exited,0,0,0.0
3983,1800.0,61.328635243275976,Exited,0,0,0.0
3984,1800.0,71.67255516509827,Exited,0,0,0.0
3985,1800.0,115.07716108113841,Exited,0,0,0.0
3986,1800.0,170.5199202009453,Exited,0,0,0.0
3987,1800.0,151.41127007118686,Exited,0,0,0.0
3988,1800.0,135.00667720549956,Exited,0,0,0.0
3989,1800.0,89.26338831275572,Exited,0,0,0.0
3990,685.7787825415428,180.0,Attached,1,0,170.74999999998968
3991,1800.0,83.80291898952358,Exited,0,0,0.0
3992,1800.0,146.71103171717164,Exited,0,0,0.0
3993,1009.0919199841775,180.0,Attached,1,0,164.08999999999574
3994,1800.0,74.92366713973614,Exited,0,0,0.0
3995,1800.0,107.93724214496714,Exited,0,0,0.0
3996,1800.0,100.02435829229378,Exited,0,0,0.0
3997,1800.0,88.99291136909841,Exited,0,0,0.0
3998,1800.0,41.4199028908199,Exited,0,0,0.0
3999,977.6299770858319,180.0,Attached,1,0,155.15000000000387
